arm,fold,seed,epoch,train_loss,train_acc,calib_f1_live,calib_f1_ema,calib_acc_live,calib_acc_ema,lr,margin,mixup,label_smooth,clip_fraction,preclip_backbone,preclip_fusion,preclip_head
grouped,0,0,1,8.50458,0.0133929,0.0137132,0.0135247,0.0412698,0.0444444,0.0002,0,1,0.1,0.25,,1.31744,2.70876
grouped,0,0,2,7.3335,0.031808,0.0366872,0.0344705,0.0809524,0.0777778,0.0003,0,1,0.0995973,0.333333,13.6196,1.16324,2.25281
grouped,0,0,3,6.93826,0.0479911,0.0545488,0.0867621,0.0984127,0.125397,0.0004,0,1,0.0991946,0.333333,7.81095,1.18606,2.22605
grouped,0,0,4,6.75485,0.0518973,0.0911448,0.0889418,0.147619,0.136508,0.0005,0,1,0.0987919,0.297619,5.66397,1.17704,2.27115
grouped,0,0,5,6.52986,0.0820312,0.0802608,0.108115,0.131746,0.163492,0.000499942,0,1,0.0983893,0.25,5.53364,1.10577,2.29417
grouped,0,0,6,6.49414,0.0898438,0.0892621,0.134564,0.149206,0.184127,0.000499768,0,1,0.0979866,0.0476191,4.66415,0.963567,2.21963
grouped,0,0,7,6.27443,0.0876116,0.102399,0.141256,0.160317,0.187302,0.000499477,0,1,0.0975839,0.0714286,4.75889,0.911025,2.24187
grouped,0,0,8,6.31285,0.0602679,0.125359,0.163494,0.171429,0.212698,0.000499071,0,1,0.0971812,0.107143,4.58876,0.857706,2.24331
grouped,0,0,9,6.15586,0.0747768,0.120846,0.171426,0.160317,0.230159,0.000498549,0,1,0.0967785,0.0952381,4.60142,0.812225,2.22278
grouped,0,0,10,6.33786,0.104911,0.120921,0.181237,0.17619,0.231746,0.000497912,0,1,0.0963758,0.0952381,4.813,0.762384,2.21916
grouped,0,0,11,6.13233,0.118862,0.155765,0.172159,0.21746,0.225397,0.000497159,0,1,0.0959732,0.0595238,4.37283,0.746881,2.14896
grouped,0,0,12,6.14894,0.0959821,0.161985,0.207043,0.214286,0.247619,0.000496291,0,1,0.0955705,0.154762,5.09453,0.717744,2.13062
grouped,0,0,13,5.86615,0.135045,0.165618,0.225771,0.22381,0.266667,0.00049531,0,1,0.0951678,0.130952,4.82204,0.725454,2.16063
grouped,0,0,14,6.06549,0.123326,0.179742,0.219383,0.22381,0.265079,0.000494214,0,1,0.0947651,0.130952,4.72777,0.679548,2.10229
grouped,0,0,15,5.92816,0.115513,0.160034,0.218813,0.215873,0.263492,0.000493004,0,1,0.0943624,0.214286,5.54936,0.705146,2.18956
grouped,0,0,16,5.73261,0.11942,0.216745,0.250982,0.265079,0.288889,0.000491682,0,1,0.0939597,0.154762,5.05128,0.686355,2.18066
grouped,0,0,17,5.73296,0.127232,0.203794,0.258132,0.239683,0.3,0.000490247,0,1,0.093557,0.226191,5.35341,0.6589,2.11098
grouped,0,0,18,5.59551,0.106585,0.230286,0.279402,0.269841,0.319048,0.000488701,0,1,0.0931544,0.25,5.77176,0.665093,2.13228
grouped,0,0,19,5.83092,0.114397,0.236857,0.268226,0.273016,0.306349,0.000487044,0,1,0.0927517,0.178571,5.17577,0.653897,2.12369
grouped,0,0,20,5.64454,0.180246,0.267208,0.285961,0.315873,0.325397,0.000485277,0,1,0.092349,0.238095,5.53935,0.635556,2.07267
grouped,0,0,21,5.54928,0.160714,0.219713,0.321236,0.27619,0.357143,0.000483401,0,1,0.0919463,0.285714,6.56781,0.675995,2.14243
grouped,0,0,22,5.41916,0.147321,0.298006,0.317898,0.336508,0.353968,0.000481416,0,1,0.0915436,0.25,6.03486,0.657816,2.12059
grouped,0,0,23,5.38507,0.132254,0.299151,0.338477,0.342857,0.374603,0.000479324,0,1,0.0911409,0.238095,6.11995,0.628139,2.05566
grouped,0,0,24,5.3713,0.116629,0.257995,0.346931,0.295238,0.388889,0.000477125,0,1,0.0907383,0.25,5.91018,0.634519,2.04484
grouped,0,0,25,5.31056,0.181362,0.299554,0.370579,0.338095,0.403175,0.000474821,0,1,0.0903356,0.297619,6.59117,0.627476,2.06802
grouped,0,0,26,5.24995,0.201451,0.33334,0.37298,0.371429,0.409524,0.000472412,0,1,0.0899329,0.25,5.77734,0.624275,2.06545
grouped,0,0,27,4.96029,0.163504,0.331894,0.372894,0.357143,0.4,0.000469901,0,1,0.0895302,0.309524,6.50186,0.625653,1.97955
grouped,0,0,28,5.20184,0.236607,0.341009,0.401205,0.369841,0.422222,0.000467287,0,1,0.0891275,0.285714,6.78498,0.630364,2.01272
grouped,0,0,29,5.13263,0.19029,0.348034,0.401885,0.373016,0.42381,0.000464572,0,1,0.0887248,0.297619,6.61062,0.608852,1.96138
grouped,0,0,30,5.09018,0.136719,0.262581,0.39533,0.295238,0.415873,0.000461758,0,1,0.0883221,0.321429,7.44593,0.628112,2.01747
grouped,0,0,31,4.92191,0.222656,0.34993,0.409646,0.377778,0.426984,0.000458846,0,1,0.0879195,0.333333,7.49803,0.606846,1.99866
grouped,0,0,32,4.84603,0.255022,0.353841,0.408919,0.388889,0.428571,0.000455836,0,1,0.0875168,0.309524,7.18086,0.619143,1.93887
grouped,0,0,33,5.07788,0.232701,0.375723,0.398631,0.401587,0.420635,0.000452732,0,1,0.0871141,0.297619,6.18901,0.598404,1.99478
grouped,0,0,34,4.95163,0.214286,0.30733,0.386755,0.34127,0.412698,0.000449533,0,1,0.0867114,0.321429,6.67998,0.603112,1.97524
grouped,0,0,35,4.85893,0.167411,0.358733,0.412457,0.385714,0.433333,0.000446242,0,1,0.0863087,0.321429,6.82684,0.615832,1.96589
grouped,0,0,36,4.81855,0.243304,0.364307,0.415212,0.388889,0.439683,0.00044286,0,1,0.085906,0.309524,6.79745,0.602232,1.92719
grouped,0,0,37,4.63764,0.205357,0.401772,0.433887,0.426984,0.452381,0.000439388,0,1,0.0855034,0.321429,7.14501,0.612434,1.92545
grouped,0,0,38,4.56148,0.15346,0.382337,0.416845,0.414286,0.439683,0.000435829,0,1,0.0851007,0.321429,8.27822,0.631721,1.87376
grouped,0,0,39,4.93553,0.248884,0.356014,0.414865,0.379365,0.44127,0.000432184,0,1,0.084698,0.333333,7.78847,0.616602,1.97842
grouped,0,0,40,4.75495,0.152344,0.388667,0.409749,0.409524,0.433333,0.000428454,0,1,0.0842953,0.333333,8.25674,0.62015,1.93158
grouped,0,0,41,4.73487,0.31529,0.398811,0.4209,0.433333,0.444444,0.000424642,0,1,0.0838926,0.309524,7.39971,0.60891,1.88321
grouped,0,0,42,4.71685,0.231027,0.386108,0.431409,0.428571,0.455556,0.000420749,0,1,0.0834899,0.309524,7.62651,0.62678,1.95978
grouped,0,0,43,4.6386,0.25279,0.43038,0.43561,0.452381,0.460317,0.000416777,0,1,0.0830872,0.321429,7.32923,0.629153,1.91535
grouped,0,0,44,4.37406,0.248884,0.399477,0.457301,0.430159,0.477778,0.000412728,0,1,0.0826846,0.333333,8.08154,0.65091,1.86882
grouped,0,0,45,4.53838,0.291295,0.401995,0.434298,0.430159,0.455556,0.000408604,0,1,0.0822819,0.333333,7.7472,0.640099,1.90845
grouped,0,0,46,4.35138,0.196987,0.423049,0.443,0.452381,0.466667,0.000404406,0,1,0.0818792,0.333333,8.10824,0.654861,1.85247
grouped,0,0,47,4.47365,0.268973,0.42152,0.447167,0.449206,0.471429,0.000400137,0,1,0.0814765,0.333333,7.63728,0.616551,1.84653
grouped,0,0,48,4.17133,0.275112,0.400243,0.442745,0.426984,0.468254,0.000395799,0,1,0.0810738,0.333333,8.08242,0.648439,1.88775
grouped,0,0,49,4.57598,0.25279,0.388594,0.452126,0.430159,0.47619,0.000391394,0,1,0.0806711,0.333333,8.12483,0.636598,1.87727
grouped,0,0,50,4.12672,0.279576,0.422113,0.471535,0.449206,0.495238,0.000386923,0,1,0.0802685,0.333333,7.69268,0.625492,1.78213
grouped,0,0,51,4.48315,0.236049,0.445317,0.462472,0.468254,0.485714,0.000382389,0,1,0.0798658,0.333333,8.1228,0.638724,1.84142
grouped,0,0,52,4.20415,0.258371,0.469132,0.49419,0.488889,0.512698,0.000377795,0,1,0.0794631,0.333333,7.97048,0.617183,1.77134
grouped,0,0,53,4.22585,0.305246,0.488973,0.499556,0.515873,0.515873,0.000373141,0,1,0.0790604,0.333333,8.20525,0.625233,1.75877
grouped,0,0,54,4.40632,0.282366,0.422917,0.487367,0.452381,0.506349,0.000368431,0,1,0.0786577,0.333333,8.54658,0.636796,1.79056
grouped,0,0,55,3.97561,0.268415,0.435298,0.502937,0.466667,0.519048,0.000363667,0,1,0.078255,0.333333,8.25173,0.637961,1.76421
grouped,0,0,56,4.18493,0.3125,0.510182,0.502854,0.515873,0.520635,0.00035885,0,1,0.0778523,0.333333,9.18907,0.642144,1.77907
grouped,0,0,57,4.398,0.147879,0.371116,0.490213,0.407937,0.512698,0.000353983,0,1,0.0774497,0.333333,7.50678,0.611871,1.79992
grouped,0,0,58,3.97182,0.245536,0.509766,0.507828,0.531746,0.526984,0.000349069,0,1,0.077047,0.333333,7.71044,0.629417,1.69423
grouped,0,0,59,3.97745,0.294643,0.475729,0.491612,0.5,0.514286,0.000344109,0,1,0.0766443,0.333333,9.32345,0.647799,1.75689
grouped,0,0,60,4.11755,0.324219,0.435792,0.512302,0.463492,0.534921,0.000339107,0,1,0.0762416,0.333333,7.69518,0.635758,1.79518
grouped,0,0,61,4.16047,0.24442,0.485421,0.543016,0.507937,0.560317,0.000334063,0,1,0.0758389,0.333333,8.51771,0.628816,1.7783
grouped,0,0,62,3.76365,0.192522,0.533775,0.533129,0.557143,0.552381,0.000328982,0,1,0.0754362,0.333333,8.74402,0.651094,1.69712
grouped,0,0,63,3.78725,0.327009,0.435361,0.544149,0.455556,0.565079,0.000323864,0,1,0.0750336,0.333333,8.97475,0.654928,1.69291
grouped,0,0,64,3.80282,0.280134,0.476817,0.547896,0.503175,0.566667,0.000318713,0,1,0.0746309,0.333333,8.24824,0.644827,1.67237
grouped,0,0,65,3.94222,0.348772,0.536673,0.540139,0.555556,0.55873,0.000313531,0,1,0.0742282,0.333333,7.77709,0.609055,1.65903
grouped,0,0,66,3.88794,0.272879,0.544682,0.550215,0.568254,0.573016,0.000308321,0,1,0.0738255,0.333333,8.33706,0.645387,1.68362
grouped,0,0,67,3.79273,0.392299,0.540351,0.551168,0.569841,0.568254,0.000303084,0,1,0.0734228,0.333333,8.27783,0.630529,1.63661
grouped,0,0,68,3.75153,0.223772,0.516492,0.555294,0.54127,0.57619,0.000297823,0,1,0.0730201,0.333333,8.60453,0.644572,1.60971
grouped,0,0,69,3.64882,0.228237,0.546932,0.5533,0.565079,0.574603,0.000292541,0,1,0.0726174,0.333333,8.78717,0.654534,1.63223
grouped,0,0,70,3.93224,0.323661,0.521688,0.55937,0.538095,0.580952,0.00028724,0,1,0.0722148,0.333333,8.08628,0.634878,1.68131
grouped,0,0,71,3.73009,0.293527,0.540504,0.558064,0.560317,0.579365,0.000281923,0,1,0.0718121,0.333333,8.71575,0.659621,1.69412
grouped,0,0,72,3.76151,0.28404,0.496709,0.555466,0.531746,0.577778,0.000276592,0,1,0.0714094,0.333333,8.27282,0.633517,1.64309
grouped,0,0,73,3.66718,0.219866,0.570092,0.550923,0.590476,0.571429,0.00027125,0,1,0.0710067,0.333333,8.27309,0.648449,1.62251
grouped,0,0,74,3.54298,0.361607,0.569059,0.54315,0.587302,0.568254,0.000265899,0,1,0.070604,0.333333,8.66489,0.672942,1.62856
grouped,0,0,75,3.60522,0.249442,0.418238,0.553485,0.452381,0.579365,0.000260542,0,1,0.0702013,0.333333,8.11728,0.654248,1.63293
grouped,0,0,76,3.75792,0.22154,0.524884,0.527482,0.544444,0.555556,0.000255181,0,1,0.0697987,0.333333,8.4366,0.645091,1.63925
grouped,0,0,77,3.71928,0.251674,0.574216,0.546586,0.590476,0.571429,0.000249819,0,1,0.069396,0.333333,9.73919,0.670458,1.7077
grouped,0,0,78,3.6671,0.245536,0.550647,0.553767,0.560317,0.57619,0.000244458,0,1,0.0689933,0.333333,7.9084,0.623547,1.59364
grouped,0,0,79,3.71246,0.261161,0.540955,0.561894,0.55873,0.58254,0.000239101,0,1,0.0685906,0.333333,8.49224,0.63695,1.60656
grouped,0,0,80,3.49842,0.339286,0.573066,0.563061,0.590476,0.585714,0.00023375,0,1,0.0681879,0.333333,9.06144,0.654586,1.62145
grouped,0,0,81,3.33059,0.369978,0.563998,0.565679,0.587302,0.588889,0.000228408,0,1,0.0677852,0.333333,8.11111,0.68736,1.53669
grouped,0,0,82,3.4655,0.382812,0.565602,0.604766,0.57619,0.625397,0.000223077,0,1,0.0673826,0.333333,7.72735,0.63978,1.60016
grouped,0,0,83,3.52892,0.344866,0.606607,0.587374,0.620635,0.609524,0.00021776,0,1,0.0669799,0.333333,8.03669,0.643374,1.59363
grouped,0,0,84,3.38454,0.379464,0.540462,0.584968,0.565079,0.606349,0.000212459,0,1,0.0665772,0.333333,8.29764,0.668697,1.58224
grouped,0,0,85,3.17626,0.300781,0.601674,0.594963,0.611111,0.612698,0.000207177,0,1,0.0661745,0.333333,9.09721,0.658212,1.50676
grouped,0,0,86,3.16797,0.321429,0.522384,0.594871,0.542857,0.614286,0.000201916,0,1,0.0657718,0.321429,,0.686623,1.51096
grouped,0,0,87,3.61166,0.222098,0.612576,0.587054,0.628571,0.604762,0.000196679,0,1,0.0653691,0.333333,8.47303,0.668042,1.62765
grouped,0,0,88,3.16639,0.385603,0.56209,0.60947,0.580952,0.62381,0.000191469,0,1,0.0649664,0.333333,8.24741,0.670633,1.50499
grouped,0,0,89,3.43845,0.30971,0.576166,0.610923,0.595238,0.626984,0.000186287,0,1,0.0645638,0.333333,8.12967,0.674026,1.58588
grouped,0,0,90,2.85358,0.275112,0.574358,0.616828,0.596825,0.628571,0.000181136,0,1,0.0641611,0.333333,8.98358,0.733567,1.46436
grouped,0,0,91,3.11505,0.393973,0.582208,0.62098,0.596825,0.633333,0.000176018,0,1,0.0637584,0.333333,7.67906,0.645156,1.44334
grouped,0,0,92,3.05456,0.295759,0.611792,0.623035,0.619048,0.636508,0.000170937,0,1,0.0633557,0.333333,8.39818,0.667239,1.45448
grouped,0,0,93,3.17983,0.300223,0.559027,0.623628,0.587302,0.636508,0.000165893,0,1,0.062953,0.333333,9.45579,0.679658,1.49181
grouped,0,0,94,3.23613,0.327009,0.526875,0.620211,0.555556,0.633333,0.000160891,0,1,0.0625503,0.333333,7.90413,0.64553,1.48773
grouped,0,0,95,3.44584,0.307478,0.594066,0.628845,0.611111,0.64127,0.000155931,0,1,0.0621477,0.333333,8.07268,0.637362,1.54862
grouped,0,0,96,3.11059,0.34096,0.614936,0.627717,0.633333,0.64127,0.000151017,0,1,0.061745,0.333333,8.57229,0.668731,1.46017
grouped,0,0,97,2.97849,0.272321,0.619328,0.623352,0.634921,0.636508,0.00014615,0,1,0.0613423,0.333333,7.4577,0.641815,1.4267
grouped,0,0,98,3.05042,0.310826,0.592908,0.615196,0.607937,0.630159,0.000141333,0,1,0.0609396,0.333333,8.15402,0.673066,1.46892
grouped,0,0,99,3.25315,0.359375,0.586795,0.615755,0.607937,0.630159,0.000136569,0,1,0.0605369,0.333333,8.14693,0.627236,1.48145
grouped,0,0,100,3.34046,0.358259,0.583117,0.627024,0.6,0.64127,0.000131859,0,1,0.0601342,0.333333,7.94343,0.636499,1.54236
grouped,0,0,101,3.20023,0.296875,0.580664,0.623561,0.6,0.634921,0.000127205,0,1,0.0597315,0.333333,8.24296,0.642864,1.47007
grouped,0,0,102,2.91916,0.30692,0.635248,0.621737,0.646032,0.636508,0.000122611,0,1,0.0593289,0.333333,8.13599,0.643454,1.40181
grouped,0,0,103,3.27788,0.354911,0.598293,0.624062,0.619048,0.636508,0.000118077,0,1,0.0589262,0.333333,7.41721,0.627131,1.50838
grouped,0,0,104,2.81957,0.352679,0.623545,0.642279,0.634921,0.652381,0.000113606,0,1,0.0585235,0.333333,7.89689,0.653993,1.39764
grouped,0,0,105,3.00873,0.359933,0.617079,0.621671,0.631746,0.633333,0.000109201,0,1,0.0581208,0.333333,9.02179,0.671156,1.45724
grouped,0,0,106,2.69284,0.311384,0.621884,0.618448,0.636508,0.633333,0.000104863,0,1,0.0577181,0.333333,8.12438,0.673865,1.36124
grouped,0,0,107,2.77552,0.479911,0.634093,0.639316,0.642857,0.649206,0.000100594,0,1,0.0573154,0.333333,8.47518,0.676044,1.39875
grouped,0,0,108,2.69677,0.34654,0.631,0.638233,0.64127,0.647619,9.63962e-05,0,1,0.0569128,0.333333,8.75728,0.673487,1.33972
grouped,0,0,109,2.84518,0.34096,0.651314,0.629219,0.65873,0.642857,9.22719e-05,0,1,0.0565101,0.333333,9.10276,0.678819,1.43727
grouped,0,0,110,2.86543,0.334263,0.626961,0.634041,0.642857,0.646032,8.82228e-05,0,1,0.0561074,0.333333,7.77199,0.646263,1.37231
grouped,0,0,111,1.84966,0.772879,0.660939,0.647017,0.666667,0.655556,8.42509e-05,0,0,0.0557047,0.333333,8.89523,0.756721,1.21635
grouped,0,0,112,1.80645,0.762835,0.637921,0.654466,0.642857,0.661905,8.03579e-05,0.0020458,0,0.055302,0.333333,9.60441,0.83006,1.24362
grouped,0,0,113,1.85474,0.742188,0.651173,0.653453,0.661905,0.660317,7.65457e-05,0.00812741,0,0.0548993,0.333333,9.9866,0.844653,1.25786
grouped,0,0,114,1.97735,0.689732,0.65785,0.665719,0.668254,0.671429,7.28161e-05,0.0180789,0,0.0544966,0.333333,10.954,0.959745,1.33594
grouped,0,0,115,2.08929,0.648996,0.65133,0.663484,0.660317,0.669841,6.91709e-05,0.0316289,0,0.054094,0.333333,12.6742,1.10675,1.46617
grouped,0,0,116,2.33055,0.55971,0.673706,0.65927,0.677778,0.666667,6.56117e-05,0.0484078,0,0.0536913,0.333333,12.8647,1.25614,1.59224
grouped,0,0,117,2.55132,0.511719,0.665979,0.667118,0.67619,0.673016,6.21402e-05,0.0679578,0,0.0532886,0.333333,15.2226,1.47085,1.68736
grouped,0,0,118,2.97188,0.422991,0.657804,0.662953,0.668254,0.671429,5.87581e-05,0.0897457,0,0.0528859,0.333333,20.0687,1.76525,1.92187
grouped,0,0,119,3.25507,0.368862,0.664621,0.669383,0.671429,0.67619,5.5467e-05,0.113177,0,0.0524832,0.333333,19.5877,2.00905,1.99281
grouped,0,0,120,3.6515,0.337612,0.650401,0.6662,0.663492,0.673016,5.22683e-05,0.137613,0,0.0520805,0.333333,21.9653,2.29818,2.09439
grouped,0,0,121,4.05885,0.289062,0.678538,0.65579,0.690476,0.663492,4.91636e-05,0.162387,0,0.0516779,0.333333,24.933,2.53692,2.15718
grouped,0,0,122,4.64386,0.243862,0.644157,0.67106,0.655556,0.677778,4.61544e-05,0.186823,0,0.0512752,0.333333,27.897,2.78877,2.23693
grouped,0,0,123,4.98086,0.222098,0.658137,0.66856,0.671429,0.67619,4.3242e-05,0.210254,0,0.0508725,0.333333,28.2823,2.97409,2.27799
grouped,0,0,124,5.38246,0.194754,0.665203,0.668733,0.67619,0.674603,4.04278e-05,0.232042,0,0.0504698,0.333333,31.63,3.174,2.32619
grouped,0,0,125,5.72557,0.183036,0.634176,0.668015,0.649206,0.674603,3.77132e-05,0.251592,0,0.0500671,0.333333,34.2486,3.28815,2.36245
grouped,0,0,126,5.99331,0.178013,0.661364,0.670524,0.674603,0.677778,3.50995e-05,0.268371,0,0.0496644,0.333333,34.0322,3.34012,2.35815
grouped,0,0,127,6.21813,0.157366,0.65619,0.66487,0.671429,0.671429,3.25877e-05,0.281921,0,0.0492617,0.333333,35.9829,3.42673,2.39208
grouped,0,0,128,6.30158,0.167411,0.647946,0.667828,0.660317,0.674603,3.01792e-05,0.291873,0,0.0488591,0.333333,35.2099,3.49259,2.40077
grouped,0,0,129,6.40076,0.15904,0.659233,0.665079,0.669841,0.673016,2.78751e-05,0.297954,0,0.0484564,0.333333,34.6594,3.51296,2.39586
grouped,0,0,130,6.42307,0.165179,0.663481,0.652916,0.67619,0.663492,2.56764e-05,0.3,0,0.0480537,0.333333,37.8077,3.56905,2.41571
grouped,0,0,131,6.30439,0.195312,0.645923,0.659732,0.660317,0.668254,2.35841e-05,0.3,0,0.047651,0.333333,35.8085,3.45903,2.33217
grouped,0,0,132,6.20836,0.195871,0.649964,0.659489,0.663492,0.669841,2.15994e-05,0.3,0,0.0472483,0.333333,38.549,3.53043,2.35891
grouped,0,0,133,6.14221,0.198103,0.662129,0.662778,0.67619,0.671429,1.9723e-05,0.3,0,0.0468456,0.333333,35.7291,3.56579,2.36774
grouped,0,0,134,6.28439,0.199777,0.648252,0.662227,0.663492,0.671429,1.79558e-05,0.3,0,0.046443,0.333333,35.9184,3.56833,2.36538
grouped,0,0,135,6.24022,0.190848,0.653894,0.658426,0.668254,0.668254,1.62988e-05,0.3,0,0.0460403,0.333333,39.7287,3.58392,2.37077
grouped,0,0,136,6.14576,0.212612,0.658713,0.658192,0.674603,0.668254,1.47526e-05,0.3,0,0.0456376,0.333333,37.6965,3.54587,2.3518
grouped,0,0,137,6.15442,0.21596,0.664438,0.660262,0.674603,0.669841,1.33181e-05,0.3,0,0.0452349,0.333333,38.1336,3.51927,2.30873
grouped,0,0,138,6.05096,0.21317,0.661243,0.656277,0.673016,0.666667,1.19958e-05,0.3,0,0.0448322,0.333333,37.1845,3.52227,2.32843
grouped,0,0,139,6.12139,0.232701,0.669592,0.657459,0.68254,0.668254,1.07864e-05,0.3,0,0.0444295,0.333333,37.4105,3.46191,2.28941
grouped,0,0,140,6.13986,0.217634,0.656832,0.659192,0.673016,0.669841,9.69048e-06,0.3,0,0.0440268,0.333333,37.1995,3.57596,2.35386
grouped,0,0,141,6.00459,0.222656,0.657611,0.663531,0.669841,0.673016,8.70853e-06,0.3,0,0.0436242,0.333333,37.3331,3.49769,2.30488
grouped,0,0,142,6.13696,0.207589,0.657417,0.663956,0.673016,0.673016,7.84101e-06,0.3,0,0.0432215,0.333333,42.4743,3.52687,2.32946
grouped,0,0,143,5.92612,0.231027,0.6622,0.662309,0.67619,0.671429,7.08833e-06,0.3,0,0.0428188,0.333333,39.1565,3.59161,2.35272
grouped,0,0,144,5.8851,0.222098,0.660992,0.662226,0.677778,0.671429,6.45086e-06,0.3,0,0.0424161,0.333333,37.0336,3.47021,2.26854
grouped,0,0,145,5.90265,0.237723,0.660177,0.660766,0.674603,0.671429,5.92887e-06,0.3,0,0.0420134,0.333333,37.3142,3.46815,2.28801
grouped,0,0,146,6.11485,0.225446,0.658874,0.663381,0.673016,0.674603,5.52264e-06,0.3,0,0.0416107,0.333333,38.6059,3.52814,2.30073
grouped,0,1,1,8.33087,0.0184152,0.011742,0.0134079,0.0492063,0.0539683,0.0002,0,1,0.1,0.309524,,1.1938,2.38782
grouped,0,1,2,7.33691,0.0262277,0.0347022,0.034756,0.0904762,0.0825397,0.0003,0,1,0.0995973,0.333333,16.893,1.10359,2.1603
grouped,0,1,3,6.9459,0.0424107,0.0622125,0.0846291,0.11746,0.12381,0.0004,0,1,0.0991946,0.333333,8.32931,1.16385,2.22328
grouped,0,1,4,6.86793,0.0368304,0.056916,0.102035,0.103175,0.153968,0.0005,0,1,0.0987919,0.285714,5.72804,1.20045,2.31991
grouped,0,1,5,6.70313,0.0719866,0.0939753,0.129734,0.146032,0.17619,0.000499942,0,1,0.0983893,0.0357143,4.5258,1.09764,2.27285
grouped,0,1,6,6.44991,0.0887277,0.109406,0.156972,0.160317,0.206349,0.000499768,0,1,0.0979866,0.0476191,4.62393,0.994817,2.28677
grouped,0,1,7,6.3954,0.0864955,0.122482,0.154552,0.179365,0.209524,0.000499477,0,1,0.0975839,0.0714286,4.47393,0.931502,2.26685
grouped,0,1,8,6.28535,0.118304,0.149773,0.183427,0.192063,0.239683,0.000499071,0,1,0.0971812,0.119048,4.77611,0.856744,2.24628
grouped,0,1,9,6.3211,0.102679,0.137264,0.200143,0.188889,0.250794,0.000498549,0,1,0.0967785,0.190476,5.12091,0.809962,2.26731
grouped,0,1,10,6.18089,0.0803571,0.156295,0.184265,0.211111,0.239683,0.000497912,0,1,0.0963758,0.0357143,4.378,0.750265,2.15871
grouped,0,1,11,6.0144,0.117188,0.165998,0.206668,0.215873,0.250794,0.000497159,0,1,0.0959732,0.119048,4.9519,0.73349,2.12941
grouped,0,1,12,6.05134,0.116071,0.17217,0.21136,0.226984,0.25873,0.000496291,0,1,0.0955705,0.0833333,4.79579,0.723629,2.19442
grouped,0,1,13,5.97625,0.140067,0.177476,0.217958,0.220635,0.25873,0.00049531,0,1,0.0951678,0.0952381,4.7913,0.686713,2.10914
grouped,0,1,14,5.9633,0.140625,0.17968,0.23278,0.231746,0.273016,0.000494214,0,1,0.0947651,0.178571,5.2756,0.698592,2.18334
grouped,0,1,15,5.90726,0.125,0.212099,0.24136,0.257143,0.279365,0.000493004,0,1,0.0943624,0.190476,5.49287,0.685076,2.16152
grouped,0,1,16,5.8662,0.0998884,0.205436,0.245506,0.260317,0.288889,0.000491682,0,1,0.0939597,0.190476,5.27602,0.653095,2.10152
grouped,0,1,17,5.67901,0.118862,0.229603,0.273438,0.271429,0.312698,0.000490247,0,1,0.093557,0.25,5.74421,0.683852,2.13492
grouped,0,1,18,5.72956,0.126674,0.194059,0.270758,0.24127,0.307937,0.000488701,0,1,0.0931544,0.25,5.91121,0.673878,2.14798
grouped,0,1,19,5.75793,0.124442,0.258889,0.266895,0.301587,0.309524,0.000487044,0,1,0.0927517,0.238095,5.94309,0.659176,2.12543
grouped,0,1,20,5.73882,0.103237,0.208932,0.28417,0.266667,0.326984,0.000485277,0,1,0.092349,0.297619,6.03669,0.647129,2.15827
grouped,0,1,21,5.76583,0.139509,0.24844,0.304285,0.306349,0.34127,0.000483401,0,1,0.0919463,0.261905,5.54462,0.631323,2.13866
grouped,0,1,22,5.54958,0.140625,0.26898,0.311731,0.315873,0.350794,0.000481416,0,1,0.0915436,0.27381,6.21641,0.63982,2.1066
grouped,0,1,23,5.46177,0.149554,0.311286,0.310501,0.34127,0.347619,0.000479324,0,1,0.0911409,0.309524,6.93197,0.64412,2.05657
grouped,0,1,24,5.30383,0.223214,0.352481,0.33709,0.398413,0.37619,0.000477125,0,1,0.0907383,0.321429,6.87747,0.624928,2.04475
grouped,0,1,25,5.40267,0.147879,0.33871,0.347056,0.379365,0.390476,0.000474821,0,1,0.0903356,0.333333,7.93551,0.639152,2.09585
grouped,0,1,26,5.19689,0.132254,0.288708,0.368893,0.339683,0.406349,0.000472412,0,1,0.0899329,0.333333,8.20772,0.632041,2.02712
grouped,0,1,27,5.21303,0.128906,0.33957,0.387502,0.38254,0.425397,0.000469901,0,1,0.0895302,0.321429,8.27335,0.627881,2.02641
grouped,0,1,28,5.07843,0.216518,0.361853,0.377782,0.406349,0.41746,0.000467287,0,1,0.0891275,0.333333,8.5699,0.606464,1.9203
grouped,0,1,29,5.07858,0.200335,0.375824,0.419186,0.415873,0.455556,0.000464572,0,1,0.0887248,0.333333,8.93197,0.62651,2.01375
grouped,0,1,30,4.90967,0.186942,0.359671,0.436545,0.392063,0.469841,0.000461758,0,1,0.0883221,0.333333,8.61663,0.598499,1.93648
grouped,0,1,31,4.8544,0.210938,0.388371,0.435469,0.425397,0.474603,0.000458846,0,1,0.0879195,0.333333,8.96074,0.603742,1.92127
grouped,0,1,32,4.80969,0.231027,0.360669,0.417947,0.398413,0.457143,0.000455836,0,1,0.0875168,0.333333,8.63337,0.6128,1.91998
grouped,0,1,33,4.98807,0.217634,0.340662,0.41961,0.371429,0.461905,0.000452732,0,1,0.0871141,0.333333,8.65736,0.606421,1.98517
grouped,0,1,34,4.86151,0.206473,0.3544,0.452282,0.392063,0.488889,0.000449533,0,1,0.0867114,0.333333,9.71748,0.607306,1.95254
grouped,0,1,35,4.63312,0.209263,0.46974,0.439117,0.488889,0.474603,0.000446242,0,1,0.0863087,0.321429,10.4624,0.608405,1.88673
grouped,0,1,36,4.79898,0.231027,0.454094,0.450674,0.487302,0.485714,0.00044286,0,1,0.085906,0.333333,9.0595,0.606641,1.88199
grouped,0,1,37,4.60915,0.288504,0.442394,0.475676,0.468254,0.511111,0.000439388,0,1,0.0855034,0.333333,9.10815,0.60785,1.83596
grouped,0,1,38,4.34854,0.188616,0.42217,0.485551,0.45873,0.522222,0.000435829,0,1,0.0851007,0.333333,10.4242,0.646186,1.86188
grouped,0,1,39,4.60511,0.147321,0.371683,0.474924,0.411111,0.511111,0.000432184,0,1,0.084698,0.333333,9.6212,0.603818,1.85486
grouped,0,1,40,4.42616,0.291295,0.490833,0.523978,0.526984,0.557143,0.000428454,0,1,0.0842953,0.333333,9.87417,0.616791,1.84371
grouped,0,1,41,4.2051,0.31529,0.479198,0.522758,0.509524,0.544444,0.000424642,0,1,0.0838926,0.333333,10.0814,0.650441,1.8341
grouped,0,1,42,4.39579,0.272879,0.555634,0.523637,0.571429,0.547619,0.000420749,0,1,0.0834899,0.333333,9.20836,0.627624,1.8352
grouped,0,1,43,4.5241,0.232701,0.442117,0.543561,0.479365,0.563492,0.000416777,0,1,0.0830872,0.333333,10.6915,0.631211,1.84763
grouped,0,1,44,4.31561,0.260045,0.465494,0.510822,0.487302,0.534921,0.000412728,0,1,0.0826846,0.333333,9.89445,0.636112,1.86114
grouped,0,1,45,4.18468,0.254464,0.470922,0.533626,0.5,0.560317,0.000408604,0,1,0.0822819,0.333333,10.2666,0.656069,1.78641
grouped,0,1,46,4.27406,0.28125,0.519847,0.52635,0.547619,0.552381,0.000404406,0,1,0.0818792,0.321429,9.74013,0.621201,1.78934
grouped,0,1,47,4.27654,0.24442,0.460521,0.512155,0.488889,0.542857,0.000400137,0,1,0.0814765,0.333333,10.9409,0.63844,1.86054
grouped,0,1,48,3.95583,0.285156,0.515019,0.539854,0.546032,0.566667,0.000395799,0,1,0.0810738,0.333333,13.2265,0.685426,1.75806
grouped,0,1,49,4.19514,0.246652,0.518443,0.55699,0.542857,0.57619,0.000391394,0,1,0.0806711,0.333333,10.8323,0.632602,1.74543
grouped,0,1,50,4.02271,0.266183,0.526757,0.535025,0.552381,0.561905,0.000386923,0,1,0.0802685,0.333333,9.75496,0.67438,1.7516
grouped,0,1,51,3.88929,0.305246,0.564586,0.562783,0.584127,0.579365,0.000382389,0,1,0.0798658,0.333333,11.085,0.665892,1.72727
grouped,0,1,52,4.63475,0.256696,0.486171,0.540592,0.52381,0.566667,0.000377795,0,1,0.0794631,0.333333,9.57104,0.599393,1.80561
grouped,0,1,53,3.95141,0.266183,0.523454,0.499917,0.553968,0.531746,0.000373141,0,1,0.0790604,0.333333,14.9959,0.664559,1.6987
grouped,0,1,54,4.06731,0.217076,0.536283,0.558384,0.555556,0.580952,0.000368431,0,1,0.0786577,0.333333,9.61864,0.619124,1.69279
grouped,0,1,55,3.95226,0.212612,0.537165,0.571389,0.555556,0.590476,0.000363667,0,1,0.078255,0.333333,10.6731,0.652788,1.71102
grouped,0,1,56,3.90496,0.330915,0.58366,0.591382,0.598413,0.604762,0.00035885,0,1,0.0778523,0.333333,10.1026,0.644836,1.67787
grouped,0,1,57,3.80015,0.277902,0.568983,0.598404,0.579365,0.609524,0.000353983,0,1,0.0774497,0.333333,9.86372,0.659576,1.67517
grouped,0,1,58,3.64885,0.308036,0.548262,0.602315,0.563492,0.614286,0.000349069,0,1,0.077047,0.333333,12.3244,0.665769,1.65714
grouped,0,1,59,3.89905,0.299665,0.507886,0.589579,0.531746,0.606349,0.000344109,0,1,0.0766443,0.333333,11.4058,0.656269,1.72948
grouped,0,1,60,4.123,0.306362,0.512554,0.601554,0.542857,0.612698,0.000339107,0,1,0.0762416,0.333333,11.3466,0.651971,1.76647
grouped,0,1,61,3.93973,0.198103,0.583621,0.602984,0.6,0.61746,0.000334063,0,1,0.0758389,0.333333,10.9706,0.649589,1.74422
grouped,0,1,62,3.65329,0.297433,0.554043,0.588935,0.577778,0.606349,0.000328982,0,1,0.0754362,0.333333,12.3499,0.681654,1.68811
grouped,0,1,63,3.56811,0.291295,0.572352,0.595363,0.58254,0.609524,0.000323864,0,1,0.0750336,0.333333,9.70751,0.666783,1.6374
grouped,0,1,64,3.46816,0.347656,0.578858,0.596956,0.596825,0.619048,0.000318713,0,1,0.0746309,0.333333,10.8834,0.658671,1.57153
grouped,0,1,65,3.97753,0.311384,0.48587,0.589681,0.519048,0.604762,0.000313531,0,1,0.0742282,0.333333,9.40205,0.645184,1.69023
grouped,0,1,66,3.56379,0.328683,0.573428,0.601414,0.585714,0.615873,0.000308321,0,1,0.0738255,0.333333,12.9484,0.682815,1.61568
grouped,0,1,67,3.86621,0.348772,0.566705,0.596738,0.587302,0.612698,0.000303084,0,1,0.0734228,0.333333,10.4105,0.649241,1.67168
grouped,0,1,68,3.43529,0.314174,0.551195,0.618861,0.574603,0.628571,0.000297823,0,1,0.0730201,0.333333,10.9747,0.677848,1.63421
grouped,0,1,69,3.76174,0.362165,0.591063,0.61998,0.611111,0.630159,0.000292541,0,1,0.0726174,0.333333,9.46155,0.653815,1.68029
grouped,0,1,70,3.42047,0.338728,0.571447,0.623583,0.595238,0.634921,0.00028724,0,1,0.0722148,0.333333,11.0341,0.670244,1.62036
grouped,0,1,71,3.68553,0.288504,0.590842,0.608179,0.612698,0.622222,0.000281923,0,1,0.0718121,0.333333,12.7118,0.662352,1.66139
grouped,0,1,72,3.38878,0.27846,0.565939,0.609541,0.592063,0.622222,0.000276592,0,1,0.0714094,0.333333,11.7764,0.658751,1.54641
grouped,0,1,73,3.46478,0.263393,0.604234,0.602676,0.622222,0.61746,0.00027125,0,1,0.0710067,0.333333,10.0759,0.638736,1.55752
grouped,0,1,74,3.66072,0.321429,0.510777,0.607774,0.539683,0.622222,0.000265899,0,1,0.070604,0.333333,10.6052,0.648696,1.62252
grouped,0,1,75,3.10831,0.291295,0.618233,0.626811,0.622222,0.639683,0.000260542,0,1,0.0702013,0.333333,10.8696,0.665924,1.51007
grouped,0,1,76,3.18886,0.214844,0.571056,0.613344,0.596825,0.630159,0.000255181,0,1,0.0697987,0.333333,11.5278,0.697609,1.56111
grouped,0,1,77,3.5198,0.223772,0.601764,0.612606,0.611111,0.630159,0.000249819,0,1,0.069396,0.333333,9.5576,0.655067,1.59508
grouped,0,1,78,3.48488,0.170201,0.584818,0.62076,0.593651,0.634921,0.000244458,0,1,0.0689933,0.333333,10.5547,0.661168,1.61227
grouped,0,1,79,3.25821,0.378348,0.614952,0.642886,0.625397,0.653968,0.000239101,0,1,0.0685906,0.333333,11.091,0.67011,1.53724
grouped,0,1,80,3.08109,0.439174,0.602161,0.639396,0.620635,0.649206,0.00023375,0,1,0.0681879,0.333333,11.2743,0.664551,1.47756
grouped,0,1,81,3.41593,0.276228,0.611865,0.624003,0.626984,0.639683,0.000228408,0,1,0.0677852,0.333333,9.95352,0.643316,1.5429
grouped,0,1,82,3.61668,0.379464,0.554079,0.632102,0.573016,0.644444,0.000223077,0,1,0.0673826,0.333333,,0.641492,1.62111
grouped,0,1,83,3.48839,0.409598,0.598978,0.626612,0.611111,0.64127,0.00021776,0,1,0.0669799,0.333333,9.53985,0.649793,1.57625
grouped,0,1,84,3.32987,0.344308,0.578754,0.615751,0.606349,0.633333,0.000212459,0,1,0.0665772,0.333333,10.3058,0.671358,1.56725
grouped,0,1,85,3.17331,0.284598,0.622482,0.637215,0.638095,0.650794,0.000207177,0,1,0.0661745,0.333333,10.5779,0.666064,1.521
grouped,0,1,86,3.78544,0.383371,0.594766,0.629793,0.61746,0.642857,0.000201916,0,1,0.0657718,0.333333,10.2563,0.621822,1.63382
grouped,0,1,87,3.05501,0.462612,0.615846,0.635626,0.634921,0.649206,0.000196679,0,1,0.0653691,0.321429,11.2085,0.665439,1.46272
grouped,0,1,88,3.18889,0.288504,0.560307,0.632289,0.573016,0.646032,0.000191469,0,1,0.0649664,0.333333,10.6139,0.658311,1.49371
grouped,0,1,89,3.05644,0.415737,0.570873,0.636005,0.593651,0.649206,0.000186287,0,1,0.0645638,0.333333,10.2708,0.676003,1.50247
grouped,0,1,90,3.08164,0.287388,0.616961,0.63366,0.630159,0.647619,0.000181136,0,1,0.0641611,0.333333,11.4978,0.672143,1.4922
grouped,0,1,91,3.1953,0.334821,0.58366,0.612371,0.604762,0.628571,0.000176018,0,1,0.0637584,0.333333,10.042,0.653598,1.48783
grouped,0,1,92,3.14914,0.334821,0.619142,0.623029,0.638095,0.638095,0.000170937,0,1,0.0633557,0.333333,10.7804,0.653861,1.49817
grouped,0,1,93,2.91957,0.355469,0.633419,0.634442,0.639683,0.646032,0.000165893,0,1,0.062953,0.333333,10.4227,0.648944,1.39772
grouped,0,1,94,2.93419,0.388393,0.590939,0.645491,0.607937,0.657143,0.000160891,0,1,0.0625503,0.333333,11.1489,0.660433,1.44048
grouped,0,1,95,3.03988,0.468192,0.628213,0.63497,0.644444,0.649206,0.000155931,0,1,0.0621477,0.333333,10.1891,0.643063,1.44932
grouped,0,1,96,2.86842,0.202567,0.634536,0.638778,0.646032,0.652381,0.000151017,0,1,0.061745,0.333333,10.4718,0.667729,1.43308
grouped,0,1,97,2.90477,0.356027,0.617658,0.634825,0.628571,0.649206,0.00014615,0,1,0.0613423,0.333333,9.8278,0.660003,1.42547
grouped,0,1,98,3.11092,0.320312,0.605835,0.638367,0.622222,0.652381,0.000141333,0,1,0.0609396,0.333333,11.6712,0.638906,1.48964
grouped,0,1,99,3.32965,0.33817,0.587908,0.62992,0.607937,0.644444,0.000136569,0,1,0.0605369,0.333333,10.9065,0.637891,1.53752
grouped,0,1,100,2.7298,0.380022,0.623444,0.641332,0.633333,0.653968,0.000131859,0,1,0.0601342,0.333333,9.86533,0.659513,1.36938
grouped,0,1,101,2.86469,0.341518,0.623489,0.640454,0.634921,0.652381,0.000127205,0,1,0.0597315,0.333333,10.0822,0.657443,1.40514
grouped,0,1,102,3.05778,0.219308,0.641728,0.640971,0.653968,0.652381,0.000122611,0,1,0.0593289,0.333333,9.68,0.655526,1.49729
grouped,0,1,103,2.81359,0.351004,0.592263,0.653466,0.612698,0.665079,0.000118077,0,1,0.0589262,0.333333,9.53335,0.679227,1.42344
grouped,0,1,104,2.7889,0.394531,0.597933,0.647913,0.612698,0.660317,0.000113606,0,1,0.0585235,0.333333,10.7719,0.666888,1.39051
grouped,0,1,105,2.98396,0.396763,0.639511,0.646989,0.649206,0.65873,0.000109201,0,1,0.0581208,0.333333,9.22198,0.628688,1.39276
grouped,0,1,106,2.7502,0.340402,0.644488,0.648318,0.655556,0.660317,0.000104863,0,1,0.0577181,0.333333,9.89902,0.634464,1.36537
grouped,0,1,107,2.53973,0.361607,0.650778,0.653942,0.660317,0.663492,0.000100594,0,1,0.0573154,0.333333,9.96523,0.656019,1.31974
grouped,0,1,108,2.88097,0.277344,0.644184,0.642084,0.657143,0.655556,9.63962e-05,0,1,0.0569128,0.333333,10.0085,0.654286,1.44418
grouped,0,1,109,2.72804,0.342634,0.634533,0.64658,0.644444,0.657143,9.22719e-05,0,1,0.0565101,0.333333,9.25007,0.653585,1.33048
grouped,0,1,110,2.82927,0.430246,0.632796,0.645062,0.64127,0.657143,8.82228e-05,0,1,0.0561074,0.333333,10.1331,0.650306,1.40729
grouped,0,1,111,1.70349,0.798549,0.658655,0.661687,0.663492,0.668254,8.42509e-05,0,0,0.0557047,0.333333,11.4222,0.705389,1.1712
grouped,0,1,112,1.67743,0.799107,0.682285,0.656075,0.687302,0.661905,8.03579e-05,0.0020458,0,0.055302,0.333333,12.2874,0.774743,1.15593
grouped,0,1,113,1.76806,0.765625,0.661508,0.650082,0.668254,0.657143,7.65457e-05,0.00812741,0,0.0548993,0.333333,11.661,0.81728,1.20532
grouped,0,1,114,1.83717,0.726562,0.683464,0.660141,0.687302,0.665079,7.28161e-05,0.0180789,0,0.0544966,0.333333,12.182,0.921859,1.31863
grouped,0,1,115,1.9791,0.663504,0.674339,0.662306,0.679365,0.668254,6.91709e-05,0.0316289,0,0.054094,0.333333,13.9934,1.05647,1.39908
grouped,0,1,116,2.10448,0.621094,0.672624,0.662528,0.677778,0.668254,6.56117e-05,0.0484078,0,0.0536913,0.333333,17.7886,1.22302,1.53097
grouped,0,1,117,2.32567,0.566964,0.668781,0.669216,0.671429,0.674603,6.21402e-05,0.0679578,0,0.0532886,0.333333,17.3797,1.47599,1.728
grouped,0,1,118,2.6304,0.488839,0.68622,0.666958,0.688889,0.671429,5.87581e-05,0.0897457,0,0.0528859,0.333333,21.1019,1.72702,1.79788
grouped,0,1,119,3.02588,0.423549,0.680678,0.667496,0.684127,0.673016,5.5467e-05,0.113177,0,0.0524832,0.333333,28.9012,1.99371,1.96454
grouped,0,1,120,3.41458,0.372768,0.679957,0.669667,0.688889,0.67619,5.22683e-05,0.137613,0,0.0520805,0.333333,27.9727,2.25723,2.03476
grouped,0,1,121,3.87154,0.309152,0.65544,0.666505,0.663492,0.671429,4.91636e-05,0.162387,0,0.0516779,0.333333,30.0077,2.50126,2.09752
grouped,0,1,122,4.19042,0.301339,0.688526,0.665184,0.695238,0.673016,4.61544e-05,0.186823,0,0.0512752,0.333333,32.3614,2.77761,2.15361
grouped,0,1,123,4.61666,0.267299,0.686003,0.671258,0.693651,0.679365,4.3242e-05,0.210254,0,0.0508725,0.333333,36.1878,3.03413,2.24412
grouped,0,1,124,5.09665,0.231585,0.682056,0.677373,0.692063,0.68254,4.04278e-05,0.232042,0,0.0504698,0.333333,37.3278,3.16429,2.29306
grouped,0,1,125,5.28266,0.236049,0.685621,0.683465,0.695238,0.688889,3.77132e-05,0.251592,0,0.0500671,0.333333,36.8342,3.28419,2.29092
grouped,0,1,126,5.65621,0.205915,0.691697,0.673098,0.7,0.679365,3.50995e-05,0.268371,0,0.0496644,0.333333,41.6524,3.36226,2.34327
grouped,0,1,127,5.79855,0.202009,0.677559,0.675046,0.688889,0.68254,3.25877e-05,0.281921,0,0.0492617,0.333333,43.1318,3.47179,2.3768
grouped,0,1,128,5.78848,0.186384,0.683621,0.680417,0.695238,0.688889,3.01792e-05,0.291873,0,0.0488591,0.333333,,3.51862,2.37383
grouped,0,1,129,6.02947,0.195312,0.684463,0.682439,0.696825,0.692063,2.78751e-05,0.297954,0,0.0484564,0.333333,45.7343,3.58572,2.40703
grouped,0,1,130,5.91038,0.210938,0.685151,0.679195,0.698413,0.687302,2.56764e-05,0.3,0,0.0480537,0.333333,49.5309,3.47382,2.34439
grouped,0,1,131,5.96017,0.225446,0.67932,0.683525,0.692063,0.692063,2.35841e-05,0.3,0,0.047651,0.333333,42.4949,3.51444,2.34631
grouped,0,1,132,5.72907,0.222098,0.691597,0.684371,0.701587,0.693651,2.15994e-05,0.3,0,0.0472483,0.333333,46.0641,3.50012,2.33214
grouped,0,1,133,5.77936,0.225446,0.686121,0.683617,0.696825,0.693651,1.9723e-05,0.3,0,0.0468456,0.333333,47.7099,3.55944,2.34905
grouped,0,1,134,5.88648,0.227121,0.688581,0.676426,0.7,0.687302,1.79558e-05,0.3,0,0.046443,0.333333,47.8446,3.54412,2.33432
grouped,0,1,135,5.75525,0.243304,0.694454,0.689502,0.704762,0.698413,1.62988e-05,0.3,0,0.0460403,0.333333,42.0402,3.51598,2.31551
grouped,0,1,136,5.63052,0.238839,0.688835,0.690806,0.7,0.7,1.47526e-05,0.3,0,0.0456376,0.333333,50.0346,3.51879,2.30089
grouped,0,1,137,5.62832,0.251116,0.688876,0.685176,0.696825,0.696825,1.33181e-05,0.3,0,0.0452349,0.333333,49.116,3.50233,2.30616
grouped,0,1,138,5.61616,0.256138,0.69022,0.677484,0.701587,0.688889,1.19958e-05,0.3,0,0.0448322,0.333333,42.6989,3.43905,2.25462
grouped,0,1,139,5.57286,0.270089,0.68008,0.683419,0.690476,0.695238,1.07864e-05,0.3,0,0.0444295,0.333333,48.3335,3.48057,2.27195
grouped,0,1,140,5.75697,0.246094,0.695901,0.68432,0.706349,0.696825,9.69048e-06,0.3,0,0.0440268,0.333333,48.0903,3.47295,2.28112
grouped,0,1,141,5.69193,0.253906,0.694917,0.684362,0.704762,0.696825,8.70853e-06,0.3,0,0.0436242,0.333333,46.4508,3.43392,2.26187
grouped,0,1,142,5.49065,0.270647,0.695461,0.685063,0.706349,0.696825,7.84101e-06,0.3,0,0.0432215,0.333333,46.212,3.50484,2.28918
grouped,0,1,143,5.56938,0.261719,0.692757,0.691601,0.703175,0.703175,7.08833e-06,0.3,0,0.0428188,0.333333,54.6826,3.46518,2.23996
grouped,0,1,144,5.41513,0.271205,0.692153,0.686669,0.701587,0.698413,6.45086e-06,0.3,0,0.0424161,0.333333,48.6832,3.43869,2.25133
grouped,0,1,145,5.70596,0.260045,0.694636,0.686723,0.704762,0.698413,5.92887e-06,0.3,0,0.0420134,0.333333,48.8389,3.44461,2.25018
grouped,0,1,146,5.65455,0.261161,0.688898,0.686226,0.698413,0.698413,5.52264e-06,0.3,0,0.0416107,0.333333,47.3679,3.41047,2.23562
grouped,0,1,147,5.58671,0.265625,0.697626,0.687699,0.707937,0.7,5.23233e-06,0.3,0,0.0412081,0.333333,49.8957,3.49854,2.27654
grouped,0,1,148,5.56565,0.262277,0.693455,0.686185,0.703175,0.698413,5.05809e-06,0.3,0,0.0408054,0.333333,47.906,3.51013,2.28537
grouped,0,1,149,5.38118,0.277344,0.694771,0.690833,0.704762,0.701587,5e-06,0.3,0,0.0404027,0.333333,44.8731,3.41855,2.2264
grouped,0,1,150,5.38647,0.27567,0.689472,0.685896,0.7,0.696825,5e-06,0.3,0,0.04,0.333333,48.8292,3.46059,2.23942
grouped,0,2,1,8.31216,0.0145089,0.0121605,0.0219423,0.0285714,0.0301587,0.0002,0,1,0.1,0.309524,,1.21273,2.41466
grouped,0,2,2,7.37596,0.0362723,0.0504892,0.0437559,0.1,0.0857143,0.0003,0,1,0.0995973,0.333333,16.3752,1.10979,2.2031
grouped,0,2,3,7.01668,0.0401786,0.0579416,0.069948,0.0968254,0.107937,0.0004,0,1,0.0991946,0.333333,9.01175,1.18404,2.25181
grouped,0,2,4,6.83347,0.0585938,0.0847556,0.0777518,0.138095,0.130159,0.0005,0,1,0.0987919,0.27381,5.96559,1.16379,2.2374
grouped,0,2,5,6.61806,0.0641741,0.0839239,0.0972881,0.134921,0.142857,0.000499942,0,1,0.0983893,0.214286,5.52755,1.11361,2.2977
grouped,0,2,6,6.42887,0.0636161,0.113175,0.129327,0.160317,0.174603,0.000499768,0,1,0.0979866,0.130952,4.8952,1.01745,2.30499
grouped,0,2,7,6.41213,0.0591518,0.0955813,0.146324,0.152381,0.192063,0.000499477,0,1,0.0975839,0.166667,5.23546,0.912829,2.27226
grouped,0,2,8,6.28893,0.063058,0.115261,0.169188,0.15873,0.215873,0.000499071,0,1,0.0971812,0.142857,5.01005,0.842469,2.2341
grouped,0,2,9,6.22893,0.0842634,0.136039,0.170183,0.196825,0.225397,0.000498549,0,1,0.0967785,0.0952381,4.73822,0.793029,2.19067
grouped,0,2,10,6.14327,0.0959821,0.179567,0.195373,0.220635,0.246032,0.000497912,0,1,0.0963758,0.0952381,4.74016,0.74382,2.11923
grouped,0,2,11,6.08106,0.115513,0.162118,0.215582,0.219048,0.265079,0.000497159,0,1,0.0959732,0.166667,5.12593,0.746804,2.17995
grouped,0,2,12,5.96872,0.0915179,0.182488,0.232097,0.239683,0.273016,0.000496291,0,1,0.0955705,0.202381,5.63117,0.739351,2.16792
grouped,0,2,13,5.92344,0.136719,0.194042,0.253866,0.242857,0.290476,0.00049531,0,1,0.0951678,0.178571,5.32972,0.715142,2.18492
grouped,0,2,14,5.82459,0.146205,0.207201,0.257332,0.261905,0.3,0.000494214,0,1,0.0947651,0.190476,5.37319,0.701118,2.18661
grouped,0,2,15,5.68527,0.104353,0.199102,0.269063,0.257143,0.303175,0.000493004,0,1,0.0943624,0.261905,5.63215,0.683828,2.11743
grouped,0,2,16,5.78786,0.105469,0.246851,0.293697,0.304762,0.326984,0.000491682,0,1,0.0939597,0.285714,5.94002,0.667015,2.16232
grouped,0,2,17,5.75646,0.154576,0.225311,0.309513,0.269841,0.347619,0.000490247,0,1,0.093557,0.309524,6.93068,0.690837,2.18675
grouped,0,2,18,5.52,0.152344,0.264346,0.305232,0.311111,0.346032,0.000488701,0,1,0.0931544,0.309524,6.28722,0.645924,2.09639
grouped,0,2,19,5.38802,0.133929,0.249605,0.335607,0.3,0.380952,0.000487044,0,1,0.0927517,0.321429,6.62924,0.668896,2.14158
grouped,0,2,20,5.46332,0.176339,0.261024,0.338128,0.314286,0.385714,0.000485277,0,1,0.092349,0.333333,6.9586,0.66652,2.16171
grouped,0,2,21,5.33267,0.186942,0.321596,0.366957,0.373016,0.398413,0.000483401,0,1,0.0919463,0.321429,7.25479,0.642938,2.07867
grouped,0,2,22,5.14624,0.152902,0.421126,0.355955,0.444444,0.388889,0.000481416,0,1,0.0915436,0.297619,6.65044,0.633119,2.03212
grouped,0,2,23,4.84403,0.250558,0.31225,0.395815,0.361905,0.428571,0.000479324,0,1,0.0911409,0.333333,8.32872,0.636197,1.9625
grouped,0,2,24,4.96609,0.270089,0.303909,0.407658,0.349206,0.439683,0.000477125,0,1,0.0907383,0.333333,8.21069,0.631893,2.0557
grouped,0,2,25,4.94359,0.178571,0.348444,0.423477,0.384127,0.460317,0.000474821,0,1,0.0903356,0.333333,8.57726,0.61172,1.97946
grouped,0,2,26,4.97027,0.172991,0.275914,0.435387,0.334921,0.471429,0.000472412,0,1,0.0899329,0.333333,8.69241,0.609741,1.9774
grouped,0,2,27,4.87806,0.191964,0.415616,0.458383,0.460317,0.484127,0.000469901,0,1,0.0895302,0.333333,8.06466,0.591469,1.92786
grouped,0,2,28,5.01356,0.248884,0.377158,0.45329,0.420635,0.480952,0.000467287,0,1,0.0891275,0.333333,8.38734,0.597099,1.95803
grouped,0,2,29,4.6116,0.190848,0.40449,0.46196,0.431746,0.488889,0.000464572,0,1,0.0887248,0.333333,9.67504,0.61746,1.92135
grouped,0,2,30,4.74031,0.152344,0.2919,0.458558,0.331746,0.490476,0.000461758,0,1,0.0883221,0.333333,9.54451,0.628889,1.94614
grouped,0,2,31,4.40817,0.121652,0.451689,0.492795,0.47619,0.514286,0.000458846,0,1,0.0879195,0.333333,8.83227,0.621239,1.90631
grouped,0,2,32,4.68895,0.233259,0.401035,0.486415,0.444444,0.509524,0.000455836,0,1,0.0875168,0.333333,8.01608,0.582686,1.88721
grouped,0,2,33,4.65023,0.295759,0.434528,0.496853,0.450794,0.522222,0.000452732,0,1,0.0871141,0.333333,9.94691,0.613184,1.90993
grouped,0,2,34,4.59798,0.196987,0.436137,0.499264,0.473016,0.52381,0.000449533,0,1,0.0867114,0.333333,8.36704,0.620645,1.90526
grouped,0,2,35,4.32094,0.212054,0.449131,0.484363,0.484127,0.507937,0.000446242,0,1,0.0863087,0.333333,7.83937,0.608511,1.83629
grouped,0,2,36,4.45471,0.223772,0.420278,0.483314,0.461905,0.511111,0.00044286,0,1,0.085906,0.333333,8.68386,0.615018,1.87193
grouped,0,2,37,4.53647,0.236049,0.468081,0.491612,0.501587,0.51746,0.000439388,0,1,0.0855034,0.321429,7.87979,0.602959,1.91549
grouped,0,2,38,4.46803,0.237723,0.473601,0.485491,0.504762,0.514286,0.000435829,0,1,0.0851007,0.333333,8.51418,0.598778,1.85275
grouped,0,2,39,4.68581,0.246094,0.42104,0.488118,0.45873,0.520635,0.000432184,0,1,0.084698,0.333333,7.81554,0.592547,1.87438
grouped,0,2,40,4.17459,0.0998884,0.493005,0.501798,0.522222,0.530159,0.000428454,0,1,0.0842953,0.333333,8.18267,0.598327,1.80165
grouped,0,2,41,4.39809,0.240513,0.486903,0.50185,0.511111,0.530159,0.000424642,0,1,0.0838926,0.333333,8.9168,0.611877,1.80756
grouped,0,2,42,4.42294,0.138393,0.458155,0.474281,0.485714,0.506349,0.000420749,0,1,0.0834899,0.333333,8.83035,0.630619,1.871
grouped,0,2,43,4.4236,0.267299,0.520012,0.499925,0.54127,0.528571,0.000416777,0,1,0.0830872,0.333333,8.37913,0.605793,1.8555
grouped,0,2,44,4.17736,0.273438,0.53037,0.515128,0.550794,0.54127,0.000412728,0,1,0.0826846,0.333333,8.49469,0.628,1.78269
grouped,0,2,45,4.36038,0.222098,0.513569,0.514025,0.539683,0.539683,0.000408604,0,1,0.0822819,0.333333,8.57677,0.606306,1.79552
grouped,0,2,46,4.26266,0.273996,0.517486,0.522402,0.538095,0.546032,0.000404406,0,1,0.0818792,0.333333,9.03262,0.643734,1.88086
grouped,0,2,47,3.89577,0.286272,0.510989,0.537543,0.546032,0.55873,0.000400137,0,1,0.0814765,0.333333,9.28994,0.6427,1.71256
grouped,0,2,48,4.2383,0.3125,0.525402,0.531921,0.546032,0.552381,0.000395799,0,1,0.0810738,0.333333,9.3391,0.609714,1.76777
grouped,0,2,49,4.29802,0.217076,0.497188,0.539834,0.525397,0.560317,0.000391394,0,1,0.0806711,0.333333,9.89375,0.645632,1.80269
grouped,0,2,50,3.93328,0.215402,0.492319,0.540952,0.512698,0.561905,0.000386923,0,1,0.0802685,0.333333,9.8249,0.634952,1.72403
grouped,0,2,51,3.85804,0.226004,0.517423,0.554022,0.546032,0.571429,0.000382389,0,1,0.0798658,0.333333,8.48998,0.617834,1.67146
grouped,0,2,52,4.16312,0.258371,0.476032,0.554306,0.501587,0.57619,0.000377795,0,1,0.0794631,0.333333,9.46675,0.59748,1.71069
grouped,0,2,53,4.01507,0.226004,0.497878,0.555769,0.525397,0.577778,0.000373141,0,1,0.0790604,0.333333,9.60201,0.642917,1.73335
grouped,0,2,54,3.85947,0.287388,0.377748,0.567265,0.403175,0.587302,0.000368431,0,1,0.0786577,0.333333,9.75501,0.660633,1.73573
grouped,0,2,55,3.96488,0.273996,0.47803,0.560949,0.504762,0.58254,0.000363667,0,1,0.078255,0.333333,8.88953,0.649907,1.72143
grouped,0,2,56,4.09999,0.271205,0.537441,0.56991,0.560317,0.588889,0.00035885,0,1,0.0778523,0.333333,9.53219,0.627455,1.71406
grouped,0,2,57,4.03755,0.171875,0.528142,0.57618,0.550794,0.593651,0.000353983,0,1,0.0774497,0.321429,9.13358,0.628853,1.74161
grouped,0,2,58,3.94955,0.25,0.538921,0.57167,0.553968,0.592063,0.000349069,0,1,0.077047,0.333333,8.88225,0.642968,1.77201
grouped,0,2,59,3.99179,0.226004,0.499345,0.588294,0.530159,0.609524,0.000344109,0,1,0.0766443,0.333333,10.0514,0.642699,1.76005
grouped,0,2,60,4.09808,0.313058,0.538107,0.585136,0.568254,0.604762,0.000339107,0,1,0.0762416,0.333333,8.69603,0.611873,1.70592
grouped,0,2,61,4.03244,0.279018,0.513452,0.59322,0.54127,0.611111,0.000334063,0,1,0.0758389,0.333333,8.57654,0.612437,1.68716
grouped,0,2,62,3.78764,0.301897,0.574158,0.578988,0.588889,0.601587,0.000328982,0,1,0.0754362,0.333333,9.43075,0.632216,1.67746
grouped,0,2,63,3.98086,0.132254,0.540024,0.562399,0.566667,0.58254,0.000323864,0,1,0.0750336,0.321429,8.16513,0.629773,1.73519
grouped,0,2,64,3.929,0.344308,0.491355,0.584798,0.520635,0.603175,0.000318713,0,1,0.0746309,0.333333,8.44716,0.655795,1.7172
grouped,0,2,65,3.77455,0.325893,0.546193,0.561698,0.573016,0.580952,0.000313531,0,1,0.0742282,0.333333,9.61384,0.637308,1.62027
grouped,0,2,66,3.51976,0.333147,0.541081,0.599168,0.566667,0.614286,0.000308321,0,1,0.0738255,0.333333,9.9518,0.64044,1.56265
grouped,0,2,67,3.56222,0.327567,0.575766,0.569287,0.598413,0.590476,0.000303084,0,1,0.0734228,0.333333,9.76099,0.66396,1.62553
grouped,0,2,68,3.68371,0.345424,0.581486,0.588621,0.601587,0.611111,0.000297823,0,1,0.0730201,0.333333,9.64062,0.644391,1.68572
grouped,0,2,69,3.63118,0.328125,0.530886,0.589498,0.557143,0.609524,0.000292541,0,1,0.0726174,0.333333,9.81384,0.640457,1.60556
grouped,0,2,70,3.58162,0.318638,0.573216,0.571828,0.592063,0.592063,0.00028724,0,1,0.0722148,0.333333,9.31969,0.636796,1.6142
grouped,0,2,71,3.71838,0.236049,0.50504,0.583362,0.530159,0.601587,0.000281923,0,1,0.0718121,0.333333,10.4729,0.622676,1.60393
grouped,0,2,72,3.40996,0.299107,0.535834,0.606868,0.561905,0.62381,0.000276592,0,1,0.0714094,0.333333,9.52774,0.637098,1.55026
grouped,0,2,73,3.44143,0.311384,0.543697,0.607943,0.569841,0.625397,0.00027125,0,1,0.0710067,0.333333,9.47227,0.662947,1.58755
grouped,0,2,74,3.71106,0.367188,0.524527,0.607467,0.550794,0.622222,0.000265899,0,1,0.070604,0.333333,8.85836,0.619294,1.63348
grouped,0,2,75,3.77969,0.308036,0.548769,0.599947,0.58254,0.619048,0.000260542,0,1,0.0702013,0.333333,9.40589,0.64212,1.69095
grouped,0,2,76,3.30874,0.226562,0.560242,0.621553,0.579365,0.636508,0.000255181,0,1,0.0697987,0.333333,10.4424,0.659943,1.60026
grouped,0,2,77,3.18438,0.350446,0.588932,0.629959,0.606349,0.647619,0.000249819,0,1,0.069396,0.333333,9.94572,0.631971,1.5351
grouped,0,2,78,3.1232,0.286272,0.505896,0.627104,0.533333,0.644444,0.000244458,0,1,0.0689933,0.333333,11.3338,0.664842,1.47074
grouped,0,2,79,3.41957,0.277344,0.569602,0.611651,0.595238,0.631746,0.000239101,0,1,0.0685906,0.333333,10.6793,0.642483,1.55194
grouped,0,2,80,3.34145,0.327567,0.565066,0.605864,0.585714,0.622222,0.00023375,0,1,0.0681879,0.333333,9.62582,0.646069,1.55337
grouped,0,2,81,3.43966,0.296317,0.600514,0.61177,0.620635,0.628571,0.000228408,0,1,0.0677852,0.333333,10.8386,0.642967,1.57081
grouped,0,2,82,3.23216,0.326451,0.620258,0.630901,0.628571,0.644444,0.000223077,0,1,0.0673826,0.333333,9.73369,0.649508,1.50627
grouped,0,2,83,3.07325,0.273996,0.58727,0.625089,0.603175,0.64127,0.00021776,0,1,0.0669799,0.333333,9.2533,0.661481,1.48619
grouped,0,2,84,2.86864,0.226562,0.606205,0.62594,0.622222,0.64127,0.000212459,0,1,0.0665772,0.333333,10.6085,0.67677,1.42295
grouped,0,2,85,2.96257,0.270647,0.622737,0.618998,0.636508,0.636508,0.000207177,0,1,0.0661745,0.333333,10.1753,0.653036,1.45311
grouped,0,2,86,3.04562,0.382254,0.620184,0.626774,0.630159,0.639683,0.000201916,0,1,0.0657718,0.333333,9.02789,0.627181,1.42082
grouped,0,2,87,2.81502,0.492188,0.606755,0.641955,0.620635,0.650794,0.000196679,0,1,0.0653691,0.333333,9.76172,0.666302,1.40623
grouped,0,2,88,3.13599,0.369978,0.605559,0.62839,0.626984,0.64127,0.000191469,0,1,0.0649664,0.333333,10.8538,0.682502,1.51209
grouped,0,2,89,2.8253,0.307478,0.596204,0.617466,0.615873,0.636508,0.000186287,0,1,0.0645638,0.333333,9.0663,0.661132,1.41769
grouped,0,2,90,3.33859,0.267299,0.61532,0.623495,0.634921,0.636508,0.000181136,0,1,0.0641611,0.333333,9.38234,0.628794,1.48786
grouped,0,2,91,3.15368,0.397321,0.596653,0.631684,0.61746,0.646032,0.000176018,0,1,0.0637584,0.333333,8.98628,0.640856,1.49482
grouped,0,2,92,2.86219,0.356585,0.613707,0.636121,0.631746,0.650794,0.000170937,0,1,0.0633557,0.333333,8.88284,0.624055,1.38204
grouped,0,2,93,2.77969,0.438058,0.639813,0.635411,0.653968,0.646032,0.000165893,0,1,0.062953,0.333333,9.3532,0.62696,1.35147
grouped,0,2,94,2.90112,0.241071,0.659427,0.660473,0.669841,0.669841,0.000160891,0,1,0.0625503,0.333333,9.46396,0.639963,1.40114
grouped,0,2,95,3.20288,0.248326,0.657376,0.632739,0.665079,0.649206,0.000155931,0,1,0.0621477,0.333333,9.12813,0.647107,1.46839
grouped,0,2,96,2.89035,0.395647,0.652931,0.658384,0.666667,0.669841,0.000151017,0,1,0.061745,0.333333,10.1366,0.642367,1.39726
grouped,0,2,97,2.86667,0.232701,0.644202,0.652691,0.655556,0.669841,0.00014615,0,1,0.0613423,0.333333,10.2895,0.647458,1.39736
grouped,0,2,98,3.14989,0.338728,0.624362,0.646933,0.638095,0.663492,0.000141333,0,1,0.0609396,0.333333,10.2201,0.642569,1.52377
grouped,0,2,99,2.74328,0.382812,0.658322,0.656708,0.665079,0.669841,0.000136569,0,1,0.0605369,0.333333,9.7493,0.62657,1.36028
grouped,0,2,100,2.65432,0.301339,0.629588,0.659859,0.646032,0.674603,0.000131859,0,1,0.0601342,0.333333,10.5594,0.639558,1.31928
grouped,0,2,101,2.88606,0.358259,0.657073,0.669433,0.671429,0.680952,0.000127205,0,1,0.0597315,0.333333,9.88838,0.652361,1.4508
grouped,0,2,102,2.76336,0.465402,0.644865,0.660583,0.655556,0.669841,0.000122611,0,1,0.0593289,0.333333,,0.643429,1.36924
grouped,0,2,103,2.91161,0.348772,0.589736,0.641229,0.607937,0.657143,0.000118077,0,1,0.0589262,0.333333,9.45155,0.64531,1.38616
grouped,0,2,104,2.63964,0.354353,0.644163,0.663606,0.650794,0.677778,0.000113606,0,1,0.0585235,0.333333,10.1318,0.631792,1.30259
grouped,0,2,105,2.74257,0.378906,0.660233,0.652527,0.668254,0.666667,0.000109201,0,1,0.0581208,0.333333,9.22919,0.628121,1.33251
grouped,0,2,106,2.81858,0.323103,0.641619,0.661983,0.657143,0.67619,0.000104863,0,1,0.0577181,0.333333,9.62939,0.625409,1.35368
grouped,0,2,107,2.7054,0.254464,0.635979,0.658578,0.644444,0.67619,0.000100594,0,1,0.0573154,0.333333,9.49775,0.620152,1.34214
grouped,0,2,108,2.74426,0.328125,0.639783,0.652124,0.650794,0.666667,9.63962e-05,0,1,0.0569128,0.333333,9.75689,0.614449,1.29707
grouped,0,2,109,2.61339,0.301339,0.655097,0.656794,0.666667,0.673016,9.22719e-05,0,1,0.0565101,0.333333,8.74357,0.615042,1.2787
grouped,0,2,110,2.55824,0.429129,0.644343,0.656338,0.649206,0.669841,8.82228e-05,0,1,0.0561074,0.333333,9.50097,0.630659,1.3064
grouped,0,2,111,1.61944,0.816406,0.646929,0.661911,0.657143,0.67619,8.42509e-05,0,0,0.0557047,0.333333,10.5479,0.672596,1.09955
grouped,0,2,112,1.65645,0.805246,0.678605,0.656191,0.68254,0.669841,8.03579e-05,0.0020458,0,0.055302,0.333333,11.1023,0.729105,1.13291
grouped,0,2,113,1.63688,0.777344,0.673076,0.668934,0.680952,0.68254,7.65457e-05,0.00812741,0,0.0548993,0.333333,10.2887,0.772457,1.12963
grouped,0,2,114,1.72302,0.751674,0.669356,0.667277,0.674603,0.677778,7.28161e-05,0.0180789,0,0.0544966,0.333333,11.8091,0.855046,1.21556
grouped,0,2,115,1.82814,0.719866,0.67013,0.664779,0.679365,0.669841,6.91709e-05,0.0316289,0,0.054094,0.333333,13.413,0.995326,1.3535
grouped,0,2,116,1.98531,0.657366,0.679139,0.665537,0.68254,0.673016,6.56117e-05,0.0484078,0,0.0536913,0.333333,16.3415,1.18948,1.52225
grouped,0,2,117,2.21162,0.586496,0.690365,0.670021,0.693651,0.679365,6.21402e-05,0.0679578,0,0.0532886,0.333333,17.0244,1.36807,1.58861
grouped,0,2,118,2.4965,0.509487,0.668273,0.667917,0.679365,0.67619,5.87581e-05,0.0897457,0,0.0528859,0.333333,20.5223,1.65034,1.76728
grouped,0,2,119,2.82845,0.462612,0.684216,0.694488,0.690476,0.698413,5.5467e-05,0.113177,0,0.0524832,0.333333,24.8114,1.89121,1.88751
grouped,0,2,120,3.25165,0.384487,0.679583,0.680481,0.687302,0.685714,5.22683e-05,0.137613,0,0.0520805,0.333333,28.0332,2.16275,1.96778
grouped,0,2,121,3.57843,0.347656,0.69081,0.686929,0.695238,0.692063,4.91636e-05,0.162387,0,0.0516779,0.333333,29.3509,2.45199,2.09164
grouped,0,2,122,3.99001,0.3125,0.680646,0.68646,0.687302,0.693651,4.61544e-05,0.186823,0,0.0512752,0.333333,35.4178,2.6788,2.13829
grouped,0,2,123,4.37444,0.280692,0.67192,0.693654,0.68254,0.698413,4.3242e-05,0.210254,0,0.0508725,0.333333,37.9965,2.88667,2.19876
grouped,0,2,124,4.64719,0.273438,0.694331,0.69164,0.701587,0.698413,4.04278e-05,0.232042,0,0.0504698,0.333333,39.8316,3.03947,2.22432
grouped,0,2,125,4.98296,0.249442,0.694159,0.685964,0.7,0.692063,3.77132e-05,0.251592,0,0.0500671,0.333333,38.6409,3.18419,2.25822
grouped,0,2,126,5.33132,0.227121,0.6805,0.676067,0.692063,0.684127,3.50995e-05,0.268371,0,0.0496644,0.333333,39.7886,3.32468,2.31172
grouped,0,2,127,5.37404,0.219866,0.69049,0.693008,0.698413,0.7,3.25877e-05,0.281921,0,0.0492617,0.333333,44.5258,3.36998,2.30887
grouped,0,2,128,5.64221,0.212612,0.676103,0.685906,0.690476,0.696825,3.01792e-05,0.291873,0,0.0488591,0.333333,46.8262,3.447,2.34054
grouped,0,2,129,5.63639,0.212612,0.694722,0.692713,0.706349,0.7,2.78751e-05,0.297954,0,0.0484564,0.333333,46.2187,3.42679,2.30529
grouped,0,2,130,5.57592,0.250558,0.700416,0.693671,0.709524,0.701587,2.56764e-05,0.3,0,0.0480537,0.333333,47.5057,3.43463,2.313
grouped,0,2,131,5.42397,0.254464,0.688911,0.686232,0.698413,0.693651,2.35841e-05,0.3,0,0.047651,0.333333,47.9481,3.41685,2.28438
grouped,0,2,132,5.46042,0.257812,0.688046,0.68694,0.698413,0.696825,2.15994e-05,0.3,0,0.0472483,0.333333,45.6346,3.45279,2.2765
grouped,0,2,133,5.55948,0.242746,0.694496,0.686605,0.704762,0.696825,1.9723e-05,0.3,0,0.0468456,0.333333,45.0769,3.45652,2.27698
grouped,0,2,134,5.29779,0.268973,0.699467,0.690712,0.709524,0.7,1.79558e-05,0.3,0,0.046443,0.333333,40.9457,3.44947,2.26972
grouped,0,2,135,5.39166,0.272321,0.698553,0.690609,0.709524,0.7,1.62988e-05,0.3,0,0.0460403,0.333333,51.2347,3.41144,2.23531
grouped,0,2,136,5.2221,0.287946,0.692386,0.690326,0.703175,0.7,1.47526e-05,0.3,0,0.0456376,0.333333,44.9067,3.41011,2.24192
grouped,0,2,137,5.2561,0.282924,0.698371,0.693149,0.709524,0.701587,1.33181e-05,0.3,0,0.0452349,0.333333,47.0553,3.37689,2.19391
grouped,0,2,138,5.24069,0.300223,0.688805,0.692016,0.701587,0.703175,1.19958e-05,0.3,0,0.0448322,0.333333,45.0831,3.38397,2.22456
grouped,0,2,139,5.21381,0.281808,0.704942,0.692697,0.715873,0.703175,1.07864e-05,0.3,0,0.0444295,0.333333,,3.40127,2.20286
grouped,0,2,140,5.15369,0.289062,0.698376,0.690942,0.709524,0.703175,9.69048e-06,0.3,0,0.0440268,0.333333,45.4505,3.3457,2.20346
grouped,0,2,141,5.26996,0.296317,0.695484,0.695329,0.707937,0.706349,8.70853e-06,0.3,0,0.0436242,0.333333,48.3635,3.48396,2.25418
grouped,0,2,142,5.26966,0.302455,0.703236,0.695022,0.715873,0.704762,7.84101e-06,0.3,0,0.0432215,0.333333,52.3105,3.35715,2.18316
grouped,0,2,143,5.19029,0.302455,0.701458,0.6944,0.712698,0.704762,7.08833e-06,0.3,0,0.0428188,0.333333,48.7125,3.34826,2.18439
grouped,0,2,144,5.41795,0.290737,0.706868,0.692035,0.71746,0.703175,6.45086e-06,0.3,0,0.0424161,0.333333,47.2058,3.39276,2.20105
grouped,0,2,145,5.25432,0.305246,0.705105,0.692381,0.715873,0.703175,5.92887e-06,0.3,0,0.0420134,0.333333,46.1585,3.30041,2.14673
grouped,0,2,146,5.12993,0.320312,0.700234,0.699038,0.712698,0.709524,5.52264e-06,0.3,0,0.0416107,0.333333,55.2827,3.37042,2.1869
grouped,0,2,147,5.11573,0.314732,0.69993,0.697972,0.711111,0.707937,5.23233e-06,0.3,0,0.0412081,0.333333,47.5814,3.33695,2.16968
grouped,0,2,148,5.07402,0.310268,0.702723,0.699691,0.714286,0.711111,5.05809e-06,0.3,0,0.0408054,0.333333,48.071,3.40339,2.21019
grouped,0,2,149,5.13927,0.30971,0.704726,0.699691,0.71746,0.711111,5e-06,0.3,0,0.0404027,0.333333,47.3414,3.34624,2.16221
grouped,0,2,150,5.14332,0.30971,0.696369,0.699259,0.709524,0.709524,5e-06,0.3,0,0.04,0.333333,45.1965,3.39344,2.19226
grouped,1,0,1,8.44516,0.0167411,0.0188631,0.019948,0.0507937,0.0587302,0.0002,0,1,0.1,0.27381,,1.25566,2.61152
grouped,1,0,2,7.34681,0.0357143,0.038491,0.0399778,0.0952381,0.084127,0.0003,0,1,0.0995973,0.321429,,1.14492,2.21896
grouped,1,0,3,7.0071,0.0574777,0.0763428,0.072724,0.120635,0.128571,0.0004,0,1,0.0991946,0.333333,6.98534,1.21364,2.30026
grouped,1,0,4,6.7364,0.046317,0.0665035,0.0996774,0.120635,0.139683,0.0005,0,1,0.0987919,0.226191,5.38737,1.16042,2.23768
grouped,1,0,5,6.55312,0.0714286,0.100153,0.155657,0.147619,0.2,0.000499942,0,1,0.0983893,0.190476,5.00212,1.10997,2.27338
grouped,1,0,6,6.58329,0.0820312,0.111597,0.151844,0.15873,0.206349,0.000499768,0,1,0.0979866,0.0833333,,1.00793,2.28077
grouped,1,0,7,6.29185,0.078683,0.130035,0.181628,0.17619,0.231746,0.000499477,0,1,0.0975839,0.0714286,4.69753,0.924381,2.2841
grouped,1,0,8,6.35333,0.0680804,0.108707,0.194101,0.173016,0.244444,0.000499071,0,1,0.0971812,0.0952381,4.70634,0.862857,2.2129
grouped,1,0,9,6.22025,0.0758929,0.159785,0.195921,0.207937,0.247619,0.000498549,0,1,0.0967785,0.0357143,4.40398,0.850345,2.27873
grouped,1,0,10,6.37143,0.0993304,0.17711,0.19137,0.225397,0.250794,0.000497912,0,1,0.0963758,0.0238095,4.28225,0.769988,2.24895
grouped,1,0,11,6.14391,0.114397,0.176312,0.214212,0.222222,0.260317,0.000497159,0,1,0.0959732,0.0833333,4.6831,0.751505,2.19879
grouped,1,0,12,6.16525,0.0909598,0.187061,0.234323,0.236508,0.279365,0.000496291,0,1,0.0955705,0.0952381,4.73999,0.732213,2.20251
grouped,1,0,13,5.91115,0.11942,0.188292,0.242803,0.238095,0.288889,0.00049531,0,1,0.0951678,0.119048,4.99562,0.72083,2.20146
grouped,1,0,14,6.14571,0.11942,0.203803,0.244432,0.257143,0.284127,0.000494214,0,1,0.0947651,0.0833333,4.51157,0.678919,2.18693
grouped,1,0,15,5.94221,0.108817,0.201581,0.246535,0.24127,0.290476,0.000493004,0,1,0.0943624,0.166667,5.18398,0.684713,2.17242
grouped,1,0,16,5.6396,0.124442,0.240683,0.262116,0.277778,0.301587,0.000491682,0,1,0.0939597,0.190476,5.40839,0.707262,2.13044
grouped,1,0,17,5.59251,0.123884,0.253916,0.270622,0.3,0.312698,0.000490247,0,1,0.093557,0.261905,5.84112,0.667507,2.08968
grouped,1,0,18,5.314,0.126674,0.290483,0.290176,0.334921,0.330159,0.000488701,0,1,0.0931544,0.285714,,0.672259,2.10273
grouped,1,0,19,5.54255,0.154018,0.274399,0.334355,0.31746,0.373016,0.000487044,0,1,0.0927517,0.202381,5.70989,0.65708,2.09109
grouped,1,0,20,5.46206,0.169085,0.321827,0.325074,0.361905,0.365079,0.000485277,0,1,0.092349,0.25,5.969,0.651044,2.07992
grouped,1,0,21,5.44605,0.161272,0.282623,0.336891,0.336508,0.380952,0.000483401,0,1,0.0919463,0.285714,6.79299,0.672004,2.11439
grouped,1,0,22,5.26582,0.166295,0.328764,0.350786,0.371429,0.393651,0.000481416,0,1,0.0915436,0.27381,5.97714,0.670278,2.13811
grouped,1,0,23,5.33449,0.129464,0.333496,0.37012,0.369841,0.407937,0.000479324,0,1,0.0911409,0.285714,6.19168,0.644063,2.09788
grouped,1,0,24,5.30554,0.113839,0.252438,0.369633,0.287302,0.404762,0.000477125,0,1,0.0907383,0.309524,6.05191,0.640412,2.05873
grouped,1,0,25,5.28279,0.186384,0.358314,0.371304,0.393651,0.411111,0.000474821,0,1,0.0903356,0.285714,6.2489,0.623377,2.0026
grouped,1,0,26,5.16865,0.200893,0.362425,0.36693,0.398413,0.406349,0.000472412,0,1,0.0899329,0.297619,6.76951,0.635777,2.04591
grouped,1,0,27,4.83497,0.168527,0.355758,0.395421,0.38254,0.426984,0.000469901,0,1,0.0895302,0.333333,6.66189,0.631611,1.94425
grouped,1,0,28,5.16303,0.229353,0.403375,0.396506,0.425397,0.430159,0.000467287,0,1,0.0891275,0.321429,7.26305,0.628768,2.03465
grouped,1,0,29,5.09613,0.194196,0.369404,0.409372,0.4,0.44127,0.000464572,0,1,0.0887248,0.333333,6.72525,0.631216,2.04162
grouped,1,0,30,5.0114,0.132812,0.366039,0.419344,0.401587,0.452381,0.000461758,0,1,0.0883221,0.321429,6.56917,0.643461,2.06504
grouped,1,0,31,4.87918,0.220424,0.341065,0.41706,0.385714,0.453968,0.000458846,0,1,0.0879195,0.297619,6.26257,0.632134,2.02434
grouped,1,0,32,4.8469,0.242746,0.341765,0.429354,0.380952,0.465079,0.000455836,0,1,0.0875168,0.309524,7.33851,0.653704,2.03275
grouped,1,0,33,5.04661,0.222098,0.372019,0.432581,0.404762,0.466667,0.000452732,0,1,0.0871141,0.309524,6.75609,0.601068,1.98058
grouped,1,0,34,4.8432,0.226004,0.368169,0.433468,0.41746,0.460317,0.000449533,0,1,0.0867114,0.309524,6.5283,0.61315,1.97856
grouped,1,0,35,4.79233,0.180804,0.378214,0.437688,0.411111,0.469841,0.000446242,0,1,0.0863087,0.321429,7.05354,0.623786,1.92738
grouped,1,0,36,4.78941,0.260045,0.385853,0.432483,0.422222,0.465079,0.00044286,0,1,0.085906,0.321429,7.64179,0.621437,1.99324
grouped,1,0,37,4.59342,0.217076,0.390148,0.442429,0.439683,0.47619,0.000439388,0,1,0.0855034,0.321429,7.1614,0.615991,1.8548
grouped,1,0,38,4.48463,0.15904,0.417784,0.462126,0.444444,0.493651,0.000435829,0,1,0.0851007,0.333333,8.13254,0.650122,1.92301
grouped,1,0,39,4.86117,0.217634,0.325244,0.444855,0.374603,0.479365,0.000432184,0,1,0.084698,0.321429,7.78395,0.618629,1.92239
grouped,1,0,40,4.58513,0.172991,0.405335,0.455666,0.439683,0.488889,0.000428454,0,1,0.0842953,0.321429,7.7742,0.625229,1.8297
grouped,1,0,41,4.59592,0.34933,0.415592,0.453634,0.453968,0.488889,0.000424642,0,1,0.0838926,0.333333,7.52113,0.629833,1.86013
grouped,1,0,42,4.61013,0.228795,0.465643,0.47291,0.496825,0.503175,0.000420749,0,1,0.0834899,0.333333,7.21966,0.632976,1.86444
grouped,1,0,43,4.48951,0.25558,0.425433,0.478329,0.460317,0.506349,0.000416777,0,1,0.0830872,0.333333,8.30447,0.641076,1.86284
grouped,1,0,44,4.18556,0.25,0.456972,0.501606,0.492063,0.530159,0.000412728,0,1,0.0826846,0.333333,8.20168,0.683013,1.86872
grouped,1,0,45,4.37867,0.307478,0.447265,0.500772,0.484127,0.520635,0.000408604,0,1,0.0822819,0.333333,9.11871,0.650647,1.84254
grouped,1,0,46,4.09304,0.215402,0.343974,0.523363,0.379365,0.542857,0.000404406,0,1,0.0818792,0.333333,8.55647,0.653011,1.76632
grouped,1,0,47,4.33383,0.273438,0.435467,0.524089,0.474603,0.547619,0.000400137,0,1,0.0814765,0.333333,8.41708,0.650108,1.81
grouped,1,0,48,3.97074,0.282924,0.43438,0.506227,0.466667,0.528571,0.000395799,0,1,0.0810738,0.333333,9.05561,0.654789,1.76235
grouped,1,0,49,4.35059,0.255022,0.49711,0.514248,0.520635,0.538095,0.000391394,0,1,0.0806711,0.333333,8.83978,0.65745,1.85246
grouped,1,0,50,4.08742,0.285714,0.429704,0.505914,0.460317,0.525397,0.000386923,0,1,0.0802685,0.333333,9.41518,0.666091,1.78594
grouped,1,0,51,4.25215,0.272321,0.501279,0.515878,0.525397,0.538095,0.000382389,0,1,0.0798658,0.321429,7.50763,0.643578,1.78901
grouped,1,0,52,4.0372,0.262835,0.435947,0.523019,0.469841,0.550794,0.000377795,0,1,0.0794631,0.333333,8.40559,0.646735,1.74583
grouped,1,0,53,4.05154,0.310268,0.42158,0.530963,0.455556,0.552381,0.000373141,0,1,0.0790604,0.333333,8.66148,0.664521,1.77853
grouped,1,0,54,4.23292,0.300781,0.5048,0.538054,0.534921,0.565079,0.000368431,0,1,0.0786577,0.333333,8.90402,0.650062,1.78336
grouped,1,0,55,3.75093,0.285714,0.540734,0.540608,0.561905,0.563492,0.000363667,0,1,0.078255,0.333333,8.70772,0.66585,1.68802
grouped,1,0,56,4.04838,0.328125,0.538392,0.549951,0.55873,0.573016,0.00035885,0,1,0.0778523,0.333333,8.8405,0.67901,1.78125
grouped,1,0,57,4.22402,0.169643,0.502009,0.507355,0.530159,0.538095,0.000353983,0,1,0.0774497,0.333333,8.40625,0.636177,1.74712
grouped,1,0,58,3.83604,0.24721,0.477877,0.540685,0.511111,0.563492,0.000349069,0,1,0.077047,0.333333,8.69697,0.645485,1.69024
grouped,1,0,59,3.76385,0.337054,0.53237,0.545817,0.555556,0.571429,0.000344109,0,1,0.0766443,0.333333,8.60692,0.652717,1.66166
grouped,1,0,60,3.94957,0.343192,0.524749,0.541262,0.547619,0.565079,0.000339107,0,1,0.0762416,0.333333,8.47418,0.656756,1.72005
grouped,1,0,61,3.97638,0.247768,0.392047,0.540859,0.41746,0.568254,0.000334063,0,1,0.0758389,0.333333,8.70535,0.655115,1.76543
grouped,1,0,62,3.6247,0.199777,0.537497,0.569233,0.563492,0.592063,0.000328982,0,1,0.0754362,0.333333,9.96427,0.678017,1.65135
grouped,1,0,63,3.61545,0.347656,0.517428,0.571142,0.550794,0.595238,0.000323864,0,1,0.0750336,0.333333,8.63615,0.684002,1.65326
grouped,1,0,64,3.68119,0.295201,0.442708,0.564515,0.466667,0.592063,0.000318713,0,1,0.0746309,0.333333,9.00576,0.677272,1.64176
grouped,1,0,65,3.8859,0.328125,0.568696,0.582542,0.590476,0.604762,0.000313531,0,1,0.0742282,0.333333,8.41915,0.65282,1.68321
grouped,1,0,66,3.72843,0.290737,0.496213,0.567239,0.511111,0.593651,0.000308321,0,1,0.0738255,0.333333,9.31081,0.666007,1.71283
grouped,1,0,67,3.68168,0.397879,0.559667,0.585061,0.580952,0.611111,0.000303084,0,1,0.0734228,0.333333,8.9766,0.663465,1.66192
grouped,1,0,68,3.58435,0.229911,0.561292,0.578087,0.584127,0.604762,0.000297823,0,1,0.0730201,0.333333,8.48895,0.672255,1.62415
grouped,1,0,69,3.47744,0.232701,0.602565,0.601235,0.61746,0.620635,0.000292541,0,1,0.0726174,0.333333,9.16149,0.697963,1.65842
grouped,1,0,70,3.81952,0.325335,0.548177,0.597761,0.577778,0.619048,0.00028724,0,1,0.0722148,0.333333,8.61772,0.658308,1.67395
grouped,1,0,71,3.60534,0.292969,0.562564,0.604588,0.585714,0.626984,0.000281923,0,1,0.0718121,0.333333,9.81283,0.66505,1.56903
grouped,1,0,72,3.63245,0.281808,0.511076,0.576721,0.547619,0.604762,0.000276592,0,1,0.0714094,0.333333,9.73853,0.632893,1.60487
grouped,1,0,73,3.50893,0.234375,0.552195,0.622279,0.579365,0.638095,0.00027125,0,1,0.0710067,0.333333,8.63919,0.677265,1.58086
grouped,1,0,74,3.42179,0.356585,0.564248,0.61415,0.579365,0.631746,0.000265899,0,1,0.070604,0.333333,9.30677,0.690437,1.60828
grouped,1,0,75,3.45072,0.249442,0.549008,0.59841,0.573016,0.61746,0.000260542,0,1,0.0702013,0.333333,8.84751,0.682276,1.58437
grouped,1,0,76,3.6792,0.223772,0.580873,0.598016,0.606349,0.620635,0.000255181,0,1,0.0697987,0.333333,8.36952,0.664134,1.64551
grouped,1,0,77,3.54789,0.274554,0.551369,0.596147,0.577778,0.619048,0.000249819,0,1,0.069396,0.333333,9.87061,0.657882,1.61537
grouped,1,0,78,3.54618,0.24721,0.594231,0.583649,0.612698,0.607937,0.000244458,0,1,0.0689933,0.333333,8.82294,0.647014,1.58401
grouped,1,0,79,3.51603,0.267299,0.515262,0.605766,0.539683,0.62381,0.000239101,0,1,0.0685906,0.333333,8.62825,0.650299,1.55531
grouped,1,0,80,3.35284,0.347656,0.586554,0.620167,0.6,0.638095,0.00023375,0,1,0.0681879,0.333333,9.00468,0.648597,1.54524
grouped,1,0,81,3.20754,0.377232,0.597301,0.618775,0.614286,0.634921,0.000228408,0,1,0.0677852,0.333333,8.83711,0.694354,1.51962
grouped,1,0,82,3.35088,0.376116,0.581989,0.62955,0.611111,0.646032,0.000223077,0,1,0.0673826,0.333333,9.44772,0.672092,1.60353
grouped,1,0,83,3.37912,0.351562,0.634998,0.630346,0.647619,0.646032,0.00021776,0,1,0.0669799,0.333333,8.34608,0.656149,1.54997
grouped,1,0,84,3.2293,0.381696,0.603873,0.614769,0.625397,0.634921,0.000212459,0,1,0.0665772,0.333333,9.21007,0.6736,1.54482
grouped,1,0,85,3.07532,0.305246,0.618966,0.638675,0.639683,0.653968,0.000207177,0,1,0.0661745,0.333333,9.71145,0.680286,1.53163
grouped,1,0,86,2.97849,0.329799,0.629375,0.644706,0.644444,0.65873,0.000201916,0,1,0.0657718,0.333333,9.59543,0.691536,1.47146
grouped,1,0,87,3.48749,0.228237,0.559548,0.639583,0.579365,0.657143,0.000196679,0,1,0.0653691,0.333333,9.26699,0.664243,1.58188
grouped,1,0,88,3.06539,0.382812,0.644585,0.645809,0.653968,0.660317,0.000191469,0,1,0.0649664,0.333333,9.39837,0.666872,1.48554
grouped,1,0,89,3.24893,0.343192,0.598314,0.616918,0.619048,0.636508,0.000186287,0,1,0.0645638,0.333333,9.54736,0.655218,1.49969
grouped,1,0,90,2.67564,0.28683,0.622042,0.641906,0.644444,0.65873,0.000181136,0,1,0.0641611,0.333333,9.59283,0.69057,1.37202
grouped,1,0,91,2.98317,0.40067,0.623772,0.630578,0.631746,0.649206,0.000176018,0,1,0.0637584,0.333333,8.91824,0.663619,1.45861
grouped,1,0,92,2.86312,0.308594,0.627924,0.646763,0.638095,0.660317,0.000170937,0,1,0.0633557,0.333333,8.95877,0.690088,1.44941
grouped,1,0,93,3.08666,0.302455,0.62634,0.648205,0.644444,0.660317,0.000165893,0,1,0.062953,0.333333,10.268,0.672172,1.4427
grouped,1,0,94,3.12914,0.324219,0.634678,0.648962,0.642857,0.661905,0.000160891,0,1,0.0625503,0.333333,9.76502,0.664319,1.52175
grouped,1,0,95,3.31927,0.316406,0.632003,0.654201,0.64127,0.668254,0.000155931,0,1,0.0621477,0.333333,8.80667,0.655885,1.52473
grouped,1,0,96,2.97459,0.344866,0.653433,0.640122,0.673016,0.657143,0.000151017,0,1,0.061745,0.333333,9.19117,0.67252,1.46227
grouped,1,0,97,2.86059,0.294085,0.643688,0.650173,0.661905,0.666667,0.00014615,0,1,0.0613423,0.333333,9.0573,0.664107,1.41829
grouped,1,0,98,2.90137,0.305246,0.612252,0.649184,0.634921,0.665079,0.000141333,0,1,0.0609396,0.333333,9.12259,0.673583,1.40662
grouped,1,0,99,3.16838,0.345424,0.633414,0.651711,0.649206,0.666667,0.000136569,0,1,0.0605369,0.333333,9.58893,0.65122,1.47588
grouped,1,0,100,3.21397,0.365513,0.618621,0.645514,0.64127,0.661905,0.000131859,0,1,0.0601342,0.333333,9.56435,0.632364,1.46372
grouped,1,0,101,3.03195,0.323661,0.624063,0.6562,0.642857,0.669841,0.000127205,0,1,0.0597315,0.333333,8.63844,0.651072,1.44154
grouped,1,0,102,2.80701,0.301897,0.657534,0.650662,0.666667,0.665079,0.000122611,0,1,0.0593289,0.333333,9.35958,0.655686,1.38863
grouped,1,0,103,3.14905,0.379464,0.648709,0.64991,0.661905,0.663492,0.000118077,0,1,0.0589262,0.333333,8.93331,0.649092,1.46448
grouped,1,0,104,2.65754,0.362165,0.649421,0.668905,0.663492,0.680952,0.000113606,0,1,0.0585235,0.333333,9.27566,0.685827,1.37832
grouped,1,0,105,2.83658,0.376116,0.627298,0.6677,0.64127,0.679365,0.000109201,0,1,0.0581208,0.333333,9.36541,0.656713,1.35745
grouped,1,0,106,2.59056,0.305804,0.620573,0.672888,0.636508,0.684127,0.000104863,0,1,0.0577181,0.333333,9.18824,0.678237,1.30462
grouped,1,0,107,2.66864,0.483259,0.668387,0.672294,0.679365,0.684127,0.000100594,0,1,0.0573154,0.333333,9.23829,0.676588,1.35559
grouped,1,0,108,2.57882,0.344866,0.599319,0.673957,0.626984,0.685714,9.63962e-05,0,1,0.0569128,0.333333,10.2619,0.67771,1.33519
grouped,1,0,109,2.71862,0.364397,0.627524,0.661512,0.649206,0.673016,9.22719e-05,0,1,0.0565101,0.333333,9.33747,0.651918,1.35259
grouped,1,0,110,2.6925,0.34654,0.673663,0.675405,0.680952,0.687302,8.82228e-05,0,1,0.0561074,0.333333,8.60013,0.657861,1.33551
grouped,1,0,111,1.69996,0.78683,0.674262,0.677063,0.68254,0.687302,8.42509e-05,0,0,0.0557047,0.333333,9.19008,0.749297,1.16859
grouped,1,0,112,1.67021,0.802455,0.650219,0.681928,0.660317,0.692063,8.03579e-05,0.0020458,0,0.055302,0.333333,9.97572,0.797763,1.16045
grouped,1,0,113,1.7158,0.764509,0.663976,0.685098,0.674603,0.695238,7.65457e-05,0.00812741,0,0.0548993,0.333333,11.1447,0.850376,1.1944
grouped,1,0,114,1.77853,0.743304,0.664088,0.682004,0.67619,0.693651,7.28161e-05,0.0180789,0,0.0544966,0.321429,,0.956126,1.26204
grouped,1,0,115,1.94552,0.669085,0.689319,0.682146,0.696825,0.690476,6.91709e-05,0.0316289,0,0.054094,0.333333,14.1555,1.14202,1.48697
grouped,1,0,116,2.11862,0.618304,0.663858,0.677571,0.671429,0.688889,6.56117e-05,0.0484078,0,0.0536913,0.333333,14.6626,1.28803,1.54959
grouped,1,0,117,2.32875,0.555804,0.682103,0.685698,0.698413,0.695238,6.21402e-05,0.0679578,0,0.0532886,0.333333,17.1206,1.52212,1.68523
grouped,1,0,118,2.69798,0.472656,0.686435,0.684945,0.692063,0.695238,5.87581e-05,0.0897457,0,0.0528859,0.333333,21.5316,1.77439,1.80097
grouped,1,0,119,3,0.433594,0.673283,0.682712,0.684127,0.693651,5.5467e-05,0.113177,0,0.0524832,0.333333,21.2098,2.03072,1.91921
grouped,1,0,120,3.35195,0.396763,0.677245,0.69374,0.688889,0.704762,5.22683e-05,0.137613,0,0.0520805,0.333333,24.4549,2.2924,1.98415
grouped,1,0,121,3.71917,0.326451,0.69234,0.69275,0.704762,0.701587,4.91636e-05,0.162387,0,0.0516779,0.333333,28.9781,2.62321,2.10233
grouped,1,0,122,4.13044,0.297991,0.68187,0.683468,0.695238,0.693651,4.61544e-05,0.186823,0,0.0512752,0.333333,30.159,2.82284,2.15588
grouped,1,0,123,4.60889,0.245536,0.667433,0.687099,0.680952,0.696825,4.3242e-05,0.210254,0,0.0508725,0.333333,36.1853,3.02336,2.22485
grouped,1,0,124,4.814,0.266183,0.679755,0.691434,0.693651,0.7,4.04278e-05,0.232042,0,0.0504698,0.333333,38.1525,3.16669,2.25147
grouped,1,0,125,5.2973,0.222098,0.683404,0.689116,0.695238,0.7,3.77132e-05,0.251592,0,0.0500671,0.333333,40.1187,3.30577,2.29099
grouped,1,0,126,5.57997,0.202567,0.679963,0.689893,0.695238,0.7,3.50995e-05,0.268371,0,0.0496644,0.333333,39.4295,3.46172,2.35678
grouped,1,0,127,5.85051,0.199219,0.679537,0.692904,0.7,0.704762,3.25877e-05,0.281921,0,0.0492617,0.333333,39.1446,3.49492,2.35494
grouped,1,0,128,5.86459,0.199219,0.686744,0.685906,0.701587,0.698413,3.01792e-05,0.291873,0,0.0488591,0.333333,36.2604,3.5635,2.36561
grouped,1,0,129,6.04757,0.194754,0.692443,0.690219,0.706349,0.701587,2.78751e-05,0.297954,0,0.0484564,0.333333,41.3084,3.6002,2.36895
grouped,1,0,130,5.85206,0.21317,0.687881,0.682728,0.7,0.695238,2.56764e-05,0.3,0,0.0480537,0.333333,41.6843,3.58381,2.34369
grouped,1,0,131,5.9645,0.208147,0.687921,0.691724,0.704762,0.703175,2.35841e-05,0.3,0,0.047651,0.333333,46.7799,3.62067,2.35265
grouped,1,0,132,5.6809,0.236607,0.684964,0.69599,0.7,0.707937,2.15994e-05,0.3,0,0.0472483,0.333333,40.4299,3.51362,2.30388
grouped,1,0,133,5.65602,0.242188,0.680534,0.690139,0.695238,0.701587,1.9723e-05,0.3,0,0.0468456,0.333333,43.0226,3.5596,2.29953
grouped,1,0,134,5.66732,0.231027,0.698993,0.690371,0.712698,0.701587,1.79558e-05,0.3,0,0.046443,0.333333,42.9086,3.57549,2.30976
grouped,1,0,135,5.58287,0.252232,0.692713,0.697347,0.706349,0.707937,1.62988e-05,0.3,0,0.0460403,0.333333,42.593,3.58544,2.29724
grouped,1,0,136,5.65757,0.249442,0.692881,0.683934,0.704762,0.696825,1.47526e-05,0.3,0,0.0456376,0.333333,45.1288,3.4709,2.24168
grouped,1,0,137,5.64074,0.25279,0.694425,0.694402,0.709524,0.706349,1.33181e-05,0.3,0,0.0452349,0.333333,44.2256,3.56004,2.26288
grouped,1,0,138,5.49163,0.266183,0.694727,0.683736,0.707937,0.698413,1.19958e-05,0.3,0,0.0448322,0.333333,40.5413,3.50337,2.25676
grouped,1,0,139,5.46413,0.266183,0.686264,0.694859,0.7,0.707937,1.07864e-05,0.3,0,0.0444295,0.321429,,3.5845,2.27895
grouped,1,0,140,5.47752,0.248326,0.685444,0.692896,0.7,0.707937,9.69048e-06,0.3,0,0.0440268,0.333333,42.2741,3.57579,2.28429
grouped,1,0,141,5.55698,0.256696,0.687984,0.69429,0.701587,0.707937,8.70853e-06,0.3,0,0.0436242,0.333333,43.6963,3.56981,2.25231
grouped,1,0,142,5.35423,0.285156,0.689286,0.698117,0.703175,0.711111,7.84101e-06,0.3,0,0.0432215,0.333333,44.4647,3.52957,2.2474
grouped,1,0,143,5.48854,0.273438,0.691581,0.699041,0.706349,0.712698,7.08833e-06,0.3,0,0.0428188,0.333333,43.0893,3.56057,2.25432
grouped,1,0,144,5.45952,0.272321,0.70018,0.695218,0.712698,0.707937,6.45086e-06,0.3,0,0.0424161,0.333333,40.3652,3.52233,2.22572
grouped,1,0,145,5.42792,0.280134,0.68874,0.696484,0.701587,0.707937,5.92887e-06,0.3,0,0.0420134,0.333333,45.3751,3.53544,2.24554
grouped,1,0,146,5.41526,0.268415,0.698838,0.702342,0.711111,0.714286,5.52264e-06,0.3,0,0.0416107,0.333333,43.9455,3.52848,2.23488
grouped,1,0,147,5.56788,0.253906,0.695306,0.69605,0.707937,0.707937,5.23233e-06,0.3,0,0.0412081,0.333333,43.2285,3.56739,2.267
grouped,1,0,148,5.42792,0.268973,0.695654,0.698063,0.707937,0.709524,5.05809e-06,0.3,0,0.0408054,0.333333,43.6761,3.53157,2.24067
grouped,1,0,149,5.53112,0.272321,0.698331,0.699497,0.711111,0.711111,5e-06,0.3,0,0.0404027,0.333333,45.6584,3.54224,2.24345
grouped,1,0,150,5.42628,0.265625,0.692514,0.698121,0.706349,0.709524,5e-06,0.3,0,0.04,0.333333,46.8985,3.54259,2.24927
grouped,1,1,1,8.33117,0.0217634,0.0130042,0.0120766,0.0365079,0.0396825,0.0002,0,1,0.1,0.309524,,1.18983,2.38657
grouped,1,1,2,7.38281,0.0251116,0.0451296,0.0349328,0.0904762,0.0825397,0.0003,0,1,0.0995973,0.333333,14.7772,1.12992,2.18837
grouped,1,1,3,6.96763,0.0385045,0.0566939,0.0723151,0.104762,0.109524,0.0004,0,1,0.0991946,0.333333,10.7375,1.17792,2.23426
grouped,1,1,4,6.8721,0.0452009,0.0676264,0.0905375,0.112698,0.12381,0.0005,0,1,0.0987919,0.309524,6.2124,1.20449,2.28667
grouped,1,1,5,6.76223,0.0664062,0.10572,0.130686,0.160317,0.166667,0.000499942,0,1,0.0983893,0.142857,4.96492,1.15058,2.34614
grouped,1,1,6,6.4651,0.0753348,0.0966978,0.152096,0.153968,0.209524,0.000499768,0,1,0.0979866,0.130952,5.36074,1.01697,2.33558
grouped,1,1,7,6.40599,0.0959821,0.102839,0.147646,0.15873,0.201587,0.000499477,0,1,0.0975839,0.0833333,4.62359,0.874911,2.18919
grouped,1,1,8,6.32091,0.112165,0.154836,0.195648,0.211111,0.242857,0.000499071,0,1,0.0971812,0.0595238,4.41414,0.864934,2.27472
grouped,1,1,9,6.30736,0.107701,0.154842,0.18838,0.201587,0.242857,0.000498549,0,1,0.0967785,0.0476191,4.3464,0.81635,2.26185
grouped,1,1,10,6.18188,0.0831473,0.181524,0.189301,0.234921,0.24127,0.000497912,0,1,0.0963758,0.0952381,4.85836,0.780358,2.20964
grouped,1,1,11,6.06043,0.120536,0.160035,0.21923,0.204762,0.260317,0.000497159,0,1,0.0959732,0.166667,4.88605,0.763268,2.21188
grouped,1,1,12,6.06414,0.106585,0.183995,0.198445,0.226984,0.246032,0.000496291,0,1,0.0955705,0.119048,4.77092,0.743867,2.22227
grouped,1,1,13,6.04872,0.125,0.179138,0.207633,0.231746,0.253968,0.00049531,0,1,0.0951678,0.130952,4.84633,0.722741,2.1943
grouped,1,1,14,6.06913,0.130022,0.196661,0.232693,0.242857,0.27619,0.000494214,0,1,0.0947651,0.107143,4.78993,0.707967,2.21511
grouped,1,1,15,5.9497,0.114397,0.205096,0.25221,0.25873,0.296825,0.000493004,0,1,0.0943624,0.0714286,4.57208,0.673699,2.12313
grouped,1,1,16,5.85112,0.0915179,0.190539,0.260625,0.242857,0.304762,0.000491682,0,1,0.0939597,0.107143,5.08637,0.659429,2.11762
grouped,1,1,17,5.6878,0.121094,0.229495,0.262448,0.273016,0.301587,0.000490247,0,1,0.093557,0.178571,5.23657,0.66352,2.13464
grouped,1,1,18,5.7208,0.124442,0.212813,0.270483,0.25873,0.306349,0.000488701,0,1,0.0931544,0.178571,5.49386,0.65317,2.13325
grouped,1,1,19,5.78358,0.11942,0.240236,0.276777,0.277778,0.311111,0.000487044,0,1,0.0927517,0.154762,5.04857,0.644343,2.11626
grouped,1,1,20,5.80557,0.102121,0.2325,0.275525,0.277778,0.314286,0.000485277,0,1,0.092349,0.25,5.92513,0.655022,2.1545
grouped,1,1,21,5.78958,0.140625,0.255745,0.278085,0.295238,0.322222,0.000483401,0,1,0.0919463,0.238095,5.73641,0.64932,2.17908
grouped,1,1,22,5.59969,0.147321,0.270028,0.298713,0.304762,0.336508,0.000481416,0,1,0.0915436,0.25,5.83247,0.654109,2.16823
grouped,1,1,23,5.51381,0.147879,0.275166,0.29879,0.312698,0.338095,0.000479324,0,1,0.0911409,0.285714,6.55254,0.643278,2.11311
grouped,1,1,24,5.48577,0.192522,0.302882,0.29454,0.336508,0.336508,0.000477125,0,1,0.0907383,0.297619,6.38121,0.607762,2.00158
grouped,1,1,25,5.51233,0.133371,0.282879,0.3277,0.32381,0.363492,0.000474821,0,1,0.0903356,0.321429,7.36506,0.625735,2.08273
grouped,1,1,26,5.36429,0.122768,0.313353,0.327202,0.349206,0.353968,0.000472412,0,1,0.0899329,0.321429,6.60361,0.622945,2.04341
grouped,1,1,27,5.37731,0.114397,0.316658,0.316337,0.361905,0.352381,0.000469901,0,1,0.0895302,0.309524,6.20285,0.61407,2.00958
grouped,1,1,28,5.26175,0.209821,0.351618,0.340341,0.385714,0.373016,0.000467287,0,1,0.0891275,0.333333,7.03174,0.640514,2.05584
grouped,1,1,29,5.24619,0.194754,0.327117,0.354052,0.365079,0.387302,0.000464572,0,1,0.0887248,0.321429,6.48828,0.625874,2.02646
grouped,1,1,30,5.19046,0.144531,0.328557,0.353364,0.365079,0.388889,0.000461758,0,1,0.0883221,0.321429,6.72896,0.624096,2.05825
grouped,1,1,31,5.10395,0.173549,0.340094,0.381581,0.374603,0.412698,0.000458846,0,1,0.0879195,0.321429,7.04339,0.626862,2.05488
grouped,1,1,32,4.99458,0.213728,0.302161,0.399478,0.338095,0.426984,0.000455836,0,1,0.0875168,0.333333,6.59949,0.61056,1.95646
grouped,1,1,33,5.1298,0.211496,0.210962,0.398569,0.266667,0.426984,0.000452732,0,1,0.0871141,0.321429,7.35519,0.611349,2.03257
grouped,1,1,34,4.98874,0.208705,0.383805,0.417502,0.425397,0.444444,0.000449533,0,1,0.0867114,0.309524,7.05324,0.597488,1.94528
grouped,1,1,35,4.78493,0.220982,0.372648,0.410522,0.403175,0.436508,0.000446242,0,1,0.0863087,0.333333,7.25019,0.623336,1.93369
grouped,1,1,36,4.88081,0.21875,0.386773,0.421516,0.425397,0.450794,0.00044286,0,1,0.085906,0.333333,7.66197,0.594002,1.8931
grouped,1,1,37,4.72486,0.24721,0.399317,0.436513,0.438095,0.465079,0.000439388,0,1,0.0855034,0.333333,8.0199,0.62089,1.95027
grouped,1,1,38,4.50249,0.18471,0.3911,0.446172,0.42381,0.479365,0.000435829,0,1,0.0851007,0.333333,7.54923,0.623239,1.87081
grouped,1,1,39,4.67354,0.140067,0.453543,0.460826,0.490476,0.490476,0.000432184,0,1,0.084698,0.333333,6.88839,0.593864,1.81735
grouped,1,1,40,4.60168,0.266183,0.423209,0.476384,0.449206,0.504762,0.000428454,0,1,0.0842953,0.333333,7.71365,0.63323,1.88525
grouped,1,1,41,4.29601,0.3125,0.427675,0.487555,0.461905,0.514286,0.000424642,0,1,0.0838926,0.333333,7.78497,0.628809,1.81313
grouped,1,1,42,4.48072,0.271763,0.435249,0.492408,0.460317,0.51746,0.000420749,0,1,0.0834899,0.333333,8.24547,0.636541,1.84841
grouped,1,1,43,4.56824,0.228795,0.457276,0.465145,0.496825,0.498413,0.000416777,0,1,0.0830872,0.321429,8.0554,0.642903,1.9295
grouped,1,1,44,4.42235,0.239397,0.416357,0.484154,0.450794,0.514286,0.000412728,0,1,0.0826846,0.333333,7.25501,0.627701,1.85107
grouped,1,1,45,4.22846,0.257812,0.354673,0.491447,0.388889,0.51746,0.000408604,0,1,0.0822819,0.333333,7.71477,0.631007,1.80582
grouped,1,1,46,4.38939,0.263393,0.437366,0.493119,0.473016,0.52381,0.000404406,0,1,0.0818792,0.333333,8.17335,0.623754,1.83919
grouped,1,1,47,4.40655,0.213728,0.473067,0.487263,0.504762,0.515873,0.000400137,0,1,0.0814765,0.333333,8.0594,0.631354,1.83597
grouped,1,1,48,4.00546,0.282924,0.520279,0.497215,0.544444,0.525397,0.000395799,0,1,0.0810738,0.333333,7.98731,0.66786,1.7737
grouped,1,1,49,4.29189,0.218192,0.518299,0.522703,0.546032,0.547619,0.000391394,0,1,0.0806711,0.333333,7.49491,0.625366,1.76602
grouped,1,1,50,4.09962,0.250558,0.47417,0.492661,0.503175,0.520635,0.000386923,0,1,0.0802685,0.333333,8.42511,0.659492,1.78283
grouped,1,1,51,3.96419,0.3125,0.487262,0.519156,0.511111,0.544444,0.000382389,0,1,0.0798658,0.333333,7.66856,0.657496,1.6991
grouped,1,1,52,4.71288,0.257812,0.458766,0.505118,0.498413,0.525397,0.000377795,0,1,0.0794631,0.333333,7.38123,0.609057,1.89622
grouped,1,1,53,3.97666,0.258929,0.488859,0.541891,0.520635,0.565079,0.000373141,0,1,0.0790604,0.321429,8.24356,0.646446,1.76256
grouped,1,1,54,4.14955,0.201451,0.443032,0.502413,0.471429,0.531746,0.000368431,0,1,0.0786577,0.333333,8.15067,0.628715,1.75042
grouped,1,1,55,3.95587,0.222656,0.482387,0.551907,0.509524,0.569841,0.000363667,0,1,0.078255,0.333333,7.601,0.67354,1.77262
grouped,1,1,56,3.96107,0.326451,0.519674,0.54091,0.536508,0.55873,0.00035885,0,1,0.0778523,0.333333,8.09241,0.638465,1.73654
grouped,1,1,57,3.90423,0.27846,0.564253,0.535251,0.580952,0.555556,0.000353983,0,1,0.0774497,0.333333,8.30549,0.675094,1.71049
grouped,1,1,58,3.61828,0.310268,0.51518,0.532289,0.538095,0.550794,0.000349069,0,1,0.077047,0.333333,9.36053,0.677645,1.63911
grouped,1,1,59,3.97567,0.299665,0.52652,0.53587,0.555556,0.55873,0.000344109,0,1,0.0766443,0.333333,8.91318,0.676539,1.74313
grouped,1,1,60,4.1441,0.308036,0.361032,0.531318,0.403175,0.555556,0.000339107,0,1,0.0762416,0.333333,8.40546,0.639149,1.75816
grouped,1,1,61,3.96177,0.210379,0.547771,0.547219,0.573016,0.566667,0.000334063,0,1,0.0758389,0.333333,8.07156,0.642209,1.72144
grouped,1,1,62,3.70493,0.291295,0.56249,0.525886,0.579365,0.544444,0.000328982,0,1,0.0754362,0.333333,8.33472,0.670956,1.68309
grouped,1,1,63,3.64175,0.292969,0.557697,0.567173,0.574603,0.579365,0.000323864,0,1,0.0750336,0.333333,9.65619,0.68932,1.6916
grouped,1,1,64,3.61558,0.325335,0.609132,0.579167,0.630159,0.592063,0.000318713,0,1,0.0746309,0.333333,9.00323,0.669104,1.62055
grouped,1,1,65,4.0001,0.302455,0.408058,0.562791,0.439683,0.58254,0.000313531,0,1,0.0742282,0.333333,8.15555,0.648378,1.74223
grouped,1,1,66,3.58351,0.333705,0.547931,0.587757,0.569841,0.604762,0.000308321,0,1,0.0738255,0.333333,9.06799,0.681598,1.61595
grouped,1,1,67,3.91911,0.329241,0.56528,0.591475,0.58254,0.609524,0.000303084,0,1,0.0734228,0.333333,7.95632,0.645712,1.71626
grouped,1,1,68,3.43297,0.30971,0.512113,0.607958,0.536508,0.620635,0.000297823,0,1,0.0730201,0.333333,8.44704,0.682189,1.62732
grouped,1,1,69,3.83751,0.352121,0.598296,0.597337,0.612698,0.611111,0.000292541,0,1,0.0726174,0.333333,8.56896,0.666153,1.69564
grouped,1,1,70,3.46061,0.337054,0.478311,0.60392,0.506349,0.615873,0.00028724,0,1,0.0722148,0.333333,8.73744,0.689233,1.55759
grouped,1,1,71,3.67478,0.281808,0.465821,0.605629,0.5,0.615873,0.000281923,0,1,0.0718121,0.333333,8.12798,0.652902,1.6343
grouped,1,1,72,3.39682,0.259487,0.55106,0.619304,0.569841,0.628571,0.000276592,0,1,0.0714094,0.333333,8.23817,0.671222,1.56752
grouped,1,1,73,3.57385,0.261719,0.546072,0.614058,0.565079,0.625397,0.00027125,0,1,0.0710067,0.333333,9.36982,0.67266,1.59139
grouped,1,1,74,3.63726,0.344866,0.529615,0.599239,0.552381,0.612698,0.000265899,0,1,0.070604,0.333333,8.351,0.659291,1.61308
grouped,1,1,75,3.18636,0.286272,0.594341,0.633573,0.604762,0.644444,0.000260542,0,1,0.0702013,0.333333,9.68148,0.682581,1.56681
grouped,1,1,76,3.23871,0.217634,0.632656,0.634256,0.64127,0.642857,0.000255181,0,1,0.0697987,0.333333,8.56766,0.70498,1.52325
grouped,1,1,77,3.50551,0.241629,0.559152,0.618259,0.566667,0.630159,0.000249819,0,1,0.069396,0.333333,8.95182,0.666533,1.5965
grouped,1,1,78,3.50588,0.174665,0.529195,0.630726,0.550794,0.642857,0.000244458,0,1,0.0689933,0.321429,8.11056,0.693742,1.61854
grouped,1,1,79,3.28196,0.366071,0.603244,0.650753,0.622222,0.661905,0.000239101,0,1,0.0685906,0.333333,9.47557,0.691729,1.58025
grouped,1,1,80,3.11289,0.441964,0.593308,0.650494,0.612698,0.660317,0.00023375,0,1,0.0681879,0.333333,8.75563,0.71577,1.51458
grouped,1,1,81,3.42436,0.28404,0.582233,0.620795,0.603175,0.634921,0.000228408,0,1,0.0677852,0.333333,8.17832,0.657724,1.59601
grouped,1,1,82,3.57633,0.389509,0.62743,0.598897,0.638095,0.612698,0.000223077,0,1,0.0673826,0.333333,9.44226,0.628857,1.57544
grouped,1,1,83,3.52941,0.393415,0.591095,0.549328,0.614286,0.568254,0.00021776,0,1,0.0669799,0.333333,8.01172,0.654698,1.59548
grouped,1,1,84,3.34639,0.321987,0.604122,0.580422,0.622222,0.598413,0.000212459,0,1,0.0665772,0.333333,8.20284,0.700568,1.62478
grouped,1,1,85,3.20648,0.273438,0.623085,0.598339,0.64127,0.614286,0.000207177,0,1,0.0661745,0.333333,8.21828,0.665883,1.51684
grouped,1,1,86,3.77729,0.37221,0.590936,0.610856,0.607937,0.626984,0.000201916,0,1,0.0657718,0.333333,8.12219,0.636265,1.63747
grouped,1,1,87,3.11265,0.452009,0.653993,0.629885,0.665079,0.642857,0.000196679,0,1,0.0653691,0.333333,9.7405,0.683631,1.50624
grouped,1,1,88,3.17362,0.288504,0.597073,0.623367,0.614286,0.64127,0.000191469,0,1,0.0649664,0.333333,8.15686,0.663128,1.45896
grouped,1,1,89,3.05632,0.417969,0.627535,0.646825,0.636508,0.661905,0.000186287,0,1,0.0645638,0.333333,9.3664,0.664908,1.46906
grouped,1,1,90,3.03714,0.310826,0.604699,0.637128,0.61746,0.653968,0.000181136,0,1,0.0641611,0.333333,8.38432,0.68203,1.5285
grouped,1,1,91,3.18958,0.328683,0.655462,0.613944,0.669841,0.633333,0.000176018,0,1,0.0637584,0.333333,8.55968,0.68336,1.52101
grouped,1,1,92,3.14878,0.327567,0.630953,0.658286,0.649206,0.669841,0.000170937,0,1,0.0633557,0.333333,9.50327,0.665747,1.50089
grouped,1,1,93,2.96232,0.334263,0.594888,0.655507,0.614286,0.668254,0.000165893,0,1,0.062953,0.333333,8.63109,0.68301,1.47625
grouped,1,1,94,2.98797,0.363281,0.671888,0.648606,0.680952,0.663492,0.000160891,0,1,0.0625503,0.333333,8.21697,0.682927,1.48922
grouped,1,1,95,3.0535,0.452567,0.655154,0.632055,0.668254,0.647619,0.000155931,0,1,0.0621477,0.333333,9.07931,0.675951,1.46378
grouped,1,1,96,2.88362,0.202009,0.66725,0.657375,0.680952,0.669841,0.000151017,0,1,0.061745,0.333333,8.02295,0.712406,1.47596
grouped,1,1,97,2.9584,0.371094,0.532542,0.659911,0.560317,0.671429,0.00014615,0,1,0.0613423,0.333333,8.42206,0.707234,1.48958
grouped,1,1,98,3.10393,0.325893,0.584943,0.662788,0.604762,0.67619,0.000141333,0,1,0.0609396,0.333333,8.52611,0.659447,1.45629
grouped,1,1,99,3.29363,0.339286,0.593437,0.619148,0.615873,0.639683,0.000136569,0,1,0.0605369,0.333333,8.26559,0.652676,1.51606
grouped,1,1,100,2.68164,0.376674,0.644749,0.661705,0.663492,0.67619,0.000131859,0,1,0.0601342,0.333333,8.56441,0.669702,1.35831
grouped,1,1,101,2.88309,0.326451,0.681677,0.651995,0.695238,0.665079,0.000127205,0,1,0.0597315,0.333333,8.40849,0.69424,1.46035
grouped,1,1,102,3.08177,0.238281,0.681809,0.666295,0.690476,0.680952,0.000122611,0,1,0.0593289,0.333333,8.24593,0.669628,1.4481
grouped,1,1,103,2.83188,0.347656,0.591704,0.653913,0.614286,0.668254,0.000118077,0,1,0.0589262,0.333333,8.34387,0.680102,1.41427
grouped,1,1,104,2.76359,0.393973,0.63208,0.666971,0.646032,0.679365,0.000113606,0,1,0.0585235,0.333333,8.13844,0.658667,1.35911
grouped,1,1,105,3.02255,0.387835,0.661494,0.654253,0.67619,0.668254,0.000109201,0,1,0.0581208,0.333333,8.29848,0.65455,1.42381
grouped,1,1,106,2.7793,0.334821,0.648723,0.662189,0.661905,0.677778,0.000104863,0,1,0.0577181,0.333333,9.17798,0.662859,1.37972
grouped,1,1,107,2.55548,0.34375,0.651024,0.677785,0.666667,0.688889,0.000100594,0,1,0.0573154,0.333333,8.78573,0.687781,1.31563
grouped,1,1,108,2.88092,0.285156,0.682911,0.671725,0.690476,0.685714,9.63962e-05,0,1,0.0569128,0.333333,9.15561,0.65455,1.41296
grouped,1,1,109,2.76085,0.340402,0.653613,0.656797,0.666667,0.671429,9.22719e-05,0,1,0.0565101,0.333333,8.98439,0.676404,1.38559
grouped,1,1,110,2.84389,0.431362,0.64251,0.6688,0.65873,0.68254,8.82228e-05,0,1,0.0561074,0.333333,9.32013,0.663971,1.42685
grouped,1,1,111,1.69607,0.798549,0.684958,0.688395,0.692063,0.698413,8.42509e-05,0,0,0.0557047,0.333333,8.79342,0.744473,1.20284
grouped,1,1,112,1.71141,0.777902,0.681374,0.690137,0.693651,0.7,8.03579e-05,0.0020458,0,0.055302,0.333333,9.09281,0.780938,1.13794
grouped,1,1,113,1.71872,0.777344,0.69375,0.694994,0.704762,0.706349,7.65457e-05,0.00812741,0,0.0548993,0.333333,9.95879,0.858284,1.19874
grouped,1,1,114,1.83062,0.71875,0.689407,0.701014,0.698413,0.709524,7.28161e-05,0.0180789,0,0.0544966,0.333333,10.2804,0.98769,1.37142
grouped,1,1,115,1.967,0.675781,0.703573,0.68799,0.712698,0.7,6.91709e-05,0.0316289,0,0.054094,0.333333,12.0343,1.11888,1.43628
grouped,1,1,116,2.14763,0.610491,0.682742,0.701365,0.693651,0.712698,6.56117e-05,0.0484078,0,0.0536913,0.333333,13.9758,1.26556,1.55278
grouped,1,1,117,2.39963,0.539621,0.702226,0.688028,0.709524,0.7,6.21402e-05,0.0679578,0,0.0532886,0.333333,15.6308,1.50293,1.68826
grouped,1,1,118,2.64247,0.487723,0.690817,0.697562,0.704762,0.707937,5.87581e-05,0.0897457,0,0.0528859,0.333333,17.5123,1.71853,1.81047
grouped,1,1,119,3.02919,0.406808,0.700989,0.690633,0.709524,0.703175,5.5467e-05,0.113177,0,0.0524832,0.333333,21.0807,2.02389,1.93375
grouped,1,1,120,3.42953,0.359375,0.699305,0.699104,0.709524,0.711111,5.22683e-05,0.137613,0,0.0520805,0.333333,23.9456,2.33222,2.06081
grouped,1,1,121,3.68276,0.321987,0.707923,0.699822,0.719048,0.712698,4.91636e-05,0.162387,0,0.0516779,0.333333,24.3103,2.54881,2.10667
grouped,1,1,122,4.3213,0.274554,0.693097,0.696606,0.703175,0.709524,4.61544e-05,0.186823,0,0.0512752,0.333333,27.7776,2.80719,2.1864
grouped,1,1,123,4.49437,0.272321,0.698847,0.698621,0.712698,0.711111,4.3242e-05,0.210254,0,0.0508725,0.333333,30.088,2.96758,2.21576
grouped,1,1,124,5.04468,0.224888,0.711167,0.701613,0.72381,0.714286,4.04278e-05,0.232042,0,0.0504698,0.333333,33.5464,3.1769,2.28075
grouped,1,1,125,5.44346,0.200335,0.711307,0.699272,0.720635,0.712698,3.77132e-05,0.251592,0,0.0500671,0.333333,34.1538,3.3642,2.36148
grouped,1,1,126,5.78103,0.189732,0.701922,0.701996,0.714286,0.714286,3.50995e-05,0.268371,0,0.0496644,0.333333,33.3373,3.45009,2.37581
grouped,1,1,127,5.78111,0.191406,0.712462,0.696534,0.722222,0.709524,3.25877e-05,0.281921,0,0.0492617,0.333333,32.0252,3.49584,2.37912
grouped,1,1,128,6.08805,0.176339,0.705636,0.70645,0.71746,0.719048,3.01792e-05,0.291873,0,0.0488591,0.333333,,3.5283,2.37593
grouped,1,1,129,6.05697,0.180804,0.701224,0.707216,0.712698,0.719048,2.78751e-05,0.297954,0,0.0484564,0.333333,34.6907,3.60117,2.41198
grouped,1,1,130,6.17591,0.177455,0.711586,0.710239,0.72381,0.722222,2.56764e-05,0.3,0,0.0480537,0.333333,39.7498,3.62355,2.41153
grouped,1,1,131,5.92636,0.186942,0.703533,0.706929,0.71746,0.719048,2.35841e-05,0.3,0,0.047651,0.333333,37.7945,3.56241,2.36304
grouped,1,1,132,5.88899,0.212612,0.707667,0.707808,0.720635,0.720635,2.15994e-05,0.3,0,0.0472483,0.333333,37.5707,3.56606,2.3467
grouped,1,1,133,5.90654,0.215402,0.704486,0.710494,0.715873,0.722222,1.9723e-05,0.3,0,0.0468456,0.333333,36.3666,3.59428,2.36896
grouped,1,1,134,5.98911,0.212612,0.699586,0.712553,0.712698,0.725397,1.79558e-05,0.3,0,0.046443,0.333333,42.0749,3.55605,2.32843
grouped,1,1,135,5.75871,0.228237,0.706448,0.70652,0.71746,0.719048,1.62988e-05,0.3,0,0.0460403,0.333333,39.9269,3.50969,2.30235
grouped,1,1,136,5.68724,0.234933,0.714254,0.704431,0.725397,0.719048,1.47526e-05,0.3,0,0.0456376,0.333333,38.0154,3.53993,2.29556
grouped,1,1,137,5.725,0.228795,0.699553,0.706808,0.712698,0.719048,1.33181e-05,0.3,0,0.0452349,0.333333,37.3741,3.53816,2.31075
grouped,1,1,138,5.61638,0.240513,0.697509,0.711011,0.711111,0.72381,1.19958e-05,0.3,0,0.0448322,0.333333,38.9585,3.52715,2.28679
grouped,1,1,139,5.57362,0.243862,0.713135,0.712709,0.725397,0.725397,1.07864e-05,0.3,0,0.0444295,0.333333,37.9127,3.51388,2.29178
grouped,1,1,140,5.82492,0.240513,0.703932,0.714313,0.715873,0.726984,9.69048e-06,0.3,0,0.0440268,0.333333,38.621,3.51269,2.2851
grouped,1,1,141,5.56654,0.251674,0.700146,0.711079,0.712698,0.72381,8.70853e-06,0.3,0,0.0436242,0.333333,39.3048,3.50409,2.27914
grouped,1,1,142,5.67865,0.243862,0.705169,0.708762,0.71746,0.722222,7.84101e-06,0.3,0,0.0432215,0.333333,37.6553,3.53031,2.29219
grouped,1,1,143,5.78552,0.242188,0.713795,0.707353,0.725397,0.720635,7.08833e-06,0.3,0,0.0428188,0.333333,36.6031,3.51221,2.28393
grouped,1,1,144,5.57839,0.246652,0.715655,0.706581,0.726984,0.719048,6.45086e-06,0.3,0,0.0424161,0.333333,38.9639,3.55949,2.30342
grouped,1,1,145,5.70783,0.246094,0.704706,0.708243,0.71746,0.722222,5.92887e-06,0.3,0,0.0420134,0.333333,39.5169,3.50155,2.26282
grouped,1,1,146,5.72866,0.25,0.708875,0.709159,0.722222,0.720635,5.52264e-06,0.3,0,0.0416107,0.333333,40.9499,3.56491,2.28581
grouped,1,1,147,5.63553,0.254464,0.700328,0.705599,0.714286,0.71746,5.23233e-06,0.3,0,0.0412081,0.333333,37.1492,3.51031,2.27312
grouped,1,1,148,5.67764,0.257254,0.708658,0.712792,0.722222,0.72381,5.05809e-06,0.3,0,0.0408054,0.333333,39.2312,3.51521,2.26862
grouped,1,1,149,5.60117,0.246652,0.705362,0.709478,0.719048,0.722222,5e-06,0.3,0,0.0404027,0.333333,42.4499,3.54483,2.29432
grouped,1,1,150,5.48305,0.260045,0.71319,0.710767,0.726984,0.722222,5e-06,0.3,0,0.04,0.333333,37.5297,3.53847,2.28882
grouped,1,2,1,8.33755,0.0100446,0.0229834,0.0198666,0.0507937,0.0444444,0.0002,0,1,0.1,0.321429,,1.20242,2.42593
grouped,1,2,2,7.38395,0.0368304,0.036655,0.0366171,0.0777778,0.0825397,0.0003,0,1,0.0995973,0.333333,17.0715,1.11914,2.17465
grouped,1,2,3,7.04759,0.0435268,0.0702817,0.0635137,0.119048,0.107937,0.0004,0,1,0.0991946,0.333333,10.0141,1.20058,2.24826
grouped,1,2,4,6.84983,0.0625,0.0676543,0.0932711,0.11746,0.136508,0.0005,0,1,0.0987919,0.297619,6.02463,1.18249,2.27929
grouped,1,2,5,6.66675,0.0625,0.0879548,0.144365,0.138095,0.2,0.000499942,0,1,0.0983893,0.214286,5.26764,1.14903,2.37854
grouped,1,2,6,6.43674,0.0708705,0.0947976,0.146673,0.160317,0.201587,0.000499768,0,1,0.0979866,0.0833333,4.77824,0.981713,2.25335
grouped,1,2,7,6.42248,0.0613839,0.136554,0.166377,0.192063,0.220635,0.000499477,0,1,0.0975839,0.0595238,4.68198,0.902431,2.27438
grouped,1,2,8,6.31779,0.0647321,0.16238,0.202566,0.220635,0.246032,0.000499071,0,1,0.0971812,0.0595238,4.38625,0.834366,2.2664
grouped,1,2,9,6.24764,0.104353,0.159229,0.207534,0.231746,0.252381,0.000498549,0,1,0.0967785,0.142857,4.85509,0.78104,2.21784
grouped,1,2,10,6.22253,0.0864955,0.147941,0.207574,0.204762,0.255556,0.000497912,0,1,0.0963758,0.130952,4.90753,0.748758,2.21588
grouped,1,2,11,6.08191,0.115513,0.164197,0.231242,0.220635,0.274603,0.000497159,0,1,0.0959732,0.107143,4.84128,0.709588,2.18543
grouped,1,2,12,5.99719,0.0982143,0.217641,0.245932,0.279365,0.293651,0.000496291,0,1,0.0955705,0.214286,5.40708,0.731387,2.20791
grouped,1,2,13,5.8022,0.147879,0.24619,0.266183,0.288889,0.307937,0.00049531,0,1,0.0951678,0.261905,5.88668,0.690092,2.16679
grouped,1,2,14,5.6254,0.185268,0.260443,0.286935,0.319048,0.334921,0.000494214,0,1,0.0947651,0.190476,5.69133,0.671768,2.10807
grouped,1,2,15,5.40408,0.107701,0.274886,0.303194,0.320635,0.347619,0.000493004,0,1,0.0943624,0.214286,5.7765,0.653115,2.0568
grouped,1,2,16,5.45433,0.119978,0.297253,0.308857,0.344444,0.349206,0.000491682,0,1,0.0939597,0.261905,6.52886,0.663099,2.10704
grouped,1,2,17,5.43633,0.186384,0.273156,0.32797,0.312698,0.371429,0.000490247,0,1,0.093557,0.25,5.73201,0.653776,2.08599
grouped,1,2,18,5.21671,0.174665,0.311919,0.324295,0.346032,0.368254,0.000488701,0,1,0.0931544,0.25,5.89604,0.649013,2.06098
grouped,1,2,19,5.14362,0.154576,0.336924,0.362799,0.38254,0.396825,0.000487044,0,1,0.0927517,0.285714,6.20516,0.652151,2.0755
grouped,1,2,20,5.23552,0.204241,0.303692,0.35529,0.352381,0.398413,0.000485277,0,1,0.092349,0.285714,6.44714,0.65256,2.10966
grouped,1,2,21,5.1503,0.202009,0.326982,0.378057,0.373016,0.412698,0.000483401,0,1,0.0919463,0.27381,6.6265,0.654591,2.07606
grouped,1,2,22,5.06389,0.165179,0.285523,0.366985,0.31746,0.398413,0.000481416,0,1,0.0915436,0.297619,6.59535,0.630495,2.04435
grouped,1,2,23,4.84332,0.231585,0.32152,0.410059,0.344444,0.431746,0.000479324,0,1,0.0911409,0.333333,7.93124,0.631267,1.92352
grouped,1,2,24,4.9243,0.253348,0.411582,0.362457,0.44127,0.401587,0.000477125,0,1,0.0907383,0.333333,7.77187,0.622097,1.98869
grouped,1,2,25,4.94612,0.184152,0.343882,0.384686,0.398413,0.407937,0.000474821,0,1,0.0903356,0.333333,8.0169,0.618691,1.95077
grouped,1,2,26,4.95821,0.173549,0.391128,0.429531,0.430159,0.455556,0.000472412,0,1,0.0899329,0.309524,7.02627,0.616754,1.95686
grouped,1,2,27,4.86004,0.18192,0.319835,0.448046,0.353968,0.477778,0.000469901,0,1,0.0895302,0.333333,7.4904,0.632738,1.98396
grouped,1,2,28,5.04833,0.246652,0.397024,0.402975,0.436508,0.444444,0.000467287,0,1,0.0891275,0.333333,7.79019,0.617277,2.02993
grouped,1,2,29,4.7094,0.192522,0.334736,0.443443,0.373016,0.477778,0.000464572,0,1,0.0887248,0.333333,7.58204,0.635506,1.95927
grouped,1,2,30,4.76953,0.140067,0.399945,0.450092,0.442857,0.485714,0.000461758,0,1,0.0883221,0.333333,8.40455,0.639608,2.03142
grouped,1,2,31,4.35294,0.11942,0.441198,0.448898,0.471429,0.47619,0.000458846,0,1,0.0879195,0.333333,8.65679,0.633466,1.8526
grouped,1,2,32,4.65068,0.223772,0.444728,0.453623,0.47619,0.480952,0.000455836,0,1,0.0875168,0.333333,7.89913,0.610352,1.95607
grouped,1,2,33,4.54354,0.300223,0.320449,0.476568,0.361905,0.506349,0.000452732,0,1,0.0871141,0.333333,7.40645,0.612738,1.8916
grouped,1,2,34,4.67963,0.196987,0.419307,0.473206,0.449206,0.501587,0.000449533,0,1,0.0867114,0.333333,8.48654,0.648689,1.98374
grouped,1,2,35,4.3271,0.203683,0.4455,0.482698,0.484127,0.511111,0.000446242,0,1,0.0863087,0.333333,8.21256,0.612536,1.82018
grouped,1,2,36,4.44872,0.209263,0.416272,0.485301,0.452381,0.51746,0.00044286,0,1,0.085906,0.321429,8.09049,0.621352,1.89974
grouped,1,2,37,4.5343,0.236049,0.441559,0.477828,0.473016,0.509524,0.000439388,0,1,0.0855034,0.333333,8.12268,0.608536,1.87458
grouped,1,2,38,4.39884,0.243304,0.492693,0.512311,0.511111,0.539683,0.000435829,0,1,0.0851007,0.333333,8.3369,0.596696,1.80935
grouped,1,2,39,4.69052,0.242746,0.440883,0.503961,0.463492,0.533333,0.000432184,0,1,0.084698,0.333333,7.71115,0.593898,1.87066
grouped,1,2,40,4.23547,0.0948661,0.364128,0.523926,0.390476,0.546032,0.000428454,0,1,0.0842953,0.333333,8.73041,0.632139,1.82793
grouped,1,2,41,4.42579,0.215402,0.473144,0.512001,0.501587,0.538095,0.000424642,0,1,0.0838926,0.333333,8.73444,0.626646,1.87124
grouped,1,2,42,4.38519,0.146205,0.480112,0.516128,0.51746,0.546032,0.000420749,0,1,0.0834899,0.321429,7.52944,0.629456,1.89105
grouped,1,2,43,4.46468,0.260603,0.47136,0.511399,0.506349,0.539683,0.000416777,0,1,0.0830872,0.309524,7.99543,0.605228,1.81803
grouped,1,2,44,4.1511,0.290179,0.438089,0.524443,0.474603,0.546032,0.000412728,0,1,0.0826846,0.333333,9.1996,0.634593,1.78182
grouped,1,2,45,4.3968,0.207589,0.47556,0.546263,0.496825,0.565079,0.000408604,0,1,0.0822819,0.333333,7.94977,0.612152,1.81049
grouped,1,2,46,4.23787,0.288504,0.495049,0.561392,0.519048,0.580952,0.000404406,0,1,0.0818792,0.321429,8.60248,0.612941,1.79314
grouped,1,2,47,3.85119,0.276786,0.436736,0.56492,0.45873,0.585714,0.000400137,0,1,0.0814765,0.333333,10.3629,0.646052,1.70459
grouped,1,2,48,4.27997,0.291295,0.456295,0.555502,0.485714,0.574603,0.000395799,0,1,0.0810738,0.333333,9.24474,0.59814,1.76012
grouped,1,2,49,4.22504,0.238281,0.527764,0.560454,0.550794,0.584127,0.000391394,0,1,0.0806711,0.333333,8.19992,0.638819,1.76626
grouped,1,2,50,3.93158,0.214286,0.515323,0.546051,0.536508,0.574603,0.000386923,0,1,0.0802685,0.333333,9.1836,0.634566,1.70316
grouped,1,2,51,3.83604,0.243304,0.455294,0.547566,0.485714,0.574603,0.000382389,0,1,0.0798658,0.333333,9.54844,0.633514,1.68236
grouped,1,2,52,4.10719,0.263951,0.534274,0.556933,0.555556,0.580952,0.000377795,0,1,0.0794631,0.333333,8.80272,0.620097,1.75875
grouped,1,2,53,4.04164,0.227679,0.540902,0.551844,0.563492,0.579365,0.000373141,0,1,0.0790604,0.333333,10.256,0.638857,1.7506
grouped,1,2,54,3.79088,0.285714,0.526987,0.559218,0.555556,0.584127,0.000368431,0,1,0.0786577,0.333333,8.8754,0.656358,1.72572
grouped,1,2,55,3.88074,0.259487,0.549348,0.571152,0.566667,0.590476,0.000363667,0,1,0.078255,0.333333,10.1848,0.634409,1.70991
grouped,1,2,56,3.9987,0.27567,0.54113,0.582905,0.568254,0.603175,0.00035885,0,1,0.0778523,0.333333,8.92145,0.627603,1.71514
grouped,1,2,57,3.93411,0.174665,0.526249,0.589039,0.555556,0.606349,0.000353983,0,1,0.0774497,0.333333,8.57295,0.621998,1.67126
grouped,1,2,58,3.91951,0.25,0.519551,0.56886,0.550794,0.592063,0.000349069,0,1,0.077047,0.333333,8.68237,0.642861,1.70244
grouped,1,2,59,3.89463,0.248326,0.563876,0.573971,0.588889,0.598413,0.000344109,0,1,0.0766443,0.333333,9.24403,0.646193,1.73473
grouped,1,2,60,3.97475,0.31808,0.528228,0.585279,0.553968,0.604762,0.000339107,0,1,0.0762416,0.321429,9.03484,0.626018,1.69753
grouped,1,2,61,3.99816,0.28404,0.516055,0.588603,0.547619,0.609524,0.000334063,0,1,0.0758389,0.333333,9.83283,0.636679,1.69673
grouped,1,2,62,3.75036,0.291853,0.3165,0.585874,0.355556,0.604762,0.000328982,0,1,0.0754362,0.333333,10.0517,0.658798,1.69239
grouped,1,2,63,4.00577,0.134487,0.538719,0.610383,0.566667,0.62381,0.000323864,0,1,0.0750336,0.333333,8.66068,0.655149,1.72555
grouped,1,2,64,3.8721,0.362723,0.555357,0.612875,0.566667,0.630159,0.000318713,0,1,0.0746309,0.333333,8.80702,0.660151,1.7484
grouped,1,2,65,3.67372,0.323661,0.508464,0.591958,0.526984,0.61746,0.000313531,0,1,0.0742282,0.333333,8.95807,0.638386,1.63697
grouped,1,2,66,3.42027,0.332031,0.608069,0.589983,0.625397,0.612698,0.000308321,0,1,0.0738255,0.333333,9.28974,0.658206,1.58738
grouped,1,2,67,3.45879,0.323661,0.572316,0.588146,0.588889,0.606349,0.000303084,0,1,0.0734228,0.333333,9.44779,0.686401,1.61115
grouped,1,2,68,3.62741,0.344866,0.545814,0.601159,0.573016,0.615873,0.000297823,0,1,0.0730201,0.333333,9.31365,0.652869,1.66378
grouped,1,2,69,3.54456,0.362723,0.601151,0.561167,0.61746,0.584127,0.000292541,0,1,0.0726174,0.333333,9.36589,0.630517,1.56483
grouped,1,2,70,3.47963,0.339844,0.58947,0.577263,0.606349,0.596825,0.00028724,0,1,0.0722148,0.333333,10.8413,0.638284,1.56047
grouped,1,2,71,3.66436,0.239955,0.590005,0.598333,0.612698,0.615873,0.000281923,0,1,0.0718121,0.333333,9.24737,0.63301,1.56022
grouped,1,2,72,3.31804,0.306362,0.588446,0.618151,0.603175,0.633333,0.000276592,0,1,0.0714094,0.333333,10.1127,0.635581,1.52195
grouped,1,2,73,3.30577,0.332031,0.590039,0.608028,0.607937,0.62381,0.00027125,0,1,0.0710067,0.333333,9.13135,0.653209,1.50586
grouped,1,2,74,3.63102,0.368862,0.538518,0.605129,0.565079,0.619048,0.000265899,0,1,0.070604,0.333333,9.78765,0.627617,1.58469
grouped,1,2,75,3.6834,0.314174,0.575978,0.582299,0.6,0.598413,0.000260542,0,1,0.0702013,0.333333,10.2014,0.652002,1.62889
grouped,1,2,76,3.1876,0.228795,0.567102,0.586989,0.590476,0.601587,0.000255181,0,1,0.0697987,0.321429,9.04303,0.648675,1.50968
grouped,1,2,77,3.08169,0.366071,0.620171,0.61209,0.638095,0.620635,0.000249819,0,1,0.069396,0.333333,8.75701,0.666468,1.46653
grouped,1,2,78,2.98513,0.282924,0.602352,0.630089,0.615873,0.64127,0.000244458,0,1,0.0689933,0.333333,,0.678941,1.42147
grouped,1,2,79,3.33072,0.276228,0.599359,0.640633,0.615873,0.652381,0.000239101,0,1,0.0685906,0.333333,9.75883,0.658755,1.50439
grouped,1,2,80,3.2445,0.340402,0.651593,0.642381,0.668254,0.655556,0.00023375,0,1,0.0681879,0.333333,9.34779,0.661794,1.57024
grouped,1,2,81,3.3174,0.316406,0.583192,0.637961,0.606349,0.649206,0.000228408,0,1,0.0677852,0.333333,9.66093,0.631305,1.49238
grouped,1,2,82,3.13498,0.330915,0.621151,0.63544,0.644444,0.650794,0.000223077,0,1,0.0673826,0.333333,10.5433,0.637292,1.46251
grouped,1,2,83,2.97647,0.280692,0.62808,0.646593,0.642857,0.65873,0.00021776,0,1,0.0669799,0.333333,9.82444,0.659209,1.4735
grouped,1,2,84,2.76049,0.229353,0.576363,0.614124,0.598413,0.630159,0.000212459,0,1,0.0665772,0.333333,10.5941,0.669053,1.35441
grouped,1,2,85,2.87889,0.297433,0.619652,0.639244,0.638095,0.650794,0.000207177,0,1,0.0661745,0.333333,9.92146,0.653008,1.43145
grouped,1,2,86,3.00756,0.380022,0.635811,0.618063,0.650794,0.631746,0.000201916,0,1,0.0657718,0.333333,9.78433,0.677595,1.43634
grouped,1,2,87,2.68728,0.503348,0.646053,0.641657,0.65873,0.660317,0.000196679,0,1,0.0653691,0.333333,11.5402,0.670526,1.34114
grouped,1,2,88,3.0095,0.413504,0.6353,0.630877,0.649206,0.650794,0.000191469,0,1,0.0649664,0.333333,10.594,0.657522,1.44478
grouped,1,2,89,2.70882,0.328125,0.62959,0.632943,0.644444,0.653968,0.000186287,0,1,0.0645638,0.333333,9.80171,0.661227,1.3865
grouped,1,2,90,3.22379,0.280692,0.637824,0.64154,0.655556,0.65873,0.000181136,0,1,0.0641611,0.333333,9.7086,0.651449,1.50604
grouped,1,2,91,3.09906,0.394531,0.637666,0.641413,0.649206,0.657143,0.000176018,0,1,0.0637584,0.333333,9.6063,0.637045,1.46122
grouped,1,2,92,2.80679,0.361049,0.66785,0.652769,0.677778,0.669841,0.000170937,0,1,0.0633557,0.333333,11.2874,0.650015,1.39189
grouped,1,2,93,2.68702,0.457589,0.672073,0.652774,0.680952,0.668254,0.000165893,0,1,0.062953,0.333333,11.2399,0.648117,1.3377
grouped,1,2,94,2.81844,0.248884,0.634932,0.646772,0.653968,0.665079,0.000160891,0,1,0.0625503,0.333333,10.483,0.637817,1.37665
grouped,1,2,95,3.11658,0.262277,0.643066,0.658257,0.655556,0.673016,0.000155931,0,1,0.0621477,0.333333,10.4353,0.629628,1.46004
grouped,1,2,96,2.8078,0.398438,0.663831,0.663862,0.673016,0.679365,0.000151017,0,1,0.061745,0.333333,10.6481,0.667904,1.41765
grouped,1,2,97,2.79831,0.248326,0.618337,0.671896,0.636508,0.685714,0.00014615,0,1,0.0613423,0.333333,9.14244,0.630163,1.34141
grouped,1,2,98,3.02843,0.363839,0.65865,0.679477,0.674603,0.693651,0.000141333,0,1,0.0609396,0.333333,10.8706,0.639125,1.45069
grouped,1,2,99,2.68914,0.385603,0.688084,0.689108,0.701587,0.701587,0.000136569,0,1,0.0605369,0.333333,9.96479,0.628134,1.32778
grouped,1,2,100,2.58766,0.315848,0.676199,0.674803,0.688889,0.687302,0.000131859,0,1,0.0601342,0.333333,11.5988,0.663088,1.3331
grouped,1,2,101,2.81468,0.363839,0.668378,0.681316,0.684127,0.695238,0.000127205,0,1,0.0597315,0.333333,9.44035,0.633651,1.35643
grouped,1,2,102,2.69043,0.477679,0.642191,0.684106,0.65873,0.695238,0.000122611,0,1,0.0593289,0.333333,10.0849,0.627591,1.34051
grouped,1,2,103,2.85176,0.361049,0.631684,0.68199,0.646032,0.695238,0.000118077,0,1,0.0589262,0.333333,9.16675,0.641278,1.35533
grouped,1,2,104,2.60701,0.333705,0.670335,0.682824,0.679365,0.692063,0.000113606,0,1,0.0585235,0.333333,11.9793,0.635828,1.3056
grouped,1,2,105,2.67977,0.376674,0.666605,0.680239,0.68254,0.692063,0.000109201,0,1,0.0581208,0.333333,9.50383,0.621778,1.3119
grouped,1,2,106,2.76449,0.323103,0.643156,0.680021,0.660317,0.688889,0.000104863,0,1,0.0577181,0.333333,9.30741,0.646087,1.36103
grouped,1,2,107,2.60554,0.262277,0.665761,0.688922,0.67619,0.698413,0.000100594,0,1,0.0573154,0.333333,10.4089,0.627739,1.27525
grouped,1,2,108,2.69008,0.333147,0.658536,0.677733,0.677778,0.690476,9.63962e-05,0,1,0.0569128,0.333333,10.0407,0.637242,1.34288
grouped,1,2,109,2.55451,0.296875,0.669477,0.692908,0.68254,0.703175,9.22719e-05,0,1,0.0565101,0.333333,11.0888,0.621583,1.29553
grouped,1,2,110,2.50223,0.447545,0.673771,0.702262,0.684127,0.711111,8.82228e-05,0,1,0.0561074,0.333333,10.1049,0.634255,1.29782
grouped,1,2,111,1.53155,0.823661,0.682813,0.708372,0.693651,0.715873,8.42509e-05,0,0,0.0557047,0.333333,9.86712,0.680781,1.06282
grouped,1,2,112,1.53049,0.824777,0.694505,0.699769,0.704762,0.707937,8.03579e-05,0.0020458,0,0.055302,0.333333,11.3288,0.725173,1.05013
grouped,1,2,113,1.57177,0.793527,0.651612,0.700488,0.657143,0.709524,7.65457e-05,0.00812741,0,0.0548993,0.333333,11.6964,0.802563,1.19094
grouped,1,2,114,1.69701,0.751674,0.705706,0.710783,0.712698,0.71746,7.28161e-05,0.0180789,0,0.0544966,0.333333,13.2878,0.885214,1.24712
grouped,1,2,115,1.722,0.716518,0.69997,0.711881,0.709524,0.720635,6.91709e-05,0.0316289,0,0.054094,0.333333,14.1045,0.975018,1.31903
grouped,1,2,116,1.91234,0.655134,0.684305,0.713691,0.690476,0.722222,6.56117e-05,0.0484078,0,0.0536913,0.333333,16.7193,1.17764,1.46861
grouped,1,2,117,2.11729,0.589286,0.695525,0.698179,0.7,0.706349,6.21402e-05,0.0679578,0,0.0532886,0.333333,,1.38719,1.5787
grouped,1,2,118,2.40738,0.52567,0.693749,0.705454,0.704762,0.714286,5.87581e-05,0.0897457,0,0.0528859,0.333333,20.8102,1.71537,1.75253
grouped,1,2,119,2.67047,0.476004,0.692518,0.713938,0.703175,0.722222,5.5467e-05,0.113177,0,0.0524832,0.333333,25.5451,1.94646,1.84702
grouped,1,2,120,2.91448,0.436384,0.709817,0.711687,0.719048,0.720635,5.22683e-05,0.137613,0,0.0520805,0.333333,26.8346,2.21097,1.92939
grouped,1,2,121,3.45877,0.361049,0.708248,0.714486,0.71746,0.72381,4.91636e-05,0.162387,0,0.0516779,0.333333,31.4925,2.51346,2.02103
grouped,1,2,122,3.80766,0.348214,0.69559,0.707811,0.707937,0.71746,4.61544e-05,0.186823,0,0.0512752,0.333333,36.693,2.78335,2.1038
grouped,1,2,123,4.11694,0.319754,0.709976,0.718452,0.722222,0.728571,4.3242e-05,0.210254,0,0.0508725,0.333333,37.3145,2.9348,2.14991
grouped,1,2,124,4.58854,0.271763,0.697716,0.705789,0.709524,0.715873,4.04278e-05,0.232042,0,0.0504698,0.333333,37.5858,3.16834,2.23053
grouped,1,2,125,4.97665,0.239955,0.702225,0.713631,0.712698,0.722222,3.77132e-05,0.251592,0,0.0500671,0.333333,40.7141,3.32613,2.26169
grouped,1,2,126,5.08326,0.233817,0.70305,0.705936,0.712698,0.714286,3.50995e-05,0.268371,0,0.0496644,0.333333,42,3.39472,2.29265
grouped,1,2,127,5.32433,0.233817,0.705872,0.715338,0.71746,0.72381,3.25877e-05,0.281921,0,0.0492617,0.333333,43.2496,3.47736,2.297
grouped,1,2,128,5.28391,0.242746,0.699333,0.713037,0.714286,0.720635,3.01792e-05,0.291873,0,0.0488591,0.333333,,3.50887,2.29784
grouped,1,2,129,5.47003,0.234375,0.70282,0.716131,0.715873,0.725397,2.78751e-05,0.297954,0,0.0484564,0.333333,44.8374,3.61077,2.33632
grouped,1,2,130,5.36275,0.237723,0.697436,0.718368,0.711111,0.726984,2.56764e-05,0.3,0,0.0480537,0.333333,47.4755,3.56206,2.28087
grouped,1,2,131,5.21621,0.257812,0.70468,0.708477,0.719048,0.719048,2.35841e-05,0.3,0,0.047651,0.333333,46.5281,3.56916,2.26951
grouped,1,2,132,5.21274,0.255022,0.697807,0.712177,0.711111,0.72381,2.15994e-05,0.3,0,0.0472483,0.333333,47.0525,3.57496,2.28047
grouped,1,2,133,5.17632,0.276228,0.7,0.715601,0.712698,0.726984,1.9723e-05,0.3,0,0.0468456,0.333333,49.0824,3.53659,2.24268
grouped,1,2,134,5.15338,0.277344,0.695797,0.70318,0.709524,0.715873,1.79558e-05,0.3,0,0.046443,0.333333,47.7037,3.5046,2.22476
grouped,1,2,135,5.19867,0.277902,0.707466,0.703483,0.719048,0.71746,1.62988e-05,0.3,0,0.0460403,0.333333,46.297,3.53792,2.2125
grouped,1,2,136,5.01712,0.297991,0.695061,0.706206,0.707937,0.720635,1.47526e-05,0.3,0,0.0456376,0.333333,44.579,3.49737,2.21023
grouped,1,2,137,4.94861,0.305246,0.712216,0.703697,0.726984,0.719048,1.33181e-05,0.3,0,0.0452349,0.333333,,3.54099,2.21153
grouped,1,2,138,4.89962,0.303571,0.714164,0.703706,0.728571,0.71746,1.19958e-05,0.3,0,0.0448322,0.333333,49.043,3.53285,2.21572
grouped,1,2,139,5.04917,0.301339,0.711794,0.710615,0.72381,0.72381,1.07864e-05,0.3,0,0.0444295,0.333333,50.0011,3.55454,2.20629
grouped,1,2,140,4.80814,0.316964,0.714461,0.706861,0.728571,0.719048,9.69048e-06,0.3,0,0.0440268,0.333333,53.0274,3.47525,2.16985
grouped,1,2,141,5.18946,0.282924,0.70241,0.707296,0.715873,0.720635,8.70853e-06,0.3,0,0.0436242,0.333333,46.7,3.55171,2.21044
grouped,1,2,142,5.14319,0.296875,0.712582,0.708328,0.725397,0.722222,7.84101e-06,0.3,0,0.0432215,0.333333,47.8477,3.48452,2.18463
grouped,1,2,143,4.89504,0.309152,0.713776,0.705902,0.726984,0.720635,7.08833e-06,0.3,0,0.0428188,0.333333,49.8397,3.54628,2.19587
grouped,1,2,144,4.88504,0.305246,0.711543,0.702415,0.725397,0.715873,6.45086e-06,0.3,0,0.0424161,0.333333,49.1857,3.50968,2.18279
grouped,1,2,145,4.97159,0.305246,0.704794,0.708707,0.71746,0.719048,5.92887e-06,0.3,0,0.0420134,0.333333,50.1147,3.5417,2.18974
grouped,1,2,146,4.87274,0.310826,0.718329,0.709127,0.731746,0.720635,5.52264e-06,0.3,0,0.0416107,0.333333,55.2189,3.50268,2.17818
grouped,1,2,147,4.90421,0.302455,0.715196,0.710934,0.728571,0.722222,5.23233e-06,0.3,0,0.0412081,0.333333,53.8275,3.5262,2.17494
grouped,1,2,148,4.86519,0.305804,0.711791,0.710419,0.72381,0.722222,5.05809e-06,0.3,0,0.0408054,0.333333,48.1578,3.5318,2.19706
stratified,0,0,1,8.26134,0.0136719,0.0235905,0.0350318,0.0673289,0.0728477,0.0002,0,1,0.1,0.266667,,1.23928,2.51454
stratified,0,0,2,7.16709,0.0402344,0.0743687,0.0844872,0.126932,0.134658,0.0003,0,1,0.0995973,0.333333,11.6383,1.16917,2.19165
stratified,0,0,3,6.86619,0.0449219,0.0615994,0.101795,0.111479,0.145695,0.0004,0,1,0.0991946,0.333333,7.09427,1.18406,2.2289
stratified,0,0,4,6.61372,0.0703125,0.0992441,0.153749,0.15894,0.204194,0.0005,0,1,0.0987919,0.183333,5.09153,1.12697,2.30395
stratified,0,0,5,6.50186,0.0804688,0.124309,0.167594,0.182119,0.213024,0.000499942,0,1,0.0983893,0.0583333,4.72657,1.00914,2.28248
stratified,0,0,6,6.41725,0.0632812,0.121528,0.204728,0.16777,0.254967,0.000499768,0,1,0.0979866,0.0916667,4.76043,0.87611,2.21848
stratified,0,0,7,6.38548,0.0835937,0.114832,0.202053,0.1766,0.250552,0.000499477,0,1,0.0975839,0.116667,4.62848,0.801187,2.24505
stratified,0,0,8,6.31554,0.0933594,0.157927,0.220162,0.206402,0.262693,0.000499071,0,1,0.0971812,0.05,4.2222,0.750209,2.18284
stratified,0,0,9,6.11434,0.116016,0.171621,0.220013,0.211921,0.260486,0.000498549,0,1,0.0967785,0.0833333,4.61966,0.726052,2.22996
stratified,0,0,10,6.15978,0.117969,0.195856,0.2279,0.238411,0.273731,0.000497912,0,1,0.0963758,0.0416667,4.4897,0.700735,2.16727
stratified,0,0,11,5.96715,0.0867187,0.188489,0.251838,0.231788,0.290287,0.000497159,0,1,0.0959732,0.116667,4.69751,0.684311,2.11877
stratified,0,0,12,5.89299,0.114453,0.205557,0.251887,0.248344,0.290287,0.000496291,0,1,0.0955705,0.133333,4.86647,0.683834,2.15929
stratified,0,0,13,5.87387,0.0992187,0.229772,0.286647,0.278146,0.322296,0.00049531,0,1,0.0951678,0.15,4.95652,0.679252,2.1227
stratified,0,0,14,5.8693,0.149609,0.252136,0.285347,0.292494,0.3234,0.000494214,0,1,0.0947651,0.166667,5.01722,0.671389,2.16613
stratified,0,0,15,5.86359,0.128906,0.217092,0.288354,0.275938,0.325607,0.000493004,0,1,0.0943624,0.191667,5.2213,0.659832,2.17775
stratified,0,0,16,5.84114,0.108594,0.247811,0.283946,0.291391,0.318985,0.000491682,0,1,0.0939597,0.216667,5.56357,0.63819,2.12714
stratified,0,0,17,5.84226,0.107031,0.246464,0.309243,0.288079,0.346578,0.000490247,0,1,0.093557,0.241667,5.55918,0.638351,2.18935
stratified,0,0,18,5.81607,0.142187,0.247236,0.305611,0.294702,0.338852,0.000488701,0,1,0.0931544,0.191667,5.21964,0.626435,2.09795
stratified,0,0,19,5.5674,0.117969,0.257832,0.316497,0.301325,0.34989,0.000487044,0,1,0.0927517,0.216667,5.6321,0.633888,2.07748
stratified,0,0,20,5.57709,0.181641,0.31328,0.326523,0.354305,0.35872,0.000485277,0,1,0.092349,0.266667,6.11069,0.646137,2.11598
stratified,0,0,21,5.4858,0.127344,0.32723,0.36603,0.365342,0.392936,0.000483401,0,1,0.0919463,0.291667,6.11036,0.644975,2.13613
stratified,0,0,22,5.21201,0.193359,0.359479,0.371222,0.391832,0.398455,0.000481416,0,1,0.0915436,0.258333,6.39669,0.62089,2.0193
stratified,0,0,23,5.42156,0.208594,0.347329,0.391752,0.384106,0.418322,0.000479324,0,1,0.0911409,0.266667,6.08071,0.602578,2.03827
stratified,0,0,24,5.18094,0.186719,0.413927,0.408529,0.448124,0.431567,0.000477125,0,1,0.0907383,0.275,6.12298,0.588597,1.97972
stratified,0,0,25,5.26718,0.188672,0.37948,0.421006,0.415011,0.448124,0.000474821,0,1,0.0903356,0.283333,6.208,0.591075,1.99114
stratified,0,0,26,4.99427,0.184375,0.355114,0.430992,0.381898,0.452539,0.000472412,0,1,0.0899329,0.308333,6.87362,0.589616,1.92616
stratified,0,0,27,4.98852,0.164844,0.373775,0.437762,0.413907,0.462472,0.000469901,0,1,0.0895302,0.325,7.51165,0.625614,1.9716
stratified,0,0,28,5.08755,0.189062,0.316574,0.438192,0.348786,0.460265,0.000467287,0,1,0.0891275,0.316667,6.92883,0.614985,2.01292
stratified,0,0,29,5.09584,0.241016,0.32352,0.442417,0.348786,0.465784,0.000464572,0,1,0.0887248,0.3,6.19844,0.593972,1.92766
stratified,0,0,30,4.93132,0.255469,0.413841,0.461065,0.451435,0.485651,0.000461758,0,1,0.0883221,0.308333,6.92499,0.612522,1.98347
stratified,0,0,31,4.78907,0.238672,0.451464,0.467345,0.47351,0.488962,0.000458846,0,1,0.0879195,0.333333,6.98032,0.617518,1.90771
stratified,0,0,32,4.64716,0.228906,0.384334,0.456104,0.408389,0.480132,0.000455836,0,1,0.0875168,0.333333,8.07933,0.624739,1.90598
stratified,0,0,33,4.83465,0.220312,0.426828,0.464146,0.452539,0.484547,0.000452732,0,1,0.0871141,0.325,7.59039,0.619976,1.93055
stratified,0,0,34,4.64863,0.219531,0.452401,0.468767,0.480132,0.490066,0.000449533,0,1,0.0867114,0.333333,7.7795,0.634023,1.93952
stratified,0,0,35,4.66401,0.262109,0.417964,0.472183,0.44702,0.492274,0.000446242,0,1,0.0863087,0.325,7.29187,0.611448,1.87244
stratified,0,0,36,4.70555,0.238672,0.477875,0.451009,0.496689,0.47351,0.00044286,0,1,0.085906,0.333333,8.37831,0.635818,1.93996
stratified,0,0,37,4.60317,0.237891,0.443191,0.496599,0.467991,0.51766,0.000439388,0,1,0.0855034,0.325,7.25804,0.613704,1.86045
stratified,0,0,38,4.64431,0.248047,0.456218,0.471516,0.477925,0.494481,0.000435829,0,1,0.0851007,0.333333,7.89952,0.638725,1.89659
stratified,0,0,39,4.50599,0.2875,0.464603,0.48487,0.477925,0.507726,0.000432184,0,1,0.084698,0.333333,7.74859,0.63689,1.89419
stratified,0,0,40,4.66083,0.168359,0.462056,0.461881,0.487859,0.488962,0.000428454,0,1,0.0842953,0.325,7.82824,0.618218,1.88385
stratified,0,0,41,4.18962,0.248047,0.409144,0.501816,0.427152,0.523179,0.000424642,0,1,0.0838926,0.333333,7.90487,0.636715,1.77302
stratified,0,0,42,4.62068,0.280859,0.442381,0.520832,0.469095,0.541943,0.000420749,0,1,0.0834899,0.333333,8.42352,0.62479,1.8488
stratified,0,0,43,4.47996,0.232813,0.450662,0.506428,0.470199,0.52649,0.000416777,0,1,0.0830872,0.325,7.4089,0.607662,1.80775
stratified,0,0,44,4.2164,0.232031,0.51005,0.524769,0.524283,0.54415,0.000412728,0,1,0.0826846,0.325,8.01468,0.632862,1.77429
stratified,0,0,45,4.36222,0.246484,0.489489,0.535547,0.524283,0.55298,0.000408604,0,1,0.0822819,0.325,8.05283,0.63381,1.78798
stratified,0,0,46,4.27015,0.288672,0.520688,0.555632,0.540839,0.572848,0.000404406,0,1,0.0818792,0.325,8.532,0.614811,1.72907
stratified,0,0,47,4.29234,0.290625,0.493549,0.559668,0.513245,0.576159,0.000400137,0,1,0.0814765,0.325,7.51109,0.614606,1.75605
stratified,0,0,48,4.31893,0.223438,0.48707,0.544902,0.50883,0.564018,0.000395799,0,1,0.0810738,0.333333,8.39735,0.642202,1.78717
stratified,0,0,49,4.2646,0.239844,0.500162,0.547167,0.52649,0.566225,0.000391394,0,1,0.0806711,0.333333,8.08023,0.630301,1.74934
stratified,0,0,50,4.19149,0.260547,0.484646,0.556437,0.503311,0.577263,0.000386923,0,1,0.0802685,0.333333,8.48682,0.645154,1.75903
stratified,0,0,51,4.22619,0.199219,0.535498,0.555179,0.554084,0.573951,0.000382389,0,1,0.0798658,0.333333,8.15092,0.630901,1.80501
stratified,0,0,52,3.99751,0.300781,0.528837,0.557829,0.548565,0.572848,0.000377795,0,1,0.0794631,0.325,8.16646,0.654715,1.70373
stratified,0,0,53,4.0609,0.212109,0.560527,0.549074,0.577263,0.566225,0.000373141,0,1,0.0790604,0.333333,8.29979,0.645949,1.72127
stratified,0,0,54,4.20811,0.224219,0.53429,0.558925,0.549669,0.577263,0.000368431,0,1,0.0786577,0.325,7.90998,0.622677,1.7565
stratified,0,0,55,4.21622,0.217969,0.541465,0.558731,0.56181,0.576159,0.000363667,0,1,0.078255,0.333333,7.59249,0.617618,1.74383
stratified,0,0,56,3.98297,0.2875,0.57911,0.585247,0.596026,0.599338,0.00035885,0,1,0.0778523,0.333333,7.98764,0.624108,1.69582
stratified,0,0,57,3.80639,0.346875,0.526019,0.583903,0.549669,0.600442,0.000353983,0,1,0.0774497,0.333333,8.16065,0.672083,1.6465
stratified,0,0,58,4.07589,0.289062,0.525423,0.587568,0.543046,0.602649,0.000349069,0,1,0.077047,0.333333,7.90731,0.629771,1.75925
stratified,0,0,59,3.83772,0.354297,0.578908,0.586325,0.5883,0.600442,0.000344109,0,1,0.0766443,0.325,7.85223,0.659963,1.67475
stratified,0,0,60,3.7104,0.271875,0.57724,0.588864,0.592715,0.604857,0.000339107,0,1,0.0762416,0.333333,8.43869,0.676122,1.66509
stratified,0,0,61,3.86512,0.208984,0.593013,0.586569,0.603753,0.603753,0.000334063,0,1,0.0758389,0.333333,8.21014,0.628529,1.67194
stratified,0,0,62,3.78954,0.3,0.520537,0.588218,0.548565,0.604857,0.000328982,0,1,0.0754362,0.333333,8.1317,0.651138,1.69275
stratified,0,0,63,3.53076,0.273047,0.603642,0.607892,0.607064,0.619205,0.000323864,0,1,0.0750336,0.333333,8.42653,0.672467,1.60857
stratified,0,0,64,3.72159,0.346484,0.581932,0.605809,0.600442,0.619205,0.000318713,0,1,0.0746309,0.333333,8.58113,0.662521,1.6652
stratified,0,0,65,3.55866,0.266016,0.596392,0.603221,0.613687,0.615894,0.000313531,0,1,0.0742282,0.333333,8.81544,0.653299,1.58739
stratified,0,0,66,3.80886,0.260937,0.588715,0.602903,0.600442,0.615894,0.000308321,0,1,0.0738255,0.333333,8.07707,0.625409,1.63093
stratified,0,0,67,3.62912,0.289062,0.596183,0.627384,0.611479,0.636865,0.000303084,0,1,0.0734228,0.333333,8.31206,0.639059,1.61146
stratified,0,0,68,3.66016,0.240625,0.590455,0.623965,0.602649,0.633554,0.000297823,0,1,0.0730201,0.333333,8.12846,0.652594,1.64078
stratified,0,0,69,3.63302,0.317578,0.583848,0.618982,0.594923,0.63245,0.000292541,0,1,0.0726174,0.333333,8.14983,0.667932,1.62168
stratified,0,0,70,3.94906,0.280859,0.55005,0.612745,0.573951,0.626932,0.00028724,0,1,0.0722148,0.333333,8.35518,0.63649,1.68327
stratified,0,0,71,3.63899,0.286719,0.58414,0.617461,0.598234,0.630243,0.000281923,0,1,0.0718121,0.333333,8.28188,0.630361,1.60935
stratified,0,0,72,3.70164,0.260156,0.528401,0.611299,0.548565,0.625828,0.000276592,0,1,0.0714094,0.333333,8.38584,0.633924,1.59513
stratified,0,0,73,3.43941,0.307812,0.571562,0.608816,0.583885,0.621413,0.00027125,0,1,0.0710067,0.333333,7.96255,0.663726,1.57906
stratified,0,0,74,3.30735,0.316016,0.595683,0.622672,0.607064,0.631347,0.000265899,0,1,0.070604,0.333333,9.03847,0.685388,1.59092
stratified,0,0,75,3.26105,0.384375,0.618446,0.636695,0.628035,0.646799,0.000260542,0,1,0.0702013,0.325,7.94873,0.643251,1.4776
stratified,0,0,76,3.34875,0.250391,0.525639,0.623267,0.540839,0.63245,0.000255181,0,1,0.0697987,0.333333,8.51829,0.6632,1.58231
stratified,0,0,77,3.44105,0.346484,0.638485,0.62434,0.647903,0.633554,0.000249819,0,1,0.069396,0.333333,8.80188,0.661255,1.56974
stratified,0,0,78,3.37421,0.322266,0.567882,0.627076,0.578366,0.636865,0.000244458,0,1,0.0689933,0.333333,8.56964,0.668221,1.53781
stratified,0,0,79,3.29721,0.346875,0.609456,0.64049,0.622517,0.646799,0.000239101,0,1,0.0685906,0.333333,8.42759,0.685622,1.5576
stratified,0,0,80,3.26988,0.362109,0.578117,0.657351,0.592715,0.663355,0.00023375,0,1,0.0681879,0.333333,7.74064,0.650687,1.51878
stratified,0,0,81,3.67615,0.307031,0.601243,0.642352,0.61479,0.651214,0.000228408,0,1,0.0677852,0.333333,9.01119,0.641101,1.61384
stratified,0,0,82,3.2656,0.433594,0.589382,0.608614,0.601545,0.62362,0.000223077,0,1,0.0673826,0.333333,7.87326,0.654962,1.51673
stratified,0,0,83,2.88717,0.306641,0.621804,0.633205,0.630243,0.64128,0.00021776,0,1,0.0669799,0.333333,8.6182,0.692998,1.41667
stratified,0,0,84,3.00003,0.289453,0.625876,0.637317,0.635762,0.646799,0.000212459,0,1,0.0665772,0.333333,8.14359,0.685785,1.45919
stratified,0,0,85,3.11945,0.314453,0.603438,0.637166,0.612583,0.647903,0.000207177,0,1,0.0661745,0.333333,8.46927,0.667791,1.45841
stratified,0,0,86,3.27095,0.315625,0.593149,0.640049,0.610375,0.651214,0.000201916,0,1,0.0657718,0.333333,8.70954,0.668375,1.50186
stratified,0,0,87,2.88271,0.371094,0.63405,0.650837,0.639073,0.656733,0.000196679,0,1,0.0653691,0.333333,8.2598,0.691643,1.426
stratified,0,0,88,3.29289,0.253125,0.600466,0.647736,0.613687,0.657837,0.000191469,0,1,0.0649664,0.333333,7.8838,0.650293,1.51415
stratified,0,0,89,3.45092,0.291406,0.592009,0.620142,0.60596,0.634658,0.000186287,0,1,0.0645638,0.333333,8.09905,0.646069,1.55729
stratified,0,0,90,3.07997,0.314063,0.628721,0.648145,0.639073,0.657837,0.000181136,0,1,0.0641611,0.333333,7.71005,0.648915,1.47375
stratified,0,0,91,3.07694,0.348438,0.624994,0.634415,0.639073,0.642384,0.000176018,0,1,0.0637584,0.333333,8.07391,0.648845,1.46481
stratified,0,0,92,3.30122,0.343359,0.601709,0.648282,0.621413,0.657837,0.000170937,0,1,0.0633557,0.333333,8.39799,0.661105,1.54819
stratified,0,0,93,2.96819,0.251953,0.583159,0.652351,0.599338,0.656733,0.000165893,0,1,0.062953,0.333333,8.26126,0.663671,1.44034
stratified,0,0,94,3.28502,0.304688,0.648583,0.638198,0.657837,0.647903,0.000160891,0,1,0.0625503,0.325,7.75316,0.649409,1.56036
stratified,0,0,95,3.20601,0.363672,0.638688,0.657124,0.643488,0.665563,0.000155931,0,1,0.0621477,0.333333,8.0941,0.647247,1.48365
stratified,0,0,96,2.889,0.458984,0.637202,0.657562,0.645695,0.664459,0.000151017,0,1,0.061745,0.333333,8.49181,0.664427,1.43388
stratified,0,0,97,2.71293,0.423438,0.649382,0.659469,0.660044,0.664459,0.00014615,0,1,0.0613423,0.333333,8.29179,0.676821,1.35148
stratified,0,0,98,2.71484,0.305469,0.6438,0.657037,0.649007,0.663355,0.000141333,0,1,0.0609396,0.333333,8.40569,0.683576,1.38851
stratified,0,0,99,3.04263,0.410156,0.64698,0.651426,0.657837,0.660044,0.000136569,0,1,0.0605369,0.333333,8.14411,0.654672,1.43981
stratified,0,0,100,2.7932,0.311719,0.652445,0.667821,0.656733,0.672185,0.000131859,0,1,0.0601342,0.333333,8.59165,0.673081,1.39422
stratified,0,0,101,2.51742,0.371875,0.654719,0.661658,0.664459,0.666667,0.000127205,0,1,0.0597315,0.333333,8.21192,0.669601,1.3008
stratified,0,0,102,2.93119,0.325781,0.626409,0.65537,0.642384,0.664459,0.000122611,0,1,0.0593289,0.333333,7.85297,0.672953,1.42257
stratified,0,0,103,3.02811,0.297656,0.654633,0.660546,0.660044,0.668874,0.000118077,0,1,0.0589262,0.333333,7.85294,0.642036,1.43633
stratified,0,0,104,2.6894,0.378125,0.639104,0.651543,0.647903,0.660044,0.000113606,0,1,0.0585235,0.333333,8.84675,0.664113,1.34675
stratified,0,0,105,2.66191,0.331641,0.656868,0.660932,0.661148,0.66777,0.000109201,0,1,0.0581208,0.333333,7.72104,0.649892,1.30681
stratified,0,0,106,2.74766,0.387109,0.629515,0.668283,0.642384,0.675497,0.000104863,0,1,0.0577181,0.333333,8.52975,0.653022,1.39052
stratified,0,0,107,2.7262,0.351562,0.660169,0.671719,0.666667,0.677704,0.000100594,0,1,0.0573154,0.333333,9.0226,0.667397,1.37264
stratified,0,0,108,2.56294,0.378906,0.658841,0.669425,0.664459,0.674393,9.63962e-05,0,1,0.0569128,0.333333,8.50484,0.671957,1.33531
stratified,0,0,109,2.84616,0.421875,0.634029,0.67005,0.642384,0.6766,9.22719e-05,0,1,0.0565101,0.333333,8.1628,0.645556,1.38997
stratified,0,0,110,2.57693,0.391797,0.666934,0.67862,0.668874,0.681015,8.82228e-05,0,1,0.0561074,0.333333,8.06131,0.663409,1.33608
stratified,0,0,111,1.70183,0.785156,0.680219,0.67702,0.679912,0.679912,8.42509e-05,0,0,0.0557047,0.333333,8.12895,0.752535,1.16062
stratified,0,0,112,1.70201,0.78125,0.669844,0.671834,0.674393,0.674393,8.03579e-05,0.0020458,0,0.055302,0.325,,0.803389,1.18851
stratified,0,0,113,1.76169,0.751563,0.678043,0.675986,0.677704,0.677704,7.65457e-05,0.00812741,0,0.0548993,0.333333,9.63984,0.862802,1.27027
stratified,0,0,114,1.8258,0.725781,0.679964,0.682899,0.686534,0.684327,7.28161e-05,0.0180789,0,0.0544966,0.333333,11.0744,0.932609,1.29262
stratified,0,0,115,2.01589,0.644922,0.676856,0.685306,0.678808,0.686534,6.91709e-05,0.0316289,0,0.054094,0.333333,12.3763,1.09062,1.41855
stratified,0,0,116,2.16602,0.599219,0.675942,0.683935,0.677704,0.68543,6.56117e-05,0.0484078,0,0.0536913,0.333333,13.7737,1.27502,1.55934
stratified,0,0,117,2.42553,0.529297,0.693233,0.683464,0.695364,0.684327,6.21402e-05,0.0679578,0,0.0532886,0.333333,16.0572,1.48111,1.64434
stratified,0,0,118,2.719,0.473047,0.68252,0.678025,0.687638,0.678808,5.87581e-05,0.0897457,0,0.0528859,0.333333,17.751,1.72256,1.7645
stratified,0,0,119,3.09656,0.431641,0.690915,0.679338,0.698675,0.679912,5.5467e-05,0.113177,0,0.0524832,0.333333,20.6733,2.0301,1.88093
stratified,0,0,120,3.44509,0.400391,0.679722,0.686388,0.68543,0.686534,5.22683e-05,0.137613,0,0.0520805,0.333333,22.8251,2.31826,1.95796
stratified,0,0,121,3.88173,0.3375,0.679599,0.682603,0.68543,0.683223,4.91636e-05,0.162387,0,0.0516779,0.333333,26.2678,2.64427,2.04492
stratified,0,0,122,4.10995,0.324219,0.673112,0.686482,0.679912,0.688742,4.61544e-05,0.186823,0,0.0512752,0.333333,28.1466,2.8843,2.09116
stratified,0,0,123,4.57606,0.291797,0.674614,0.67891,0.682119,0.679912,4.3242e-05,0.210254,0,0.0508725,0.325,,3.14076,2.166
stratified,0,0,124,5.01946,0.257812,0.684122,0.683685,0.690949,0.68543,4.04278e-05,0.232042,0,0.0504698,0.333333,31.1478,3.21976,2.18479
stratified,0,0,125,5.33643,0.237109,0.682362,0.689275,0.688742,0.688742,3.77132e-05,0.251592,0,0.0500671,0.333333,32.1083,3.33632,2.22437
stratified,0,0,126,5.6595,0.226172,0.693001,0.686413,0.697572,0.688742,3.50995e-05,0.268371,0,0.0496644,0.333333,34.5282,3.46542,2.26192
stratified,0,0,127,5.73674,0.216797,0.6827,0.688801,0.688742,0.690949,3.25877e-05,0.281921,0,0.0492617,0.333333,36.5975,3.57314,2.28721
stratified,0,0,128,6.00964,0.216797,0.679364,0.690342,0.686534,0.693157,3.01792e-05,0.291873,0,0.0488591,0.333333,36.8169,3.59737,2.30414
stratified,0,0,129,6.05886,0.217969,0.678753,0.694464,0.689845,0.696468,2.78751e-05,0.297954,0,0.0484564,0.333333,41.0544,3.61626,2.29209
stratified,0,0,130,5.98279,0.235156,0.683145,0.693063,0.690949,0.695364,2.56764e-05,0.3,0,0.0480537,0.333333,40.2565,3.60841,2.2652
stratified,0,0,131,5.92943,0.239453,0.680028,0.694006,0.689845,0.696468,2.35841e-05,0.3,0,0.047651,0.333333,38.3128,3.63617,2.28136
stratified,0,0,132,5.85329,0.241016,0.686306,0.691726,0.693157,0.69426,2.15994e-05,0.3,0,0.0472483,0.333333,39.9445,3.61102,2.25866
stratified,0,0,133,5.7863,0.249609,0.682518,0.692008,0.688742,0.696468,1.9723e-05,0.3,0,0.0468456,0.333333,43.89,3.60034,2.24544
stratified,0,0,134,5.75544,0.246875,0.678975,0.686705,0.686534,0.690949,1.79558e-05,0.3,0,0.046443,0.333333,38.6587,3.61276,2.23488
stratified,0,0,135,5.72692,0.268359,0.682796,0.689663,0.690949,0.693157,1.62988e-05,0.3,0,0.0460403,0.333333,40.7758,3.62139,2.24281
stratified,0,0,136,5.73974,0.273438,0.685762,0.69192,0.693157,0.695364,1.47526e-05,0.3,0,0.0456376,0.333333,39.1241,3.59418,2.21321
stratified,0,0,137,5.68087,0.264062,0.686859,0.692433,0.693157,0.697572,1.33181e-05,0.3,0,0.0452349,0.333333,39.4367,3.63045,2.23404
stratified,0,0,138,5.60123,0.26875,0.694693,0.692166,0.701987,0.696468,1.19958e-05,0.3,0,0.0448322,0.333333,42.0687,3.60113,2.22005
stratified,0,0,139,5.66373,0.271094,0.68957,0.693655,0.697572,0.698675,1.07864e-05,0.3,0,0.0444295,0.333333,39.8318,3.55152,2.19109
stratified,0,0,140,5.73017,0.275781,0.690528,0.6917,0.697572,0.696468,9.69048e-06,0.3,0,0.0440268,0.333333,39.6933,3.58654,2.21412
stratified,0,0,141,5.70957,0.270313,0.689584,0.69188,0.697572,0.696468,8.70853e-06,0.3,0,0.0436242,0.333333,44.9736,3.55876,2.1928
stratified,0,0,142,5.54518,0.275391,0.692412,0.692102,0.699779,0.697572,7.84101e-06,0.3,0,0.0432215,0.333333,40.1468,3.5696,2.19509
stratified,0,0,143,5.5431,0.279687,0.691742,0.692513,0.699779,0.697572,7.08833e-06,0.3,0,0.0428188,0.333333,39.9714,3.59108,2.20069
stratified,0,0,144,5.54374,0.290625,0.688052,0.690441,0.69426,0.696468,6.45086e-06,0.3,0,0.0424161,0.333333,39.2772,3.56216,2.20195
stratified,0,0,145,5.48928,0.2875,0.695154,0.692553,0.701987,0.697572,5.92887e-06,0.3,0,0.0420134,0.333333,40.3042,3.55923,2.18688
stratified,0,0,146,5.44889,0.283203,0.692019,0.690025,0.698675,0.695364,5.52264e-06,0.3,0,0.0416107,0.333333,38.2535,3.59291,2.18747
stratified,0,0,147,5.49403,0.296875,0.693971,0.693515,0.700883,0.698675,5.23233e-06,0.3,0,0.0412081,0.333333,39.6317,3.52763,2.1648
stratified,0,0,148,5.72525,0.267578,0.69387,0.69251,0.699779,0.697572,5.05809e-06,0.3,0,0.0408054,0.333333,38.5552,3.60942,2.20057
stratified,0,0,149,5.49468,0.292578,0.690996,0.693381,0.697572,0.698675,5e-06,0.3,0,0.0404027,0.333333,41.3971,3.58003,2.18279
stratified,0,0,150,5.33826,0.294141,0.69119,0.690633,0.697572,0.696468,5e-06,0.3,0,0.04,0.325,,3.5512,2.16467
stratified,0,1,1,8.14887,0.0144531,0.0259408,0.0246026,0.0684327,0.0684327,0.0002,0,1,0.1,0.316667,,1.17491,2.32558
stratified,0,1,2,7.18402,0.0363281,0.0611227,0.0630055,0.104857,0.10596,0.0003,0,1,0.0995973,0.333333,11.925,1.16478,2.18127
stratified,0,1,3,6.92394,0.0355469,0.0945074,0.0853584,0.137969,0.125828,0.0004,0,1,0.0991946,0.291667,6.43058,1.2078,2.29353
stratified,0,1,4,6.64694,0.0636719,0.115357,0.142047,0.16777,0.179912,0.0005,0,1,0.0987919,0.2,5.89271,1.09179,2.2531
stratified,0,1,5,6.47973,0.0773438,0.125888,0.180557,0.166667,0.221854,0.000499942,0,1,0.0983893,0.175,5.2116,0.987929,2.24651
stratified,0,1,6,6.3847,0.103125,0.13124,0.186714,0.178808,0.233996,0.000499768,0,1,0.0979866,0.075,4.65379,0.888969,2.26762
stratified,0,1,7,6.27324,0.0910156,0.155135,0.205442,0.195364,0.254967,0.000499477,0,1,0.0975839,0.116667,4.81784,0.81052,2.21946
stratified,0,1,8,6.1407,0.109375,0.145291,0.213184,0.195364,0.253863,0.000499071,0,1,0.0971812,0.141667,5.16246,0.773696,2.2362
stratified,0,1,9,6.08381,0.116797,0.194088,0.243251,0.236203,0.285872,0.000498549,0,1,0.0967785,0.0833333,4.69577,0.723554,2.19977
stratified,0,1,10,6.09939,0.137891,0.210421,0.234367,0.246137,0.282561,0.000497912,0,1,0.0963758,0.166667,5.29965,0.707671,2.17356
stratified,0,1,11,5.97514,0.0945312,0.225231,0.247938,0.278146,0.291391,0.000497159,0,1,0.0959732,0.141667,5.01424,0.684236,2.16953
stratified,0,1,12,5.90147,0.112109,0.209153,0.268359,0.259382,0.311258,0.000496291,0,1,0.0955705,0.216667,5.48666,0.691928,2.16557
stratified,0,1,13,5.84692,0.103516,0.253472,0.276209,0.293598,0.316777,0.00049531,0,1,0.0951678,0.25,5.4882,0.667417,2.16777
stratified,0,1,14,5.81527,0.113672,0.231278,0.278511,0.290287,0.320088,0.000494214,0,1,0.0947651,0.2,5.59143,0.657789,2.171
stratified,0,1,15,5.88454,0.129297,0.275382,0.285428,0.31457,0.325607,0.000493004,0,1,0.0943624,0.233333,5.54927,0.63725,2.14398
stratified,0,1,16,5.66034,0.122656,0.2778,0.300366,0.316777,0.33223,0.000491682,0,1,0.0939597,0.233333,5.8067,0.657101,2.15911
stratified,0,1,17,5.6095,0.161719,0.289105,0.3036,0.330022,0.339956,0.000490247,0,1,0.093557,0.291667,6.08306,0.633665,2.10747
stratified,0,1,18,5.64359,0.114453,0.293331,0.325105,0.339956,0.35872,0.000488701,0,1,0.0931544,0.283333,5.95007,0.614653,2.09299
stratified,0,1,19,5.41173,0.124219,0.351307,0.339718,0.38521,0.370861,0.000487044,0,1,0.0927517,0.283333,6.47719,0.644977,2.09785
stratified,0,1,20,5.43165,0.166406,0.244682,0.365024,0.280353,0.392936,0.000485277,0,1,0.092349,0.3,6.62261,0.625941,2.1033
stratified,0,1,21,5.31698,0.167187,0.340083,0.35557,0.378587,0.386313,0.000483401,0,1,0.0919463,0.266667,6.39244,0.613936,2.02636
stratified,0,1,22,5.17117,0.201563,0.412428,0.403954,0.443709,0.435982,0.000481416,0,1,0.0915436,0.3,6.33348,0.595955,2.00511
stratified,0,1,23,5.29005,0.186328,0.398253,0.395113,0.430464,0.422737,0.000479324,0,1,0.0911409,0.325,7.08254,0.60634,2.03146
stratified,0,1,24,5.17263,0.1875,0.343112,0.403832,0.378587,0.434879,0.000477125,0,1,0.0907383,0.333333,7.11776,0.611905,1.99982
stratified,0,1,25,4.97398,0.196484,0.392116,0.43236,0.413907,0.461369,0.000474821,0,1,0.0903356,0.325,7.65292,0.595334,1.93227
stratified,0,1,26,4.98461,0.235156,0.398892,0.431086,0.428256,0.458057,0.000472412,0,1,0.0899329,0.325,7.76311,0.609574,1.95444
stratified,0,1,27,4.76158,0.152344,0.438446,0.456132,0.463576,0.483444,0.000469901,0,1,0.0895302,0.333333,8.13561,0.624772,1.9123
stratified,0,1,28,4.85473,0.224219,0.448739,0.484662,0.475717,0.505519,0.000467287,0,1,0.0891275,0.291667,7.67483,0.603692,1.93075
stratified,0,1,29,4.70395,0.284766,0.396634,0.457779,0.440397,0.481236,0.000464572,0,1,0.0887248,0.316667,8.03078,0.628931,1.93051
stratified,0,1,30,4.70679,0.228516,0.42201,0.483349,0.444812,0.507726,0.000461758,0,1,0.0883221,0.333333,8.03834,0.624168,1.89132
stratified,0,1,31,4.57579,0.222656,0.418566,0.503435,0.442605,0.523179,0.000458846,0,1,0.0879195,0.325,7.77662,0.619765,1.88874
stratified,0,1,32,4.57346,0.233984,0.501818,0.490125,0.520971,0.511038,0.000455836,0,1,0.0875168,0.333333,8.96939,0.645839,1.90905
stratified,0,1,33,4.71005,0.233984,0.471939,0.505308,0.497792,0.524283,0.000452732,0,1,0.0871141,0.333333,8.34396,0.592434,1.86745
stratified,0,1,34,4.30681,0.229687,0.495054,0.513636,0.522075,0.529801,0.000449533,0,1,0.0867114,0.333333,9.91031,0.636706,1.78082
stratified,0,1,35,4.45547,0.251172,0.501518,0.532057,0.528698,0.547461,0.000446242,0,1,0.0863087,0.333333,9.72499,0.638701,1.83665
stratified,0,1,36,4.39927,0.276562,0.491206,0.536299,0.513245,0.551876,0.00044286,0,1,0.085906,0.333333,9.97181,0.626875,1.83109
stratified,0,1,37,4.64717,0.2375,0.496064,0.527018,0.522075,0.545254,0.000439388,0,1,0.0855034,0.333333,8.66619,0.623725,1.84943
stratified,0,1,38,4.38439,0.199609,0.520501,0.55523,0.532009,0.571744,0.000435829,0,1,0.0851007,0.325,10.297,0.627328,1.82742
stratified,0,1,39,4.40092,0.253125,0.483883,0.551745,0.504415,0.567329,0.000432184,0,1,0.084698,0.325,9.11576,0.641866,1.80177
stratified,0,1,40,4.08165,0.241016,0.464868,0.569217,0.483444,0.582781,0.000428454,0,1,0.0842953,0.333333,10.216,0.655289,1.74153
stratified,0,1,41,4.13183,0.312109,0.502921,0.54879,0.53532,0.562914,0.000424642,0,1,0.0838926,0.325,8.7914,0.649499,1.75423
stratified,0,1,42,4.37187,0.285547,0.494745,0.553554,0.522075,0.571744,0.000420749,0,1,0.0834899,0.333333,9.23994,0.629743,1.78419
stratified,0,1,43,4.24881,0.255469,0.534024,0.595197,0.556291,0.608168,0.000416777,0,1,0.0830872,0.333333,9.15601,0.631481,1.75894
stratified,0,1,44,4.12984,0.227344,0.445042,0.592644,0.469095,0.603753,0.000412728,0,1,0.0826846,0.333333,9.09315,0.679632,1.74659
stratified,0,1,45,3.98501,0.288672,0.53748,0.590376,0.557395,0.601545,0.000408604,0,1,0.0822819,0.333333,9.80001,0.670412,1.71148
stratified,0,1,46,4.1665,0.310547,0.538611,0.571066,0.560706,0.583885,0.000404406,0,1,0.0818792,0.333333,9.18301,0.65361,1.74254
stratified,0,1,47,4.22646,0.291406,0.544523,0.546743,0.566225,0.562914,0.000400137,0,1,0.0814765,0.325,10.2129,0.65859,1.76836
stratified,0,1,48,4.13806,0.3375,0.53575,0.572686,0.567329,0.587196,0.000395799,0,1,0.0810738,0.333333,9.79435,0.657207,1.74671
stratified,0,1,49,3.85764,0.28125,0.431296,0.53922,0.45585,0.560706,0.000391394,0,1,0.0806711,0.333333,9.28763,0.682357,1.71476
stratified,0,1,50,3.96215,0.28125,0.534264,0.594502,0.555188,0.609272,0.000386923,0,1,0.0802685,0.308333,9.53864,0.66433,1.76108
stratified,0,1,51,3.89615,0.213281,0.555137,0.576367,0.567329,0.593819,0.000382389,0,1,0.0798658,0.333333,8.63846,0.648872,1.66356
stratified,0,1,52,3.89967,0.294922,0.523152,0.610368,0.548565,0.622517,0.000377795,0,1,0.0794631,0.333333,9.80352,0.658183,1.7064
stratified,0,1,53,3.58761,0.237109,0.568783,0.592607,0.580574,0.604857,0.000373141,0,1,0.0790604,0.333333,9.49491,0.679165,1.60114
stratified,0,1,54,3.8995,0.185547,0.571792,0.596432,0.594923,0.610375,0.000368431,0,1,0.0786577,0.333333,8.68119,0.652683,1.6956
stratified,0,1,55,3.79201,0.220312,0.568377,0.587698,0.589404,0.601545,0.000363667,0,1,0.078255,0.333333,9.90134,0.669483,1.67418
stratified,0,1,56,3.54697,0.396094,0.535521,0.611619,0.549669,0.624724,0.00035885,0,1,0.0778523,0.333333,8.69231,0.686722,1.61809
stratified,0,1,57,3.99718,0.25,0.553006,0.586622,0.57064,0.603753,0.000353983,0,1,0.0774497,0.333333,10.1156,0.650826,1.70861
stratified,0,1,58,3.84659,0.385156,0.593596,0.621967,0.601545,0.63245,0.000349069,0,1,0.077047,0.325,8.38083,0.63137,1.657
stratified,0,1,59,3.76408,0.322656,0.60123,0.611204,0.612583,0.62362,0.000344109,0,1,0.0766443,0.316667,9.1884,0.661119,1.66889
stratified,0,1,60,4.03995,0.285547,0.568567,0.612719,0.590508,0.62362,0.000339107,0,1,0.0762416,0.316667,9.13417,0.636241,1.67432
stratified,0,1,61,3.57275,0.367578,0.585378,0.591294,0.598234,0.608168,0.000334063,0,1,0.0758389,0.325,9.56925,0.651889,1.61319
stratified,0,1,62,3.53733,0.315234,0.538493,0.606712,0.557395,0.619205,0.000328982,0,1,0.0754362,0.333333,8.90031,0.671116,1.59234
stratified,0,1,63,3.55493,0.286328,0.540245,0.613716,0.564018,0.625828,0.000323864,0,1,0.0750336,0.333333,10.8803,0.693433,1.66241
stratified,0,1,64,3.56409,0.264453,0.59492,0.626181,0.607064,0.635762,0.000318713,0,1,0.0746309,0.333333,10.6091,0.661337,1.58316
stratified,0,1,65,3.57033,0.325,0.58927,0.623253,0.59713,0.635762,0.000313531,0,1,0.0742282,0.333333,11.2678,0.657938,1.5842
stratified,0,1,66,3.50062,0.35625,0.573052,0.635118,0.589404,0.647903,0.000308321,0,1,0.0738255,0.333333,9.21086,0.680707,1.57611
stratified,0,1,67,3.48129,0.313281,0.551174,0.624343,0.569536,0.636865,0.000303084,0,1,0.0734228,0.333333,9.44674,0.693348,1.60778
stratified,0,1,68,3.38901,0.260156,0.600184,0.598918,0.615894,0.61479,0.000297823,0,1,0.0730201,0.333333,8.7416,0.683288,1.58122
stratified,0,1,69,3.51038,0.305078,0.614987,0.607227,0.629139,0.622517,0.000292541,0,1,0.0726174,0.333333,9.02653,0.661086,1.59834
stratified,0,1,70,3.44233,0.347266,0.547618,0.598444,0.567329,0.618102,0.00028724,0,1,0.0722148,0.333333,9.70269,0.67168,1.58853
stratified,0,1,71,3.41713,0.24375,0.581518,0.626111,0.601545,0.639073,0.000281923,0,1,0.0718121,0.333333,9.64316,0.684296,1.56204
stratified,0,1,72,3.35463,0.290625,0.595712,0.655842,0.612583,0.664459,0.000276592,0,1,0.0714094,0.333333,8.75312,0.672275,1.59097
stratified,0,1,73,3.38005,0.336719,0.616255,0.630756,0.628035,0.637969,0.00027125,0,1,0.0710067,0.333333,9.24583,0.6774,1.58387
stratified,0,1,74,3.32594,0.33125,0.631762,0.65021,0.634658,0.660044,0.000265899,0,1,0.070604,0.333333,8.44406,0.652673,1.49406
stratified,0,1,75,3.17006,0.313672,0.637022,0.637977,0.644592,0.651214,0.000260542,0,1,0.0702013,0.333333,9.23096,0.691248,1.52209
stratified,0,1,76,3.42498,0.308984,0.59516,0.617192,0.61479,0.633554,0.000255181,0,1,0.0697987,0.333333,8.31065,0.662123,1.53859
stratified,0,1,77,3.29254,0.348438,0.582066,0.625466,0.601545,0.640177,0.000249819,0,1,0.069396,0.333333,9.74821,0.662921,1.49447
stratified,0,1,78,3.12555,0.266016,0.582937,0.655348,0.599338,0.66777,0.000244458,0,1,0.0689933,0.333333,8.75112,0.681251,1.51539
stratified,0,1,79,3.30837,0.302344,0.634276,0.641161,0.645695,0.654525,0.000239101,0,1,0.0685906,0.333333,9.02098,0.64802,1.4894
stratified,0,1,80,3.14361,0.362109,0.646188,0.661617,0.656733,0.671082,0.00023375,0,1,0.0681879,0.333333,8.49773,0.687421,1.52331
stratified,0,1,81,3.31441,0.235937,0.631261,0.658185,0.636865,0.669978,0.000228408,0,1,0.0677852,0.333333,8.79431,0.668752,1.49816
stratified,0,1,82,3.01738,0.368359,0.640223,0.646736,0.655629,0.657837,0.000223077,0,1,0.0673826,0.333333,9.25796,0.669912,1.42553
stratified,0,1,83,2.95005,0.330859,0.645087,0.659133,0.654525,0.671082,0.00021776,0,1,0.0669799,0.333333,9.3647,0.688916,1.4286
stratified,0,1,84,3.18327,0.391797,0.633284,0.655748,0.64128,0.666667,0.000212459,0,1,0.0665772,0.333333,9.08135,0.664024,1.46828
stratified,0,1,85,3.00215,0.337109,0.615998,0.65341,0.633554,0.663355,0.000207177,0,1,0.0661745,0.333333,9.3886,0.689828,1.45382
stratified,0,1,86,3.06835,0.395703,0.652698,0.662302,0.662252,0.671082,0.000201916,0,1,0.0657718,0.333333,9.33094,0.658795,1.44244
stratified,0,1,87,2.95276,0.314063,0.653336,0.667227,0.663355,0.673289,0.000196679,0,1,0.0653691,0.333333,9.83421,0.700748,1.46133
stratified,0,1,88,3.23165,0.342578,0.598903,0.676742,0.615894,0.681015,0.000191469,0,1,0.0649664,0.333333,8.95871,0.66476,1.50374
stratified,0,1,89,2.89937,0.389453,0.647255,0.678249,0.654525,0.684327,0.000186287,0,1,0.0645638,0.333333,8.31697,0.679768,1.42029
stratified,0,1,90,3.11737,0.282422,0.650693,0.671384,0.657837,0.678808,0.000181136,0,1,0.0641611,0.333333,9.37031,0.64857,1.43031
stratified,0,1,91,2.75028,0.395703,0.639606,0.677229,0.65011,0.682119,0.000176018,0,1,0.0637584,0.333333,9.67922,0.696823,1.4196
stratified,0,1,92,2.97338,0.405078,0.62887,0.686838,0.640177,0.693157,0.000170937,0,1,0.0633557,0.333333,8.70363,0.661563,1.40231
stratified,0,1,93,2.77414,0.310937,0.647922,0.688449,0.655629,0.69426,0.000165893,0,1,0.062953,0.333333,8.82817,0.682878,1.42518
stratified,0,1,94,2.76566,0.316797,0.660684,0.666048,0.669978,0.672185,0.000160891,0,1,0.0625503,0.333333,9.26007,0.660692,1.34838
stratified,0,1,95,2.69344,0.326172,0.665679,0.667388,0.671082,0.673289,0.000155931,0,1,0.0621477,0.333333,8.91206,0.672031,1.35278
stratified,0,1,96,2.92512,0.405078,0.661306,0.666493,0.668874,0.673289,0.000151017,0,1,0.061745,0.333333,8.95056,0.667499,1.40588
stratified,0,1,97,2.90544,0.364844,0.666744,0.67445,0.672185,0.679912,0.00014615,0,1,0.0613423,0.333333,8.87397,0.664962,1.42896
stratified,0,1,98,2.76639,0.291797,0.646125,0.679558,0.654525,0.683223,0.000141333,0,1,0.0609396,0.333333,8.60923,0.6589,1.38481
stratified,0,1,99,2.68846,0.361328,0.662314,0.659461,0.665563,0.664459,0.000136569,0,1,0.0605369,0.333333,9.61105,0.676037,1.37566
stratified,0,1,100,2.85271,0.3375,0.662758,0.673235,0.666667,0.678808,0.000131859,0,1,0.0601342,0.333333,9.09423,0.651023,1.33847
stratified,0,1,101,2.81644,0.354297,0.665671,0.673376,0.6766,0.679912,0.000127205,0,1,0.0597315,0.333333,8.5872,0.645508,1.37391
stratified,0,1,102,2.7138,0.274609,0.659888,0.666811,0.664459,0.675497,0.000122611,0,1,0.0593289,0.333333,9.34526,0.656088,1.37029
stratified,0,1,103,3.01301,0.380859,0.661597,0.672838,0.666667,0.679912,0.000118077,0,1,0.0589262,0.333333,8.54588,0.633944,1.37167
stratified,0,1,104,2.68351,0.38125,0.682626,0.681799,0.687638,0.687638,0.000113606,0,1,0.0585235,0.333333,8.38463,0.637261,1.30816
stratified,0,1,105,2.83868,0.413672,0.630994,0.664372,0.64128,0.671082,0.000109201,0,1,0.0581208,0.333333,8.92216,0.658537,1.38201
stratified,0,1,106,2.80467,0.418359,0.668013,0.68454,0.672185,0.686534,0.000104863,0,1,0.0577181,0.333333,9.05189,0.64798,1.36365
stratified,0,1,107,2.60963,0.380859,0.667948,0.687137,0.673289,0.689845,0.000100594,0,1,0.0573154,0.333333,8.39628,0.651846,1.31544
stratified,0,1,108,2.87591,0.378906,0.679365,0.676572,0.679912,0.681015,9.63962e-05,0,1,0.0569128,0.333333,8.91489,0.65502,1.40704
stratified,0,1,109,2.78703,0.439063,0.658934,0.684956,0.668874,0.692053,9.22719e-05,0,1,0.0565101,0.333333,8.8249,0.634936,1.33412
stratified,0,1,110,2.52053,0.357812,0.670513,0.673939,0.678808,0.679912,8.82228e-05,0,1,0.0561074,0.333333,9.00953,0.65013,1.26116
stratified,0,1,111,1.57305,0.80625,0.698338,0.697157,0.699779,0.698675,8.42509e-05,0,0,0.0557047,0.333333,10.196,0.730266,1.12683
stratified,0,1,112,1.58012,0.804688,0.691378,0.690249,0.689845,0.690949,8.03579e-05,0.0020458,0,0.055302,0.333333,,0.782018,1.12761
stratified,0,1,113,1.57919,0.800391,0.682791,0.692008,0.687638,0.693157,7.65457e-05,0.00812741,0,0.0548993,0.333333,10.5594,0.818947,1.16362
stratified,0,1,114,1.70144,0.750781,0.684519,0.689785,0.684327,0.690949,7.28161e-05,0.0180789,0,0.0544966,0.333333,12.8535,0.908705,1.2243
stratified,0,1,115,1.76306,0.709766,0.687797,0.692084,0.690949,0.692053,6.91709e-05,0.0316289,0,0.054094,0.333333,14.0831,1.04952,1.3353
stratified,0,1,116,1.95742,0.651953,0.69607,0.692648,0.696468,0.692053,6.56117e-05,0.0484078,0,0.0536913,0.333333,14.6519,1.22419,1.43821
stratified,0,1,117,2.14847,0.603125,0.702191,0.692762,0.704194,0.693157,6.21402e-05,0.0679578,0,0.0532886,0.333333,16.5023,1.44868,1.55369
stratified,0,1,118,2.50225,0.528516,0.71263,0.69342,0.714128,0.69426,5.87581e-05,0.0897457,0,0.0528859,0.333333,,1.7178,1.69083
stratified,0,1,119,2.69978,0.501563,0.695207,0.697455,0.698675,0.695364,5.5467e-05,0.113177,0,0.0524832,0.333333,22.0923,2.00459,1.78747
stratified,0,1,120,3.09808,0.429688,0.705795,0.695482,0.707506,0.69426,5.22683e-05,0.137613,0,0.0520805,0.333333,27.4671,2.33794,1.89728
stratified,0,1,121,3.40403,0.421094,0.702233,0.700945,0.708609,0.698675,4.91636e-05,0.162387,0,0.0516779,0.333333,29.666,2.64811,1.95404
stratified,0,1,122,3.72576,0.374219,0.688095,0.701098,0.696468,0.699779,4.61544e-05,0.186823,0,0.0512752,0.333333,32.7954,2.93608,2.02637
stratified,0,1,123,4.16996,0.343359,0.715222,0.701122,0.718543,0.699779,4.3242e-05,0.210254,0,0.0508725,0.333333,34.7434,3.13447,2.06761
stratified,0,1,124,4.30951,0.323437,0.703761,0.704321,0.710817,0.704194,4.04278e-05,0.232042,0,0.0504698,0.333333,36.6222,3.28554,2.1125
stratified,0,1,125,4.74673,0.286328,0.709595,0.702933,0.714128,0.701987,3.77132e-05,0.251592,0,0.0500671,0.333333,,3.43759,2.16087
stratified,0,1,126,5.04372,0.284766,0.70739,0.706882,0.715232,0.708609,3.50995e-05,0.268371,0,0.0496644,0.333333,43.4081,3.51045,2.18216
stratified,0,1,127,5.19089,0.270313,0.717001,0.706585,0.719647,0.707506,3.25877e-05,0.281921,0,0.0492617,0.333333,40.5297,3.57994,2.2251
stratified,0,1,128,5.2549,0.262891,0.71682,0.702919,0.721854,0.704194,3.01792e-05,0.291873,0,0.0488591,0.333333,44.2747,3.65016,2.22905
stratified,0,1,129,5.41329,0.265234,0.711471,0.709583,0.716336,0.710817,2.78751e-05,0.297954,0,0.0484564,0.333333,42.6141,3.66839,2.22085
stratified,0,1,130,5.23871,0.29375,0.707922,0.708616,0.713024,0.709713,2.56764e-05,0.3,0,0.0480537,0.333333,42.0037,3.68243,2.21213
stratified,0,1,131,5.11862,0.287109,0.710566,0.706371,0.714128,0.707506,2.35841e-05,0.3,0,0.047651,0.333333,44.9063,3.67721,2.20169
stratified,0,1,132,5.14477,0.294531,0.713092,0.707236,0.717439,0.708609,2.15994e-05,0.3,0,0.0472483,0.333333,46.2577,3.65648,2.18695
stratified,0,1,133,5.25577,0.29375,0.718229,0.710898,0.721854,0.711921,1.9723e-05,0.3,0,0.0468456,0.333333,45.9755,3.6361,2.18287
stratified,0,1,134,5.16734,0.302344,0.709316,0.708862,0.715232,0.711921,1.79558e-05,0.3,0,0.046443,0.333333,44.9845,3.67942,2.18278
stratified,0,1,135,5.1357,0.317578,0.710315,0.708363,0.714128,0.709713,1.62988e-05,0.3,0,0.0460403,0.333333,43.1085,3.65572,2.16592
stratified,0,1,136,5.12513,0.307812,0.715457,0.714975,0.718543,0.717439,1.47526e-05,0.3,0,0.0456376,0.333333,45.8775,3.65007,2.16716
stratified,0,1,137,4.91188,0.321875,0.714338,0.717219,0.719647,0.718543,1.33181e-05,0.3,0,0.0452349,0.333333,45.099,3.62771,2.15161
stratified,0,1,138,5.03242,0.3125,0.712852,0.714175,0.717439,0.716336,1.19958e-05,0.3,0,0.0448322,0.333333,47.68,3.59911,2.13465
stratified,0,1,139,4.98114,0.330469,0.705064,0.714519,0.709713,0.717439,1.07864e-05,0.3,0,0.0444295,0.333333,45.5205,3.5654,2.12314
stratified,0,1,140,4.90418,0.327734,0.71384,0.709826,0.718543,0.713024,9.69048e-06,0.3,0,0.0440268,0.333333,45.9636,3.55313,2.10119
stratified,0,1,141,4.9219,0.332422,0.714755,0.709564,0.718543,0.713024,8.70853e-06,0.3,0,0.0436242,0.333333,47.129,3.58665,2.12502
stratified,0,1,142,4.91254,0.323437,0.711385,0.715292,0.714128,0.718543,7.84101e-06,0.3,0,0.0432215,0.333333,43.9181,3.60449,2.13943
stratified,0,1,143,4.92988,0.331641,0.708462,0.713472,0.713024,0.716336,7.08833e-06,0.3,0,0.0428188,0.333333,47.2286,3.60459,2.13751
stratified,0,1,144,4.96198,0.338281,0.714033,0.713625,0.717439,0.716336,6.45086e-06,0.3,0,0.0424161,0.333333,56.6629,3.55281,2.10507
stratified,0,1,145,4.89785,0.328125,0.708635,0.716954,0.711921,0.719647,5.92887e-06,0.3,0,0.0420134,0.333333,47.0622,3.59027,2.12711
stratified,0,1,146,4.91954,0.351172,0.715767,0.714602,0.719647,0.717439,5.52264e-06,0.3,0,0.0416107,0.333333,46.6798,3.54843,2.09599
stratified,0,1,147,5.13576,0.327734,0.718844,0.718377,0.721854,0.720751,5.23233e-06,0.3,0,0.0412081,0.325,,3.56662,2.10431
stratified,0,1,148,4.81754,0.346484,0.714054,0.715905,0.717439,0.718543,5.05809e-06,0.3,0,0.0408054,0.333333,51.2644,3.60651,2.11419
stratified,0,1,149,4.78251,0.360547,0.716056,0.714206,0.718543,0.717439,5e-06,0.3,0,0.0404027,0.333333,45.9035,3.57385,2.09561
stratified,0,1,150,4.82607,0.339453,0.714027,0.718397,0.717439,0.720751,5e-06,0.3,0,0.04,0.333333,44.3305,3.58445,2.0999
stratified,0,2,1,8.1035,0.01875,0.0127952,0.0142219,0.0430464,0.0397351,0.0002,0,1,0.1,0.3,,1.16919,2.33463
stratified,0,2,2,7.22657,0.0316406,0.0649909,0.0704161,0.104857,0.111479,0.0003,0,1,0.0995973,0.333333,12.4733,1.15496,2.19912
stratified,0,2,3,6.93833,0.0492187,0.0815618,0.0933801,0.131347,0.13245,0.0004,0,1,0.0991946,0.316667,6.39647,1.17841,2.21952
stratified,0,2,4,6.73596,0.0578125,0.111577,0.136701,0.164459,0.183223,0.0005,0,1,0.0987919,0.208333,5.09612,1.1204,2.26698
stratified,0,2,5,6.52908,0.0550781,0.137194,0.177257,0.188742,0.228477,0.000499942,0,1,0.0983893,0.0666667,4.77188,0.971796,2.25178
stratified,0,2,6,6.35342,0.0777344,0.158825,0.188912,0.213024,0.228477,0.000499768,0,1,0.0979866,0.15,5.04184,0.908039,2.26664
stratified,0,2,7,6.32143,0.0859375,0.168221,0.208141,0.219647,0.250552,0.000499477,0,1,0.0975839,0.0833333,4.62804,0.809721,2.23533
stratified,0,2,8,6.18794,0.103125,0.188116,0.231607,0.217439,0.270419,0.000499071,0,1,0.0971812,0.175,5.22829,0.766413,2.22473
stratified,0,2,9,6.14383,0.0890625,0.216304,0.236233,0.257174,0.274834,0.000498549,0,1,0.0967785,0.108333,4.80899,0.706304,2.15484
stratified,0,2,10,5.95053,0.114062,0.220069,0.264879,0.262693,0.300221,0.000497912,0,1,0.0963758,0.141667,5.02284,0.70701,2.17347
stratified,0,2,11,6.02074,0.0875,0.204663,0.282545,0.254967,0.317881,0.000497159,0,1,0.0959732,0.175,5.38472,0.69736,2.16347
stratified,0,2,12,5.87318,0.124609,0.240835,0.27293,0.283664,0.31457,0.000496291,0,1,0.0955705,0.241667,5.78239,0.686638,2.1949
stratified,0,2,13,5.79221,0.111719,0.227358,0.31457,0.279249,0.346578,0.00049531,0,1,0.0951678,0.25,5.9138,0.683376,2.209
stratified,0,2,14,5.76155,0.160547,0.272327,0.295126,0.313466,0.33223,0.000494214,0,1,0.0947651,0.191667,5.57988,0.660201,2.13938
stratified,0,2,15,5.82943,0.149609,0.26692,0.303943,0.312362,0.342163,0.000493004,0,1,0.0943624,0.258333,5.69503,0.651483,2.1517
stratified,0,2,16,5.44884,0.166016,0.307254,0.323219,0.342163,0.357616,0.000491682,0,1,0.0939597,0.233333,5.57175,0.644446,2.07715
stratified,0,2,17,5.50087,0.182031,0.305938,0.315664,0.343267,0.350993,0.000490247,0,1,0.093557,0.308333,6.23713,0.640518,2.0765
stratified,0,2,18,5.44516,0.139453,0.340491,0.350329,0.364238,0.381898,0.000488701,0,1,0.0931544,0.275,6.3074,0.638737,2.11681
stratified,0,2,19,5.39355,0.136328,0.356899,0.367692,0.392936,0.397351,0.000487044,0,1,0.0927517,0.275,6.15295,0.625576,2.08625
stratified,0,2,20,5.37767,0.183984,0.342667,0.392371,0.381898,0.418322,0.000485277,0,1,0.092349,0.291667,6.02822,0.618497,2.06164
stratified,0,2,21,5.17226,0.130469,0.3543,0.396268,0.384106,0.422737,0.000483401,0,1,0.0919463,0.308333,6.69869,0.619236,2.0207
stratified,0,2,22,4.98569,0.111719,0.400739,0.406882,0.437086,0.431567,0.000481416,0,1,0.0915436,0.291667,6.46249,0.617674,1.98273
stratified,0,2,23,5.10477,0.221484,0.413181,0.39836,0.450331,0.426049,0.000479324,0,1,0.0911409,0.308333,7.22213,0.618963,2.03291
stratified,0,2,24,5.05385,0.192188,0.353836,0.438698,0.391832,0.465784,0.000477125,0,1,0.0907383,0.3,6.73597,0.598217,1.93699
stratified,0,2,25,4.77607,0.203906,0.35888,0.458351,0.38521,0.477925,0.000474821,0,1,0.0903356,0.325,7.38931,0.638368,1.95015
stratified,0,2,26,4.915,0.212109,0.370713,0.461015,0.391832,0.481236,0.000472412,0,1,0.0899329,0.333333,6.78378,0.608719,1.93968
stratified,0,2,27,4.90542,0.210156,0.429293,0.441793,0.452539,0.47351,0.000469901,0,1,0.0895302,0.316667,7.20401,0.601144,1.92468
stratified,0,2,28,4.80573,0.109766,0.43967,0.481031,0.47351,0.504415,0.000467287,0,1,0.0891275,0.308333,7.05208,0.603047,1.91243
stratified,0,2,29,4.78013,0.185938,0.432139,0.476302,0.467991,0.498896,0.000464572,0,1,0.0887248,0.325,7.36866,0.624427,1.9134
stratified,0,2,30,4.90463,0.180469,0.421871,0.445457,0.459161,0.471302,0.000461758,0,1,0.0883221,0.3,7.1169,0.615514,1.93953
stratified,0,2,31,4.6565,0.214062,0.342564,0.47044,0.37638,0.486755,0.000458846,0,1,0.0879195,0.316667,7.65707,0.635895,1.92458
stratified,0,2,32,4.83387,0.192188,0.424249,0.500503,0.465784,0.522075,0.000455836,0,1,0.0875168,0.316667,6.94457,0.619651,1.95543
stratified,0,2,33,4.38881,0.234766,0.441881,0.50696,0.466887,0.528698,0.000452732,0,1,0.0871141,0.333333,7.55543,0.631021,1.80358
stratified,0,2,34,4.65868,0.247266,0.462982,0.507739,0.497792,0.529801,0.000449533,0,1,0.0867114,0.316667,7.17473,0.616184,1.87636
stratified,0,2,35,4.42857,0.188281,0.508461,0.502437,0.523179,0.515453,0.000446242,0,1,0.0863087,0.333333,8.68333,0.640457,1.87593
stratified,0,2,36,4.52493,0.214844,0.458686,0.539522,0.48234,0.557395,0.00044286,0,1,0.085906,0.333333,7.33338,0.611578,1.81618
stratified,0,2,37,4.30836,0.198828,0.515705,0.534025,0.533113,0.551876,0.000439388,0,1,0.0855034,0.333333,8.3561,0.64648,1.83682
stratified,0,2,38,4.19091,0.264844,0.454173,0.5736,0.472406,0.589404,0.000435829,0,1,0.0851007,0.333333,7.6999,0.646532,1.81383
stratified,0,2,39,4.46778,0.239453,0.366596,0.55285,0.406181,0.567329,0.000432184,0,1,0.084698,0.316667,7.63461,0.615547,1.80378
stratified,0,2,40,4.45486,0.176563,0.451607,0.559545,0.481236,0.571744,0.000428454,0,1,0.0842953,0.333333,7.51769,0.630226,1.83573
stratified,0,2,41,4.32933,0.248438,0.501358,0.560901,0.525386,0.580574,0.000424642,0,1,0.0838926,0.308333,7.59416,0.635885,1.74682
stratified,0,2,42,4.49337,0.236328,0.489945,0.579389,0.518764,0.59713,0.000420749,0,1,0.0834899,0.316667,7.6694,0.613443,1.79613
stratified,0,2,43,4.34517,0.224609,0.533748,0.587925,0.551876,0.601545,0.000416777,0,1,0.0830872,0.316667,8.0856,0.629916,1.774
stratified,0,2,44,4.3685,0.184766,0.522683,0.564077,0.541943,0.581678,0.000412728,0,1,0.0826846,0.333333,7.79168,0.622209,1.75675
stratified,0,2,45,4.38978,0.251172,0.521706,0.577555,0.54415,0.59713,0.000408604,0,1,0.0822819,0.3,7.54333,0.621899,1.76844
stratified,0,2,46,4.17999,0.311719,0.557064,0.573489,0.577263,0.590508,0.000404406,0,1,0.0818792,0.333333,7.76733,0.640968,1.74523
stratified,0,2,47,3.9538,0.294922,0.480352,0.582123,0.50883,0.598234,0.000400137,0,1,0.0814765,0.333333,8.81783,0.673614,1.70925
stratified,0,2,48,4.24911,0.278516,0.490155,0.598724,0.515453,0.613687,0.000395799,0,1,0.0810738,0.316667,7.7859,0.634481,1.73598
stratified,0,2,49,4.01898,0.297266,0.501569,0.603346,0.518764,0.615894,0.000391394,0,1,0.0806711,0.325,7.84762,0.652314,1.74966
stratified,0,2,50,4.09604,0.244531,0.556645,0.57427,0.571744,0.592715,0.000386923,0,1,0.0802685,0.316667,8.39984,0.629327,1.70727
stratified,0,2,51,3.86571,0.264844,0.552414,0.591911,0.576159,0.60596,0.000382389,0,1,0.0798658,0.325,8.87744,0.666534,1.69235
stratified,0,2,52,4.30253,0.301172,0.492337,0.556872,0.523179,0.57064,0.000377795,0,1,0.0794631,0.333333,7.99839,0.617094,1.7241
stratified,0,2,53,3.84898,0.258984,0.583734,0.600634,0.602649,0.61479,0.000373141,0,1,0.0790604,0.325,7.76804,0.654552,1.66557
stratified,0,2,54,3.82433,0.28125,0.519848,0.604904,0.53532,0.616998,0.000368431,0,1,0.0786577,0.325,8.79187,0.666671,1.66308
stratified,0,2,55,3.71162,0.251172,0.529987,0.60142,0.555188,0.61479,0.000363667,0,1,0.078255,0.325,8.83644,0.662166,1.59268
stratified,0,2,56,3.90854,0.254688,0.569241,0.615852,0.576159,0.626932,0.00035885,0,1,0.0778523,0.308333,8.26463,0.653794,1.70286
stratified,0,2,57,4.01456,0.253125,0.57467,0.609538,0.593819,0.622517,0.000353983,0,1,0.0774497,0.333333,8.36083,0.629831,1.6592
stratified,0,2,58,3.57997,0.294922,0.527009,0.613554,0.547461,0.625828,0.000349069,0,1,0.077047,0.325,8.51365,0.689545,1.62744
stratified,0,2,59,3.40608,0.186328,0.588419,0.611823,0.601545,0.620309,0.000344109,0,1,0.0766443,0.333333,9.43198,0.674842,1.56818
stratified,0,2,60,3.59063,0.292969,0.570391,0.626406,0.596026,0.635762,0.000339107,0,1,0.0762416,0.333333,9.191,0.682353,1.6375
stratified,0,2,61,3.4689,0.424219,0.580096,0.617721,0.598234,0.628035,0.000334063,0,1,0.0758389,0.333333,8.80538,0.678581,1.5993
stratified,0,2,62,3.59968,0.29375,0.557282,0.621348,0.57947,0.631347,0.000328982,0,1,0.0754362,0.333333,9.01881,0.679783,1.65371
stratified,0,2,63,3.72904,0.2625,0.579607,0.624494,0.594923,0.637969,0.000323864,0,1,0.0750336,0.333333,9.14878,0.677801,1.63648
stratified,0,2,64,3.61811,0.329297,0.56272,0.60998,0.569536,0.621413,0.000318713,0,1,0.0746309,0.325,8.52175,0.655568,1.63668
stratified,0,2,65,3.4334,0.327734,0.539996,0.636366,0.56181,0.643488,0.000313531,0,1,0.0742282,0.333333,9.27568,0.660675,1.56479
stratified,0,2,66,3.534,0.214062,0.59669,0.644262,0.621413,0.653422,0.000308321,0,1,0.0738255,0.333333,9.45917,0.68431,1.61688
stratified,0,2,67,3.62141,0.336328,0.558466,0.627455,0.57947,0.640177,0.000303084,0,1,0.0734228,0.325,8.22913,0.667923,1.63006
stratified,0,2,68,3.51192,0.21875,0.557457,0.629579,0.573951,0.642384,0.000297823,0,1,0.0730201,0.316667,9.37944,0.67747,1.6028
stratified,0,2,69,3.75725,0.280859,0.569384,0.614059,0.582781,0.630243,0.000292541,0,1,0.0726174,0.333333,8.32329,0.648856,1.6155
stratified,0,2,70,3.20189,0.298047,0.605097,0.636239,0.62362,0.646799,0.00028724,0,1,0.0722148,0.333333,8.30672,0.705058,1.54405
stratified,0,2,71,3.44484,0.356641,0.602224,0.637601,0.610375,0.647903,0.000281923,0,1,0.0718121,0.333333,8.78805,0.674877,1.58633
stratified,0,2,72,3.37034,0.308203,0.606997,0.635537,0.62362,0.643488,0.000276592,0,1,0.0714094,0.333333,9.28725,0.689353,1.61196
stratified,0,2,73,3.35555,0.287891,0.602402,0.632547,0.609272,0.64128,0.00027125,0,1,0.0710067,0.333333,8.20106,0.656909,1.5103
stratified,0,2,74,3.50746,0.331641,0.524452,0.62586,0.54415,0.637969,0.000265899,0,1,0.070604,0.333333,8.38413,0.684946,1.62059
stratified,0,2,75,3.23912,0.235937,0.616511,0.624102,0.625828,0.634658,0.000260542,0,1,0.0702013,0.333333,9.46032,0.673534,1.52057
stratified,0,2,76,3.38333,0.292969,0.592767,0.631382,0.607064,0.644592,0.000255181,0,1,0.0697987,0.325,8.32485,0.662481,1.50875
stratified,0,2,77,3.20572,0.326172,0.594817,0.647714,0.602649,0.657837,0.000249819,0,1,0.069396,0.333333,8.72632,0.693286,1.53714
stratified,0,2,78,3.03818,0.323047,0.597552,0.638203,0.608168,0.653422,0.000244458,0,1,0.0689933,0.333333,8.938,0.69397,1.44823
stratified,0,2,79,3.46939,0.362109,0.626149,0.613358,0.642384,0.63245,0.000239101,0,1,0.0685906,0.333333,8.74348,0.669195,1.56397
stratified,0,2,80,2.94497,0.389844,0.632116,0.603552,0.644592,0.622517,0.00023375,0,1,0.0681879,0.333333,9.04242,0.699709,1.44708
stratified,0,2,81,3.3223,0.288281,0.608745,0.645996,0.62362,0.65894,0.000228408,0,1,0.0677852,0.333333,8.0798,0.669469,1.49255
stratified,0,2,82,3.37091,0.319141,0.629874,0.641327,0.639073,0.656733,0.000223077,0,1,0.0673826,0.325,7.90187,0.646386,1.52287
stratified,0,2,83,2.97779,0.333203,0.608036,0.644911,0.624724,0.660044,0.00021776,0,1,0.0669799,0.333333,8.76236,0.688216,1.44801
stratified,0,2,84,2.96342,0.328125,0.573058,0.639471,0.593819,0.653422,0.000212459,0,1,0.0665772,0.333333,9.46404,0.682847,1.4492
stratified,0,2,85,3.15772,0.408984,0.628557,0.646886,0.633554,0.661148,0.000207177,0,1,0.0661745,0.333333,8.18525,0.679483,1.46028
stratified,0,2,86,3.50448,0.313672,0.58177,0.624081,0.602649,0.637969,0.000201916,0,1,0.0657718,0.333333,8.10844,0.664149,1.59157
stratified,0,2,87,3.03768,0.351172,0.641645,0.634783,0.651214,0.65011,0.000196679,0,1,0.0653691,0.325,7.92463,0.675402,1.46742
stratified,0,2,88,3.17953,0.298438,0.634891,0.63866,0.649007,0.652318,0.000191469,0,1,0.0649664,0.325,8.20719,0.667756,1.48283
stratified,0,2,89,2.90193,0.368359,0.645423,0.639038,0.655629,0.652318,0.000186287,0,1,0.0645638,0.333333,8.71639,0.690708,1.41327
stratified,0,2,90,3.21966,0.369141,0.62385,0.658664,0.639073,0.664459,0.000181136,0,1,0.0641611,0.333333,8.83769,0.653837,1.51579
stratified,0,2,91,3.20065,0.272266,0.623955,0.636574,0.639073,0.649007,0.000176018,0,1,0.0637584,0.333333,8.70711,0.657323,1.4896
stratified,0,2,92,3.10288,0.326172,0.594918,0.643173,0.611479,0.653422,0.000170937,0,1,0.0633557,0.333333,9.34095,0.683867,1.52473
stratified,0,2,93,3.19078,0.349219,0.631024,0.624641,0.64128,0.637969,0.000165893,0,1,0.062953,0.333333,8.66822,0.660799,1.4836
stratified,0,2,94,2.93153,0.409766,0.637736,0.645331,0.646799,0.65894,0.000160891,0,1,0.0625503,0.333333,8.42006,0.655864,1.39072
stratified,0,2,95,2.74758,0.295312,0.633787,0.645591,0.643488,0.655629,0.000155931,0,1,0.0621477,0.333333,8.44465,0.673686,1.36644
stratified,0,2,96,3.02986,0.330078,0.617917,0.645125,0.631347,0.656733,0.000151017,0,1,0.061745,0.333333,8.87532,0.68335,1.49213
stratified,0,2,97,2.87613,0.347266,0.660233,0.64691,0.669978,0.657837,0.00014615,0,1,0.0613423,0.333333,8.588,0.654136,1.38537
stratified,0,2,98,2.85601,0.387109,0.662112,0.650912,0.669978,0.662252,0.000141333,0,1,0.0609396,0.325,8.60379,0.67161,1.37574
stratified,0,2,99,2.86144,0.360938,0.657774,0.655439,0.66777,0.665563,0.000136569,0,1,0.0605369,0.333333,8.28978,0.660615,1.38291
stratified,0,2,100,2.94026,0.473438,0.652967,0.661928,0.664459,0.671082,0.000131859,0,1,0.0601342,0.333333,8.52239,0.658636,1.41851
stratified,0,2,101,2.59258,0.330859,0.664921,0.661089,0.669978,0.671082,0.000127205,0,1,0.0597315,0.333333,9.40158,0.669836,1.31001
stratified,0,2,102,3.03902,0.360156,0.644631,0.644218,0.656733,0.657837,0.000122611,0,1,0.0593289,0.333333,8.71015,0.660921,1.40683
stratified,0,2,103,3.03968,0.399219,0.650477,0.654244,0.662252,0.666667,0.000118077,0,1,0.0589262,0.333333,7.97964,0.656337,1.44455
stratified,0,2,104,2.73197,0.375781,0.671994,0.663073,0.6766,0.673289,0.000113606,0,1,0.0585235,0.325,8.70722,0.656817,1.37702
stratified,0,2,105,2.81676,0.312109,0.643731,0.654531,0.655629,0.664459,0.000109201,0,1,0.0581208,0.333333,8.48203,0.671485,1.39967
stratified,0,2,106,2.90003,0.390234,0.655061,0.659431,0.665563,0.668874,0.000104863,0,1,0.0577181,0.333333,8.43432,0.650312,1.40932
stratified,0,2,107,2.55231,0.4875,0.655383,0.664276,0.666667,0.673289,0.000100594,0,1,0.0573154,0.333333,8.69287,0.665544,1.31552
stratified,0,2,108,2.88658,0.330469,0.644963,0.657193,0.653422,0.666667,9.63962e-05,0,1,0.0569128,0.333333,8.38085,0.656512,1.39585
stratified,0,2,109,2.74423,0.491797,0.652848,0.666004,0.662252,0.675497,9.22719e-05,0,1,0.0565101,0.325,7.82719,0.639303,1.32872
stratified,0,2,110,2.78873,0.332031,0.640013,0.656985,0.652318,0.668874,8.82228e-05,0,1,0.0561074,0.333333,8.18678,0.659231,1.36228
stratified,0,2,111,1.63174,0.800391,0.660154,0.675666,0.664459,0.683223,8.42509e-05,0,0,0.0557047,0.333333,10.2879,0.742653,1.16373
stratified,0,2,112,1.61978,0.804688,0.661621,0.68155,0.66777,0.688742,8.03579e-05,0.0020458,0,0.055302,0.333333,9.68257,0.784434,1.14131
stratified,0,2,113,1.6824,0.771875,0.677781,0.684651,0.682119,0.689845,7.65457e-05,0.00812741,0,0.0548993,0.333333,10.471,0.833295,1.19814
stratified,0,2,114,1.75109,0.736719,0.687431,0.677057,0.690949,0.68543,7.28161e-05,0.0180789,0,0.0544966,0.333333,12.4689,0.939453,1.30144
stratified,0,2,115,1.9004,0.682422,0.681218,0.669086,0.683223,0.6766,6.91709e-05,0.0316289,0,0.054094,0.333333,12.4348,1.04014,1.36726
stratified,0,2,116,2.08628,0.617969,0.684163,0.681092,0.688742,0.686534,6.56117e-05,0.0484078,0,0.0536913,0.333333,15.0177,1.22982,1.48832
stratified,0,2,117,2.32362,0.551953,0.669182,0.687689,0.679912,0.69426,6.21402e-05,0.0679578,0,0.0532886,0.333333,17.3868,1.44964,1.6148
stratified,0,2,118,2.64835,0.4875,0.677899,0.685863,0.686534,0.690949,5.87581e-05,0.0897457,0,0.0528859,0.333333,20.4515,1.76759,1.75764
stratified,0,2,119,2.96475,0.444922,0.682326,0.678636,0.689845,0.68543,5.5467e-05,0.113177,0,0.0524832,0.333333,22.5661,2.08521,1.85383
stratified,0,2,120,3.21315,0.415234,0.686943,0.689067,0.69426,0.693157,5.22683e-05,0.137613,0,0.0520805,0.333333,24.0211,2.41355,1.92601
stratified,0,2,121,3.59911,0.379688,0.666444,0.680467,0.673289,0.686534,4.91636e-05,0.162387,0,0.0516779,0.325,,2.77975,2.02579
stratified,0,2,122,3.99742,0.344141,0.693246,0.68556,0.698675,0.690949,4.61544e-05,0.186823,0,0.0512752,0.333333,31.6958,2.96078,2.03245
stratified,0,2,123,4.40189,0.311719,0.697749,0.683771,0.704194,0.689845,4.3242e-05,0.210254,0,0.0508725,0.333333,32.5747,3.20462,2.10945
stratified,0,2,124,4.77897,0.284766,0.697081,0.681599,0.699779,0.688742,4.04278e-05,0.232042,0,0.0504698,0.333333,33.4285,3.3591,2.14737
stratified,0,2,125,5.1812,0.266406,0.692354,0.679774,0.699779,0.687638,3.77132e-05,0.251592,0,0.0500671,0.333333,36.5016,3.50597,2.19871
stratified,0,2,126,5.43007,0.255078,0.694524,0.682363,0.701987,0.689845,3.50995e-05,0.268371,0,0.0496644,0.333333,35.6997,3.62152,2.25214
stratified,0,2,127,5.47387,0.249219,0.686969,0.683052,0.695364,0.689845,3.25877e-05,0.281921,0,0.0492617,0.333333,40.272,3.67996,2.26332
stratified,0,2,128,5.83155,0.223438,0.676813,0.692178,0.686534,0.698675,3.01792e-05,0.291873,0,0.0488591,0.333333,,3.73624,2.28803
stratified,0,2,129,5.77926,0.240234,0.677943,0.688694,0.687638,0.69426,2.78751e-05,0.297954,0,0.0484564,0.333333,39.5856,3.73434,2.27093
stratified,0,2,130,5.55881,0.257031,0.692163,0.687476,0.698675,0.69426,2.56764e-05,0.3,0,0.0480537,0.333333,45.1799,3.78765,2.26912
stratified,0,2,131,5.60428,0.266016,0.688595,0.68706,0.696468,0.69426,2.35841e-05,0.3,0,0.047651,0.333333,40.7456,3.69281,2.23802
stratified,0,2,132,5.58567,0.265625,0.682742,0.691587,0.692053,0.698675,2.15994e-05,0.3,0,0.0472483,0.333333,45.0378,3.72508,2.22883
stratified,0,2,133,5.54561,0.278516,0.691738,0.68372,0.698675,0.690949,1.9723e-05,0.3,0,0.0468456,0.333333,45.1799,3.7415,2.23775
stratified,0,2,134,5.48236,0.272266,0.69065,0.685523,0.699779,0.693157,1.79558e-05,0.3,0,0.046443,0.333333,42.6126,3.73995,2.20825
stratified,0,2,135,5.4343,0.276172,0.699977,0.689719,0.706402,0.697572,1.62988e-05,0.3,0,0.0460403,0.333333,44.1604,3.71562,2.21328
stratified,0,2,136,5.44125,0.278906,0.695978,0.689465,0.703091,0.697572,1.47526e-05,0.3,0,0.0456376,0.333333,46.5181,3.69412,2.20252
stratified,0,2,137,5.47986,0.294531,0.698103,0.692011,0.705298,0.699779,1.33181e-05,0.3,0,0.0452349,0.333333,40.4423,3.62396,2.16197
stratified,0,2,138,5.4667,0.300391,0.687564,0.692117,0.697572,0.698675,1.19958e-05,0.3,0,0.0448322,0.333333,42.5374,3.61922,2.17277
stratified,0,2,139,5.39764,0.292969,0.689893,0.69003,0.697572,0.698675,1.07864e-05,0.3,0,0.0444295,0.333333,40.7259,3.58949,2.14804
stratified,0,2,140,5.39508,0.303125,0.698786,0.691631,0.707506,0.699779,9.69048e-06,0.3,0,0.0440268,0.333333,41.9831,3.60347,2.16833
stratified,0,2,141,5.21178,0.306641,0.696234,0.691069,0.704194,0.698675,8.70853e-06,0.3,0,0.0436242,0.333333,43.7126,3.67379,2.17098
stratified,0,2,142,5.4652,0.292578,0.698319,0.690595,0.706402,0.698675,7.84101e-06,0.3,0,0.0432215,0.333333,46.1998,3.64118,2.1764
stratified,0,2,143,5.24161,0.311328,0.69139,0.694317,0.699779,0.701987,7.08833e-06,0.3,0,0.0428188,0.333333,42.3238,3.61937,2.1506
stratified,0,2,144,5.23297,0.305078,0.694804,0.69413,0.703091,0.701987,6.45086e-06,0.3,0,0.0424161,0.333333,,3.64733,2.159
stratified,0,2,145,5.40683,0.30625,0.697533,0.699054,0.705298,0.706402,5.92887e-06,0.3,0,0.0420134,0.333333,43.0778,3.65761,2.1713
stratified,0,2,146,5.51573,0.302344,0.699673,0.69633,0.707506,0.703091,5.52264e-06,0.3,0,0.0416107,0.333333,42.7825,3.59889,2.13352
stratified,0,2,147,5.2631,0.306641,0.690449,0.695519,0.698675,0.703091,5.23233e-06,0.3,0,0.0412081,0.333333,45.7574,3.6017,2.13431
stratified,0,2,148,5.15354,0.312891,0.693777,0.695381,0.701987,0.703091,5.05809e-06,0.3,0,0.0408054,0.333333,44.5548,3.6149,2.13712
stratified,0,2,149,5.36512,0.298047,0.69123,0.691965,0.699779,0.700883,5e-06,0.3,0,0.0404027,0.333333,44.2661,3.629,2.15171
stratified,0,2,150,5.35957,0.303516,0.695217,0.690866,0.703091,0.698675,5e-06,0.3,0,0.04,0.333333,43.0412,3.6279,2.15474
stratified,0,3,1,8.21658,0.0144531,0.0373091,0.0325615,0.0717439,0.0618102,0.0002,0,1,0.1,0.283333,,1.21756,2.37373
stratified,0,3,2,7.16168,0.0410156,0.0573652,0.0682774,0.108168,0.121413,0.0003,0,1,0.0995973,0.333333,11.2215,1.19587,2.21549
stratified,0,3,3,6.89,0.0523438,0.0669595,0.125414,0.112583,0.166667,0.0004,0,1,0.0991946,0.333333,6.46925,1.19716,2.23316
stratified,0,3,4,6.69175,0.0769531,0.107718,0.153014,0.168874,0.197572,0.0005,0,1,0.0987919,0.258333,5.52604,1.1289,2.27146
stratified,0,3,5,6.4732,0.0632812,0.117204,0.195931,0.186534,0.241722,0.000499942,0,1,0.0983893,0.225,5.35511,0.982046,2.30349
stratified,0,3,6,6.12912,0.100391,0.0875142,0.221717,0.136865,0.273731,0.000499768,0,1,0.0979866,0.2,5.32212,0.875807,2.27339
stratified,0,3,7,6.00542,0.132031,0.162666,0.244453,0.207506,0.292494,0.000499477,0,1,0.0975839,0.1,4.72994,0.804381,2.22864
stratified,0,3,8,5.90929,0.131641,0.21641,0.264399,0.277042,0.31457,0.000499071,0,1,0.0971812,0.0916667,4.70474,0.746742,2.19149
stratified,0,3,9,5.72658,0.124609,0.183131,0.271692,0.211921,0.31457,0.000498549,0,1,0.0967785,0.116667,4.70207,0.732844,2.17173
stratified,0,3,10,5.84578,0.150391,0.202392,0.284844,0.253863,0.326711,0.000497912,0,1,0.0963758,0.0666667,4.50071,0.704622,2.16926
stratified,0,3,11,5.61528,0.196094,0.218851,0.304113,0.268212,0.345475,0.000497159,0,1,0.0959732,0.158333,5.28782,0.674874,2.14042
stratified,0,3,12,5.8841,0.153125,0.21239,0.299324,0.286976,0.339956,0.000496291,0,1,0.0955705,0.166667,5.07425,0.678358,2.19247
stratified,0,3,13,5.56636,0.165234,0.28875,0.342252,0.337748,0.37638,0.00049531,0,1,0.0951678,0.2,5.4678,0.678191,2.15025
stratified,0,3,14,5.41902,0.157812,0.330515,0.353673,0.360927,0.388521,0.000494214,0,1,0.0947651,0.241667,5.73678,0.660059,2.1253
stratified,0,3,15,5.47227,0.23125,0.286329,0.332258,0.34106,0.370861,0.000493004,0,1,0.0943624,0.25,6.19329,0.646876,2.06244
stratified,0,3,16,5.2864,0.178516,0.326229,0.365367,0.36755,0.39404,0.000491682,0,1,0.0939597,0.25,5.99235,0.636843,2.05721
stratified,0,3,17,5.11876,0.171094,0.36523,0.352264,0.39404,0.384106,0.000490247,0,1,0.093557,0.291667,6.81303,0.661264,2.07815
stratified,0,3,18,5.28218,0.225391,0.307913,0.343143,0.345475,0.384106,0.000488701,0,1,0.0931544,0.225,5.85411,0.644433,2.10521
stratified,0,3,19,5.14228,0.179297,0.357845,0.390014,0.397351,0.418322,0.000487044,0,1,0.0927517,0.258333,6.0677,0.642465,2.02102
stratified,0,3,20,5.10831,0.189453,0.36995,0.401841,0.403974,0.42936,0.000485277,0,1,0.092349,0.291667,6.81637,0.63961,2.01745
stratified,0,3,21,5.14337,0.230859,0.389026,0.40986,0.422737,0.434879,0.000483401,0,1,0.0919463,0.25,6.43202,0.642501,2.01824
stratified,0,3,22,5.0812,0.165625,0.383422,0.418219,0.413907,0.452539,0.000481416,0,1,0.0915436,0.258333,5.91223,0.645012,2.02087
stratified,0,3,23,4.96371,0.217188,0.404859,0.436747,0.444812,0.463576,0.000479324,0,1,0.0911409,0.25,6.48407,0.630707,1.95545
stratified,0,3,24,4.69398,0.190625,0.307102,0.431453,0.331126,0.461369,0.000477125,0,1,0.0907383,0.333333,7.67436,0.64793,1.93796
stratified,0,3,25,4.67916,0.242969,0.460082,0.451705,0.483444,0.472406,0.000474821,0,1,0.0903356,0.325,7.48334,0.639885,1.93248
stratified,0,3,26,4.48771,0.276953,0.458977,0.463383,0.474614,0.484547,0.000472412,0,1,0.0899329,0.325,8.3117,0.638872,1.8681
stratified,0,3,27,4.46134,0.255078,0.458073,0.473588,0.490066,0.501104,0.000469901,0,1,0.0895302,0.333333,8.78493,0.650998,1.9059
stratified,0,3,28,4.48163,0.254297,0.474508,0.483903,0.503311,0.512141,0.000467287,0,1,0.0891275,0.333333,8.54798,0.64752,1.87547
stratified,0,3,29,4.5384,0.215625,0.420263,0.459091,0.456954,0.485651,0.000464572,0,1,0.0887248,0.333333,8.56046,0.641875,1.87573
stratified,0,3,30,4.74654,0.222266,0.438873,0.501045,0.466887,0.519868,0.000461758,0,1,0.0883221,0.333333,8.41865,0.623125,1.89995
stratified,0,3,31,4.52932,0.278516,0.493112,0.524531,0.512141,0.547461,0.000458846,0,1,0.0879195,0.308333,8.04912,0.638206,1.87628
stratified,0,3,32,4.3223,0.232031,0.46169,0.534472,0.488962,0.557395,0.000455836,0,1,0.0875168,0.333333,9.2344,0.653236,1.79512
stratified,0,3,33,4.35236,0.232813,0.467263,0.538125,0.494481,0.555188,0.000452732,0,1,0.0871141,0.333333,9.25491,0.656094,1.88008
stratified,0,3,34,4.19675,0.285938,0.521844,0.562325,0.54415,0.581678,0.000449533,0,1,0.0867114,0.333333,9.68989,0.6352,1.78398
stratified,0,3,35,4.20807,0.261719,0.50871,0.548566,0.529801,0.568433,0.000446242,0,1,0.0863087,0.333333,8.76415,0.628651,1.77809
stratified,0,3,36,4.51357,0.257031,0.511014,0.56159,0.528698,0.581678,0.00044286,0,1,0.085906,0.333333,9.68563,0.631185,1.85677
stratified,0,3,37,4.08394,0.255469,0.509058,0.562873,0.545254,0.581678,0.000439388,0,1,0.0855034,0.333333,9.25171,0.648475,1.77152
stratified,0,3,38,3.94459,0.281641,0.494,0.575884,0.514349,0.589404,0.000435829,0,1,0.0851007,0.316667,10.3436,0.632585,1.6787
stratified,0,3,39,4.01505,0.322656,0.528348,0.58625,0.557395,0.60596,0.000432184,0,1,0.084698,0.333333,10.1507,0.667152,1.74646
stratified,0,3,40,4.15452,0.208203,0.5579,0.575752,0.581678,0.602649,0.000428454,0,1,0.0842953,0.316667,9.19456,0.622146,1.71971
stratified,0,3,41,3.87085,0.295703,0.545051,0.618263,0.567329,0.625828,0.000424642,0,1,0.0838926,0.333333,9.88286,0.640104,1.68728
stratified,0,3,42,4.16836,0.283984,0.473009,0.595841,0.495585,0.615894,0.000420749,0,1,0.0834899,0.325,10.0961,0.632122,1.72131
stratified,0,3,43,4.00485,0.275781,0.532398,0.606924,0.550773,0.624724,0.000416777,0,1,0.0830872,0.325,10.1872,0.649997,1.71073
stratified,0,3,44,3.98743,0.269531,0.46761,0.567339,0.497792,0.591611,0.000412728,0,1,0.0826846,0.325,10.791,0.635794,1.65602
stratified,0,3,45,3.87501,0.149609,0.503814,0.610658,0.537528,0.629139,0.000408604,0,1,0.0822819,0.333333,11.2351,0.656974,1.67942
stratified,0,3,46,3.81103,0.291797,0.594086,0.618605,0.611479,0.635762,0.000404406,0,1,0.0818792,0.333333,10.0873,0.648893,1.66209
stratified,0,3,47,3.57649,0.292578,0.571886,0.605206,0.591611,0.624724,0.000400137,0,1,0.0814765,0.333333,10.3414,0.664539,1.60346
stratified,0,3,48,3.97934,0.248047,0.534412,0.623012,0.560706,0.64128,0.000395799,0,1,0.0810738,0.325,10.3749,0.638134,1.73568
stratified,0,3,49,3.64608,0.419531,0.585716,0.602716,0.603753,0.62362,0.000391394,0,1,0.0806711,0.333333,11.0838,0.660716,1.64866
stratified,0,3,50,3.98585,0.326953,0.476353,0.580599,0.509934,0.600442,0.000386923,0,1,0.0802685,0.316667,9.92046,0.642755,1.68776
stratified,0,3,51,3.85301,0.310937,0.58684,0.630611,0.598234,0.649007,0.000382389,0,1,0.0798658,0.333333,9.49336,0.624548,1.63729
stratified,0,3,52,3.6099,0.2125,0.601701,0.626898,0.62362,0.640177,0.000377795,0,1,0.0794631,0.316667,9.37281,0.653459,1.60501
stratified,0,3,53,3.78652,0.205859,0.601689,0.641503,0.61479,0.655629,0.000373141,0,1,0.0790604,0.333333,11.284,0.653688,1.6481
stratified,0,3,54,3.70989,0.264062,0.507913,0.6355,0.546358,0.651214,0.000368431,0,1,0.0786577,0.325,9.77661,0.640354,1.59989
stratified,0,3,55,3.83893,0.297266,0.577698,0.651908,0.594923,0.664459,0.000363667,0,1,0.078255,0.325,10.768,0.642798,1.69099
stratified,0,3,56,3.32789,0.271094,0.590195,0.644047,0.604857,0.665563,0.00035885,0,1,0.0778523,0.333333,9.62514,0.667682,1.5599
stratified,0,3,57,3.4121,0.299219,0.639479,0.651348,0.651214,0.665563,0.000353983,0,1,0.0774497,0.333333,11.7533,0.668704,1.55738
stratified,0,3,58,3.34726,0.340625,0.596966,0.657422,0.609272,0.66777,0.000349069,0,1,0.077047,0.333333,11.1213,0.662294,1.53715
stratified,0,3,59,3.21843,0.382422,0.63234,0.660883,0.645695,0.672185,0.000344109,0,1,0.0766443,0.333333,9.62205,0.681338,1.50612
stratified,0,3,60,3.41119,0.310547,0.583794,0.666018,0.600442,0.678808,0.000339107,0,1,0.0762416,0.333333,9.15194,0.677207,1.561
stratified,0,3,61,3.51136,0.271484,0.604509,0.626417,0.612583,0.64128,0.000334063,0,1,0.0758389,0.325,8.85453,0.660059,1.6036
stratified,0,3,62,3.36124,0.307031,0.6302,0.682841,0.645695,0.692053,0.000328982,0,1,0.0754362,0.333333,9.70218,0.640966,1.5205
stratified,0,3,63,3.34839,0.308594,0.659033,0.672968,0.668874,0.683223,0.000323864,0,1,0.0750336,0.325,11.7626,0.64307,1.52116
stratified,0,3,64,3.39552,0.265234,0.59397,0.670464,0.610375,0.682119,0.000318713,0,1,0.0746309,0.325,9.87429,0.658405,1.54977
stratified,0,3,65,3.25729,0.422656,0.625015,0.672161,0.639073,0.679912,0.000313531,0,1,0.0742282,0.325,11.3487,0.651887,1.511
stratified,0,3,66,3.22264,0.265625,0.649475,0.66789,0.65894,0.679912,0.000308321,0,1,0.0738255,0.333333,10.2802,0.654959,1.52576
stratified,0,3,67,3.33031,0.325391,0.649303,0.659958,0.657837,0.673289,0.000303084,0,1,0.0734228,0.316667,10.5547,0.655071,1.54748
stratified,0,3,68,3.31756,0.359766,0.631985,0.661481,0.646799,0.673289,0.000297823,0,1,0.0730201,0.333333,10.3251,0.639638,1.53601
stratified,0,3,69,3.29362,0.3125,0.667213,0.658857,0.682119,0.66777,0.000292541,0,1,0.0726174,0.333333,10.0925,0.637073,1.51194
stratified,0,3,70,3.20337,0.382031,0.65834,0.679761,0.672185,0.687638,0.00028724,0,1,0.0722148,0.325,10.4033,0.658691,1.51305
stratified,0,3,71,3.47497,0.298047,0.596679,0.681239,0.612583,0.687638,0.000281923,0,1,0.0718121,0.333333,10.2172,0.630635,1.54689
stratified,0,3,72,3.38045,0.359375,0.582943,0.677468,0.607064,0.683223,0.000276592,0,1,0.0714094,0.325,,0.62597,1.49529
stratified,0,3,73,3.21734,0.298828,0.588682,0.684629,0.600442,0.693157,0.00027125,0,1,0.0710067,0.333333,12.9465,0.659604,1.55005
stratified,0,3,74,3.23351,0.405469,0.628148,0.67663,0.65011,0.683223,0.000265899,0,1,0.070604,0.333333,10.9096,0.630582,1.48238
stratified,0,3,75,3.14974,0.254688,0.670435,0.680901,0.678808,0.690949,0.000260542,0,1,0.0702013,0.333333,10.0275,0.641448,1.41753
stratified,0,3,76,3.28195,0.351562,0.558846,0.679264,0.586093,0.686534,0.000255181,0,1,0.0697987,0.333333,10.9127,0.624772,1.49355
stratified,0,3,77,2.76443,0.441406,0.656508,0.701791,0.665563,0.706402,0.000249819,0,1,0.069396,0.333333,13.0618,0.661794,1.37889
stratified,0,3,78,2.89394,0.310937,0.677874,0.682555,0.689845,0.690949,0.000244458,0,1,0.0689933,0.333333,9.08119,0.643699,1.37472
stratified,0,3,79,3.17888,0.294922,0.65303,0.657907,0.66777,0.669978,0.000239101,0,1,0.0685906,0.333333,9.91124,0.642017,1.45932
stratified,0,3,80,2.95264,0.314063,0.623576,0.697443,0.639073,0.701987,0.00023375,0,1,0.0681879,0.333333,11.5997,0.638902,1.41999
stratified,0,3,81,3.05673,0.407422,0.613623,0.680547,0.629139,0.690949,0.000228408,0,1,0.0677852,0.333333,10.4034,0.625515,1.41616
stratified,0,3,82,3.02426,0.346484,0.629516,0.674636,0.646799,0.675497,0.000223077,0,1,0.0673826,0.333333,10.1879,0.627937,1.40939
stratified,0,3,83,2.62511,0.310937,0.669209,0.694892,0.672185,0.696468,0.00021776,0,1,0.0669799,0.333333,11.4915,0.634652,1.33142
stratified,0,3,84,2.90604,0.417187,0.671667,0.695167,0.6766,0.700883,0.000212459,0,1,0.0665772,0.325,9.71255,0.628423,1.36312
stratified,0,3,85,2.83461,0.354687,0.677539,0.695962,0.686534,0.700883,0.000207177,0,1,0.0661745,0.333333,10.3555,0.624135,1.36932
stratified,0,3,86,2.8801,0.397266,0.645574,0.707666,0.664459,0.710817,0.000201916,0,1,0.0657718,0.325,10.6881,0.631694,1.39089
stratified,0,3,87,2.82862,0.356641,0.675776,0.697993,0.688742,0.703091,0.000196679,0,1,0.0653691,0.333333,10.0547,0.628679,1.34143
stratified,0,3,88,2.88761,0.3875,0.661787,0.693872,0.671082,0.701987,0.000191469,0,1,0.0649664,0.333333,10.126,0.621797,1.36952
stratified,0,3,89,2.6862,0.385156,0.704354,0.688129,0.710817,0.695364,0.000186287,0,1,0.0645638,0.333333,11.2299,0.641565,1.36723
stratified,0,3,90,3.0446,0.438672,0.657818,0.706061,0.671082,0.708609,0.000181136,0,1,0.0641611,0.333333,9.02684,0.625311,1.40872
stratified,0,3,91,2.4696,0.461328,0.672093,0.713407,0.682119,0.714128,0.000176018,0,1,0.0637584,0.333333,11.1392,0.6379,1.28215
stratified,0,3,92,2.68182,0.330859,0.672038,0.71374,0.684327,0.716336,0.000170937,0,1,0.0633557,0.333333,12.4975,0.634292,1.2887
stratified,0,3,93,2.80341,0.335938,0.693913,0.707668,0.699779,0.711921,0.000165893,0,1,0.062953,0.333333,9.3567,0.610934,1.30138
stratified,0,3,94,2.52246,0.366406,0.663953,0.71439,0.668874,0.719647,0.000160891,0,1,0.0625503,0.325,9.54144,0.625784,1.28367
stratified,0,3,95,3.25511,0.382422,0.654195,0.683926,0.661148,0.69426,0.000155931,0,1,0.0621477,0.333333,8.71429,0.61381,1.48693
stratified,0,3,96,2.72656,0.423828,0.69713,0.696649,0.706402,0.705298,0.000151017,0,1,0.061745,0.325,8.83402,0.593755,1.2785
stratified,0,3,97,2.61458,0.39375,0.690628,0.699773,0.698675,0.708609,0.00014615,0,1,0.0613423,0.333333,10.6549,0.630707,1.27022
stratified,0,3,98,2.93752,0.371094,0.700191,0.705597,0.703091,0.714128,0.000141333,0,1,0.0609396,0.333333,11.099,0.604796,1.34663
stratified,0,3,99,2.74001,0.309766,0.69419,0.699554,0.700883,0.706402,0.000136569,0,1,0.0605369,0.333333,9.89005,0.616216,1.32849
stratified,0,3,100,2.76476,0.361719,0.706603,0.699052,0.711921,0.706402,0.000131859,0,1,0.0601342,0.333333,9.72126,0.596689,1.30155
stratified,0,3,101,2.69325,0.347656,0.688374,0.693172,0.697572,0.698675,0.000127205,0,1,0.0597315,0.333333,10.3939,0.592882,1.26555
stratified,0,3,102,2.80083,0.302734,0.685051,0.70261,0.692053,0.709713,0.000122611,0,1,0.0593289,0.333333,10.4011,0.608624,1.32133
stratified,0,3,103,2.53049,0.449609,0.680338,0.688449,0.689845,0.698675,0.000118077,0,1,0.0589262,0.316667,9.0842,0.601573,1.25841
stratified,0,3,104,2.21021,0.448828,0.720904,0.713701,0.722958,0.717439,0.000113606,0,1,0.0585235,0.325,9.66654,0.616311,1.16897
stratified,0,3,105,2.77758,0.403125,0.710077,0.71097,0.720751,0.717439,0.000109201,0,1,0.0581208,0.333333,10.7556,0.618173,1.3162
stratified,0,3,106,2.55914,0.396875,0.683137,0.700678,0.690949,0.707506,0.000104863,0,1,0.0577181,0.325,9.11792,0.597837,1.25065
stratified,0,3,107,2.63504,0.317188,0.708123,0.700773,0.714128,0.709713,0.000100594,0,1,0.0573154,0.325,9.26422,0.590836,1.25736
stratified,0,3,108,2.58219,0.267188,0.725403,0.716326,0.729581,0.721854,9.63962e-05,0,1,0.0569128,0.325,9.38359,0.580219,1.21881
stratified,0,3,109,2.77711,0.378125,0.704605,0.707395,0.711921,0.715232,9.22719e-05,0,1,0.0565101,0.333333,9.58526,0.587639,1.31336
stratified,0,3,110,2.38753,0.415234,0.714656,0.708825,0.718543,0.711921,8.82228e-05,0,1,0.0561074,0.333333,9.27706,0.597845,1.22072
stratified,0,3,111,1.36822,0.869141,0.722529,0.724882,0.725166,0.725166,8.42509e-05,0,0,0.0557047,0.333333,9.50005,0.642619,0.988157
stratified,0,3,112,1.36455,0.858984,0.71343,0.730198,0.717439,0.729581,8.03579e-05,0.0020458,0,0.055302,0.333333,10.2919,0.670741,0.975005
stratified,0,3,113,1.34635,0.857812,0.728482,0.729358,0.730684,0.729581,7.65457e-05,0.00812741,0,0.0548993,0.333333,11.1626,0.694719,0.986874
stratified,0,3,114,1.45097,0.805859,0.732989,0.731291,0.736203,0.733996,7.28161e-05,0.0180789,0,0.0544966,0.333333,11.5504,0.799631,1.09967
stratified,0,3,115,1.52391,0.789453,0.729309,0.736115,0.730684,0.736203,6.91709e-05,0.0316289,0,0.054094,0.333333,15.4305,0.900937,1.16033
stratified,0,3,116,1.62929,0.736719,0.721665,0.729704,0.724062,0.730684,6.56117e-05,0.0484078,0,0.0536913,0.333333,15.0333,1.06637,1.25501
stratified,0,3,117,1.85065,0.689063,0.746903,0.737148,0.749448,0.736203,6.21402e-05,0.0679578,0,0.0532886,0.333333,15.5367,1.23999,1.37742
stratified,0,3,118,2.05018,0.635156,0.736464,0.733986,0.738411,0.737307,5.87581e-05,0.0897457,0,0.0528859,0.333333,19.7864,1.49217,1.51032
stratified,0,3,119,2.24327,0.610547,0.721598,0.732248,0.724062,0.732892,5.5467e-05,0.113177,0,0.0524832,0.333333,26.099,1.75931,1.6331
stratified,0,3,120,2.51749,0.558203,0.728247,0.736854,0.733996,0.738411,5.22683e-05,0.137613,0,0.0520805,0.333333,26.7051,2.02084,1.69474
stratified,0,3,121,2.78646,0.520703,0.748773,0.74353,0.752759,0.745033,4.91636e-05,0.162387,0,0.0516779,0.333333,31.3408,2.30787,1.75983
stratified,0,3,122,2.9594,0.510156,0.741653,0.745514,0.745033,0.746137,4.61544e-05,0.186823,0,0.0512752,0.333333,33.5354,2.56824,1.8204
stratified,0,3,123,3.27789,0.466016,0.739586,0.74299,0.743929,0.746137,4.3242e-05,0.210254,0,0.0508725,0.325,,2.82784,1.88429
stratified,0,3,124,3.61451,0.41875,0.735881,0.736577,0.739514,0.740618,4.04278e-05,0.232042,0,0.0504698,0.333333,36.9649,2.99924,1.94265
stratified,0,3,125,3.73118,0.408984,0.739909,0.747002,0.743929,0.749448,3.77132e-05,0.251592,0,0.0500671,0.333333,40.4191,3.1236,1.97942
stratified,0,3,126,4.05662,0.399219,0.740846,0.750682,0.746137,0.751656,3.50995e-05,0.268371,0,0.0496644,0.333333,43.4082,3.24529,2.02915
stratified,0,3,127,4.23681,0.381641,0.731276,0.752457,0.737307,0.752759,3.25877e-05,0.281921,0,0.0492617,0.325,,3.31314,2.04599
stratified,0,3,128,4.28725,0.366406,0.739159,0.74882,0.746137,0.749448,3.01792e-05,0.291873,0,0.0488591,0.333333,46.4278,3.3887,2.07535
stratified,0,3,129,4.1591,0.387891,0.725939,0.743182,0.733996,0.743929,2.78751e-05,0.297954,0,0.0484564,0.333333,52.5199,3.36065,2.04976
stratified,0,3,130,4.09962,0.405859,0.733449,0.746948,0.737307,0.749448,2.56764e-05,0.3,0,0.0480537,0.333333,47.9285,3.32241,2.00482
stratified,0,3,131,4.08349,0.414062,0.741173,0.742127,0.743929,0.745033,2.35841e-05,0.3,0,0.047651,0.333333,46.2322,3.30094,1.98174
stratified,0,3,132,4.16983,0.402734,0.7395,0.747683,0.743929,0.750552,2.15994e-05,0.3,0,0.0472483,0.333333,47.0946,3.3662,2.01603
stratified,0,3,133,4.08905,0.427734,0.735477,0.744493,0.739514,0.746137,1.9723e-05,0.3,0,0.0468456,0.333333,47.0267,3.31095,1.97529
stratified,0,3,134,4.06893,0.432422,0.740462,0.75538,0.742826,0.758278,1.79558e-05,0.3,0,0.046443,0.333333,48.0803,3.27181,1.96029
stratified,0,3,135,3.99301,0.442188,0.743101,0.739699,0.748344,0.742826,1.62988e-05,0.3,0,0.0460403,0.333333,47.5678,3.26627,1.96014
stratified,0,3,136,3.98349,0.444141,0.73769,0.741619,0.741722,0.745033,1.47526e-05,0.3,0,0.0456376,0.333333,48.0401,3.23867,1.93196
stratified,0,3,137,3.96583,0.44375,0.735314,0.744882,0.739514,0.748344,1.33181e-05,0.3,0,0.0452349,0.333333,48.1719,3.25061,1.93542
stratified,0,3,138,3.92526,0.434375,0.732124,0.741156,0.736203,0.746137,1.19958e-05,0.3,0,0.0448322,0.333333,49.1493,3.24885,1.92825
stratified,0,3,139,3.91235,0.451953,0.72911,0.742161,0.733996,0.745033,1.07864e-05,0.3,0,0.0444295,0.333333,48.9658,3.29372,1.95109
stratified,0,3,140,3.79712,0.466016,0.736008,0.739683,0.740618,0.743929,9.69048e-06,0.3,0,0.0440268,0.333333,47.8372,3.21833,1.9048
stratified,0,3,141,3.86558,0.455078,0.731727,0.745144,0.735099,0.748344,8.70853e-06,0.3,0,0.0436242,0.333333,47.3461,3.23404,1.91601
stratified,0,3,142,3.74229,0.467578,0.734471,0.742719,0.737307,0.746137,7.84101e-06,0.3,0,0.0432215,0.333333,44.3894,3.19653,1.89591
stratified,0,3,143,3.76933,0.465234,0.73359,0.742657,0.738411,0.746137,7.08833e-06,0.3,0,0.0428188,0.333333,48.45,3.19852,1.89153
stratified,0,3,144,3.84071,0.469141,0.738589,0.747278,0.741722,0.749448,6.45086e-06,0.3,0,0.0424161,0.333333,45.4454,3.18112,1.88295
stratified,0,3,145,3.94697,0.462109,0.737876,0.743284,0.741722,0.746137,5.92887e-06,0.3,0,0.0420134,0.333333,45.9051,3.19203,1.89503
stratified,0,3,146,3.7932,0.473438,0.738011,0.74282,0.741722,0.746137,5.52264e-06,0.3,0,0.0416107,0.333333,49.1279,3.18586,1.88124
stratified,0,3,147,3.69482,0.485938,0.738422,0.743208,0.740618,0.746137,5.23233e-06,0.3,0,0.0412081,0.333333,45.3282,3.17597,1.87092
stratified,0,3,148,3.62973,0.480859,0.732595,0.747906,0.736203,0.750552,5.05809e-06,0.3,0,0.0408054,0.333333,45.6887,3.19058,1.89265
stratified,0,3,149,3.73688,0.479297,0.738035,0.745869,0.741722,0.748344,5e-06,0.3,0,0.0404027,0.333333,46.147,3.1613,1.86939
stratified,0,3,150,3.7165,0.487891,0.737978,0.74798,0.741722,0.750552,5e-06,0.3,0,0.04,0.333333,45.9404,3.17232,1.87752
stratified,0,4,1,8.07432,0.0175781,0.0323925,0.0288271,0.0783664,0.0618102,0.0002,0,1,0.1,0.316667,,1.14604,2.33338
stratified,0,4,2,7.18569,0.0265625,0.044919,0.0598925,0.0905077,0.0949227,0.0003,0,1,0.0995973,0.333333,10.9479,1.11258,2.1798
stratified,0,4,3,6.85115,0.05625,0.0564471,0.117579,0.119205,0.160044,0.0004,0,1,0.0991946,0.3,5.7399,1.18691,2.25821
stratified,0,4,4,6.61744,0.0679687,0.101399,0.152726,0.156733,0.199779,0.0005,0,1,0.0987919,0.158333,4.99748,1.08572,2.25229
stratified,0,4,5,6.52942,0.0757812,0.136907,0.194833,0.178808,0.230684,0.000499942,0,1,0.0983893,0.108333,4.83487,0.997347,2.3307
stratified,0,4,6,6.37658,0.0847656,0.150841,0.202528,0.19426,0.246137,0.000499768,0,1,0.0979866,0.0416667,4.48762,0.841477,2.22966
stratified,0,4,7,6.14634,0.0699219,0.152032,0.216803,0.204194,0.253863,0.000499477,0,1,0.0975839,0.141667,5.16766,0.794038,2.20033
stratified,0,4,8,6.21538,0.101562,0.152937,0.216758,0.203091,0.261589,0.000499071,0,1,0.0971812,0.108333,4.93038,0.750983,2.19465
stratified,0,4,9,6.13693,0.104297,0.192726,0.232084,0.236203,0.275938,0.000498549,0,1,0.0967785,0.166667,5.40114,0.72462,2.19425
stratified,0,4,10,6.14791,0.0871094,0.198159,0.231001,0.242826,0.281457,0.000497912,0,1,0.0963758,0.1,4.70715,0.698163,2.19384
stratified,0,4,11,5.93072,0.131641,0.199229,0.263433,0.268212,0.299117,0.000497159,0,1,0.0959732,0.133333,4.92726,0.703995,2.21922
stratified,0,4,12,5.84562,0.107813,0.269868,0.298791,0.317881,0.331126,0.000496291,0,1,0.0955705,0.141667,5.14005,0.670325,2.14681
stratified,0,4,13,5.64963,0.123828,0.238344,0.312894,0.284768,0.348786,0.00049531,0,1,0.0951678,0.241667,5.64202,0.681145,2.16023
stratified,0,4,14,5.42715,0.119922,0.278564,0.335546,0.331126,0.369757,0.000494214,0,1,0.0947651,0.216667,5.75146,0.683504,2.10716
stratified,0,4,15,5.45648,0.161719,0.297797,0.363403,0.338852,0.396247,0.000493004,0,1,0.0943624,0.158333,5.34696,0.634998,2.07738
stratified,0,4,16,5.33638,0.146484,0.324021,0.383537,0.354305,0.412804,0.000491682,0,1,0.0939597,0.233333,5.64062,0.655044,2.08917
stratified,0,4,17,5.51729,0.134375,0.3268,0.361375,0.357616,0.39404,0.000490247,0,1,0.093557,0.208333,5.85534,0.64171,2.14426
stratified,0,4,18,5.19793,0.214453,0.337505,0.392652,0.368653,0.419426,0.000488701,0,1,0.0931544,0.258333,5.93482,0.636056,2.0255
stratified,0,4,19,5.25538,0.189453,0.355225,0.389775,0.390728,0.417219,0.000487044,0,1,0.0927517,0.233333,5.90966,0.624799,2.01826
stratified,0,4,20,5.10093,0.207813,0.343491,0.400089,0.36755,0.426049,0.000485277,0,1,0.092349,0.308333,6.96411,0.633315,2.03742
stratified,0,4,21,5.11202,0.192188,0.3377,0.402329,0.379691,0.427152,0.000483401,0,1,0.0919463,0.275,6.23476,0.614678,2.03575
stratified,0,4,22,5.12989,0.166406,0.375638,0.374626,0.419426,0.40287,0.000481416,0,1,0.0915436,0.3,5.97003,0.613838,1.97308
stratified,0,4,23,4.86935,0.200391,0.34924,0.406115,0.370861,0.434879,0.000479324,0,1,0.0911409,0.241667,5.94788,0.622507,1.98537
stratified,0,4,24,5.14456,0.224219,0.363049,0.393433,0.400662,0.419426,0.000477125,0,1,0.0907383,0.275,6.62178,0.629344,2.02574
stratified,0,4,25,4.75391,0.226562,0.408476,0.445195,0.431567,0.466887,0.000474821,0,1,0.0903356,0.275,6.56522,0.63637,1.94775
stratified,0,4,26,4.89045,0.216406,0.393349,0.45734,0.433775,0.474614,0.000472412,0,1,0.0899329,0.258333,6.27477,0.639698,1.98132
stratified,0,4,27,4.93356,0.247266,0.422472,0.461322,0.454746,0.48234,0.000469901,0,1,0.0895302,0.283333,6.07157,0.617742,1.9523
stratified,0,4,28,4.70116,0.238281,0.417612,0.45714,0.444812,0.480132,0.000467287,0,1,0.0891275,0.275,6.6262,0.629421,1.9061
stratified,0,4,29,4.54644,0.238672,0.420965,0.474681,0.450331,0.498896,0.000464572,0,1,0.0887248,0.308333,6.97755,0.667083,1.92575
stratified,0,4,30,4.67641,0.265234,0.492942,0.474758,0.518764,0.496689,0.000461758,0,1,0.0883221,0.275,6.40682,0.611079,1.92773
stratified,0,4,31,4.46434,0.286719,0.430156,0.483888,0.453642,0.506623,0.000458846,0,1,0.0879195,0.3,6.87603,0.641488,1.83829
stratified,0,4,32,4.52889,0.257422,0.492685,0.490212,0.512141,0.513245,0.000455836,0,1,0.0875168,0.308333,6.73794,0.628585,1.88662
stratified,0,4,33,4.08642,0.269141,0.398035,0.499862,0.424945,0.522075,0.000452732,0,1,0.0871141,0.333333,7.7298,0.658755,1.77493
stratified,0,4,34,4.51401,0.273438,0.493975,0.523251,0.512141,0.54415,0.000449533,0,1,0.0867114,0.316667,7.12663,0.608366,1.84077
stratified,0,4,35,4.5156,0.263281,0.459812,0.524517,0.485651,0.541943,0.000446242,0,1,0.0863087,0.308333,6.75741,0.60411,1.84647
stratified,0,4,36,4.26157,0.257812,0.482486,0.519293,0.516556,0.537528,0.00044286,0,1,0.085906,0.316667,7.276,0.630309,1.79464
stratified,0,4,37,4.44026,0.261328,0.515974,0.535,0.539735,0.555188,0.000439388,0,1,0.0855034,0.3,6.82584,0.632115,1.84464
stratified,0,4,38,4.058,0.269922,0.439554,0.549768,0.460265,0.571744,0.000435829,0,1,0.0851007,0.316667,6.61666,0.648132,1.77129
stratified,0,4,39,4.16557,0.254688,0.529383,0.539369,0.547461,0.560706,0.000432184,0,1,0.084698,0.333333,7.48662,0.63305,1.72156
stratified,0,4,40,4.40045,0.284766,0.511934,0.537898,0.532009,0.557395,0.000428454,0,1,0.0842953,0.325,7.77627,0.623545,1.79193
stratified,0,4,41,4.24992,0.276953,0.546915,0.564647,0.57064,0.580574,0.000424642,0,1,0.0838926,0.308333,7.1337,0.613539,1.72497
stratified,0,4,42,4.16916,0.240234,0.492711,0.538543,0.509934,0.558499,0.000420749,0,1,0.0834899,0.325,7.20441,0.631536,1.72718
stratified,0,4,43,4.22413,0.25,0.503343,0.580388,0.530905,0.598234,0.000416777,0,1,0.0830872,0.308333,7.52766,0.625518,1.7207
stratified,0,4,44,3.93023,0.290625,0.54159,0.580375,0.564018,0.59713,0.000412728,0,1,0.0826846,0.325,7.32406,0.641439,1.71108
stratified,0,4,45,4.03754,0.313672,0.498342,0.592355,0.525386,0.607064,0.000408604,0,1,0.0822819,0.325,7.79094,0.644212,1.71047
stratified,0,4,46,4.01916,0.283984,0.47573,0.552962,0.501104,0.571744,0.000404406,0,1,0.0818792,0.316667,7.85739,0.651935,1.70258
stratified,0,4,47,3.61183,0.253906,0.595745,0.60282,0.609272,0.619205,0.000400137,0,1,0.0814765,0.333333,8.01686,0.659384,1.69313
stratified,0,4,48,3.72894,0.385547,0.5671,0.580718,0.590508,0.590508,0.000395799,0,1,0.0810738,0.333333,7.80304,0.64818,1.65773
stratified,0,4,49,4.16096,0.251953,0.530284,0.593302,0.566225,0.607064,0.000391394,0,1,0.0806711,0.333333,7.26848,0.627855,1.7363
stratified,0,4,50,3.97564,0.363672,0.549324,0.574732,0.569536,0.5883,0.000386923,0,1,0.0802685,0.316667,7.20631,0.617665,1.654
stratified,0,4,51,3.57045,0.358984,0.59699,0.599292,0.610375,0.610375,0.000382389,0,1,0.0798658,0.325,7.85208,0.657221,1.60403
stratified,0,4,52,3.96151,0.296875,0.492945,0.615172,0.518764,0.622517,0.000377795,0,1,0.0794631,0.325,8.25254,0.642156,1.67073
stratified,0,4,53,3.71396,0.233203,0.515945,0.594084,0.545254,0.609272,0.000373141,0,1,0.0790604,0.316667,7.39645,0.647273,1.61697
stratified,0,4,54,3.60981,0.379688,0.587533,0.59769,0.602649,0.611479,0.000368431,0,1,0.0786577,0.333333,7.98684,0.670353,1.67705
stratified,0,4,55,3.54833,0.344141,0.584701,0.592121,0.594923,0.607064,0.000363667,0,1,0.078255,0.333333,7.72231,0.647467,1.59733
stratified,0,4,56,3.64027,0.359766,0.602744,0.604386,0.615894,0.620309,0.00035885,0,1,0.0778523,0.316667,7.71073,0.649508,1.6262
stratified,0,4,57,3.7578,0.35,0.502514,0.61053,0.525386,0.628035,0.000353983,0,1,0.0774497,0.308333,7.01277,0.620809,1.59771
stratified,0,4,58,3.23389,0.3,0.55082,0.631719,0.572848,0.649007,0.000349069,0,1,0.077047,0.333333,8.52627,0.6738,1.55475
stratified,0,4,59,3.82611,0.321875,0.538012,0.611723,0.557395,0.631347,0.000344109,0,1,0.0766443,0.333333,7.37419,0.620676,1.62015
stratified,0,4,60,3.32948,0.30625,0.619404,0.638509,0.635762,0.655629,0.000339107,0,1,0.0762416,0.316667,9.03044,0.656375,1.56888
stratified,0,4,61,3.42346,0.282031,0.609519,0.644192,0.622517,0.655629,0.000334063,0,1,0.0758389,0.325,7.29823,0.64231,1.55968
stratified,0,4,62,3.57619,0.324609,0.591986,0.625687,0.607064,0.64128,0.000328982,0,1,0.0754362,0.325,7.75041,0.623512,1.56941
stratified,0,4,63,3.69334,0.243359,0.595031,0.642419,0.610375,0.656733,0.000323864,0,1,0.0750336,0.325,8.69578,0.634775,1.60976
stratified,0,4,64,3.53234,0.308594,0.596924,0.654668,0.610375,0.666667,0.000318713,0,1,0.0746309,0.325,7.7511,0.634037,1.58933
stratified,0,4,65,3.35154,0.314844,0.626875,0.642401,0.635762,0.655629,0.000313531,0,1,0.0742282,0.325,7.98999,0.654369,1.56802
stratified,0,4,66,3.21132,0.378516,0.630833,0.646555,0.640177,0.657837,0.000308321,0,1,0.0738255,0.316667,7.8449,0.649723,1.50889
stratified,0,4,67,3.50552,0.311328,0.612642,0.639106,0.629139,0.653422,0.000303084,0,1,0.0734228,0.316667,8.57818,0.62729,1.56444
stratified,0,4,68,3.26637,0.35,0.583695,0.639356,0.604857,0.647903,0.000297823,0,1,0.0730201,0.325,7.45306,0.653945,1.52434
stratified,0,4,69,3.27059,0.33125,0.602917,0.640964,0.620309,0.65011,0.000292541,0,1,0.0726174,0.333333,8.13877,0.647754,1.51859
stratified,0,4,70,3.17061,0.227734,0.631892,0.641171,0.647903,0.649007,0.00028724,0,1,0.0722148,0.333333,8.44836,0.659324,1.47968
stratified,0,4,71,3.2365,0.384375,0.616226,0.652249,0.63245,0.660044,0.000281923,0,1,0.0718121,0.333333,7.81281,0.637945,1.48589
stratified,0,4,72,3.43462,0.247266,0.572531,0.647604,0.5883,0.660044,0.000276592,0,1,0.0714094,0.325,7.81006,0.628354,1.53686
stratified,0,4,73,3.12023,0.35,0.627455,0.642764,0.637969,0.654525,0.00027125,0,1,0.0710067,0.333333,8.18187,0.654464,1.465
stratified,0,4,74,3.30988,0.34375,0.620519,0.648697,0.636865,0.657837,0.000265899,0,1,0.070604,0.325,7.58976,0.640759,1.44169
stratified,0,4,75,3.14356,0.269531,0.625756,0.655704,0.642384,0.666667,0.000260542,0,1,0.0702013,0.333333,7.57586,0.656201,1.4685
stratified,0,4,76,3.18575,0.281641,0.584536,0.64481,0.602649,0.657837,0.000255181,0,1,0.0697987,0.333333,7.54902,0.659283,1.47939
stratified,0,4,77,3.03775,0.412891,0.617564,0.657334,0.628035,0.66777,0.000249819,0,1,0.069396,0.325,7.27012,0.637337,1.41396
stratified,0,4,78,3.18093,0.376172,0.651827,0.656967,0.65894,0.668874,0.000244458,0,1,0.0689933,0.316667,8.24064,0.628376,1.44837
stratified,0,4,79,2.97182,0.348047,0.64299,0.674331,0.656733,0.684327,0.000239101,0,1,0.0685906,0.333333,7.58837,0.646208,1.39463
stratified,0,4,80,3.53767,0.366016,0.652537,0.674263,0.665563,0.684327,0.00023375,0,1,0.0681879,0.316667,7.47376,0.613102,1.53863
stratified,0,4,81,3.11431,0.394141,0.648128,0.662366,0.655629,0.673289,0.000228408,0,1,0.0677852,0.316667,7.24532,0.614032,1.4253
stratified,0,4,82,3.08561,0.259375,0.661816,0.676145,0.669978,0.686534,0.000223077,0,1,0.0673826,0.316667,7.12769,0.619502,1.43591
stratified,0,4,83,2.94341,0.345703,0.662614,0.661238,0.679912,0.672185,0.00021776,0,1,0.0669799,0.325,8.19777,0.632721,1.38961
stratified,0,4,84,2.9414,0.317969,0.650586,0.675215,0.661148,0.687638,0.000212459,0,1,0.0665772,0.333333,7.71271,0.623217,1.39889
stratified,0,4,85,2.96658,0.326562,0.657724,0.675881,0.671082,0.684327,0.000207177,0,1,0.0661745,0.333333,7.89505,0.615237,1.37423
stratified,0,4,86,3.06205,0.483594,0.658079,0.68078,0.669978,0.688742,0.000201916,0,1,0.0657718,0.308333,7.18345,0.619228,1.40252
stratified,0,4,87,2.82115,0.347656,0.664309,0.682533,0.671082,0.688742,0.000196679,0,1,0.0653691,0.333333,7.94575,0.639909,1.34512
stratified,0,4,88,2.86652,0.492188,0.652266,0.682105,0.665563,0.687638,0.000191469,0,1,0.0649664,0.333333,8.24641,0.63344,1.39178
stratified,0,4,89,3.00807,0.403516,0.67349,0.68409,0.683223,0.692053,0.000186287,0,1,0.0645638,0.308333,7.55266,0.617362,1.37538
stratified,0,4,90,3.06877,0.344531,0.644887,0.668286,0.653422,0.679912,0.000181136,0,1,0.0641611,0.333333,7.9846,0.620325,1.44688
stratified,0,4,91,3.0477,0.44375,0.669808,0.667119,0.681015,0.681015,0.000176018,0,1,0.0637584,0.333333,7.54069,0.617116,1.39628
stratified,0,4,92,2.60428,0.323828,0.662847,0.675119,0.672185,0.686534,0.000170937,0,1,0.0633557,0.325,7.4452,0.631394,1.30499
stratified,0,4,93,2.68749,0.423438,0.660386,0.681822,0.677704,0.690949,0.000165893,0,1,0.062953,0.325,8.39344,0.632143,1.29684
stratified,0,4,94,2.77265,0.434375,0.675094,0.681858,0.679912,0.690949,0.000160891,0,1,0.0625503,0.325,7.74023,0.633173,1.36233
stratified,0,4,95,2.82545,0.440625,0.676762,0.681039,0.687638,0.692053,0.000155931,0,1,0.0621477,0.316667,7.57031,0.619931,1.34118
stratified,0,4,96,2.77445,0.367578,0.671798,0.685199,0.682119,0.695364,0.000151017,0,1,0.061745,0.333333,7.90773,0.63656,1.33366
stratified,0,4,97,2.68985,0.436719,0.690159,0.69911,0.695364,0.708609,0.00014615,0,1,0.0613423,0.333333,7.06119,0.60363,1.24955
stratified,0,4,98,2.54883,0.344141,0.683242,0.696179,0.692053,0.703091,0.000141333,0,1,0.0609396,0.325,7.45993,0.610223,1.25035
stratified,0,4,99,2.6258,0.344531,0.677261,0.682084,0.686534,0.690949,0.000136569,0,1,0.0605369,0.325,7.61487,0.614674,1.26949
stratified,0,4,100,2.73887,0.342578,0.67854,0.679646,0.689845,0.687638,0.000131859,0,1,0.0601342,0.333333,7.4499,0.613454,1.26655
stratified,0,4,101,2.38,0.324609,0.694228,0.691811,0.700883,0.697572,0.000127205,0,1,0.0597315,0.325,8.22414,0.621909,1.20888
stratified,0,4,102,2.76822,0.392188,0.667245,0.68523,0.675497,0.69426,0.000122611,0,1,0.0593289,0.325,,0.596179,1.29949
stratified,0,4,103,2.59525,0.4125,0.699673,0.694556,0.708609,0.699779,0.000118077,0,1,0.0589262,0.325,8.12891,0.61623,1.27577
stratified,0,4,104,2.59141,0.280469,0.697541,0.698316,0.707506,0.703091,0.000113606,0,1,0.0585235,0.333333,8.28284,0.614676,1.27364
stratified,0,4,105,2.53559,0.321484,0.641566,0.701207,0.655629,0.706402,0.000109201,0,1,0.0581208,0.333333,7.6225,0.600415,1.23574
stratified,0,4,106,2.96767,0.416797,0.679174,0.69545,0.690949,0.704194,0.000104863,0,1,0.0577181,0.325,7.16877,0.605174,1.33957
stratified,0,4,107,2.50295,0.375391,0.707476,0.704927,0.713024,0.710817,0.000100594,0,1,0.0573154,0.316667,7.69363,0.578927,1.20804
stratified,0,4,108,2.38768,0.378516,0.707789,0.709623,0.714128,0.715232,9.63962e-05,0,1,0.0569128,0.333333,7.59413,0.617068,1.20569
stratified,0,4,109,2.66867,0.421875,0.686908,0.699468,0.69426,0.705298,9.22719e-05,0,1,0.0565101,0.325,8.30016,0.604199,1.27677
stratified,0,4,110,2.67141,0.40625,0.710189,0.699051,0.717439,0.706402,8.82228e-05,0,1,0.0561074,0.325,7.31129,0.60271,1.29268
stratified,0,4,111,1.41321,0.849219,0.714142,0.705078,0.716336,0.708609,8.42509e-05,0,0,0.0557047,0.333333,8.52809,0.645133,1.00788
stratified,0,4,112,1.40107,0.845313,0.712348,0.715237,0.715232,0.719647,8.03579e-05,0.0020458,0,0.055302,0.325,8.30523,0.67879,1.00469
stratified,0,4,113,1.4457,0.828906,0.711905,0.707401,0.716336,0.710817,7.65457e-05,0.00812741,0,0.0548993,0.333333,7.99684,0.737923,1.04568
stratified,0,4,114,1.49248,0.802344,0.70368,0.706982,0.708609,0.709713,7.28161e-05,0.0180789,0,0.0544966,0.333333,10.1544,0.811066,1.10195
stratified,0,4,115,1.56408,0.76875,0.716382,0.711206,0.719647,0.713024,6.91709e-05,0.0316289,0,0.054094,0.333333,10.8078,0.925625,1.18575
stratified,0,4,116,1.72311,0.707422,0.714755,0.711576,0.721854,0.715232,6.56117e-05,0.0484078,0,0.0536913,0.333333,12.2404,1.09315,1.31891
stratified,0,4,117,1.95992,0.645703,0.713336,0.717534,0.716336,0.719647,6.21402e-05,0.0679578,0,0.0532886,0.333333,14.87,1.32298,1.46122
stratified,0,4,118,2.09831,0.6125,0.700405,0.719503,0.707506,0.721854,5.87581e-05,0.0897457,0,0.0528859,0.333333,16.5939,1.55491,1.55673
stratified,0,4,119,2.34779,0.5625,0.709874,0.722366,0.714128,0.725166,5.5467e-05,0.113177,0,0.0524832,0.333333,19.7722,1.87364,1.63936
stratified,0,4,120,2.7186,0.516016,0.70857,0.720446,0.714128,0.722958,5.22683e-05,0.137613,0,0.0520805,0.333333,22.9792,2.23469,1.72492
stratified,0,4,121,2.9239,0.501172,0.718413,0.717671,0.721854,0.719647,4.91636e-05,0.162387,0,0.0516779,0.333333,24.4079,2.48301,1.78461
stratified,0,4,122,3.25992,0.447266,0.717262,0.717924,0.721854,0.720751,4.61544e-05,0.186823,0,0.0512752,0.333333,26.8158,2.79014,1.87553
stratified,0,4,123,3.56246,0.410938,0.708201,0.716823,0.711921,0.719647,4.3242e-05,0.210254,0,0.0508725,0.333333,,3.01574,1.94613
stratified,0,4,124,3.83461,0.401562,0.70373,0.72063,0.709713,0.725166,4.04278e-05,0.232042,0,0.0504698,0.333333,31.4469,3.19135,2.00247
stratified,0,4,125,4.12441,0.370703,0.718608,0.717968,0.722958,0.720751,3.77132e-05,0.251592,0,0.0500671,0.333333,34.793,3.35985,2.05667
stratified,0,4,126,4.39446,0.330859,0.705409,0.718387,0.714128,0.721854,3.50995e-05,0.268371,0,0.0496644,0.333333,,3.44421,2.08858
stratified,0,4,127,4.51528,0.333594,0.715592,0.718086,0.722958,0.721854,3.25877e-05,0.281921,0,0.0492617,0.333333,38.23,3.5645,2.14415
stratified,0,4,128,4.55749,0.33125,0.719287,0.717097,0.726269,0.720751,3.01792e-05,0.291873,0,0.0488591,0.333333,40.1468,3.58148,2.1352
stratified,0,4,129,4.4354,0.341797,0.715915,0.715944,0.721854,0.719647,2.78751e-05,0.297954,0,0.0484564,0.333333,35.9331,3.52923,2.10222
stratified,0,4,130,4.46614,0.373437,0.71618,0.72285,0.720751,0.726269,2.56764e-05,0.3,0,0.0480537,0.333333,36.2118,3.52638,2.07223
stratified,0,4,131,4.48869,0.357422,0.70239,0.726285,0.709713,0.730684,2.35841e-05,0.3,0,0.047651,0.333333,39.914,3.56791,2.08349
stratified,0,4,132,4.51704,0.368359,0.714934,0.722493,0.720751,0.726269,2.15994e-05,0.3,0,0.0472483,0.325,,3.53689,2.07256
stratified,0,4,133,4.49119,0.372656,0.714195,0.719572,0.720751,0.722958,1.9723e-05,0.3,0,0.0468456,0.333333,40.0391,3.50093,2.04996
stratified,0,4,134,4.34295,0.404297,0.719548,0.726317,0.725166,0.729581,1.79558e-05,0.3,0,0.046443,0.333333,38.2183,3.47393,2.02653
stratified,0,4,135,4.38888,0.382812,0.720987,0.722214,0.726269,0.726269,1.62988e-05,0.3,0,0.0460403,0.333333,40.664,3.47107,2.01923
stratified,0,4,136,4.35567,0.391016,0.705388,0.722546,0.715232,0.726269,1.47526e-05,0.3,0,0.0456376,0.333333,38.5687,3.46778,2.01593
stratified,0,4,137,4.19458,0.400781,0.717539,0.723413,0.724062,0.726269,1.33181e-05,0.3,0,0.0452349,0.333333,37.7626,3.40603,1.98394
stratified,0,4,138,4.20495,0.414844,0.724335,0.72348,0.730684,0.727373,1.19958e-05,0.3,0,0.0448322,0.333333,41.526,3.46294,2.00942
stratified,0,4,139,4.15326,0.404297,0.726997,0.725329,0.732892,0.728477,1.07864e-05,0.3,0,0.0444295,0.333333,39.2679,3.4631,2.00125
stratified,0,4,140,4.19383,0.403516,0.724965,0.726658,0.730684,0.729581,9.69048e-06,0.3,0,0.0440268,0.333333,39.0914,3.44245,1.99039
stratified,0,4,141,4.1687,0.412891,0.721249,0.725326,0.727373,0.728477,8.70853e-06,0.3,0,0.0436242,0.333333,39.491,3.42062,1.97799
stratified,0,4,142,4.13429,0.423828,0.718077,0.726144,0.724062,0.729581,7.84101e-06,0.3,0,0.0432215,0.333333,40.1042,3.40719,1.96099
stratified,0,4,143,4.15163,0.423047,0.719023,0.72512,0.724062,0.728477,7.08833e-06,0.3,0,0.0428188,0.333333,39.5447,3.41633,1.97697
stratified,0,4,144,4.25836,0.410156,0.726208,0.723435,0.731788,0.727373,6.45086e-06,0.3,0,0.0424161,0.333333,37.4503,3.39091,1.95971
stratified,0,4,145,4.16717,0.417578,0.724345,0.725012,0.729581,0.729581,5.92887e-06,0.3,0,0.0420134,0.333333,38.6956,3.40767,1.95694
stratified,0,4,146,4.03741,0.444922,0.718516,0.726857,0.725166,0.730684,5.52264e-06,0.3,0,0.0416107,0.333333,38.8616,3.39234,1.9467
stratified,0,4,147,4.16899,0.425391,0.717383,0.727079,0.722958,0.731788,5.23233e-06,0.3,0,0.0412081,0.333333,38.0394,3.38969,1.95192
stratified,0,4,148,4.15029,0.423438,0.717289,0.725446,0.724062,0.729581,5.05809e-06,0.3,0,0.0408054,0.333333,39.1332,3.39869,1.95598
stratified,0,4,149,4.0329,0.436328,0.723783,0.725666,0.728477,0.729581,5e-06,0.3,0,0.0404027,0.333333,40.6256,3.40933,1.95898
stratified,0,4,150,4.03611,0.428906,0.722146,0.727654,0.727373,0.732892,5e-06,0.3,0,0.04,0.333333,38.9723,3.42063,1.9577
stratified,0,5,1,8.222,0.0195312,0.0138628,0.0230991,0.0463576,0.0529801,0.0002,0,1,0.1,0.283333,,1.26629,2.52982
stratified,0,5,2,7.27932,0.0335937,0.0474205,0.0454997,0.084989,0.0860927,0.0003,0,1,0.0995973,0.333333,12.5955,1.17441,2.19778
stratified,0,5,3,6.92781,0.0511719,0.0689318,0.103174,0.124724,0.129139,0.0004,0,1,0.0991946,0.333333,7.67357,1.19582,2.23988
stratified,0,5,4,6.64729,0.0734375,0.0940417,0.135948,0.142384,0.179912,0.0005,0,1,0.0987919,0.258333,5.50737,1.14624,2.31011
stratified,0,5,5,6.48728,0.078125,0.12269,0.164669,0.169978,0.204194,0.000499942,0,1,0.0983893,0.133333,5.14728,0.99962,2.28805
stratified,0,5,6,6.36883,0.0570312,0.127327,0.197945,0.175497,0.245033,0.000499768,0,1,0.0979866,0.0833333,4.5047,0.875868,2.21898
stratified,0,5,7,6.19963,0.0835937,0.159062,0.214401,0.209713,0.254967,0.000499477,0,1,0.0975839,0.0583333,4.46496,0.81579,2.2443
stratified,0,5,8,6.24468,0.0921875,0.172579,0.208718,0.227373,0.256071,0.000499071,0,1,0.0971812,0.0666667,4.42759,0.759886,2.18215
stratified,0,5,9,6.10817,0.0976562,0.207651,0.227221,0.246137,0.268212,0.000498549,0,1,0.0967785,0.05,4.4086,0.720471,2.18851
stratified,0,5,10,6.19159,0.107813,0.19013,0.247758,0.242826,0.290287,0.000497912,0,1,0.0963758,0.075,4.49997,0.71184,2.23502
stratified,0,5,11,6.07276,0.10625,0.220339,0.243923,0.269316,0.289183,0.000497159,0,1,0.0959732,0.166667,5.1443,0.685744,2.17653
stratified,0,5,12,6.06955,0.119922,0.2086,0.255586,0.258278,0.303532,0.000496291,0,1,0.0955705,0.1,4.66512,0.684276,2.23083
stratified,0,5,13,5.89519,0.111719,0.254399,0.249551,0.289183,0.295806,0.00049531,0,1,0.0951678,0.125,4.82252,0.665354,2.14986
stratified,0,5,14,6.00558,0.104688,0.231536,0.276291,0.274834,0.311258,0.000494214,0,1,0.0947651,0.2,5.46021,0.641575,2.12373
stratified,0,5,15,5.76601,0.138672,0.231995,0.285911,0.279249,0.324503,0.000493004,0,1,0.0943624,0.2,5.40706,0.651718,2.14729
stratified,0,5,16,5.72849,0.108594,0.25981,0.311313,0.300221,0.344371,0.000491682,0,1,0.0939597,0.208333,5.42566,0.649813,2.15712
stratified,0,5,17,5.74428,0.162891,0.26429,0.324174,0.30574,0.35872,0.000490247,0,1,0.093557,0.225,5.72595,0.633794,2.10521
stratified,0,5,18,5.77946,0.163281,0.280117,0.316196,0.317881,0.343267,0.000488701,0,1,0.0931544,0.208333,5.52406,0.624664,2.11013
stratified,0,5,19,5.61836,0.210938,0.357915,0.344298,0.388521,0.374172,0.000487044,0,1,0.0927517,0.308333,6.16378,0.629106,2.10044
stratified,0,5,20,5.41376,0.133594,0.252884,0.353053,0.288079,0.379691,0.000485277,0,1,0.092349,0.258333,6.01146,0.638784,2.09865
stratified,0,5,21,5.23067,0.161328,0.268425,0.366735,0.301325,0.395143,0.000483401,0,1,0.0919463,0.266667,5.78576,0.624135,2.01326
stratified,0,5,22,5.15706,0.186328,0.358624,0.370439,0.384106,0.400662,0.000481416,0,1,0.0915436,0.283333,6.15632,0.62827,2.02481
stratified,0,5,23,5.11491,0.119141,0.332842,0.396106,0.366446,0.422737,0.000479324,0,1,0.0911409,0.275,5.8517,0.62499,2.018
stratified,0,5,24,5.15677,0.171094,0.322426,0.408085,0.352097,0.435982,0.000477125,0,1,0.0907383,0.266667,6.07534,0.604879,1.98169
stratified,0,5,25,5.2313,0.131641,0.381526,0.423903,0.416115,0.452539,0.000474821,0,1,0.0903356,0.225,5.72069,0.607439,2.03225
stratified,0,5,26,4.93383,0.211328,0.400606,0.433184,0.42936,0.459161,0.000472412,0,1,0.0899329,0.308333,6.42503,0.632363,1.98287
stratified,0,5,27,4.82933,0.216016,0.398736,0.435343,0.427152,0.462472,0.000469901,0,1,0.0895302,0.3,6.17024,0.610326,1.94489
stratified,0,5,28,5.04149,0.203516,0.394848,0.455315,0.423841,0.480132,0.000467287,0,1,0.0891275,0.291667,6.25151,0.630722,1.98862
stratified,0,5,29,5.04772,0.2,0.393452,0.452115,0.427152,0.474614,0.000464572,0,1,0.0887248,0.266667,6.18548,0.620109,2.00623
stratified,0,5,30,4.87386,0.238672,0.32363,0.436157,0.362031,0.462472,0.000461758,0,1,0.0883221,0.291667,6.20388,0.624116,1.93383
stratified,0,5,31,4.75619,0.162109,0.43583,0.442828,0.444812,0.469095,0.000458846,0,1,0.0879195,0.308333,6.72435,0.640278,1.95056
stratified,0,5,32,4.81525,0.241797,0.386011,0.450604,0.409492,0.472406,0.000455836,0,1,0.0875168,0.308333,6.2603,0.637826,1.92709
stratified,0,5,33,5.01046,0.267188,0.382742,0.471304,0.415011,0.495585,0.000452732,0,1,0.0871141,0.291667,6.32991,0.611005,1.94179
stratified,0,5,34,4.90818,0.210938,0.370767,0.476096,0.405077,0.496689,0.000449533,0,1,0.0867114,0.308333,6.4193,0.625031,1.94635
stratified,0,5,35,4.83087,0.194531,0.429436,0.475225,0.451435,0.496689,0.000446242,0,1,0.0863087,0.3,6.74026,0.63108,1.90225
stratified,0,5,36,4.75502,0.181641,0.365058,0.500287,0.38521,0.523179,0.00044286,0,1,0.085906,0.316667,6.89777,0.643718,1.87617
stratified,0,5,37,4.67254,0.210938,0.442739,0.486768,0.472406,0.507726,0.000439388,0,1,0.0855034,0.316667,6.9543,0.650221,1.90069
stratified,0,5,38,4.65731,0.238281,0.466307,0.508296,0.49117,0.527594,0.000435829,0,1,0.0851007,0.3,6.0773,0.629847,1.81931
stratified,0,5,39,4.54123,0.222266,0.512387,0.500847,0.52649,0.515453,0.000432184,0,1,0.084698,0.333333,7.80471,0.637224,1.80367
stratified,0,5,40,4.45514,0.219531,0.474311,0.494151,0.5,0.515453,0.000428454,0,1,0.0842953,0.308333,7.36878,0.664393,1.81858
stratified,0,5,41,4.63387,0.240234,0.467979,0.490086,0.492274,0.512141,0.000424642,0,1,0.0838926,0.291667,7.17109,0.631286,1.82431
stratified,0,5,42,4.6391,0.200781,0.445468,0.522329,0.462472,0.539735,0.000420749,0,1,0.0834899,0.308333,6.90101,0.63358,1.83016
stratified,0,5,43,4.51469,0.222266,0.466517,0.500758,0.487859,0.51766,0.000416777,0,1,0.0830872,0.308333,6.74653,0.631591,1.82253
stratified,0,5,44,4.60697,0.261328,0.425978,0.51608,0.461369,0.533113,0.000412728,0,1,0.0826846,0.3,7.06615,0.618277,1.81915
stratified,0,5,45,4.25013,0.320703,0.501008,0.53334,0.513245,0.547461,0.000408604,0,1,0.0822819,0.325,7.29078,0.642257,1.7581
stratified,0,5,46,4.45676,0.266406,0.432012,0.524726,0.454746,0.540839,0.000404406,0,1,0.0818792,0.316667,7.06096,0.650375,1.87276
stratified,0,5,47,4.52696,0.236719,0.494279,0.523361,0.519868,0.538631,0.000400137,0,1,0.0814765,0.275,6.82233,0.636819,1.83976
stratified,0,5,48,4.39402,0.224609,0.485431,0.521155,0.513245,0.541943,0.000395799,0,1,0.0810738,0.291667,7.2678,0.649249,1.79443
stratified,0,5,49,4.25922,0.268359,0.512723,0.523854,0.52649,0.540839,0.000391394,0,1,0.0806711,0.325,7.67188,0.646939,1.76196
stratified,0,5,50,4.02892,0.225391,0.482553,0.546106,0.503311,0.560706,0.000386923,0,1,0.0802685,0.333333,7.25035,0.648006,1.7139
stratified,0,5,51,4.22147,0.273047,0.550654,0.561877,0.56181,0.573951,0.000382389,0,1,0.0798658,0.333333,7.90939,0.641994,1.74082
stratified,0,5,52,4.20058,0.259375,0.510462,0.553098,0.529801,0.566225,0.000377795,0,1,0.0794631,0.325,7.8634,0.634854,1.72724
stratified,0,5,53,4.0968,0.310547,0.551198,0.559036,0.562914,0.573951,0.000373141,0,1,0.0790604,0.325,7.67231,0.653311,1.75414
stratified,0,5,54,3.89594,0.276953,0.557994,0.559775,0.575055,0.576159,0.000368431,0,1,0.0786577,0.333333,8.39305,0.694973,1.72929
stratified,0,5,55,4.06841,0.317188,0.564181,0.577414,0.581678,0.590508,0.000363667,0,1,0.078255,0.333333,7.94746,0.634804,1.71889
stratified,0,5,56,3.99604,0.312109,0.551053,0.58063,0.567329,0.593819,0.00035885,0,1,0.0778523,0.333333,8.47429,0.629195,1.67734
stratified,0,5,57,3.86456,0.289062,0.520808,0.577392,0.539735,0.590508,0.000353983,0,1,0.0774497,0.325,8.20306,0.656039,1.67675
stratified,0,5,58,3.97213,0.275781,0.560731,0.574716,0.575055,0.5883,0.000349069,0,1,0.077047,0.325,8.53508,0.6634,1.69926
stratified,0,5,59,3.95641,0.275391,0.558233,0.587942,0.578366,0.602649,0.000344109,0,1,0.0766443,0.333333,7.86319,0.660168,1.71231
stratified,0,5,60,3.79564,0.273047,0.606127,0.595032,0.611479,0.60596,0.000339107,0,1,0.0762416,0.316667,8.20019,0.640296,1.62152
stratified,0,5,61,3.7438,0.260937,0.535729,0.589687,0.545254,0.601545,0.000334063,0,1,0.0758389,0.333333,8.56119,0.671535,1.6315
stratified,0,5,62,3.74029,0.298828,0.570419,0.575421,0.587196,0.587196,0.000328982,0,1,0.0754362,0.316667,9.02119,0.681215,1.66508
stratified,0,5,63,3.77611,0.277344,0.570996,0.603586,0.587196,0.613687,0.000323864,0,1,0.0750336,0.325,7.97224,0.676241,1.68893
stratified,0,5,64,3.58918,0.255469,0.607277,0.613475,0.615894,0.625828,0.000318713,0,1,0.0746309,0.325,8.93469,0.678881,1.63496
stratified,0,5,65,4.10027,0.253906,0.544755,0.594688,0.565121,0.609272,0.000313531,0,1,0.0742282,0.333333,8.61454,0.624906,1.69639
stratified,0,5,66,3.47546,0.325,0.602486,0.604287,0.608168,0.61479,0.000308321,0,1,0.0738255,0.333333,8.76496,0.675569,1.57732
stratified,0,5,67,3.85867,0.301172,0.501603,0.572475,0.527594,0.5883,0.000303084,0,1,0.0734228,0.333333,7.87007,0.650217,1.65762
stratified,0,5,68,3.73649,0.349609,0.55569,0.618486,0.577263,0.628035,0.000297823,0,1,0.0730201,0.333333,8.51797,0.650149,1.64936
stratified,0,5,69,3.67798,0.411328,0.513339,0.60778,0.530905,0.620309,0.000292541,0,1,0.0726174,0.333333,8.75914,0.656686,1.67123
stratified,0,5,70,3.6414,0.220703,0.601673,0.614982,0.613687,0.625828,0.00028724,0,1,0.0722148,0.333333,8.57096,0.66725,1.59872
stratified,0,5,71,3.57248,0.291406,0.593987,0.617195,0.60596,0.626932,0.000281923,0,1,0.0718121,0.333333,9.35157,0.676271,1.63806
stratified,0,5,72,3.63291,0.316406,0.61384,0.605348,0.622517,0.618102,0.000276592,0,1,0.0714094,0.333333,8.27023,0.675651,1.64079
stratified,0,5,73,3.45705,0.282422,0.56907,0.610848,0.582781,0.621413,0.00027125,0,1,0.0710067,0.333333,8.65784,0.666301,1.56182
stratified,0,5,74,3.6979,0.267578,0.573042,0.599567,0.5883,0.612583,0.000265899,0,1,0.070604,0.333333,8.13081,0.662833,1.63561
stratified,0,5,75,3.49773,0.353125,0.598016,0.612823,0.612583,0.62362,0.000260542,0,1,0.0702013,0.325,8.76627,0.666152,1.57543
stratified,0,5,76,3.47527,0.293359,0.618815,0.621542,0.628035,0.630243,0.000255181,0,1,0.0697987,0.333333,8.19708,0.672413,1.55178
stratified,0,5,77,3.55605,0.28125,0.608462,0.614378,0.618102,0.626932,0.000249819,0,1,0.069396,0.333333,8.26555,0.668472,1.60026
stratified,0,5,78,3.55867,0.289844,0.603674,0.612367,0.619205,0.622517,0.000244458,0,1,0.0689933,0.316667,8.57311,0.642177,1.55885
stratified,0,5,79,3.37472,0.284766,0.609688,0.624546,0.622517,0.633554,0.000239101,0,1,0.0685906,0.333333,8.37656,0.666696,1.52383
stratified,0,5,80,3.38886,0.344531,0.604678,0.620084,0.618102,0.629139,0.00023375,0,1,0.0681879,0.333333,8.0923,0.673346,1.54806
stratified,0,5,81,3.40464,0.294141,0.607915,0.634103,0.619205,0.642384,0.000228408,0,1,0.0677852,0.333333,8.87512,0.64926,1.5471
stratified,0,5,82,3.40017,0.280078,0.58383,0.621868,0.599338,0.634658,0.000223077,0,1,0.0673826,0.325,8.80846,0.661075,1.5193
stratified,0,5,83,3.20876,0.366797,0.608458,0.620532,0.620309,0.633554,0.00021776,0,1,0.0669799,0.333333,8.77078,0.683961,1.51449
stratified,0,5,84,3.31929,0.273047,0.605102,0.632458,0.61479,0.642384,0.000212459,0,1,0.0665772,0.333333,9.78671,0.675813,1.54817
stratified,0,5,85,3.34863,0.324219,0.630889,0.633111,0.637969,0.643488,0.000207177,0,1,0.0661745,0.325,8.37092,0.657733,1.5296
stratified,0,5,86,3.40664,0.317578,0.586574,0.62111,0.603753,0.633554,0.000201916,0,1,0.0657718,0.333333,8.44095,0.667026,1.53011
stratified,0,5,87,3.2548,0.310156,0.624937,0.635688,0.635762,0.644592,0.000196679,0,1,0.0653691,0.333333,8.85412,0.682858,1.54296
stratified,0,5,88,3.26844,0.4,0.592413,0.640535,0.603753,0.647903,0.000191469,0,1,0.0649664,0.333333,8.96227,0.689379,1.5429
stratified,0,5,89,3.11669,0.260937,0.625549,0.645702,0.635762,0.651214,0.000186287,0,1,0.0645638,0.325,9.28453,0.693921,1.50954
stratified,0,5,90,3.33954,0.309766,0.625899,0.619466,0.629139,0.63245,0.000181136,0,1,0.0641611,0.333333,8.96043,0.669124,1.53857
stratified,0,5,91,3.24096,0.371875,0.618816,0.634762,0.626932,0.644592,0.000176018,0,1,0.0637584,0.325,8.34434,0.661768,1.49237
stratified,0,5,92,3.085,0.324219,0.612907,0.637289,0.624724,0.644592,0.000170937,0,1,0.0633557,0.333333,8.35705,0.675472,1.44722
stratified,0,5,93,3.05104,0.330469,0.640744,0.64185,0.647903,0.649007,0.000165893,0,1,0.062953,0.333333,8.72317,0.681345,1.48501
stratified,0,5,94,2.85764,0.373828,0.649845,0.647974,0.65894,0.656733,0.000160891,0,1,0.0625503,0.333333,9.7121,0.684924,1.40638
stratified,0,5,95,3.16275,0.285156,0.640247,0.641126,0.649007,0.65011,0.000155931,0,1,0.0621477,0.333333,8.65364,0.673958,1.51765
stratified,0,5,96,3.06234,0.305469,0.644366,0.639648,0.652318,0.646799,0.000151017,0,1,0.061745,0.333333,8.82249,0.681497,1.49601
stratified,0,5,97,3.16654,0.387109,0.587332,0.645614,0.600442,0.654525,0.00014615,0,1,0.0613423,0.333333,8.7285,0.666279,1.49939
stratified,0,5,98,2.88033,0.404687,0.647936,0.641381,0.655629,0.649007,0.000141333,0,1,0.0609396,0.333333,9.09622,0.695063,1.41614
stratified,0,5,99,2.96079,0.428516,0.622043,0.641655,0.635762,0.651214,0.000136569,0,1,0.0605369,0.333333,8.48031,0.682605,1.41922
stratified,0,5,100,2.92141,0.374609,0.666909,0.65166,0.669978,0.660044,0.000131859,0,1,0.0601342,0.333333,8.2335,0.680035,1.41866
stratified,0,5,101,3.30172,0.317578,0.639035,0.654872,0.645695,0.662252,0.000127205,0,1,0.0597315,0.325,7.86361,0.639945,1.5041
stratified,0,5,102,2.76058,0.261328,0.64816,0.661817,0.651214,0.666667,0.000122611,0,1,0.0593289,0.333333,9.55469,0.703061,1.37761
stratified,0,5,103,2.91066,0.458594,0.638139,0.664558,0.647903,0.671082,0.000118077,0,1,0.0589262,0.325,8.44684,0.667587,1.41568
stratified,0,5,104,3.04266,0.355859,0.651807,0.663049,0.655629,0.669978,0.000113606,0,1,0.0585235,0.333333,8.61314,0.670513,1.49553
stratified,0,5,105,3.24452,0.361328,0.648563,0.660161,0.653422,0.669978,0.000109201,0,1,0.0581208,0.333333,8.2575,0.651254,1.50478
stratified,0,5,106,2.90176,0.398047,0.642075,0.651547,0.647903,0.661148,0.000104863,0,1,0.0577181,0.333333,8.00089,0.678405,1.39798
stratified,0,5,107,2.81856,0.244531,0.634465,0.662107,0.646799,0.669978,0.000100594,0,1,0.0573154,0.333333,8.46204,0.677595,1.38952
stratified,0,5,108,2.68136,0.388281,0.648934,0.653649,0.653422,0.663355,9.63962e-05,0,1,0.0569128,0.333333,8.69311,0.69801,1.40734
stratified,0,5,109,2.88131,0.285156,0.648819,0.656917,0.657837,0.663355,9.22719e-05,0,1,0.0565101,0.325,8.32978,0.667966,1.42456
stratified,0,5,110,2.78279,0.303516,0.625713,0.658479,0.635762,0.666667,8.82228e-05,0,1,0.0561074,0.333333,8.31105,0.681732,1.37796
stratified,0,5,111,1.80343,0.761719,0.662936,0.678797,0.665563,0.682119,8.42509e-05,0,0,0.0557047,0.333333,9.67721,0.779761,1.23686
stratified,0,5,112,1.8014,0.752734,0.662672,0.672742,0.664459,0.677704,8.03579e-05,0.0020458,0,0.055302,0.333333,9.9051,0.815668,1.20139
stratified,0,5,113,1.84314,0.732422,0.672808,0.683947,0.674393,0.687638,7.65457e-05,0.00812741,0,0.0548993,0.333333,10.7813,0.873057,1.24424
stratified,0,5,114,1.93998,0.691406,0.682731,0.678154,0.68543,0.681015,7.28161e-05,0.0180789,0,0.0544966,0.333333,,0.969169,1.37058
stratified,0,5,115,2.09501,0.632812,0.675108,0.688582,0.678808,0.689845,6.91709e-05,0.0316289,0,0.054094,0.333333,12.4466,1.1285,1.47432
stratified,0,5,116,2.30237,0.564063,0.664049,0.678316,0.669978,0.681015,6.56117e-05,0.0484078,0,0.0536913,0.333333,15.7222,1.31907,1.59998
stratified,0,5,117,2.51642,0.519531,0.690389,0.683299,0.693157,0.686534,6.21402e-05,0.0679578,0,0.0532886,0.333333,16.6621,1.53988,1.7033
stratified,0,5,118,2.89602,0.44375,0.668135,0.681311,0.672185,0.68543,5.87581e-05,0.0897457,0,0.0528859,0.333333,18.7216,1.79055,1.8219
stratified,0,5,119,3.25065,0.399609,0.676552,0.691611,0.682119,0.693157,5.5467e-05,0.113177,0,0.0524832,0.333333,22.201,2.095,1.90949
stratified,0,5,120,3.58506,0.347656,0.671977,0.684847,0.6766,0.686534,5.22683e-05,0.137613,0,0.0520805,0.333333,23.9763,2.38885,1.98697
stratified,0,5,121,4.02552,0.322656,0.665619,0.68959,0.66777,0.692053,4.91636e-05,0.162387,0,0.0516779,0.333333,26.8329,2.68104,2.05207
stratified,0,5,122,4.46762,0.290234,0.682193,0.685107,0.687638,0.688742,4.61544e-05,0.186823,0,0.0512752,0.333333,28.9932,2.93916,2.11991
stratified,0,5,123,4.91217,0.257031,0.669475,0.687935,0.675497,0.690949,4.3242e-05,0.210254,0,0.0508725,0.333333,31.6521,3.19008,2.20215
stratified,0,5,124,5.20254,0.244531,0.668381,0.689431,0.6766,0.690949,4.04278e-05,0.232042,0,0.0504698,0.333333,33.1551,3.33723,2.23988
stratified,0,5,125,5.65112,0.212109,0.672803,0.690283,0.682119,0.693157,3.77132e-05,0.251592,0,0.0500671,0.333333,37.6598,3.43177,2.25774
stratified,0,5,126,5.88502,0.208203,0.655778,0.6857,0.666667,0.688742,3.50995e-05,0.268371,0,0.0496644,0.333333,36.4802,3.50979,2.30198
stratified,0,5,127,6.05478,0.2,0.675174,0.689333,0.682119,0.692053,3.25877e-05,0.281921,0,0.0492617,0.333333,38.8944,3.60625,2.3121
stratified,0,5,128,6.23649,0.194922,0.672211,0.69326,0.681015,0.696468,3.01792e-05,0.291873,0,0.0488591,0.333333,38.6134,3.63354,2.32209
stratified,0,5,129,6.3688,0.190625,0.661472,0.685168,0.668874,0.688742,2.78751e-05,0.297954,0,0.0484564,0.333333,38.8911,3.65223,2.33745
stratified,0,5,130,6.28667,0.203906,0.668171,0.679615,0.675497,0.684327,2.56764e-05,0.3,0,0.0480537,0.333333,41.6958,3.70262,2.33147
stratified,0,5,131,6.30477,0.203125,0.672952,0.6807,0.682119,0.684327,2.35841e-05,0.3,0,0.047651,0.333333,40.5223,3.66063,2.31816
stratified,0,5,132,6.34342,0.208984,0.666223,0.689286,0.672185,0.693157,2.15994e-05,0.3,0,0.0472483,0.333333,43.2044,3.64139,2.31228
stratified,0,5,133,6.14833,0.218359,0.673049,0.684245,0.678808,0.688742,1.9723e-05,0.3,0,0.0468456,0.333333,44.4514,3.63201,2.28896
stratified,0,5,134,6.20665,0.213281,0.680172,0.673258,0.687638,0.678808,1.79558e-05,0.3,0,0.046443,0.333333,41.077,3.6158,2.26855
stratified,0,5,135,6.23851,0.226562,0.672552,0.685781,0.678808,0.690949,1.62988e-05,0.3,0,0.0460403,0.333333,42.9189,3.68921,2.30334
stratified,0,5,136,6.11543,0.233594,0.675607,0.676972,0.683223,0.683223,1.47526e-05,0.3,0,0.0456376,0.333333,43.044,3.56934,2.24024
stratified,0,5,137,6.16471,0.224609,0.681047,0.677144,0.688742,0.682119,1.33181e-05,0.3,0,0.0452349,0.333333,41.6579,3.63587,2.28607
stratified,0,5,138,6.03311,0.237891,0.670183,0.679145,0.677704,0.68543,1.19958e-05,0.3,0,0.0448322,0.333333,41.3348,3.6226,2.26438
stratified,0,5,139,6.048,0.242969,0.679432,0.672328,0.688742,0.678808,1.07864e-05,0.3,0,0.0444295,0.333333,42.1267,3.58397,2.25204
stratified,0,5,140,5.99128,0.248828,0.682377,0.680509,0.689845,0.686534,9.69048e-06,0.3,0,0.0440268,0.333333,41.8709,3.62905,2.26006
stratified,0,5,141,5.89404,0.244531,0.683191,0.685062,0.689845,0.690949,8.70853e-06,0.3,0,0.0436242,0.333333,43.4035,3.61199,2.24874
stratified,0,5,142,5.9566,0.243359,0.682892,0.681855,0.688742,0.687638,7.84101e-06,0.3,0,0.0432215,0.333333,45.1771,3.59931,2.25066
stratified,0,5,143,6.22056,0.241406,0.681734,0.683909,0.689845,0.689845,7.08833e-06,0.3,0,0.0428188,0.333333,45.4897,3.60199,2.24748
stratified,0,5,144,5.96501,0.246094,0.677675,0.681163,0.684327,0.687638,6.45086e-06,0.3,0,0.0424161,0.333333,44.0334,3.61467,2.24317
stratified,0,5,145,5.87114,0.244922,0.678275,0.680049,0.684327,0.686534,5.92887e-06,0.3,0,0.0420134,0.325,,3.61327,2.24623
stratified,0,5,146,6.11329,0.240625,0.680399,0.682821,0.687638,0.688742,5.52264e-06,0.3,0,0.0416107,0.333333,42.1882,3.65086,2.26859
stratified,0,5,147,5.97716,0.257812,0.682511,0.682391,0.689845,0.688742,5.23233e-06,0.3,0,0.0412081,0.333333,41.373,3.59321,2.23291
stratified,0,5,148,6.00659,0.251172,0.678398,0.679973,0.686534,0.68543,5.05809e-06,0.3,0,0.0408054,0.333333,41.8018,3.58832,2.23533
stratified,0,5,149,6.01911,0.248047,0.683533,0.685367,0.690949,0.690949,5e-06,0.3,0,0.0404027,0.333333,42.3171,3.64402,2.25755
stratified,0,5,150,5.97391,0.251563,0.680997,0.680903,0.688742,0.686534,5e-06,0.3,0,0.04,0.333333,41.3779,3.58304,2.23163
