fold,arm,label,cross,destination,f1,recall
0,hsi_tta,0,False,0,0.29906542056074764,0.3333333333333333
0,hsi_tta,1,False,0,0.7524752475247525,0.7916666666666666
0,hsi_tta,2,False,0,0.7878787878787878,0.8125
0,hsi_tta,3,False,0,0.8979591836734694,0.9166666666666666
0,hsi_tta,4,True,8,0.23333333333333334,0.14583333333333334
0,hsi_tta,5,False,1,0.8888888888888888,0.8695652173913043
0,hsi_tta,6,False,1,0.5142857142857142,0.5625
0,hsi_tta,7,True,8,0.0,0.0
0,hsi_tta,8,False,1,0.6923076923076923,0.75
0,hsi_tta,9,False,1,0.5714285714285714,0.5416666666666666
0,hsi_tta,10,False,1,0.3669724770642202,0.4166666666666667
0,hsi_tta,11,False,1,0.5957446808510638,0.5833333333333334
0,hsi_tta,12,True,8,0.03773584905660377,0.020833333333333332
0,hsi_tta,13,False,1,0.8131868131868132,0.7708333333333334
0,hsi_tta,14,False,1,0.78,0.8125
0,hsi_tta,15,False,1,0.7478260869565218,0.8958333333333334
0,hsi_tta,16,False,1,0.5818181818181818,0.6666666666666666
0,hsi_tta,17,False,1,0.5517241379310345,0.5
0,hsi_tta,18,False,1,0.6792452830188679,0.75
0,hsi_tta,19,False,1,0.5740740740740741,0.6458333333333334
0,hsi_tta,20,False,2,0.5858585858585859,0.6041666666666666
0,hsi_tta,21,False,2,0.782608695652174,0.75
0,hsi_tta,22,True,2,0.4411764705882353,0.3125
0,hsi_tta,23,False,2,0.6896551724137931,0.8333333333333334
0,hsi_tta,24,False,2,0.8333333333333334,0.8333333333333334
0,hsi_tta,25,False,2,0.528,0.6875
0,hsi_tta,26,False,2,0.9696969696969697,1.0
0,hsi_tta,27,False,2,0.4842105263157895,0.4791666666666667
0,hsi_tta,28,False,2,0.9690721649484536,0.9791666666666666
0,hsi_tta,29,False,2,0.9183673469387755,0.9375
0,hsi_tta,30,False,2,0.4485981308411215,0.5
0,hsi_tta,31,False,2,0.8867924528301887,0.9791666666666666
0,hsi_tta,32,False,2,0.9,0.9375
0,hsi_tta,33,False,2,0.5909090909090909,0.5416666666666666
0,hsi_tta,34,False,3,0.6804123711340206,0.6875
0,hsi_tta,35,False,3,0.6917293233082706,0.9583333333333334
0,hsi_tta,36,False,3,0.8842105263157894,0.875
0,hsi_tta,37,False,3,0.34951456310679613,0.375
0,hsi_tta,38,True,3,0.0,0.0
0,hsi_tta,39,False,3,0.47706422018348627,0.5416666666666666
0,hsi_tta,40,False,3,0.5747126436781609,0.5208333333333334
0,hsi_tta,41,False,3,0.2988505747126437,0.2708333333333333
0,hsi_tta,42,False,3,0.2857142857142857,0.22916666666666666
0,hsi_tta,43,False,4,0.3893805309734513,0.4583333333333333
0,hsi_tta,44,False,4,0.5957446808510638,0.5833333333333334
0,hsi_tta,45,True,4,0.0,0.0
0,hsi_tta,46,False,4,0.6222222222222222,0.5833333333333334
0,hsi_tta,47,False,4,0.7719298245614035,0.9166666666666666
0,hsi_tta,48,False,4,0.8979591836734694,0.9166666666666666
0,hsi_tta,49,False,4,0.1518987341772152,0.125
0,hsi_tta,50,False,4,0.9795918367346939,1.0
0,hsi_tta,51,False,4,0.023809523809523808,0.020833333333333332
0,hsi_tta,52,False,4,0.13333333333333333,0.125
0,hsi_tta,53,False,4,0.84,0.9130434782608695
0,hsi_tta,54,False,4,0.4835164835164835,0.4583333333333333
0,hsi_tta,55,False,4,0.6170212765957447,0.6041666666666666
0,hsi_tta,56,False,4,0.82,0.8541666666666666
0,hsi_tta,57,False,5,0.6666666666666666,0.7291666666666666
0,hsi_tta,58,False,5,0.6126126126126126,0.7083333333333334
0,hsi_tta,59,True,5,0.136986301369863,0.10416666666666667
0,hsi_tta,60,True,5,0.4810126582278481,0.3958333333333333
0,hsi_tta,61,True,8,0.3170731707317073,0.2708333333333333
0,hsi_tta,62,False,5,0.6206896551724138,0.75
0,hsi_tta,63,True,8,0.05194805194805195,0.041666666666666664
0,hsi_tta,64,True,5,0.3870967741935484,0.375
0,hsi_tta,65,True,5,0.17543859649122806,0.10416666666666667
0,hsi_tta,66,True,5,0.21621621621621623,0.16666666666666666
0,hsi_tta,67,False,5,0.8936170212765957,0.875
0,hsi_tta,68,False,5,0.8514851485148515,0.8958333333333334
0,hsi_tta,69,False,5,0.2571428571428571,0.1875
0,hsi_tta,70,True,5,0.07407407407407407,0.041666666666666664
0,hsi_tta,71,True,5,0.0,0.0
0,hsi_tta,72,False,6,0.7,0.7291666666666666
0,hsi_tta,73,False,6,0.39436619718309857,0.5833333333333334
0,hsi_tta,74,False,6,0.9038461538461539,0.9791666666666666
0,hsi_tta,75,False,6,0.8936170212765957,0.875
0,hsi_tta,76,False,6,0.7766990291262136,0.8333333333333334
0,hsi_tta,77,False,7,0.7272727272727273,0.75
0,hsi_tta,78,True,7,0.8539325842696629,0.7916666666666666
0,hsi_tta,79,True,8,0.0,0.0
0,hsi_tta,80,False,7,0.32786885245901637,0.4166666666666667
0,hsi_tta,81,False,7,0.4046242774566474,0.7608695652173914
0,hsi_tta,82,False,8,0.6526315789473685,0.6458333333333334
0,hsi_tta,83,False,8,0.8085106382978723,0.7916666666666666
0,hsi_tta,84,False,8,0.5569620253164557,0.4583333333333333
0,hsi_tta,85,False,8,0.8148148148148148,0.9166666666666666
0,hsi_tta,86,False,8,0.6,0.625
0,hsi_tta,87,False,8,0.865979381443299,0.875
0,hsi_tta,88,False,8,0.6119402985074627,0.8541666666666666
0,hsi_tta,89,False,8,0.625,0.8333333333333334
0,frozen_ref,0,False,0,0.2608695652173913,0.25
0,frozen_ref,1,False,0,0.7157894736842105,0.7083333333333334
0,frozen_ref,2,False,0,0.9473684210526315,0.9375
0,frozen_ref,3,False,0,0.9230769230769231,0.875
0,frozen_ref,4,True,8,0.7317073170731707,0.625
0,frozen_ref,5,False,1,0.7529411764705882,0.6956521739130435
0,frozen_ref,6,False,1,0.3695652173913043,0.3541666666666667
0,frozen_ref,7,True,8,0.0,0.0
0,frozen_ref,8,False,1,0.6730769230769231,0.7291666666666666
0,frozen_ref,9,False,1,0.6915887850467289,0.7708333333333334
0,frozen_ref,10,False,1,0.3389830508474576,0.4166666666666667
0,frozen_ref,11,False,1,0.25210084033613445,0.3125
0,frozen_ref,12,True,8,0.4444444444444444,0.375
0,frozen_ref,13,False,1,0.43373493975903615,0.375
0,frozen_ref,14,False,1,0.5192307692307693,0.5625
0,frozen_ref,15,False,1,0.7640449438202247,0.7083333333333334
0,frozen_ref,16,False,1,0.6739130434782609,0.6458333333333334
0,frozen_ref,17,False,1,0.5294117647058824,0.5625
0,frozen_ref,18,False,1,0.5376344086021505,0.5208333333333334
0,frozen_ref,19,False,1,0.4307692307692308,0.5833333333333334
0,frozen_ref,20,False,2,0.3853211009174312,0.4375
0,frozen_ref,21,False,2,0.7608695652173914,0.7291666666666666
0,frozen_ref,22,True,2,0.5675675675675675,0.4375
0,frozen_ref,23,False,2,0.5957446808510638,0.5833333333333334
0,frozen_ref,24,False,2,0.6530612244897959,0.6666666666666666
0,frozen_ref,25,False,2,0.2736842105263158,0.2708333333333333
0,frozen_ref,26,False,2,0.9263157894736842,0.9166666666666666
0,frozen_ref,27,False,2,0.4943820224719101,0.4583333333333333
0,frozen_ref,28,False,2,0.9278350515463918,0.9375
0,frozen_ref,29,False,2,0.42105263157894735,0.5
0,frozen_ref,30,False,2,0.2459016393442623,0.3125
0,frozen_ref,31,False,2,0.8037383177570093,0.8958333333333334
0,frozen_ref,32,False,2,0.5625,0.5625
0,frozen_ref,33,False,2,0.38461538461538464,0.4166666666666667
0,frozen_ref,34,False,3,0.4339622641509434,0.4791666666666667
0,frozen_ref,35,False,3,0.7422680412371134,0.75
0,frozen_ref,36,False,3,0.7692307692307693,0.7291666666666666
0,frozen_ref,37,False,3,0.5142857142857142,0.5625
0,frozen_ref,38,True,3,0.0,0.0
0,frozen_ref,39,False,3,0.5294117647058824,0.5625
0,frozen_ref,40,False,3,0.5365853658536586,0.4583333333333333
0,frozen_ref,41,False,3,0.1836734693877551,0.1875
0,frozen_ref,42,False,3,0.4482758620689655,0.5416666666666666
0,frozen_ref,43,False,4,0.5272727272727272,0.6041666666666666
0,frozen_ref,44,False,4,0.6024096385542169,0.5208333333333334
0,frozen_ref,45,True,4,0.16129032258064516,0.10638297872340426
0,frozen_ref,46,False,4,0.4842105263157895,0.4791666666666667
0,frozen_ref,47,False,4,0.8080808080808081,0.8333333333333334
0,frozen_ref,48,False,4,0.9247311827956989,0.8958333333333334
0,frozen_ref,49,False,4,0.18181818181818182,0.1875
0,frozen_ref,50,False,4,0.41975308641975306,0.3541666666666667
0,frozen_ref,51,False,4,0.1523809523809524,0.16666666666666666
0,frozen_ref,52,False,4,0.27586206896551724,0.4166666666666667
0,frozen_ref,53,False,4,0.6067415730337079,0.5869565217391305
0,frozen_ref,54,False,4,0.3877551020408163,0.3958333333333333
0,frozen_ref,55,False,4,0.574468085106383,0.5625
0,frozen_ref,56,False,4,0.5833333333333334,0.5833333333333334
0,frozen_ref,57,False,5,0.7126436781609196,0.6458333333333334
0,frozen_ref,58,False,5,0.3673469387755102,0.375
0,frozen_ref,59,True,5,0.08695652173913043,0.0625
0,frozen_ref,60,True,5,0.1694915254237288,0.10416666666666667
0,frozen_ref,61,True,8,0.044444444444444446,0.041666666666666664
0,frozen_ref,62,False,5,0.5625,0.5625
0,frozen_ref,63,True,8,0.09009009009009009,0.10416666666666667
0,frozen_ref,64,True,5,0.07894736842105263,0.0625
0,frozen_ref,65,True,5,0.022727272727272728,0.020833333333333332
0,frozen_ref,66,True,5,0.0,0.0
0,frozen_ref,67,False,5,0.8235294117647058,0.875
0,frozen_ref,68,False,5,0.9574468085106383,0.9375
0,frozen_ref,69,False,5,0.6966292134831461,0.6458333333333334
0,frozen_ref,70,True,5,0.14285714285714285,0.10416666666666667
0,frozen_ref,71,True,5,0.027777777777777776,0.020833333333333332
0,frozen_ref,72,False,6,0.4716981132075472,0.5208333333333334
0,frozen_ref,73,False,6,0.4423076923076923,0.4791666666666667
0,frozen_ref,74,False,6,0.7920792079207921,0.8333333333333334
0,frozen_ref,75,False,6,0.24778761061946902,0.2916666666666667
0,frozen_ref,76,False,6,0.5454545454545454,0.5625
0,frozen_ref,77,False,7,0.6730769230769231,0.7291666666666666
0,frozen_ref,78,True,7,0.28205128205128205,0.22916666666666666
0,frozen_ref,79,True,8,0.32432432432432434,0.25
0,frozen_ref,80,False,7,0.22535211267605634,0.3333333333333333
0,frozen_ref,81,False,7,0.3448275862068966,0.32608695652173914
0,frozen_ref,82,False,8,0.5094339622641509,0.5625
0,frozen_ref,83,False,8,0.3448275862068966,0.20833333333333334
0,frozen_ref,84,False,8,0.5517241379310345,0.5
0,frozen_ref,85,False,8,0.7238095238095238,0.7916666666666666
0,frozen_ref,86,False,8,0.5777777777777777,0.5416666666666666
0,frozen_ref,87,False,8,0.7254901960784313,0.7708333333333334
0,frozen_ref,88,False,8,0.46153846153846156,0.5625
0,frozen_ref,89,False,8,0.746031746031746,0.9791666666666666
0,equal_frozen_ref,0,False,0,0.3564356435643564,0.375
0,equal_frozen_ref,1,False,0,0.8,0.7916666666666666
0,equal_frozen_ref,2,False,0,0.9019607843137255,0.9583333333333334
0,equal_frozen_ref,3,False,0,0.9574468085106383,0.9375
0,equal_frozen_ref,4,True,8,0.717948717948718,0.5833333333333334
0,equal_frozen_ref,5,False,1,0.9375,0.9782608695652174
0,equal_frozen_ref,6,False,1,0.56,0.5833333333333334
0,equal_frozen_ref,7,True,8,0.0,0.0
0,equal_frozen_ref,8,False,1,0.7567567567567568,0.875
0,equal_frozen_ref,9,False,1,0.7446808510638298,0.7291666666666666
0,equal_frozen_ref,10,False,1,0.4485981308411215,0.5
0,equal_frozen_ref,11,False,1,0.5882352941176471,0.625
0,equal_frozen_ref,12,True,8,0.46153846153846156,0.3125
0,equal_frozen_ref,13,False,1,0.7906976744186046,0.7083333333333334
0,equal_frozen_ref,14,False,1,0.7706422018348624,0.875
0,equal_frozen_ref,15,False,1,0.9090909090909091,0.9375
0,equal_frozen_ref,16,False,1,0.7476635514018691,0.8333333333333334
0,equal_frozen_ref,17,False,1,0.6538461538461539,0.7083333333333334
0,equal_frozen_ref,18,False,1,0.7843137254901961,0.8333333333333334
0,equal_frozen_ref,19,False,1,0.5981308411214953,0.6666666666666666
0,equal_frozen_ref,20,False,2,0.6526315789473685,0.6458333333333334
0,equal_frozen_ref,21,False,2,0.875,0.875
0,equal_frozen_ref,22,True,2,0.6133333333333333,0.4791666666666667
0,equal_frozen_ref,23,False,2,0.7428571428571429,0.8125
0,equal_frozen_ref,24,False,2,0.8932038834951457,0.9583333333333334
0,equal_frozen_ref,25,False,2,0.6296296296296297,0.7083333333333334
0,equal_frozen_ref,26,False,2,0.9696969696969697,1.0
0,equal_frozen_ref,27,False,2,0.5934065934065934,0.5625
0,equal_frozen_ref,28,False,2,1.0,1.0
0,equal_frozen_ref,29,False,2,0.8888888888888888,0.9166666666666666
0,equal_frozen_ref,30,False,2,0.49504950495049505,0.5208333333333334
0,equal_frozen_ref,31,False,2,0.8846153846153846,0.9583333333333334
0,equal_frozen_ref,32,False,2,0.9072164948453608,0.9166666666666666
0,equal_frozen_ref,33,False,2,0.6292134831460674,0.5833333333333334
0,equal_frozen_ref,34,False,3,0.5871559633027523,0.6666666666666666
0,equal_frozen_ref,35,False,3,0.7868852459016393,1.0
0,equal_frozen_ref,36,False,3,0.9263157894736842,0.9166666666666666
0,equal_frozen_ref,37,False,3,0.58,0.6041666666666666
0,equal_frozen_ref,38,True,3,0.0,0.0
0,equal_frozen_ref,39,False,3,0.6534653465346535,0.6875
0,equal_frozen_ref,40,False,3,0.6987951807228916,0.6041666666666666
0,equal_frozen_ref,41,False,3,0.38095238095238093,0.3333333333333333
0,equal_frozen_ref,42,False,3,0.5348837209302325,0.4791666666666667
0,equal_frozen_ref,43,False,4,0.5573770491803278,0.7083333333333334
0,equal_frozen_ref,44,False,4,0.717391304347826,0.6875
0,equal_frozen_ref,45,True,4,0.034482758620689655,0.02127659574468085
0,equal_frozen_ref,46,False,4,0.717391304347826,0.6875
0,equal_frozen_ref,47,False,4,0.8653846153846154,0.9375
0,equal_frozen_ref,48,False,4,0.9591836734693877,0.9791666666666666
0,equal_frozen_ref,49,False,4,0.14634146341463414,0.125
0,equal_frozen_ref,50,False,4,0.9690721649484536,0.9791666666666666
0,equal_frozen_ref,51,False,4,0.06741573033707865,0.0625
0,equal_frozen_ref,52,False,4,0.2830188679245283,0.3125
0,equal_frozen_ref,53,False,4,0.9108910891089109,1.0
0,equal_frozen_ref,54,False,4,0.5274725274725275,0.5
0,equal_frozen_ref,55,False,4,0.7578947368421053,0.75
0,equal_frozen_ref,56,False,4,0.8349514563106796,0.8958333333333334
0,equal_frozen_ref,57,False,5,0.7920792079207921,0.8333333333333334
0,equal_frozen_ref,58,False,5,0.6181818181818182,0.7083333333333334
0,equal_frozen_ref,59,True,5,0.125,0.08333333333333333
0,equal_frozen_ref,60,True,5,0.5066666666666667,0.3958333333333333
0,equal_frozen_ref,61,True,8,0.23076923076923078,0.1875
0,equal_frozen_ref,62,False,5,0.6915887850467289,0.7708333333333334
0,equal_frozen_ref,63,True,8,0.07894736842105263,0.0625
0,equal_frozen_ref,64,True,5,0.26506024096385544,0.22916666666666666
0,equal_frozen_ref,65,True,5,0.08108108108108109,0.0625
0,equal_frozen_ref,66,True,5,0.25,0.16666666666666666
0,equal_frozen_ref,67,False,5,0.9292929292929293,0.9583333333333334
0,equal_frozen_ref,68,False,5,0.9787234042553191,0.9583333333333334
0,equal_frozen_ref,69,False,5,0.5647058823529412,0.5
0,equal_frozen_ref,70,True,5,0.12698412698412698,0.08333333333333333
0,equal_frozen_ref,71,True,5,0.0,0.0
0,equal_frozen_ref,72,False,6,0.74,0.7708333333333334
0,equal_frozen_ref,73,False,6,0.4492753623188406,0.6458333333333334
0,equal_frozen_ref,74,False,6,0.9019607843137255,0.9583333333333334
0,equal_frozen_ref,75,False,6,0.8080808080808081,0.8333333333333334
0,equal_frozen_ref,76,False,6,0.8431372549019608,0.8958333333333334
0,equal_frozen_ref,77,False,7,0.8,0.8333333333333334
0,equal_frozen_ref,78,True,7,0.6741573033707865,0.625
0,equal_frozen_ref,79,True,8,0.38095238095238093,0.25
0,equal_frozen_ref,80,False,7,0.359375,0.4791666666666667
0,equal_frozen_ref,81,False,7,0.4966442953020134,0.8043478260869565
0,equal_frozen_ref,82,False,8,0.6915887850467289,0.7708333333333334
0,equal_frozen_ref,83,False,8,0.8148148148148148,0.6875
0,equal_frozen_ref,84,False,8,0.6506024096385542,0.5625
0,equal_frozen_ref,85,False,8,0.8037383177570093,0.8958333333333334
0,equal_frozen_ref,86,False,8,0.6666666666666666,0.625
0,equal_frozen_ref,87,False,8,0.8653846153846154,0.9375
0,equal_frozen_ref,88,False,8,0.5522388059701493,0.7708333333333334
0,equal_frozen_ref,89,False,8,0.7384615384615385,1.0
0,ft_vitb_id,0,False,0,0.49523809523809526,0.5416666666666666
0,ft_vitb_id,1,False,0,0.8490566037735849,0.9375
0,ft_vitb_id,2,False,0,0.9791666666666666,0.9791666666666666
0,ft_vitb_id,3,False,0,0.9574468085106383,0.9375
0,ft_vitb_id,4,True,8,0.735632183908046,0.6666666666666666
0,ft_vitb_id,5,False,1,0.9130434782608695,0.9130434782608695
0,ft_vitb_id,6,False,1,0.54,0.5625
0,ft_vitb_id,7,True,8,0.031746031746031744,0.020833333333333332
0,ft_vitb_id,8,False,1,0.8543689320388349,0.9166666666666666
0,ft_vitb_id,9,False,1,0.8080808080808081,0.8333333333333334
0,ft_vitb_id,10,False,1,0.5904761904761905,0.6458333333333334
0,ft_vitb_id,11,False,1,0.5102040816326531,0.5208333333333334
0,ft_vitb_id,12,True,8,0.4411764705882353,0.3125
0,ft_vitb_id,13,False,1,0.6875,0.6875
0,ft_vitb_id,14,False,1,0.7526881720430108,0.7291666666666666
0,ft_vitb_id,15,False,1,0.9263157894736842,0.9166666666666666
0,ft_vitb_id,16,False,1,0.851063829787234,0.8333333333333334
0,ft_vitb_id,17,False,1,0.7291666666666666,0.7291666666666666
0,ft_vitb_id,18,False,1,0.673469387755102,0.6875
0,ft_vitb_id,19,False,1,0.609375,0.8125
0,ft_vitb_id,20,False,2,0.6846846846846847,0.7916666666666666
0,ft_vitb_id,21,False,2,0.8,0.8333333333333334
0,ft_vitb_id,22,True,2,0.4507042253521127,0.3333333333333333
0,ft_vitb_id,23,False,2,0.7920792079207921,0.8333333333333334
0,ft_vitb_id,24,False,2,0.86,0.8958333333333334
0,ft_vitb_id,25,False,2,0.6336633663366337,0.6666666666666666
0,ft_vitb_id,26,False,2,0.9473684210526315,0.9375
0,ft_vitb_id,27,False,2,0.68,0.7083333333333334
0,ft_vitb_id,28,False,2,0.9795918367346939,1.0
0,ft_vitb_id,29,False,2,0.7142857142857143,0.8333333333333334
0,ft_vitb_id,30,False,2,0.5806451612903226,0.5625
0,ft_vitb_id,31,False,2,0.9148936170212766,0.8958333333333334
0,ft_vitb_id,32,False,2,0.8387096774193549,0.8125
0,ft_vitb_id,33,False,2,0.4948453608247423,0.5
0,ft_vitb_id,34,False,3,0.5299145299145299,0.6458333333333334
0,ft_vitb_id,35,False,3,0.9130434782608695,0.875
0,ft_vitb_id,36,False,3,0.8817204301075269,0.8541666666666666
0,ft_vitb_id,37,False,3,0.6470588235294118,0.6875
0,ft_vitb_id,38,True,3,0.02127659574468085,0.020833333333333332
0,ft_vitb_id,39,False,3,0.7058823529411765,0.75
0,ft_vitb_id,40,False,3,0.7209302325581395,0.6458333333333334
0,ft_vitb_id,41,False,3,0.4235294117647059,0.375
0,ft_vitb_id,42,False,3,0.6126126126126126,0.7083333333333334
0,ft_vitb_id,43,False,4,0.5503355704697986,0.8541666666666666
0,ft_vitb_id,44,False,4,0.8172043010752689,0.7916666666666666
0,ft_vitb_id,45,True,4,0.24615384615384617,0.1702127659574468
0,ft_vitb_id,46,False,4,0.7472527472527473,0.7083333333333334
0,ft_vitb_id,47,False,4,0.9387755102040817,0.9583333333333334
0,ft_vitb_id,48,False,4,0.9473684210526315,0.9375
0,ft_vitb_id,49,False,4,0.3076923076923077,0.3333333333333333
0,ft_vitb_id,50,False,4,0.625,0.5208333333333334
0,ft_vitb_id,51,False,4,0.3486238532110092,0.3958333333333333
0,ft_vitb_id,52,False,4,0.4094488188976378,0.5416666666666666
0,ft_vitb_id,53,False,4,0.7157894736842105,0.7391304347826086
0,ft_vitb_id,54,False,4,0.5393258426966292,0.5
0,ft_vitb_id,55,False,4,0.7333333333333333,0.6875
0,ft_vitb_id,56,False,4,0.8041237113402062,0.8125
0,ft_vitb_id,57,False,5,0.8181818181818182,0.75
0,ft_vitb_id,58,False,5,0.6666666666666666,0.7291666666666666
0,ft_vitb_id,59,True,5,0.6075949367088608,0.5
0,ft_vitb_id,60,True,5,0.3050847457627119,0.1875
0,ft_vitb_id,61,True,8,0.11904761904761904,0.10416666666666667
0,ft_vitb_id,62,False,5,0.6595744680851063,0.6458333333333334
0,ft_vitb_id,63,True,8,0.08080808080808081,0.08333333333333333
0,ft_vitb_id,64,True,5,0.2857142857142857,0.20833333333333334
0,ft_vitb_id,65,True,5,0.3291139240506329,0.2708333333333333
0,ft_vitb_id,66,True,5,0.07407407407407407,0.041666666666666664
0,ft_vitb_id,67,False,5,0.9038461538461539,0.9791666666666666
0,ft_vitb_id,68,False,5,0.9791666666666666,0.9791666666666666
0,ft_vitb_id,69,False,5,0.865979381443299,0.875
0,ft_vitb_id,70,True,5,0.32098765432098764,0.2708333333333333
0,ft_vitb_id,71,True,5,0.0,0.0
0,ft_vitb_id,72,False,6,0.6666666666666666,0.7708333333333334
0,ft_vitb_id,73,False,6,0.660377358490566,0.7291666666666666
0,ft_vitb_id,74,False,6,0.8349514563106796,0.8958333333333334
0,ft_vitb_id,75,False,6,0.46464646464646464,0.4791666666666667
0,ft_vitb_id,76,False,6,0.7735849056603774,0.8541666666666666
0,ft_vitb_id,77,False,7,0.8686868686868687,0.8958333333333334
0,ft_vitb_id,78,True,7,0.5,0.4583333333333333
0,ft_vitb_id,79,True,8,0.5681818181818182,0.5208333333333334
0,ft_vitb_id,80,False,7,0.4583333333333333,0.4583333333333333
0,ft_vitb_id,81,False,7,0.46153846153846156,0.5217391304347826
0,ft_vitb_id,82,False,8,0.7692307692307693,0.8333333333333334
0,ft_vitb_id,83,False,8,0.7435897435897436,0.6041666666666666
0,ft_vitb_id,84,False,8,0.7472527472527473,0.7083333333333334
0,ft_vitb_id,85,False,8,0.7457627118644068,0.9166666666666666
0,ft_vitb_id,86,False,8,0.8041237113402062,0.8125
0,ft_vitb_id,87,False,8,0.9292929292929293,0.9583333333333334
0,ft_vitb_id,88,False,8,0.6,0.8125
0,ft_vitb_id,89,False,8,0.7586206896551724,0.9166666666666666
0,ft_vitb_tta,0,False,0,0.5161290322580645,0.5
0,ft_vitb_tta,1,False,0,0.8543689320388349,0.9166666666666666
0,ft_vitb_tta,2,False,0,0.9690721649484536,0.9791666666666666
0,ft_vitb_tta,3,False,0,0.9574468085106383,0.9375
0,ft_vitb_tta,4,True,8,0.7586206896551724,0.6875
0,ft_vitb_tta,5,False,1,0.8865979381443299,0.9347826086956522
0,ft_vitb_tta,6,False,1,0.5918367346938775,0.6041666666666666
0,ft_vitb_tta,7,True,8,0.0,0.0
0,ft_vitb_tta,8,False,1,0.822429906542056,0.9166666666666666
0,ft_vitb_tta,9,False,1,0.8113207547169812,0.8958333333333334
0,ft_vitb_tta,10,False,1,0.5882352941176471,0.625
0,ft_vitb_tta,11,False,1,0.5555555555555556,0.5208333333333334
0,ft_vitb_tta,12,True,8,0.44776119402985076,0.3125
0,ft_vitb_tta,13,False,1,0.6666666666666666,0.6875
0,ft_vitb_tta,14,False,1,0.7916666666666666,0.7916666666666666
0,ft_vitb_tta,15,False,1,0.9375,0.9375
0,ft_vitb_tta,16,False,1,0.8817204301075269,0.8541666666666666
0,ft_vitb_tta,17,False,1,0.7789473684210526,0.7708333333333334
0,ft_vitb_tta,18,False,1,0.7578947368421053,0.75
0,ft_vitb_tta,19,False,1,0.6166666666666667,0.7708333333333334
0,ft_vitb_tta,20,False,2,0.6728971962616822,0.75
0,ft_vitb_tta,21,False,2,0.8316831683168316,0.875
0,ft_vitb_tta,22,True,2,0.5,0.3541666666666667
0,ft_vitb_tta,23,False,2,0.8118811881188119,0.8541666666666666
0,ft_vitb_tta,24,False,2,0.8686868686868687,0.8958333333333334
0,ft_vitb_tta,25,False,2,0.6274509803921569,0.6666666666666666
0,ft_vitb_tta,26,False,2,0.967741935483871,0.9375
0,ft_vitb_tta,27,False,2,0.7291666666666666,0.7291666666666666
0,ft_vitb_tta,28,False,2,0.9696969696969697,1.0
0,ft_vitb_tta,29,False,2,0.7454545454545455,0.8541666666666666
0,ft_vitb_tta,30,False,2,0.6170212765957447,0.6041666666666666
0,ft_vitb_tta,31,False,2,0.9166666666666666,0.9166666666666666
0,ft_vitb_tta,32,False,2,0.8387096774193549,0.8125
0,ft_vitb_tta,33,False,2,0.5714285714285714,0.5416666666666666
0,ft_vitb_tta,34,False,3,0.5166666666666667,0.6458333333333334
0,ft_vitb_tta,35,False,3,0.9166666666666666,0.9166666666666666
0,ft_vitb_tta,36,False,3,0.8865979381443299,0.8958333333333334
0,ft_vitb_tta,37,False,3,0.6862745098039216,0.7291666666666666
0,ft_vitb_tta,38,True,3,0.02127659574468085,0.020833333333333332
0,ft_vitb_tta,39,False,3,0.7766990291262136,0.8333333333333334
0,ft_vitb_tta,40,False,3,0.6588235294117647,0.5833333333333334
0,ft_vitb_tta,41,False,3,0.4186046511627907,0.375
0,ft_vitb_tta,42,False,3,0.6607142857142857,0.7708333333333334
0,ft_vitb_tta,43,False,4,0.6111111111111112,0.9166666666666666
0,ft_vitb_tta,44,False,4,0.8979591836734694,0.9166666666666666
0,ft_vitb_tta,45,True,4,0.2647058823529412,0.19148936170212766
0,ft_vitb_tta,46,False,4,0.7692307692307693,0.7291666666666666
0,ft_vitb_tta,47,False,4,0.9387755102040817,0.9583333333333334
0,ft_vitb_tta,48,False,4,0.9361702127659575,0.9166666666666666
0,ft_vitb_tta,49,False,4,0.297029702970297,0.3125
0,ft_vitb_tta,50,False,4,0.7,0.5833333333333334
0,ft_vitb_tta,51,False,4,0.36363636363636365,0.4166666666666667
0,ft_vitb_tta,52,False,4,0.4172661870503597,0.6041666666666666
0,ft_vitb_tta,53,False,4,0.7083333333333334,0.7391304347826086
0,ft_vitb_tta,54,False,4,0.5909090909090909,0.5416666666666666
0,ft_vitb_tta,55,False,4,0.7126436781609196,0.6458333333333334
0,ft_vitb_tta,56,False,4,0.7446808510638298,0.7291666666666666
0,ft_vitb_tta,57,False,5,0.8478260869565217,0.8125
0,ft_vitb_tta,58,False,5,0.6938775510204082,0.7083333333333334
0,ft_vitb_tta,59,True,5,0.6075949367088608,0.5
0,ft_vitb_tta,60,True,5,0.32786885245901637,0.20833333333333334
0,ft_vitb_tta,61,True,8,0.17073170731707318,0.14583333333333334
0,ft_vitb_tta,62,False,5,0.673469387755102,0.6875
0,ft_vitb_tta,63,True,8,0.0594059405940594,0.0625
0,ft_vitb_tta,64,True,5,0.26865671641791045,0.1875
0,ft_vitb_tta,65,True,5,0.34210526315789475,0.2708333333333333
0,ft_vitb_tta,66,True,5,0.07547169811320754,0.041666666666666664
0,ft_vitb_tta,67,False,5,0.9215686274509803,0.9791666666666666
0,ft_vitb_tta,68,False,5,0.9787234042553191,0.9583333333333334
0,ft_vitb_tta,69,False,5,0.865979381443299,0.875
0,ft_vitb_tta,70,True,5,0.379746835443038,0.3125
0,ft_vitb_tta,71,True,5,0.0,0.0
0,ft_vitb_tta,72,False,6,0.6666666666666666,0.8125
0,ft_vitb_tta,73,False,6,0.6796116504854369,0.7291666666666666
0,ft_vitb_tta,74,False,6,0.8737864077669902,0.9375
0,ft_vitb_tta,75,False,6,0.4672897196261682,0.5208333333333334
0,ft_vitb_tta,76,False,6,0.8349514563106796,0.8958333333333334
0,ft_vitb_tta,77,False,7,0.86,0.8958333333333334
0,ft_vitb_tta,78,True,7,0.5057471264367817,0.4583333333333333
0,ft_vitb_tta,79,True,8,0.6326530612244898,0.6458333333333334
0,ft_vitb_tta,80,False,7,0.45652173913043476,0.4375
0,ft_vitb_tta,81,False,7,0.48214285714285715,0.5869565217391305
0,ft_vitb_tta,82,False,8,0.7843137254901961,0.8333333333333334
0,ft_vitb_tta,83,False,8,0.7435897435897436,0.6041666666666666
0,ft_vitb_tta,84,False,8,0.7956989247311828,0.7708333333333334
0,ft_vitb_tta,85,False,8,0.8,0.9583333333333334
0,ft_vitb_tta,86,False,8,0.8247422680412371,0.8333333333333334
0,ft_vitb_tta,87,False,8,0.9306930693069307,0.9791666666666666
0,ft_vitb_tta,88,False,8,0.5970149253731343,0.8333333333333334
0,ft_vitb_tta,89,False,8,0.7627118644067796,0.9375
0,equal_ft_vitb,0,False,0,0.48148148148148145,0.5416666666666666
0,equal_ft_vitb,1,False,0,0.9183673469387755,0.9375
0,equal_ft_vitb,2,False,0,0.9690721649484536,0.9791666666666666
0,equal_ft_vitb,3,False,0,1.0,1.0
0,equal_ft_vitb,4,True,8,0.7407407407407407,0.625
0,equal_ft_vitb,5,False,1,0.9565217391304348,0.9565217391304348
0,equal_ft_vitb,6,False,1,0.6947368421052632,0.6875
0,equal_ft_vitb,7,True,8,0.0,0.0
0,equal_ft_vitb,8,False,1,0.8653846153846154,0.9375
0,equal_ft_vitb,9,False,1,0.8155339805825242,0.875
0,equal_ft_vitb,10,False,1,0.616822429906542,0.6875
0,equal_ft_vitb,11,False,1,0.6595744680851063,0.6458333333333334
0,equal_ft_vitb,12,True,8,0.3103448275862069,0.1875
0,equal_ft_vitb,13,False,1,0.8085106382978723,0.7916666666666666
0,equal_ft_vitb,14,False,1,0.8842105263157894,0.875
0,equal_ft_vitb,15,False,1,0.9108910891089109,0.9583333333333334
0,equal_ft_vitb,16,False,1,0.8431372549019608,0.8958333333333334
0,equal_ft_vitb,17,False,1,0.8041237113402062,0.8125
0,equal_ft_vitb,18,False,1,0.82,0.8541666666666666
0,equal_ft_vitb,19,False,1,0.7222222222222222,0.8125
0,equal_ft_vitb,20,False,2,0.7735849056603774,0.8541666666666666
0,equal_ft_vitb,21,False,2,0.8958333333333334,0.8958333333333334
0,equal_ft_vitb,22,True,2,0.5135135135135135,0.3958333333333333
0,equal_ft_vitb,23,False,2,0.8653846153846154,0.9375
0,equal_ft_vitb,24,False,2,0.8888888888888888,0.9166666666666666
0,equal_ft_vitb,25,False,2,0.7326732673267327,0.7708333333333334
0,equal_ft_vitb,26,False,2,0.9894736842105263,0.9791666666666666
0,equal_ft_vitb,27,False,2,0.7692307692307693,0.7291666666666666
0,equal_ft_vitb,28,False,2,1.0,1.0
0,equal_ft_vitb,29,False,2,0.8712871287128713,0.9166666666666666
0,equal_ft_vitb,30,False,2,0.6078431372549019,0.6458333333333334
0,equal_ft_vitb,31,False,2,0.9494949494949495,0.9791666666666666
0,equal_ft_vitb,32,False,2,0.946236559139785,0.9166666666666666
0,equal_ft_vitb,33,False,2,0.7021276595744681,0.6875
0,equal_ft_vitb,34,False,3,0.6607142857142857,0.7708333333333334
0,equal_ft_vitb,35,False,3,0.9320388349514563,1.0
0,equal_ft_vitb,36,False,3,0.9361702127659575,0.9166666666666666
0,equal_ft_vitb,37,False,3,0.6666666666666666,0.6875
0,equal_ft_vitb,38,True,3,0.022222222222222223,0.020833333333333332
0,equal_ft_vitb,39,False,3,0.7476635514018691,0.8333333333333334
0,equal_ft_vitb,40,False,3,0.7764705882352941,0.6875
0,equal_ft_vitb,41,False,3,0.4444444444444444,0.375
0,equal_ft_vitb,42,False,3,0.7128712871287128,0.75
0,equal_ft_vitb,43,False,4,0.581081081081081,0.8958333333333334
0,equal_ft_vitb,44,False,4,0.88,0.9166666666666666
0,equal_ft_vitb,45,True,4,0.15873015873015872,0.10638297872340426
0,equal_ft_vitb,46,False,4,0.8210526315789474,0.8125
0,equal_ft_vitb,47,False,4,0.9019607843137255,0.9583333333333334
0,equal_ft_vitb,48,False,4,0.9565217391304348,0.9166666666666666
0,equal_ft_vitb,49,False,4,0.2736842105263158,0.2708333333333333
0,equal_ft_vitb,50,False,4,0.9361702127659575,0.9166666666666666
0,equal_ft_vitb,51,False,4,0.21568627450980393,0.22916666666666666
0,equal_ft_vitb,52,False,4,0.41739130434782606,0.5
0,equal_ft_vitb,53,False,4,0.9,0.9782608695652174
0,equal_ft_vitb,54,False,4,0.6,0.5625
0,equal_ft_vitb,55,False,4,0.8181818181818182,0.75
0,equal_ft_vitb,56,False,4,0.875,0.875
0,equal_ft_vitb,57,False,5,0.8888888888888888,0.9166666666666666
0,equal_ft_vitb,58,False,5,0.7476635514018691,0.8333333333333334
0,equal_ft_vitb,59,True,5,0.5070422535211268,0.375
0,equal_ft_vitb,60,True,5,0.56,0.4375
0,equal_ft_vitb,61,True,8,0.23076923076923078,0.1875
0,equal_ft_vitb,62,False,5,0.7142857142857143,0.7291666666666666
0,equal_ft_vitb,63,True,8,0.04878048780487805,0.041666666666666664
0,equal_ft_vitb,64,True,5,0.4473684210526316,0.3541666666666667
0,equal_ft_vitb,65,True,5,0.25,0.16666666666666666
0,equal_ft_vitb,66,True,5,0.07272727272727272,0.041666666666666664
0,equal_ft_vitb,67,False,5,0.9215686274509803,0.9791666666666666
0,equal_ft_vitb,68,False,5,0.9896907216494846,1.0
0,equal_ft_vitb,69,False,5,0.84,0.875
0,equal_ft_vitb,70,True,5,0.3333333333333333,0.25
0,equal_ft_vitb,71,True,5,0.0,0.0
0,equal_ft_vitb,72,False,6,0.7522935779816514,0.8541666666666666
0,equal_ft_vitb,73,False,6,0.5853658536585366,0.75
0,equal_ft_vitb,74,False,6,0.9306930693069307,0.9791666666666666
0,equal_ft_vitb,75,False,6,0.7207207207207207,0.8333333333333334
0,equal_ft_vitb,76,False,6,0.865979381443299,0.875
0,equal_ft_vitb,77,False,7,0.8571428571428571,0.875
0,equal_ft_vitb,78,True,7,0.8387096774193549,0.8125
0,equal_ft_vitb,79,True,8,0.6923076923076923,0.5625
0,equal_ft_vitb,80,False,7,0.42857142857142855,0.4375
0,equal_ft_vitb,81,False,7,0.556390977443609,0.8043478260869565
0,equal_ft_vitb,82,False,8,0.8269230769230769,0.8958333333333334
0,equal_ft_vitb,83,False,8,0.9090909090909091,0.8333333333333334
0,equal_ft_vitb,84,False,8,0.8045977011494253,0.7291666666666666
0,equal_ft_vitb,85,False,8,0.8141592920353983,0.9583333333333334
0,equal_ft_vitb,86,False,8,0.84,0.875
0,equal_ft_vitb,87,False,8,0.9320388349514563,1.0
0,equal_ft_vitb,88,False,8,0.6285714285714286,0.9166666666666666
0,equal_ft_vitb,89,False,8,0.72,0.9375
0,ft_vitl_id,0,False,0,0.40707964601769914,0.4791666666666667
0,ft_vitl_id,1,False,0,0.8367346938775511,0.8541666666666666
0,ft_vitl_id,2,False,0,0.9591836734693877,0.9791666666666666
0,ft_vitl_id,3,False,0,0.9361702127659575,0.9166666666666666
0,ft_vitl_id,4,True,8,0.8571428571428571,0.8125
0,ft_vitl_id,5,False,1,0.9545454545454546,0.9130434782608695
0,ft_vitl_id,6,False,1,0.5645161290322581,0.7291666666666666
0,ft_vitl_id,7,True,8,0.0,0.0
0,ft_vitl_id,8,False,1,0.7154471544715447,0.9166666666666666
0,ft_vitl_id,9,False,1,0.7592592592592593,0.8541666666666666
0,ft_vitl_id,10,False,1,0.5321100917431193,0.6041666666666666
0,ft_vitl_id,11,False,1,0.5490196078431373,0.5833333333333334
0,ft_vitl_id,12,True,8,0.4307692307692308,0.2916666666666667
0,ft_vitl_id,13,False,1,0.6213592233009708,0.6666666666666666
0,ft_vitl_id,14,False,1,0.8172043010752689,0.7916666666666666
0,ft_vitl_id,15,False,1,0.9183673469387755,0.9375
0,ft_vitl_id,16,False,1,0.8514851485148515,0.8958333333333334
0,ft_vitl_id,17,False,1,0.7692307692307693,0.8333333333333334
0,ft_vitl_id,18,False,1,0.7766990291262136,0.8333333333333334
0,ft_vitl_id,19,False,1,0.5166666666666667,0.6458333333333334
0,ft_vitl_id,20,False,2,0.6521739130434783,0.625
0,ft_vitl_id,21,False,2,0.82,0.8541666666666666
0,ft_vitl_id,22,True,2,0.6578947368421053,0.5208333333333334
0,ft_vitl_id,23,False,2,0.7628865979381443,0.7708333333333334
0,ft_vitl_id,24,False,2,0.8,0.875
0,ft_vitl_id,25,False,2,0.631578947368421,0.625
0,ft_vitl_id,26,False,2,0.9690721649484536,0.9791666666666666
0,ft_vitl_id,27,False,2,0.673469387755102,0.6875
0,ft_vitl_id,28,False,2,1.0,1.0
0,ft_vitl_id,29,False,2,0.6804123711340206,0.6875
0,ft_vitl_id,30,False,2,0.49504950495049505,0.5208333333333334
0,ft_vitl_id,31,False,2,0.8571428571428571,0.875
0,ft_vitl_id,32,False,2,0.8085106382978723,0.7916666666666666
0,ft_vitl_id,33,False,2,0.5102040816326531,0.5208333333333334
0,ft_vitl_id,34,False,3,0.5737704918032787,0.7291666666666666
0,ft_vitl_id,35,False,3,0.9166666666666666,0.9166666666666666
0,ft_vitl_id,36,False,3,0.8817204301075269,0.8541666666666666
0,ft_vitl_id,37,False,3,0.6605504587155964,0.75
0,ft_vitl_id,38,True,3,0.0,0.0
0,ft_vitl_id,39,False,3,0.6796116504854369,0.7291666666666666
0,ft_vitl_id,40,False,3,0.6966292134831461,0.6458333333333334
0,ft_vitl_id,41,False,3,0.425,0.3541666666666667
0,ft_vitl_id,42,False,3,0.6990291262135923,0.75
0,ft_vitl_id,43,False,4,0.5833333333333334,0.875
0,ft_vitl_id,44,False,4,0.9052631578947369,0.8958333333333334
0,ft_vitl_id,45,True,4,0.2,0.1276595744680851
0,ft_vitl_id,46,False,4,0.7032967032967034,0.6666666666666666
0,ft_vitl_id,47,False,4,0.9361702127659575,0.9166666666666666
0,ft_vitl_id,48,False,4,0.9787234042553191,0.9583333333333334
0,ft_vitl_id,49,False,4,0.25882352941176473,0.22916666666666666
0,ft_vitl_id,50,False,4,0.7294117647058823,0.6458333333333334
0,ft_vitl_id,51,False,4,0.3418803418803419,0.4166666666666667
0,ft_vitl_id,52,False,4,0.4065040650406504,0.5208333333333334
0,ft_vitl_id,53,False,4,0.7777777777777778,0.7608695652173914
0,ft_vitl_id,54,False,4,0.6511627906976745,0.5833333333333334
0,ft_vitl_id,55,False,4,0.7628865979381443,0.7708333333333334
0,ft_vitl_id,56,False,4,0.7843137254901961,0.8333333333333334
0,ft_vitl_id,57,False,5,0.7326732673267327,0.7708333333333334
0,ft_vitl_id,58,False,5,0.7959183673469388,0.8125
0,ft_vitl_id,59,True,5,0.5,0.375
0,ft_vitl_id,60,True,5,0.3939393939393939,0.2708333333333333
0,ft_vitl_id,61,True,8,0.10126582278481013,0.08333333333333333
0,ft_vitl_id,62,False,5,0.6666666666666666,0.6875
0,ft_vitl_id,63,True,8,0.11627906976744186,0.10416666666666667
0,ft_vitl_id,64,True,5,0.27906976744186046,0.25
0,ft_vitl_id,65,True,5,0.16216216216216217,0.125
0,ft_vitl_id,66,True,5,0.037037037037037035,0.020833333333333332
0,ft_vitl_id,67,False,5,0.8679245283018868,0.9583333333333334
0,ft_vitl_id,68,False,5,0.9791666666666666,0.9791666666666666
0,ft_vitl_id,69,False,5,0.8631578947368421,0.8541666666666666
0,ft_vitl_id,70,True,5,0.2894736842105263,0.22916666666666666
0,ft_vitl_id,71,True,5,0.058823529411764705,0.041666666666666664
0,ft_vitl_id,72,False,6,0.6792452830188679,0.75
0,ft_vitl_id,73,False,6,0.5858585858585859,0.6041666666666666
0,ft_vitl_id,74,False,6,0.9166666666666666,0.9166666666666666
0,ft_vitl_id,75,False,6,0.3595505617977528,0.3333333333333333
0,ft_vitl_id,76,False,6,0.7959183673469388,0.8125
0,ft_vitl_id,77,False,7,0.8,0.9166666666666666
0,ft_vitl_id,78,True,7,0.2857142857142857,0.20833333333333334
0,ft_vitl_id,79,True,8,0.4594594594594595,0.3541666666666667
0,ft_vitl_id,80,False,7,0.42201834862385323,0.4791666666666667
0,ft_vitl_id,81,False,7,0.54,0.5869565217391305
0,ft_vitl_id,82,False,8,0.7628865979381443,0.7708333333333334
0,ft_vitl_id,83,False,8,0.8045977011494253,0.7291666666666666
0,ft_vitl_id,84,False,8,0.7872340425531915,0.7708333333333334
0,ft_vitl_id,85,False,8,0.8679245283018868,0.9583333333333334
0,ft_vitl_id,86,False,8,0.8041237113402062,0.8125
0,ft_vitl_id,87,False,8,0.912621359223301,0.9791666666666666
0,ft_vitl_id,88,False,8,0.609375,0.8125
0,ft_vitl_id,89,False,8,0.7804878048780488,1.0
0,ft_vitl_tta,0,False,0,0.4406779661016949,0.5416666666666666
0,ft_vitl_tta,1,False,0,0.8571428571428571,0.8125
0,ft_vitl_tta,2,False,0,0.9791666666666666,0.9791666666666666
0,ft_vitl_tta,3,False,0,0.9574468085106383,0.9375
0,ft_vitl_tta,4,True,8,0.8478260869565217,0.8125
0,ft_vitl_tta,5,False,1,0.896551724137931,0.8478260869565217
0,ft_vitl_tta,6,False,1,0.5423728813559322,0.6666666666666666
0,ft_vitl_tta,7,True,8,0.0,0.0
0,ft_vitl_tta,8,False,1,0.7272727272727273,0.9166666666666666
0,ft_vitl_tta,9,False,1,0.803921568627451,0.8541666666666666
0,ft_vitl_tta,10,False,1,0.5321100917431193,0.6041666666666666
0,ft_vitl_tta,11,False,1,0.5918367346938775,0.6041666666666666
0,ft_vitl_tta,12,True,8,0.45454545454545453,0.3125
0,ft_vitl_tta,13,False,1,0.625,0.7291666666666666
0,ft_vitl_tta,14,False,1,0.8333333333333334,0.8333333333333334
0,ft_vitl_tta,15,False,1,0.9484536082474226,0.9583333333333334
0,ft_vitl_tta,16,False,1,0.8349514563106796,0.8958333333333334
0,ft_vitl_tta,17,False,1,0.7916666666666666,0.7916666666666666
0,ft_vitl_tta,18,False,1,0.82,0.8541666666666666
0,ft_vitl_tta,19,False,1,0.5391304347826087,0.6458333333333334
0,ft_vitl_tta,20,False,2,0.64,0.6666666666666666
0,ft_vitl_tta,21,False,2,0.8316831683168316,0.875
0,ft_vitl_tta,22,True,2,0.6133333333333333,0.4791666666666667
0,ft_vitl_tta,23,False,2,0.7916666666666666,0.7916666666666666
0,ft_vitl_tta,24,False,2,0.8461538461538461,0.9166666666666666
0,ft_vitl_tta,25,False,2,0.7252747252747253,0.6875
0,ft_vitl_tta,26,False,2,0.9696969696969697,1.0
0,ft_vitl_tta,27,False,2,0.6601941747572816,0.7083333333333334
0,ft_vitl_tta,28,False,2,1.0,1.0
0,ft_vitl_tta,29,False,2,0.7096774193548387,0.6875
0,ft_vitl_tta,30,False,2,0.44660194174757284,0.4791666666666667
0,ft_vitl_tta,31,False,2,0.8514851485148515,0.8958333333333334
0,ft_vitl_tta,32,False,2,0.8210526315789474,0.8125
0,ft_vitl_tta,33,False,2,0.5263157894736842,0.5208333333333334
0,ft_vitl_tta,34,False,3,0.5862068965517241,0.7083333333333334
0,ft_vitl_tta,35,False,3,0.9090909090909091,0.9375
0,ft_vitl_tta,36,False,3,0.8817204301075269,0.8541666666666666
0,ft_vitl_tta,37,False,3,0.7017543859649122,0.8333333333333334
0,ft_vitl_tta,38,True,3,0.0,0.0
0,ft_vitl_tta,39,False,3,0.6857142857142857,0.75
0,ft_vitl_tta,40,False,3,0.7126436781609196,0.6458333333333334
0,ft_vitl_tta,41,False,3,0.43902439024390244,0.375
0,ft_vitl_tta,42,False,3,0.6666666666666666,0.6875
0,ft_vitl_tta,43,False,4,0.593103448275862,0.8958333333333334
0,ft_vitl_tta,44,False,4,0.9263157894736842,0.9166666666666666
0,ft_vitl_tta,45,True,4,0.22950819672131148,0.14893617021276595
0,ft_vitl_tta,46,False,4,0.7391304347826086,0.7083333333333334
0,ft_vitl_tta,47,False,4,0.9473684210526315,0.9375
0,ft_vitl_tta,48,False,4,0.968421052631579,0.9583333333333334
0,ft_vitl_tta,49,False,4,0.2736842105263158,0.2708333333333333
0,ft_vitl_tta,50,False,4,0.7469879518072289,0.6458333333333334
0,ft_vitl_tta,51,False,4,0.3302752293577982,0.375
0,ft_vitl_tta,52,False,4,0.3684210526315789,0.4375
0,ft_vitl_tta,53,False,4,0.7640449438202247,0.7391304347826086
0,ft_vitl_tta,54,False,4,0.6588235294117647,0.5833333333333334
0,ft_vitl_tta,55,False,4,0.7524752475247525,0.7916666666666666
0,ft_vitl_tta,56,False,4,0.7766990291262136,0.8333333333333334
0,ft_vitl_tta,57,False,5,0.7524752475247525,0.7916666666666666
0,ft_vitl_tta,58,False,5,0.8,0.8333333333333334
0,ft_vitl_tta,59,True,5,0.547945205479452,0.4166666666666667
0,ft_vitl_tta,60,True,5,0.4126984126984127,0.2708333333333333
0,ft_vitl_tta,61,True,8,0.10810810810810811,0.08333333333333333
0,ft_vitl_tta,62,False,5,0.7184466019417476,0.7708333333333334
0,ft_vitl_tta,63,True,8,0.10989010989010989,0.10416666666666667
0,ft_vitl_tta,64,True,5,0.2619047619047619,0.22916666666666666
0,ft_vitl_tta,65,True,5,0.21951219512195122,0.1875
0,ft_vitl_tta,66,True,5,0.038461538461538464,0.020833333333333332
0,ft_vitl_tta,67,False,5,0.9,0.9375
0,ft_vitl_tta,68,False,5,0.9894736842105263,0.9791666666666666
0,ft_vitl_tta,69,False,5,0.88,0.9166666666666666
0,ft_vitl_tta,70,True,5,0.3157894736842105,0.25
0,ft_vitl_tta,71,True,5,0.06060606060606061,0.041666666666666664
0,ft_vitl_tta,72,False,6,0.7358490566037735,0.8125
0,ft_vitl_tta,73,False,6,0.5858585858585859,0.6041666666666666
0,ft_vitl_tta,74,False,6,0.8888888888888888,0.9166666666666666
0,ft_vitl_tta,75,False,6,0.367816091954023,0.3333333333333333
0,ft_vitl_tta,76,False,6,0.7916666666666666,0.7916666666666666
0,ft_vitl_tta,77,False,7,0.8073394495412844,0.9166666666666666
0,ft_vitl_tta,78,True,7,0.37333333333333335,0.2916666666666667
0,ft_vitl_tta,79,True,8,0.48,0.375
0,ft_vitl_tta,80,False,7,0.4074074074074074,0.4583333333333333
0,ft_vitl_tta,81,False,7,0.6355140186915887,0.7391304347826086
0,ft_vitl_tta,82,False,8,0.8041237113402062,0.8125
0,ft_vitl_tta,83,False,8,0.8045977011494253,0.7291666666666666
0,ft_vitl_tta,84,False,8,0.7741935483870968,0.75
0,ft_vitl_tta,85,False,8,0.8737864077669902,0.9375
0,ft_vitl_tta,86,False,8,0.8041237113402062,0.8125
0,ft_vitl_tta,87,False,8,0.912621359223301,0.9791666666666666
0,ft_vitl_tta,88,False,8,0.6190476190476191,0.8125
0,ft_vitl_tta,89,False,8,0.7559055118110236,1.0
0,equal_ft_vitl,0,False,0,0.45,0.5625
0,equal_ft_vitl,1,False,0,0.8842105263157894,0.875
0,equal_ft_vitl,2,False,0,0.9690721649484536,0.9791666666666666
0,equal_ft_vitl,3,False,0,0.9787234042553191,0.9583333333333334
0,equal_ft_vitl,4,True,8,0.7317073170731707,0.625
0,equal_ft_vitl,5,False,1,0.9782608695652174,0.9782608695652174
0,equal_ft_vitl,6,False,1,0.6796116504854369,0.7291666666666666
0,equal_ft_vitl,7,True,8,0.0,0.0
0,equal_ft_vitl,8,False,1,0.7863247863247863,0.9583333333333334
0,equal_ft_vitl,9,False,1,0.8431372549019608,0.8958333333333334
0,equal_ft_vitl,10,False,1,0.5663716814159292,0.6666666666666666
0,equal_ft_vitl,11,False,1,0.7,0.7291666666666666
0,equal_ft_vitl,12,True,8,0.3728813559322034,0.22916666666666666
0,equal_ft_vitl,13,False,1,0.8,0.8333333333333334
0,equal_ft_vitl,14,False,1,0.9052631578947369,0.8958333333333334
0,equal_ft_vitl,15,False,1,0.9320388349514563,1.0
0,equal_ft_vitl,16,False,1,0.8514851485148515,0.8958333333333334
0,equal_ft_vitl,17,False,1,0.8349514563106796,0.8958333333333334
0,equal_ft_vitl,18,False,1,0.8431372549019608,0.8958333333333334
0,equal_ft_vitl,19,False,1,0.6415094339622641,0.7083333333333334
0,equal_ft_vitl,20,False,2,0.693069306930693,0.7291666666666666
0,equal_ft_vitl,21,False,2,0.9052631578947369,0.8958333333333334
0,equal_ft_vitl,22,True,2,0.6233766233766234,0.5
0,equal_ft_vitl,23,False,2,0.8627450980392157,0.9166666666666666
0,equal_ft_vitl,24,False,2,0.912621359223301,0.9791666666666666
0,equal_ft_vitl,25,False,2,0.803921568627451,0.8541666666666666
0,equal_ft_vitl,26,False,2,0.9896907216494846,1.0
0,equal_ft_vitl,27,False,2,0.717391304347826,0.6875
0,equal_ft_vitl,28,False,2,1.0,1.0
0,equal_ft_vitl,29,False,2,0.9052631578947369,0.8958333333333334
0,equal_ft_vitl,30,False,2,0.5294117647058824,0.5625
0,equal_ft_vitl,31,False,2,0.9215686274509803,0.9791666666666666
0,equal_ft_vitl,32,False,2,0.9183673469387755,0.9375
0,equal_ft_vitl,33,False,2,0.627906976744186,0.5625
0,equal_ft_vitl,34,False,3,0.6486486486486487,0.75
0,equal_ft_vitl,35,False,3,0.897196261682243,1.0
0,equal_ft_vitl,36,False,3,0.9361702127659575,0.9166666666666666
0,equal_ft_vitl,37,False,3,0.7254901960784313,0.7708333333333334
0,equal_ft_vitl,38,True,3,0.0,0.0
0,equal_ft_vitl,39,False,3,0.7102803738317757,0.7916666666666666
0,equal_ft_vitl,40,False,3,0.8089887640449438,0.75
0,equal_ft_vitl,41,False,3,0.5393258426966292,0.5
0,equal_ft_vitl,42,False,3,0.7157894736842105,0.7083333333333334
0,equal_ft_vitl,43,False,4,0.6,0.875
0,equal_ft_vitl,44,False,4,0.9278350515463918,0.9375
0,equal_ft_vitl,45,True,4,0.19047619047619047,0.1276595744680851
0,equal_ft_vitl,46,False,4,0.7956989247311828,0.7708333333333334
0,equal_ft_vitl,47,False,4,0.9278350515463918,0.9375
0,equal_ft_vitl,48,False,4,0.9894736842105263,0.9791666666666666
0,equal_ft_vitl,49,False,4,0.23529411764705882,0.20833333333333334
0,equal_ft_vitl,50,False,4,0.9791666666666666,0.9791666666666666
0,equal_ft_vitl,51,False,4,0.26,0.2708333333333333
0,equal_ft_vitl,52,False,4,0.3392857142857143,0.3958333333333333
0,equal_ft_vitl,53,False,4,0.9183673469387755,0.9782608695652174
0,equal_ft_vitl,54,False,4,0.6588235294117647,0.5833333333333334
0,equal_ft_vitl,55,False,4,0.8080808080808081,0.8333333333333334
0,equal_ft_vitl,56,False,4,0.8865979381443299,0.8958333333333334
0,equal_ft_vitl,57,False,5,0.8282828282828283,0.8541666666666666
0,equal_ft_vitl,58,False,5,0.8269230769230769,0.8958333333333334
0,equal_ft_vitl,59,True,5,0.547945205479452,0.4166666666666667
0,equal_ft_vitl,60,True,5,0.5070422535211268,0.375
0,equal_ft_vitl,61,True,8,0.2222222222222222,0.16666666666666666
0,equal_ft_vitl,62,False,5,0.7735849056603774,0.8541666666666666
0,equal_ft_vitl,63,True,8,0.05263157894736842,0.041666666666666664
0,equal_ft_vitl,64,True,5,0.4044943820224719,0.375
0,equal_ft_vitl,65,True,5,0.18461538461538463,0.125
0,equal_ft_vitl,66,True,5,0.10714285714285714,0.0625
0,equal_ft_vitl,67,False,5,0.9292929292929293,0.9583333333333334
0,equal_ft_vitl,68,False,5,0.9896907216494846,1.0
0,equal_ft_vitl,69,False,5,0.86,0.8958333333333334
0,equal_ft_vitl,70,True,5,0.29411764705882354,0.20833333333333334
0,equal_ft_vitl,71,True,5,0.031746031746031744,0.020833333333333332
0,equal_ft_vitl,72,False,6,0.8333333333333334,0.9375
0,equal_ft_vitl,73,False,6,0.5378151260504201,0.6666666666666666
0,equal_ft_vitl,74,False,6,0.9583333333333334,0.9583333333333334
0,equal_ft_vitl,75,False,6,0.7391304347826086,0.7083333333333334
0,equal_ft_vitl,76,False,6,0.8695652173913043,0.8333333333333334
0,equal_ft_vitl,77,False,7,0.88,0.9166666666666666
0,equal_ft_vitl,78,True,7,0.7142857142857143,0.625
0,equal_ft_vitl,79,True,8,0.5074626865671642,0.3541666666666667
0,equal_ft_vitl,80,False,7,0.46153846153846156,0.5625
0,equal_ft_vitl,81,False,7,0.625,0.8695652173913043
0,equal_ft_vitl,82,False,8,0.8421052631578947,0.8333333333333334
0,equal_ft_vitl,83,False,8,0.8791208791208791,0.8333333333333334
0,equal_ft_vitl,84,False,8,0.782608695652174,0.75
0,equal_ft_vitl,85,False,8,0.8598130841121495,0.9583333333333334
0,equal_ft_vitl,86,False,8,0.8125,0.8125
0,equal_ft_vitl,87,False,8,0.9306930693069307,0.9791666666666666
0,equal_ft_vitl,88,False,8,0.6376811594202898,0.9166666666666666
0,equal_ft_vitl,89,False,8,0.75,1.0
0,s29_dino_b,0,False,0,0.2391304347826087,0.22916666666666666
0,s29_dino_b,1,False,0,0.5473684210526316,0.5416666666666666
0,s29_dino_b,2,False,0,0.9052631578947369,0.8958333333333334
0,s29_dino_b,3,False,0,0.8235294117647058,0.7291666666666666
0,s29_dino_b,4,True,8,0.5609756097560976,0.4791666666666667
0,s29_dino_b,5,False,1,0.75,0.717391304347826
0,s29_dino_b,6,False,1,0.4,0.3958333333333333
0,s29_dino_b,7,True,8,0.0,0.0
0,s29_dino_b,8,False,1,0.6407766990291263,0.6875
0,s29_dino_b,9,False,1,0.6391752577319587,0.6458333333333334
0,s29_dino_b,10,False,1,0.37383177570093457,0.4166666666666667
0,s29_dino_b,11,False,1,0.2616822429906542,0.2916666666666667
0,s29_dino_b,12,True,8,0.28205128205128205,0.22916666666666666
0,s29_dino_b,13,False,1,0.40816326530612246,0.4166666666666667
0,s29_dino_b,14,False,1,0.6285714285714286,0.6875
0,s29_dino_b,15,False,1,0.7865168539325843,0.7291666666666666
0,s29_dino_b,16,False,1,0.62,0.6458333333333334
0,s29_dino_b,17,False,1,0.40816326530612246,0.4166666666666667
0,s29_dino_b,18,False,1,0.48936170212765956,0.4791666666666667
0,s29_dino_b,19,False,1,0.2807017543859649,0.3333333333333333
0,s29_dino_b,20,False,2,0.45098039215686275,0.4791666666666667
0,s29_dino_b,21,False,2,0.6666666666666666,0.625
0,s29_dino_b,22,True,2,0.5633802816901409,0.4166666666666667
0,s29_dino_b,23,False,2,0.5555555555555556,0.625
0,s29_dino_b,24,False,2,0.6415094339622641,0.7083333333333334
0,s29_dino_b,25,False,2,0.4144144144144144,0.4791666666666667
0,s29_dino_b,26,False,2,0.9130434782608695,0.875
0,s29_dino_b,27,False,2,0.46938775510204084,0.4791666666666667
0,s29_dino_b,28,False,2,0.968421052631579,0.9583333333333334
0,s29_dino_b,29,False,2,0.4842105263157895,0.4791666666666667
0,s29_dino_b,30,False,2,0.21666666666666667,0.2708333333333333
0,s29_dino_b,31,False,2,0.6964285714285714,0.8125
0,s29_dino_b,32,False,2,0.5321100917431193,0.6041666666666666
0,s29_dino_b,33,False,2,0.2909090909090909,0.3333333333333333
0,s29_dino_b,34,False,3,0.39097744360902253,0.5416666666666666
0,s29_dino_b,35,False,3,0.6597938144329897,0.6666666666666666
0,s29_dino_b,36,False,3,0.6947368421052632,0.6875
0,s29_dino_b,37,False,3,0.5132743362831859,0.6041666666666666
0,s29_dino_b,38,True,3,0.0,0.0
0,s29_dino_b,39,False,3,0.4807692307692308,0.5208333333333334
0,s29_dino_b,40,False,3,0.46808510638297873,0.4583333333333333
0,s29_dino_b,41,False,3,0.26666666666666666,0.2916666666666667
0,s29_dino_b,42,False,3,0.4230769230769231,0.4583333333333333
0,s29_dino_b,43,False,4,0.46616541353383456,0.6458333333333334
0,s29_dino_b,44,False,4,0.56,0.4375
0,s29_dino_b,45,True,4,0.16393442622950818,0.10638297872340426
0,s29_dino_b,46,False,4,0.4489795918367347,0.4583333333333333
0,s29_dino_b,47,False,4,0.8041237113402062,0.8125
0,s29_dino_b,48,False,4,0.9247311827956989,0.8958333333333334
0,s29_dino_b,49,False,4,0.2653061224489796,0.2708333333333333
0,s29_dino_b,50,False,4,0.46,0.4791666666666667
0,s29_dino_b,51,False,4,0.23300970873786409,0.25
0,s29_dino_b,52,False,4,0.33093525179856115,0.4791666666666667
0,s29_dino_b,53,False,4,0.6265060240963856,0.5652173913043478
0,s29_dino_b,54,False,4,0.27848101265822783,0.22916666666666666
0,s29_dino_b,55,False,4,0.5777777777777777,0.5416666666666666
0,s29_dino_b,56,False,4,0.5217391304347826,0.5
0,s29_dino_b,57,False,5,0.5853658536585366,0.5
0,s29_dino_b,58,False,5,0.45454545454545453,0.5208333333333334
0,s29_dino_b,59,True,5,0.19444444444444445,0.14583333333333334
0,s29_dino_b,60,True,5,0.10344827586206896,0.0625
0,s29_dino_b,61,True,8,0.04878048780487805,0.041666666666666664
0,s29_dino_b,62,False,5,0.5416666666666666,0.5416666666666666
0,s29_dino_b,63,True,8,0.08791208791208792,0.08333333333333333
0,s29_dino_b,64,True,5,0.075,0.0625
0,s29_dino_b,65,True,5,0.02631578947368421,0.020833333333333332
0,s29_dino_b,66,True,5,0.03333333333333333,0.020833333333333332
0,s29_dino_b,67,False,5,0.8865979381443299,0.8958333333333334
0,s29_dino_b,68,False,5,0.967741935483871,0.9375
0,s29_dino_b,69,False,5,0.6470588235294118,0.6875
0,s29_dino_b,70,True,5,0.06451612903225806,0.041666666666666664
0,s29_dino_b,71,True,5,0.02531645569620253,0.020833333333333332
0,s29_dino_b,72,False,6,0.4915254237288136,0.6041666666666666
0,s29_dino_b,73,False,6,0.40425531914893614,0.3958333333333333
0,s29_dino_b,74,False,6,0.7755102040816326,0.7916666666666666
0,s29_dino_b,75,False,6,0.25225225225225223,0.2916666666666667
0,s29_dino_b,76,False,6,0.5252525252525253,0.5416666666666666
0,s29_dino_b,77,False,7,0.6666666666666666,0.7291666666666666
0,s29_dino_b,78,True,7,0.05555555555555555,0.041666666666666664
0,s29_dino_b,79,True,8,0.2191780821917808,0.16666666666666666
0,s29_dino_b,80,False,7,0.2184873949579832,0.2708333333333333
0,s29_dino_b,81,False,7,0.2608695652173913,0.2608695652173913
0,s29_dino_b,82,False,8,0.5333333333333333,0.5833333333333334
0,s29_dino_b,83,False,8,0.5294117647058824,0.375
0,s29_dino_b,84,False,8,0.5054945054945055,0.4791666666666667
0,s29_dino_b,85,False,8,0.6956521739130435,0.8333333333333334
0,s29_dino_b,86,False,8,0.6436781609195402,0.5833333333333334
0,s29_dino_b,87,False,8,0.7741935483870968,0.75
0,s29_dino_b,88,False,8,0.40625,0.5416666666666666
0,s29_dino_b,89,False,8,0.6821705426356589,0.9166666666666666
0,s29_dino_l,0,False,0,0.2608695652173913,0.25
0,s29_dino_l,1,False,0,0.7157894736842105,0.7083333333333334
0,s29_dino_l,2,False,0,0.9473684210526315,0.9375
0,s29_dino_l,3,False,0,0.9230769230769231,0.875
0,s29_dino_l,4,True,8,0.7317073170731707,0.625
0,s29_dino_l,5,False,1,0.7529411764705882,0.6956521739130435
0,s29_dino_l,6,False,1,0.3695652173913043,0.3541666666666667
0,s29_dino_l,7,True,8,0.0,0.0
0,s29_dino_l,8,False,1,0.6730769230769231,0.7291666666666666
0,s29_dino_l,9,False,1,0.6915887850467289,0.7708333333333334
0,s29_dino_l,10,False,1,0.3389830508474576,0.4166666666666667
0,s29_dino_l,11,False,1,0.25210084033613445,0.3125
0,s29_dino_l,12,True,8,0.4444444444444444,0.375
0,s29_dino_l,13,False,1,0.43373493975903615,0.375
0,s29_dino_l,14,False,1,0.5192307692307693,0.5625
0,s29_dino_l,15,False,1,0.7640449438202247,0.7083333333333334
0,s29_dino_l,16,False,1,0.6739130434782609,0.6458333333333334
0,s29_dino_l,17,False,1,0.5294117647058824,0.5625
0,s29_dino_l,18,False,1,0.5376344086021505,0.5208333333333334
0,s29_dino_l,19,False,1,0.4307692307692308,0.5833333333333334
0,s29_dino_l,20,False,2,0.3853211009174312,0.4375
0,s29_dino_l,21,False,2,0.7608695652173914,0.7291666666666666
0,s29_dino_l,22,True,2,0.5675675675675675,0.4375
0,s29_dino_l,23,False,2,0.5957446808510638,0.5833333333333334
0,s29_dino_l,24,False,2,0.6530612244897959,0.6666666666666666
0,s29_dino_l,25,False,2,0.2736842105263158,0.2708333333333333
0,s29_dino_l,26,False,2,0.9263157894736842,0.9166666666666666
0,s29_dino_l,27,False,2,0.4943820224719101,0.4583333333333333
0,s29_dino_l,28,False,2,0.9278350515463918,0.9375
0,s29_dino_l,29,False,2,0.42105263157894735,0.5
0,s29_dino_l,30,False,2,0.2459016393442623,0.3125
0,s29_dino_l,31,False,2,0.8037383177570093,0.8958333333333334
0,s29_dino_l,32,False,2,0.5625,0.5625
0,s29_dino_l,33,False,2,0.38461538461538464,0.4166666666666667
0,s29_dino_l,34,False,3,0.4339622641509434,0.4791666666666667
0,s29_dino_l,35,False,3,0.7422680412371134,0.75
0,s29_dino_l,36,False,3,0.7692307692307693,0.7291666666666666
0,s29_dino_l,37,False,3,0.5142857142857142,0.5625
0,s29_dino_l,38,True,3,0.0,0.0
0,s29_dino_l,39,False,3,0.5294117647058824,0.5625
0,s29_dino_l,40,False,3,0.5365853658536586,0.4583333333333333
0,s29_dino_l,41,False,3,0.1836734693877551,0.1875
0,s29_dino_l,42,False,3,0.4482758620689655,0.5416666666666666
0,s29_dino_l,43,False,4,0.5272727272727272,0.6041666666666666
0,s29_dino_l,44,False,4,0.6024096385542169,0.5208333333333334
0,s29_dino_l,45,True,4,0.16129032258064516,0.10638297872340426
0,s29_dino_l,46,False,4,0.4842105263157895,0.4791666666666667
0,s29_dino_l,47,False,4,0.8080808080808081,0.8333333333333334
0,s29_dino_l,48,False,4,0.9247311827956989,0.8958333333333334
0,s29_dino_l,49,False,4,0.18181818181818182,0.1875
0,s29_dino_l,50,False,4,0.41975308641975306,0.3541666666666667
0,s29_dino_l,51,False,4,0.1523809523809524,0.16666666666666666
0,s29_dino_l,52,False,4,0.27586206896551724,0.4166666666666667
0,s29_dino_l,53,False,4,0.6067415730337079,0.5869565217391305
0,s29_dino_l,54,False,4,0.3877551020408163,0.3958333333333333
0,s29_dino_l,55,False,4,0.574468085106383,0.5625
0,s29_dino_l,56,False,4,0.5833333333333334,0.5833333333333334
0,s29_dino_l,57,False,5,0.7126436781609196,0.6458333333333334
0,s29_dino_l,58,False,5,0.3673469387755102,0.375
0,s29_dino_l,59,True,5,0.08695652173913043,0.0625
0,s29_dino_l,60,True,5,0.1694915254237288,0.10416666666666667
0,s29_dino_l,61,True,8,0.044444444444444446,0.041666666666666664
0,s29_dino_l,62,False,5,0.5625,0.5625
0,s29_dino_l,63,True,8,0.09009009009009009,0.10416666666666667
0,s29_dino_l,64,True,5,0.07894736842105263,0.0625
0,s29_dino_l,65,True,5,0.022727272727272728,0.020833333333333332
0,s29_dino_l,66,True,5,0.0,0.0
0,s29_dino_l,67,False,5,0.8235294117647058,0.875
0,s29_dino_l,68,False,5,0.9574468085106383,0.9375
0,s29_dino_l,69,False,5,0.6966292134831461,0.6458333333333334
0,s29_dino_l,70,True,5,0.14285714285714285,0.10416666666666667
0,s29_dino_l,71,True,5,0.027777777777777776,0.020833333333333332
0,s29_dino_l,72,False,6,0.4716981132075472,0.5208333333333334
0,s29_dino_l,73,False,6,0.4423076923076923,0.4791666666666667
0,s29_dino_l,74,False,6,0.7920792079207921,0.8333333333333334
0,s29_dino_l,75,False,6,0.24778761061946902,0.2916666666666667
0,s29_dino_l,76,False,6,0.5454545454545454,0.5625
0,s29_dino_l,77,False,7,0.6730769230769231,0.7291666666666666
0,s29_dino_l,78,True,7,0.28205128205128205,0.22916666666666666
0,s29_dino_l,79,True,8,0.32432432432432434,0.25
0,s29_dino_l,80,False,7,0.22535211267605634,0.3333333333333333
0,s29_dino_l,81,False,7,0.3448275862068966,0.32608695652173914
0,s29_dino_l,82,False,8,0.5094339622641509,0.5625
0,s29_dino_l,83,False,8,0.3448275862068966,0.20833333333333334
0,s29_dino_l,84,False,8,0.5517241379310345,0.5
0,s29_dino_l,85,False,8,0.7238095238095238,0.7916666666666666
0,s29_dino_l,86,False,8,0.5777777777777777,0.5416666666666666
0,s29_dino_l,87,False,8,0.7254901960784313,0.7708333333333334
0,s29_dino_l,88,False,8,0.46153846153846156,0.5625
0,s29_dino_l,89,False,8,0.746031746031746,0.9791666666666666
1,hsi_tta,0,False,0,0.25165562913907286,0.3958333333333333
1,hsi_tta,1,False,0,0.7663551401869159,0.8541666666666666
1,hsi_tta,2,False,0,0.7555555555555555,0.7083333333333334
1,hsi_tta,3,False,0,0.8141592920353983,0.9583333333333334
1,hsi_tta,4,True,0,0.47619047619047616,0.4166666666666667
1,hsi_tta,5,False,1,0.9213483146067416,0.9111111111111111
1,hsi_tta,6,False,1,0.6111111111111112,0.4583333333333333
1,hsi_tta,7,True,1,0.0,0.0
1,hsi_tta,8,False,1,0.7191011235955056,0.6666666666666666
1,hsi_tta,9,False,1,0.7865168539325843,0.7291666666666666
1,hsi_tta,10,False,1,0.23076923076923078,0.1875
1,hsi_tta,11,False,1,0.25806451612903225,0.16666666666666666
1,hsi_tta,12,True,1,0.0,0.0
1,hsi_tta,13,False,1,0.7407407407407407,0.8333333333333334
1,hsi_tta,14,False,1,0.6888888888888889,0.6595744680851063
1,hsi_tta,15,False,1,0.7317073170731707,0.9375
1,hsi_tta,16,False,1,0.7326732673267327,0.7708333333333334
1,hsi_tta,17,False,1,0.5132743362831859,0.6041666666666666
1,hsi_tta,18,False,1,0.6075949367088608,0.5
1,hsi_tta,19,False,1,0.4943820224719101,0.4583333333333333
1,hsi_tta,20,False,2,0.594059405940594,0.625
1,hsi_tta,21,False,2,0.7321428571428571,0.8541666666666666
1,hsi_tta,22,True,8,0.5526315789473685,0.4666666666666667
1,hsi_tta,23,False,2,0.6851851851851852,0.7708333333333334
1,hsi_tta,24,False,2,0.7032967032967034,0.6666666666666666
1,hsi_tta,25,False,2,0.43956043956043955,0.4166666666666667
1,hsi_tta,26,False,2,0.96,1.0
1,hsi_tta,27,False,2,0.46511627906976744,0.625
1,hsi_tta,28,False,2,0.9787234042553191,0.9583333333333334
1,hsi_tta,29,False,2,0.8288288288288288,0.9583333333333334
1,hsi_tta,30,False,2,0.2962962962962963,0.3333333333333333
1,hsi_tta,31,False,2,0.9019607843137255,0.9583333333333334
1,hsi_tta,32,False,2,0.6904761904761905,0.6041666666666666
1,hsi_tta,33,False,2,0.5161290322580645,0.5
1,hsi_tta,34,False,3,0.5309734513274337,0.625
1,hsi_tta,35,False,3,0.8842105263157894,0.875
1,hsi_tta,36,False,3,0.7706422018348624,0.875
1,hsi_tta,37,False,3,0.3013698630136986,0.22916666666666666
1,hsi_tta,38,True,8,0.0,0.0
1,hsi_tta,39,False,3,0.5591397849462365,0.5416666666666666
1,hsi_tta,40,False,3,0.6796116504854369,0.7291666666666666
1,hsi_tta,41,False,3,0.43478260869565216,0.4166666666666667
1,hsi_tta,42,False,3,0.4897959183673469,0.5
1,hsi_tta,43,False,4,0.175,0.14583333333333334
1,hsi_tta,44,False,4,0.5869565217391305,0.5625
1,hsi_tta,45,True,8,0.020833333333333332,0.020833333333333332
1,hsi_tta,46,False,4,0.4225352112676056,0.3125
1,hsi_tta,47,False,4,0.7311827956989247,0.7083333333333334
1,hsi_tta,48,False,4,0.8952380952380953,0.9791666666666666
1,hsi_tta,49,False,4,0.18867924528301888,0.20833333333333334
1,hsi_tta,50,False,4,0.9484536082474226,0.9583333333333334
1,hsi_tta,51,False,4,0.09615384615384616,0.10416666666666667
1,hsi_tta,52,False,4,0.06779661016949153,0.041666666666666664
1,hsi_tta,53,False,4,0.8817204301075269,0.8541666666666666
1,hsi_tta,54,False,4,0.6292134831460674,0.5833333333333334
1,hsi_tta,55,False,4,0.5777777777777777,0.5416666666666666
1,hsi_tta,56,False,4,0.594059405940594,0.625
1,hsi_tta,57,False,5,0.8314606741573034,0.8043478260869565
1,hsi_tta,58,False,5,0.7126436781609196,0.6458333333333334
1,hsi_tta,59,True,8,0.2564102564102564,0.20833333333333334
1,hsi_tta,60,True,8,0.7368421052631579,0.7291666666666666
1,hsi_tta,61,True,5,0.12844036697247707,0.14583333333333334
1,hsi_tta,62,False,5,0.7722772277227723,0.8125
1,hsi_tta,63,True,5,0.1553398058252427,0.16666666666666666
1,hsi_tta,64,True,8,0.5242718446601942,0.5625
1,hsi_tta,65,True,8,0.35,0.2916666666666667
1,hsi_tta,66,True,8,0.06779661016949153,0.041666666666666664
1,hsi_tta,67,False,5,0.8073394495412844,0.9166666666666666
1,hsi_tta,68,False,5,0.8653846153846154,0.9375
1,hsi_tta,69,False,5,0.43478260869565216,0.4166666666666667
1,hsi_tta,70,True,8,0.1917808219178082,0.14583333333333334
1,hsi_tta,71,True,8,0.1927710843373494,0.16666666666666666
1,hsi_tta,72,False,6,0.7722772277227723,0.8125
1,hsi_tta,73,False,6,0.35,0.2916666666666667
1,hsi_tta,74,False,6,0.7543859649122807,0.8958333333333334
1,hsi_tta,75,False,6,0.8,0.9166666666666666
1,hsi_tta,76,False,6,0.7835051546391752,0.7916666666666666
1,hsi_tta,77,False,7,0.7288135593220338,0.8958333333333334
1,hsi_tta,78,True,8,0.8932038834951457,0.9583333333333334
1,hsi_tta,79,True,7,0.0,0.0
1,hsi_tta,80,False,7,0.42990654205607476,0.4791666666666667
1,hsi_tta,81,False,7,0.43564356435643564,0.4583333333333333
1,hsi_tta,82,False,8,0.7450980392156863,0.7916666666666666
1,hsi_tta,83,False,8,0.6902654867256637,0.8125
1,hsi_tta,84,False,8,0.5736434108527132,0.7708333333333334
1,hsi_tta,85,False,8,0.9263157894736842,0.9166666666666666
1,hsi_tta,86,False,8,0.5238095238095238,0.6875
1,hsi_tta,87,False,8,0.696969696969697,0.9583333333333334
1,hsi_tta,88,False,8,0.509090909090909,0.5833333333333334
1,hsi_tta,89,False,8,0.8636363636363636,0.7916666666666666
1,frozen_ref,0,False,0,0.16161616161616163,0.16666666666666666
1,frozen_ref,1,False,0,0.6923076923076923,0.75
1,frozen_ref,2,False,0,0.8666666666666667,0.8125
1,frozen_ref,3,False,0,0.7735849056603774,0.8541666666666666
1,frozen_ref,4,True,0,0.5333333333333333,0.4166666666666667
1,frozen_ref,5,False,1,0.7857142857142857,0.7333333333333333
1,frozen_ref,6,False,1,0.3157894736842105,0.3125
1,frozen_ref,7,True,1,0.0,0.0
1,frozen_ref,8,False,1,0.7659574468085106,0.75
1,frozen_ref,9,False,1,0.5714285714285714,0.625
1,frozen_ref,10,False,1,0.42424242424242425,0.4375
1,frozen_ref,11,False,1,0.2905982905982906,0.3541666666666667
1,frozen_ref,12,True,1,0.11428571428571428,0.08333333333333333
1,frozen_ref,13,False,1,0.5192307692307693,0.5625
1,frozen_ref,14,False,1,0.5882352941176471,0.5319148936170213
1,frozen_ref,15,False,1,0.6554621848739496,0.8125
1,frozen_ref,16,False,1,0.6593406593406593,0.625
1,frozen_ref,17,False,1,0.49019607843137253,0.5208333333333334
1,frozen_ref,18,False,1,0.6236559139784946,0.6041666666666666
1,frozen_ref,19,False,1,0.45977011494252873,0.4166666666666667
1,frozen_ref,20,False,2,0.42424242424242425,0.4375
1,frozen_ref,21,False,2,0.6086956521739131,0.5833333333333334
1,frozen_ref,22,True,8,0.6829268292682927,0.6222222222222222
1,frozen_ref,23,False,2,0.6542056074766355,0.7291666666666666
1,frozen_ref,24,False,2,0.7676767676767676,0.7916666666666666
1,frozen_ref,25,False,2,0.4090909090909091,0.375
1,frozen_ref,26,False,2,0.9052631578947369,0.8958333333333334
1,frozen_ref,27,False,2,0.4166666666666667,0.4166666666666667
1,frozen_ref,28,False,2,0.9052631578947369,0.8958333333333334
1,frozen_ref,29,False,2,0.54,0.5625
1,frozen_ref,30,False,2,0.16091954022988506,0.14583333333333334
1,frozen_ref,31,False,2,0.8260869565217391,0.7916666666666666
1,frozen_ref,32,False,2,0.5909090909090909,0.5416666666666666
1,frozen_ref,33,False,2,0.39622641509433965,0.4375
1,frozen_ref,34,False,3,0.32653061224489793,0.3333333333333333
1,frozen_ref,35,False,3,0.7032967032967034,0.6666666666666666
1,frozen_ref,36,False,3,0.7659574468085106,0.75
1,frozen_ref,37,False,3,0.5054945054945055,0.4791666666666667
1,frozen_ref,38,True,8,0.0,0.0
1,frozen_ref,39,False,3,0.5116279069767442,0.4583333333333333
1,frozen_ref,40,False,3,0.5,0.5833333333333334
1,frozen_ref,41,False,3,0.22857142857142856,0.25
1,frozen_ref,42,False,3,0.4791666666666667,0.4791666666666667
1,frozen_ref,43,False,4,0.64,0.6666666666666666
1,frozen_ref,44,False,4,0.7216494845360825,0.7291666666666666
1,frozen_ref,45,True,8,0.4057971014492754,0.2916666666666667
1,frozen_ref,46,False,4,0.5416666666666666,0.5416666666666666
1,frozen_ref,47,False,4,0.8080808080808081,0.8333333333333334
1,frozen_ref,48,False,4,0.9,0.9375
1,frozen_ref,49,False,4,0.19047619047619047,0.25
1,frozen_ref,50,False,4,0.6078431372549019,0.6458333333333334
1,frozen_ref,51,False,4,0.2222222222222222,0.25
1,frozen_ref,52,False,4,0.20224719101123595,0.1875
1,frozen_ref,53,False,4,0.6153846153846154,0.5833333333333334
1,frozen_ref,54,False,4,0.6078431372549019,0.6458333333333334
1,frozen_ref,55,False,4,0.5737704918032787,0.7291666666666666
1,frozen_ref,56,False,4,0.594059405940594,0.625
1,frozen_ref,57,False,5,0.6136363636363636,0.5869565217391305
1,frozen_ref,58,False,5,0.5,0.5416666666666666
1,frozen_ref,59,True,8,0.3055555555555556,0.22916666666666666
1,frozen_ref,60,True,8,0.48717948717948717,0.3958333333333333
1,frozen_ref,61,True,5,0.0,0.0
1,frozen_ref,62,False,5,0.6666666666666666,0.625
1,frozen_ref,63,True,5,0.0,0.0
1,frozen_ref,64,True,8,0.2,0.1875
1,frozen_ref,65,True,8,0.18604651162790697,0.16666666666666666
1,frozen_ref,66,True,8,0.2736842105263158,0.2708333333333333
1,frozen_ref,67,False,5,0.8571428571428571,0.8125
1,frozen_ref,68,False,5,0.9130434782608695,0.875
1,frozen_ref,69,False,5,0.7555555555555555,0.7083333333333334
1,frozen_ref,70,True,8,0.3409090909090909,0.3125
1,frozen_ref,71,True,8,0.058823529411764705,0.041666666666666664
1,frozen_ref,72,False,6,0.5252525252525253,0.5416666666666666
1,frozen_ref,73,False,6,0.41379310344827586,0.375
1,frozen_ref,74,False,6,0.7547169811320755,0.8333333333333334
1,frozen_ref,75,False,6,0.2857142857142857,0.2916666666666667
1,frozen_ref,76,False,6,0.7021276595744681,0.6875
1,frozen_ref,77,False,7,0.6,0.5625
1,frozen_ref,78,True,8,0.3888888888888889,0.2916666666666667
1,frozen_ref,79,True,7,0.16216216216216217,0.125
1,frozen_ref,80,False,7,0.21153846153846154,0.22916666666666666
1,frozen_ref,81,False,7,0.36363636363636365,0.3333333333333333
1,frozen_ref,82,False,8,0.5192307692307693,0.5625
1,frozen_ref,83,False,8,0.7111111111111111,0.6666666666666666
1,frozen_ref,84,False,8,0.37735849056603776,0.4166666666666667
1,frozen_ref,85,False,8,0.6746987951807228,0.5833333333333334
1,frozen_ref,86,False,8,0.5151515151515151,0.7083333333333334
1,frozen_ref,87,False,8,0.6379310344827587,0.7708333333333334
1,frozen_ref,88,False,8,0.40718562874251496,0.7083333333333334
1,frozen_ref,89,False,8,0.8539325842696629,0.7916666666666666
1,equal_frozen_ref,0,False,0,0.2517482517482518,0.375
1,equal_frozen_ref,1,False,0,0.8846153846153846,0.9583333333333334
1,equal_frozen_ref,2,False,0,0.9072164948453608,0.9166666666666666
1,equal_frozen_ref,3,False,0,0.8148148148148148,0.9166666666666666
1,equal_frozen_ref,4,True,0,0.5454545454545454,0.4375
1,equal_frozen_ref,5,False,1,0.9213483146067416,0.9111111111111111
1,equal_frozen_ref,6,False,1,0.5526315789473685,0.4375
1,equal_frozen_ref,7,True,1,0.0,0.0
1,equal_frozen_ref,8,False,1,0.9032258064516129,0.875
1,equal_frozen_ref,9,False,1,0.7920792079207921,0.8333333333333334
1,equal_frozen_ref,10,False,1,0.4418604651162791,0.3958333333333333
1,equal_frozen_ref,11,False,1,0.45714285714285713,0.3333333333333333
1,equal_frozen_ref,12,True,1,0.06896551724137931,0.041666666666666664
1,equal_frozen_ref,13,False,1,0.7326732673267327,0.7708333333333334
1,equal_frozen_ref,14,False,1,0.7777777777777778,0.7446808510638298
1,equal_frozen_ref,15,False,1,0.6825396825396826,0.8958333333333334
1,equal_frozen_ref,16,False,1,0.7291666666666666,0.7291666666666666
1,equal_frozen_ref,17,False,1,0.584070796460177,0.6875
1,equal_frozen_ref,18,False,1,0.6896551724137931,0.625
1,equal_frozen_ref,19,False,1,0.5783132530120482,0.5
1,equal_frozen_ref,20,False,2,0.6476190476190476,0.7083333333333334
1,equal_frozen_ref,21,False,2,0.7850467289719626,0.875
1,equal_frozen_ref,22,True,8,0.6506024096385542,0.6
1,equal_frozen_ref,23,False,2,0.7619047619047619,0.8333333333333334
1,equal_frozen_ref,24,False,2,0.8155339805825242,0.875
1,equal_frozen_ref,25,False,2,0.4835164835164835,0.4583333333333333
1,equal_frozen_ref,26,False,2,0.9504950495049505,1.0
1,equal_frozen_ref,27,False,2,0.5645161290322581,0.7291666666666666
1,equal_frozen_ref,28,False,2,0.9484536082474226,0.9583333333333334
1,equal_frozen_ref,29,False,2,0.76,0.7916666666666666
1,equal_frozen_ref,30,False,2,0.30612244897959184,0.3125
1,equal_frozen_ref,31,False,2,0.9108910891089109,0.9583333333333334
1,equal_frozen_ref,32,False,2,0.7816091954022989,0.7083333333333334
1,equal_frozen_ref,33,False,2,0.6122448979591837,0.625
1,equal_frozen_ref,34,False,3,0.5660377358490566,0.625
1,equal_frozen_ref,35,False,3,0.9072164948453608,0.9166666666666666
1,equal_frozen_ref,36,False,3,0.8888888888888888,0.9166666666666666
1,equal_frozen_ref,37,False,3,0.55,0.4583333333333333
1,equal_frozen_ref,38,True,8,0.0,0.0
1,equal_frozen_ref,39,False,3,0.6593406593406593,0.625
1,equal_frozen_ref,40,False,3,0.6949152542372882,0.8541666666666666
1,equal_frozen_ref,41,False,3,0.4,0.3541666666666667
1,equal_frozen_ref,42,False,3,0.5684210526315789,0.5625
1,equal_frozen_ref,43,False,4,0.4827586206896552,0.4375
1,equal_frozen_ref,44,False,4,0.7708333333333334,0.7708333333333334
1,equal_frozen_ref,45,True,8,0.18181818181818182,0.16666666666666666
1,equal_frozen_ref,46,False,4,0.5925925925925926,0.5
1,equal_frozen_ref,47,False,4,0.8351648351648352,0.7916666666666666
1,equal_frozen_ref,48,False,4,0.9494949494949495,0.9791666666666666
1,equal_frozen_ref,49,False,4,0.21568627450980393,0.22916666666666666
1,equal_frozen_ref,50,False,4,0.8737864077669902,0.9375
1,equal_frozen_ref,51,False,4,0.17543859649122806,0.20833333333333334
1,equal_frozen_ref,52,False,4,0.09836065573770492,0.0625
1,equal_frozen_ref,53,False,4,0.8936170212765957,0.875
1,equal_frozen_ref,54,False,4,0.7692307692307693,0.7291666666666666
1,equal_frozen_ref,55,False,4,0.6730769230769231,0.7291666666666666
1,equal_frozen_ref,56,False,4,0.6346153846153846,0.6875
1,equal_frozen_ref,57,False,5,0.8085106382978723,0.8260869565217391
1,equal_frozen_ref,58,False,5,0.7727272727272727,0.7083333333333334
1,equal_frozen_ref,59,True,8,0.3380281690140845,0.25
1,equal_frozen_ref,60,True,8,0.7741935483870968,0.75
1,equal_frozen_ref,61,True,5,0.09900990099009901,0.10416666666666667
1,equal_frozen_ref,62,False,5,0.8421052631578947,0.8333333333333334
1,equal_frozen_ref,63,True,5,0.08196721311475409,0.10416666666666667
1,equal_frozen_ref,64,True,8,0.5,0.5416666666666666
1,equal_frozen_ref,65,True,8,0.2222222222222222,0.16666666666666666
1,equal_frozen_ref,66,True,8,0.18181818181818182,0.125
1,equal_frozen_ref,67,False,5,0.9183673469387755,0.9375
1,equal_frozen_ref,68,False,5,0.9090909090909091,0.9375
1,equal_frozen_ref,69,False,5,0.7070707070707071,0.7291666666666666
1,equal_frozen_ref,70,True,8,0.3466666666666667,0.2708333333333333
1,equal_frozen_ref,71,True,8,0.057971014492753624,0.041666666666666664
1,equal_frozen_ref,72,False,6,0.74,0.7708333333333334
1,equal_frozen_ref,73,False,6,0.43037974683544306,0.3541666666666667
1,equal_frozen_ref,74,False,6,0.8035714285714286,0.9375
1,equal_frozen_ref,75,False,6,0.8737864077669902,0.9375
1,equal_frozen_ref,76,False,6,0.851063829787234,0.8333333333333334
1,equal_frozen_ref,77,False,7,0.7850467289719626,0.875
1,equal_frozen_ref,78,True,8,0.75,0.6875
1,equal_frozen_ref,79,True,7,0.14705882352941177,0.10416666666666667
1,equal_frozen_ref,80,False,7,0.46938775510204084,0.4791666666666667
1,equal_frozen_ref,81,False,7,0.5617977528089888,0.5208333333333334
1,equal_frozen_ref,82,False,8,0.7547169811320755,0.8333333333333334
1,equal_frozen_ref,83,False,8,0.84,0.875
1,equal_frozen_ref,84,False,8,0.6554621848739496,0.8125
1,equal_frozen_ref,85,False,8,0.8936170212765957,0.875
1,equal_frozen_ref,86,False,8,0.5873015873015873,0.7708333333333334
1,equal_frozen_ref,87,False,8,0.7014925373134329,0.9791666666666666
1,equal_frozen_ref,88,False,8,0.46808510638297873,0.6875
1,equal_frozen_ref,89,False,8,0.9010989010989011,0.8541666666666666
1,ft_vitb_id,0,False,0,0.3877551020408163,0.3958333333333333
1,ft_vitb_id,1,False,0,0.9,0.9375
1,ft_vitb_id,2,False,0,0.9361702127659575,0.9166666666666666
1,ft_vitb_id,3,False,0,0.9215686274509803,0.9791666666666666
1,ft_vitb_id,4,True,0,0.8314606741573034,0.7708333333333334
1,ft_vitb_id,5,False,1,0.8735632183908046,0.8444444444444444
1,ft_vitb_id,6,False,1,0.5376344086021505,0.5208333333333334
1,ft_vitb_id,7,True,1,0.07058823529411765,0.0625
1,ft_vitb_id,8,False,1,0.9183673469387755,0.9375
1,ft_vitb_id,9,False,1,0.8539325842696629,0.7916666666666666
1,ft_vitb_id,10,False,1,0.6017699115044248,0.7083333333333334
1,ft_vitb_id,11,False,1,0.6,0.625
1,ft_vitb_id,12,True,1,0.4931506849315068,0.375
1,ft_vitb_id,13,False,1,0.7047619047619048,0.7708333333333334
1,ft_vitb_id,14,False,1,0.9010989010989011,0.8723404255319149
1,ft_vitb_id,15,False,1,0.7704918032786885,0.9791666666666666
1,ft_vitb_id,16,False,1,0.8349514563106796,0.8958333333333334
1,ft_vitb_id,17,False,1,0.7238095238095238,0.7916666666666666
1,ft_vitb_id,18,False,1,0.7446808510638298,0.7291666666666666
1,ft_vitb_id,19,False,1,0.594059405940594,0.625
1,ft_vitb_id,20,False,2,0.6593406593406593,0.625
1,ft_vitb_id,21,False,2,0.7586206896551724,0.6875
1,ft_vitb_id,22,True,8,0.6075949367088608,0.5333333333333333
1,ft_vitb_id,23,False,2,0.86,0.8958333333333334
1,ft_vitb_id,24,False,2,0.8316831683168316,0.875
1,ft_vitb_id,25,False,2,0.6666666666666666,0.6875
1,ft_vitb_id,26,False,2,0.9583333333333334,0.9583333333333334
1,ft_vitb_id,27,False,2,0.5490196078431373,0.5833333333333334
1,ft_vitb_id,28,False,2,0.9574468085106383,0.9375
1,ft_vitb_id,29,False,2,0.7291666666666666,0.7291666666666666
1,ft_vitb_id,30,False,2,0.3958333333333333,0.3958333333333333
1,ft_vitb_id,31,False,2,0.8958333333333334,0.8958333333333334
1,ft_vitb_id,32,False,2,0.735632183908046,0.6666666666666666
1,ft_vitb_id,33,False,2,0.6458333333333334,0.6458333333333334
1,ft_vitb_id,34,False,3,0.4888888888888889,0.4583333333333333
1,ft_vitb_id,35,False,3,0.8936170212765957,0.875
1,ft_vitb_id,36,False,3,0.8842105263157894,0.875
1,ft_vitb_id,37,False,3,0.7083333333333334,0.7083333333333334
1,ft_vitb_id,38,True,8,0.0,0.0
1,ft_vitb_id,39,False,3,0.6595744680851063,0.6458333333333334
1,ft_vitb_id,40,False,3,0.6349206349206349,0.8333333333333334
1,ft_vitb_id,41,False,3,0.32432432432432434,0.375
1,ft_vitb_id,42,False,3,0.6138613861386139,0.6458333333333334
1,ft_vitb_id,43,False,4,0.7128712871287128,0.75
1,ft_vitb_id,44,False,4,0.96,1.0
1,ft_vitb_id,45,True,8,0.525,0.4375
1,ft_vitb_id,46,False,4,0.7865168539325843,0.7291666666666666
1,ft_vitb_id,47,False,4,0.8602150537634409,0.8333333333333334
1,ft_vitb_id,48,False,4,0.9411764705882353,1.0
1,ft_vitb_id,49,False,4,0.24,0.25
1,ft_vitb_id,50,False,4,0.7920792079207921,0.8333333333333334
1,ft_vitb_id,51,False,4,0.3225806451612903,0.3125
1,ft_vitb_id,52,False,4,0.3132530120481928,0.2708333333333333
1,ft_vitb_id,53,False,4,0.8631578947368421,0.8541666666666666
1,ft_vitb_id,54,False,4,0.6666666666666666,0.6666666666666666
1,ft_vitb_id,55,False,4,0.7368421052631579,0.875
1,ft_vitb_id,56,False,4,0.7526881720430108,0.7291666666666666
1,ft_vitb_id,57,False,5,0.8409090909090909,0.8043478260869565
1,ft_vitb_id,58,False,5,0.6972477064220184,0.7916666666666666
1,ft_vitb_id,59,True,8,0.4788732394366197,0.3541666666666667
1,ft_vitb_id,60,True,8,0.4788732394366197,0.3541666666666667
1,ft_vitb_id,61,True,5,0.0,0.0
1,ft_vitb_id,62,False,5,0.8,0.8333333333333334
1,ft_vitb_id,63,True,5,0.05925925925925926,0.08333333333333333
1,ft_vitb_id,64,True,8,0.6,0.5
1,ft_vitb_id,65,True,8,0.3291139240506329,0.2708333333333333
1,ft_vitb_id,66,True,8,0.06060606060606061,0.041666666666666664
1,ft_vitb_id,67,False,5,0.8679245283018868,0.9583333333333334
1,ft_vitb_id,68,False,5,0.9894736842105263,0.9791666666666666
1,ft_vitb_id,69,False,5,0.8113207547169812,0.8958333333333334
1,ft_vitb_id,70,True,8,0.4146341463414634,0.3541666666666667
1,ft_vitb_id,71,True,8,0.19672131147540983,0.125
1,ft_vitb_id,72,False,6,0.6947368421052632,0.6875
1,ft_vitb_id,73,False,6,0.5042016806722689,0.625
1,ft_vitb_id,74,False,6,0.9052631578947369,0.8958333333333334
1,ft_vitb_id,75,False,6,0.5773195876288659,0.5833333333333334
1,ft_vitb_id,76,False,6,0.7920792079207921,0.8333333333333334
1,ft_vitb_id,77,False,7,0.8247422680412371,0.8333333333333334
1,ft_vitb_id,78,True,8,0.5675675675675675,0.4375
1,ft_vitb_id,79,True,7,0.3116883116883117,0.25
1,ft_vitb_id,80,False,7,0.42718446601941745,0.4583333333333333
1,ft_vitb_id,81,False,7,0.5376344086021505,0.5208333333333334
1,ft_vitb_id,82,False,8,0.6846846846846847,0.7916666666666666
1,ft_vitb_id,83,False,8,0.9292929292929293,0.9583333333333334
1,ft_vitb_id,84,False,8,0.5918367346938775,0.6041666666666666
1,ft_vitb_id,85,False,8,0.8817204301075269,0.8541666666666666
1,ft_vitb_id,86,False,8,0.7692307692307693,0.9375
1,ft_vitb_id,87,False,8,0.8543689320388349,0.9166666666666666
1,ft_vitb_id,88,False,8,0.5441176470588235,0.7708333333333334
1,ft_vitb_id,89,False,8,0.9583333333333334,0.9583333333333334
1,ft_vitb_tta,0,False,0,0.41237113402061853,0.4166666666666667
1,ft_vitb_tta,1,False,0,0.8888888888888888,0.9166666666666666
1,ft_vitb_tta,2,False,0,0.9574468085106383,0.9375
1,ft_vitb_tta,3,False,0,0.94,0.9791666666666666
1,ft_vitb_tta,4,True,0,0.8131868131868132,0.7708333333333334
1,ft_vitb_tta,5,False,1,0.8863636363636364,0.8666666666666667
1,ft_vitb_tta,6,False,1,0.5934065934065934,0.5625
1,ft_vitb_tta,7,True,1,0.06818181818181818,0.0625
1,ft_vitb_tta,8,False,1,0.9183673469387755,0.9375
1,ft_vitb_tta,9,False,1,0.8505747126436781,0.7708333333333334
1,ft_vitb_tta,10,False,1,0.6055045871559633,0.6875
1,ft_vitb_tta,11,False,1,0.6262626262626263,0.6458333333333334
1,ft_vitb_tta,12,True,1,0.5,0.375
1,ft_vitb_tta,13,False,1,0.7428571428571429,0.8125
1,ft_vitb_tta,14,False,1,0.8842105263157894,0.8936170212765957
1,ft_vitb_tta,15,False,1,0.7868852459016393,1.0
1,ft_vitb_tta,16,False,1,0.8269230769230769,0.8958333333333334
1,ft_vitb_tta,17,False,1,0.7169811320754716,0.7916666666666666
1,ft_vitb_tta,18,False,1,0.8085106382978723,0.7916666666666666
1,ft_vitb_tta,19,False,1,0.574468085106383,0.5625
1,ft_vitb_tta,20,False,2,0.6875,0.6875
1,ft_vitb_tta,21,False,2,0.7865168539325843,0.7291666666666666
1,ft_vitb_tta,22,True,8,0.6410256410256411,0.5555555555555556
1,ft_vitb_tta,23,False,2,0.8627450980392157,0.9166666666666666
1,ft_vitb_tta,24,False,2,0.8627450980392157,0.9166666666666666
1,ft_vitb_tta,25,False,2,0.6534653465346535,0.6875
1,ft_vitb_tta,26,False,2,0.968421052631579,0.9583333333333334
1,ft_vitb_tta,27,False,2,0.594059405940594,0.625
1,ft_vitb_tta,28,False,2,0.9787234042553191,0.9583333333333334
1,ft_vitb_tta,29,False,2,0.7551020408163265,0.7708333333333334
1,ft_vitb_tta,30,False,2,0.45977011494252873,0.4166666666666667
1,ft_vitb_tta,31,False,2,0.9052631578947369,0.8958333333333334
1,ft_vitb_tta,32,False,2,0.7045454545454546,0.6458333333333334
1,ft_vitb_tta,33,False,2,0.7010309278350515,0.7083333333333334
1,ft_vitb_tta,34,False,3,0.5106382978723404,0.5
1,ft_vitb_tta,35,False,3,0.9052631578947369,0.8958333333333334
1,ft_vitb_tta,36,False,3,0.8842105263157894,0.875
1,ft_vitb_tta,37,False,3,0.7142857142857143,0.7291666666666666
1,ft_vitb_tta,38,True,8,0.0,0.0
1,ft_vitb_tta,39,False,3,0.7010309278350515,0.7083333333333334
1,ft_vitb_tta,40,False,3,0.6349206349206349,0.8333333333333334
1,ft_vitb_tta,41,False,3,0.34782608695652173,0.4166666666666667
1,ft_vitb_tta,42,False,3,0.6526315789473685,0.6458333333333334
1,ft_vitb_tta,43,False,4,0.7254901960784313,0.7708333333333334
1,ft_vitb_tta,44,False,4,0.9591836734693877,0.9791666666666666
1,ft_vitb_tta,45,True,8,0.5185185185185185,0.4375
1,ft_vitb_tta,46,False,4,0.7608695652173914,0.7291666666666666
1,ft_vitb_tta,47,False,4,0.8723404255319149,0.8541666666666666
1,ft_vitb_tta,48,False,4,0.9504950495049505,1.0
1,ft_vitb_tta,49,False,4,0.19047619047619047,0.20833333333333334
1,ft_vitb_tta,50,False,4,0.8514851485148515,0.8958333333333334
1,ft_vitb_tta,51,False,4,0.3191489361702128,0.3125
1,ft_vitb_tta,52,False,4,0.3076923076923077,0.2916666666666667
1,ft_vitb_tta,53,False,4,0.8775510204081632,0.8958333333333334
1,ft_vitb_tta,54,False,4,0.7111111111111111,0.6666666666666666
1,ft_vitb_tta,55,False,4,0.7521367521367521,0.9166666666666666
1,ft_vitb_tta,56,False,4,0.8444444444444444,0.7916666666666666
1,ft_vitb_tta,57,False,5,0.8095238095238095,0.7391304347826086
1,ft_vitb_tta,58,False,5,0.6964285714285714,0.8125
1,ft_vitb_tta,59,True,8,0.5070422535211268,0.375
1,ft_vitb_tta,60,True,8,0.5352112676056338,0.3958333333333333
1,ft_vitb_tta,61,True,5,0.0,0.0
1,ft_vitb_tta,62,False,5,0.8316831683168316,0.875
1,ft_vitb_tta,63,True,5,0.058823529411764705,0.08333333333333333
1,ft_vitb_tta,64,True,8,0.6024096385542169,0.5208333333333334
1,ft_vitb_tta,65,True,8,0.325,0.2708333333333333
1,ft_vitb_tta,66,True,8,0.0625,0.041666666666666664
1,ft_vitb_tta,67,False,5,0.8761904761904762,0.9583333333333334
1,ft_vitb_tta,68,False,5,0.9894736842105263,0.9791666666666666
1,ft_vitb_tta,69,False,5,0.8269230769230769,0.8958333333333334
1,ft_vitb_tta,70,True,8,0.4878048780487805,0.4166666666666667
1,ft_vitb_tta,71,True,8,0.2727272727272727,0.1875
1,ft_vitb_tta,72,False,6,0.6956521739130435,0.6666666666666666
1,ft_vitb_tta,73,False,6,0.5504587155963303,0.625
1,ft_vitb_tta,74,False,6,0.9166666666666666,0.9166666666666666
1,ft_vitb_tta,75,False,6,0.5918367346938775,0.6041666666666666
1,ft_vitb_tta,76,False,6,0.8076923076923077,0.875
1,ft_vitb_tta,77,False,7,0.8333333333333334,0.8333333333333334
1,ft_vitb_tta,78,True,8,0.5675675675675675,0.4375
1,ft_vitb_tta,79,True,7,0.2972972972972973,0.22916666666666666
1,ft_vitb_tta,80,False,7,0.3877551020408163,0.3958333333333333
1,ft_vitb_tta,81,False,7,0.5161290322580645,0.5
1,ft_vitb_tta,82,False,8,0.7289719626168224,0.8125
1,ft_vitb_tta,83,False,8,0.9090909090909091,0.9375
1,ft_vitb_tta,84,False,8,0.6530612244897959,0.6666666666666666
1,ft_vitb_tta,85,False,8,0.9130434782608695,0.875
1,ft_vitb_tta,86,False,8,0.7377049180327869,0.9375
1,ft_vitb_tta,87,False,8,0.8712871287128713,0.9166666666666666
1,ft_vitb_tta,88,False,8,0.5401459854014599,0.7708333333333334
1,ft_vitb_tta,89,False,8,0.9375,0.9375
1,equal_ft_vitb,0,False,0,0.31496062992125984,0.4166666666666667
1,equal_ft_vitb,1,False,0,0.9,0.9375
1,equal_ft_vitb,2,False,0,0.9574468085106383,0.9375
1,equal_ft_vitb,3,False,0,0.9019607843137255,0.9583333333333334
1,equal_ft_vitb,4,True,0,0.7555555555555555,0.7083333333333334
1,equal_ft_vitb,5,False,1,0.9425287356321839,0.9111111111111111
1,equal_ft_vitb,6,False,1,0.7446808510638298,0.7291666666666666
1,equal_ft_vitb,7,True,1,0.05263157894736842,0.041666666666666664
1,equal_ft_vitb,8,False,1,0.9183673469387755,0.9375
1,equal_ft_vitb,9,False,1,0.898876404494382,0.8333333333333334
1,equal_ft_vitb,10,False,1,0.6336633663366337,0.6666666666666666
1,equal_ft_vitb,11,False,1,0.6097560975609756,0.5208333333333334
1,equal_ft_vitb,12,True,1,0.36666666666666664,0.22916666666666666
1,equal_ft_vitb,13,False,1,0.7777777777777778,0.875
1,equal_ft_vitb,14,False,1,0.9130434782608695,0.8936170212765957
1,equal_ft_vitb,15,False,1,0.7868852459016393,1.0
1,equal_ft_vitb,16,False,1,0.8571428571428571,0.875
1,equal_ft_vitb,17,False,1,0.7962962962962963,0.8958333333333334
1,equal_ft_vitb,18,False,1,0.8571428571428571,0.8125
1,equal_ft_vitb,19,False,1,0.7032967032967034,0.6666666666666666
1,equal_ft_vitb,20,False,2,0.7422680412371134,0.75
1,equal_ft_vitb,21,False,2,0.8602150537634409,0.8333333333333334
1,equal_ft_vitb,22,True,8,0.6585365853658537,0.6
1,equal_ft_vitb,23,False,2,0.8431372549019608,0.8958333333333334
1,equal_ft_vitb,24,False,2,0.9183673469387755,0.9375
1,equal_ft_vitb,25,False,2,0.6464646464646465,0.6666666666666666
1,equal_ft_vitb,26,False,2,0.9896907216494846,1.0
1,equal_ft_vitb,27,False,2,0.6371681415929203,0.75
1,equal_ft_vitb,28,False,2,0.9787234042553191,0.9583333333333334
1,equal_ft_vitb,29,False,2,0.8080808080808081,0.8333333333333334
1,equal_ft_vitb,30,False,2,0.41304347826086957,0.3958333333333333
1,equal_ft_vitb,31,False,2,0.9484536082474226,0.9583333333333334
1,equal_ft_vitb,32,False,2,0.8539325842696629,0.7916666666666666
1,equal_ft_vitb,33,False,2,0.7555555555555555,0.7083333333333334
1,equal_ft_vitb,34,False,3,0.5979381443298969,0.6041666666666666
1,equal_ft_vitb,35,False,3,0.9583333333333334,0.9583333333333334
1,equal_ft_vitb,36,False,3,0.9148936170212766,0.8958333333333334
1,equal_ft_vitb,37,False,3,0.7126436781609196,0.6458333333333334
1,equal_ft_vitb,38,True,8,0.0,0.0
1,equal_ft_vitb,39,False,3,0.7676767676767676,0.7916666666666666
1,equal_ft_vitb,40,False,3,0.676923076923077,0.9166666666666666
1,equal_ft_vitb,41,False,3,0.4444444444444444,0.4583333333333333
1,equal_ft_vitb,42,False,3,0.6262626262626263,0.6458333333333334
1,equal_ft_vitb,43,False,4,0.6938775510204082,0.7083333333333334
1,equal_ft_vitb,44,False,4,0.92,0.9583333333333334
1,equal_ft_vitb,45,True,8,0.35443037974683544,0.2916666666666667
1,equal_ft_vitb,46,False,4,0.7608695652173914,0.7291666666666666
1,equal_ft_vitb,47,False,4,0.8631578947368421,0.8541666666666666
1,equal_ft_vitb,48,False,4,0.9690721649484536,0.9791666666666666
1,equal_ft_vitb,49,False,4,0.25263157894736843,0.25
1,equal_ft_vitb,50,False,4,0.9387755102040817,0.9583333333333334
1,equal_ft_vitb,51,False,4,0.25742574257425743,0.2708333333333333
1,equal_ft_vitb,52,False,4,0.2564102564102564,0.20833333333333334
1,equal_ft_vitb,53,False,4,0.9690721649484536,0.9791666666666666
1,equal_ft_vitb,54,False,4,0.7608695652173914,0.7291666666666666
1,equal_ft_vitb,55,False,4,0.7747747747747747,0.8958333333333334
1,equal_ft_vitb,56,False,4,0.75,0.75
1,equal_ft_vitb,57,False,5,0.8764044943820225,0.8478260869565217
1,equal_ft_vitb,58,False,5,0.8,0.875
1,equal_ft_vitb,59,True,8,0.4225352112676056,0.3125
1,equal_ft_vitb,60,True,8,0.7906976744186046,0.7083333333333334
1,equal_ft_vitb,61,True,5,0.06521739130434782,0.0625
1,equal_ft_vitb,62,False,5,0.8775510204081632,0.8958333333333334
1,equal_ft_vitb,63,True,5,0.0975609756097561,0.125
1,equal_ft_vitb,64,True,8,0.6593406593406593,0.625
1,equal_ft_vitb,65,True,8,0.345679012345679,0.2916666666666667
1,equal_ft_vitb,66,True,8,0.034482758620689655,0.020833333333333332
1,equal_ft_vitb,67,False,5,0.8679245283018868,0.9583333333333334
1,equal_ft_vitb,68,False,5,0.96,1.0
1,equal_ft_vitb,69,False,5,0.8073394495412844,0.9166666666666666
1,equal_ft_vitb,70,True,8,0.4444444444444444,0.375
1,equal_ft_vitb,71,True,8,0.24615384615384617,0.16666666666666666
1,equal_ft_vitb,72,False,6,0.8,0.7916666666666666
1,equal_ft_vitb,73,False,6,0.5591397849462365,0.5416666666666666
1,equal_ft_vitb,74,False,6,0.9,0.9375
1,equal_ft_vitb,75,False,6,0.8113207547169812,0.8958333333333334
1,equal_ft_vitb,76,False,6,0.8712871287128713,0.9166666666666666
1,equal_ft_vitb,77,False,7,0.8627450980392157,0.9166666666666666
1,equal_ft_vitb,78,True,8,0.8235294117647058,0.7291666666666666
1,equal_ft_vitb,79,True,7,0.2608695652173913,0.1875
1,equal_ft_vitb,80,False,7,0.5473684210526316,0.5416666666666666
1,equal_ft_vitb,81,False,7,0.6067415730337079,0.5625
1,equal_ft_vitb,82,False,8,0.8076923076923077,0.875
1,equal_ft_vitb,83,False,8,0.9038461538461539,0.9791666666666666
1,equal_ft_vitb,84,False,8,0.7115384615384616,0.7708333333333334
1,equal_ft_vitb,85,False,8,0.9375,0.9375
1,equal_ft_vitb,86,False,8,0.7619047619047619,1.0
1,equal_ft_vitb,87,False,8,0.7894736842105263,0.9375
1,equal_ft_vitb,88,False,8,0.5777777777777777,0.8125
1,equal_ft_vitb,89,False,8,0.9787234042553191,0.9583333333333334
1,ft_vitl_id,0,False,0,0.43636363636363634,0.5
1,ft_vitl_id,1,False,0,0.8297872340425532,0.8125
1,ft_vitl_id,2,False,0,0.946236559139785,0.9166666666666666
1,ft_vitl_id,3,False,0,0.8867924528301887,0.9791666666666666
1,ft_vitl_id,4,True,0,0.7368421052631579,0.5833333333333334
1,ft_vitl_id,5,False,1,0.8505747126436781,0.8222222222222222
1,ft_vitl_id,6,False,1,0.5555555555555556,0.5208333333333334
1,ft_vitl_id,7,True,1,0.1,0.08333333333333333
1,ft_vitl_id,8,False,1,0.8888888888888888,0.9166666666666666
1,ft_vitl_id,9,False,1,0.7766990291262136,0.8333333333333334
1,ft_vitl_id,10,False,1,0.5636363636363636,0.6458333333333334
1,ft_vitl_id,11,False,1,0.5576923076923077,0.6041666666666666
1,ft_vitl_id,12,True,1,0.3561643835616438,0.2708333333333333
1,ft_vitl_id,13,False,1,0.7272727272727273,0.8333333333333334
1,ft_vitl_id,14,False,1,0.8421052631578947,0.851063829787234
1,ft_vitl_id,15,False,1,0.7175572519083969,0.9791666666666666
1,ft_vitl_id,16,False,1,0.7962962962962963,0.8958333333333334
1,ft_vitl_id,17,False,1,0.7524752475247525,0.7916666666666666
1,ft_vitl_id,18,False,1,0.7238095238095238,0.7916666666666666
1,ft_vitl_id,19,False,1,0.6,0.625
1,ft_vitl_id,20,False,2,0.6136363636363636,0.5625
1,ft_vitl_id,21,False,2,0.7294117647058823,0.6458333333333334
1,ft_vitl_id,22,True,8,0.6428571428571429,0.6
1,ft_vitl_id,23,False,2,0.8602150537634409,0.8333333333333334
1,ft_vitl_id,24,False,2,0.8723404255319149,0.8541666666666666
1,ft_vitl_id,25,False,2,0.7058823529411765,0.75
1,ft_vitl_id,26,False,2,0.9574468085106383,0.9375
1,ft_vitl_id,27,False,2,0.7368421052631579,0.7291666666666666
1,ft_vitl_id,28,False,2,0.968421052631579,0.9583333333333334
1,ft_vitl_id,29,False,2,0.673469387755102,0.6875
1,ft_vitl_id,30,False,2,0.449438202247191,0.4166666666666667
1,ft_vitl_id,31,False,2,0.8979591836734694,0.9166666666666666
1,ft_vitl_id,32,False,2,0.723404255319149,0.7083333333333334
1,ft_vitl_id,33,False,2,0.5684210526315789,0.5625
1,ft_vitl_id,34,False,3,0.54,0.5625
1,ft_vitl_id,35,False,3,0.8505747126436781,0.7708333333333334
1,ft_vitl_id,36,False,3,0.9032258064516129,0.875
1,ft_vitl_id,37,False,3,0.7708333333333334,0.7708333333333334
1,ft_vitl_id,38,True,8,0.0,0.0
1,ft_vitl_id,39,False,3,0.7096774193548387,0.6875
1,ft_vitl_id,40,False,3,0.6615384615384615,0.8958333333333334
1,ft_vitl_id,41,False,3,0.3333333333333333,0.3958333333333333
1,ft_vitl_id,42,False,3,0.6956521739130435,0.6666666666666666
1,ft_vitl_id,43,False,4,0.72,0.75
1,ft_vitl_id,44,False,4,0.9306930693069307,0.9791666666666666
1,ft_vitl_id,45,True,8,0.6373626373626373,0.6041666666666666
1,ft_vitl_id,46,False,4,0.717391304347826,0.6875
1,ft_vitl_id,47,False,4,0.8910891089108911,0.9375
1,ft_vitl_id,48,False,4,0.9306930693069307,0.9791666666666666
1,ft_vitl_id,49,False,4,0.2616822429906542,0.2916666666666667
1,ft_vitl_id,50,False,4,0.8297872340425532,0.8125
1,ft_vitl_id,51,False,4,0.24242424242424243,0.25
1,ft_vitl_id,52,False,4,0.2978723404255319,0.2916666666666667
1,ft_vitl_id,53,False,4,0.8349514563106796,0.8958333333333334
1,ft_vitl_id,54,False,4,0.75,0.75
1,ft_vitl_id,55,False,4,0.7524752475247525,0.7916666666666666
1,ft_vitl_id,56,False,4,0.6813186813186813,0.6458333333333334
1,ft_vitl_id,57,False,5,0.8282828282828283,0.8913043478260869
1,ft_vitl_id,58,False,5,0.7058823529411765,0.75
1,ft_vitl_id,59,True,8,0.4358974358974359,0.3541666666666667
1,ft_vitl_id,60,True,8,0.5217391304347826,0.375
1,ft_vitl_id,61,True,5,0.08,0.0625
1,ft_vitl_id,62,False,5,0.7920792079207921,0.8333333333333334
1,ft_vitl_id,63,True,5,0.01818181818181818,0.020833333333333332
1,ft_vitl_id,64,True,8,0.42857142857142855,0.375
1,ft_vitl_id,65,True,8,0.34146341463414637,0.2916666666666667
1,ft_vitl_id,66,True,8,0.24242424242424243,0.16666666666666666
1,ft_vitl_id,67,False,5,0.8910891089108911,0.9375
1,ft_vitl_id,68,False,5,0.9787234042553191,0.9583333333333334
1,ft_vitl_id,69,False,5,0.8349514563106796,0.8958333333333334
1,ft_vitl_id,70,True,8,0.6086956521739131,0.5833333333333334
1,ft_vitl_id,71,True,8,0.2,0.14583333333333334
1,ft_vitl_id,72,False,6,0.7608695652173914,0.7291666666666666
1,ft_vitl_id,73,False,6,0.5714285714285714,0.5416666666666666
1,ft_vitl_id,74,False,6,0.9052631578947369,0.8958333333333334
1,ft_vitl_id,75,False,6,0.48936170212765956,0.4791666666666667
1,ft_vitl_id,76,False,6,0.8444444444444444,0.7916666666666666
1,ft_vitl_id,77,False,7,0.8235294117647058,0.875
1,ft_vitl_id,78,True,8,0.4057971014492754,0.2916666666666667
1,ft_vitl_id,79,True,7,0.3142857142857143,0.22916666666666666
1,ft_vitl_id,80,False,7,0.2222222222222222,0.25
1,ft_vitl_id,81,False,7,0.5977011494252874,0.5416666666666666
1,ft_vitl_id,82,False,8,0.7567567567567568,0.875
1,ft_vitl_id,83,False,8,0.8679245283018868,0.9583333333333334
1,ft_vitl_id,84,False,8,0.5098039215686274,0.5416666666666666
1,ft_vitl_id,85,False,8,0.8791208791208791,0.8333333333333334
1,ft_vitl_id,86,False,8,0.752,0.9791666666666666
1,ft_vitl_id,87,False,8,0.8113207547169812,0.8958333333333334
1,ft_vitl_id,88,False,8,0.5037037037037037,0.7083333333333334
1,ft_vitl_id,89,False,8,0.9032258064516129,0.875
1,ft_vitl_tta,0,False,0,0.44660194174757284,0.4791666666666667
1,ft_vitl_tta,1,False,0,0.8387096774193549,0.8125
1,ft_vitl_tta,2,False,0,0.9574468085106383,0.9375
1,ft_vitl_tta,3,False,0,0.9056603773584906,1.0
1,ft_vitl_tta,4,True,0,0.775,0.6458333333333334
1,ft_vitl_tta,5,False,1,0.9195402298850575,0.8888888888888888
1,ft_vitl_tta,6,False,1,0.5773195876288659,0.5833333333333334
1,ft_vitl_tta,7,True,1,0.08108108108108109,0.0625
1,ft_vitl_tta,8,False,1,0.9263157894736842,0.9166666666666666
1,ft_vitl_tta,9,False,1,0.7755102040816326,0.7916666666666666
1,ft_vitl_tta,10,False,1,0.5714285714285714,0.625
1,ft_vitl_tta,11,False,1,0.5473684210526316,0.5416666666666666
1,ft_vitl_tta,12,True,1,0.37142857142857144,0.2708333333333333
1,ft_vitl_tta,13,False,1,0.6842105263157895,0.8125
1,ft_vitl_tta,14,False,1,0.8775510204081632,0.9148936170212766
1,ft_vitl_tta,15,False,1,0.7121212121212122,0.9791666666666666
1,ft_vitl_tta,16,False,1,0.84,0.875
1,ft_vitl_tta,17,False,1,0.74,0.7708333333333334
1,ft_vitl_tta,18,False,1,0.7326732673267327,0.7708333333333334
1,ft_vitl_tta,19,False,1,0.5742574257425742,0.6041666666666666
1,ft_vitl_tta,20,False,2,0.6292134831460674,0.5833333333333334
1,ft_vitl_tta,21,False,2,0.7674418604651163,0.6875
1,ft_vitl_tta,22,True,8,0.6823529411764706,0.6444444444444445
1,ft_vitl_tta,23,False,2,0.8791208791208791,0.8333333333333334
1,ft_vitl_tta,24,False,2,0.9,0.9375
1,ft_vitl_tta,25,False,2,0.68,0.7083333333333334
1,ft_vitl_tta,26,False,2,0.9583333333333334,0.9583333333333334
1,ft_vitl_tta,27,False,2,0.723404255319149,0.7083333333333334
1,ft_vitl_tta,28,False,2,0.9787234042553191,0.9583333333333334
1,ft_vitl_tta,29,False,2,0.6526315789473685,0.6458333333333334
1,ft_vitl_tta,30,False,2,0.449438202247191,0.4166666666666667
1,ft_vitl_tta,31,False,2,0.8958333333333334,0.8958333333333334
1,ft_vitl_tta,32,False,2,0.7368421052631579,0.7291666666666666
1,ft_vitl_tta,33,False,2,0.6336633663366337,0.6666666666666666
1,ft_vitl_tta,34,False,3,0.5384615384615384,0.5833333333333334
1,ft_vitl_tta,35,False,3,0.9010989010989011,0.8541666666666666
1,ft_vitl_tta,36,False,3,0.9052631578947369,0.8958333333333334
1,ft_vitl_tta,37,False,3,0.7422680412371134,0.75
1,ft_vitl_tta,38,True,8,0.0,0.0
1,ft_vitl_tta,39,False,3,0.7692307692307693,0.7291666666666666
1,ft_vitl_tta,40,False,3,0.6567164179104478,0.9166666666666666
1,ft_vitl_tta,41,False,3,0.3090909090909091,0.3541666666666667
1,ft_vitl_tta,42,False,3,0.6888888888888889,0.6458333333333334
1,ft_vitl_tta,43,False,4,0.7578947368421053,0.75
1,ft_vitl_tta,44,False,4,0.92,0.9583333333333334
1,ft_vitl_tta,45,True,8,0.5681818181818182,0.5208333333333334
1,ft_vitl_tta,46,False,4,0.7578947368421053,0.75
1,ft_vitl_tta,47,False,4,0.8888888888888888,0.9166666666666666
1,ft_vitl_tta,48,False,4,0.9215686274509803,0.9791666666666666
1,ft_vitl_tta,49,False,4,0.25862068965517243,0.3125
1,ft_vitl_tta,50,False,4,0.8,0.7916666666666666
1,ft_vitl_tta,51,False,4,0.22448979591836735,0.22916666666666666
1,ft_vitl_tta,52,False,4,0.29213483146067415,0.2708333333333333
1,ft_vitl_tta,53,False,4,0.9032258064516129,0.875
1,ft_vitl_tta,54,False,4,0.7878787878787878,0.8125
1,ft_vitl_tta,55,False,4,0.7407407407407407,0.8333333333333334
1,ft_vitl_tta,56,False,4,0.7555555555555555,0.7083333333333334
1,ft_vitl_tta,57,False,5,0.845360824742268,0.8913043478260869
1,ft_vitl_tta,58,False,5,0.7476635514018691,0.8333333333333334
1,ft_vitl_tta,59,True,8,0.47368421052631576,0.375
1,ft_vitl_tta,60,True,8,0.6027397260273972,0.4583333333333333
1,ft_vitl_tta,61,True,5,0.02857142857142857,0.020833333333333332
1,ft_vitl_tta,62,False,5,0.8235294117647058,0.875
1,ft_vitl_tta,63,True,5,0.037037037037037035,0.041666666666666664
1,ft_vitl_tta,64,True,8,0.43373493975903615,0.375
1,ft_vitl_tta,65,True,8,0.2926829268292683,0.25
1,ft_vitl_tta,66,True,8,0.16129032258064516,0.10416666666666667
1,ft_vitl_tta,67,False,5,0.8910891089108911,0.9375
1,ft_vitl_tta,68,False,5,0.9787234042553191,0.9583333333333334
1,ft_vitl_tta,69,False,5,0.84,0.875
1,ft_vitl_tta,70,True,8,0.6086956521739131,0.5833333333333334
1,ft_vitl_tta,71,True,8,0.24242424242424243,0.16666666666666666
1,ft_vitl_tta,72,False,6,0.7555555555555555,0.7083333333333334
1,ft_vitl_tta,73,False,6,0.5773195876288659,0.5833333333333334
1,ft_vitl_tta,74,False,6,0.9247311827956989,0.8958333333333334
1,ft_vitl_tta,75,False,6,0.5681818181818182,0.5208333333333334
1,ft_vitl_tta,76,False,6,0.8842105263157894,0.875
1,ft_vitl_tta,77,False,7,0.82,0.8541666666666666
1,ft_vitl_tta,78,True,8,0.5070422535211268,0.375
1,ft_vitl_tta,79,True,7,0.2535211267605634,0.1875
1,ft_vitl_tta,80,False,7,0.3333333333333333,0.3958333333333333
1,ft_vitl_tta,81,False,7,0.6451612903225806,0.625
1,ft_vitl_tta,82,False,8,0.8108108108108109,0.9375
1,ft_vitl_tta,83,False,8,0.8623853211009175,0.9791666666666666
1,ft_vitl_tta,84,False,8,0.58,0.6041666666666666
1,ft_vitl_tta,85,False,8,0.9010989010989011,0.8541666666666666
1,ft_vitl_tta,86,False,8,0.752,0.9791666666666666
1,ft_vitl_tta,87,False,8,0.7962962962962963,0.8958333333333334
1,ft_vitl_tta,88,False,8,0.527027027027027,0.8125
1,ft_vitl_tta,89,False,8,0.9263157894736842,0.9166666666666666
1,equal_ft_vitl,0,False,0,0.4032258064516129,0.5208333333333334
1,equal_ft_vitl,1,False,0,0.9166666666666666,0.9166666666666666
1,equal_ft_vitl,2,False,0,0.9473684210526315,0.9375
1,equal_ft_vitl,3,False,0,0.8761904761904762,0.9583333333333334
1,equal_ft_vitl,4,True,0,0.6153846153846154,0.5
1,equal_ft_vitl,5,False,1,0.9438202247191011,0.9333333333333333
1,equal_ft_vitl,6,False,1,0.6444444444444445,0.6041666666666666
1,equal_ft_vitl,7,True,1,0.08108108108108109,0.0625
1,equal_ft_vitl,8,False,1,0.9278350515463918,0.9375
1,equal_ft_vitl,9,False,1,0.8514851485148515,0.8958333333333334
1,equal_ft_vitl,10,False,1,0.5957446808510638,0.5833333333333334
1,equal_ft_vitl,11,False,1,0.5647058823529412,0.5
1,equal_ft_vitl,12,True,1,0.24561403508771928,0.14583333333333334
1,equal_ft_vitl,13,False,1,0.8148148148148148,0.9166666666666666
1,equal_ft_vitl,14,False,1,0.8958333333333334,0.9148936170212766
1,equal_ft_vitl,15,False,1,0.7218045112781954,1.0
1,equal_ft_vitl,16,False,1,0.8367346938775511,0.8541666666666666
1,equal_ft_vitl,17,False,1,0.7850467289719626,0.875
1,equal_ft_vitl,18,False,1,0.8387096774193549,0.8125
1,equal_ft_vitl,19,False,1,0.6521739130434783,0.625
1,equal_ft_vitl,20,False,2,0.7368421052631579,0.7291666666666666
1,equal_ft_vitl,21,False,2,0.8791208791208791,0.8333333333333334
1,equal_ft_vitl,22,True,8,0.6823529411764706,0.6444444444444445
1,equal_ft_vitl,23,False,2,0.865979381443299,0.875
1,equal_ft_vitl,24,False,2,0.92,0.9583333333333334
1,equal_ft_vitl,25,False,2,0.6808510638297872,0.6666666666666666
1,equal_ft_vitl,26,False,2,0.9896907216494846,1.0
1,equal_ft_vitl,27,False,2,0.7222222222222222,0.8125
1,equal_ft_vitl,28,False,2,0.9787234042553191,0.9583333333333334
1,equal_ft_vitl,29,False,2,0.845360824742268,0.8541666666666666
1,equal_ft_vitl,30,False,2,0.4827586206896552,0.4375
1,equal_ft_vitl,31,False,2,0.9278350515463918,0.9375
1,equal_ft_vitl,32,False,2,0.8367346938775511,0.8541666666666666
1,equal_ft_vitl,33,False,2,0.7551020408163265,0.7708333333333334
1,equal_ft_vitl,34,False,3,0.6476190476190476,0.7083333333333334
1,equal_ft_vitl,35,False,3,0.9361702127659575,0.9166666666666666
1,equal_ft_vitl,36,False,3,0.9072164948453608,0.9166666666666666
1,equal_ft_vitl,37,False,3,0.7472527472527473,0.7083333333333334
1,equal_ft_vitl,38,True,8,0.0,0.0
1,equal_ft_vitl,39,False,3,0.8,0.75
1,equal_ft_vitl,40,False,3,0.7076923076923077,0.9583333333333334
1,equal_ft_vitl,41,False,3,0.40404040404040403,0.4166666666666667
1,equal_ft_vitl,42,False,3,0.6526315789473685,0.6458333333333334
1,equal_ft_vitl,43,False,4,0.7311827956989247,0.7083333333333334
1,equal_ft_vitl,44,False,4,0.94,0.9791666666666666
1,equal_ft_vitl,45,True,8,0.5106382978723404,0.5
1,equal_ft_vitl,46,False,4,0.8089887640449438,0.75
1,equal_ft_vitl,47,False,4,0.8775510204081632,0.8958333333333334
1,equal_ft_vitl,48,False,4,0.9215686274509803,0.9791666666666666
1,equal_ft_vitl,49,False,4,0.2857142857142857,0.3125
1,equal_ft_vitl,50,False,4,0.9484536082474226,0.9583333333333334
1,equal_ft_vitl,51,False,4,0.18,0.1875
1,equal_ft_vitl,52,False,4,0.2926829268292683,0.25
1,equal_ft_vitl,53,False,4,0.9591836734693877,0.9791666666666666
1,equal_ft_vitl,54,False,4,0.8421052631578947,0.8333333333333334
1,equal_ft_vitl,55,False,4,0.7307692307692307,0.7916666666666666
1,equal_ft_vitl,56,False,4,0.7676767676767676,0.7916666666666666
1,equal_ft_vitl,57,False,5,0.875,0.9130434782608695
1,equal_ft_vitl,58,False,5,0.8163265306122449,0.8333333333333334
1,equal_ft_vitl,59,True,8,0.46153846153846156,0.375
1,equal_ft_vitl,60,True,8,0.7951807228915663,0.6875
1,equal_ft_vitl,61,True,5,0.13953488372093023,0.125
1,equal_ft_vitl,62,False,5,0.875,0.875
1,equal_ft_vitl,63,True,5,0.07692307692307693,0.08333333333333333
1,equal_ft_vitl,64,True,8,0.6105263157894737,0.6041666666666666
1,equal_ft_vitl,65,True,8,0.3291139240506329,0.2708333333333333
1,equal_ft_vitl,66,True,8,0.07017543859649122,0.041666666666666664
1,equal_ft_vitl,67,False,5,0.912621359223301,0.9791666666666666
1,equal_ft_vitl,68,False,5,0.96,1.0
1,equal_ft_vitl,69,False,5,0.8269230769230769,0.8958333333333334
1,equal_ft_vitl,70,True,8,0.5783132530120482,0.5
1,equal_ft_vitl,71,True,8,0.25,0.16666666666666666
1,equal_ft_vitl,72,False,6,0.8333333333333334,0.8333333333333334
1,equal_ft_vitl,73,False,6,0.5957446808510638,0.5833333333333334
1,equal_ft_vitl,74,False,6,0.8712871287128713,0.9166666666666666
1,equal_ft_vitl,75,False,6,0.7959183673469388,0.8125
1,equal_ft_vitl,76,False,6,0.9166666666666666,0.9166666666666666
1,equal_ft_vitl,77,False,7,0.8653846153846154,0.9375
1,equal_ft_vitl,78,True,8,0.8913043478260869,0.8541666666666666
1,equal_ft_vitl,79,True,7,0.24242424242424243,0.16666666666666666
1,equal_ft_vitl,80,False,7,0.47058823529411764,0.5
1,equal_ft_vitl,81,False,7,0.7096774193548387,0.6875
1,equal_ft_vitl,82,False,8,0.8461538461538461,0.9166666666666666
1,equal_ft_vitl,83,False,8,0.8888888888888888,1.0
1,equal_ft_vitl,84,False,8,0.7766990291262136,0.8333333333333334
1,equal_ft_vitl,85,False,8,0.968421052631579,0.9583333333333334
1,equal_ft_vitl,86,False,8,0.7933884297520661,1.0
1,equal_ft_vitl,87,False,8,0.7563025210084033,0.9375
1,equal_ft_vitl,88,False,8,0.5492957746478874,0.8125
1,equal_ft_vitl,89,False,8,0.9565217391304348,0.9166666666666666
1,s29_dino_b,0,False,0,0.2268041237113402,0.22916666666666666
1,s29_dino_b,1,False,0,0.75,0.8125
1,s29_dino_b,2,False,0,0.9032258064516129,0.875
1,s29_dino_b,3,False,0,0.7394957983193278,0.9166666666666666
1,s29_dino_b,4,True,0,0.4444444444444444,0.3333333333333333
1,s29_dino_b,5,False,1,0.7446808510638298,0.7777777777777778
1,s29_dino_b,6,False,1,0.3917525773195876,0.3958333333333333
1,s29_dino_b,7,True,1,0.0,0.0
1,s29_dino_b,8,False,1,0.7272727272727273,0.6666666666666666
1,s29_dino_b,9,False,1,0.45454545454545453,0.4166666666666667
1,s29_dino_b,10,False,1,0.35185185185185186,0.3958333333333333
1,s29_dino_b,11,False,1,0.1935483870967742,0.1875
1,s29_dino_b,12,True,1,0.16901408450704225,0.125
1,s29_dino_b,13,False,1,0.4444444444444444,0.5
1,s29_dino_b,14,False,1,0.6818181818181818,0.6382978723404256
1,s29_dino_b,15,False,1,0.6229508196721312,0.7916666666666666
1,s29_dino_b,16,False,1,0.6041666666666666,0.6041666666666666
1,s29_dino_b,17,False,1,0.4752475247524752,0.5
1,s29_dino_b,18,False,1,0.6382978723404256,0.625
1,s29_dino_b,19,False,1,0.21428571428571427,0.1875
1,s29_dino_b,20,False,2,0.4,0.4166666666666667
1,s29_dino_b,21,False,2,0.5882352941176471,0.5208333333333334
1,s29_dino_b,22,True,8,0.6666666666666666,0.6
1,s29_dino_b,23,False,2,0.6415094339622641,0.7083333333333334
1,s29_dino_b,24,False,2,0.6593406593406593,0.625
1,s29_dino_b,25,False,2,0.40404040404040403,0.4166666666666667
1,s29_dino_b,26,False,2,0.9361702127659575,0.9166666666666666
1,s29_dino_b,27,False,2,0.42,0.4375
1,s29_dino_b,28,False,2,0.8723404255319149,0.8541666666666666
1,s29_dino_b,29,False,2,0.5161290322580645,0.5
1,s29_dino_b,30,False,2,0.16091954022988506,0.14583333333333334
1,s29_dino_b,31,False,2,0.7708333333333334,0.7708333333333334
1,s29_dino_b,32,False,2,0.5161290322580645,0.5
1,s29_dino_b,33,False,2,0.3333333333333333,0.3125
1,s29_dino_b,34,False,3,0.3125,0.3125
1,s29_dino_b,35,False,3,0.7272727272727273,0.6666666666666666
1,s29_dino_b,36,False,3,0.7272727272727273,0.75
1,s29_dino_b,37,False,3,0.5,0.5208333333333334
1,s29_dino_b,38,True,8,0.02197802197802198,0.020833333333333332
1,s29_dino_b,39,False,3,0.5287356321839081,0.4791666666666667
1,s29_dino_b,40,False,3,0.47368421052631576,0.5625
1,s29_dino_b,41,False,3,0.17857142857142858,0.20833333333333334
1,s29_dino_b,42,False,3,0.46808510638297873,0.4583333333333333
1,s29_dino_b,43,False,4,0.625,0.625
1,s29_dino_b,44,False,4,0.7378640776699029,0.7916666666666666
1,s29_dino_b,45,True,8,0.4383561643835616,0.3333333333333333
1,s29_dino_b,46,False,4,0.37037037037037035,0.3125
1,s29_dino_b,47,False,4,0.8210526315789474,0.8125
1,s29_dino_b,48,False,4,0.8823529411764706,0.9375
1,s29_dino_b,49,False,4,0.25225225225225223,0.2916666666666667
1,s29_dino_b,50,False,4,0.5346534653465347,0.5625
1,s29_dino_b,51,False,4,0.22641509433962265,0.25
1,s29_dino_b,52,False,4,0.26373626373626374,0.25
1,s29_dino_b,53,False,4,0.6739130434782609,0.6458333333333334
1,s29_dino_b,54,False,4,0.42696629213483145,0.3958333333333333
1,s29_dino_b,55,False,4,0.5405405405405406,0.625
1,s29_dino_b,56,False,4,0.4772727272727273,0.4375
1,s29_dino_b,57,False,5,0.723404255319149,0.7391304347826086
1,s29_dino_b,58,False,5,0.5252525252525253,0.5416666666666666
1,s29_dino_b,59,True,8,0.26865671641791045,0.1875
1,s29_dino_b,60,True,8,0.32098765432098764,0.2708333333333333
1,s29_dino_b,61,True,5,0.0,0.0
1,s29_dino_b,62,False,5,0.5789473684210527,0.6875
1,s29_dino_b,63,True,5,0.014925373134328358,0.020833333333333332
1,s29_dino_b,64,True,8,0.1956521739130435,0.1875
1,s29_dino_b,65,True,8,0.125,0.10416666666666667
1,s29_dino_b,66,True,8,0.2222222222222222,0.1875
1,s29_dino_b,67,False,5,0.7912087912087912,0.75
1,s29_dino_b,68,False,5,0.9306930693069307,0.9791666666666666
1,s29_dino_b,69,False,5,0.6666666666666666,0.6875
1,s29_dino_b,70,True,8,0.2926829268292683,0.25
1,s29_dino_b,71,True,8,0.0547945205479452,0.041666666666666664
1,s29_dino_b,72,False,6,0.5192307692307693,0.5625
1,s29_dino_b,73,False,6,0.3137254901960784,0.3333333333333333
1,s29_dino_b,74,False,6,0.7169811320754716,0.7916666666666666
1,s29_dino_b,75,False,6,0.40404040404040403,0.4166666666666667
1,s29_dino_b,76,False,6,0.6,0.625
1,s29_dino_b,77,False,7,0.6597938144329897,0.6666666666666666
1,s29_dino_b,78,True,8,0.1917808219178082,0.14583333333333334
1,s29_dino_b,79,True,7,0.1927710843373494,0.16666666666666666
1,s29_dino_b,80,False,7,0.22807017543859648,0.2708333333333333
1,s29_dino_b,81,False,7,0.3047619047619048,0.3333333333333333
1,s29_dino_b,82,False,8,0.5046728971962616,0.5625
1,s29_dino_b,83,False,8,0.7555555555555555,0.7083333333333334
1,s29_dino_b,84,False,8,0.4077669902912621,0.4375
1,s29_dino_b,85,False,8,0.6753246753246753,0.5416666666666666
1,s29_dino_b,86,False,8,0.5737704918032787,0.7291666666666666
1,s29_dino_b,87,False,8,0.6923076923076923,0.75
1,s29_dino_b,88,False,8,0.3673469387755102,0.5625
1,s29_dino_b,89,False,8,0.8539325842696629,0.7916666666666666
1,s29_dino_l,0,False,0,0.16161616161616163,0.16666666666666666
1,s29_dino_l,1,False,0,0.6923076923076923,0.75
1,s29_dino_l,2,False,0,0.8666666666666667,0.8125
1,s29_dino_l,3,False,0,0.7735849056603774,0.8541666666666666
1,s29_dino_l,4,True,0,0.5333333333333333,0.4166666666666667
1,s29_dino_l,5,False,1,0.7857142857142857,0.7333333333333333
1,s29_dino_l,6,False,1,0.3157894736842105,0.3125
1,s29_dino_l,7,True,1,0.0,0.0
1,s29_dino_l,8,False,1,0.7659574468085106,0.75
1,s29_dino_l,9,False,1,0.5714285714285714,0.625
1,s29_dino_l,10,False,1,0.42424242424242425,0.4375
1,s29_dino_l,11,False,1,0.2905982905982906,0.3541666666666667
1,s29_dino_l,12,True,1,0.11428571428571428,0.08333333333333333
1,s29_dino_l,13,False,1,0.5192307692307693,0.5625
1,s29_dino_l,14,False,1,0.5882352941176471,0.5319148936170213
1,s29_dino_l,15,False,1,0.6554621848739496,0.8125
1,s29_dino_l,16,False,1,0.6593406593406593,0.625
1,s29_dino_l,17,False,1,0.49019607843137253,0.5208333333333334
1,s29_dino_l,18,False,1,0.6236559139784946,0.6041666666666666
1,s29_dino_l,19,False,1,0.45977011494252873,0.4166666666666667
1,s29_dino_l,20,False,2,0.42424242424242425,0.4375
1,s29_dino_l,21,False,2,0.6086956521739131,0.5833333333333334
1,s29_dino_l,22,True,8,0.6829268292682927,0.6222222222222222
1,s29_dino_l,23,False,2,0.6542056074766355,0.7291666666666666
1,s29_dino_l,24,False,2,0.7676767676767676,0.7916666666666666
1,s29_dino_l,25,False,2,0.4090909090909091,0.375
1,s29_dino_l,26,False,2,0.9052631578947369,0.8958333333333334
1,s29_dino_l,27,False,2,0.4166666666666667,0.4166666666666667
1,s29_dino_l,28,False,2,0.9052631578947369,0.8958333333333334
1,s29_dino_l,29,False,2,0.54,0.5625
1,s29_dino_l,30,False,2,0.16091954022988506,0.14583333333333334
1,s29_dino_l,31,False,2,0.8260869565217391,0.7916666666666666
1,s29_dino_l,32,False,2,0.5909090909090909,0.5416666666666666
1,s29_dino_l,33,False,2,0.39622641509433965,0.4375
1,s29_dino_l,34,False,3,0.32653061224489793,0.3333333333333333
1,s29_dino_l,35,False,3,0.7032967032967034,0.6666666666666666
1,s29_dino_l,36,False,3,0.7659574468085106,0.75
1,s29_dino_l,37,False,3,0.5054945054945055,0.4791666666666667
1,s29_dino_l,38,True,8,0.0,0.0
1,s29_dino_l,39,False,3,0.5116279069767442,0.4583333333333333
1,s29_dino_l,40,False,3,0.5,0.5833333333333334
1,s29_dino_l,41,False,3,0.22857142857142856,0.25
1,s29_dino_l,42,False,3,0.4791666666666667,0.4791666666666667
1,s29_dino_l,43,False,4,0.64,0.6666666666666666
1,s29_dino_l,44,False,4,0.7216494845360825,0.7291666666666666
1,s29_dino_l,45,True,8,0.4057971014492754,0.2916666666666667
1,s29_dino_l,46,False,4,0.5416666666666666,0.5416666666666666
1,s29_dino_l,47,False,4,0.8080808080808081,0.8333333333333334
1,s29_dino_l,48,False,4,0.9,0.9375
1,s29_dino_l,49,False,4,0.19047619047619047,0.25
1,s29_dino_l,50,False,4,0.6078431372549019,0.6458333333333334
1,s29_dino_l,51,False,4,0.2222222222222222,0.25
1,s29_dino_l,52,False,4,0.20224719101123595,0.1875
1,s29_dino_l,53,False,4,0.6153846153846154,0.5833333333333334
1,s29_dino_l,54,False,4,0.6078431372549019,0.6458333333333334
1,s29_dino_l,55,False,4,0.5737704918032787,0.7291666666666666
1,s29_dino_l,56,False,4,0.594059405940594,0.625
1,s29_dino_l,57,False,5,0.6136363636363636,0.5869565217391305
1,s29_dino_l,58,False,5,0.5,0.5416666666666666
1,s29_dino_l,59,True,8,0.3055555555555556,0.22916666666666666
1,s29_dino_l,60,True,8,0.48717948717948717,0.3958333333333333
1,s29_dino_l,61,True,5,0.0,0.0
1,s29_dino_l,62,False,5,0.6666666666666666,0.625
1,s29_dino_l,63,True,5,0.0,0.0
1,s29_dino_l,64,True,8,0.2,0.1875
1,s29_dino_l,65,True,8,0.18604651162790697,0.16666666666666666
1,s29_dino_l,66,True,8,0.2736842105263158,0.2708333333333333
1,s29_dino_l,67,False,5,0.8571428571428571,0.8125
1,s29_dino_l,68,False,5,0.9130434782608695,0.875
1,s29_dino_l,69,False,5,0.7555555555555555,0.7083333333333334
1,s29_dino_l,70,True,8,0.3409090909090909,0.3125
1,s29_dino_l,71,True,8,0.058823529411764705,0.041666666666666664
1,s29_dino_l,72,False,6,0.5252525252525253,0.5416666666666666
1,s29_dino_l,73,False,6,0.41379310344827586,0.375
1,s29_dino_l,74,False,6,0.7547169811320755,0.8333333333333334
1,s29_dino_l,75,False,6,0.2857142857142857,0.2916666666666667
1,s29_dino_l,76,False,6,0.7021276595744681,0.6875
1,s29_dino_l,77,False,7,0.6,0.5625
1,s29_dino_l,78,True,8,0.3888888888888889,0.2916666666666667
1,s29_dino_l,79,True,7,0.16216216216216217,0.125
1,s29_dino_l,80,False,7,0.21153846153846154,0.22916666666666666
1,s29_dino_l,81,False,7,0.36363636363636365,0.3333333333333333
1,s29_dino_l,82,False,8,0.5192307692307693,0.5625
1,s29_dino_l,83,False,8,0.7111111111111111,0.6666666666666666
1,s29_dino_l,84,False,8,0.37735849056603776,0.4166666666666667
1,s29_dino_l,85,False,8,0.6746987951807228,0.5833333333333334
1,s29_dino_l,86,False,8,0.5151515151515151,0.7083333333333334
1,s29_dino_l,87,False,8,0.6379310344827587,0.7708333333333334
1,s29_dino_l,88,False,8,0.40718562874251496,0.7083333333333334
1,s29_dino_l,89,False,8,0.8539325842696629,0.7916666666666666
