path,bytes,sha256
docs/.DS_Store,6148,
docs/01_ABSTRACT_AND_OVERVIEW.md,28071,24446eb1a6b9bc71dbe7e4df4fc2eef7e0f32b1f5b534bb85dcbafe21a5ff6fe
docs/02_DATASET_AND_PREPROCESSING.md,38808,3e8cd6fdf93dd6b1eff7df8f763224ac95eebe8d323fa73505cdfa5c71d28b28
docs/03_MODEL_ARCHITECTURE.md,57385,0107e54f75df27e0bddbc50930158788fa787375ddcce106c2e66fca2bac2383
docs/04_CURRICULUM_AND_LOSSES.md,39806,112696f8314a716543d95d77c75d18b447f4dc3e0f70930b96ee7b9a7f752dd9
docs/05_EXPERIMENTS_AND_ABLATIONS.md,40164,d863d74beec0be15ceb88de57568b7330c1bd56329b5e79aede575e5d8d9a7bc
docs/06_EXECUTION_AND_HARDWARE.md,42631,efa77466cf2df8ff3a64d9a4f2884d87a792ac0f046177c378b1da02eb527711
docs/07_BAND_SELECTION_PATHWAY.md,26416,5fe3ab86516695e4aee708ea65dc1fff7624bd8c5a3b84a0487574b44907a456
docs/config_migration_table.md,24794,08be0d67dd9771b2fbfc1ebe3cf5b67388ed7289deb6149755c31c232f809cfb
docs/config_reference.md,30929,59f466561febc8967fb0eba3a167fc0f63722a3c26b2689526f2d0ef0bbccfcb
docs/research/.DS_Store,6148,
docs/research/DECISIONS.md,55056,5bfedb359b9d7bcb1d53987bfd6292c856de41c2f4cdbe6fbeda3460c2e0fd4b
docs/research/FINDINGS.md,70922,a9a01d9fdf99aafab6db6feb2feed594518cb1f421f61e4e145598b1a07f6661
docs/research/FUTURE_WORK.md,25350,a19900ddd2b2f2bdc371c21d940d81ea76836c89fd271ffca0de9754c8a3e8af
docs/research/GLOSSARY.md,11367,252161cf2509fcfd6f461635549c7a1343f6f9c1629567fd298db5dd0f8cadf8
docs/research/HYPOTHESES.md,19180,393e06fb37232ba349dbaf169dda39e61083f467d6060f3de9f513e6e94bf29d
docs/research/MASTER_RESEARCH_PLAN.md,5883,0bd82160f250db1f86d48aa03cb2da90c7196667e86e97b0a2bb30fa3614daa5
docs/research/README.md,16742,b7468cc723989a2788a7bfbf22396fb02c86db1b70dd837e2c337cfd1228a41b
docs/research/RESEARCH_PROGRESS.md,2262,e793a720be4a771a2c438c35162274d339bcc44ed8ab45d9ada76cb12c003c3a
docs/research/TIMELINE.md,21973,7ce79900d92df0890e6c190ee3a0c5d314225b68dd8a4e1b873a50e46d4bd7b2
docs/research/WORKFLOW.md,8229,0c235f930cd570f4f4079a422c8257d71437babed166293e1badb71999269a83
docs/research/evidence/.DS_Store,6148,
docs/research/evidence/S03_band_study_proxy/REPORT_2026-08-13.md,19781,e9c87820fc8f719083fc7dfcbc6e920c4033302c2f418cbd3ae7ea352a22e977
docs/research/evidence/S03_band_study_proxy/curves.csv,246182,0939efaf21a6756e7fa135ba9a12fae36f91eb4f1d72bec4b82fb8a07f016ea2
docs/research/evidence/S03_band_study_proxy/flags.json,10464,71f0a520994ab9d6a76575ebd5e2294fc33b0bcaddc30f967a44d2a26e654300
docs/research/evidence/S03_band_study_proxy/method_ranking.csv,2360,76c2a9589e7c9f01f7c8893c354c41d10ad3deb7d7b61be5adfd2758b22678c7
docs/research/evidence/S03_band_study_proxy/recommendation.json,2122,b51bc089226c2e8ec484a9a02c3855aa922570fa459bc6522905743d15ef00e3
docs/research/evidence/S03_band_study_proxy/study.json,2678,1fec9b334ac74b8c527eff39263f557dea360c52dedb134ef6762802bee0aeee
docs/research/evidence/S03_band_study_proxy/tables/consensus_wavelengths.md,877,cb0c985d655cc4f5f56aaaa32c8c2c138b908a843a65e0da2cb0a46b77fb6eda
docs/research/evidence/S03_band_study_proxy/tables/method_ranking.md,1369,e19143ab7bb86a67e89719047344776550988404c83386ddf09d19f7bc5478ac
docs/research/evidence/S03_band_study_proxy/tables/trends.md,6987,132ea9ae1cf858a0437d81d1b6beb0e879ec303efa6d1849ed7319217cc18183
docs/research/evidence/S03_band_study_proxy/trends.csv,21884,acd6106a51474df4b04836a2e336f0c4377f4f39f9c0e94bd977fea4786dc1e3
docs/research/evidence/S03_band_study_proxy/wavelength_frequency.csv,6068,7d926475b7d414209ef0647ce27590a70f7f30e21e35e796c6f9f5977f18cd6c
docs/research/evidence/S05_band_research/a1_spectral.json,25328,9ded7fa5ba89e90dcffb15023b67b614568520870771f0585c67744f137aeb7a
docs/research/evidence/S05_band_research/a3_summary.txt,6746,
docs/research/evidence/S05_band_research/arms_cnn_calib2.json,10616,31a13e7a38eb8b9df37743b8a783b02ba1121622bb3350fb4002cccf20d7c134
docs/research/evidence/S05_band_research/arms_cnn_heldout.json,10408,b34f1f7667d0a6fcec9c072b398629e2cd34a60ba7bf5aa07f18a5d1c61484e5
docs/research/evidence/S05_band_research/cnn_calib.jsonl,4799,
docs/research/evidence/S05_band_research/cnn_heldout.jsonl,7711,
docs/research/evidence/S05_band_research/cnn_summary.csv,782,5ec13fd6c5ef3c5711ee85f07b20e2d2e636337bcd38734429952087a1f05797
docs/research/evidence/S05_band_research/cnn_test.jsonl,235,
docs/research/evidence/S05_band_research/code/a10_confirm2.py,2216,6a788ddbe2908e898b3ede192768707a6b7ffdfa1a0ae17ffc1f6fc2ad370bae
docs/research/evidence/S05_band_research/code/a11_cnn_heldout_summary.py,1002,babed74c3d7ef1b8435604f412ca4301d940a2ba5f5b0dc76234ffeab90224fe
docs/research/evidence/S05_band_research/code/a1_spectral.py,5178,27a0057f397ab5659aba0f0e1d327753d4f38fce67c6e3ff231669e148a05992
docs/research/evidence/S05_band_research/code/a2_proxy_check.py,1667,3d189896a4c98a85470b5a2ced8ed2c91b4dd07800da6c7511ae3735daa56fdf
docs/research/evidence/S05_band_research/code/a2b_where.py,2137,8f6df7d7c54f41e3b87ccfe0831981a61e9749f6dad6c48ea9784e694778b2c0
docs/research/evidence/S05_band_research/code/a3_budget.py,3451,e6d92404ecfe1bf6b85e108cea5b8781d73b68360c9715afd72c0e7d882df34f
docs/research/evidence/S05_band_research/code/a3_summarise.py,1214,3b41c2c6bd093cc320a1c3841642f094249b7b4149fe2b0b7ef00066f9fdd7cd
docs/research/evidence/S05_band_research/code/a4_snv.py,2404,69781dbe54946e05e96ab76d35f85805e81c37a2b884404b37291a44ad45b7cc
docs/research/evidence/S05_band_research/code/a5_cnn.py,4807,e8207203a9620fc0977e98b4a892aa37a28c09e89e034f0821c40d6f389bc9d8
docs/research/evidence/S05_band_research/code/a6_globalstat.py,1922,6158ee3bde7741557a4ce1197f7e5975e02b90db403b15528b19c4fc3e33f886
docs/research/evidence/S05_band_research/code/a7_confirm_lda.py,2408,d54b320b4a411256dd3523aeab7b41c4157653fd94c6feb6f7280b19046cafdd
docs/research/evidence/S05_band_research/code/a8_session.py,2029,c20eec0d6bc933b9ea89c8036619f0cf3880b1f4fba1faea4636adde5d2fd8ed
docs/research/evidence/S05_band_research/code/a9_session_bands.py,1688,bfe1aa7f4abd15f6db812015c18234f3b66af9eef571275e8c72cf6a21badd69
docs/research/evidence/S05_band_research/code/bandsel.py,3401,6f008a1213f2fe9249c1d78d0daabe1dcf1e4e05e2392c0cfd741aa3f3227cf2
docs/research/evidence/S05_band_research/code/common.py,1160,27b17b7bb87452f618ad67099e41d443fa92d3fb0fb74f1f0693a97b96ed6e34
docs/research/evidence/S05_band_research/code/extract.py,3932,71a7ad01170c32307caf34b5835edce59ef18e39c69f32312c9518f4bed8c1b1
docs/research/evidence/S05_band_research/code/make_prereg.py,3513,f8cd831d07ab1286ac15746ef3cebf40a4aca4d166531204d1da132af70d1174
docs/research/evidence/S05_band_research/code/make_prereg2.py,2630,18a54e0f4d8aa95d1e4ce4e072dcd104191ed1ce9abdfffebab671781168d02a
docs/research/evidence/S05_band_research/code/proxies.py,1618,7518720fd8c98edbf572af74b525141355532e87b29643282a0f8fe071a6017a
docs/research/evidence/S05_band_research/confirm2.json,11894,62d06b69e4dce13397868ceff3ddda793e9ad2effb4009345a141b5a7d65d8f8
docs/research/evidence/S05_band_research/confirm_lda.json,17825,c1532be99bdbf2f88d0a1093d302958c58c1af7aaac17e28d71c0c648052c778
docs/research/evidence/S05_band_research/decision_rule.json,1501,6af013a0664b0c8b7722457d838e639c3d30fa84cd9404f703935bba428669ef
docs/research/evidence/S05_band_research/finalists_manifest.json,9833,5cc1623a1d225c941d57bbf9ede3a2e89ffee0c7b1f98d13ee3235be009369dc
docs/research/evidence/S05_band_research/glw_canonical.json,2374,306674a15c2c95924decadea704e0378a634ce2f3a37f69df35feae9eca18a57
docs/research/evidence/S05_band_research/heldout_lda_summary.csv,2427,abd1a4cf63bff40108c6e23615b7866c941388923eac25fa84d625ca912cce69
docs/research/evidence/S05_band_research/preregistration.frozen.json,91238,5ae90caf70915aead67d32345e403eeabd01f3f3c0efdb7982569f7a0577c1df
docs/research/evidence/S05_band_research/preregistration.sha256,64,5197161ce5072ddcd27cf295aeb8848dde56769770a378341a66a02e1034f1d4
docs/research/evidence/S05_band_research/preregistration2.json,15000,2077efc932624cc0d1c42ba32ad95ac99235eb945a62f036e73dc7e38a098884
docs/research/evidence/S05_band_research/preregistration2.sha256,64,8149d90145da3adcd4f40e0326a16c5594d4f6e448b4e0d25126ff7688a4c9e3
docs/research/evidence/S05_band_research/r1_budget.json,70,f4f5f9bf09e75fc25e0670924cc1c3c96f55d848b2da2f40f760f0eff5e0be94
docs/research/evidence/S06_session_confound/a9_session_F.json,5086,2a8a2242074076ed6f7720df33361d0d92220f8e285e6b3a56f4f5917b5b1da2
docs/research/evidence/S06_session_confound/scan_table.csv,35763,97fc5ed7c73b3233280e28363502e738c90b6014cafe58e6dca1814ca0713deb
docs/research/evidence/S06_session_confound/session_recall_summary.csv,215,bc08ff1d0e1e9d46dc68ac54406bdead59d3e7ed9c1a863ae158dc25b29f45e9
docs/research/evidence/S07_reflectance_calibration/radiometry.json,2187,ad552413a5d7ab9080d34785c2dcc4457ed0b4abb216a702ad712c7da25ee7ea
docs/research/evidence/S07_reflectance_calibration/tile_saturated_frac.csv,204667,be2271ec409bd89c2d9b2d6fe69dbc70fe9d2a7d0b32774484f1ce36e1d66d6f
docs/research/evidence/S07_reflectance_calibration/wavelengths_215.csv,3149,82b315ac65ccd88ccd64593acf81e3809e12cd0fac1cabb8d8cf4dff24e235ea
docs/research/evidence/S07_reflectance_calibration/white_tiles.csv,28452,13d3cd9817d4792879a6de8941ccce871a059ef9005131b80509d57b1bc66d90
docs/research/evidence/S09_post_sweep_forensics/baselines.csv,403,38a8afb1e7a21b41f4de4fc2295828031431c19e34c39b1223897da23c64daab
docs/research/evidence/S09_post_sweep_forensics/c1_learning_curve.csv,1793,5f82590e3c5c207275f9a6a53314546c1cb78949e007983ca7b67e0dbfc78214
docs/research/evidence/S09_post_sweep_forensics/c2_acquisition_mix.csv,797,33966b34a9b6b341c38a22d7ae0d05d50bf9b8c4719c9d7fad3a3476d2f5a214
docs/research/evidence/S09_post_sweep_forensics/c3_representation.csv,1080,4fce5cbcb9aae88d4b7b2c7cbc8ba8e46be4d2f41e8b5ea3d819dbfc5750b1f3
docs/research/evidence/S09_post_sweep_forensics/c4_session_F_morphometrics.csv,159,f303b4e4f559d8e3365458a5df6c0e32f84714dc539092d79ce310fd9d44172b
docs/research/evidence/S09_post_sweep_forensics/c4_session_F_reflectance.csv,5237,168e17364000558fdb2d9690ffcddd3dcc1440cc8227fab55c4bbe11288084aa
docs/research/evidence/S09_post_sweep_forensics/c5_tabular.csv,2127,b08b2a06009a11998a3ff7d4b5158118e099d87c16e6f55934140c1b7e78d27e
docs/research/evidence/S09_post_sweep_forensics/code/common.py,2374,d839c7fb6555fcb0589016fadadff353ea19c11914495f9167b4ac8031a6fe9b
docs/research/evidence/S09_post_sweep_forensics/code/controls.py,11835,1cefe77f62eba70c80d487a234210698e929dc73a623e2ce80633e6ae071dae1
docs/research/evidence/S09_post_sweep_forensics/code/extract_runs.py,16041,69821740329553c6a24ee147bf30ee05880a644cc5dff07505dcd6e75d6e1c35
docs/research/evidence/S09_post_sweep_forensics/code/spectra.py,740,a5fe8900c70aa46bfda55d95446c8594bedc29972543712cdc9c363c5a6e61a2
docs/research/evidence/S09_post_sweep_forensics/code/synthesis.py,5734,93402954048a78f8df5dab7e04ebe7e53ee8d42fcd54ac5d931141540d91d34c
docs/research/evidence/S09_post_sweep_forensics/confusion_pairs.csv,2572,aef717630a6f502a04bfca733e939d769bd245d558af3087c171f0efdd27c539
docs/research/evidence/S09_post_sweep_forensics/curves.csv,231183,ed9a1297e1c57cd70df7bffeb76baf3b33de739f2818857b63aa3e649f6a861d
docs/research/evidence/S09_post_sweep_forensics/decomposition.json,1243,d996b802117d538082231f835efc879ef4a4774d229794d205feff72df49bf0b
docs/research/evidence/S09_post_sweep_forensics/error_structure.csv,558,94e02c9700777d8473911a89f882eddb5c634d27440f3aa1976a25747fab7bf5
docs/research/evidence/S09_post_sweep_forensics/fit_link.json,907,f8112ac328541e5194941e8536df1dd407561b2c3389dceec5e7f07ca1290983
docs/research/evidence/S09_post_sweep_forensics/influence.csv,30969,4001d47ff0f6bcbad94f0ba6ec94066853a315f2bddef4826bc3b3c6fbb5eebb
docs/research/evidence/S09_post_sweep_forensics/kernel_consistency.csv,482,1a14d726f95745853c9389138623ece05645b2063c47de6791302163cefb9034
docs/research/evidence/S09_post_sweep_forensics/literature.csv,1764,dde3b21203144dbd6469ff696655e16e632a3683bbc696b001212443b9a978a0
docs/research/evidence/S09_post_sweep_forensics/network_margin.csv,489,d831606766ace431ec8196ff684df36b47f3d8a743e169070cb1ab9f682a1361
docs/research/evidence/S09_post_sweep_forensics/per_class.csv,62044,b0e9faf505ed46f3525ca72f1f869297f556a6677d2baebb44e4ae5b70fb808c
docs/research/evidence/S09_post_sweep_forensics/preregistration_next.json,6430,f896d0e569e0c071f85fb1c7e2fbce23cd3266da1ef317204fa329af9bb542e7
docs/research/evidence/S09_post_sweep_forensics/preregistration_next.sha256,65,7381e7d64a34bc4bd2345e382ed632d8de6d33af14826cf04f4b1969ae399302
docs/research/evidence/S09_post_sweep_forensics/runs.csv,2873,61ce4139552558b524674916459d60e81280bad7f9c99e7e1ba1a245907b0d38
docs/research/evidence/S09_post_sweep_forensics/session_direction.csv,5758,1243713f86ab41dbfda53b4e2ca07954b48a23c7b21519e3c93dc35e49c870c9
docs/research/evidence/S09_post_sweep_forensics/summary.json,4199,3f1ac341162297c98422fc43f14b3c4abfbd4a02db358d81dca936ecb11b4a7e
docs/research/evidence/S09_post_sweep_forensics/transfer.csv,1328,4e28c49a1f204b738103576e1d1e7bf7f23bd6e00f0517d35af9544a2df5b95b
docs/research/evidence/S09_post_sweep_forensics/transfer_fit.json,209,9b8e64ef4cbaff1cb4da118d6909c1977ef1c57f18d9e6e1dc703b0d297085ee
docs/research/evidence/S09_post_sweep_forensics/tta_delta.csv,928,98641dc8db5e49e14aebd0c012eab9dee0e6a92d6d48c8ce667e604860d28fcf
docs/research/evidence/S10_training_architecture_review/aux_weight_applied.csv,8228,28ce13cdf2413fdcf285d38d02a53bcf591f3b709633e5e9fb51ed657876d40e
docs/research/evidence/S10_training_architecture_review/ckpt_dead_taps.json,2412,5acca4a0d5858b7eaacda5e48889d76cecf4926a95bc305860b429dfef5d3189
docs/research/evidence/S10_training_architecture_review/ckpt_fit.csv,6904,cc7046728de2f17434467d3aa882d6baa0713692bb2173f2cc7be0239fcc98e9
docs/research/evidence/S10_training_architecture_review/ckpt_gain.csv,4543,e3be1c282bb99bcc8919cd6779d941bcb85d09888e52bc7934d7e434135fbb36
docs/research/evidence/S10_training_architecture_review/ckpt_index_bank.csv,1528,3c5f6bb920958b3214aca57d0bac7e93a76b3782165925ca1939be8e6303a08d
docs/research/evidence/S10_training_architecture_review/ckpt_probes.csv,13115,f813ffb9a4073265b0be1c05769f256197c1d68ff92ee483e9112d72cf16da7d
docs/research/evidence/S10_training_architecture_review/ckpt_spectral_scale.csv,4520,f53f07cf2fa03b93f550f0544c2d075ea451bba959b5a6fcc928cd59d929bba7
docs/research/evidence/S10_training_architecture_review/ckpt_weight_change.csv,6583,f1c41dcbe21cdcbbd8888296f858407b522ad41e88ce26d79baf15481dfd179d
docs/research/evidence/S10_training_architecture_review/code/aux_weight.py,1345,55a4078dc907533eb9cd97c697e1b4b86f7a0d11b3493f91607b39a2df60961a
docs/research/evidence/S10_training_architecture_review/code/checkpoints.py,15043,5f338066f6b82f51462ae6d334009cb21b5c67f28a679cb7509b2d3764514d1d
docs/research/evidence/S10_training_architecture_review/code/descriptor_probe.py,5558,7057636b1c78201e7857e32fe04047b8008c61a793f8c336bae7f11e4d77d1a9
docs/research/evidence/S10_training_architecture_review/code/dynamics.py,4907,8877038ea0ffccd438e5f77a97a2260ab85e182726c014660d63974228b71562
docs/research/evidence/S10_training_architecture_review/code/gradients.py,5425,896ec5b3a3f05ecccfac7de1302590b83fac70eedb6b5af6905dba5696917358
docs/research/evidence/S10_training_architecture_review/code/mixup_geometry.py,2706,bc7557abf86184e1828d5d1a186f339793e7740f19f996c822b05cca37e39372
docs/research/evidence/S10_training_architecture_review/code/objective.py,4864,e4aed89894b6764835b55142836f19004b8b4c18693e58e0652517cd799f421e
docs/research/evidence/S10_training_architecture_review/code/s10common.py,3018,c503ea9d952c9be993e86cdf3f6d49e17fe365ca1a4724e6f6c6f3853b2168bb
docs/research/evidence/S10_training_architecture_review/code/structure.py,3178,2991d87aaf850cb2734396dfc45a8bbae0d2b3956eecf517094244ded1621354
docs/research/evidence/S10_training_architecture_review/descriptor_probe.csv,6938,1b27384291e0c94d117399b4220dfe26894960570b3c9e73f123c86565a1fa67
docs/research/evidence/S10_training_architecture_review/dynamics_epochs.csv,250007,bf28776495f6612970248db6bef1744e3a071e205b88d5963f4e94a4e9bef5bc
docs/research/evidence/S10_training_architecture_review/dynamics_phases.csv,2163,93a248af26756516ef1e7e9554cfb6dad3c425e9407c890d38eb592daa08c3ea
docs/research/evidence/S10_training_architecture_review/grad_modules.csv,77339,1ce5fde0ae20e8150495093ff3abde827e04ecef2244b778ae268b22365d8c40
docs/research/evidence/S10_training_architecture_review/grad_pn.csv,867,f3335c68e7e721c9f40e93bb36e90bf89b8a7ed9f27b229f2bfa1763d181ab0c
docs/research/evidence/S10_training_architecture_review/horizons.csv,674,184b013218d8320e89b3c51ec12f8215ef8a5d1bccbaea87b567dec4c27ff9d2
docs/research/evidence/S10_training_architecture_review/level_channel.csv,3521,7f2f37a40220dbb05e40e2a4cfd5182d479e05c901a400b07a7b22be12d32786
docs/research/evidence/S10_training_architecture_review/mixup_geometry.csv,425,1216e556309f83f169ee7f89dbea85e763aac564c7a84c71bc99f9337c32703f
docs/research/evidence/S10_training_architecture_review/mixup_strength.csv,245,f62b5b5f4b98a219f63dc23670f7c17361c5c33f3b5271172df66a8bbead15e9
docs/research/evidence/S10_training_architecture_review/objective_geometry.csv,4790,e4bdaff78408dfb5e5e55fffca91e482362fda6bb3d77bcd7bde055ef8c06c63
docs/research/evidence/S10_training_architecture_review/preregistration_s10.json,4419,1c8ae6937796cd7867f58ae901c1630671869f949ef8067cfefd72b2d4922739
docs/research/evidence/S10_training_architecture_review/preregistration_s10.sha256,65,7d2e17958ab8c42350710f03d118e79ab20ed9e5df7c1e040f00de280479a3f1
docs/research/evidence/S10_training_architecture_review/schedule_budget.csv,578,8ff46840c7662ad88839bd319c2ee06a64132f7d6ba533bde8c8a2a58830b2a7
docs/research/evidence/S10_training_architecture_review/structure.csv,696,41209b39dc379702f0a38fc8a3091ad3e55685b741870f93d08adb346872b03a
docs/research/evidence/S10_training_architecture_review/structure.json,273,6bbe81889d4f9eabe4abf0d6819cebe03468c96aa301e7cee82c696cecc65728
docs/research/evidence/S10_training_architecture_review/transitions.csv,3341,4738c55ae6be2f49ff59a7c28bf06a39d91166a3c046382deee992fbf3cca716
docs/research/evidence/S11_frozen_arms_execution/clean_fit_reproduction.csv,2566,0168c2dbb8570832d46af226b48d3548267e4710923db9162b542ea47611dc6b
docs/research/evidence/S11_frozen_arms_execution/code/clean_fit_reproduction.py,4906,d21b14c652a48c2935efbd5dde6b95493f5d5bd53298dad0fa99925dd31cf939
docs/research/evidence/S11_frozen_arms_execution/code/ddp_dedup.py,6567,8b4b6ca1af9e674ab9beb60da838b4be3b289826f5217b02f4ba570d40323256
docs/research/evidence/S11_frozen_arms_execution/code/frozen_plan_snapshot.py,2240,aafc505912f1329571076dfc7e61900cb5b1c5b76c921b72a6969e7f3a70f3c4
docs/research/evidence/S11_frozen_arms_execution/code/g_neutral.py,13188,17e7c804e9359817f26ebea3b82420a9119b2893abf8d947b9e583ca62b7c1a1
docs/research/evidence/S11_frozen_arms_execution/code/reference_dedup.py,1943,97d0a497d94c3e346bb91007672b3dde1664f44aa182d162205bdd0acb37d93e
docs/research/evidence/S11_frozen_arms_execution/ddp_dedup.json,1004,12b780e93a4d8b24e88f2e964233d8292ca9fc6f9d781e115f72a39f89e5600c
docs/research/evidence/S11_frozen_arms_execution/frozen_plan.json,45437,4a86f53896af4521803a8cec861a88c2cad95f7f0a42bacfaabfe8f6aa7fdd94
docs/research/evidence/S11_frozen_arms_execution/g_neutral.json,1382,324c7c980a6503cce6b218f53fe464a3181d9112fb4bc9609a503b87239dfbb7
docs/research/evidence/S11_frozen_arms_execution/reference_dedup.csv,1717,33c4320612d296ad9fc880b3be5525f510cb3b0f270685451eb6875d05d2ffec
docs/research/evidence/S11_frozen_arms_execution/test_tiers.json,5276,0a33bc02e473a06cb56bec6b7b2b27fa0c1bd85f285bc072fefe0af0236bae4d
docs/research/evidence/S12_frozen_arms_reading/arm_summary.csv,3220,fffd47dbc72f4cc0188a3ffe94f6472570d3ac6ef3422a1f1d21dff243d83a01
docs/research/evidence/S12_frozen_arms_reading/calib_saturation.csv,1399,3d291e1c76dddc84894a6cdbd81dcfc9e07caa4b1395335b444012b255c105d7
docs/research/evidence/S12_frozen_arms_reading/calibration.csv,1768,bce1cb50f3ed074b012db1082ebfefeee25c483920f5c8f1147e1193542e446c
docs/research/evidence/S12_frozen_arms_reading/cells.csv,9492,945059e00b3ddadbed1a4575c487fdd9621ee2361caafd4de77ac186ca515166
docs/research/evidence/S12_frozen_arms_reading/code/embed_probe.py,5990,9a00c1c974cd1a78cc3264f45e46ea51714306892ddd59dac490ee3f0be715a5
docs/research/evidence/S12_frozen_arms_reading/code/ensembles.py,6418,1e1572205d32d6da47b006b7abb9e78db946a74e4a014813fc52eb3182a5ab57
docs/research/evidence/S12_frozen_arms_reading/code/extract_cells.py,10101,e1cfab9af4e95565fc2a0758ca1e772ec30837cb70c3b70df7874884fc5a43d9
docs/research/evidence/S12_frozen_arms_reading/code/generalisation.py,7989,c1c5023c88ebf1dbab00727cee2d047823373898d3a287641b0ae3ae7b777f72
docs/research/evidence/S12_frozen_arms_reading/code/hypotheses.py,13963,6b18050c2f846591491319c65e5d70c500df9c2c3267cf156b0cd24c2be3af9f
docs/research/evidence/S12_frozen_arms_reading/code/noise_channel.py,4855,295b4cfc3aeeb96effdd17e95cdfc2ef14ebd860fe647b34353860a9360eaf8a
docs/research/evidence/S12_frozen_arms_reading/code/noise_equalisation_pretest.py,5088,4be8bc149703b7c15f30d11f910b3546fb5a2529ca44352baec134807d0f3be9
docs/research/evidence/S12_frozen_arms_reading/code/pathways.py,7077,ca1baa1f79814c432432501bb662c0175b4f996cc93489e7c67ff5c1a7571e0e
docs/research/evidence/S12_frozen_arms_reading/code/pixel_stats.py,5425,82604b13bd745f87b5414a9a848aa0bb73395ea814e4e03924d9726c54f93989
docs/research/evidence/S12_frozen_arms_reading/code/s12common.py,6626,8e271f9c6cfe642cf6bc84b123130dc4378e9a2a75d0d386efb29d6b5797291e
docs/research/evidence/S12_frozen_arms_reading/code/session.py,6645,9bfca82ab66e166283d778c187a5b970a83198d8d3f6e28c24e38187083f7eb3
docs/research/evidence/S12_frozen_arms_reading/code/session_probe.py,5867,b467f5ad3afe0d46b7b0735761533cfd4360e3f8a5af5d9f1c3d56b102e55316
docs/research/evidence/S12_frozen_arms_reading/cross_direction.csv,756,12cc99861bf65fc7801a80fa12633d53cd0d654e1fec2912f008c2ff8178cd2d
docs/research/evidence/S12_frozen_arms_reading/cross_per_class.csv,1174,48632b872d5cf490fb18a324ca442085c7ddcb3c9cfa319d48436efe3210fc23
docs/research/evidence/S12_frozen_arms_reading/curves.csv,864989,0bcef7bba1478d33a4e66d75609e75a0fbf94959505b1988c2b741db9e820c31
docs/research/evidence/S12_frozen_arms_reading/decomposition_x1.json,1306,a96998f337b56755861efad6c4fdf5c6ae3abd63dd0dff0913987cd102fe459f
docs/research/evidence/S12_frozen_arms_reading/embed_probe.csv,2603,caa75ab0ccf3530b956b50a49b0bd328aeb8064fd95b40e4e7e07e02db8e5876
docs/research/evidence/S12_frozen_arms_reading/embed_probe_validation.json,175,d1c55fdee6e91117cbd44eda6bb6af0a69a95d4ab1964a4b7859ae2b3a8145a1
docs/research/evidence/S12_frozen_arms_reading/ensemble_session.csv,597,0b75223bea8d25b648f80205387156b5b4cfae1c8bb7f61a77b12b6efae41128
docs/research/evidence/S12_frozen_arms_reading/ensembles.csv,1670,4951eb107939c74db00af36633de6abe6a5d13e4f7a3a0f5a0e7ae835b1e4642
docs/research/evidence/S12_frozen_arms_reading/fit_transfer.json,1077,48c9e465415db40584b2e2dcc1cc2d18d67c95046d896002c612b233dc9d5e50
docs/research/evidence/S12_frozen_arms_reading/frontier.csv,3038,85fc8e1ad77ebe2825b088ae4866d30564590512a62b74fb0592b2cb4313d421
docs/research/evidence/S12_frozen_arms_reading/hypotheses.json,3860,ca85450d93f5211ce0aa8939a940a58ae2ba9145eacdfe6195520bbf8185ba3c
docs/research/evidence/S12_frozen_arms_reading/integrity.json,9303,f1932eddeb750a95932de17d5c239ea254ddd61438d87c85880726930d370c2d
docs/research/evidence/S12_frozen_arms_reading/ladder.csv,3959,326c06c0c38895c6b9260e50ff6b13a879d90264d157792f4825a4351b98543b
docs/research/evidence/S12_frozen_arms_reading/ladder_summary.csv,877,f9d1af3a0eaac15550165a5b6cd12542e5aa73525ab4bf7baf2c747dd2a4b8e8
docs/research/evidence/S12_frozen_arms_reading/linear_controls.csv,1868,43d7971bd3a660368bcdb5b6eaaa667b0303f16cb2cbf179f478ff328bf84951
docs/research/evidence/S12_frozen_arms_reading/noise_by_session.csv,689,28c4c8238db8dbe129423fd666286d5850cf72448d30ca970187d2e15687c25b
docs/research/evidence/S12_frozen_arms_reading/noise_channel.csv,594,22e68b9baabe8d9b645abce824f5fb17496dddec6b09d49dfe5342341931c1a1
docs/research/evidence/S12_frozen_arms_reading/noise_equalisation_pretest.csv,1734,de500e596dcce3289bcc0cd04490dfbc54e170f9e5d5b5022bc141fdd2bd916e
docs/research/evidence/S12_frozen_arms_reading/pathway_complementarity.csv,1185,887f44d1fc59bc42ca9a3e35947c85da4b94da8c1ee4d1354822ebdbf0964ea7
docs/research/evidence/S12_frozen_arms_reading/pathway_fusion.csv,2701,f92d941d58435f73aece8381f6621f6f03fa18b5e8478e81f2c73991be836c22
docs/research/evidence/S12_frozen_arms_reading/pathway_fusion_delta.json,359,f164884ac5589bf56f2fd4fabb85727b482913446458611921b0de8f425bab6f
docs/research/evidence/S12_frozen_arms_reading/per_class_x1_vs_s08.csv,3223,1aadb5f77521f34c0a87a469534fa9538c751532e96d61fbb7f7c2ddbea2ca18
docs/research/evidence/S12_frozen_arms_reading/pixel_controls.csv,1761,e9ca6b9b40fa31e7fd5c2336e581e6326820ae82d40dda3e4bf9d01cd12d6315
docs/research/evidence/S12_frozen_arms_reading/preregistration_s12.json,9551,88b377c5bc32f31a9ccb95356a88eb0be35e8cb51216b035c88f1761919ae7f4
docs/research/evidence/S12_frozen_arms_reading/preregistration_s12.sha256,65,0a7eaadc84853cfd572e9540015a4964128adc9197a148056f1307ea820a2bc4
docs/research/evidence/S12_frozen_arms_reading/session_probe.csv,1436,40398087fb75b818afbb5900c99b1c566c7a8200ee68c9574266adc532ffd9e5
docs/research/evidence/S12_frozen_arms_reading/session_probe_validation.json,2271,11c3ba099459db21c3a149a85824cb7b53625b6f5ce1fe236446efb59027efe9
docs/research/evidence/S13_representation_screening/code/ddp_arms.py,7164,15e6a13e8718476f78e7fb03c691d87e22ead6580b584ea1fd53f5b1cf8f592e
docs/research/evidence/S13_representation_screening/code/g_neutral_s13.py,2367,e5d14b54aac4b6a056d19ab86eeb91157a935e55439980a29b0fa70262f1df9f
docs/research/evidence/S13_representation_screening/code/plan_snapshot.py,2310,97523cd74adef3612e002980a870af5e72d7f11858236e3b037b520c2b5b44a2
docs/research/evidence/S13_representation_screening/code/runtime_estimate.py,5741,2db3237301c1e2a34e2df175119ef1dcded5140be8aa78bc78cd5e9ef361e17f
docs/research/evidence/S13_representation_screening/code/test_tiers.py,2554,04a31bb15eecdf8275fcccf805a42f08e004279d5f813f2931cce6226ae2b2ad
docs/research/evidence/S13_representation_screening/ddp_arms.json,4162,9d958a471ffebdbb47f9d494206cd0a78e44382a451752f978235bccd81ebef3
docs/research/evidence/S13_representation_screening/frozen_plan.json,14603,036d4df5b4cb228165ebd2cdde9544a0612bff334dba3b8b41880abd70256cf7
docs/research/evidence/S13_representation_screening/g_neutral.json,1864,87f31140be831634c021da225babde15c0003b5ead082fbfd624da4525fccfde
docs/research/evidence/S13_representation_screening/preregistration_s13.json,10015,ef5982131df48c2ba8105c751fcf21f527a01ea2c0addf4ad59380f1a0989460
docs/research/evidence/S13_representation_screening/preregistration_s13.sha256,65,94aba76a5e834ba34dfc21d9b9b675ecb037ece4e7537ad5b4081263d0acd4fe
docs/research/evidence/S13_representation_screening/runtime_estimate.csv,596,7d6ac1cd6ad3ecfb15ab76be3bfb5eac7570ef2578162dd504e03b628f306eb1
docs/research/evidence/S13_representation_screening/runtime_estimate.json,1247,b87d4a6bc3bcf1a981ac6d3f844af7fcc1ca4eaf4d9509ac8c0245b9597decdd
docs/research/evidence/S13_representation_screening/test_tiers.json,7406,1f8e622b865b90124cfdb24154bd6437a341ef6acb740b044cccf3ecfa03a27f
docs/research/evidence/S14_screen_reading/arm_summary.csv,2489,d1001028492aec574fac7bcbad1fcc78d9750e9151f9a985ec01741ff3173d13
docs/research/evidence/S14_screen_reading/cells.csv,6027,ef4d7dcd592964c4e94afef189c67a5eb650cdd8e3a7d8317b83d89374313406
docs/research/evidence/S14_screen_reading/code/extract_cells.py,10358,01311903c50fe0e76bf5add7678d46f2812d44cd0bca95d46fedc674f492400d
docs/research/evidence/S14_screen_reading/code/hypotheses.py,13384,c2cce307e46851a1336329365829250f6c434d7bd8798f5c281dbc50770906a5
docs/research/evidence/S14_screen_reading/code/lean.py,9407,55f0862ac9e8fb1e629d3ef1f919d0001df47ca4d6e5b672d33f28f48f0ecee2
docs/research/evidence/S14_screen_reading/code/pathways_regime.py,9913,00f566286764a8257bcd599085d86623c8f363f431b0be49cbd242baae82769a
docs/research/evidence/S14_screen_reading/code/s14common.py,6212,51e3e3da7bfcdfeff986a2680148ad66c8c9dcb6554e216626343d1bc067b25c
docs/research/evidence/S14_screen_reading/code/session_kappa.py,9565,2f2d6ac1cd489eb52f7090d4e087774e7bfddcee02306293c3d01df951ea5408
docs/research/evidence/S14_screen_reading/complementarity_r1.csv,409,2aa66b05db4b8400c9d1f911571e371d2448aa117ebef3f1b4ce40d07725d0aa
docs/research/evidence/S14_screen_reading/curves.csv,357521,7858f2d7bafc1b7399ca2466bc8585a97f4ea0e71f857919d67d6e57603f5df1
docs/research/evidence/S14_screen_reading/fusion_grid.csv,2212,48f19537742f9a3426eb2c639860aa6893337fa105997eb0e7dfdf484ada0720
docs/research/evidence/S14_screen_reading/hypotheses.json,4905,72f698924ee7dd6d1e3d5251c91919610f86c0cdb63937e636930ac96390298f
docs/research/evidence/S14_screen_reading/integrity.json,3722,6538a03ec8a28f9e2443ff16eb8381ff94f73501c4614abd16fbedce316cba8c
docs/research/evidence/S14_screen_reading/lean.json,3139,7e357594715ddcddacca56649b882289506a5f07d669d7a86b901b0e18dff1da
docs/research/evidence/S14_screen_reading/lean_errors.csv,473,d4cb3103b7d8f17e6960dc9fa9d5083d67a4886b57d219deacb7ec970d22501a
docs/research/evidence/S14_screen_reading/lean_ladder.csv,630,d3a9f1875470d3409770648e110464bb828ef73a63822c404aeb64addbafb470
docs/research/evidence/S14_screen_reading/lean_per_class.csv,3061,d64c51b8ac254e5fe3b265befabb82559916859affa3b4e1a46f0433be50142d
docs/research/evidence/S14_screen_reading/lean_rank.csv,824,1cb7e9006dd4a190cbe670cde88c53b4c11099b2283447ff164bd3fee808a104
docs/research/evidence/S14_screen_reading/matched_deltas.csv,2720,568100fcdfd56adf65dae910ca4066661c9f2ad1abd99a78613fa9ab0ec6942d
docs/research/evidence/S14_screen_reading/pathway_regime.csv,978,efeba3d9b3b082bdbf17ccea9faf560fbe6af16231471e031398367df6e1b55c
docs/research/evidence/S14_screen_reading/pathway_regime.json,5057,95f0ffe92ed14e46f7440cdf651107f6727cf6d0614dd2534946d7e5baa96c1e
docs/research/evidence/S14_screen_reading/preregistration_s14.json,10705,9e182670755e13a6ead29a761123841094a9b9fb6fae18392553893d65c1f3da
docs/research/evidence/S14_screen_reading/preregistration_s14.sha256,91,d18755978c374ad852bb6b7a3ee9cc5c45553869419dbc122ed132ae48268302
docs/research/evidence/S14_screen_reading/session_kappa.csv,4577,fcdaf25fdfbe92da82fe61603e5c91655cb97d4272f822a10bed94d5aab6ed6d
docs/research/evidence/S14_screen_reading/session_kappa_offline.csv,987,775fc031b59528c0a067b610cd8371da9774f00c29926c12c6fa6f2c7db2546f
docs/research/evidence/S14_screen_reading/session_kappa_validation.json,2486,e1e8a4fc3e789f6809eeee9abab6f7811db45c128cc890c4b4bb5cbe63d38593
docs/research/evidence/S15_y3_replication/code/ddp_arms.py,3573,d5d2ba37f47e86c427b43c2ec9e042b740e6ddbbcd298f8943806944cba463b6
docs/research/evidence/S15_y3_replication/code/plan_snapshot.py,5805,56f5980e939822809e13335d202011f871f2d1b5ca198af723007a34e84cb782
docs/research/evidence/S15_y3_replication/code_identity.json,730,02ecc362864d560cea190b1524124c4b82ddc3f928934acfe757d38ff9aa56de
docs/research/evidence/S15_y3_replication/ddp_arms.json,2940,952d3b92af88d2eeac2134a5de696f9304ee3fc8130b6dceb141b4451cec909c
docs/research/evidence/S15_y3_replication/frozen_plan.json,15320,e6b5e39157040d8b85546ef96a086072204680e6c33c1c20c288ef77a5111b4d
docs/research/evidence/S15_y3_replication/runtime_estimate.json,1063,a46706df4b47feeb374907aff394dfb58d300402932f51d5ece301e5b25ad13b
docs/research/evidence/S16_replication_reading/arm_summary.csv,4090,710cd23451050449fa491b9428733dc8c12b445a46d5a6907d922a7057853b38
docs/research/evidence/S16_replication_reading/cells.csv,5100,9bd0e4977309d86ba10336fcbc568292cd9a8d80fa6826f7852df60e14cedc84
docs/research/evidence/S16_replication_reading/code/dissection.py,6363,b5dd5e43dcb99f2060d7eb78f0bfc8e2ab09d6e46c68a6b2fd9765818b380f2d
docs/research/evidence/S16_replication_reading/code/extract_cells.py,9409,8e1c611706f31e189f79db0df1639a63d917dec6e516188f27209df97d335ba3
docs/research/evidence/S16_replication_reading/code/freeze_s17.py,15366,7638e450dbd9f11587c6a28bf206f04ac0969eb43e086d9ea3f84467b587cd24
docs/research/evidence/S16_replication_reading/code/hypotheses.py,14226,4f76f68de8557ca7cba1aee3b01e17eb043ad23a9f08eea4cea7bfdbc5979d5c
docs/research/evidence/S16_replication_reading/code/runtime_probe.py,2827,c6b12b093e2ca25efbc85165e2622ecdfdc92fb974410ce6dcdf71ee88c907d4
docs/research/evidence/S16_replication_reading/code/s16common.py,9945,b8876de6a1f0facbd985043f477fefa8d5d6901df06e1c596c0877b86f67f3d5
docs/research/evidence/S16_replication_reading/code/v5_profile.py,10538,63a30fd0421e923d0a916f45c655c8957959fff68246c87af9b63c4ec9475295
docs/research/evidence/S16_replication_reading/curves.csv,351423,6f68f1a2353ec8f4c6cde9ed09f3b5bf34c9858b4414c3f9df58fc4c5e34a1ba
docs/research/evidence/S16_replication_reading/dissection.json,2969,905208502ed44deca4215371cd6f4dff492ea84837c4e749d476b20623dc9d04
docs/research/evidence/S16_replication_reading/dissection_additivity.csv,766,8a5ba26d13509dfed31ffd0dbe2ca863641bb5cacaf79c3912f0656aae6774c0
docs/research/evidence/S16_replication_reading/dissection_profile.csv,1313,1080319bceb62da43b1dbcb89cbb0e91844bfe9b6fd315849b2cdcff8ae39a69
docs/research/evidence/S16_replication_reading/dissection_sessions.csv,385,badec6c9e181a0b77506f88b35f8f1ab9f05361c8a6802d2339f8b3432becbfd
docs/research/evidence/S16_replication_reading/hypotheses.json,5697,df0fa48524644d36ae41c66e0b7c5f99d78677ec0d8605444b2d4e91362a0d97
docs/research/evidence/S16_replication_reading/integrity.json,6072,ca6759dc6694bc7ad59b83a511b718872dac326ecb4599e22d1dd798526a06c1
docs/research/evidence/S16_replication_reading/matched_deltas.csv,2039,ad5608d652f8e48cfadb7fc92f4ab7a2b2a896ed44134fb54151b00b1196f8c9
docs/research/evidence/S16_replication_reading/preregistration_s16.json,12410,3b623c45c559962c36b59383ddf6a636da9a087e41523d8d5c455e81954b9d3e
docs/research/evidence/S16_replication_reading/preregistration_s16.sha256,91,14589d213538167b6f11bc0d1e6b192aa4046599d2b7be9e7b65e26b0d0a59d9
docs/research/evidence/S16_replication_reading/runtime_probe.json,1355,4c490d485af42527a19cf3123268069a553fc2cdc765313849961db347661712
docs/research/evidence/S16_replication_reading/seed_variance.csv,683,cb22a8135aeaf5b5614a9d85b6313687c9f652506a7752378884dbf4dee16b01
docs/research/evidence/S16_replication_reading/v5_ensembles.csv,538,29683aa75ed0b6a405f96d7bd3220afe40ea121ea91722c417559ce75405f3b3
docs/research/evidence/S16_replication_reading/v5_errors.csv,1244,1ec262ef310c3789ab9eee43d1440e6351bc8a8ccca8f08ec961c0942c19f305
docs/research/evidence/S16_replication_reading/v5_ladder.csv,2422,5e033ae4fec45dd4aad3b11ee5a79a755f6f5f5736d7ac78584a1c3e59b317af
docs/research/evidence/S16_replication_reading/v5_per_class.csv,3190,19255e81e721aa256ccc82e1ad66152d604ed1ff03f1cdf814ab6116881569f0
docs/research/evidence/S16_replication_reading/v5_profile.json,4520,a531511ad10e59c09b0f6edef067480904c40f9a6e1e9f7ae57d02b67394915b
docs/research/evidence/S16_replication_reading/v5_separation.csv,348,e5509a6baa2a3926337628f0205acb009ee78cb9378bc94bf6e78d04945e4f44
docs/research/evidence/S16_replication_reading/v5_sessions.csv,328,85fd45793b9c52230327913a89385e9724f689d88d708b9ad5b9fc3910e60986
docs/research/figures/.DS_Store,6148,
docs/research/figures/S01_independent_audit/s01_compute_vs_influence.png,53195,
docs/research/figures/S01_independent_audit/s01_selection_bias.png,84494,
docs/research/figures/S01_independent_audit/s01_stage_return.png,57983,
docs/research/figures/S03_band_study_proxy/budget_curves.png,434866,
docs/research/figures/S03_band_study_proxy/budget_curves_per_fold.png,459070,
docs/research/figures/S03_band_study_proxy/compute_tradeoff.png,62286,
docs/research/figures/S03_band_study_proxy/method_margins.png,49803,
docs/research/figures/S03_band_study_proxy/plateau_summary.png,207747,
docs/research/figures/S03_band_study_proxy/redundancy.png,237621,
docs/research/figures/S03_band_study_proxy/selection_stability.png,164035,
docs/research/figures/S03_band_study_proxy/wavelength_frequency.png,83428,
docs/research/figures/S04_compute_engineering/s04_runtime_measurements.png,81062,
docs/research/figures/S05_band_research/s05_band_snr.png,57976,
docs/research/figures/S05_band_research/s05_cnn_calib_vs_heldout.png,129430,
docs/research/figures/S05_band_research/s05_finalist_sets.png,37149,
docs/research/figures/S05_band_research/s05_heldout_lda_budget.png,110846,
docs/research/figures/S05_band_research/s05_within_train_budget.png,120638,
docs/research/figures/S06_session_confound/s06_same_vs_cross_recall.png,67259,
docs/research/figures/S06_session_confound/s06_session_F_by_wavelength.png,71236,
docs/research/figures/S06_session_confound/s06_session_structure.png,50567,
docs/research/figures/S07_reflectance_calibration/s07_tile_saturation.png,83625,
docs/research/figures/S09_post_sweep_forensics/s09_fit_vs_heldout.png,82201,
docs/research/figures/S09_post_sweep_forensics/s09_network_vs_linear.png,92897,
docs/research/figures/S09_post_sweep_forensics/s09_per_class.png,75708,
docs/research/figures/S09_post_sweep_forensics/s09_quantity_vs_acquisition.png,132456,
docs/research/figures/S09_post_sweep_forensics/s09_session_F_reflectance.png,107925,
docs/research/figures/S09_post_sweep_forensics/s09_training_dynamics.png,250470,
docs/research/figures/S09_post_sweep_forensics/s09_transfer_line.png,98588,
docs/research/figures/S10_training_architecture_review/s10_fit_vs_margin.png,99871,
docs/research/figures/S10_training_architecture_review/s10_representation_probes.png,116352,
docs/research/figures/S10_training_architecture_review/s10_schedule_vs_learning.png,191626,
docs/research/figures/S10_training_architecture_review/s10_spatial_tail.png,85318,
docs/research/figures/S12_frozen_arms_reading/s12_frontier.png,128267,
docs/research/figures/S12_frozen_arms_reading/s12_ladder.png,103108,
docs/research/figures/S12_frozen_arms_reading/s12_noise_by_session.png,56986,
docs/research/figures/S12_frozen_arms_reading/s12_pathways.png,73840,
docs/research/figures/S12_frozen_arms_reading/s12_session_probe.png,93456,
docs/research/figures/S14_screen_reading/s14_frontier.png,109707,
docs/research/figures/S14_screen_reading/s14_fusion_weight.png,136811,
docs/research/figures/S14_screen_reading/s14_screen.png,103481,
docs/research/figures/S16_replication_reading/s16_dissection.png,95246,
docs/research/figures/S16_replication_reading/s16_replication.png,103442,
docs/research/figures/S16_replication_reading/s16_sessions.png,87913,
docs/research/studies/.DS_Store,6148,
docs/research/studies/S00_pre_refactor_baseline/README.md,3771,fdc226d3ca9f434e9a1256fb281584637099d54833c55667a26b4062bdde7932
docs/research/studies/S01_independent_audit/README.md,4515,8ae872a8ce51a117f91b103053e0656525c4e18531bdcc918001f05caad0a5b9
docs/research/studies/S02_architecture_protocol_revision/README.md,3948,9e535f8eb1bffb5a6e431d4394632d58fc8db742b9e2e75a3919bd14900b4055
docs/research/studies/S03_band_study_proxy/README.md,5516,1b47850f601daa69299945b89b150e9a9db94af26fb45ca34394b506a9fbf779
docs/research/studies/S04_compute_engineering/README.md,3872,dcec9b9c0274737ef3569dcc8cb7a45de33e5dadc3534a1ca8bf2637814586d5
docs/research/studies/S05_band_research/README.md,9735,6990a6ab2142cd3fefb4841281f408c9ab2872a3cf72aaa4c588470d2a05ac98
docs/research/studies/S06_session_confound/README.md,6971,48d8e51262f54924124823a88949f55fe2471c2d5e80018b15fdd87d758c079f
docs/research/studies/S07_reflectance_calibration/README.md,5682,4a662dccc937c25d3fbe8fa0762f356edd236908cae935e21a404401cb383bb3
docs/research/studies/S08_neural_confirmation/README.md,3475,ebe438071dd221d99adceb5a3b18203bfa68d2d5bd41c20240c31cd4ac80f10a
docs/research/studies/S09_post_sweep_forensics/README.md,26172,0bf3c4dc8742767b738defbe04112b4b88032543a4dcd8439a6259767f843107
docs/research/studies/S10_training_architecture_review/README.md,61718,6f2793c2f15adc251b7aae7d970139f2d3c88ae27ac5fa2f4480c55b0fdb5db4
docs/research/studies/S11_frozen_arms_execution/README.md,22016,610739e7a54ebe694853a56af1e534419e57f44d6595e91338cb0a4a51f2a211
docs/research/studies/S12_frozen_arms_reading/README.md,32251,5418db2fa8acbe743c918f6e7aabe242f922f09b9bcdf41c3c02fd7bc698c502
docs/research/studies/S13_representation_screening/README.md,24378,e0abd26eaea95aab1df21a53f1c697307731fffebf37ca44e4e17845966c5116
docs/research/studies/S14_screen_reading/README.md,26246,175324a99f827e3c501ccfd53ece6a788787a9d57305df0f12ef78c956fd049b
docs/research/studies/S15_y3_replication/README.md,10855,33aa0cce00ae1e66d94d70eb5c613227c3e3d0025e6ab2ed3120eaf45f048b83
docs/research/studies/S16_replication_reading/README.md,24386,b701200c7524101a33a837edac25bec791ea2121b4d6bc2c97a619153e8bd1a4
docs/research/studies/_TEMPLATE.md,1920,a36ee2149a7990850ff1ae226871aee3133e624817186b0be183f51d27a5dcfa
docs/research/tools/build_assets.py,78283,3906ce2ecd5287ca19d647174f70a9aebb9b8f77839b259560c75256abcb38b6
src/.DS_Store,6148,
src/spectralquadnet/.DS_Store,8196,
src/spectralquadnet/__init__.py,114,bb4735131cc70e97990857cca3f96ee30dc38c15764082962cab4d17d071e34c
src/spectralquadnet/bandstudy/__init__.py,3863,ad2134463107cd7c84edaa3fffa226508b3d87c095e894e3e4b885516d2023f8
src/spectralquadnet/bandstudy/analysis.py,57277,3c3d31fdb151e5873a9f74878fb8fe62e22205c0dcf6154e43f2dbb53d750723
src/spectralquadnet/bandstudy/cli.py,21595,a9e20bd1b44a07226166c4ca675150d081c1afdce1dc3fbf62eff5c0a09b120f
src/spectralquadnet/bandstudy/config.py,17469,79cda0b8cd520a81f7da96108d03d953fa9ff2f74fe0c1c7edf84e8352428356
src/spectralquadnet/bandstudy/data.py,14203,9e8f4fe551cfb8548e36aef356b2ce5468ac36b52439b5056f702d59b0332183
src/spectralquadnet/bandstudy/figures.py,22914,57e27c33e3edcef19403d742cb3eb3e7a1befb215f389d5618603d8c2a17b3cc
src/spectralquadnet/bandstudy/finalists.py,9351,a467b41aa5a8ae7e7339f79a191d7807ea0eaa73e8dfca10ed4ea22154a8d50d
src/spectralquadnet/bandstudy/methods.py,36347,98d801443b949be4c5f5ece9be004b7a0a7dd872e1c1946f0c2272f2b5bfc271
src/spectralquadnet/bandstudy/neural.py,14619,40622ff1792871d0f390d0c4ffa988d349d82607d35d72b371f906ade0500bc2
src/spectralquadnet/bandstudy/pipeline.py,30529,d861dfbbebf733a845dd58c6b02b31f1dbcb5c7da10f3b6df704706d6abf1860
src/spectralquadnet/bandstudy/proxies.py,10250,f5af06d5049cf578de9c5fec03df007f701ec3e28a65aba551d3f133a9e79e8c
src/spectralquadnet/bandstudy/report.py,43603,2276861e67d6fddfcd413fc123595a55f3762d850d2cde7415dc130c84954b31
src/spectralquadnet/bandstudy/stability.py,12264,338a79d59d0beff819e6068d418fa5769073cd3d236315a3f4ea15e6e027f69f
src/spectralquadnet/bandstudy/store.py,13410,3017d34a5d5ee229d104d09cfbcff331338250bdea775cc227604e7de3975ec3
src/spectralquadnet/config/__init__.py,79,e7a39a1f24727090007b6768167e7b9e7bae042865bfc24e65847a900f43c908
src/spectralquadnet/config/compose.py,3314,464ca55f1d2a4b8e448653d960fceb74970d1e4410d93856f112287df54d448f
src/spectralquadnet/config/schema.py,55040,e5e547d5c7e1578fe0356e0e3299c9636381e3f1e4043d38a3198591dea15497
src/spectralquadnet/data/__init__.py,639,c936ef2120a87bb33fbd1314b43a0ceab8125aa7f4840188cb1bb6c0f25209cf
src/spectralquadnet/data/datasets.py,29862,4cee7bb499792524a36e22bb81bfcf46dceb2c14d9d3a280f43761da3bfec2d8
src/spectralquadnet/data/loaders.py,49217,4a80a3082f12d59a90f7e59aec90e8cb8859cbeae9133f81abd1b9077ba85b4a
src/spectralquadnet/data/mmap_store.py,21247,9796ce7b77eec597c400d71096b973ef855fe2c3b676d6dc575ea25272602230
src/spectralquadnet/data/morphometrics.py,4420,35ac8c1d71dec4026e1a6cc46090979d5929522290e9d3de5eaa502c33b64eb2
src/spectralquadnet/data/prep/__init__.py,90,95cc4e31f4c257c730fabd52cbc5ab5187745b93ba4b6bd76c189f849e4f78f5
src/spectralquadnet/data/prep/band_selection.py,38267,613bac7d107b7e96f7a4913f9769ac2b2e83d06d753e78c46063b2db3e397e89
src/spectralquadnet/data/prep/config.py,12281,e942c9fcc680582f9e3141f10d27437bcc2bcf4468b0629abccd95f0673a047a
src/spectralquadnet/data/prep/download.py,989,92ba5c1fcce4bfcbac89dc241cd9b1a781fdec70d21afe0e2ea2441047aa7539
src/spectralquadnet/data/prep/patch_extraction.py,33703,abcc2027bcde4407d0c83dfe26e7d86546733148a6f2430b9bd48dec861560d6
src/spectralquadnet/data/prep/preslice.py,18025,1f21f527fb6a39ba0f9da5ea7066a471b0576acc121a759c94ac771ed9cd4f6e
src/spectralquadnet/data/prep/radiometry.py,13282,c586c9ca96064e7fa314b87014272ec86520d9a8b693d2ed5c15e0e5fda28ce3
src/spectralquadnet/data/prep/segmentation.py,7357,665bd44e3457ad3e83152b9d46e87abea93bc0f344b7ab21a96519f55aff694f
src/spectralquadnet/data/prep/white_tile.py,15806,1e6fa13bf244cb32edbbba7aac5a7b910773f6d04ee8cf0ab43a38df4b789b59
src/spectralquadnet/data/samplers.py,9660,bee1ad7d1605173e05afb14788fa627e23d36d0b55837f54f5cef79f9ee41981
src/spectralquadnet/engine/__init__.py,1448,d5ba5f3bb80b58d0a910da17cb7005ac9d48ca011db4a175809b4be9afa5157b
src/spectralquadnet/engine/batch.py,2636,7d1bd56d7f64b577d48bcd1d884f59b622a33c3a324ea8e3f1e12267c552fb38
src/spectralquadnet/engine/checkpoint.py,21897,f8ab1bd5cec140fd55726457f0b814543a87bf9fff33b543ff2754f4ba2b969c
src/spectralquadnet/engine/clean_fit.py,9397,3d600d8f9da932e6732f301258021fd9169e69881a3853c994aecc24d0fbaea3
src/spectralquadnet/engine/diagnostics.py,22169,524215da9f0aba491bea94e9d7d8414efa79b1445b9a8b49675aba6e984c6705
src/spectralquadnet/engine/evaluate.py,10273,b66d1e89d998c2fe25447e4a5a569676b052604ae710ebd0affcdc35d1f07a0e
src/spectralquadnet/engine/pipelines/__init__.py,2013,ce832a3da91f3c635d5e045d850c752d10a35016176be92e9a8bce7daabf68e1
src/spectralquadnet/engine/pipelines/context.py,17092,2f344f81eb4a565d89dd086c5a65740df7377fac4307b6a8eb4bdbdfd64f7cf2
src/spectralquadnet/engine/pipelines/single.py,8908,9bfbf6e92d241c18e8b30df4931fb5aacd56224890389080b289e8bfcd11e75b
src/spectralquadnet/engine/pipelines/three_stage.py,15197,286899baf3cbeb19ef28ccddfdd5088fdba252c217c82a8c321d3dc697005362
src/spectralquadnet/engine/resume.py,10085,3efd9ae1a2052960e50363ffb84d7ba084bada5e92173be2b945dba0bada8bd7
src/spectralquadnet/engine/stages/__init__.py,454,7bcc3d586a339f807526c550aed056710d4e15473569b4c868292649423dea1f
src/spectralquadnet/engine/stages/final_eval.py,17377,f2a3f5879b70d4174fdefdf7a226b3a0eda14a5ec2a9f0f758a44c4931076742
src/spectralquadnet/engine/stages/single_stage.py,21915,fa70e2798a6ab4ac2a28ecccb7035e6b30aa46edac570d74e50d9a1cfcb054e4
src/spectralquadnet/engine/stages/stage1_progressive.py,23464,042dac374ff45b4a68fbb67ba43b903ed6aea74f322ac9ef765bd2776ef5968b
src/spectralquadnet/engine/stages/stage2_arcface.py,14406,b7fa2506a54dbbbda48baf8f3f026632b2db6bb39074bfadcb52a528db32fa75
src/spectralquadnet/engine/stages/stage3_sam_swa.py,18134,e727364e392ae130256929e3ddf790c54361886d6631ff77c3bdd4315614a778
src/spectralquadnet/engine/train_epoch.py,41688,3b6a66388520d7ca866b9ab9a212732e9cfe0d32d65051a85f1b0a8b05f57242
src/spectralquadnet/engine/tta.py,7183,f0a2dcd7b6125a252907c2d87b33880076c54c82d0cac7ccdc5c1ea83d310ec7
src/spectralquadnet/experiments/__init__.py,2025,ba7d61b2714acfa6efd60c86742dc680b7177f0e871480d02e494c728f402cd9
src/spectralquadnet/experiments/aggregate.py,13236,9f101d9144034287d260f4dd94522b68e2a72322e4cd9ccc1a876e6cbf6bb238
src/spectralquadnet/experiments/analysis.py,18187,46c5bbdde337ee5873f8fa38c9cb5e6fac5973e8177e143e0d28cf9ff8d4d69f
src/spectralquadnet/experiments/baselines.py,8834,115709a07739b3effe582700f8aa889821f05ec20512c9030f398c76c9c454b2
src/spectralquadnet/experiments/cli.py,15864,1258d38c5aa9a79543f612436819fcd877c283cc508a0ec01659b1790bdbc304
src/spectralquadnet/experiments/frozen.py,16584,2769e14fd9ba1b787888a65038ba902ede717875a622a252b0b639a784565bb8
src/spectralquadnet/experiments/fusion.py,10493,5b853cbc5a8def9d1793f5de55347ac795ab6df35a0b41ed0afcd6b2d4992f1e
src/spectralquadnet/experiments/leakage.py,11970,39a70e7fa5dbf29379f188156e7647a781365537fc008026a99d5545d1e568ac
src/spectralquadnet/experiments/protocol.py,8367,6c8285726865c8549b49c99c4374ef154d51bf1c404724b026672fb69072e714
src/spectralquadnet/experiments/registry.py,20605,3da294dc0bdef9de597e2728d3c28dc7f8a26348a96bb3df03f9eef3dd624c30
src/spectralquadnet/experiments/runner.py,12729,da32035515b1632f666becad9424dc90a272675ef7533aaf3cc0598357bb2d2e
src/spectralquadnet/experiments/s13.py,18418,c505fc2578b972a9cb487223ee7e4ff7a7ebc1a072b32e8bdb3042f0b32cdfdd
src/spectralquadnet/experiments/s15.py,15558,3f8f6125b07fbd49569720c774cbf92b6f279670fe44139bac55da9d2b3d52c7
src/spectralquadnet/losses/__init__.py,596,03242a25309b9694508371484d73238918d19d453b3f0fa34de5fde673eca718
src/spectralquadnet/losses/auxiliary.py,16454,a3916669f20abe374822b98cb68e07f24e97c6e96e315812caa206062f951969
src/spectralquadnet/losses/cdws.py,1552,ae053b6a06941a3c28c3999f7a94ff4c386ad30eb277c6d1071cbdaed63a2b0e
src/spectralquadnet/losses/contrastive.py,4155,977b82205e70ef329a874c20cccb5d9d269caa64da87abfb54113e53a4031e45
src/spectralquadnet/losses/focal.py,2695,4808d63440608a31435fab5a8841eac7df0b5d17f094709e42ab194b04342aab
src/spectralquadnet/losses/mixup.py,5101,c962c67bb69fe4794b6c4d49220fe8cf00ab0faca0a72f07c484151acc8529be
src/spectralquadnet/models/__init__.py,1100,1d167140c20037cc852186dc3a0a574436a68166e6a77d2fd9be82ec4e995ef7
src/spectralquadnet/models/blocks/__init__.py,72,b2324b1169a610d71d15de1c9a9c9eab11aab6932add32cc9a443fb54ac0a5f1
src/spectralquadnet/models/blocks/attention.py,3953,5b7fee05e10a625d18b4bab21270901221715dfa138c964eff832d49230f530f
src/spectralquadnet/models/blocks/conv_blocks.py,3283,833fc3cdcba959e89bed43c9074c17330fd6b6fab0ec2accf9b04e9969fe13ad
src/spectralquadnet/models/blocks/positional.py,2779,3af967b23a7f362590bb5388e469e46b9c4f0362a7b9eae139943c4682d7204f
src/spectralquadnet/models/branches/__init__.py,93,0a201f81602288d0ae8c2f89bdc4b5d2d4e5aa805a41531ad1a2b4789331605a
src/spectralquadnet/models/branches/spatial_cnn.py,34261,1fa5cddfa23b5f80bcc60a0a11e27716dd313a2d5b295e8a48e6d522bd70d6a9
src/spectralquadnet/models/branches/specformer.py,17237,4212e80db0b305e81318370d82e2a14d05e7e7b0407382ae05a5d087eac9f6a6
src/spectralquadnet/models/branches/spectral_profile.py,8372,423ad73fdb56897874b97cc7d0d2f778ee892b259d2ac365cf3e762cf1e95828
src/spectralquadnet/models/branches/spectral_stats.py,16392,1fb8221375ecaa4c9fca2cdc243a4e7844d1224c8a40b78558a6846b53159539
src/spectralquadnet/models/control.py,2319,894e85cc4cdb17e7fb296c6c5c88f022f4ad3b88897c53bdbaecb98b13a10e44
src/spectralquadnet/models/ema.py,9425,53b702489edf7dc2810c76de2cc278c4df3c96008cf82cceef0be1a60dddf7bf
src/spectralquadnet/models/front_end.py,13086,9e41058a9d8b53563ff594e6d58e8436df22160933ed60c7b08f0ca5a9c2d212
src/spectralquadnet/models/fusion.py,11270,ea2e5140fcd40e79141a24da82ec777c9e3edba5f7f5fc8337ac2fa642f4cd5d
src/spectralquadnet/models/heads.py,27996,ef531911043ffd028b54799f94bea3734a480e729e465c4b68748c8761d0e7d2
src/spectralquadnet/models/registry.py,5719,1cf9ced8e1ae2e5f5ed6038c8c101168b75d68f971553fc06b34a4b3ace335ca
src/spectralquadnet/models/spectral_quadnet.py,27708,dd84e680f974c943a63051579abe7edba1f3adfe1e7cf7108241f3137ae738f3
src/spectralquadnet/models/spectral_seed_net.py,26494,4432f135be1c029d48334a9852dc324dd7a8353530c8eb1b4737b24085048a82
src/spectralquadnet/models/stats_ops.py,8250,570a0b2ab64e629e7c97eae87c365a0bc6a920029833aff1e39f28956213347e
src/spectralquadnet/optim/__init__.py,674,8eb9c982d498ee17d9fc1a2e3c3b1d813feb824a1b205a3efd0320bc0417af8b
src/spectralquadnet/optim/param_groups.py,14197,5cdf0499efe112ca18671ee863e5f07a1eddbb5b222ad3e364c8dca64ca78289
src/spectralquadnet/optim/sam.py,10348,8cad46d3ed406d0ad39f83e3c0c0b366c98b3b27d905f4d86b443a13f61570d8
src/spectralquadnet/optim/schedulers.py,10788,557b8472ebac289b1ff639b4284f13044f936e57a58a11d5b2abba7b55e5f0a4
src/spectralquadnet/py.typed,0,
src/spectralquadnet/reporting/__init__.py,1500,1df34c9cc6492b0edf78f9ee8b01bd7b2e82f3e7454465398322f8106a0998a2
src/spectralquadnet/reporting/artifacts.py,10120,9ca06975f644443d9ff859712e494426da3bde3ac85082a90f595de521990c1e
src/spectralquadnet/reporting/figures.py,10132,9c09cce9b828ec3edc5932a385c227a62f9dc03e7d1cd5827a260f3e8eac7761
src/spectralquadnet/reporting/metrics.py,10301,4cfa32c589fc7f0f6222cfe9b2231dfefa2a6cd5c0ba887fa4ee760c34d166c8
src/spectralquadnet/reporting/session.py,31869,cb8d0a6f57efe3ccb199ab711d5dfe482798c4cf38f5e7f885d67fbaf5ae39bd
src/spectralquadnet/reporting/session_probe.py,10035,d565e80cc15386629a15d371ba31bf36902304b652c82b31b10490095f70f915
src/spectralquadnet/reporting/tables.py,11729,b223e21715d8b314c29cc021bce521d9fb55d6acdd5e55837f38bb95c99b09e3
src/spectralquadnet/tracking/__init__.py,4746,2b007b14e5ab495d5c25318d4776737a887269fe7d834fd9f596dd37387a8fed
src/spectralquadnet/tracking/base.py,7728,c22f5e2e2beb2d224bf0e8d034b318bf12938376ea0fc6b8e19379dd2cb91413
src/spectralquadnet/tracking/console_tracker.py,24239,eddf2e00722f11a403d25d7f3298345648ca05aa51484606a4c38cebf754034a
src/spectralquadnet/tracking/global_step.py,7015,226cd383d305b4616f618ba67f64cf4eb725077685fd122b4af3c962c4f81625
src/spectralquadnet/tracking/jsonl_tracker.py,5927,83cb395619c1b1579a7bb12fb27b6eee78ac5a8884a625bc11c42c5548b66b14
src/spectralquadnet/tracking/multi_tracker.py,3134,c61bd4bc0449bc7c0f9f6f7b4bed0bfd854b50dabd43424fb2d34c5e2acbe174
src/spectralquadnet/tracking/tensorboard_tracker.py,4188,d3e2fc485685f7a7e4e066b8e3c4c2b600ff9d73fb10f43b3f05c86a171f9582
src/spectralquadnet/tracking/wandb_tracker.py,4315,a064669e3d86614ee46560977dcdb7a0ccefa89782c01e6641fe49f43ed9e64d
src/spectralquadnet/utils/__init__.py,60,c9652e080784a0d7aad01cfe3db94c4f3bd0680032da080352f4789887e5821e
src/spectralquadnet/utils/device.py,44049,7eeba011f3ee4294b137644d0a1d22b1d09cb42225a626955a17b9cc1bd7506d
src/spectralquadnet/utils/distributed.py,12476,5c2154a2eb6ef7442915d2855fb10020b19a983794a4a59585cb89579e462304
src/spectralquadnet/utils/provenance.py,6193,1db0164a806350d42d744c63bd75b1cc3dab385b28328cffb1609e6ac4392a15
src/spectralquadnet/utils/seed.py,1909,4c4ac70563ffc1f17a2a1a7b094260118fbeaa1f8a0c62eeba382a4152a3b68a
src/spectralquadnet/utils/warning_filters.py,7727,caf3429a186a399dee225942815aaebbda77608d8daeff1b9ccad7ca8c26af52
src/spectralquadnet.egg-info/PKG-INFO,39217,
src/spectralquadnet.egg-info/SOURCES.txt,4585,
src/spectralquadnet.egg-info/dependency_links.txt,1,
src/spectralquadnet.egg-info/requires.txt,315,
src/spectralquadnet.egg-info/top_level.txt,16,
configs/.DS_Store,8196,
configs/data/ablation/README.md,2464,594c3324115309bdbc96f57c4811212d07c4f942e14dbbc30ea54c10678ac330
configs/data/ablation/spa40_audited.yaml,4458,8d4e495a0d51c908377c0a50e382dab0752f174317d4eab59168336147b8ab82
configs/data/ablation/spa40_grouped.yaml,5488,545e9bcd1318fb6892786db415a27de58ff5b72afdda5fe3d40e31cf9b6c0f71
configs/data/ablation/spa40_stratified.yaml,3369,d8c5faca1cb7a970da78a599ec23d258d2005982c68b2f16c59a95ffaea821e2
configs/data/ablation/u430k32_grouped.yaml,2712,d69d7fe066884691cebd8b5e0bb67aedbd1017fac9819399257bf213b1a6d876
configs/data/ablation/u430k32_stratified.yaml,2693,865ed59e974bc28c57497d8aa2608930fc7ca3725483ba4629d7252450f9524a
configs/data/refl215_grouped.yaml,4978,b2fb74c4ebf9bb369b7cea56eb863c2b1b111e6e59ed04260b5b3ccdce00fe4c
configs/data/refl215_stratified.yaml,4285,267a72166f3b56019dbb07f92025622928b9bd6ab0c365bf4d934e2992716e72
configs/evaluation/audited_replica.yaml,680,69b7eb3a25818b691e2e594847a505588cb227e9ada6a45ba916c5424ef0959e
configs/evaluation/held_out_once.yaml,1445,f2c69638d74ed00ecf23cd43217cc1d05685f008f84cb03c89806cdf217e3f4f
configs/experiment/quadnet_audited.yaml,2968,3540e4a0b566ead0420ceb47c24b2af110adc7dbea5b2758a36dcdf341b61214
configs/experiment/quadnet_full256.yaml,4285,7f79c28a9999429b7a2d350b48a4717a5dc4ef8fa4a7370b4356f246ade07947
configs/experiment/seednet_full256.yaml,5716,10391afd7f2feebc53f4e2fd644c7114e59e399ec623c5d9a73c0f3ff86cd6d2
configs/model/quadnet_v4_audited.yaml,7379,b23cfbb856ddc2a3cfbe446027d1d25bc21176666a7902a8d259bf2b87c51f60
configs/model/seed_net.yaml,7746,a17ae11286c137a299c5214abda220c758587ae9f46aa08685c9b394de3827da
configs/runtime/default.yaml,389,c1f03864a16a01b672523acd94efea614357b69a1c3908fe8afd285af3270726
configs/runtime/kaggle_t4x2.yaml,3882,e49a5245ee92af2a0790fca4d53a844ca00412c718761445ca5e01eb9f1ed034
configs/single/one_stage.yaml,5282,8cf35455fb303e20729d5ef163a55f8aa5b4d3f1096a9838bd9d8f81af413553
configs/stage1/progressive_3phase.yaml,1558,df0be2f7851deef1c5d57fc7c2e2f02e4e0d4cb3b3dbd203bc4b0cc8d494de60
configs/stage2/arcface_supcon.yaml,1317,9cdabb53848ea2c013e606ee157a0a227b098dbc0e144790fb3540758efddc49
configs/stage3/sam_swa.yaml,644,291a463051cc079e0d07a7083a9897332c32078fb9a56231ed964280515b9b3b
configs/tracking/console.yaml,225,867c845047b57da5d0bb503f6521d2e3ebae7d18631a617c4c6b7a9db234e609
configs/tracking/console_jsonl.yaml,285,3c21cf2be1cd4c215dd7e59d57449cdf4a1270f0d0d762e1aec8c2d2e1973b8a
configs/tracking/jsonl.yaml,431,30b0f4d94116057064d03b2420c96397ddf0f6a2028bebbdc14d7acaf76581a8
configs/tracking/none.yaml,130,82ce1e6837fa1ecca1fd51dbfa853eb16bc74b3620c2c4467419a9d1f0a62e89
configs/tracking/tensorboard.yaml,364,cd0fadc722f2b8c2e95c745fdd057b107af1dddb97431c7eb4922c128e5d08bd
configs/tracking/wandb.yaml,431,67986facd67579065fad718110bd4391117d27b989f0e3d2169116144e401cbd
scripts/_baseline.py,3718,10b1a2ced61ec24419a0d203b46500110c0c403ab37ec1ad30c8c32124ca393f
scripts/benchmark_throughput.py,9292,f67a69ca13a995f731496dfa8bd1f842f98ccad5d09b785228e535b71d9b04c4
scripts/bootstrap_ci.py,8955,a1e8fb47d96ec45b1d11b0e7659dc368c59e4aa0dc75c69073763e257a70c694
scripts/build_presliced_dataset.py,4565,99195431db2fed0b7b95d1c333b45c82e04febbcecc13ae9a00d2fbfa2f5239b
scripts/capture_golden.py,36890,1db10090661a9a52f2750596badd8b39c347d2a1cda74a2c1a18b56399844218
scripts/check_ast_no_op_move.py,63275,0d913e1e60cf84ed62533584afb40d49187c88b042044a9db57d66d245fa895e
scripts/check_config_roundtrip.py,41172,9e17afd656819dfc3eae16c3e7204c680ec0b04a04ff74d537c21a2b5ddd3d14
scripts/install_mamba_kernels.py,3382,83aedfbcd31ff44a3d085cc6de571c3abcd47123fd87caa86f47edf42f41a8e3
scripts/phase0_eval_checkpoints.py,10231,5423ba3d6bf77da5d20e30b08ec3651b0ba608e76a975ba6f7d22f79142d3d53
scripts/phase0_group_audit.py,14728,aac70f3a270852ed8dfe0d8fecd77fbebdd43541041b70343c84d5edc74d8b61
scripts/phase0_probes.py,36021,691e99ecaeb46ca820139b9ac0190081b53a9e19d88148fa06ed2b96802b4a72
scripts/prepare_dataset.py,7280,a508cc06497cd82ef7f688860504e0893ab52ee18013e3c0940ec2c395447982
scripts/run_band_study.py,1592,5ddf92eaf4c1a4f484ff465bfda6ccd39f41fcc940f5695d2d4c20c2c0f003e3
scripts/run_frozen.py,6566,b236662e96e55cf34451cd66a21fb4e960cfc6efab2e7dda08290a39a1700829
scripts/run_protocol.py,9825,380543d17a241afea7b7486a8847d69eaaa7a198c9cd3b5c7aa10676c60be937
scripts/run_s13.py,9280,e84509a702a382803d97af73426d11309d8e577d7a16ecc19b32d27c849ea2d9
scripts/run_s15.py,8598,fdff045d036a54165e9c8e028a0ea06453c87b214637dcd8b8f996a18e05e220
scripts/select_bands.py,7366,8193cc9e9a161e7862108a2db8770553037b44d97824e6a3b5338775a5d36d7b
scripts/write_finalist_bands.py,2856,39b961746009e3d626c45bedab497de3b1cda52a80b0a200505696b1d99c0dd6
tests/.DS_Store,6148,
tests/conftest.py,14833,c81784dea3e7f2083d80b4c249064f6fd0ed0febd03f06be512d8f4551c78180
tests/regression/.DS_Store,6148,
tests/regression/golden/README.md,3139,1d0dc93c6c38c08f41ffff7a2fe56d1c7f1a2a9ad0300888fd8a305066ebb3a0
tests/regression/golden/forward_logits_seed42.npy,1568,
tests/regression/golden/init_state_sha256.json,37060,7fc37ea9a37a853870c3ad971ed82c665998343865110c7aaf26f1be491d6cfc
tests/regression/golden/physical_wl_primary.npy,988,
tests/regression/golden/physical_wl_spa40.npy,288,
tests/regression/golden/stage1_epoch1_loss_seed42.json,217,895660a83f5527ec583c4c3b4255f8bc1a9e3f58ce37d0ffd99837a45e444f9d
tests/regression/golden/v2/README.md,3121,97488ba2912840a60b6f476302d6468ab0bbe151a58af783de8175af840e5dce
tests/regression/golden/v2/forward_logits_seed42.npy,1568,
tests/regression/golden/v2/init_state_sha256.json,36970,970631498936501a39fdf75d8944d8fccfc9d7ccc74cff8dcbf7d26de1ae094f
tests/regression/golden/v2/stage1_epoch1_loss_seed42.json,217,97d43fbddbe3eeac2551ba831681e4d1b9e0ae5625c77d15b2b738689c3bdb9f
tests/regression/golden/v3/README.md,5803,b365973c02d88c70607b3ad2924f9484cc0568404b4800418aa5b59b00d5d735
tests/regression/golden/v3/forward_logits_seed42.npy,1568,
tests/regression/golden/v3/init_state_sha256.json,32063,1e174130f122bd88f0c8ba283f415f1093b766cc57ce2f0d57eadaea77d0bae9
tests/regression/golden/v3/stage1_epoch1_loss_seed42.json,217,516006cd592bcf5a2db5887c973d187f6a7cbc2aff5c22c41886a1c8393daec6
tests/regression/test_golden_forward_pass.py,10397,fda71b27a30f60b436257f51a82235869e5d4b3d80d6be4950eb78a5ea1b8184
tests/regression/test_resume_and_final_eval.py,11565,c561e5cb03592f63928144db5dfcdac21cf1ba908bd04756577559e7b58d1463
tests/regression/test_state_dict_compatibility.py,8814,f39798d3ea29e8883e370b5610c4fbe2cbe56b33f7fda7304a49c7b6166faed3
tests/smoke/_helpers.py,5518,7195c55ef74640c0f46f7162494ab8787f885f469c2cf99626225dff6148396e
tests/smoke/conftest.py,6336,bb70478df65a538d663936014be2fb1ff83d52b0398b8dc767a7b5325c19e117
tests/smoke/test_band_study_e2e.py,7617,3773d8b4dac9dda757b5d2818fa98b7504ee0c8911fcaa2df58aba017629d407
tests/smoke/test_drivers.py,7974,dab7d98042a31767d72468bb36ef0ccffa895b279c642266731b4caf7a7ce5a1
tests/smoke/test_end_to_end.py,14348,f7bcd61c6fcc34a3f6f61ff47de68d1b86ac9dd30629bd0d783b13a5ee2a8a21
tests/smoke/test_kaggle_path.py,5219,cf89cf19d35f51443875be1921ca1d80acbac36ddb095fec8746fabb1b07c4d4
tests/smoke/test_s11_arms.py,6459,9aac95ebb10a2a8f9843a7837294cb3cb292a481148aa704b9ae906bf9c5bd26
tests/smoke/test_s13_arms.py,4909,96bc20a375946289cd057f44f9afa988898c809bbc09a25cc49b56fb3949029b
tests/unit/test_amp_contrastive.py,5236,4d1b75a48d3f00ddd41656c37ce6ec686924d52b6427eb8bbb0718d44feccba8
tests/unit/test_amp_precision.py,29392,d3c4a4eca5e3c0f5bbd0f7ffc12b91ec053c074d98d87af9b50b240cf7178d3a
tests/unit/test_arcface_head.py,12242,fd65a476e89f8e809de6e0d88be8919fad4f0c33e34b051ea33ade7ab7e77814
tests/unit/test_asam.py,11866,f381f62a039a808828b21d56248785dc67edf18098cba9128168513c5f134f61
tests/unit/test_band_curve.py,8863,bfc0b50cab987d08d06708e531d6520a3c03ed3f0fb89a1c5d10805a5934fc07
tests/unit/test_band_finalists.py,4300,99ce0c9f7997d31134695e09e12c31fae65408181b7e7da90285eab66ed5b0a7
tests/unit/test_band_study.py,22411,5b97d8af5e000b0eb9966f70fa0e333bac2ca82ef475e86f65b4d4def47d61ea
tests/unit/test_best_source.py,7900,1fe446e10bc7d50eb273514f410b9c42162b70fc5194b1caefbac9f391e3a626
tests/unit/test_bn_stats.py,11472,39b4dbf6feb3beaf4083223b836d31fb1e8d9150c7032180c2bc6d7b503ffca7
tests/unit/test_branch_c_stem.py,13660,c17389f8cd8d4bc3308ac188f91a50b4a4dc5a6066bb59f8252f26adde90cc05
tests/unit/test_branch_drop.py,15332,e0879a045063d51e4f380eb9364aed47121fab3bac91a595591541dbbe0210c3
tests/unit/test_branch_inputs.py,8240,137bdd3a74cc5c59345f7fc1faf292ca8f6a13fbb695f8aba045556b8eaf3a4c
tests/unit/test_calib_split.py,10627,180ed95c1215fe86d3b2807f8e9a845048bef0fd35f6a28466c04b8d5480a97f
tests/unit/test_cdws.py,3621,00433cc935ce3bf69e4ba97d92a095a642b556a39a6efd29c2d3815846043a37
tests/unit/test_checkpoint_race.py,6985,01478c4d5b72a2aa7bf9d8a4d242044f5223f9983640379025907f29037c76f5
tests/unit/test_config_wiring.py,15451,970e53d6d51e52c03ecaf7816bc69e700bafbb7313f107ea61c752cd8ab9e03e
tests/unit/test_cutmix.py,14881,923f3b40eb142eeb7de636b534e828f5c21de37a13db6a7a80bc3bb907b5b37e
tests/unit/test_dataset_facts.py,12876,2b4451bc46f80459f74927c82b5345f5e5247d4c72023accae463ef7386e88c3
tests/unit/test_device.py,10457,0253bb7c766f73bab3fbaff49a37c0c21c9de7209e48c5fb39fc49c8eb6b1a54
tests/unit/test_device_placement.py,11386,3e48b3c84a28e2497df865b4094c7c88756f608f822f090f945a21f91ba5e946
tests/unit/test_diagnostics.py,11193,579c3eb2717a913b68b9daf28228aedb14485133aa263060a2bba65f97f2dbaa
tests/unit/test_experiments.py,19481,8064350d659ef18c381548a8d3679e7f9b7ad9bfa363a8b30dbe5add3cc4dfe5
tests/unit/test_focal.py,9266,09630bf774a9bd2bf8e7c035f4255a60357e8790201ed1abec6c7100d1c14acb
tests/unit/test_front_end.py,11163,7a8b469917a83db5219d6161fc2535b38a8e75ec126d65e058d735617cd85298
tests/unit/test_frozen_arms.py,3645,d4ffc89da8765ed0b12c352a7a99c638dee13c3920a0632169d95707ed5e0211
tests/unit/test_fusion.py,9285,79d6b9270a443db3303ef0d5e9bdea05609eecf2db8e4ba648a25e0b4e52ac02
tests/unit/test_global_step.py,7433,1278daa07c6d9d2a3af4b786e652e305141a6cd29cd03d19868da9c027ffd741
tests/unit/test_grad_clip_groups.py,6958,96a98ddc98b1201158b2f82b1b7157ab935980f2b179564a9da98cae169b8aae
tests/unit/test_gradnorm_aux.py,7573,d6df4d77f27d6a5efbccb69781f72d6b4a0e4778264e8a60b7258756ec00dae5
tests/unit/test_jsonl_tracker.py,3365,0925a8416f7b435343923eb65cdb7e19fbdc693e1992bb9f07b20fbbdf4e7063
tests/unit/test_late_fusion.py,6378,8a8e97348f4df9b194110993d7912fece5839bf99022de342c232cb7d0d12465
tests/unit/test_loader_lifetime.py,9013,4dd718f952f79f9fd78dcfeccc463cc7842b2c29156c39c724e8aa18322e73d8
tests/unit/test_margin_rule.py,12247,69a36b88bc5caaee9b4f61194f2acb5cc76a948da7ecc403781bfadba64b096b
tests/unit/test_masked_ops.py,16885,8ca6cde71d99eb21339a2cdbb326b352b720b0f5e38bb6246921c5a461b0ace6
tests/unit/test_mmap_store.py,12100,00ba18001fcfa914f806e331cbb7289363f8af2ce3285363af718f9303f59b19
tests/unit/test_morphometrics.py,9439,17957031c9e9660870cf4493da839a727f786b6ac34bccd61fb47773c7b4b7f2
tests/unit/test_observability.py,9228,942fa82b4c0d56d5b008c020288ba2e13b1d2208789ff2a0d470ce66e33a398d
tests/unit/test_patch_extraction.py,10225,4115eb9952457079e17c3a72dc147b7a58ce66128175d2449d8422b8536599d8
tests/unit/test_perf_invariants.py,24253,4afbb2995988cdb3d36d19ff81f19f9514f598b57e200fcb130ebb3b997da8a8
tests/unit/test_presliced_dataset.py,8288,29a98e2efe793f0bede15745f66d742d696348fe9c0a83afcf6a9fcac749349a
tests/unit/test_protocol_guard.py,16035,f4c25c1a23183ddbf97c4af34dcbc6b424fa7bb3a286900bca27194a6234a09e
tests/unit/test_radiometry.py,14296,df2590f7ce94c54f782ae4688bf5d290090aafa7a5a4339ff895934d4396e569
tests/unit/test_reflectance_extraction.py,13404,95438853815204778293d2793792dd936d39073d8b50524113c34d79292dacc6
tests/unit/test_resume.py,7422,faf56f49c002f9e089d502d0141366b02a3d4fc2b0c8f5a41544d4cf94c1ad6e
tests/unit/test_runtime_optimisations.py,15526,d45c906814b53a6abb61df8beccba4403a9132865365bf25ee16ca3b23a88754
tests/unit/test_s11_instrumentation.py,26741,c6ec0a868112da0c9b0650b8e0889b591a1f9efd75762f8ee94a417705690915
tests/unit/test_s13_model.py,12604,da584d9e2d1c53cd1623cf88a79d480e119aa691a1b40590e442bca6e6c8f6a5
tests/unit/test_s13_plan.py,5014,b243418b9c864bf1514a2ba4882afcabb8842256122b4e9e9d2ab5d6025237cc
tests/unit/test_s15_plan.py,7369,6ea34ee55bf25efa9ebd3017f5a79471ca037934fe63d5f910f12c33751fb6e0
tests/unit/test_schedulers.py,13562,9c3681d6c50d24721497ae815a0eb0fad22039c6aab61e56a09710152c2b35fa
tests/unit/test_session_probe.py,3767,7ea84a094b387899c8bfbe42b36bd92887e7f570a5f610f3f33c2fd6be8527a8
tests/unit/test_session_report.py,15860,08a4a82f3e4c6ecf0b66a150ec4b48b293b070ccb11821ca736420e48c95577b
tests/unit/test_single_stage_schedules.py,8155,a149514187d80c97a6e5cb4dd766af7f69f05cb95e8bc85babc4a2511993d9a6
tests/unit/test_specformer_lambda.py,10526,cae50105910670c813272c35211d3a90f8d3f136ee88e7617258b454bda3de12
tests/unit/test_spectral_seed_net.py,16915,2c037185a66df56e2267ba7c86902ee5540ab8ee9cc9aa00f91039f2dc0fbd5e
tests/unit/test_splits.py,18387,006050e5fb9bef7d261421663e76a3478a9cfa69d53f66ca469f253b3868042f
tests/unit/test_stage3_sam.py,16504,1a3fad70ff3c9c92d7a878ca2bc9b91429aee999e306c3a6df72cd74ed68a9cf
tests/unit/test_stage3_swa.py,12356,e48cbfe174658b217462e9e50c3c98328a3e62c5a54118e5af6797a03186a311
tests/unit/test_structural_defects.py,7758,1133240ae63b7e20f89b9317730c658547ec541c94b385c20c4a4dc024d275e6
tests/unit/test_subcentres.py,14880,f2e777666704d7a5cf637d4509c272def2716033eacf1227b1b8eb30d6844e56
tests/unit/test_tracking.py,20862,a18f11dc5e60908cfcfb0734448cff8059f5cc4a08ebf116263d1ba760a372e7
tests/unit/test_tta.py,9440,cc236dabd3e13049537eb66bf2e4eecb01d9c208020d8786d11938df3ee98eaf
tests/unit/test_unified_head.py,9355,f1d7dda1f8ce0bcedb16f2c423f895db1c933607ad04a2f1511089a81ef6448c
tests/unit/test_warning_filters.py,3212,947e0c1c36f92795af036fc890820efee585fb575e4d24042923a11aee597252
tests/unit/test_white_tile.py,10255,1a953c31d98bc3c17799f7c8969735c473fa626227d5a148a7ff8c3cc81ce760
notebooks/README.md,1919,574b73e9d7872060c4c968b0ae2134478968c3cd524c821537093bd8587437b5
notebooks/VIS_NIR_hyperspectral_modality.ipynb,2182746,
notebooks/embedding_overview.ipynb,841641,
notebooks/pipeline_overview.ipynb,1882477,
outputs/.DS_Store,10244,
outputs/band_finalists/manifest.json,9833,5cc1623a1d225c941d57bbf9ede3a2e89ffee0c7b1f98d13ee3235be009369dc
outputs/band_finalists/uniform430_k16.npy,256,
outputs/band_finalists/uniform430_k16_wavelengths.csv,256,90f7602cba7b68d0f611f593d05d374d38eb95e7d8ab9eb2ba5d1c25b62d75bd
outputs/band_finalists/uniform430_k24.npy,320,
outputs/band_finalists/uniform430_k24_wavelengths.csv,373,132a723748321b7e5703424d5c66354099729375f0b76c391c1067caab72b105
outputs/band_finalists/uniform430_k32.npy,384,
outputs/band_finalists/uniform430_k32_wavelengths.csv,490,a1e8bcf0594a269bb2904a0a1b91cdf71f2d2d182a4c015e191ccfb4c8d120b0
outputs/band_finalists/uniform430_k48.npy,512,
outputs/band_finalists/uniform430_k48_wavelengths.csv,723,771623ded54304077ce1449391c4c914f84cfbb6320853e46b16f31d9e32a7dd
outputs/band_finalists/uniform430_k64.npy,640,
outputs/band_finalists/uniform430_k64_wavelengths.csv,957,d30463b2dde842c8b2bfc3294121ece09f76a23228436348498c9c04729c7eeb
outputs/band_research/a10_confirm2.py,2216,6a788ddbe2908e898b3ede192768707a6b7ffdfa1a0ae17ffc1f6fc2ad370bae
outputs/band_research/a11_cnn_heldout_summary.py,1002,babed74c3d7ef1b8435604f412ca4301d940a2ba5f5b0dc76234ffeab90224fe
outputs/band_research/a1_spectral.json,25328,9ded7fa5ba89e90dcffb15023b67b614568520870771f0585c67744f137aeb7a
outputs/band_research/a1_spectral.py,5178,27a0057f397ab5659aba0f0e1d327753d4f38fce67c6e3ff231669e148a05992
outputs/band_research/a2_proxy_check.py,1667,3d189896a4c98a85470b5a2ced8ed2c91b4dd07800da6c7511ae3735daa56fdf
outputs/band_research/a2b_where.py,2137,8f6df7d7c54f41e3b87ccfe0831981a61e9749f6dad6c48ea9784e694778b2c0
outputs/band_research/a3_budget.py,3451,e6d92404ecfe1bf6b85e108cea5b8781d73b68360c9715afd72c0e7d882df34f
outputs/band_research/a3_budget_all.json,769858,6874c9addd50710e2f9aef8e66a8600569c62531e84533988b3d8b5ed1c4f348
outputs/band_research/a3_summarise.py,1214,3b41c2c6bd093cc320a1c3841642f094249b7b4149fe2b0b7ef00066f9fdd7cd
outputs/band_research/a3_summary.txt,6746,
outputs/band_research/a4_snv.py,2404,69781dbe54946e05e96ab76d35f85805e81c37a2b884404b37291a44ad45b7cc
outputs/band_research/a5_cnn.py,4807,e8207203a9620fc0977e98b4a892aa37a28c09e89e034f0821c40d6f389bc9d8
outputs/band_research/a6_globalstat.py,1922,6158ee3bde7741557a4ce1197f7e5975e02b90db403b15528b19c4fc3e33f886
outputs/band_research/a7_confirm_lda.py,2408,d54b320b4a411256dd3523aeab7b41c4157653fd94c6feb6f7280b19046cafdd
outputs/band_research/a8_session.py,2029,c20eec0d6bc933b9ea89c8036619f0cf3880b1f4fba1faea4636adde5d2fd8ed
outputs/band_research/a9_session_F.json,5086,2a8a2242074076ed6f7720df33361d0d92220f8e285e6b3a56f4f5917b5b1da2
outputs/band_research/a9_session_bands.py,1688,bfe1aa7f4abd15f6db812015c18234f3b66af9eef571275e8c72cf6a21badd69
outputs/band_research/arms_cnn_calib2.json,10616,31a13e7a38eb8b9df37743b8a783b02ba1121622bb3350fb4002cccf20d7c134
outputs/band_research/arms_cnn_calib_u430.json,3109,be4680dac22b9e6dc644dbd7e7c73fce861bb5b209e59f839190d0a2b27ffaba
outputs/band_research/arms_cnn_heldout.json,10408,b34f1f7667d0a6fcec9c072b398629e2cd34a60ba7bf5aa07f18a5d1c61484e5
outputs/band_research/arms_cnn_uniform.json,7160,aecf8482b831710168b41529c6f762320818ecc3288772702e36bd0e85bbc4de
outputs/band_research/arms_test.json,321,59c1aba378c01d81ef52bf22ed3c067429eeaedb96ce0ff27252065b7e5bba04
outputs/band_research/bandsel.py,3401,6f008a1213f2fe9249c1d78d0daabe1dcf1e4e05e2392c0cfd741aa3f3227cf2
outputs/band_research/cnn_calib.jsonl,4799,
outputs/band_research/cnn_heldout.jsonl,7711,
outputs/band_research/cnn_test.jsonl,235,
outputs/band_research/common.py,1160,27b17b7bb87452f618ad67099e41d443fa92d3fb0fb74f1f0693a97b96ed6e34
outputs/band_research/confirm2.json,11894,62d06b69e4dce13397868ceff3ddda793e9ad2effb4009345a141b5a7d65d8f8
outputs/band_research/confirm_lda.json,17825,c1532be99bdbf2f88d0a1093d302958c58c1af7aaac17e28d71c0c648052c778
outputs/band_research/decision_rule.json,1501,6af013a0664b0c8b7722457d838e639c3d30fa84cd9404f703935bba428669ef
outputs/band_research/extract.py,3932,71a7ad01170c32307caf34b5835edce59ef18e39c69f32312c9518f4bed8c1b1
outputs/band_research/glw_canonical.json,2374,306674a15c2c95924decadea704e0378a634ce2f3a37f69df35feae9eca18a57
outputs/band_research/make_prereg.py,3513,f8cd831d07ab1286ac15746ef3cebf40a4aca4d166531204d1da132af70d1174
outputs/band_research/make_prereg2.py,2630,18a54e0f4d8aa95d1e4ce4e072dcd104191ed1ce9abdfffebab671781168d02a
outputs/band_research/preds/calib_uniform430_k128_f0_s1.npz,2142,
outputs/band_research/preds/calib_uniform430_k128_f1_s1.npz,2126,
outputs/band_research/preds/calib_uniform430_k16_f0_s1.npz,2148,
outputs/band_research/preds/calib_uniform430_k16_f1_s1.npz,2132,
outputs/band_research/preds/calib_uniform430_k24_f0_s0.npz,2133,
outputs/band_research/preds/calib_uniform430_k24_f0_s1.npz,2121,
outputs/band_research/preds/calib_uniform430_k24_f1_s0.npz,2126,
outputs/band_research/preds/calib_uniform430_k24_f1_s1.npz,2118,
outputs/band_research/preds/calib_uniform430_k32_f0_s1.npz,2110,
outputs/band_research/preds/calib_uniform430_k32_f1_s1.npz,2094,
outputs/band_research/preds/calib_uniform430_k48_f0_s0.npz,2161,
outputs/band_research/preds/calib_uniform430_k48_f0_s1.npz,2126,
outputs/band_research/preds/calib_uniform430_k48_f1_s0.npz,2116,
outputs/band_research/preds/calib_uniform430_k48_f1_s1.npz,2098,
outputs/band_research/preds/calib_uniform430_k64_f0_s1.npz,2135,
outputs/band_research/preds/calib_uniform430_k64_f1_s1.npz,2117,
outputs/band_research/preds/heldout_glw430_k32_f0_s0.npz,10441,
outputs/band_research/preds/heldout_glw430_k32_f0_s1.npz,10448,
outputs/band_research/preds/heldout_glw430_k32_f1_s0.npz,10436,
outputs/band_research/preds/heldout_glw430_k32_f1_s1.npz,10375,
outputs/band_research/preds/heldout_glw430_k64_f0_s0.npz,10367,
outputs/band_research/preds/heldout_glw430_k64_f0_s1.npz,10364,
outputs/band_research/preds/heldout_glw430_k64_f1_s0.npz,10443,
outputs/band_research/preds/heldout_glw430_k64_f1_s1.npz,10392,
outputs/band_research/preds/heldout_glw_k16_f0_s0.npz,10541,
outputs/band_research/preds/heldout_glw_k16_f0_s1.npz,10589,
outputs/band_research/preds/heldout_glw_k16_f1_s0.npz,10479,
outputs/band_research/preds/heldout_glw_k16_f1_s1.npz,10502,
outputs/band_research/preds/heldout_glw_k32_f0_s0.npz,10486,
outputs/band_research/preds/heldout_glw_k32_f0_s1.npz,10434,
outputs/band_research/preds/heldout_glw_k32_f1_s0.npz,10429,
outputs/band_research/preds/heldout_glw_k32_f1_s1.npz,10466,
outputs/band_research/preds/heldout_glw_k64_f0_s0.npz,10431,
outputs/band_research/preds/heldout_glw_k64_f0_s1.npz,10433,
outputs/band_research/preds/heldout_glw_k64_f1_s0.npz,10347,
outputs/band_research/preds/heldout_glw_k64_f1_s1.npz,10385,
outputs/band_research/preds/heldout_repo_l1_path_k224_f0_s0.npz,10479,
outputs/band_research/preds/heldout_repo_l1_path_k224_f0_s1.npz,10471,
outputs/band_research/preds/heldout_repo_l1_path_k224_f1_s0.npz,10408,
outputs/band_research/preds/heldout_repo_l1_path_k224_f1_s1.npz,10424,
outputs/band_research/preds/heldout_uniform430_k128_f0_s0.npz,10431,
outputs/band_research/preds/heldout_uniform430_k128_f0_s1.npz,10466,
outputs/band_research/preds/heldout_uniform430_k128_f1_s0.npz,10389,
outputs/band_research/preds/heldout_uniform430_k128_f1_s1.npz,10441,
outputs/band_research/preds/heldout_uniform430_k16_f0_s0.npz,10591,
outputs/band_research/preds/heldout_uniform430_k16_f0_s1.npz,10576,
outputs/band_research/preds/heldout_uniform430_k16_f1_s0.npz,10473,
outputs/band_research/preds/heldout_uniform430_k16_f1_s1.npz,10514,
outputs/band_research/preds/heldout_uniform430_k32_f0_s0.npz,10377,
outputs/band_research/preds/heldout_uniform430_k32_f0_s1.npz,10413,
outputs/band_research/preds/heldout_uniform430_k32_f1_s0.npz,10429,
outputs/band_research/preds/heldout_uniform430_k32_f1_s1.npz,10429,
outputs/band_research/preds/heldout_uniform430_k48_f0_s0.npz,10424,
outputs/band_research/preds/heldout_uniform430_k48_f0_s1.npz,10408,
outputs/band_research/preds/heldout_uniform430_k48_f1_s0.npz,10349,
outputs/band_research/preds/heldout_uniform430_k48_f1_s1.npz,10386,
outputs/band_research/preds/heldout_uniform430_k64_f0_s0.npz,10455,
outputs/band_research/preds/heldout_uniform430_k64_f0_s1.npz,10447,
outputs/band_research/preds/heldout_uniform430_k64_f1_s0.npz,10404,
outputs/band_research/preds/heldout_uniform430_k64_f1_s1.npz,10409,
outputs/band_research/preds/heldout_uniform_k16_f0_s0.npz,10529,
outputs/band_research/preds/heldout_uniform_k16_f0_s1.npz,10500,
outputs/band_research/preds/heldout_uniform_k16_f1_s0.npz,10523,
outputs/band_research/preds/heldout_uniform_k16_f1_s1.npz,10487,
outputs/band_research/preds/heldout_uniform_k256_f0_s0.npz,10474,
outputs/band_research/preds/heldout_uniform_k256_f0_s1.npz,10493,
outputs/band_research/preds/heldout_uniform_k256_f1_s0.npz,10434,
outputs/band_research/preds/heldout_uniform_k256_f1_s1.npz,10434,
outputs/band_research/preds/heldout_uniform_k32_f0_s0.npz,10416,
outputs/band_research/preds/heldout_uniform_k32_f0_s1.npz,10407,
outputs/band_research/preds/heldout_uniform_k32_f1_s0.npz,10378,
outputs/band_research/preds/heldout_uniform_k32_f1_s1.npz,10390,
outputs/band_research/preds/heldout_uniform_k64_f0_s0.npz,10414,
outputs/band_research/preds/heldout_uniform_k64_f0_s1.npz,10472,
outputs/band_research/preds/heldout_uniform_k64_f1_s0.npz,10326,
outputs/band_research/preds/heldout_uniform_k64_f1_s1.npz,10347,
outputs/band_research/preregistration.frozen.json,91238,5ae90caf70915aead67d32345e403eeabd01f3f3c0efdb7982569f7a0577c1df
outputs/band_research/preregistration.json,91238,5ae90caf70915aead67d32345e403eeabd01f3f3c0efdb7982569f7a0577c1df
outputs/band_research/preregistration.sha256,64,5197161ce5072ddcd27cf295aeb8848dde56769770a378341a66a02e1034f1d4
outputs/band_research/preregistration2.json,15000,2077efc932624cc0d1c42ba32ad95ac99235eb945a62f036e73dc7e38a098884
outputs/band_research/preregistration2.sha256,64,8149d90145da3adcd4f40e0326a16c5594d4f6e448b4e0d25126ff7688a4c9e3
outputs/band_research/proxies.py,1618,7518720fd8c98edbf572af74b525141355532e87b29643282a0f8fe071a6017a
outputs/band_research/r1_budget.json,70,f4f5f9bf09e75fc25e0670924cc1c3c96f55d848b2da2f40f760f0eff5e0be94
outputs/band_study/REPORT.md,19781,e9c87820fc8f719083fc7dfcbc6e920c4033302c2f418cbd3ae7ea352a22e977
outputs/band_study/analysis/cross_fold_agreement.csv,86216,4b26a1b09ce1d23dc21afc50b37d4828a8a60867e18f8aa226ec46682ec0a63d
outputs/band_study/analysis/curves.csv,246182,0939efaf21a6756e7fa135ba9a12fae36f91eb4f1d72bec4b82fb8a07f016ea2
outputs/band_study/analysis/figures/budget_curves.png,434866,
outputs/band_study/analysis/figures/budget_curves_per_fold.png,459070,
outputs/band_study/analysis/figures/compute_tradeoff.png,62286,
outputs/band_study/analysis/figures/method_margins.png,49803,
outputs/band_study/analysis/figures/plateau_summary.png,207747,
outputs/band_study/analysis/figures/redundancy.png,237621,
outputs/band_study/analysis/figures/selection_stability.png,164035,
outputs/band_study/analysis/figures/wavelength_frequency.png,83428,
outputs/band_study/analysis/flags.json,10464,71f0a520994ab9d6a76575ebd5e2294fc33b0bcaddc30f967a44d2a26e654300
outputs/band_study/analysis/method_ranking.csv,2360,76c2a9589e7c9f01f7c8893c354c41d10ad3deb7d7b61be5adfd2758b22678c7
outputs/band_study/analysis/null_margins.csv,168831,fa697be9d836bd7a28d4143605a222a673311963a1041e4bca09ae8ffb9256d4
outputs/band_study/analysis/recommendation.json,2122,b51bc089226c2e8ec484a9a02c3855aa922570fa459bc6522905743d15ef00e3
outputs/band_study/analysis/redundancy.csv,66928,b217216ba5158abf2ad7a14afbee1956fe1d83d5c35091ed30db5a80bede89e1
outputs/band_study/analysis/stability.csv,171244,b4ee51281d6dccf720d0029fb99f49b8d1a8c98c98ac44e40ad9accb4595b428
outputs/band_study/analysis/tables/consensus_wavelengths.csv,503,904fe2d0139774165fb3cc8c5883bca6bb87ebbcde42489bdb0e4f4d306019db
outputs/band_study/analysis/tables/consensus_wavelengths.md,877,cb0c985d655cc4f5f56aaaa32c8c2c138b908a843a65e0da2cb0a46b77fb6eda
outputs/band_study/analysis/tables/method_ranking.csv,891,e389b00948927dfb63f185a1549b89d5c74d3979342464ada355c4390fc28024
outputs/band_study/analysis/tables/method_ranking.md,1369,e19143ab7bb86a67e89719047344776550988404c83386ddf09d19f7bc5478ac
outputs/band_study/analysis/tables/trends.csv,5034,bfdf60879a4445e8365632d04c2ab81a4042b782d47ecdc98dff8a0c14cbe9c0
outputs/band_study/analysis/tables/trends.md,6987,132ea9ae1cf858a0437d81d1b6beb0e879ec303efa6d1849ed7319217cc18183
outputs/band_study/analysis/trends.csv,21884,acd6106a51474df4b04836a2e336f0c4377f4f39f9c0e94bd977fea4786dc1e3
outputs/band_study/analysis/wavelength_frequency.csv,6068,7d926475b7d414209ef0647ce27590a70f7f30e21e35e796c6f9f5977f18cd6c
outputs/band_study/bands/cluster_ward_f0_k1.npy,136,
outputs/band_study/bands/cluster_ward_f0_k10.npy,208,
outputs/band_study/bands/cluster_ward_f0_k100.npy,928,
outputs/band_study/bands/cluster_ward_f0_k100_wavelengths.csv,1487,113299eabbbcc25bee33a76e4edc16d3601a23e92b3d609c681927f9336c77ac
outputs/band_study/bands/cluster_ward_f0_k10_wavelengths.csv,167,e3e3bc6dbce1f64982c68834778e8b650cc8ca555134e6b5aafccd6e46aed93e
outputs/band_study/bands/cluster_ward_f0_k128.npy,1152,
outputs/band_study/bands/cluster_ward_f0_k128_wavelengths.csv,1897,bbb4e127fc6a5fe3e6c8cdc73323384ec15f2c11a60164a7a42af8e56fcd702b
outputs/band_study/bands/cluster_ward_f0_k15.npy,248,
outputs/band_study/bands/cluster_ward_f0_k15_wavelengths.csv,240,a9112033de4326dd1e5a5152ddb9543d031274e99ac0f0bacb41cbaeac530a2f
outputs/band_study/bands/cluster_ward_f0_k160.npy,1408,
outputs/band_study/bands/cluster_ward_f0_k160_wavelengths.csv,2367,f0db9cce37b2a07e340f7f4599c89765fd778af960a846e9ceafed9b271e2721
outputs/band_study/bands/cluster_ward_f0_k192.npy,1664,
outputs/band_study/bands/cluster_ward_f0_k192_wavelengths.csv,2828,56ff40b14d36eca89661270635df4bf8d4a8c4e30ee7e702dfd6bce2ab2cb9d7
outputs/band_study/bands/cluster_ward_f0_k1_wavelengths.csv,37,2fee284358d0291249bd88c33fa6e189bb5a7b2e4399c53a36ab21392646dff6
outputs/band_study/bands/cluster_ward_f0_k2.npy,144,
outputs/band_study/bands/cluster_ward_f0_k20.npy,288,
outputs/band_study/bands/cluster_ward_f0_k20_wavelengths.csv,314,43c44fbc33c64e3ff071c40052a1fec3dfb5d50c702c51fdd71ef632c3f989a6
outputs/band_study/bands/cluster_ward_f0_k224.npy,1920,
outputs/band_study/bands/cluster_ward_f0_k224_wavelengths.csv,3296,49066956be59a9ecb09bc9ad583b26550e4e19b4f28ac8e41d868450e02d97ed
outputs/band_study/bands/cluster_ward_f0_k25.npy,328,
outputs/band_study/bands/cluster_ward_f0_k256.npy,2176,
outputs/band_study/bands/cluster_ward_f0_k256_wavelengths.csv,3755,b0f50a1e1771c6930e466de7a3df00e1bfa3de049279334487a9bd4fa10a7d13
outputs/band_study/bands/cluster_ward_f0_k25_wavelengths.csv,386,367e58131b500dfef423647c08a06e8f1450ab6f71ecd308ec584b577163e4c6
outputs/band_study/bands/cluster_ward_f0_k2_wavelengths.csv,51,c164df98f1020fbb87d1e62c01257bef8ca2373558b0d7d6ad66b090a2129820
outputs/band_study/bands/cluster_ward_f0_k3.npy,152,
outputs/band_study/bands/cluster_ward_f0_k30.npy,368,
outputs/band_study/bands/cluster_ward_f0_k30_wavelengths.csv,461,776c8e80d2ae747d3969fda4ccc19bf01f9bc1b51dc41502ed53e052a1df11f9
outputs/band_study/bands/cluster_ward_f0_k3_wavelengths.csv,65,58d3b6621b16b02253e685b873425b3892d2195779736f4dd030b1b10a0d5dde
outputs/band_study/bands/cluster_ward_f0_k40.npy,448,
outputs/band_study/bands/cluster_ward_f0_k40_wavelengths.csv,608,d39f4d65791661f11fbe3d1eb95531acf70c47872d10ed6385f07c236f9b938d
outputs/band_study/bands/cluster_ward_f0_k5.npy,168,
outputs/band_study/bands/cluster_ward_f0_k50.npy,528,
outputs/band_study/bands/cluster_ward_f0_k50_wavelengths.csv,756,05a601450e8008c4ba9118b6c0cece30805af39ac027f2b9d27fa0fbad90e22c
outputs/band_study/bands/cluster_ward_f0_k5_wavelengths.csv,93,43007da328affc9dcee2a1c1b057fc6ff7712277dcae80e35c26460410febb9e
outputs/band_study/bands/cluster_ward_f0_k64.npy,640,
outputs/band_study/bands/cluster_ward_f0_k64_wavelengths.csv,960,6d8d9604a59032b24f783dac1f4159ca87bd99c29590acafdf429bf886d57622
outputs/band_study/bands/cluster_ward_f0_k8.npy,192,
outputs/band_study/bands/cluster_ward_f0_k80.npy,768,
outputs/band_study/bands/cluster_ward_f0_k80_wavelengths.csv,1197,2a17a7e91f4791849f47d5964987c5e2c2abb68b76da750fa2bef5e35e74f30f
outputs/band_study/bands/cluster_ward_f0_k8_wavelengths.csv,138,1c1b89d4e9c5b0c62f6fa242b666c165a9b4e8beba209a65146fd98287b1626c
outputs/band_study/bands/cluster_ward_f1_k1.npy,136,
outputs/band_study/bands/cluster_ward_f1_k10.npy,208,
outputs/band_study/bands/cluster_ward_f1_k100.npy,928,
outputs/band_study/bands/cluster_ward_f1_k100_wavelengths.csv,1489,cdb2f08b7c8ab8f222dad1af44d2cefa2e4682572f501b839707e880ca839762
outputs/band_study/bands/cluster_ward_f1_k10_wavelengths.csv,167,6f32d3ad50057976487f206e6aa4ec17814f8d1815bd30a36df35b291fa528c7
outputs/band_study/bands/cluster_ward_f1_k128.npy,1152,
outputs/band_study/bands/cluster_ward_f1_k128_wavelengths.csv,1897,3ee7222d7922cad2a0deb92bdb7b0ccfbce37ae08ebafc93664ba5246120d886
outputs/band_study/bands/cluster_ward_f1_k15.npy,248,
outputs/band_study/bands/cluster_ward_f1_k15_wavelengths.csv,240,0a14d329eacdea481333cdd7fc6368f516ff5ea3e8d36f89b1e196f6fd302cb9
outputs/band_study/bands/cluster_ward_f1_k160.npy,1408,
outputs/band_study/bands/cluster_ward_f1_k160_wavelengths.csv,2366,0e2ab41922493ffd4ecac8038b096c6e2bfe9c03b6fdc3329d2f14751772a33b
outputs/band_study/bands/cluster_ward_f1_k192.npy,1664,
outputs/band_study/bands/cluster_ward_f1_k192_wavelengths.csv,2828,d86781e7a6ca1a9158197de4ef2b1b1ab4e3583a1cbc9205c84154e702defe7d
outputs/band_study/bands/cluster_ward_f1_k1_wavelengths.csv,37,2fee284358d0291249bd88c33fa6e189bb5a7b2e4399c53a36ab21392646dff6
outputs/band_study/bands/cluster_ward_f1_k2.npy,144,
outputs/band_study/bands/cluster_ward_f1_k20.npy,288,
outputs/band_study/bands/cluster_ward_f1_k20_wavelengths.csv,314,4a6797235c733079ce8ea69b2fecec31196b3cfd35b37a13862d6a3d9b0edc19
outputs/band_study/bands/cluster_ward_f1_k224.npy,1920,
outputs/band_study/bands/cluster_ward_f1_k224_wavelengths.csv,3296,3673aec14a44a1ccdfa2213e79bea7be1f81e6b482659ba4b81f4dc6bba9319a
outputs/band_study/bands/cluster_ward_f1_k25.npy,328,
outputs/band_study/bands/cluster_ward_f1_k256.npy,2176,
outputs/band_study/bands/cluster_ward_f1_k256_wavelengths.csv,3755,b0f50a1e1771c6930e466de7a3df00e1bfa3de049279334487a9bd4fa10a7d13
outputs/band_study/bands/cluster_ward_f1_k25_wavelengths.csv,386,4f4f709558a6f25c757bccc3719e31e57ad25c8914cec278422968dcc599b30c
outputs/band_study/bands/cluster_ward_f1_k2_wavelengths.csv,51,c164df98f1020fbb87d1e62c01257bef8ca2373558b0d7d6ad66b090a2129820
outputs/band_study/bands/cluster_ward_f1_k3.npy,152,
outputs/band_study/bands/cluster_ward_f1_k30.npy,368,
outputs/band_study/bands/cluster_ward_f1_k30_wavelengths.csv,461,c6a8564e7819b3d56aa7a9fcf6ea20eb9a90ab6551409560608960a9b099bc1d
outputs/band_study/bands/cluster_ward_f1_k3_wavelengths.csv,65,58d3b6621b16b02253e685b873425b3892d2195779736f4dd030b1b10a0d5dde
outputs/band_study/bands/cluster_ward_f1_k40.npy,448,
outputs/band_study/bands/cluster_ward_f1_k40_wavelengths.csv,607,9d1c18194f844f9f65a4b640e99cab45cd3500de55c79389296cc76ce6a42878
outputs/band_study/bands/cluster_ward_f1_k5.npy,168,
outputs/band_study/bands/cluster_ward_f1_k50.npy,528,
outputs/band_study/bands/cluster_ward_f1_k50_wavelengths.csv,756,2d11637d45fe6b88a111403cf5a04a0de229332c19daab19ef7c6013158c2264
outputs/band_study/bands/cluster_ward_f1_k5_wavelengths.csv,95,8a88a856228027574995c9c0350248cb6dce33754a50464b56a77dcf45db3932
outputs/band_study/bands/cluster_ward_f1_k64.npy,640,
outputs/band_study/bands/cluster_ward_f1_k64_wavelengths.csv,960,c008df613edc2807aa13efd09aca7c88c9f662985ad363723d902834094fe937
outputs/band_study/bands/cluster_ward_f1_k8.npy,192,
outputs/band_study/bands/cluster_ward_f1_k80.npy,768,
outputs/band_study/bands/cluster_ward_f1_k80_wavelengths.csv,1197,53b1919d6be091191e2eaabe77bf85f5ef2c10cb161cc2863b518b8f6714226a
outputs/band_study/bands/cluster_ward_f1_k8_wavelengths.csv,138,95847e95811dadd105bd13964e5872df9939ef9a5e3194fc46dbb53672f5cf6c
outputs/band_study/bands/fdr_f0_k1.npy,136,
outputs/band_study/bands/fdr_f0_k10.npy,208,
outputs/band_study/bands/fdr_f0_k100.npy,928,
outputs/band_study/bands/fdr_f0_k100_wavelengths.csv,1489,6b07ea6d48b367b7cd4a2da519139e25bffbda34cfd66accd0bbfd558b3e75c1
outputs/band_study/bands/fdr_f0_k10_wavelengths.csv,164,5a5ff78b1e1e27b1abac8f4fa643018cefe354bec0dca2499b442838224b4a28
outputs/band_study/bands/fdr_f0_k128.npy,1152,
outputs/band_study/bands/fdr_f0_k128_wavelengths.csv,1888,69de906bb3e67ce7ad22258c057a4e7cf6dab4ed0d399bad5ff276e1c9af0548
outputs/band_study/bands/fdr_f0_k15.npy,248,
outputs/band_study/bands/fdr_f0_k15_wavelengths.csv,236,da6878b13b76aa3913de5ccf6b15948535be85650db7ece4e4174e6d6679576d
outputs/band_study/bands/fdr_f0_k160.npy,1408,
outputs/band_study/bands/fdr_f0_k160_wavelengths.csv,2353,ea491d3816a51098a36eb7348fdbfe3e742f8937375944b449b97d8394f7e33a
outputs/band_study/bands/fdr_f0_k192.npy,1664,
outputs/band_study/bands/fdr_f0_k192_wavelengths.csv,2809,53035b9fca18abc5370e975741627bdb34c80b40d1e8aa935bb8119bfec2b15a
outputs/band_study/bands/fdr_f0_k1_wavelengths.csv,37,2fee284358d0291249bd88c33fa6e189bb5a7b2e4399c53a36ab21392646dff6
outputs/band_study/bands/fdr_f0_k2.npy,144,
outputs/band_study/bands/fdr_f0_k20.npy,288,
outputs/band_study/bands/fdr_f0_k20_wavelengths.csv,310,dba813b198802f371b70bad4f928e37ec8929bfe430e5c1f4125085faf4c8781
outputs/band_study/bands/fdr_f0_k224.npy,1920,
outputs/band_study/bands/fdr_f0_k224_wavelengths.csv,3276,6b3b793bacdaa136920bad27aef7de72b15226d120f4d4d1e6b2991d8d96ee9b
outputs/band_study/bands/fdr_f0_k25.npy,328,
outputs/band_study/bands/fdr_f0_k256.npy,2176,
outputs/band_study/bands/fdr_f0_k256_wavelengths.csv,3755,b0f50a1e1771c6930e466de7a3df00e1bfa3de049279334487a9bd4fa10a7d13
outputs/band_study/bands/fdr_f0_k25_wavelengths.csv,382,93ae6e52bd655cf6705536e6f405d025d0f1bee2b625d9558eeafb6c3cbbc4a9
outputs/band_study/bands/fdr_f0_k2_wavelengths.csv,52,6e4619d4f8cb2d9c68396f5fca926ea19f634b072b8125d2aaa44e4c105f1675
outputs/band_study/bands/fdr_f0_k3.npy,152,
outputs/band_study/bands/fdr_f0_k30.npy,368,
outputs/band_study/bands/fdr_f0_k30_wavelengths.csv,455,7f4cd82dc1ce751e0e0a459102b0644b86a460c4216b8241c8d6210e00bf90d1
outputs/band_study/bands/fdr_f0_k3_wavelengths.csv,66,2d9824719da67514cedd18b976082323cecf46ed2d1a7b9e5b95676a3ed05856
outputs/band_study/bands/fdr_f0_k40.npy,448,
outputs/band_study/bands/fdr_f0_k40_wavelengths.csv,602,1127d814b3e5a71a1e66e011ee99faef1780d18e9af6aa557baf482f7575aed5
outputs/band_study/bands/fdr_f0_k5.npy,168,
outputs/band_study/bands/fdr_f0_k50.npy,528,
outputs/band_study/bands/fdr_f0_k50_wavelengths.csv,749,7f818aebf3524df43b0c64afab4863f5ee1fb03cc5e9a0b935ebbee62ec455ae
outputs/band_study/bands/fdr_f0_k5_wavelengths.csv,94,fad1baff364d975116d7ff4983f61b83444184616d16023dbe28e8571f3bf8f1
outputs/band_study/bands/fdr_f0_k64.npy,640,
outputs/band_study/bands/fdr_f0_k64_wavelengths.csv,957,7d33ebd4d92443d905417b337d13b140c46bccc5880d57480c88e7ab6396ebfc
outputs/band_study/bands/fdr_f0_k8.npy,192,
outputs/band_study/bands/fdr_f0_k80.npy,768,
outputs/band_study/bands/fdr_f0_k80_wavelengths.csv,1196,155645ec095a02071101861d4c06c7e50962ccbc2a4c80c509554b6502c09271
outputs/band_study/bands/fdr_f0_k8_wavelengths.csv,136,3b4b3dfeddcd001b357ab0eadfb245fd78bff540c650cdd573bedd77a6825633
outputs/band_study/bands/fdr_f1_k1.npy,136,
outputs/band_study/bands/fdr_f1_k10.npy,208,
outputs/band_study/bands/fdr_f1_k100.npy,928,
outputs/band_study/bands/fdr_f1_k100_wavelengths.csv,1489,1682695ea463924b7fb493469f1e1067b69a296bf2512145ac6f85e29e596dc0
outputs/band_study/bands/fdr_f1_k10_wavelengths.csv,167,a51de80db2e7a8375a78e6a79b9eb5fdf08ed660aa6723b87d20c58c47cc5751
outputs/band_study/bands/fdr_f1_k128.npy,1152,
outputs/band_study/bands/fdr_f1_k128_wavelengths.csv,1891,21d3438d2370f52fd9a5280d62d6075256ca851ae421395ea119a6f505d3c558
outputs/band_study/bands/fdr_f1_k15.npy,248,
outputs/band_study/bands/fdr_f1_k15_wavelengths.csv,239,f4ba05ed079d332bfa8d39521ad5c9426c3bea9a0db6ef590276527de25f6918
outputs/band_study/bands/fdr_f1_k160.npy,1408,
outputs/band_study/bands/fdr_f1_k160_wavelengths.csv,2354,e2f74a12507ed7748ca2d724bab7b69816ba1a8b80a008ecb70f03cb51e70497
outputs/band_study/bands/fdr_f1_k192.npy,1664,
outputs/band_study/bands/fdr_f1_k192_wavelengths.csv,2810,47e7ef264f89ee7973a9979f5b35d6a070577ce9d99ad8c3058b553f3ec1a487
outputs/band_study/bands/fdr_f1_k1_wavelengths.csv,37,2fee284358d0291249bd88c33fa6e189bb5a7b2e4399c53a36ab21392646dff6
outputs/band_study/bands/fdr_f1_k2.npy,144,
outputs/band_study/bands/fdr_f1_k20.npy,288,
outputs/band_study/bands/fdr_f1_k20_wavelengths.csv,311,b526872e83d42c435921e2ceca064bb0ad92711f352039b4deb650282462e114
outputs/band_study/bands/fdr_f1_k224.npy,1920,
outputs/band_study/bands/fdr_f1_k224_wavelengths.csv,3279,915428d4a1bc6248be8b0b8d608797de439234001069591688ed717199884733
outputs/band_study/bands/fdr_f1_k25.npy,328,
outputs/band_study/bands/fdr_f1_k256.npy,2176,
outputs/band_study/bands/fdr_f1_k256_wavelengths.csv,3755,b0f50a1e1771c6930e466de7a3df00e1bfa3de049279334487a9bd4fa10a7d13
outputs/band_study/bands/fdr_f1_k25_wavelengths.csv,385,4fc754d21761087880d3783bf67d745c627de7996aa316abe7aa649e23f113f4
outputs/band_study/bands/fdr_f1_k2_wavelengths.csv,52,6e4619d4f8cb2d9c68396f5fca926ea19f634b072b8125d2aaa44e4c105f1675
outputs/band_study/bands/fdr_f1_k3.npy,152,
outputs/band_study/bands/fdr_f1_k30.npy,368,
outputs/band_study/bands/fdr_f1_k30_wavelengths.csv,458,e75d0f919a6a7f9a5ef8929a120ec226b12cf4f15f939d4c517566772a9e0ba3
outputs/band_study/bands/fdr_f1_k3_wavelengths.csv,67,bbfeca1439a41cea1654b8252453313bad456a8ff787020cc4ecf3b2fbddb964
outputs/band_study/bands/fdr_f1_k40.npy,448,
outputs/band_study/bands/fdr_f1_k40_wavelengths.csv,605,df17b631c7f7ce0db4982b2dd716c8401cfe44931cace4c45a312e3e22ece8b1
outputs/band_study/bands/fdr_f1_k5.npy,168,
outputs/band_study/bands/fdr_f1_k50.npy,528,
outputs/band_study/bands/fdr_f1_k50_wavelengths.csv,752,d42c28cf7af2fbcc59323d501dd05d92f6b363716033d097517aa10cac4ea999
outputs/band_study/bands/fdr_f1_k5_wavelengths.csv,97,8c51d6b12afac422a085267a608b8527703d3ff76a68c60b4e59fd5647468d70
outputs/band_study/bands/fdr_f1_k64.npy,640,
outputs/band_study/bands/fdr_f1_k64_wavelengths.csv,959,4c685bcd1046b193f78eaed0e78fe948210f647090d9ae0634e6ba798500145c
outputs/band_study/bands/fdr_f1_k8.npy,192,
outputs/band_study/bands/fdr_f1_k80.npy,768,
outputs/band_study/bands/fdr_f1_k80_wavelengths.csv,1195,e3704a364ee224353ce2648238234dd6152d2a75bb706f3843f6e93989314cb7
outputs/band_study/bands/fdr_f1_k8_wavelengths.csv,139,0fa659d60b5e09f87765111dc207c1a82b5740998d3594125e2e94c84bb066d2
outputs/band_study/bands/l1_path_f0_k1.npy,136,
outputs/band_study/bands/l1_path_f0_k10.npy,208,
outputs/band_study/bands/l1_path_f0_k100.npy,928,
outputs/band_study/bands/l1_path_f0_k100_wavelengths.csv,1468,ac31d714fa64f29a645acc48ec3096eed6b5cbba688bb0caa7c5217256c1b649
outputs/band_study/bands/l1_path_f0_k10_wavelengths.csv,173,dbb4023b94f620f4d08896f7aa8590fc06c2ea95f61a384f474c813aeca07265
outputs/band_study/bands/l1_path_f0_k128.npy,1152,
outputs/band_study/bands/l1_path_f0_k128_wavelengths.csv,1876,04ebd41e643ffedf95521e5657bc72c81ab3bc56d0f424b75f69bb3fb452b243
outputs/band_study/bands/l1_path_f0_k15.npy,248,
outputs/band_study/bands/l1_path_f0_k15_wavelengths.csv,243,9f6721b10818bb46638c9bb21a1856ba2e3e36eb44157ae439b35a8ca329b3ae
outputs/band_study/bands/l1_path_f0_k160.npy,1408,
outputs/band_study/bands/l1_path_f0_k160_wavelengths.csv,2340,754b0d66659aa2b28b40507aceb0eff0905be9e427ae855248d80a37da9378f5
outputs/band_study/bands/l1_path_f0_k192.npy,1664,
outputs/band_study/bands/l1_path_f0_k192_wavelengths.csv,2812,e82c726afe8a181278261d5d589256e441f86f2366577f13a841c3425393759b
outputs/band_study/bands/l1_path_f0_k1_wavelengths.csv,35,29f065c59f3c2b6c67abe12c3a05a0ee4154b86d3592819c724ac5f811c2ce8a
outputs/band_study/bands/l1_path_f0_k2.npy,144,
outputs/band_study/bands/l1_path_f0_k20.npy,288,
outputs/band_study/bands/l1_path_f0_k20_wavelengths.csv,316,e6da36b7e158da7b4249a17a3e9463c53988d9d6c29169845b1f7a8c8dae4321
outputs/band_study/bands/l1_path_f0_k224.npy,1920,
outputs/band_study/bands/l1_path_f0_k224_wavelengths.csv,3283,48e90e1f6ad7185c6e85e512f92c86c33d95815d4e683da6ec53ce677c502c79
outputs/band_study/bands/l1_path_f0_k25.npy,328,
outputs/band_study/bands/l1_path_f0_k256.npy,2176,
outputs/band_study/bands/l1_path_f0_k256_wavelengths.csv,3755,b0f50a1e1771c6930e466de7a3df00e1bfa3de049279334487a9bd4fa10a7d13
outputs/band_study/bands/l1_path_f0_k25_wavelengths.csv,389,b49b271bc2bd7db3533cd6d814240808a05c1df2737b869004a8a9f6d634ecbb
outputs/band_study/bands/l1_path_f0_k2_wavelengths.csv,50,b96deccaa55c77460c9a2db27aa8440c831a8bd4cbacc4fed541bc0fddaa4373
outputs/band_study/bands/l1_path_f0_k3.npy,152,
outputs/band_study/bands/l1_path_f0_k30.npy,368,
outputs/band_study/bands/l1_path_f0_k30_wavelengths.csv,463,8780a21be8a37ad9abfd473d45e6bc05df557058b2091fdebadd7b424e6aad46
outputs/band_study/bands/l1_path_f0_k3_wavelengths.csv,65,dcd7ad009c3cbdb118a24c6f1029eddb056552e8a67a8df3246b285c2009066a
outputs/band_study/bands/l1_path_f0_k40.npy,448,
outputs/band_study/bands/l1_path_f0_k40_wavelengths.csv,607,200ec7ec781286e06bdac5cfd66b986b4b7b909a1a33989eed2e78897384cd61
outputs/band_study/bands/l1_path_f0_k5.npy,168,
outputs/band_study/bands/l1_path_f0_k50.npy,528,
outputs/band_study/bands/l1_path_f0_k50_wavelengths.csv,750,74e29f010e4411cbb638229c84b0d1397d7fd8eaba5084749fa52d73598ca5c3
outputs/band_study/bands/l1_path_f0_k5_wavelengths.csv,96,5503256ed7599e591831e111dc125597857f7ce649c3e21814b03818c4377cef
outputs/band_study/bands/l1_path_f0_k64.npy,640,
outputs/band_study/bands/l1_path_f0_k64_wavelengths.csv,955,1979ea22948be9848369f7a8b3b070cde449b23d928d03b53c17628fae32117a
outputs/band_study/bands/l1_path_f0_k8.npy,192,
outputs/band_study/bands/l1_path_f0_k80.npy,768,
outputs/band_study/bands/l1_path_f0_k80_wavelengths.csv,1181,4406440612fd63bb4b4a13fbbeedef8eded8736696f352f0f2eba78d19437783
outputs/band_study/bands/l1_path_f0_k8_wavelengths.csv,143,e9398ee1a3f082b8fc06268eafda30d7505ce7efe9639f13667257b1b21e933e
outputs/band_study/bands/l1_path_f1_k1.npy,136,
outputs/band_study/bands/l1_path_f1_k10.npy,208,
outputs/band_study/bands/l1_path_f1_k100.npy,928,
outputs/band_study/bands/l1_path_f1_k100_wavelengths.csv,1469,967f06876b8b14c46a62e547624e3f1a5dcd70798f99d800b637c910fdd2fff6
outputs/band_study/bands/l1_path_f1_k10_wavelengths.csv,168,d40e709dca90a319411fc6052433fd1df00668264f59ddff090b8fd550043dab
outputs/band_study/bands/l1_path_f1_k128.npy,1152,
outputs/band_study/bands/l1_path_f1_k128_wavelengths.csv,1879,c71e5387b4c38b5acdb88dc9c666b6ca20f8e7ca7ec40b070080559e88408939
outputs/band_study/bands/l1_path_f1_k15.npy,248,
outputs/band_study/bands/l1_path_f1_k15_wavelengths.csv,242,3e63e517fa7891510460abbce85f975c899de804a9f1ec292ef090f17935bd3a
outputs/band_study/bands/l1_path_f1_k160.npy,1408,
outputs/band_study/bands/l1_path_f1_k160_wavelengths.csv,2347,3bd198a122eb7b2d55b7e0d3437c48cdf9aff27adc887549956f91a825bfdbca
outputs/band_study/bands/l1_path_f1_k192.npy,1664,
outputs/band_study/bands/l1_path_f1_k192_wavelengths.csv,2814,300c115cdbad1af7e87c68be2a869fecb02fed6d08dd476dc9c3d6ad5cd9ef76
outputs/band_study/bands/l1_path_f1_k1_wavelengths.csv,35,29f065c59f3c2b6c67abe12c3a05a0ee4154b86d3592819c724ac5f811c2ce8a
outputs/band_study/bands/l1_path_f1_k2.npy,144,
outputs/band_study/bands/l1_path_f1_k20.npy,288,
outputs/band_study/bands/l1_path_f1_k20_wavelengths.csv,313,90b0e8ac89fef849d0263be89a3b34621b2fae32842847060d7030ef67bd0721
outputs/band_study/bands/l1_path_f1_k224.npy,1920,
outputs/band_study/bands/l1_path_f1_k224_wavelengths.csv,3284,1024f9a1b68c530fe5720c9d215ca28fe5a61c43b7f1b7d34ed68583dd4eddcd
outputs/band_study/bands/l1_path_f1_k25.npy,328,
outputs/band_study/bands/l1_path_f1_k256.npy,2176,
outputs/band_study/bands/l1_path_f1_k256_wavelengths.csv,3755,b0f50a1e1771c6930e466de7a3df00e1bfa3de049279334487a9bd4fa10a7d13
outputs/band_study/bands/l1_path_f1_k25_wavelengths.csv,386,1b660fbe05c34c2e3f72a16dead329fe57807362bef860c1273e0ae2e3e3229b
outputs/band_study/bands/l1_path_f1_k2_wavelengths.csv,50,94e2c825d4c51cfc7d54aaaa801f1dcd76158214c537849ceeb94e01f38ff054
outputs/band_study/bands/l1_path_f1_k3.npy,152,
outputs/band_study/bands/l1_path_f1_k30.npy,368,
outputs/band_study/bands/l1_path_f1_k30_wavelengths.csv,457,63e09c89f61a04385eb70f6f744cc91c672ee882346cdd249944df02d9e1b00a
outputs/band_study/bands/l1_path_f1_k3_wavelengths.csv,65,768adeb5d0dae913478f2db6fec266c6fb59c1d821e0b1adce5ab5710aff1714
outputs/band_study/bands/l1_path_f1_k40.npy,448,
outputs/band_study/bands/l1_path_f1_k40_wavelengths.csv,605,1b7e11548f66f5e9e4678fac25a5e8d857f3f25a91ab411043cdd81c78f4abf0
outputs/band_study/bands/l1_path_f1_k5.npy,168,
outputs/band_study/bands/l1_path_f1_k50.npy,528,
outputs/band_study/bands/l1_path_f1_k50_wavelengths.csv,748,08c13851270c8df41d8047eeacb6a6f3cbc33359474b81a7128f2f4db5751cb1
outputs/band_study/bands/l1_path_f1_k5_wavelengths.csv,95,704758e4ede1cfed905fc42847626c4bb6b217335b6e69a4a135ce86d0f9dc7e
outputs/band_study/bands/l1_path_f1_k64.npy,640,
outputs/band_study/bands/l1_path_f1_k64_wavelengths.csv,949,78fcdd5a3e87e55baf70ab7342657588e6e1f867d88411ce11556f742a01e7f4
outputs/band_study/bands/l1_path_f1_k8.npy,192,
outputs/band_study/bands/l1_path_f1_k80.npy,768,
outputs/band_study/bands/l1_path_f1_k80_wavelengths.csv,1179,eab3e58ac8274bc1b825785edc8059644cf7283cdcfea035ec44fb52f667e595
outputs/band_study/bands/l1_path_f1_k8_wavelengths.csv,140,569931b960798140b8b93f8e9d0d9f86fe35f89e71d80dc4187b7f556e8907de
outputs/band_study/bands/mi_f0_k1.npy,136,
outputs/band_study/bands/mi_f0_k10.npy,208,
outputs/band_study/bands/mi_f0_k100.npy,928,
outputs/band_study/bands/mi_f0_k100_wavelengths.csv,1488,77fe7c4dfb221e70ff4e52ab2bfe10b345b9aef8d85f6372722c5e144379dea8
outputs/band_study/bands/mi_f0_k10_wavelengths.csv,164,d3486aae912cc3fd7e890bb816e436f17ec286673730bf6c1a792d8176734ac9
outputs/band_study/bands/mi_f0_k128.npy,1152,
outputs/band_study/bands/mi_f0_k128_wavelengths.csv,1888,e011f6d6036c0785366bd5387961596fac552aec9370b3128af63a67c6723272
outputs/band_study/bands/mi_f0_k15.npy,248,
outputs/band_study/bands/mi_f0_k15_wavelengths.csv,236,80977157812da5589fc404de17f7259ed147a06ca0c3506bf4d5721f3634484a
outputs/band_study/bands/mi_f0_k160.npy,1408,
outputs/band_study/bands/mi_f0_k160_wavelengths.csv,2333,b68940fec2c416d7f1ceb2da2f399df706ad4262cff2669b28a476b7e2903507
outputs/band_study/bands/mi_f0_k192.npy,1664,
outputs/band_study/bands/mi_f0_k192_wavelengths.csv,2804,a4ef55f502aa6c685c08a1f0424cba05a79d984b7a47dbade03b151a5b0f1ebd
outputs/band_study/bands/mi_f0_k1_wavelengths.csv,36,fac057ad1a1e534d61b401059a5260536601fe0f6cabbc5f6874e6ac2871dc05
outputs/band_study/bands/mi_f0_k2.npy,144,
outputs/band_study/bands/mi_f0_k20.npy,288,
outputs/band_study/bands/mi_f0_k20_wavelengths.csv,309,b546606af9ae684e4eb44594219157f3ced08d328b80f27e2fd07c3d2502d9d4
outputs/band_study/bands/mi_f0_k224.npy,1920,
outputs/band_study/bands/mi_f0_k224_wavelengths.csv,3276,53b2bcda18395f5cb42e8c8ab83446f385ce9703bf783ade814f3fd6d0ef7bcb
outputs/band_study/bands/mi_f0_k25.npy,328,
outputs/band_study/bands/mi_f0_k256.npy,2176,
outputs/band_study/bands/mi_f0_k256_wavelengths.csv,3755,b0f50a1e1771c6930e466de7a3df00e1bfa3de049279334487a9bd4fa10a7d13
outputs/band_study/bands/mi_f0_k25_wavelengths.csv,380,09dc52692d4fadaf58c9d27bbe868cdc17d8aed56569b299ebc5276172641a0d
outputs/band_study/bands/mi_f0_k2_wavelengths.csv,51,09b6829c0a845d2b33e4fb84b58f987dd2eb603bde5bc6739dcbb84554c98b65
outputs/band_study/bands/mi_f0_k3.npy,152,
outputs/band_study/bands/mi_f0_k30.npy,368,
outputs/band_study/bands/mi_f0_k30_wavelengths.csv,454,87c470b0b2976c083168d3abaaa68ecf787e93a3dbd00cfbdb88644f83fe6e2b
outputs/band_study/bands/mi_f0_k3_wavelengths.csv,65,281b41dedc3f805274bad4c2d46894ecff9ab1d3c4e6bd5f223313537c611288
outputs/band_study/bands/mi_f0_k40.npy,448,
outputs/band_study/bands/mi_f0_k40_wavelengths.csv,601,1d9090aa93737e14ce4aa66c39694bbd617a542521a3ed2a0f64b138f9cafb6d
outputs/band_study/bands/mi_f0_k5.npy,168,
outputs/band_study/bands/mi_f0_k50.npy,528,
outputs/band_study/bands/mi_f0_k50_wavelengths.csv,748,1b320cfbcc7a22667014b9d126628c59771245aed2d3caaaeb86e5e8fde78ac7
outputs/band_study/bands/mi_f0_k5_wavelengths.csv,93,5ce038a42d0b419676a8a6d7dd2a50244821970bc91d594e182ffec8c8edc428
outputs/band_study/bands/mi_f0_k64.npy,640,
outputs/band_study/bands/mi_f0_k64_wavelengths.csv,960,a5a2c1b5ec28a5bc6922f0da7bbfda2792d05b0f39cb9b6b15d384845e65ac94
outputs/band_study/bands/mi_f0_k8.npy,192,
outputs/band_study/bands/mi_f0_k80.npy,768,
outputs/band_study/bands/mi_f0_k80_wavelengths.csv,1198,2a56a92311a44f2ef127e4e8fa6e1df4d0648d09509337175caa7251b84d4828
outputs/band_study/bands/mi_f0_k8_wavelengths.csv,135,d9858a3bac54fe94eb914731166726db44090bf1b1673523ee73eeeaddae91bb
outputs/band_study/bands/mi_f1_k1.npy,136,
outputs/band_study/bands/mi_f1_k10.npy,208,
outputs/band_study/bands/mi_f1_k100.npy,928,
outputs/band_study/bands/mi_f1_k100_wavelengths.csv,1488,bac174e3250337317262f2520dfe62962615d6a049a9c27fbc1fca96f7014f0d
outputs/band_study/bands/mi_f1_k10_wavelengths.csv,165,4e519518c6758683a37cbea0c5edb6f365006b94d86acfdf60ebe4a307b9853f
outputs/band_study/bands/mi_f1_k128.npy,1152,
outputs/band_study/bands/mi_f1_k128_wavelengths.csv,1879,c45129562f8a4cca9b45507fef6d06a818eef3771bcdc2ca4aead3f2569c39a1
outputs/band_study/bands/mi_f1_k15.npy,248,
outputs/band_study/bands/mi_f1_k15_wavelengths.csv,238,934420f35b4380dc2391bb3adc51f9b80448ef4263f42eefb05649d4582b4faa
outputs/band_study/bands/mi_f1_k160.npy,1408,
outputs/band_study/bands/mi_f1_k160_wavelengths.csv,2339,8fa3e00bac146e2ccd552ac746a4ecbae07a22fe29cdcdfba224eabddb052f48
outputs/band_study/bands/mi_f1_k192.npy,1664,
outputs/band_study/bands/mi_f1_k192_wavelengths.csv,2807,bba39d3833bf3145674c6fbf22d68b21a27bb5788a03830d9ea8d3b9c4b100ba
outputs/band_study/bands/mi_f1_k1_wavelengths.csv,37,2fee284358d0291249bd88c33fa6e189bb5a7b2e4399c53a36ab21392646dff6
outputs/band_study/bands/mi_f1_k2.npy,144,
outputs/band_study/bands/mi_f1_k20.npy,288,
outputs/band_study/bands/mi_f1_k20_wavelengths.csv,311,dd7321d26b119a0ddd268581fd2ca45195fb2138893408096e43e0db8f4f6f64
outputs/band_study/bands/mi_f1_k224.npy,1920,
outputs/band_study/bands/mi_f1_k224_wavelengths.csv,3276,05fd8a467e47f8511f4a8e2baeda2d5a8067b773b3a6964149232ede05ef4f12
outputs/band_study/bands/mi_f1_k25.npy,328,
outputs/band_study/bands/mi_f1_k256.npy,2176,
outputs/band_study/bands/mi_f1_k256_wavelengths.csv,3755,b0f50a1e1771c6930e466de7a3df00e1bfa3de049279334487a9bd4fa10a7d13
outputs/band_study/bands/mi_f1_k25_wavelengths.csv,384,c0891698a8f181c54e427b647f3f132b9821269849a03cdc39ca9e76d682c8fe
outputs/band_study/bands/mi_f1_k2_wavelengths.csv,52,6e4619d4f8cb2d9c68396f5fca926ea19f634b072b8125d2aaa44e4c105f1675
outputs/band_study/bands/mi_f1_k3.npy,152,
outputs/band_study/bands/mi_f1_k30.npy,368,
outputs/band_study/bands/mi_f1_k30_wavelengths.csv,456,6ad0c3809a9648fa696b88d37e1261d7a9b14ab3f814d40aae023da4dc22e91d
outputs/band_study/bands/mi_f1_k3_wavelengths.csv,66,518f9b2f1d3ea51dc26aa6a8c2629167611571cfeef4821dff181f47842239c2
outputs/band_study/bands/mi_f1_k40.npy,448,
outputs/band_study/bands/mi_f1_k40_wavelengths.csv,604,b082e3b334fbda52289306e382c4b463b9398e9d36d1267c213292e0ff4a9062
outputs/band_study/bands/mi_f1_k5.npy,168,
outputs/band_study/bands/mi_f1_k50.npy,528,
outputs/band_study/bands/mi_f1_k50_wavelengths.csv,752,a373988fd1d17fa9878afaa287e4c99204a418fbef5b1a5e9e2162741a99f250
outputs/band_study/bands/mi_f1_k5_wavelengths.csv,94,bbd2a830de5bc4ddde7ab36f8599de5a2e20e9f62e56f817001234b5d38211a7
outputs/band_study/bands/mi_f1_k64.npy,640,
outputs/band_study/bands/mi_f1_k64_wavelengths.csv,957,b6879484643f0c2561965e6bf2bd8f2a722fb2ee3458e47d7615533f3b719890
outputs/band_study/bands/mi_f1_k8.npy,192,
outputs/band_study/bands/mi_f1_k80.npy,768,
outputs/band_study/bands/mi_f1_k80_wavelengths.csv,1198,b681a8cdc1513fd526dab55498a36b0f98ef282f6db66ddc2b1757dd6b4a43a0
outputs/band_study/bands/mi_f1_k8_wavelengths.csv,136,3b4b3dfeddcd001b357ab0eadfb245fd78bff540c650cdd573bedd77a6825633
outputs/band_study/bands/mrmr_f0_k1.npy,136,
outputs/band_study/bands/mrmr_f0_k10.npy,208,
outputs/band_study/bands/mrmr_f0_k100.npy,928,
outputs/band_study/bands/mrmr_f0_k100_wavelengths.csv,1488,bc2307b3b36dbf7764aed004b4cbae1887c4521200e7856746a9d33f94d00ae6
outputs/band_study/bands/mrmr_f0_k10_wavelengths.csv,167,cc6f8a6f79e0f63d54fc4b9bce17bdbf293a8cf0b9c67e2b50d8b6c183463d37
outputs/band_study/bands/mrmr_f0_k128.npy,1152,
outputs/band_study/bands/mrmr_f0_k128_wavelengths.csv,1895,4243aba06e6e3f215ed564429a528e97dc178a6defc0c83b64873188b6591b17
outputs/band_study/bands/mrmr_f0_k15.npy,248,
outputs/band_study/bands/mrmr_f0_k15_wavelengths.csv,242,78eb484c7b617ca43d87b078e0537df33e8ee14e35ec767232fd54c1da11d4c8
outputs/band_study/bands/mrmr_f0_k160.npy,1408,
outputs/band_study/bands/mrmr_f0_k160_wavelengths.csv,2371,c2c6b44db74d558527b399b74e9e2d2197c75f3d6b683e4ddf5c4b88d10ca0a0
outputs/band_study/bands/mrmr_f0_k192.npy,1664,
outputs/band_study/bands/mrmr_f0_k192_wavelengths.csv,2829,19866fe607b6cb80eb2b306dbc21e2c43dc576e4a4af270622239f0732b962e9
outputs/band_study/bands/mrmr_f0_k1_wavelengths.csv,36,fac057ad1a1e534d61b401059a5260536601fe0f6cabbc5f6874e6ac2871dc05
outputs/band_study/bands/mrmr_f0_k2.npy,144,
outputs/band_study/bands/mrmr_f0_k20.npy,288,
outputs/band_study/bands/mrmr_f0_k20_wavelengths.csv,314,165fc42df3fc9e1208e26de6469b8970d796780dd137c382e66ff881a6778c16
outputs/band_study/bands/mrmr_f0_k224.npy,1920,
outputs/band_study/bands/mrmr_f0_k224_wavelengths.csv,3280,aeddad914b5a4cbdc6e119a5e9dd512dc5c6873552109f382cb6f89b466bc1e8
outputs/band_study/bands/mrmr_f0_k25.npy,328,
outputs/band_study/bands/mrmr_f0_k256.npy,2176,
outputs/band_study/bands/mrmr_f0_k256_wavelengths.csv,3755,b0f50a1e1771c6930e466de7a3df00e1bfa3de049279334487a9bd4fa10a7d13
outputs/band_study/bands/mrmr_f0_k25_wavelengths.csv,388,0802237918ecbd859400eda707ce486a3c9ed133be17e24c08ea72310031bb54
outputs/band_study/bands/mrmr_f0_k2_wavelengths.csv,51,c2658b75106e44c1d0f7dd98e7d89f19b0fd255afe48497e2bf56f0ed59ee52c
outputs/band_study/bands/mrmr_f0_k3.npy,152,
outputs/band_study/bands/mrmr_f0_k30.npy,368,
outputs/band_study/bands/mrmr_f0_k30_wavelengths.csv,460,6dad829cfd9a8e83134978d7b43820523bd76076ce51447290ebdb34319cc090
outputs/band_study/bands/mrmr_f0_k3_wavelengths.csv,66,f4b77ff2f1cc42d31262a6d285283bb2c927963af0aa80a53bdf0c36233261a8
outputs/band_study/bands/mrmr_f0_k40.npy,448,
outputs/band_study/bands/mrmr_f0_k40_wavelengths.csv,606,41dcdf8aad84bf376e6434a7cd6fed42d8ad51f36ad1c148957275508c35a411
outputs/band_study/bands/mrmr_f0_k5.npy,168,
outputs/band_study/bands/mrmr_f0_k50.npy,528,
outputs/band_study/bands/mrmr_f0_k50_wavelengths.csv,752,88852ebc828eff2e5cabc97f472cfd7f0841979b19342e7936aabdd8462d61ec
outputs/band_study/bands/mrmr_f0_k5_wavelengths.csv,96,013ac2d04206e82397be2d8829e176467f7e211816ef57a8de36d201762c3ebd
outputs/band_study/bands/mrmr_f0_k64.npy,640,
outputs/band_study/bands/mrmr_f0_k64_wavelengths.csv,957,816c1df9bab13a6401b778d58fc2240a4e6d1be2da958063ebeadeddcec1d2eb
outputs/band_study/bands/mrmr_f0_k8.npy,192,
outputs/band_study/bands/mrmr_f0_k80.npy,768,
outputs/band_study/bands/mrmr_f0_k80_wavelengths.csv,1193,86f928c56f65c528c2030e2a3c00160ece86aa8467ea5e15fc0f5105a71e1ebe
outputs/band_study/bands/mrmr_f0_k8_wavelengths.csv,140,342246b24c88f6c7909cd5ebc374aca3f17e58df6e571db0c35e23ad29352138
outputs/band_study/bands/mrmr_f1_k1.npy,136,
outputs/band_study/bands/mrmr_f1_k10.npy,208,
outputs/band_study/bands/mrmr_f1_k100.npy,928,
outputs/band_study/bands/mrmr_f1_k100_wavelengths.csv,1489,0767c59829e77d572a6c558292747b26209f3fd56fa2ae627f58a44c20bf19ec
outputs/band_study/bands/mrmr_f1_k10_wavelengths.csv,168,4e2f93e368c776fecdccf58c9388aa76674d75782d7fe5d073eeecab2732791e
outputs/band_study/bands/mrmr_f1_k128.npy,1152,
outputs/band_study/bands/mrmr_f1_k128_wavelengths.csv,1896,19268be8f733eb700fe6dc4a051682a234d05869db3ad9c8c3c06f7f19ac394a
outputs/band_study/bands/mrmr_f1_k15.npy,248,
outputs/band_study/bands/mrmr_f1_k15_wavelengths.csv,242,bf8c2a4c3c563f4180e3a76b9c17e0c6e20edfa440b8ef594918be37b210bcd2
outputs/band_study/bands/mrmr_f1_k160.npy,1408,
outputs/band_study/bands/mrmr_f1_k160_wavelengths.csv,2373,834cf360959fa2af7a2a3dd149f672744eaec3b516a8bc554fc7da889922480b
outputs/band_study/bands/mrmr_f1_k192.npy,1664,
outputs/band_study/bands/mrmr_f1_k192_wavelengths.csv,2819,45b36727d341aabab669296dd571192bc7dc5549681d02be8e9a37c3fe3a73a5
outputs/band_study/bands/mrmr_f1_k1_wavelengths.csv,37,2fee284358d0291249bd88c33fa6e189bb5a7b2e4399c53a36ab21392646dff6
outputs/band_study/bands/mrmr_f1_k2.npy,144,
outputs/band_study/bands/mrmr_f1_k20.npy,288,
outputs/band_study/bands/mrmr_f1_k20_wavelengths.csv,314,a05cf3a65a35a4a61cb68092af19a521afe468c93403dc77b21f7feb5819f738
outputs/band_study/bands/mrmr_f1_k224.npy,1920,
outputs/band_study/bands/mrmr_f1_k224_wavelengths.csv,3281,260ff8536de3e8e40cdad0e9431ba8fbcd4ec275e975580162f1646ab14e1030
outputs/band_study/bands/mrmr_f1_k25.npy,328,
outputs/band_study/bands/mrmr_f1_k256.npy,2176,
outputs/band_study/bands/mrmr_f1_k256_wavelengths.csv,3755,b0f50a1e1771c6930e466de7a3df00e1bfa3de049279334487a9bd4fa10a7d13
outputs/band_study/bands/mrmr_f1_k25_wavelengths.csv,387,2f82e8d332648096781f9f79f584ef57e52fca6b11e70ef738f67b7e08bdc040
outputs/band_study/bands/mrmr_f1_k2_wavelengths.csv,52,43d57768f69ca12871537395f659e08e976cc1a560b24ac394b29701752b9e83
outputs/band_study/bands/mrmr_f1_k3.npy,152,
outputs/band_study/bands/mrmr_f1_k30.npy,368,
outputs/band_study/bands/mrmr_f1_k30_wavelengths.csv,461,371eccecd3e98797cd088604d584a503f0be0f79257ccbe2970dbf521fe4e7e1
outputs/band_study/bands/mrmr_f1_k3_wavelengths.csv,66,c8eb1f5d3570d327c7bab131b14b8c58da5c4bfeb6866953b73367cfa92d54ea
outputs/band_study/bands/mrmr_f1_k40.npy,448,
outputs/band_study/bands/mrmr_f1_k40_wavelengths.csv,607,6aa42118036b15979f054dc6569b9839dcc43d193b6f0e056907608901706466
outputs/band_study/bands/mrmr_f1_k5.npy,168,
outputs/band_study/bands/mrmr_f1_k50.npy,528,
outputs/band_study/bands/mrmr_f1_k50_wavelengths.csv,754,ce2f86c1bc685f271ec49dab6263e7b35eaaa5b7f33da5aa181f520b5c279ddf
outputs/band_study/bands/mrmr_f1_k5_wavelengths.csv,93,cde3eff7be1aaab98f6041ff5830e39e05210ecdc2bd316d9f17e56676316bf4
outputs/band_study/bands/mrmr_f1_k64.npy,640,
outputs/band_study/bands/mrmr_f1_k64_wavelengths.csv,957,dd51b54476deb227ecd7e9e6ee662753cd27b6c4f38e5878810fb530c6c0ed46
outputs/band_study/bands/mrmr_f1_k8.npy,192,
outputs/band_study/bands/mrmr_f1_k80.npy,768,
outputs/band_study/bands/mrmr_f1_k80_wavelengths.csv,1193,24d82153d26a3eb62f630e762b7e9b992c719681bac38cbe7f4ea48da4ecbd4f
outputs/band_study/bands/mrmr_f1_k8_wavelengths.csv,139,1bbed490618ff7f47c1e40233832d532fa9be958ab57c0c2e6826f55dc9651b4
outputs/band_study/bands/pca_loading_f0_k1.npy,136,
outputs/band_study/bands/pca_loading_f0_k10.npy,208,
outputs/band_study/bands/pca_loading_f0_k100.npy,928,
outputs/band_study/bands/pca_loading_f0_k100_wavelengths.csv,1490,d4466cd62d7e68cb9fa6a032afc8e3dd41aabb1879dba37b795153ec662e4b9e
outputs/band_study/bands/pca_loading_f0_k10_wavelengths.csv,169,32e039cce3224382d6a5f1104a78bccd2f85619c1a9c2b8cbb08e9b0106a5b9d
outputs/band_study/bands/pca_loading_f0_k128.npy,1152,
outputs/band_study/bands/pca_loading_f0_k128_wavelengths.csv,1907,4c19728c3bc568a0b249c08a254eb13d8350c34566199597b1dfe587fb790453
outputs/band_study/bands/pca_loading_f0_k15.npy,248,
outputs/band_study/bands/pca_loading_f0_k15_wavelengths.csv,244,0ad1d4dac1cc5e26c4bfd6af4435a6c3f178ab71d6c14a6c16fc89e9230fd15b
outputs/band_study/bands/pca_loading_f0_k160.npy,1408,
outputs/band_study/bands/pca_loading_f0_k160_wavelengths.csv,2378,e00f10dd35e20e517abdc2b26e319e39535831898df4fc59af8ff4c948d9dab6
outputs/band_study/bands/pca_loading_f0_k192.npy,1664,
outputs/band_study/bands/pca_loading_f0_k192_wavelengths.csv,2848,4196abe38cc7db293146bcf90d86d43f8e7a267d800e860fc1f19166ca6cd139
outputs/band_study/bands/pca_loading_f0_k1_wavelengths.csv,36,06ed7f57ee6e6b8d4f499db3b908f6f1e5c2b4aa931ec82c6bbfe21e42e14d66
outputs/band_study/bands/pca_loading_f0_k2.npy,144,
outputs/band_study/bands/pca_loading_f0_k20.npy,288,
outputs/band_study/bands/pca_loading_f0_k20_wavelengths.csv,317,673927fee72905f4ec40491ab6555bf156ff0e1e65d1d1543b1769609f38cb1c
outputs/band_study/bands/pca_loading_f0_k224.npy,1920,
outputs/band_study/bands/pca_loading_f0_k224_wavelengths.csv,3306,ed98f01641b96b53ffa701f83f2c4a07056f74c231cee3ed6236e7c76ff51427
outputs/band_study/bands/pca_loading_f0_k25.npy,328,
outputs/band_study/bands/pca_loading_f0_k256.npy,2176,
outputs/band_study/bands/pca_loading_f0_k256_wavelengths.csv,3755,b0f50a1e1771c6930e466de7a3df00e1bfa3de049279334487a9bd4fa10a7d13
outputs/band_study/bands/pca_loading_f0_k25_wavelengths.csv,392,3b3ff1b1f2440029036b81d3ca851efaa4072c83387873880a1116580a229d2f
outputs/band_study/bands/pca_loading_f0_k2_wavelengths.csv,50,b713474abfb41aed40183a5af080604ada57936e18df3fab493d847844480a41
outputs/band_study/bands/pca_loading_f0_k3.npy,152,
outputs/band_study/bands/pca_loading_f0_k30.npy,368,
outputs/band_study/bands/pca_loading_f0_k30_wavelengths.csv,466,e16862e390584e59fdb07033f402b943a4cdee87c74943719074b6b7dde6cd09
outputs/band_study/bands/pca_loading_f0_k3_wavelengths.csv,65,147a3a4f8b77d2ae46e835f436209804615205013b1f734072a7db240a8885b8
outputs/band_study/bands/pca_loading_f0_k40.npy,448,
outputs/band_study/bands/pca_loading_f0_k40_wavelengths.csv,612,661842d8e1e20c00e04e49a296e0e67365244b548d306c9052f560b9ea9339af
outputs/band_study/bands/pca_loading_f0_k5.npy,168,
outputs/band_study/bands/pca_loading_f0_k50.npy,528,
outputs/band_study/bands/pca_loading_f0_k50_wavelengths.csv,757,da28f600d976ddf59c7b4013d35fb454baf55b6e3788080884ed5d0294ab39c3
outputs/band_study/bands/pca_loading_f0_k5_wavelengths.csv,95,19f67a7dff199d80955b8ec5b40c04dbe87dd446dc4d2e67e1d414fff9747abe
outputs/band_study/bands/pca_loading_f0_k64.npy,640,
outputs/band_study/bands/pca_loading_f0_k64_wavelengths.csv,961,07d28977db13bc6829d9ca6ab3d5bbd1cb88705b60536131f961f4136b0a83a0
outputs/band_study/bands/pca_loading_f0_k8.npy,192,
outputs/band_study/bands/pca_loading_f0_k80.npy,768,
outputs/band_study/bands/pca_loading_f0_k80_wavelengths.csv,1197,5d0ffc19cf55c44c6bbf7ef538e6f7a4f6c13efa748e61b889a5323e4e8f8c2a
outputs/band_study/bands/pca_loading_f0_k8_wavelengths.csv,140,d764fe75a2fbf3977d52e08f3325768b3d86278b01c9c94da3333cc06da3f872
outputs/band_study/bands/pca_loading_f1_k1.npy,136,
outputs/band_study/bands/pca_loading_f1_k10.npy,208,
outputs/band_study/bands/pca_loading_f1_k100.npy,928,
outputs/band_study/bands/pca_loading_f1_k100_wavelengths.csv,1491,26d547758cda9742673fc82675b765892920160a511a6bf81966dc1ed2ce33c2
outputs/band_study/bands/pca_loading_f1_k10_wavelengths.csv,169,538e63c47023a420db045b3b8f07c96aa4f5eb2e096caafd31499831cf2b1cbd
outputs/band_study/bands/pca_loading_f1_k128.npy,1152,
outputs/band_study/bands/pca_loading_f1_k128_wavelengths.csv,1911,b97c67e982eba2fc77cb41e2a068c2dd8515e8104fcba2e413de2e13c16cbec0
outputs/band_study/bands/pca_loading_f1_k15.npy,248,
outputs/band_study/bands/pca_loading_f1_k15_wavelengths.csv,244,1a41e5ebe71ebf31da4d0d320c5d20f794b0e02ae707a5b8e8693d46c7b18504
outputs/band_study/bands/pca_loading_f1_k160.npy,1408,
outputs/band_study/bands/pca_loading_f1_k160_wavelengths.csv,2381,3d6f3e00795983b60a119be5f6dbe9db086d174d33f9e62ed3af0745db41a009
outputs/band_study/bands/pca_loading_f1_k192.npy,1664,
outputs/band_study/bands/pca_loading_f1_k192_wavelengths.csv,2848,d07cc03e4e4d2e158a64d04b56de5cf790777ec7548a7fe6108b3adacabb978c
outputs/band_study/bands/pca_loading_f1_k1_wavelengths.csv,36,06ed7f57ee6e6b8d4f499db3b908f6f1e5c2b4aa931ec82c6bbfe21e42e14d66
outputs/band_study/bands/pca_loading_f1_k2.npy,144,
outputs/band_study/bands/pca_loading_f1_k20.npy,288,
outputs/band_study/bands/pca_loading_f1_k20_wavelengths.csv,319,d2a103cf7f7b33180976f6caf361ddc659730786209b2c1407e003dfdb8d98b0
outputs/band_study/bands/pca_loading_f1_k224.npy,1920,
outputs/band_study/bands/pca_loading_f1_k224_wavelengths.csv,3307,73ff102b4ab327695ff99b7be9bfea2b556aca9ff07ccc3cd99371033404af1e
outputs/band_study/bands/pca_loading_f1_k25.npy,328,
outputs/band_study/bands/pca_loading_f1_k256.npy,2176,
outputs/band_study/bands/pca_loading_f1_k256_wavelengths.csv,3755,b0f50a1e1771c6930e466de7a3df00e1bfa3de049279334487a9bd4fa10a7d13
outputs/band_study/bands/pca_loading_f1_k25_wavelengths.csv,393,30002eefb8cf6f58e04e03049fcafa76ce6cd764a5b73a81557e788d601b4ed5
outputs/band_study/bands/pca_loading_f1_k2_wavelengths.csv,50,e192a04e74cae71246c6d97c8d85000acbbd596e9f45ff23efaef2899642981b
outputs/band_study/bands/pca_loading_f1_k3.npy,152,
outputs/band_study/bands/pca_loading_f1_k30.npy,368,
outputs/band_study/bands/pca_loading_f1_k30_wavelengths.csv,466,9fb9b4e9b8250f42248bcf1b69213f8ce54c6912da6ca9562176c59ca17c9e48
outputs/band_study/bands/pca_loading_f1_k3_wavelengths.csv,65,e4327942caf727e4e8a3d41fc7d2491fa0de8a5f1c2df382b3639e790e7a1dc0
outputs/band_study/bands/pca_loading_f1_k40.npy,448,
outputs/band_study/bands/pca_loading_f1_k40_wavelengths.csv,611,d31ff54953a35e74d8e1bb30592e902b47f0a3e28c9ef555a1ed2d10065945d9
outputs/band_study/bands/pca_loading_f1_k5.npy,168,
outputs/band_study/bands/pca_loading_f1_k50.npy,528,
outputs/band_study/bands/pca_loading_f1_k50_wavelengths.csv,756,9c89b10686261bc7fb524761284c88683b50b457606816e4ee91a644aabaf215
outputs/band_study/bands/pca_loading_f1_k5_wavelengths.csv,95,ea756b522f3dd6d6563ba85fafb4ca8771b7376e27aa0af45b6cd246a3e37924
outputs/band_study/bands/pca_loading_f1_k64.npy,640,
outputs/band_study/bands/pca_loading_f1_k64_wavelengths.csv,961,6c283a5c3c07a84e07690024ccd3823343bbcc0500f67bdb573be3b9f42a0f13
outputs/band_study/bands/pca_loading_f1_k8.npy,192,
outputs/band_study/bands/pca_loading_f1_k80.npy,768,
outputs/band_study/bands/pca_loading_f1_k80_wavelengths.csv,1196,311eb9720a8730a88111825cf4c3680345b32b2f7ee279cd16cb47af0a20d6d3
outputs/band_study/bands/pca_loading_f1_k8_wavelengths.csv,140,6b8d192d2dcb83ec4ce1ab6a1c24327f6993c95a5475304952870517ef844f67
outputs/band_study/bands/pls_vip_f0_k1.npy,136,
outputs/band_study/bands/pls_vip_f0_k10.npy,208,
outputs/band_study/bands/pls_vip_f0_k100.npy,928,
outputs/band_study/bands/pls_vip_f0_k100_wavelengths.csv,1473,431a36958fdbe324900af9ae9026c8667098fb50b3e9468d9f3cf00ec98ff17e
outputs/band_study/bands/pls_vip_f0_k10_wavelengths.csv,172,d5da34f06a7db74de95e35824e01b4a756d2ccb21d60b6062115c4598ef49aa7
outputs/band_study/bands/pls_vip_f0_k128.npy,1152,
outputs/band_study/bands/pls_vip_f0_k128_wavelengths.csv,1875,f2d1446728e478017c840d15c6a5488b2035f36d0e79dd178da5494658605e03
outputs/band_study/bands/pls_vip_f0_k15.npy,248,
outputs/band_study/bands/pls_vip_f0_k15_wavelengths.csv,245,2299bcd5db1e0818db1dfa6a1450e18b4ad0c82605deab6a4012616c6f86b638
outputs/band_study/bands/pls_vip_f0_k160.npy,1408,
outputs/band_study/bands/pls_vip_f0_k160_wavelengths.csv,2339,3f852d9a21d071860f794f48eefb6cd7162522b67994d2246ba0247bd54a971b
outputs/band_study/bands/pls_vip_f0_k192.npy,1664,
outputs/band_study/bands/pls_vip_f0_k192_wavelengths.csv,2802,f94caa0df2276f00f558445a2a1f5f859b79e56065316c9d7b8efb8447c74e3e
outputs/band_study/bands/pls_vip_f0_k1_wavelengths.csv,37,d3acefc27dbd9d7243459f70b2b80ccfcaea0512d301007af146312ea60ee7a2
outputs/band_study/bands/pls_vip_f0_k2.npy,144,
outputs/band_study/bands/pls_vip_f0_k20.npy,288,
outputs/band_study/bands/pls_vip_f0_k20_wavelengths.csv,318,9838ee1c3a552d77d1fe049037f00603e4bc7d9b6322126a0ac0c82bdcf3bbeb
outputs/band_study/bands/pls_vip_f0_k224.npy,1920,
outputs/band_study/bands/pls_vip_f0_k224_wavelengths.csv,3278,d25cd16755eebbdc0adf616c3dbc8aa91fc07705660ab58ce2b6449945fccf92
outputs/band_study/bands/pls_vip_f0_k25.npy,328,
outputs/band_study/bands/pls_vip_f0_k256.npy,2176,
outputs/band_study/bands/pls_vip_f0_k256_wavelengths.csv,3755,b0f50a1e1771c6930e466de7a3df00e1bfa3de049279334487a9bd4fa10a7d13
outputs/band_study/bands/pls_vip_f0_k25_wavelengths.csv,390,05fc57a3eb6d5d6a76cbabbb40727033db21ebd549d436ad1191f8f2bdab6587
outputs/band_study/bands/pls_vip_f0_k2_wavelengths.csv,52,a1df78bd680be5980b013c5cc2bd8c66de973d63482bc1cdaf1752d2900839f2
outputs/band_study/bands/pls_vip_f0_k3.npy,152,
outputs/band_study/bands/pls_vip_f0_k30.npy,368,
outputs/band_study/bands/pls_vip_f0_k30_wavelengths.csv,461,0e531313d795ea0ce09b9c9989201009232daca06eabc0814a3feab5d63b6e06
outputs/band_study/bands/pls_vip_f0_k3_wavelengths.csv,67,f33bc21aebe31500aa0b5488ae0b883667973dd02c3636983036077b08da3d27
outputs/band_study/bands/pls_vip_f0_k40.npy,448,
outputs/band_study/bands/pls_vip_f0_k40_wavelengths.csv,607,4535bb91af3fde30d939e10964d4f289c3d2dc3d66311c440608502ceb5e0e33
outputs/band_study/bands/pls_vip_f0_k5.npy,168,
outputs/band_study/bands/pls_vip_f0_k50.npy,528,
outputs/band_study/bands/pls_vip_f0_k50_wavelengths.csv,752,12143177c767c98044d93bc0c3906fcfed8ced4384a2c471c13a4fd32c95675e
outputs/band_study/bands/pls_vip_f0_k5_wavelengths.csv,97,55d8f390f966df3863dda4d65335af18fd8d1bfa4bc7d204ca0aef002f8f74ad
outputs/band_study/bands/pls_vip_f0_k64.npy,640,
outputs/band_study/bands/pls_vip_f0_k64_wavelengths.csv,957,b58278a82ca869dabdc3ab15482689bad88b6a9ab928f5b0c5166a7a27e614c6
outputs/band_study/bands/pls_vip_f0_k8.npy,192,
outputs/band_study/bands/pls_vip_f0_k80.npy,768,
outputs/band_study/bands/pls_vip_f0_k80_wavelengths.csv,1185,0a9b47003989331b3c26a686f9165ab5dfba027e77db5779b8f1e87290e28666
outputs/band_study/bands/pls_vip_f0_k8_wavelengths.csv,142,b8ae778b3098e23a9d09590405acef13aa7d1c804b1c546abac74bc5c3897463
outputs/band_study/bands/pls_vip_f1_k1.npy,136,
outputs/band_study/bands/pls_vip_f1_k10.npy,208,
outputs/band_study/bands/pls_vip_f1_k100.npy,928,
outputs/band_study/bands/pls_vip_f1_k100_wavelengths.csv,1474,24a2ac3ebe4224287f19cf8a7b5939974251a935871543aa20f6fc5e05389f85
outputs/band_study/bands/pls_vip_f1_k10_wavelengths.csv,172,d5da34f06a7db74de95e35824e01b4a756d2ccb21d60b6062115c4598ef49aa7
outputs/band_study/bands/pls_vip_f1_k128.npy,1152,
outputs/band_study/bands/pls_vip_f1_k128_wavelengths.csv,1874,c0220335637cc64cd2f8e87f514f85ad7903e579447d621926fc40ca9b56b521
outputs/band_study/bands/pls_vip_f1_k15.npy,248,
outputs/band_study/bands/pls_vip_f1_k15_wavelengths.csv,245,4b9b3209a8550d0f1b7793465a00ee4397c90a8ddbeb77a5c3cd411af8854675
outputs/band_study/bands/pls_vip_f1_k160.npy,1408,
outputs/band_study/bands/pls_vip_f1_k160_wavelengths.csv,2332,d95f6bddc8553ec73613d38847700fd96932649b75cd6962fcfcf4e08c2615c2
outputs/band_study/bands/pls_vip_f1_k192.npy,1664,
outputs/band_study/bands/pls_vip_f1_k192_wavelengths.csv,2800,1c53c2d53e99d23d59766ae543b2cc7c41b4c91e7d88e8a2de9e2c733f60c7ca
outputs/band_study/bands/pls_vip_f1_k1_wavelengths.csv,37,d3acefc27dbd9d7243459f70b2b80ccfcaea0512d301007af146312ea60ee7a2
outputs/band_study/bands/pls_vip_f1_k2.npy,144,
outputs/band_study/bands/pls_vip_f1_k20.npy,288,
outputs/band_study/bands/pls_vip_f1_k20_wavelengths.csv,318,9838ee1c3a552d77d1fe049037f00603e4bc7d9b6322126a0ac0c82bdcf3bbeb
outputs/band_study/bands/pls_vip_f1_k224.npy,1920,
outputs/band_study/bands/pls_vip_f1_k224_wavelengths.csv,3276,4a8902cc13d5ecd80fe0a9a01c5f8873840ffa943830a2fd50f2808bb410a2cf
outputs/band_study/bands/pls_vip_f1_k25.npy,328,
outputs/band_study/bands/pls_vip_f1_k256.npy,2176,
outputs/band_study/bands/pls_vip_f1_k256_wavelengths.csv,3755,b0f50a1e1771c6930e466de7a3df00e1bfa3de049279334487a9bd4fa10a7d13
outputs/band_study/bands/pls_vip_f1_k25_wavelengths.csv,390,05fc57a3eb6d5d6a76cbabbb40727033db21ebd549d436ad1191f8f2bdab6587
outputs/band_study/bands/pls_vip_f1_k2_wavelengths.csv,52,a1df78bd680be5980b013c5cc2bd8c66de973d63482bc1cdaf1752d2900839f2
outputs/band_study/bands/pls_vip_f1_k3.npy,152,
outputs/band_study/bands/pls_vip_f1_k30.npy,368,
outputs/band_study/bands/pls_vip_f1_k30_wavelengths.csv,461,0e6c1880a1a35269b814817517ff8138fb9b4cbc282aeffc986fbd6ae29b85ea
outputs/band_study/bands/pls_vip_f1_k3_wavelengths.csv,67,2fd7e666f87db81d9724c88b7694b8e1cbf9a8faa655c069014f7fa84c2c2293
outputs/band_study/bands/pls_vip_f1_k40.npy,448,
outputs/band_study/bands/pls_vip_f1_k40_wavelengths.csv,609,c0fce913ec3218d0c52a1b80c6fc2c4cf11faccffbe93c1c7dc7bbacebee04c5
outputs/band_study/bands/pls_vip_f1_k5.npy,168,
outputs/band_study/bands/pls_vip_f1_k50.npy,528,
outputs/band_study/bands/pls_vip_f1_k50_wavelengths.csv,751,18aed2bfe3596671c6ff9407bf9cd322623b56e59b2a7964d755904f56e4976a
outputs/band_study/bands/pls_vip_f1_k5_wavelengths.csv,97,55d8f390f966df3863dda4d65335af18fd8d1bfa4bc7d204ca0aef002f8f74ad
outputs/band_study/bands/pls_vip_f1_k64.npy,640,
outputs/band_study/bands/pls_vip_f1_k64_wavelengths.csv,955,69f8738b210a77d2144499590c274ca21e89ba739550d3b26207a58741c5ada7
outputs/band_study/bands/pls_vip_f1_k8.npy,192,
outputs/band_study/bands/pls_vip_f1_k80.npy,768,
outputs/band_study/bands/pls_vip_f1_k80_wavelengths.csv,1187,b1be1d92d78e9f30ca493d400bddece687bb861043ceff89364ca21515a412cd
outputs/band_study/bands/pls_vip_f1_k8_wavelengths.csv,142,2588fa2f1c29bf167655e747f78a85efefdd5ec7d293bdc32ec19959f8839c08
outputs/band_study/bands/random_f0_k1.npy,136,
outputs/band_study/bands/random_f0_k10.npy,208,
outputs/band_study/bands/random_f0_k100.npy,928,
outputs/band_study/bands/random_f0_k100_wavelengths.csv,1481,c9145f03c1f1a3f37926c95d1aea712fcdf7b18847b14b9dce379fa7f7e44809
outputs/band_study/bands/random_f0_k10_wavelengths.csv,169,a08949f5ce85492387e71aedb7d5d3154d4ecc93dba42d68130f35efe432dafb
outputs/band_study/bands/random_f0_k128.npy,1152,
outputs/band_study/bands/random_f0_k128_wavelengths.csv,1895,7dc74576d0cde6e287d674605d3db1e33a5d31269b31a9dca34cf0eeb33f6606
outputs/band_study/bands/random_f0_k15.npy,248,
outputs/band_study/bands/random_f0_k15_wavelengths.csv,239,46543d2b3826f8d75cd2684b5f53ac56fd68b20ba212aed7191d948c296e55b5
outputs/band_study/bands/random_f0_k160.npy,1408,
outputs/band_study/bands/random_f0_k160_wavelengths.csv,2355,0c82a3fc216aca6c56b874cd9c045b5b3b6d96352f1e8c17b1064fc9e5864451
outputs/band_study/bands/random_f0_k192.npy,1664,
outputs/band_study/bands/random_f0_k192_wavelengths.csv,2822,d0757da8d16d01ee6444f1cf1fd23f2cacb450e615f4ab8d2161fe79d0767044
outputs/band_study/bands/random_f0_k1_wavelengths.csv,36,835393c363fb8e2322d84131ebe7e699a25e4039c6117e62e533bcbd50498e87
outputs/band_study/bands/random_f0_k2.npy,144,
outputs/band_study/bands/random_f0_k20.npy,288,
outputs/band_study/bands/random_f0_k20_wavelengths.csv,313,caf9c33a6bbc761011f2d6a016a982aaf860a6286f666f6bdf08da90d3dc3563
outputs/band_study/bands/random_f0_k224.npy,1920,
outputs/band_study/bands/random_f0_k224_wavelengths.csv,3287,98133f802abd1b9962ccb94e483101b95f9d6d7d3df62dea992f22abec4bc3a4
outputs/band_study/bands/random_f0_k25.npy,328,
outputs/band_study/bands/random_f0_k256.npy,2176,
outputs/band_study/bands/random_f0_k256_wavelengths.csv,3755,b0f50a1e1771c6930e466de7a3df00e1bfa3de049279334487a9bd4fa10a7d13
outputs/band_study/bands/random_f0_k25_wavelengths.csv,394,23223723cba47dafbd0a454b595ffdc03bcc1a8eb095b57984e754f718034d3f
outputs/band_study/bands/random_f0_k2_wavelengths.csv,52,0e5c8c273a046cccdf88b7a373cb0051809788ddca00c033b482305045ec1309
outputs/band_study/bands/random_f0_k3.npy,152,
outputs/band_study/bands/random_f0_k30.npy,368,
outputs/band_study/bands/random_f0_k30_wavelengths.csv,462,b9873d90656853b4eaa6176ad83690eea3b011f9d58214ae09ca26b11c0a4ce9
outputs/band_study/bands/random_f0_k3_wavelengths.csv,66,13463ca04b0d1b7464b21d80d723501ce1beb8f8972d8e319fd976d89ad0d5d5
outputs/band_study/bands/random_f0_k40.npy,448,
outputs/band_study/bands/random_f0_k40_wavelengths.csv,601,430c2784e2a3d146a5fbc9fbbef2183d42504e6ce3e63eed6d3b3e505d88436b
outputs/band_study/bands/random_f0_k5.npy,168,
outputs/band_study/bands/random_f0_k50.npy,528,
outputs/band_study/bands/random_f0_k50_wavelengths.csv,744,2baf133b14929d9e9ea9e2e3108b0d94fce34b889eb8f08d89cf4f39bab27579
outputs/band_study/bands/random_f0_k5_wavelengths.csv,96,704f2f6cfc686dd222c95c903801577e7b8d498e306bb6fcf0684a51635bb620
outputs/band_study/bands/random_f0_k64.npy,640,
outputs/band_study/bands/random_f0_k64_wavelengths.csv,956,c255e47c170fa4970e31e688fadeae6c373725d4b316fd01434e8d60c83cc927
outputs/band_study/bands/random_f0_k8.npy,192,
outputs/band_study/bands/random_f0_k80.npy,768,
outputs/band_study/bands/random_f0_k80_wavelengths.csv,1188,497e8503fddbb6819286f1f73173f94a7e576fc148cf1666940d639d944b8ebe
outputs/band_study/bands/random_f0_k8_wavelengths.csv,139,8826e19ca4044b598ac7b1142eecfe5b1b48af7c010e8251ead8bafddabad110
outputs/band_study/bands/random_f1_k1.npy,136,
outputs/band_study/bands/random_f1_k10.npy,208,
outputs/band_study/bands/random_f1_k100.npy,928,
outputs/band_study/bands/random_f1_k100_wavelengths.csv,1472,91069fb904a470d437fb7820cd5d872a2e1a1aa328cc92265e384692b71a8a3b
outputs/band_study/bands/random_f1_k10_wavelengths.csv,170,814393f3fef7faa1e86818e0aa0e147c846b6c2ca602fd231c8a5afd103b3bdd
outputs/band_study/bands/random_f1_k128.npy,1152,
outputs/band_study/bands/random_f1_k128_wavelengths.csv,1888,24122b383b3d1edeb9b61025813bec8383f531dd80e92a13c7006a335c09a3f2
outputs/band_study/bands/random_f1_k15.npy,248,
outputs/band_study/bands/random_f1_k15_wavelengths.csv,242,bc30a7735366e02141977d29bf6df40f09ed88e242988d357e12c14fea828117
outputs/band_study/bands/random_f1_k160.npy,1408,
outputs/band_study/bands/random_f1_k160_wavelengths.csv,2356,195a7c94a5b03a9a6a187c0d49fad919134ee239d0c1f1ed1cb768de0054cdee
outputs/band_study/bands/random_f1_k192.npy,1664,
outputs/band_study/bands/random_f1_k192_wavelengths.csv,2824,b31d8fa7b1d4dd5257f0ba1983b3ac7ccc5814544c4da1f14078caa649f8ca5b
outputs/band_study/bands/random_f1_k1_wavelengths.csv,37,5bb8aca81a42e1c46ea027833130dfd509e1def0208fed38cad16e4641ea163e
outputs/band_study/bands/random_f1_k2.npy,144,
outputs/band_study/bands/random_f1_k20.npy,288,
outputs/band_study/bands/random_f1_k20_wavelengths.csv,315,91a2dc1e0d0083b43172dede0d5bac3bc7aea0b550394c06e5e767b6c1648fc6
outputs/band_study/bands/random_f1_k224.npy,1920,
outputs/band_study/bands/random_f1_k224_wavelengths.csv,3285,c3428998f71e2ed74b16d401012fc7c11e463044e5a8d6c7f6584439a2d8f096
outputs/band_study/bands/random_f1_k25.npy,328,
outputs/band_study/bands/random_f1_k256.npy,2176,
outputs/band_study/bands/random_f1_k256_wavelengths.csv,3755,b0f50a1e1771c6930e466de7a3df00e1bfa3de049279334487a9bd4fa10a7d13
outputs/band_study/bands/random_f1_k25_wavelengths.csv,387,2e5c26ee23d02295938b75f29b32ae3bee09c94f9b67655b3238b462abd00672
outputs/band_study/bands/random_f1_k2_wavelengths.csv,52,d462034283afea57fef4c9b54534aa5ed1798c4ef8b5ee62b8847dc3cceeeb3b
outputs/band_study/bands/random_f1_k3.npy,152,
outputs/band_study/bands/random_f1_k30.npy,368,
outputs/band_study/bands/random_f1_k30_wavelengths.csv,458,f15e0cfe5f279f5e5522ec6872ed358be5af63e03d94998e0fd78cbb7d21151a
outputs/band_study/bands/random_f1_k3_wavelengths.csv,65,a7decbad19f2c3578f5b9916fdd2e2006017636d02ee0477514144ecd4604f4b
outputs/band_study/bands/random_f1_k40.npy,448,
outputs/band_study/bands/random_f1_k40_wavelengths.csv,609,6cff92d9374ece884654eb259b46f63252614d22599e82318bf637ac103088ea
outputs/band_study/bands/random_f1_k5.npy,168,
outputs/band_study/bands/random_f1_k50.npy,528,
outputs/band_study/bands/random_f1_k50_wavelengths.csv,748,7637d341a0589dec71c475dac295448008358e12f04597cda3aadac5db94dfcb
outputs/band_study/bands/random_f1_k5_wavelengths.csv,97,cf25a600a1bafcf9eb7280d3ce0796d0ddacaac846e00dcc65e174bdb46c5e30
outputs/band_study/bands/random_f1_k64.npy,640,
outputs/band_study/bands/random_f1_k64_wavelengths.csv,954,b581ed28116414012e728561401959dac36f9c1769a140bf3c51d85552ac964b
outputs/band_study/bands/random_f1_k8.npy,192,
outputs/band_study/bands/random_f1_k80.npy,768,
outputs/band_study/bands/random_f1_k80_wavelengths.csv,1185,f799ab4bacb6a46ddcac96c40d3f930e3878b4a66e22ddd213696337a9939fca
outputs/band_study/bands/random_f1_k8_wavelengths.csv,142,48c5ed4250494519455eb330e1cbce9bbc5625d71b713312b5394d0c955940a7
outputs/band_study/bands/spa_f0_k1.npy,136,
outputs/band_study/bands/spa_f0_k10.npy,208,
outputs/band_study/bands/spa_f0_k100.npy,928,
outputs/band_study/bands/spa_f0_k100_wavelengths.csv,1497,5a1f4e52bf0b416a57c8048d90b68e4a23adb33ea5ab1886d5b6ea0183d58816
outputs/band_study/bands/spa_f0_k10_wavelengths.csv,168,15d183bf998f83e638cb8685fb6241a1af9f6a737de1b4b69e15350c155f5f0d
outputs/band_study/bands/spa_f0_k128.npy,1152,
outputs/band_study/bands/spa_f0_k128_wavelengths.csv,1895,4243aba06e6e3f215ed564429a528e97dc178a6defc0c83b64873188b6591b17
outputs/band_study/bands/spa_f0_k15.npy,248,
outputs/band_study/bands/spa_f0_k15_wavelengths.csv,241,46a3a9745e52806caeb56c59ec8c126ce5440d30a4d4a972c4943ecbaa4d0453
outputs/band_study/bands/spa_f0_k160.npy,1408,
outputs/band_study/bands/spa_f0_k160_wavelengths.csv,2371,c2c6b44db74d558527b399b74e9e2d2197c75f3d6b683e4ddf5c4b88d10ca0a0
outputs/band_study/bands/spa_f0_k192.npy,1664,
outputs/band_study/bands/spa_f0_k192_wavelengths.csv,2829,19866fe607b6cb80eb2b306dbc21e2c43dc576e4a4af270622239f0732b962e9
outputs/band_study/bands/spa_f0_k1_wavelengths.csv,36,fac057ad1a1e534d61b401059a5260536601fe0f6cabbc5f6874e6ac2871dc05
outputs/band_study/bands/spa_f0_k2.npy,144,
outputs/band_study/bands/spa_f0_k20.npy,288,
outputs/band_study/bands/spa_f0_k20_wavelengths.csv,315,30a944077295181db60609cca2c366c593cc51e402a483b20e0c953f49230c0c
outputs/band_study/bands/spa_f0_k224.npy,1920,
outputs/band_study/bands/spa_f0_k224_wavelengths.csv,3280,aeddad914b5a4cbdc6e119a5e9dd512dc5c6873552109f382cb6f89b466bc1e8
outputs/band_study/bands/spa_f0_k25.npy,328,
outputs/band_study/bands/spa_f0_k256.npy,2176,
outputs/band_study/bands/spa_f0_k256_wavelengths.csv,3755,b0f50a1e1771c6930e466de7a3df00e1bfa3de049279334487a9bd4fa10a7d13
outputs/band_study/bands/spa_f0_k25_wavelengths.csv,389,5dce5ab45ba054c1c6ee37aca20e57b2072c12ebda42abb1ff234262502d75f8
outputs/band_study/bands/spa_f0_k2_wavelengths.csv,51,7266e926fac950d95e4c90ca6f990ae0b7ad4024528d453125631d0dc5a0df34
outputs/band_study/bands/spa_f0_k3.npy,152,
outputs/band_study/bands/spa_f0_k30.npy,368,
outputs/band_study/bands/spa_f0_k30_wavelengths.csv,462,9403fd5704bde68d814d8d7a191d17dae02d0253b324d8a23d36ac4f82329378
outputs/band_study/bands/spa_f0_k3_wavelengths.csv,65,958ba78612694cd3452d9ed1c205b18f6ed4145479a9748736ba95f8ba8ac7e6
outputs/band_study/bands/spa_f0_k40.npy,448,
outputs/band_study/bands/spa_f0_k40_wavelengths.csv,609,fe02a3070f6c02d0a2ce59d87f3ab62c0c113a827eccebec57a94116e0850c7a
outputs/band_study/bands/spa_f0_k5.npy,168,
outputs/band_study/bands/spa_f0_k50.npy,528,
outputs/band_study/bands/spa_f0_k50_wavelengths.csv,757,63500877139a74a9729ebd8cad75dda17686e43a71393ea574120e8e8a7b4757
outputs/band_study/bands/spa_f0_k5_wavelengths.csv,94,2e3ab202adf2044b39880ee539e7e4d5802d2d55b131c86139fa45aed2b7dcf1
outputs/band_study/bands/spa_f0_k64.npy,640,
outputs/band_study/bands/spa_f0_k64_wavelengths.csv,965,9f5d819c4260817fd8a1350e343c19c96fff2c3e96ec617c7402f920383be995
outputs/band_study/bands/spa_f0_k8.npy,192,
outputs/band_study/bands/spa_f0_k80.npy,768,
outputs/band_study/bands/spa_f0_k80_wavelengths.csv,1204,b75756c88fcc9a7d5a18cb77064bf48912c3ae92cd8049ec070113f005890492
outputs/band_study/bands/spa_f0_k8_wavelengths.csv,139,2e1f2bc78e04c82f821e5bde2d41a629c3f25422ecf50b2097b972e0bb4bceb6
outputs/band_study/bands/spa_f1_k1.npy,136,
outputs/band_study/bands/spa_f1_k10.npy,208,
outputs/band_study/bands/spa_f1_k100.npy,928,
outputs/band_study/bands/spa_f1_k100_wavelengths.csv,1497,b093c7868d45cf2db9bba16c2880509ddb4ab45e03ad227fa598ccc40dffc21f
outputs/band_study/bands/spa_f1_k10_wavelengths.csv,168,45c353843eb4f0d4b92afcd9e788f5915eebdf7fb5557681ee75a918dd35c4f5
outputs/band_study/bands/spa_f1_k128.npy,1152,
outputs/band_study/bands/spa_f1_k128_wavelengths.csv,1896,19268be8f733eb700fe6dc4a051682a234d05869db3ad9c8c3c06f7f19ac394a
outputs/band_study/bands/spa_f1_k15.npy,248,
outputs/band_study/bands/spa_f1_k15_wavelengths.csv,242,c67d7594a4ee7df2e765c8125a13e95a3d4eeb9064a6ecbba7d40a94875f81ac
outputs/band_study/bands/spa_f1_k160.npy,1408,
outputs/band_study/bands/spa_f1_k160_wavelengths.csv,2373,834cf360959fa2af7a2a3dd149f672744eaec3b516a8bc554fc7da889922480b
outputs/band_study/bands/spa_f1_k192.npy,1664,
outputs/band_study/bands/spa_f1_k192_wavelengths.csv,2819,45b36727d341aabab669296dd571192bc7dc5549681d02be8e9a37c3fe3a73a5
outputs/band_study/bands/spa_f1_k1_wavelengths.csv,37,2fee284358d0291249bd88c33fa6e189bb5a7b2e4399c53a36ab21392646dff6
outputs/band_study/bands/spa_f1_k2.npy,144,
outputs/band_study/bands/spa_f1_k20.npy,288,
outputs/band_study/bands/spa_f1_k20_wavelengths.csv,316,e1d6083c601aa7a133a33554e69120a4d2174ac50a9e8b5aacb06e6facb371a3
outputs/band_study/bands/spa_f1_k224.npy,1920,
outputs/band_study/bands/spa_f1_k224_wavelengths.csv,3281,260ff8536de3e8e40cdad0e9431ba8fbcd4ec275e975580162f1646ab14e1030
outputs/band_study/bands/spa_f1_k25.npy,328,
outputs/band_study/bands/spa_f1_k256.npy,2176,
outputs/band_study/bands/spa_f1_k256_wavelengths.csv,3755,b0f50a1e1771c6930e466de7a3df00e1bfa3de049279334487a9bd4fa10a7d13
outputs/band_study/bands/spa_f1_k25_wavelengths.csv,389,fbcc91366647960d4a278cedf45706fc8affe424fadb4be018e84206a5ccc0ae
outputs/band_study/bands/spa_f1_k2_wavelengths.csv,52,22826b5808981790172326b6f6e67bf9a12214659a16a8a810800f044742b26d
outputs/band_study/bands/spa_f1_k3.npy,152,
outputs/band_study/bands/spa_f1_k30.npy,368,
outputs/band_study/bands/spa_f1_k30_wavelengths.csv,462,65eee0eed64d1230f00ff7601b19f133b13a32eb5349896b2ddf79840f47f8f7
outputs/band_study/bands/spa_f1_k3_wavelengths.csv,66,4a954c07fdbbbb6cca502707b0b15a5f7b8262ab0e938650f56a6e34d496c8c1
outputs/band_study/bands/spa_f1_k40.npy,448,
outputs/band_study/bands/spa_f1_k40_wavelengths.csv,610,cae006cb463c06c9d0dde996a2134e95ece1f669bfc57a795f7bf0f66f0c7555
outputs/band_study/bands/spa_f1_k5.npy,168,
outputs/band_study/bands/spa_f1_k50.npy,528,
outputs/band_study/bands/spa_f1_k50_wavelengths.csv,757,4620c75abba7602516ff9ca2289a8b0d47a06eaebace53b72262bbc43ac7d8e6
outputs/band_study/bands/spa_f1_k5_wavelengths.csv,95,2335c03aa25058647b9791744c62c06ec7bbbc8efcc76b266a7933c1a28de3dd
outputs/band_study/bands/spa_f1_k64.npy,640,
outputs/band_study/bands/spa_f1_k64_wavelengths.csv,965,9a995136c1dc1053475213c21094a272ce6374c743198e01359ee84eda22ea17
outputs/band_study/bands/spa_f1_k8.npy,192,
outputs/band_study/bands/spa_f1_k80.npy,768,
outputs/band_study/bands/spa_f1_k80_wavelengths.csv,1205,a2caee324af807bacd0ebb1935f3886ebb0bfa80995429e0cc412a681756a9dd
outputs/band_study/bands/spa_f1_k8_wavelengths.csv,139,51bb07476861993e555614c856f5a254e95f590d625abaf9e52054f361b161ed
outputs/band_study/bands/tree_importance_f0_k1.npy,136,
outputs/band_study/bands/tree_importance_f0_k10.npy,208,
outputs/band_study/bands/tree_importance_f0_k100.npy,928,
outputs/band_study/bands/tree_importance_f0_k100_wavelengths.csv,1468,fb405a4d0ed7c4295610b0747982e65f9d4d64dea24dcba7eac7b6e671d70f6f
outputs/band_study/bands/tree_importance_f0_k10_wavelengths.csv,167,39c2d61b3c9a3009f8fadaf0affbe945a765f6a42b45ec546eda8fec3ca4bf88
outputs/band_study/bands/tree_importance_f0_k128.npy,1152,
outputs/band_study/bands/tree_importance_f0_k128_wavelengths.csv,1882,2c47633abc5d93b42db9e52f88bc571398592a9dcbd1f8e3dd88a607dbf7166a
outputs/band_study/bands/tree_importance_f0_k15.npy,248,
outputs/band_study/bands/tree_importance_f0_k15_wavelengths.csv,239,c039af959574d1682dae459f7df022e87efb69b1755eceb56e36fb7548c48edc
outputs/band_study/bands/tree_importance_f0_k160.npy,1408,
outputs/band_study/bands/tree_importance_f0_k160_wavelengths.csv,2343,f54d8611debac7f91009bf089f7bcf4d5c22728e2605ed0351c0ec57062c9fc9
outputs/band_study/bands/tree_importance_f0_k192.npy,1664,
outputs/band_study/bands/tree_importance_f0_k192_wavelengths.csv,2804,30ed1f5c9adab970c0f883f77c3b49734587f8471ebd346f6ff120734969d71e
outputs/band_study/bands/tree_importance_f0_k1_wavelengths.csv,37,150dca0d248e94b7b9a78a81c5afdbfcc672e3f4d73a31f632cf101582fdd045
outputs/band_study/bands/tree_importance_f0_k2.npy,144,
outputs/band_study/bands/tree_importance_f0_k20.npy,288,
outputs/band_study/bands/tree_importance_f0_k20_wavelengths.csv,310,6016dd9992ccc506ff7cc1d4803fc9c3057df13d55b4138d4416773858e92c72
outputs/band_study/bands/tree_importance_f0_k224.npy,1920,
outputs/band_study/bands/tree_importance_f0_k224_wavelengths.csv,3276,cdb182332844c79fb151c28e10fdea488c6fa3e803a9c8810183a8a0a0b4b4c4
outputs/band_study/bands/tree_importance_f0_k25.npy,328,
outputs/band_study/bands/tree_importance_f0_k256.npy,2176,
outputs/band_study/bands/tree_importance_f0_k256_wavelengths.csv,3755,b0f50a1e1771c6930e466de7a3df00e1bfa3de049279334487a9bd4fa10a7d13
outputs/band_study/bands/tree_importance_f0_k25_wavelengths.csv,383,55d45cbcb212d60bac1ff062b713830ceb222c1bd39820330252caf6f6f5a48d
outputs/band_study/bands/tree_importance_f0_k2_wavelengths.csv,52,71054eed4c864e88a81fb8e7bf683e0cb6f9a77e634390595041af962bfc89e1
outputs/band_study/bands/tree_importance_f0_k3.npy,152,
outputs/band_study/bands/tree_importance_f0_k30.npy,368,
outputs/band_study/bands/tree_importance_f0_k30_wavelengths.csv,453,ed9f2050d2ea059205ea444e0fd0e5c0f9b5ba8ff0c9e35b5e6463d0234fe82e
outputs/band_study/bands/tree_importance_f0_k3_wavelengths.csv,67,624040de1d998874acdccf7f2ce75dd6666893e95a82d0408d355e89ab2e2d07
outputs/band_study/bands/tree_importance_f0_k40.npy,448,
outputs/band_study/bands/tree_importance_f0_k40_wavelengths.csv,592,c26d8d468210e97d70147b301f0a5c2982e67e3d6f6c898e864b29b5860e1686
outputs/band_study/bands/tree_importance_f0_k5.npy,168,
outputs/band_study/bands/tree_importance_f0_k50.npy,528,
outputs/band_study/bands/tree_importance_f0_k50_wavelengths.csv,731,907c0a33fbcb2adeef64deb5c708b5a7409719286add2e1525c2b735c2aa7212
outputs/band_study/bands/tree_importance_f0_k5_wavelengths.csv,96,c3a2c39b89cbc8774392be6b4ac100b59eb39e9d52cf64635efd06c16064401f
outputs/band_study/bands/tree_importance_f0_k64.npy,640,
outputs/band_study/bands/tree_importance_f0_k64_wavelengths.csv,931,a735f13e77a13b7f4f53402fc530d5d30c4e036b55a95e3bf9b56f0a29a9523e
outputs/band_study/bands/tree_importance_f0_k8.npy,192,
outputs/band_study/bands/tree_importance_f0_k80.npy,768,
outputs/band_study/bands/tree_importance_f0_k80_wavelengths.csv,1170,479b152e4a56a16ab95f18f843a6ade210f37f383090213e4ee62401f449697f
outputs/band_study/bands/tree_importance_f0_k8_wavelengths.csv,139,81a5b0892bcee1374297c2bad0a7322cd3b34741083b07ec575c59c9e89aed04
outputs/band_study/bands/tree_importance_f1_k1.npy,136,
outputs/band_study/bands/tree_importance_f1_k10.npy,208,
outputs/band_study/bands/tree_importance_f1_k100.npy,928,
outputs/band_study/bands/tree_importance_f1_k100_wavelengths.csv,1469,4d181ba4b8acfb9f601aabecc539bdc368f3e6fff821426c91f950f312dab34c
outputs/band_study/bands/tree_importance_f1_k10_wavelengths.csv,168,89fcff141f86781ef370927515628e0b218a506e7a3436b6d470c8e923d9187a
outputs/band_study/bands/tree_importance_f1_k128.npy,1152,
outputs/band_study/bands/tree_importance_f1_k128_wavelengths.csv,1883,44af5258485c27b6baad92433d6bca9b7e7564aa031b7ecc74b579b5f25869dc
outputs/band_study/bands/tree_importance_f1_k15.npy,248,
outputs/band_study/bands/tree_importance_f1_k15_wavelengths.csv,239,8c6b84180f25602af3e0c468c2e19c72d25cb0b855dc517c57e3231c5a65aabc
outputs/band_study/bands/tree_importance_f1_k160.npy,1408,
outputs/band_study/bands/tree_importance_f1_k160_wavelengths.csv,2345,24401b5f5ef8c1a510b4e32e41bef2f421c4b8071f3adf10216a5351c81f0d34
outputs/band_study/bands/tree_importance_f1_k192.npy,1664,
outputs/band_study/bands/tree_importance_f1_k192_wavelengths.csv,2805,299d6ce34d6efb58c57f381dcbf43a37805becc43aae331afc7c22c45130e2e2
outputs/band_study/bands/tree_importance_f1_k1_wavelengths.csv,37,6d4d464d33c273bfe5d61e91806f4eef28967f2f4c0c68761c8a6e8060a616e7
outputs/band_study/bands/tree_importance_f1_k2.npy,144,
outputs/band_study/bands/tree_importance_f1_k20.npy,288,
outputs/band_study/bands/tree_importance_f1_k20_wavelengths.csv,310,b32aee7deb8d7b862c597cd7be82143ab4541c1092b31bd4183bf2b78f6922b3
outputs/band_study/bands/tree_importance_f1_k224.npy,1920,
outputs/band_study/bands/tree_importance_f1_k224_wavelengths.csv,3275,0fe1a7f1236e74283ef9c14bab863d3f02659c85ad92f2d48097a2dcfd2a2a85
outputs/band_study/bands/tree_importance_f1_k25.npy,328,
outputs/band_study/bands/tree_importance_f1_k256.npy,2176,
outputs/band_study/bands/tree_importance_f1_k256_wavelengths.csv,3755,b0f50a1e1771c6930e466de7a3df00e1bfa3de049279334487a9bd4fa10a7d13
outputs/band_study/bands/tree_importance_f1_k25_wavelengths.csv,382,8f6c604959f0c7570dd377942986af0c6ef5dba6170f3eca9399e230f64f9ce5
outputs/band_study/bands/tree_importance_f1_k2_wavelengths.csv,52,5a95667da1614e0f4fd03c759bb2d572c3688883ecbbb8d3e5f9c555283c411f
outputs/band_study/bands/tree_importance_f1_k3.npy,152,
outputs/band_study/bands/tree_importance_f1_k30.npy,368,
outputs/band_study/bands/tree_importance_f1_k30_wavelengths.csv,455,4b20e2a9efd061ce5b6d1d087a54dda840077fcf1629beafb24236dcc648770b
outputs/band_study/bands/tree_importance_f1_k3_wavelengths.csv,67,624040de1d998874acdccf7f2ce75dd6666893e95a82d0408d355e89ab2e2d07
outputs/band_study/bands/tree_importance_f1_k40.npy,448,
outputs/band_study/bands/tree_importance_f1_k40_wavelengths.csv,596,1935c9b7981febc2a6da9a2426fa4d1ffb29a3afbebae8f0d3007eb4806387e4
outputs/band_study/bands/tree_importance_f1_k5.npy,168,
outputs/band_study/bands/tree_importance_f1_k50.npy,528,
outputs/band_study/bands/tree_importance_f1_k50_wavelengths.csv,736,3e0c56849eb8be53f4fd02e9752fbe735c1cb1a1bc58571fbfaba1722b373033
outputs/band_study/bands/tree_importance_f1_k5_wavelengths.csv,95,0221aa5d48d0e8bf7c3d9f247d3fdb992423b2b77a4cb990d9fcc4d1654a7e42
outputs/band_study/bands/tree_importance_f1_k64.npy,640,
outputs/band_study/bands/tree_importance_f1_k64_wavelengths.csv,931,992c89adb8a236c012f569212ced5cbb8afbe9c2a1f08b6c934e1f40d9c3221e
outputs/band_study/bands/tree_importance_f1_k8.npy,192,
outputs/band_study/bands/tree_importance_f1_k80.npy,768,
outputs/band_study/bands/tree_importance_f1_k80_wavelengths.csv,1168,1bf7a5182d9209c70b6aa480595e37136ff4729bb2dc67677c2b3af0fc8d4d03
outputs/band_study/bands/tree_importance_f1_k8_wavelengths.csv,139,11b2b18ac0971f8dbcb2ac852546fafc88b6c3026d090d0575ddeafe78a0cd44
outputs/band_study/bands/uniform_f0_k1.npy,136,
outputs/band_study/bands/uniform_f0_k10.npy,208,
outputs/band_study/bands/uniform_f0_k100.npy,928,
outputs/band_study/bands/uniform_f0_k100_wavelengths.csv,1480,c7c39ecbc238d9cf753266d51ab2a7675e8aad1f25633b9d30a57ebd88a7c64f
outputs/band_study/bands/uniform_f0_k10_wavelengths.csv,168,fd2ed2e9db805d00aa73bfe72daf322f14186cd0690223d87590c86f7f322843
outputs/band_study/bands/uniform_f0_k128.npy,1152,
outputs/band_study/bands/uniform_f0_k128_wavelengths.csv,1889,845d7766c9ab8df0ce6f5ade492878041e227dae03c222a0ddf8016dee3a64eb
outputs/band_study/bands/uniform_f0_k15.npy,248,
outputs/band_study/bands/uniform_f0_k15_wavelengths.csv,241,4a201f9776d5db6f4808d679c170b0062900e338a98475e157c665b534774943
outputs/band_study/bands/uniform_f0_k160.npy,1408,
outputs/band_study/bands/uniform_f0_k160_wavelengths.csv,2355,2f1a62bb6ad33d6b6739fd8cb39057644b4b12d16cde05ab1d6d44800e6a7c9c
outputs/band_study/bands/uniform_f0_k192.npy,1664,
outputs/band_study/bands/uniform_f0_k192_wavelengths.csv,2821,9ccba629600645aa294036c47b9e1f6f4ec400a79e0437b4d87adbdc338a79fe
outputs/band_study/bands/uniform_f0_k1_wavelengths.csv,35,29f065c59f3c2b6c67abe12c3a05a0ee4154b86d3592819c724ac5f811c2ce8a
outputs/band_study/bands/uniform_f0_k2.npy,144,
outputs/band_study/bands/uniform_f0_k20.npy,288,
outputs/band_study/bands/uniform_f0_k20_wavelengths.csv,314,d365558120c5430c2e78ab2e0d8128c84c0a3c04c996d4ed2ff0f8b5db934e12
outputs/band_study/bands/uniform_f0_k224.npy,1920,
outputs/band_study/bands/uniform_f0_k224_wavelengths.csv,3288,37932d2a7a112f136b5a694e13f16d74d1e7f3dbe7df64093e0a20c6800142d2
outputs/band_study/bands/uniform_f0_k25.npy,328,
outputs/band_study/bands/uniform_f0_k256.npy,2176,
outputs/band_study/bands/uniform_f0_k256_wavelengths.csv,3755,b0f50a1e1771c6930e466de7a3df00e1bfa3de049279334487a9bd4fa10a7d13
outputs/band_study/bands/uniform_f0_k25_wavelengths.csv,387,307994fff7ab3266ef3732e57f57c565621f6d165364146594d1cfa5b3c529e1
outputs/band_study/bands/uniform_f0_k2_wavelengths.csv,51,981c44962d1ef9caaee75e179a4fa4c3e956a9976231422f69b17eac534d1813
outputs/band_study/bands/uniform_f0_k3.npy,152,
outputs/band_study/bands/uniform_f0_k30.npy,368,
outputs/band_study/bands/uniform_f0_k30_wavelengths.csv,459,771f14053f6ad222c5a203bede94f796582762dc65d5e421ce8848e77bf204a5
outputs/band_study/bands/uniform_f0_k3_wavelengths.csv,66,ca0fe9a0e0c339a1074037ea8bde9a9a10677d21ea05da109fd78b73f904839c
outputs/band_study/bands/uniform_f0_k40.npy,448,
outputs/band_study/bands/uniform_f0_k40_wavelengths.csv,605,7f2116d23bcad530d456a70620d35faaaf409403d548050966510c1322b420ff
outputs/band_study/bands/uniform_f0_k5.npy,168,
outputs/band_study/bands/uniform_f0_k50.npy,528,
outputs/band_study/bands/uniform_f0_k50_wavelengths.csv,751,8841e4c93d0fee67b3174af875920a03a8a8a2443bb4ddada9ade87ea58e774f
outputs/band_study/bands/uniform_f0_k5_wavelengths.csv,95,9960a5b05b8f89e512c4867ce4aaa7e18137685400f640cce421599c83987799
outputs/band_study/bands/uniform_f0_k64.npy,640,
outputs/band_study/bands/uniform_f0_k64_wavelengths.csv,955,4e5facc3a99e9753a2e568d400065ca30ef5628438b20b54142e244eb402d45a
outputs/band_study/bands/uniform_f0_k8.npy,192,
outputs/band_study/bands/uniform_f0_k80.npy,768,
outputs/band_study/bands/uniform_f0_k80_wavelengths.csv,1189,ce7c104880339caacea96de362a144366525462d005a3f4642082ded1fc5ccab
outputs/band_study/bands/uniform_f0_k8_wavelengths.csv,139,3d6166b1e5895cbd0187e74fa9cc1c1f7e6b9c2adeb575c2239601d67f0a8687
outputs/band_study/bands/uniform_f1_k1.npy,136,
outputs/band_study/bands/uniform_f1_k10.npy,208,
outputs/band_study/bands/uniform_f1_k100.npy,928,
outputs/band_study/bands/uniform_f1_k100_wavelengths.csv,1480,c7c39ecbc238d9cf753266d51ab2a7675e8aad1f25633b9d30a57ebd88a7c64f
outputs/band_study/bands/uniform_f1_k10_wavelengths.csv,168,fd2ed2e9db805d00aa73bfe72daf322f14186cd0690223d87590c86f7f322843
outputs/band_study/bands/uniform_f1_k128.npy,1152,
outputs/band_study/bands/uniform_f1_k128_wavelengths.csv,1889,845d7766c9ab8df0ce6f5ade492878041e227dae03c222a0ddf8016dee3a64eb
outputs/band_study/bands/uniform_f1_k15.npy,248,
outputs/band_study/bands/uniform_f1_k15_wavelengths.csv,241,4a201f9776d5db6f4808d679c170b0062900e338a98475e157c665b534774943
outputs/band_study/bands/uniform_f1_k160.npy,1408,
outputs/band_study/bands/uniform_f1_k160_wavelengths.csv,2355,2f1a62bb6ad33d6b6739fd8cb39057644b4b12d16cde05ab1d6d44800e6a7c9c
outputs/band_study/bands/uniform_f1_k192.npy,1664,
outputs/band_study/bands/uniform_f1_k192_wavelengths.csv,2821,9ccba629600645aa294036c47b9e1f6f4ec400a79e0437b4d87adbdc338a79fe
outputs/band_study/bands/uniform_f1_k1_wavelengths.csv,35,29f065c59f3c2b6c67abe12c3a05a0ee4154b86d3592819c724ac5f811c2ce8a
outputs/band_study/bands/uniform_f1_k2.npy,144,
outputs/band_study/bands/uniform_f1_k20.npy,288,
outputs/band_study/bands/uniform_f1_k20_wavelengths.csv,314,d365558120c5430c2e78ab2e0d8128c84c0a3c04c996d4ed2ff0f8b5db934e12
outputs/band_study/bands/uniform_f1_k224.npy,1920,
outputs/band_study/bands/uniform_f1_k224_wavelengths.csv,3288,37932d2a7a112f136b5a694e13f16d74d1e7f3dbe7df64093e0a20c6800142d2
outputs/band_study/bands/uniform_f1_k25.npy,328,
outputs/band_study/bands/uniform_f1_k256.npy,2176,
outputs/band_study/bands/uniform_f1_k256_wavelengths.csv,3755,b0f50a1e1771c6930e466de7a3df00e1bfa3de049279334487a9bd4fa10a7d13
outputs/band_study/bands/uniform_f1_k25_wavelengths.csv,387,307994fff7ab3266ef3732e57f57c565621f6d165364146594d1cfa5b3c529e1
outputs/band_study/bands/uniform_f1_k2_wavelengths.csv,51,981c44962d1ef9caaee75e179a4fa4c3e956a9976231422f69b17eac534d1813
outputs/band_study/bands/uniform_f1_k3.npy,152,
outputs/band_study/bands/uniform_f1_k30.npy,368,
outputs/band_study/bands/uniform_f1_k30_wavelengths.csv,459,771f14053f6ad222c5a203bede94f796582762dc65d5e421ce8848e77bf204a5
outputs/band_study/bands/uniform_f1_k3_wavelengths.csv,66,ca0fe9a0e0c339a1074037ea8bde9a9a10677d21ea05da109fd78b73f904839c
outputs/band_study/bands/uniform_f1_k40.npy,448,
outputs/band_study/bands/uniform_f1_k40_wavelengths.csv,605,7f2116d23bcad530d456a70620d35faaaf409403d548050966510c1322b420ff
outputs/band_study/bands/uniform_f1_k5.npy,168,
outputs/band_study/bands/uniform_f1_k50.npy,528,
outputs/band_study/bands/uniform_f1_k50_wavelengths.csv,751,8841e4c93d0fee67b3174af875920a03a8a8a2443bb4ddada9ade87ea58e774f
outputs/band_study/bands/uniform_f1_k5_wavelengths.csv,95,9960a5b05b8f89e512c4867ce4aaa7e18137685400f640cce421599c83987799
outputs/band_study/bands/uniform_f1_k64.npy,640,
outputs/band_study/bands/uniform_f1_k64_wavelengths.csv,955,4e5facc3a99e9753a2e568d400065ca30ef5628438b20b54142e244eb402d45a
outputs/band_study/bands/uniform_f1_k8.npy,192,
outputs/band_study/bands/uniform_f1_k80.npy,768,
outputs/band_study/bands/uniform_f1_k80_wavelengths.csv,1189,ce7c104880339caacea96de362a144366525462d005a3f4642082ded1fc5ccab
outputs/band_study/bands/uniform_f1_k8_wavelengths.csv,139,3d6166b1e5895cbd0187e74fa9cc1c1f7e6b9c2adeb575c2239601d67f0a8687
outputs/band_study/bands/variance_f0_k1.npy,136,
outputs/band_study/bands/variance_f0_k10.npy,208,
outputs/band_study/bands/variance_f0_k100.npy,928,
outputs/band_study/bands/variance_f0_k100_wavelengths.csv,1486,1e7ecc4f4ee4954fad234f2f11518a39a76e209b08fc5819a03486533f7e3b01
outputs/band_study/bands/variance_f0_k10_wavelengths.csv,172,e3015b6b2ee3d61ee298364a97b4d789af47b6a4ef3e644201c78c37a005935b
outputs/band_study/bands/variance_f0_k128.npy,1152,
outputs/band_study/bands/variance_f0_k128_wavelengths.csv,1894,fb0a3dfca0db72390136026593c10c299d60d4607be1e7b1e0a5efe3cd1f7002
outputs/band_study/bands/variance_f0_k15.npy,248,
outputs/band_study/bands/variance_f0_k15_wavelengths.csv,247,932a5ceac9558a44c71aad2bdebafc38cf6ef3fdd90d8eeb0cdd523322634cbe
outputs/band_study/bands/variance_f0_k160.npy,1408,
outputs/band_study/bands/variance_f0_k160_wavelengths.csv,2367,41b1d08863bc9777aa5329e8e376d9a36644371407eb079d310b7cd7bd669935
outputs/band_study/bands/variance_f0_k192.npy,1664,
outputs/band_study/bands/variance_f0_k192_wavelengths.csv,2841,63c4919ed688ea29ebf1ef206f7b77758304cb8879e8aff77230ee3fd8536862
outputs/band_study/bands/variance_f0_k1_wavelengths.csv,37,0aa8dada585e4f2a02e8ab0f44cce171c6e8e4d0f8b8df9f68996ebf3ec89066
outputs/band_study/bands/variance_f0_k2.npy,144,
outputs/band_study/bands/variance_f0_k20.npy,288,
outputs/band_study/bands/variance_f0_k20_wavelengths.csv,322,5e41b59a26693267fe7f42d3222459ba87830751d1d454608884782318cfa9ca
outputs/band_study/bands/variance_f0_k224.npy,1920,
outputs/band_study/bands/variance_f0_k224_wavelengths.csv,3316,0a55772e1d1432040341b997cf1db4baf26d21fe1f6aabdee41bca58967fe488
outputs/band_study/bands/variance_f0_k25.npy,328,
outputs/band_study/bands/variance_f0_k256.npy,2176,
outputs/band_study/bands/variance_f0_k256_wavelengths.csv,3755,b0f50a1e1771c6930e466de7a3df00e1bfa3de049279334487a9bd4fa10a7d13
outputs/band_study/bands/variance_f0_k25_wavelengths.csv,397,44957cab9a55bd42e180bc7ce9242d2315ce5d586f16343944376eae654890cd
outputs/band_study/bands/variance_f0_k2_wavelengths.csv,52,de6ad68b61314d1dfe022553e2519e9a77ff4aa7d116d1d1b0003a2113c5d50d
outputs/band_study/bands/variance_f0_k3.npy,152,
outputs/band_study/bands/variance_f0_k30.npy,368,
outputs/band_study/bands/variance_f0_k30_wavelengths.csv,472,02d83e9112d4c6baff734552170dc3a67ea6d33186bd580dd982bd06fb8ffa4e
outputs/band_study/bands/variance_f0_k3_wavelengths.csv,67,418068884c272a3f801e92fe971a7f2448f8cfd7c55a8f984d86f33514b01ff5
outputs/band_study/bands/variance_f0_k40.npy,448,
outputs/band_study/bands/variance_f0_k40_wavelengths.csv,622,192bbc545f2e2a2600884d8436f93cc5d1aef2760de4e7014aff3d3de7ab06bf
outputs/band_study/bands/variance_f0_k5.npy,168,
outputs/band_study/bands/variance_f0_k50.npy,528,
outputs/band_study/bands/variance_f0_k50_wavelengths.csv,770,0e5eddf49c9533f939ab64b9b8af95f0526ce611cadd99273b3ac3c6cf0fff79
outputs/band_study/bands/variance_f0_k5_wavelengths.csv,97,e1980add3481e37231666027c3815502824ace59607d71b18832b0b39d539e8d
outputs/band_study/bands/variance_f0_k64.npy,640,
outputs/band_study/bands/variance_f0_k64_wavelengths.csv,971,a006f86e45138d94396a9eda1a1aa56ba9f20b4b4fc70a763c06a114038854b9
outputs/band_study/bands/variance_f0_k8.npy,192,
outputs/band_study/bands/variance_f0_k80.npy,768,
outputs/band_study/bands/variance_f0_k80_wavelengths.csv,1197,78b09161e4fecb2cd9ce464d10a1939f14c4073f4923c6f7c2ad3d2932aaa4fc
outputs/band_study/bands/variance_f0_k8_wavelengths.csv,142,1ef83ffa678595b0006aa67570e85d52eee8e2f2672fc248769cc2e6722debfb
outputs/band_study/bands/variance_f1_k1.npy,136,
outputs/band_study/bands/variance_f1_k10.npy,208,
outputs/band_study/bands/variance_f1_k100.npy,928,
outputs/band_study/bands/variance_f1_k100_wavelengths.csv,1487,fa980f27a7f46e03ad5f6127ab8a7c6a8a99d23dade27cb92ace87464412ab7e
outputs/band_study/bands/variance_f1_k10_wavelengths.csv,172,e3015b6b2ee3d61ee298364a97b4d789af47b6a4ef3e644201c78c37a005935b
outputs/band_study/bands/variance_f1_k128.npy,1152,
outputs/band_study/bands/variance_f1_k128_wavelengths.csv,1895,bed11e4a1b841ff2180b582ad4e5392512c4d0d6d6cc895bb2c5b02310b8af72
outputs/band_study/bands/variance_f1_k15.npy,248,
outputs/band_study/bands/variance_f1_k15_wavelengths.csv,247,932a5ceac9558a44c71aad2bdebafc38cf6ef3fdd90d8eeb0cdd523322634cbe
outputs/band_study/bands/variance_f1_k160.npy,1408,
outputs/band_study/bands/variance_f1_k160_wavelengths.csv,2368,9d015e9388d5ac23e881c004387a4be1289de2bbf8ff863d1dba2fc9a6fd12f8
outputs/band_study/bands/variance_f1_k192.npy,1664,
outputs/band_study/bands/variance_f1_k192_wavelengths.csv,2841,63c4919ed688ea29ebf1ef206f7b77758304cb8879e8aff77230ee3fd8536862
outputs/band_study/bands/variance_f1_k1_wavelengths.csv,37,0aa8dada585e4f2a02e8ab0f44cce171c6e8e4d0f8b8df9f68996ebf3ec89066
outputs/band_study/bands/variance_f1_k2.npy,144,
outputs/band_study/bands/variance_f1_k20.npy,288,
outputs/band_study/bands/variance_f1_k20_wavelengths.csv,322,52c01125c989f88def693181aa469b65b18c8eb895e4b91d09dee0a33476e775
outputs/band_study/bands/variance_f1_k224.npy,1920,
outputs/band_study/bands/variance_f1_k224_wavelengths.csv,3315,33af93e3eced61f6497c0e1df0715a4c20238d4938fa5fc83b0321df5481259c
outputs/band_study/bands/variance_f1_k25.npy,328,
outputs/band_study/bands/variance_f1_k256.npy,2176,
outputs/band_study/bands/variance_f1_k256_wavelengths.csv,3755,b0f50a1e1771c6930e466de7a3df00e1bfa3de049279334487a9bd4fa10a7d13
outputs/band_study/bands/variance_f1_k25_wavelengths.csv,397,b81fcd3f50ebe58205744d163f10cd7302fd14c153bf3639525bcc04efcd412b
outputs/band_study/bands/variance_f1_k2_wavelengths.csv,52,de6ad68b61314d1dfe022553e2519e9a77ff4aa7d116d1d1b0003a2113c5d50d
outputs/band_study/bands/variance_f1_k3.npy,152,
outputs/band_study/bands/variance_f1_k30.npy,368,
outputs/band_study/bands/variance_f1_k30_wavelengths.csv,472,d167c08bd75443db074f68d385485eae57e6cdfd18e3d98a4ccf9294a73d4546
outputs/band_study/bands/variance_f1_k3_wavelengths.csv,67,418068884c272a3f801e92fe971a7f2448f8cfd7c55a8f984d86f33514b01ff5
outputs/band_study/bands/variance_f1_k40.npy,448,
outputs/band_study/bands/variance_f1_k40_wavelengths.csv,621,f4401895cf34a109d4946acfbf525efc097d0f7240ddbf627a8181c4393ecd4e
outputs/band_study/bands/variance_f1_k5.npy,168,
outputs/band_study/bands/variance_f1_k50.npy,528,
outputs/band_study/bands/variance_f1_k50_wavelengths.csv,770,18ba9fda5a9168272e10e07a1123dd26d8284899fc0df2e604cb626eb2e20a2d
outputs/band_study/bands/variance_f1_k5_wavelengths.csv,97,e1980add3481e37231666027c3815502824ace59607d71b18832b0b39d539e8d
outputs/band_study/bands/variance_f1_k64.npy,640,
outputs/band_study/bands/variance_f1_k64_wavelengths.csv,971,cd93330bb56f27add2934c08d1487f561acce52ed7dcf79932ecbbbd6f24a6f8
outputs/band_study/bands/variance_f1_k8.npy,192,
outputs/band_study/bands/variance_f1_k80.npy,768,
outputs/band_study/bands/variance_f1_k80_wavelengths.csv,1198,040d0a48de2e3618e109201c4b7a582991bd855652edb256df5ee857fe47ed7f
outputs/band_study/bands/variance_f1_k8_wavelengths.csv,142,1ef83ffa678595b0006aa67570e85d52eee8e2f2672fc248769cc2e6722debfb
outputs/band_study/cache/features_e0a79beef3e3775e.json,224,dbd52a8148eec174e06696f182e38749614a0a34d3ceb133bfb140b8e9239dc7
outputs/band_study/cache/mean_spectra_e0a79beef3e3775e.npy,8831104,
outputs/band_study/cache/splits.json,7042,948a10b2e884db6fd6c0d0c1def615796d870e502d5822533f7ffc67f7776831
outputs/band_study/logs/all_20260813-173224.log,1933,
outputs/band_study/proxy/records.jsonl,4156849,
outputs/band_study/selections/fold0/rep_0/cluster_ward.json,19000,0d2e327f47a09b9c96b13bbcfa5aa0ba9d44505a165d327f3c0fa12fe1986c2d
outputs/band_study/selections/fold0/rep_0/fdr.json,21110,df5f8ebe7e3088ca0bffbc408d2a89fb9b4ca8db10a0e887cb24e62f8ff34509
outputs/band_study/selections/fold0/rep_0/l1_path.json,21061,77319e9ea4ef1b2a4c3fdffd0a58d587d6ddbd5c29ae19cd788f9e1ad8037df4
outputs/band_study/selections/fold0/rep_0/mi.json,21064,b9269aa629b2728a0b878437edb8a9cd8a21e7a8eced22ef9857e5e40a25debf
outputs/band_study/selections/fold0/rep_0/mrmr.json,21173,c1338c5b01f4a00d3ef638802d6908e3f5322e6146f223bc267b228fa9ba8f1c
outputs/band_study/selections/fold0/rep_0/pca_loading.json,21447,f6fcca8d77def8195aae92bb423e901feabf2d970245285dc4a8bcfd2d880be4
outputs/band_study/selections/fold0/rep_0/pls_vip.json,21146,817fce43aed0463aecaecbe07445ad4bf4dc91f29255c50437e9d0dd66d7a29c
outputs/band_study/selections/fold0/rep_0/spa.json,21287,dcc8fc754752e5324aa78f365189ed3087bee47d4db0966a090e5d4a3bdc592f
outputs/band_study/selections/fold0/rep_0/tree_importance.json,21014,7eb2e82e409e169ca4740b5734dfbd3e1774957c8023d0d126b626a6ec432442
outputs/band_study/selections/fold0/rep_0/uniform.json,18860,42dcd7b2b8f6a5cede1dcb0373aa067c0153ed3c9a1e9241abbb78c70b4a2b8a
outputs/band_study/selections/fold0/rep_0/variance.json,21254,2a7aa947395f809f67f8ffc41bb117d59d4973931df004a7057c96c478c2a114
outputs/band_study/selections/fold0/rep_1/cluster_ward.json,18999,96658ffee09e8aff96a81bd30df8d54e1b2696aaf0a397f8f0e3e4447978a295
outputs/band_study/selections/fold0/rep_1/fdr.json,21112,257b4cb45d9c00f97441e579d918adc14f368f5e1223c40a3bd2ca62346afbb0
outputs/band_study/selections/fold0/rep_1/l1_path.json,21064,61abdbd1cd4cd1c867d9160dfd31604d6478da62780d5633074bcfd384180811
outputs/band_study/selections/fold0/rep_1/mi.json,21088,9cd1aa05ffda2b26a821ad3098258970cbab95e8a30367dfe04724afbece3ef2
outputs/band_study/selections/fold0/rep_1/mrmr.json,21174,2107626fab558aae5fb3e4f84969cb7d1aa3b573a746e95238c27fe7acf8313b
outputs/band_study/selections/fold0/rep_1/pca_loading.json,21465,b540753f7215cf782a888e6dfb85bc958496839da88c12a75dc40fc602c5cd32
outputs/band_study/selections/fold0/rep_1/pls_vip.json,21139,0874e268ebf308877c769fe7ebff74e353f5183edc4e3efeb24743b58d00bd10
outputs/band_study/selections/fold0/rep_1/spa.json,21282,09e2fa61b1df29f444ea2ea26960f5dff630f37d13c41c48b2e4aec99c947dde
outputs/band_study/selections/fold0/rep_1/tree_importance.json,21011,f938d25e6acee57e204d83315d06a4bb46925293e2e7b29860cf7a019d9b6b8b
outputs/band_study/selections/fold0/rep_1/uniform.json,18860,68dd76696b36f832ee9cb86965fc0fe082369ea29118e5e2759935c772077bab
outputs/band_study/selections/fold0/rep_1/variance.json,21256,d0b22c0ec5d3711721a07162856513c292a6493447ab15910ee51437e4eb4230
outputs/band_study/selections/fold0/rep_2/cluster_ward.json,19000,3e57cbeeb441710175f671d2d9d27fb84d76b0775f5161f24408ed3e2aa59482
outputs/band_study/selections/fold0/rep_2/fdr.json,21116,19e117b3895e687752015ab719482cecd3509850225c60c79311bf96b0ed893c
outputs/band_study/selections/fold0/rep_2/l1_path.json,21042,4303c4909d6923a3a55d102244d2677ef9ac5ddd199205a5ff6aacccc9adf0ad
outputs/band_study/selections/fold0/rep_2/mi.json,21077,b3d567bc910bd9f53dbd65af5245e790717b97f945504b7667f2fe7575e8a5e5
outputs/band_study/selections/fold0/rep_2/mrmr.json,21169,8c0c275cfc710d798368a625e038249b833208bb53a9f01cb8d16cfe374e226e
outputs/band_study/selections/fold0/rep_2/pca_loading.json,21449,5d0bcb37278ede6c391ceada9e062621ea1ff26f86c90189acf7ae574efd4419
outputs/band_study/selections/fold0/rep_2/pls_vip.json,21170,c3f96aac2c420ed21f456cc6ab94192eb1ed1bf13636f27b987d7eb255af521a
outputs/band_study/selections/fold0/rep_2/spa.json,21281,b0bd0c443e2e70f25a0255288a1bcd6baa6c292dbdd20af5a83b8a421f55f348
outputs/band_study/selections/fold0/rep_2/tree_importance.json,21018,3077fac119982f197d129b61c3b6b029cbeb94b8e51286eff27d070d2e337203
outputs/band_study/selections/fold0/rep_2/uniform.json,18860,f27f4d8dd72c0ded17fd1285aa7268857fd68675c395680ff05ca3f510926eba
outputs/band_study/selections/fold0/rep_2/variance.json,21257,32559de11221341850215a3fce05320931d9b5bcc264174227b03bedc80936ab
outputs/band_study/selections/fold0/rep_3/cluster_ward.json,19001,0a0a11d0ba6c5dbc13c3d4196ba9e6db7efceeae7621acd992fbd3dceb93ba33
outputs/band_study/selections/fold0/rep_3/fdr.json,21118,73e171cdc6ecf6a6e209d463266a3b3e25174f8cb905093a97733ee24069f1dc
outputs/band_study/selections/fold0/rep_3/l1_path.json,21062,9618a1bdff3ad8b8d97e097f57756d62a06beb8c1760cdee7aed7260998fd4b8
outputs/band_study/selections/fold0/rep_3/mi.json,21096,4edf191cf3ad5eb2b5f448312ac6c98fb9515d2a1712ff7f63129fe37d5f43e3
outputs/band_study/selections/fold0/rep_3/mrmr.json,21181,422eae1b9ff6df5a0af524f73d47de34f2dfe1439afa126622e9367dd40d5c3f
outputs/band_study/selections/fold0/rep_3/pca_loading.json,21455,5557b3543cba0baaa2715ea354896490ddc902e493cee152396312a729323287
outputs/band_study/selections/fold0/rep_3/pls_vip.json,21142,815e124b5a7c68102a6d1d179346f41d627570614caca0029dc77272cc6b4dbe
outputs/band_study/selections/fold0/rep_3/spa.json,21285,f7faf7cbb4e13146fd29c5366734b84c7ed2e24cf4a0c6c6d17298d5db1c0021
outputs/band_study/selections/fold0/rep_3/tree_importance.json,21018,e89e78a54fd19cfc134108b37d5e563ebbf844fff00236bd52be5ce0e781fac9
outputs/band_study/selections/fold0/rep_3/uniform.json,18860,1c6026a0fabd038332eaffb29e7b52a157f04573cd3531c66381d6813711abc9
outputs/band_study/selections/fold0/rep_3/variance.json,21256,6c895e637d49efdd4ca718147c022f0dc61fbaf1dc96fcfe852cb0037809504d
outputs/band_study/selections/fold0/rep_4/cluster_ward.json,19002,16e1b921dfbe4f3fdca0fdc5855b08b0c4841f847d3906bc7f5963f752235822
outputs/band_study/selections/fold0/rep_4/fdr.json,21121,43ae2f756b30aa6bcd47b3b4b446a58f3c282bc53cec34f985ffb00c28bd69d6
outputs/band_study/selections/fold0/rep_4/l1_path.json,21070,83ba0e83909b276c94d12a80b150deb22cc3572835df4559d5a3096ece7eab07
outputs/band_study/selections/fold0/rep_4/mi.json,21096,d0b37d8383ed279af667f2796903fc173860e6a29be0c7d6511414870834e6bb
outputs/band_study/selections/fold0/rep_4/mrmr.json,21182,9b74ab30b3e62859e95540a73e1103a6b8c9c4aba6d9b6df513f30365d023a6c
outputs/band_study/selections/fold0/rep_4/pca_loading.json,21461,f74182c0450b98cec77ef19408e204298dd2fc9a0e8e9df53ba1ea93252ada7b
outputs/band_study/selections/fold0/rep_4/pls_vip.json,21131,a8eb2dcee2b4ee1ceabfbfed0f4143b1b6203ca0c2c34e12931472b0a316eb16
outputs/band_study/selections/fold0/rep_4/spa.json,21301,1fa3268f629438aec48a3f2af73bc5f85e33ce9916342147e096ed24627840de
outputs/band_study/selections/fold0/rep_4/tree_importance.json,21020,9730810fc924c438991075744c55f7116b74004233070cf91769a6e58c233b3a
outputs/band_study/selections/fold0/rep_4/uniform.json,18860,6ad60e177983db0b1a79d7a698e542e2132bd83708954a96c250c9495010e42d
outputs/band_study/selections/fold0/rep_4/variance.json,21256,887b627f2a5c1d76013baa5a755dab36c5c59d6fe5690033f982abdaf2a28a50
outputs/band_study/selections/fold0/rep_full/cluster_ward.json,18964,63fc65b9d6f91a4bc09d0e89eb824cb9dff367e87ba07440f6c1cdc6fb22a063
outputs/band_study/selections/fold0/rep_full/fdr.json,21072,9e5cec4f86c5cfe04f9b4a083a1bab5582e0eeace4ff71cc81c4fab12134499c
outputs/band_study/selections/fold0/rep_full/l1_path.json,21034,849270b037962c42e15dcd2e0924b4fc3a501b0fa97f96ad84a2c0a41af63e52
outputs/band_study/selections/fold0/rep_full/mi.json,21051,b6e691f0d1e077f6accfe76ac7289d5abafc50ad031272021829b97c8de03cbc
outputs/band_study/selections/fold0/rep_full/mrmr.json,21139,f2b0d9aba701701fa2e914876b285ccc9bcf8af54fa6f3213f146588d1be3e13
outputs/band_study/selections/fold0/rep_full/pca_loading.json,21427,1fdf4874060d443fbface52af186c822bc2d01629d24ec364a0456c5c102c285
outputs/band_study/selections/fold0/rep_full/pls_vip.json,21099,06fce7980d3988e59c5c88c941c0415ad06c11b7f0d0652f650dd031d0a8bde6
outputs/band_study/selections/fold0/rep_full/random.json,152461,28d149cab03b99eaa1b9830157ee652fdfea36caaa9b9378e9b08f5d08858b88
outputs/band_study/selections/fold0/rep_full/spa.json,21247,02925830108d2d6942fd3ee3a2467904acb0bce752ce8c558746027d0ee87b0a
outputs/band_study/selections/fold0/rep_full/tree_importance.json,20974,21f2fbcb67f65ba34364ceb545b495b758db5808472be63cf096dbc0b8335fe9
outputs/band_study/selections/fold0/rep_full/uniform.json,18823,f78512bba981478fa411570bd47b8a8ca4ea417fca1e4a3ae2c93b38b6604602
outputs/band_study/selections/fold0/rep_full/variance.json,21218,60eafe3d6791ec7dfad312413ca1e7827dbbf5af20dd13f5a974b36a5020a1d1
outputs/band_study/selections/fold1/rep_0/cluster_ward.json,19002,8755fc9b3e3a9d967e1bf3f8606078e1d7be535dfeef6cef74fc9d4b1c970002
outputs/band_study/selections/fold1/rep_0/fdr.json,21159,1c3bdd287d27678a4ef33c906a69dc98d9da20b30a96ee8a882d340845d2e5dc
outputs/band_study/selections/fold1/rep_0/l1_path.json,21076,c7045e5a4bfaa2dfc4b03420e460e4878370b276d3d0b7faf89e614aaea7b9de
outputs/band_study/selections/fold1/rep_0/mi.json,21116,15605f33bd115148b39f090a4ac74dcbd0f4a2e6d1197b09e17feab3baa99794
outputs/band_study/selections/fold1/rep_0/mrmr.json,21171,8f1c90da0e837d27cf8c578660411259992d84b2552795237d06beeef5ea027c
outputs/band_study/selections/fold1/rep_0/pca_loading.json,21483,7d85cce50720e1eebf84ccf8160c33c8bf20fdb87a120995b97d0fc91b014498
outputs/band_study/selections/fold1/rep_0/pls_vip.json,21119,cb801e77f44614a712ba8cf4c5a6d9b76313c27f9154e7709501a8dc4f5a88aa
outputs/band_study/selections/fold1/rep_0/spa.json,21290,cee838d9631555753b6d75ea60c65a75c8a7f27f5cbc9ed2bf9d9ed6bc61dc21
outputs/band_study/selections/fold1/rep_0/tree_importance.json,21021,8cfd2b21891cc6b0b79c90cb122d215e74fa7148cdf976457b01b0c93c3c2b56
outputs/band_study/selections/fold1/rep_0/uniform.json,18860,e5866987bfadc308414111b57fdba54ab6a86064925286d53107b64323091bbf
outputs/band_study/selections/fold1/rep_0/variance.json,21258,6f30bebef5429454d7d2505f74635baf0816a9fb8aeb0b7f6ad7eb0498b10f5d
outputs/band_study/selections/fold1/rep_1/cluster_ward.json,19003,49a5767abd9a2bf5f55d7f68d8d6c5a447170018290479d461b3e150bd4d3005
outputs/band_study/selections/fold1/rep_1/fdr.json,21134,4e8d2ecee36e8107a9b233d17e3466e14ee34c6dce725f16e9c6b344015ace92
outputs/band_study/selections/fold1/rep_1/l1_path.json,21037,a163bcb8f11ffc4bb9a0c5eacc2caf273aa2acc63a72ed0f02cd0242ea5068fb
outputs/band_study/selections/fold1/rep_1/mi.json,21101,26efe24f444f5cab46098cb6df7feaf3277e92812446caf4138931e079af326d
outputs/band_study/selections/fold1/rep_1/mrmr.json,21167,9d91af42818c45e3bc1d9fc0aec24342dc4bf21b5a21949ad15d7e4f76593951
outputs/band_study/selections/fold1/rep_1/pca_loading.json,21474,62cf67a1701716b235e6e7a6c3e73bde4d064c16d9628cc28d91c35edf0a351e
outputs/band_study/selections/fold1/rep_1/pls_vip.json,21138,d7a5fa67d0d9baa8a8c53c56e5fd1cf1602ea01ecead8263a1b3aac2ce88e10b
outputs/band_study/selections/fold1/rep_1/spa.json,21283,d045ce0b060ec3bbe2352e721c799e33c3f06ee324b957982e9000beba212f8f
outputs/band_study/selections/fold1/rep_1/tree_importance.json,21033,c8e8983c99b7f8bc0f39841d582ba2553ed67750e9abb8abe414aa2934de2759
outputs/band_study/selections/fold1/rep_1/uniform.json,18860,e5b8cbe4d988f9221ec68b4451db567d3b678745a44813a7eed86bb368fa6adb
outputs/band_study/selections/fold1/rep_1/variance.json,21258,8251330929b53edcb29fd4891a0b75210a91066bdee4a648c14dbe2160be62d7
outputs/band_study/selections/fold1/rep_2/cluster_ward.json,19002,d7828fa0df9580a40ba2469f5f1bcd80c966c579be4e10f2cc259f0bbfb1b6be
outputs/band_study/selections/fold1/rep_2/fdr.json,21133,b7569c6ebccda1c45cb64a1b24700182f3b86a6aacb4821b79dbdee0afef2fa2
outputs/band_study/selections/fold1/rep_2/l1_path.json,21088,9b9fdb302d6d0d73c5b713a440307668592e8ea5a709194220e5334ee3fbfc9a
outputs/band_study/selections/fold1/rep_2/mi.json,21098,aba0bbcb9058f6826d694a57b6344d79cbaf880f47f6bcb7b94533df8ac140ab
outputs/band_study/selections/fold1/rep_2/mrmr.json,21170,10f49c4eefb0d70679a5178096734997a3b3919b3a0a8314b87265ee835113f3
outputs/band_study/selections/fold1/rep_2/pca_loading.json,21490,f376b6a34e33292e0bc824ad0d4ce76318c1509af43a212e625f811a1fd616f4
outputs/band_study/selections/fold1/rep_2/pls_vip.json,21128,1e4d9971947a03c72eead3970d13d1ca6899757a720ab08a7ed0751ea0845934
outputs/band_study/selections/fold1/rep_2/spa.json,21292,a61543021322ab6c1e53571acc55bbc6d896d6898f6af4670ed5c5ff8bdb4a03
outputs/band_study/selections/fold1/rep_2/tree_importance.json,21022,cf15c7487361ded8b6675493c0e52185b2e6a78bfe07cf6f5bc359fcf233cc53
outputs/band_study/selections/fold1/rep_2/uniform.json,18860,45758ab0d05f39e5ea99b415ccf1bfce0b5a141ac681b9f806aa6d558fffdc0c
outputs/band_study/selections/fold1/rep_2/variance.json,21260,48a2f047f54c98cc9d0beeb532fb2675f37c107628d92a668707bfb114d768b5
outputs/band_study/selections/fold1/rep_3/cluster_ward.json,19002,ab1ffe9dbb74cc52151476d9ef4f24926d160f5f97dfd1851feb9e7b4bac824b
outputs/band_study/selections/fold1/rep_3/fdr.json,21157,5d28317ec541e178917c6b3b7daff5cbb1dabc52f22af921d2373bcde935fc74
outputs/band_study/selections/fold1/rep_3/l1_path.json,21057,78f1fbb5e057dce24f08690a4729467a5815fd8dc8d1d75d8026efa524946b9a
outputs/band_study/selections/fold1/rep_3/mi.json,21116,44a7a6af3dc9a65b208b9a19130bbac844b11ea4217cf616034efcf84439ce2a
outputs/band_study/selections/fold1/rep_3/mrmr.json,21176,9f417be2efc119c663d64dfe001dd03f61502ac2f6d8cd963d32980bad4ff2b2
outputs/band_study/selections/fold1/rep_3/pca_loading.json,21476,4df71481abcf8364f76726d8b722ec4c2c47b323057fbc2895ee9fc7b5a1faab
outputs/band_study/selections/fold1/rep_3/pls_vip.json,21131,d046b003b2953c82401dcd0532ad216e0bd2955a95d73e6caddbd71b9a075030
outputs/band_study/selections/fold1/rep_3/spa.json,21285,ea9411f15ebc0a02751518d2163c210dcd6321bab4e48851ba6cdefffb94f2c2
outputs/band_study/selections/fold1/rep_3/tree_importance.json,21045,e605f77ea91702350f5f848c0015d8154b582b6a87b11bf8703045f4684059b2
outputs/band_study/selections/fold1/rep_3/uniform.json,18860,232dab8e06e09a1efa03e94e78db44d98db38bc5d0ec59e27a66d3552dcf35ee
outputs/band_study/selections/fold1/rep_3/variance.json,21258,703094ade83232342d2240f71ccf31380f9d1ce4f4d71f52bcdb4b400f5822a4
outputs/band_study/selections/fold1/rep_4/cluster_ward.json,19001,7ed01ccc5f3c8c1ed950d890cc935344f30943b88e8fd761baca7b0d63a0e1af
outputs/band_study/selections/fold1/rep_4/fdr.json,21147,700b3537976b44c8c607c3d797f94e478fb65ab90cbcc010047f2d8d660e42b6
outputs/band_study/selections/fold1/rep_4/l1_path.json,21040,c24461a7046009b463b7ea16824f6cd4271aa701077e6760cea3031e38747299
outputs/band_study/selections/fold1/rep_4/mi.json,21105,5a47cca9ee2452d74062dab07abe8648d2a56432db9cec027bfef4ded718768f
outputs/band_study/selections/fold1/rep_4/mrmr.json,21170,253bdf76165ee1f63014b222135d67e6851e56c86cb7b04d78bb4476fec34562
outputs/band_study/selections/fold1/rep_4/pca_loading.json,21468,3c70d03b06f2bd4df46f56b1ec31dbe08ed9eec6d45886507cbba2d812fab167
outputs/band_study/selections/fold1/rep_4/pls_vip.json,21124,381913500fa76635e2aa9ddbfc5d3c7af8223ba66c902d059857048d7ffa4714
outputs/band_study/selections/fold1/rep_4/spa.json,21288,64adbc06645c7ef5aeb14e4ead3beb16b74cf762e013966a15498c0e80f43184
outputs/band_study/selections/fold1/rep_4/tree_importance.json,21021,f62149f6c7b374af2939eb944c3317cd929b2dbbf0d9fc7ccd2b4cdfdd3ce851
outputs/band_study/selections/fold1/rep_4/uniform.json,18860,e47b18dab101a4f026d9a6469f373e2914e91c2cf8cc9c23ab40cb8d45960a40
outputs/band_study/selections/fold1/rep_4/variance.json,21255,0c0236acf82e6ee71bd581549f5f79913a2a27b7538cba30e913539352c9c521
outputs/band_study/selections/fold1/rep_full/cluster_ward.json,18966,fb7b1cdc7d1654a4618bac4786c76e79e0ca9a412d4900bcedcb509fcfcfae0f
outputs/band_study/selections/fold1/rep_full/fdr.json,21107,f006a7c3c0d332e6a3667293a6702561e1147227ba13b286ddf8f04037e1ce38
outputs/band_study/selections/fold1/rep_full/l1_path.json,21027,6f221e6ff6a37aa22808dc9a4b32841bc3256c47ff0de53035a48ccaf1e00bf0
outputs/band_study/selections/fold1/rep_full/mi.json,21075,ccb535c36655a21c731c74a2525143eb515c076917bbbc9a7528dfe9c2004603
outputs/band_study/selections/fold1/rep_full/mrmr.json,21137,9a28aa569ee5c6ccf7cf1d36e8cae0c57daded61abf69e7b7722b1b4553efbf5
outputs/band_study/selections/fold1/rep_full/pca_loading.json,21434,1ac51ef118acc65db337d5c280e34428ad86472c81073cccef0b89fd49b7f22b
outputs/band_study/selections/fold1/rep_full/pls_vip.json,21091,2f8caa4ebe5a75c07697aec6144c57ad4853268ccb529af4d11cf5861b6031fd
outputs/band_study/selections/fold1/rep_full/random.json,152506,9d765f4ef9eb4c29e59ded05fe44bdff36c00528ee4e099d57f352e193572b90
outputs/band_study/selections/fold1/rep_full/spa.json,21249,7a4cbeb1fed2a9ac172527d5153c55cd70ccc4b72aa02132f7595138b2afb8dd
outputs/band_study/selections/fold1/rep_full/tree_importance.json,20987,a45a9544b7f0a00759bc39b47b7d2d5dd8f042df7939f440db6949e716377f30
outputs/band_study/selections/fold1/rep_full/uniform.json,18823,22a33ed870515be353e95972e3d64d32f3e8a830b4bd85824977ff8b69a57305
outputs/band_study/selections/fold1/rep_full/variance.json,21220,52540053b321d6489d9298094d0dda64a13a3961968e02777dfa79c6e3ab307b
outputs/band_study/study.json,2678,1fec9b334ac74b8c527eff39263f557dea360c52dedb134ef6762802bee0aeee
outputs/experiments_u430k32/.DS_Store,8196,
outputs/experiments_u430k32/baselines/.DS_Store,6148,
outputs/experiments_u430k32/baselines/grouped_f0/.DS_Store,6148,
outputs/experiments_u430k32/baselines/grouped_f0/results/confusion_val_test_lda_mean_spectrum.csv,16837,db2e3db36875c83fe3bf2917ae51c78ec8c590e4fde528f3c92fe9e513cd4250
outputs/experiments_u430k32/baselines/grouped_f0/results/confusion_val_test_lda_mean_spectrum.npy,64928,
outputs/experiments_u430k32/baselines/grouped_f0/results/confusion_val_test_linsvc_mean_spectrum.csv,16824,53a89d1a8b58dedecf82451d10287634479c05b13cde7f1c3daafea82854636e
outputs/experiments_u430k32/baselines/grouped_f0/results/confusion_val_test_linsvc_mean_spectrum.npy,64928,
outputs/experiments_u430k32/baselines/grouped_f0/results/metrics_val_test_lda_mean_spectrum.json,13793,0997c6285b01964d84bc56a01efb74847dddafeb723f23f42f9cda7bc50f2dc9
outputs/experiments_u430k32/baselines/grouped_f0/results/metrics_val_test_linsvc_mean_spectrum.json,13703,7edd2bbeb8cdea5d9ab8d5f90dd8ccd1db0694cd7b7bd280468f451021b9a815
outputs/experiments_u430k32/baselines/grouped_f0/results/per_class_val_test_lda_mean_spectrum.csv,2994,be5d8ff6029f8f26edb5801903d3653a1e252414cbbcf5ebf43caf44440abcee
outputs/experiments_u430k32/baselines/grouped_f0/results/per_class_val_test_linsvc_mean_spectrum.csv,2994,a13eebf571e35d80577314677cac703594097195cb95d9133e6ad6ed38a449e8
outputs/experiments_u430k32/baselines/grouped_f0/results/preds_val_test_lda_mean_spectrum.npy,34616,
outputs/experiments_u430k32/baselines/grouped_f0/results/preds_val_test_linsvc_mean_spectrum.npy,34616,
outputs/experiments_u430k32/baselines/grouped_f0/results/run.json,33149,05a60cf3c7bed49cb5b2ad4c795985facbad03d7440337efaed51e008e1711a2
outputs/experiments_u430k32/baselines/grouped_f0/results/targets_val_test_lda_mean_spectrum.npy,34616,
outputs/experiments_u430k32/baselines/grouped_f0/results/targets_val_test_linsvc_mean_spectrum.npy,34616,
outputs/experiments_u430k32/baselines/grouped_f1/.DS_Store,6148,
outputs/experiments_u430k32/baselines/grouped_f1/results/confusion_val_test_lda_mean_spectrum.csv,16837,2b2d5e387812d9d82aae2890607726ff5d328438dda1336ffc8a8262d9861f89
outputs/experiments_u430k32/baselines/grouped_f1/results/confusion_val_test_lda_mean_spectrum.npy,64928,
outputs/experiments_u430k32/baselines/grouped_f1/results/confusion_val_test_linsvc_mean_spectrum.csv,16820,2b9449dc69d2a34ea32c53e84ebbd7b7bd2d40c708617612fa908c9a925ec05f
outputs/experiments_u430k32/baselines/grouped_f1/results/confusion_val_test_linsvc_mean_spectrum.npy,64928,
outputs/experiments_u430k32/baselines/grouped_f1/results/metrics_val_test_lda_mean_spectrum.json,13761,def89d563b6aef6ef9a37e2acbbaa89ed4c44b1b033580060dbb4dafd23c31da
outputs/experiments_u430k32/baselines/grouped_f1/results/metrics_val_test_linsvc_mean_spectrum.json,14152,f17005e6bc2ad52fbee1d87d76146265a643f661d3e909edb0489ecd4559acc7
outputs/experiments_u430k32/baselines/grouped_f1/results/per_class_val_test_lda_mean_spectrum.csv,2994,d168f380258e52b370bea4e851f40370070ecad273100af164279f7be615ffaf
outputs/experiments_u430k32/baselines/grouped_f1/results/per_class_val_test_linsvc_mean_spectrum.csv,2994,f9a7351a201584329f3d5cdf3840e252a0f9801c2d7d7217ebb013055c50ee74
outputs/experiments_u430k32/baselines/grouped_f1/results/preds_val_test_lda_mean_spectrum.npy,34600,
outputs/experiments_u430k32/baselines/grouped_f1/results/preds_val_test_linsvc_mean_spectrum.npy,34600,
outputs/experiments_u430k32/baselines/grouped_f1/results/run.json,33566,9ec641f7664f53eeb63358b9688e2be9ed4528fa68ae3b7f97833484e228f0ac
outputs/experiments_u430k32/baselines/grouped_f1/results/targets_val_test_lda_mean_spectrum.npy,34600,
outputs/experiments_u430k32/baselines/grouped_f1/results/targets_val_test_linsvc_mean_spectrum.npy,34600,
outputs/experiments_u430k32/baselines/stratified_f0/results/confusion_val_test_lda_mean_spectrum.csv,16800,5d6566b268abca9036d8e5235d1242cd6fbaca7da88186f49f2b143a95d50207
outputs/experiments_u430k32/baselines/stratified_f0/results/confusion_val_test_lda_mean_spectrum.npy,64928,
outputs/experiments_u430k32/baselines/stratified_f0/results/confusion_val_test_linsvc_mean_spectrum.csv,16774,073dcc58cc7a384bd8689fba6c9fc9f8e254a097ec2586c8286e45505c69da7c
outputs/experiments_u430k32/baselines/stratified_f0/results/confusion_val_test_linsvc_mean_spectrum.npy,64928,
outputs/experiments_u430k32/baselines/stratified_f0/results/metrics_val_test_lda_mean_spectrum.json,14445,98f6eaaf77ede2eac4cbf2484e03be9eac31b81848b33bda7c90317a0683f5fa
outputs/experiments_u430k32/baselines/stratified_f0/results/metrics_val_test_linsvc_mean_spectrum.json,14249,26153c12431f407854462b08298a4a455d8ae846c825757f21eb7afb5ea76dc1
outputs/experiments_u430k32/baselines/stratified_f0/results/per_class_val_test_lda_mean_spectrum.csv,2994,7d9b1cb0cdd843ea85e89f210595bda020c80308f8538d5c1c8555ed5a1b9c71
outputs/experiments_u430k32/baselines/stratified_f0/results/per_class_val_test_linsvc_mean_spectrum.csv,2994,2d1e61cc3705a996dd32f38788c45ae1064521dedf1bb495191da1b0fc5d82b6
outputs/experiments_u430k32/baselines/stratified_f0/results/preds_val_test_lda_mean_spectrum.npy,20832,
outputs/experiments_u430k32/baselines/stratified_f0/results/preds_val_test_linsvc_mean_spectrum.npy,20832,
outputs/experiments_u430k32/baselines/stratified_f0/results/run.json,34350,e55651f74274fdc08ddf223c638b797d2a04c56b6821e4c1e99fd9f9f754e2fc
outputs/experiments_u430k32/baselines/stratified_f0/results/targets_val_test_lda_mean_spectrum.npy,20832,
outputs/experiments_u430k32/baselines/stratified_f0/results/targets_val_test_linsvc_mean_spectrum.npy,20832,
outputs/experiments_u430k32/protocol/.DS_Store,6148,
outputs/experiments_u430k32/protocol/aggregate.json,8809,3e7ed081e3d9c0b90334403f6a015423cd2e2ca5302d4db50782d3a4ca7b3a1a
outputs/experiments_u430k32/protocol/grouped__f0_s0/.DS_Store,6148,
outputs/experiments_u430k32/protocol/grouped__f0_s0/best_stage1.pth,22964943,
outputs/experiments_u430k32/protocol/grouped__f0_s0/figures/confusion_val_test_no_tta.png,71087,
outputs/experiments_u430k32/protocol/grouped__f0_s0/figures/confusion_val_test_tta.png,70397,
outputs/experiments_u430k32/protocol/grouped__f0_s0/figures/per_class_f1_val_test_no_tta.png,38664,
outputs/experiments_u430k32/protocol/grouped__f0_s0/figures/per_class_f1_val_test_tta.png,38814,
outputs/experiments_u430k32/protocol/grouped__f0_s0/hydra/2026-10-01_09-21-50/.hydra/config.yaml,4114,1646f8f21bd34f11d6fa6324789882811d2a519761217e2cdc5cfcbd9da00650
outputs/experiments_u430k32/protocol/grouped__f0_s0/hydra/2026-10-01_09-21-50/.hydra/hydra.yaml,4042,9bd06a0536143eb669ccdbfd6630586a0533ab7d68bb2311eac54e01443d999b
outputs/experiments_u430k32/protocol/grouped__f0_s0/hydra/2026-10-01_09-21-50/.hydra/overrides.yaml,208,abe5f17185563f2324524b2e10d965db018590a27d4c28f084d535dda71716c0
outputs/experiments_u430k32/protocol/grouped__f0_s0/hydra/2026-10-01_09-21-50/train.log,482,
outputs/experiments_u430k32/protocol/grouped__f0_s0/last_stage1.json,140,9b3494dbc16d0d0cdee81386dc9dd08c6faf3187be65b97a2bbaac07545cb8ca
outputs/experiments_u430k32/protocol/grouped__f0_s0/last_stage1.pth,45846823,
outputs/experiments_u430k32/protocol/grouped__f0_s0/metrics.jsonl,357011,
outputs/experiments_u430k32/protocol/grouped__f0_s0/results/confusion_val_test_no_tta.csv,16842,66ee3c5ce54b47f7e8e61ed057a87752774db652f0cb34a56dd5602e51816d3f
outputs/experiments_u430k32/protocol/grouped__f0_s0/results/confusion_val_test_no_tta.npy,64928,
outputs/experiments_u430k32/protocol/grouped__f0_s0/results/confusion_val_test_tta.csv,16841,3ffbe0f5c5db55380da74d809c9b353dfa743cca43783e7ff7cd8c0d801a2c75
outputs/experiments_u430k32/protocol/grouped__f0_s0/results/confusion_val_test_tta.npy,64928,
outputs/experiments_u430k32/protocol/grouped__f0_s0/results/metrics_val_test_no_tta.json,17211,5cd918b68140735b9a4cea3477b64f4af3d25038d71d37fbbe01c3da8590e442
outputs/experiments_u430k32/protocol/grouped__f0_s0/results/metrics_val_test_tta.json,17279,3a734cb4007e589e8223cdc9aa10cb85eac502481ed7a4b6702e95fd120469af
outputs/experiments_u430k32/protocol/grouped__f0_s0/results/per_class_val_test_no_tta.csv,2994,b108f43c7183a9ba74e6d3ee38c1e41dd3e4238d7d90003fedc7888225f553e7
outputs/experiments_u430k32/protocol/grouped__f0_s0/results/per_class_val_test_tta.csv,2994,7135d7da11fe6f30253162b0dbcebee7f42095c11f08700fbc52caaad6871c52
outputs/experiments_u430k32/protocol/grouped__f0_s0/results/preds_val_test_no_tta.npy,34624,
outputs/experiments_u430k32/protocol/grouped__f0_s0/results/preds_val_test_tta.npy,34624,
outputs/experiments_u430k32/protocol/grouped__f0_s0/results/rows_val_test_no_tta.npy,34624,
outputs/experiments_u430k32/protocol/grouped__f0_s0/results/rows_val_test_tta.npy,34624,
outputs/experiments_u430k32/protocol/grouped__f0_s0/results/run.json,58376,2464380a8e844634c324f77f7456b806cf950348643f06c81fa321acd87803eb
outputs/experiments_u430k32/protocol/grouped__f0_s0/results/session_val_test_no_tta.csv,833,ebb68b15cccc35fc2c4ebf476d2b847b2ac725078e7ba6d72ce69252e73ea1a5
outputs/experiments_u430k32/protocol/grouped__f0_s0/results/session_val_test_no_tta.json,5136,d864848c348ec9c902b1fa1f8ba546973cbea6df0fa2b14c59a4ae83d4015dd7
outputs/experiments_u430k32/protocol/grouped__f0_s0/results/session_val_test_tta.csv,833,55a7cab9cd8c1556995eca3fc80c3bf08c86f21b88b8e3e7bde4c251f0c4432f
outputs/experiments_u430k32/protocol/grouped__f0_s0/results/session_val_test_tta.json,5106,2dc8cc9fd08b7913ebdb9e87429efc8581533b2763a1bfa4bc29959218f73876
outputs/experiments_u430k32/protocol/grouped__f0_s0/results/targets_val_test_no_tta.npy,34624,
outputs/experiments_u430k32/protocol/grouped__f0_s0/results/targets_val_test_tta.npy,34624,
outputs/experiments_u430k32/protocol/grouped__f0_s0/stage1_meta.json,5035,717f93a4cb1f00b49bcc3fe0db48365de65f9e38a2f35ac3548dd7a0197d95dc
outputs/experiments_u430k32/protocol/grouped__f0_s0/sweep.log,123907,
outputs/experiments_u430k32/protocol/grouped__f0_s0/training.log,179389,
outputs/experiments_u430k32/protocol/grouped__f0_s1/.DS_Store,6148,
outputs/experiments_u430k32/protocol/grouped__f0_s1/best_stage1.pth,22964943,
outputs/experiments_u430k32/protocol/grouped__f0_s1/figures/confusion_val_test_no_tta.png,70575,
outputs/experiments_u430k32/protocol/grouped__f0_s1/figures/confusion_val_test_tta.png,70060,
outputs/experiments_u430k32/protocol/grouped__f0_s1/figures/per_class_f1_val_test_no_tta.png,38321,
outputs/experiments_u430k32/protocol/grouped__f0_s1/figures/per_class_f1_val_test_tta.png,38346,
outputs/experiments_u430k32/protocol/grouped__f0_s1/hydra/.DS_Store,6148,
outputs/experiments_u430k32/protocol/grouped__f0_s1/hydra/2026-10-01_09-41-28/.hydra/config.yaml,4114,7f9bbf24f829c1c188101faff5f1ef93761b47d453ca5a56a221b0d6d0a3153d
outputs/experiments_u430k32/protocol/grouped__f0_s1/hydra/2026-10-01_09-41-28/.hydra/hydra.yaml,4042,a8cc7313224c57026fd1d6301ab6a9875770faae0b77616095396dfa49d9935e
outputs/experiments_u430k32/protocol/grouped__f0_s1/hydra/2026-10-01_09-41-28/.hydra/overrides.yaml,208,64e7fed6fdd65454e8a9ee9a5de2469efcd1b588e309dbde8b39682b728d06a3
outputs/experiments_u430k32/protocol/grouped__f0_s1/hydra/2026-10-01_09-41-28/train.log,482,
outputs/experiments_u430k32/protocol/grouped__f0_s1/last_stage1.json,141,75159c6aed3288e51adec88d46ecc9a389130d27a89f28b6fdd3281eb793e75d
outputs/experiments_u430k32/protocol/grouped__f0_s1/last_stage1.pth,45846759,
outputs/experiments_u430k32/protocol/grouped__f0_s1/metrics.jsonl,358809,
outputs/experiments_u430k32/protocol/grouped__f0_s1/results/confusion_val_test_no_tta.csv,16836,325ae5d392685bad4dbd9a9a028ea868361bfd6a99cc0d91cbf9296c8641c1d3
outputs/experiments_u430k32/protocol/grouped__f0_s1/results/confusion_val_test_no_tta.npy,64928,
outputs/experiments_u430k32/protocol/grouped__f0_s1/results/confusion_val_test_tta.csv,16834,0da30a90b4b3b039434cfc2af18f50061ba2e64d6b5f83d64e199e9fcd5b01c5
outputs/experiments_u430k32/protocol/grouped__f0_s1/results/confusion_val_test_tta.npy,64928,
outputs/experiments_u430k32/protocol/grouped__f0_s1/results/metrics_val_test_no_tta.json,17498,3ef6657fc207ad8b84cc12ca6ed3bf2e9aac1d8d1e767cf00273095cf1ef285d
outputs/experiments_u430k32/protocol/grouped__f0_s1/results/metrics_val_test_tta.json,17345,f4b1823a4d2954fb4dfaefc7cd641c966f2e2a893760d0df683243d3cec86290
outputs/experiments_u430k32/protocol/grouped__f0_s1/results/per_class_val_test_no_tta.csv,2994,30285515741accb30d062b96cf8552270155a1cb72856603db4e3d4526501673
outputs/experiments_u430k32/protocol/grouped__f0_s1/results/per_class_val_test_tta.csv,2994,3512ce540b2a42823369ad55e90a789e7b8d8fb00bc4a9c94d4b3b68656f0348
outputs/experiments_u430k32/protocol/grouped__f0_s1/results/preds_val_test_no_tta.npy,34624,
outputs/experiments_u430k32/protocol/grouped__f0_s1/results/preds_val_test_tta.npy,34624,
outputs/experiments_u430k32/protocol/grouped__f0_s1/results/rows_val_test_no_tta.npy,34624,
outputs/experiments_u430k32/protocol/grouped__f0_s1/results/rows_val_test_tta.npy,34624,
outputs/experiments_u430k32/protocol/grouped__f0_s1/results/run.json,58730,a6316ce0cdd556e8421827b92533b8b91ad22627cb05f493e4eefcfe1b9a6220
outputs/experiments_u430k32/protocol/grouped__f0_s1/results/session_val_test_no_tta.csv,833,94e670b8e9215628c44ef0813823d24f4931ed38f45f35e9d66c17bccbb431fc
outputs/experiments_u430k32/protocol/grouped__f0_s1/results/session_val_test_no_tta.json,5117,a4be12a1a436b313e8ed44a470796c0238beaaa859b950925c2cf4e350d96f0f
outputs/experiments_u430k32/protocol/grouped__f0_s1/results/session_val_test_tta.csv,833,fd858aa70c69310ca5de47e7ce85c0ea7da0a85fa6e80144ed9fb23ef5a59fde
outputs/experiments_u430k32/protocol/grouped__f0_s1/results/session_val_test_tta.json,5124,b4eb7a11b8fc967970031522ea0646b81b00eedad301e07c36a160f7f8be9676
outputs/experiments_u430k32/protocol/grouped__f0_s1/results/targets_val_test_no_tta.npy,34624,
outputs/experiments_u430k32/protocol/grouped__f0_s1/results/targets_val_test_tta.npy,34624,
outputs/experiments_u430k32/protocol/grouped__f0_s1/stage1_meta.json,5021,ee61d0dfa1f5e5e3304c8f85196de7ade9388347afb7fb8de7611f0095ddd28e
outputs/experiments_u430k32/protocol/grouped__f0_s1/sweep.log,123984,
outputs/experiments_u430k32/protocol/grouped__f0_s1/training.log,177129,
outputs/experiments_u430k32/protocol/grouped__f0_s2/best_stage1.pth,22964943,
outputs/experiments_u430k32/protocol/grouped__f0_s2/figures/confusion_val_test_no_tta.png,70302,
outputs/experiments_u430k32/protocol/grouped__f0_s2/figures/confusion_val_test_tta.png,71403,
outputs/experiments_u430k32/protocol/grouped__f0_s2/figures/per_class_f1_val_test_no_tta.png,38190,
outputs/experiments_u430k32/protocol/grouped__f0_s2/figures/per_class_f1_val_test_tta.png,38406,
outputs/experiments_u430k32/protocol/grouped__f0_s2/hydra/2026-10-01_10-01-51/.hydra/config.yaml,4114,f082fe0e003248da1b24e55229528dfce7ba6043d3a9ec5e8ac4f223f0911fc9
outputs/experiments_u430k32/protocol/grouped__f0_s2/hydra/2026-10-01_10-01-51/.hydra/hydra.yaml,4042,4e6a844bfbe8665e8c5ba2c03a3940f22aeb377b7cc4fb366a7a353955bef8d9
outputs/experiments_u430k32/protocol/grouped__f0_s2/hydra/2026-10-01_10-01-51/.hydra/overrides.yaml,208,9352945bcfec09cc122e7b7c776187e12fb4d50c3245fa174b8925b03ece2c16
outputs/experiments_u430k32/protocol/grouped__f0_s2/hydra/2026-10-01_10-01-51/train.log,482,
outputs/experiments_u430k32/protocol/grouped__f0_s2/last_stage1.json,141,9cbcb67eb88cd64831e203e550135c9e3465d846e669b0fef9d666292e1f823c
outputs/experiments_u430k32/protocol/grouped__f0_s2/last_stage1.pth,45846759,
outputs/experiments_u430k32/protocol/grouped__f0_s2/metrics.jsonl,365363,
outputs/experiments_u430k32/protocol/grouped__f0_s2/results/confusion_val_test_no_tta.csv,16839,494c0319f704440d03d03b7ef925d32585e98a8f05f50e6e6ea08797c556a647
outputs/experiments_u430k32/protocol/grouped__f0_s2/results/confusion_val_test_no_tta.npy,64928,
outputs/experiments_u430k32/protocol/grouped__f0_s2/results/confusion_val_test_tta.csv,16842,8a0ed56d57e94354a32260afde1521c15048f8c25942549cc0114ed85cf378d2
outputs/experiments_u430k32/protocol/grouped__f0_s2/results/confusion_val_test_tta.npy,64928,
outputs/experiments_u430k32/protocol/grouped__f0_s2/results/metrics_val_test_no_tta.json,17351,cb4c9d45d42460ee5c245dd38e7ffa4a45d142d8c35ed6270b32bee797aa3964
outputs/experiments_u430k32/protocol/grouped__f0_s2/results/metrics_val_test_tta.json,17179,2a5b476530598fe8e4c0e2bd11bdfd91fad85d5ead1d1609a558de35d48c54ee
outputs/experiments_u430k32/protocol/grouped__f0_s2/results/per_class_val_test_no_tta.csv,2994,d33b5672a318ab5925806427bc0b82c3e87d84890661b71b297643617470ed82
outputs/experiments_u430k32/protocol/grouped__f0_s2/results/per_class_val_test_tta.csv,2994,4cdb509e7d85d2c69b5fb616fb97b687484c525d750018c96f7eb71f27e9f276
outputs/experiments_u430k32/protocol/grouped__f0_s2/results/preds_val_test_no_tta.npy,34624,
outputs/experiments_u430k32/protocol/grouped__f0_s2/results/preds_val_test_tta.npy,34624,
outputs/experiments_u430k32/protocol/grouped__f0_s2/results/rows_val_test_no_tta.npy,34624,
outputs/experiments_u430k32/protocol/grouped__f0_s2/results/rows_val_test_tta.npy,34624,
outputs/experiments_u430k32/protocol/grouped__f0_s2/results/run.json,58400,0a464fcd667bcda7b76878facbd79d841375f8fed990c3c79e4c99398756d9aa
outputs/experiments_u430k32/protocol/grouped__f0_s2/results/session_val_test_no_tta.csv,833,780cf691f29aaf93e37c8a7f06c74993f4c33a9fcfb3bc7048a01f84ba502d83
outputs/experiments_u430k32/protocol/grouped__f0_s2/results/session_val_test_no_tta.json,5101,92987d4913dbe3cbe9c25bfc7ac2ce8c9eb648a41fe2168c5856af93da6e1633
outputs/experiments_u430k32/protocol/grouped__f0_s2/results/session_val_test_tta.csv,833,ad2df393acb765c67b7bd9c7c8a0ddb9b178a3f2069b237606303d0c9f6d7644
outputs/experiments_u430k32/protocol/grouped__f0_s2/results/session_val_test_tta.json,5123,4e294c17c1154c3000d32fdfcfcc442d5bd556d789789f152d1110f2de6d4dbf
outputs/experiments_u430k32/protocol/grouped__f0_s2/results/targets_val_test_no_tta.npy,34624,
outputs/experiments_u430k32/protocol/grouped__f0_s2/results/targets_val_test_tta.npy,34624,
outputs/experiments_u430k32/protocol/grouped__f0_s2/stage1_meta.json,5029,01e918ce7157967fed00836775ad060b2fa3d361b1010c2920f1767235139951
outputs/experiments_u430k32/protocol/grouped__f0_s2/sweep.log,126882,
outputs/experiments_u430k32/protocol/grouped__f0_s2/training.log,183717,
outputs/experiments_u430k32/protocol/grouped__f1_s0/best_stage1.pth,22964943,
outputs/experiments_u430k32/protocol/grouped__f1_s0/figures/confusion_val_test_no_tta.png,69624,
outputs/experiments_u430k32/protocol/grouped__f1_s0/figures/confusion_val_test_tta.png,70107,
outputs/experiments_u430k32/protocol/grouped__f1_s0/figures/per_class_f1_val_test_no_tta.png,39228,
outputs/experiments_u430k32/protocol/grouped__f1_s0/figures/per_class_f1_val_test_tta.png,38682,
outputs/experiments_u430k32/protocol/grouped__f1_s0/hydra/2026-10-01_10-22-36/.hydra/config.yaml,4114,bbf96e899b079101d7c1cdf6a8d3ae3a156f922e7e26b131cc2deff6d8efb411
outputs/experiments_u430k32/protocol/grouped__f1_s0/hydra/2026-10-01_10-22-36/.hydra/hydra.yaml,4042,3932a9ecdbfe4800ad78a0da69e56204beb40c3770a0b0a2cc773e528073f35a
outputs/experiments_u430k32/protocol/grouped__f1_s0/hydra/2026-10-01_10-22-36/.hydra/overrides.yaml,208,0fd6a1164441e4355007fd06d1fdf6b2c7770d3b6f83baeaff9c1f96977b8365
outputs/experiments_u430k32/protocol/grouped__f1_s0/hydra/2026-10-01_10-22-36/train.log,482,
outputs/experiments_u430k32/protocol/grouped__f1_s0/last_stage1.json,141,16f5582d5056bc8c65304c49049368d3347cb5bd1b6c1f44034350ac935b517e
outputs/experiments_u430k32/protocol/grouped__f1_s0/last_stage1.pth,45846823,
outputs/experiments_u430k32/protocol/grouped__f1_s0/metrics.jsonl,381765,
outputs/experiments_u430k32/protocol/grouped__f1_s0/results/confusion_val_test_no_tta.csv,16834,b2b4e220d59215212c9e5745aa72c4ddf8b3e97f4708045b563f420c3c8723cc
outputs/experiments_u430k32/protocol/grouped__f1_s0/results/confusion_val_test_no_tta.npy,64928,
outputs/experiments_u430k32/protocol/grouped__f1_s0/results/confusion_val_test_tta.csv,16835,515e223016aa7117aaf3c2d9b372151c0d2c5bc56924735bb6ee73893113706e
outputs/experiments_u430k32/protocol/grouped__f1_s0/results/confusion_val_test_tta.npy,64928,
outputs/experiments_u430k32/protocol/grouped__f1_s0/results/metrics_val_test_no_tta.json,17400,6550f5e79d95a20544b49a503b1bd6a08f4a743e4d2383460be41962d12019a9
outputs/experiments_u430k32/protocol/grouped__f1_s0/results/metrics_val_test_tta.json,17253,b937c76e6ae892e376e5a651c66e39b5198a86beb664c8177d0852d132fd481c
outputs/experiments_u430k32/protocol/grouped__f1_s0/results/per_class_val_test_no_tta.csv,2994,76e14693dbd92702c6ea53991f4a4c5e9eafdfa11bdb81c298ad5075f4919bbd
outputs/experiments_u430k32/protocol/grouped__f1_s0/results/per_class_val_test_tta.csv,2994,c91d39ad7918f104394d777465d1e30015cc9d62b0cb616a5e70bd768049b934
outputs/experiments_u430k32/protocol/grouped__f1_s0/results/preds_val_test_no_tta.npy,34608,
outputs/experiments_u430k32/protocol/grouped__f1_s0/results/preds_val_test_tta.npy,34608,
outputs/experiments_u430k32/protocol/grouped__f1_s0/results/rows_val_test_no_tta.npy,34608,
outputs/experiments_u430k32/protocol/grouped__f1_s0/results/rows_val_test_tta.npy,34608,
outputs/experiments_u430k32/protocol/grouped__f1_s0/results/run.json,58566,954fc41815edba11d36b19473a952f47d39a02f60d6d9cfd5120db9d1bee5549
outputs/experiments_u430k32/protocol/grouped__f1_s0/results/session_val_test_no_tta.csv,884,b7c26300e3af93932e7afeebffead4fcae1c04cc514ae5c936e7b494dbb81c81
outputs/experiments_u430k32/protocol/grouped__f1_s0/results/session_val_test_no_tta.json,5149,f148cb9fd8341c5ca8c7bb5f2883dc63c87a5c9536d4dc9e28cd242269cded6c
outputs/experiments_u430k32/protocol/grouped__f1_s0/results/session_val_test_tta.csv,884,e81b1f9803c09e5b18630322a8edb55831cdda4552f8284d53d398f990fb3b8b
outputs/experiments_u430k32/protocol/grouped__f1_s0/results/session_val_test_tta.json,5119,7a9515b272553b0e8d1ef4bb2d00e7e4e35215d412accf0873b0d305ebae714a
outputs/experiments_u430k32/protocol/grouped__f1_s0/results/targets_val_test_no_tta.npy,34608,
outputs/experiments_u430k32/protocol/grouped__f1_s0/results/targets_val_test_tta.npy,34608,
outputs/experiments_u430k32/protocol/grouped__f1_s0/stage1_meta.json,5014,23ab9056a94362ba556790be8ddf8e969be3999f919d243665c64fad5e66af53
outputs/experiments_u430k32/protocol/grouped__f1_s0/sweep.log,133708,
outputs/experiments_u430k32/protocol/grouped__f1_s0/training.log,198538,
outputs/experiments_u430k32/protocol/grouped__f1_s1/.DS_Store,6148,
outputs/experiments_u430k32/protocol/grouped__f1_s1/best_stage1.pth,22964943,
outputs/experiments_u430k32/protocol/grouped__f1_s1/figures/confusion_val_test_no_tta.png,69535,
outputs/experiments_u430k32/protocol/grouped__f1_s1/figures/confusion_val_test_tta.png,68933,
outputs/experiments_u430k32/protocol/grouped__f1_s1/figures/per_class_f1_val_test_no_tta.png,38674,
outputs/experiments_u430k32/protocol/grouped__f1_s1/figures/per_class_f1_val_test_tta.png,38368,
outputs/experiments_u430k32/protocol/grouped__f1_s1/hydra/2026-10-01_10-43-50/.hydra/config.yaml,4114,aff80ef6e76496b66b3cd7b630aeffa18b10e4257590fbf4185b9c0eb7156a99
outputs/experiments_u430k32/protocol/grouped__f1_s1/hydra/2026-10-01_10-43-50/.hydra/hydra.yaml,4042,e6eed2208d0a2ec3c8072ffc8d61c220003cc8f325599d33a729beae180a9969
outputs/experiments_u430k32/protocol/grouped__f1_s1/hydra/2026-10-01_10-43-50/.hydra/overrides.yaml,208,a983eed373ccba03520a0b271b0417e26bff6ea7ea182ade510296e5c7c961fc
outputs/experiments_u430k32/protocol/grouped__f1_s1/hydra/2026-10-01_10-43-50/train.log,482,
outputs/experiments_u430k32/protocol/grouped__f1_s1/last_stage1.json,141,bd86f1e019d520993e1e2747452dbc62986b2b50444d9ef83c5b31b65f7cda03
outputs/experiments_u430k32/protocol/grouped__f1_s1/last_stage1.pth,45846759,
outputs/experiments_u430k32/protocol/grouped__f1_s1/metrics.jsonl,368210,
outputs/experiments_u430k32/protocol/grouped__f1_s1/results/confusion_val_test_no_tta.csv,16838,52099d7f5dd66fc5b6ea0a7ff084ac8ec042ce999f9e47601a664c42a9a8df1f
outputs/experiments_u430k32/protocol/grouped__f1_s1/results/confusion_val_test_no_tta.npy,64928,
outputs/experiments_u430k32/protocol/grouped__f1_s1/results/confusion_val_test_tta.csv,16839,4ae134d7e8b367e9aff4b3b3395bc2a62f302670a0dc6067a6ad0da835ff977e
outputs/experiments_u430k32/protocol/grouped__f1_s1/results/confusion_val_test_tta.npy,64928,
outputs/experiments_u430k32/protocol/grouped__f1_s1/results/metrics_val_test_no_tta.json,17099,11aaba6ea46c43228dd11abecad143d5edd2e5e2cb901169fd274d260e1086fb
outputs/experiments_u430k32/protocol/grouped__f1_s1/results/metrics_val_test_tta.json,17186,a15d07d715b8192a560111da18e4e58da8b4f60dff8eaddc17ee5110d5e7a8fb
outputs/experiments_u430k32/protocol/grouped__f1_s1/results/per_class_val_test_no_tta.csv,2994,3562cb51d10775dfafb6d827bbe75145caf745928aeaa066fc67b6a8fecc5596
outputs/experiments_u430k32/protocol/grouped__f1_s1/results/per_class_val_test_tta.csv,2994,92fd52b49368139b1621b6ff013a50c8a5765afbfc8a44c1eac360e1d6f308ab
outputs/experiments_u430k32/protocol/grouped__f1_s1/results/preds_val_test_no_tta.npy,34608,
outputs/experiments_u430k32/protocol/grouped__f1_s1/results/preds_val_test_tta.npy,34608,
outputs/experiments_u430k32/protocol/grouped__f1_s1/results/rows_val_test_no_tta.npy,34608,
outputs/experiments_u430k32/protocol/grouped__f1_s1/results/rows_val_test_tta.npy,34608,
outputs/experiments_u430k32/protocol/grouped__f1_s1/results/run.json,58159,bdf7454adb2108d315ba956128a6e8624116179e93e88a6a8a6e60ca72244dd1
outputs/experiments_u430k32/protocol/grouped__f1_s1/results/session_val_test_no_tta.csv,884,526a90242f77f383e38fc03c3148e2a1d8e9d82b30a79f389018de845681726f
outputs/experiments_u430k32/protocol/grouped__f1_s1/results/session_val_test_no_tta.json,5109,d9f396ae60dc8843e4de4ef338d67ea9e771098b895663d83a97700758b628e3
outputs/experiments_u430k32/protocol/grouped__f1_s1/results/session_val_test_tta.csv,884,718279751afa278f8fe595491455ab8ef1b5ba379d7dd7207ff5f069e01f6fce
outputs/experiments_u430k32/protocol/grouped__f1_s1/results/session_val_test_tta.json,5119,0beb8759fb34eab1d7fa0d745cc28ca7a699d3a00fb234e98f8d8d332204612a
outputs/experiments_u430k32/protocol/grouped__f1_s1/results/targets_val_test_no_tta.npy,34608,
outputs/experiments_u430k32/protocol/grouped__f1_s1/results/targets_val_test_tta.npy,34608,
outputs/experiments_u430k32/protocol/grouped__f1_s1/stage1_meta.json,4898,3b9a0cc93747c6610ab1cc9d3375a5c29e02de1bc7f67c9191a31c147d3cf1d4
outputs/experiments_u430k32/protocol/grouped__f1_s1/sweep.log,128093,
outputs/experiments_u430k32/protocol/grouped__f1_s1/training.log,186158,
outputs/experiments_u430k32/protocol/grouped__f1_s2/best_stage1.pth,22964943,
outputs/experiments_u430k32/protocol/grouped__f1_s2/figures/confusion_val_test_no_tta.png,70109,
outputs/experiments_u430k32/protocol/grouped__f1_s2/figures/confusion_val_test_tta.png,71196,
outputs/experiments_u430k32/protocol/grouped__f1_s2/figures/per_class_f1_val_test_no_tta.png,38661,
outputs/experiments_u430k32/protocol/grouped__f1_s2/figures/per_class_f1_val_test_tta.png,38539,
outputs/experiments_u430k32/protocol/grouped__f1_s2/hydra/2026-10-01_11-04-36/.hydra/config.yaml,4114,b985e11b79bb46638af56b270f3dbe47879e9fbbc2525f8e2296bdc55de051e4
outputs/experiments_u430k32/protocol/grouped__f1_s2/hydra/2026-10-01_11-04-36/.hydra/hydra.yaml,4042,5aa6044ffb51420fb32f70249f7048421d40b473936c371f2d4dfc426e348a0f
outputs/experiments_u430k32/protocol/grouped__f1_s2/hydra/2026-10-01_11-04-36/.hydra/overrides.yaml,208,f5735b0297e558a8553811e52dce95602131fd34a118eb38d659fb6e29072068
outputs/experiments_u430k32/protocol/grouped__f1_s2/hydra/2026-10-01_11-04-36/train.log,482,
outputs/experiments_u430k32/protocol/grouped__f1_s2/last_stage1.json,142,d05d8a1e0e39958f28c8adeaa58b934ca68054fb4a9575ecb1f5d3f57f00144b
outputs/experiments_u430k32/protocol/grouped__f1_s2/last_stage1.pth,45846759,
outputs/experiments_u430k32/protocol/grouped__f1_s2/metrics.jsonl,360204,
outputs/experiments_u430k32/protocol/grouped__f1_s2/results/confusion_val_test_no_tta.csv,16839,f5da41fe1842dd33c1a1e2d914126be1f6aa0fb1e930e7ce42e8f498a932607f
outputs/experiments_u430k32/protocol/grouped__f1_s2/results/confusion_val_test_no_tta.npy,64928,
outputs/experiments_u430k32/protocol/grouped__f1_s2/results/confusion_val_test_tta.csv,16844,1fdeb8976f4ec2baaa2a7dab9891b7173aa9280a157d6228fb9d4e763b324e1f
outputs/experiments_u430k32/protocol/grouped__f1_s2/results/confusion_val_test_tta.npy,64928,
outputs/experiments_u430k32/protocol/grouped__f1_s2/results/metrics_val_test_no_tta.json,17385,016cefe261758a3425fc9afe02125a024606da71e7b6251dbbb03ef97e094c9c
outputs/experiments_u430k32/protocol/grouped__f1_s2/results/metrics_val_test_tta.json,17243,c17d55fe3e673b23ff5b47ba8c9e4ccfa1d989febbe1b270a1a7e8c75ecf4a42
outputs/experiments_u430k32/protocol/grouped__f1_s2/results/per_class_val_test_no_tta.csv,2994,eaafefc7ff6bcf8c834143de90fcd739810c66396df1ce3e83a272cc519474be
outputs/experiments_u430k32/protocol/grouped__f1_s2/results/per_class_val_test_tta.csv,2994,54641a0d3a656ab30897c56d55b0dd0bc33584fa54771a119ab04ccb19037c9e
outputs/experiments_u430k32/protocol/grouped__f1_s2/results/preds_val_test_no_tta.npy,34608,
outputs/experiments_u430k32/protocol/grouped__f1_s2/results/preds_val_test_tta.npy,34608,
outputs/experiments_u430k32/protocol/grouped__f1_s2/results/rows_val_test_no_tta.npy,34608,
outputs/experiments_u430k32/protocol/grouped__f1_s2/results/rows_val_test_tta.npy,34608,
outputs/experiments_u430k32/protocol/grouped__f1_s2/results/run.json,58489,589fb05a4f5885f5f602241425a933de3a1d229de964c6d70b762f0436af829a
outputs/experiments_u430k32/protocol/grouped__f1_s2/results/session_val_test_no_tta.csv,884,1cc9ba1ce44e59d712db38ca01653a210f2b782c32d7841ea28d2051b295570c
outputs/experiments_u430k32/protocol/grouped__f1_s2/results/session_val_test_no_tta.json,5085,55a469820debe0ef9cf7c76e841d3cdf3a5727aabe3fcf705682cfa68a27728b
outputs/experiments_u430k32/protocol/grouped__f1_s2/results/session_val_test_tta.csv,884,12d6a285fbd391a673858b2e81ece481bdf222da1893d8431d6585fcbb2be871
outputs/experiments_u430k32/protocol/grouped__f1_s2/results/session_val_test_tta.json,5131,0c6ce70d490f2d8a18cb0a01e6c70671fb02ea4bcb9f7d8928c606d66ff7b52e
outputs/experiments_u430k32/protocol/grouped__f1_s2/results/targets_val_test_no_tta.npy,34608,
outputs/experiments_u430k32/protocol/grouped__f1_s2/results/targets_val_test_tta.npy,34608,
outputs/experiments_u430k32/protocol/grouped__f1_s2/stage1_meta.json,4852,fb1808de6e1b3faa930e1d24a474345e8e63c129033b94d99048f7b09b4ef1f2
outputs/experiments_u430k32/protocol/grouped__f1_s2/sweep.log,125556,
outputs/experiments_u430k32/protocol/grouped__f1_s2/training.log,181120,
outputs/experiments_u430k32/protocol/leakage_gap.csv,153,86915f28450100e0af57bd8973145ec23f88bcf392eda98eba66775fe88db8e8
outputs/experiments_u430k32/protocol/leakage_gap.md,334,831d7484b991b9c2e0ed4e2ab1b347946165927c66debb3f6426ccc8a0941c2d
outputs/experiments_u430k32/protocol/per_cell.csv,1404,98a796cfe7c698d490656a42e0dc41f579569ad0ddeca49b7a1461edf7c1b130
outputs/experiments_u430k32/protocol/per_cell.md,1819,82b792997ba0c5ebd74f325b87326211e94653842d0bdb72660185db721c4fdd
outputs/experiments_u430k32/protocol/protocol.csv,289,49855e258000f4f37095e45340e91374817ea297f30022f6989e77de944395cd
outputs/experiments_u430k32/protocol/protocol.md,494,b1c982700b2c057880611d844ae3a9f6cb53b3974bac1015dbe4539b97959520
outputs/experiments_u430k32/protocol/protocol.png,35227,
outputs/experiments_u430k32/protocol/stratified__f0_s0/.DS_Store,6148,
outputs/experiments_u430k32/protocol/stratified__f0_s0/best_stage1.pth,22964943,
outputs/experiments_u430k32/protocol/stratified__f0_s0/figures/confusion_val_test_no_tta.png,65503,
outputs/experiments_u430k32/protocol/stratified__f0_s0/figures/confusion_val_test_tta.png,64907,
outputs/experiments_u430k32/protocol/stratified__f0_s0/figures/per_class_f1_val_test_no_tta.png,38761,
outputs/experiments_u430k32/protocol/stratified__f0_s0/figures/per_class_f1_val_test_tta.png,38885,
outputs/experiments_u430k32/protocol/stratified__f0_s0/hydra/2026-10-01_11-24-58/.hydra/config.yaml,4123,eb91ec03a1f20526870a887858b6e57f33ff8c1f99c3c6e87a77b1ecc1a04f53
outputs/experiments_u430k32/protocol/stratified__f0_s0/hydra/2026-10-01_11-24-58/.hydra/hydra.yaml,4066,b9a77dc7ad4ceba967bd6554387d60ecacf2766747d3c1dd85033fecb857bf4c
outputs/experiments_u430k32/protocol/stratified__f0_s0/hydra/2026-10-01_11-24-58/.hydra/overrides.yaml,217,004f685461ebacd96795f51894e9e644d9a7a117a5724e24ec8c8ba4b33790b6
outputs/experiments_u430k32/protocol/stratified__f0_s0/hydra/2026-10-01_11-24-58/train.log,482,
outputs/experiments_u430k32/protocol/stratified__f0_s0/last_stage1.json,140,d58d5de35f8086eef9d283c7a3d9e8c41e98516cd5164466ddf61637fb471337
outputs/experiments_u430k32/protocol/stratified__f0_s0/last_stage1.pth,45846695,
outputs/experiments_u430k32/protocol/stratified__f0_s0/metrics.jsonl,363848,
outputs/experiments_u430k32/protocol/stratified__f0_s0/results/confusion_val_test_no_tta.csv,16817,ad6d726eb2d71eb0dee32c3085b3239bc0e64a64b5226f24c606f0175170b652
outputs/experiments_u430k32/protocol/stratified__f0_s0/results/confusion_val_test_no_tta.npy,64928,
outputs/experiments_u430k32/protocol/stratified__f0_s0/results/confusion_val_test_tta.csv,16818,0e31c638dbb6552ae1b85fd07fee09dafea71fd38d6ea6f0cd7bc12627ba64d1
outputs/experiments_u430k32/protocol/stratified__f0_s0/results/confusion_val_test_tta.npy,64928,
outputs/experiments_u430k32/protocol/stratified__f0_s0/results/metrics_val_test_no_tta.json,15475,a216101c44960a69ffa0ac0896722e0226350f8fffd21ca22a977e0af3ea362e
outputs/experiments_u430k32/protocol/stratified__f0_s0/results/metrics_val_test_tta.json,15289,2be42fb2d5e04abf851b00fb7466fa56a57a5b555dcfbbc791ef9de31d8d348c
outputs/experiments_u430k32/protocol/stratified__f0_s0/results/per_class_val_test_no_tta.csv,2994,e22f0b82ac3591644ee9dd834c1ead56658a6637945b0c2fd0e71e7f916d10f3
outputs/experiments_u430k32/protocol/stratified__f0_s0/results/per_class_val_test_tta.csv,2994,63939998debe9be9bd57b28158573a0ba140ae31e9c68afc8d9e6a3275be9fc8
outputs/experiments_u430k32/protocol/stratified__f0_s0/results/preds_val_test_no_tta.npy,20832,
outputs/experiments_u430k32/protocol/stratified__f0_s0/results/preds_val_test_tta.npy,20832,
outputs/experiments_u430k32/protocol/stratified__f0_s0/results/rows_val_test_no_tta.npy,20832,
outputs/experiments_u430k32/protocol/stratified__f0_s0/results/rows_val_test_tta.npy,20832,
outputs/experiments_u430k32/protocol/stratified__f0_s0/results/run.json,50332,b9a8c21873ebb5cf4ece0a83d2bb49dc735b869af4194002f44f9700339330fc
outputs/experiments_u430k32/protocol/stratified__f0_s0/results/session_val_test_no_tta.csv,763,8bc0331f5c3eddac966eaf0e21a96b291b70d4e5936f8a54fbaaabd5e877643f
outputs/experiments_u430k32/protocol/stratified__f0_s0/results/session_val_test_no_tta.json,4772,b712dbfe10d2032048db398b7d6256c591168b2fb7ea4ada33e564e7285d85b4
outputs/experiments_u430k32/protocol/stratified__f0_s0/results/session_val_test_tta.csv,763,da68150547d1790bb010c5f2e7901d1dd70555c89aee04728ec3de4b816247c0
outputs/experiments_u430k32/protocol/stratified__f0_s0/results/session_val_test_tta.json,4783,6e2406a5085a1d39cfdbf9b4c87e5aed8b296e212bc6ecef380a3a5f5e0c904b
outputs/experiments_u430k32/protocol/stratified__f0_s0/results/targets_val_test_no_tta.npy,20832,
outputs/experiments_u430k32/protocol/stratified__f0_s0/results/targets_val_test_tta.npy,20832,
outputs/experiments_u430k32/protocol/stratified__f0_s0/stage1_meta.json,5246,ad88c14a664f4d3171ddad44b5cdc723b37c952b45cecc7793d5b70669363d5b
outputs/experiments_u430k32/protocol/stratified__f0_s0/sweep.log,125867,
outputs/experiments_u430k32/protocol/stratified__f0_s0/training.log,181996,
outputs/experiments_u430k32/protocol/stratified__f0_s1/best_stage1.pth,22964943,
outputs/experiments_u430k32/protocol/stratified__f0_s1/figures/confusion_val_test_no_tta.png,64294,
outputs/experiments_u430k32/protocol/stratified__f0_s1/figures/confusion_val_test_tta.png,63538,
outputs/experiments_u430k32/protocol/stratified__f0_s1/figures/per_class_f1_val_test_no_tta.png,38779,
outputs/experiments_u430k32/protocol/stratified__f0_s1/figures/per_class_f1_val_test_tta.png,38399,
outputs/experiments_u430k32/protocol/stratified__f0_s1/hydra/2026-10-01_11-52-03/.hydra/config.yaml,4123,84d5041879e3d3d14030fa0534c17e27ab941c2ee5ad014dc5fad675f11099fd
outputs/experiments_u430k32/protocol/stratified__f0_s1/hydra/2026-10-01_11-52-03/.hydra/hydra.yaml,4066,d8b7577806731b03da34a5c0ad78611d4a28500c68fec15b4e72c3511d0b27df
outputs/experiments_u430k32/protocol/stratified__f0_s1/hydra/2026-10-01_11-52-03/.hydra/overrides.yaml,217,65e154496a7d3c603632162c894cc904611672797eab87bf68347a6ddc66b265
outputs/experiments_u430k32/protocol/stratified__f0_s1/hydra/2026-10-01_11-52-03/train.log,482,
outputs/experiments_u430k32/protocol/stratified__f0_s1/last_stage1.json,141,30f5d650513e1fb3d7982ddef5a79be571e958ce61dde0b8f6a4a4faa58a6dc2
outputs/experiments_u430k32/protocol/stratified__f0_s1/last_stage1.pth,45846759,
outputs/experiments_u430k32/protocol/stratified__f0_s1/metrics.jsonl,355203,
outputs/experiments_u430k32/protocol/stratified__f0_s1/results/confusion_val_test_no_tta.csv,16817,5a7458e6e601d6e75d7cd4ee005fe91471001dd75273d6b39b2dd89ede8db198
outputs/experiments_u430k32/protocol/stratified__f0_s1/results/confusion_val_test_no_tta.npy,64928,
outputs/experiments_u430k32/protocol/stratified__f0_s1/results/confusion_val_test_tta.csv,16818,0c4fd9ec1ad14c04bfc2270adf144fccff17125ad6bd84ebc5cd368b23e9dbae
outputs/experiments_u430k32/protocol/stratified__f0_s1/results/confusion_val_test_tta.npy,64928,
outputs/experiments_u430k32/protocol/stratified__f0_s1/results/metrics_val_test_no_tta.json,15399,330e567fce3919d3b5ae56c36dcf36e2d323a38c5af8d17f835ea734258c9b72
outputs/experiments_u430k32/protocol/stratified__f0_s1/results/metrics_val_test_tta.json,15367,d0499664b91ad9b88d98e9292a412b5e60f80b33abd8e2bbb93ddca10a05b8fc
outputs/experiments_u430k32/protocol/stratified__f0_s1/results/per_class_val_test_no_tta.csv,2994,c0256b462bae9d7bf4ba4e62c94c64c47fcc01579cb15cd4eec09637b0ca3d65
outputs/experiments_u430k32/protocol/stratified__f0_s1/results/per_class_val_test_tta.csv,2994,fc0dcbb01d1c83027a685a00afcc2b6758e5b57a50e6438297e0b0c1b1e95b94
outputs/experiments_u430k32/protocol/stratified__f0_s1/results/preds_val_test_no_tta.npy,20832,
outputs/experiments_u430k32/protocol/stratified__f0_s1/results/preds_val_test_tta.npy,20832,
outputs/experiments_u430k32/protocol/stratified__f0_s1/results/rows_val_test_no_tta.npy,20832,
outputs/experiments_u430k32/protocol/stratified__f0_s1/results/rows_val_test_tta.npy,20832,
outputs/experiments_u430k32/protocol/stratified__f0_s1/results/run.json,50348,25d6273b34a02c2d3a7dc2d7d23b6b51c8543652c7a7bab0f9bd0dcc33e420eb
outputs/experiments_u430k32/protocol/stratified__f0_s1/results/session_val_test_no_tta.csv,763,57eefc15839a19db9fdf0e75f9711c17563ecc4c4d23338e9f17d3c66579621a
outputs/experiments_u430k32/protocol/stratified__f0_s1/results/session_val_test_no_tta.json,4787,094f866e98209d7fa99200d37cd48da70e6b211feba979ad40dbab00ca5ae0c7
outputs/experiments_u430k32/protocol/stratified__f0_s1/results/session_val_test_tta.csv,763,45eba893a75f8324e80a0b439ca526cdaf7a95a0774009b7cb898458c0ed66d9
outputs/experiments_u430k32/protocol/stratified__f0_s1/results/session_val_test_tta.json,4781,98cf9bc649aa05a2c62b1d8c3f1865db79503ffbb3df88510b3339cb27de8794
outputs/experiments_u430k32/protocol/stratified__f0_s1/results/targets_val_test_no_tta.npy,20832,
outputs/experiments_u430k32/protocol/stratified__f0_s1/results/targets_val_test_tta.npy,20832,
outputs/experiments_u430k32/protocol/stratified__f0_s1/stage1_meta.json,5131,a712320fe7e1be36bf75253f99d068956e40c2958358d0ba7f06492e1a3333b2
outputs/experiments_u430k32/protocol/stratified__f0_s1/sweep.log,122449,
outputs/experiments_u430k32/protocol/stratified__f0_s1/training.log,174273,
outputs/experiments_u430k32/protocol/stratified__f0_s2/best_stage1.pth,22964943,
outputs/experiments_u430k32/protocol/stratified__f0_s2/figures/confusion_val_test_no_tta.png,64267,
outputs/experiments_u430k32/protocol/stratified__f0_s2/figures/confusion_val_test_tta.png,63689,
outputs/experiments_u430k32/protocol/stratified__f0_s2/figures/per_class_f1_val_test_no_tta.png,38953,
outputs/experiments_u430k32/protocol/stratified__f0_s2/figures/per_class_f1_val_test_tta.png,39289,
outputs/experiments_u430k32/protocol/stratified__f0_s2/hydra/2026-10-01_12-18-52/.hydra/config.yaml,4123,3571aaffecc60998745d408a186905fcad86a31f31a26c75c656fbf2c96b929b
outputs/experiments_u430k32/protocol/stratified__f0_s2/hydra/2026-10-01_12-18-52/.hydra/hydra.yaml,4066,b40147d6298e1d2237d103db574b3175270050e75021b0cd288404746a0833ad
outputs/experiments_u430k32/protocol/stratified__f0_s2/hydra/2026-10-01_12-18-52/.hydra/overrides.yaml,217,cee5b0cd2588a1aaed90219e3fe5f42baeeaf9fc6d41f0196a418b5be1d4210c
outputs/experiments_u430k32/protocol/stratified__f0_s2/hydra/2026-10-01_12-18-52/train.log,482,
outputs/experiments_u430k32/protocol/stratified__f0_s2/last_stage1.json,142,cf0dd9dc8cbcce1b0c48f3b481ab8c0d10cead5f70b074883173044907257b8f
outputs/experiments_u430k32/protocol/stratified__f0_s2/last_stage1.pth,45846823,
outputs/experiments_u430k32/protocol/stratified__f0_s2/metrics.jsonl,358304,
outputs/experiments_u430k32/protocol/stratified__f0_s2/results/confusion_val_test_no_tta.csv,16816,49afe0f1f610ff953e88aeb3a0326d9eb36e4d5630639016900f88391f256cbb
outputs/experiments_u430k32/protocol/stratified__f0_s2/results/confusion_val_test_no_tta.npy,64928,
outputs/experiments_u430k32/protocol/stratified__f0_s2/results/confusion_val_test_tta.csv,16816,24f052e784e6ecab8a788ee4ea6f7005e7a50c88c1f53308f6f6671a73178f46
outputs/experiments_u430k32/protocol/stratified__f0_s2/results/confusion_val_test_tta.npy,64928,
outputs/experiments_u430k32/protocol/stratified__f0_s2/results/metrics_val_test_no_tta.json,15505,9e1fd33ff4d06aaae60fbc496a6d5be76e38981d27046e335e5cf62a637ef100
outputs/experiments_u430k32/protocol/stratified__f0_s2/results/metrics_val_test_tta.json,15528,69807f84e2439f68ea17e15eb785e86db7d0719a1d5229b4c924eda2cb5348fc
outputs/experiments_u430k32/protocol/stratified__f0_s2/results/per_class_val_test_no_tta.csv,2994,74979eaa3a7bf4770847fd32222ec64597f2d294b7927817e0f93eb4917abc9f
outputs/experiments_u430k32/protocol/stratified__f0_s2/results/per_class_val_test_tta.csv,2994,c57c90355c0254704fea140ad827a6324b9ec4f32bc0427c26d307a3a590e0f5
outputs/experiments_u430k32/protocol/stratified__f0_s2/results/preds_val_test_no_tta.npy,20832,
outputs/experiments_u430k32/protocol/stratified__f0_s2/results/preds_val_test_tta.npy,20832,
outputs/experiments_u430k32/protocol/stratified__f0_s2/results/rows_val_test_no_tta.npy,20832,
outputs/experiments_u430k32/protocol/stratified__f0_s2/results/rows_val_test_tta.npy,20832,
outputs/experiments_u430k32/protocol/stratified__f0_s2/results/run.json,50606,b29f1c0f2315658ff23c9e88973f0c88fba376685a8182cc90f720de413206e9
outputs/experiments_u430k32/protocol/stratified__f0_s2/results/session_val_test_no_tta.csv,763,606f77dc6d8dad64ecd9e4d510bce2677d547d265e1404c37f7601057ee464bf
outputs/experiments_u430k32/protocol/stratified__f0_s2/results/session_val_test_no_tta.json,4775,0eba7dd1e7942d7a23b1ffb7f9d111d1da7640c082668aa11bddf075ca9e996f
outputs/experiments_u430k32/protocol/stratified__f0_s2/results/session_val_test_tta.csv,763,bc51b7c9e03ae83939bd3040d50b6c81d07e7740a961770f40d04dd1ff3b9a84
outputs/experiments_u430k32/protocol/stratified__f0_s2/results/session_val_test_tta.json,4784,79b12029885cc0307d1762ed78c6f052f29404279a6c6b0c625ae08565c2de7f
outputs/experiments_u430k32/protocol/stratified__f0_s2/results/targets_val_test_no_tta.npy,20832,
outputs/experiments_u430k32/protocol/stratified__f0_s2/results/targets_val_test_tta.npy,20832,
outputs/experiments_u430k32/protocol/stratified__f0_s2/stage1_meta.json,5090,0df7000ada3e8343992536008b22b8c2affc9d7e7cff1c24fe29dedffd9b1cd4
outputs/experiments_u430k32/protocol/stratified__f0_s2/sweep.log,123465,
outputs/experiments_u430k32/protocol/stratified__f0_s2/training.log,176519,
outputs/experiments_u430k32/protocol/stratified__f0_s3/best_stage1.pth,22964943,
outputs/experiments_u430k32/protocol/stratified__f0_s3/figures/confusion_val_test_no_tta.png,63806,
outputs/experiments_u430k32/protocol/stratified__f0_s3/figures/confusion_val_test_tta.png,63497,
outputs/experiments_u430k32/protocol/stratified__f0_s3/figures/per_class_f1_val_test_no_tta.png,38807,
outputs/experiments_u430k32/protocol/stratified__f0_s3/figures/per_class_f1_val_test_tta.png,38276,
outputs/experiments_u430k32/protocol/stratified__f0_s3/hydra/2026-10-01_12-45-33/.hydra/config.yaml,4123,57bc0bd25c5e345219de8cbd032f8973a98a536841863404d1f88eb505f3207e
outputs/experiments_u430k32/protocol/stratified__f0_s3/hydra/2026-10-01_12-45-33/.hydra/hydra.yaml,4066,b8aa7039a03718dd5c86f65c039e250c94e380c2877fce97c0b7d2e67c13b3fb
outputs/experiments_u430k32/protocol/stratified__f0_s3/hydra/2026-10-01_12-45-33/.hydra/overrides.yaml,217,3552d237790b14496b33d602a9503b5083160a6336523865df5eb275318b4bde
outputs/experiments_u430k32/protocol/stratified__f0_s3/hydra/2026-10-01_12-45-33/train.log,482,
outputs/experiments_u430k32/protocol/stratified__f0_s3/last_stage1.json,142,c8fd2d8de478b0f8598493f9ad353aafc1fad61b33102fbf4c0f0dac01a49466
outputs/experiments_u430k32/protocol/stratified__f0_s3/last_stage1.pth,45846823,
outputs/experiments_u430k32/protocol/stratified__f0_s3/metrics.jsonl,363133,
outputs/experiments_u430k32/protocol/stratified__f0_s3/results/confusion_val_test_no_tta.csv,16818,1f542f47afdccf782cde3865fb1acdb8cd87585ffe3c6fc180e2c2877ddb16a5
outputs/experiments_u430k32/protocol/stratified__f0_s3/results/confusion_val_test_no_tta.npy,64928,
outputs/experiments_u430k32/protocol/stratified__f0_s3/results/confusion_val_test_tta.csv,16818,a469a7385abc3e449de6805fa84df635d32d684d588011504e3b798aba383dd5
outputs/experiments_u430k32/protocol/stratified__f0_s3/results/confusion_val_test_tta.npy,64928,
outputs/experiments_u430k32/protocol/stratified__f0_s3/results/metrics_val_test_no_tta.json,15551,54c03bc5bc6d9e2641d6ff6b1d5e1496d9a422e418b83a8fa1e0dcf393ae6b2b
outputs/experiments_u430k32/protocol/stratified__f0_s3/results/metrics_val_test_tta.json,15336,0e3d86b6867d56ed5e6c5a636d65dadef5c1a876c0dff8658fdf68c0f36ba532
outputs/experiments_u430k32/protocol/stratified__f0_s3/results/per_class_val_test_no_tta.csv,2994,b3877524fe15c2bc3d016e552cc0f28900ee0a148da0220ac3ae775af8102d0d
outputs/experiments_u430k32/protocol/stratified__f0_s3/results/per_class_val_test_tta.csv,2994,2f28c98c501db346e1764e03a92bded5e28433ed26f2de6063f323b729ed161f
outputs/experiments_u430k32/protocol/stratified__f0_s3/results/preds_val_test_no_tta.npy,20832,
outputs/experiments_u430k32/protocol/stratified__f0_s3/results/preds_val_test_tta.npy,20832,
outputs/experiments_u430k32/protocol/stratified__f0_s3/results/rows_val_test_no_tta.npy,20832,
outputs/experiments_u430k32/protocol/stratified__f0_s3/results/rows_val_test_tta.npy,20832,
outputs/experiments_u430k32/protocol/stratified__f0_s3/results/run.json,50459,8c3e221392ee511d1a4459b089ae42b8e24db747a14e3480b546e97bc957a722
outputs/experiments_u430k32/protocol/stratified__f0_s3/results/session_val_test_no_tta.csv,763,904971d36d7b6498567d6a9c0a45e0cba985c28e540242258d9e8655ab263fa7
outputs/experiments_u430k32/protocol/stratified__f0_s3/results/session_val_test_no_tta.json,4787,c9eb5ca3f1562a09411e077da915cc59ebfc8a1032995369c8126f907b2ea2d0
outputs/experiments_u430k32/protocol/stratified__f0_s3/results/session_val_test_tta.csv,763,0c4e1edb42285bfddbd46941d7b87381c22ae28983177fe2a5898158e3f8a600
outputs/experiments_u430k32/protocol/stratified__f0_s3/results/session_val_test_tta.json,4772,a00c66d339c2cfc699ffbd065dfb6ee056d80b7c5251ac1f5df1e8762166c162
outputs/experiments_u430k32/protocol/stratified__f0_s3/results/targets_val_test_no_tta.npy,20832,
outputs/experiments_u430k32/protocol/stratified__f0_s3/results/targets_val_test_tta.npy,20832,
outputs/experiments_u430k32/protocol/stratified__f0_s3/stage1_meta.json,5044,b68dd6ec8193bf8274fa04b69e124441fa0b8c3996d6486242edb32f0e4231b3
outputs/experiments_u430k32/protocol/stratified__f0_s3/sweep.log,125680,
outputs/experiments_u430k32/protocol/stratified__f0_s3/training.log,181194,
outputs/experiments_u430k32/protocol/stratified__f0_s4/.DS_Store,6148,
outputs/experiments_u430k32/protocol/stratified__f0_s4/best_stage1.pth,22964943,
outputs/experiments_u430k32/protocol/stratified__f0_s4/figures/confusion_val_test_no_tta.png,63800,
outputs/experiments_u430k32/protocol/stratified__f0_s4/figures/confusion_val_test_tta.png,63158,
outputs/experiments_u430k32/protocol/stratified__f0_s4/figures/per_class_f1_val_test_no_tta.png,39117,
outputs/experiments_u430k32/protocol/stratified__f0_s4/figures/per_class_f1_val_test_tta.png,38844,
outputs/experiments_u430k32/protocol/stratified__f0_s4/hydra/2026-10-01_13-12-07/.hydra/config.yaml,4123,615d86a586bf23d12783d0a26a80d1562c840b0310bac79414b48d4fa33861e4
outputs/experiments_u430k32/protocol/stratified__f0_s4/hydra/2026-10-01_13-12-07/.hydra/hydra.yaml,4066,1e3ab1753f5f5bd24a2b7ebcd5a5638910ee99b6edf2609ebe6fda89361e765a
outputs/experiments_u430k32/protocol/stratified__f0_s4/hydra/2026-10-01_13-12-07/.hydra/overrides.yaml,217,45fb54d563b510aa41b694d464ac03878f5f479e5628de133bb5b22ecafffea5
outputs/experiments_u430k32/protocol/stratified__f0_s4/hydra/2026-10-01_13-12-07/train.log,482,
outputs/experiments_u430k32/protocol/stratified__f0_s4/last_stage1.json,141,a9144901bb8a2a3fb4e5c142a559a87f3b26217d22a89091f9cd95c8c341317b
outputs/experiments_u430k32/protocol/stratified__f0_s4/last_stage1.pth,45846759,
outputs/experiments_u430k32/protocol/stratified__f0_s4/metrics.jsonl,369208,
outputs/experiments_u430k32/protocol/stratified__f0_s4/results/confusion_val_test_no_tta.csv,16818,961f16ca5225c8f2713670f98ea9c8cbc32e4277d95b922e9ca1155b3e27a502
outputs/experiments_u430k32/protocol/stratified__f0_s4/results/confusion_val_test_no_tta.npy,64928,
outputs/experiments_u430k32/protocol/stratified__f0_s4/results/confusion_val_test_tta.csv,16818,9134a49e8a33352a5dd77d9e5e7c501636ee60c044f233896e251a55453a7044
outputs/experiments_u430k32/protocol/stratified__f0_s4/results/confusion_val_test_tta.npy,64928,
outputs/experiments_u430k32/protocol/stratified__f0_s4/results/metrics_val_test_no_tta.json,15486,8f4ec0c868459ecb20909180da5c136b9a630c73fbb961bff34ba8ff3a2e56f3
outputs/experiments_u430k32/protocol/stratified__f0_s4/results/metrics_val_test_tta.json,15536,8fcf1ae398ef87fbef473decd03bbce8b4ad0d0571a7b857ddcbc34e7c7bb9f7
outputs/experiments_u430k32/protocol/stratified__f0_s4/results/per_class_val_test_no_tta.csv,2994,19d6c5e4c464f09ce2ab14951f55cf5c80683aafb2552e5c0df6e5303d24777b
outputs/experiments_u430k32/protocol/stratified__f0_s4/results/per_class_val_test_tta.csv,2994,f98bf08341ba2be4d8cbf7e77a222462b3d6cdca3146eb4a7aa730b1d429d984
outputs/experiments_u430k32/protocol/stratified__f0_s4/results/preds_val_test_no_tta.npy,20832,
outputs/experiments_u430k32/protocol/stratified__f0_s4/results/preds_val_test_tta.npy,20832,
outputs/experiments_u430k32/protocol/stratified__f0_s4/results/rows_val_test_no_tta.npy,20832,
outputs/experiments_u430k32/protocol/stratified__f0_s4/results/rows_val_test_tta.npy,20832,
outputs/experiments_u430k32/protocol/stratified__f0_s4/results/run.json,50594,d2aff92fadcf4c799db1a569ce323fe82bb6890f49bf6fa2cd5578a84534ed9f
outputs/experiments_u430k32/protocol/stratified__f0_s4/results/session_val_test_no_tta.csv,763,14382c7ce80751fbb046916d4ac0fd2cd258033b9283562ea6dd3743b611af25
outputs/experiments_u430k32/protocol/stratified__f0_s4/results/session_val_test_no_tta.json,4775,0e55385ac6fc68c6fbd07c66d64d44c81b8a9593d0019d2d42bcb2e522d71809
outputs/experiments_u430k32/protocol/stratified__f0_s4/results/session_val_test_tta.csv,763,900942ca0bfd91ccb9db1923d7d7b8f6566f4bfa53722e28c3b2e05ab2e0ff21
outputs/experiments_u430k32/protocol/stratified__f0_s4/results/session_val_test_tta.json,4784,727fc6793948caab4261d65807ed2492370d5c7805bbb7750e2162a3426ae121
outputs/experiments_u430k32/protocol/stratified__f0_s4/results/targets_val_test_no_tta.npy,20832,
outputs/experiments_u430k32/protocol/stratified__f0_s4/results/targets_val_test_tta.npy,20832,
outputs/experiments_u430k32/protocol/stratified__f0_s4/stage1_meta.json,5098,2c5d513d83aeb4e4d2e3999f30321c915d53029c4f00d2bbfb0fb934dda8d947
outputs/experiments_u430k32/protocol/stratified__f0_s4/sweep.log,127740,
outputs/experiments_u430k32/protocol/stratified__f0_s4/training.log,185714,
outputs/experiments_u430k32/protocol/stratified__f0_s5/.DS_Store,6148,
outputs/experiments_u430k32/protocol/stratified__f0_s5/best_stage1.pth,22964943,
outputs/experiments_u430k32/protocol/stratified__f0_s5/figures/confusion_val_test_no_tta.png,65535,
outputs/experiments_u430k32/protocol/stratified__f0_s5/figures/confusion_val_test_tta.png,65076,
outputs/experiments_u430k32/protocol/stratified__f0_s5/figures/per_class_f1_val_test_no_tta.png,39167,
outputs/experiments_u430k32/protocol/stratified__f0_s5/figures/per_class_f1_val_test_tta.png,38611,
outputs/experiments_u430k32/protocol/stratified__f0_s5/hydra/2026-10-01_13-38-41/.hydra/config.yaml,4123,c8a070545d4c3ca5c4964ec4c0179072d29e615f781bd5ae82a5b084b972cc16
outputs/experiments_u430k32/protocol/stratified__f0_s5/hydra/2026-10-01_13-38-41/.hydra/hydra.yaml,4066,9eed7c02dc909c09a0cc122861a9941dd350c3804354d6f81fdf58af953707aa
outputs/experiments_u430k32/protocol/stratified__f0_s5/hydra/2026-10-01_13-38-41/.hydra/overrides.yaml,217,7b1b65e43a973b9c49106fae9644d21612e6fa29caef58950a40c87c547e952c
outputs/experiments_u430k32/protocol/stratified__f0_s5/hydra/2026-10-01_13-38-41/train.log,482,
outputs/experiments_u430k32/protocol/stratified__f0_s5/last_stage1.json,142,c0d35ed6ab10c34b3edda858715b50bd9cde6c75a16f2c9c484a467964031c19
outputs/experiments_u430k32/protocol/stratified__f0_s5/last_stage1.pth,45846759,
outputs/experiments_u430k32/protocol/stratified__f0_s5/metrics.jsonl,354569,
outputs/experiments_u430k32/protocol/stratified__f0_s5/results/confusion_val_test_no_tta.csv,16812,ec2116ee57f91435111d384d150fd7c357cd1dc3c5c7031d5c9e9db14228b173
outputs/experiments_u430k32/protocol/stratified__f0_s5/results/confusion_val_test_no_tta.npy,64928,
outputs/experiments_u430k32/protocol/stratified__f0_s5/results/confusion_val_test_tta.csv,16815,2e708813b4fe8aa389b625558c7c34da49818fd42d095acde9cfecccc31cdec4
outputs/experiments_u430k32/protocol/stratified__f0_s5/results/confusion_val_test_tta.npy,64928,
outputs/experiments_u430k32/protocol/stratified__f0_s5/results/metrics_val_test_no_tta.json,15515,b058868b37bb7feb20f583d5ec1625429b4a4859470414d0dc8dbe722fcbc459
outputs/experiments_u430k32/protocol/stratified__f0_s5/results/metrics_val_test_tta.json,15381,71734863719b7b2c266fa5e570453db6afc130d27f18badefc950a78c087538f
outputs/experiments_u430k32/protocol/stratified__f0_s5/results/per_class_val_test_no_tta.csv,2994,480a5c9a476714db416e279faa99bb7a8cf9713b7c290f31dea7f6b2efc63e1a
outputs/experiments_u430k32/protocol/stratified__f0_s5/results/per_class_val_test_tta.csv,2994,a5563b7d9708cc55a3cc0288d158588697bbe2993dfd7d62641b7eff9cc6f89a
outputs/experiments_u430k32/protocol/stratified__f0_s5/results/preds_val_test_no_tta.npy,20832,
outputs/experiments_u430k32/protocol/stratified__f0_s5/results/preds_val_test_tta.npy,20832,
outputs/experiments_u430k32/protocol/stratified__f0_s5/results/rows_val_test_no_tta.npy,20832,
outputs/experiments_u430k32/protocol/stratified__f0_s5/results/rows_val_test_tta.npy,20832,
outputs/experiments_u430k32/protocol/stratified__f0_s5/results/run.json,50449,b2971c801e25ccaa8f9dd04fcbaddadcef5f7f5e7e6d314520e87e9f77722755
outputs/experiments_u430k32/protocol/stratified__f0_s5/results/session_val_test_no_tta.csv,763,b58c1045906968d7d12aa3223fd99385114a564d87a0045921e03154c6fbc163
outputs/experiments_u430k32/protocol/stratified__f0_s5/results/session_val_test_no_tta.json,4774,958f9b447c2ad553d921122621b01af3fa748d9b74cf16c744056f5bfa4cd0ee
outputs/experiments_u430k32/protocol/stratified__f0_s5/results/session_val_test_tta.csv,763,964f523315044ba31f68678dae9f01995c0ead51297f8ae9b7333578b99b2cbe
outputs/experiments_u430k32/protocol/stratified__f0_s5/results/session_val_test_tta.json,4766,3134050ac109cd47ad8a0a831e2179e0704185c54b99ddd18cbaee280aa8d3c5
outputs/experiments_u430k32/protocol/stratified__f0_s5/results/targets_val_test_no_tta.npy,20832,
outputs/experiments_u430k32/protocol/stratified__f0_s5/results/targets_val_test_tta.npy,20832,
outputs/experiments_u430k32/protocol/stratified__f0_s5/stage1_meta.json,5131,87ffe45a49cb8ad6d70e48d38402cb2e0013a143d3162b1c705e3dbae953b7a0
outputs/experiments_u430k32/protocol/stratified__f0_s5/sweep.log,121830,
outputs/experiments_u430k32/protocol/stratified__f0_s5/training.log,173039,
outputs/experiments_u430k32/protocol/sweep.json,6665,6f970776d2270555b3e2f5bd9331b76d62e45cdd0f434df7b7281db47eb79def
outputs/experiments_u430k32/s11/X1/grouped__f0_s0/best_stage1.pth,22965135,
outputs/experiments_u430k32/s11/X1/grouped__f0_s0/clean_fit.json,25002,a8a05d656e3fbf3a43ddb205e838fe82ee2f23a62846edda666ffa474c4b4ecd
outputs/experiments_u430k32/s11/X1/grouped__f0_s0/figures/confusion_val_test_no_tta.png,70467,
outputs/experiments_u430k32/s11/X1/grouped__f0_s0/figures/confusion_val_test_tta.png,70040,
outputs/experiments_u430k32/s11/X1/grouped__f0_s0/figures/per_class_f1_val_test_no_tta.png,38607,
outputs/experiments_u430k32/s11/X1/grouped__f0_s0/figures/per_class_f1_val_test_tta.png,38263,
outputs/experiments_u430k32/s11/X1/grouped__f0_s0/frozen_cell.json,1744,f8233fabc0dae114c834b4dbb25f291c12355455f751583145a54ed8bb02f46d
outputs/experiments_u430k32/s11/X1/grouped__f0_s0/hydra/2026-10-01_18-18-23/.hydra/config.yaml,4264,91589395f50a2953829fd0046fa3f92ce15c3bac1c38b0d79c1519f9a6869762
outputs/experiments_u430k32/s11/X1/grouped__f0_s0/hydra/2026-10-01_18-18-23/.hydra/hydra.yaml,4382,24d097eac6cc4eecb8177a4839f5895a339e718f8a1a5e0bfc67180a84ea8f64
outputs/experiments_u430k32/s11/X1/grouped__f0_s0/hydra/2026-10-01_18-18-23/.hydra/overrides.yaml,372,ec109709d3fb80ef1c1b2ccc7c0b0cc0e512ec63244f8528d19126d14269c8b0
outputs/experiments_u430k32/s11/X1/grouped__f0_s0/hydra/2026-10-01_18-18-23/train.log,482,
outputs/experiments_u430k32/s11/X1/grouped__f0_s0/last_stage1.json,142,98e6ca338637d0232984d025fdcf92e6ae511cfa78ad0126378a33d6fa2449e1
outputs/experiments_u430k32/s11/X1/grouped__f0_s0/metrics.jsonl,537139,
outputs/experiments_u430k32/s11/X1/grouped__f0_s0/results/confusion_val_test_no_tta.csv,16837,ffd3c034a6735fdadf7ddb5c1487a3f49185579954508219539c358e01773acf
outputs/experiments_u430k32/s11/X1/grouped__f0_s0/results/confusion_val_test_no_tta.npy,64928,
outputs/experiments_u430k32/s11/X1/grouped__f0_s0/results/confusion_val_test_tta.csv,16835,2273ee6f65a142c43bc6da57b3ddca15ab98a218a041701d11321d668cba9b79
outputs/experiments_u430k32/s11/X1/grouped__f0_s0/results/confusion_val_test_tta.npy,64928,
outputs/experiments_u430k32/s11/X1/grouped__f0_s0/results/logits_calib_no_tta.npz,107200,
outputs/experiments_u430k32/s11/X1/grouped__f0_s0/results/logits_calib_tta.npz,107235,
outputs/experiments_u430k32/s11/X1/grouped__f0_s0/results/logits_val_test_no_tta.npz,728094,
outputs/experiments_u430k32/s11/X1/grouped__f0_s0/results/logits_val_test_tta.npz,728233,
outputs/experiments_u430k32/s11/X1/grouped__f0_s0/results/metrics_val_test_no_tta.json,18564,7e2988917c701b49778ace192cfefca746ec8171f5d0bb30844b569e4fabef30
outputs/experiments_u430k32/s11/X1/grouped__f0_s0/results/metrics_val_test_tta.json,18634,befbcff40cc434e55fca6801ddd257fc92a4fa97d628bf10136895f0540ac2d7
outputs/experiments_u430k32/s11/X1/grouped__f0_s0/results/per_class_val_test_no_tta.csv,2994,a602efb9cf9800ff9681c3583d0ce199f2a461aea02e1442a07925f785fe5f07
outputs/experiments_u430k32/s11/X1/grouped__f0_s0/results/per_class_val_test_tta.csv,2994,4f218b8f4d9d4b770dac8553bb885f5efc0e6ebc80cc172f90df884b51998032
outputs/experiments_u430k32/s11/X1/grouped__f0_s0/results/preds_val_test_no_tta.npy,34616,
outputs/experiments_u430k32/s11/X1/grouped__f0_s0/results/preds_val_test_tta.npy,34616,
outputs/experiments_u430k32/s11/X1/grouped__f0_s0/results/rows_val_test_no_tta.npy,34616,
outputs/experiments_u430k32/s11/X1/grouped__f0_s0/results/rows_val_test_tta.npy,34616,
outputs/experiments_u430k32/s11/X1/grouped__f0_s0/results/run.json,63023,9699b70167df8a205405c77c5d48731262e298009d648a9b51680abe22de6320
outputs/experiments_u430k32/s11/X1/grouped__f0_s0/results/session_val_test_no_tta.csv,833,3ac6d21ca5a86db8e4b7689e6e42f9ba53809a3272918f2e74f162463e32edc4
outputs/experiments_u430k32/s11/X1/grouped__f0_s0/results/session_val_test_no_tta.json,5150,e715d9c10740ef7172b24020f390910c04e0330f894be29a73c93db2b34477a0
outputs/experiments_u430k32/s11/X1/grouped__f0_s0/results/session_val_test_tta.csv,833,4292591d265a12f17e32e024e7f2b7ac69bd76ae323f3584f6200cf86561800d
outputs/experiments_u430k32/s11/X1/grouped__f0_s0/results/session_val_test_tta.json,5102,c27681b43d6bb54c285dbd747c2a404bbb8b3eb32d93ed2eaa45f966a48dcfb7
outputs/experiments_u430k32/s11/X1/grouped__f0_s0/results/targets_val_test_no_tta.npy,34616,
outputs/experiments_u430k32/s11/X1/grouped__f0_s0/results/targets_val_test_tta.npy,34616,
outputs/experiments_u430k32/s11/X1/grouped__f0_s0/stage1_meta.json,5199,306b5f9ecf03b90fa3a2b429c95dc997d420ee7018acdf90ed0fa45a5fe33309
outputs/experiments_u430k32/s11/X1/grouped__f0_s0/sweep.log,144354,
outputs/experiments_u430k32/s11/X1/grouped__f0_s0/training.log,207353,
outputs/experiments_u430k32/s11/X1/grouped__f0_s1/best_stage1.pth,22965135,
outputs/experiments_u430k32/s11/X1/grouped__f0_s1/clean_fit.json,19936,5d53591e66eeabc9617b70eadc7cdeb08a3d49794bb634f62c4e68179a9d7fc0
outputs/experiments_u430k32/s11/X1/grouped__f0_s1/figures/confusion_val_test_no_tta.png,70702,
outputs/experiments_u430k32/s11/X1/grouped__f0_s1/figures/confusion_val_test_tta.png,70111,
outputs/experiments_u430k32/s11/X1/grouped__f0_s1/figures/per_class_f1_val_test_no_tta.png,38566,
outputs/experiments_u430k32/s11/X1/grouped__f0_s1/figures/per_class_f1_val_test_tta.png,38162,
outputs/experiments_u430k32/s11/X1/grouped__f0_s1/frozen_cell.json,1744,3069e3c4e4178382a5c49bb930fe8a3bd653ed3923b72719d884b379720c0f55
outputs/experiments_u430k32/s11/X1/grouped__f0_s1/hydra/2026-10-01_18-43-54/.hydra/config.yaml,4264,81aaed6aa5fe6536173356fa8df273e148f5b7ad635f84e0afde81e0c3835981
outputs/experiments_u430k32/s11/X1/grouped__f0_s1/hydra/2026-10-01_18-43-54/.hydra/hydra.yaml,4382,a426459be405339cdb6978ed9c63624d5b9fdb792d3f9f63979895c83a1a134f
outputs/experiments_u430k32/s11/X1/grouped__f0_s1/hydra/2026-10-01_18-43-54/.hydra/overrides.yaml,372,0a721ae7845bee70fb8bee7a0caa50f5fcec53f5262b078d32e6e408bc67a992
outputs/experiments_u430k32/s11/X1/grouped__f0_s1/hydra/2026-10-01_18-43-54/train.log,482,
outputs/experiments_u430k32/s11/X1/grouped__f0_s1/last_stage1.json,142,6fc6cb7c7eeadebec17d0f24f244bc8f5eb47e85217d2fb76ae9682bc67f0168
outputs/experiments_u430k32/s11/X1/grouped__f0_s1/metrics.jsonl,396785,
outputs/experiments_u430k32/s11/X1/grouped__f0_s1/results/confusion_val_test_no_tta.csv,16841,11690d41d25e1c10a414647d2725297954c12780c82e022d7e16c952f80fa802
outputs/experiments_u430k32/s11/X1/grouped__f0_s1/results/confusion_val_test_no_tta.npy,64928,
outputs/experiments_u430k32/s11/X1/grouped__f0_s1/results/confusion_val_test_tta.csv,16840,c3d772dbfe833843b0b2a8cfd649f9ffcaa7def4b0c9268ffa8ad13be7401c16
outputs/experiments_u430k32/s11/X1/grouped__f0_s1/results/confusion_val_test_tta.npy,64928,
outputs/experiments_u430k32/s11/X1/grouped__f0_s1/results/logits_calib_no_tta.npz,107007,
outputs/experiments_u430k32/s11/X1/grouped__f0_s1/results/logits_calib_tta.npz,107026,
outputs/experiments_u430k32/s11/X1/grouped__f0_s1/results/logits_val_test_no_tta.npz,726644,
outputs/experiments_u430k32/s11/X1/grouped__f0_s1/results/logits_val_test_tta.npz,726557,
outputs/experiments_u430k32/s11/X1/grouped__f0_s1/results/metrics_val_test_no_tta.json,18731,a600ed67ed9bedd828a0a393345f20aad23a6ee36b2135ae490a0a3b3b6396be
outputs/experiments_u430k32/s11/X1/grouped__f0_s1/results/metrics_val_test_tta.json,18809,2a58fcd367ec9893315191b8f414cf6623a26f17dbe5938a98c3da111db105ad
outputs/experiments_u430k32/s11/X1/grouped__f0_s1/results/per_class_val_test_no_tta.csv,2994,17ef5b5a4229257818dce7e35f4d8d7f3609da2fd3eba0a04646d0b9864bfd73
outputs/experiments_u430k32/s11/X1/grouped__f0_s1/results/per_class_val_test_tta.csv,2994,04e4fe3751f528d63b08b77de860bfc599100adcd06e08495f81a461dad4a19d
outputs/experiments_u430k32/s11/X1/grouped__f0_s1/results/preds_val_test_no_tta.npy,34616,
outputs/experiments_u430k32/s11/X1/grouped__f0_s1/results/preds_val_test_tta.npy,34616,
outputs/experiments_u430k32/s11/X1/grouped__f0_s1/results/rows_val_test_no_tta.npy,34616,
outputs/experiments_u430k32/s11/X1/grouped__f0_s1/results/rows_val_test_tta.npy,34616,
outputs/experiments_u430k32/s11/X1/grouped__f0_s1/results/run.json,63343,8e01cfd264fea4c3f806b350f6fbc43f64bb66de43be1dc7d8ee0dd7e8405edf
outputs/experiments_u430k32/s11/X1/grouped__f0_s1/results/session_val_test_no_tta.csv,833,105a9d1836318f156a588fcbf9a0b1a2cdd593050ea09bcd0e71d0b1e6c27fe8
outputs/experiments_u430k32/s11/X1/grouped__f0_s1/results/session_val_test_no_tta.json,5126,447c2eb6d926768ade8e5844ce5c68df625f54f525dc4fddc5858841b0aa92a0
outputs/experiments_u430k32/s11/X1/grouped__f0_s1/results/session_val_test_tta.csv,833,5e3e06eb8fec7fb5242ae7647296169f5ba676aa692480400bbaaf0aafb9a191
outputs/experiments_u430k32/s11/X1/grouped__f0_s1/results/session_val_test_tta.json,5105,76b107b0467fef18dd7fc543ef3cd9265b8aed02872d535497f6d087c704eba0
outputs/experiments_u430k32/s11/X1/grouped__f0_s1/results/targets_val_test_no_tta.npy,34616,
outputs/experiments_u430k32/s11/X1/grouped__f0_s1/results/targets_val_test_tta.npy,34616,
outputs/experiments_u430k32/s11/X1/grouped__f0_s1/stage1_meta.json,5140,51f77daef7a255c1a8e812b18c6c9e5060b04627dd30b0269c4345fd9aedf0f6
outputs/experiments_u430k32/s11/X1/grouped__f0_s1/sweep.log,112854,
outputs/experiments_u430k32/s11/X1/grouped__f0_s1/training.log,159125,
outputs/experiments_u430k32/s11/X1/grouped__f0_s2/best_stage1.pth,22965135,
outputs/experiments_u430k32/s11/X1/grouped__f0_s2/clean_fit.json,23520,1b2fc6f18082cfad2ab2a396f97b20dfe0650ca2f778080cac45a8f1d40d8b8c
outputs/experiments_u430k32/s11/X1/grouped__f0_s2/figures/confusion_val_test_no_tta.png,70143,
outputs/experiments_u430k32/s11/X1/grouped__f0_s2/figures/confusion_val_test_tta.png,69738,
outputs/experiments_u430k32/s11/X1/grouped__f0_s2/figures/per_class_f1_val_test_no_tta.png,38700,
outputs/experiments_u430k32/s11/X1/grouped__f0_s2/figures/per_class_f1_val_test_tta.png,38004,
outputs/experiments_u430k32/s11/X1/grouped__f0_s2/frozen_cell.json,1744,e7bb32c45cb5865e3c3cd9ddaafa35ccd1a04b6233eefedfdfa36c5fc6412a1a
outputs/experiments_u430k32/s11/X1/grouped__f0_s2/hydra/2026-10-01_19-02-13/.hydra/config.yaml,4264,dabfcc63908f5fbe84d5d13b20e6dfaac5c081dac357aa3bad80fe8a209bce62
outputs/experiments_u430k32/s11/X1/grouped__f0_s2/hydra/2026-10-01_19-02-13/.hydra/hydra.yaml,4382,53b0b39e7ad9f1d8c0b2e73dac3b438dbaa19ee0656620b9ceeafa636f7cb030
outputs/experiments_u430k32/s11/X1/grouped__f0_s2/hydra/2026-10-01_19-02-13/.hydra/overrides.yaml,372,a6c2281cbc4d5f58440ea09a1e7cfcf472b63c9923401bc2a0d2e14c5dd1bbd1
outputs/experiments_u430k32/s11/X1/grouped__f0_s2/hydra/2026-10-01_19-02-13/train.log,241,
outputs/experiments_u430k32/s11/X1/grouped__f0_s2/hydra/2026-10-01_19-02-14/.hydra/config.yaml,4264,dabfcc63908f5fbe84d5d13b20e6dfaac5c081dac357aa3bad80fe8a209bce62
outputs/experiments_u430k32/s11/X1/grouped__f0_s2/hydra/2026-10-01_19-02-14/.hydra/hydra.yaml,4382,7b11f866ec721011cf3faef44030d20dee717eab417f9465ea7017afc0a06d94
outputs/experiments_u430k32/s11/X1/grouped__f0_s2/hydra/2026-10-01_19-02-14/.hydra/overrides.yaml,372,a6c2281cbc4d5f58440ea09a1e7cfcf472b63c9923401bc2a0d2e14c5dd1bbd1
outputs/experiments_u430k32/s11/X1/grouped__f0_s2/hydra/2026-10-01_19-02-14/train.log,241,
outputs/experiments_u430k32/s11/X1/grouped__f0_s2/last_stage1.json,142,abf2670afd1d7971fd23988ca8d69b133c109b86825c97d7415696ee96090cf1
outputs/experiments_u430k32/s11/X1/grouped__f0_s2/metrics.jsonl,565864,
outputs/experiments_u430k32/s11/X1/grouped__f0_s2/results/confusion_val_test_no_tta.csv,16842,42db6609edbf32debc2283fe5ddc404cd19315c227eacef28c987369e519ba06
outputs/experiments_u430k32/s11/X1/grouped__f0_s2/results/confusion_val_test_no_tta.npy,64928,
outputs/experiments_u430k32/s11/X1/grouped__f0_s2/results/confusion_val_test_tta.csv,16838,5a14cd0d6376aad8933a66aa766e4d92f207862e1f65b0312cd29d68e9121d70
outputs/experiments_u430k32/s11/X1/grouped__f0_s2/results/confusion_val_test_tta.npy,64928,
outputs/experiments_u430k32/s11/X1/grouped__f0_s2/results/logits_calib_no_tta.npz,106861,
outputs/experiments_u430k32/s11/X1/grouped__f0_s2/results/logits_calib_tta.npz,106754,
outputs/experiments_u430k32/s11/X1/grouped__f0_s2/results/logits_val_test_no_tta.npz,725672,
outputs/experiments_u430k32/s11/X1/grouped__f0_s2/results/logits_val_test_tta.npz,725252,
outputs/experiments_u430k32/s11/X1/grouped__f0_s2/results/metrics_val_test_no_tta.json,18764,975c7392c08766f1ede0c0bc8ead724d2085a76b61cdc71af31f0559be33b621
outputs/experiments_u430k32/s11/X1/grouped__f0_s2/results/metrics_val_test_tta.json,18600,39158611857118b68f84d707670988765483c832b4edef0a9e804f36df085fe5
outputs/experiments_u430k32/s11/X1/grouped__f0_s2/results/per_class_val_test_no_tta.csv,2994,df0eb456ac6de95e2f1860a342cbd0f313ff98b6c61adecb0b32add54467e3c8
outputs/experiments_u430k32/s11/X1/grouped__f0_s2/results/per_class_val_test_tta.csv,2994,a887605bf2af695b49d14b269eea1c119148efe0b400df6d06e021266a7e05bc
outputs/experiments_u430k32/s11/X1/grouped__f0_s2/results/preds_val_test_no_tta.npy,34616,
outputs/experiments_u430k32/s11/X1/grouped__f0_s2/results/preds_val_test_tta.npy,34616,
outputs/experiments_u430k32/s11/X1/grouped__f0_s2/results/rows_val_test_no_tta.npy,34616,
outputs/experiments_u430k32/s11/X1/grouped__f0_s2/results/rows_val_test_tta.npy,34616,
outputs/experiments_u430k32/s11/X1/grouped__f0_s2/results/run.json,63165,4bbdd084a3bef2c2e2fefc5c13a1fc32b697f63713fa5e14d2ff33a1bd7ae825
outputs/experiments_u430k32/s11/X1/grouped__f0_s2/results/session_val_test_no_tta.csv,833,1037f7967b3677603f21461e0f83b974c70e8d771473ba9bf85fb5b9e24f15b8
outputs/experiments_u430k32/s11/X1/grouped__f0_s2/results/session_val_test_no_tta.json,5123,6fe2848277fe14bd1430016a44d0d9043dcb275174600b24f2f169a7ddaddccc
outputs/experiments_u430k32/s11/X1/grouped__f0_s2/results/session_val_test_tta.csv,833,7895db76daae0b6a3db7163291422f2f775b1d49afe15a0fe221ce2492ed70b7
outputs/experiments_u430k32/s11/X1/grouped__f0_s2/results/session_val_test_tta.json,5104,76ed5744a1eb5c10059838739d58c8a8f4a2203461a286333b511a897930e134
outputs/experiments_u430k32/s11/X1/grouped__f0_s2/results/targets_val_test_no_tta.npy,34616,
outputs/experiments_u430k32/s11/X1/grouped__f0_s2/results/targets_val_test_tta.npy,34616,
outputs/experiments_u430k32/s11/X1/grouped__f0_s2/stage1_meta.json,5205,6cae46df306486f421424073acfdba2f2964e7f15a6debccda84d3ed2099c64d
outputs/experiments_u430k32/s11/X1/grouped__f0_s2/sweep.log,148095,
outputs/experiments_u430k32/s11/X1/grouped__f0_s2/training.log,207527,
outputs/experiments_u430k32/s11/X1/grouped__f1_s0/best_stage1.pth,22965135,
outputs/experiments_u430k32/s11/X1/grouped__f1_s0/clean_fit.json,27826,d5190fa7e35c482681be933f7e4186302907aeaa098d2c5ce9e7a1b99d83a9fb
outputs/experiments_u430k32/s11/X1/grouped__f1_s0/figures/confusion_val_test_no_tta.png,69474,
outputs/experiments_u430k32/s11/X1/grouped__f1_s0/figures/confusion_val_test_tta.png,70104,
outputs/experiments_u430k32/s11/X1/grouped__f1_s0/figures/per_class_f1_val_test_no_tta.png,39108,
outputs/experiments_u430k32/s11/X1/grouped__f1_s0/figures/per_class_f1_val_test_tta.png,38066,
outputs/experiments_u430k32/s11/X1/grouped__f1_s0/frozen_cell.json,1744,a151da435abbfb3ffc67e796c3e83386f1907590e595b63b1175334a3d2077f8
outputs/experiments_u430k32/s11/X1/grouped__f1_s0/hydra/2026-10-01_19-28-39/.hydra/config.yaml,4264,a0909ffb2ab647c3f783d8b883918a61ed89ef33d4b40c2debf2d8f1d3159e1f
outputs/experiments_u430k32/s11/X1/grouped__f1_s0/hydra/2026-10-01_19-28-39/.hydra/hydra.yaml,4382,99add0d4299dfb55d7b6c132f0f3b394d1c3093ac6039aa716ed363f5ea2827d
outputs/experiments_u430k32/s11/X1/grouped__f1_s0/hydra/2026-10-01_19-28-39/.hydra/overrides.yaml,372,ab8b514fe928e1f22bad5400f9828a49e44f15152819da671175d14e9f4ae993
outputs/experiments_u430k32/s11/X1/grouped__f1_s0/hydra/2026-10-01_19-28-39/train.log,482,
outputs/experiments_u430k32/s11/X1/grouped__f1_s0/last_stage1.json,142,5379d699086baad1d5c46f268d99c4daef0d8a6679d43532550bdcfa9e221f25
outputs/experiments_u430k32/s11/X1/grouped__f1_s0/metrics.jsonl,603420,
outputs/experiments_u430k32/s11/X1/grouped__f1_s0/results/confusion_val_test_no_tta.csv,16834,c4bc84264b9cc8f3d22406eee185bd88373deaff13a24c807077e259f57719b0
outputs/experiments_u430k32/s11/X1/grouped__f1_s0/results/confusion_val_test_no_tta.npy,64928,
outputs/experiments_u430k32/s11/X1/grouped__f1_s0/results/confusion_val_test_tta.csv,16838,e01dcecc61ddf8c0f4cff3fc92708e69d5eed003625630f2fbea006ac954d3a2
outputs/experiments_u430k32/s11/X1/grouped__f1_s0/results/confusion_val_test_tta.npy,64928,
outputs/experiments_u430k32/s11/X1/grouped__f1_s0/results/logits_calib_no_tta.npz,107143,
outputs/experiments_u430k32/s11/X1/grouped__f1_s0/results/logits_calib_tta.npz,107096,
outputs/experiments_u430k32/s11/X1/grouped__f1_s0/results/logits_val_test_no_tta.npz,727241,
outputs/experiments_u430k32/s11/X1/grouped__f1_s0/results/logits_val_test_tta.npz,727253,
outputs/experiments_u430k32/s11/X1/grouped__f1_s0/results/metrics_val_test_no_tta.json,18710,b0e377bf0f22790bd5e080cecaae26e6f5516c85e2543b8e4a84805d57dbb1e3
outputs/experiments_u430k32/s11/X1/grouped__f1_s0/results/metrics_val_test_tta.json,18467,7ed30c242c9f4c1d1a4aef7097c2cb2053c80a9ad4c135fa4ed585ab04c9811e
outputs/experiments_u430k32/s11/X1/grouped__f1_s0/results/per_class_val_test_no_tta.csv,2994,6d399edbbda0ef7718948268e71965014070788a1f952be6b19cd8b4302a8b5e
outputs/experiments_u430k32/s11/X1/grouped__f1_s0/results/per_class_val_test_tta.csv,2994,bfe7124a2109d6b2d9aa1a07bd590930caa4ae9e1f76e520a0b7ece3c3d848e3
outputs/experiments_u430k32/s11/X1/grouped__f1_s0/results/preds_val_test_no_tta.npy,34600,
outputs/experiments_u430k32/s11/X1/grouped__f1_s0/results/preds_val_test_tta.npy,34600,
outputs/experiments_u430k32/s11/X1/grouped__f1_s0/results/rows_val_test_no_tta.npy,34600,
outputs/experiments_u430k32/s11/X1/grouped__f1_s0/results/rows_val_test_tta.npy,34600,
outputs/experiments_u430k32/s11/X1/grouped__f1_s0/results/run.json,63030,bbe5a5640c2bcac75b03ea825f5a21227a6fcbc2080b62ed80d330278ff214f6
outputs/experiments_u430k32/s11/X1/grouped__f1_s0/results/session_val_test_no_tta.csv,884,7fd804a83d1a04307f227020b49c8c5170fa9d04e6595b16a0b3fbfad918b87d
outputs/experiments_u430k32/s11/X1/grouped__f1_s0/results/session_val_test_no_tta.json,5143,83ab25211c381901621ecb35b3817d464d067b538656cb6e90b2bfc890650d17
outputs/experiments_u430k32/s11/X1/grouped__f1_s0/results/session_val_test_tta.csv,884,26d760ce87f0f848febaa25a32c92e792defa63961d115d9166b63c6136971f1
outputs/experiments_u430k32/s11/X1/grouped__f1_s0/results/session_val_test_tta.json,5136,70823c4a7fde275190f03a18238ae2b8e7debd996c28879fd15d0669a844544d
outputs/experiments_u430k32/s11/X1/grouped__f1_s0/results/targets_val_test_no_tta.npy,34600,
outputs/experiments_u430k32/s11/X1/grouped__f1_s0/results/targets_val_test_tta.npy,34600,
outputs/experiments_u430k32/s11/X1/grouped__f1_s0/stage1_meta.json,5245,f9a083af39f4386228de22f462bb8c6ac6979e73d5e4bea48b48dd747681d5da
outputs/experiments_u430k32/s11/X1/grouped__f1_s0/sweep.log,160686,
outputs/experiments_u430k32/s11/X1/grouped__f1_s0/training.log,233115,
outputs/experiments_u430k32/s11/X1/grouped__f1_s1/best_stage1.pth,22965135,
outputs/experiments_u430k32/s11/X1/grouped__f1_s1/clean_fit.json,23544,7e2342fe5c5fcf53003e257a12d6f0222c74cbfcfd09462066fadc0bb7c795f0
outputs/experiments_u430k32/s11/X1/grouped__f1_s1/figures/confusion_val_test_no_tta.png,70278,
outputs/experiments_u430k32/s11/X1/grouped__f1_s1/figures/confusion_val_test_tta.png,69821,
outputs/experiments_u430k32/s11/X1/grouped__f1_s1/figures/per_class_f1_val_test_no_tta.png,38872,
outputs/experiments_u430k32/s11/X1/grouped__f1_s1/figures/per_class_f1_val_test_tta.png,38463,
outputs/experiments_u430k32/s11/X1/grouped__f1_s1/frozen_cell.json,1744,ae24eb8f523f17e7ffc76de8a15def452889e3a3a844faeaddf9ea29df97d436
outputs/experiments_u430k32/s11/X1/grouped__f1_s1/hydra/2026-10-01_19-56-27/.hydra/config.yaml,4264,3a41e9453e96999133e7c813b8ca8942800d301ede445b1f3602acc3b05db4ee
outputs/experiments_u430k32/s11/X1/grouped__f1_s1/hydra/2026-10-01_19-56-27/.hydra/hydra.yaml,4382,d965626f93d35f5486e847b04362ebd7dc4406cb2958ffcd860f06e0f45ca100
outputs/experiments_u430k32/s11/X1/grouped__f1_s1/hydra/2026-10-01_19-56-27/.hydra/overrides.yaml,372,63df161c2cabf42970da63061b1c772445904bfd0e4fdfcda1111ce6d2fa0543
outputs/experiments_u430k32/s11/X1/grouped__f1_s1/hydra/2026-10-01_19-56-27/train.log,482,
outputs/experiments_u430k32/s11/X1/grouped__f1_s1/last_stage1.json,142,efe5283719746437f98a50de512047ed620bbadfbd7a39f5179b4f242ff19f1f
outputs/experiments_u430k32/s11/X1/grouped__f1_s1/metrics.jsonl,573251,
outputs/experiments_u430k32/s11/X1/grouped__f1_s1/results/confusion_val_test_no_tta.csv,16841,6cb94b1ba1edf05cd3e2d09921f2ef9be2d913d2570a81e592ab7fdf4c0afc7e
outputs/experiments_u430k32/s11/X1/grouped__f1_s1/results/confusion_val_test_no_tta.npy,64928,
outputs/experiments_u430k32/s11/X1/grouped__f1_s1/results/confusion_val_test_tta.csv,16837,a3c08cf84b7e4b7ac63574c427c7c9bb7910c107a5d599eefa6adb0c3113a5d7
outputs/experiments_u430k32/s11/X1/grouped__f1_s1/results/confusion_val_test_tta.npy,64928,
outputs/experiments_u430k32/s11/X1/grouped__f1_s1/results/logits_calib_no_tta.npz,107165,
outputs/experiments_u430k32/s11/X1/grouped__f1_s1/results/logits_calib_tta.npz,107277,
outputs/experiments_u430k32/s11/X1/grouped__f1_s1/results/logits_val_test_no_tta.npz,727190,
outputs/experiments_u430k32/s11/X1/grouped__f1_s1/results/logits_val_test_tta.npz,727394,
outputs/experiments_u430k32/s11/X1/grouped__f1_s1/results/metrics_val_test_no_tta.json,18622,bfa87277b435667fa0b68c011020c2c41749cc254ae0a6f8fc3c1060fedbf935
outputs/experiments_u430k32/s11/X1/grouped__f1_s1/results/metrics_val_test_tta.json,18692,c8b78ea2630f298339703b107acc15fd2267a5dcd2a21769ce537d47bb3b068c
outputs/experiments_u430k32/s11/X1/grouped__f1_s1/results/per_class_val_test_no_tta.csv,2994,02fdd621937de47a30b2a31b15507cd763654041a9fa2397e87c5ecbdd53546c
outputs/experiments_u430k32/s11/X1/grouped__f1_s1/results/per_class_val_test_tta.csv,2994,f67debe7af6e56b358862b952b766b9e8a7baac1fc43faa2bfd58b4656b74912
outputs/experiments_u430k32/s11/X1/grouped__f1_s1/results/preds_val_test_no_tta.npy,34600,
outputs/experiments_u430k32/s11/X1/grouped__f1_s1/results/preds_val_test_tta.npy,34600,
outputs/experiments_u430k32/s11/X1/grouped__f1_s1/results/rows_val_test_no_tta.npy,34600,
outputs/experiments_u430k32/s11/X1/grouped__f1_s1/results/rows_val_test_tta.npy,34600,
outputs/experiments_u430k32/s11/X1/grouped__f1_s1/results/run.json,63125,157897355989a2683bd908e629339759fd7cf513773fbcd47ac6ecbfa92290fd
outputs/experiments_u430k32/s11/X1/grouped__f1_s1/results/session_val_test_no_tta.csv,884,c49e2687e3a1a511945e9754c72d69d45857682a060df7e0306006738de6c085
outputs/experiments_u430k32/s11/X1/grouped__f1_s1/results/session_val_test_no_tta.json,5107,4ccc6bb735bb85ace7f2a0bbb9c94d27c23e3d482f35e89f498dc770dec201ae
outputs/experiments_u430k32/s11/X1/grouped__f1_s1/results/session_val_test_tta.csv,884,257f9b375bf156f0649d19ec738908595d46541667fa4e87f8b9836c4038b051
outputs/experiments_u430k32/s11/X1/grouped__f1_s1/results/session_val_test_tta.json,5131,d842895049951842e932c253ee246f7c37b4e59a96e7b5c23098046429e580b1
outputs/experiments_u430k32/s11/X1/grouped__f1_s1/results/targets_val_test_no_tta.npy,34600,
outputs/experiments_u430k32/s11/X1/grouped__f1_s1/results/targets_val_test_tta.npy,34600,
outputs/experiments_u430k32/s11/X1/grouped__f1_s1/stage1_meta.json,5114,29aa6d124bbf1b5dc240bf7df7747e170c8a0641faa4e6c2e58ffec3ef984e02
outputs/experiments_u430k32/s11/X1/grouped__f1_s1/sweep.log,150092,
outputs/experiments_u430k32/s11/X1/grouped__f1_s1/training.log,210221,
outputs/experiments_u430k32/s11/X1/grouped__f1_s2/best_stage1.pth,22965135,
outputs/experiments_u430k32/s11/X1/grouped__f1_s2/clean_fit.json,22755,44081748d1d9ac973fb03644ef2b90598bcf7f72a32c59ec02d534182f2dff8c
outputs/experiments_u430k32/s11/X1/grouped__f1_s2/figures/confusion_val_test_no_tta.png,70478,
outputs/experiments_u430k32/s11/X1/grouped__f1_s2/figures/confusion_val_test_tta.png,69961,
outputs/experiments_u430k32/s11/X1/grouped__f1_s2/figures/per_class_f1_val_test_no_tta.png,38563,
outputs/experiments_u430k32/s11/X1/grouped__f1_s2/figures/per_class_f1_val_test_tta.png,38239,
outputs/experiments_u430k32/s11/X1/grouped__f1_s2/frozen_cell.json,1744,b1b051474dc8d402a3a2c31042217a3829f87234adc782374ed421d046b4a697
outputs/experiments_u430k32/s11/X1/grouped__f1_s2/hydra/2026-10-01_20-23-13/.hydra/config.yaml,4264,8177cd86a57cc728dce3c1ec665ecea0b32caa2f972d3a1901ccd6ee3bb2a5a9
outputs/experiments_u430k32/s11/X1/grouped__f1_s2/hydra/2026-10-01_20-23-13/.hydra/hydra.yaml,4382,85b0989e7621f8870ce05105d3cdae4dc28f249281ec89907ac6c8d29eb081cf
outputs/experiments_u430k32/s11/X1/grouped__f1_s2/hydra/2026-10-01_20-23-13/.hydra/overrides.yaml,372,6a189ef761aeb43a78f4e18f8e3550f6778e3088342ea551d4e877540607954f
outputs/experiments_u430k32/s11/X1/grouped__f1_s2/hydra/2026-10-01_20-23-13/train.log,482,
outputs/experiments_u430k32/s11/X1/grouped__f1_s2/last_stage1.json,142,6e03c8abfc286cc05d52ac9869217d6d6a0d1099da05e4d81173f73c267a6f6b
outputs/experiments_u430k32/s11/X1/grouped__f1_s2/metrics.jsonl,567509,
outputs/experiments_u430k32/s11/X1/grouped__f1_s2/results/confusion_val_test_no_tta.csv,16834,78465fa69cc126886537941ca2c73d4aeaa8e8b5312a288992e82956cfafc399
outputs/experiments_u430k32/s11/X1/grouped__f1_s2/results/confusion_val_test_no_tta.npy,64928,
outputs/experiments_u430k32/s11/X1/grouped__f1_s2/results/confusion_val_test_tta.csv,16839,5ac7b4712505d7bdc416bc036aba2e14d73efc8624c1f2dc6f4bbeadcfec3fce
outputs/experiments_u430k32/s11/X1/grouped__f1_s2/results/confusion_val_test_tta.npy,64928,
outputs/experiments_u430k32/s11/X1/grouped__f1_s2/results/logits_calib_no_tta.npz,106909,
outputs/experiments_u430k32/s11/X1/grouped__f1_s2/results/logits_calib_tta.npz,106957,
outputs/experiments_u430k32/s11/X1/grouped__f1_s2/results/logits_val_test_no_tta.npz,725905,
outputs/experiments_u430k32/s11/X1/grouped__f1_s2/results/logits_val_test_tta.npz,725631,
outputs/experiments_u430k32/s11/X1/grouped__f1_s2/results/metrics_val_test_no_tta.json,18572,d36bebc04e16055103a42e18caf86f114ca06882120edd82a097e90de7ffc15d
outputs/experiments_u430k32/s11/X1/grouped__f1_s2/results/metrics_val_test_tta.json,18598,6bf9a4abf7cbee2311606b67d3e2e37817a11e9fc2be26361b8cdedaf827217c
outputs/experiments_u430k32/s11/X1/grouped__f1_s2/results/per_class_val_test_no_tta.csv,2994,8f4891c800afb7d07931a2920e2309593ed673b8f46e9379bca36332cd6f7a68
outputs/experiments_u430k32/s11/X1/grouped__f1_s2/results/per_class_val_test_tta.csv,2994,f158f555a38312ba7514660f8c71c61e1a17d426733437ed9decf5d2d6f3ab4a
outputs/experiments_u430k32/s11/X1/grouped__f1_s2/results/preds_val_test_no_tta.npy,34600,
outputs/experiments_u430k32/s11/X1/grouped__f1_s2/results/preds_val_test_tta.npy,34600,
outputs/experiments_u430k32/s11/X1/grouped__f1_s2/results/rows_val_test_no_tta.npy,34600,
outputs/experiments_u430k32/s11/X1/grouped__f1_s2/results/rows_val_test_tta.npy,34600,
outputs/experiments_u430k32/s11/X1/grouped__f1_s2/results/run.json,63016,7f125de866cbcc82622af26f17d93f322b2674ac10e4efba7a016a7df87f9840
outputs/experiments_u430k32/s11/X1/grouped__f1_s2/results/session_val_test_no_tta.csv,884,65af9c55b8f95b360cd7d371054ce422fca355ac0319b8134a63940659cedf14
outputs/experiments_u430k32/s11/X1/grouped__f1_s2/results/session_val_test_no_tta.json,5142,2a7c8e64b3c6079a60610d0df337ddb3c9303f12f2d24fd67e8cf99a571cb488
outputs/experiments_u430k32/s11/X1/grouped__f1_s2/results/session_val_test_tta.csv,884,7f0942b952445667e279c8ec2b3a0ded0bea8de210e5e706979de4538164b8de
outputs/experiments_u430k32/s11/X1/grouped__f1_s2/results/session_val_test_tta.json,5131,0b77d77a7f873f6718a569daf9bf290b9f757ea0f023d9cd03ff4f80daa946d1
outputs/experiments_u430k32/s11/X1/grouped__f1_s2/results/targets_val_test_no_tta.npy,34600,
outputs/experiments_u430k32/s11/X1/grouped__f1_s2/results/targets_val_test_tta.npy,34600,
outputs/experiments_u430k32/s11/X1/grouped__f1_s2/stage1_meta.json,5108,4909b371df7e9ff03057d544376d12ca18ea67609bc9b687b9686e7153e6cfa0
outputs/experiments_u430k32/s11/X1/grouped__f1_s2/sweep.log,148330,
outputs/experiments_u430k32/s11/X1/grouped__f1_s2/training.log,205999,
outputs/experiments_u430k32/s11/X1/stratified__f0_s0/best_stage1.pth,22965135,
outputs/experiments_u430k32/s11/X1/stratified__f0_s0/clean_fit.json,22938,edea7083333961b12705ee356a55ed249cfbcf86e0a14e16b3ce75c24fbd7ded
outputs/experiments_u430k32/s11/X1/stratified__f0_s0/figures/confusion_val_test_no_tta.png,64315,
outputs/experiments_u430k32/s11/X1/stratified__f0_s0/figures/confusion_val_test_tta.png,64661,
outputs/experiments_u430k32/s11/X1/stratified__f0_s0/figures/per_class_f1_val_test_no_tta.png,38972,
outputs/experiments_u430k32/s11/X1/stratified__f0_s0/figures/per_class_f1_val_test_tta.png,38668,
outputs/experiments_u430k32/s11/X1/stratified__f0_s0/frozen_cell.json,1747,154602a01a289274f5a3d719ee111e905764a1ff912ba1a693d19c81981a82ad
outputs/experiments_u430k32/s11/X1/stratified__f0_s0/hydra/2026-10-01_20-49-48/.hydra/config.yaml,4273,fb8db61ee2f470bfb7c93d9f027381b2960c03cf5fb9dd6d41d7dd74c68d039f
outputs/experiments_u430k32/s11/X1/stratified__f0_s0/hydra/2026-10-01_20-49-48/.hydra/hydra.yaml,4406,2ce0691013a747e5d9fc5c4e9c2b9328943e4b36db59c167c97bf9c8fe8e535d
outputs/experiments_u430k32/s11/X1/stratified__f0_s0/hydra/2026-10-01_20-49-48/.hydra/overrides.yaml,381,f8619fa454bf9de7361ac1da06d87f0ef9e13463585040fce4189fdbd725546e
outputs/experiments_u430k32/s11/X1/stratified__f0_s0/hydra/2026-10-01_20-49-48/train.log,482,
outputs/experiments_u430k32/s11/X1/stratified__f0_s0/last_stage1.json,142,07b1b2e35e990143a4efda7852e619683b385b40f4514c88278bddb9441879cc
outputs/experiments_u430k32/s11/X1/stratified__f0_s0/metrics.jsonl,561910,
outputs/experiments_u430k32/s11/X1/stratified__f0_s0/results/confusion_val_test_no_tta.csv,16817,d915aeb47221cfd603ce99d849a870df9d8f4494c48297449859cfe5db68bd80
outputs/experiments_u430k32/s11/X1/stratified__f0_s0/results/confusion_val_test_no_tta.npy,64928,
outputs/experiments_u430k32/s11/X1/stratified__f0_s0/results/confusion_val_test_tta.csv,16817,df18e7c77d51618994af55b99355039e51bae64649ce476e9f65adcc48bdcd99
outputs/experiments_u430k32/s11/X1/stratified__f0_s0/results/confusion_val_test_tta.npy,64928,
outputs/experiments_u430k32/s11/X1/stratified__f0_s0/results/logits_calib_no_tta.npz,155705,
outputs/experiments_u430k32/s11/X1/stratified__f0_s0/results/logits_calib_tta.npz,155658,
outputs/experiments_u430k32/s11/X1/stratified__f0_s0/results/logits_val_test_no_tta.npz,436963,
outputs/experiments_u430k32/s11/X1/stratified__f0_s0/results/logits_val_test_tta.npz,437044,
outputs/experiments_u430k32/s11/X1/stratified__f0_s0/results/metrics_val_test_no_tta.json,16951,4138caef61dae5de5e50e74d01efc82adb8af9792b4372fe3cad88b03d918d0d
outputs/experiments_u430k32/s11/X1/stratified__f0_s0/results/metrics_val_test_tta.json,16828,aca71bb0518e55e5a7b66eb3e7a12ca18b19572e39f13839df8e490e011dd10e
outputs/experiments_u430k32/s11/X1/stratified__f0_s0/results/per_class_val_test_no_tta.csv,2994,669f698467638b84d6a64ea90c1d6fed2759201161036e43eafe2b086fbc2f6b
outputs/experiments_u430k32/s11/X1/stratified__f0_s0/results/per_class_val_test_tta.csv,2994,ec4cce73ec20a0e47699e6523eaf554807cadf61350409fe7d695b07e82c4ae2
outputs/experiments_u430k32/s11/X1/stratified__f0_s0/results/preds_val_test_no_tta.npy,20832,
outputs/experiments_u430k32/s11/X1/stratified__f0_s0/results/preds_val_test_tta.npy,20832,
outputs/experiments_u430k32/s11/X1/stratified__f0_s0/results/rows_val_test_no_tta.npy,20832,
outputs/experiments_u430k32/s11/X1/stratified__f0_s0/results/rows_val_test_tta.npy,20832,
outputs/experiments_u430k32/s11/X1/stratified__f0_s0/results/run.json,55284,e9c7edbe3ffec669b4a4d4a17df4d387d7a9a2b8faae21685d5c95e385ec580f
outputs/experiments_u430k32/s11/X1/stratified__f0_s0/results/session_val_test_no_tta.csv,763,bd269e1fd52aebfa01feecc256cdc719d1b2f3449a6d7460103a8a2d9c755c3e
outputs/experiments_u430k32/s11/X1/stratified__f0_s0/results/session_val_test_no_tta.json,4788,953b7e3429194272f082d96b5bf1b94a9e4a2cce33479412ece5327ea48ddb8b
outputs/experiments_u430k32/s11/X1/stratified__f0_s0/results/session_val_test_tta.csv,763,4f2f05c2682bb23b0a601b03e030cb0ddc292610eeaf4f2c7d004d019c8296ff
outputs/experiments_u430k32/s11/X1/stratified__f0_s0/results/session_val_test_tta.json,4770,f836b8d61444badfc087f028c23c086311c7a5fe54b89be168f59d56a85ca402
outputs/experiments_u430k32/s11/X1/stratified__f0_s0/results/targets_val_test_no_tta.npy,20832,
outputs/experiments_u430k32/s11/X1/stratified__f0_s0/results/targets_val_test_tta.npy,20832,
outputs/experiments_u430k32/s11/X1/stratified__f0_s0/stage1_meta.json,5321,d29345fcd948fa5e0c0f508811127d844a5da7d6f91cd936f5467b2e49476172
outputs/experiments_u430k32/s11/X1/stratified__f0_s0/sweep.log,146796,
outputs/experiments_u430k32/s11/X1/stratified__f0_s0/training.log,204333,
outputs/experiments_u430k32/s11/X1/stratified__f0_s1/best_stage1.pth,22965135,
outputs/experiments_u430k32/s11/X1/stratified__f0_s1/clean_fit.json,22053,162a36f27f47b1390253410b38e2ce3d2983d9816bedad73c18990d1cc368f76
outputs/experiments_u430k32/s11/X1/stratified__f0_s1/figures/confusion_val_test_no_tta.png,64119,
outputs/experiments_u430k32/s11/X1/stratified__f0_s1/figures/confusion_val_test_tta.png,63527,
outputs/experiments_u430k32/s11/X1/stratified__f0_s1/figures/per_class_f1_val_test_no_tta.png,39045,
outputs/experiments_u430k32/s11/X1/stratified__f0_s1/figures/per_class_f1_val_test_tta.png,38315,
outputs/experiments_u430k32/s11/X1/stratified__f0_s1/frozen_cell.json,1747,0d50da84206b85c975aca6fc04b3814ec04e028b699c2aabe7e77667f32d53d7
outputs/experiments_u430k32/s11/X1/stratified__f0_s1/hydra/2026-10-01_21-23-13/.hydra/config.yaml,4273,9b81e03665223fc52e1187c51236a69cab4c16b0cf2aa422f9084d7db2021e09
outputs/experiments_u430k32/s11/X1/stratified__f0_s1/hydra/2026-10-01_21-23-13/.hydra/hydra.yaml,4406,46f5da45b0f4505ab67f9086fa5d10ad78d9dc1f148496f6306bf4978fdc70e3
outputs/experiments_u430k32/s11/X1/stratified__f0_s1/hydra/2026-10-01_21-23-13/.hydra/overrides.yaml,381,3ee140a3874ef66a77ed27a532fd949be49d56babd396f6a664f1b6f14b4dc1f
outputs/experiments_u430k32/s11/X1/stratified__f0_s1/hydra/2026-10-01_21-23-13/train.log,482,
outputs/experiments_u430k32/s11/X1/stratified__f0_s1/last_stage1.json,142,55d70291ee0e01fbd5aa20814b3fbcdeca69c0b1a182f673275993c364c63bd4
outputs/experiments_u430k32/s11/X1/stratified__f0_s1/metrics.jsonl,544859,
outputs/experiments_u430k32/s11/X1/stratified__f0_s1/results/confusion_val_test_no_tta.csv,16819,c1ea7c432d2de754fc66a4daa0a020866414927d977775f8347a56460439d440
outputs/experiments_u430k32/s11/X1/stratified__f0_s1/results/confusion_val_test_no_tta.npy,64928,
outputs/experiments_u430k32/s11/X1/stratified__f0_s1/results/confusion_val_test_tta.csv,16818,a431bec54eb5d599c1944d692fbd189182e7df1a528735a415dcac231f9b2c9a
outputs/experiments_u430k32/s11/X1/stratified__f0_s1/results/confusion_val_test_tta.npy,64928,
outputs/experiments_u430k32/s11/X1/stratified__f0_s1/results/logits_calib_no_tta.npz,155969,
outputs/experiments_u430k32/s11/X1/stratified__f0_s1/results/logits_calib_tta.npz,155957,
outputs/experiments_u430k32/s11/X1/stratified__f0_s1/results/logits_val_test_no_tta.npz,437836,
outputs/experiments_u430k32/s11/X1/stratified__f0_s1/results/logits_val_test_tta.npz,437771,
outputs/experiments_u430k32/s11/X1/stratified__f0_s1/results/metrics_val_test_no_tta.json,16856,7998aae7d2a9601b031aea592203170fc855bf14905326f4839fc2c508acdec4
outputs/experiments_u430k32/s11/X1/stratified__f0_s1/results/metrics_val_test_tta.json,16681,188835c42ff31e00e68c18f0e34ea7c3dc55c22003068c6afbd148b7d378009a
outputs/experiments_u430k32/s11/X1/stratified__f0_s1/results/per_class_val_test_no_tta.csv,2994,a0dd55a3ea1e3fc4dd4604123e5c51a04ce6d5ca0060779d847c38c080143c3b
outputs/experiments_u430k32/s11/X1/stratified__f0_s1/results/per_class_val_test_tta.csv,2994,40edbe618fd8abeaa0d35b13e692c9a2f45a052de4d1dce74dd5f5e542a70688
outputs/experiments_u430k32/s11/X1/stratified__f0_s1/results/preds_val_test_no_tta.npy,20832,
outputs/experiments_u430k32/s11/X1/stratified__f0_s1/results/preds_val_test_tta.npy,20832,
outputs/experiments_u430k32/s11/X1/stratified__f0_s1/results/rows_val_test_no_tta.npy,20832,
outputs/experiments_u430k32/s11/X1/stratified__f0_s1/results/rows_val_test_tta.npy,20832,
outputs/experiments_u430k32/s11/X1/stratified__f0_s1/results/run.json,55044,9fb86cb8179eac765de5a4ac3d2e72a3008204613e310356d6af1b9ec641b41e
outputs/experiments_u430k32/s11/X1/stratified__f0_s1/results/session_val_test_no_tta.csv,763,ac6f077e575255b87d8705a1a3d99e7e761f25d3682e59531d0b9bba23d627b0
outputs/experiments_u430k32/s11/X1/stratified__f0_s1/results/session_val_test_no_tta.json,4776,681293b8266e004cd47ca3e88bf8a9dbb2e24b9913fbdb178e9687add23d9a3f
outputs/experiments_u430k32/s11/X1/stratified__f0_s1/results/session_val_test_tta.csv,763,03805e9aaaaa4449207ce48f93acb7541af43930721095d226d8a94ec108d836
outputs/experiments_u430k32/s11/X1/stratified__f0_s1/results/session_val_test_tta.json,4784,1d471544881b91c0b9e6332f8338ffe6d57d79e8e1441efa88dcfa647a9b6d6c
outputs/experiments_u430k32/s11/X1/stratified__f0_s1/results/targets_val_test_no_tta.npy,20832,
outputs/experiments_u430k32/s11/X1/stratified__f0_s1/results/targets_val_test_tta.npy,20832,
outputs/experiments_u430k32/s11/X1/stratified__f0_s1/stage1_meta.json,5430,fafab14532775684020866bdb95bb09b5db684f920595c7a0c7cf070997dde5c
outputs/experiments_u430k32/s11/X1/stratified__f0_s1/sweep.log,142575,
outputs/experiments_u430k32/s11/X1/stratified__f0_s1/training.log,197447,
outputs/experiments_u430k32/s11/X1/stratified__f0_s2/best_stage1.pth,22965135,
outputs/experiments_u430k32/s11/X1/stratified__f0_s2/clean_fit.json,21428,3fa2609c4b3f40f13512a37bce2dc15fc6551e7426915a6aa504c2cb84637505
outputs/experiments_u430k32/s11/X1/stratified__f0_s2/figures/confusion_val_test_no_tta.png,63947,
outputs/experiments_u430k32/s11/X1/stratified__f0_s2/figures/confusion_val_test_tta.png,63617,
outputs/experiments_u430k32/s11/X1/stratified__f0_s2/figures/per_class_f1_val_test_no_tta.png,38939,
outputs/experiments_u430k32/s11/X1/stratified__f0_s2/figures/per_class_f1_val_test_tta.png,38924,
outputs/experiments_u430k32/s11/X1/stratified__f0_s2/frozen_cell.json,1747,72916b6a15ff7429e209296df10e4d5a62638b9fcad556d34e477f119c507b5d
outputs/experiments_u430k32/s11/X1/stratified__f0_s2/hydra/2026-10-01_21-56-21/.hydra/config.yaml,4273,c1f654e438cbe99ea8b2135a52b0019a56800e39ec0e66bebb3519a7ddfb40f0
outputs/experiments_u430k32/s11/X1/stratified__f0_s2/hydra/2026-10-01_21-56-21/.hydra/hydra.yaml,4406,1107239c323f3cf8fe72b86124950bf6cdd0e0f493b1104c8c3fcc2014572793
outputs/experiments_u430k32/s11/X1/stratified__f0_s2/hydra/2026-10-01_21-56-21/.hydra/overrides.yaml,381,2ce6332863d8ebf019a5968e83d5f46a58b3efd079e30a321ac4ec6b9003b496
outputs/experiments_u430k32/s11/X1/stratified__f0_s2/hydra/2026-10-01_21-56-21/train.log,482,
outputs/experiments_u430k32/s11/X1/stratified__f0_s2/last_stage1.json,142,9a8bf55b4b97b4887dc089b6b36bad76e9eee0c7d5524cf42fe0e2794f7817b9
outputs/experiments_u430k32/s11/X1/stratified__f0_s2/metrics.jsonl,505937,
outputs/experiments_u430k32/s11/X1/stratified__f0_s2/results/confusion_val_test_no_tta.csv,16819,31747fcbfa8efb49de727cd3ab3a5a613085e4188bc10296473ed679245d6c37
outputs/experiments_u430k32/s11/X1/stratified__f0_s2/results/confusion_val_test_no_tta.npy,64928,
outputs/experiments_u430k32/s11/X1/stratified__f0_s2/results/confusion_val_test_tta.csv,16820,913b457c39ac401c2ecff8edc9333ca4bfb9bca85560c9e58c167fb2a9abb353
outputs/experiments_u430k32/s11/X1/stratified__f0_s2/results/confusion_val_test_tta.npy,64928,
outputs/experiments_u430k32/s11/X1/stratified__f0_s2/results/logits_calib_no_tta.npz,155594,
outputs/experiments_u430k32/s11/X1/stratified__f0_s2/results/logits_calib_tta.npz,155466,
outputs/experiments_u430k32/s11/X1/stratified__f0_s2/results/logits_val_test_no_tta.npz,436745,
outputs/experiments_u430k32/s11/X1/stratified__f0_s2/results/logits_val_test_tta.npz,436450,
outputs/experiments_u430k32/s11/X1/stratified__f0_s2/results/metrics_val_test_no_tta.json,16831,836e874c4be83492d5a5a35d5ce0b41046bc56614dae0462c9aa9117af19da0d
outputs/experiments_u430k32/s11/X1/stratified__f0_s2/results/metrics_val_test_tta.json,16882,dc846788fbea334ecfb84c4b57461130bb1337469ace6e50bf43a121e9acc143
outputs/experiments_u430k32/s11/X1/stratified__f0_s2/results/per_class_val_test_no_tta.csv,2994,0e9f4c8a33e49ed07e85be390f82fa46d5a716bce0277ff2f3173954c503dd21
outputs/experiments_u430k32/s11/X1/stratified__f0_s2/results/per_class_val_test_tta.csv,2994,6c121dfcb8edf00e58904325aafe069ccf9fe8119c33435ebdafa62eeb42911c
outputs/experiments_u430k32/s11/X1/stratified__f0_s2/results/preds_val_test_no_tta.npy,20832,
outputs/experiments_u430k32/s11/X1/stratified__f0_s2/results/preds_val_test_tta.npy,20832,
outputs/experiments_u430k32/s11/X1/stratified__f0_s2/results/rows_val_test_no_tta.npy,20832,
outputs/experiments_u430k32/s11/X1/stratified__f0_s2/results/rows_val_test_tta.npy,20832,
outputs/experiments_u430k32/s11/X1/stratified__f0_s2/results/run.json,55231,a33884618a836ba36680148252b5fbe33700c411e58ccb79d4fae64747c118ce
outputs/experiments_u430k32/s11/X1/stratified__f0_s2/results/session_val_test_no_tta.csv,763,397a1024f024e499ee9a965a309c5117a59ce69edd5847a91e3be9227bf3290f
outputs/experiments_u430k32/s11/X1/stratified__f0_s2/results/session_val_test_no_tta.json,4787,428e5ee11154196c8e06a5aca99477fa895f1467f5979fc61d061904ba709666
outputs/experiments_u430k32/s11/X1/stratified__f0_s2/results/session_val_test_tta.csv,763,3cff35fc52b7dd7d989a8ede93ef32cd12aa629650990dad47f646177518ac65
outputs/experiments_u430k32/s11/X1/stratified__f0_s2/results/session_val_test_tta.json,4784,beab9a06c6666b6a23332b0b747b11bb000a0e07c65fb0cdf5865c53d4d25292
outputs/experiments_u430k32/s11/X1/stratified__f0_s2/results/targets_val_test_no_tta.npy,20832,
outputs/experiments_u430k32/s11/X1/stratified__f0_s2/results/targets_val_test_tta.npy,20832,
outputs/experiments_u430k32/s11/X1/stratified__f0_s2/stage1_meta.json,5315,ec8add3b65e11e3732378ef83ea0c0991f44c541f3cca76927769d80085a6935
outputs/experiments_u430k32/s11/X1/stratified__f0_s2/sweep.log,134612,
outputs/experiments_u430k32/s11/X1/stratified__f0_s2/training.log,186983,
outputs/experiments_u430k32/s11/X2/no_morph__f0_s0/best_stage1.pth,22965135,
outputs/experiments_u430k32/s11/X2/no_morph__f0_s0/clean_fit.json,22452,99ff806740c16807ab1376efcf247f5d3e91453a960e51e43cea06ee480c8bf7
outputs/experiments_u430k32/s11/X2/no_morph__f0_s0/figures/confusion_val_test_no_tta.png,71612,
outputs/experiments_u430k32/s11/X2/no_morph__f0_s0/figures/confusion_val_test_tta.png,70996,
outputs/experiments_u430k32/s11/X2/no_morph__f0_s0/figures/per_class_f1_val_test_no_tta.png,39012,
outputs/experiments_u430k32/s11/X2/no_morph__f0_s0/figures/per_class_f1_val_test_tta.png,38817,
outputs/experiments_u430k32/s11/X2/no_morph__f0_s0/frozen_cell.json,1211,827ceaf2a41e0d4af28042afb958964bad7c90b10e28cd9def1e3ae6f7fc9bdf
outputs/experiments_u430k32/s11/X2/no_morph__f0_s0/hydra/2026-10-02_07-03-33/.hydra/config.yaml,4238,339b8eba364ae2c67e872414d40080c5b194ea8b6fef2f9c3bfc43ad0c97e00f
outputs/experiments_u430k32/s11/X2/no_morph__f0_s0/hydra/2026-10-02_07-03-33/.hydra/hydra.yaml,4091,9a2cdade0fd8cb1f64e85b3bc5efd85a6e890dee14a1d9f3e20a9cb6df42c188
outputs/experiments_u430k32/s11/X2/no_morph__f0_s0/hydra/2026-10-02_07-03-33/.hydra/overrides.yaml,232,ba1b9f7be41654378befe29c06b71c67dab61ddf985d8bb49a6e64382099a28c
outputs/experiments_u430k32/s11/X2/no_morph__f0_s0/hydra/2026-10-02_07-03-33/train.log,482,
outputs/experiments_u430k32/s11/X2/no_morph__f0_s0/last_stage1.json,142,bd3befcd62b3fc688e019c4a96330a692fd55560cb788d8c34c0e92b59468858
outputs/experiments_u430k32/s11/X2/no_morph__f0_s0/metrics.jsonl,457468,
outputs/experiments_u430k32/s11/X2/no_morph__f0_s0/results/confusion_val_test_no_tta.csv,16837,2223ca2627d69de3257bc17189eda0c79c21d41e4eb0726b275c158b9189bff1
outputs/experiments_u430k32/s11/X2/no_morph__f0_s0/results/confusion_val_test_no_tta.npy,64928,
outputs/experiments_u430k32/s11/X2/no_morph__f0_s0/results/confusion_val_test_tta.csv,16835,4c7c0a5254996623b6b7e36e00d6de9506e5e28a4cf6b34b51a866d8db808f3f
outputs/experiments_u430k32/s11/X2/no_morph__f0_s0/results/confusion_val_test_tta.npy,64928,
outputs/experiments_u430k32/s11/X2/no_morph__f0_s0/results/logits_calib_no_tta.npz,107111,
outputs/experiments_u430k32/s11/X2/no_morph__f0_s0/results/logits_calib_tta.npz,107127,
outputs/experiments_u430k32/s11/X2/no_morph__f0_s0/results/logits_val_test_no_tta.npz,727593,
outputs/experiments_u430k32/s11/X2/no_morph__f0_s0/results/logits_val_test_tta.npz,727519,
outputs/experiments_u430k32/s11/X2/no_morph__f0_s0/results/metrics_val_test_no_tta.json,18654,5bc8c42d1c5e2d8325b75300958548499019856432c5f0ecfce5fba05c68e437
outputs/experiments_u430k32/s11/X2/no_morph__f0_s0/results/metrics_val_test_tta.json,18534,153a4501e14a9df4551e8ff47bc822a3ab314b4e3288ea0e47cea74592cdcd6e
outputs/experiments_u430k32/s11/X2/no_morph__f0_s0/results/per_class_val_test_no_tta.csv,2994,b191aaf6a71e0e9a6e80746082a9e8ccd882c64dcbdbde52cbbfa4080f4d4cda
outputs/experiments_u430k32/s11/X2/no_morph__f0_s0/results/per_class_val_test_tta.csv,2994,da640cbd57ab959081dd2dd92551ede17d5761932111dba9373ae0219befa6f4
outputs/experiments_u430k32/s11/X2/no_morph__f0_s0/results/preds_val_test_no_tta.npy,34616,
outputs/experiments_u430k32/s11/X2/no_morph__f0_s0/results/preds_val_test_tta.npy,34616,
outputs/experiments_u430k32/s11/X2/no_morph__f0_s0/results/rows_val_test_no_tta.npy,34616,
outputs/experiments_u430k32/s11/X2/no_morph__f0_s0/results/rows_val_test_tta.npy,34616,
outputs/experiments_u430k32/s11/X2/no_morph__f0_s0/results/run.json,63017,910769b9a44b51166a26a5244411ef4e1707e886e8455bf490eb59023f263434
outputs/experiments_u430k32/s11/X2/no_morph__f0_s0/results/session_val_test_no_tta.csv,833,895cffe0f9d83bf584925714b41e83134690785a8c2d08adf2f5d890aa91ae89
outputs/experiments_u430k32/s11/X2/no_morph__f0_s0/results/session_val_test_no_tta.json,5117,ea719a4d0c648060ff6d92e0dda2ad99d700640a5d19e02adb2f3d7ee3cd14ae
outputs/experiments_u430k32/s11/X2/no_morph__f0_s0/results/session_val_test_tta.csv,833,db78691f5a67c51be08fefc9e9da46bd517e10527dc5418b3437b961d20bcff7
outputs/experiments_u430k32/s11/X2/no_morph__f0_s0/results/session_val_test_tta.json,5121,bc1aa8c4f8da501610b13efd7c57e849a60855548e88c6847befe58a95a90f20
outputs/experiments_u430k32/s11/X2/no_morph__f0_s0/results/targets_val_test_no_tta.npy,34616,
outputs/experiments_u430k32/s11/X2/no_morph__f0_s0/results/targets_val_test_tta.npy,34616,
outputs/experiments_u430k32/s11/X2/no_morph__f0_s0/stage1_meta.json,5232,2cc87bdfad03c71e965058d17cb1dca9c61a98a4aa244a4eee6e986de6968169
outputs/experiments_u430k32/s11/X2/no_morph__f0_s0/sweep.log,126046,
outputs/experiments_u430k32/s11/X2/no_morph__f0_s0/training.log,181168,
outputs/experiments_u430k32/s11/X2/no_morph__f0_s1/best_stage1.pth,22965135,
outputs/experiments_u430k32/s11/X2/no_morph__f0_s1/clean_fit.json,22679,148239b57a7a06861920a94aa846175163b0ae7b59ca30b01166bd187d46f643
outputs/experiments_u430k32/s11/X2/no_morph__f0_s1/figures/confusion_val_test_no_tta.png,70203,
outputs/experiments_u430k32/s11/X2/no_morph__f0_s1/figures/confusion_val_test_tta.png,70347,
outputs/experiments_u430k32/s11/X2/no_morph__f0_s1/figures/per_class_f1_val_test_no_tta.png,38598,
outputs/experiments_u430k32/s11/X2/no_morph__f0_s1/figures/per_class_f1_val_test_tta.png,37976,
outputs/experiments_u430k32/s11/X2/no_morph__f0_s1/frozen_cell.json,1211,6aea280db48f2423af0a8984be8d3a8568f8924c16137eafb232ca2dbc319f41
outputs/experiments_u430k32/s11/X2/no_morph__f0_s1/hydra/2026-10-02_07-24-54/.hydra/config.yaml,4238,f97b03b6f74d64943ce582a7238a39c4bdd2946bb4b76dfc8b8f2da284ed0077
outputs/experiments_u430k32/s11/X2/no_morph__f0_s1/hydra/2026-10-02_07-24-54/.hydra/hydra.yaml,4091,b96a748fa1eb12a3eeaa733c4fd1bf85e1804ea32c60cb01310538f942cc7e1e
outputs/experiments_u430k32/s11/X2/no_morph__f0_s1/hydra/2026-10-02_07-24-54/.hydra/overrides.yaml,232,8348146873fbc01ff50e9c38311aa6b04855fc3736e3bfb92f8984aa904cc48d
outputs/experiments_u430k32/s11/X2/no_morph__f0_s1/hydra/2026-10-02_07-24-54/train.log,482,
outputs/experiments_u430k32/s11/X2/no_morph__f0_s1/last_stage1.json,141,184479debd9ad7befe0c18633e0dc1f1f1771c233705618ea26ecfdd3e7584da
outputs/experiments_u430k32/s11/X2/no_morph__f0_s1/metrics.jsonl,459264,
outputs/experiments_u430k32/s11/X2/no_morph__f0_s1/results/confusion_val_test_no_tta.csv,16833,9fe853caf2335b2fef684eff31dbb769455eac4aead6a5a937849146217f9f31
outputs/experiments_u430k32/s11/X2/no_morph__f0_s1/results/confusion_val_test_no_tta.npy,64928,
outputs/experiments_u430k32/s11/X2/no_morph__f0_s1/results/confusion_val_test_tta.csv,16837,167f9b97d3714ebfe46dc44c55089079595d60f7277c073d7ed51530206cd0e9
outputs/experiments_u430k32/s11/X2/no_morph__f0_s1/results/confusion_val_test_tta.npy,64928,
outputs/experiments_u430k32/s11/X2/no_morph__f0_s1/results/logits_calib_no_tta.npz,107197,
outputs/experiments_u430k32/s11/X2/no_morph__f0_s1/results/logits_calib_tta.npz,107232,
outputs/experiments_u430k32/s11/X2/no_morph__f0_s1/results/logits_val_test_no_tta.npz,727649,
outputs/experiments_u430k32/s11/X2/no_morph__f0_s1/results/logits_val_test_tta.npz,727732,
outputs/experiments_u430k32/s11/X2/no_morph__f0_s1/results/metrics_val_test_no_tta.json,18569,1a8c06ba8956b737b9e5a98ad39ea2e5e247bc954ec5738adc4d2d64fe3e9222
outputs/experiments_u430k32/s11/X2/no_morph__f0_s1/results/metrics_val_test_tta.json,18593,5cfe214ac9f79b8d6631e3de4031f3544e51e0658beea53c88887bfee050f274
outputs/experiments_u430k32/s11/X2/no_morph__f0_s1/results/per_class_val_test_no_tta.csv,2994,a2c6109c4da9b31da42bbb2243d4c9d7a87856cbcbf82ca9b2f4ea9e9baf44d9
outputs/experiments_u430k32/s11/X2/no_morph__f0_s1/results/per_class_val_test_tta.csv,2994,4c2b261f72f22ff339b1f79381ea520fb8237fd273bee8f91e18140ddb1ebb10
outputs/experiments_u430k32/s11/X2/no_morph__f0_s1/results/preds_val_test_no_tta.npy,34616,
outputs/experiments_u430k32/s11/X2/no_morph__f0_s1/results/preds_val_test_tta.npy,34616,
outputs/experiments_u430k32/s11/X2/no_morph__f0_s1/results/rows_val_test_no_tta.npy,34616,
outputs/experiments_u430k32/s11/X2/no_morph__f0_s1/results/rows_val_test_tta.npy,34616,
outputs/experiments_u430k32/s11/X2/no_morph__f0_s1/results/run.json,62958,1f5cc7b1cfe269cc5cad2cd08d2e76d47fb3217a392b98a8532f0c51abbbf705
outputs/experiments_u430k32/s11/X2/no_morph__f0_s1/results/session_val_test_no_tta.csv,833,1ee31ad8ca11baa96726a8ae3ca6b390d653ab44ff8908b9e3226e21657a4c01
outputs/experiments_u430k32/s11/X2/no_morph__f0_s1/results/session_val_test_no_tta.json,5077,4d4968b492bfb139e4189addd7ee25840ebdb4d972176f433577dc2d5acda5f3
outputs/experiments_u430k32/s11/X2/no_morph__f0_s1/results/session_val_test_tta.csv,833,24f13158a6fcedc6894f96cef7024edf90b52e54ead463cfa9332861e4aea17b
outputs/experiments_u430k32/s11/X2/no_morph__f0_s1/results/session_val_test_tta.json,5128,592ace8b2967ac0566ec0b54e7ee97959ab62ec77b3cfff44828bfd448a21854
outputs/experiments_u430k32/s11/X2/no_morph__f0_s1/results/targets_val_test_no_tta.npy,34616,
outputs/experiments_u430k32/s11/X2/no_morph__f0_s1/results/targets_val_test_tta.npy,34616,
outputs/experiments_u430k32/s11/X2/no_morph__f0_s1/stage1_meta.json,5235,0d842b4951c6c3ff7a939deeb3890e4dc561762b140a66620aa17a8e2e65c9db
outputs/experiments_u430k32/s11/X2/no_morph__f0_s1/sweep.log,127005,
outputs/experiments_u430k32/s11/X2/no_morph__f0_s1/training.log,182742,
outputs/experiments_u430k32/s11/X2/no_morph__f1_s0/best_stage1.pth,22965135,
outputs/experiments_u430k32/s11/X2/no_morph__f1_s0/clean_fit.json,25239,fc714a753be715bac0ff246a55d482bc62f67f097e279a9e2e30109c13552c70
outputs/experiments_u430k32/s11/X2/no_morph__f1_s0/figures/confusion_val_test_no_tta.png,71762,
outputs/experiments_u430k32/s11/X2/no_morph__f1_s0/figures/confusion_val_test_tta.png,71035,
outputs/experiments_u430k32/s11/X2/no_morph__f1_s0/figures/per_class_f1_val_test_no_tta.png,38312,
outputs/experiments_u430k32/s11/X2/no_morph__f1_s0/figures/per_class_f1_val_test_tta.png,38201,
outputs/experiments_u430k32/s11/X2/no_morph__f1_s0/frozen_cell.json,1211,dae1ec6300d1699ac1ca34a10c1bb3dd8b9bfb266c71c4ae99a8cf3d3ffdedb7
outputs/experiments_u430k32/s11/X2/no_morph__f1_s0/hydra/2026-10-02_07-45-58/.hydra/config.yaml,4238,dc9930d1ff045d1790088f092f3a280622aa211e44920ad2fb7e66d712c2bcc3
outputs/experiments_u430k32/s11/X2/no_morph__f1_s0/hydra/2026-10-02_07-45-58/.hydra/hydra.yaml,4091,8db40e781cf6838614282a508113d8e03144b090996609a4be58004891d374db
outputs/experiments_u430k32/s11/X2/no_morph__f1_s0/hydra/2026-10-02_07-45-58/.hydra/overrides.yaml,232,04fb3244a98f9173b0610e65ea8298b9300e7bdbb0084fb04e9e190530b2a4c2
outputs/experiments_u430k32/s11/X2/no_morph__f1_s0/hydra/2026-10-02_07-45-58/train.log,482,
outputs/experiments_u430k32/s11/X2/no_morph__f1_s0/last_stage1.json,141,9a4f71016ce22935dbff6e9fdfd4be1c13928413b82f07966cc4bd53cae68e86
outputs/experiments_u430k32/s11/X2/no_morph__f1_s0/metrics.jsonl,477442,
outputs/experiments_u430k32/s11/X2/no_morph__f1_s0/results/confusion_val_test_no_tta.csv,16836,eb18cfd949f34019b4313ab6032ba0dd04a929288b6be2f759b2eac7b9703047
outputs/experiments_u430k32/s11/X2/no_morph__f1_s0/results/confusion_val_test_no_tta.npy,64928,
outputs/experiments_u430k32/s11/X2/no_morph__f1_s0/results/confusion_val_test_tta.csv,16841,416e9513d8fb530377f486edfc11d299e5482e1b6faab2bd665db51a66f4ac78
outputs/experiments_u430k32/s11/X2/no_morph__f1_s0/results/confusion_val_test_tta.npy,64928,
outputs/experiments_u430k32/s11/X2/no_morph__f1_s0/results/logits_calib_no_tta.npz,107110,
outputs/experiments_u430k32/s11/X2/no_morph__f1_s0/results/logits_calib_tta.npz,107185,
outputs/experiments_u430k32/s11/X2/no_morph__f1_s0/results/logits_val_test_no_tta.npz,727515,
outputs/experiments_u430k32/s11/X2/no_morph__f1_s0/results/logits_val_test_tta.npz,727472,
outputs/experiments_u430k32/s11/X2/no_morph__f1_s0/results/metrics_val_test_no_tta.json,18709,aa2304b8be2e3cba5863f6e6b4e4f4ab76d23371417b070c323e860f16ab22ca
outputs/experiments_u430k32/s11/X2/no_morph__f1_s0/results/metrics_val_test_tta.json,18531,431fa3e4353769de92c20bead8cbe429d11071b2c52abe1bb56b538e483a6454
outputs/experiments_u430k32/s11/X2/no_morph__f1_s0/results/per_class_val_test_no_tta.csv,2994,db557553d3164efc3d1393663ef8aa78367beecd4a91f9dd13ff3ae40cdcffa0
outputs/experiments_u430k32/s11/X2/no_morph__f1_s0/results/per_class_val_test_tta.csv,2994,4ea1fc3cf92b5cefa9f0ce09de7f35bc82244fb631dc9e597382b1bdeef8cd65
outputs/experiments_u430k32/s11/X2/no_morph__f1_s0/results/preds_val_test_no_tta.npy,34600,
outputs/experiments_u430k32/s11/X2/no_morph__f1_s0/results/preds_val_test_tta.npy,34600,
outputs/experiments_u430k32/s11/X2/no_morph__f1_s0/results/rows_val_test_no_tta.npy,34600,
outputs/experiments_u430k32/s11/X2/no_morph__f1_s0/results/rows_val_test_tta.npy,34600,
outputs/experiments_u430k32/s11/X2/no_morph__f1_s0/results/run.json,63095,8270b860104792619cb55554f354b594393bef89ff3819b425e5d64fa44e4370
outputs/experiments_u430k32/s11/X2/no_morph__f1_s0/results/session_val_test_no_tta.csv,884,95570034ff93dfa5393f8c41843b31ee0bd9425e506101267027f16cec6631bd
outputs/experiments_u430k32/s11/X2/no_morph__f1_s0/results/session_val_test_no_tta.json,5124,5da0ea63a463af8ccbc05e77c72894a8176e43ba3d267f30c41a16e40c844931
outputs/experiments_u430k32/s11/X2/no_morph__f1_s0/results/session_val_test_tta.csv,884,97f57a8db39560f081d21dadb44d940d5a6bee83a268d5243fc61c8eb69e8c4b
outputs/experiments_u430k32/s11/X2/no_morph__f1_s0/results/session_val_test_tta.json,5140,b7fcda99a2897da3e44a10ada543ec4201fab4a19ee33375b1028bc81a23c7c4
outputs/experiments_u430k32/s11/X2/no_morph__f1_s0/results/targets_val_test_no_tta.npy,34600,
outputs/experiments_u430k32/s11/X2/no_morph__f1_s0/results/targets_val_test_tta.npy,34600,
outputs/experiments_u430k32/s11/X2/no_morph__f1_s0/stage1_meta.json,5154,c4e6b9c5477befe0ec8c2b821d5989a9d54aa7d9170130df458702c34ae79184
outputs/experiments_u430k32/s11/X2/no_morph__f1_s0/sweep.log,132953,
outputs/experiments_u430k32/s11/X2/no_morph__f1_s0/training.log,196070,
outputs/experiments_u430k32/s11/X2/no_morph__f1_s1/best_stage1.pth,22965135,
outputs/experiments_u430k32/s11/X2/no_morph__f1_s1/clean_fit.json,22701,34e55e8d325a7c6dd7d5b6c59c5ae755031006c84e9262c3debed33d9c4fe0b4
outputs/experiments_u430k32/s11/X2/no_morph__f1_s1/figures/confusion_val_test_no_tta.png,70914,
outputs/experiments_u430k32/s11/X2/no_morph__f1_s1/figures/confusion_val_test_tta.png,70412,
outputs/experiments_u430k32/s11/X2/no_morph__f1_s1/figures/per_class_f1_val_test_no_tta.png,37767,
outputs/experiments_u430k32/s11/X2/no_morph__f1_s1/figures/per_class_f1_val_test_tta.png,38255,
outputs/experiments_u430k32/s11/X2/no_morph__f1_s1/frozen_cell.json,1211,d7f255bf6b6578d42517045989cb892858293b69d6d9fcae014400369c224f3a
outputs/experiments_u430k32/s11/X2/no_morph__f1_s1/hydra/2026-10-02_08-07-54/.hydra/config.yaml,4238,cdbd1a7d3057a0dd965c92be560dbc2c9a562eea3f8359a7fec63e4505588bd3
outputs/experiments_u430k32/s11/X2/no_morph__f1_s1/hydra/2026-10-02_08-07-54/.hydra/hydra.yaml,4091,592e5611cb93a7e967afbe03034e4ff005fbeda3a8aca4c43442b7a2a2d2b4db
outputs/experiments_u430k32/s11/X2/no_morph__f1_s1/hydra/2026-10-02_08-07-54/.hydra/overrides.yaml,232,8b6364a599297c194e81daf9fb936020d7324f63989908eaa4cae3a34e021523
outputs/experiments_u430k32/s11/X2/no_morph__f1_s1/hydra/2026-10-02_08-07-54/train.log,482,
outputs/experiments_u430k32/s11/X2/no_morph__f1_s1/last_stage1.json,140,b0f6969afcf1949858215eb5280a0120b718abb5fcb9598fc6a89dd723135485
outputs/experiments_u430k32/s11/X2/no_morph__f1_s1/metrics.jsonl,459253,
outputs/experiments_u430k32/s11/X2/no_morph__f1_s1/results/confusion_val_test_no_tta.csv,16836,f67d5dcfd8608fec0b825d0cd685e6f006f67e593d786cde646eaaf7e5d7588e
outputs/experiments_u430k32/s11/X2/no_morph__f1_s1/results/confusion_val_test_no_tta.npy,64928,
outputs/experiments_u430k32/s11/X2/no_morph__f1_s1/results/confusion_val_test_tta.csv,16835,786951611eaa3a82fe428136b8454ec3e654a94bca7f8ca8ff32e6223d47d767
outputs/experiments_u430k32/s11/X2/no_morph__f1_s1/results/confusion_val_test_tta.npy,64928,
outputs/experiments_u430k32/s11/X2/no_morph__f1_s1/results/logits_calib_no_tta.npz,107072,
outputs/experiments_u430k32/s11/X2/no_morph__f1_s1/results/logits_calib_tta.npz,107100,
outputs/experiments_u430k32/s11/X2/no_morph__f1_s1/results/logits_val_test_no_tta.npz,726599,
outputs/experiments_u430k32/s11/X2/no_morph__f1_s1/results/logits_val_test_tta.npz,726653,
outputs/experiments_u430k32/s11/X2/no_morph__f1_s1/results/metrics_val_test_no_tta.json,18393,fc7dd9d1861a2b7b11cec8d82740dc422061729d0d6ef9c2e460ce6a7e62182c
outputs/experiments_u430k32/s11/X2/no_morph__f1_s1/results/metrics_val_test_tta.json,18637,3b1bf58feeae582987a7fd647036ab034ae1d2600cd2622b4a5d2aeffb48da41
outputs/experiments_u430k32/s11/X2/no_morph__f1_s1/results/per_class_val_test_no_tta.csv,2994,3920fe2671d60ac002e517f83f858e70b5967e1c9c2378aa8ce7838bd53bfbf7
outputs/experiments_u430k32/s11/X2/no_morph__f1_s1/results/per_class_val_test_tta.csv,2994,219fe98294f877d97905bc8fe4b8dadcff0b624262199640f51d4396133a24fe
outputs/experiments_u430k32/s11/X2/no_morph__f1_s1/results/preds_val_test_no_tta.npy,34600,
outputs/experiments_u430k32/s11/X2/no_morph__f1_s1/results/preds_val_test_tta.npy,34600,
outputs/experiments_u430k32/s11/X2/no_morph__f1_s1/results/rows_val_test_no_tta.npy,34600,
outputs/experiments_u430k32/s11/X2/no_morph__f1_s1/results/rows_val_test_tta.npy,34600,
outputs/experiments_u430k32/s11/X2/no_morph__f1_s1/results/run.json,62900,e3358cbcdc60a6da7b0cc2102c578dfeb326fb0119c12ebb00c5ab74b861b598
outputs/experiments_u430k32/s11/X2/no_morph__f1_s1/results/session_val_test_no_tta.csv,884,637be12f07ec5bc9189b10ca97c1579bdda278c7dffd339c41e1a27925a4a120
outputs/experiments_u430k32/s11/X2/no_morph__f1_s1/results/session_val_test_no_tta.json,5138,16d911cbfa8ff2406c681c7cd9095ba1d0b0e87f9532ff7b96408e0d45a85f30
outputs/experiments_u430k32/s11/X2/no_morph__f1_s1/results/session_val_test_tta.csv,884,ade8ab79a32791bdaadf49a5e21d50a4b206032eecd09e4293d6e285f9839d6e
outputs/experiments_u430k32/s11/X2/no_morph__f1_s1/results/session_val_test_tta.json,5142,243810c3f1a41cc4b94126db3a0e8e082108733477754d293ab26129912c335e
outputs/experiments_u430k32/s11/X2/no_morph__f1_s1/results/targets_val_test_no_tta.npy,34600,
outputs/experiments_u430k32/s11/X2/no_morph__f1_s1/results/targets_val_test_tta.npy,34600,
outputs/experiments_u430k32/s11/X2/no_morph__f1_s1/stage1_meta.json,5118,52e778c2c43b9c812470c999f9e1bb99d33ba89777815492655a1d011e7f1f66
outputs/experiments_u430k32/s11/X2/no_morph__f1_s1/sweep.log,126409,
outputs/experiments_u430k32/s11/X2/no_morph__f1_s1/training.log,182146,
outputs/experiments_u430k32/s11/X2/spatial_only__f0_s0/best_stage1.pth,22965135,
outputs/experiments_u430k32/s11/X2/spatial_only__f0_s0/clean_fit.json,23557,3b812190bf5c992a091e7ad592dedd8172ce636a6f881be1c322d93aa7d10dd1
outputs/experiments_u430k32/s11/X2/spatial_only__f0_s0/figures/confusion_val_test_no_tta.png,73236,
outputs/experiments_u430k32/s11/X2/spatial_only__f0_s0/figures/confusion_val_test_tta.png,65043,
outputs/experiments_u430k32/s11/X2/spatial_only__f0_s0/figures/per_class_f1_val_test_no_tta.png,38131,
outputs/experiments_u430k32/s11/X2/spatial_only__f0_s0/figures/per_class_f1_val_test_tta.png,37726,
outputs/experiments_u430k32/s11/X2/spatial_only__f0_s0/frozen_cell.json,1221,708b97f439d5b1b7062359fd013a120ef6473e53e9765e556a8e56258a1a70b9
outputs/experiments_u430k32/s11/X2/spatial_only__f0_s0/hydra/2026-10-02_09-32-32/.hydra/config.yaml,4263,b3439c659123676b622c1751f3fb7f288fe3ec4d4b4531a98d38969b791a42f6
outputs/experiments_u430k32/s11/X2/spatial_only__f0_s0/hydra/2026-10-02_09-32-32/.hydra/hydra.yaml,4113,7cc910c424612cd195d71048f5cf7e0943d3a55e9a0b22567352706274931b02
outputs/experiments_u430k32/s11/X2/spatial_only__f0_s0/hydra/2026-10-02_09-32-32/.hydra/overrides.yaml,241,0e7d2f6d6257156c1a2668ebde4276d14e0db38f5f231ddc4f6966aab52c9c87
outputs/experiments_u430k32/s11/X2/spatial_only__f0_s0/hydra/2026-10-02_09-32-32/train.log,482,
outputs/experiments_u430k32/s11/X2/spatial_only__f0_s0/last_stage1.json,141,cb6eed132e35c40bdd7fe351f684677495bbcabead162be7dfde640f232cdfaa
outputs/experiments_u430k32/s11/X2/spatial_only__f0_s0/metrics.jsonl,457502,
outputs/experiments_u430k32/s11/X2/spatial_only__f0_s0/results/confusion_val_test_no_tta.csv,16840,cce80c9056fbd28f5dc48a72212ca4d22ba70a2236a4d347214f4d629259ca1f
outputs/experiments_u430k32/s11/X2/spatial_only__f0_s0/results/confusion_val_test_no_tta.npy,64928,
outputs/experiments_u430k32/s11/X2/spatial_only__f0_s0/results/confusion_val_test_tta.csv,16845,525b041337867dbef1a9a773820fa259d0df4582a9d174c9d7bcda0d18a539b6
outputs/experiments_u430k32/s11/X2/spatial_only__f0_s0/results/confusion_val_test_tta.npy,64928,
outputs/experiments_u430k32/s11/X2/spatial_only__f0_s0/results/logits_calib_no_tta.npz,107132,
outputs/experiments_u430k32/s11/X2/spatial_only__f0_s0/results/logits_calib_tta.npz,107140,
outputs/experiments_u430k32/s11/X2/spatial_only__f0_s0/results/logits_val_test_no_tta.npz,727578,
outputs/experiments_u430k32/s11/X2/spatial_only__f0_s0/results/logits_val_test_tta.npz,727170,
outputs/experiments_u430k32/s11/X2/spatial_only__f0_s0/results/metrics_val_test_no_tta.json,18486,918e6ac0ab5301d0b2c218cb3602636a39fcf4dc7eae6f346ce385fefbfa2752
outputs/experiments_u430k32/s11/X2/spatial_only__f0_s0/results/metrics_val_test_tta.json,18511,1c609c96a843c379b75973c21bf0167370124652348deef1b903c692caa0e826
outputs/experiments_u430k32/s11/X2/spatial_only__f0_s0/results/per_class_val_test_no_tta.csv,2994,25f1750789a862d480c1cfa56c6986eb3fea59abeb5107560e4d6b3e6326d863
outputs/experiments_u430k32/s11/X2/spatial_only__f0_s0/results/per_class_val_test_tta.csv,2994,f44a7a334c020acd238b6403e801b69dbeb96387e2393d930a1ef95a1bfbb502
outputs/experiments_u430k32/s11/X2/spatial_only__f0_s0/results/preds_val_test_no_tta.npy,34616,
outputs/experiments_u430k32/s11/X2/spatial_only__f0_s0/results/preds_val_test_tta.npy,34616,
outputs/experiments_u430k32/s11/X2/spatial_only__f0_s0/results/rows_val_test_no_tta.npy,34616,
outputs/experiments_u430k32/s11/X2/spatial_only__f0_s0/results/rows_val_test_tta.npy,34616,
outputs/experiments_u430k32/s11/X2/spatial_only__f0_s0/results/run.json,62665,4352bf46e7aea760fa2486dfabb16412e5215e846ff983eb50fe0ecca1e604fb
outputs/experiments_u430k32/s11/X2/spatial_only__f0_s0/results/session_val_test_no_tta.csv,833,1a9021275d1977fb88ee7fdbccc40d2af00df70f3bdb1ba70d6adca1dc5e9cfc
outputs/experiments_u430k32/s11/X2/spatial_only__f0_s0/results/session_val_test_no_tta.json,5129,7c7c7d9fc554106746bfe533184b99f1c0ee65abc485a4963330593b28bc4055
outputs/experiments_u430k32/s11/X2/spatial_only__f0_s0/results/session_val_test_tta.csv,833,351a4684a225cc8dbf349047fdfe2eeef81c91a8b8a857cd9861713486cd7727
outputs/experiments_u430k32/s11/X2/spatial_only__f0_s0/results/session_val_test_tta.json,4977,63a7c3aabb47effddad16f6903584f265b06a26c6e66345aac496d41c0ea407f
outputs/experiments_u430k32/s11/X2/spatial_only__f0_s0/results/targets_val_test_no_tta.npy,34616,
outputs/experiments_u430k32/s11/X2/spatial_only__f0_s0/results/targets_val_test_tta.npy,34616,
outputs/experiments_u430k32/s11/X2/spatial_only__f0_s0/stage1_meta.json,5163,2f4f668bc4df12fe33a97c053a41735b4f97d18a4c281ecb5ca84943db18482e
outputs/experiments_u430k32/s11/X2/spatial_only__f0_s0/sweep.log,128230,
outputs/experiments_u430k32/s11/X2/spatial_only__f0_s0/training.log,186385,
outputs/experiments_u430k32/s11/X2/spatial_only__f0_s1/best_stage1.pth,22965135,
outputs/experiments_u430k32/s11/X2/spatial_only__f0_s1/clean_fit.json,22503,30582ea32a18d4aeaaa446738dd7dc0e6e3f21bdc25a66a1d44ef2a778ff7182
outputs/experiments_u430k32/s11/X2/spatial_only__f0_s1/figures/confusion_val_test_no_tta.png,71415,
outputs/experiments_u430k32/s11/X2/spatial_only__f0_s1/figures/confusion_val_test_tta.png,72098,
outputs/experiments_u430k32/s11/X2/spatial_only__f0_s1/figures/per_class_f1_val_test_no_tta.png,38272,
outputs/experiments_u430k32/s11/X2/spatial_only__f0_s1/figures/per_class_f1_val_test_tta.png,37572,
outputs/experiments_u430k32/s11/X2/spatial_only__f0_s1/frozen_cell.json,1221,4092367d92ccf0b701f7215a24762dbe20755bdfef24687298f505e2f6a24810
outputs/experiments_u430k32/s11/X2/spatial_only__f0_s1/hydra/2026-10-02_09-53-34/.hydra/config.yaml,4263,2d1bc9c0a0c6fce5194f74ea9d7ec2f77a33a0f433b785213aaccbd2298243ec
outputs/experiments_u430k32/s11/X2/spatial_only__f0_s1/hydra/2026-10-02_09-53-34/.hydra/hydra.yaml,4113,17207043d2227e2ce34abe775f213fce1442cb68d9f2038564ba889825e3c234
outputs/experiments_u430k32/s11/X2/spatial_only__f0_s1/hydra/2026-10-02_09-53-34/.hydra/overrides.yaml,241,4f5a5e0a072648656438756915868d1a040224491293d1b72f5e9e1023fef08e
outputs/experiments_u430k32/s11/X2/spatial_only__f0_s1/hydra/2026-10-02_09-53-34/train.log,482,
outputs/experiments_u430k32/s11/X2/spatial_only__f0_s1/last_stage1.json,141,4442c19cf062fdc23656843ccbd6b5e3319ca808a652c8c274ca6f3acc807d82
outputs/experiments_u430k32/s11/X2/spatial_only__f0_s1/metrics.jsonl,451048,
outputs/experiments_u430k32/s11/X2/spatial_only__f0_s1/results/confusion_val_test_no_tta.csv,16837,43b442616d8af4025f8e27333a9fadcdb84280656c806684916f9fff37f77b24
outputs/experiments_u430k32/s11/X2/spatial_only__f0_s1/results/confusion_val_test_no_tta.npy,64928,
outputs/experiments_u430k32/s11/X2/spatial_only__f0_s1/results/confusion_val_test_tta.csv,16841,ac410769bc1147d0dabb51a3b108289e35729ad57772bcec8c92ebf424959c61
outputs/experiments_u430k32/s11/X2/spatial_only__f0_s1/results/confusion_val_test_tta.npy,64928,
outputs/experiments_u430k32/s11/X2/spatial_only__f0_s1/results/logits_calib_no_tta.npz,107244,
outputs/experiments_u430k32/s11/X2/spatial_only__f0_s1/results/logits_calib_tta.npz,107306,
outputs/experiments_u430k32/s11/X2/spatial_only__f0_s1/results/logits_val_test_no_tta.npz,728178,
outputs/experiments_u430k32/s11/X2/spatial_only__f0_s1/results/logits_val_test_tta.npz,728400,
outputs/experiments_u430k32/s11/X2/spatial_only__f0_s1/results/metrics_val_test_no_tta.json,18461,61dd3d6b57c1e1e8089b621a1c5c0b1ecf7acdf3d9d012c12c1b5f75f410d360
outputs/experiments_u430k32/s11/X2/spatial_only__f0_s1/results/metrics_val_test_tta.json,18626,a78c89bb8935cdbce794be88b04c4bed898a25f975b5dd5c90fc4c7d62374441
outputs/experiments_u430k32/s11/X2/spatial_only__f0_s1/results/per_class_val_test_no_tta.csv,2994,926e203081cfa12243377eafa3348a588432714161d0e8e02cfc96b83924b195
outputs/experiments_u430k32/s11/X2/spatial_only__f0_s1/results/per_class_val_test_tta.csv,2994,5875254a83f34a5c533fd2945cbde9fd2c274ad631dee9d8c468c523ee6882bd
outputs/experiments_u430k32/s11/X2/spatial_only__f0_s1/results/preds_val_test_no_tta.npy,34616,
outputs/experiments_u430k32/s11/X2/spatial_only__f0_s1/results/preds_val_test_tta.npy,34616,
outputs/experiments_u430k32/s11/X2/spatial_only__f0_s1/results/rows_val_test_no_tta.npy,34616,
outputs/experiments_u430k32/s11/X2/spatial_only__f0_s1/results/rows_val_test_tta.npy,34616,
outputs/experiments_u430k32/s11/X2/spatial_only__f0_s1/results/run.json,62896,9c92fd123cf758d019876c6b12c8e40be06cdedc95458570131778651233806d
outputs/experiments_u430k32/s11/X2/spatial_only__f0_s1/results/session_val_test_no_tta.csv,833,ba9943ef0e802902fa504411f42f7c070c756e24dfd13a19cd0e113fae9c5473
outputs/experiments_u430k32/s11/X2/spatial_only__f0_s1/results/session_val_test_no_tta.json,5113,ee964ab9a111ffbd4f4386515db637495cc856668f9ff39f3965272fc8250cc9
outputs/experiments_u430k32/s11/X2/spatial_only__f0_s1/results/session_val_test_tta.csv,833,3b42b3177ddf99d8a52bb529e534bf4c2768cb2a2aa963df08fc1c50af14b70c
outputs/experiments_u430k32/s11/X2/spatial_only__f0_s1/results/session_val_test_tta.json,5122,d79dba1aff5ef58e61aa288aefe587f477c8181eecd28e4962426044a58b3ec9
outputs/experiments_u430k32/s11/X2/spatial_only__f0_s1/results/targets_val_test_no_tta.npy,34616,
outputs/experiments_u430k32/s11/X2/spatial_only__f0_s1/results/targets_val_test_tta.npy,34616,
outputs/experiments_u430k32/s11/X2/spatial_only__f0_s1/stage1_meta.json,5170,2bb94ce584d723211a0704e673789614bb03c6a7dcf8f25900c297c63d55a008
outputs/experiments_u430k32/s11/X2/spatial_only__f0_s1/sweep.log,126144,
outputs/experiments_u430k32/s11/X2/spatial_only__f0_s1/training.log,181265,
outputs/experiments_u430k32/s11/X2/spatial_only__f1_s0/best_stage1.pth,22965135,
outputs/experiments_u430k32/s11/X2/spatial_only__f1_s0/clean_fit.json,21648,159cc88b37adc102517e6e3c42fda790e4bbe6bfe3862abcc50c4f87875b78ab
outputs/experiments_u430k32/s11/X2/spatial_only__f1_s0/frozen_cell.json,1221,f19b13fb907ebbccf6462007e228a59c17720205b298a3cdf372d0ec976918ef
outputs/experiments_u430k32/s11/X2/spatial_only__f1_s0/hydra/2026-10-02_10-14-27/.hydra/config.yaml,4263,74fb4bbc956b0412576ec32c7f6a3775c605a61b19791f9c1e34fde19eefd21e
outputs/experiments_u430k32/s11/X2/spatial_only__f1_s0/hydra/2026-10-02_10-14-27/.hydra/hydra.yaml,4113,e634ebeb2bb5f11228be9a491446d5a2cd881032afc2dc05b8f0f5313ed38343
outputs/experiments_u430k32/s11/X2/spatial_only__f1_s0/hydra/2026-10-02_10-14-27/.hydra/overrides.yaml,241,6394fda139dacd8d99ed4aeae64c5eea427762ab8d5617d4a365dec36a87aa0b
outputs/experiments_u430k32/s11/X2/spatial_only__f1_s0/hydra/2026-10-02_10-14-27/train.log,482,
outputs/experiments_u430k32/s11/X2/spatial_only__f1_s0/last_stage1.json,141,684d305904418cb1f12a65dac5e377957795bba29da79b49e4729b96972bc881
outputs/experiments_u430k32/s11/X2/spatial_only__f1_s0/metrics.jsonl,414248,
outputs/experiments_u430k32/s11/X2/spatial_only__f1_s0/stage1_meta.json,5177,ff48ea77a3016e8d6cb2e058c9b0ba01deb81fcc0ead6790d8cc3b6455ce4932
outputs/experiments_u430k32/s11/X2/spatial_only__f1_s0/sweep.log,113750,
outputs/experiments_u430k32/s11/X2/spatial_only__f1_s0/training.log,145666,
outputs/experiments_u430k32/s11/X2/spatial_only__f1_s1/best_stage1.pth,22965135,
outputs/experiments_u430k32/s11/X2/spatial_only__f1_s1/clean_fit.json,21433,3045502e9c70ef6052a2cebf777173444b6f0e7a7739f5f34f929c534fcd0122
outputs/experiments_u430k32/s11/X2/spatial_only__f1_s1/figures/confusion_val_test_no_tta.png,73009,
outputs/experiments_u430k32/s11/X2/spatial_only__f1_s1/figures/confusion_val_test_tta.png,64844,
outputs/experiments_u430k32/s11/X2/spatial_only__f1_s1/figures/per_class_f1_val_test_no_tta.png,38079,
outputs/experiments_u430k32/s11/X2/spatial_only__f1_s1/figures/per_class_f1_val_test_tta.png,37355,
outputs/experiments_u430k32/s11/X2/spatial_only__f1_s1/frozen_cell.json,1221,ac2c8dab33ab038f87f0b2cabe7889618abd1937e6a50ae17a0d0105469bd3de
outputs/experiments_u430k32/s11/X2/spatial_only__f1_s1/hydra/2026-10-02_11-05-38/.hydra/config.yaml,4263,7aeaab51efd4368a96a7e9dd5f21922a8484c161a21bba67be90c120abfcedb8
outputs/experiments_u430k32/s11/X2/spatial_only__f1_s1/hydra/2026-10-02_11-05-38/.hydra/hydra.yaml,4113,de874038830d615383a04af4776ccbff78f5ef006b86f575f8aa84ec09b05ead
outputs/experiments_u430k32/s11/X2/spatial_only__f1_s1/hydra/2026-10-02_11-05-38/.hydra/overrides.yaml,241,5a1f3c455ed399b69b439137b7b5d1d50cce6836fa6708a635a59f6fa5e9e9c1
outputs/experiments_u430k32/s11/X2/spatial_only__f1_s1/hydra/2026-10-02_11-05-38/train.log,482,
outputs/experiments_u430k32/s11/X2/spatial_only__f1_s1/last_stage1.json,142,87bd42f0861f861f5903734cd42ae7f77020d9b3ef005fea22952f7eb8875709
outputs/experiments_u430k32/s11/X2/spatial_only__f1_s1/metrics.jsonl,416555,
outputs/experiments_u430k32/s11/X2/spatial_only__f1_s1/results/confusion_val_test_no_tta.csv,16839,62ad0d4b9b04b205cb1b78142a926b349076274f95166f223796d7fb593e4657
outputs/experiments_u430k32/s11/X2/spatial_only__f1_s1/results/confusion_val_test_no_tta.npy,64928,
outputs/experiments_u430k32/s11/X2/spatial_only__f1_s1/results/confusion_val_test_tta.csv,16840,ecbca779665896c0e48cd14179cfbc6d63bae03d3e8d86cccdedde8c39859b65
outputs/experiments_u430k32/s11/X2/spatial_only__f1_s1/results/confusion_val_test_tta.npy,64928,
outputs/experiments_u430k32/s11/X2/spatial_only__f1_s1/results/logits_calib_no_tta.npz,106628,
outputs/experiments_u430k32/s11/X2/spatial_only__f1_s1/results/logits_calib_tta.npz,106457,
outputs/experiments_u430k32/s11/X2/spatial_only__f1_s1/results/logits_val_test_no_tta.npz,723152,
outputs/experiments_u430k32/s11/X2/spatial_only__f1_s1/results/logits_val_test_tta.npz,721846,
outputs/experiments_u430k32/s11/X2/spatial_only__f1_s1/results/metrics_val_test_no_tta.json,18596,459f18118b78cda8c9a96bb18b2baf015d646decbd336c97ff1c11e45367ea9f
outputs/experiments_u430k32/s11/X2/spatial_only__f1_s1/results/metrics_val_test_tta.json,18284,34a799dbcc5729b424afe66393f514911785dd93b0d37a6f93939764344cdacc
outputs/experiments_u430k32/s11/X2/spatial_only__f1_s1/results/per_class_val_test_no_tta.csv,2994,f8a606d849624616453d930990d14229c2c655b0d87f079172520703276ed5d3
outputs/experiments_u430k32/s11/X2/spatial_only__f1_s1/results/per_class_val_test_tta.csv,2994,aace445574e9c0d1e128313a15ee23c6afaa52b85b1d1c85a92d7443357fa09b
outputs/experiments_u430k32/s11/X2/spatial_only__f1_s1/results/preds_val_test_no_tta.npy,34600,
outputs/experiments_u430k32/s11/X2/spatial_only__f1_s1/results/preds_val_test_tta.npy,34600,
outputs/experiments_u430k32/s11/X2/spatial_only__f1_s1/results/rows_val_test_no_tta.npy,34600,
outputs/experiments_u430k32/s11/X2/spatial_only__f1_s1/results/rows_val_test_tta.npy,34600,
outputs/experiments_u430k32/s11/X2/spatial_only__f1_s1/results/run.json,62630,3062f8b558d8e041d25ecb2f59179379a80fec1e3e4b1b5c905287658ddcc724
outputs/experiments_u430k32/s11/X2/spatial_only__f1_s1/results/session_val_test_no_tta.csv,884,7ac7739aeeb9c69ff97b10a1f5c58bfeb6abb4c4b805f4cda573bedb2182854b
outputs/experiments_u430k32/s11/X2/spatial_only__f1_s1/results/session_val_test_no_tta.json,5084,79b63176b72061ec31502e2a97a5c3f855830a891f704507130eeb3da7322a73
outputs/experiments_u430k32/s11/X2/spatial_only__f1_s1/results/session_val_test_tta.csv,884,596ab83865ccc64661e743502202b3d0265298af9e1958d3c78cfa4df546b891
outputs/experiments_u430k32/s11/X2/spatial_only__f1_s1/results/session_val_test_tta.json,5092,c7fc967a3ed5ac9136fee80b6ef150a5c6c41302d3ec05c3f94f8370f01d9af7
outputs/experiments_u430k32/s11/X2/spatial_only__f1_s1/results/targets_val_test_no_tta.npy,34600,
outputs/experiments_u430k32/s11/X2/spatial_only__f1_s1/results/targets_val_test_tta.npy,34600,
outputs/experiments_u430k32/s11/X2/spatial_only__f1_s1/stage1_meta.json,5166,8f51211ce95545198a4f079b8a765973b9aeeedd4316d9addddd3b827d08c640
outputs/experiments_u430k32/s11/X2/spatial_only__f1_s1/sweep.log,118407,
outputs/experiments_u430k32/s11/X2/spatial_only__f1_s1/training.log,169387,
outputs/experiments_u430k32/s11/X2/spectral_only__f0_s0/best_stage1.pth,22965135,
outputs/experiments_u430k32/s11/X2/spectral_only__f0_s0/clean_fit.json,26869,b5f6d60e95f13d08f2f1f7c7309ec792f682c1bfc1ff0c562d53c0b9fa487d27
outputs/experiments_u430k32/s11/X2/spectral_only__f0_s0/figures/confusion_val_test_no_tta.png,71921,
outputs/experiments_u430k32/s11/X2/spectral_only__f0_s0/figures/confusion_val_test_tta.png,71569,
outputs/experiments_u430k32/s11/X2/spectral_only__f0_s0/figures/per_class_f1_val_test_no_tta.png,39163,
outputs/experiments_u430k32/s11/X2/spectral_only__f0_s0/figures/per_class_f1_val_test_tta.png,38585,
outputs/experiments_u430k32/s11/X2/spectral_only__f0_s0/frozen_cell.json,1228,e4a3b94b0702509271b99c22528780ff3bcbd5efbb3c87fc0403559e902e9e37
outputs/experiments_u430k32/s11/X2/spectral_only__f0_s0/hydra/2026-10-02_08-29-09/.hydra/config.yaml,4266,f81f1971bf51c79e8353ccdf65c45ee851c811e884d7f39b76b63c2ce0d5bc15
outputs/experiments_u430k32/s11/X2/spectral_only__f0_s0/hydra/2026-10-02_08-29-09/.hydra/hydra.yaml,4120,efe4962842f1e7065bea7f99a5dbfdacc19822d5f8b6cda1816b27dabe5b6b0f
outputs/experiments_u430k32/s11/X2/spectral_only__f0_s0/hydra/2026-10-02_08-29-09/.hydra/overrides.yaml,244,eee1c4e18c302675a5e8bbea3897f2c93e8b4ebef7990bfd21b00296cd25a282
outputs/experiments_u430k32/s11/X2/spectral_only__f0_s0/hydra/2026-10-02_08-29-09/train.log,482,
outputs/experiments_u430k32/s11/X2/spectral_only__f0_s0/last_stage1.json,142,716f6f0df712186f42efd56ce4a7904aaa2d49bd9ca860f7a89e468a53b9597b
outputs/experiments_u430k32/s11/X2/spectral_only__f0_s0/metrics.jsonl,449657,
outputs/experiments_u430k32/s11/X2/spectral_only__f0_s0/results/confusion_val_test_no_tta.csv,16835,07718b588aea3c23fa5b71f76e7a55a0f80540ab3e95fbe49ed5ec227274b112
outputs/experiments_u430k32/s11/X2/spectral_only__f0_s0/results/confusion_val_test_no_tta.npy,64928,
outputs/experiments_u430k32/s11/X2/spectral_only__f0_s0/results/confusion_val_test_tta.csv,16834,797830a8ae020d9d556461b59d9ed0977f548ffd33da1ba6a579d7d09549cb44
outputs/experiments_u430k32/s11/X2/spectral_only__f0_s0/results/confusion_val_test_tta.npy,64928,
outputs/experiments_u430k32/s11/X2/spectral_only__f0_s0/results/logits_calib_no_tta.npz,106974,
outputs/experiments_u430k32/s11/X2/spectral_only__f0_s0/results/logits_calib_tta.npz,107004,
outputs/experiments_u430k32/s11/X2/spectral_only__f0_s0/results/logits_val_test_no_tta.npz,725566,
outputs/experiments_u430k32/s11/X2/spectral_only__f0_s0/results/logits_val_test_tta.npz,725486,
outputs/experiments_u430k32/s11/X2/spectral_only__f0_s0/results/metrics_val_test_no_tta.json,18762,b9241ea1a34ee0d862e025c4b2852f75c1e32364df287c0aae13868ac662ff95
outputs/experiments_u430k32/s11/X2/spectral_only__f0_s0/results/metrics_val_test_tta.json,18666,9874f38147cd38d2822d74cf5f5b1eb2b653c3d037dcb6d71041156734a6d280
outputs/experiments_u430k32/s11/X2/spectral_only__f0_s0/results/per_class_val_test_no_tta.csv,2994,094f8778411f5d609254b44e14922dd80a1d9f04d5b9ed0cae09aa77c942ff98
outputs/experiments_u430k32/s11/X2/spectral_only__f0_s0/results/per_class_val_test_tta.csv,2994,7b03b11d35bb552290f77252c18dad166c4e6620c0b306a7321797976d63117d
outputs/experiments_u430k32/s11/X2/spectral_only__f0_s0/results/preds_val_test_no_tta.npy,34616,
outputs/experiments_u430k32/s11/X2/spectral_only__f0_s0/results/preds_val_test_tta.npy,34616,
outputs/experiments_u430k32/s11/X2/spectral_only__f0_s0/results/rows_val_test_no_tta.npy,34616,
outputs/experiments_u430k32/s11/X2/spectral_only__f0_s0/results/rows_val_test_tta.npy,34616,
outputs/experiments_u430k32/s11/X2/spectral_only__f0_s0/results/run.json,62899,d564939fa69c4e3e4d5e8a211e6ed87735c2250efca34c5e714777fbf1ac07f6
outputs/experiments_u430k32/s11/X2/spectral_only__f0_s0/results/session_val_test_no_tta.csv,833,c2497997464d3d666e93819fb3b949b07e650bb0694ea8f35e7732201c3f8fb3
outputs/experiments_u430k32/s11/X2/spectral_only__f0_s0/results/session_val_test_no_tta.json,4976,ccc22804d0f6b5fb56c67ecec224a1bec115007bfba0673ccef2e680bd3ef8c7
outputs/experiments_u430k32/s11/X2/spectral_only__f0_s0/results/session_val_test_tta.csv,833,e962c350b1a017ce7f5e9e7e6ae4e4432ec4e1bdc93fbceaa159c22dd597d672
outputs/experiments_u430k32/s11/X2/spectral_only__f0_s0/results/session_val_test_tta.json,4942,745d742282496999e175c99a7ecdadc2ea405364febf1985dc7d1d0a0c3ec92d
outputs/experiments_u430k32/s11/X2/spectral_only__f0_s0/results/targets_val_test_no_tta.npy,34616,
outputs/experiments_u430k32/s11/X2/spectral_only__f0_s0/results/targets_val_test_tta.npy,34616,
outputs/experiments_u430k32/s11/X2/spectral_only__f0_s0/stage1_meta.json,5079,625bf2a1e080786506a2c28e267a3c711fa356730399a53d811543e8d1a761cc
outputs/experiments_u430k32/s11/X2/spectral_only__f0_s0/sweep.log,135543,
outputs/experiments_u430k32/s11/X2/spectral_only__f0_s0/training.log,203494,
outputs/experiments_u430k32/s11/X2/spectral_only__f0_s1/best_stage1.pth,22965135,
outputs/experiments_u430k32/s11/X2/spectral_only__f0_s1/clean_fit.json,24149,26a69aa1e006a338a93809f06346ae4acb732f22850565c1a05f792c6d28e016
outputs/experiments_u430k32/s11/X2/spectral_only__f0_s1/figures/confusion_val_test_no_tta.png,72289,
outputs/experiments_u430k32/s11/X2/spectral_only__f0_s1/figures/confusion_val_test_tta.png,71931,
outputs/experiments_u430k32/s11/X2/spectral_only__f0_s1/figures/per_class_f1_val_test_no_tta.png,39019,
outputs/experiments_u430k32/s11/X2/spectral_only__f0_s1/figures/per_class_f1_val_test_tta.png,38691,
outputs/experiments_u430k32/s11/X2/spectral_only__f0_s1/frozen_cell.json,1228,8c386ea94826fb85588295eac4e4ed9046f938bc088b64a6ff9a1489ef0fbab8
outputs/experiments_u430k32/s11/X2/spectral_only__f0_s1/hydra/2026-10-02_08-45-54/.hydra/config.yaml,4266,9cd3455852ce41213a33c904c87bb20f8149c8720b825147b3c23eed65b5aefb
outputs/experiments_u430k32/s11/X2/spectral_only__f0_s1/hydra/2026-10-02_08-45-54/.hydra/hydra.yaml,4120,13a6512b79aff36795993648cd3939f25a3be935b00b53d734d6a765b73ab827
outputs/experiments_u430k32/s11/X2/spectral_only__f0_s1/hydra/2026-10-02_08-45-54/.hydra/overrides.yaml,244,e2a06068e7f09d7e34eae3f8c0b2a79d62bddfabe920e9730caa19f6574cd29f
outputs/experiments_u430k32/s11/X2/spectral_only__f0_s1/hydra/2026-10-02_08-45-54/train.log,482,
outputs/experiments_u430k32/s11/X2/spectral_only__f0_s1/last_stage1.json,142,98f3c825612ced182666a08cc1ee390d391c48f4202985dc5791aa7674243f62
outputs/experiments_u430k32/s11/X2/spectral_only__f0_s1/metrics.jsonl,430654,
outputs/experiments_u430k32/s11/X2/spectral_only__f0_s1/results/confusion_val_test_no_tta.csv,16824,7839e2077c1eff1b80477d49c927b1b538044369c2afea92f42be711f2b1b189
outputs/experiments_u430k32/s11/X2/spectral_only__f0_s1/results/confusion_val_test_no_tta.npy,64928,
outputs/experiments_u430k32/s11/X2/spectral_only__f0_s1/results/confusion_val_test_tta.csv,16822,34fa1ff9a7c97117226613a8211c65a853398b7b9ce15ac82f0c8460c3e839f1
outputs/experiments_u430k32/s11/X2/spectral_only__f0_s1/results/confusion_val_test_tta.npy,64928,
outputs/experiments_u430k32/s11/X2/spectral_only__f0_s1/results/logits_calib_no_tta.npz,106576,
outputs/experiments_u430k32/s11/X2/spectral_only__f0_s1/results/logits_calib_tta.npz,106549,
outputs/experiments_u430k32/s11/X2/spectral_only__f0_s1/results/logits_val_test_no_tta.npz,722599,
outputs/experiments_u430k32/s11/X2/spectral_only__f0_s1/results/logits_val_test_tta.npz,722618,
outputs/experiments_u430k32/s11/X2/spectral_only__f0_s1/results/metrics_val_test_no_tta.json,18720,68e47cf60f60ffdef453916f8afdbd808859e950910b81978bab9d3f73540772
outputs/experiments_u430k32/s11/X2/spectral_only__f0_s1/results/metrics_val_test_tta.json,18812,80885bd4eea18cf15b8b4ec785c38d4424f4393834237b43b46b29778cb62ff4
outputs/experiments_u430k32/s11/X2/spectral_only__f0_s1/results/per_class_val_test_no_tta.csv,2994,ffd1fbbad8e0f81220aecf320fdd21d34e13ec01be7eac626a171b62fb8bb64d
outputs/experiments_u430k32/s11/X2/spectral_only__f0_s1/results/per_class_val_test_tta.csv,2994,15febceb2e7cb3b74eec74b9622becb44e36100b435de29732f4afdf058a3d39
outputs/experiments_u430k32/s11/X2/spectral_only__f0_s1/results/preds_val_test_no_tta.npy,34616,
outputs/experiments_u430k32/s11/X2/spectral_only__f0_s1/results/preds_val_test_tta.npy,34616,
outputs/experiments_u430k32/s11/X2/spectral_only__f0_s1/results/rows_val_test_no_tta.npy,34616,
outputs/experiments_u430k32/s11/X2/spectral_only__f0_s1/results/rows_val_test_tta.npy,34616,
outputs/experiments_u430k32/s11/X2/spectral_only__f0_s1/results/run.json,62983,00d4fe00d878d7310496c83a07b35435397b31cd6037fe36eeb939c1278fbeb5
outputs/experiments_u430k32/s11/X2/spectral_only__f0_s1/results/session_val_test_no_tta.csv,833,57a198a5931c5833f930d543a55270613352aa9cf4d7f26756c83e9745156bff
outputs/experiments_u430k32/s11/X2/spectral_only__f0_s1/results/session_val_test_no_tta.json,4939,7626a44c27b302578c8ac13df1d99588d0703e06475e95f63c4f33dddbd92b29
outputs/experiments_u430k32/s11/X2/spectral_only__f0_s1/results/session_val_test_tta.csv,833,6c5d284d6c729d50c9ee1df8dd262f34eb4e0af2dee79508b74674bdb0c96977
outputs/experiments_u430k32/s11/X2/spectral_only__f0_s1/results/session_val_test_tta.json,4959,6a99b146e56da972aaec01047b8b45a4ef674e3ac3c41cf9e6aab6a3ef8227aa
outputs/experiments_u430k32/s11/X2/spectral_only__f0_s1/results/targets_val_test_no_tta.npy,34616,
outputs/experiments_u430k32/s11/X2/spectral_only__f0_s1/results/targets_val_test_tta.npy,34616,
outputs/experiments_u430k32/s11/X2/spectral_only__f0_s1/stage1_meta.json,5209,886e1b5f78234fd60ffb597099a58f1591d526aa388e8db5d686c273e0d80e77
outputs/experiments_u430k32/s11/X2/spectral_only__f0_s1/sweep.log,129328,
outputs/experiments_u430k32/s11/X2/spectral_only__f0_s1/training.log,189284,
outputs/experiments_u430k32/s11/X2/spectral_only__f1_s0/best_stage1.pth,22965135,
outputs/experiments_u430k32/s11/X2/spectral_only__f1_s0/clean_fit.json,21845,06620a9ac43d78ccbb4ce9891fbd7afca1093109d43e9683c001ee97a2d215ff
outputs/experiments_u430k32/s11/X2/spectral_only__f1_s0/figures/confusion_val_test_no_tta.png,72181,
outputs/experiments_u430k32/s11/X2/spectral_only__f1_s0/figures/confusion_val_test_tta.png,71811,
outputs/experiments_u430k32/s11/X2/spectral_only__f1_s0/figures/per_class_f1_val_test_no_tta.png,39129,
outputs/experiments_u430k32/s11/X2/spectral_only__f1_s0/figures/per_class_f1_val_test_tta.png,39051,
outputs/experiments_u430k32/s11/X2/spectral_only__f1_s0/frozen_cell.json,1228,bf4f261d5543cec028545ee78141f214d2f41da7bd7d1bbc110e259ca5f230e3
outputs/experiments_u430k32/s11/X2/spectral_only__f1_s0/hydra/2026-10-02_09-02-12/.hydra/config.yaml,4266,fd801bcdc2f358e62bca03578d61a5ab6d7bf5c2ab39b9fdc31b0242e7a2abdf
outputs/experiments_u430k32/s11/X2/spectral_only__f1_s0/hydra/2026-10-02_09-02-12/.hydra/hydra.yaml,4120,ecf6b67c4615697036b9d39eddf4127f828f0c0493826fedc8d7a2aafc2642d3
outputs/experiments_u430k32/s11/X2/spectral_only__f1_s0/hydra/2026-10-02_09-02-12/.hydra/overrides.yaml,244,4a7b593c8cc129a6ede5abe9e2fcf448fb0e2d56af45f9f0dfeb7d4e55e62370
outputs/experiments_u430k32/s11/X2/spectral_only__f1_s0/hydra/2026-10-02_09-02-12/train.log,241,
outputs/experiments_u430k32/s11/X2/spectral_only__f1_s0/hydra/2026-10-02_09-02-13/.hydra/config.yaml,4266,fd801bcdc2f358e62bca03578d61a5ab6d7bf5c2ab39b9fdc31b0242e7a2abdf
outputs/experiments_u430k32/s11/X2/spectral_only__f1_s0/hydra/2026-10-02_09-02-13/.hydra/hydra.yaml,4120,6d51aa403fcfeb57cdc998663cd509abbd5e2d44264d85dc2e3794489c38beac
outputs/experiments_u430k32/s11/X2/spectral_only__f1_s0/hydra/2026-10-02_09-02-13/.hydra/overrides.yaml,244,4a7b593c8cc129a6ede5abe9e2fcf448fb0e2d56af45f9f0dfeb7d4e55e62370
outputs/experiments_u430k32/s11/X2/spectral_only__f1_s0/hydra/2026-10-02_09-02-13/train.log,241,
outputs/experiments_u430k32/s11/X2/spectral_only__f1_s0/last_stage1.json,142,716f5488582f1771c06931e1af8a3aa6a9224d21f122b8f430bc95ec2dbfcfc0
outputs/experiments_u430k32/s11/X2/spectral_only__f1_s0/metrics.jsonl,394634,
outputs/experiments_u430k32/s11/X2/spectral_only__f1_s0/results/confusion_val_test_no_tta.csv,16830,3c8790d9936568f4e254e9596e70c328124bdc2e1af2c50cc42c0bb8cadb0f29
outputs/experiments_u430k32/s11/X2/spectral_only__f1_s0/results/confusion_val_test_no_tta.npy,64928,
outputs/experiments_u430k32/s11/X2/spectral_only__f1_s0/results/confusion_val_test_tta.csv,16829,7a2326d34a38b3b6610fd470ac31a699d4e8c760a80b12fc931fc3662a2c10cd
outputs/experiments_u430k32/s11/X2/spectral_only__f1_s0/results/confusion_val_test_tta.npy,64928,
outputs/experiments_u430k32/s11/X2/spectral_only__f1_s0/results/logits_calib_no_tta.npz,106791,
outputs/experiments_u430k32/s11/X2/spectral_only__f1_s0/results/logits_calib_tta.npz,106760,
outputs/experiments_u430k32/s11/X2/spectral_only__f1_s0/results/logits_val_test_no_tta.npz,724953,
outputs/experiments_u430k32/s11/X2/spectral_only__f1_s0/results/logits_val_test_tta.npz,724928,
outputs/experiments_u430k32/s11/X2/spectral_only__f1_s0/results/metrics_val_test_no_tta.json,18874,ad4919a868e7b63ffea898db2d8aacc4ec27e40d78a9e467c09a745b84c4bbba
outputs/experiments_u430k32/s11/X2/spectral_only__f1_s0/results/metrics_val_test_tta.json,18864,d7d7f73af59220cba841e8e698b43d2aedc0cd832fc0aa934bab08af0428e32c
outputs/experiments_u430k32/s11/X2/spectral_only__f1_s0/results/per_class_val_test_no_tta.csv,2994,cb87d26ec644d42001957de94b838ea9f0c62153c084767736900599cf320e26
outputs/experiments_u430k32/s11/X2/spectral_only__f1_s0/results/per_class_val_test_tta.csv,2994,0e00e64959c2cfaed8f2398c7523a36284fa2dde61b726492647cd6a4257bd04
outputs/experiments_u430k32/s11/X2/spectral_only__f1_s0/results/preds_val_test_no_tta.npy,34600,
outputs/experiments_u430k32/s11/X2/spectral_only__f1_s0/results/preds_val_test_tta.npy,34600,
outputs/experiments_u430k32/s11/X2/spectral_only__f1_s0/results/rows_val_test_no_tta.npy,34600,
outputs/experiments_u430k32/s11/X2/spectral_only__f1_s0/results/rows_val_test_tta.npy,34600,
outputs/experiments_u430k32/s11/X2/spectral_only__f1_s0/results/run.json,63374,ef8c2bd92ce366a8c1fc6bb3be75dc34d6ec89c8f82c0958710c96e46577aff3
outputs/experiments_u430k32/s11/X2/spectral_only__f1_s0/results/session_val_test_no_tta.csv,884,101c69d91a4ae1729bd3f9b546c3dd74a8f71bf0a2f2ba236019ff3d7fad8475
outputs/experiments_u430k32/s11/X2/spectral_only__f1_s0/results/session_val_test_no_tta.json,5042,a2e81363fbaf969193cfa85b5584548ffe5e84fa9512b4a442c813ea274dade6
outputs/experiments_u430k32/s11/X2/spectral_only__f1_s0/results/session_val_test_tta.csv,884,43e21c516b51a47259a99e3aac14816516a32166782892e919937323ff07624c
outputs/experiments_u430k32/s11/X2/spectral_only__f1_s0/results/session_val_test_tta.json,5040,7ee321913b44dbee95a62e1428c10b2a88868e00405dcc75caceed828e3d8b69
outputs/experiments_u430k32/s11/X2/spectral_only__f1_s0/results/targets_val_test_no_tta.npy,34600,
outputs/experiments_u430k32/s11/X2/spectral_only__f1_s0/results/targets_val_test_tta.npy,34600,
outputs/experiments_u430k32/s11/X2/spectral_only__f1_s0/stage1_meta.json,5217,fee58a30b11dd594b9744f32a917a4be546bb4e48097b9d0dd605de43538410b
outputs/experiments_u430k32/s11/X2/spectral_only__f1_s0/sweep.log,119703,
outputs/experiments_u430k32/s11/X2/spectral_only__f1_s0/training.log,171910,
outputs/experiments_u430k32/s11/X2/spectral_only__f1_s1/best_stage1.pth,22965135,
outputs/experiments_u430k32/s11/X2/spectral_only__f1_s1/clean_fit.json,23954,1d4ed6440d738050aae8fcd02f572a6bdb3951989edfbe03fe5c698c75a9e508
outputs/experiments_u430k32/s11/X2/spectral_only__f1_s1/figures/confusion_val_test_no_tta.png,71408,
outputs/experiments_u430k32/s11/X2/spectral_only__f1_s1/figures/confusion_val_test_tta.png,71053,
outputs/experiments_u430k32/s11/X2/spectral_only__f1_s1/figures/per_class_f1_val_test_no_tta.png,39079,
outputs/experiments_u430k32/s11/X2/spectral_only__f1_s1/figures/per_class_f1_val_test_tta.png,38673,
outputs/experiments_u430k32/s11/X2/spectral_only__f1_s1/frozen_cell.json,1228,ef2d2d04584b4126d43aef6ecc20a4d249f3ef828c8619cb55e78c3c643ccd4c
outputs/experiments_u430k32/s11/X2/spectral_only__f1_s1/hydra/2026-10-02_09-17-03/.hydra/config.yaml,4266,fba3c6ccbf99d774e8c6bbec96d611d36e4127deaa950945748dd11bd1af16ef
outputs/experiments_u430k32/s11/X2/spectral_only__f1_s1/hydra/2026-10-02_09-17-03/.hydra/hydra.yaml,4120,edbcc54fcae97570886e0d133410ff455bbf39f257a233d3e8b000211be96a3e
outputs/experiments_u430k32/s11/X2/spectral_only__f1_s1/hydra/2026-10-02_09-17-03/.hydra/overrides.yaml,244,6c9c01d9591f6b9e1876df7e99a487a339a6a5fa825f09616d72501b74b7ed78
outputs/experiments_u430k32/s11/X2/spectral_only__f1_s1/hydra/2026-10-02_09-17-03/train.log,482,
outputs/experiments_u430k32/s11/X2/spectral_only__f1_s1/last_stage1.json,142,4fe6d30d2af5845f5747394e982f5e78d302a84556e8a0fc8916efcd77fd7f5b
outputs/experiments_u430k32/s11/X2/spectral_only__f1_s1/metrics.jsonl,414737,
outputs/experiments_u430k32/s11/X2/spectral_only__f1_s1/results/confusion_val_test_no_tta.csv,16827,e0218263a5e89af634f275255631224c4f049d8bbefe7e0adc52dd2c04c34575
outputs/experiments_u430k32/s11/X2/spectral_only__f1_s1/results/confusion_val_test_no_tta.npy,64928,
outputs/experiments_u430k32/s11/X2/spectral_only__f1_s1/results/confusion_val_test_tta.csv,16827,e7c5ff08f40abdabcec0c677da8ffa552256b707423e80911d0572150870f74e
outputs/experiments_u430k32/s11/X2/spectral_only__f1_s1/results/confusion_val_test_tta.npy,64928,
outputs/experiments_u430k32/s11/X2/spectral_only__f1_s1/results/logits_calib_no_tta.npz,106338,
outputs/experiments_u430k32/s11/X2/spectral_only__f1_s1/results/logits_calib_tta.npz,106379,
outputs/experiments_u430k32/s11/X2/spectral_only__f1_s1/results/logits_val_test_no_tta.npz,722142,
outputs/experiments_u430k32/s11/X2/spectral_only__f1_s1/results/logits_val_test_tta.npz,722079,
outputs/experiments_u430k32/s11/X2/spectral_only__f1_s1/results/metrics_val_test_no_tta.json,18786,8228b9002a1c9a1590c93d92da36f2e9e48e7437e13cf9ca4014dc0d32325ce4
outputs/experiments_u430k32/s11/X2/spectral_only__f1_s1/results/metrics_val_test_tta.json,18791,7f404834229ab0aebcd7acf7dc0cd141246e902fed4314083301c6c40502225a
outputs/experiments_u430k32/s11/X2/spectral_only__f1_s1/results/per_class_val_test_no_tta.csv,2994,8bf169bffee4340aa100bcd438c1d15c1f3a4531756803fb0db880306a912c1f
outputs/experiments_u430k32/s11/X2/spectral_only__f1_s1/results/per_class_val_test_tta.csv,2994,c76e685daf53fe0d0acf11825a2216830ec609955fe70f6bb0ac4cf9f5ae154c
outputs/experiments_u430k32/s11/X2/spectral_only__f1_s1/results/preds_val_test_no_tta.npy,34600,
outputs/experiments_u430k32/s11/X2/spectral_only__f1_s1/results/preds_val_test_tta.npy,34600,
outputs/experiments_u430k32/s11/X2/spectral_only__f1_s1/results/rows_val_test_no_tta.npy,34600,
outputs/experiments_u430k32/s11/X2/spectral_only__f1_s1/results/rows_val_test_tta.npy,34600,
outputs/experiments_u430k32/s11/X2/spectral_only__f1_s1/results/run.json,63087,cf921271ceeb12f42a9b055606c756199461434dec82f8a7fff03a56234f1315
outputs/experiments_u430k32/s11/X2/spectral_only__f1_s1/results/session_val_test_no_tta.csv,884,17b0eb047b54cd3d71c67718d9b1cbf50dcce6c3d8405e6056d119ac3cccbb23
outputs/experiments_u430k32/s11/X2/spectral_only__f1_s1/results/session_val_test_no_tta.json,4994,7d9896e9023fe23790158a2a5ebf10df25e55aaddd9fa16334f5eef4f4879dd6
outputs/experiments_u430k32/s11/X2/spectral_only__f1_s1/results/session_val_test_tta.csv,884,33f9743fa80b62c58a8f8b7440122d65fee3822310e65a22758a7e6767c4159d
outputs/experiments_u430k32/s11/X2/spectral_only__f1_s1/results/session_val_test_tta.json,4962,eb848def8e851eebb7df8495163f3039ecd3f11dec0503030890596e8ca9e852
outputs/experiments_u430k32/s11/X2/spectral_only__f1_s1/results/targets_val_test_no_tta.npy,34600,
outputs/experiments_u430k32/s11/X2/spectral_only__f1_s1/results/targets_val_test_tta.npy,34600,
outputs/experiments_u430k32/s11/X2/spectral_only__f1_s1/stage1_meta.json,5314,d20bca426af1fccf2f0bd271e65cb10b8867b94289972b7d914fc8f77b0eba52
outputs/experiments_u430k32/s11/X2/spectral_only__f1_s1/sweep.log,125841,
outputs/experiments_u430k32/s11/X2/spectral_only__f1_s1/training.log,184321,
outputs/experiments_u430k32/s11/X4/grouped__f0_s0/best_stage1.pth,22965135,
outputs/experiments_u430k32/s11/X4/grouped__f0_s0/clean_fit.json,15486,402e4cf7bd54699b02e726ab6038de6d4fa3513b58e49e2ae14482024cf19c8e
outputs/experiments_u430k32/s11/X4/grouped__f0_s0/figures/confusion_val_test_no_tta.png,72104,
outputs/experiments_u430k32/s11/X4/grouped__f0_s0/figures/confusion_val_test_tta.png,71750,
outputs/experiments_u430k32/s11/X4/grouped__f0_s0/figures/per_class_f1_val_test_no_tta.png,38743,
outputs/experiments_u430k32/s11/X4/grouped__f0_s0/figures/per_class_f1_val_test_tta.png,38251,
outputs/experiments_u430k32/s11/X4/grouped__f0_s0/frozen_cell.json,1784,5adbd8022d9a209ab95a276d39a4511b4fe16d269a3ae0b3cda77bf1c3e73e4e
outputs/experiments_u430k32/s11/X4/grouped__f0_s0/hydra/2026-10-01_22-27-07/.hydra/config.yaml,4258,9b56eaedc41328acb4341367c5c3a555a1e1bd4dcd77014e49b376bad542981e
outputs/experiments_u430k32/s11/X4/grouped__f0_s0/hydra/2026-10-01_22-27-07/.hydra/hydra.yaml,4742,c2a32ac01576efc99ee9386056782aac27aae38aa9907c395091046c7e8b65bf
outputs/experiments_u430k32/s11/X4/grouped__f0_s0/hydra/2026-10-01_22-27-07/.hydra/overrides.yaml,546,d9629dd2a9839c54bc8aa2f702662b342f403f8de51cda20227300126e24d98d
outputs/experiments_u430k32/s11/X4/grouped__f0_s0/hydra/2026-10-01_22-27-07/train.log,482,
outputs/experiments_u430k32/s11/X4/grouped__f0_s0/last_stage1.json,141,ce4a5935b3d1bc0a6203c75d1fa4e116899dbc1dc87b3da8abc538ac45a52259
outputs/experiments_u430k32/s11/X4/grouped__f0_s0/metrics.jsonl,508406,
outputs/experiments_u430k32/s11/X4/grouped__f0_s0/results/confusion_val_test_no_tta.csv,16839,e6d33ae8fe7ad60291ba837ef2548d657bfecc8f601e4293f15d87db136dee32
outputs/experiments_u430k32/s11/X4/grouped__f0_s0/results/confusion_val_test_no_tta.npy,64928,
outputs/experiments_u430k32/s11/X4/grouped__f0_s0/results/confusion_val_test_tta.csv,16833,1c9343920c77620da73486b2bea09e751f92ed582084bcf617ef4d5350bc9249
outputs/experiments_u430k32/s11/X4/grouped__f0_s0/results/confusion_val_test_tta.npy,64928,
outputs/experiments_u430k32/s11/X4/grouped__f0_s0/results/logits_calib_no_tta.npz,106343,
outputs/experiments_u430k32/s11/X4/grouped__f0_s0/results/logits_calib_tta.npz,106531,
outputs/experiments_u430k32/s11/X4/grouped__f0_s0/results/logits_val_test_no_tta.npz,722506,
outputs/experiments_u430k32/s11/X4/grouped__f0_s0/results/logits_val_test_tta.npz,723210,
outputs/experiments_u430k32/s11/X4/grouped__f0_s0/results/metrics_val_test_no_tta.json,18554,3f348ad954f50432938f405462d88c5200b69ce1f09a43c9c4a82f996260a50e
outputs/experiments_u430k32/s11/X4/grouped__f0_s0/results/metrics_val_test_tta.json,18789,db96af92382182219b3139078808defa8d70d50361f0471e92f53550cbe99957
outputs/experiments_u430k32/s11/X4/grouped__f0_s0/results/per_class_val_test_no_tta.csv,2994,a6b4aa897b9c2784b226f2620efb237fbf5d0d043c52c541a9aedd7a4ced74bf
outputs/experiments_u430k32/s11/X4/grouped__f0_s0/results/per_class_val_test_tta.csv,2994,7d3ac10871fd30aa7222eced60236a35907cb1116ffd7169c5387a496dd3375f
outputs/experiments_u430k32/s11/X4/grouped__f0_s0/results/preds_val_test_no_tta.npy,34616,
outputs/experiments_u430k32/s11/X4/grouped__f0_s0/results/preds_val_test_tta.npy,34616,
outputs/experiments_u430k32/s11/X4/grouped__f0_s0/results/rows_val_test_no_tta.npy,34616,
outputs/experiments_u430k32/s11/X4/grouped__f0_s0/results/rows_val_test_tta.npy,34616,
outputs/experiments_u430k32/s11/X4/grouped__f0_s0/results/run.json,62950,da095f95fe7208172fcdeab2d3db783dcefc9bf336cf73e28912b98ac3470c81
outputs/experiments_u430k32/s11/X4/grouped__f0_s0/results/session_val_test_no_tta.csv,833,6f352dd36c6dd48bc4b3bf8370b7e91bc2bf48fd0c9e4bb0099d4f23bbc5e924
outputs/experiments_u430k32/s11/X4/grouped__f0_s0/results/session_val_test_no_tta.json,5093,5dc8b08a1e35c95fa1a8b207d865aed0d1ddeb0da113e9bcc95347fcf3b43d8c
outputs/experiments_u430k32/s11/X4/grouped__f0_s0/results/session_val_test_tta.csv,833,e878028a3aa0e573fa3f4d3b7137f2f5c3dccae83f29753062dfbc4333ff8b56
outputs/experiments_u430k32/s11/X4/grouped__f0_s0/results/session_val_test_tta.json,4981,38d02593489ef672941c24de77c2f0c7ad081908dde4d0e50c2b0c86adfb0a4f
outputs/experiments_u430k32/s11/X4/grouped__f0_s0/results/targets_val_test_no_tta.npy,34616,
outputs/experiments_u430k32/s11/X4/grouped__f0_s0/results/targets_val_test_tta.npy,34616,
outputs/experiments_u430k32/s11/X4/grouped__f0_s0/stage1_meta.json,5243,d5b777d0b44b74308aa40dcf38f3e721ae3848cbb4f10dd665b3d425d597f113
outputs/experiments_u430k32/s11/X4/grouped__f0_s0/sweep.log,131181,
outputs/experiments_u430k32/s11/X4/grouped__f0_s0/training.log,168352,
outputs/experiments_u430k32/s11/X4/stratified__f0_s0/best_stage1.pth,22965135,
outputs/experiments_u430k32/s11/X4/stratified__f0_s0/clean_fit.json,14077,7960173d8e425177a2642255e0e0869d4e3a8df3b1af0269de1fee0e9c11b347
outputs/experiments_u430k32/s11/X4/stratified__f0_s0/figures/confusion_val_test_no_tta.png,66110,
outputs/experiments_u430k32/s11/X4/stratified__f0_s0/figures/confusion_val_test_tta.png,68310,
outputs/experiments_u430k32/s11/X4/stratified__f0_s0/figures/per_class_f1_val_test_no_tta.png,39121,
outputs/experiments_u430k32/s11/X4/stratified__f0_s0/figures/per_class_f1_val_test_tta.png,39242,
outputs/experiments_u430k32/s11/X4/stratified__f0_s0/frozen_cell.json,1802,e917116fa084bf5713e8352ea58188abecfefd5215dc9d91a9b33260d6403d52
outputs/experiments_u430k32/s11/X4/stratified__f0_s0/hydra/2026-10-01_22-49-35/.hydra/config.yaml,4267,59523adb72b40185627c9e9102cc5945b22d97025520b4390c37fbad4e39ecde
outputs/experiments_u430k32/s11/X4/stratified__f0_s0/hydra/2026-10-01_22-49-35/.hydra/hydra.yaml,4766,b78a171104d37a2ff6e2c494f175e69b4fb3e38660029192b2e1fdfe9875826f
outputs/experiments_u430k32/s11/X4/stratified__f0_s0/hydra/2026-10-01_22-49-35/.hydra/overrides.yaml,555,9d22dfb6dbac3995b25f9b86cb476880d1b4ee515da672508eb989253b65d88d
outputs/experiments_u430k32/s11/X4/stratified__f0_s0/hydra/2026-10-01_22-49-35/train.log,482,
outputs/experiments_u430k32/s11/X4/stratified__f0_s0/last_stage1.json,143,59fc4444ee0a97d3c7e5661c6cf767b3101981ffe857c1906623b944ea6a989b
outputs/experiments_u430k32/s11/X4/stratified__f0_s0/metrics.jsonl,498154,
outputs/experiments_u430k32/s11/X4/stratified__f0_s0/results/confusion_val_test_no_tta.csv,16813,e6885814eceafab91576da83f4ee5a937c11e352ce079f66f542336132ac75f0
outputs/experiments_u430k32/s11/X4/stratified__f0_s0/results/confusion_val_test_no_tta.npy,64928,
outputs/experiments_u430k32/s11/X4/stratified__f0_s0/results/confusion_val_test_tta.csv,16808,0b77f2e0722d0096d4cdae036c38a57a325fce2b2a164fb718d4d19813e035c5
outputs/experiments_u430k32/s11/X4/stratified__f0_s0/results/confusion_val_test_tta.npy,64928,
outputs/experiments_u430k32/s11/X4/stratified__f0_s0/results/logits_calib_no_tta.npz,154365,
outputs/experiments_u430k32/s11/X4/stratified__f0_s0/results/logits_calib_tta.npz,154464,
outputs/experiments_u430k32/s11/X4/stratified__f0_s0/results/logits_val_test_no_tta.npz,433412,
outputs/experiments_u430k32/s11/X4/stratified__f0_s0/results/logits_val_test_tta.npz,433635,
outputs/experiments_u430k32/s11/X4/stratified__f0_s0/results/metrics_val_test_no_tta.json,16912,394a3943a1c26750295e27ac6e105f87bbe6ff8a5738ac344f8bc7fb541ff163
outputs/experiments_u430k32/s11/X4/stratified__f0_s0/results/metrics_val_test_tta.json,16742,5a1f719fca1ba5e65cc48453b0778dc451a9eadab89e6547b3b8386c9da193d8
outputs/experiments_u430k32/s11/X4/stratified__f0_s0/results/per_class_val_test_no_tta.csv,2994,d2735f90c033f5f19327b500b504d8ca515e9a69f3de81df87f6495a71620d53
outputs/experiments_u430k32/s11/X4/stratified__f0_s0/results/per_class_val_test_tta.csv,2994,a8220b03069278720431aa1dfff5b1594473bf8c917ef330abf9893f93b53200
outputs/experiments_u430k32/s11/X4/stratified__f0_s0/results/preds_val_test_no_tta.npy,20832,
outputs/experiments_u430k32/s11/X4/stratified__f0_s0/results/preds_val_test_tta.npy,20832,
outputs/experiments_u430k32/s11/X4/stratified__f0_s0/results/rows_val_test_no_tta.npy,20832,
outputs/experiments_u430k32/s11/X4/stratified__f0_s0/results/rows_val_test_tta.npy,20832,
outputs/experiments_u430k32/s11/X4/stratified__f0_s0/results/run.json,55134,da022f545119fab074953320f450c0ba4d0043869a39e68a0e27bd48f640fe11
outputs/experiments_u430k32/s11/X4/stratified__f0_s0/results/session_val_test_no_tta.csv,763,2df8c4e308d28c0a57776e6c0f7e9c93598dbb6c3c88118906cf5d05a1754637
outputs/experiments_u430k32/s11/X4/stratified__f0_s0/results/session_val_test_no_tta.json,4786,6c2b713af49bb2422d5611d3e46d50f6c409fc72380ec391eb5aebf678ed2d50
outputs/experiments_u430k32/s11/X4/stratified__f0_s0/results/session_val_test_tta.csv,763,f19082d79240d9d4b00c48c5c7e036e02a31ea22f641557f42f94e819f9da8a4
outputs/experiments_u430k32/s11/X4/stratified__f0_s0/results/session_val_test_tta.json,4773,dafc5a6eb0983fe2ddecdac780bf3cd2649e285c727f712bf6515f8122807c03
outputs/experiments_u430k32/s11/X4/stratified__f0_s0/results/targets_val_test_no_tta.npy,20832,
outputs/experiments_u430k32/s11/X4/stratified__f0_s0/results/targets_val_test_tta.npy,20832,
outputs/experiments_u430k32/s11/X4/stratified__f0_s0/stage1_meta.json,5394,33ca7bd99a99f724ea6b05328721109342fd0a3a2a898a5bd059153300504026
outputs/experiments_u430k32/s11/X4/stratified__f0_s0/sweep.log,127435,
outputs/experiments_u430k32/s11/X4/stratified__f0_s0/training.log,160251,
outputs/experiments_u430k32/s13/Y1/fused__f0_s0/results/confusion_val_test_no_tta.csv,16837,1d3a88aba9b2cb0c8a3c04ef96f32f8408c888a2e6ea9a61c30e06a97dbdf2ab
outputs/experiments_u430k32/s13/Y1/fused__f0_s0/results/confusion_val_test_no_tta.npy,64928,
outputs/experiments_u430k32/s13/Y1/fused__f0_s0/results/confusion_val_test_tta.csv,16839,6fb52a4635f351bc9d16512152d0cf49801f13cbafd214a9513935d7ad30bd7e
outputs/experiments_u430k32/s13/Y1/fused__f0_s0/results/confusion_val_test_tta.npy,64928,
outputs/experiments_u430k32/s13/Y1/fused__f0_s0/results/logits_val_test_no_tta.npz,607779,
outputs/experiments_u430k32/s13/Y1/fused__f0_s0/results/logits_val_test_tta.npz,608387,
outputs/experiments_u430k32/s13/Y1/fused__f0_s0/results/metrics_val_test_no_tta.json,13920,57d336eb94fe7e5e36075a24b5b9e53dec604a9a8f6397ce43156a03a186fc6a
outputs/experiments_u430k32/s13/Y1/fused__f0_s0/results/metrics_val_test_tta.json,13868,386b4ed9068c8d3509534a19bf428c258ae56bf1add4a3c55f3ea096db42247a
outputs/experiments_u430k32/s13/Y1/fused__f0_s0/results/per_class_val_test_no_tta.csv,2994,b06327ade63ac89ee6ce575bcd31b2d810af400fc365313054fc614a1f6b6731
outputs/experiments_u430k32/s13/Y1/fused__f0_s0/results/per_class_val_test_tta.csv,2994,6248ca0358cb696dfbb57ebf6c6478b54dc9336cb6c8e64f77f5547084792ac0
outputs/experiments_u430k32/s13/Y1/fused__f0_s0/results/preds_val_test_no_tta.npy,34616,
outputs/experiments_u430k32/s13/Y1/fused__f0_s0/results/preds_val_test_tta.npy,34616,
outputs/experiments_u430k32/s13/Y1/fused__f0_s0/results/rows_val_test_no_tta.npy,34616,
outputs/experiments_u430k32/s13/Y1/fused__f0_s0/results/rows_val_test_tta.npy,34616,
outputs/experiments_u430k32/s13/Y1/fused__f0_s0/results/run.json,76366,53577fa207dcee391d238946d2e3e9fdd6afb017cc7f76d494c25a20e4d1785c
outputs/experiments_u430k32/s13/Y1/fused__f0_s0/results/session_val_test_no_tta.csv,833,c5134834d59aa48cf41b2a42ef5c699834f8e20a5fa313b2c78f6e4e023e2f90
outputs/experiments_u430k32/s13/Y1/fused__f0_s0/results/session_val_test_no_tta.json,5102,242afa79fc0d275180cecd89ec712e9aa343aaa3a6cd1837c3bc073c9d0d410e
outputs/experiments_u430k32/s13/Y1/fused__f0_s0/results/session_val_test_tta.csv,833,6fab6ac3e625c42e5a661360827ce8ba3864ee57f6179d4d94531bae3cf04b7f
outputs/experiments_u430k32/s13/Y1/fused__f0_s0/results/session_val_test_tta.json,5111,f626ee00e59cc4ab69876403379df1dfd192c6242cdd4f85f9d87099e60e643c
outputs/experiments_u430k32/s13/Y1/fused__f0_s0/results/targets_val_test_no_tta.npy,34616,
outputs/experiments_u430k32/s13/Y1/fused__f0_s0/results/targets_val_test_tta.npy,34616,
outputs/experiments_u430k32/s13/Y1/fused__f1_s0/results/confusion_val_test_no_tta.csv,16843,6733b1aee7ff3ea486ac2808a3bd5cf6160f957eedeca7694bf7166fca5c1862
outputs/experiments_u430k32/s13/Y1/fused__f1_s0/results/confusion_val_test_no_tta.npy,64928,
outputs/experiments_u430k32/s13/Y1/fused__f1_s0/results/confusion_val_test_tta.csv,16839,5fd454133ccf359818c7633f6c0def57221ee8278418feb0a0634b6d35310a2f
outputs/experiments_u430k32/s13/Y1/fused__f1_s0/results/confusion_val_test_tta.npy,64928,
outputs/experiments_u430k32/s13/Y1/fused__f1_s0/results/logits_val_test_no_tta.npz,608685,
outputs/experiments_u430k32/s13/Y1/fused__f1_s0/results/logits_val_test_tta.npz,609407,
outputs/experiments_u430k32/s13/Y1/fused__f1_s0/results/metrics_val_test_no_tta.json,14040,b4f9e673b42d334851a33c4596078aeb6eb20ed9ed8600c304c655bdbc7ceed3
outputs/experiments_u430k32/s13/Y1/fused__f1_s0/results/metrics_val_test_tta.json,13915,7152bb3881dadddb617be24aa9fa69cc8b634a0deb14250c1f54f50cd62b46e3
outputs/experiments_u430k32/s13/Y1/fused__f1_s0/results/per_class_val_test_no_tta.csv,2994,792fa84610cda9dfc29eaf79a8bcc07ef62c4d433052190e1ebc7131d9edfcf8
outputs/experiments_u430k32/s13/Y1/fused__f1_s0/results/per_class_val_test_tta.csv,2994,a0d1dac4b79e050b05ccab4a28a0236281b1cd09115f0f1482900c41aef679a3
outputs/experiments_u430k32/s13/Y1/fused__f1_s0/results/preds_val_test_no_tta.npy,34600,
outputs/experiments_u430k32/s13/Y1/fused__f1_s0/results/preds_val_test_tta.npy,34600,
outputs/experiments_u430k32/s13/Y1/fused__f1_s0/results/rows_val_test_no_tta.npy,34600,
outputs/experiments_u430k32/s13/Y1/fused__f1_s0/results/rows_val_test_tta.npy,34600,
outputs/experiments_u430k32/s13/Y1/fused__f1_s0/results/run.json,76770,3a199112e47b08f80c774734445a739f7266e128c04a11652285b96ca83b5365
outputs/experiments_u430k32/s13/Y1/fused__f1_s0/results/session_val_test_no_tta.csv,884,67fe50d02c67bd9d6aabee83621cbf9346354d810ebbfdd9251e65c7354193ee
outputs/experiments_u430k32/s13/Y1/fused__f1_s0/results/session_val_test_no_tta.json,5081,b3259cce2b781e533cbf43d8a1f674a5f1ebb2bef55cc9d37b98d5d45ef95aef
outputs/experiments_u430k32/s13/Y1/fused__f1_s0/results/session_val_test_tta.csv,884,e6ffca1370a64bd916e7c6dd08b03e49170df80e4c5f9482c8dcde808c284639
outputs/experiments_u430k32/s13/Y1/fused__f1_s0/results/session_val_test_tta.json,5113,df4dbc293f81420aadb15f868a91d0c9864b04f9bae3baa9403f981d829967a1
outputs/experiments_u430k32/s13/Y1/fused__f1_s0/results/targets_val_test_no_tta.npy,34600,
outputs/experiments_u430k32/s13/Y1/fused__f1_s0/results/targets_val_test_tta.npy,34600,
outputs/experiments_u430k32/s13/Y1/spatial_only__f0_s0/best_stage1.pth,22966039,
outputs/experiments_u430k32/s13/Y1/spatial_only__f0_s0/clean_fit.json,25674,94bb8b504e1468f3a3b08caa13afe691791b59a1d97130c75bdfbfadcb2962eb
outputs/experiments_u430k32/s13/Y1/spatial_only__f0_s0/figures/confusion_val_test_no_tta.png,71163,
outputs/experiments_u430k32/s13/Y1/spatial_only__f0_s0/figures/confusion_val_test_tta.png,70202,
outputs/experiments_u430k32/s13/Y1/spatial_only__f0_s0/figures/per_class_f1_val_test_no_tta.png,38817,
outputs/experiments_u430k32/s13/Y1/spatial_only__f0_s0/figures/per_class_f1_val_test_tta.png,38031,
outputs/experiments_u430k32/s13/Y1/spatial_only__f0_s0/frozen_cell.json,1598,710d2e88359877dd3b8e90cad5242328eacab32e1bee77b83f34c9c30a934606
outputs/experiments_u430k32/s13/Y1/spatial_only__f0_s0/hydra/2026-10-03_05-46-09/.hydra/config.yaml,4402,25dd020e85b3ee6b5730159869a9f46c89353898f16fc855d3550973faaca3f9
outputs/experiments_u430k32/s13/Y1/spatial_only__f0_s0/hydra/2026-10-03_05-46-09/.hydra/hydra.yaml,4463,8643335c7b57039c474734120c41e0f33a5edf0357e4e7910fdfc3daf6dc708e
outputs/experiments_u430k32/s13/Y1/spatial_only__f0_s0/hydra/2026-10-03_05-46-09/.hydra/overrides.yaml,409,f307aac6615e0b9f102dec81debf8b2033017141c370983ff69743870dfb57b0
outputs/experiments_u430k32/s13/Y1/spatial_only__f0_s0/hydra/2026-10-03_05-46-09/train.log,482,
outputs/experiments_u430k32/s13/Y1/spatial_only__f0_s0/last_stage1.json,142,a171bf79a40625e983f704cac9f500df5b3bb52184505b0af8b5d17197ba35ba
outputs/experiments_u430k32/s13/Y1/spatial_only__f0_s0/metrics.jsonl,578693,
outputs/experiments_u430k32/s13/Y1/spatial_only__f0_s0/results/confusion_val_test_no_tta.csv,16835,5da354c7d900a51b509983b64ed01ababbf6aae84a3219c820aedf16dfbb80c2
outputs/experiments_u430k32/s13/Y1/spatial_only__f0_s0/results/confusion_val_test_no_tta.npy,64928,
outputs/experiments_u430k32/s13/Y1/spatial_only__f0_s0/results/confusion_val_test_tta.csv,16837,3dd56b87a9eb70be7946ff80d8744e1f01cd0a546604e1b31fdb4ea36a825195
outputs/experiments_u430k32/s13/Y1/spatial_only__f0_s0/results/confusion_val_test_tta.npy,64928,
outputs/experiments_u430k32/s13/Y1/spatial_only__f0_s0/results/logits_calib_no_tta.npz,107240,
outputs/experiments_u430k32/s13/Y1/spatial_only__f0_s0/results/logits_calib_tta.npz,107233,
outputs/experiments_u430k32/s13/Y1/spatial_only__f0_s0/results/logits_val_test_no_tta.npz,728071,
outputs/experiments_u430k32/s13/Y1/spatial_only__f0_s0/results/logits_val_test_tta.npz,727969,
outputs/experiments_u430k32/s13/Y1/spatial_only__f0_s0/results/metrics_val_test_no_tta.json,18778,3b0cff4b4276b86d84db7cbf7e93e2972e6244573cd0fe1171f738553b111cd6
outputs/experiments_u430k32/s13/Y1/spatial_only__f0_s0/results/metrics_val_test_tta.json,18778,6be1d54cb5bcda2636de98220acc5ce6882b29c941eb8e736ff47068e0067ff8
outputs/experiments_u430k32/s13/Y1/spatial_only__f0_s0/results/per_class_val_test_no_tta.csv,2994,7a73b21ac0a2bf7f102f2c0be982aa9f755bfbc560f3c762b6778cd6e06cb272
outputs/experiments_u430k32/s13/Y1/spatial_only__f0_s0/results/per_class_val_test_tta.csv,2994,49c27a8318411a74307025b2bcfe796de9b1a69246036ec2816f3e331722cde4
outputs/experiments_u430k32/s13/Y1/spatial_only__f0_s0/results/preds_val_test_no_tta.npy,34616,
outputs/experiments_u430k32/s13/Y1/spatial_only__f0_s0/results/preds_val_test_tta.npy,34616,
outputs/experiments_u430k32/s13/Y1/spatial_only__f0_s0/results/rows_val_test_no_tta.npy,34616,
outputs/experiments_u430k32/s13/Y1/spatial_only__f0_s0/results/rows_val_test_tta.npy,34616,
outputs/experiments_u430k32/s13/Y1/spatial_only__f0_s0/results/run.json,64417,be5b3defaadfd24732fdb1fec7a0dd9471f59a000479b33837587c2f32a49b7f
outputs/experiments_u430k32/s13/Y1/spatial_only__f0_s0/results/session_probe.json,729,7cbde8875ed4b1af4ca4e1e6d974bb878540ce4086d17d3178b970b4eca8efbf
outputs/experiments_u430k32/s13/Y1/spatial_only__f0_s0/results/session_val_test_no_tta.csv,833,51aa37b91f5dab142591bc012e964a9fa9ca27a8acb21b6d7d9e130a11c56e3a
outputs/experiments_u430k32/s13/Y1/spatial_only__f0_s0/results/session_val_test_no_tta.json,5122,fb60b8bbfc30228c516a28cd7ef04cc528b7efe23c13ad29f876944e66608814
outputs/experiments_u430k32/s13/Y1/spatial_only__f0_s0/results/session_val_test_tta.csv,833,e00026f2b468859555dc7e61b9c30a69169fffe0182b230caecbe6e30864f2c4
outputs/experiments_u430k32/s13/Y1/spatial_only__f0_s0/results/session_val_test_tta.json,5094,241e5b77942f09b14537084b1893109688e186d5bcb34dad9ee479248b0dda80
outputs/experiments_u430k32/s13/Y1/spatial_only__f0_s0/results/targets_val_test_no_tta.npy,34616,
outputs/experiments_u430k32/s13/Y1/spatial_only__f0_s0/results/targets_val_test_tta.npy,34616,
outputs/experiments_u430k32/s13/Y1/spatial_only__f0_s0/stage1_meta.json,5249,bec5fe4e92771105dd4adeb87ae6547b385919abb7f55f7bcf0e1eb9460ea80a
outputs/experiments_u430k32/s13/Y1/spatial_only__f0_s0/sweep.log,155360,
outputs/experiments_u430k32/s13/Y1/spatial_only__f0_s0/training.log,221725,
outputs/experiments_u430k32/s13/Y1/spatial_only__f1_s0/best_stage1.pth,22966039,
outputs/experiments_u430k32/s13/Y1/spatial_only__f1_s0/clean_fit.json,24618,f3530dd5ac8d65f8d7cb1a704d5f27ce47a314debf51ebb27556d6a001c0ff77
outputs/experiments_u430k32/s13/Y1/spatial_only__f1_s0/figures/confusion_val_test_no_tta.png,70629,
outputs/experiments_u430k32/s13/Y1/spatial_only__f1_s0/figures/confusion_val_test_tta.png,71926,
outputs/experiments_u430k32/s13/Y1/spatial_only__f1_s0/figures/per_class_f1_val_test_no_tta.png,38372,
outputs/experiments_u430k32/s13/Y1/spatial_only__f1_s0/figures/per_class_f1_val_test_tta.png,37745,
outputs/experiments_u430k32/s13/Y1/spatial_only__f1_s0/frozen_cell.json,1598,a232c7a48d92053657f2aaa69fa27b188b7bb05f9611778c922b713b75dbcc22
outputs/experiments_u430k32/s13/Y1/spatial_only__f1_s0/hydra/2026-10-03_06-13-00/.hydra/config.yaml,4402,d23ed56c4aa189aebf768f0c1a4effd5c171b3fe899cc00e2f7a8490ab811c1b
outputs/experiments_u430k32/s13/Y1/spatial_only__f1_s0/hydra/2026-10-03_06-13-00/.hydra/hydra.yaml,4463,f2dc8085528042218a1aa71254f283999223416e43a7043d8e68ce76d54b0650
outputs/experiments_u430k32/s13/Y1/spatial_only__f1_s0/hydra/2026-10-03_06-13-00/.hydra/overrides.yaml,409,b7625c8cd19b2d51651a59ce43dce18ff4cb1bc0489e8a4698389671f3f9fda6
outputs/experiments_u430k32/s13/Y1/spatial_only__f1_s0/hydra/2026-10-03_06-13-00/train.log,482,
outputs/experiments_u430k32/s13/Y1/spatial_only__f1_s0/last_stage1.json,142,df6be2ddbb0f46dc0e50cd9f0af457dcc43a5f04e64717e2fc3ba68ef23035b4
outputs/experiments_u430k32/s13/Y1/spatial_only__f1_s0/metrics.jsonl,530143,
outputs/experiments_u430k32/s13/Y1/spatial_only__f1_s0/results/confusion_val_test_no_tta.csv,16838,006501b61fccb600463bfa17d6d43e56061931c124f353831d9afb7809d53ad0
outputs/experiments_u430k32/s13/Y1/spatial_only__f1_s0/results/confusion_val_test_no_tta.npy,64928,
outputs/experiments_u430k32/s13/Y1/spatial_only__f1_s0/results/confusion_val_test_tta.csv,16838,ee399d804d58c7e9de25342dd3d1f946d90ba7512baa07561f38c8f56fe8ade3
outputs/experiments_u430k32/s13/Y1/spatial_only__f1_s0/results/confusion_val_test_tta.npy,64928,
outputs/experiments_u430k32/s13/Y1/spatial_only__f1_s0/results/logits_calib_no_tta.npz,107382,
outputs/experiments_u430k32/s13/Y1/spatial_only__f1_s0/results/logits_calib_tta.npz,107399,
outputs/experiments_u430k32/s13/Y1/spatial_only__f1_s0/results/logits_val_test_no_tta.npz,728670,
outputs/experiments_u430k32/s13/Y1/spatial_only__f1_s0/results/logits_val_test_tta.npz,728655,
outputs/experiments_u430k32/s13/Y1/spatial_only__f1_s0/results/metrics_val_test_no_tta.json,18775,0195ea05b5d3d8fff6839d28a3e4fab38fa98460bef52fc4c1dde5974319d9ba
outputs/experiments_u430k32/s13/Y1/spatial_only__f1_s0/results/metrics_val_test_tta.json,18789,688bc5da24e39bdaf3e5818b090c1200277316c036ea93f5826f792d6f903f96
outputs/experiments_u430k32/s13/Y1/spatial_only__f1_s0/results/per_class_val_test_no_tta.csv,2994,efb6474948ca5d2b8a05b34d6a57cf7f8c04ea4dd330511b8050a6f3b22b71e3
outputs/experiments_u430k32/s13/Y1/spatial_only__f1_s0/results/per_class_val_test_tta.csv,2994,03a976663b2e43757c6db7f059ccdddbf65c9709dc663162ddc556c0a9ac718d
outputs/experiments_u430k32/s13/Y1/spatial_only__f1_s0/results/preds_val_test_no_tta.npy,34600,
outputs/experiments_u430k32/s13/Y1/spatial_only__f1_s0/results/preds_val_test_tta.npy,34600,
outputs/experiments_u430k32/s13/Y1/spatial_only__f1_s0/results/rows_val_test_no_tta.npy,34600,
outputs/experiments_u430k32/s13/Y1/spatial_only__f1_s0/results/rows_val_test_tta.npy,34600,
outputs/experiments_u430k32/s13/Y1/spatial_only__f1_s0/results/run.json,64406,005b781a57158c88ca62a92843751299c28aea5c56305305753fa2f734aa29ea
outputs/experiments_u430k32/s13/Y1/spatial_only__f1_s0/results/session_probe.json,727,af7da1a4a62951e01620368934f0e2361509d1b4bf9e0a09a56be5b5ed2cd455
outputs/experiments_u430k32/s13/Y1/spatial_only__f1_s0/results/session_val_test_no_tta.csv,884,b7acd1f4c3c8b17f16487bc791310a70de5bcaaa4bdb8204ac45faa4b59c3d39
outputs/experiments_u430k32/s13/Y1/spatial_only__f1_s0/results/session_val_test_no_tta.json,5128,7b38865025d6d6cc1fc9b2d228a1defc0d7dd77a7106afd218fd826560c8c6f2
outputs/experiments_u430k32/s13/Y1/spatial_only__f1_s0/results/session_val_test_tta.csv,884,01c9aaa440c44521a717321eb679604dee094def677fba08f3a3220087f62dcd
outputs/experiments_u430k32/s13/Y1/spatial_only__f1_s0/results/session_val_test_tta.json,5072,c3c60e7ffab3b636e4ba2c55b7eccac2d9b59a7d6e34db65b48c9deb8ecda453
outputs/experiments_u430k32/s13/Y1/spatial_only__f1_s0/results/targets_val_test_no_tta.npy,34600,
outputs/experiments_u430k32/s13/Y1/spatial_only__f1_s0/results/targets_val_test_tta.npy,34600,
outputs/experiments_u430k32/s13/Y1/spatial_only__f1_s0/stage1_meta.json,5332,a7f236ff46314b14f03cf3cd226dd934ff3afa6e11847835ea46bd792c5da285
outputs/experiments_u430k32/s13/Y1/spatial_only__f1_s0/sweep.log,145018,
outputs/experiments_u430k32/s13/Y1/spatial_only__f1_s0/training.log,206955,
outputs/experiments_u430k32/s13/Y1/spectral_only__f0_s0/best_stage1.pth,22966039,
outputs/experiments_u430k32/s13/Y1/spectral_only__f0_s0/clean_fit.json,26287,05b67bdbe80d664afd02411e33d5e6d492da0d08863bb7d14d8b1f6f1eaad4cc
outputs/experiments_u430k32/s13/Y1/spectral_only__f0_s0/figures/confusion_val_test_no_tta.png,72050,
outputs/experiments_u430k32/s13/Y1/spectral_only__f0_s0/figures/confusion_val_test_tta.png,71709,
outputs/experiments_u430k32/s13/Y1/spectral_only__f0_s0/figures/per_class_f1_val_test_no_tta.png,39497,
outputs/experiments_u430k32/s13/Y1/spectral_only__f0_s0/figures/per_class_f1_val_test_tta.png,39296,
outputs/experiments_u430k32/s13/Y1/spectral_only__f0_s0/frozen_cell.json,1604,e957aeaede715cc3e4a5f58f6efe3e040979f8fc41f7c79b763fd40e9d6a931a
outputs/experiments_u430k32/s13/Y1/spectral_only__f0_s0/hydra/2026-10-03_05-04-46/.hydra/config.yaml,4405,c965721f904efc1300a80c8dce5e0be7721bf80bd99198c22bff0ffefe11a774
outputs/experiments_u430k32/s13/Y1/spectral_only__f0_s0/hydra/2026-10-03_05-04-46/.hydra/hydra.yaml,4470,55e7ecac3819fc337bc3e42574421fd8dd806aa46a1a035f0bce35822f4fbe43
outputs/experiments_u430k32/s13/Y1/spectral_only__f0_s0/hydra/2026-10-03_05-04-46/.hydra/overrides.yaml,412,8a179889e6c18dc456fc5307550a52da171b327778eb1af46c9446c03298ee95
outputs/experiments_u430k32/s13/Y1/spectral_only__f0_s0/hydra/2026-10-03_05-04-46/train.log,482,
outputs/experiments_u430k32/s13/Y1/spectral_only__f0_s0/last_stage1.json,141,4e1a2477086dc2a5bbf1bc230927f99f2c5393fa6569fc56f5b9a474bb07d762
outputs/experiments_u430k32/s13/Y1/spectral_only__f0_s0/metrics.jsonl,541417,
outputs/experiments_u430k32/s13/Y1/spectral_only__f0_s0/results/confusion_val_test_no_tta.csv,16833,43a002b3f0630ed05111b8b9c2805378173477931c7f9db3c6ee13429b687938
outputs/experiments_u430k32/s13/Y1/spectral_only__f0_s0/results/confusion_val_test_no_tta.npy,64928,
outputs/experiments_u430k32/s13/Y1/spectral_only__f0_s0/results/confusion_val_test_tta.csv,16834,abb08ddb657698836fbd67cc69c987cac74dbb86b9da45f8e2779e737032eff4
outputs/experiments_u430k32/s13/Y1/spectral_only__f0_s0/results/confusion_val_test_tta.npy,64928,
outputs/experiments_u430k32/s13/Y1/spectral_only__f0_s0/results/logits_calib_no_tta.npz,107250,
outputs/experiments_u430k32/s13/Y1/spectral_only__f0_s0/results/logits_calib_tta.npz,107200,
outputs/experiments_u430k32/s13/Y1/spectral_only__f0_s0/results/logits_val_test_no_tta.npz,727792,
outputs/experiments_u430k32/s13/Y1/spectral_only__f0_s0/results/logits_val_test_tta.npz,727741,
outputs/experiments_u430k32/s13/Y1/spectral_only__f0_s0/results/metrics_val_test_no_tta.json,18835,65e6e791388be0b4f3e14b7572a8346711bdb56202ec8f78214dbb86b7d8900b
outputs/experiments_u430k32/s13/Y1/spectral_only__f0_s0/results/metrics_val_test_tta.json,18966,41e09eff91d8dbe70801d2a4fbf6a4f15d6e8fa63915bdbe409610f963c64a4c
outputs/experiments_u430k32/s13/Y1/spectral_only__f0_s0/results/per_class_val_test_no_tta.csv,2994,11ea7c8802873ac523cb92ae0c756a91fa9b4a6fd6c231b9d6b02199592ccab2
outputs/experiments_u430k32/s13/Y1/spectral_only__f0_s0/results/per_class_val_test_tta.csv,2994,49f09439075f6faecc72774a0b7250a88ef8ef191a33d42a3d8b65ad0045554a
outputs/experiments_u430k32/s13/Y1/spectral_only__f0_s0/results/preds_val_test_no_tta.npy,34616,
outputs/experiments_u430k32/s13/Y1/spectral_only__f0_s0/results/preds_val_test_tta.npy,34616,
outputs/experiments_u430k32/s13/Y1/spectral_only__f0_s0/results/rows_val_test_no_tta.npy,34616,
outputs/experiments_u430k32/s13/Y1/spectral_only__f0_s0/results/rows_val_test_tta.npy,34616,
outputs/experiments_u430k32/s13/Y1/spectral_only__f0_s0/results/run.json,64444,47712892ed398370c830acd96868501f21630357d48d1a7f138bf6eadbdb7aa6
outputs/experiments_u430k32/s13/Y1/spectral_only__f0_s0/results/session_probe.json,729,b286d8870a0ebee7b2df5093e50af2f211406691a0d09ff6a18a6b4f452cf88c
outputs/experiments_u430k32/s13/Y1/spectral_only__f0_s0/results/session_val_test_no_tta.csv,833,5c086447f55f4d4d4072d80144d8d445f8eaab831554e78c4ad07462e9359178
outputs/experiments_u430k32/s13/Y1/spectral_only__f0_s0/results/session_val_test_no_tta.json,5025,d090b1d59b81636b11de235b1f27dface5e689ce7f5ba8983b020b88c96c2e22
outputs/experiments_u430k32/s13/Y1/spectral_only__f0_s0/results/session_val_test_tta.csv,833,c6f91069f9df5b235a660df30bb17d028ac37941c05d398b09c0c53fcc304b52
outputs/experiments_u430k32/s13/Y1/spectral_only__f0_s0/results/session_val_test_tta.json,4994,d171012631903eddc58ac99ee868cd5d24b319279a9268bcd748ec2b699f266b
outputs/experiments_u430k32/s13/Y1/spectral_only__f0_s0/results/targets_val_test_no_tta.npy,34616,
outputs/experiments_u430k32/s13/Y1/spectral_only__f0_s0/results/targets_val_test_tta.npy,34616,
outputs/experiments_u430k32/s13/Y1/spectral_only__f0_s0/stage1_meta.json,5269,51be991082fbc42b3c8376b36536e4577db81547052af185fe2bc4e1fe230588
outputs/experiments_u430k32/s13/Y1/spectral_only__f0_s0/sweep.log,155749,
outputs/experiments_u430k32/s13/Y1/spectral_only__f0_s0/training.log,223874,
outputs/experiments_u430k32/s13/Y1/spectral_only__f1_s0/best_stage1.pth,22966039,
outputs/experiments_u430k32/s13/Y1/spectral_only__f1_s0/clean_fit.json,26468,d24322aa1e44cee7a73c578c22f7897643948f0961ac6047a179aa6a112d41d9
outputs/experiments_u430k32/s13/Y1/spectral_only__f1_s0/figures/confusion_val_test_no_tta.png,71997,
outputs/experiments_u430k32/s13/Y1/spectral_only__f1_s0/figures/confusion_val_test_tta.png,71623,
outputs/experiments_u430k32/s13/Y1/spectral_only__f1_s0/figures/per_class_f1_val_test_no_tta.png,39872,
outputs/experiments_u430k32/s13/Y1/spectral_only__f1_s0/figures/per_class_f1_val_test_tta.png,39493,
outputs/experiments_u430k32/s13/Y1/spectral_only__f1_s0/frozen_cell.json,1604,0b94e8190553b901573708c249649ad9a1b7bb2ab87c94c00cc0e52570b9f062
outputs/experiments_u430k32/s13/Y1/spectral_only__f1_s0/hydra/2026-10-03_05-26-22/.hydra/config.yaml,4405,edf978f9f4f288a001157dc931164b6188c0d4284ed6a6baf3e76bb9459b3f66
outputs/experiments_u430k32/s13/Y1/spectral_only__f1_s0/hydra/2026-10-03_05-26-22/.hydra/hydra.yaml,4470,06fca696ad61fe81b4f337562e4775fabfc10066bb00c9292ceb33fe63689416
outputs/experiments_u430k32/s13/Y1/spectral_only__f1_s0/hydra/2026-10-03_05-26-22/.hydra/overrides.yaml,412,e143cc22d1a65247f3050035ecf8f957816b0d7b0457aeab69431ce5e29391c6
outputs/experiments_u430k32/s13/Y1/spectral_only__f1_s0/hydra/2026-10-03_05-26-22/train.log,482,
outputs/experiments_u430k32/s13/Y1/spectral_only__f1_s0/last_stage1.json,142,abec1d788931b286e6c6b212dfe1182a0898aa8e5633e906bb86f39d00daf8ca
outputs/experiments_u430k32/s13/Y1/spectral_only__f1_s0/metrics.jsonl,516955,
outputs/experiments_u430k32/s13/Y1/spectral_only__f1_s0/results/confusion_val_test_no_tta.csv,16829,0d6f7abd0db563839f13401c6ca8605b3b109f941cbfa8a01bf054e8928af5f1
outputs/experiments_u430k32/s13/Y1/spectral_only__f1_s0/results/confusion_val_test_no_tta.npy,64928,
outputs/experiments_u430k32/s13/Y1/spectral_only__f1_s0/results/confusion_val_test_tta.csv,16828,96290f4913a3253e3470b4b168429957d3c53eb7a1e1f7c67e1ab495a758acf7
outputs/experiments_u430k32/s13/Y1/spectral_only__f1_s0/results/confusion_val_test_tta.npy,64928,
outputs/experiments_u430k32/s13/Y1/spectral_only__f1_s0/results/logits_calib_no_tta.npz,107119,
outputs/experiments_u430k32/s13/Y1/spectral_only__f1_s0/results/logits_calib_tta.npz,107094,
outputs/experiments_u430k32/s13/Y1/spectral_only__f1_s0/results/logits_val_test_no_tta.npz,726917,
outputs/experiments_u430k32/s13/Y1/spectral_only__f1_s0/results/logits_val_test_tta.npz,726874,
outputs/experiments_u430k32/s13/Y1/spectral_only__f1_s0/results/metrics_val_test_no_tta.json,18997,358206fc8a5d8111f83badf4181acd9894e704a731bbebed7234f8c0f87a9b46
outputs/experiments_u430k32/s13/Y1/spectral_only__f1_s0/results/metrics_val_test_tta.json,18903,9dfc0f182175f05ccf1d9142e37378ec04548cde2f9f13ac1bceb4f1ba2ea45b
outputs/experiments_u430k32/s13/Y1/spectral_only__f1_s0/results/per_class_val_test_no_tta.csv,2994,6168e8b3280265d9e945328317b701629f477acf02f889a1a5715fde58be3079
outputs/experiments_u430k32/s13/Y1/spectral_only__f1_s0/results/per_class_val_test_tta.csv,2994,f45955c43d6362fc46439c33e25fa691f04c7316c0c858e94fcb5c8102759d5d
outputs/experiments_u430k32/s13/Y1/spectral_only__f1_s0/results/preds_val_test_no_tta.npy,34600,
outputs/experiments_u430k32/s13/Y1/spectral_only__f1_s0/results/preds_val_test_tta.npy,34600,
outputs/experiments_u430k32/s13/Y1/spectral_only__f1_s0/results/rows_val_test_no_tta.npy,34600,
outputs/experiments_u430k32/s13/Y1/spectral_only__f1_s0/results/rows_val_test_tta.npy,34600,
outputs/experiments_u430k32/s13/Y1/spectral_only__f1_s0/results/run.json,64508,1f87df0f7cd8e83a3f088aa92d4b5d161fdeb1aea859387d79c619ee35e3b3d4
outputs/experiments_u430k32/s13/Y1/spectral_only__f1_s0/results/session_probe.json,730,fb3ef0864d47561821fcbd8679a94f35519696f30c19db4031ae98fc63ea6e9d
outputs/experiments_u430k32/s13/Y1/spectral_only__f1_s0/results/session_val_test_no_tta.csv,884,dd85e21a8496662324826ceb90297e9dc967444c4fdce4c5b041f7dec6ff691f
outputs/experiments_u430k32/s13/Y1/spectral_only__f1_s0/results/session_val_test_no_tta.json,4987,6e5d8a0541d4ff66ecf3e5b9bece98ef2a47791ff4f696415f7e45998db1fd62
outputs/experiments_u430k32/s13/Y1/spectral_only__f1_s0/results/session_val_test_tta.csv,884,32f86d9d56aca124893f3ef5f0b6d81c4c5953adad200600d1ec534ebe8a8a8e
outputs/experiments_u430k32/s13/Y1/spectral_only__f1_s0/results/session_val_test_tta.json,4995,0c7c206f0a4f4c0a0f1ad5e2d3d5157cf6ad1c3f29e77d629746440e9762b0c3
outputs/experiments_u430k32/s13/Y1/spectral_only__f1_s0/results/targets_val_test_no_tta.npy,34600,
outputs/experiments_u430k32/s13/Y1/spectral_only__f1_s0/results/targets_val_test_tta.npy,34600,
outputs/experiments_u430k32/s13/Y1/spectral_only__f1_s0/stage1_meta.json,5257,44a9bd6f3d69d646810a65e3305b4b390eba525fe623f1c08447a99bf5c3d4bc
outputs/experiments_u430k32/s13/Y1/spectral_only__f1_s0/sweep.log,151164,
outputs/experiments_u430k32/s13/Y1/spectral_only__f1_s0/training.log,218797,
outputs/experiments_u430k32/s13/Y2/mixstyle__f0_s0/best_stage1.pth,22966103,
outputs/experiments_u430k32/s13/Y2/mixstyle__f0_s0/clean_fit.json,24598,bafa81dba028159b9505e06416d2c8f95bd8b8ae97f6f90dc6f9d02778a82110
outputs/experiments_u430k32/s13/Y2/mixstyle__f0_s0/figures/confusion_val_test_no_tta.png,70810,
outputs/experiments_u430k32/s13/Y2/mixstyle__f0_s0/figures/confusion_val_test_tta.png,70280,
outputs/experiments_u430k32/s13/Y2/mixstyle__f0_s0/figures/per_class_f1_val_test_no_tta.png,38361,
outputs/experiments_u430k32/s13/Y2/mixstyle__f0_s0/figures/per_class_f1_val_test_tta.png,38084,
outputs/experiments_u430k32/s13/Y2/mixstyle__f0_s0/frozen_cell.json,1586,0c7f0de668c946d06acb50c114961a7883ddae902d4cd3f91deda8d3d0ca3937
outputs/experiments_u430k32/s13/Y2/mixstyle__f0_s0/hydra/2026-10-03_06-38-08/.hydra/config.yaml,4406,5d784d4a7551e70f40a9caa76a4d13265283e007f8a0aea4c4b5ffeecdf70340
outputs/experiments_u430k32/s13/Y2/mixstyle__f0_s0/hydra/2026-10-03_06-38-08/.hydra/hydra.yaml,4449,a4231253f8a09dd4723140fcbcfdb037bb86c04d0850e8d2c13e87c541850878
outputs/experiments_u430k32/s13/Y2/mixstyle__f0_s0/hydra/2026-10-03_06-38-08/.hydra/overrides.yaml,404,ab1c8d9b25cefab160d7f41849c380d5008ea1afc7915c3d19b7ed12abd1f28e
outputs/experiments_u430k32/s13/Y2/mixstyle__f0_s0/hydra/2026-10-03_06-38-08/train.log,482,
outputs/experiments_u430k32/s13/Y2/mixstyle__f0_s0/last_stage1.json,142,fdaa64ae9bba3e88d7d8db724e91810b3b9e263a1b0ac375f1807bddfbb5d065
outputs/experiments_u430k32/s13/Y2/mixstyle__f0_s0/metrics.jsonl,581488,
outputs/experiments_u430k32/s13/Y2/mixstyle__f0_s0/results/confusion_val_test_no_tta.csv,16838,a0573d7976cda10f2bf45444169ef2cb7380a25502c2f7310c682cdc72f587fa
outputs/experiments_u430k32/s13/Y2/mixstyle__f0_s0/results/confusion_val_test_no_tta.npy,64928,
outputs/experiments_u430k32/s13/Y2/mixstyle__f0_s0/results/confusion_val_test_tta.csv,16838,56fa2a86cc4a40a022a040117b2b3deeda6a7875267ce6868d96ed2485e80c48
outputs/experiments_u430k32/s13/Y2/mixstyle__f0_s0/results/confusion_val_test_tta.npy,64928,
outputs/experiments_u430k32/s13/Y2/mixstyle__f0_s0/results/logits_calib_no_tta.npz,107228,
outputs/experiments_u430k32/s13/Y2/mixstyle__f0_s0/results/logits_calib_tta.npz,107263,
outputs/experiments_u430k32/s13/Y2/mixstyle__f0_s0/results/logits_val_test_no_tta.npz,727771,
outputs/experiments_u430k32/s13/Y2/mixstyle__f0_s0/results/logits_val_test_tta.npz,727749,
outputs/experiments_u430k32/s13/Y2/mixstyle__f0_s0/results/metrics_val_test_no_tta.json,18761,0ca3d6fc2e213f1c7414e45f9c97de2d99322a74e19aa2773928904c0db981b4
outputs/experiments_u430k32/s13/Y2/mixstyle__f0_s0/results/metrics_val_test_tta.json,18798,fb721b83b5ad84f5fed3f6d76bcb71759aeec8627830e03ee6c368b99fdd3324
outputs/experiments_u430k32/s13/Y2/mixstyle__f0_s0/results/per_class_val_test_no_tta.csv,2994,a65b06be7dd443941dac897ebd8750a6be39071f121c966044d7558c9b24baa7
outputs/experiments_u430k32/s13/Y2/mixstyle__f0_s0/results/per_class_val_test_tta.csv,2994,e3b4196becf88e59bebff95f826485e1f3e4672f6e82b0babc282f14c93c30ad
outputs/experiments_u430k32/s13/Y2/mixstyle__f0_s0/results/preds_val_test_no_tta.npy,34616,
outputs/experiments_u430k32/s13/Y2/mixstyle__f0_s0/results/preds_val_test_tta.npy,34616,
outputs/experiments_u430k32/s13/Y2/mixstyle__f0_s0/results/rows_val_test_no_tta.npy,34616,
outputs/experiments_u430k32/s13/Y2/mixstyle__f0_s0/results/rows_val_test_tta.npy,34616,
outputs/experiments_u430k32/s13/Y2/mixstyle__f0_s0/results/run.json,64605,4fe36a17cd7fae260da6c8343d2d2b915e3a86b9163cd45d220edca796a79e90
outputs/experiments_u430k32/s13/Y2/mixstyle__f0_s0/results/session_probe.json,912,4ac419076402176f5fb6b21fafd373373c9dfa22326317c2fe023a842b58846a
outputs/experiments_u430k32/s13/Y2/mixstyle__f0_s0/results/session_val_test_no_tta.csv,833,a84c3d706bc8ce0cad6a9f7081186c312409c1dc2c6562a7df9a6365682a33fb
outputs/experiments_u430k32/s13/Y2/mixstyle__f0_s0/results/session_val_test_no_tta.json,5121,07b0a827f7b4693010a20441dea68b578baf807bd2b2afd59095990ce23f5aa8
outputs/experiments_u430k32/s13/Y2/mixstyle__f0_s0/results/session_val_test_tta.csv,833,a5f4fd0ade26d04c8b1c2b69c837b20e49ff01deb7d80c5b3e41046e040246ec
outputs/experiments_u430k32/s13/Y2/mixstyle__f0_s0/results/session_val_test_tta.json,5066,bbdfc07d342a40b3f92d3bcf79f7c5916c431a68f161d4334b914e18938dec5f
outputs/experiments_u430k32/s13/Y2/mixstyle__f0_s0/results/targets_val_test_no_tta.npy,34616,
outputs/experiments_u430k32/s13/Y2/mixstyle__f0_s0/results/targets_val_test_tta.npy,34616,
outputs/experiments_u430k32/s13/Y2/mixstyle__f0_s0/stage1_meta.json,5243,347d6dd9b41f6a9694936f3fdfc686ac2f1c2fc48f6b46452d0be5892645a3e8
outputs/experiments_u430k32/s13/Y2/mixstyle__f0_s0/sweep.log,153201,
outputs/experiments_u430k32/s13/Y2/mixstyle__f0_s0/training.log,216539,
outputs/experiments_u430k32/s13/Y2/mixstyle__f1_s0/best_stage1.pth,22966103,
outputs/experiments_u430k32/s13/Y2/mixstyle__f1_s0/clean_fit.json,24598,5b967d4262644e5da5cde2121dd865007d73d4d3f6a8dc709737396370815a58
outputs/experiments_u430k32/s13/Y2/mixstyle__f1_s0/figures/confusion_val_test_no_tta.png,69928,
outputs/experiments_u430k32/s13/Y2/mixstyle__f1_s0/figures/confusion_val_test_tta.png,69349,
outputs/experiments_u430k32/s13/Y2/mixstyle__f1_s0/figures/per_class_f1_val_test_no_tta.png,38949,
outputs/experiments_u430k32/s13/Y2/mixstyle__f1_s0/figures/per_class_f1_val_test_tta.png,38832,
outputs/experiments_u430k32/s13/Y2/mixstyle__f1_s0/frozen_cell.json,1586,e701633eca1bea0aaeaddfd8989cd0e12a8266e961df7449ee7845c4e877a353
outputs/experiments_u430k32/s13/Y2/mixstyle__f1_s0/hydra/2026-10-03_07-08-03/.hydra/config.yaml,4406,84724b732ec092b349e192ead4be00d44a18681a43ed668f26d9361ce261d215
outputs/experiments_u430k32/s13/Y2/mixstyle__f1_s0/hydra/2026-10-03_07-08-03/.hydra/hydra.yaml,4449,f9d83bbc2b4e82ae70dabd0834cb3deba1393b2869ecfffb417f872807b5d59f
outputs/experiments_u430k32/s13/Y2/mixstyle__f1_s0/hydra/2026-10-03_07-08-03/.hydra/overrides.yaml,404,7b5c3b44b7c828f67a8920a36fa5757ca424132aa3b765259d57bfd41c197a7a
outputs/experiments_u430k32/s13/Y2/mixstyle__f1_s0/hydra/2026-10-03_07-08-03/train.log,482,
outputs/experiments_u430k32/s13/Y2/mixstyle__f1_s0/last_stage1.json,142,974b378c2852e8af42dcad1cfdb94ae0efd9771aeeeded0f49c57a8812ff2f9c
outputs/experiments_u430k32/s13/Y2/mixstyle__f1_s0/metrics.jsonl,581366,
outputs/experiments_u430k32/s13/Y2/mixstyle__f1_s0/results/confusion_val_test_no_tta.csv,16835,e01d218d0f1cd8045c34a4f9cec12df0eab3a783166aa36860db332c8e778f8b
outputs/experiments_u430k32/s13/Y2/mixstyle__f1_s0/results/confusion_val_test_no_tta.npy,64928,
outputs/experiments_u430k32/s13/Y2/mixstyle__f1_s0/results/confusion_val_test_tta.csv,16837,efcffec8ac723360fe2316b14144efe20393594379aac369ced641cfda39eb16
outputs/experiments_u430k32/s13/Y2/mixstyle__f1_s0/results/confusion_val_test_tta.npy,64928,
outputs/experiments_u430k32/s13/Y2/mixstyle__f1_s0/results/logits_calib_no_tta.npz,107116,
outputs/experiments_u430k32/s13/Y2/mixstyle__f1_s0/results/logits_calib_tta.npz,107169,
outputs/experiments_u430k32/s13/Y2/mixstyle__f1_s0/results/logits_val_test_no_tta.npz,727371,
outputs/experiments_u430k32/s13/Y2/mixstyle__f1_s0/results/logits_val_test_tta.npz,727308,
outputs/experiments_u430k32/s13/Y2/mixstyle__f1_s0/results/metrics_val_test_no_tta.json,18957,b03743791ed5c8d99aafadbfcf91211944eef959b2878ef10bd9cad1222a7966
outputs/experiments_u430k32/s13/Y2/mixstyle__f1_s0/results/metrics_val_test_tta.json,18779,b840408d2638c31ac26f81fd603f412960150937ac5fdbe058e09bc6d6e8a7d8
outputs/experiments_u430k32/s13/Y2/mixstyle__f1_s0/results/per_class_val_test_no_tta.csv,2994,10593f681850184b37cb145ea2baf2955b136710360481820de87311f3f5274f
outputs/experiments_u430k32/s13/Y2/mixstyle__f1_s0/results/per_class_val_test_tta.csv,2994,3c924203c546b1619ff6a9a2dfae9f8f5f9a43eef27d3589fc1b7ce1960827b3
outputs/experiments_u430k32/s13/Y2/mixstyle__f1_s0/results/preds_val_test_no_tta.npy,34600,
outputs/experiments_u430k32/s13/Y2/mixstyle__f1_s0/results/preds_val_test_tta.npy,34600,
outputs/experiments_u430k32/s13/Y2/mixstyle__f1_s0/results/rows_val_test_no_tta.npy,34600,
outputs/experiments_u430k32/s13/Y2/mixstyle__f1_s0/results/rows_val_test_tta.npy,34600,
outputs/experiments_u430k32/s13/Y2/mixstyle__f1_s0/results/run.json,64838,58d38859cfc3cc44b31c6813c7fb46639de60bd77edddccc2c4e64af40b506ac
outputs/experiments_u430k32/s13/Y2/mixstyle__f1_s0/results/session_probe.json,911,ad3bbb7b18536fd7b587632eb98ecef16180d9959c1dcbe054aa6d41e31a8ba7
outputs/experiments_u430k32/s13/Y2/mixstyle__f1_s0/results/session_val_test_no_tta.csv,884,dd0a14a461ae4f61ef11f15d4df4d9e69b4f3a3120ae1d87d603a3ee3de6cf59
outputs/experiments_u430k32/s13/Y2/mixstyle__f1_s0/results/session_val_test_no_tta.json,5112,3636503af91e4cb0cb145559ddb24fa193e6881d98a5c20089f90f9bbecc2100
outputs/experiments_u430k32/s13/Y2/mixstyle__f1_s0/results/session_val_test_tta.csv,884,4157edf2e195adbb877ead7d98229a98f9f34b57fe8ccbf91a2c55bdaf3ce1bc
outputs/experiments_u430k32/s13/Y2/mixstyle__f1_s0/results/session_val_test_tta.json,5133,cf2f6236e81d5d22be48db0aae092eb8788244be8b4f8e005b9237fbd24bad39
outputs/experiments_u430k32/s13/Y2/mixstyle__f1_s0/results/targets_val_test_no_tta.npy,34600,
outputs/experiments_u430k32/s13/Y2/mixstyle__f1_s0/results/targets_val_test_tta.npy,34600,
outputs/experiments_u430k32/s13/Y2/mixstyle__f1_s0/stage1_meta.json,5227,bb10d52bc213a4f5f14ffeee8352da5d251592dd8dfdb20054200c9596c05638
outputs/experiments_u430k32/s13/Y2/mixstyle__f1_s0/sweep.log,153366,
outputs/experiments_u430k32/s13/Y2/mixstyle__f1_s0/training.log,216704,
outputs/experiments_u430k32/s13/Y3/lean_grouped__f0_s0/best_stage1.pth,21951711,
outputs/experiments_u430k32/s13/Y3/lean_grouped__f0_s0/clean_fit.json,22600,63bc761052ad48db5c9b32855d03e5cda6bf61ca52739a185385f3650ee4e5d6
outputs/experiments_u430k32/s13/Y3/lean_grouped__f0_s0/figures/confusion_val_test_no_tta.png,69376,
outputs/experiments_u430k32/s13/Y3/lean_grouped__f0_s0/figures/confusion_val_test_tta.png,68604,
outputs/experiments_u430k32/s13/Y3/lean_grouped__f0_s0/figures/per_class_f1_val_test_no_tta.png,38513,
outputs/experiments_u430k32/s13/Y3/lean_grouped__f0_s0/figures/per_class_f1_val_test_tta.png,38674,
outputs/experiments_u430k32/s13/Y3/lean_grouped__f0_s0/frozen_cell.json,1744,5a699edf91c6c1f79f81e0fc8fedc88827891b725c3b308229624b3ea98f59cf
outputs/experiments_u430k32/s13/Y3/lean_grouped__f0_s0/hydra/2026-10-03_07-38-05/.hydra/config.yaml,4420,e1399d37b7e2907f0d13e73c61a88baa5b39ca3893b69c99cc89bf9cb2d2c9fc
outputs/experiments_u430k32/s13/Y3/lean_grouped__f0_s0/hydra/2026-10-03_07-38-05/.hydra/hydra.yaml,4611,655c179c9271af1fcbec146c1526fb9f562eb22dec72e986ac9a08fb5baf5c4c
outputs/experiments_u430k32/s13/Y3/lean_grouped__f0_s0/hydra/2026-10-03_07-38-05/.hydra/overrides.yaml,481,10abfe60ea288ac1b0623c2cb3e8b5928bac74c15ef1cebed488045f18f2b9c7
outputs/experiments_u430k32/s13/Y3/lean_grouped__f0_s0/hydra/2026-10-03_07-38-05/train.log,482,
outputs/experiments_u430k32/s13/Y3/lean_grouped__f0_s0/last_stage1.json,141,53b9f0b0fecfc0ec256626493f2b792d90fd28636504fd6995c1bdf487048a1d
outputs/experiments_u430k32/s13/Y3/lean_grouped__f0_s0/metrics.jsonl,517204,
outputs/experiments_u430k32/s13/Y3/lean_grouped__f0_s0/results/confusion_val_test_no_tta.csv,16829,b4d378a5f9c08b808f42b9be36ec2bbd097baeacf31140a7fe4ff55963bdf03e
outputs/experiments_u430k32/s13/Y3/lean_grouped__f0_s0/results/confusion_val_test_no_tta.npy,64928,
outputs/experiments_u430k32/s13/Y3/lean_grouped__f0_s0/results/confusion_val_test_tta.csv,16833,cc0004bc8c8e497f9ca8de40e840cda406bb4e0fb1a07c46f8a5de69bc52c00e
outputs/experiments_u430k32/s13/Y3/lean_grouped__f0_s0/results/confusion_val_test_tta.npy,64928,
outputs/experiments_u430k32/s13/Y3/lean_grouped__f0_s0/results/logits_calib_no_tta.npz,107268,
outputs/experiments_u430k32/s13/Y3/lean_grouped__f0_s0/results/logits_calib_tta.npz,107316,
outputs/experiments_u430k32/s13/Y3/lean_grouped__f0_s0/results/logits_val_test_no_tta.npz,728346,
outputs/experiments_u430k32/s13/Y3/lean_grouped__f0_s0/results/logits_val_test_tta.npz,728700,
outputs/experiments_u430k32/s13/Y3/lean_grouped__f0_s0/results/metrics_val_test_no_tta.json,18782,de24a4010fb10998282e45d762c2857de510679cbeff258c2a8f04e10f67b7dd
outputs/experiments_u430k32/s13/Y3/lean_grouped__f0_s0/results/metrics_val_test_tta.json,18781,9d52e782608f758ebd48dbd3c951a83d048371a06739756106b31d5173a197fd
outputs/experiments_u430k32/s13/Y3/lean_grouped__f0_s0/results/per_class_val_test_no_tta.csv,2994,ccd0c07454c5e11b7edaea6a7ba6c984b35fbfcedb20f050211ad4059d1cf75d
outputs/experiments_u430k32/s13/Y3/lean_grouped__f0_s0/results/per_class_val_test_tta.csv,2994,40fb16687bd7157fa5f113f10607f86f15fbc12286ee8075fa2c1184c49ae40b
outputs/experiments_u430k32/s13/Y3/lean_grouped__f0_s0/results/preds_val_test_no_tta.npy,34616,
outputs/experiments_u430k32/s13/Y3/lean_grouped__f0_s0/results/preds_val_test_tta.npy,34616,
outputs/experiments_u430k32/s13/Y3/lean_grouped__f0_s0/results/rows_val_test_no_tta.npy,34616,
outputs/experiments_u430k32/s13/Y3/lean_grouped__f0_s0/results/rows_val_test_tta.npy,34616,
outputs/experiments_u430k32/s13/Y3/lean_grouped__f0_s0/results/run.json,64628,da24c6c31a2c1430513e7c7206cd20ef5d5bb44993aa12869c904979d5eab995
outputs/experiments_u430k32/s13/Y3/lean_grouped__f0_s0/results/session_probe.json,909,f2b6927ba2ee454ba5f7c04d86e2422361e96d4e3d9300e805f4b8c1787b791f
outputs/experiments_u430k32/s13/Y3/lean_grouped__f0_s0/results/session_val_test_no_tta.csv,833,8a219b8d848baba71d210aad896a2c2bba8edd269e5aad35733822b44fddfdaf
outputs/experiments_u430k32/s13/Y3/lean_grouped__f0_s0/results/session_val_test_no_tta.json,5107,390ea78f3f76c80c555fd7c4fd4f394dee288eedd93ed3b23e089771734f23ac
outputs/experiments_u430k32/s13/Y3/lean_grouped__f0_s0/results/session_val_test_tta.csv,833,258826faa49f68eee1951ec750398e220180f215fee73d27576d85a98a56363e
outputs/experiments_u430k32/s13/Y3/lean_grouped__f0_s0/results/session_val_test_tta.json,5087,6fed93cb5b7d60872fe588dd4747c36a802edecb7054512544d3b832975a4172
outputs/experiments_u430k32/s13/Y3/lean_grouped__f0_s0/results/targets_val_test_no_tta.npy,34616,
outputs/experiments_u430k32/s13/Y3/lean_grouped__f0_s0/results/targets_val_test_tta.npy,34616,
outputs/experiments_u430k32/s13/Y3/lean_grouped__f0_s0/stage1_meta.json,5231,8f63de6a3aca3ec614837ae92ef24f3f9fa3e604f7ff4a5e74bac7145033bdf4
outputs/experiments_u430k32/s13/Y3/lean_grouped__f0_s0/sweep.log,138882,
outputs/experiments_u430k32/s13/Y3/lean_grouped__f0_s0/training.log,195093,
outputs/experiments_u430k32/s13/Y3/lean_grouped__f1_s0/best_stage1.pth,21951711,
outputs/experiments_u430k32/s13/Y3/lean_grouped__f1_s0/clean_fit.json,23499,11539978325b247f7cc7a45f67d70be59c5b1d44e2f865aa9e2feb224d7fd4a7
outputs/experiments_u430k32/s13/Y3/lean_grouped__f1_s0/figures/confusion_val_test_no_tta.png,68538,
outputs/experiments_u430k32/s13/Y3/lean_grouped__f1_s0/figures/confusion_val_test_tta.png,67770,
outputs/experiments_u430k32/s13/Y3/lean_grouped__f1_s0/figures/per_class_f1_val_test_no_tta.png,38993,
outputs/experiments_u430k32/s13/Y3/lean_grouped__f1_s0/figures/per_class_f1_val_test_tta.png,38574,
outputs/experiments_u430k32/s13/Y3/lean_grouped__f1_s0/frozen_cell.json,1744,386aea9c36480a69f3f8d197c36a357da5e9edb6b02fec44d94f42bc10fd9aa6
outputs/experiments_u430k32/s13/Y3/lean_grouped__f1_s0/hydra/2026-10-03_08-02-10/.hydra/config.yaml,4420,b9f1400dd007cd43fe9d6e977a99a2fda4102742b4fcfdccf8d7c2146fe3b7d3
outputs/experiments_u430k32/s13/Y3/lean_grouped__f1_s0/hydra/2026-10-03_08-02-10/.hydra/hydra.yaml,4611,265e66ea660add0e88dca0b84811af7d3e83fac7da708e7a85aa1217adf36f09
outputs/experiments_u430k32/s13/Y3/lean_grouped__f1_s0/hydra/2026-10-03_08-02-10/.hydra/overrides.yaml,481,48582cfd30ebdd606200ffb0104277757ded4e3d92b2fde863050b22849b3a08
outputs/experiments_u430k32/s13/Y3/lean_grouped__f1_s0/hydra/2026-10-03_08-02-10/train.log,482,
outputs/experiments_u430k32/s13/Y3/lean_grouped__f1_s0/last_stage1.json,142,5282bbbeb62ba4c0f634d774c2dcaa6ff285fc92d93e85144155e6c1f0601265
outputs/experiments_u430k32/s13/Y3/lean_grouped__f1_s0/metrics.jsonl,574472,
outputs/experiments_u430k32/s13/Y3/lean_grouped__f1_s0/results/confusion_val_test_no_tta.csv,16834,be7e3a732fa30029e93873efdf6bc233059ba17accf6ba1df7cfdabc3650813d
outputs/experiments_u430k32/s13/Y3/lean_grouped__f1_s0/results/confusion_val_test_no_tta.npy,64928,
outputs/experiments_u430k32/s13/Y3/lean_grouped__f1_s0/results/confusion_val_test_tta.csv,16833,39cf5111b717f7eb0420dd91c56478d790e6d45adc55a09891a736f966489481
outputs/experiments_u430k32/s13/Y3/lean_grouped__f1_s0/results/confusion_val_test_tta.npy,64928,
outputs/experiments_u430k32/s13/Y3/lean_grouped__f1_s0/results/logits_calib_no_tta.npz,107324,
outputs/experiments_u430k32/s13/Y3/lean_grouped__f1_s0/results/logits_calib_tta.npz,107306,
outputs/experiments_u430k32/s13/Y3/lean_grouped__f1_s0/results/logits_val_test_no_tta.npz,728259,
outputs/experiments_u430k32/s13/Y3/lean_grouped__f1_s0/results/logits_val_test_tta.npz,728329,
outputs/experiments_u430k32/s13/Y3/lean_grouped__f1_s0/results/metrics_val_test_no_tta.json,18792,30d20db341b1b222f6d3f7cfd986d9f1f690a867f458a4609c7d821529052fe9
outputs/experiments_u430k32/s13/Y3/lean_grouped__f1_s0/results/metrics_val_test_tta.json,18764,a23f0dbf7d49ed0a01b44bd1325692a7f2d1b0829bb98e809068134b8e2ece6a
outputs/experiments_u430k32/s13/Y3/lean_grouped__f1_s0/results/per_class_val_test_no_tta.csv,2994,4e4c2fec57864929483756ff15477582884e08d44c03ef68d3d79fd89fc8f6d1
outputs/experiments_u430k32/s13/Y3/lean_grouped__f1_s0/results/per_class_val_test_tta.csv,2994,8569d854b31a998eb0e25e910e33db2e050d8a8f03156d86e43fe1c18df9ca6a
outputs/experiments_u430k32/s13/Y3/lean_grouped__f1_s0/results/preds_val_test_no_tta.npy,34600,
outputs/experiments_u430k32/s13/Y3/lean_grouped__f1_s0/results/preds_val_test_tta.npy,34600,
outputs/experiments_u430k32/s13/Y3/lean_grouped__f1_s0/results/rows_val_test_no_tta.npy,34600,
outputs/experiments_u430k32/s13/Y3/lean_grouped__f1_s0/results/rows_val_test_tta.npy,34600,
outputs/experiments_u430k32/s13/Y3/lean_grouped__f1_s0/results/run.json,64738,27dd2e761ee9d9cea9ff8ec019b8be47e70fc08af0d49f474c72c86b627c03c2
outputs/experiments_u430k32/s13/Y3/lean_grouped__f1_s0/results/session_probe.json,913,e98461072272309d583e162d0967a1dd141441e587f6446adcb18569f421983c
outputs/experiments_u430k32/s13/Y3/lean_grouped__f1_s0/results/session_val_test_no_tta.csv,884,a263e0ddc4b9e589dfa1b6b478fd96f4e831e4d4ca59cf51b6a924844e58d418
outputs/experiments_u430k32/s13/Y3/lean_grouped__f1_s0/results/session_val_test_no_tta.json,5150,69b07cdeedc1fc5957f89d672924b4a4c94ec328802a5468ca98fb67ed66c1e7
outputs/experiments_u430k32/s13/Y3/lean_grouped__f1_s0/results/session_val_test_tta.csv,884,abbf7ee0625751c601d50238788b94a1faeb8bb8cfcf3c3f2766646f813626d0
outputs/experiments_u430k32/s13/Y3/lean_grouped__f1_s0/results/session_val_test_tta.json,5155,7e1ac539341075a0d460cfc27b9b11f3f2c6b75e8a036a09a4f9cad3f9c61b6d
outputs/experiments_u430k32/s13/Y3/lean_grouped__f1_s0/results/targets_val_test_no_tta.npy,34600,
outputs/experiments_u430k32/s13/Y3/lean_grouped__f1_s0/results/targets_val_test_tta.npy,34600,
outputs/experiments_u430k32/s13/Y3/lean_grouped__f1_s0/stage1_meta.json,5118,545a3bcf9201e333b94432e9472fdef7c0b0b2c54ab1218a8dee15511d19b233
outputs/experiments_u430k32/s13/Y3/lean_grouped__f1_s0/sweep.log,151603,
outputs/experiments_u430k32/s13/Y3/lean_grouped__f1_s0/training.log,211791,
outputs/experiments_u430k32/s13/Y3/lean_stratified__f0_s0/best_stage1.pth,21951711,
outputs/experiments_u430k32/s13/Y3/lean_stratified__f0_s0/clean_fit.json,24990,d5d2bb9b2a79e88fe165bb0131288fd8ac1d1f47bd22d1b5bda6a2d770a2cc9d
outputs/experiments_u430k32/s13/Y3/lean_stratified__f0_s0/figures/confusion_val_test_no_tta.png,63800,
outputs/experiments_u430k32/s13/Y3/lean_stratified__f0_s0/figures/confusion_val_test_tta.png,63448,
outputs/experiments_u430k32/s13/Y3/lean_stratified__f0_s0/figures/per_class_f1_val_test_no_tta.png,39121,
outputs/experiments_u430k32/s13/Y3/lean_stratified__f0_s0/figures/per_class_f1_val_test_tta.png,38936,
outputs/experiments_u430k32/s13/Y3/lean_stratified__f0_s0/frozen_cell.json,1765,962fbf1e87706d19e6e8059d013b026bc1e721d0a480b9472dde9f497d546bca
outputs/experiments_u430k32/s13/Y3/lean_stratified__f0_s0/hydra/2026-10-03_08-28-56/.hydra/config.yaml,4429,64661d6e04e30bc031c90f9b371a91bee84dc26bd975483ad5a4337fa96d35b7
outputs/experiments_u430k32/s13/Y3/lean_stratified__f0_s0/hydra/2026-10-03_08-28-56/.hydra/hydra.yaml,4635,9bb959e5943695ddb00758f51c3330207b7166ce6a857e5adc82089ae38d67c9
outputs/experiments_u430k32/s13/Y3/lean_stratified__f0_s0/hydra/2026-10-03_08-28-56/.hydra/overrides.yaml,490,178e3731c00f94376d986458a45e94821ff052a13111627c701861292f2df315
outputs/experiments_u430k32/s13/Y3/lean_stratified__f0_s0/hydra/2026-10-03_08-28-56/train.log,482,
outputs/experiments_u430k32/s13/Y3/lean_stratified__f0_s0/last_stage1.json,141,956e4448728e703e342596ec70169a2cb677eab7b533f5e58df68c9e4408aedf
outputs/experiments_u430k32/s13/Y3/lean_stratified__f0_s0/metrics.jsonl,530679,
outputs/experiments_u430k32/s13/Y3/lean_stratified__f0_s0/results/confusion_val_test_no_tta.csv,16817,105c4bb495944df3c72b60e5663ba781f978f7d37d06a1f6505d2893eecba0cc
outputs/experiments_u430k32/s13/Y3/lean_stratified__f0_s0/results/confusion_val_test_no_tta.npy,64928,
outputs/experiments_u430k32/s13/Y3/lean_stratified__f0_s0/results/confusion_val_test_tta.csv,16818,a4f6c440e0223e2bea0cc702a5e6a4313c1ea6898035d50bf13ca0eee3f9e1bf
outputs/experiments_u430k32/s13/Y3/lean_stratified__f0_s0/results/confusion_val_test_tta.npy,64928,
outputs/experiments_u430k32/s13/Y3/lean_stratified__f0_s0/results/logits_calib_no_tta.npz,156067,
outputs/experiments_u430k32/s13/Y3/lean_stratified__f0_s0/results/logits_calib_tta.npz,156087,
outputs/experiments_u430k32/s13/Y3/lean_stratified__f0_s0/results/logits_val_test_no_tta.npz,437887,
outputs/experiments_u430k32/s13/Y3/lean_stratified__f0_s0/results/logits_val_test_tta.npz,437933,
outputs/experiments_u430k32/s13/Y3/lean_stratified__f0_s0/results/metrics_val_test_no_tta.json,17166,1e854ade42688ac60285c127020eed646f09b1e808aa9be0b6621e62519f15bc
outputs/experiments_u430k32/s13/Y3/lean_stratified__f0_s0/results/metrics_val_test_tta.json,17071,f6ef45085995ca2822681f62ce8d1d4f5c05c1709688aa184294bd73a42e4acb
outputs/experiments_u430k32/s13/Y3/lean_stratified__f0_s0/results/per_class_val_test_no_tta.csv,2994,508d219f52c806c927958638f5a4989de88f277feace7d904e58a7db603785b9
outputs/experiments_u430k32/s13/Y3/lean_stratified__f0_s0/results/per_class_val_test_tta.csv,2994,ce684650ed5819537e7a2edd081392cb3d16b4e3a22d585e770a9a2832edc902
outputs/experiments_u430k32/s13/Y3/lean_stratified__f0_s0/results/preds_val_test_no_tta.npy,20832,
outputs/experiments_u430k32/s13/Y3/lean_stratified__f0_s0/results/preds_val_test_tta.npy,20832,
outputs/experiments_u430k32/s13/Y3/lean_stratified__f0_s0/results/rows_val_test_no_tta.npy,20832,
outputs/experiments_u430k32/s13/Y3/lean_stratified__f0_s0/results/rows_val_test_tta.npy,20832,
outputs/experiments_u430k32/s13/Y3/lean_stratified__f0_s0/results/run.json,57058,c108ce24b39e75b2ebffc49b370ffbdefd5ed71151c3be51feef581f2fa81009
outputs/experiments_u430k32/s13/Y3/lean_stratified__f0_s0/results/session_probe.json,912,91dacf784b104145ec47484eb162a9f6b7878134013aea40b696e97c8cb9c739
outputs/experiments_u430k32/s13/Y3/lean_stratified__f0_s0/results/session_val_test_no_tta.csv,763,773a840070c23812ee0213fa9d828e01688f901b40e09e9a8594adad7fe69de1
outputs/experiments_u430k32/s13/Y3/lean_stratified__f0_s0/results/session_val_test_no_tta.json,4788,e400b0d118fa33f81e992094e041bdb4df1006b91161964fbe7ecf5bf13f2c77
outputs/experiments_u430k32/s13/Y3/lean_stratified__f0_s0/results/session_val_test_tta.csv,763,a97451454189ff9a35a164b5502e3b731b7411d312e12a08a0708319f3c856f3
outputs/experiments_u430k32/s13/Y3/lean_stratified__f0_s0/results/session_val_test_tta.json,4785,196fd760ec52c6d77beba33b64ebdf3b5d36af4d97f201ebf671bd459f359cf2
outputs/experiments_u430k32/s13/Y3/lean_stratified__f0_s0/results/targets_val_test_no_tta.npy,20832,
outputs/experiments_u430k32/s13/Y3/lean_stratified__f0_s0/results/targets_val_test_tta.npy,20832,
outputs/experiments_u430k32/s13/Y3/lean_stratified__f0_s0/stage1_meta.json,5352,a498b8d280e8910b7ba0caf5ca574c797938f6caf3c12a5550e31e9d6ec4eb3e
outputs/experiments_u430k32/s13/Y3/lean_stratified__f0_s0/sweep.log,144188,
outputs/experiments_u430k32/s13/Y3/lean_stratified__f0_s0/training.log,207032,
outputs/experiments_u430k32/s13/Y4/within_8020__f0_s0/best_stage1.pth,22966039,
outputs/experiments_u430k32/s13/Y4/within_8020__f0_s0/clean_fit.json,23996,e288067ae1b1ad9f53204302f83c62cedace9db9a222454c0382047b004c18b9
outputs/experiments_u430k32/s13/Y4/within_8020__f0_s0/figures/confusion_val_test_no_tta.png,63109,
outputs/experiments_u430k32/s13/Y4/within_8020__f0_s0/figures/confusion_val_test_tta.png,62498,
outputs/experiments_u430k32/s13/Y4/within_8020__f0_s0/figures/per_class_f1_val_test_no_tta.png,38912,
outputs/experiments_u430k32/s13/Y4/within_8020__f0_s0/figures/per_class_f1_val_test_tta.png,38751,
outputs/experiments_u430k32/s13/Y4/within_8020__f0_s0/frozen_cell.json,1601,3e4b734082656a536e0e24030c94e751847af8a6d154aed7b30d2c502649cbfd
outputs/experiments_u430k32/s13/Y4/within_8020__f0_s0/hydra/2026-10-03_09-00-47/.hydra/config.yaml,4416,c0a042b7a28f4b3a1ecc28a6c810634affd9d77956d8087359a33c6a4b88206e
outputs/experiments_u430k32/s13/Y4/within_8020__f0_s0/hydra/2026-10-03_09-00-47/.hydra/hydra.yaml,4467,8e78686eb80e9b124b64cae74a7733da017136e330fa46bf5d7b9aead668b602
outputs/experiments_u430k32/s13/Y4/within_8020__f0_s0/hydra/2026-10-03_09-00-47/.hydra/overrides.yaml,410,2f02351698c0f7a541b48c3f69f7cbcdae9b1154af40dd4f50dfd24dcce3b397
outputs/experiments_u430k32/s13/Y4/within_8020__f0_s0/hydra/2026-10-03_09-00-47/train.log,482,
outputs/experiments_u430k32/s13/Y4/within_8020__f0_s0/last_stage1.json,142,2906c287bbaa53d64924cf3d710d9e2b94445f3d3a9ba703f1d2ac5e81d6fb01
outputs/experiments_u430k32/s13/Y4/within_8020__f0_s0/metrics.jsonl,573533,
outputs/experiments_u430k32/s13/Y4/within_8020__f0_s0/results/confusion_val_test_no_tta.csv,16806,4b73435fb08a040716055d3af52cab9d3c9bbb4abc5cc7914d839a78afad4649
outputs/experiments_u430k32/s13/Y4/within_8020__f0_s0/results/confusion_val_test_no_tta.npy,64928,
outputs/experiments_u430k32/s13/Y4/within_8020__f0_s0/results/confusion_val_test_tta.csv,16812,6cd0d1c3628abba1083e370fa38de5494f0d257f780dcf895de2c2d66f285a00
outputs/experiments_u430k32/s13/Y4/within_8020__f0_s0/results/confusion_val_test_tta.npy,64928,
outputs/experiments_u430k32/s13/Y4/within_8020__f0_s0/results/logits_calib_no_tta.npz,177940,
outputs/experiments_u430k32/s13/Y4/within_8020__f0_s0/results/logits_calib_tta.npz,177988,
outputs/experiments_u430k32/s13/Y4/within_8020__f0_s0/results/logits_val_test_no_tta.npz,291893,
outputs/experiments_u430k32/s13/Y4/within_8020__f0_s0/results/logits_val_test_tta.npz,291864,
outputs/experiments_u430k32/s13/Y4/within_8020__f0_s0/results/metrics_val_test_no_tta.json,16568,d219726db45714d9a9d202b77a2ad2a644c42f1ceba4a78734af53d7913190eb
outputs/experiments_u430k32/s13/Y4/within_8020__f0_s0/results/metrics_val_test_tta.json,16497,0f9da0f6c67d14af71c1df4c97ac6ef191437a301a2a9d8777aecfac70a308a3
outputs/experiments_u430k32/s13/Y4/within_8020__f0_s0/results/per_class_val_test_no_tta.csv,2994,5a46ded651b63f18b781b6708c387a31b72742efc61269de517a9e04ee9681bd
outputs/experiments_u430k32/s13/Y4/within_8020__f0_s0/results/per_class_val_test_tta.csv,2994,2252ae8af595a06500f11b947163c94e733f33e4788c7e5f815ec828363a9538
outputs/experiments_u430k32/s13/Y4/within_8020__f0_s0/results/preds_val_test_no_tta.npy,13928,
outputs/experiments_u430k32/s13/Y4/within_8020__f0_s0/results/preds_val_test_tta.npy,13928,
outputs/experiments_u430k32/s13/Y4/within_8020__f0_s0/results/rows_val_test_no_tta.npy,13928,
outputs/experiments_u430k32/s13/Y4/within_8020__f0_s0/results/rows_val_test_tta.npy,13928,
outputs/experiments_u430k32/s13/Y4/within_8020__f0_s0/results/run.json,55865,0e95fa07f690470fa6c8aeead139abb0f0319b0415aec0e9d68f230120eda22d
outputs/experiments_u430k32/s13/Y4/within_8020__f0_s0/results/session_probe.json,911,38b0a3f74d6dd01919ac7c790ab57cc14cdb20bd8681d4ab0851f55bd279e281
outputs/experiments_u430k32/s13/Y4/within_8020__f0_s0/results/session_val_test_no_tta.csv,760,9ee393e058e3dd9748b453120cb82c4dc17e30d958dba3e28acf68efe834992a
outputs/experiments_u430k32/s13/Y4/within_8020__f0_s0/results/session_val_test_no_tta.json,4786,ca02303b2a78a2be14751e53e4e9307aacfb85d1c80f40f72c603f835cce514d
outputs/experiments_u430k32/s13/Y4/within_8020__f0_s0/results/session_val_test_tta.csv,760,101c9bea6af1d8c2eb02cc9937981c4751f457f83d970ba4b07c19de5b00138d
outputs/experiments_u430k32/s13/Y4/within_8020__f0_s0/results/session_val_test_tta.json,4783,72d5e17d7634de42b6fa53e0708b5823aa33ee0b86ce8d50dddac597947711ee
outputs/experiments_u430k32/s13/Y4/within_8020__f0_s0/results/targets_val_test_no_tta.npy,13928,
outputs/experiments_u430k32/s13/Y4/within_8020__f0_s0/results/targets_val_test_tta.npy,13928,
outputs/experiments_u430k32/s13/Y4/within_8020__f0_s0/stage1_meta.json,5418,ffe81003f0e71e7d5afc7e4b48b075690e0713371110eb88e406de3256603120
outputs/experiments_u430k32/s13/Y4/within_8020__f0_s0/sweep.log,150753,
outputs/experiments_u430k32/s13/Y4/within_8020__f0_s0/training.log,211543,
outputs/experiments_u430k32/s13/summary.json,4374,23b2eeb2f4c58f67cd16023cda565a1eeab60133aba6a3b53f9e98bd10b59c2c
outputs/experiments_u430k32/s15/Y3/lean_grouped__f0_s1/best_stage1.pth,21951711,
outputs/experiments_u430k32/s15/Y3/lean_grouped__f0_s1/clean_fit.json,22935,93c0625a8ab1f5248170b9042ee4cf3e96adf66efe17c2879b7e124805020a4d
outputs/experiments_u430k32/s15/Y3/lean_grouped__f0_s1/figures/confusion_val_test_no_tta.png,69487,
outputs/experiments_u430k32/s15/Y3/lean_grouped__f0_s1/figures/confusion_val_test_tta.png,67690,
outputs/experiments_u430k32/s15/Y3/lean_grouped__f0_s1/figures/per_class_f1_val_test_no_tta.png,38426,
outputs/experiments_u430k32/s15/Y3/lean_grouped__f0_s1/figures/per_class_f1_val_test_tta.png,38173,
outputs/experiments_u430k32/s15/Y3/lean_grouped__f0_s1/frozen_cell.json,2391,c24b286f30d6bfff7b6d3efc1110e325fd95d3543e83e87770583df7578e0210
outputs/experiments_u430k32/s15/Y3/lean_grouped__f0_s1/hydra/2026-10-03_11-29-15/.hydra/config.yaml,4420,5ae62b62f25c8366d0352ae4398e7c07ce84a44b42cb11e235ab9729aaeeee49
outputs/experiments_u430k32/s15/Y3/lean_grouped__f0_s1/hydra/2026-10-03_11-29-15/.hydra/hydra.yaml,4611,d8b65f4c6e75f6e795e6d9c1162d1a48fa78cea4c1b5749e72c48a09f62749cf
outputs/experiments_u430k32/s15/Y3/lean_grouped__f0_s1/hydra/2026-10-03_11-29-15/.hydra/overrides.yaml,481,393b5771268275b207fab6d36ec2d3fb12107931921f646275478286df0d52f0
outputs/experiments_u430k32/s15/Y3/lean_grouped__f0_s1/hydra/2026-10-03_11-29-15/train.log,482,
outputs/experiments_u430k32/s15/Y3/lean_grouped__f0_s1/last_stage1.json,142,5be823fb188880e9a33a3a0de013effffb1ef42ce0f47da07c8bd2545bae66bf
outputs/experiments_u430k32/s15/Y3/lean_grouped__f0_s1/metrics.jsonl,561875,
outputs/experiments_u430k32/s15/Y3/lean_grouped__f0_s1/results/confusion_val_test_no_tta.csv,16833,08198a7bda2cf9bb4c817dcc3a3327a60fc54d33b435a5905bacfa46126fe0e8
outputs/experiments_u430k32/s15/Y3/lean_grouped__f0_s1/results/confusion_val_test_no_tta.npy,64928,
outputs/experiments_u430k32/s15/Y3/lean_grouped__f0_s1/results/confusion_val_test_tta.csv,16834,8001456b50ebf4b2ebdf7038369e732f9cf81c0875ac1ffc6c22dadea55f42b8
outputs/experiments_u430k32/s15/Y3/lean_grouped__f0_s1/results/confusion_val_test_tta.npy,64928,
outputs/experiments_u430k32/s15/Y3/lean_grouped__f0_s1/results/logits_calib_no_tta.npz,107310,
outputs/experiments_u430k32/s15/Y3/lean_grouped__f0_s1/results/logits_calib_tta.npz,107319,
outputs/experiments_u430k32/s15/Y3/lean_grouped__f0_s1/results/logits_val_test_no_tta.npz,728535,
outputs/experiments_u430k32/s15/Y3/lean_grouped__f0_s1/results/logits_val_test_tta.npz,728621,
outputs/experiments_u430k32/s15/Y3/lean_grouped__f0_s1/results/metrics_val_test_no_tta.json,18957,0bf71146b6d6c6a99130664ceb04f0d4d575dddd74311126995cca384e8e1598
outputs/experiments_u430k32/s15/Y3/lean_grouped__f0_s1/results/metrics_val_test_tta.json,18907,fdab64198313f18b4a3f406e486e8d508a0b02be869ebd814246a8d9a26531f2
outputs/experiments_u430k32/s15/Y3/lean_grouped__f0_s1/results/per_class_val_test_no_tta.csv,2994,533b8a36ffda6cc12f04cc3b112fdc00879e3bec19cf36cb5f34151c7bf02277
outputs/experiments_u430k32/s15/Y3/lean_grouped__f0_s1/results/per_class_val_test_tta.csv,2994,6b8234594567ec66a3e35d38cd6e0aa694af98eb588901e4839db6cca6aa144b
outputs/experiments_u430k32/s15/Y3/lean_grouped__f0_s1/results/preds_val_test_no_tta.npy,34616,
outputs/experiments_u430k32/s15/Y3/lean_grouped__f0_s1/results/preds_val_test_tta.npy,34616,
outputs/experiments_u430k32/s15/Y3/lean_grouped__f0_s1/results/rows_val_test_no_tta.npy,34616,
outputs/experiments_u430k32/s15/Y3/lean_grouped__f0_s1/results/rows_val_test_tta.npy,34616,
outputs/experiments_u430k32/s15/Y3/lean_grouped__f0_s1/results/run.json,64969,b3730608a5ea90147ab0abee440afc31129858b753d426e6f95c1c5454cbebf7
outputs/experiments_u430k32/s15/Y3/lean_grouped__f0_s1/results/session_probe.json,913,7d3320a6936fb4f4edecae2d2fa573b9fe5b3573e35162c77b8961b9c09ccd48
outputs/experiments_u430k32/s15/Y3/lean_grouped__f0_s1/results/session_val_test_no_tta.csv,833,478319a8b0c9276731d5de90472a4b9354390178548a9d056d4088a996f403ff
outputs/experiments_u430k32/s15/Y3/lean_grouped__f0_s1/results/session_val_test_no_tta.json,5141,b8e4573b8bcb11ce9ec8ef895f0c6a648a53fc16c79f849960ad05795324efbf
outputs/experiments_u430k32/s15/Y3/lean_grouped__f0_s1/results/session_val_test_tta.csv,833,e9a516347720416ea2f57c7177622176894ffaab5f21a93b877e22ababc80f8a
outputs/experiments_u430k32/s15/Y3/lean_grouped__f0_s1/results/session_val_test_tta.json,5087,513b799d5257ca3c7f140c1bbfce6797ba4ff54128517aa4bdcae69d25c93d57
outputs/experiments_u430k32/s15/Y3/lean_grouped__f0_s1/results/targets_val_test_no_tta.npy,34616,
outputs/experiments_u430k32/s15/Y3/lean_grouped__f0_s1/results/targets_val_test_tta.npy,34616,
outputs/experiments_u430k32/s15/Y3/lean_grouped__f0_s1/stage1_meta.json,5248,634e5bd2340291e00aff16ea6487bcfd71b79b3f79730086d2ff1772e84707c4
outputs/experiments_u430k32/s15/Y3/lean_grouped__f0_s1/sweep.log,148277,
outputs/experiments_u430k32/s15/Y3/lean_grouped__f0_s1/training.log,206497,
outputs/experiments_u430k32/s15/Y3/lean_grouped__f0_s2/best_stage1.pth,21951711,
outputs/experiments_u430k32/s15/Y3/lean_grouped__f0_s2/clean_fit.json,23772,b769fa50e557c23177ec17b1619fd9fc50d4710811077531e9d65a60c9b4473e
outputs/experiments_u430k32/s15/Y3/lean_grouped__f0_s2/figures/confusion_val_test_no_tta.png,69412,
outputs/experiments_u430k32/s15/Y3/lean_grouped__f0_s2/figures/confusion_val_test_tta.png,67659,
outputs/experiments_u430k32/s15/Y3/lean_grouped__f0_s2/figures/per_class_f1_val_test_no_tta.png,38859,
outputs/experiments_u430k32/s15/Y3/lean_grouped__f0_s2/figures/per_class_f1_val_test_tta.png,38947,
outputs/experiments_u430k32/s15/Y3/lean_grouped__f0_s2/frozen_cell.json,2391,f1f80670aee6bf2a085d8e39194b01d60ea8c78c94b10d71b8c0199babbd0c13
outputs/experiments_u430k32/s15/Y3/lean_grouped__f0_s2/hydra/2026-10-03_11-55-33/.hydra/config.yaml,4420,445d7586118a9039fea5d996958039fb4bcda6838f97a5c2bf27149b4065f230
outputs/experiments_u430k32/s15/Y3/lean_grouped__f0_s2/hydra/2026-10-03_11-55-33/.hydra/hydra.yaml,4611,4c4962fb8da4f63da7ed8e5cc0e239ae71bb277ddae50d761e7758005b351563
outputs/experiments_u430k32/s15/Y3/lean_grouped__f0_s2/hydra/2026-10-03_11-55-33/.hydra/overrides.yaml,481,52b9d19fad45d037a2e8c369470ac73a08b64b92ea32ab79bb3bffa544683c76
outputs/experiments_u430k32/s15/Y3/lean_grouped__f0_s2/hydra/2026-10-03_11-55-33/train.log,482,
outputs/experiments_u430k32/s15/Y3/lean_grouped__f0_s2/last_stage1.json,142,a78df0e28bbba90fb9f5ae93e4cd26d96585497ac935bfce61a0aa26d1de1dc9
outputs/experiments_u430k32/s15/Y3/lean_grouped__f0_s2/metrics.jsonl,569663,
outputs/experiments_u430k32/s15/Y3/lean_grouped__f0_s2/results/confusion_val_test_no_tta.csv,16831,016ebd550e281d672b1839c5884a68f96469971e72ed2b62dc1022a6903d0127
outputs/experiments_u430k32/s15/Y3/lean_grouped__f0_s2/results/confusion_val_test_no_tta.npy,64928,
outputs/experiments_u430k32/s15/Y3/lean_grouped__f0_s2/results/confusion_val_test_tta.csv,16828,4d9a6fc489627fe8663438a5425923d21d10ab1d7f4f114fa656409732cadcda
outputs/experiments_u430k32/s15/Y3/lean_grouped__f0_s2/results/confusion_val_test_tta.npy,64928,
outputs/experiments_u430k32/s15/Y3/lean_grouped__f0_s2/results/logits_calib_no_tta.npz,107374,
outputs/experiments_u430k32/s15/Y3/lean_grouped__f0_s2/results/logits_calib_tta.npz,107347,
outputs/experiments_u430k32/s15/Y3/lean_grouped__f0_s2/results/logits_val_test_no_tta.npz,728578,
outputs/experiments_u430k32/s15/Y3/lean_grouped__f0_s2/results/logits_val_test_tta.npz,728694,
outputs/experiments_u430k32/s15/Y3/lean_grouped__f0_s2/results/metrics_val_test_no_tta.json,18788,4c6b98a4d18bfb6e7d963b0e46989d31ef63584817958f061c9f21b2f7f651ce
outputs/experiments_u430k32/s15/Y3/lean_grouped__f0_s2/results/metrics_val_test_tta.json,18865,c88ca5675625f5d175853f6949b14a98e86a73d6322155b5b77a40f17f1bb526
outputs/experiments_u430k32/s15/Y3/lean_grouped__f0_s2/results/per_class_val_test_no_tta.csv,2994,84b1e5403ad4622a20348fd34475d0fc1ef47429802e72f7de4f1dd8caef778b
outputs/experiments_u430k32/s15/Y3/lean_grouped__f0_s2/results/per_class_val_test_tta.csv,2994,2ce395b2e656e15c6051f6c51248f907c15848057a7acd75c41ed37eda23bd54
outputs/experiments_u430k32/s15/Y3/lean_grouped__f0_s2/results/preds_val_test_no_tta.npy,34616,
outputs/experiments_u430k32/s15/Y3/lean_grouped__f0_s2/results/preds_val_test_tta.npy,34616,
outputs/experiments_u430k32/s15/Y3/lean_grouped__f0_s2/results/rows_val_test_no_tta.npy,34616,
outputs/experiments_u430k32/s15/Y3/lean_grouped__f0_s2/results/rows_val_test_tta.npy,34616,
outputs/experiments_u430k32/s15/Y3/lean_grouped__f0_s2/results/run.json,64581,4e68e62dada68bcfa2b369c251d99e8dd161a20c7c2b6bd9a927765bbadfc22e
outputs/experiments_u430k32/s15/Y3/lean_grouped__f0_s2/results/session_probe.json,912,a24130e0d8bc1e88e5dee03d0e3689db4a5ab380160a3db80870709110fe151c
outputs/experiments_u430k32/s15/Y3/lean_grouped__f0_s2/results/session_val_test_no_tta.csv,833,4ed9108704de406046c93d5fdcb438244e199bb507e3fb20fe8db335bf1a83e7
outputs/experiments_u430k32/s15/Y3/lean_grouped__f0_s2/results/session_val_test_no_tta.json,5121,9674accbd4fb3015fa8ab96d7c496b3bc7e5ca107e1af0367f35832c56bd92f9
outputs/experiments_u430k32/s15/Y3/lean_grouped__f0_s2/results/session_val_test_tta.csv,833,be0d9310d79b24478b5b527ae7f2f8959fdd972b99dc53acab18c5bb048387d3
outputs/experiments_u430k32/s15/Y3/lean_grouped__f0_s2/results/session_val_test_tta.json,4944,abaa9448d612989eeef3c2d4d833e9dfd63656b47eaab2e6c0d2a2aefd4f6285
outputs/experiments_u430k32/s15/Y3/lean_grouped__f0_s2/results/targets_val_test_no_tta.npy,34616,
outputs/experiments_u430k32/s15/Y3/lean_grouped__f0_s2/results/targets_val_test_tta.npy,34616,
outputs/experiments_u430k32/s15/Y3/lean_grouped__f0_s2/stage1_meta.json,5098,efe8860ab2712f2f33fb5271a2e843bf03d8c106fb3d6f1c8a42306a239d614c
outputs/experiments_u430k32/s15/Y3/lean_grouped__f0_s2/sweep.log,150307,
outputs/experiments_u430k32/s15/Y3/lean_grouped__f0_s2/training.log,210987,
outputs/experiments_u430k32/s15/Y3/lean_grouped__f1_s1/best_stage1.pth,21951711,
outputs/experiments_u430k32/s15/Y3/lean_grouped__f1_s1/clean_fit.json,22186,4abddf5ca010bc86b15ee13734f187324f4fdd6626cdd4b77a8da01bed00ecf9
outputs/experiments_u430k32/s15/Y3/lean_grouped__f1_s1/figures/confusion_val_test_no_tta.png,69190,
outputs/experiments_u430k32/s15/Y3/lean_grouped__f1_s1/figures/confusion_val_test_tta.png,68812,
outputs/experiments_u430k32/s15/Y3/lean_grouped__f1_s1/figures/per_class_f1_val_test_no_tta.png,39481,
outputs/experiments_u430k32/s15/Y3/lean_grouped__f1_s1/figures/per_class_f1_val_test_tta.png,38203,
outputs/experiments_u430k32/s15/Y3/lean_grouped__f1_s1/frozen_cell.json,2391,f185e4f57a28c73b2f682f8bb65488eba315f119e8ab19bbde36c87683e1540d
outputs/experiments_u430k32/s15/Y3/lean_grouped__f1_s1/hydra/2026-10-03_12-22-13/.hydra/config.yaml,4420,b79b6c87fdc74f6af31058bb857e51a02a657a8331093e62af633ef4ab08c063
outputs/experiments_u430k32/s15/Y3/lean_grouped__f1_s1/hydra/2026-10-03_12-22-13/.hydra/hydra.yaml,4611,d03bd747f673bed33b0c93aa5dfd2b6758931bbf27a23eb9e2cfea929eb83866
outputs/experiments_u430k32/s15/Y3/lean_grouped__f1_s1/hydra/2026-10-03_12-22-13/.hydra/overrides.yaml,481,9a4c70532ecce9920f207a678ad6aa5a94e2eab8e4fb9ef4fb84aafa8c12b4a2
outputs/experiments_u430k32/s15/Y3/lean_grouped__f1_s1/hydra/2026-10-03_12-22-13/train.log,482,
outputs/experiments_u430k32/s15/Y3/lean_grouped__f1_s1/last_stage1.json,142,825c1d84bc80e90d733ef38f33cfa665e357f6ec141f7292d13d60cc46333219
outputs/experiments_u430k32/s15/Y3/lean_grouped__f1_s1/metrics.jsonl,521265,
outputs/experiments_u430k32/s15/Y3/lean_grouped__f1_s1/results/confusion_val_test_no_tta.csv,16839,cb9751f5293d8ad4e3aa82b141114c1ada46d2ce016e252378435a7abe5431b5
outputs/experiments_u430k32/s15/Y3/lean_grouped__f1_s1/results/confusion_val_test_no_tta.npy,64928,
outputs/experiments_u430k32/s15/Y3/lean_grouped__f1_s1/results/confusion_val_test_tta.csv,16837,2eab903b049542c61328d9bf328f35d5c4cc25e3f66023fefcb5f889a12f5999
outputs/experiments_u430k32/s15/Y3/lean_grouped__f1_s1/results/confusion_val_test_tta.npy,64928,
outputs/experiments_u430k32/s15/Y3/lean_grouped__f1_s1/results/logits_calib_no_tta.npz,107271,
outputs/experiments_u430k32/s15/Y3/lean_grouped__f1_s1/results/logits_calib_tta.npz,107210,
outputs/experiments_u430k32/s15/Y3/lean_grouped__f1_s1/results/logits_val_test_no_tta.npz,728120,
outputs/experiments_u430k32/s15/Y3/lean_grouped__f1_s1/results/logits_val_test_tta.npz,728058,
outputs/experiments_u430k32/s15/Y3/lean_grouped__f1_s1/results/metrics_val_test_no_tta.json,18881,ddbe273a21dd8665a3d5f8645ae7ba0d723ea4070e62d3350d5c26c4cc6d0319
outputs/experiments_u430k32/s15/Y3/lean_grouped__f1_s1/results/metrics_val_test_tta.json,18836,cbbccf580238addc24e74731f26ac2b69bf24675bf771c330f0e5cb76dc3f6f9
outputs/experiments_u430k32/s15/Y3/lean_grouped__f1_s1/results/per_class_val_test_no_tta.csv,2994,8e7057e01ddf4c28d684a0e59a54e4522fd5cbf649f3a0f9ae142df5b54e369b
outputs/experiments_u430k32/s15/Y3/lean_grouped__f1_s1/results/per_class_val_test_tta.csv,2994,b8cca08a0635f4fb782401b87ae990ed535fc0d2ed3d6cf17dbd4dbd04aee900
outputs/experiments_u430k32/s15/Y3/lean_grouped__f1_s1/results/preds_val_test_no_tta.npy,34600,
outputs/experiments_u430k32/s15/Y3/lean_grouped__f1_s1/results/preds_val_test_tta.npy,34600,
outputs/experiments_u430k32/s15/Y3/lean_grouped__f1_s1/results/rows_val_test_no_tta.npy,34600,
outputs/experiments_u430k32/s15/Y3/lean_grouped__f1_s1/results/rows_val_test_tta.npy,34600,
outputs/experiments_u430k32/s15/Y3/lean_grouped__f1_s1/results/run.json,64852,fa32f8af55ed33c648263aaa422e274d8a3a5964b11fe3fed84aef6224a24300
outputs/experiments_u430k32/s15/Y3/lean_grouped__f1_s1/results/session_probe.json,910,abd34d861c10f253873ceede99e0d40b6c7377eded77e80964a2e8b8ef76015a
outputs/experiments_u430k32/s15/Y3/lean_grouped__f1_s1/results/session_val_test_no_tta.csv,884,ebeb89eca29a23e6098f2210b78f076997e250fb945bec6c1164fb0ba4640c1b
outputs/experiments_u430k32/s15/Y3/lean_grouped__f1_s1/results/session_val_test_no_tta.json,5114,0870f04bb34711580a87e877df4eef3a3c5d1ef2c7656d77ce99bf1a058da3a5
outputs/experiments_u430k32/s15/Y3/lean_grouped__f1_s1/results/session_val_test_tta.csv,884,645823fb467f3de18dce6346d0c0bf170d4997aed4e67d0dee39a4f5402510a2
outputs/experiments_u430k32/s15/Y3/lean_grouped__f1_s1/results/session_val_test_tta.json,5148,48238992bcef81cd5087cb9324562c50c02cd707a2bf9543714a9a8eb84b467e
outputs/experiments_u430k32/s15/Y3/lean_grouped__f1_s1/results/targets_val_test_no_tta.npy,34600,
outputs/experiments_u430k32/s15/Y3/lean_grouped__f1_s1/results/targets_val_test_tta.npy,34600,
outputs/experiments_u430k32/s15/Y3/lean_grouped__f1_s1/stage1_meta.json,5138,c891861c406d548c0822a22569c24c63eda5de3555c34a1ea301ad0fbb4c4ea8
outputs/experiments_u430k32/s15/Y3/lean_grouped__f1_s1/sweep.log,139626,
outputs/experiments_u430k32/s15/Y3/lean_grouped__f1_s1/training.log,194730,
outputs/experiments_u430k32/s15/Y3/lean_grouped__f1_s2/best_stage1.pth,21951711,
outputs/experiments_u430k32/s15/Y3/lean_grouped__f1_s2/clean_fit.json,22095,25fc7124f158ef0b32ac1d0867e4f1c80ec2b211ff8e6a1aaba6e6e3c22a7d5c
outputs/experiments_u430k32/s15/Y3/lean_grouped__f1_s2/figures/confusion_val_test_no_tta.png,69603,
outputs/experiments_u430k32/s15/Y3/lean_grouped__f1_s2/figures/confusion_val_test_tta.png,69137,
outputs/experiments_u430k32/s15/Y3/lean_grouped__f1_s2/figures/per_class_f1_val_test_no_tta.png,38435,
outputs/experiments_u430k32/s15/Y3/lean_grouped__f1_s2/figures/per_class_f1_val_test_tta.png,38325,
outputs/experiments_u430k32/s15/Y3/lean_grouped__f1_s2/frozen_cell.json,2391,2076810e9a17411e6915d8bdb58bf4719058d018b855119e0b4b167dc411cec1
outputs/experiments_u430k32/s15/Y3/lean_grouped__f1_s2/hydra/2026-10-03_12-46-50/.hydra/config.yaml,4420,adf2c73559bd59fa6faf6a632fba934e9a88414a3c4308d7643268c0bbb999d7
outputs/experiments_u430k32/s15/Y3/lean_grouped__f1_s2/hydra/2026-10-03_12-46-50/.hydra/hydra.yaml,4611,2090a8c5cf139764c8f4c9378f10201838bb796e9ea6fa213b8d86fa42b6f020
outputs/experiments_u430k32/s15/Y3/lean_grouped__f1_s2/hydra/2026-10-03_12-46-50/.hydra/overrides.yaml,481,a00a600de442057d3ed46114e2060f0e7db8ed318e6e16e51eb854c5f7ea240d
outputs/experiments_u430k32/s15/Y3/lean_grouped__f1_s2/hydra/2026-10-03_12-46-50/train.log,482,
outputs/experiments_u430k32/s15/Y3/lean_grouped__f1_s2/last_stage1.json,141,78c2621504f5f13ad77948952a61e285098a04fa384ce22f4994226d5d2fa625
outputs/experiments_u430k32/s15/Y3/lean_grouped__f1_s2/metrics.jsonl,566089,
outputs/experiments_u430k32/s15/Y3/lean_grouped__f1_s2/results/confusion_val_test_no_tta.csv,16834,06f9c4bda67023ec89df713ff98330d0ed53e7579b16465cbd332d02fca64504
outputs/experiments_u430k32/s15/Y3/lean_grouped__f1_s2/results/confusion_val_test_no_tta.npy,64928,
outputs/experiments_u430k32/s15/Y3/lean_grouped__f1_s2/results/confusion_val_test_tta.csv,16834,3c9b9c6cbd0f0c7b21c201dc936b4e0104ae9cfcc3f64b272ac0bfc40dde4b59
outputs/experiments_u430k32/s15/Y3/lean_grouped__f1_s2/results/confusion_val_test_tta.npy,64928,
outputs/experiments_u430k32/s15/Y3/lean_grouped__f1_s2/results/logits_calib_no_tta.npz,107219,
outputs/experiments_u430k32/s15/Y3/lean_grouped__f1_s2/results/logits_calib_tta.npz,107226,
outputs/experiments_u430k32/s15/Y3/lean_grouped__f1_s2/results/logits_val_test_no_tta.npz,727657,
outputs/experiments_u430k32/s15/Y3/lean_grouped__f1_s2/results/logits_val_test_tta.npz,727681,
outputs/experiments_u430k32/s15/Y3/lean_grouped__f1_s2/results/metrics_val_test_no_tta.json,18956,19423b40cd82932765cebca1761d74b2cf24a133939e0aed3c06768e287e8852
outputs/experiments_u430k32/s15/Y3/lean_grouped__f1_s2/results/metrics_val_test_tta.json,18939,d91bc3e9901605dea854d195b78d1aa85e3e09eaf4f607907a52bc58c771e42d
outputs/experiments_u430k32/s15/Y3/lean_grouped__f1_s2/results/per_class_val_test_no_tta.csv,2994,e31e47be85d903ff8acac11e2bd5f9ec08fc0478cddd7f0629f278068167126e
outputs/experiments_u430k32/s15/Y3/lean_grouped__f1_s2/results/per_class_val_test_tta.csv,2994,542f28a0741b88052c54c2ed7d75ca39fe50e08112abc5e256c4a9e208082fc9
outputs/experiments_u430k32/s15/Y3/lean_grouped__f1_s2/results/preds_val_test_no_tta.npy,34600,
outputs/experiments_u430k32/s15/Y3/lean_grouped__f1_s2/results/preds_val_test_tta.npy,34600,
outputs/experiments_u430k32/s15/Y3/lean_grouped__f1_s2/results/rows_val_test_no_tta.npy,34600,
outputs/experiments_u430k32/s15/Y3/lean_grouped__f1_s2/results/rows_val_test_tta.npy,34600,
outputs/experiments_u430k32/s15/Y3/lean_grouped__f1_s2/results/run.json,65000,1a6f161106f744fdcbc73fa34630fa4993bedb64d7aa5a760820be275165b139
outputs/experiments_u430k32/s15/Y3/lean_grouped__f1_s2/results/session_probe.json,914,2ebdd72af2016f3cc0c62d912c8001125439c2f8ac96af115c6b295b7afafd68
outputs/experiments_u430k32/s15/Y3/lean_grouped__f1_s2/results/session_val_test_no_tta.csv,884,04fe8d261e97678e4db40b04f5b0cedcd3e9040b716cba364e2239460bb90fcf
outputs/experiments_u430k32/s15/Y3/lean_grouped__f1_s2/results/session_val_test_no_tta.json,5110,82838f8e08878c8ff61b70b0fefeb768640fea66b34698ee65b1a87e5fb12a47
outputs/experiments_u430k32/s15/Y3/lean_grouped__f1_s2/results/session_val_test_tta.csv,884,607ec3fcafe053b6adc55db403723d3fca060b2c8cdce7ef0994c6e38cb5b8c8
outputs/experiments_u430k32/s15/Y3/lean_grouped__f1_s2/results/session_val_test_tta.json,5118,7fbb6d69e70cd771f6a38f70e65d1ee08db5c861fb1b7664399d15b809464d56
outputs/experiments_u430k32/s15/Y3/lean_grouped__f1_s2/results/targets_val_test_no_tta.npy,34600,
outputs/experiments_u430k32/s15/Y3/lean_grouped__f1_s2/results/targets_val_test_tta.npy,34600,
outputs/experiments_u430k32/s15/Y3/lean_grouped__f1_s2/stage1_meta.json,5171,da4e02f59c551d99fae1b459cf88586626cffda60e6ac344edbc71bab176b72f
outputs/experiments_u430k32/s15/Y3/lean_grouped__f1_s2/sweep.log,148502,
outputs/experiments_u430k32/s15/Y3/lean_grouped__f1_s2/training.log,205000,
outputs/experiments_u430k32/s15/Y3/lean_stratified__f0_s1/best_stage1.pth,21951711,
outputs/experiments_u430k32/s15/Y3/lean_stratified__f0_s1/clean_fit.json,24845,e25265a42062e0f6f4cd55e551a250198ca746731ab3397896edc6f8df71308d
outputs/experiments_u430k32/s15/Y3/lean_stratified__f0_s1/figures/confusion_val_test_no_tta.png,63986,
outputs/experiments_u430k32/s15/Y3/lean_stratified__f0_s1/figures/confusion_val_test_tta.png,63308,
outputs/experiments_u430k32/s15/Y3/lean_stratified__f0_s1/figures/per_class_f1_val_test_no_tta.png,39146,
outputs/experiments_u430k32/s15/Y3/lean_stratified__f0_s1/figures/per_class_f1_val_test_tta.png,38652,
outputs/experiments_u430k32/s15/Y3/lean_stratified__f0_s1/frozen_cell.json,2412,ab5f5ca95505c5899f46f88d649c2706f78a299f9e4f7c877b4a7bfcc9189dc8
outputs/experiments_u430k32/s15/Y3/lean_stratified__f0_s1/hydra/2026-10-03_13-14-19/.hydra/config.yaml,4429,c0e606b78905d08545c742acce821b9879c417be5560d2464a4d79dbf674d8f5
outputs/experiments_u430k32/s15/Y3/lean_stratified__f0_s1/hydra/2026-10-03_13-14-19/.hydra/hydra.yaml,4635,1b7ade9ddc7c3040a666143f79aece7d13ca2748b417dbea4ceb7cd8cc4fe627
outputs/experiments_u430k32/s15/Y3/lean_stratified__f0_s1/hydra/2026-10-03_13-14-19/.hydra/overrides.yaml,490,97e4a1b678164ccf71c68765fb2585db0d05094a85abe497fcc0301d1a8b9bac
outputs/experiments_u430k32/s15/Y3/lean_stratified__f0_s1/hydra/2026-10-03_13-14-19/train.log,482,
outputs/experiments_u430k32/s15/Y3/lean_stratified__f0_s1/last_stage1.json,142,567e34addbe53c12f28c0f224009004efdfd89aa17b6469eb9bf58ce1597f415
outputs/experiments_u430k32/s15/Y3/lean_stratified__f0_s1/metrics.jsonl,585054,
outputs/experiments_u430k32/s15/Y3/lean_stratified__f0_s1/results/confusion_val_test_no_tta.csv,16817,534c825434dad54b99fa29e0e9d10931f555312d05324124b5ff519c6f283dea
outputs/experiments_u430k32/s15/Y3/lean_stratified__f0_s1/results/confusion_val_test_no_tta.npy,64928,
outputs/experiments_u430k32/s15/Y3/lean_stratified__f0_s1/results/confusion_val_test_tta.csv,16818,6b266f15633a0579d9bbb39c0eb65163004dc1d79728a50587c0b432fd2e408f
outputs/experiments_u430k32/s15/Y3/lean_stratified__f0_s1/results/confusion_val_test_tta.npy,64928,
outputs/experiments_u430k32/s15/Y3/lean_stratified__f0_s1/results/logits_calib_no_tta.npz,155992,
outputs/experiments_u430k32/s15/Y3/lean_stratified__f0_s1/results/logits_calib_tta.npz,156086,
outputs/experiments_u430k32/s15/Y3/lean_stratified__f0_s1/results/logits_val_test_no_tta.npz,437988,
outputs/experiments_u430k32/s15/Y3/lean_stratified__f0_s1/results/logits_val_test_tta.npz,438206,
outputs/experiments_u430k32/s15/Y3/lean_stratified__f0_s1/results/metrics_val_test_no_tta.json,17094,c5d393b04244518184b593b4b1da0ff389487905b4b1c7d5bb57ab32b5a94c87
outputs/experiments_u430k32/s15/Y3/lean_stratified__f0_s1/results/metrics_val_test_tta.json,17024,e1270c1d4db3b760736524435f6ff2102152d01cd6b429b75961c8492ce6dc8e
outputs/experiments_u430k32/s15/Y3/lean_stratified__f0_s1/results/per_class_val_test_no_tta.csv,2994,d4738b17026735cdba5e3dbc5b01bf3be7fc3efcb46314268f2cc7423f575916
outputs/experiments_u430k32/s15/Y3/lean_stratified__f0_s1/results/per_class_val_test_tta.csv,2994,dc3bc16ccf6109db730a4a2b18001b2280753a0ab95186aee36af6f4ce268238
outputs/experiments_u430k32/s15/Y3/lean_stratified__f0_s1/results/preds_val_test_no_tta.npy,20832,
outputs/experiments_u430k32/s15/Y3/lean_stratified__f0_s1/results/preds_val_test_tta.npy,20832,
outputs/experiments_u430k32/s15/Y3/lean_stratified__f0_s1/results/rows_val_test_no_tta.npy,20832,
outputs/experiments_u430k32/s15/Y3/lean_stratified__f0_s1/results/rows_val_test_tta.npy,20832,
outputs/experiments_u430k32/s15/Y3/lean_stratified__f0_s1/results/run.json,56924,ec50fb8946c113381e3bc54c86ed22500824601856fa240cfd2979052013ab10
outputs/experiments_u430k32/s15/Y3/lean_stratified__f0_s1/results/session_probe.json,911,23d253497a24dfe59658ffe0a9e66434896676ed47e0b9bb89e0d0257a397aaa
outputs/experiments_u430k32/s15/Y3/lean_stratified__f0_s1/results/session_val_test_no_tta.csv,763,d8ad881e9a812f2815fd2fbb4d46e3dbfc77f373857d26360789ec7bc2982427
outputs/experiments_u430k32/s15/Y3/lean_stratified__f0_s1/results/session_val_test_no_tta.json,4774,902e86f5c4063bbfacdaae3f90a8cd3cf38afbcec2048738a093a02b4f038cdc
outputs/experiments_u430k32/s15/Y3/lean_stratified__f0_s1/results/session_val_test_tta.csv,763,f3ea4a24825751509c1646a02182b2a3e2d20413155860b86d1a25f48652d73b
outputs/experiments_u430k32/s15/Y3/lean_stratified__f0_s1/results/session_val_test_tta.json,4784,00ff91c0ac67d247792a35f67c6ebad98d9fda328f5eab03666ac92c62ae55e9
outputs/experiments_u430k32/s15/Y3/lean_stratified__f0_s1/results/targets_val_test_no_tta.npy,20832,
outputs/experiments_u430k32/s15/Y3/lean_stratified__f0_s1/results/targets_val_test_tta.npy,20832,
outputs/experiments_u430k32/s15/Y3/lean_stratified__f0_s1/stage1_meta.json,5249,c8f228b62e4aea9f4a2f0b85dae28b0b6d34be08ed70372bed7a602a1eae0ed9
outputs/experiments_u430k32/s15/Y3/lean_stratified__f0_s1/sweep.log,155056,
outputs/experiments_u430k32/s15/Y3/lean_stratified__f0_s1/training.log,220073,
outputs/experiments_u430k32/s15/Y3/lean_stratified__f0_s2/best_stage1.pth,21951711,
outputs/experiments_u430k32/s15/Y3/lean_stratified__f0_s2/clean_fit.json,21756,650fff23d2c8845dc2e6d5c2c2f36ddf8ce87c5b27ea3bf312e7367883231d07
outputs/experiments_u430k32/s15/Y3/lean_stratified__f0_s2/figures/confusion_val_test_no_tta.png,64178,
outputs/experiments_u430k32/s15/Y3/lean_stratified__f0_s2/figures/confusion_val_test_tta.png,63521,
outputs/experiments_u430k32/s15/Y3/lean_stratified__f0_s2/figures/per_class_f1_val_test_no_tta.png,38696,
outputs/experiments_u430k32/s15/Y3/lean_stratified__f0_s2/figures/per_class_f1_val_test_tta.png,38349,
outputs/experiments_u430k32/s15/Y3/lean_stratified__f0_s2/frozen_cell.json,2412,f44461d6626506881568e90d0812bb221c70c3005a69d801b40c9733ce8393ef
outputs/experiments_u430k32/s15/Y3/lean_stratified__f0_s2/hydra/2026-10-03_13-50-37/.hydra/config.yaml,4429,5d2ce995093bfc5ea3ee758b9f749a46f3d5b53cddbb95df07ef49ff497971dc
outputs/experiments_u430k32/s15/Y3/lean_stratified__f0_s2/hydra/2026-10-03_13-50-37/.hydra/hydra.yaml,4635,b58d40d6331e41649e3d5ab53a1e882d8a1253303aa62f48ace28c16cdd6dd1d
outputs/experiments_u430k32/s15/Y3/lean_stratified__f0_s2/hydra/2026-10-03_13-50-37/.hydra/overrides.yaml,490,b8c16cbe49b657b4bbb3145ed724371dfc84cfbf6019d1b03dc3ea25c02ba4a8
outputs/experiments_u430k32/s15/Y3/lean_stratified__f0_s2/hydra/2026-10-03_13-50-37/train.log,482,
outputs/experiments_u430k32/s15/Y3/lean_stratified__f0_s2/last_stage1.json,142,d872c277b1640bf9f10eeb40e4e1ac6d667ba743f8c9e87f1b03beae869eb36e
outputs/experiments_u430k32/s15/Y3/lean_stratified__f0_s2/metrics.jsonl,473243,
outputs/experiments_u430k32/s15/Y3/lean_stratified__f0_s2/results/confusion_val_test_no_tta.csv,16818,6a32e001ab8dfb4589c8a6733858c0b3bd9a07e1b0be9872075684aeb9da39a3
outputs/experiments_u430k32/s15/Y3/lean_stratified__f0_s2/results/confusion_val_test_no_tta.npy,64928,
outputs/experiments_u430k32/s15/Y3/lean_stratified__f0_s2/results/confusion_val_test_tta.csv,16819,e45ebe599b398ae1ad0b0e3d1d9bac7b45024b5714ae4a5267a1db2b4d1d946c
outputs/experiments_u430k32/s15/Y3/lean_stratified__f0_s2/results/confusion_val_test_tta.npy,64928,
outputs/experiments_u430k32/s15/Y3/lean_stratified__f0_s2/results/logits_calib_no_tta.npz,155983,
outputs/experiments_u430k32/s15/Y3/lean_stratified__f0_s2/results/logits_calib_tta.npz,155952,
outputs/experiments_u430k32/s15/Y3/lean_stratified__f0_s2/results/logits_val_test_no_tta.npz,437909,
outputs/experiments_u430k32/s15/Y3/lean_stratified__f0_s2/results/logits_val_test_tta.npz,438011,
outputs/experiments_u430k32/s15/Y3/lean_stratified__f0_s2/results/metrics_val_test_no_tta.json,17108,75bc288dfbab723b0bac6f5e54472c456d77b733dab4310f99b3c2d5af0e52ea
outputs/experiments_u430k32/s15/Y3/lean_stratified__f0_s2/results/metrics_val_test_tta.json,17179,974a7a50cbe443c8e705b2c890bb33c8d0ff44781f62d3e3f152bad9a22fffbc
outputs/experiments_u430k32/s15/Y3/lean_stratified__f0_s2/results/per_class_val_test_no_tta.csv,2994,eaa6ac193889db605bfb92d2ad8877572a045926c983cf42469820d2d3428c7a
outputs/experiments_u430k32/s15/Y3/lean_stratified__f0_s2/results/per_class_val_test_tta.csv,2994,074b23124212581c988ad5229cc9f953aaadc143279d4036de3569001f6ea4d8
outputs/experiments_u430k32/s15/Y3/lean_stratified__f0_s2/results/preds_val_test_no_tta.npy,20832,
outputs/experiments_u430k32/s15/Y3/lean_stratified__f0_s2/results/preds_val_test_tta.npy,20832,
outputs/experiments_u430k32/s15/Y3/lean_stratified__f0_s2/results/rows_val_test_no_tta.npy,20832,
outputs/experiments_u430k32/s15/Y3/lean_stratified__f0_s2/results/rows_val_test_tta.npy,20832,
outputs/experiments_u430k32/s15/Y3/lean_stratified__f0_s2/results/run.json,57083,82f367836b1fac694cdd21dd56f924af2bbccd13137585c808718cd09031bfd0
outputs/experiments_u430k32/s15/Y3/lean_stratified__f0_s2/results/session_probe.json,912,c173e14c27ec2f3b6f673986f88c9282eb393f240f4b620bd5772a23d08066d8
outputs/experiments_u430k32/s15/Y3/lean_stratified__f0_s2/results/session_val_test_no_tta.csv,763,3798da83b8c71e84b66b92ffa50eb0c154ccdc70490576a8622ae06fdd21ff06
outputs/experiments_u430k32/s15/Y3/lean_stratified__f0_s2/results/session_val_test_no_tta.json,4774,abe4c58e2be0d3e24260e9f8537d2028b8f7a277038ac7fa79007f669e68afd9
outputs/experiments_u430k32/s15/Y3/lean_stratified__f0_s2/results/session_val_test_tta.csv,763,f54015c633fa1523b143e665124fd60f51dc02806dc280a7ee9a7030c1c5c9d4
outputs/experiments_u430k32/s15/Y3/lean_stratified__f0_s2/results/session_val_test_tta.json,4773,a310f4623de5958ad17e7608c3488edfb23c2bf699393a1ebc9b9e650d17d56c
outputs/experiments_u430k32/s15/Y3/lean_stratified__f0_s2/results/targets_val_test_no_tta.npy,20832,
outputs/experiments_u430k32/s15/Y3/lean_stratified__f0_s2/results/targets_val_test_tta.npy,20832,
outputs/experiments_u430k32/s15/Y3/lean_stratified__f0_s2/stage1_meta.json,5233,82448cfffb8f315399f9aa14e3e4d27f1818e7303b3ae1b9810138b3f0c1c415
outputs/experiments_u430k32/s15/Y3/lean_stratified__f0_s2/sweep.log,129880,
outputs/experiments_u430k32/s15/Y3/lean_stratified__f0_s2/training.log,182843,
outputs/experiments_u430k32/s15/Y5/desc_only__f0_s0/best_stage1.pth,22616743,
outputs/experiments_u430k32/s15/Y5/desc_only__f0_s0/clean_fit.json,23310,13481ee56ff861b8c22f4d06d878a9b2a244cb823e7d6999fb0054a500359fdd
outputs/experiments_u430k32/s15/Y5/desc_only__f0_s0/figures/confusion_val_test_no_tta.png,69235,
outputs/experiments_u430k32/s15/Y5/desc_only__f0_s0/figures/confusion_val_test_tta.png,68629,
outputs/experiments_u430k32/s15/Y5/desc_only__f0_s0/figures/per_class_f1_val_test_no_tta.png,39057,
outputs/experiments_u430k32/s15/Y5/desc_only__f0_s0/figures/per_class_f1_val_test_tta.png,38970,
outputs/experiments_u430k32/s15/Y5/desc_only__f0_s0/frozen_cell.json,2229,c6381804a8073820c0ae375d916044955fe37052a43ba9ee7c8b486e0131144d
outputs/experiments_u430k32/s15/Y5/desc_only__f0_s0/hydra/2026-10-03_14-19-21/.hydra/config.yaml,4414,510946325b1f358c00575849cd8f5d5f8bd5c2bc3d2ddeba95d9490efeab1078
outputs/experiments_u430k32/s15/Y5/desc_only__f0_s0/hydra/2026-10-03_14-19-21/.hydra/hydra.yaml,4470,6241528eb109b6df74970b3af79caa99b2138ed02c2184bca7b895ebb70e8471
outputs/experiments_u430k32/s15/Y5/desc_only__f0_s0/hydra/2026-10-03_14-19-21/.hydra/overrides.yaml,414,3a85300c2593fa48eb7595e1c4692bd7a27704ac9a9f13f2c6b596f4c1b97b31
outputs/experiments_u430k32/s15/Y5/desc_only__f0_s0/hydra/2026-10-03_14-19-21/train.log,482,
outputs/experiments_u430k32/s15/Y5/desc_only__f0_s0/last_stage1.json,142,7c989d8813dabfdf7c01ebca2a45e7366c4d384e6644205ab14a84b4b7aee202
outputs/experiments_u430k32/s15/Y5/desc_only__f0_s0/metrics.jsonl,506602,
outputs/experiments_u430k32/s15/Y5/desc_only__f0_s0/results/confusion_val_test_no_tta.csv,16837,a46c95e87f2f7716a47169c41d84e6191d9ffbe0c6edab090a3406d43e02798b
outputs/experiments_u430k32/s15/Y5/desc_only__f0_s0/results/confusion_val_test_no_tta.npy,64928,
outputs/experiments_u430k32/s15/Y5/desc_only__f0_s0/results/confusion_val_test_tta.csv,16836,c4a3d8260178951df3f2c6e4547ee3e5b29314fc721e419f67307c0ca1ef1b68
outputs/experiments_u430k32/s15/Y5/desc_only__f0_s0/results/confusion_val_test_tta.npy,64928,
outputs/experiments_u430k32/s15/Y5/desc_only__f0_s0/results/logits_calib_no_tta.npz,107183,
outputs/experiments_u430k32/s15/Y5/desc_only__f0_s0/results/logits_calib_tta.npz,107232,
outputs/experiments_u430k32/s15/Y5/desc_only__f0_s0/results/logits_val_test_no_tta.npz,728085,
outputs/experiments_u430k32/s15/Y5/desc_only__f0_s0/results/logits_val_test_tta.npz,727823,
outputs/experiments_u430k32/s15/Y5/desc_only__f0_s0/results/metrics_val_test_no_tta.json,18810,193eab67b36deade82101ce98a40de74f69a61452e90fd7b1c93656308e461be
outputs/experiments_u430k32/s15/Y5/desc_only__f0_s0/results/metrics_val_test_tta.json,18778,5be3a8b631e2f8d274e957d156764e641ad36782845ef0276a8ee6c31bd867a8
outputs/experiments_u430k32/s15/Y5/desc_only__f0_s0/results/per_class_val_test_no_tta.csv,2994,741a7f34d9a8313863774dbd0ded89727bf3cde60dd5ee44840c5b798b29313e
outputs/experiments_u430k32/s15/Y5/desc_only__f0_s0/results/per_class_val_test_tta.csv,2994,08a615184620ef1b8d16814b6328dc39a0b881730e623bca536b724270c9cfc1
outputs/experiments_u430k32/s15/Y5/desc_only__f0_s0/results/preds_val_test_no_tta.npy,34616,
outputs/experiments_u430k32/s15/Y5/desc_only__f0_s0/results/preds_val_test_tta.npy,34616,
outputs/experiments_u430k32/s15/Y5/desc_only__f0_s0/results/rows_val_test_no_tta.npy,34616,
outputs/experiments_u430k32/s15/Y5/desc_only__f0_s0/results/rows_val_test_tta.npy,34616,
outputs/experiments_u430k32/s15/Y5/desc_only__f0_s0/results/run.json,64658,04f99e81c72148414775ea7f17d996ac3e460b1f28e6442d0886a9fb8cc48b71
outputs/experiments_u430k32/s15/Y5/desc_only__f0_s0/results/session_probe.json,912,f4d1a88bfac7feddc49d94819a471ecd95c8ae68ebe060cab99363ba0de7c7d5
outputs/experiments_u430k32/s15/Y5/desc_only__f0_s0/results/session_val_test_no_tta.csv,833,916299e8271cbe8dc3cdbc4d8c9eefc9c4f24ded3fb8fc5b05c658023e3d404b
outputs/experiments_u430k32/s15/Y5/desc_only__f0_s0/results/session_val_test_no_tta.json,5135,a2a605717ee17fa5023e7d38d95e9da8e95d256a8c14612c321ef36c44d54798
outputs/experiments_u430k32/s15/Y5/desc_only__f0_s0/results/session_val_test_tta.csv,833,c473e4f9dff6ef77e5db110afe0ab643486015aeef9d0a31e94827eb9ecfb005
outputs/experiments_u430k32/s15/Y5/desc_only__f0_s0/results/session_val_test_tta.json,5069,0e3b1e332b69b9c934506addfa5319cb5832f7b4424936320e990c4eabf40014
outputs/experiments_u430k32/s15/Y5/desc_only__f0_s0/results/targets_val_test_no_tta.npy,34616,
outputs/experiments_u430k32/s15/Y5/desc_only__f0_s0/results/targets_val_test_tta.npy,34616,
outputs/experiments_u430k32/s15/Y5/desc_only__f0_s0/stage1_meta.json,5220,e1d62173849e60a53836ec57914edb371f5e138322ff82c9f7f1ea04e1d5cf22
outputs/experiments_u430k32/s15/Y5/desc_only__f0_s0/sweep.log,137694,
outputs/experiments_u430k32/s15/Y5/desc_only__f0_s0/training.log,195528,
outputs/experiments_u430k32/s15/Y5/desc_only__f1_s0/best_stage1.pth,22616743,
outputs/experiments_u430k32/s15/Y5/desc_only__f1_s0/clean_fit.json,18709,01f6e6580b42acbb02c7baf1425e6e25818079ab256a87b422ec1f4ea1b759d1
outputs/experiments_u430k32/s15/Y5/desc_only__f1_s0/figures/confusion_val_test_no_tta.png,70195,
outputs/experiments_u430k32/s15/Y5/desc_only__f1_s0/figures/confusion_val_test_tta.png,69717,
outputs/experiments_u430k32/s15/Y5/desc_only__f1_s0/figures/per_class_f1_val_test_no_tta.png,38409,
outputs/experiments_u430k32/s15/Y5/desc_only__f1_s0/figures/per_class_f1_val_test_tta.png,38528,
outputs/experiments_u430k32/s15/Y5/desc_only__f1_s0/frozen_cell.json,2229,b7381103b469bd85cffa1c42f6d093c1e895aecb0fec2d8bf3da212923331ea5
outputs/experiments_u430k32/s15/Y5/desc_only__f1_s0/hydra/2026-10-03_14-43-34/.hydra/config.yaml,4414,64ceb4c66c2f9c86e68cadc7f4641edfcab1779ed323d528845f525558308375
outputs/experiments_u430k32/s15/Y5/desc_only__f1_s0/hydra/2026-10-03_14-43-34/.hydra/hydra.yaml,4470,9fa66428e4c357a3fcf3cb25a28226244d16d047f1d99679418c063b48b589dc
outputs/experiments_u430k32/s15/Y5/desc_only__f1_s0/hydra/2026-10-03_14-43-34/.hydra/overrides.yaml,414,81c609c3b1b424334c1a51d839dc0fb7f284427a55b70866d93bade6a56afe13
outputs/experiments_u430k32/s15/Y5/desc_only__f1_s0/hydra/2026-10-03_14-43-34/train.log,482,
outputs/experiments_u430k32/s15/Y5/desc_only__f1_s0/last_stage1.json,142,2e1f8846433b15337111bd2398b29ed6998e869aab19c013a75791f7c3ba6521
outputs/experiments_u430k32/s15/Y5/desc_only__f1_s0/metrics.jsonl,414862,
outputs/experiments_u430k32/s15/Y5/desc_only__f1_s0/results/confusion_val_test_no_tta.csv,16842,0d488f368fbf7ff8b120e96eb4b120c9c4d10cc13d0279f065319029ebcdd2b2
outputs/experiments_u430k32/s15/Y5/desc_only__f1_s0/results/confusion_val_test_no_tta.npy,64928,
outputs/experiments_u430k32/s15/Y5/desc_only__f1_s0/results/confusion_val_test_tta.csv,16839,6b4c3d7dda989d1aa1dd258b7ca892742bb1845abb419dd904dc4fcb129c677e
outputs/experiments_u430k32/s15/Y5/desc_only__f1_s0/results/confusion_val_test_tta.npy,64928,
outputs/experiments_u430k32/s15/Y5/desc_only__f1_s0/results/logits_calib_no_tta.npz,107187,
outputs/experiments_u430k32/s15/Y5/desc_only__f1_s0/results/logits_calib_tta.npz,107182,
outputs/experiments_u430k32/s15/Y5/desc_only__f1_s0/results/logits_val_test_no_tta.npz,727660,
outputs/experiments_u430k32/s15/Y5/desc_only__f1_s0/results/logits_val_test_tta.npz,727447,
outputs/experiments_u430k32/s15/Y5/desc_only__f1_s0/results/metrics_val_test_no_tta.json,18847,2c084fb33a2d644e6481eba38134a0b11d688148c8da7eb4fc48971b126783ce
outputs/experiments_u430k32/s15/Y5/desc_only__f1_s0/results/metrics_val_test_tta.json,18906,c419762ffd4f03d2f2fdaa33bc147a32d7d708210ed1528adf8f29963093099c
outputs/experiments_u430k32/s15/Y5/desc_only__f1_s0/results/per_class_val_test_no_tta.csv,2994,355b8ad3775a40e8b53441e4f910777caa51927de55de98942b6ce50bbdd249c
outputs/experiments_u430k32/s15/Y5/desc_only__f1_s0/results/per_class_val_test_tta.csv,2994,d103d0fe09a4dae8baa3ed4b84e979b53edb8b5b7596eed2adcdbed9be209a87
outputs/experiments_u430k32/s15/Y5/desc_only__f1_s0/results/preds_val_test_no_tta.npy,34600,
outputs/experiments_u430k32/s15/Y5/desc_only__f1_s0/results/preds_val_test_tta.npy,34600,
outputs/experiments_u430k32/s15/Y5/desc_only__f1_s0/results/rows_val_test_no_tta.npy,34600,
outputs/experiments_u430k32/s15/Y5/desc_only__f1_s0/results/rows_val_test_tta.npy,34600,
outputs/experiments_u430k32/s15/Y5/desc_only__f1_s0/results/run.json,64915,4ac0cca416ef4ce0eff79f87349e443750e0e2192a0725cca154ee456da3e2c4
outputs/experiments_u430k32/s15/Y5/desc_only__f1_s0/results/session_probe.json,911,e2977d52d93df4bc23bd6b32b71b6cbaa0151499ecf02bf908458aa2d38565aa
outputs/experiments_u430k32/s15/Y5/desc_only__f1_s0/results/session_val_test_no_tta.csv,884,abac589d822fe1472d1e6feb415671db493c35b6fc00de271589bf095ce281d6
outputs/experiments_u430k32/s15/Y5/desc_only__f1_s0/results/session_val_test_no_tta.json,5157,dbd8d423bf7225f3305ced3b6db02fbde16b7909262d13e8a86526844db7d537
outputs/experiments_u430k32/s15/Y5/desc_only__f1_s0/results/session_val_test_tta.csv,884,a38008d464aa05a1c68b35090e2f5decd5db20d951f61dd1cc77a9b17305b036
outputs/experiments_u430k32/s15/Y5/desc_only__f1_s0/results/session_val_test_tta.json,5140,f6e5ec1e518de09d388e9fe1a052742fbc3cd162a7df90de7aa5126e5723dee0
outputs/experiments_u430k32/s15/Y5/desc_only__f1_s0/results/targets_val_test_no_tta.npy,34600,
outputs/experiments_u430k32/s15/Y5/desc_only__f1_s0/results/targets_val_test_tta.npy,34600,
outputs/experiments_u430k32/s15/Y5/desc_only__f1_s0/stage1_meta.json,5291,38de7d653e96530fdc42c5d6ac5874ce25b92f8deb689b45d4fa1b392be34618
outputs/experiments_u430k32/s15/Y5/desc_only__f1_s0/sweep.log,115548,
outputs/experiments_u430k32/s15/Y5/desc_only__f1_s0/training.log,158745,
outputs/experiments_u430k32/s15/Y5/spatial_repair__f0_s0/best_stage1.pth,22300943,
outputs/experiments_u430k32/s15/Y5/spatial_repair__f0_s0/clean_fit.json,21940,3a042581c92933f8b35c431d21745c72f044568962252bc5427df51372f77173
outputs/experiments_u430k32/s15/Y5/spatial_repair__f0_s0/figures/confusion_val_test_no_tta.png,68480,
outputs/experiments_u430k32/s15/Y5/spatial_repair__f0_s0/figures/confusion_val_test_tta.png,67962,
outputs/experiments_u430k32/s15/Y5/spatial_repair__f0_s0/figures/per_class_f1_val_test_no_tta.png,38801,
outputs/experiments_u430k32/s15/Y5/spatial_repair__f0_s0/figures/per_class_f1_val_test_tta.png,38709,
outputs/experiments_u430k32/s15/Y5/spatial_repair__f0_s0/frozen_cell.json,2298,2b2f82ec63511fb6e3064a3cef8d6c82c31e42691394000c3a7d29f4105caf30
outputs/experiments_u430k32/s15/Y5/spatial_repair__f0_s0/hydra/2026-10-03_15-03-29/.hydra/config.yaml,4419,a5279999e1ad4bab340e6bc92acb03f436e10bc924aaa690cbac91ebd76911f0
outputs/experiments_u430k32/s15/Y5/spatial_repair__f0_s0/hydra/2026-10-03_15-03-29/.hydra/hydra.yaml,4543,a7fb8a4c45e7910861aacd9d7c1ba4357ed5452f1ed07c3725e9cf0c722a60ab
outputs/experiments_u430k32/s15/Y5/spatial_repair__f0_s0/hydra/2026-10-03_15-03-29/.hydra/overrides.yaml,447,fc6a431e2e39bba5d81ec5caa679a7d21602fed14c7bfb0c601f472ca4130790
outputs/experiments_u430k32/s15/Y5/spatial_repair__f0_s0/hydra/2026-10-03_15-03-29/train.log,482,
outputs/experiments_u430k32/s15/Y5/spatial_repair__f0_s0/last_stage1.json,142,693debbe08af33ea1efc4c1e86fc4cfbd87345483598b2c13bb297b5cdb37f92
outputs/experiments_u430k32/s15/Y5/spatial_repair__f0_s0/metrics.jsonl,542883,
outputs/experiments_u430k32/s15/Y5/spatial_repair__f0_s0/results/confusion_val_test_no_tta.csv,16827,8e51eb6ef17e852f17a45543f552e80ee60bd03201ae56c6d7c5c19c1fe197f3
outputs/experiments_u430k32/s15/Y5/spatial_repair__f0_s0/results/confusion_val_test_no_tta.npy,64928,
outputs/experiments_u430k32/s15/Y5/spatial_repair__f0_s0/results/confusion_val_test_tta.csv,16825,4675ba8b2116074c487fd42a349ce56b433981888abda2746d4878bc5515bf84
outputs/experiments_u430k32/s15/Y5/spatial_repair__f0_s0/results/confusion_val_test_tta.npy,64928,
outputs/experiments_u430k32/s15/Y5/spatial_repair__f0_s0/results/logits_calib_no_tta.npz,107278,
outputs/experiments_u430k32/s15/Y5/spatial_repair__f0_s0/results/logits_calib_tta.npz,107352,
outputs/experiments_u430k32/s15/Y5/spatial_repair__f0_s0/results/logits_val_test_no_tta.npz,728665,
outputs/experiments_u430k32/s15/Y5/spatial_repair__f0_s0/results/logits_val_test_tta.npz,728622,
outputs/experiments_u430k32/s15/Y5/spatial_repair__f0_s0/results/metrics_val_test_no_tta.json,18887,13ee207fc8c0a435f5e38e25251ede9259e439ce59f36b17e690648f587a5aa7
outputs/experiments_u430k32/s15/Y5/spatial_repair__f0_s0/results/metrics_val_test_tta.json,18902,6e89d7ffb5fcf703b561af38f56922b3a4a600a79317b993b232739d73ed88b4
outputs/experiments_u430k32/s15/Y5/spatial_repair__f0_s0/results/per_class_val_test_no_tta.csv,2994,100df022b31162fa169baefb97ca2dac2ca1a46e4843eb494c0c6ff19b6e1621
outputs/experiments_u430k32/s15/Y5/spatial_repair__f0_s0/results/per_class_val_test_tta.csv,2994,226c4f6dde7b9dd20555d95e322bc0862ead4c91636062f9f264b687d15adeea
outputs/experiments_u430k32/s15/Y5/spatial_repair__f0_s0/results/preds_val_test_no_tta.npy,34616,
outputs/experiments_u430k32/s15/Y5/spatial_repair__f0_s0/results/preds_val_test_tta.npy,34616,
outputs/experiments_u430k32/s15/Y5/spatial_repair__f0_s0/results/rows_val_test_no_tta.npy,34616,
outputs/experiments_u430k32/s15/Y5/spatial_repair__f0_s0/results/rows_val_test_tta.npy,34616,
outputs/experiments_u430k32/s15/Y5/spatial_repair__f0_s0/results/run.json,64602,cf518588478bd591b9b9f3c21ccc5342e4c693e62117ee0f7e70805ceda824fa
outputs/experiments_u430k32/s15/Y5/spatial_repair__f0_s0/results/session_probe.json,914,bd53f8e2fc852f460b70fb47fd89b52a187854bd54c72833d4e99e8396d2e713
outputs/experiments_u430k32/s15/Y5/spatial_repair__f0_s0/results/session_val_test_no_tta.csv,833,f1c5d1a86874bb53bdf002593c5954a1e9e6b2a055f3df003b27014e545fcce8
outputs/experiments_u430k32/s15/Y5/spatial_repair__f0_s0/results/session_val_test_no_tta.json,4977,37235cf6cf6b0502085d1b8aa779935d765f28c314d2f3843db28b82dae32ce8
outputs/experiments_u430k32/s15/Y5/spatial_repair__f0_s0/results/session_val_test_tta.csv,833,4c9d321931ad9f7090dad94cac5805c5aeaf7480d3fe6c533e813dd4f7635d2c
outputs/experiments_u430k32/s15/Y5/spatial_repair__f0_s0/results/session_val_test_tta.json,4980,6ac8f15948f9bcfaebcf027658f900fa1fed0db115fff68b80a67a042d66b9b3
outputs/experiments_u430k32/s15/Y5/spatial_repair__f0_s0/results/targets_val_test_no_tta.npy,34616,
outputs/experiments_u430k32/s15/Y5/spatial_repair__f0_s0/results/targets_val_test_tta.npy,34616,
outputs/experiments_u430k32/s15/Y5/spatial_repair__f0_s0/stage1_meta.json,5186,ed3ccea2fda29f8e31bb59f95941ef6c371f02439e30a479391390c718430d28
outputs/experiments_u430k32/s15/Y5/spatial_repair__f0_s0/sweep.log,142885,
outputs/experiments_u430k32/s15/Y5/spatial_repair__f0_s0/training.log,197775,
outputs/experiments_u430k32/s15/Y5/spatial_repair__f1_s0/best_stage1.pth,22300943,
outputs/experiments_u430k32/s15/Y5/spatial_repair__f1_s0/clean_fit.json,24229,e7bcdd76507b64db839396f6c7c74fb67773b3ed50f2f6cf3036bf0065d8dadf
outputs/experiments_u430k32/s15/Y5/spatial_repair__f1_s0/figures/confusion_val_test_no_tta.png,69418,
outputs/experiments_u430k32/s15/Y5/spatial_repair__f1_s0/figures/confusion_val_test_tta.png,68820,
outputs/experiments_u430k32/s15/Y5/spatial_repair__f1_s0/figures/per_class_f1_val_test_no_tta.png,39128,
outputs/experiments_u430k32/s15/Y5/spatial_repair__f1_s0/figures/per_class_f1_val_test_tta.png,38199,
outputs/experiments_u430k32/s15/Y5/spatial_repair__f1_s0/frozen_cell.json,2298,d621ae2fd4561baf5810b501d76dd95b104493514a5d05e6b13d2345d379d7ae
outputs/experiments_u430k32/s15/Y5/spatial_repair__f1_s0/hydra/2026-10-03_15-29-43/.hydra/config.yaml,4419,ec432b9fa241831a51b86d9ec434c7ffd87cb2c8721c4539e32c873fa3e5cc5c
outputs/experiments_u430k32/s15/Y5/spatial_repair__f1_s0/hydra/2026-10-03_15-29-43/.hydra/hydra.yaml,4543,08847891cab7271d6046e775213b90297f400fefeab116fa973e092bd7e5a0e4
outputs/experiments_u430k32/s15/Y5/spatial_repair__f1_s0/hydra/2026-10-03_15-29-43/.hydra/overrides.yaml,447,9c4aef0f24eda325ca379f88ed26d6750fd53dbdf0c42fcd59337740e35525de
outputs/experiments_u430k32/s15/Y5/spatial_repair__f1_s0/hydra/2026-10-03_15-29-43/train.log,482,
outputs/experiments_u430k32/s15/Y5/spatial_repair__f1_s0/last_stage1.json,142,47a23ea8406d6177513e0811ab39fdfc25d016578ce2448d2edb5aa0e6372557
outputs/experiments_u430k32/s15/Y5/spatial_repair__f1_s0/metrics.jsonl,553968,
outputs/experiments_u430k32/s15/Y5/spatial_repair__f1_s0/results/confusion_val_test_no_tta.csv,16838,218e262d16d7db7e4fb782337df80ae4e8a32a13d448f55cf09ba15f7d2c5bf1
outputs/experiments_u430k32/s15/Y5/spatial_repair__f1_s0/results/confusion_val_test_no_tta.npy,64928,
outputs/experiments_u430k32/s15/Y5/spatial_repair__f1_s0/results/confusion_val_test_tta.csv,16840,9819b2e3c571a31117e0f990d00bf3e759e1936dfbd3dab8525beb093f96ad36
outputs/experiments_u430k32/s15/Y5/spatial_repair__f1_s0/results/confusion_val_test_tta.npy,64928,
outputs/experiments_u430k32/s15/Y5/spatial_repair__f1_s0/results/logits_calib_no_tta.npz,107240,
outputs/experiments_u430k32/s15/Y5/spatial_repair__f1_s0/results/logits_calib_tta.npz,107253,
outputs/experiments_u430k32/s15/Y5/spatial_repair__f1_s0/results/logits_val_test_no_tta.npz,727966,
outputs/experiments_u430k32/s15/Y5/spatial_repair__f1_s0/results/logits_val_test_tta.npz,727821,
outputs/experiments_u430k32/s15/Y5/spatial_repair__f1_s0/results/metrics_val_test_no_tta.json,18982,629ec354d7c23f243f3e5ce9d8200113222588bafe6cf02dd83239c7992d67db
outputs/experiments_u430k32/s15/Y5/spatial_repair__f1_s0/results/metrics_val_test_tta.json,18858,aaa6f6aa5a124f9c65d59eadf12e5080789420e0f5f4a9a4c1e4c7285c2e11da
outputs/experiments_u430k32/s15/Y5/spatial_repair__f1_s0/results/per_class_val_test_no_tta.csv,2994,cdba2548ae6c0ccd18ada4845166425044b239ef53205c003073401b48ce9150
outputs/experiments_u430k32/s15/Y5/spatial_repair__f1_s0/results/per_class_val_test_tta.csv,2994,256e5579dbd1cfd6c36ee4fdb35cdab9a46fa3dc7cfd1e5656625a5c0a499c71
outputs/experiments_u430k32/s15/Y5/spatial_repair__f1_s0/results/preds_val_test_no_tta.npy,34600,
outputs/experiments_u430k32/s15/Y5/spatial_repair__f1_s0/results/preds_val_test_tta.npy,34600,
outputs/experiments_u430k32/s15/Y5/spatial_repair__f1_s0/results/rows_val_test_no_tta.npy,34600,
outputs/experiments_u430k32/s15/Y5/spatial_repair__f1_s0/results/rows_val_test_tta.npy,34600,
outputs/experiments_u430k32/s15/Y5/spatial_repair__f1_s0/results/run.json,65009,ce891f5b35296a47006bbc82de4e80cfde0da054ea03e6fee0b8d735df8c7e4c
outputs/experiments_u430k32/s15/Y5/spatial_repair__f1_s0/results/session_probe.json,912,c72b252882bffd7bbd27b5425e2307d0fd27aef057dd066bab8e8caa3c90f473
outputs/experiments_u430k32/s15/Y5/spatial_repair__f1_s0/results/session_val_test_no_tta.csv,884,5dbcb6b8524ef7e84ec2c5b3bdf9c00560c3526128acccd6fa6ccd4e33198109
outputs/experiments_u430k32/s15/Y5/spatial_repair__f1_s0/results/session_val_test_no_tta.json,5167,6f4e307573f82d1cafe6c5a0faff148c6fb4a2f510e329fa31dc7e45531b7685
outputs/experiments_u430k32/s15/Y5/spatial_repair__f1_s0/results/session_val_test_tta.csv,884,6a33ce6e2c4ea4f613bffbcda0a4e8abf6c9c9edd98846b999367f707584df63
outputs/experiments_u430k32/s15/Y5/spatial_repair__f1_s0/results/session_val_test_tta.json,5124,374ce0ee6881597bffcda4bfb09a57dc3a297731d2e76d45a81cd135f989cbc6
outputs/experiments_u430k32/s15/Y5/spatial_repair__f1_s0/results/targets_val_test_no_tta.npy,34600,
outputs/experiments_u430k32/s15/Y5/spatial_repair__f1_s0/results/targets_val_test_tta.npy,34600,
outputs/experiments_u430k32/s15/Y5/spatial_repair__f1_s0/stage1_meta.json,5133,d5201f6c97f3179804d92e83354c88f750d0c9245cf19607e0220a68b965f9cf
outputs/experiments_u430k32/s15/Y5/spatial_repair__f1_s0/sweep.log,148116,
outputs/experiments_u430k32/s15/Y5/spatial_repair__f1_s0/training.log,209730,
outputs/experiments_u430k32/s15/summary.json,3677,58d734d9822d5c4c980848db6d797bd824ca6597da16c119ac81ad89e4ac546b
outputs/s09_forensics/mean_k32.npy,1104000,
outputs/s09_forensics/mean_r215.npy,7416768,
outputs/s10_review/checkpoints.done,24,
outputs/s12_reading/noise_features.npz,3312346,
outputs/s12_reading/pixel_features.npz,28151166,
dataset/gain.npy,282591360,
dataset/groups.npy,69120,
dataset/labels.npy,69120,
dataset/masks.npy,70647936,
dataset/morphology.npy,276096,
dataset/radiometry.json,2187,ad552413a5d7ab9080d34785c2dcc4457ed0b4abb216a702ad712c7da25ee7ea
dataset/rice_hsi.zip,17255958035,
dataset/scan_table.csv,35763,97fc5ed7c73b3233280e28363502e738c90b6014cafe58e6dca1814ca0713deb
dataset/wavelengths.csv,3149,82b315ac65ccd88ccd64593acf81e3809e12cd0fac1cabb8d8cf4dff24e235ea
dataset/white_spectra.npz,370268,
dataset/white_tiles.csv,28452,13d3cd9817d4792879a6de8941ccce871a059ef9005131b80509d57b1bc66d90
dataset_u430k32/MANIFEST.json,1386,b2dee5b929befebf609ca317f711ff1379f9b755c4ae6e36c8dbf036b172e3a6
dataset_u430k32/band_axis.json,1593,0b28dd62a1e771f286914b995d628e5901caf5129eb92443f9cafd703ceeadf1
dataset_u430k32/groups.npy,69120,
dataset_u430k32/labels.npy,69120,
dataset_u430k32/masks.npy,70647936,
dataset_u430k32/morphology.npy,276096,
dataset_u430k32/patches.npy,2260729984,
dataset_u430k32/radiometry.json,2187,ad552413a5d7ab9080d34785c2dcc4457ed0b4abb216a702ad712c7da25ee7ea
dataset_u430k32/scan_table.csv,35763,97fc5ed7c73b3233280e28363502e738c90b6014cafe58e6dca1814ca0713deb
dataset_u430k32/wavelengths.csv,479,b98d614de08485c6c09884aa93006b9d523b3b3d190621539053730159cd1680
