fold,arm,label,cross,destination,f1,recall
0,hsi_tta,0,False,0,0.29906542056074764,0.3333333333333333
0,hsi_tta,1,False,0,0.7524752475247525,0.7916666666666666
0,hsi_tta,2,False,0,0.7878787878787878,0.8125
0,hsi_tta,3,False,0,0.8979591836734694,0.9166666666666666
0,hsi_tta,4,True,8,0.23333333333333334,0.14583333333333334
0,hsi_tta,5,False,1,0.8888888888888888,0.8695652173913043
0,hsi_tta,6,False,1,0.5142857142857142,0.5625
0,hsi_tta,7,True,8,0.0,0.0
0,hsi_tta,8,False,1,0.6923076923076923,0.75
0,hsi_tta,9,False,1,0.5714285714285714,0.5416666666666666
0,hsi_tta,10,False,1,0.3669724770642202,0.4166666666666667
0,hsi_tta,11,False,1,0.5957446808510638,0.5833333333333334
0,hsi_tta,12,True,8,0.03773584905660377,0.020833333333333332
0,hsi_tta,13,False,1,0.8131868131868132,0.7708333333333334
0,hsi_tta,14,False,1,0.78,0.8125
0,hsi_tta,15,False,1,0.7478260869565218,0.8958333333333334
0,hsi_tta,16,False,1,0.5818181818181818,0.6666666666666666
0,hsi_tta,17,False,1,0.5517241379310345,0.5
0,hsi_tta,18,False,1,0.6792452830188679,0.75
0,hsi_tta,19,False,1,0.5740740740740741,0.6458333333333334
0,hsi_tta,20,False,2,0.5858585858585859,0.6041666666666666
0,hsi_tta,21,False,2,0.782608695652174,0.75
0,hsi_tta,22,True,2,0.4411764705882353,0.3125
0,hsi_tta,23,False,2,0.6896551724137931,0.8333333333333334
0,hsi_tta,24,False,2,0.8333333333333334,0.8333333333333334
0,hsi_tta,25,False,2,0.528,0.6875
0,hsi_tta,26,False,2,0.9696969696969697,1.0
0,hsi_tta,27,False,2,0.4842105263157895,0.4791666666666667
0,hsi_tta,28,False,2,0.9690721649484536,0.9791666666666666
0,hsi_tta,29,False,2,0.9183673469387755,0.9375
0,hsi_tta,30,False,2,0.4485981308411215,0.5
0,hsi_tta,31,False,2,0.8867924528301887,0.9791666666666666
0,hsi_tta,32,False,2,0.9,0.9375
0,hsi_tta,33,False,2,0.5909090909090909,0.5416666666666666
0,hsi_tta,34,False,3,0.6804123711340206,0.6875
0,hsi_tta,35,False,3,0.6917293233082706,0.9583333333333334
0,hsi_tta,36,False,3,0.8842105263157894,0.875
0,hsi_tta,37,False,3,0.34951456310679613,0.375
0,hsi_tta,38,True,3,0.0,0.0
0,hsi_tta,39,False,3,0.47706422018348627,0.5416666666666666
0,hsi_tta,40,False,3,0.5747126436781609,0.5208333333333334
0,hsi_tta,41,False,3,0.2988505747126437,0.2708333333333333
0,hsi_tta,42,False,3,0.2857142857142857,0.22916666666666666
0,hsi_tta,43,False,4,0.3893805309734513,0.4583333333333333
0,hsi_tta,44,False,4,0.5957446808510638,0.5833333333333334
0,hsi_tta,45,True,4,0.0,0.0
0,hsi_tta,46,False,4,0.6222222222222222,0.5833333333333334
0,hsi_tta,47,False,4,0.7719298245614035,0.9166666666666666
0,hsi_tta,48,False,4,0.8979591836734694,0.9166666666666666
0,hsi_tta,49,False,4,0.1518987341772152,0.125
0,hsi_tta,50,False,4,0.9795918367346939,1.0
0,hsi_tta,51,False,4,0.023809523809523808,0.020833333333333332
0,hsi_tta,52,False,4,0.13333333333333333,0.125
0,hsi_tta,53,False,4,0.84,0.9130434782608695
0,hsi_tta,54,False,4,0.4835164835164835,0.4583333333333333
0,hsi_tta,55,False,4,0.6170212765957447,0.6041666666666666
0,hsi_tta,56,False,4,0.82,0.8541666666666666
0,hsi_tta,57,False,5,0.6666666666666666,0.7291666666666666
0,hsi_tta,58,False,5,0.6126126126126126,0.7083333333333334
0,hsi_tta,59,True,5,0.136986301369863,0.10416666666666667
0,hsi_tta,60,True,5,0.4810126582278481,0.3958333333333333
0,hsi_tta,61,True,8,0.3170731707317073,0.2708333333333333
0,hsi_tta,62,False,5,0.6206896551724138,0.75
0,hsi_tta,63,True,8,0.05194805194805195,0.041666666666666664
0,hsi_tta,64,True,5,0.3870967741935484,0.375
0,hsi_tta,65,True,5,0.17543859649122806,0.10416666666666667
0,hsi_tta,66,True,5,0.21621621621621623,0.16666666666666666
0,hsi_tta,67,False,5,0.8936170212765957,0.875
0,hsi_tta,68,False,5,0.8514851485148515,0.8958333333333334
0,hsi_tta,69,False,5,0.2571428571428571,0.1875
0,hsi_tta,70,True,5,0.07407407407407407,0.041666666666666664
0,hsi_tta,71,True,5,0.0,0.0
0,hsi_tta,72,False,6,0.7,0.7291666666666666
0,hsi_tta,73,False,6,0.39436619718309857,0.5833333333333334
0,hsi_tta,74,False,6,0.9038461538461539,0.9791666666666666
0,hsi_tta,75,False,6,0.8936170212765957,0.875
0,hsi_tta,76,False,6,0.7766990291262136,0.8333333333333334
0,hsi_tta,77,False,7,0.7272727272727273,0.75
0,hsi_tta,78,True,7,0.8539325842696629,0.7916666666666666
0,hsi_tta,79,True,8,0.0,0.0
0,hsi_tta,80,False,7,0.32786885245901637,0.4166666666666667
0,hsi_tta,81,False,7,0.4046242774566474,0.7608695652173914
0,hsi_tta,82,False,8,0.6526315789473685,0.6458333333333334
0,hsi_tta,83,False,8,0.8085106382978723,0.7916666666666666
0,hsi_tta,84,False,8,0.5569620253164557,0.4583333333333333
0,hsi_tta,85,False,8,0.8148148148148148,0.9166666666666666
0,hsi_tta,86,False,8,0.6,0.625
0,hsi_tta,87,False,8,0.865979381443299,0.875
0,hsi_tta,88,False,8,0.6119402985074627,0.8541666666666666
0,hsi_tta,89,False,8,0.625,0.8333333333333334
0,rgb_trained,0,False,0,0.5161290322580645,0.5
0,rgb_trained,1,False,0,0.8543689320388349,0.9166666666666666
0,rgb_trained,2,False,0,0.9690721649484536,0.9791666666666666
0,rgb_trained,3,False,0,0.9574468085106383,0.9375
0,rgb_trained,4,True,8,0.7586206896551724,0.6875
0,rgb_trained,5,False,1,0.8865979381443299,0.9347826086956522
0,rgb_trained,6,False,1,0.5918367346938775,0.6041666666666666
0,rgb_trained,7,True,8,0.0,0.0
0,rgb_trained,8,False,1,0.822429906542056,0.9166666666666666
0,rgb_trained,9,False,1,0.8113207547169812,0.8958333333333334
0,rgb_trained,10,False,1,0.5882352941176471,0.625
0,rgb_trained,11,False,1,0.5555555555555556,0.5208333333333334
0,rgb_trained,12,True,8,0.44776119402985076,0.3125
0,rgb_trained,13,False,1,0.6666666666666666,0.6875
0,rgb_trained,14,False,1,0.7916666666666666,0.7916666666666666
0,rgb_trained,15,False,1,0.9375,0.9375
0,rgb_trained,16,False,1,0.8817204301075269,0.8541666666666666
0,rgb_trained,17,False,1,0.7789473684210526,0.7708333333333334
0,rgb_trained,18,False,1,0.7578947368421053,0.75
0,rgb_trained,19,False,1,0.6166666666666667,0.7708333333333334
0,rgb_trained,20,False,2,0.6728971962616822,0.75
0,rgb_trained,21,False,2,0.8316831683168316,0.875
0,rgb_trained,22,True,2,0.5,0.3541666666666667
0,rgb_trained,23,False,2,0.8118811881188119,0.8541666666666666
0,rgb_trained,24,False,2,0.8686868686868687,0.8958333333333334
0,rgb_trained,25,False,2,0.6274509803921569,0.6666666666666666
0,rgb_trained,26,False,2,0.967741935483871,0.9375
0,rgb_trained,27,False,2,0.7291666666666666,0.7291666666666666
0,rgb_trained,28,False,2,0.9696969696969697,1.0
0,rgb_trained,29,False,2,0.7454545454545455,0.8541666666666666
0,rgb_trained,30,False,2,0.6170212765957447,0.6041666666666666
0,rgb_trained,31,False,2,0.9166666666666666,0.9166666666666666
0,rgb_trained,32,False,2,0.8387096774193549,0.8125
0,rgb_trained,33,False,2,0.5714285714285714,0.5416666666666666
0,rgb_trained,34,False,3,0.5166666666666667,0.6458333333333334
0,rgb_trained,35,False,3,0.9166666666666666,0.9166666666666666
0,rgb_trained,36,False,3,0.8865979381443299,0.8958333333333334
0,rgb_trained,37,False,3,0.6862745098039216,0.7291666666666666
0,rgb_trained,38,True,3,0.02127659574468085,0.020833333333333332
0,rgb_trained,39,False,3,0.7766990291262136,0.8333333333333334
0,rgb_trained,40,False,3,0.6588235294117647,0.5833333333333334
0,rgb_trained,41,False,3,0.4186046511627907,0.375
0,rgb_trained,42,False,3,0.6607142857142857,0.7708333333333334
0,rgb_trained,43,False,4,0.6111111111111112,0.9166666666666666
0,rgb_trained,44,False,4,0.8979591836734694,0.9166666666666666
0,rgb_trained,45,True,4,0.2647058823529412,0.19148936170212766
0,rgb_trained,46,False,4,0.7692307692307693,0.7291666666666666
0,rgb_trained,47,False,4,0.9387755102040817,0.9583333333333334
0,rgb_trained,48,False,4,0.9361702127659575,0.9166666666666666
0,rgb_trained,49,False,4,0.297029702970297,0.3125
0,rgb_trained,50,False,4,0.7,0.5833333333333334
0,rgb_trained,51,False,4,0.36363636363636365,0.4166666666666667
0,rgb_trained,52,False,4,0.4172661870503597,0.6041666666666666
0,rgb_trained,53,False,4,0.7083333333333334,0.7391304347826086
0,rgb_trained,54,False,4,0.5909090909090909,0.5416666666666666
0,rgb_trained,55,False,4,0.7126436781609196,0.6458333333333334
0,rgb_trained,56,False,4,0.7446808510638298,0.7291666666666666
0,rgb_trained,57,False,5,0.8478260869565217,0.8125
0,rgb_trained,58,False,5,0.6938775510204082,0.7083333333333334
0,rgb_trained,59,True,5,0.6075949367088608,0.5
0,rgb_trained,60,True,5,0.32786885245901637,0.20833333333333334
0,rgb_trained,61,True,8,0.17073170731707318,0.14583333333333334
0,rgb_trained,62,False,5,0.673469387755102,0.6875
0,rgb_trained,63,True,8,0.0594059405940594,0.0625
0,rgb_trained,64,True,5,0.26865671641791045,0.1875
0,rgb_trained,65,True,5,0.34210526315789475,0.2708333333333333
0,rgb_trained,66,True,5,0.07547169811320754,0.041666666666666664
0,rgb_trained,67,False,5,0.9215686274509803,0.9791666666666666
0,rgb_trained,68,False,5,0.9787234042553191,0.9583333333333334
0,rgb_trained,69,False,5,0.865979381443299,0.875
0,rgb_trained,70,True,5,0.379746835443038,0.3125
0,rgb_trained,71,True,5,0.0,0.0
0,rgb_trained,72,False,6,0.6666666666666666,0.8125
0,rgb_trained,73,False,6,0.6796116504854369,0.7291666666666666
0,rgb_trained,74,False,6,0.8737864077669902,0.9375
0,rgb_trained,75,False,6,0.4672897196261682,0.5208333333333334
0,rgb_trained,76,False,6,0.8349514563106796,0.8958333333333334
0,rgb_trained,77,False,7,0.86,0.8958333333333334
0,rgb_trained,78,True,7,0.5057471264367817,0.4583333333333333
0,rgb_trained,79,True,8,0.6326530612244898,0.6458333333333334
0,rgb_trained,80,False,7,0.45652173913043476,0.4375
0,rgb_trained,81,False,7,0.48214285714285715,0.5869565217391305
0,rgb_trained,82,False,8,0.7843137254901961,0.8333333333333334
0,rgb_trained,83,False,8,0.7435897435897436,0.6041666666666666
0,rgb_trained,84,False,8,0.7956989247311828,0.7708333333333334
0,rgb_trained,85,False,8,0.8,0.9583333333333334
0,rgb_trained,86,False,8,0.8247422680412371,0.8333333333333334
0,rgb_trained,87,False,8,0.9306930693069307,0.9791666666666666
0,rgb_trained,88,False,8,0.5970149253731343,0.8333333333333334
0,rgb_trained,89,False,8,0.7627118644067796,0.9375
0,rgb_frozen,0,False,0,0.2608695652173913,0.25
0,rgb_frozen,1,False,0,0.7157894736842105,0.7083333333333334
0,rgb_frozen,2,False,0,0.9473684210526315,0.9375
0,rgb_frozen,3,False,0,0.9230769230769231,0.875
0,rgb_frozen,4,True,8,0.7317073170731707,0.625
0,rgb_frozen,5,False,1,0.7529411764705882,0.6956521739130435
0,rgb_frozen,6,False,1,0.3695652173913043,0.3541666666666667
0,rgb_frozen,7,True,8,0.0,0.0
0,rgb_frozen,8,False,1,0.6730769230769231,0.7291666666666666
0,rgb_frozen,9,False,1,0.6915887850467289,0.7708333333333334
0,rgb_frozen,10,False,1,0.3389830508474576,0.4166666666666667
0,rgb_frozen,11,False,1,0.25210084033613445,0.3125
0,rgb_frozen,12,True,8,0.4444444444444444,0.375
0,rgb_frozen,13,False,1,0.43373493975903615,0.375
0,rgb_frozen,14,False,1,0.5192307692307693,0.5625
0,rgb_frozen,15,False,1,0.7640449438202247,0.7083333333333334
0,rgb_frozen,16,False,1,0.6739130434782609,0.6458333333333334
0,rgb_frozen,17,False,1,0.5294117647058824,0.5625
0,rgb_frozen,18,False,1,0.5376344086021505,0.5208333333333334
0,rgb_frozen,19,False,1,0.4307692307692308,0.5833333333333334
0,rgb_frozen,20,False,2,0.3853211009174312,0.4375
0,rgb_frozen,21,False,2,0.7608695652173914,0.7291666666666666
0,rgb_frozen,22,True,2,0.5675675675675675,0.4375
0,rgb_frozen,23,False,2,0.5957446808510638,0.5833333333333334
0,rgb_frozen,24,False,2,0.6530612244897959,0.6666666666666666
0,rgb_frozen,25,False,2,0.2736842105263158,0.2708333333333333
0,rgb_frozen,26,False,2,0.9263157894736842,0.9166666666666666
0,rgb_frozen,27,False,2,0.4943820224719101,0.4583333333333333
0,rgb_frozen,28,False,2,0.9278350515463918,0.9375
0,rgb_frozen,29,False,2,0.42105263157894735,0.5
0,rgb_frozen,30,False,2,0.2459016393442623,0.3125
0,rgb_frozen,31,False,2,0.8037383177570093,0.8958333333333334
0,rgb_frozen,32,False,2,0.5625,0.5625
0,rgb_frozen,33,False,2,0.38461538461538464,0.4166666666666667
0,rgb_frozen,34,False,3,0.4339622641509434,0.4791666666666667
0,rgb_frozen,35,False,3,0.7422680412371134,0.75
0,rgb_frozen,36,False,3,0.7692307692307693,0.7291666666666666
0,rgb_frozen,37,False,3,0.5142857142857142,0.5625
0,rgb_frozen,38,True,3,0.0,0.0
0,rgb_frozen,39,False,3,0.5294117647058824,0.5625
0,rgb_frozen,40,False,3,0.5365853658536586,0.4583333333333333
0,rgb_frozen,41,False,3,0.1836734693877551,0.1875
0,rgb_frozen,42,False,3,0.4482758620689655,0.5416666666666666
0,rgb_frozen,43,False,4,0.5272727272727272,0.6041666666666666
0,rgb_frozen,44,False,4,0.6024096385542169,0.5208333333333334
0,rgb_frozen,45,True,4,0.16129032258064516,0.10638297872340426
0,rgb_frozen,46,False,4,0.4842105263157895,0.4791666666666667
0,rgb_frozen,47,False,4,0.8080808080808081,0.8333333333333334
0,rgb_frozen,48,False,4,0.9247311827956989,0.8958333333333334
0,rgb_frozen,49,False,4,0.18181818181818182,0.1875
0,rgb_frozen,50,False,4,0.41975308641975306,0.3541666666666667
0,rgb_frozen,51,False,4,0.1523809523809524,0.16666666666666666
0,rgb_frozen,52,False,4,0.27586206896551724,0.4166666666666667
0,rgb_frozen,53,False,4,0.6067415730337079,0.5869565217391305
0,rgb_frozen,54,False,4,0.3877551020408163,0.3958333333333333
0,rgb_frozen,55,False,4,0.574468085106383,0.5625
0,rgb_frozen,56,False,4,0.5833333333333334,0.5833333333333334
0,rgb_frozen,57,False,5,0.7126436781609196,0.6458333333333334
0,rgb_frozen,58,False,5,0.3673469387755102,0.375
0,rgb_frozen,59,True,5,0.08695652173913043,0.0625
0,rgb_frozen,60,True,5,0.1694915254237288,0.10416666666666667
0,rgb_frozen,61,True,8,0.044444444444444446,0.041666666666666664
0,rgb_frozen,62,False,5,0.5625,0.5625
0,rgb_frozen,63,True,8,0.09009009009009009,0.10416666666666667
0,rgb_frozen,64,True,5,0.07894736842105263,0.0625
0,rgb_frozen,65,True,5,0.022727272727272728,0.020833333333333332
0,rgb_frozen,66,True,5,0.0,0.0
0,rgb_frozen,67,False,5,0.8235294117647058,0.875
0,rgb_frozen,68,False,5,0.9574468085106383,0.9375
0,rgb_frozen,69,False,5,0.6966292134831461,0.6458333333333334
0,rgb_frozen,70,True,5,0.14285714285714285,0.10416666666666667
0,rgb_frozen,71,True,5,0.027777777777777776,0.020833333333333332
0,rgb_frozen,72,False,6,0.4716981132075472,0.5208333333333334
0,rgb_frozen,73,False,6,0.4423076923076923,0.4791666666666667
0,rgb_frozen,74,False,6,0.7920792079207921,0.8333333333333334
0,rgb_frozen,75,False,6,0.24778761061946902,0.2916666666666667
0,rgb_frozen,76,False,6,0.5454545454545454,0.5625
0,rgb_frozen,77,False,7,0.6730769230769231,0.7291666666666666
0,rgb_frozen,78,True,7,0.28205128205128205,0.22916666666666666
0,rgb_frozen,79,True,8,0.32432432432432434,0.25
0,rgb_frozen,80,False,7,0.22535211267605634,0.3333333333333333
0,rgb_frozen,81,False,7,0.3448275862068966,0.32608695652173914
0,rgb_frozen,82,False,8,0.5094339622641509,0.5625
0,rgb_frozen,83,False,8,0.3448275862068966,0.20833333333333334
0,rgb_frozen,84,False,8,0.5517241379310345,0.5
0,rgb_frozen,85,False,8,0.7238095238095238,0.7916666666666666
0,rgb_frozen,86,False,8,0.5777777777777777,0.5416666666666666
0,rgb_frozen,87,False,8,0.7254901960784313,0.7708333333333334
0,rgb_frozen,88,False,8,0.46153846153846156,0.5625
0,rgb_frozen,89,False,8,0.746031746031746,0.9791666666666666
0,equal_trained,0,False,0,0.48148148148148145,0.5416666666666666
0,equal_trained,1,False,0,0.9183673469387755,0.9375
0,equal_trained,2,False,0,0.9690721649484536,0.9791666666666666
0,equal_trained,3,False,0,1.0,1.0
0,equal_trained,4,True,8,0.7407407407407407,0.625
0,equal_trained,5,False,1,0.9565217391304348,0.9565217391304348
0,equal_trained,6,False,1,0.6947368421052632,0.6875
0,equal_trained,7,True,8,0.0,0.0
0,equal_trained,8,False,1,0.8653846153846154,0.9375
0,equal_trained,9,False,1,0.8155339805825242,0.875
0,equal_trained,10,False,1,0.616822429906542,0.6875
0,equal_trained,11,False,1,0.6595744680851063,0.6458333333333334
0,equal_trained,12,True,8,0.3103448275862069,0.1875
0,equal_trained,13,False,1,0.8085106382978723,0.7916666666666666
0,equal_trained,14,False,1,0.8842105263157894,0.875
0,equal_trained,15,False,1,0.9108910891089109,0.9583333333333334
0,equal_trained,16,False,1,0.8431372549019608,0.8958333333333334
0,equal_trained,17,False,1,0.8041237113402062,0.8125
0,equal_trained,18,False,1,0.82,0.8541666666666666
0,equal_trained,19,False,1,0.7222222222222222,0.8125
0,equal_trained,20,False,2,0.7735849056603774,0.8541666666666666
0,equal_trained,21,False,2,0.8958333333333334,0.8958333333333334
0,equal_trained,22,True,2,0.5135135135135135,0.3958333333333333
0,equal_trained,23,False,2,0.8653846153846154,0.9375
0,equal_trained,24,False,2,0.8888888888888888,0.9166666666666666
0,equal_trained,25,False,2,0.7326732673267327,0.7708333333333334
0,equal_trained,26,False,2,0.9894736842105263,0.9791666666666666
0,equal_trained,27,False,2,0.7692307692307693,0.7291666666666666
0,equal_trained,28,False,2,1.0,1.0
0,equal_trained,29,False,2,0.8712871287128713,0.9166666666666666
0,equal_trained,30,False,2,0.6078431372549019,0.6458333333333334
0,equal_trained,31,False,2,0.9494949494949495,0.9791666666666666
0,equal_trained,32,False,2,0.946236559139785,0.9166666666666666
0,equal_trained,33,False,2,0.7021276595744681,0.6875
0,equal_trained,34,False,3,0.6607142857142857,0.7708333333333334
0,equal_trained,35,False,3,0.9320388349514563,1.0
0,equal_trained,36,False,3,0.9361702127659575,0.9166666666666666
0,equal_trained,37,False,3,0.6666666666666666,0.6875
0,equal_trained,38,True,3,0.022222222222222223,0.020833333333333332
0,equal_trained,39,False,3,0.7476635514018691,0.8333333333333334
0,equal_trained,40,False,3,0.7764705882352941,0.6875
0,equal_trained,41,False,3,0.4444444444444444,0.375
0,equal_trained,42,False,3,0.7128712871287128,0.75
0,equal_trained,43,False,4,0.581081081081081,0.8958333333333334
0,equal_trained,44,False,4,0.88,0.9166666666666666
0,equal_trained,45,True,4,0.15873015873015872,0.10638297872340426
0,equal_trained,46,False,4,0.8210526315789474,0.8125
0,equal_trained,47,False,4,0.9019607843137255,0.9583333333333334
0,equal_trained,48,False,4,0.9565217391304348,0.9166666666666666
0,equal_trained,49,False,4,0.2736842105263158,0.2708333333333333
0,equal_trained,50,False,4,0.9361702127659575,0.9166666666666666
0,equal_trained,51,False,4,0.21568627450980393,0.22916666666666666
0,equal_trained,52,False,4,0.41739130434782606,0.5
0,equal_trained,53,False,4,0.9,0.9782608695652174
0,equal_trained,54,False,4,0.6,0.5625
0,equal_trained,55,False,4,0.8181818181818182,0.75
0,equal_trained,56,False,4,0.875,0.875
0,equal_trained,57,False,5,0.8888888888888888,0.9166666666666666
0,equal_trained,58,False,5,0.7476635514018691,0.8333333333333334
0,equal_trained,59,True,5,0.5070422535211268,0.375
0,equal_trained,60,True,5,0.56,0.4375
0,equal_trained,61,True,8,0.23076923076923078,0.1875
0,equal_trained,62,False,5,0.7142857142857143,0.7291666666666666
0,equal_trained,63,True,8,0.04878048780487805,0.041666666666666664
0,equal_trained,64,True,5,0.4473684210526316,0.3541666666666667
0,equal_trained,65,True,5,0.25,0.16666666666666666
0,equal_trained,66,True,5,0.07272727272727272,0.041666666666666664
0,equal_trained,67,False,5,0.9215686274509803,0.9791666666666666
0,equal_trained,68,False,5,0.9896907216494846,1.0
0,equal_trained,69,False,5,0.84,0.875
0,equal_trained,70,True,5,0.3333333333333333,0.25
0,equal_trained,71,True,5,0.0,0.0
0,equal_trained,72,False,6,0.7522935779816514,0.8541666666666666
0,equal_trained,73,False,6,0.5853658536585366,0.75
0,equal_trained,74,False,6,0.9306930693069307,0.9791666666666666
0,equal_trained,75,False,6,0.7207207207207207,0.8333333333333334
0,equal_trained,76,False,6,0.865979381443299,0.875
0,equal_trained,77,False,7,0.8571428571428571,0.875
0,equal_trained,78,True,7,0.8387096774193549,0.8125
0,equal_trained,79,True,8,0.6923076923076923,0.5625
0,equal_trained,80,False,7,0.42857142857142855,0.4375
0,equal_trained,81,False,7,0.556390977443609,0.8043478260869565
0,equal_trained,82,False,8,0.8269230769230769,0.8958333333333334
0,equal_trained,83,False,8,0.9090909090909091,0.8333333333333334
0,equal_trained,84,False,8,0.8045977011494253,0.7291666666666666
0,equal_trained,85,False,8,0.8141592920353983,0.9583333333333334
0,equal_trained,86,False,8,0.84,0.875
0,equal_trained,87,False,8,0.9320388349514563,1.0
0,equal_trained,88,False,8,0.6285714285714286,0.9166666666666666
0,equal_trained,89,False,8,0.72,0.9375
0,equal_frozen,0,False,0,0.3564356435643564,0.375
0,equal_frozen,1,False,0,0.8,0.7916666666666666
0,equal_frozen,2,False,0,0.9019607843137255,0.9583333333333334
0,equal_frozen,3,False,0,0.9574468085106383,0.9375
0,equal_frozen,4,True,8,0.717948717948718,0.5833333333333334
0,equal_frozen,5,False,1,0.9375,0.9782608695652174
0,equal_frozen,6,False,1,0.56,0.5833333333333334
0,equal_frozen,7,True,8,0.0,0.0
0,equal_frozen,8,False,1,0.7567567567567568,0.875
0,equal_frozen,9,False,1,0.7446808510638298,0.7291666666666666
0,equal_frozen,10,False,1,0.4485981308411215,0.5
0,equal_frozen,11,False,1,0.5882352941176471,0.625
0,equal_frozen,12,True,8,0.46153846153846156,0.3125
0,equal_frozen,13,False,1,0.7906976744186046,0.7083333333333334
0,equal_frozen,14,False,1,0.7706422018348624,0.875
0,equal_frozen,15,False,1,0.9090909090909091,0.9375
0,equal_frozen,16,False,1,0.7476635514018691,0.8333333333333334
0,equal_frozen,17,False,1,0.6538461538461539,0.7083333333333334
0,equal_frozen,18,False,1,0.7843137254901961,0.8333333333333334
0,equal_frozen,19,False,1,0.5981308411214953,0.6666666666666666
0,equal_frozen,20,False,2,0.6526315789473685,0.6458333333333334
0,equal_frozen,21,False,2,0.875,0.875
0,equal_frozen,22,True,2,0.6133333333333333,0.4791666666666667
0,equal_frozen,23,False,2,0.7428571428571429,0.8125
0,equal_frozen,24,False,2,0.8932038834951457,0.9583333333333334
0,equal_frozen,25,False,2,0.6296296296296297,0.7083333333333334
0,equal_frozen,26,False,2,0.9696969696969697,1.0
0,equal_frozen,27,False,2,0.5934065934065934,0.5625
0,equal_frozen,28,False,2,1.0,1.0
0,equal_frozen,29,False,2,0.8888888888888888,0.9166666666666666
0,equal_frozen,30,False,2,0.49504950495049505,0.5208333333333334
0,equal_frozen,31,False,2,0.8846153846153846,0.9583333333333334
0,equal_frozen,32,False,2,0.9072164948453608,0.9166666666666666
0,equal_frozen,33,False,2,0.6292134831460674,0.5833333333333334
0,equal_frozen,34,False,3,0.5871559633027523,0.6666666666666666
0,equal_frozen,35,False,3,0.7868852459016393,1.0
0,equal_frozen,36,False,3,0.9263157894736842,0.9166666666666666
0,equal_frozen,37,False,3,0.58,0.6041666666666666
0,equal_frozen,38,True,3,0.0,0.0
0,equal_frozen,39,False,3,0.6534653465346535,0.6875
0,equal_frozen,40,False,3,0.6987951807228916,0.6041666666666666
0,equal_frozen,41,False,3,0.38095238095238093,0.3333333333333333
0,equal_frozen,42,False,3,0.5348837209302325,0.4791666666666667
0,equal_frozen,43,False,4,0.5573770491803278,0.7083333333333334
0,equal_frozen,44,False,4,0.717391304347826,0.6875
0,equal_frozen,45,True,4,0.034482758620689655,0.02127659574468085
0,equal_frozen,46,False,4,0.717391304347826,0.6875
0,equal_frozen,47,False,4,0.8653846153846154,0.9375
0,equal_frozen,48,False,4,0.9591836734693877,0.9791666666666666
0,equal_frozen,49,False,4,0.14634146341463414,0.125
0,equal_frozen,50,False,4,0.9690721649484536,0.9791666666666666
0,equal_frozen,51,False,4,0.06741573033707865,0.0625
0,equal_frozen,52,False,4,0.2830188679245283,0.3125
0,equal_frozen,53,False,4,0.9108910891089109,1.0
0,equal_frozen,54,False,4,0.5274725274725275,0.5
0,equal_frozen,55,False,4,0.7578947368421053,0.75
0,equal_frozen,56,False,4,0.8349514563106796,0.8958333333333334
0,equal_frozen,57,False,5,0.7920792079207921,0.8333333333333334
0,equal_frozen,58,False,5,0.6181818181818182,0.7083333333333334
0,equal_frozen,59,True,5,0.125,0.08333333333333333
0,equal_frozen,60,True,5,0.5066666666666667,0.3958333333333333
0,equal_frozen,61,True,8,0.23076923076923078,0.1875
0,equal_frozen,62,False,5,0.6915887850467289,0.7708333333333334
0,equal_frozen,63,True,8,0.07894736842105263,0.0625
0,equal_frozen,64,True,5,0.26506024096385544,0.22916666666666666
0,equal_frozen,65,True,5,0.08108108108108109,0.0625
0,equal_frozen,66,True,5,0.25,0.16666666666666666
0,equal_frozen,67,False,5,0.9292929292929293,0.9583333333333334
0,equal_frozen,68,False,5,0.9787234042553191,0.9583333333333334
0,equal_frozen,69,False,5,0.5647058823529412,0.5
0,equal_frozen,70,True,5,0.12698412698412698,0.08333333333333333
0,equal_frozen,71,True,5,0.0,0.0
0,equal_frozen,72,False,6,0.74,0.7708333333333334
0,equal_frozen,73,False,6,0.4492753623188406,0.6458333333333334
0,equal_frozen,74,False,6,0.9019607843137255,0.9583333333333334
0,equal_frozen,75,False,6,0.8080808080808081,0.8333333333333334
0,equal_frozen,76,False,6,0.8431372549019608,0.8958333333333334
0,equal_frozen,77,False,7,0.8,0.8333333333333334
0,equal_frozen,78,True,7,0.6741573033707865,0.625
0,equal_frozen,79,True,8,0.38095238095238093,0.25
0,equal_frozen,80,False,7,0.359375,0.4791666666666667
0,equal_frozen,81,False,7,0.4966442953020134,0.8043478260869565
0,equal_frozen,82,False,8,0.6915887850467289,0.7708333333333334
0,equal_frozen,83,False,8,0.8148148148148148,0.6875
0,equal_frozen,84,False,8,0.6506024096385542,0.5625
0,equal_frozen,85,False,8,0.8037383177570093,0.8958333333333334
0,equal_frozen,86,False,8,0.6666666666666666,0.625
0,equal_frozen,87,False,8,0.8653846153846154,0.9375
0,equal_frozen,88,False,8,0.5522388059701493,0.7708333333333334
0,equal_frozen,89,False,8,0.7384615384615385,1.0
0,tri,0,False,0,0.3925233644859813,0.4375
0,tri,1,False,0,0.8695652173913043,0.8333333333333334
0,tri,2,False,0,0.9306930693069307,0.9791666666666666
0,tri,3,False,0,0.9894736842105263,0.9791666666666666
0,tri,4,True,8,0.6666666666666666,0.5416666666666666
0,tri,5,False,1,0.967032967032967,0.9565217391304348
0,tri,6,False,1,0.6666666666666666,0.6875
0,tri,7,True,8,0.0,0.0
0,tri,8,False,1,0.8181818181818182,0.9375
0,tri,9,False,1,0.8316831683168316,0.875
0,tri,10,False,1,0.5576923076923077,0.6041666666666666
0,tri,11,False,1,0.6804123711340206,0.6875
0,tri,12,True,8,0.4,0.25
0,tri,13,False,1,0.8275862068965517,0.75
0,tri,14,False,1,0.8686868686868687,0.8958333333333334
0,tri,15,False,1,0.9230769230769231,1.0
0,tri,16,False,1,0.8037383177570093,0.8958333333333334
0,tri,17,False,1,0.7835051546391752,0.7916666666666666
0,tri,18,False,1,0.8155339805825242,0.875
0,tri,19,False,1,0.6846846846846847,0.7916666666666666
0,tri,20,False,2,0.7428571428571429,0.8125
0,tri,21,False,2,0.9052631578947369,0.8958333333333334
0,tri,22,True,2,0.5675675675675675,0.4375
0,tri,23,False,2,0.822429906542056,0.9166666666666666
0,tri,24,False,2,0.92,0.9583333333333334
0,tri,25,False,2,0.7238095238095238,0.7916666666666666
0,tri,26,False,2,0.9591836734693877,0.9791666666666666
0,tri,27,False,2,0.7021276595744681,0.6875
0,tri,28,False,2,1.0,1.0
0,tri,29,False,2,0.9183673469387755,0.9375
0,tri,30,False,2,0.5436893203883495,0.5833333333333334
0,tri,31,False,2,0.9494949494949495,0.9791666666666666
0,tri,32,False,2,0.9183673469387755,0.9375
0,tri,33,False,2,0.7191011235955056,0.6666666666666666
0,tri,34,False,3,0.6326530612244898,0.6458333333333334
0,tri,35,False,3,0.8421052631578947,1.0
0,tri,36,False,3,0.9574468085106383,0.9375
0,tri,37,False,3,0.6666666666666666,0.6875
0,tri,38,True,3,0.0,0.0
0,tri,39,False,3,0.660377358490566,0.7291666666666666
0,tri,40,False,3,0.735632183908046,0.6666666666666666
0,tri,41,False,3,0.46511627906976744,0.4166666666666667
0,tri,42,False,3,0.735632183908046,0.6666666666666666
0,tri,43,False,4,0.5531914893617021,0.8125
0,tri,44,False,4,0.8387096774193549,0.8125
0,tri,45,True,4,0.0,0.0
0,tri,46,False,4,0.7916666666666666,0.7916666666666666
0,tri,47,False,4,0.8761904761904762,0.9583333333333334
0,tri,48,False,4,0.9375,0.9375
0,tri,49,False,4,0.1951219512195122,0.16666666666666666
0,tri,50,False,4,0.9896907216494846,1.0
0,tri,51,False,4,0.11627906976744186,0.10416666666666667
0,tri,52,False,4,0.4036697247706422,0.4583333333333333
0,tri,53,False,4,0.9292929292929293,1.0
0,tri,54,False,4,0.6222222222222222,0.5833333333333334
0,tri,55,False,4,0.7954545454545454,0.7291666666666666
0,tri,56,False,4,0.8775510204081632,0.8958333333333334
0,tri,57,False,5,0.8235294117647058,0.875
0,tri,58,False,5,0.6788990825688074,0.7708333333333334
0,tri,59,True,5,0.3333333333333333,0.22916666666666666
0,tri,60,True,5,0.5526315789473685,0.4375
0,tri,61,True,8,0.21333333333333335,0.16666666666666666
0,tri,62,False,5,0.7037037037037037,0.7916666666666666
0,tri,63,True,8,0.07407407407407407,0.0625
0,tri,64,True,5,0.358974358974359,0.2916666666666667
0,tri,65,True,5,0.19047619047619047,0.125
0,tri,66,True,5,0.2222222222222222,0.14583333333333334
0,tri,67,False,5,0.9591836734693877,0.9791666666666666
0,tri,68,False,5,0.9896907216494846,1.0
0,tri,69,False,5,0.75,0.75
0,tri,70,True,5,0.29850746268656714,0.20833333333333334
0,tri,71,True,5,0.0,0.0
0,tri,72,False,6,0.7850467289719626,0.875
0,tri,73,False,6,0.5401459854014599,0.7708333333333334
0,tri,74,False,6,0.9306930693069307,0.9791666666666666
0,tri,75,False,6,0.8484848484848485,0.875
0,tri,76,False,6,0.8865979381443299,0.8958333333333334
0,tri,77,False,7,0.865979381443299,0.875
0,tri,78,True,7,0.8222222222222222,0.7708333333333334
0,tri,79,True,8,0.5217391304347826,0.375
0,tri,80,False,7,0.41739130434782606,0.5
0,tri,81,False,7,0.527027027027027,0.8478260869565217
0,tri,82,False,8,0.7647058823529411,0.8125
0,tri,83,False,8,0.8735632183908046,0.7916666666666666
0,tri,84,False,8,0.7586206896551724,0.6875
0,tri,85,False,8,0.8108108108108109,0.9375
0,tri,86,False,8,0.75,0.75
0,tri,87,False,8,0.9142857142857143,1.0
0,tri,88,False,8,0.6099290780141844,0.8958333333333334
0,tri,89,False,8,0.7286821705426356,0.9791666666666666
0,rgb_ensemble,0,False,0,0.5106382978723404,0.5
0,rgb_ensemble,1,False,0,0.8301886792452831,0.9166666666666666
0,rgb_ensemble,2,False,0,0.9690721649484536,0.9791666666666666
0,rgb_ensemble,3,False,0,0.9347826086956522,0.8958333333333334
0,rgb_ensemble,4,True,8,0.7674418604651163,0.6875
0,rgb_ensemble,5,False,1,0.8842105263157894,0.9130434782608695
0,rgb_ensemble,6,False,1,0.5833333333333334,0.5833333333333334
0,rgb_ensemble,7,True,8,0.0,0.0
0,rgb_ensemble,8,False,1,0.7927927927927928,0.9166666666666666
0,rgb_ensemble,9,False,1,0.8,0.875
0,rgb_ensemble,10,False,1,0.6095238095238096,0.6666666666666666
0,rgb_ensemble,11,False,1,0.5934065934065934,0.5625
0,rgb_ensemble,12,True,8,0.4927536231884058,0.3541666666666667
0,rgb_ensemble,13,False,1,0.6521739130434783,0.625
0,rgb_ensemble,14,False,1,0.75,0.75
0,rgb_ensemble,15,False,1,0.9473684210526315,0.9375
0,rgb_ensemble,16,False,1,0.9052631578947369,0.8958333333333334
0,rgb_ensemble,17,False,1,0.7659574468085106,0.75
0,rgb_ensemble,18,False,1,0.7096774193548387,0.6875
0,rgb_ensemble,19,False,1,0.6218487394957983,0.7708333333333334
0,rgb_ensemble,20,False,2,0.6666666666666666,0.75
0,rgb_ensemble,21,False,2,0.8653846153846154,0.9375
0,rgb_ensemble,22,True,2,0.5945945945945946,0.4583333333333333
0,rgb_ensemble,23,False,2,0.8484848484848485,0.875
0,rgb_ensemble,24,False,2,0.8431372549019608,0.8958333333333334
0,rgb_ensemble,25,False,2,0.6296296296296297,0.7083333333333334
0,rgb_ensemble,26,False,2,0.9484536082474226,0.9583333333333334
0,rgb_ensemble,27,False,2,0.7789473684210526,0.7708333333333334
0,rgb_ensemble,28,False,2,1.0,1.0
0,rgb_ensemble,29,False,2,0.6607142857142857,0.7708333333333334
0,rgb_ensemble,30,False,2,0.5473684210526316,0.5416666666666666
0,rgb_ensemble,31,False,2,0.9183673469387755,0.9375
0,rgb_ensemble,32,False,2,0.8444444444444444,0.7916666666666666
0,rgb_ensemble,33,False,2,0.5510204081632653,0.5625
0,rgb_ensemble,34,False,3,0.5,0.6041666666666666
0,rgb_ensemble,35,False,3,0.9052631578947369,0.8958333333333334
0,rgb_ensemble,36,False,3,0.8865979381443299,0.8958333333333334
0,rgb_ensemble,37,False,3,0.7058823529411765,0.75
0,rgb_ensemble,38,True,3,0.020202020202020204,0.020833333333333332
0,rgb_ensemble,39,False,3,0.7572815533980582,0.8125
0,rgb_ensemble,40,False,3,0.6904761904761905,0.6041666666666666
0,rgb_ensemble,41,False,3,0.4235294117647059,0.375
0,rgb_ensemble,42,False,3,0.6605504587155964,0.75
0,rgb_ensemble,43,False,4,0.5899280575539568,0.8541666666666666
0,rgb_ensemble,44,False,4,0.8723404255319149,0.8541666666666666
0,rgb_ensemble,45,True,4,0.21875,0.14893617021276595
0,rgb_ensemble,46,False,4,0.7578947368421053,0.75
0,rgb_ensemble,47,False,4,0.9375,0.9375
0,rgb_ensemble,48,False,4,0.968421052631579,0.9583333333333334
0,rgb_ensemble,49,False,4,0.28865979381443296,0.2916666666666667
0,rgb_ensemble,50,False,4,0.6075949367088608,0.5
0,rgb_ensemble,51,False,4,0.37037037037037035,0.4166666666666667
0,rgb_ensemble,52,False,4,0.425531914893617,0.625
0,rgb_ensemble,53,False,4,0.7083333333333334,0.7391304347826086
0,rgb_ensemble,54,False,4,0.5777777777777777,0.5416666666666666
0,rgb_ensemble,55,False,4,0.7391304347826086,0.7083333333333334
0,rgb_ensemble,56,False,4,0.7755102040816326,0.7916666666666666
0,rgb_ensemble,57,False,5,0.8936170212765957,0.875
0,rgb_ensemble,58,False,5,0.6346153846153846,0.6875
0,rgb_ensemble,59,True,5,0.4931506849315068,0.375
0,rgb_ensemble,60,True,5,0.2857142857142857,0.16666666666666666
0,rgb_ensemble,61,True,8,0.15384615384615385,0.125
0,rgb_ensemble,62,False,5,0.6938775510204082,0.7083333333333334
0,rgb_ensemble,63,True,8,0.04040404040404041,0.041666666666666664
0,rgb_ensemble,64,True,5,0.23529411764705882,0.16666666666666666
0,rgb_ensemble,65,True,5,0.2631578947368421,0.20833333333333334
0,rgb_ensemble,66,True,5,0.07407407407407407,0.041666666666666664
0,rgb_ensemble,67,False,5,0.8867924528301887,0.9791666666666666
0,rgb_ensemble,68,False,5,0.9791666666666666,0.9791666666666666
0,rgb_ensemble,69,False,5,0.84,0.875
0,rgb_ensemble,70,True,5,0.3055555555555556,0.22916666666666666
0,rgb_ensemble,71,True,5,0.0,0.0
0,rgb_ensemble,72,False,6,0.6782608695652174,0.8125
0,rgb_ensemble,73,False,6,0.6857142857142857,0.75
0,rgb_ensemble,74,False,6,0.8653846153846154,0.9375
0,rgb_ensemble,75,False,6,0.46296296296296297,0.5208333333333334
0,rgb_ensemble,76,False,6,0.780952380952381,0.8541666666666666
0,rgb_ensemble,77,False,7,0.8431372549019608,0.8958333333333334
0,rgb_ensemble,78,True,7,0.4878048780487805,0.4166666666666667
0,rgb_ensemble,79,True,8,0.5238095238095238,0.4583333333333333
0,rgb_ensemble,80,False,7,0.4444444444444444,0.4583333333333333
0,rgb_ensemble,81,False,7,0.5,0.5652173913043478
0,rgb_ensemble,82,False,8,0.6542056074766355,0.7291666666666666
0,rgb_ensemble,83,False,8,0.5671641791044776,0.3958333333333333
0,rgb_ensemble,84,False,8,0.7096774193548387,0.6875
0,rgb_ensemble,85,False,8,0.8288288288288288,0.9583333333333334
0,rgb_ensemble,86,False,8,0.7872340425531915,0.7708333333333334
0,rgb_ensemble,87,False,8,0.9038461538461539,0.9791666666666666
0,rgb_ensemble,88,False,8,0.5693430656934306,0.8125
0,rgb_ensemble,89,False,8,0.7619047619047619,1.0
0,equal_trained_shuffled,0,False,0,0.5490196078431373,0.5833333333333334
0,equal_trained_shuffled,1,False,0,0.9215686274509803,0.9791666666666666
0,equal_trained_shuffled,2,False,0,0.9504950495049505,1.0
0,equal_trained_shuffled,3,False,0,0.9896907216494846,1.0
0,equal_trained_shuffled,4,True,8,0.7857142857142857,0.6875
0,equal_trained_shuffled,5,False,1,0.989247311827957,1.0
0,equal_trained_shuffled,6,False,1,0.7142857142857143,0.7291666666666666
0,equal_trained_shuffled,7,True,8,0.0,0.0
0,equal_trained_shuffled,8,False,1,0.8679245283018868,0.9583333333333334
0,equal_trained_shuffled,9,False,1,0.8316831683168316,0.875
0,equal_trained_shuffled,10,False,1,0.6666666666666666,0.7291666666666666
0,equal_trained_shuffled,11,False,1,0.7096774193548387,0.6875
0,equal_trained_shuffled,12,True,8,0.39344262295081966,0.25
0,equal_trained_shuffled,13,False,1,0.8222222222222222,0.7708333333333334
0,equal_trained_shuffled,14,False,1,0.8865979381443299,0.8958333333333334
0,equal_trained_shuffled,15,False,1,0.9494949494949495,0.9791666666666666
0,equal_trained_shuffled,16,False,1,0.9108910891089109,0.9583333333333334
0,equal_trained_shuffled,17,False,1,0.8541666666666666,0.8541666666666666
0,equal_trained_shuffled,18,False,1,0.8367346938775511,0.8541666666666666
0,equal_trained_shuffled,19,False,1,0.7090909090909091,0.8125
0,equal_trained_shuffled,20,False,2,0.7722772277227723,0.8125
0,equal_trained_shuffled,21,False,2,0.92,0.9583333333333334
0,equal_trained_shuffled,22,True,2,0.4927536231884058,0.3541666666666667
0,equal_trained_shuffled,23,False,2,0.8910891089108911,0.9375
0,equal_trained_shuffled,24,False,2,0.9019607843137255,0.9583333333333334
0,equal_trained_shuffled,25,False,2,0.7567567567567568,0.875
0,equal_trained_shuffled,26,False,2,0.9894736842105263,0.9791666666666666
0,equal_trained_shuffled,27,False,2,0.8172043010752689,0.7916666666666666
0,equal_trained_shuffled,28,False,2,1.0,1.0
0,equal_trained_shuffled,29,False,2,0.9090909090909091,0.9375
0,equal_trained_shuffled,30,False,2,0.673469387755102,0.6875
0,equal_trained_shuffled,31,False,2,0.9696969696969697,1.0
0,equal_trained_shuffled,32,False,2,0.968421052631579,0.9583333333333334
0,equal_trained_shuffled,33,False,2,0.6813186813186813,0.6458333333333334
0,equal_trained_shuffled,34,False,3,0.6605504587155964,0.75
0,equal_trained_shuffled,35,False,3,0.8807339449541285,1.0
0,equal_trained_shuffled,36,False,3,0.968421052631579,0.9583333333333334
0,equal_trained_shuffled,37,False,3,0.7578947368421053,0.75
0,equal_trained_shuffled,38,True,3,0.022727272727272728,0.020833333333333332
0,equal_trained_shuffled,39,False,3,0.7619047619047619,0.8333333333333334
0,equal_trained_shuffled,40,False,3,0.7954545454545454,0.7291666666666666
0,equal_trained_shuffled,41,False,3,0.4367816091954023,0.3958333333333333
0,equal_trained_shuffled,42,False,3,0.74,0.7708333333333334
0,equal_trained_shuffled,43,False,4,0.6187050359712231,0.8958333333333334
0,equal_trained_shuffled,44,False,4,0.8484848484848485,0.875
0,equal_trained_shuffled,45,True,4,0.10526315789473684,0.06382978723404255
0,equal_trained_shuffled,46,False,4,0.8172043010752689,0.7916666666666666
0,equal_trained_shuffled,47,False,4,0.9306930693069307,0.9791666666666666
0,equal_trained_shuffled,48,False,4,1.0,1.0
0,equal_trained_shuffled,49,False,4,0.25806451612903225,0.25
0,equal_trained_shuffled,50,False,4,0.968421052631579,0.9583333333333334
0,equal_trained_shuffled,51,False,4,0.26262626262626265,0.2708333333333333
0,equal_trained_shuffled,52,False,4,0.423728813559322,0.5208333333333334
0,equal_trained_shuffled,53,False,4,0.9090909090909091,0.9782608695652174
0,equal_trained_shuffled,54,False,4,0.6818181818181818,0.625
0,equal_trained_shuffled,55,False,4,0.8351648351648352,0.7916666666666666
0,equal_trained_shuffled,56,False,4,0.875,0.875
0,equal_trained_shuffled,57,False,5,0.9090909090909091,0.9375
0,equal_trained_shuffled,58,False,5,0.7407407407407407,0.8333333333333334
0,equal_trained_shuffled,59,True,5,0.6052631578947368,0.4791666666666667
0,equal_trained_shuffled,60,True,5,0.5555555555555556,0.4166666666666667
0,equal_trained_shuffled,61,True,8,0.2597402597402597,0.20833333333333334
0,equal_trained_shuffled,62,False,5,0.8155339805825242,0.875
0,equal_trained_shuffled,63,True,8,0.047619047619047616,0.041666666666666664
0,equal_trained_shuffled,64,True,5,0.37333333333333335,0.2916666666666667
0,equal_trained_shuffled,65,True,5,0.3125,0.20833333333333334
0,equal_trained_shuffled,66,True,5,0.1016949152542373,0.0625
0,equal_trained_shuffled,67,False,5,0.9504950495049505,1.0
0,equal_trained_shuffled,68,False,5,0.9896907216494846,1.0
0,equal_trained_shuffled,69,False,5,0.8163265306122449,0.8333333333333334
0,equal_trained_shuffled,70,True,5,0.3142857142857143,0.22916666666666666
0,equal_trained_shuffled,71,True,5,0.0,0.0
0,equal_trained_shuffled,72,False,6,0.7758620689655172,0.9375
0,equal_trained_shuffled,73,False,6,0.6557377049180327,0.8333333333333334
0,equal_trained_shuffled,74,False,6,0.9215686274509803,0.9791666666666666
0,equal_trained_shuffled,75,False,6,0.7961165048543689,0.8541666666666666
0,equal_trained_shuffled,76,False,6,0.9,0.9375
0,equal_trained_shuffled,77,False,7,0.9215686274509803,0.9791666666666666
0,equal_trained_shuffled,78,True,7,0.7865168539325843,0.7291666666666666
0,equal_trained_shuffled,79,True,8,0.675,0.5625
0,equal_trained_shuffled,80,False,7,0.5656565656565656,0.5833333333333334
0,equal_trained_shuffled,81,False,7,0.5454545454545454,0.782608695652174
0,equal_trained_shuffled,82,False,8,0.88,0.9166666666666666
0,equal_trained_shuffled,83,False,8,0.9090909090909091,0.8333333333333334
0,equal_trained_shuffled,84,False,8,0.8505747126436781,0.7708333333333334
0,equal_trained_shuffled,85,False,8,0.8214285714285714,0.9583333333333334
0,equal_trained_shuffled,86,False,8,0.8737864077669902,0.9375
0,equal_trained_shuffled,87,False,8,0.9795918367346939,1.0
0,equal_trained_shuffled,88,False,8,0.6344827586206897,0.9583333333333334
0,equal_trained_shuffled,89,False,8,0.7741935483870968,1.0
0,s29_head_l,0,False,0,0.35789473684210527,0.3541666666666667
0,s29_head_l,1,False,0,0.7835051546391752,0.7916666666666666
0,s29_head_l,2,False,0,0.9108910891089109,0.9583333333333334
0,s29_head_l,3,False,0,0.9787234042553191,0.9583333333333334
0,s29_head_l,4,True,8,0.5797101449275363,0.4166666666666667
0,s29_head_l,5,False,1,0.9473684210526315,0.9782608695652174
0,s29_head_l,6,False,1,0.5769230769230769,0.625
0,s29_head_l,7,True,8,0.0,0.0
0,s29_head_l,8,False,1,0.7747747747747747,0.8958333333333334
0,s29_head_l,9,False,1,0.78,0.8125
0,s29_head_l,10,False,1,0.49019607843137253,0.5208333333333334
0,s29_head_l,11,False,1,0.6666666666666666,0.7291666666666666
0,s29_head_l,12,True,8,0.47619047619047616,0.3125
0,s29_head_l,13,False,1,0.8222222222222222,0.7708333333333334
0,s29_head_l,14,False,1,0.7843137254901961,0.8333333333333334
0,s29_head_l,15,False,1,0.9072164948453608,0.9166666666666666
0,s29_head_l,16,False,1,0.7130434782608696,0.8541666666666666
0,s29_head_l,17,False,1,0.6862745098039216,0.7291666666666666
0,s29_head_l,18,False,1,0.7766990291262136,0.8333333333333334
0,s29_head_l,19,False,1,0.6111111111111112,0.6875
0,s29_head_l,20,False,2,0.7070707070707071,0.7291666666666666
0,s29_head_l,21,False,2,0.865979381443299,0.875
0,s29_head_l,22,True,2,0.64,0.5
0,s29_head_l,23,False,2,0.7735849056603774,0.8541666666666666
0,s29_head_l,24,False,2,0.9019607843137255,0.9583333333333334
0,s29_head_l,25,False,2,0.6153846153846154,0.6666666666666666
0,s29_head_l,26,False,2,0.96,1.0
0,s29_head_l,27,False,2,0.6153846153846154,0.5833333333333334
0,s29_head_l,28,False,2,0.9696969696969697,1.0
0,s29_head_l,29,False,2,0.8888888888888888,0.9166666666666666
0,s29_head_l,30,False,2,0.5208333333333334,0.5208333333333334
0,s29_head_l,31,False,2,0.8952380952380953,0.9791666666666666
0,s29_head_l,32,False,2,0.8979591836734694,0.9166666666666666
0,s29_head_l,33,False,2,0.6938775510204082,0.7083333333333334
0,s29_head_l,34,False,3,0.673469387755102,0.6875
0,s29_head_l,35,False,3,0.75,1.0
0,s29_head_l,36,False,3,0.9361702127659575,0.9166666666666666
0,s29_head_l,37,False,3,0.52,0.5416666666666666
0,s29_head_l,38,True,3,0.0,0.0
0,s29_head_l,39,False,3,0.6060606060606061,0.625
0,s29_head_l,40,False,3,0.6896551724137931,0.625
0,s29_head_l,41,False,3,0.3466666666666667,0.2708333333333333
0,s29_head_l,42,False,3,0.5476190476190477,0.4791666666666667
0,s29_head_l,43,False,4,0.5245901639344263,0.6666666666666666
0,s29_head_l,44,False,4,0.7391304347826086,0.7083333333333334
0,s29_head_l,45,True,4,0.0,0.0
0,s29_head_l,46,False,4,0.7608695652173914,0.7291666666666666
0,s29_head_l,47,False,4,0.8823529411764706,0.9375
0,s29_head_l,48,False,4,0.9375,0.9375
0,s29_head_l,49,False,4,0.16470588235294117,0.14583333333333334
0,s29_head_l,50,False,4,0.946236559139785,0.9166666666666666
0,s29_head_l,51,False,4,0.02702702702702703,0.020833333333333332
0,s29_head_l,52,False,4,0.2909090909090909,0.3333333333333333
0,s29_head_l,53,False,4,0.9019607843137255,1.0
0,s29_head_l,54,False,4,0.5287356321839081,0.4791666666666667
0,s29_head_l,55,False,4,0.75,0.75
0,s29_head_l,56,False,4,0.8543689320388349,0.9166666666666666
0,s29_head_l,57,False,5,0.7735849056603774,0.8541666666666666
0,s29_head_l,58,False,5,0.6017699115044248,0.7083333333333334
0,s29_head_l,59,True,5,0.11764705882352941,0.08333333333333333
0,s29_head_l,60,True,5,0.5,0.3958333333333333
0,s29_head_l,61,True,8,0.23529411764705882,0.20833333333333334
0,s29_head_l,62,False,5,0.7155963302752294,0.8125
0,s29_head_l,63,True,8,0.05063291139240506,0.041666666666666664
0,s29_head_l,64,True,5,0.3058823529411765,0.2708333333333333
0,s29_head_l,65,True,5,0.08823529411764706,0.0625
0,s29_head_l,66,True,5,0.24242424242424243,0.16666666666666666
0,s29_head_l,67,False,5,0.9387755102040817,0.9583333333333334
0,s29_head_l,68,False,5,1.0,1.0
0,s29_head_l,69,False,5,0.5238095238095238,0.4583333333333333
0,s29_head_l,70,True,5,0.12903225806451613,0.08333333333333333
0,s29_head_l,71,True,5,0.0,0.0
0,s29_head_l,72,False,6,0.7450980392156863,0.7916666666666666
0,s29_head_l,73,False,6,0.42748091603053434,0.5833333333333334
0,s29_head_l,74,False,6,0.9019607843137255,0.9583333333333334
0,s29_head_l,75,False,6,0.8817204301075269,0.8541666666666666
0,s29_head_l,76,False,6,0.88,0.9166666666666666
0,s29_head_l,77,False,7,0.8155339805825242,0.875
0,s29_head_l,78,True,7,0.7472527472527473,0.7083333333333334
0,s29_head_l,79,True,8,0.3728813559322034,0.22916666666666666
0,s29_head_l,80,False,7,0.4,0.5416666666666666
0,s29_head_l,81,False,7,0.4625,0.8043478260869565
0,s29_head_l,82,False,8,0.693069306930693,0.7291666666666666
0,s29_head_l,83,False,8,0.8372093023255814,0.75
0,s29_head_l,84,False,8,0.6292134831460674,0.5833333333333334
0,s29_head_l,85,False,8,0.7719298245614035,0.9166666666666666
0,s29_head_l,86,False,8,0.6744186046511628,0.6041666666666666
0,s29_head_l,87,False,8,0.8737864077669902,0.9375
0,s29_head_l,88,False,8,0.5899280575539568,0.8541666666666666
0,s29_head_l,89,False,8,0.7272727272727273,1.0
0,s29_equal_l,0,False,0,0.3564356435643564,0.375
0,s29_equal_l,1,False,0,0.8,0.7916666666666666
0,s29_equal_l,2,False,0,0.9019607843137255,0.9583333333333334
0,s29_equal_l,3,False,0,0.9574468085106383,0.9375
0,s29_equal_l,4,True,8,0.717948717948718,0.5833333333333334
0,s29_equal_l,5,False,1,0.9375,0.9782608695652174
0,s29_equal_l,6,False,1,0.56,0.5833333333333334
0,s29_equal_l,7,True,8,0.0,0.0
0,s29_equal_l,8,False,1,0.7567567567567568,0.875
0,s29_equal_l,9,False,1,0.7446808510638298,0.7291666666666666
0,s29_equal_l,10,False,1,0.4485981308411215,0.5
0,s29_equal_l,11,False,1,0.5882352941176471,0.625
0,s29_equal_l,12,True,8,0.46153846153846156,0.3125
0,s29_equal_l,13,False,1,0.7906976744186046,0.7083333333333334
0,s29_equal_l,14,False,1,0.7706422018348624,0.875
0,s29_equal_l,15,False,1,0.9090909090909091,0.9375
0,s29_equal_l,16,False,1,0.7476635514018691,0.8333333333333334
0,s29_equal_l,17,False,1,0.6538461538461539,0.7083333333333334
0,s29_equal_l,18,False,1,0.7843137254901961,0.8333333333333334
0,s29_equal_l,19,False,1,0.5981308411214953,0.6666666666666666
0,s29_equal_l,20,False,2,0.6526315789473685,0.6458333333333334
0,s29_equal_l,21,False,2,0.875,0.875
0,s29_equal_l,22,True,2,0.6133333333333333,0.4791666666666667
0,s29_equal_l,23,False,2,0.7428571428571429,0.8125
0,s29_equal_l,24,False,2,0.8932038834951457,0.9583333333333334
0,s29_equal_l,25,False,2,0.6296296296296297,0.7083333333333334
0,s29_equal_l,26,False,2,0.9696969696969697,1.0
0,s29_equal_l,27,False,2,0.5934065934065934,0.5625
0,s29_equal_l,28,False,2,1.0,1.0
0,s29_equal_l,29,False,2,0.8888888888888888,0.9166666666666666
0,s29_equal_l,30,False,2,0.49504950495049505,0.5208333333333334
0,s29_equal_l,31,False,2,0.8846153846153846,0.9583333333333334
0,s29_equal_l,32,False,2,0.9072164948453608,0.9166666666666666
0,s29_equal_l,33,False,2,0.6292134831460674,0.5833333333333334
0,s29_equal_l,34,False,3,0.5871559633027523,0.6666666666666666
0,s29_equal_l,35,False,3,0.7868852459016393,1.0
0,s29_equal_l,36,False,3,0.9263157894736842,0.9166666666666666
0,s29_equal_l,37,False,3,0.58,0.6041666666666666
0,s29_equal_l,38,True,3,0.0,0.0
0,s29_equal_l,39,False,3,0.6534653465346535,0.6875
0,s29_equal_l,40,False,3,0.6987951807228916,0.6041666666666666
0,s29_equal_l,41,False,3,0.38095238095238093,0.3333333333333333
0,s29_equal_l,42,False,3,0.5348837209302325,0.4791666666666667
0,s29_equal_l,43,False,4,0.5573770491803278,0.7083333333333334
0,s29_equal_l,44,False,4,0.717391304347826,0.6875
0,s29_equal_l,45,True,4,0.034482758620689655,0.02127659574468085
0,s29_equal_l,46,False,4,0.717391304347826,0.6875
0,s29_equal_l,47,False,4,0.8653846153846154,0.9375
0,s29_equal_l,48,False,4,0.9591836734693877,0.9791666666666666
0,s29_equal_l,49,False,4,0.14634146341463414,0.125
0,s29_equal_l,50,False,4,0.9690721649484536,0.9791666666666666
0,s29_equal_l,51,False,4,0.06741573033707865,0.0625
0,s29_equal_l,52,False,4,0.2830188679245283,0.3125
0,s29_equal_l,53,False,4,0.9108910891089109,1.0
0,s29_equal_l,54,False,4,0.5274725274725275,0.5
0,s29_equal_l,55,False,4,0.7578947368421053,0.75
0,s29_equal_l,56,False,4,0.8349514563106796,0.8958333333333334
0,s29_equal_l,57,False,5,0.7920792079207921,0.8333333333333334
0,s29_equal_l,58,False,5,0.6181818181818182,0.7083333333333334
0,s29_equal_l,59,True,5,0.125,0.08333333333333333
0,s29_equal_l,60,True,5,0.5066666666666667,0.3958333333333333
0,s29_equal_l,61,True,8,0.23076923076923078,0.1875
0,s29_equal_l,62,False,5,0.6915887850467289,0.7708333333333334
0,s29_equal_l,63,True,8,0.07894736842105263,0.0625
0,s29_equal_l,64,True,5,0.26506024096385544,0.22916666666666666
0,s29_equal_l,65,True,5,0.08108108108108109,0.0625
0,s29_equal_l,66,True,5,0.25,0.16666666666666666
0,s29_equal_l,67,False,5,0.9292929292929293,0.9583333333333334
0,s29_equal_l,68,False,5,0.9787234042553191,0.9583333333333334
0,s29_equal_l,69,False,5,0.5647058823529412,0.5
0,s29_equal_l,70,True,5,0.12698412698412698,0.08333333333333333
0,s29_equal_l,71,True,5,0.0,0.0
0,s29_equal_l,72,False,6,0.74,0.7708333333333334
0,s29_equal_l,73,False,6,0.4492753623188406,0.6458333333333334
0,s29_equal_l,74,False,6,0.9019607843137255,0.9583333333333334
0,s29_equal_l,75,False,6,0.8080808080808081,0.8333333333333334
0,s29_equal_l,76,False,6,0.8431372549019608,0.8958333333333334
0,s29_equal_l,77,False,7,0.8,0.8333333333333334
0,s29_equal_l,78,True,7,0.6741573033707865,0.625
0,s29_equal_l,79,True,8,0.38095238095238093,0.25
0,s29_equal_l,80,False,7,0.359375,0.4791666666666667
0,s29_equal_l,81,False,7,0.4966442953020134,0.8043478260869565
0,s29_equal_l,82,False,8,0.6915887850467289,0.7708333333333334
0,s29_equal_l,83,False,8,0.8148148148148148,0.6875
0,s29_equal_l,84,False,8,0.6506024096385542,0.5625
0,s29_equal_l,85,False,8,0.8037383177570093,0.8958333333333334
0,s29_equal_l,86,False,8,0.6666666666666666,0.625
0,s29_equal_l,87,False,8,0.8653846153846154,0.9375
0,s29_equal_l,88,False,8,0.5522388059701493,0.7708333333333334
0,s29_equal_l,89,False,8,0.7384615384615385,1.0
1,hsi_tta,0,False,0,0.25165562913907286,0.3958333333333333
1,hsi_tta,1,False,0,0.7663551401869159,0.8541666666666666
1,hsi_tta,2,False,0,0.7555555555555555,0.7083333333333334
1,hsi_tta,3,False,0,0.8141592920353983,0.9583333333333334
1,hsi_tta,4,True,0,0.47619047619047616,0.4166666666666667
1,hsi_tta,5,False,1,0.9213483146067416,0.9111111111111111
1,hsi_tta,6,False,1,0.6111111111111112,0.4583333333333333
1,hsi_tta,7,True,1,0.0,0.0
1,hsi_tta,8,False,1,0.7191011235955056,0.6666666666666666
1,hsi_tta,9,False,1,0.7865168539325843,0.7291666666666666
1,hsi_tta,10,False,1,0.23076923076923078,0.1875
1,hsi_tta,11,False,1,0.25806451612903225,0.16666666666666666
1,hsi_tta,12,True,1,0.0,0.0
1,hsi_tta,13,False,1,0.7407407407407407,0.8333333333333334
1,hsi_tta,14,False,1,0.6888888888888889,0.6595744680851063
1,hsi_tta,15,False,1,0.7317073170731707,0.9375
1,hsi_tta,16,False,1,0.7326732673267327,0.7708333333333334
1,hsi_tta,17,False,1,0.5132743362831859,0.6041666666666666
1,hsi_tta,18,False,1,0.6075949367088608,0.5
1,hsi_tta,19,False,1,0.4943820224719101,0.4583333333333333
1,hsi_tta,20,False,2,0.594059405940594,0.625
1,hsi_tta,21,False,2,0.7321428571428571,0.8541666666666666
1,hsi_tta,22,True,8,0.5526315789473685,0.4666666666666667
1,hsi_tta,23,False,2,0.6851851851851852,0.7708333333333334
1,hsi_tta,24,False,2,0.7032967032967034,0.6666666666666666
1,hsi_tta,25,False,2,0.43956043956043955,0.4166666666666667
1,hsi_tta,26,False,2,0.96,1.0
1,hsi_tta,27,False,2,0.46511627906976744,0.625
1,hsi_tta,28,False,2,0.9787234042553191,0.9583333333333334
1,hsi_tta,29,False,2,0.8288288288288288,0.9583333333333334
1,hsi_tta,30,False,2,0.2962962962962963,0.3333333333333333
1,hsi_tta,31,False,2,0.9019607843137255,0.9583333333333334
1,hsi_tta,32,False,2,0.6904761904761905,0.6041666666666666
1,hsi_tta,33,False,2,0.5161290322580645,0.5
1,hsi_tta,34,False,3,0.5309734513274337,0.625
1,hsi_tta,35,False,3,0.8842105263157894,0.875
1,hsi_tta,36,False,3,0.7706422018348624,0.875
1,hsi_tta,37,False,3,0.3013698630136986,0.22916666666666666
1,hsi_tta,38,True,8,0.0,0.0
1,hsi_tta,39,False,3,0.5591397849462365,0.5416666666666666
1,hsi_tta,40,False,3,0.6796116504854369,0.7291666666666666
1,hsi_tta,41,False,3,0.43478260869565216,0.4166666666666667
1,hsi_tta,42,False,3,0.4897959183673469,0.5
1,hsi_tta,43,False,4,0.175,0.14583333333333334
1,hsi_tta,44,False,4,0.5869565217391305,0.5625
1,hsi_tta,45,True,8,0.020833333333333332,0.020833333333333332
1,hsi_tta,46,False,4,0.4225352112676056,0.3125
1,hsi_tta,47,False,4,0.7311827956989247,0.7083333333333334
1,hsi_tta,48,False,4,0.8952380952380953,0.9791666666666666
1,hsi_tta,49,False,4,0.18867924528301888,0.20833333333333334
1,hsi_tta,50,False,4,0.9484536082474226,0.9583333333333334
1,hsi_tta,51,False,4,0.09615384615384616,0.10416666666666667
1,hsi_tta,52,False,4,0.06779661016949153,0.041666666666666664
1,hsi_tta,53,False,4,0.8817204301075269,0.8541666666666666
1,hsi_tta,54,False,4,0.6292134831460674,0.5833333333333334
1,hsi_tta,55,False,4,0.5777777777777777,0.5416666666666666
1,hsi_tta,56,False,4,0.594059405940594,0.625
1,hsi_tta,57,False,5,0.8314606741573034,0.8043478260869565
1,hsi_tta,58,False,5,0.7126436781609196,0.6458333333333334
1,hsi_tta,59,True,8,0.2564102564102564,0.20833333333333334
1,hsi_tta,60,True,8,0.7368421052631579,0.7291666666666666
1,hsi_tta,61,True,5,0.12844036697247707,0.14583333333333334
1,hsi_tta,62,False,5,0.7722772277227723,0.8125
1,hsi_tta,63,True,5,0.1553398058252427,0.16666666666666666
1,hsi_tta,64,True,8,0.5242718446601942,0.5625
1,hsi_tta,65,True,8,0.35,0.2916666666666667
1,hsi_tta,66,True,8,0.06779661016949153,0.041666666666666664
1,hsi_tta,67,False,5,0.8073394495412844,0.9166666666666666
1,hsi_tta,68,False,5,0.8653846153846154,0.9375
1,hsi_tta,69,False,5,0.43478260869565216,0.4166666666666667
1,hsi_tta,70,True,8,0.1917808219178082,0.14583333333333334
1,hsi_tta,71,True,8,0.1927710843373494,0.16666666666666666
1,hsi_tta,72,False,6,0.7722772277227723,0.8125
1,hsi_tta,73,False,6,0.35,0.2916666666666667
1,hsi_tta,74,False,6,0.7543859649122807,0.8958333333333334
1,hsi_tta,75,False,6,0.8,0.9166666666666666
1,hsi_tta,76,False,6,0.7835051546391752,0.7916666666666666
1,hsi_tta,77,False,7,0.7288135593220338,0.8958333333333334
1,hsi_tta,78,True,8,0.8932038834951457,0.9583333333333334
1,hsi_tta,79,True,7,0.0,0.0
1,hsi_tta,80,False,7,0.42990654205607476,0.4791666666666667
1,hsi_tta,81,False,7,0.43564356435643564,0.4583333333333333
1,hsi_tta,82,False,8,0.7450980392156863,0.7916666666666666
1,hsi_tta,83,False,8,0.6902654867256637,0.8125
1,hsi_tta,84,False,8,0.5736434108527132,0.7708333333333334
1,hsi_tta,85,False,8,0.9263157894736842,0.9166666666666666
1,hsi_tta,86,False,8,0.5238095238095238,0.6875
1,hsi_tta,87,False,8,0.696969696969697,0.9583333333333334
1,hsi_tta,88,False,8,0.509090909090909,0.5833333333333334
1,hsi_tta,89,False,8,0.8636363636363636,0.7916666666666666
1,rgb_trained,0,False,0,0.41237113402061853,0.4166666666666667
1,rgb_trained,1,False,0,0.8888888888888888,0.9166666666666666
1,rgb_trained,2,False,0,0.9574468085106383,0.9375
1,rgb_trained,3,False,0,0.94,0.9791666666666666
1,rgb_trained,4,True,0,0.8131868131868132,0.7708333333333334
1,rgb_trained,5,False,1,0.8863636363636364,0.8666666666666667
1,rgb_trained,6,False,1,0.5934065934065934,0.5625
1,rgb_trained,7,True,1,0.06818181818181818,0.0625
1,rgb_trained,8,False,1,0.9183673469387755,0.9375
1,rgb_trained,9,False,1,0.8505747126436781,0.7708333333333334
1,rgb_trained,10,False,1,0.6055045871559633,0.6875
1,rgb_trained,11,False,1,0.6262626262626263,0.6458333333333334
1,rgb_trained,12,True,1,0.5,0.375
1,rgb_trained,13,False,1,0.7428571428571429,0.8125
1,rgb_trained,14,False,1,0.8842105263157894,0.8936170212765957
1,rgb_trained,15,False,1,0.7868852459016393,1.0
1,rgb_trained,16,False,1,0.8269230769230769,0.8958333333333334
1,rgb_trained,17,False,1,0.7169811320754716,0.7916666666666666
1,rgb_trained,18,False,1,0.8085106382978723,0.7916666666666666
1,rgb_trained,19,False,1,0.574468085106383,0.5625
1,rgb_trained,20,False,2,0.6875,0.6875
1,rgb_trained,21,False,2,0.7865168539325843,0.7291666666666666
1,rgb_trained,22,True,8,0.6410256410256411,0.5555555555555556
1,rgb_trained,23,False,2,0.8627450980392157,0.9166666666666666
1,rgb_trained,24,False,2,0.8627450980392157,0.9166666666666666
1,rgb_trained,25,False,2,0.6534653465346535,0.6875
1,rgb_trained,26,False,2,0.968421052631579,0.9583333333333334
1,rgb_trained,27,False,2,0.594059405940594,0.625
1,rgb_trained,28,False,2,0.9787234042553191,0.9583333333333334
1,rgb_trained,29,False,2,0.7551020408163265,0.7708333333333334
1,rgb_trained,30,False,2,0.45977011494252873,0.4166666666666667
1,rgb_trained,31,False,2,0.9052631578947369,0.8958333333333334
1,rgb_trained,32,False,2,0.7045454545454546,0.6458333333333334
1,rgb_trained,33,False,2,0.7010309278350515,0.7083333333333334
1,rgb_trained,34,False,3,0.5106382978723404,0.5
1,rgb_trained,35,False,3,0.9052631578947369,0.8958333333333334
1,rgb_trained,36,False,3,0.8842105263157894,0.875
1,rgb_trained,37,False,3,0.7142857142857143,0.7291666666666666
1,rgb_trained,38,True,8,0.0,0.0
1,rgb_trained,39,False,3,0.7010309278350515,0.7083333333333334
1,rgb_trained,40,False,3,0.6349206349206349,0.8333333333333334
1,rgb_trained,41,False,3,0.34782608695652173,0.4166666666666667
1,rgb_trained,42,False,3,0.6526315789473685,0.6458333333333334
1,rgb_trained,43,False,4,0.7254901960784313,0.7708333333333334
1,rgb_trained,44,False,4,0.9591836734693877,0.9791666666666666
1,rgb_trained,45,True,8,0.5185185185185185,0.4375
1,rgb_trained,46,False,4,0.7608695652173914,0.7291666666666666
1,rgb_trained,47,False,4,0.8723404255319149,0.8541666666666666
1,rgb_trained,48,False,4,0.9504950495049505,1.0
1,rgb_trained,49,False,4,0.19047619047619047,0.20833333333333334
1,rgb_trained,50,False,4,0.8514851485148515,0.8958333333333334
1,rgb_trained,51,False,4,0.3191489361702128,0.3125
1,rgb_trained,52,False,4,0.3076923076923077,0.2916666666666667
1,rgb_trained,53,False,4,0.8775510204081632,0.8958333333333334
1,rgb_trained,54,False,4,0.7111111111111111,0.6666666666666666
1,rgb_trained,55,False,4,0.7521367521367521,0.9166666666666666
1,rgb_trained,56,False,4,0.8444444444444444,0.7916666666666666
1,rgb_trained,57,False,5,0.8095238095238095,0.7391304347826086
1,rgb_trained,58,False,5,0.6964285714285714,0.8125
1,rgb_trained,59,True,8,0.5070422535211268,0.375
1,rgb_trained,60,True,8,0.5352112676056338,0.3958333333333333
1,rgb_trained,61,True,5,0.0,0.0
1,rgb_trained,62,False,5,0.8316831683168316,0.875
1,rgb_trained,63,True,5,0.058823529411764705,0.08333333333333333
1,rgb_trained,64,True,8,0.6024096385542169,0.5208333333333334
1,rgb_trained,65,True,8,0.325,0.2708333333333333
1,rgb_trained,66,True,8,0.0625,0.041666666666666664
1,rgb_trained,67,False,5,0.8761904761904762,0.9583333333333334
1,rgb_trained,68,False,5,0.9894736842105263,0.9791666666666666
1,rgb_trained,69,False,5,0.8269230769230769,0.8958333333333334
1,rgb_trained,70,True,8,0.4878048780487805,0.4166666666666667
1,rgb_trained,71,True,8,0.2727272727272727,0.1875
1,rgb_trained,72,False,6,0.6956521739130435,0.6666666666666666
1,rgb_trained,73,False,6,0.5504587155963303,0.625
1,rgb_trained,74,False,6,0.9166666666666666,0.9166666666666666
1,rgb_trained,75,False,6,0.5918367346938775,0.6041666666666666
1,rgb_trained,76,False,6,0.8076923076923077,0.875
1,rgb_trained,77,False,7,0.8333333333333334,0.8333333333333334
1,rgb_trained,78,True,8,0.5675675675675675,0.4375
1,rgb_trained,79,True,7,0.2972972972972973,0.22916666666666666
1,rgb_trained,80,False,7,0.3877551020408163,0.3958333333333333
1,rgb_trained,81,False,7,0.5161290322580645,0.5
1,rgb_trained,82,False,8,0.7289719626168224,0.8125
1,rgb_trained,83,False,8,0.9090909090909091,0.9375
1,rgb_trained,84,False,8,0.6530612244897959,0.6666666666666666
1,rgb_trained,85,False,8,0.9130434782608695,0.875
1,rgb_trained,86,False,8,0.7377049180327869,0.9375
1,rgb_trained,87,False,8,0.8712871287128713,0.9166666666666666
1,rgb_trained,88,False,8,0.5401459854014599,0.7708333333333334
1,rgb_trained,89,False,8,0.9375,0.9375
1,rgb_frozen,0,False,0,0.16161616161616163,0.16666666666666666
1,rgb_frozen,1,False,0,0.6923076923076923,0.75
1,rgb_frozen,2,False,0,0.8666666666666667,0.8125
1,rgb_frozen,3,False,0,0.7735849056603774,0.8541666666666666
1,rgb_frozen,4,True,0,0.5333333333333333,0.4166666666666667
1,rgb_frozen,5,False,1,0.7857142857142857,0.7333333333333333
1,rgb_frozen,6,False,1,0.3157894736842105,0.3125
1,rgb_frozen,7,True,1,0.0,0.0
1,rgb_frozen,8,False,1,0.7659574468085106,0.75
1,rgb_frozen,9,False,1,0.5714285714285714,0.625
1,rgb_frozen,10,False,1,0.42424242424242425,0.4375
1,rgb_frozen,11,False,1,0.2905982905982906,0.3541666666666667
1,rgb_frozen,12,True,1,0.11428571428571428,0.08333333333333333
1,rgb_frozen,13,False,1,0.5192307692307693,0.5625
1,rgb_frozen,14,False,1,0.5882352941176471,0.5319148936170213
1,rgb_frozen,15,False,1,0.6554621848739496,0.8125
1,rgb_frozen,16,False,1,0.6593406593406593,0.625
1,rgb_frozen,17,False,1,0.49019607843137253,0.5208333333333334
1,rgb_frozen,18,False,1,0.6236559139784946,0.6041666666666666
1,rgb_frozen,19,False,1,0.45977011494252873,0.4166666666666667
1,rgb_frozen,20,False,2,0.42424242424242425,0.4375
1,rgb_frozen,21,False,2,0.6086956521739131,0.5833333333333334
1,rgb_frozen,22,True,8,0.6829268292682927,0.6222222222222222
1,rgb_frozen,23,False,2,0.6542056074766355,0.7291666666666666
1,rgb_frozen,24,False,2,0.7676767676767676,0.7916666666666666
1,rgb_frozen,25,False,2,0.4090909090909091,0.375
1,rgb_frozen,26,False,2,0.9052631578947369,0.8958333333333334
1,rgb_frozen,27,False,2,0.4166666666666667,0.4166666666666667
1,rgb_frozen,28,False,2,0.9052631578947369,0.8958333333333334
1,rgb_frozen,29,False,2,0.54,0.5625
1,rgb_frozen,30,False,2,0.16091954022988506,0.14583333333333334
1,rgb_frozen,31,False,2,0.8260869565217391,0.7916666666666666
1,rgb_frozen,32,False,2,0.5909090909090909,0.5416666666666666
1,rgb_frozen,33,False,2,0.39622641509433965,0.4375
1,rgb_frozen,34,False,3,0.32653061224489793,0.3333333333333333
1,rgb_frozen,35,False,3,0.7032967032967034,0.6666666666666666
1,rgb_frozen,36,False,3,0.7659574468085106,0.75
1,rgb_frozen,37,False,3,0.5054945054945055,0.4791666666666667
1,rgb_frozen,38,True,8,0.0,0.0
1,rgb_frozen,39,False,3,0.5116279069767442,0.4583333333333333
1,rgb_frozen,40,False,3,0.5,0.5833333333333334
1,rgb_frozen,41,False,3,0.22857142857142856,0.25
1,rgb_frozen,42,False,3,0.4791666666666667,0.4791666666666667
1,rgb_frozen,43,False,4,0.64,0.6666666666666666
1,rgb_frozen,44,False,4,0.7216494845360825,0.7291666666666666
1,rgb_frozen,45,True,8,0.4057971014492754,0.2916666666666667
1,rgb_frozen,46,False,4,0.5416666666666666,0.5416666666666666
1,rgb_frozen,47,False,4,0.8080808080808081,0.8333333333333334
1,rgb_frozen,48,False,4,0.9,0.9375
1,rgb_frozen,49,False,4,0.19047619047619047,0.25
1,rgb_frozen,50,False,4,0.6078431372549019,0.6458333333333334
1,rgb_frozen,51,False,4,0.2222222222222222,0.25
1,rgb_frozen,52,False,4,0.20224719101123595,0.1875
1,rgb_frozen,53,False,4,0.6153846153846154,0.5833333333333334
1,rgb_frozen,54,False,4,0.6078431372549019,0.6458333333333334
1,rgb_frozen,55,False,4,0.5737704918032787,0.7291666666666666
1,rgb_frozen,56,False,4,0.594059405940594,0.625
1,rgb_frozen,57,False,5,0.6136363636363636,0.5869565217391305
1,rgb_frozen,58,False,5,0.5,0.5416666666666666
1,rgb_frozen,59,True,8,0.3055555555555556,0.22916666666666666
1,rgb_frozen,60,True,8,0.48717948717948717,0.3958333333333333
1,rgb_frozen,61,True,5,0.0,0.0
1,rgb_frozen,62,False,5,0.6666666666666666,0.625
1,rgb_frozen,63,True,5,0.0,0.0
1,rgb_frozen,64,True,8,0.2,0.1875
1,rgb_frozen,65,True,8,0.18604651162790697,0.16666666666666666
1,rgb_frozen,66,True,8,0.2736842105263158,0.2708333333333333
1,rgb_frozen,67,False,5,0.8571428571428571,0.8125
1,rgb_frozen,68,False,5,0.9130434782608695,0.875
1,rgb_frozen,69,False,5,0.7555555555555555,0.7083333333333334
1,rgb_frozen,70,True,8,0.3409090909090909,0.3125
1,rgb_frozen,71,True,8,0.058823529411764705,0.041666666666666664
1,rgb_frozen,72,False,6,0.5252525252525253,0.5416666666666666
1,rgb_frozen,73,False,6,0.41379310344827586,0.375
1,rgb_frozen,74,False,6,0.7547169811320755,0.8333333333333334
1,rgb_frozen,75,False,6,0.2857142857142857,0.2916666666666667
1,rgb_frozen,76,False,6,0.7021276595744681,0.6875
1,rgb_frozen,77,False,7,0.6,0.5625
1,rgb_frozen,78,True,8,0.3888888888888889,0.2916666666666667
1,rgb_frozen,79,True,7,0.16216216216216217,0.125
1,rgb_frozen,80,False,7,0.21153846153846154,0.22916666666666666
1,rgb_frozen,81,False,7,0.36363636363636365,0.3333333333333333
1,rgb_frozen,82,False,8,0.5192307692307693,0.5625
1,rgb_frozen,83,False,8,0.7111111111111111,0.6666666666666666
1,rgb_frozen,84,False,8,0.37735849056603776,0.4166666666666667
1,rgb_frozen,85,False,8,0.6746987951807228,0.5833333333333334
1,rgb_frozen,86,False,8,0.5151515151515151,0.7083333333333334
1,rgb_frozen,87,False,8,0.6379310344827587,0.7708333333333334
1,rgb_frozen,88,False,8,0.40718562874251496,0.7083333333333334
1,rgb_frozen,89,False,8,0.8539325842696629,0.7916666666666666
1,equal_trained,0,False,0,0.31496062992125984,0.4166666666666667
1,equal_trained,1,False,0,0.9,0.9375
1,equal_trained,2,False,0,0.9574468085106383,0.9375
1,equal_trained,3,False,0,0.9019607843137255,0.9583333333333334
1,equal_trained,4,True,0,0.7555555555555555,0.7083333333333334
1,equal_trained,5,False,1,0.9425287356321839,0.9111111111111111
1,equal_trained,6,False,1,0.7446808510638298,0.7291666666666666
1,equal_trained,7,True,1,0.05263157894736842,0.041666666666666664
1,equal_trained,8,False,1,0.9183673469387755,0.9375
1,equal_trained,9,False,1,0.898876404494382,0.8333333333333334
1,equal_trained,10,False,1,0.6336633663366337,0.6666666666666666
1,equal_trained,11,False,1,0.6097560975609756,0.5208333333333334
1,equal_trained,12,True,1,0.36666666666666664,0.22916666666666666
1,equal_trained,13,False,1,0.7777777777777778,0.875
1,equal_trained,14,False,1,0.9130434782608695,0.8936170212765957
1,equal_trained,15,False,1,0.7868852459016393,1.0
1,equal_trained,16,False,1,0.8571428571428571,0.875
1,equal_trained,17,False,1,0.7962962962962963,0.8958333333333334
1,equal_trained,18,False,1,0.8571428571428571,0.8125
1,equal_trained,19,False,1,0.7032967032967034,0.6666666666666666
1,equal_trained,20,False,2,0.7422680412371134,0.75
1,equal_trained,21,False,2,0.8602150537634409,0.8333333333333334
1,equal_trained,22,True,8,0.6585365853658537,0.6
1,equal_trained,23,False,2,0.8431372549019608,0.8958333333333334
1,equal_trained,24,False,2,0.9183673469387755,0.9375
1,equal_trained,25,False,2,0.6464646464646465,0.6666666666666666
1,equal_trained,26,False,2,0.9896907216494846,1.0
1,equal_trained,27,False,2,0.6371681415929203,0.75
1,equal_trained,28,False,2,0.9787234042553191,0.9583333333333334
1,equal_trained,29,False,2,0.8080808080808081,0.8333333333333334
1,equal_trained,30,False,2,0.41304347826086957,0.3958333333333333
1,equal_trained,31,False,2,0.9484536082474226,0.9583333333333334
1,equal_trained,32,False,2,0.8539325842696629,0.7916666666666666
1,equal_trained,33,False,2,0.7555555555555555,0.7083333333333334
1,equal_trained,34,False,3,0.5979381443298969,0.6041666666666666
1,equal_trained,35,False,3,0.9583333333333334,0.9583333333333334
1,equal_trained,36,False,3,0.9148936170212766,0.8958333333333334
1,equal_trained,37,False,3,0.7126436781609196,0.6458333333333334
1,equal_trained,38,True,8,0.0,0.0
1,equal_trained,39,False,3,0.7676767676767676,0.7916666666666666
1,equal_trained,40,False,3,0.676923076923077,0.9166666666666666
1,equal_trained,41,False,3,0.4444444444444444,0.4583333333333333
1,equal_trained,42,False,3,0.6262626262626263,0.6458333333333334
1,equal_trained,43,False,4,0.6938775510204082,0.7083333333333334
1,equal_trained,44,False,4,0.92,0.9583333333333334
1,equal_trained,45,True,8,0.35443037974683544,0.2916666666666667
1,equal_trained,46,False,4,0.7608695652173914,0.7291666666666666
1,equal_trained,47,False,4,0.8631578947368421,0.8541666666666666
1,equal_trained,48,False,4,0.9690721649484536,0.9791666666666666
1,equal_trained,49,False,4,0.25263157894736843,0.25
1,equal_trained,50,False,4,0.9387755102040817,0.9583333333333334
1,equal_trained,51,False,4,0.25742574257425743,0.2708333333333333
1,equal_trained,52,False,4,0.2564102564102564,0.20833333333333334
1,equal_trained,53,False,4,0.9690721649484536,0.9791666666666666
1,equal_trained,54,False,4,0.7608695652173914,0.7291666666666666
1,equal_trained,55,False,4,0.7747747747747747,0.8958333333333334
1,equal_trained,56,False,4,0.75,0.75
1,equal_trained,57,False,5,0.8764044943820225,0.8478260869565217
1,equal_trained,58,False,5,0.8,0.875
1,equal_trained,59,True,8,0.4225352112676056,0.3125
1,equal_trained,60,True,8,0.7906976744186046,0.7083333333333334
1,equal_trained,61,True,5,0.06521739130434782,0.0625
1,equal_trained,62,False,5,0.8775510204081632,0.8958333333333334
1,equal_trained,63,True,5,0.0975609756097561,0.125
1,equal_trained,64,True,8,0.6593406593406593,0.625
1,equal_trained,65,True,8,0.345679012345679,0.2916666666666667
1,equal_trained,66,True,8,0.034482758620689655,0.020833333333333332
1,equal_trained,67,False,5,0.8679245283018868,0.9583333333333334
1,equal_trained,68,False,5,0.96,1.0
1,equal_trained,69,False,5,0.8073394495412844,0.9166666666666666
1,equal_trained,70,True,8,0.4444444444444444,0.375
1,equal_trained,71,True,8,0.24615384615384617,0.16666666666666666
1,equal_trained,72,False,6,0.8,0.7916666666666666
1,equal_trained,73,False,6,0.5591397849462365,0.5416666666666666
1,equal_trained,74,False,6,0.9,0.9375
1,equal_trained,75,False,6,0.8113207547169812,0.8958333333333334
1,equal_trained,76,False,6,0.8712871287128713,0.9166666666666666
1,equal_trained,77,False,7,0.8627450980392157,0.9166666666666666
1,equal_trained,78,True,8,0.8235294117647058,0.7291666666666666
1,equal_trained,79,True,7,0.2608695652173913,0.1875
1,equal_trained,80,False,7,0.5473684210526316,0.5416666666666666
1,equal_trained,81,False,7,0.6067415730337079,0.5625
1,equal_trained,82,False,8,0.8076923076923077,0.875
1,equal_trained,83,False,8,0.9038461538461539,0.9791666666666666
1,equal_trained,84,False,8,0.7115384615384616,0.7708333333333334
1,equal_trained,85,False,8,0.9375,0.9375
1,equal_trained,86,False,8,0.7619047619047619,1.0
1,equal_trained,87,False,8,0.7894736842105263,0.9375
1,equal_trained,88,False,8,0.5777777777777777,0.8125
1,equal_trained,89,False,8,0.9787234042553191,0.9583333333333334
1,equal_frozen,0,False,0,0.2517482517482518,0.375
1,equal_frozen,1,False,0,0.8846153846153846,0.9583333333333334
1,equal_frozen,2,False,0,0.9072164948453608,0.9166666666666666
1,equal_frozen,3,False,0,0.8148148148148148,0.9166666666666666
1,equal_frozen,4,True,0,0.5454545454545454,0.4375
1,equal_frozen,5,False,1,0.9213483146067416,0.9111111111111111
1,equal_frozen,6,False,1,0.5526315789473685,0.4375
1,equal_frozen,7,True,1,0.0,0.0
1,equal_frozen,8,False,1,0.9032258064516129,0.875
1,equal_frozen,9,False,1,0.7920792079207921,0.8333333333333334
1,equal_frozen,10,False,1,0.4418604651162791,0.3958333333333333
1,equal_frozen,11,False,1,0.45714285714285713,0.3333333333333333
1,equal_frozen,12,True,1,0.06896551724137931,0.041666666666666664
1,equal_frozen,13,False,1,0.7326732673267327,0.7708333333333334
1,equal_frozen,14,False,1,0.7777777777777778,0.7446808510638298
1,equal_frozen,15,False,1,0.6825396825396826,0.8958333333333334
1,equal_frozen,16,False,1,0.7291666666666666,0.7291666666666666
1,equal_frozen,17,False,1,0.584070796460177,0.6875
1,equal_frozen,18,False,1,0.6896551724137931,0.625
1,equal_frozen,19,False,1,0.5783132530120482,0.5
1,equal_frozen,20,False,2,0.6476190476190476,0.7083333333333334
1,equal_frozen,21,False,2,0.7850467289719626,0.875
1,equal_frozen,22,True,8,0.6506024096385542,0.6
1,equal_frozen,23,False,2,0.7619047619047619,0.8333333333333334
1,equal_frozen,24,False,2,0.8155339805825242,0.875
1,equal_frozen,25,False,2,0.4835164835164835,0.4583333333333333
1,equal_frozen,26,False,2,0.9504950495049505,1.0
1,equal_frozen,27,False,2,0.5645161290322581,0.7291666666666666
1,equal_frozen,28,False,2,0.9484536082474226,0.9583333333333334
1,equal_frozen,29,False,2,0.76,0.7916666666666666
1,equal_frozen,30,False,2,0.30612244897959184,0.3125
1,equal_frozen,31,False,2,0.9108910891089109,0.9583333333333334
1,equal_frozen,32,False,2,0.7816091954022989,0.7083333333333334
1,equal_frozen,33,False,2,0.6122448979591837,0.625
1,equal_frozen,34,False,3,0.5660377358490566,0.625
1,equal_frozen,35,False,3,0.9072164948453608,0.9166666666666666
1,equal_frozen,36,False,3,0.8888888888888888,0.9166666666666666
1,equal_frozen,37,False,3,0.55,0.4583333333333333
1,equal_frozen,38,True,8,0.0,0.0
1,equal_frozen,39,False,3,0.6593406593406593,0.625
1,equal_frozen,40,False,3,0.6949152542372882,0.8541666666666666
1,equal_frozen,41,False,3,0.4,0.3541666666666667
1,equal_frozen,42,False,3,0.5684210526315789,0.5625
1,equal_frozen,43,False,4,0.4827586206896552,0.4375
1,equal_frozen,44,False,4,0.7708333333333334,0.7708333333333334
1,equal_frozen,45,True,8,0.18181818181818182,0.16666666666666666
1,equal_frozen,46,False,4,0.5925925925925926,0.5
1,equal_frozen,47,False,4,0.8351648351648352,0.7916666666666666
1,equal_frozen,48,False,4,0.9494949494949495,0.9791666666666666
1,equal_frozen,49,False,4,0.21568627450980393,0.22916666666666666
1,equal_frozen,50,False,4,0.8737864077669902,0.9375
1,equal_frozen,51,False,4,0.17543859649122806,0.20833333333333334
1,equal_frozen,52,False,4,0.09836065573770492,0.0625
1,equal_frozen,53,False,4,0.8936170212765957,0.875
1,equal_frozen,54,False,4,0.7692307692307693,0.7291666666666666
1,equal_frozen,55,False,4,0.6730769230769231,0.7291666666666666
1,equal_frozen,56,False,4,0.6346153846153846,0.6875
1,equal_frozen,57,False,5,0.8085106382978723,0.8260869565217391
1,equal_frozen,58,False,5,0.7727272727272727,0.7083333333333334
1,equal_frozen,59,True,8,0.3380281690140845,0.25
1,equal_frozen,60,True,8,0.7741935483870968,0.75
1,equal_frozen,61,True,5,0.09900990099009901,0.10416666666666667
1,equal_frozen,62,False,5,0.8421052631578947,0.8333333333333334
1,equal_frozen,63,True,5,0.08196721311475409,0.10416666666666667
1,equal_frozen,64,True,8,0.5,0.5416666666666666
1,equal_frozen,65,True,8,0.2222222222222222,0.16666666666666666
1,equal_frozen,66,True,8,0.18181818181818182,0.125
1,equal_frozen,67,False,5,0.9183673469387755,0.9375
1,equal_frozen,68,False,5,0.9090909090909091,0.9375
1,equal_frozen,69,False,5,0.7070707070707071,0.7291666666666666
1,equal_frozen,70,True,8,0.3466666666666667,0.2708333333333333
1,equal_frozen,71,True,8,0.057971014492753624,0.041666666666666664
1,equal_frozen,72,False,6,0.74,0.7708333333333334
1,equal_frozen,73,False,6,0.43037974683544306,0.3541666666666667
1,equal_frozen,74,False,6,0.8035714285714286,0.9375
1,equal_frozen,75,False,6,0.8737864077669902,0.9375
1,equal_frozen,76,False,6,0.851063829787234,0.8333333333333334
1,equal_frozen,77,False,7,0.7850467289719626,0.875
1,equal_frozen,78,True,8,0.75,0.6875
1,equal_frozen,79,True,7,0.14705882352941177,0.10416666666666667
1,equal_frozen,80,False,7,0.46938775510204084,0.4791666666666667
1,equal_frozen,81,False,7,0.5617977528089888,0.5208333333333334
1,equal_frozen,82,False,8,0.7547169811320755,0.8333333333333334
1,equal_frozen,83,False,8,0.84,0.875
1,equal_frozen,84,False,8,0.6554621848739496,0.8125
1,equal_frozen,85,False,8,0.8936170212765957,0.875
1,equal_frozen,86,False,8,0.5873015873015873,0.7708333333333334
1,equal_frozen,87,False,8,0.7014925373134329,0.9791666666666666
1,equal_frozen,88,False,8,0.46808510638297873,0.6875
1,equal_frozen,89,False,8,0.9010989010989011,0.8541666666666666
1,tri,0,False,0,0.30434782608695654,0.4375
1,tri,1,False,0,0.9,0.9375
1,tri,2,False,0,0.9473684210526315,0.9375
1,tri,3,False,0,0.8598130841121495,0.9583333333333334
1,tri,4,True,0,0.6666666666666666,0.5625
1,tri,5,False,1,0.9655172413793104,0.9333333333333333
1,tri,6,False,1,0.7209302325581395,0.6458333333333334
1,tri,7,True,1,0.0,0.0
1,tri,8,False,1,0.8958333333333334,0.8958333333333334
1,tri,9,False,1,0.875,0.875
1,tri,10,False,1,0.6526315789473685,0.6458333333333334
1,tri,11,False,1,0.5753424657534246,0.4375
1,tri,12,True,1,0.18518518518518517,0.10416666666666667
1,tri,13,False,1,0.7961165048543689,0.8541666666666666
1,tri,14,False,1,0.8936170212765957,0.8936170212765957
1,tri,15,False,1,0.7559055118110236,1.0
1,tri,16,False,1,0.8125,0.8125
1,tri,17,False,1,0.7592592592592593,0.8541666666666666
1,tri,18,False,1,0.8181818181818182,0.75
1,tri,19,False,1,0.6593406593406593,0.625
1,tri,20,False,2,0.693069306930693,0.7291666666666666
1,tri,21,False,2,0.86,0.8958333333333334
1,tri,22,True,8,0.7073170731707317,0.6444444444444445
1,tri,23,False,2,0.7924528301886793,0.875
1,tri,24,False,2,0.8888888888888888,0.9166666666666666
1,tri,25,False,2,0.6105263157894737,0.6041666666666666
1,tri,26,False,2,0.9795918367346939,1.0
1,tri,27,False,2,0.6229508196721312,0.7916666666666666
1,tri,28,False,2,0.9787234042553191,0.9583333333333334
1,tri,29,False,2,0.8653846153846154,0.9375
1,tri,30,False,2,0.4375,0.4375
1,tri,31,False,2,0.9591836734693877,0.9791666666666666
1,tri,32,False,2,0.8571428571428571,0.8125
1,tri,33,False,2,0.651685393258427,0.6041666666666666
1,tri,34,False,3,0.6153846153846154,0.6666666666666666
1,tri,35,False,3,0.9166666666666666,0.9166666666666666
1,tri,36,False,3,0.9278350515463918,0.9375
1,tri,37,False,3,0.6896551724137931,0.625
1,tri,38,True,8,0.0,0.0
1,tri,39,False,3,0.7446808510638298,0.7291666666666666
1,tri,40,False,3,0.7244094488188977,0.9583333333333334
1,tri,41,False,3,0.5274725274725275,0.5
1,tri,42,False,3,0.6601941747572816,0.7083333333333334
1,tri,43,False,4,0.5274725274725275,0.5
1,tri,44,False,4,0.8936170212765957,0.875
1,tri,45,True,8,0.2,0.1875
1,tri,46,False,4,0.7294117647058823,0.6458333333333334
1,tri,47,False,4,0.8602150537634409,0.8333333333333334
1,tri,48,False,4,0.9494949494949495,0.9791666666666666
1,tri,49,False,4,0.24742268041237114,0.25
1,tri,50,False,4,0.9583333333333334,0.9583333333333334
1,tri,51,False,4,0.19047619047619047,0.20833333333333334
1,tri,52,False,4,0.18461538461538463,0.125
1,tri,53,False,4,0.9583333333333334,0.9583333333333334
1,tri,54,False,4,0.7727272727272727,0.7083333333333334
1,tri,55,False,4,0.7450980392156863,0.7916666666666666
1,tri,56,False,4,0.6923076923076923,0.75
1,tri,57,False,5,0.8444444444444444,0.8260869565217391
1,tri,58,False,5,0.8260869565217391,0.7916666666666666
1,tri,59,True,8,0.39436619718309857,0.2916666666666667
1,tri,60,True,8,0.8181818181818182,0.75
1,tri,61,True,5,0.08163265306122448,0.08333333333333333
1,tri,62,False,5,0.8913043478260869,0.8541666666666666
1,tri,63,True,5,0.1391304347826087,0.16666666666666666
1,tri,64,True,8,0.6868686868686869,0.7083333333333334
1,tri,65,True,8,0.35,0.2916666666666667
1,tri,66,True,8,0.10526315789473684,0.0625
1,tri,67,False,5,0.8846153846153846,0.9583333333333334
1,tri,68,False,5,0.9411764705882353,1.0
1,tri,69,False,5,0.7358490566037735,0.8125
1,tri,70,True,8,0.3783783783783784,0.2916666666666667
1,tri,71,True,8,0.09375,0.0625
1,tri,72,False,6,0.7878787878787878,0.8125
1,tri,73,False,6,0.4883720930232558,0.4375
1,tri,74,False,6,0.8214285714285714,0.9583333333333334
1,tri,75,False,6,0.8846153846153846,0.9583333333333334
1,tri,76,False,6,0.8865979381443299,0.8958333333333334
1,tri,77,False,7,0.8703703703703703,0.9791666666666666
1,tri,78,True,8,0.9010989010989011,0.8541666666666666
1,tri,79,True,7,0.15384615384615385,0.10416666666666667
1,tri,80,False,7,0.5294117647058824,0.5625
1,tri,81,False,7,0.6170212765957447,0.6041666666666666
1,tri,82,False,8,0.8,0.875
1,tri,83,False,8,0.8952380952380953,0.9791666666666666
1,tri,84,False,8,0.7321428571428571,0.8541666666666666
1,tri,85,False,8,0.9583333333333334,0.9583333333333334
1,tri,86,False,8,0.6774193548387096,0.875
1,tri,87,False,8,0.7301587301587301,0.9583333333333334
1,tri,88,False,8,0.5507246376811594,0.7916666666666666
1,tri,89,False,8,0.9565217391304348,0.9166666666666666
1,rgb_ensemble,0,False,0,0.3870967741935484,0.375
1,rgb_ensemble,1,False,0,0.8932038834951457,0.9583333333333334
1,rgb_ensemble,2,False,0,0.946236559139785,0.9166666666666666
1,rgb_ensemble,3,False,0,0.8761904761904762,0.9583333333333334
1,rgb_ensemble,4,True,0,0.7727272727272727,0.7083333333333334
1,rgb_ensemble,5,False,1,0.896551724137931,0.8666666666666667
1,rgb_ensemble,6,False,1,0.5747126436781609,0.5208333333333334
1,rgb_ensemble,7,True,1,0.04878048780487805,0.041666666666666664
1,rgb_ensemble,8,False,1,0.9375,0.9375
1,rgb_ensemble,9,False,1,0.7956989247311828,0.7708333333333334
1,rgb_ensemble,10,False,1,0.616822429906542,0.6875
1,rgb_ensemble,11,False,1,0.6041666666666666,0.6041666666666666
1,rgb_ensemble,12,True,1,0.28125,0.1875
1,rgb_ensemble,13,False,1,0.7184466019417476,0.7708333333333334
1,rgb_ensemble,14,False,1,0.9230769230769231,0.8936170212765957
1,rgb_ensemble,15,False,1,0.7457627118644068,0.9166666666666666
1,rgb_ensemble,16,False,1,0.819047619047619,0.8958333333333334
1,rgb_ensemble,17,False,1,0.7572815533980582,0.8125
1,rgb_ensemble,18,False,1,0.8043478260869565,0.7708333333333334
1,rgb_ensemble,19,False,1,0.6,0.5625
1,rgb_ensemble,20,False,2,0.7096774193548387,0.6875
1,rgb_ensemble,21,False,2,0.782608695652174,0.75
1,rgb_ensemble,22,True,8,0.6818181818181818,0.6666666666666666
1,rgb_ensemble,23,False,2,0.8627450980392157,0.9166666666666666
1,rgb_ensemble,24,False,2,0.8910891089108911,0.9375
1,rgb_ensemble,25,False,2,0.6391752577319587,0.6458333333333334
1,rgb_ensemble,26,False,2,0.9896907216494846,1.0
1,rgb_ensemble,27,False,2,0.62,0.6458333333333334
1,rgb_ensemble,28,False,2,0.968421052631579,0.9583333333333334
1,rgb_ensemble,29,False,2,0.6732673267326733,0.7083333333333334
1,rgb_ensemble,30,False,2,0.4044943820224719,0.375
1,rgb_ensemble,31,False,2,0.9166666666666666,0.9166666666666666
1,rgb_ensemble,32,False,2,0.7333333333333333,0.6875
1,rgb_ensemble,33,False,2,0.6060606060606061,0.625
1,rgb_ensemble,34,False,3,0.4666666666666667,0.4375
1,rgb_ensemble,35,False,3,0.875,0.875
1,rgb_ensemble,36,False,3,0.875,0.875
1,rgb_ensemble,37,False,3,0.74,0.7708333333333334
1,rgb_ensemble,38,True,8,0.0,0.0
1,rgb_ensemble,39,False,3,0.7216494845360825,0.7291666666666666
1,rgb_ensemble,40,False,3,0.6614173228346457,0.875
1,rgb_ensemble,41,False,3,0.37037037037037035,0.4166666666666667
1,rgb_ensemble,42,False,3,0.6666666666666666,0.6458333333333334
1,rgb_ensemble,43,False,4,0.7692307692307693,0.8333333333333334
1,rgb_ensemble,44,False,4,0.9411764705882353,1.0
1,rgb_ensemble,45,True,8,0.4935064935064935,0.3958333333333333
1,rgb_ensemble,46,False,4,0.7659574468085106,0.75
1,rgb_ensemble,47,False,4,0.8936170212765957,0.875
1,rgb_ensemble,48,False,4,0.9504950495049505,1.0
1,rgb_ensemble,49,False,4,0.21153846153846154,0.22916666666666666
1,rgb_ensemble,50,False,4,0.7961165048543689,0.8541666666666666
1,rgb_ensemble,51,False,4,0.32608695652173914,0.3125
1,rgb_ensemble,52,False,4,0.3409090909090909,0.3125
1,rgb_ensemble,53,False,4,0.8865979381443299,0.8958333333333334
1,rgb_ensemble,54,False,4,0.7526881720430108,0.7291666666666666
1,rgb_ensemble,55,False,4,0.7586206896551724,0.9166666666666666
1,rgb_ensemble,56,False,4,0.8172043010752689,0.7916666666666666
1,rgb_ensemble,57,False,5,0.8351648351648352,0.8260869565217391
1,rgb_ensemble,58,False,5,0.7037037037037037,0.7916666666666666
1,rgb_ensemble,59,True,8,0.47761194029850745,0.3333333333333333
1,rgb_ensemble,60,True,8,0.5555555555555556,0.4166666666666667
1,rgb_ensemble,61,True,5,0.0,0.0
1,rgb_ensemble,62,False,5,0.8431372549019608,0.8958333333333334
1,rgb_ensemble,63,True,5,0.061068702290076333,0.08333333333333333
1,rgb_ensemble,64,True,8,0.5853658536585366,0.5
1,rgb_ensemble,65,True,8,0.26666666666666666,0.20833333333333334
1,rgb_ensemble,66,True,8,0.1388888888888889,0.10416666666666667
1,rgb_ensemble,67,False,5,0.9019607843137255,0.9583333333333334
1,rgb_ensemble,68,False,5,0.9574468085106383,0.9375
1,rgb_ensemble,69,False,5,0.8431372549019608,0.8958333333333334
1,rgb_ensemble,70,True,8,0.5063291139240507,0.4166666666666667
1,rgb_ensemble,71,True,8,0.21875,0.14583333333333334
1,rgb_ensemble,72,False,6,0.7010309278350515,0.7083333333333334
1,rgb_ensemble,73,False,6,0.5576923076923077,0.6041666666666666
1,rgb_ensemble,74,False,6,0.9166666666666666,0.9166666666666666
1,rgb_ensemble,75,False,6,0.56,0.5833333333333334
1,rgb_ensemble,76,False,6,0.819047619047619,0.8958333333333334
1,rgb_ensemble,77,False,7,0.8247422680412371,0.8333333333333334
1,rgb_ensemble,78,True,8,0.4931506849315068,0.375
1,rgb_ensemble,79,True,7,0.2191780821917808,0.16666666666666666
1,rgb_ensemble,80,False,7,0.37894736842105264,0.375
1,rgb_ensemble,81,False,7,0.5454545454545454,0.5625
1,rgb_ensemble,82,False,8,0.7090909090909091,0.8125
1,rgb_ensemble,83,False,8,0.8888888888888888,0.9166666666666666
1,rgb_ensemble,84,False,8,0.5925925925925926,0.6666666666666666
1,rgb_ensemble,85,False,8,0.8817204301075269,0.8541666666666666
1,rgb_ensemble,86,False,8,0.7258064516129032,0.9375
1,rgb_ensemble,87,False,8,0.822429906542056,0.9166666666666666
1,rgb_ensemble,88,False,8,0.5,0.7708333333333334
1,rgb_ensemble,89,False,8,0.9166666666666666,0.9166666666666666
1,equal_trained_shuffled,0,False,0,0.4262295081967213,0.5416666666666666
1,equal_trained_shuffled,1,False,0,0.9278350515463918,0.9375
1,equal_trained_shuffled,2,False,0,0.9387755102040817,0.9583333333333334
1,equal_trained_shuffled,3,False,0,0.9142857142857143,1.0
1,equal_trained_shuffled,4,True,0,0.7529411764705882,0.6666666666666666
1,equal_trained_shuffled,5,False,1,0.9565217391304348,0.9777777777777777
1,equal_trained_shuffled,6,False,1,0.7640449438202247,0.7083333333333334
1,equal_trained_shuffled,7,True,1,0.046511627906976744,0.041666666666666664
1,equal_trained_shuffled,8,False,1,0.9375,0.9375
1,equal_trained_shuffled,9,False,1,0.9361702127659575,0.9166666666666666
1,equal_trained_shuffled,10,False,1,0.62,0.6458333333333334
1,equal_trained_shuffled,11,False,1,0.7160493827160493,0.6041666666666666
1,equal_trained_shuffled,12,True,1,0.21818181818181817,0.125
1,equal_trained_shuffled,13,False,1,0.8037383177570093,0.8958333333333334
1,equal_trained_shuffled,14,False,1,0.92,0.9787234042553191
1,equal_trained_shuffled,15,False,1,0.7619047619047619,1.0
1,equal_trained_shuffled,16,False,1,0.8431372549019608,0.8958333333333334
1,equal_trained_shuffled,17,False,1,0.7850467289719626,0.875
1,equal_trained_shuffled,18,False,1,0.8089887640449438,0.75
1,equal_trained_shuffled,19,False,1,0.7032967032967034,0.6666666666666666
1,equal_trained_shuffled,20,False,2,0.7835051546391752,0.7916666666666666
1,equal_trained_shuffled,21,False,2,0.8958333333333334,0.8958333333333334
1,equal_trained_shuffled,22,True,8,0.8333333333333334,0.7777777777777778
1,equal_trained_shuffled,23,False,2,0.9,0.9375
1,equal_trained_shuffled,24,False,2,0.9387755102040817,0.9583333333333334
1,equal_trained_shuffled,25,False,2,0.6666666666666666,0.7291666666666666
1,equal_trained_shuffled,26,False,2,0.9896907216494846,1.0
1,equal_trained_shuffled,27,False,2,0.6481481481481481,0.7291666666666666
1,equal_trained_shuffled,28,False,2,1.0,1.0
1,equal_trained_shuffled,29,False,2,0.8823529411764706,0.9375
1,equal_trained_shuffled,30,False,2,0.5,0.5
1,equal_trained_shuffled,31,False,2,0.9696969696969697,1.0
1,equal_trained_shuffled,32,False,2,0.8791208791208791,0.8333333333333334
1,equal_trained_shuffled,33,False,2,0.7472527472527473,0.7083333333333334
1,equal_trained_shuffled,34,False,3,0.7272727272727273,0.75
1,equal_trained_shuffled,35,False,3,0.9583333333333334,0.9583333333333334
1,equal_trained_shuffled,36,False,3,0.9278350515463918,0.9375
1,equal_trained_shuffled,37,False,3,0.7640449438202247,0.7083333333333334
1,equal_trained_shuffled,38,True,8,0.0,0.0
1,equal_trained_shuffled,39,False,3,0.8316831683168316,0.875
1,equal_trained_shuffled,40,False,3,0.6984126984126984,0.9166666666666666
1,equal_trained_shuffled,41,False,3,0.45161290322580644,0.4375
1,equal_trained_shuffled,42,False,3,0.6808510638297872,0.6666666666666666
1,equal_trained_shuffled,43,False,4,0.6868686868686869,0.7083333333333334
1,equal_trained_shuffled,44,False,4,0.9690721649484536,0.9791666666666666
1,equal_trained_shuffled,45,True,8,0.3466666666666667,0.2708333333333333
1,equal_trained_shuffled,46,False,4,0.7816091954022989,0.7083333333333334
1,equal_trained_shuffled,47,False,4,0.9090909090909091,0.9375
1,equal_trained_shuffled,48,False,4,0.9696969696969697,1.0
1,equal_trained_shuffled,49,False,4,0.24175824175824176,0.22916666666666666
1,equal_trained_shuffled,50,False,4,0.9494949494949495,0.9791666666666666
1,equal_trained_shuffled,51,False,4,0.2608695652173913,0.25
1,equal_trained_shuffled,52,False,4,0.34146341463414637,0.2916666666666667
1,equal_trained_shuffled,53,False,4,0.9484536082474226,0.9583333333333334
1,equal_trained_shuffled,54,False,4,0.8222222222222222,0.7708333333333334
1,equal_trained_shuffled,55,False,4,0.8113207547169812,0.8958333333333334
1,equal_trained_shuffled,56,False,4,0.845360824742268,0.8541666666666666
1,equal_trained_shuffled,57,False,5,0.9032258064516129,0.9130434782608695
1,equal_trained_shuffled,58,False,5,0.8380952380952381,0.9166666666666666
1,equal_trained_shuffled,59,True,8,0.4927536231884058,0.3541666666666667
1,equal_trained_shuffled,60,True,8,0.8148148148148148,0.6875
1,equal_trained_shuffled,61,True,5,0.06896551724137931,0.0625
1,equal_trained_shuffled,62,False,5,0.8910891089108911,0.9375
1,equal_trained_shuffled,63,True,5,0.06722689075630252,0.08333333333333333
1,equal_trained_shuffled,64,True,8,0.7032967032967034,0.6666666666666666
1,equal_trained_shuffled,65,True,8,0.3950617283950617,0.3333333333333333
1,equal_trained_shuffled,66,True,8,0.06451612903225806,0.041666666666666664
1,equal_trained_shuffled,67,False,5,0.8952380952380953,0.9791666666666666
1,equal_trained_shuffled,68,False,5,0.9494949494949495,0.9791666666666666
1,equal_trained_shuffled,69,False,5,0.8461538461538461,0.9166666666666666
1,equal_trained_shuffled,70,True,8,0.5316455696202531,0.4375
1,equal_trained_shuffled,71,True,8,0.3076923076923077,0.20833333333333334
1,equal_trained_shuffled,72,False,6,0.8333333333333334,0.8333333333333334
1,equal_trained_shuffled,73,False,6,0.6138613861386139,0.6458333333333334
1,equal_trained_shuffled,74,False,6,0.9230769230769231,1.0
1,equal_trained_shuffled,75,False,6,0.803921568627451,0.8541666666666666
1,equal_trained_shuffled,76,False,6,0.8910891089108911,0.9375
1,equal_trained_shuffled,77,False,7,0.9494949494949495,0.9791666666666666
1,equal_trained_shuffled,78,True,8,0.8351648351648352,0.7916666666666666
1,equal_trained_shuffled,79,True,7,0.1935483870967742,0.125
1,equal_trained_shuffled,80,False,7,0.5544554455445545,0.5833333333333334
1,equal_trained_shuffled,81,False,7,0.6444444444444445,0.6041666666666666
1,equal_trained_shuffled,82,False,8,0.8484848484848485,0.875
1,equal_trained_shuffled,83,False,8,0.9056603773584906,1.0
1,equal_trained_shuffled,84,False,8,0.7692307692307693,0.8333333333333334
1,equal_trained_shuffled,85,False,8,0.968421052631579,0.9583333333333334
1,equal_trained_shuffled,86,False,8,0.743801652892562,0.9375
1,equal_trained_shuffled,87,False,8,0.8173913043478261,0.9791666666666666
1,equal_trained_shuffled,88,False,8,0.5481481481481482,0.7708333333333334
1,equal_trained_shuffled,89,False,8,0.9894736842105263,0.9791666666666666
1,s29_head_l,0,False,0,0.32142857142857145,0.375
1,s29_head_l,1,False,0,0.8737864077669902,0.9375
1,s29_head_l,2,False,0,0.8913043478260869,0.8541666666666666
1,s29_head_l,3,False,0,0.8461538461538461,0.9166666666666666
1,s29_head_l,4,True,0,0.5569620253164557,0.4583333333333333
1,s29_head_l,5,False,1,0.9111111111111111,0.9111111111111111
1,s29_head_l,6,False,1,0.6746987951807228,0.5833333333333334
1,s29_head_l,7,True,1,0.0,0.0
1,s29_head_l,8,False,1,0.8421052631578947,0.8333333333333334
1,s29_head_l,9,False,1,0.8333333333333334,0.8333333333333334
1,s29_head_l,10,False,1,0.35714285714285715,0.3125
1,s29_head_l,11,False,1,0.4225352112676056,0.3125
1,s29_head_l,12,True,1,0.038461538461538464,0.020833333333333332
1,s29_head_l,13,False,1,0.7079646017699115,0.8333333333333334
1,s29_head_l,14,False,1,0.7333333333333333,0.7021276595744681
1,s29_head_l,15,False,1,0.7213114754098361,0.9166666666666666
1,s29_head_l,16,False,1,0.7916666666666666,0.7916666666666666
1,s29_head_l,17,False,1,0.660377358490566,0.7291666666666666
1,s29_head_l,18,False,1,0.7228915662650602,0.625
1,s29_head_l,19,False,1,0.5934065934065934,0.5625
1,s29_head_l,20,False,2,0.6542056074766355,0.7291666666666666
1,s29_head_l,21,False,2,0.7755102040816326,0.7916666666666666
1,s29_head_l,22,True,8,0.6341463414634146,0.5777777777777777
1,s29_head_l,23,False,2,0.7592592592592593,0.8541666666666666
1,s29_head_l,24,False,2,0.8235294117647058,0.875
1,s29_head_l,25,False,2,0.5473684210526316,0.5416666666666666
1,s29_head_l,26,False,2,0.9696969696969697,1.0
1,s29_head_l,27,False,2,0.5614035087719298,0.6666666666666666
1,s29_head_l,28,False,2,0.9583333333333334,0.9583333333333334
1,s29_head_l,29,False,2,0.8490566037735849,0.9375
1,s29_head_l,30,False,2,0.32,0.3333333333333333
1,s29_head_l,31,False,2,0.94,0.9791666666666666
1,s29_head_l,32,False,2,0.8172043010752689,0.7916666666666666
1,s29_head_l,33,False,2,0.5894736842105263,0.5833333333333334
1,s29_head_l,34,False,3,0.5964912280701754,0.7083333333333334
1,s29_head_l,35,False,3,0.9130434782608695,0.875
1,s29_head_l,36,False,3,0.8461538461538461,0.9166666666666666
1,s29_head_l,37,False,3,0.5348837209302325,0.4791666666666667
1,s29_head_l,38,True,8,0.0,0.0
1,s29_head_l,39,False,3,0.6436781609195402,0.5833333333333334
1,s29_head_l,40,False,3,0.6885245901639344,0.875
1,s29_head_l,41,False,3,0.47619047619047616,0.5208333333333334
1,s29_head_l,42,False,3,0.5510204081632653,0.5625
1,s29_head_l,43,False,4,0.2571428571428571,0.1875
1,s29_head_l,44,False,4,0.78,0.8125
1,s29_head_l,45,True,8,0.10752688172043011,0.10416666666666667
1,s29_head_l,46,False,4,0.5925925925925926,0.5
1,s29_head_l,47,False,4,0.7865168539325843,0.7291666666666666
1,s29_head_l,48,False,4,0.9591836734693877,0.9791666666666666
1,s29_head_l,49,False,4,0.23728813559322035,0.2916666666666667
1,s29_head_l,50,False,4,0.9484536082474226,0.9583333333333334
1,s29_head_l,51,False,4,0.10309278350515463,0.10416666666666667
1,s29_head_l,52,False,4,0.08955223880597014,0.0625
1,s29_head_l,53,False,4,0.8817204301075269,0.8541666666666666
1,s29_head_l,54,False,4,0.7628865979381443,0.7708333333333334
1,s29_head_l,55,False,4,0.6792452830188679,0.75
1,s29_head_l,56,False,4,0.6415094339622641,0.7083333333333334
1,s29_head_l,57,False,5,0.8444444444444444,0.8260869565217391
1,s29_head_l,58,False,5,0.7380952380952381,0.6458333333333334
1,s29_head_l,59,True,8,0.39473684210526316,0.3125
1,s29_head_l,60,True,8,0.8043478260869565,0.7708333333333334
1,s29_head_l,61,True,5,0.12244897959183673,0.125
1,s29_head_l,62,False,5,0.845360824742268,0.8541666666666666
1,s29_head_l,63,True,5,0.11428571428571428,0.125
1,s29_head_l,64,True,8,0.5871559633027523,0.6666666666666666
1,s29_head_l,65,True,8,0.3116883116883117,0.25
1,s29_head_l,66,True,8,0.3235294117647059,0.22916666666666666
1,s29_head_l,67,False,5,0.9,0.9375
1,s29_head_l,68,False,5,0.9306930693069307,0.9791666666666666
1,s29_head_l,69,False,5,0.6170212765957447,0.6041666666666666
1,s29_head_l,70,True,8,0.35135135135135137,0.2708333333333333
1,s29_head_l,71,True,8,0.08108108108108109,0.0625
1,s29_head_l,72,False,6,0.7920792079207921,0.8333333333333334
1,s29_head_l,73,False,6,0.5494505494505495,0.5208333333333334
1,s29_head_l,74,False,6,0.782608695652174,0.9375
1,s29_head_l,75,False,6,0.8288288288288288,0.9583333333333334
1,s29_head_l,76,False,6,0.82,0.8541666666666666
1,s29_head_l,77,False,7,0.819047619047619,0.8958333333333334
1,s29_head_l,78,True,8,0.8979591836734694,0.9166666666666666
1,s29_head_l,79,True,7,0.0967741935483871,0.0625
1,s29_head_l,80,False,7,0.5274725274725275,0.5
1,s29_head_l,81,False,7,0.5436893203883495,0.5833333333333334
1,s29_head_l,82,False,8,0.7708333333333334,0.7708333333333334
1,s29_head_l,83,False,8,0.8108108108108109,0.9375
1,s29_head_l,84,False,8,0.6722689075630253,0.8333333333333334
1,s29_head_l,85,False,8,0.9306930693069307,0.9791666666666666
1,s29_head_l,86,False,8,0.582089552238806,0.8125
1,s29_head_l,87,False,8,0.7401574803149606,0.9791666666666666
1,s29_head_l,88,False,8,0.49230769230769234,0.6666666666666666
1,s29_head_l,89,False,8,0.8863636363636364,0.8125
1,s29_equal_l,0,False,0,0.2517482517482518,0.375
1,s29_equal_l,1,False,0,0.8846153846153846,0.9583333333333334
1,s29_equal_l,2,False,0,0.9072164948453608,0.9166666666666666
1,s29_equal_l,3,False,0,0.8148148148148148,0.9166666666666666
1,s29_equal_l,4,True,0,0.5454545454545454,0.4375
1,s29_equal_l,5,False,1,0.9213483146067416,0.9111111111111111
1,s29_equal_l,6,False,1,0.5526315789473685,0.4375
1,s29_equal_l,7,True,1,0.0,0.0
1,s29_equal_l,8,False,1,0.9032258064516129,0.875
1,s29_equal_l,9,False,1,0.7920792079207921,0.8333333333333334
1,s29_equal_l,10,False,1,0.4418604651162791,0.3958333333333333
1,s29_equal_l,11,False,1,0.45714285714285713,0.3333333333333333
1,s29_equal_l,12,True,1,0.06896551724137931,0.041666666666666664
1,s29_equal_l,13,False,1,0.7326732673267327,0.7708333333333334
1,s29_equal_l,14,False,1,0.7777777777777778,0.7446808510638298
1,s29_equal_l,15,False,1,0.6825396825396826,0.8958333333333334
1,s29_equal_l,16,False,1,0.7291666666666666,0.7291666666666666
1,s29_equal_l,17,False,1,0.584070796460177,0.6875
1,s29_equal_l,18,False,1,0.6896551724137931,0.625
1,s29_equal_l,19,False,1,0.5783132530120482,0.5
1,s29_equal_l,20,False,2,0.6476190476190476,0.7083333333333334
1,s29_equal_l,21,False,2,0.7850467289719626,0.875
1,s29_equal_l,22,True,8,0.6506024096385542,0.6
1,s29_equal_l,23,False,2,0.7619047619047619,0.8333333333333334
1,s29_equal_l,24,False,2,0.8155339805825242,0.875
1,s29_equal_l,25,False,2,0.4835164835164835,0.4583333333333333
1,s29_equal_l,26,False,2,0.9504950495049505,1.0
1,s29_equal_l,27,False,2,0.5645161290322581,0.7291666666666666
1,s29_equal_l,28,False,2,0.9484536082474226,0.9583333333333334
1,s29_equal_l,29,False,2,0.76,0.7916666666666666
1,s29_equal_l,30,False,2,0.30612244897959184,0.3125
1,s29_equal_l,31,False,2,0.9108910891089109,0.9583333333333334
1,s29_equal_l,32,False,2,0.7816091954022989,0.7083333333333334
1,s29_equal_l,33,False,2,0.6122448979591837,0.625
1,s29_equal_l,34,False,3,0.5660377358490566,0.625
1,s29_equal_l,35,False,3,0.9072164948453608,0.9166666666666666
1,s29_equal_l,36,False,3,0.8888888888888888,0.9166666666666666
1,s29_equal_l,37,False,3,0.55,0.4583333333333333
1,s29_equal_l,38,True,8,0.0,0.0
1,s29_equal_l,39,False,3,0.6593406593406593,0.625
1,s29_equal_l,40,False,3,0.6949152542372882,0.8541666666666666
1,s29_equal_l,41,False,3,0.4,0.3541666666666667
1,s29_equal_l,42,False,3,0.5684210526315789,0.5625
1,s29_equal_l,43,False,4,0.4827586206896552,0.4375
1,s29_equal_l,44,False,4,0.7708333333333334,0.7708333333333334
1,s29_equal_l,45,True,8,0.18181818181818182,0.16666666666666666
1,s29_equal_l,46,False,4,0.5925925925925926,0.5
1,s29_equal_l,47,False,4,0.8351648351648352,0.7916666666666666
1,s29_equal_l,48,False,4,0.9494949494949495,0.9791666666666666
1,s29_equal_l,49,False,4,0.21568627450980393,0.22916666666666666
1,s29_equal_l,50,False,4,0.8737864077669902,0.9375
1,s29_equal_l,51,False,4,0.17543859649122806,0.20833333333333334
1,s29_equal_l,52,False,4,0.09836065573770492,0.0625
1,s29_equal_l,53,False,4,0.8936170212765957,0.875
1,s29_equal_l,54,False,4,0.7692307692307693,0.7291666666666666
1,s29_equal_l,55,False,4,0.6730769230769231,0.7291666666666666
1,s29_equal_l,56,False,4,0.6346153846153846,0.6875
1,s29_equal_l,57,False,5,0.8085106382978723,0.8260869565217391
1,s29_equal_l,58,False,5,0.7727272727272727,0.7083333333333334
1,s29_equal_l,59,True,8,0.3380281690140845,0.25
1,s29_equal_l,60,True,8,0.7741935483870968,0.75
1,s29_equal_l,61,True,5,0.09900990099009901,0.10416666666666667
1,s29_equal_l,62,False,5,0.8421052631578947,0.8333333333333334
1,s29_equal_l,63,True,5,0.08196721311475409,0.10416666666666667
1,s29_equal_l,64,True,8,0.5,0.5416666666666666
1,s29_equal_l,65,True,8,0.2222222222222222,0.16666666666666666
1,s29_equal_l,66,True,8,0.18181818181818182,0.125
1,s29_equal_l,67,False,5,0.9183673469387755,0.9375
1,s29_equal_l,68,False,5,0.9090909090909091,0.9375
1,s29_equal_l,69,False,5,0.7070707070707071,0.7291666666666666
1,s29_equal_l,70,True,8,0.3466666666666667,0.2708333333333333
1,s29_equal_l,71,True,8,0.057971014492753624,0.041666666666666664
1,s29_equal_l,72,False,6,0.74,0.7708333333333334
1,s29_equal_l,73,False,6,0.43037974683544306,0.3541666666666667
1,s29_equal_l,74,False,6,0.8035714285714286,0.9375
1,s29_equal_l,75,False,6,0.8737864077669902,0.9375
1,s29_equal_l,76,False,6,0.851063829787234,0.8333333333333334
1,s29_equal_l,77,False,7,0.7850467289719626,0.875
1,s29_equal_l,78,True,8,0.75,0.6875
1,s29_equal_l,79,True,7,0.14705882352941177,0.10416666666666667
1,s29_equal_l,80,False,7,0.46938775510204084,0.4791666666666667
1,s29_equal_l,81,False,7,0.5617977528089888,0.5208333333333334
1,s29_equal_l,82,False,8,0.7547169811320755,0.8333333333333334
1,s29_equal_l,83,False,8,0.84,0.875
1,s29_equal_l,84,False,8,0.6554621848739496,0.8125
1,s29_equal_l,85,False,8,0.8936170212765957,0.875
1,s29_equal_l,86,False,8,0.5873015873015873,0.7708333333333334
1,s29_equal_l,87,False,8,0.7014925373134329,0.9791666666666666
1,s29_equal_l,88,False,8,0.46808510638297873,0.6875
1,s29_equal_l,89,False,8,0.9010989010989011,0.8541666666666666
