fold,arm,label,session,cross,f1,recall,support,correct
0,rgb_shape,0,0,False,0.10416666666666667,0.10416666666666667,48.0,5.0
0,rgb_shape,1,0,False,0.15841584158415842,0.16666666666666666,48.0,8.0
0,rgb_shape,2,0,False,0.453781512605042,0.5625,48.0,27.0
0,rgb_shape,3,0,False,0.6846846846846847,0.7916666666666666,48.0,38.0
0,rgb_shape,4,8,True,0.24242424242424243,0.16666666666666666,48.0,8.0
0,rgb_shape,5,1,False,0.4782608695652174,0.4782608695652174,46.0,22.0
0,rgb_shape,6,1,False,0.0,0.0,48.0,0.0
0,rgb_shape,7,1,True,0.10256410256410256,0.125,48.0,6.0
0,rgb_shape,8,1,False,0.3779527559055118,0.5,48.0,24.0
0,rgb_shape,9,1,False,0.18181818181818182,0.14583333333333334,48.0,7.0
0,rgb_shape,10,1,False,0.031746031746031744,0.020833333333333332,48.0,1.0
0,rgb_shape,11,1,False,0.020202020202020204,0.020833333333333332,48.0,1.0
0,rgb_shape,12,1,True,0.34328358208955223,0.4791666666666667,48.0,23.0
0,rgb_shape,13,1,False,0.22448979591836735,0.22916666666666666,48.0,11.0
0,rgb_shape,14,1,False,0.11650485436893204,0.125,48.0,6.0
0,rgb_shape,15,1,False,0.45098039215686275,0.4791666666666667,48.0,23.0
0,rgb_shape,16,1,False,0.5426356589147286,0.7291666666666666,48.0,35.0
0,rgb_shape,17,1,False,0.17777777777777778,0.16666666666666666,48.0,8.0
0,rgb_shape,18,1,False,0.0,0.0,48.0,0.0
0,rgb_shape,19,1,False,0.03125,0.020833333333333332,48.0,1.0
0,rgb_shape,20,2,False,0.12345679012345678,0.10416666666666667,48.0,5.0
0,rgb_shape,21,2,False,0.5581395348837209,0.5,48.0,24.0
0,rgb_shape,22,8,True,0.273972602739726,0.2222222222222222,45.0,10.0
0,rgb_shape,23,2,False,0.0547945205479452,0.041666666666666664,48.0,2.0
0,rgb_shape,24,2,False,0.3108108108108108,0.4791666666666667,48.0,23.0
0,rgb_shape,25,2,False,0.043478260869565216,0.041666666666666664,48.0,2.0
0,rgb_shape,26,2,False,0.1592920353982301,0.1875,48.0,9.0
0,rgb_shape,27,2,False,0.1,0.08333333333333333,48.0,4.0
0,rgb_shape,28,2,False,0.9361702127659575,0.9166666666666666,48.0,44.0
0,rgb_shape,29,2,False,0.1728395061728395,0.14583333333333334,48.0,7.0
0,rgb_shape,30,2,False,0.07766990291262135,0.08333333333333333,48.0,4.0
0,rgb_shape,31,2,False,0.1038961038961039,0.16666666666666666,48.0,8.0
0,rgb_shape,32,2,False,0.6355140186915887,0.7083333333333334,48.0,34.0
0,rgb_shape,33,2,False,0.1476510067114094,0.22916666666666666,48.0,11.0
0,rgb_shape,34,3,False,0.02197802197802198,0.020833333333333332,48.0,1.0
0,rgb_shape,35,3,False,0.0547945205479452,0.041666666666666664,48.0,2.0
0,rgb_shape,36,3,False,0.2689075630252101,0.3333333333333333,48.0,16.0
0,rgb_shape,37,3,False,0.03278688524590164,0.020833333333333332,48.0,1.0
0,rgb_shape,38,3,True,0.019230769230769232,0.020833333333333332,48.0,1.0
0,rgb_shape,39,3,False,0.2706766917293233,0.375,48.0,18.0
0,rgb_shape,40,3,False,0.1686746987951807,0.14583333333333334,48.0,7.0
0,rgb_shape,41,3,False,0.05333333333333334,0.041666666666666664,48.0,2.0
0,rgb_shape,42,3,False,0.0821917808219178,0.0625,48.0,3.0
0,rgb_shape,43,4,False,0.1553398058252427,0.16666666666666666,48.0,8.0
0,rgb_shape,44,4,False,0.11428571428571428,0.125,48.0,6.0
0,rgb_shape,45,8,True,0.05042016806722689,0.0625,48.0,3.0
0,rgb_shape,46,4,False,0.02531645569620253,0.020833333333333332,48.0,1.0
0,rgb_shape,47,4,False,0.13953488372093023,0.125,48.0,6.0
0,rgb_shape,48,4,False,0.5918367346938775,0.6041666666666666,48.0,29.0
0,rgb_shape,49,4,False,0.05714285714285714,0.041666666666666664,48.0,2.0
0,rgb_shape,50,4,False,0.41025641025641024,0.5,48.0,24.0
0,rgb_shape,51,4,False,0.1,0.125,48.0,6.0
0,rgb_shape,52,4,False,0.075,0.0625,48.0,3.0
0,rgb_shape,53,4,False,0.24390243902439024,0.32608695652173914,46.0,15.0
0,rgb_shape,54,4,False,0.10126582278481013,0.08333333333333333,48.0,4.0
0,rgb_shape,55,4,False,0.044444444444444446,0.041666666666666664,48.0,2.0
0,rgb_shape,56,4,False,0.0625,0.041666666666666664,48.0,2.0
0,rgb_shape,57,5,False,0.11594202898550725,0.08695652173913043,46.0,4.0
0,rgb_shape,58,5,False,0.045454545454545456,0.041666666666666664,48.0,2.0
0,rgb_shape,59,5,True,0.034482758620689655,0.041666666666666664,48.0,2.0
0,rgb_shape,60,5,True,0.031496062992125984,0.041666666666666664,48.0,2.0
0,rgb_shape,61,8,True,0.0,0.0,48.0,0.0
0,rgb_shape,62,5,False,0.11666666666666667,0.14583333333333334,48.0,7.0
0,rgb_shape,63,8,True,0.0,0.0,48.0,0.0
0,rgb_shape,64,8,True,0.05217391304347826,0.0625,48.0,3.0
0,rgb_shape,65,5,True,0.05263157894736842,0.0625,48.0,3.0
0,rgb_shape,66,5,True,0.0,0.0,48.0,0.0
0,rgb_shape,67,5,False,0.2413793103448276,0.2916666666666667,48.0,14.0
0,rgb_shape,68,5,False,0.1794871794871795,0.14583333333333334,48.0,7.0
0,rgb_shape,69,5,False,0.04040404040404041,0.041666666666666664,48.0,2.0
0,rgb_shape,70,8,True,0.028985507246376812,0.020833333333333332,48.0,1.0
0,rgb_shape,71,5,True,0.0,0.0,48.0,0.0
0,rgb_shape,72,6,False,0.05263157894736842,0.041666666666666664,48.0,2.0
0,rgb_shape,73,6,False,0.028985507246376812,0.020833333333333332,48.0,1.0
0,rgb_shape,74,6,False,0.4426229508196721,0.5625,48.0,27.0
0,rgb_shape,75,6,False,0.027777777777777776,0.020833333333333332,48.0,1.0
0,rgb_shape,76,6,False,0.0,0.0,48.0,0.0
0,rgb_shape,77,7,False,0.02702702702702703,0.020833333333333332,48.0,1.0
0,rgb_shape,78,8,True,0.20270270270270271,0.3125,48.0,15.0
0,rgb_shape,79,8,True,0.25882352941176473,0.22916666666666666,48.0,11.0
0,rgb_shape,80,7,False,0.11627906976744186,0.10416666666666667,48.0,5.0
0,rgb_shape,81,7,False,0.0625,0.041666666666666664,48.0,2.0
0,rgb_shape,82,8,False,0.17777777777777778,0.16666666666666666,48.0,8.0
0,rgb_shape,83,8,False,0.06593406593406594,0.0625,48.0,3.0
0,rgb_shape,84,8,False,0.0975609756097561,0.08333333333333333,48.0,4.0
0,rgb_shape,85,8,False,0.42105263157894735,0.4166666666666667,48.0,20.0
0,rgb_shape,86,8,False,0.16216216216216217,0.125,48.0,6.0
0,rgb_shape,87,8,False,0.384180790960452,0.7083333333333334,48.0,34.0
0,rgb_shape,88,8,False,0.27419354838709675,0.3541666666666667,48.0,17.0
0,rgb_shape,89,8,False,0.40540540540540543,0.3125,48.0,15.0
0,rgb_color,0,0,False,0.0,0.0,48.0,0.0
0,rgb_color,1,0,False,0.2962962962962963,0.4166666666666667,48.0,20.0
0,rgb_color,2,0,False,0.11428571428571428,0.08333333333333333,48.0,4.0
0,rgb_color,3,0,False,0.15254237288135594,0.1875,48.0,9.0
0,rgb_color,4,8,True,0.0,0.0,48.0,0.0
0,rgb_color,5,1,False,0.15789473684210525,0.13043478260869565,46.0,6.0
0,rgb_color,6,1,False,0.04878048780487805,0.041666666666666664,48.0,2.0
0,rgb_color,7,1,True,0.0,0.0,48.0,0.0
0,rgb_color,8,1,False,0.02857142857142857,0.020833333333333332,48.0,1.0
0,rgb_color,9,1,False,0.08108108108108109,0.0625,48.0,3.0
0,rgb_color,10,1,False,0.0,0.0,48.0,0.0
0,rgb_color,11,1,False,0.07920792079207921,0.08333333333333333,48.0,4.0
0,rgb_color,12,1,True,0.0,0.0,48.0,0.0
0,rgb_color,13,1,False,0.019417475728155338,0.020833333333333332,48.0,1.0
0,rgb_color,14,1,False,0.10126582278481013,0.08333333333333333,48.0,4.0
0,rgb_color,15,1,False,0.234375,0.3125,48.0,15.0
0,rgb_color,16,1,False,0.13114754098360656,0.16666666666666666,48.0,8.0
0,rgb_color,17,1,False,0.16363636363636364,0.1875,48.0,9.0
0,rgb_color,18,1,False,0.0,0.0,48.0,0.0
0,rgb_color,19,1,False,0.05042016806722689,0.0625,48.0,3.0
0,rgb_color,20,2,False,0.21666666666666667,0.2708333333333333,48.0,13.0
0,rgb_color,21,2,False,0.024390243902439025,0.020833333333333332,48.0,1.0
0,rgb_color,22,8,True,0.0,0.0,45.0,0.0
0,rgb_color,23,2,False,0.13333333333333333,0.20833333333333334,48.0,10.0
0,rgb_color,24,2,False,0.16666666666666666,0.14583333333333334,48.0,7.0
0,rgb_color,25,2,False,0.020202020202020204,0.020833333333333332,48.0,1.0
0,rgb_color,26,2,False,0.19834710743801653,0.25,48.0,12.0
0,rgb_color,27,2,False,0.0,0.0,48.0,0.0
0,rgb_color,28,2,False,0.336283185840708,0.3958333333333333,48.0,19.0
0,rgb_color,29,2,False,0.0847457627118644,0.10416666666666667,48.0,5.0
0,rgb_color,30,2,False,0.0,0.0,48.0,0.0
0,rgb_color,31,2,False,0.5333333333333333,0.5833333333333334,48.0,28.0
0,rgb_color,32,2,False,0.34210526315789475,0.2708333333333333,48.0,13.0
0,rgb_color,33,2,False,0.0851063829787234,0.08333333333333333,48.0,4.0
0,rgb_color,34,3,False,0.136986301369863,0.10416666666666667,48.0,5.0
0,rgb_color,35,3,False,0.5396825396825397,0.7083333333333334,48.0,34.0
0,rgb_color,36,3,False,0.14285714285714285,0.14583333333333334,48.0,7.0
0,rgb_color,37,3,False,0.06818181818181818,0.0625,48.0,3.0
0,rgb_color,38,3,True,0.0,0.0,48.0,0.0
0,rgb_color,39,3,False,0.09523809523809523,0.10416666666666667,48.0,5.0
0,rgb_color,40,3,False,0.05970149253731343,0.041666666666666664,48.0,2.0
0,rgb_color,41,3,False,0.10810810810810811,0.08333333333333333,48.0,4.0
0,rgb_color,42,3,False,0.13559322033898305,0.16666666666666666,48.0,8.0
0,rgb_color,43,4,False,0.028169014084507043,0.020833333333333332,48.0,1.0
0,rgb_color,44,4,False,0.056338028169014086,0.08333333333333333,48.0,4.0
0,rgb_color,45,8,True,0.0,0.0,48.0,0.0
0,rgb_color,46,4,False,0.06779661016949153,0.08333333333333333,48.0,4.0
0,rgb_color,47,4,False,0.359375,0.4791666666666667,48.0,23.0
0,rgb_color,48,4,False,0.3668639053254438,0.6458333333333334,48.0,31.0
0,rgb_color,49,4,False,0.038461538461538464,0.041666666666666664,48.0,2.0
0,rgb_color,50,4,False,0.1834862385321101,0.20833333333333334,48.0,10.0
0,rgb_color,51,4,False,0.027777777777777776,0.020833333333333332,48.0,1.0
0,rgb_color,52,4,False,0.03389830508474576,0.020833333333333332,48.0,1.0
0,rgb_color,53,4,False,0.05063291139240506,0.043478260869565216,46.0,2.0
0,rgb_color,54,4,False,0.0,0.0,48.0,0.0
0,rgb_color,55,4,False,0.2831858407079646,0.3333333333333333,48.0,16.0
0,rgb_color,56,4,False,0.05405405405405406,0.041666666666666664,48.0,2.0
0,rgb_color,57,5,False,0.14473684210526316,0.2391304347826087,46.0,11.0
0,rgb_color,58,5,False,0.0,0.0,48.0,0.0
0,rgb_color,59,5,True,0.0,0.0,48.0,0.0
0,rgb_color,60,5,True,0.0,0.0,48.0,0.0
0,rgb_color,61,8,True,0.0,0.0,48.0,0.0
0,rgb_color,62,5,False,0.21428571428571427,0.3125,48.0,15.0
0,rgb_color,63,8,True,0.0,0.0,48.0,0.0
0,rgb_color,64,8,True,0.0,0.0,48.0,0.0
0,rgb_color,65,5,True,0.0,0.0,48.0,0.0
0,rgb_color,66,5,True,0.0,0.0,48.0,0.0
0,rgb_color,67,5,False,0.23300970873786409,0.25,48.0,12.0
0,rgb_color,68,5,False,0.256,0.3333333333333333,48.0,16.0
0,rgb_color,69,5,False,0.17094017094017094,0.20833333333333334,48.0,10.0
0,rgb_color,70,8,True,0.0,0.0,48.0,0.0
0,rgb_color,71,5,True,0.0,0.0,48.0,0.0
0,rgb_color,72,6,False,0.12371134020618557,0.125,48.0,6.0
0,rgb_color,73,6,False,0.057971014492753624,0.041666666666666664,48.0,2.0
0,rgb_color,74,6,False,0.23423423423423423,0.2708333333333333,48.0,13.0
0,rgb_color,75,6,False,0.0425531914893617,0.041666666666666664,48.0,2.0
0,rgb_color,76,6,False,0.11320754716981132,0.125,48.0,6.0
0,rgb_color,77,7,False,0.32967032967032966,0.3125,48.0,15.0
0,rgb_color,78,8,True,0.0,0.0,48.0,0.0
0,rgb_color,79,8,True,0.0,0.0,48.0,0.0
0,rgb_color,80,7,False,0.0,0.0,48.0,0.0
0,rgb_color,81,7,False,0.05405405405405406,0.041666666666666664,48.0,2.0
0,rgb_color,82,8,False,0.4835164835164835,0.4583333333333333,48.0,22.0
0,rgb_color,83,8,False,0.2702702702702703,0.20833333333333334,48.0,10.0
0,rgb_color,84,8,False,0.20754716981132076,0.22916666666666666,48.0,11.0
0,rgb_color,85,8,False,0.3584905660377358,0.3958333333333333,48.0,19.0
0,rgb_color,86,8,False,0.3,0.3125,48.0,15.0
0,rgb_color,87,8,False,0.18181818181818182,0.1875,48.0,9.0
0,rgb_color,88,8,False,0.23931623931623933,0.2916666666666667,48.0,14.0
0,rgb_color,89,8,False,0.2535211267605634,0.1875,48.0,9.0
0,rgb_texture_shape,0,0,False,0.125,0.10416666666666667,48.0,5.0
0,rgb_texture_shape,1,0,False,0.05714285714285714,0.041666666666666664,48.0,2.0
0,rgb_texture_shape,2,0,False,0.5043478260869565,0.6041666666666666,48.0,29.0
0,rgb_texture_shape,3,0,False,0.7017543859649122,0.8333333333333334,48.0,40.0
0,rgb_texture_shape,4,8,True,0.11428571428571428,0.08333333333333333,48.0,4.0
0,rgb_texture_shape,5,1,False,0.5647058823529412,0.5217391304347826,46.0,24.0
0,rgb_texture_shape,6,1,False,0.03125,0.020833333333333332,48.0,1.0
0,rgb_texture_shape,7,1,True,0.04819277108433735,0.041666666666666664,48.0,2.0
0,rgb_texture_shape,8,1,False,0.453781512605042,0.5625,48.0,27.0
0,rgb_texture_shape,9,1,False,0.35443037974683544,0.2916666666666667,48.0,14.0
0,rgb_texture_shape,10,1,False,0.13333333333333333,0.10416666666666667,48.0,5.0
0,rgb_texture_shape,11,1,False,0.11965811965811966,0.14583333333333334,48.0,7.0
0,rgb_texture_shape,12,1,True,0.1836734693877551,0.1875,48.0,9.0
0,rgb_texture_shape,13,1,False,0.32142857142857145,0.375,48.0,18.0
0,rgb_texture_shape,14,1,False,0.16,0.125,48.0,6.0
0,rgb_texture_shape,15,1,False,0.4634146341463415,0.3958333333333333,48.0,19.0
0,rgb_texture_shape,16,1,False,0.6407766990291263,0.6875,48.0,33.0
0,rgb_texture_shape,17,1,False,0.06818181818181818,0.0625,48.0,3.0
0,rgb_texture_shape,18,1,False,0.02702702702702703,0.020833333333333332,48.0,1.0
0,rgb_texture_shape,19,1,False,0.03225806451612903,0.020833333333333332,48.0,1.0
0,rgb_texture_shape,20,2,False,0.061224489795918366,0.0625,48.0,3.0
0,rgb_texture_shape,21,2,False,0.5060240963855421,0.4375,48.0,21.0
0,rgb_texture_shape,22,8,True,0.28169014084507044,0.2222222222222222,45.0,10.0
0,rgb_texture_shape,23,2,False,0.05063291139240506,0.041666666666666664,48.0,2.0
0,rgb_texture_shape,24,2,False,0.4057971014492754,0.5833333333333334,48.0,28.0
0,rgb_texture_shape,25,2,False,0.07058823529411765,0.0625,48.0,3.0
0,rgb_texture_shape,26,2,False,0.32653061224489793,0.3333333333333333,48.0,16.0
0,rgb_texture_shape,27,2,False,0.23076923076923078,0.25,48.0,12.0
0,rgb_texture_shape,28,2,False,0.9361702127659575,0.9166666666666666,48.0,44.0
0,rgb_texture_shape,29,2,False,0.43010752688172044,0.4166666666666667,48.0,20.0
0,rgb_texture_shape,30,2,False,0.2,0.2708333333333333,48.0,13.0
0,rgb_texture_shape,31,2,False,0.5873015873015873,0.7708333333333334,48.0,37.0
0,rgb_texture_shape,32,2,False,0.625,0.7291666666666666,48.0,35.0
0,rgb_texture_shape,33,2,False,0.22033898305084745,0.2708333333333333,48.0,13.0
0,rgb_texture_shape,34,3,False,0.12195121951219512,0.10416666666666667,48.0,5.0
0,rgb_texture_shape,35,3,False,0.18803418803418803,0.22916666666666666,48.0,11.0
0,rgb_texture_shape,36,3,False,0.37383177570093457,0.4166666666666667,48.0,20.0
0,rgb_texture_shape,37,3,False,0.29545454545454547,0.2708333333333333,48.0,13.0
0,rgb_texture_shape,38,3,True,0.0,0.0,48.0,0.0
0,rgb_texture_shape,39,3,False,0.25925925925925924,0.2916666666666667,48.0,14.0
0,rgb_texture_shape,40,3,False,0.35294117647058826,0.375,48.0,18.0
0,rgb_texture_shape,41,3,False,0.0,0.0,48.0,0.0
0,rgb_texture_shape,42,3,False,0.028169014084507043,0.020833333333333332,48.0,1.0
0,rgb_texture_shape,43,4,False,0.2037037037037037,0.22916666666666666,48.0,11.0
0,rgb_texture_shape,44,4,False,0.23214285714285715,0.2708333333333333,48.0,13.0
0,rgb_texture_shape,45,8,True,0.0,0.0,48.0,0.0
0,rgb_texture_shape,46,4,False,0.0,0.0,48.0,0.0
0,rgb_texture_shape,47,4,False,0.3177570093457944,0.3541666666666667,48.0,17.0
0,rgb_texture_shape,48,4,False,0.75,0.6875,48.0,33.0
0,rgb_texture_shape,49,4,False,0.16470588235294117,0.14583333333333334,48.0,7.0
0,rgb_texture_shape,50,4,False,0.4166666666666667,0.4166666666666667,48.0,20.0
0,rgb_texture_shape,51,4,False,0.12962962962962962,0.14583333333333334,48.0,7.0
0,rgb_texture_shape,52,4,False,0.0,0.0,48.0,0.0
0,rgb_texture_shape,53,4,False,0.24074074074074073,0.2826086956521739,46.0,13.0
0,rgb_texture_shape,54,4,False,0.10126582278481013,0.08333333333333333,48.0,4.0
0,rgb_texture_shape,55,4,False,0.10752688172043011,0.10416666666666667,48.0,5.0
0,rgb_texture_shape,56,4,False,0.29213483146067415,0.2708333333333333,48.0,13.0
0,rgb_texture_shape,57,5,False,0.08791208791208792,0.08695652173913043,46.0,4.0
0,rgb_texture_shape,58,5,False,0.06451612903225806,0.0625,48.0,3.0
0,rgb_texture_shape,59,5,True,0.08695652173913043,0.10416666666666667,48.0,5.0
0,rgb_texture_shape,60,5,True,0.0,0.0,48.0,0.0
0,rgb_texture_shape,61,8,True,0.022727272727272728,0.020833333333333332,48.0,1.0
0,rgb_texture_shape,62,5,False,0.1797752808988764,0.3333333333333333,48.0,16.0
0,rgb_texture_shape,63,8,True,0.0,0.0,48.0,0.0
0,rgb_texture_shape,64,8,True,0.07894736842105263,0.0625,48.0,3.0
0,rgb_texture_shape,65,5,True,0.02531645569620253,0.020833333333333332,48.0,1.0
0,rgb_texture_shape,66,5,True,0.023255813953488372,0.020833333333333332,48.0,1.0
0,rgb_texture_shape,67,5,False,0.3333333333333333,0.375,48.0,18.0
0,rgb_texture_shape,68,5,False,0.6296296296296297,0.7083333333333334,48.0,34.0
0,rgb_texture_shape,69,5,False,0.18018018018018017,0.20833333333333334,48.0,10.0
0,rgb_texture_shape,70,8,True,0.0,0.0,48.0,0.0
0,rgb_texture_shape,71,5,True,0.0,0.0,48.0,0.0
0,rgb_texture_shape,72,6,False,0.09803921568627451,0.10416666666666667,48.0,5.0
0,rgb_texture_shape,73,6,False,0.10204081632653061,0.10416666666666667,48.0,5.0
0,rgb_texture_shape,74,6,False,0.4,0.3958333333333333,48.0,19.0
0,rgb_texture_shape,75,6,False,0.05970149253731343,0.041666666666666664,48.0,2.0
0,rgb_texture_shape,76,6,False,0.1111111111111111,0.10416666666666667,48.0,5.0
0,rgb_texture_shape,77,7,False,0.13636363636363635,0.125,48.0,6.0
0,rgb_texture_shape,78,8,True,0.11428571428571428,0.125,48.0,6.0
0,rgb_texture_shape,79,8,True,0.24175824175824176,0.22916666666666666,48.0,11.0
0,rgb_texture_shape,80,7,False,0.112,0.14583333333333334,48.0,7.0
0,rgb_texture_shape,81,7,False,0.2376237623762376,0.25,48.0,12.0
0,rgb_texture_shape,82,8,False,0.2782608695652174,0.3333333333333333,48.0,16.0
0,rgb_texture_shape,83,8,False,0.24324324324324326,0.1875,48.0,9.0
0,rgb_texture_shape,84,8,False,0.02702702702702703,0.020833333333333332,48.0,1.0
0,rgb_texture_shape,85,8,False,0.43956043956043955,0.4166666666666667,48.0,20.0
0,rgb_texture_shape,86,8,False,0.22807017543859648,0.2708333333333333,48.0,13.0
0,rgb_texture_shape,87,8,False,0.43373493975903615,0.75,48.0,36.0
0,rgb_texture_shape,88,8,False,0.47619047619047616,0.5208333333333334,48.0,25.0
0,rgb_texture_shape,89,8,False,0.46938775510204084,0.4791666666666667,48.0,23.0
0,rgb_all,0,0,False,0.2706766917293233,0.375,48.0,18.0
0,rgb_all,1,0,False,0.4444444444444444,0.5,48.0,24.0
0,rgb_all,2,0,False,0.6966292134831461,0.6458333333333334,48.0,31.0
0,rgb_all,3,0,False,0.82,0.8541666666666666,48.0,41.0
0,rgb_all,4,8,True,0.0,0.0,48.0,0.0
0,rgb_all,5,1,False,0.6326530612244898,0.6739130434782609,46.0,31.0
0,rgb_all,6,1,False,0.21505376344086022,0.20833333333333334,48.0,10.0
0,rgb_all,7,1,True,0.0,0.0,48.0,0.0
0,rgb_all,8,1,False,0.7157894736842105,0.7083333333333334,48.0,34.0
0,rgb_all,9,1,False,0.5054945054945055,0.4791666666666667,48.0,23.0
0,rgb_all,10,1,False,0.3,0.25,48.0,12.0
0,rgb_all,11,1,False,0.12389380530973451,0.14583333333333334,48.0,7.0
0,rgb_all,12,1,True,0.06741573033707865,0.0625,48.0,3.0
0,rgb_all,13,1,False,0.3595505617977528,0.3333333333333333,48.0,16.0
0,rgb_all,14,1,False,0.3218390804597701,0.2916666666666667,48.0,14.0
0,rgb_all,15,1,False,0.8080808080808081,0.8333333333333334,48.0,40.0
0,rgb_all,16,1,False,0.6813186813186813,0.6458333333333334,48.0,31.0
0,rgb_all,17,1,False,0.34615384615384615,0.375,48.0,18.0
0,rgb_all,18,1,False,0.12987012987012986,0.10416666666666667,48.0,5.0
0,rgb_all,19,1,False,0.3023255813953488,0.2708333333333333,48.0,13.0
0,rgb_all,20,2,False,0.37894736842105264,0.375,48.0,18.0
0,rgb_all,21,2,False,0.6818181818181818,0.625,48.0,30.0
0,rgb_all,22,8,True,0.0,0.0,45.0,0.0
0,rgb_all,23,2,False,0.4807692307692308,0.5208333333333334,48.0,25.0
0,rgb_all,24,2,False,0.5042016806722689,0.625,48.0,30.0
0,rgb_all,25,2,False,0.16666666666666666,0.16666666666666666,48.0,8.0
0,rgb_all,26,2,False,0.574468085106383,0.5625,48.0,27.0
0,rgb_all,27,2,False,0.28,0.2916666666666667,48.0,14.0
0,rgb_all,28,2,False,0.946236559139785,0.9166666666666666,48.0,44.0
0,rgb_all,29,2,False,0.5818181818181818,0.6666666666666666,48.0,32.0
0,rgb_all,30,2,False,0.21768707482993196,0.3333333333333333,48.0,16.0
0,rgb_all,31,2,False,0.8571428571428571,0.875,48.0,42.0
0,rgb_all,32,2,False,0.8,0.875,48.0,42.0
0,rgb_all,33,2,False,0.3089430894308943,0.3958333333333333,48.0,19.0
0,rgb_all,34,3,False,0.3225806451612903,0.3125,48.0,15.0
0,rgb_all,35,3,False,0.6428571428571429,0.75,48.0,36.0
0,rgb_all,36,3,False,0.6728971962616822,0.75,48.0,36.0
0,rgb_all,37,3,False,0.32941176470588235,0.2916666666666667,48.0,14.0
0,rgb_all,38,3,True,0.0,0.0,48.0,0.0
0,rgb_all,39,3,False,0.3614457831325301,0.3125,48.0,15.0
0,rgb_all,40,3,False,0.41379310344827586,0.375,48.0,18.0
0,rgb_all,41,3,False,0.14285714285714285,0.14583333333333334,48.0,7.0
0,rgb_all,42,3,False,0.24528301886792453,0.2708333333333333,48.0,13.0
0,rgb_all,43,4,False,0.2962962962962963,0.25,48.0,12.0
0,rgb_all,44,4,False,0.3392857142857143,0.3958333333333333,48.0,19.0
0,rgb_all,45,8,True,0.0,0.0,48.0,0.0
0,rgb_all,46,4,False,0.20224719101123595,0.1875,48.0,9.0
0,rgb_all,47,4,False,0.7428571428571429,0.8125,48.0,39.0
0,rgb_all,48,4,False,0.8518518518518519,0.9583333333333334,48.0,46.0
0,rgb_all,49,4,False,0.0970873786407767,0.10416666666666667,48.0,5.0
0,rgb_all,50,4,False,0.4090909090909091,0.375,48.0,18.0
0,rgb_all,51,4,False,0.17307692307692307,0.1875,48.0,9.0
0,rgb_all,52,4,False,0.08108108108108109,0.0625,48.0,3.0
0,rgb_all,53,4,False,0.3684210526315789,0.45652173913043476,46.0,21.0
0,rgb_all,54,4,False,0.2857142857142857,0.22916666666666666,48.0,11.0
0,rgb_all,55,4,False,0.5060240963855421,0.4375,48.0,21.0
0,rgb_all,56,4,False,0.45544554455445546,0.4791666666666667,48.0,23.0
0,rgb_all,57,5,False,0.3925233644859813,0.45652173913043476,46.0,21.0
0,rgb_all,58,5,False,0.2222222222222222,0.1875,48.0,9.0
0,rgb_all,59,5,True,0.0,0.0,48.0,0.0
0,rgb_all,60,5,True,0.0,0.0,48.0,0.0
0,rgb_all,61,8,True,0.0,0.0,48.0,0.0
0,rgb_all,62,5,False,0.37209302325581395,0.5,48.0,24.0
0,rgb_all,63,8,True,0.0,0.0,48.0,0.0
0,rgb_all,64,8,True,0.0,0.0,48.0,0.0
0,rgb_all,65,5,True,0.12307692307692308,0.08333333333333333,48.0,4.0
0,rgb_all,66,5,True,0.0,0.0,48.0,0.0
0,rgb_all,67,5,False,0.7045454545454546,0.6458333333333334,48.0,31.0
0,rgb_all,68,5,False,0.7572815533980582,0.8125,48.0,39.0
0,rgb_all,69,5,False,0.1978021978021978,0.1875,48.0,9.0
0,rgb_all,70,8,True,0.0,0.0,48.0,0.0
0,rgb_all,71,5,True,0.0,0.0,48.0,0.0
0,rgb_all,72,6,False,0.24347826086956523,0.2916666666666667,48.0,14.0
0,rgb_all,73,6,False,0.2391304347826087,0.22916666666666666,48.0,11.0
0,rgb_all,74,6,False,0.5862068965517241,0.7083333333333334,48.0,34.0
0,rgb_all,75,6,False,0.12048192771084337,0.10416666666666667,48.0,5.0
0,rgb_all,76,6,False,0.36036036036036034,0.4166666666666667,48.0,20.0
0,rgb_all,77,7,False,0.4489795918367347,0.4583333333333333,48.0,22.0
0,rgb_all,78,8,True,0.10526315789473684,0.08333333333333333,48.0,4.0
0,rgb_all,79,8,True,0.11428571428571428,0.08333333333333333,48.0,4.0
0,rgb_all,80,7,False,0.2,0.20833333333333334,48.0,10.0
0,rgb_all,81,7,False,0.30927835051546393,0.3125,48.0,15.0
0,rgb_all,82,8,False,0.4375,0.4375,48.0,21.0
0,rgb_all,83,8,False,0.3142857142857143,0.22916666666666666,48.0,11.0
0,rgb_all,84,8,False,0.2857142857142857,0.3541666666666667,48.0,17.0
0,rgb_all,85,8,False,0.78,0.8125,48.0,39.0
0,rgb_all,86,8,False,0.3925233644859813,0.4375,48.0,21.0
0,rgb_all,87,8,False,0.4880952380952381,0.8541666666666666,48.0,41.0
0,rgb_all,88,8,False,0.7341772151898734,0.6041666666666666,48.0,29.0
0,rgb_all,89,8,False,0.6804123711340206,0.6875,48.0,33.0
0,hsi_q32,0,0,False,0.2549019607843137,0.2708333333333333,48.0,13.0
0,hsi_q32,1,0,False,0.7884615384615384,0.8541666666666666,48.0,41.0
0,hsi_q32,2,0,False,0.8222222222222222,0.7708333333333334,48.0,37.0
0,hsi_q32,3,0,False,0.8910891089108911,0.9375,48.0,45.0
0,hsi_q32,4,8,True,0.1276595744680851,0.125,48.0,6.0
0,hsi_q32,5,1,False,0.9565217391304348,0.9565217391304348,46.0,44.0
0,hsi_q32,6,1,False,0.5833333333333334,0.875,48.0,42.0
0,hsi_q32,7,1,True,0.0,0.0,48.0,0.0
0,hsi_q32,8,1,False,0.8602150537634409,0.8333333333333334,48.0,40.0
0,hsi_q32,9,1,False,0.74,0.7708333333333334,48.0,37.0
0,hsi_q32,10,1,False,0.36363636363636365,0.2916666666666667,48.0,14.0
0,hsi_q32,11,1,False,0.39344262295081966,0.5,48.0,24.0
0,hsi_q32,12,1,True,0.0,0.0,48.0,0.0
0,hsi_q32,13,1,False,0.7157894736842105,0.7083333333333334,48.0,34.0
0,hsi_q32,14,1,False,0.7777777777777778,0.7291666666666666,48.0,35.0
0,hsi_q32,15,1,False,0.945054945054945,0.8958333333333334,48.0,43.0
0,hsi_q32,16,1,False,0.7526881720430108,0.7291666666666666,48.0,35.0
0,hsi_q32,17,1,False,0.6226415094339622,0.6875,48.0,33.0
0,hsi_q32,18,1,False,0.4409448818897638,0.5833333333333334,48.0,28.0
0,hsi_q32,19,1,False,0.5686274509803921,0.6041666666666666,48.0,29.0
0,hsi_q32,20,2,False,0.6274509803921569,0.6666666666666666,48.0,32.0
0,hsi_q32,21,2,False,0.782608695652174,0.75,48.0,36.0
0,hsi_q32,22,8,True,0.1694915254237288,0.1111111111111111,45.0,5.0
0,hsi_q32,23,2,False,0.5544554455445545,0.5833333333333334,48.0,28.0
0,hsi_q32,24,2,False,0.7777777777777778,0.875,48.0,42.0
0,hsi_q32,25,2,False,0.7368421052631579,0.7291666666666666,48.0,35.0
0,hsi_q32,26,2,False,0.8764044943820225,0.8125,48.0,39.0
0,hsi_q32,27,2,False,0.4742268041237113,0.4791666666666667,48.0,23.0
0,hsi_q32,28,2,False,0.9896907216494846,1.0,48.0,48.0
0,hsi_q32,29,2,False,0.8723404255319149,0.8541666666666666,48.0,41.0
0,hsi_q32,30,2,False,0.4423076923076923,0.4791666666666667,48.0,23.0
0,hsi_q32,31,2,False,0.968421052631579,0.9583333333333334,48.0,46.0
0,hsi_q32,32,2,False,0.8775510204081632,0.8958333333333334,48.0,43.0
0,hsi_q32,33,2,False,0.7676767676767676,0.7916666666666666,48.0,38.0
0,hsi_q32,34,3,False,0.6829268292682927,0.5833333333333334,48.0,28.0
0,hsi_q32,35,3,False,0.9583333333333334,0.9583333333333334,48.0,46.0
0,hsi_q32,36,3,False,0.8571428571428571,0.8125,48.0,39.0
0,hsi_q32,37,3,False,0.3695652173913043,0.3541666666666667,48.0,17.0
0,hsi_q32,38,3,True,0.0,0.0,48.0,0.0
0,hsi_q32,39,3,False,0.5333333333333333,0.5,48.0,24.0
0,hsi_q32,40,3,False,0.7647058823529411,0.8125,48.0,39.0
0,hsi_q32,41,3,False,0.3448275862068966,0.3125,48.0,15.0
0,hsi_q32,42,3,False,0.3695652173913043,0.3541666666666667,48.0,17.0
0,hsi_q32,43,4,False,0.2727272727272727,0.25,48.0,12.0
0,hsi_q32,44,4,False,0.5217391304347826,0.5,48.0,24.0
0,hsi_q32,45,8,True,0.0,0.0,48.0,0.0
0,hsi_q32,46,4,False,0.43037974683544306,0.3541666666666667,48.0,17.0
0,hsi_q32,47,4,False,0.8761904761904762,0.9583333333333334,48.0,46.0
0,hsi_q32,48,4,False,0.9292929292929293,0.9583333333333334,48.0,46.0
0,hsi_q32,49,4,False,0.1956521739130435,0.1875,48.0,9.0
0,hsi_q32,50,4,False,0.9787234042553191,0.9583333333333334,48.0,46.0
0,hsi_q32,51,4,False,0.21568627450980393,0.22916666666666666,48.0,11.0
0,hsi_q32,52,4,False,0.057692307692307696,0.0625,48.0,3.0
0,hsi_q32,53,4,False,0.822429906542056,0.9565217391304348,46.0,44.0
0,hsi_q32,54,4,False,0.7476635514018691,0.8333333333333334,48.0,40.0
0,hsi_q32,55,4,False,0.7191011235955056,0.6666666666666666,48.0,32.0
0,hsi_q32,56,4,False,0.6055045871559633,0.6875,48.0,33.0
0,hsi_q32,57,5,False,0.6296296296296297,0.7391304347826086,46.0,34.0
0,hsi_q32,58,5,False,0.7708333333333334,0.7708333333333334,48.0,37.0
0,hsi_q32,59,5,True,0.0,0.0,48.0,0.0
0,hsi_q32,60,5,True,0.1282051282051282,0.10416666666666667,48.0,5.0
0,hsi_q32,61,8,True,0.2153846153846154,0.14583333333333334,48.0,7.0
0,hsi_q32,62,5,False,0.5666666666666667,0.7083333333333334,48.0,34.0
0,hsi_q32,63,8,True,0.0,0.0,48.0,0.0
0,hsi_q32,64,8,True,0.06349206349206349,0.041666666666666664,48.0,2.0
0,hsi_q32,65,5,True,0.02666666666666667,0.020833333333333332,48.0,1.0
0,hsi_q32,66,5,True,0.020202020202020204,0.020833333333333332,48.0,1.0
0,hsi_q32,67,5,False,0.9795918367346939,1.0,48.0,48.0
0,hsi_q32,68,5,False,0.9347826086956522,0.8958333333333334,48.0,43.0
0,hsi_q32,69,5,False,0.03333333333333333,0.020833333333333332,48.0,1.0
0,hsi_q32,70,8,True,0.0,0.0,48.0,0.0
0,hsi_q32,71,5,True,0.0,0.0,48.0,0.0
0,hsi_q32,72,6,False,0.6611570247933884,0.8333333333333334,48.0,40.0
0,hsi_q32,73,6,False,0.34285714285714286,0.375,48.0,18.0
0,hsi_q32,74,6,False,0.9696969696969697,1.0,48.0,48.0
0,hsi_q32,75,6,False,0.5217391304347826,0.375,48.0,18.0
0,hsi_q32,76,6,False,0.7476635514018691,0.8333333333333334,48.0,40.0
0,hsi_q32,77,7,False,0.7551020408163265,0.7708333333333334,48.0,37.0
0,hsi_q32,78,8,True,0.7378640776699029,0.7916666666666666,48.0,38.0
0,hsi_q32,79,8,True,0.0,0.0,48.0,0.0
0,hsi_q32,80,7,False,0.44660194174757284,0.4791666666666667,48.0,23.0
0,hsi_q32,81,7,False,0.38596491228070173,0.6875,48.0,33.0
0,hsi_q32,82,8,False,0.5952380952380952,0.5208333333333334,48.0,25.0
0,hsi_q32,83,8,False,0.5918367346938775,0.6041666666666666,48.0,29.0
0,hsi_q32,84,8,False,0.45161290322580644,0.5833333333333334,48.0,28.0
0,hsi_q32,85,8,False,0.8846153846153846,0.9583333333333334,48.0,46.0
0,hsi_q32,86,8,False,0.43956043956043955,0.4166666666666667,48.0,20.0
0,hsi_q32,87,8,False,0.4472049689440994,0.75,48.0,36.0
0,hsi_q32,88,8,False,0.5316455696202531,0.4375,48.0,21.0
0,hsi_q32,89,8,False,0.704,0.9166666666666666,48.0,44.0
0,hsi_q64,0,0,False,0.2692307692307692,0.2916666666666667,48.0,14.0
0,hsi_q64,1,0,False,0.7889908256880734,0.8958333333333334,48.0,43.0
0,hsi_q64,2,0,False,0.8131868131868132,0.7708333333333334,48.0,37.0
0,hsi_q64,3,0,False,0.8888888888888888,0.9166666666666666,48.0,44.0
0,hsi_q64,4,8,True,0.12903225806451613,0.125,48.0,6.0
0,hsi_q64,5,1,False,0.945054945054945,0.9347826086956522,46.0,43.0
0,hsi_q64,6,1,False,0.6099290780141844,0.8958333333333334,48.0,43.0
0,hsi_q64,7,1,True,0.0,0.0,48.0,0.0
0,hsi_q64,8,1,False,0.8936170212765957,0.875,48.0,42.0
0,hsi_q64,9,1,False,0.7789473684210526,0.7708333333333334,48.0,37.0
0,hsi_q64,10,1,False,0.4155844155844156,0.3333333333333333,48.0,16.0
0,hsi_q64,11,1,False,0.448,0.5833333333333334,48.0,28.0
0,hsi_q64,12,1,True,0.0,0.0,48.0,0.0
0,hsi_q64,13,1,False,0.7526881720430108,0.7291666666666666,48.0,35.0
0,hsi_q64,14,1,False,0.7640449438202247,0.7083333333333334,48.0,34.0
0,hsi_q64,15,1,False,0.9565217391304348,0.9166666666666666,48.0,44.0
0,hsi_q64,16,1,False,0.7741935483870968,0.75,48.0,36.0
0,hsi_q64,17,1,False,0.5964912280701754,0.7083333333333334,48.0,34.0
0,hsi_q64,18,1,False,0.5038167938931297,0.6875,48.0,33.0
0,hsi_q64,19,1,False,0.6122448979591837,0.625,48.0,30.0
0,hsi_q64,20,2,False,0.7058823529411765,0.75,48.0,36.0
0,hsi_q64,21,2,False,0.7956989247311828,0.7708333333333334,48.0,37.0
0,hsi_q64,22,8,True,0.1111111111111111,0.06666666666666667,45.0,3.0
0,hsi_q64,23,2,False,0.6470588235294118,0.6875,48.0,33.0
0,hsi_q64,24,2,False,0.8108108108108109,0.9375,48.0,45.0
0,hsi_q64,25,2,False,0.7115384615384616,0.7708333333333334,48.0,37.0
0,hsi_q64,26,2,False,0.9247311827956989,0.8958333333333334,48.0,43.0
0,hsi_q64,27,2,False,0.5360824742268041,0.5416666666666666,48.0,26.0
0,hsi_q64,28,2,False,0.9896907216494846,1.0,48.0,48.0
0,hsi_q64,29,2,False,0.9278350515463918,0.9375,48.0,45.0
0,hsi_q64,30,2,False,0.5098039215686274,0.5416666666666666,48.0,26.0
0,hsi_q64,31,2,False,0.9791666666666666,0.9791666666666666,48.0,47.0
0,hsi_q64,32,2,False,0.8865979381443299,0.8958333333333334,48.0,43.0
0,hsi_q64,33,2,False,0.6808510638297872,0.6666666666666666,48.0,32.0
0,hsi_q64,34,3,False,0.7073170731707317,0.6041666666666666,48.0,29.0
0,hsi_q64,35,3,False,0.9791666666666666,0.9791666666666666,48.0,47.0
0,hsi_q64,36,3,False,0.8571428571428571,0.8125,48.0,39.0
0,hsi_q64,37,3,False,0.4,0.375,48.0,18.0
0,hsi_q64,38,3,True,0.0,0.0,48.0,0.0
0,hsi_q64,39,3,False,0.6153846153846154,0.5833333333333334,48.0,28.0
0,hsi_q64,40,3,False,0.7884615384615384,0.8541666666666666,48.0,41.0
0,hsi_q64,41,3,False,0.36363636363636365,0.3333333333333333,48.0,16.0
0,hsi_q64,42,3,False,0.40860215053763443,0.3958333333333333,48.0,19.0
0,hsi_q64,43,4,False,0.325,0.2708333333333333,48.0,13.0
0,hsi_q64,44,4,False,0.5681818181818182,0.5208333333333334,48.0,25.0
0,hsi_q64,45,8,True,0.0,0.0,48.0,0.0
0,hsi_q64,46,4,False,0.4578313253012048,0.3958333333333333,48.0,19.0
0,hsi_q64,47,4,False,0.8846153846153846,0.9583333333333334,48.0,46.0
0,hsi_q64,48,4,False,0.9166666666666666,0.9166666666666666,48.0,44.0
0,hsi_q64,49,4,False,0.21739130434782608,0.20833333333333334,48.0,10.0
0,hsi_q64,50,4,False,0.9787234042553191,0.9583333333333334,48.0,46.0
0,hsi_q64,51,4,False,0.23214285714285715,0.2708333333333333,48.0,13.0
0,hsi_q64,52,4,False,0.06315789473684211,0.0625,48.0,3.0
0,hsi_q64,53,4,False,0.8431372549019608,0.9347826086956522,46.0,43.0
0,hsi_q64,54,4,False,0.7843137254901961,0.8333333333333334,48.0,40.0
0,hsi_q64,55,4,False,0.7045454545454546,0.6458333333333334,48.0,31.0
0,hsi_q64,56,4,False,0.6964285714285714,0.8125,48.0,39.0
0,hsi_q64,57,5,False,0.6285714285714286,0.717391304347826,46.0,33.0
0,hsi_q64,58,5,False,0.8085106382978723,0.7916666666666666,48.0,38.0
0,hsi_q64,59,5,True,0.0,0.0,48.0,0.0
0,hsi_q64,60,5,True,0.10256410256410256,0.08333333333333333,48.0,4.0
0,hsi_q64,61,8,True,0.15151515151515152,0.10416666666666667,48.0,5.0
0,hsi_q64,62,5,False,0.5573770491803278,0.7083333333333334,48.0,34.0
0,hsi_q64,63,8,True,0.0,0.0,48.0,0.0
0,hsi_q64,64,8,True,0.0967741935483871,0.0625,48.0,3.0
0,hsi_q64,65,5,True,0.0273972602739726,0.020833333333333332,48.0,1.0
0,hsi_q64,66,5,True,0.0,0.0,48.0,0.0
0,hsi_q64,67,5,False,0.9795918367346939,1.0,48.0,48.0
0,hsi_q64,68,5,False,0.968421052631579,0.9583333333333334,48.0,46.0
0,hsi_q64,69,5,False,0.06153846153846154,0.041666666666666664,48.0,2.0
0,hsi_q64,70,8,True,0.0,0.0,48.0,0.0
0,hsi_q64,71,5,True,0.0,0.0,48.0,0.0
0,hsi_q64,72,6,False,0.6833333333333333,0.8541666666666666,48.0,41.0
0,hsi_q64,73,6,False,0.32432432432432434,0.375,48.0,18.0
0,hsi_q64,74,6,False,0.9896907216494846,1.0,48.0,48.0
0,hsi_q64,75,6,False,0.5,0.3333333333333333,48.0,16.0
0,hsi_q64,76,6,False,0.8,0.875,48.0,42.0
0,hsi_q64,77,7,False,0.7789473684210526,0.7708333333333334,48.0,37.0
0,hsi_q64,78,8,True,0.8155339805825242,0.875,48.0,42.0
0,hsi_q64,79,8,True,0.0,0.0,48.0,0.0
0,hsi_q64,80,7,False,0.4672897196261682,0.5208333333333334,48.0,25.0
0,hsi_q64,81,7,False,0.4090909090909091,0.75,48.0,36.0
0,hsi_q64,82,8,False,0.6506024096385542,0.5625,48.0,27.0
0,hsi_q64,83,8,False,0.6105263157894737,0.6041666666666666,48.0,29.0
0,hsi_q64,84,8,False,0.47619047619047616,0.625,48.0,30.0
0,hsi_q64,85,8,False,0.8867924528301887,0.9791666666666666,48.0,47.0
0,hsi_q64,86,8,False,0.5116279069767442,0.4583333333333333,48.0,22.0
0,hsi_q64,87,8,False,0.4567901234567901,0.7708333333333334,48.0,37.0
0,hsi_q64,88,8,False,0.5714285714285714,0.4583333333333333,48.0,22.0
0,hsi_q64,89,8,False,0.7154471544715447,0.9166666666666666,48.0,44.0
0,hsi_q195,0,0,False,0.3047619047619048,0.3333333333333333,48.0,16.0
0,hsi_q195,1,0,False,0.8,0.9166666666666666,48.0,44.0
0,hsi_q195,2,0,False,0.8444444444444444,0.7916666666666666,48.0,38.0
0,hsi_q195,3,0,False,0.9072164948453608,0.9166666666666666,48.0,44.0
0,hsi_q195,4,8,True,0.08695652173913043,0.08333333333333333,48.0,4.0
0,hsi_q195,5,1,False,0.9777777777777777,0.9565217391304348,46.0,44.0
0,hsi_q195,6,1,False,0.6470588235294118,0.9166666666666666,48.0,44.0
0,hsi_q195,7,1,True,0.0,0.0,48.0,0.0
0,hsi_q195,8,1,False,0.9166666666666666,0.9166666666666666,48.0,44.0
0,hsi_q195,9,1,False,0.8043478260869565,0.7708333333333334,48.0,37.0
0,hsi_q195,10,1,False,0.5384615384615384,0.4375,48.0,21.0
0,hsi_q195,11,1,False,0.515625,0.6875,48.0,33.0
0,hsi_q195,12,1,True,0.0,0.0,48.0,0.0
0,hsi_q195,13,1,False,0.7368421052631579,0.7291666666666666,48.0,35.0
0,hsi_q195,14,1,False,0.8043478260869565,0.7708333333333334,48.0,37.0
0,hsi_q195,15,1,False,0.9894736842105263,0.9791666666666666,48.0,47.0
0,hsi_q195,16,1,False,0.7674418604651163,0.6875,48.0,33.0
0,hsi_q195,17,1,False,0.625,0.7291666666666666,48.0,35.0
0,hsi_q195,18,1,False,0.5401459854014599,0.7708333333333334,48.0,37.0
0,hsi_q195,19,1,False,0.6732673267326733,0.7083333333333334,48.0,34.0
0,hsi_q195,20,2,False,0.78,0.8125,48.0,39.0
0,hsi_q195,21,2,False,0.8333333333333334,0.8333333333333334,48.0,40.0
0,hsi_q195,22,8,True,0.11320754716981132,0.06666666666666667,45.0,3.0
0,hsi_q195,23,2,False,0.6666666666666666,0.6666666666666666,48.0,32.0
0,hsi_q195,24,2,False,0.8,0.875,48.0,42.0
0,hsi_q195,25,2,False,0.8,0.875,48.0,42.0
0,hsi_q195,26,2,False,0.8631578947368421,0.8541666666666666,48.0,41.0
0,hsi_q195,27,2,False,0.6060606060606061,0.625,48.0,30.0
0,hsi_q195,28,2,False,0.9896907216494846,1.0,48.0,48.0
0,hsi_q195,29,2,False,0.8958333333333334,0.8958333333333334,48.0,43.0
0,hsi_q195,30,2,False,0.5504587155963303,0.625,48.0,30.0
0,hsi_q195,31,2,False,0.9574468085106383,0.9375,48.0,45.0
0,hsi_q195,32,2,False,0.8958333333333334,0.8958333333333334,48.0,43.0
0,hsi_q195,33,2,False,0.7010309278350515,0.7083333333333334,48.0,34.0
0,hsi_q195,34,3,False,0.75,0.625,48.0,30.0
0,hsi_q195,35,3,False,0.9795918367346939,1.0,48.0,48.0
0,hsi_q195,36,3,False,0.9032258064516129,0.875,48.0,42.0
0,hsi_q195,37,3,False,0.42201834862385323,0.4791666666666667,48.0,23.0
0,hsi_q195,38,3,True,0.0,0.0,48.0,0.0
0,hsi_q195,39,3,False,0.723404255319149,0.7083333333333334,48.0,34.0
0,hsi_q195,40,3,False,0.7961165048543689,0.8541666666666666,48.0,41.0
0,hsi_q195,41,3,False,0.3023255813953488,0.2708333333333333,48.0,13.0
0,hsi_q195,42,3,False,0.45098039215686275,0.4791666666666667,48.0,23.0
0,hsi_q195,43,4,False,0.3333333333333333,0.2708333333333333,48.0,13.0
0,hsi_q195,44,4,False,0.6021505376344086,0.5833333333333334,48.0,28.0
0,hsi_q195,45,8,True,0.0,0.0,48.0,0.0
0,hsi_q195,46,4,False,0.4691358024691358,0.3958333333333333,48.0,19.0
0,hsi_q195,47,4,False,0.8910891089108911,0.9375,48.0,45.0
0,hsi_q195,48,4,False,0.9,0.9375,48.0,45.0
0,hsi_q195,49,4,False,0.11764705882352941,0.10416666666666667,48.0,5.0
0,hsi_q195,50,4,False,0.9333333333333333,0.875,48.0,42.0
0,hsi_q195,51,4,False,0.22,0.22916666666666666,48.0,11.0
0,hsi_q195,52,4,False,0.041666666666666664,0.041666666666666664,48.0,2.0
0,hsi_q195,53,4,False,0.8712871287128713,0.9565217391304348,46.0,44.0
0,hsi_q195,54,4,False,0.7647058823529411,0.8125,48.0,39.0
0,hsi_q195,55,4,False,0.6744186046511628,0.6041666666666666,48.0,29.0
0,hsi_q195,56,4,False,0.7090909090909091,0.8125,48.0,39.0
0,hsi_q195,57,5,False,0.6095238095238096,0.6956521739130435,46.0,32.0
0,hsi_q195,58,5,False,0.8125,0.8125,48.0,39.0
0,hsi_q195,59,5,True,0.0,0.0,48.0,0.0
0,hsi_q195,60,5,True,0.0,0.0,48.0,0.0
0,hsi_q195,61,8,True,0.0,0.0,48.0,0.0
0,hsi_q195,62,5,False,0.5546218487394958,0.6875,48.0,33.0
0,hsi_q195,63,8,True,0.0,0.0,48.0,0.0
0,hsi_q195,64,8,True,0.0,0.0,48.0,0.0
0,hsi_q195,65,5,True,0.02631578947368421,0.020833333333333332,48.0,1.0
0,hsi_q195,66,5,True,0.0,0.0,48.0,0.0
0,hsi_q195,67,5,False,0.9896907216494846,1.0,48.0,48.0
0,hsi_q195,68,5,False,0.9894736842105263,0.9791666666666666,48.0,47.0
0,hsi_q195,69,5,False,0.0,0.0,48.0,0.0
0,hsi_q195,70,8,True,0.0,0.0,48.0,0.0
0,hsi_q195,71,5,True,0.0,0.0,48.0,0.0
0,hsi_q195,72,6,False,0.7304347826086957,0.875,48.0,42.0
0,hsi_q195,73,6,False,0.4126984126984127,0.5416666666666666,48.0,26.0
0,hsi_q195,74,6,False,0.9894736842105263,0.9791666666666666,48.0,47.0
0,hsi_q195,75,6,False,0.4,0.25,48.0,12.0
0,hsi_q195,76,6,False,0.8301886792452831,0.9166666666666666,48.0,44.0
0,hsi_q195,77,7,False,0.7956989247311828,0.7708333333333334,48.0,37.0
0,hsi_q195,78,8,True,0.8979591836734694,0.9166666666666666,48.0,44.0
0,hsi_q195,79,8,True,0.0,0.0,48.0,0.0
0,hsi_q195,80,7,False,0.54,0.5625,48.0,27.0
0,hsi_q195,81,7,False,0.47191011235955055,0.875,48.0,42.0
0,hsi_q195,82,8,False,0.7058823529411765,0.625,48.0,30.0
0,hsi_q195,83,8,False,0.6741573033707865,0.625,48.0,30.0
0,hsi_q195,84,8,False,0.5454545454545454,0.75,48.0,36.0
0,hsi_q195,85,8,False,0.9038461538461539,0.9791666666666666,48.0,47.0
0,hsi_q195,86,8,False,0.4578313253012048,0.3958333333333333,48.0,19.0
0,hsi_q195,87,8,False,0.475,0.7916666666666666,48.0,38.0
0,hsi_q195,88,8,False,0.575,0.4791666666666667,48.0,23.0
0,hsi_q195,89,8,False,0.703125,0.9375,48.0,45.0
0,hsi_q215,0,0,False,0.5652173913043478,0.5416666666666666,48.0,26.0
0,hsi_q215,1,0,False,0.9215686274509803,0.9791666666666666,48.0,47.0
0,hsi_q215,2,0,False,0.9010989010989011,0.8541666666666666,48.0,41.0
0,hsi_q215,3,0,False,0.9090909090909091,0.9375,48.0,45.0
0,hsi_q215,4,8,True,0.0,0.0,48.0,0.0
0,hsi_q215,5,1,False,0.9777777777777777,0.9565217391304348,46.0,44.0
0,hsi_q215,6,1,False,0.72,0.9375,48.0,45.0
0,hsi_q215,7,1,True,0.0,0.0,48.0,0.0
0,hsi_q215,8,1,False,0.9263157894736842,0.9166666666666666,48.0,44.0
0,hsi_q215,9,1,False,0.9090909090909091,0.9375,48.0,45.0
0,hsi_q215,10,1,False,0.7469879518072289,0.6458333333333334,48.0,31.0
0,hsi_q215,11,1,False,0.5785123966942148,0.7291666666666666,48.0,35.0
0,hsi_q215,12,1,True,0.0,0.0,48.0,0.0
0,hsi_q215,13,1,False,0.8282828282828283,0.8541666666666666,48.0,41.0
0,hsi_q215,14,1,False,0.875,0.875,48.0,42.0
0,hsi_q215,15,1,False,0.9896907216494846,1.0,48.0,48.0
0,hsi_q215,16,1,False,0.845360824742268,0.8541666666666666,48.0,41.0
0,hsi_q215,17,1,False,0.7567567567567568,0.875,48.0,42.0
0,hsi_q215,18,1,False,0.2222222222222222,0.25,48.0,12.0
0,hsi_q215,19,1,False,0.8602150537634409,0.8333333333333334,48.0,40.0
0,hsi_q215,20,2,False,0.7521367521367521,0.9166666666666666,48.0,44.0
0,hsi_q215,21,2,False,0.8118811881188119,0.8541666666666666,48.0,41.0
0,hsi_q215,22,8,True,0.0,0.0,45.0,0.0
0,hsi_q215,23,2,False,0.7207207207207207,0.8333333333333334,48.0,40.0
0,hsi_q215,24,2,False,0.86,0.8958333333333334,48.0,43.0
0,hsi_q215,25,2,False,0.8103448275862069,0.9791666666666666,48.0,47.0
0,hsi_q215,26,2,False,0.028985507246376812,0.020833333333333332,48.0,1.0
0,hsi_q215,27,2,False,0.7387387387387387,0.8541666666666666,48.0,41.0
0,hsi_q215,28,2,False,1.0,1.0,48.0,48.0
0,hsi_q215,29,2,False,0.9574468085106383,0.9375,48.0,45.0
0,hsi_q215,30,2,False,0.5416666666666666,0.8125,48.0,39.0
0,hsi_q215,31,2,False,0.9896907216494846,1.0,48.0,48.0
0,hsi_q215,32,2,False,0.9166666666666666,0.9166666666666666,48.0,44.0
0,hsi_q215,33,2,False,0.7,0.7291666666666666,48.0,35.0
0,hsi_q215,34,3,False,0.7906976744186046,0.7083333333333334,48.0,34.0
0,hsi_q215,35,3,False,0.9347826086956522,0.8958333333333334,48.0,43.0
0,hsi_q215,36,3,False,0.9375,0.9375,48.0,45.0
0,hsi_q215,37,3,False,0.5436893203883495,0.5833333333333334,48.0,28.0
0,hsi_q215,38,3,True,0.0,0.0,48.0,0.0
0,hsi_q215,39,3,False,0.7252747252747253,0.6875,48.0,33.0
0,hsi_q215,40,3,False,0.7321428571428571,0.8541666666666666,48.0,41.0
0,hsi_q215,41,3,False,0.34210526315789475,0.2708333333333333,48.0,13.0
0,hsi_q215,42,3,False,0.5714285714285714,0.5833333333333334,48.0,28.0
0,hsi_q215,43,4,False,0.4634146341463415,0.3958333333333333,48.0,19.0
0,hsi_q215,44,4,False,0.55,0.4583333333333333,48.0,22.0
0,hsi_q215,45,8,True,0.0,0.0,48.0,0.0
0,hsi_q215,46,4,False,0.5777777777777777,0.5416666666666666,48.0,26.0
0,hsi_q215,47,4,False,0.8737864077669902,0.9375,48.0,45.0
0,hsi_q215,48,4,False,0.9494949494949495,0.9791666666666666,48.0,47.0
0,hsi_q215,49,4,False,0.1927710843373494,0.16666666666666666,48.0,8.0
0,hsi_q215,50,4,False,0.0,0.0,48.0,0.0
0,hsi_q215,51,4,False,0.21052631578947367,0.20833333333333334,48.0,10.0
0,hsi_q215,52,4,False,0.20408163265306123,0.20833333333333334,48.0,10.0
0,hsi_q215,53,4,False,0.29473684210526313,0.30434782608695654,46.0,14.0
0,hsi_q215,54,4,False,0.7706422018348624,0.875,48.0,42.0
0,hsi_q215,55,4,False,0.6744186046511628,0.6041666666666666,48.0,29.0
0,hsi_q215,56,4,False,0.7415730337078652,0.6875,48.0,33.0
0,hsi_q215,57,5,False,0.7959183673469388,0.8478260869565217,46.0,39.0
0,hsi_q215,58,5,False,0.8514851485148515,0.8958333333333334,48.0,43.0
0,hsi_q215,59,5,True,0.0,0.0,48.0,0.0
0,hsi_q215,60,5,True,0.0,0.0,48.0,0.0
0,hsi_q215,61,8,True,0.0,0.0,48.0,0.0
0,hsi_q215,62,5,False,0.5882352941176471,0.7291666666666666,48.0,35.0
0,hsi_q215,63,8,True,0.0,0.0,48.0,0.0
0,hsi_q215,64,8,True,0.0,0.0,48.0,0.0
0,hsi_q215,65,5,True,0.0,0.0,48.0,0.0
0,hsi_q215,66,5,True,0.0,0.0,48.0,0.0
0,hsi_q215,67,5,False,0.9787234042553191,0.9583333333333334,48.0,46.0
0,hsi_q215,68,5,False,0.9791666666666666,0.9791666666666666,48.0,47.0
0,hsi_q215,69,5,False,0.0,0.0,48.0,0.0
0,hsi_q215,70,8,True,0.0,0.0,48.0,0.0
0,hsi_q215,71,5,True,0.0,0.0,48.0,0.0
0,hsi_q215,72,6,False,0.7131782945736435,0.9583333333333334,48.0,46.0
0,hsi_q215,73,6,False,0.4755244755244755,0.7083333333333334,48.0,34.0
0,hsi_q215,74,6,False,0.9894736842105263,0.9791666666666666,48.0,47.0
0,hsi_q215,75,6,False,0.0,0.0,48.0,0.0
0,hsi_q215,76,6,False,0.7719298245614035,0.9166666666666666,48.0,44.0
0,hsi_q215,77,7,False,0.6753246753246753,0.5416666666666666,48.0,26.0
0,hsi_q215,78,8,True,0.7833333333333333,0.9791666666666666,48.0,47.0
0,hsi_q215,79,8,True,0.0,0.0,48.0,0.0
0,hsi_q215,80,7,False,0.717391304347826,0.6875,48.0,33.0
0,hsi_q215,81,7,False,0.6153846153846154,0.9166666666666666,48.0,44.0
0,hsi_q215,82,8,False,0.6823529411764706,0.6041666666666666,48.0,29.0
0,hsi_q215,83,8,False,0.6222222222222222,0.5833333333333334,48.0,28.0
0,hsi_q215,84,8,False,0.5255474452554745,0.75,48.0,36.0
0,hsi_q215,85,8,False,0.9215686274509803,0.9791666666666666,48.0,47.0
0,hsi_q215,86,8,False,0.367816091954023,0.3333333333333333,48.0,16.0
0,hsi_q215,87,8,False,0.5394736842105263,0.8541666666666666,48.0,41.0
0,hsi_q215,88,8,False,0.631578947368421,0.5,48.0,24.0
0,hsi_q215,89,8,False,0.6715328467153284,0.9583333333333334,48.0,46.0
0,hsi_q214_own,0,0,False,0.5652173913043478,0.5416666666666666,48.0,26.0
0,hsi_q214_own,1,0,False,0.9215686274509803,0.9791666666666666,48.0,47.0
0,hsi_q214_own,2,0,False,0.9010989010989011,0.8541666666666666,48.0,41.0
0,hsi_q214_own,3,0,False,0.9090909090909091,0.9375,48.0,45.0
0,hsi_q214_own,4,8,True,0.0,0.0,48.0,0.0
0,hsi_q214_own,5,1,False,0.9777777777777777,0.9565217391304348,46.0,44.0
0,hsi_q214_own,6,1,False,0.72,0.9375,48.0,45.0
0,hsi_q214_own,7,1,True,0.0,0.0,48.0,0.0
0,hsi_q214_own,8,1,False,0.9263157894736842,0.9166666666666666,48.0,44.0
0,hsi_q214_own,9,1,False,0.9090909090909091,0.9375,48.0,45.0
0,hsi_q214_own,10,1,False,0.7469879518072289,0.6458333333333334,48.0,31.0
0,hsi_q214_own,11,1,False,0.5785123966942148,0.7291666666666666,48.0,35.0
0,hsi_q214_own,12,1,True,0.0,0.0,48.0,0.0
0,hsi_q214_own,13,1,False,0.8282828282828283,0.8541666666666666,48.0,41.0
0,hsi_q214_own,14,1,False,0.875,0.875,48.0,42.0
0,hsi_q214_own,15,1,False,0.9896907216494846,1.0,48.0,48.0
0,hsi_q214_own,16,1,False,0.845360824742268,0.8541666666666666,48.0,41.0
0,hsi_q214_own,17,1,False,0.7567567567567568,0.875,48.0,42.0
0,hsi_q214_own,18,1,False,0.2222222222222222,0.25,48.0,12.0
0,hsi_q214_own,19,1,False,0.8602150537634409,0.8333333333333334,48.0,40.0
0,hsi_q214_own,20,2,False,0.7521367521367521,0.9166666666666666,48.0,44.0
0,hsi_q214_own,21,2,False,0.8118811881188119,0.8541666666666666,48.0,41.0
0,hsi_q214_own,22,8,True,0.0,0.0,45.0,0.0
0,hsi_q214_own,23,2,False,0.7207207207207207,0.8333333333333334,48.0,40.0
0,hsi_q214_own,24,2,False,0.86,0.8958333333333334,48.0,43.0
0,hsi_q214_own,25,2,False,0.8103448275862069,0.9791666666666666,48.0,47.0
0,hsi_q214_own,26,2,False,0.029850746268656716,0.020833333333333332,48.0,1.0
0,hsi_q214_own,27,2,False,0.7387387387387387,0.8541666666666666,48.0,41.0
0,hsi_q214_own,28,2,False,1.0,1.0,48.0,48.0
0,hsi_q214_own,29,2,False,0.9574468085106383,0.9375,48.0,45.0
0,hsi_q214_own,30,2,False,0.5454545454545454,0.8125,48.0,39.0
0,hsi_q214_own,31,2,False,0.9896907216494846,1.0,48.0,48.0
0,hsi_q214_own,32,2,False,0.9166666666666666,0.9166666666666666,48.0,44.0
0,hsi_q214_own,33,2,False,0.7,0.7291666666666666,48.0,35.0
0,hsi_q214_own,34,3,False,0.7906976744186046,0.7083333333333334,48.0,34.0
0,hsi_q214_own,35,3,False,0.9347826086956522,0.8958333333333334,48.0,43.0
0,hsi_q214_own,36,3,False,0.9375,0.9375,48.0,45.0
0,hsi_q214_own,37,3,False,0.5436893203883495,0.5833333333333334,48.0,28.0
0,hsi_q214_own,38,3,True,0.0,0.0,48.0,0.0
0,hsi_q214_own,39,3,False,0.7111111111111111,0.6666666666666666,48.0,32.0
0,hsi_q214_own,40,3,False,0.7256637168141593,0.8541666666666666,48.0,41.0
0,hsi_q214_own,41,3,False,0.34210526315789475,0.2708333333333333,48.0,13.0
0,hsi_q214_own,42,3,False,0.5714285714285714,0.5833333333333334,48.0,28.0
0,hsi_q214_own,43,4,False,0.4634146341463415,0.3958333333333333,48.0,19.0
0,hsi_q214_own,44,4,False,0.55,0.4583333333333333,48.0,22.0
0,hsi_q214_own,45,8,True,0.0,0.0,48.0,0.0
0,hsi_q214_own,46,4,False,0.5842696629213483,0.5416666666666666,48.0,26.0
0,hsi_q214_own,47,4,False,0.8823529411764706,0.9375,48.0,45.0
0,hsi_q214_own,48,4,False,0.9494949494949495,0.9791666666666666,48.0,47.0
0,hsi_q214_own,49,4,False,0.1927710843373494,0.16666666666666666,48.0,8.0
0,hsi_q214_own,50,4,False,0.0,0.0,48.0,0.0
0,hsi_q214_own,51,4,False,0.2268041237113402,0.22916666666666666,48.0,11.0
0,hsi_q214_own,52,4,False,0.20408163265306123,0.20833333333333334,48.0,10.0
0,hsi_q214_own,53,4,False,0.29473684210526313,0.30434782608695654,46.0,14.0
0,hsi_q214_own,54,4,False,0.7706422018348624,0.875,48.0,42.0
0,hsi_q214_own,55,4,False,0.6896551724137931,0.625,48.0,30.0
0,hsi_q214_own,56,4,False,0.7415730337078652,0.6875,48.0,33.0
0,hsi_q214_own,57,5,False,0.7835051546391752,0.8260869565217391,46.0,38.0
0,hsi_q214_own,58,5,False,0.86,0.8958333333333334,48.0,43.0
0,hsi_q214_own,59,5,True,0.0,0.0,48.0,0.0
0,hsi_q214_own,60,5,True,0.0,0.0,48.0,0.0
0,hsi_q214_own,61,8,True,0.0,0.0,48.0,0.0
0,hsi_q214_own,62,5,False,0.5882352941176471,0.7291666666666666,48.0,35.0
0,hsi_q214_own,63,8,True,0.0,0.0,48.0,0.0
0,hsi_q214_own,64,8,True,0.0,0.0,48.0,0.0
0,hsi_q214_own,65,5,True,0.0,0.0,48.0,0.0
0,hsi_q214_own,66,5,True,0.0,0.0,48.0,0.0
0,hsi_q214_own,67,5,False,0.9787234042553191,0.9583333333333334,48.0,46.0
0,hsi_q214_own,68,5,False,0.9791666666666666,0.9791666666666666,48.0,47.0
0,hsi_q214_own,69,5,False,0.0,0.0,48.0,0.0
0,hsi_q214_own,70,8,True,0.0,0.0,48.0,0.0
0,hsi_q214_own,71,5,True,0.0,0.0,48.0,0.0
0,hsi_q214_own,72,6,False,0.7131782945736435,0.9583333333333334,48.0,46.0
0,hsi_q214_own,73,6,False,0.4755244755244755,0.7083333333333334,48.0,34.0
0,hsi_q214_own,74,6,False,0.9894736842105263,0.9791666666666666,48.0,47.0
0,hsi_q214_own,75,6,False,0.0,0.0,48.0,0.0
0,hsi_q214_own,76,6,False,0.7719298245614035,0.9166666666666666,48.0,44.0
0,hsi_q214_own,77,7,False,0.6753246753246753,0.5416666666666666,48.0,26.0
0,hsi_q214_own,78,8,True,0.7833333333333333,0.9791666666666666,48.0,47.0
0,hsi_q214_own,79,8,True,0.0,0.0,48.0,0.0
0,hsi_q214_own,80,7,False,0.7032967032967034,0.6666666666666666,48.0,32.0
0,hsi_q214_own,81,7,False,0.6153846153846154,0.9166666666666666,48.0,44.0
0,hsi_q214_own,82,8,False,0.6823529411764706,0.6041666666666666,48.0,29.0
0,hsi_q214_own,83,8,False,0.6222222222222222,0.5833333333333334,48.0,28.0
0,hsi_q214_own,84,8,False,0.5147058823529411,0.7291666666666666,48.0,35.0
0,hsi_q214_own,85,8,False,0.9215686274509803,0.9791666666666666,48.0,47.0
0,hsi_q214_own,86,8,False,0.36363636363636365,0.3333333333333333,48.0,16.0
0,hsi_q214_own,87,8,False,0.5359477124183006,0.8541666666666666,48.0,41.0
0,hsi_q214_own,88,8,False,0.631578947368421,0.5,48.0,24.0
0,hsi_q214_own,89,8,False,0.6715328467153284,0.9583333333333334,48.0,46.0
0,hsi_qnested32,0,0,False,0.2549019607843137,0.2708333333333333,48.0,13.0
0,hsi_qnested32,1,0,False,0.7884615384615384,0.8541666666666666,48.0,41.0
0,hsi_qnested32,2,0,False,0.8222222222222222,0.7708333333333334,48.0,37.0
0,hsi_qnested32,3,0,False,0.8910891089108911,0.9375,48.0,45.0
0,hsi_qnested32,4,8,True,0.1276595744680851,0.125,48.0,6.0
0,hsi_qnested32,5,1,False,0.9565217391304348,0.9565217391304348,46.0,44.0
0,hsi_qnested32,6,1,False,0.5833333333333334,0.875,48.0,42.0
0,hsi_qnested32,7,1,True,0.0,0.0,48.0,0.0
0,hsi_qnested32,8,1,False,0.8602150537634409,0.8333333333333334,48.0,40.0
0,hsi_qnested32,9,1,False,0.74,0.7708333333333334,48.0,37.0
0,hsi_qnested32,10,1,False,0.36363636363636365,0.2916666666666667,48.0,14.0
0,hsi_qnested32,11,1,False,0.39344262295081966,0.5,48.0,24.0
0,hsi_qnested32,12,1,True,0.0,0.0,48.0,0.0
0,hsi_qnested32,13,1,False,0.7157894736842105,0.7083333333333334,48.0,34.0
0,hsi_qnested32,14,1,False,0.7777777777777778,0.7291666666666666,48.0,35.0
0,hsi_qnested32,15,1,False,0.945054945054945,0.8958333333333334,48.0,43.0
0,hsi_qnested32,16,1,False,0.7526881720430108,0.7291666666666666,48.0,35.0
0,hsi_qnested32,17,1,False,0.6226415094339622,0.6875,48.0,33.0
0,hsi_qnested32,18,1,False,0.4409448818897638,0.5833333333333334,48.0,28.0
0,hsi_qnested32,19,1,False,0.5686274509803921,0.6041666666666666,48.0,29.0
0,hsi_qnested32,20,2,False,0.6274509803921569,0.6666666666666666,48.0,32.0
0,hsi_qnested32,21,2,False,0.782608695652174,0.75,48.0,36.0
0,hsi_qnested32,22,8,True,0.1694915254237288,0.1111111111111111,45.0,5.0
0,hsi_qnested32,23,2,False,0.5544554455445545,0.5833333333333334,48.0,28.0
0,hsi_qnested32,24,2,False,0.7777777777777778,0.875,48.0,42.0
0,hsi_qnested32,25,2,False,0.7368421052631579,0.7291666666666666,48.0,35.0
0,hsi_qnested32,26,2,False,0.8764044943820225,0.8125,48.0,39.0
0,hsi_qnested32,27,2,False,0.4742268041237113,0.4791666666666667,48.0,23.0
0,hsi_qnested32,28,2,False,0.9896907216494846,1.0,48.0,48.0
0,hsi_qnested32,29,2,False,0.8723404255319149,0.8541666666666666,48.0,41.0
0,hsi_qnested32,30,2,False,0.4423076923076923,0.4791666666666667,48.0,23.0
0,hsi_qnested32,31,2,False,0.968421052631579,0.9583333333333334,48.0,46.0
0,hsi_qnested32,32,2,False,0.8775510204081632,0.8958333333333334,48.0,43.0
0,hsi_qnested32,33,2,False,0.7676767676767676,0.7916666666666666,48.0,38.0
0,hsi_qnested32,34,3,False,0.6829268292682927,0.5833333333333334,48.0,28.0
0,hsi_qnested32,35,3,False,0.9583333333333334,0.9583333333333334,48.0,46.0
0,hsi_qnested32,36,3,False,0.8571428571428571,0.8125,48.0,39.0
0,hsi_qnested32,37,3,False,0.3695652173913043,0.3541666666666667,48.0,17.0
0,hsi_qnested32,38,3,True,0.0,0.0,48.0,0.0
0,hsi_qnested32,39,3,False,0.5333333333333333,0.5,48.0,24.0
0,hsi_qnested32,40,3,False,0.7647058823529411,0.8125,48.0,39.0
0,hsi_qnested32,41,3,False,0.3448275862068966,0.3125,48.0,15.0
0,hsi_qnested32,42,3,False,0.3695652173913043,0.3541666666666667,48.0,17.0
0,hsi_qnested32,43,4,False,0.2727272727272727,0.25,48.0,12.0
0,hsi_qnested32,44,4,False,0.5217391304347826,0.5,48.0,24.0
0,hsi_qnested32,45,8,True,0.0,0.0,48.0,0.0
0,hsi_qnested32,46,4,False,0.43037974683544306,0.3541666666666667,48.0,17.0
0,hsi_qnested32,47,4,False,0.8761904761904762,0.9583333333333334,48.0,46.0
0,hsi_qnested32,48,4,False,0.9292929292929293,0.9583333333333334,48.0,46.0
0,hsi_qnested32,49,4,False,0.1956521739130435,0.1875,48.0,9.0
0,hsi_qnested32,50,4,False,0.9787234042553191,0.9583333333333334,48.0,46.0
0,hsi_qnested32,51,4,False,0.21568627450980393,0.22916666666666666,48.0,11.0
0,hsi_qnested32,52,4,False,0.057692307692307696,0.0625,48.0,3.0
0,hsi_qnested32,53,4,False,0.822429906542056,0.9565217391304348,46.0,44.0
0,hsi_qnested32,54,4,False,0.7476635514018691,0.8333333333333334,48.0,40.0
0,hsi_qnested32,55,4,False,0.7191011235955056,0.6666666666666666,48.0,32.0
0,hsi_qnested32,56,4,False,0.6055045871559633,0.6875,48.0,33.0
0,hsi_qnested32,57,5,False,0.6296296296296297,0.7391304347826086,46.0,34.0
0,hsi_qnested32,58,5,False,0.7708333333333334,0.7708333333333334,48.0,37.0
0,hsi_qnested32,59,5,True,0.0,0.0,48.0,0.0
0,hsi_qnested32,60,5,True,0.1282051282051282,0.10416666666666667,48.0,5.0
0,hsi_qnested32,61,8,True,0.2153846153846154,0.14583333333333334,48.0,7.0
0,hsi_qnested32,62,5,False,0.5666666666666667,0.7083333333333334,48.0,34.0
0,hsi_qnested32,63,8,True,0.0,0.0,48.0,0.0
0,hsi_qnested32,64,8,True,0.06349206349206349,0.041666666666666664,48.0,2.0
0,hsi_qnested32,65,5,True,0.02666666666666667,0.020833333333333332,48.0,1.0
0,hsi_qnested32,66,5,True,0.020202020202020204,0.020833333333333332,48.0,1.0
0,hsi_qnested32,67,5,False,0.9795918367346939,1.0,48.0,48.0
0,hsi_qnested32,68,5,False,0.9347826086956522,0.8958333333333334,48.0,43.0
0,hsi_qnested32,69,5,False,0.03333333333333333,0.020833333333333332,48.0,1.0
0,hsi_qnested32,70,8,True,0.0,0.0,48.0,0.0
0,hsi_qnested32,71,5,True,0.0,0.0,48.0,0.0
0,hsi_qnested32,72,6,False,0.6611570247933884,0.8333333333333334,48.0,40.0
0,hsi_qnested32,73,6,False,0.34285714285714286,0.375,48.0,18.0
0,hsi_qnested32,74,6,False,0.9696969696969697,1.0,48.0,48.0
0,hsi_qnested32,75,6,False,0.5217391304347826,0.375,48.0,18.0
0,hsi_qnested32,76,6,False,0.7476635514018691,0.8333333333333334,48.0,40.0
0,hsi_qnested32,77,7,False,0.7551020408163265,0.7708333333333334,48.0,37.0
0,hsi_qnested32,78,8,True,0.7378640776699029,0.7916666666666666,48.0,38.0
0,hsi_qnested32,79,8,True,0.0,0.0,48.0,0.0
0,hsi_qnested32,80,7,False,0.44660194174757284,0.4791666666666667,48.0,23.0
0,hsi_qnested32,81,7,False,0.38596491228070173,0.6875,48.0,33.0
0,hsi_qnested32,82,8,False,0.5952380952380952,0.5208333333333334,48.0,25.0
0,hsi_qnested32,83,8,False,0.5918367346938775,0.6041666666666666,48.0,29.0
0,hsi_qnested32,84,8,False,0.45161290322580644,0.5833333333333334,48.0,28.0
0,hsi_qnested32,85,8,False,0.8846153846153846,0.9583333333333334,48.0,46.0
0,hsi_qnested32,86,8,False,0.43956043956043955,0.4166666666666667,48.0,20.0
0,hsi_qnested32,87,8,False,0.4472049689440994,0.75,48.0,36.0
0,hsi_qnested32,88,8,False,0.5316455696202531,0.4375,48.0,21.0
0,hsi_qnested32,89,8,False,0.704,0.9166666666666666,48.0,44.0
0,hsi_qnested64,0,0,False,0.2828282828282828,0.2916666666666667,48.0,14.0
0,hsi_qnested64,1,0,False,0.8118811881188119,0.8541666666666666,48.0,41.0
0,hsi_qnested64,2,0,False,0.8089887640449438,0.75,48.0,36.0
0,hsi_qnested64,3,0,False,0.9,0.9375,48.0,45.0
0,hsi_qnested64,4,8,True,0.13043478260869565,0.125,48.0,6.0
0,hsi_qnested64,5,1,False,0.9347826086956522,0.9347826086956522,46.0,43.0
0,hsi_qnested64,6,1,False,0.6142857142857143,0.8958333333333334,48.0,43.0
0,hsi_qnested64,7,1,True,0.0,0.0,48.0,0.0
0,hsi_qnested64,8,1,False,0.8817204301075269,0.8541666666666666,48.0,41.0
0,hsi_qnested64,9,1,False,0.7708333333333334,0.7708333333333334,48.0,37.0
0,hsi_qnested64,10,1,False,0.44155844155844154,0.3541666666666667,48.0,17.0
0,hsi_qnested64,11,1,False,0.49612403100775193,0.6666666666666666,48.0,32.0
0,hsi_qnested64,12,1,True,0.0,0.0,48.0,0.0
0,hsi_qnested64,13,1,False,0.7311827956989247,0.7083333333333334,48.0,34.0
0,hsi_qnested64,14,1,False,0.7578947368421053,0.75,48.0,36.0
0,hsi_qnested64,15,1,False,0.9787234042553191,0.9583333333333334,48.0,46.0
0,hsi_qnested64,16,1,False,0.7252747252747253,0.6875,48.0,33.0
0,hsi_qnested64,17,1,False,0.6363636363636364,0.7291666666666666,48.0,35.0
0,hsi_qnested64,18,1,False,0.5,0.6875,48.0,33.0
0,hsi_qnested64,19,1,False,0.5882352941176471,0.625,48.0,30.0
0,hsi_qnested64,20,2,False,0.7102803738317757,0.7916666666666666,48.0,38.0
0,hsi_qnested64,21,2,False,0.7956989247311828,0.7708333333333334,48.0,37.0
0,hsi_qnested64,22,8,True,0.1111111111111111,0.06666666666666667,45.0,3.0
0,hsi_qnested64,23,2,False,0.6095238095238096,0.6666666666666666,48.0,32.0
0,hsi_qnested64,24,2,False,0.8037383177570093,0.8958333333333334,48.0,43.0
0,hsi_qnested64,25,2,False,0.7378640776699029,0.7916666666666666,48.0,38.0
0,hsi_qnested64,26,2,False,0.9032258064516129,0.875,48.0,42.0
0,hsi_qnested64,27,2,False,0.5319148936170213,0.5208333333333334,48.0,25.0
0,hsi_qnested64,28,2,False,0.9896907216494846,1.0,48.0,48.0
0,hsi_qnested64,29,2,False,0.8865979381443299,0.8958333333333334,48.0,43.0
0,hsi_qnested64,30,2,False,0.48148148148148145,0.5416666666666666,48.0,26.0
0,hsi_qnested64,31,2,False,0.9791666666666666,0.9791666666666666,48.0,47.0
0,hsi_qnested64,32,2,False,0.8865979381443299,0.8958333333333334,48.0,43.0
0,hsi_qnested64,33,2,False,0.7346938775510204,0.75,48.0,36.0
0,hsi_qnested64,34,3,False,0.7073170731707317,0.6041666666666666,48.0,29.0
0,hsi_qnested64,35,3,False,0.9795918367346939,1.0,48.0,48.0
0,hsi_qnested64,36,3,False,0.8817204301075269,0.8541666666666666,48.0,41.0
0,hsi_qnested64,37,3,False,0.3829787234042553,0.375,48.0,18.0
0,hsi_qnested64,38,3,True,0.0,0.0,48.0,0.0
0,hsi_qnested64,39,3,False,0.5494505494505495,0.5208333333333334,48.0,25.0
0,hsi_qnested64,40,3,False,0.7735849056603774,0.8541666666666666,48.0,41.0
0,hsi_qnested64,41,3,False,0.32558139534883723,0.2916666666666667,48.0,14.0
0,hsi_qnested64,42,3,False,0.3958333333333333,0.3958333333333333,48.0,19.0
0,hsi_qnested64,43,4,False,0.3333333333333333,0.2916666666666667,48.0,14.0
0,hsi_qnested64,44,4,False,0.5555555555555556,0.5208333333333334,48.0,25.0
0,hsi_qnested64,45,8,True,0.0,0.0,48.0,0.0
0,hsi_qnested64,46,4,False,0.46153846153846156,0.375,48.0,18.0
0,hsi_qnested64,47,4,False,0.9090909090909091,0.9375,48.0,45.0
0,hsi_qnested64,48,4,False,0.9108910891089109,0.9583333333333334,48.0,46.0
0,hsi_qnested64,49,4,False,0.17204301075268819,0.16666666666666666,48.0,8.0
0,hsi_qnested64,50,4,False,0.967741935483871,0.9375,48.0,45.0
0,hsi_qnested64,51,4,False,0.20833333333333334,0.20833333333333334,48.0,10.0
0,hsi_qnested64,52,4,False,0.041666666666666664,0.041666666666666664,48.0,2.0
0,hsi_qnested64,53,4,False,0.8349514563106796,0.9347826086956522,46.0,43.0
0,hsi_qnested64,54,4,False,0.7843137254901961,0.8333333333333334,48.0,40.0
0,hsi_qnested64,55,4,False,0.7096774193548387,0.6875,48.0,33.0
0,hsi_qnested64,56,4,False,0.6666666666666666,0.75,48.0,36.0
0,hsi_qnested64,57,5,False,0.6226415094339622,0.717391304347826,46.0,33.0
0,hsi_qnested64,58,5,False,0.8163265306122449,0.8333333333333334,48.0,40.0
0,hsi_qnested64,59,5,True,0.0,0.0,48.0,0.0
0,hsi_qnested64,60,5,True,0.10666666666666667,0.08333333333333333,48.0,4.0
0,hsi_qnested64,61,8,True,0.14925373134328357,0.10416666666666667,48.0,5.0
0,hsi_qnested64,62,5,False,0.5528455284552846,0.7083333333333334,48.0,34.0
0,hsi_qnested64,63,8,True,0.0,0.0,48.0,0.0
0,hsi_qnested64,64,8,True,0.07017543859649122,0.041666666666666664,48.0,2.0
0,hsi_qnested64,65,5,True,0.025974025974025976,0.020833333333333332,48.0,1.0
0,hsi_qnested64,66,5,True,0.01904761904761905,0.020833333333333332,48.0,1.0
0,hsi_qnested64,67,5,False,0.9795918367346939,1.0,48.0,48.0
0,hsi_qnested64,68,5,False,0.9574468085106383,0.9375,48.0,45.0
0,hsi_qnested64,69,5,False,0.0,0.0,48.0,0.0
0,hsi_qnested64,70,8,True,0.0,0.0,48.0,0.0
0,hsi_qnested64,71,5,True,0.0,0.0,48.0,0.0
0,hsi_qnested64,72,6,False,0.7,0.875,48.0,42.0
0,hsi_qnested64,73,6,False,0.3333333333333333,0.3958333333333333,48.0,19.0
0,hsi_qnested64,74,6,False,0.9896907216494846,1.0,48.0,48.0
0,hsi_qnested64,75,6,False,0.45161290322580644,0.2916666666666667,48.0,14.0
0,hsi_qnested64,76,6,False,0.7884615384615384,0.8541666666666666,48.0,41.0
0,hsi_qnested64,77,7,False,0.7741935483870968,0.75,48.0,36.0
0,hsi_qnested64,78,8,True,0.8431372549019608,0.8958333333333334,48.0,43.0
0,hsi_qnested64,79,8,True,0.0,0.0,48.0,0.0
0,hsi_qnested64,80,7,False,0.4380952380952381,0.4791666666666667,48.0,23.0
0,hsi_qnested64,81,7,False,0.4180790960451977,0.7708333333333334,48.0,37.0
0,hsi_qnested64,82,8,False,0.6588235294117647,0.5833333333333334,48.0,28.0
0,hsi_qnested64,83,8,False,0.6021505376344086,0.5833333333333334,48.0,28.0
0,hsi_qnested64,84,8,False,0.5079365079365079,0.6666666666666666,48.0,32.0
0,hsi_qnested64,85,8,False,0.8952380952380953,0.9791666666666666,48.0,47.0
0,hsi_qnested64,86,8,False,0.46511627906976744,0.4166666666666667,48.0,20.0
0,hsi_qnested64,87,8,False,0.4662576687116564,0.7916666666666666,48.0,38.0
0,hsi_qnested64,88,8,False,0.5333333333333333,0.4166666666666667,48.0,20.0
0,hsi_qnested64,89,8,False,0.704,0.9166666666666666,48.0,44.0
0,hsi_mean32,0,0,False,0.22857142857142856,0.25,48.0,12.0
0,hsi_mean32,1,0,False,0.6666666666666666,0.6666666666666666,48.0,32.0
0,hsi_mean32,2,0,False,0.6534653465346535,0.6875,48.0,33.0
0,hsi_mean32,3,0,False,0.780952380952381,0.8541666666666666,48.0,41.0
0,hsi_mean32,4,8,True,0.19047619047619047,0.20833333333333334,48.0,10.0
0,hsi_mean32,5,1,False,0.52,0.5652173913043478,46.0,26.0
0,hsi_mean32,6,1,False,0.3333333333333333,0.2916666666666667,48.0,14.0
0,hsi_mean32,7,1,True,0.18181818181818182,0.16666666666666666,48.0,8.0
0,hsi_mean32,8,1,False,0.5652173913043478,0.5416666666666666,48.0,26.0
0,hsi_mean32,9,1,False,0.40425531914893614,0.3958333333333333,48.0,19.0
0,hsi_mean32,10,1,False,0.15730337078651685,0.14583333333333334,48.0,7.0
0,hsi_mean32,11,1,False,0.2689075630252101,0.3333333333333333,48.0,16.0
0,hsi_mean32,12,1,True,0.0,0.0,48.0,0.0
0,hsi_mean32,13,1,False,0.5333333333333333,0.5833333333333334,48.0,28.0
0,hsi_mean32,14,1,False,0.5357142857142857,0.625,48.0,30.0
0,hsi_mean32,15,1,False,0.7640449438202247,0.7083333333333334,48.0,34.0
0,hsi_mean32,16,1,False,0.64,0.6666666666666666,48.0,32.0
0,hsi_mean32,17,1,False,0.3620689655172414,0.4375,48.0,21.0
0,hsi_mean32,18,1,False,0.3148148148148148,0.3541666666666667,48.0,17.0
0,hsi_mean32,19,1,False,0.2696629213483146,0.25,48.0,12.0
0,hsi_mean32,20,2,False,0.3125,0.3125,48.0,15.0
0,hsi_mean32,21,2,False,0.5783132530120482,0.5,48.0,24.0
0,hsi_mean32,22,8,True,0.5897435897435898,0.5111111111111111,45.0,23.0
0,hsi_mean32,23,2,False,0.5252525252525253,0.5416666666666666,48.0,26.0
0,hsi_mean32,24,2,False,0.6548672566371682,0.7708333333333334,48.0,37.0
0,hsi_mean32,25,2,False,0.4186046511627907,0.375,48.0,18.0
0,hsi_mean32,26,2,False,0.9347826086956522,0.8958333333333334,48.0,43.0
0,hsi_mean32,27,2,False,0.3486238532110092,0.3958333333333333,48.0,19.0
0,hsi_mean32,28,2,False,0.968421052631579,0.9583333333333334,48.0,46.0
0,hsi_mean32,29,2,False,0.8043478260869565,0.7708333333333334,48.0,37.0
0,hsi_mean32,30,2,False,0.2909090909090909,0.3333333333333333,48.0,16.0
0,hsi_mean32,31,2,False,0.7358490566037735,0.8125,48.0,39.0
0,hsi_mean32,32,2,False,0.7428571428571429,0.8125,48.0,39.0
0,hsi_mean32,33,2,False,0.5416666666666666,0.5416666666666666,48.0,26.0
0,hsi_mean32,34,3,False,0.4044943820224719,0.375,48.0,18.0
0,hsi_mean32,35,3,False,0.8,0.75,48.0,36.0
0,hsi_mean32,36,3,False,0.7872340425531915,0.7708333333333334,48.0,37.0
0,hsi_mean32,37,3,False,0.24444444444444444,0.22916666666666666,48.0,11.0
0,hsi_mean32,38,3,True,0.0,0.0,48.0,0.0
0,hsi_mean32,39,3,False,0.33707865168539325,0.3125,48.0,15.0
0,hsi_mean32,40,3,False,0.5581395348837209,0.5,48.0,24.0
0,hsi_mean32,41,3,False,0.21568627450980393,0.22916666666666666,48.0,11.0
0,hsi_mean32,42,3,False,0.1836734693877551,0.1875,48.0,9.0
0,hsi_mean32,43,4,False,0.3963963963963964,0.4583333333333333,48.0,22.0
0,hsi_mean32,44,4,False,0.35514018691588783,0.3958333333333333,48.0,19.0
0,hsi_mean32,45,8,True,0.0425531914893617,0.041666666666666664,48.0,2.0
0,hsi_mean32,46,4,False,0.14634146341463414,0.125,48.0,6.0
0,hsi_mean32,47,4,False,0.65625,0.875,48.0,42.0
0,hsi_mean32,48,4,False,0.8431372549019608,0.8958333333333334,48.0,43.0
0,hsi_mean32,49,4,False,0.11650485436893204,0.125,48.0,6.0
0,hsi_mean32,50,4,False,0.9896907216494846,1.0,48.0,48.0
0,hsi_mean32,51,4,False,0.04597701149425287,0.041666666666666664,48.0,2.0
0,hsi_mean32,52,4,False,0.08421052631578947,0.08333333333333333,48.0,4.0
0,hsi_mean32,53,4,False,0.7346938775510204,0.782608695652174,46.0,36.0
0,hsi_mean32,54,4,False,0.45454545454545453,0.4166666666666667,48.0,20.0
0,hsi_mean32,55,4,False,0.5822784810126582,0.4791666666666667,48.0,23.0
0,hsi_mean32,56,4,False,0.5185185185185185,0.5833333333333334,48.0,28.0
0,hsi_mean32,57,5,False,0.4358974358974359,0.3695652173913043,46.0,17.0
0,hsi_mean32,58,5,False,0.5148514851485149,0.5416666666666666,48.0,26.0
0,hsi_mean32,59,5,True,0.15217391304347827,0.14583333333333334,48.0,7.0
0,hsi_mean32,60,5,True,0.3614457831325301,0.3125,48.0,15.0
0,hsi_mean32,61,8,True,0.35443037974683544,0.2916666666666667,48.0,14.0
0,hsi_mean32,62,5,False,0.3853211009174312,0.4375,48.0,21.0
0,hsi_mean32,63,8,True,0.12987012987012986,0.10416666666666667,48.0,5.0
0,hsi_mean32,64,8,True,0.5060240963855421,0.4375,48.0,21.0
0,hsi_mean32,65,5,True,0.16470588235294117,0.14583333333333334,48.0,7.0
0,hsi_mean32,66,5,True,0.0449438202247191,0.041666666666666664,48.0,2.0
0,hsi_mean32,67,5,False,0.8,0.9166666666666666,48.0,44.0
0,hsi_mean32,68,5,False,0.6976744186046512,0.625,48.0,30.0
0,hsi_mean32,69,5,False,0.14705882352941177,0.10416666666666667,48.0,5.0
0,hsi_mean32,70,8,True,0.0,0.0,48.0,0.0
0,hsi_mean32,71,5,True,0.023255813953488372,0.020833333333333332,48.0,1.0
0,hsi_mean32,72,6,False,0.5203252032520326,0.6666666666666666,48.0,32.0
0,hsi_mean32,73,6,False,0.1956521739130435,0.1875,48.0,9.0
0,hsi_mean32,74,6,False,0.6666666666666666,0.625,48.0,30.0
0,hsi_mean32,75,6,False,0.4,0.2916666666666667,48.0,14.0
0,hsi_mean32,76,6,False,0.4262295081967213,0.5416666666666666,48.0,26.0
0,hsi_mean32,77,7,False,0.44,0.4583333333333333,48.0,22.0
0,hsi_mean32,78,8,True,0.6,0.625,48.0,30.0
0,hsi_mean32,79,8,True,0.07692307692307693,0.041666666666666664,48.0,2.0
0,hsi_mean32,80,7,False,0.16666666666666666,0.14583333333333334,48.0,7.0
0,hsi_mean32,81,7,False,0.32061068702290074,0.4375,48.0,21.0
0,hsi_mean32,82,8,False,0.6346153846153846,0.6875,48.0,33.0
0,hsi_mean32,83,8,False,0.5376344086021505,0.5208333333333334,48.0,25.0
0,hsi_mean32,84,8,False,0.37168141592920356,0.4375,48.0,21.0
0,hsi_mean32,85,8,False,0.7090909090909091,0.8125,48.0,39.0
0,hsi_mean32,86,8,False,0.3711340206185567,0.375,48.0,18.0
0,hsi_mean32,87,8,False,0.5263157894736842,0.7291666666666666,48.0,35.0
0,hsi_mean32,88,8,False,0.38235294117647056,0.2708333333333333,48.0,13.0
0,hsi_mean32,89,8,False,0.49557522123893805,0.5833333333333334,48.0,28.0
0,hsi_mean214_own,0,0,False,0.3764705882352941,0.3333333333333333,48.0,16.0
0,hsi_mean214_own,1,0,False,0.7184466019417476,0.7708333333333334,48.0,37.0
0,hsi_mean214_own,2,0,False,0.7878787878787878,0.8125,48.0,39.0
0,hsi_mean214_own,3,0,False,0.819047619047619,0.8958333333333334,48.0,43.0
0,hsi_mean214_own,4,8,True,0.10989010989010989,0.10416666666666667,48.0,5.0
0,hsi_mean214_own,5,1,False,0.7755102040816326,0.8260869565217391,46.0,38.0
0,hsi_mean214_own,6,1,False,0.4222222222222222,0.3958333333333333,48.0,19.0
0,hsi_mean214_own,7,1,True,0.0,0.0,48.0,0.0
0,hsi_mean214_own,8,1,False,0.8602150537634409,0.8333333333333334,48.0,40.0
0,hsi_mean214_own,9,1,False,0.7735849056603774,0.8541666666666666,48.0,41.0
0,hsi_mean214_own,10,1,False,0.5050505050505051,0.5208333333333334,48.0,25.0
0,hsi_mean214_own,11,1,False,0.384,0.5,48.0,24.0
0,hsi_mean214_own,12,1,True,0.0,0.0,48.0,0.0
0,hsi_mean214_own,13,1,False,0.7722772277227723,0.8125,48.0,39.0
0,hsi_mean214_own,14,1,False,0.68,0.7083333333333334,48.0,34.0
0,hsi_mean214_own,15,1,False,0.9787234042553191,0.9583333333333334,48.0,46.0
0,hsi_mean214_own,16,1,False,0.8791208791208791,0.8333333333333334,48.0,40.0
0,hsi_mean214_own,17,1,False,0.5391304347826087,0.6458333333333334,48.0,31.0
0,hsi_mean214_own,18,1,False,0.06451612903225806,0.08333333333333333,48.0,4.0
0,hsi_mean214_own,19,1,False,0.7058823529411765,0.75,48.0,36.0
0,hsi_mean214_own,20,2,False,0.6938775510204082,0.7083333333333334,48.0,34.0
0,hsi_mean214_own,21,2,False,0.7526881720430108,0.7291666666666666,48.0,35.0
0,hsi_mean214_own,22,8,True,0.31746031746031744,0.2222222222222222,45.0,10.0
0,hsi_mean214_own,23,2,False,0.7326732673267327,0.7708333333333334,48.0,37.0
0,hsi_mean214_own,24,2,False,0.7850467289719626,0.875,48.0,42.0
0,hsi_mean214_own,25,2,False,0.7586206896551724,0.9166666666666666,48.0,44.0
0,hsi_mean214_own,26,2,False,0.43902439024390244,0.375,48.0,18.0
0,hsi_mean214_own,27,2,False,0.4727272727272727,0.5416666666666666,48.0,26.0
0,hsi_mean214_own,28,2,False,0.9791666666666666,0.9791666666666666,48.0,47.0
0,hsi_mean214_own,29,2,False,0.9263157894736842,0.9166666666666666,48.0,44.0
0,hsi_mean214_own,30,2,False,0.46956521739130436,0.5625,48.0,27.0
0,hsi_mean214_own,31,2,False,0.9130434782608695,0.875,48.0,42.0
0,hsi_mean214_own,32,2,False,0.8484848484848485,0.875,48.0,42.0
0,hsi_mean214_own,33,2,False,0.6593406593406593,0.625,48.0,30.0
0,hsi_mean214_own,34,3,False,0.6458333333333334,0.6458333333333334,48.0,31.0
0,hsi_mean214_own,35,3,False,0.9263157894736842,0.9166666666666666,48.0,44.0
0,hsi_mean214_own,36,3,False,0.8131868131868132,0.7708333333333334,48.0,37.0
0,hsi_mean214_own,37,3,False,0.3829787234042553,0.375,48.0,18.0
0,hsi_mean214_own,38,3,True,0.0,0.0,48.0,0.0
0,hsi_mean214_own,39,3,False,0.6741573033707865,0.625,48.0,30.0
0,hsi_mean214_own,40,3,False,0.5825242718446602,0.625,48.0,30.0
0,hsi_mean214_own,41,3,False,0.3076923076923077,0.2916666666666667,48.0,14.0
0,hsi_mean214_own,42,3,False,0.3247863247863248,0.3958333333333333,48.0,19.0
0,hsi_mean214_own,43,4,False,0.4948453608247423,0.5,48.0,24.0
0,hsi_mean214_own,44,4,False,0.41975308641975306,0.3541666666666667,48.0,17.0
0,hsi_mean214_own,45,8,True,0.028985507246376812,0.020833333333333332,48.0,1.0
0,hsi_mean214_own,46,4,False,0.38961038961038963,0.3125,48.0,15.0
0,hsi_mean214_own,47,4,False,0.7962962962962963,0.8958333333333334,48.0,43.0
0,hsi_mean214_own,48,4,False,0.9108910891089109,0.9583333333333334,48.0,46.0
0,hsi_mean214_own,49,4,False,0.21782178217821782,0.22916666666666666,48.0,11.0
0,hsi_mean214_own,50,4,False,0.07142857142857142,0.041666666666666664,48.0,2.0
0,hsi_mean214_own,51,4,False,0.1568627450980392,0.16666666666666666,48.0,8.0
0,hsi_mean214_own,52,4,False,0.2037037037037037,0.22916666666666666,48.0,11.0
0,hsi_mean214_own,53,4,False,0.7472527472527473,0.7391304347826086,46.0,34.0
0,hsi_mean214_own,54,4,False,0.625,0.625,48.0,30.0
0,hsi_mean214_own,55,4,False,0.6136363636363636,0.5625,48.0,27.0
0,hsi_mean214_own,56,4,False,0.6744186046511628,0.6041666666666666,48.0,29.0
0,hsi_mean214_own,57,5,False,0.6966292134831461,0.6739130434782609,46.0,31.0
0,hsi_mean214_own,58,5,False,0.7291666666666666,0.7291666666666666,48.0,35.0
0,hsi_mean214_own,59,5,True,0.05333333333333334,0.041666666666666664,48.0,2.0
0,hsi_mean214_own,60,5,True,0.3,0.25,48.0,12.0
0,hsi_mean214_own,61,8,True,0.36619718309859156,0.2708333333333333,48.0,13.0
0,hsi_mean214_own,62,5,False,0.48333333333333334,0.6041666666666666,48.0,29.0
0,hsi_mean214_own,63,8,True,0.02531645569620253,0.020833333333333332,48.0,1.0
0,hsi_mean214_own,64,8,True,0.46153846153846156,0.375,48.0,18.0
0,hsi_mean214_own,65,5,True,0.1095890410958904,0.08333333333333333,48.0,4.0
0,hsi_mean214_own,66,5,True,0.0,0.0,48.0,0.0
0,hsi_mean214_own,67,5,False,0.9320388349514563,1.0,48.0,48.0
0,hsi_mean214_own,68,5,False,0.9111111111111111,0.8541666666666666,48.0,41.0
0,hsi_mean214_own,69,5,False,0.0,0.0,48.0,0.0
0,hsi_mean214_own,70,8,True,0.024691358024691357,0.020833333333333332,48.0,1.0
0,hsi_mean214_own,71,5,True,0.05194805194805195,0.041666666666666664,48.0,2.0
0,hsi_mean214_own,72,6,False,0.6902654867256637,0.8125,48.0,39.0
0,hsi_mean214_own,73,6,False,0.34545454545454546,0.3958333333333333,48.0,19.0
0,hsi_mean214_own,74,6,False,0.9574468085106383,0.9375,48.0,45.0
0,hsi_mean214_own,75,6,False,0.0,0.0,48.0,0.0
0,hsi_mean214_own,76,6,False,0.59375,0.7916666666666666,48.0,38.0
0,hsi_mean214_own,77,7,False,0.6808510638297872,0.6666666666666666,48.0,32.0
0,hsi_mean214_own,78,8,True,0.532258064516129,0.6875,48.0,33.0
0,hsi_mean214_own,79,8,True,0.0,0.0,48.0,0.0
0,hsi_mean214_own,80,7,False,0.5376344086021505,0.5208333333333334,48.0,25.0
0,hsi_mean214_own,81,7,False,0.448,0.5833333333333334,48.0,28.0
0,hsi_mean214_own,82,8,False,0.6796116504854369,0.7291666666666666,48.0,35.0
0,hsi_mean214_own,83,8,False,0.6744186046511628,0.6041666666666666,48.0,29.0
0,hsi_mean214_own,84,8,False,0.5038167938931297,0.6875,48.0,33.0
0,hsi_mean214_own,85,8,False,0.8468468468468469,0.9791666666666666,48.0,47.0
0,hsi_mean214_own,86,8,False,0.42718446601941745,0.4583333333333333,48.0,22.0
0,hsi_mean214_own,87,8,False,0.5125,0.8541666666666666,48.0,41.0
0,hsi_mean214_own,88,8,False,0.4657534246575342,0.3541666666666667,48.0,17.0
0,hsi_mean214_own,89,8,False,0.711864406779661,0.875,48.0,42.0
0,hsi_snvmean32,0,0,False,0.2222222222222222,0.25,48.0,12.0
0,hsi_snvmean32,1,0,False,0.5957446808510638,0.5833333333333334,48.0,28.0
0,hsi_snvmean32,2,0,False,0.5833333333333334,0.5833333333333334,48.0,28.0
0,hsi_snvmean32,3,0,False,0.7766990291262136,0.8333333333333334,48.0,40.0
0,hsi_snvmean32,4,8,True,0.3893805309734513,0.4583333333333333,48.0,22.0
0,hsi_snvmean32,5,1,False,0.5346534653465347,0.5869565217391305,46.0,27.0
0,hsi_snvmean32,6,1,False,0.275,0.22916666666666666,48.0,11.0
0,hsi_snvmean32,7,1,True,0.28865979381443296,0.2916666666666667,48.0,14.0
0,hsi_snvmean32,8,1,False,0.32075471698113206,0.3541666666666667,48.0,17.0
0,hsi_snvmean32,9,1,False,0.3870967741935484,0.5,48.0,24.0
0,hsi_snvmean32,10,1,False,0.15217391304347827,0.14583333333333334,48.0,7.0
0,hsi_snvmean32,11,1,False,0.3025210084033613,0.375,48.0,18.0
0,hsi_snvmean32,12,1,True,0.0,0.0,48.0,0.0
0,hsi_snvmean32,13,1,False,0.4854368932038835,0.5208333333333334,48.0,25.0
0,hsi_snvmean32,14,1,False,0.5714285714285714,0.6666666666666666,48.0,32.0
0,hsi_snvmean32,15,1,False,0.7415730337078652,0.6875,48.0,33.0
0,hsi_snvmean32,16,1,False,0.6804123711340206,0.6875,48.0,33.0
0,hsi_snvmean32,17,1,False,0.29906542056074764,0.3333333333333333,48.0,16.0
0,hsi_snvmean32,18,1,False,0.42990654205607476,0.4791666666666667,48.0,23.0
0,hsi_snvmean32,19,1,False,0.12048192771084337,0.10416666666666667,48.0,5.0
0,hsi_snvmean32,20,2,False,0.36363636363636365,0.3333333333333333,48.0,16.0
0,hsi_snvmean32,21,2,False,0.5316455696202531,0.4375,48.0,21.0
0,hsi_snvmean32,22,8,True,0.6341463414634146,0.5777777777777777,45.0,26.0
0,hsi_snvmean32,23,2,False,0.43037974683544306,0.3541666666666667,48.0,17.0
0,hsi_snvmean32,24,2,False,0.62,0.6458333333333334,48.0,31.0
0,hsi_snvmean32,25,2,False,0.49411764705882355,0.4375,48.0,21.0
0,hsi_snvmean32,26,2,False,0.7228915662650602,0.625,48.0,30.0
0,hsi_snvmean32,27,2,False,0.25,0.22916666666666666,48.0,11.0
0,hsi_snvmean32,28,2,False,0.9791666666666666,0.9791666666666666,48.0,47.0
0,hsi_snvmean32,29,2,False,0.6436781609195402,0.5833333333333334,48.0,28.0
0,hsi_snvmean32,30,2,False,0.2641509433962264,0.2916666666666667,48.0,14.0
0,hsi_snvmean32,31,2,False,0.7102803738317757,0.7916666666666666,48.0,38.0
0,hsi_snvmean32,32,2,False,0.7428571428571429,0.8125,48.0,39.0
0,hsi_snvmean32,33,2,False,0.5904761904761905,0.6458333333333334,48.0,31.0
0,hsi_snvmean32,34,3,False,0.27722772277227725,0.2916666666666667,48.0,14.0
0,hsi_snvmean32,35,3,False,0.7339449541284404,0.8333333333333334,48.0,40.0
0,hsi_snvmean32,36,3,False,0.6451612903225806,0.625,48.0,30.0
0,hsi_snvmean32,37,3,False,0.22916666666666666,0.22916666666666666,48.0,11.0
0,hsi_snvmean32,38,3,True,0.0,0.0,48.0,0.0
0,hsi_snvmean32,39,3,False,0.3829787234042553,0.375,48.0,18.0
0,hsi_snvmean32,40,3,False,0.5,0.5625,48.0,27.0
0,hsi_snvmean32,41,3,False,0.15217391304347827,0.14583333333333334,48.0,7.0
0,hsi_snvmean32,42,3,False,0.2222222222222222,0.2708333333333333,48.0,13.0
0,hsi_snvmean32,43,4,False,0.4094488188976378,0.5416666666666666,48.0,26.0
0,hsi_snvmean32,44,4,False,0.38333333333333336,0.4791666666666667,48.0,23.0
0,hsi_snvmean32,45,8,True,0.2616822429906542,0.2916666666666667,48.0,14.0
0,hsi_snvmean32,46,4,False,0.2727272727272727,0.25,48.0,12.0
0,hsi_snvmean32,47,4,False,0.6526315789473685,0.6458333333333334,48.0,31.0
0,hsi_snvmean32,48,4,False,0.7521367521367521,0.9166666666666666,48.0,44.0
0,hsi_snvmean32,49,4,False,0.06976744186046512,0.0625,48.0,3.0
0,hsi_snvmean32,50,4,False,0.9787234042553191,0.9583333333333334,48.0,46.0
0,hsi_snvmean32,51,4,False,0.0821917808219178,0.0625,48.0,3.0
0,hsi_snvmean32,52,4,False,0.1981981981981982,0.22916666666666666,48.0,11.0
0,hsi_snvmean32,53,4,False,0.7216494845360825,0.7608695652173914,46.0,35.0
0,hsi_snvmean32,54,4,False,0.3684210526315789,0.2916666666666667,48.0,14.0
0,hsi_snvmean32,55,4,False,0.24,0.25,48.0,12.0
0,hsi_snvmean32,56,4,False,0.46153846153846156,0.5625,48.0,27.0
0,hsi_snvmean32,57,5,False,0.41304347826086957,0.41304347826086957,46.0,19.0
0,hsi_snvmean32,58,5,False,0.25316455696202533,0.20833333333333334,48.0,10.0
0,hsi_snvmean32,59,5,True,0.13157894736842105,0.10416666666666667,48.0,5.0
0,hsi_snvmean32,60,5,True,0.3333333333333333,0.3333333333333333,48.0,16.0
0,hsi_snvmean32,61,8,True,0.18666666666666668,0.14583333333333334,48.0,7.0
0,hsi_snvmean32,62,5,False,0.39215686274509803,0.4166666666666667,48.0,20.0
0,hsi_snvmean32,63,8,True,0.11267605633802817,0.08333333333333333,48.0,4.0
0,hsi_snvmean32,64,8,True,0.4444444444444444,0.4583333333333333,48.0,22.0
0,hsi_snvmean32,65,5,True,0.19047619047619047,0.16666666666666666,48.0,8.0
0,hsi_snvmean32,66,5,True,0.021739130434782608,0.020833333333333332,48.0,1.0
0,hsi_snvmean32,67,5,False,0.7592592592592593,0.8541666666666666,48.0,41.0
0,hsi_snvmean32,68,5,False,0.7674418604651163,0.6875,48.0,33.0
0,hsi_snvmean32,69,5,False,0.15151515151515152,0.10416666666666667,48.0,5.0
0,hsi_snvmean32,70,8,True,0.025,0.020833333333333332,48.0,1.0
0,hsi_snvmean32,71,5,True,0.05333333333333334,0.041666666666666664,48.0,2.0
0,hsi_snvmean32,72,6,False,0.55,0.6875,48.0,33.0
0,hsi_snvmean32,73,6,False,0.16666666666666666,0.16666666666666666,48.0,8.0
0,hsi_snvmean32,74,6,False,0.6666666666666666,0.5833333333333334,48.0,28.0
0,hsi_snvmean32,75,6,False,0.4657534246575342,0.3541666666666667,48.0,17.0
0,hsi_snvmean32,76,6,False,0.5454545454545454,0.6875,48.0,33.0
0,hsi_snvmean32,77,7,False,0.45544554455445546,0.4791666666666667,48.0,23.0
0,hsi_snvmean32,78,8,True,0.673469387755102,0.6875,48.0,33.0
0,hsi_snvmean32,79,8,True,0.0,0.0,48.0,0.0
0,hsi_snvmean32,80,7,False,0.23529411764705882,0.20833333333333334,48.0,10.0
0,hsi_snvmean32,81,7,False,0.3458646616541353,0.4791666666666667,48.0,23.0
0,hsi_snvmean32,82,8,False,0.6041666666666666,0.6041666666666666,48.0,29.0
0,hsi_snvmean32,83,8,False,0.5,0.5416666666666666,48.0,26.0
0,hsi_snvmean32,84,8,False,0.36363636363636365,0.3333333333333333,48.0,16.0
0,hsi_snvmean32,85,8,False,0.74,0.7708333333333334,48.0,37.0
0,hsi_snvmean32,86,8,False,0.27956989247311825,0.2708333333333333,48.0,13.0
0,hsi_snvmean32,87,8,False,0.6355140186915887,0.7083333333333334,48.0,34.0
0,hsi_snvmean32,88,8,False,0.43037974683544306,0.3541666666666667,48.0,17.0
0,hsi_snvmean32,89,8,False,0.5132743362831859,0.6041666666666666,48.0,29.0
0,hsi_snvmean214_own,0,0,False,0.41304347826086957,0.3958333333333333,48.0,19.0
0,hsi_snvmean214_own,1,0,False,0.7818181818181819,0.8958333333333334,48.0,43.0
0,hsi_snvmean214_own,2,0,False,0.6875,0.6875,48.0,33.0
0,hsi_snvmean214_own,3,0,False,0.7961165048543689,0.8541666666666666,48.0,41.0
0,hsi_snvmean214_own,4,8,True,0.22448979591836735,0.22916666666666666,48.0,11.0
0,hsi_snvmean214_own,5,1,False,0.7526881720430108,0.7608695652173914,46.0,35.0
0,hsi_snvmean214_own,6,1,False,0.36363636363636365,0.3333333333333333,48.0,16.0
0,hsi_snvmean214_own,7,1,True,0.10526315789473684,0.08333333333333333,48.0,4.0
0,hsi_snvmean214_own,8,1,False,0.5567010309278351,0.5625,48.0,27.0
0,hsi_snvmean214_own,9,1,False,0.6545454545454545,0.75,48.0,36.0
0,hsi_snvmean214_own,10,1,False,0.3469387755102041,0.3541666666666667,48.0,17.0
0,hsi_snvmean214_own,11,1,False,0.5,0.6041666666666666,48.0,29.0
0,hsi_snvmean214_own,12,1,True,0.0,0.0,48.0,0.0
0,hsi_snvmean214_own,13,1,False,0.7238095238095238,0.7916666666666666,48.0,38.0
0,hsi_snvmean214_own,14,1,False,0.7755102040816326,0.7916666666666666,48.0,38.0
0,hsi_snvmean214_own,15,1,False,0.9574468085106383,0.9375,48.0,45.0
0,hsi_snvmean214_own,16,1,False,0.8118811881188119,0.8541666666666666,48.0,41.0
0,hsi_snvmean214_own,17,1,False,0.4444444444444444,0.625,48.0,30.0
0,hsi_snvmean214_own,18,1,False,0.20437956204379562,0.2916666666666667,48.0,14.0
0,hsi_snvmean214_own,19,1,False,0.62,0.6458333333333334,48.0,31.0
0,hsi_snvmean214_own,20,2,False,0.64,0.6666666666666666,48.0,32.0
0,hsi_snvmean214_own,21,2,False,0.6588235294117647,0.5833333333333334,48.0,28.0
0,hsi_snvmean214_own,22,8,True,0.4307692307692308,0.3111111111111111,45.0,14.0
0,hsi_snvmean214_own,23,2,False,0.6956521739130435,0.6666666666666666,48.0,32.0
0,hsi_snvmean214_own,24,2,False,0.8,0.9166666666666666,48.0,44.0
0,hsi_snvmean214_own,25,2,False,0.7835051546391752,0.7916666666666666,48.0,38.0
0,hsi_snvmean214_own,26,2,False,0.22988505747126436,0.20833333333333334,48.0,10.0
0,hsi_snvmean214_own,27,2,False,0.4107142857142857,0.4791666666666667,48.0,23.0
0,hsi_snvmean214_own,28,2,False,0.9791666666666666,0.9791666666666666,48.0,47.0
0,hsi_snvmean214_own,29,2,False,0.8863636363636364,0.8125,48.0,39.0
0,hsi_snvmean214_own,30,2,False,0.39622641509433965,0.4375,48.0,21.0
0,hsi_snvmean214_own,31,2,False,0.8431372549019608,0.8958333333333334,48.0,43.0
0,hsi_snvmean214_own,32,2,False,0.7920792079207921,0.8333333333333334,48.0,40.0
0,hsi_snvmean214_own,33,2,False,0.6666666666666666,0.75,48.0,36.0
0,hsi_snvmean214_own,34,3,False,0.6185567010309279,0.625,48.0,30.0
0,hsi_snvmean214_own,35,3,False,0.9108910891089109,0.9583333333333334,48.0,46.0
0,hsi_snvmean214_own,36,3,False,0.8631578947368421,0.8541666666666666,48.0,41.0
0,hsi_snvmean214_own,37,3,False,0.39603960396039606,0.4166666666666667,48.0,20.0
0,hsi_snvmean214_own,38,3,True,0.0,0.0,48.0,0.0
0,hsi_snvmean214_own,39,3,False,0.6,0.5625,48.0,27.0
0,hsi_snvmean214_own,40,3,False,0.6666666666666666,0.7708333333333334,48.0,37.0
0,hsi_snvmean214_own,41,3,False,0.26,0.2708333333333333,48.0,13.0
0,hsi_snvmean214_own,42,3,False,0.41509433962264153,0.4583333333333333,48.0,22.0
0,hsi_snvmean214_own,43,4,False,0.5656565656565656,0.5833333333333334,48.0,28.0
0,hsi_snvmean214_own,44,4,False,0.4827586206896552,0.4375,48.0,21.0
0,hsi_snvmean214_own,45,8,True,0.05714285714285714,0.041666666666666664,48.0,2.0
0,hsi_snvmean214_own,46,4,False,0.4772727272727273,0.4375,48.0,21.0
0,hsi_snvmean214_own,47,4,False,0.7628865979381443,0.7708333333333334,48.0,37.0
0,hsi_snvmean214_own,48,4,False,0.8571428571428571,0.9375,48.0,45.0
0,hsi_snvmean214_own,49,4,False,0.2247191011235955,0.20833333333333334,48.0,10.0
0,hsi_snvmean214_own,50,4,False,0.46153846153846156,0.3125,48.0,15.0
0,hsi_snvmean214_own,51,4,False,0.1568627450980392,0.16666666666666666,48.0,8.0
0,hsi_snvmean214_own,52,4,False,0.17094017094017094,0.20833333333333334,48.0,10.0
0,hsi_snvmean214_own,53,4,False,0.7741935483870968,0.782608695652174,46.0,36.0
0,hsi_snvmean214_own,54,4,False,0.5274725274725275,0.5,48.0,24.0
0,hsi_snvmean214_own,55,4,False,0.4,0.4166666666666667,48.0,20.0
0,hsi_snvmean214_own,56,4,False,0.631578947368421,0.625,48.0,30.0
0,hsi_snvmean214_own,57,5,False,0.5714285714285714,0.5652173913043478,46.0,26.0
0,hsi_snvmean214_own,58,5,False,0.6666666666666666,0.75,48.0,36.0
0,hsi_snvmean214_own,59,5,True,0.136986301369863,0.10416666666666667,48.0,5.0
0,hsi_snvmean214_own,60,5,True,0.35714285714285715,0.3125,48.0,15.0
0,hsi_snvmean214_own,61,8,True,0.25316455696202533,0.20833333333333334,48.0,10.0
0,hsi_snvmean214_own,62,5,False,0.5087719298245614,0.6041666666666666,48.0,29.0
0,hsi_snvmean214_own,63,8,True,0.05063291139240506,0.041666666666666664,48.0,2.0
0,hsi_snvmean214_own,64,8,True,0.36585365853658536,0.3125,48.0,15.0
0,hsi_snvmean214_own,65,5,True,0.08955223880597014,0.0625,48.0,3.0
0,hsi_snvmean214_own,66,5,True,0.0,0.0,48.0,0.0
0,hsi_snvmean214_own,67,5,False,0.8333333333333334,0.9375,48.0,45.0
0,hsi_snvmean214_own,68,5,False,0.9052631578947369,0.8958333333333334,48.0,43.0
0,hsi_snvmean214_own,69,5,False,0.0,0.0,48.0,0.0
0,hsi_snvmean214_own,70,8,True,0.057971014492753624,0.041666666666666664,48.0,2.0
0,hsi_snvmean214_own,71,5,True,0.12658227848101267,0.10416666666666667,48.0,5.0
0,hsi_snvmean214_own,72,6,False,0.7959183673469388,0.8125,48.0,39.0
0,hsi_snvmean214_own,73,6,False,0.375,0.4375,48.0,21.0
0,hsi_snvmean214_own,74,6,False,0.8979591836734694,0.9166666666666666,48.0,44.0
0,hsi_snvmean214_own,75,6,False,0.07142857142857142,0.041666666666666664,48.0,2.0
0,hsi_snvmean214_own,76,6,False,0.7522935779816514,0.8541666666666666,48.0,41.0
0,hsi_snvmean214_own,77,7,False,0.7,0.5833333333333334,48.0,28.0
0,hsi_snvmean214_own,78,8,True,0.7068965517241379,0.8541666666666666,48.0,41.0
0,hsi_snvmean214_own,79,8,True,0.0,0.0,48.0,0.0
0,hsi_snvmean214_own,80,7,False,0.5454545454545454,0.4375,48.0,21.0
0,hsi_snvmean214_own,81,7,False,0.6446280991735537,0.8125,48.0,39.0
0,hsi_snvmean214_own,82,8,False,0.6857142857142857,0.75,48.0,36.0
0,hsi_snvmean214_own,83,8,False,0.6382978723404256,0.625,48.0,30.0
0,hsi_snvmean214_own,84,8,False,0.4626865671641791,0.6458333333333334,48.0,31.0
0,hsi_snvmean214_own,85,8,False,0.8349514563106796,0.8958333333333334,48.0,43.0
0,hsi_snvmean214_own,86,8,False,0.34146341463414637,0.2916666666666667,48.0,14.0
0,hsi_snvmean214_own,87,8,False,0.7,0.875,48.0,42.0
0,hsi_snvmean214_own,88,8,False,0.5617977528089888,0.5208333333333334,48.0,25.0
0,hsi_snvmean214_own,89,8,False,0.6724137931034483,0.8125,48.0,39.0
0,dino_rgb,0,0,False,0.21978021978021978,0.20833333333333334,48.0,10.0
0,dino_rgb,1,0,False,0.5154639175257731,0.5208333333333334,48.0,25.0
0,dino_rgb,2,0,False,0.8602150537634409,0.8333333333333334,48.0,40.0
0,dino_rgb,3,0,False,0.8571428571428571,0.8125,48.0,39.0
0,dino_rgb,4,8,True,0.4810126582278481,0.3958333333333333,48.0,19.0
0,dino_rgb,5,1,False,0.6407766990291263,0.717391304347826,46.0,33.0
0,dino_rgb,6,1,False,0.30434782608695654,0.2916666666666667,48.0,14.0
0,dino_rgb,7,1,True,0.0,0.0,48.0,0.0
0,dino_rgb,8,1,False,0.7021276595744681,0.6875,48.0,33.0
0,dino_rgb,9,1,False,0.6481481481481481,0.7291666666666666,48.0,35.0
0,dino_rgb,10,1,False,0.21818181818181817,0.25,48.0,12.0
0,dino_rgb,11,1,False,0.2553191489361702,0.25,48.0,12.0
0,dino_rgb,12,1,True,0.2564102564102564,0.20833333333333334,48.0,10.0
0,dino_rgb,13,1,False,0.3,0.3125,48.0,15.0
0,dino_rgb,14,1,False,0.5360824742268041,0.5416666666666666,48.0,26.0
0,dino_rgb,15,1,False,0.6902654867256637,0.8125,48.0,39.0
0,dino_rgb,16,1,False,0.651685393258427,0.6041666666666666,48.0,29.0
0,dino_rgb,17,1,False,0.44680851063829785,0.4375,48.0,21.0
0,dino_rgb,18,1,False,0.6511627906976745,0.5833333333333334,48.0,28.0
0,dino_rgb,19,1,False,0.32098765432098764,0.2708333333333333,48.0,13.0
0,dino_rgb,20,2,False,0.35294117647058826,0.375,48.0,18.0
0,dino_rgb,21,2,False,0.4878048780487805,0.4166666666666667,48.0,20.0
0,dino_rgb,22,8,True,0.5934065934065934,0.6,45.0,27.0
0,dino_rgb,23,2,False,0.42105263157894735,0.5,48.0,24.0
0,dino_rgb,24,2,False,0.6,0.5625,48.0,27.0
0,dino_rgb,25,2,False,0.35514018691588783,0.3958333333333333,48.0,19.0
0,dino_rgb,26,2,False,0.8636363636363636,0.7916666666666666,48.0,38.0
0,dino_rgb,27,2,False,0.37209302325581395,0.3333333333333333,48.0,16.0
0,dino_rgb,28,2,False,0.9072164948453608,0.9166666666666666,48.0,44.0
0,dino_rgb,29,2,False,0.39603960396039606,0.4166666666666667,48.0,20.0
0,dino_rgb,30,2,False,0.22018348623853212,0.25,48.0,12.0
0,dino_rgb,31,2,False,0.7524752475247525,0.7916666666666666,48.0,38.0
0,dino_rgb,32,2,False,0.5252525252525253,0.5416666666666666,48.0,26.0
0,dino_rgb,33,2,False,0.32432432432432434,0.375,48.0,18.0
0,dino_rgb,34,3,False,0.43137254901960786,0.4583333333333333,48.0,22.0
0,dino_rgb,35,3,False,0.6341463414634146,0.5416666666666666,48.0,26.0
0,dino_rgb,36,3,False,0.6888888888888889,0.6458333333333334,48.0,31.0
0,dino_rgb,37,3,False,0.46464646464646464,0.4791666666666667,48.0,23.0
0,dino_rgb,38,3,True,0.0,0.0,48.0,0.0
0,dino_rgb,39,3,False,0.46153846153846156,0.5,48.0,24.0
0,dino_rgb,40,3,False,0.35294117647058826,0.3125,48.0,15.0
0,dino_rgb,41,3,False,0.23931623931623933,0.2916666666666667,48.0,14.0
0,dino_rgb,42,3,False,0.4,0.4583333333333333,48.0,22.0
0,dino_rgb,43,4,False,0.5473684210526316,0.5416666666666666,48.0,26.0
0,dino_rgb,44,4,False,0.4,0.2916666666666667,48.0,14.0
0,dino_rgb,45,8,True,0.37037037037037035,0.3125,48.0,15.0
0,dino_rgb,46,4,False,0.38202247191011235,0.3541666666666667,48.0,17.0
0,dino_rgb,47,4,False,0.7272727272727273,0.75,48.0,36.0
0,dino_rgb,48,4,False,0.8653846153846154,0.9375,48.0,45.0
0,dino_rgb,49,4,False,0.13861386138613863,0.14583333333333334,48.0,7.0
0,dino_rgb,50,4,False,0.42105263157894735,0.3333333333333333,48.0,16.0
0,dino_rgb,51,4,False,0.23008849557522124,0.2708333333333333,48.0,13.0
0,dino_rgb,52,4,False,0.2894736842105263,0.4583333333333333,48.0,22.0
0,dino_rgb,53,4,False,0.6588235294117647,0.6086956521739131,46.0,28.0
0,dino_rgb,54,4,False,0.4716981132075472,0.5208333333333334,48.0,25.0
0,dino_rgb,55,4,False,0.4835164835164835,0.4583333333333333,48.0,22.0
0,dino_rgb,56,4,False,0.43010752688172044,0.4166666666666667,48.0,20.0
0,dino_rgb,57,5,False,0.6746987951807228,0.6086956521739131,46.0,28.0
0,dino_rgb,58,5,False,0.4864864864864865,0.5625,48.0,27.0
0,dino_rgb,59,5,True,0.16091954022988506,0.14583333333333334,48.0,7.0
0,dino_rgb,60,5,True,0.06349206349206349,0.041666666666666664,48.0,2.0
0,dino_rgb,61,8,True,0.046511627906976744,0.041666666666666664,48.0,2.0
0,dino_rgb,62,5,False,0.46296296296296297,0.5208333333333334,48.0,25.0
0,dino_rgb,63,8,True,0.12121212121212122,0.125,48.0,6.0
0,dino_rgb,64,8,True,0.2894736842105263,0.22916666666666666,48.0,11.0
0,dino_rgb,65,5,True,0.0,0.0,48.0,0.0
0,dino_rgb,66,5,True,0.058823529411764705,0.041666666666666664,48.0,2.0
0,dino_rgb,67,5,False,0.82,0.8541666666666666,48.0,41.0
0,dino_rgb,68,5,False,0.9263157894736842,0.9166666666666666,48.0,44.0
0,dino_rgb,69,5,False,0.6451612903225806,0.625,48.0,30.0
0,dino_rgb,70,8,True,0.25806451612903225,0.25,48.0,12.0
0,dino_rgb,71,5,True,0.0,0.0,48.0,0.0
0,dino_rgb,72,6,False,0.4158415841584158,0.4375,48.0,21.0
0,dino_rgb,73,6,False,0.2553191489361702,0.25,48.0,12.0
0,dino_rgb,74,6,False,0.7184466019417476,0.7708333333333334,48.0,37.0
0,dino_rgb,75,6,False,0.2882882882882883,0.3333333333333333,48.0,16.0
0,dino_rgb,76,6,False,0.54,0.5625,48.0,27.0
0,dino_rgb,77,7,False,0.5961538461538461,0.6458333333333334,48.0,31.0
0,dino_rgb,78,8,True,0.21621621621621623,0.16666666666666666,48.0,8.0
0,dino_rgb,79,8,True,0.41975308641975306,0.3541666666666667,48.0,17.0
0,dino_rgb,80,7,False,0.29310344827586204,0.3541666666666667,48.0,17.0
0,dino_rgb,81,7,False,0.36363636363636365,0.4583333333333333,48.0,22.0
0,dino_rgb,82,8,False,0.5714285714285714,0.5833333333333334,48.0,28.0
0,dino_rgb,83,8,False,0.29508196721311475,0.1875,48.0,9.0
0,dino_rgb,84,8,False,0.4909090909090909,0.5625,48.0,27.0
0,dino_rgb,85,8,False,0.7628865979381443,0.7708333333333334,48.0,37.0
0,dino_rgb,86,8,False,0.54,0.5625,48.0,27.0
0,dino_rgb,87,8,False,0.6412213740458015,0.875,48.0,42.0
0,dino_rgb,88,8,False,0.45,0.375,48.0,18.0
0,dino_rgb,89,8,False,0.7422680412371134,0.75,48.0,36.0
0,dino_gray,0,0,False,0.18181818181818182,0.1875,48.0,9.0
0,dino_gray,1,0,False,0.3368421052631579,0.3333333333333333,48.0,16.0
0,dino_gray,2,0,False,0.8421052631578947,0.8333333333333334,48.0,40.0
0,dino_gray,3,0,False,0.7835051546391752,0.7916666666666666,48.0,38.0
0,dino_gray,4,8,True,0.3855421686746988,0.3333333333333333,48.0,16.0
0,dino_gray,5,1,False,0.6105263157894737,0.6304347826086957,46.0,29.0
0,dino_gray,6,1,False,0.15730337078651685,0.14583333333333334,48.0,7.0
0,dino_gray,7,1,True,0.0,0.0,48.0,0.0
0,dino_gray,8,1,False,0.7083333333333334,0.7083333333333334,48.0,34.0
0,dino_gray,9,1,False,0.5116279069767442,0.4583333333333333,48.0,22.0
0,dino_gray,10,1,False,0.2037037037037037,0.22916666666666666,48.0,11.0
0,dino_gray,11,1,False,0.2891566265060241,0.25,48.0,12.0
0,dino_gray,12,1,True,0.18604651162790697,0.16666666666666666,48.0,8.0
0,dino_gray,13,1,False,0.30303030303030304,0.3125,48.0,15.0
0,dino_gray,14,1,False,0.48936170212765956,0.4791666666666667,48.0,23.0
0,dino_gray,15,1,False,0.7368421052631579,0.875,48.0,42.0
0,dino_gray,16,1,False,0.5617977528089888,0.5208333333333334,48.0,25.0
0,dino_gray,17,1,False,0.40425531914893614,0.3958333333333333,48.0,19.0
0,dino_gray,18,1,False,0.4444444444444444,0.4166666666666667,48.0,20.0
0,dino_gray,19,1,False,0.3333333333333333,0.3541666666666667,48.0,17.0
0,dino_gray,20,2,False,0.3181818181818182,0.2916666666666667,48.0,14.0
0,dino_gray,21,2,False,0.5057471264367817,0.4583333333333333,48.0,22.0
0,dino_gray,22,8,True,0.5806451612903226,0.6,45.0,27.0
0,dino_gray,23,2,False,0.2896551724137931,0.4375,48.0,21.0
0,dino_gray,24,2,False,0.5869565217391305,0.5625,48.0,27.0
0,dino_gray,25,2,False,0.4380952380952381,0.4791666666666667,48.0,23.0
0,dino_gray,26,2,False,0.8444444444444444,0.7916666666666666,48.0,38.0
0,dino_gray,27,2,False,0.3541666666666667,0.3541666666666667,48.0,17.0
0,dino_gray,28,2,False,0.8888888888888888,0.8333333333333334,48.0,40.0
0,dino_gray,29,2,False,0.34615384615384615,0.375,48.0,18.0
0,dino_gray,30,2,False,0.17142857142857143,0.1875,48.0,9.0
0,dino_gray,31,2,False,0.6666666666666666,0.7708333333333334,48.0,37.0
0,dino_gray,32,2,False,0.5473684210526316,0.5416666666666666,48.0,26.0
0,dino_gray,33,2,False,0.32653061224489793,0.3333333333333333,48.0,16.0
0,dino_gray,34,3,False,0.3368421052631579,0.3333333333333333,48.0,16.0
0,dino_gray,35,3,False,0.40963855421686746,0.3541666666666667,48.0,17.0
0,dino_gray,36,3,False,0.6444444444444445,0.6041666666666666,48.0,29.0
0,dino_gray,37,3,False,0.5416666666666666,0.5416666666666666,48.0,26.0
0,dino_gray,38,3,True,0.0,0.0,48.0,0.0
0,dino_gray,39,3,False,0.36363636363636365,0.375,48.0,18.0
0,dino_gray,40,3,False,0.38095238095238093,0.3333333333333333,48.0,16.0
0,dino_gray,41,3,False,0.2777777777777778,0.3125,48.0,15.0
0,dino_gray,42,3,False,0.36538461538461536,0.3958333333333333,48.0,19.0
0,dino_gray,43,4,False,0.44680851063829785,0.4375,48.0,21.0
0,dino_gray,44,4,False,0.4444444444444444,0.375,48.0,18.0
0,dino_gray,45,8,True,0.3013698630136986,0.22916666666666666,48.0,11.0
0,dino_gray,46,4,False,0.20454545454545456,0.1875,48.0,9.0
0,dino_gray,47,4,False,0.591304347826087,0.7083333333333334,48.0,34.0
0,dino_gray,48,4,False,0.7524752475247525,0.7916666666666666,48.0,38.0
0,dino_gray,49,4,False,0.1206896551724138,0.14583333333333334,48.0,7.0
0,dino_gray,50,4,False,0.46153846153846156,0.375,48.0,18.0
0,dino_gray,51,4,False,0.21666666666666667,0.2708333333333333,48.0,13.0
0,dino_gray,52,4,False,0.2992125984251969,0.3958333333333333,48.0,19.0
0,dino_gray,53,4,False,0.6136363636363636,0.5869565217391305,46.0,27.0
0,dino_gray,54,4,False,0.4375,0.4375,48.0,21.0
0,dino_gray,55,4,False,0.3711340206185567,0.375,48.0,18.0
0,dino_gray,56,4,False,0.36363636363636365,0.3333333333333333,48.0,16.0
0,dino_gray,57,5,False,0.7157894736842105,0.7391304347826086,46.0,34.0
0,dino_gray,58,5,False,0.4444444444444444,0.4583333333333333,48.0,22.0
0,dino_gray,59,5,True,0.0273972602739726,0.020833333333333332,48.0,1.0
0,dino_gray,60,5,True,0.08450704225352113,0.0625,48.0,3.0
0,dino_gray,61,8,True,0.13953488372093023,0.125,48.0,6.0
0,dino_gray,62,5,False,0.3584905660377358,0.3958333333333333,48.0,19.0
0,dino_gray,63,8,True,0.1320754716981132,0.14583333333333334,48.0,7.0
0,dino_gray,64,8,True,0.1686746987951807,0.14583333333333334,48.0,7.0
0,dino_gray,65,5,True,0.0,0.0,48.0,0.0
0,dino_gray,66,5,True,0.05714285714285714,0.041666666666666664,48.0,2.0
0,dino_gray,67,5,False,0.6391752577319587,0.6458333333333334,48.0,31.0
0,dino_gray,68,5,False,0.9166666666666666,0.9166666666666666,48.0,44.0
0,dino_gray,69,5,False,0.5918367346938775,0.6041666666666666,48.0,29.0
0,dino_gray,70,8,True,0.2247191011235955,0.20833333333333334,48.0,10.0
0,dino_gray,71,5,True,0.0,0.0,48.0,0.0
0,dino_gray,72,6,False,0.3564356435643564,0.375,48.0,18.0
0,dino_gray,73,6,False,0.1702127659574468,0.16666666666666666,48.0,8.0
0,dino_gray,74,6,False,0.6407766990291263,0.6875,48.0,33.0
0,dino_gray,75,6,False,0.2564102564102564,0.3125,48.0,15.0
0,dino_gray,76,6,False,0.3888888888888889,0.4375,48.0,21.0
0,dino_gray,77,7,False,0.5833333333333334,0.5833333333333334,48.0,28.0
0,dino_gray,78,8,True,0.1038961038961039,0.08333333333333333,48.0,4.0
0,dino_gray,79,8,True,0.4,0.3541666666666667,48.0,17.0
0,dino_gray,80,7,False,0.2,0.22916666666666666,48.0,11.0
0,dino_gray,81,7,False,0.34234234234234234,0.3958333333333333,48.0,19.0
0,dino_gray,82,8,False,0.4946236559139785,0.4791666666666667,48.0,23.0
0,dino_gray,83,8,False,0.4117647058823529,0.2916666666666667,48.0,14.0
0,dino_gray,84,8,False,0.3559322033898305,0.4375,48.0,21.0
0,dino_gray,85,8,False,0.7252747252747253,0.6875,48.0,33.0
0,dino_gray,86,8,False,0.4883720930232558,0.4375,48.0,21.0
0,dino_gray,87,8,False,0.5426356589147286,0.7291666666666666,48.0,35.0
0,dino_gray,88,8,False,0.4634146341463415,0.3958333333333333,48.0,19.0
0,dino_gray,89,8,False,0.6956521739130435,0.6666666666666666,48.0,32.0
0,dino_rgb32,0,0,False,0.23076923076923078,0.25,48.0,12.0
0,dino_rgb32,1,0,False,0.4,0.375,48.0,18.0
0,dino_rgb32,2,0,False,0.7659574468085106,0.75,48.0,36.0
0,dino_rgb32,3,0,False,0.7415730337078652,0.6875,48.0,33.0
0,dino_rgb32,4,8,True,0.2962962962962963,0.25,48.0,12.0
0,dino_rgb32,5,1,False,0.32941176470588235,0.30434782608695654,46.0,14.0
0,dino_rgb32,6,1,False,0.13953488372093023,0.125,48.0,6.0
0,dino_rgb32,7,1,True,0.0,0.0,48.0,0.0
0,dino_rgb32,8,1,False,0.44660194174757284,0.4791666666666667,48.0,23.0
0,dino_rgb32,9,1,False,0.5858585858585859,0.6041666666666666,48.0,29.0
0,dino_rgb32,10,1,False,0.10989010989010989,0.10416666666666667,48.0,5.0
0,dino_rgb32,11,1,False,0.19148936170212766,0.1875,48.0,9.0
0,dino_rgb32,12,1,True,0.2391304347826087,0.22916666666666666,48.0,11.0
0,dino_rgb32,13,1,False,0.2692307692307692,0.2916666666666667,48.0,14.0
0,dino_rgb32,14,1,False,0.27848101265822783,0.22916666666666666,48.0,11.0
0,dino_rgb32,15,1,False,0.6,0.625,48.0,30.0
0,dino_rgb32,16,1,False,0.30303030303030304,0.3125,48.0,15.0
0,dino_rgb32,17,1,False,0.3,0.3125,48.0,15.0
0,dino_rgb32,18,1,False,0.28865979381443296,0.2916666666666667,48.0,14.0
0,dino_rgb32,19,1,False,0.20253164556962025,0.16666666666666666,48.0,8.0
0,dino_rgb32,20,2,False,0.20618556701030927,0.20833333333333334,48.0,10.0
0,dino_rgb32,21,2,False,0.26804123711340205,0.2708333333333333,48.0,13.0
0,dino_rgb32,22,8,True,0.5714285714285714,0.5777777777777777,45.0,26.0
0,dino_rgb32,23,2,False,0.3305785123966942,0.4166666666666667,48.0,20.0
0,dino_rgb32,24,2,False,0.352,0.4583333333333333,48.0,22.0
0,dino_rgb32,25,2,False,0.2782608695652174,0.3333333333333333,48.0,16.0
0,dino_rgb32,26,2,False,0.5609756097560976,0.4791666666666667,48.0,23.0
0,dino_rgb32,27,2,False,0.10638297872340426,0.10416666666666667,48.0,5.0
0,dino_rgb32,28,2,False,0.9278350515463918,0.9375,48.0,45.0
0,dino_rgb32,29,2,False,0.4329896907216495,0.4375,48.0,21.0
0,dino_rgb32,30,2,False,0.13861386138613863,0.14583333333333334,48.0,7.0
0,dino_rgb32,31,2,False,0.5185185185185185,0.5833333333333334,48.0,28.0
0,dino_rgb32,32,2,False,0.24691358024691357,0.20833333333333334,48.0,10.0
0,dino_rgb32,33,2,False,0.2545454545454545,0.2916666666666667,48.0,14.0
0,dino_rgb32,34,3,False,0.24,0.25,48.0,12.0
0,dino_rgb32,35,3,False,0.5346534653465347,0.5625,48.0,27.0
0,dino_rgb32,36,3,False,0.4367816091954023,0.3958333333333333,48.0,19.0
0,dino_rgb32,37,3,False,0.1956521739130435,0.1875,48.0,9.0
0,dino_rgb32,38,3,True,0.016666666666666666,0.020833333333333332,48.0,1.0
0,dino_rgb32,39,3,False,0.20930232558139536,0.1875,48.0,9.0
0,dino_rgb32,40,3,False,0.28205128205128205,0.22916666666666666,48.0,11.0
0,dino_rgb32,41,3,False,0.10344827586206896,0.125,48.0,6.0
0,dino_rgb32,42,3,False,0.144,0.1875,48.0,9.0
0,dino_rgb32,43,4,False,0.22727272727272727,0.20833333333333334,48.0,10.0
0,dino_rgb32,44,4,False,0.22429906542056074,0.25,48.0,12.0
0,dino_rgb32,45,8,True,0.09523809523809523,0.08333333333333333,48.0,4.0
0,dino_rgb32,46,4,False,0.23076923076923078,0.25,48.0,12.0
0,dino_rgb32,47,4,False,0.7415730337078652,0.6875,48.0,33.0
0,dino_rgb32,48,4,False,0.6530612244897959,0.6666666666666666,48.0,32.0
0,dino_rgb32,49,4,False,0.08403361344537816,0.10416666666666667,48.0,5.0
0,dino_rgb32,50,4,False,0.46153846153846156,0.4375,48.0,21.0
0,dino_rgb32,51,4,False,0.08403361344537816,0.10416666666666667,48.0,5.0
0,dino_rgb32,52,4,False,0.11864406779661017,0.14583333333333334,48.0,7.0
0,dino_rgb32,53,4,False,0.2597402597402597,0.21739130434782608,46.0,10.0
0,dino_rgb32,54,4,False,0.2564102564102564,0.20833333333333334,48.0,10.0
0,dino_rgb32,55,4,False,0.42,0.4375,48.0,21.0
0,dino_rgb32,56,4,False,0.3058823529411765,0.2708333333333333,48.0,13.0
0,dino_rgb32,57,5,False,0.2823529411764706,0.2608695652173913,46.0,12.0
0,dino_rgb32,58,5,False,0.25742574257425743,0.2708333333333333,48.0,13.0
0,dino_rgb32,59,5,True,0.2608695652173913,0.25,48.0,12.0
0,dino_rgb32,60,5,True,0.0851063829787234,0.08333333333333333,48.0,4.0
0,dino_rgb32,61,8,True,0.02247191011235955,0.020833333333333332,48.0,1.0
0,dino_rgb32,62,5,False,0.3584905660377358,0.3958333333333333,48.0,19.0
0,dino_rgb32,63,8,True,0.06818181818181818,0.0625,48.0,3.0
0,dino_rgb32,64,8,True,0.14285714285714285,0.14583333333333334,48.0,7.0
0,dino_rgb32,65,5,True,0.10989010989010989,0.10416666666666667,48.0,5.0
0,dino_rgb32,66,5,True,0.0,0.0,48.0,0.0
0,dino_rgb32,67,5,False,0.717391304347826,0.6875,48.0,33.0
0,dino_rgb32,68,5,False,0.6888888888888889,0.6458333333333334,48.0,31.0
0,dino_rgb32,69,5,False,0.3225806451612903,0.3125,48.0,15.0
0,dino_rgb32,70,8,True,0.1643835616438356,0.125,48.0,6.0
0,dino_rgb32,71,5,True,0.0273972602739726,0.020833333333333332,48.0,1.0
0,dino_rgb32,72,6,False,0.2882882882882883,0.3333333333333333,48.0,16.0
0,dino_rgb32,73,6,False,0.25225225225225223,0.2916666666666667,48.0,14.0
0,dino_rgb32,74,6,False,0.5,0.5416666666666666,48.0,26.0
0,dino_rgb32,75,6,False,0.1415929203539823,0.16666666666666666,48.0,8.0
0,dino_rgb32,76,6,False,0.14814814814814814,0.125,48.0,6.0
0,dino_rgb32,77,7,False,0.43478260869565216,0.5208333333333334,48.0,25.0
0,dino_rgb32,78,8,True,0.2247191011235955,0.20833333333333334,48.0,10.0
0,dino_rgb32,79,8,True,0.3,0.25,48.0,12.0
0,dino_rgb32,80,7,False,0.12727272727272726,0.14583333333333334,48.0,7.0
0,dino_rgb32,81,7,False,0.18947368421052632,0.1875,48.0,9.0
0,dino_rgb32,82,8,False,0.38636363636363635,0.3541666666666667,48.0,17.0
0,dino_rgb32,83,8,False,0.2413793103448276,0.14583333333333334,48.0,7.0
0,dino_rgb32,84,8,False,0.27184466019417475,0.2916666666666667,48.0,14.0
0,dino_rgb32,85,8,False,0.6526315789473685,0.6458333333333334,48.0,31.0
0,dino_rgb32,86,8,False,0.4752475247524752,0.5,48.0,24.0
0,dino_rgb32,87,8,False,0.5688073394495413,0.6458333333333334,48.0,31.0
0,dino_rgb32,88,8,False,0.38961038961038963,0.3125,48.0,15.0
0,dino_rgb32,89,8,False,0.5631067961165048,0.6041666666666666,48.0,29.0
0,dino_silhouette,0,0,False,0.08602150537634409,0.08333333333333333,48.0,4.0
0,dino_silhouette,1,0,False,0.02127659574468085,0.020833333333333332,48.0,1.0
0,dino_silhouette,2,0,False,0.5052631578947369,0.5,48.0,24.0
0,dino_silhouette,3,0,False,0.6352941176470588,0.5625,48.0,27.0
0,dino_silhouette,4,8,True,0.24390243902439024,0.20833333333333334,48.0,10.0
0,dino_silhouette,5,1,False,0.3238095238095238,0.3695652173913043,46.0,17.0
0,dino_silhouette,6,1,False,0.05,0.041666666666666664,48.0,2.0
0,dino_silhouette,7,1,True,0.02127659574468085,0.020833333333333332,48.0,1.0
0,dino_silhouette,8,1,False,0.32323232323232326,0.3333333333333333,48.0,16.0
0,dino_silhouette,9,1,False,0.18823529411764706,0.16666666666666666,48.0,8.0
0,dino_silhouette,10,1,False,0.046511627906976744,0.041666666666666664,48.0,2.0
0,dino_silhouette,11,1,False,0.07547169811320754,0.08333333333333333,48.0,4.0
0,dino_silhouette,12,1,True,0.3409090909090909,0.3125,48.0,15.0
0,dino_silhouette,13,1,False,0.1523809523809524,0.16666666666666666,48.0,8.0
0,dino_silhouette,14,1,False,0.09803921568627451,0.10416666666666667,48.0,5.0
0,dino_silhouette,15,1,False,0.3392857142857143,0.3958333333333333,48.0,19.0
0,dino_silhouette,16,1,False,0.2542372881355932,0.3125,48.0,15.0
0,dino_silhouette,17,1,False,0.0970873786407767,0.10416666666666667,48.0,5.0
0,dino_silhouette,18,1,False,0.08333333333333333,0.08333333333333333,48.0,4.0
0,dino_silhouette,19,1,False,0.1415929203539823,0.16666666666666666,48.0,8.0
0,dino_silhouette,20,2,False,0.14,0.14583333333333334,48.0,7.0
0,dino_silhouette,21,2,False,0.06722689075630252,0.08333333333333333,48.0,4.0
0,dino_silhouette,22,8,True,0.6451612903225806,0.6666666666666666,45.0,30.0
0,dino_silhouette,23,2,False,0.04225352112676056,0.0625,48.0,3.0
0,dino_silhouette,24,2,False,0.22413793103448276,0.2708333333333333,48.0,13.0
0,dino_silhouette,25,2,False,0.14736842105263157,0.14583333333333334,48.0,7.0
0,dino_silhouette,26,2,False,0.5681818181818182,0.5208333333333334,48.0,25.0
0,dino_silhouette,27,2,False,0.021052631578947368,0.020833333333333332,48.0,1.0
0,dino_silhouette,28,2,False,0.8222222222222222,0.7708333333333334,48.0,37.0
0,dino_silhouette,29,2,False,0.17204301075268819,0.16666666666666666,48.0,8.0
0,dino_silhouette,30,2,False,0.10989010989010989,0.10416666666666667,48.0,5.0
0,dino_silhouette,31,2,False,0.0975609756097561,0.08333333333333333,48.0,4.0
0,dino_silhouette,32,2,False,0.1348314606741573,0.125,48.0,6.0
0,dino_silhouette,33,2,False,0.17857142857142858,0.20833333333333334,48.0,10.0
0,dino_silhouette,34,3,False,0.07692307692307693,0.08333333333333333,48.0,4.0
0,dino_silhouette,35,3,False,0.075,0.0625,48.0,3.0
0,dino_silhouette,36,3,False,0.16494845360824742,0.16666666666666666,48.0,8.0
0,dino_silhouette,37,3,False,0.11320754716981132,0.125,48.0,6.0
0,dino_silhouette,38,3,True,0.0,0.0,48.0,0.0
0,dino_silhouette,39,3,False,0.07894736842105263,0.0625,48.0,3.0
0,dino_silhouette,40,3,False,0.1643835616438356,0.125,48.0,6.0
0,dino_silhouette,41,3,False,0.0,0.0,48.0,0.0
0,dino_silhouette,42,3,False,0.10666666666666667,0.08333333333333333,48.0,4.0
0,dino_silhouette,43,4,False,0.15217391304347827,0.14583333333333334,48.0,7.0
0,dino_silhouette,44,4,False,0.14893617021276595,0.14583333333333334,48.0,7.0
0,dino_silhouette,45,8,True,0.05263157894736842,0.041666666666666664,48.0,2.0
0,dino_silhouette,46,4,False,0.07142857142857142,0.0625,48.0,3.0
0,dino_silhouette,47,4,False,0.3058823529411765,0.2708333333333333,48.0,13.0
0,dino_silhouette,48,4,False,0.5,0.4791666666666667,48.0,23.0
0,dino_silhouette,49,4,False,0.021739130434782608,0.020833333333333332,48.0,1.0
0,dino_silhouette,50,4,False,0.20952380952380953,0.22916666666666666,48.0,11.0
0,dino_silhouette,51,4,False,0.05405405405405406,0.0625,48.0,3.0
0,dino_silhouette,52,4,False,0.12612612612612611,0.14583333333333334,48.0,7.0
0,dino_silhouette,53,4,False,0.23809523809523808,0.21739130434782608,46.0,10.0
0,dino_silhouette,54,4,False,0.07407407407407407,0.0625,48.0,3.0
0,dino_silhouette,55,4,False,0.0851063829787234,0.08333333333333333,48.0,4.0
0,dino_silhouette,56,4,False,0.08333333333333333,0.08333333333333333,48.0,4.0
0,dino_silhouette,57,5,False,0.1111111111111111,0.08695652173913043,46.0,4.0
0,dino_silhouette,58,5,False,0.09900990099009901,0.10416666666666667,48.0,5.0
0,dino_silhouette,59,5,True,0.08602150537634409,0.08333333333333333,48.0,4.0
0,dino_silhouette,60,5,True,0.0,0.0,48.0,0.0
0,dino_silhouette,61,8,True,0.031746031746031744,0.041666666666666664,48.0,2.0
0,dino_silhouette,62,5,False,0.17777777777777778,0.16666666666666666,48.0,8.0
0,dino_silhouette,63,8,True,0.04819277108433735,0.041666666666666664,48.0,2.0
0,dino_silhouette,64,8,True,0.041237113402061855,0.041666666666666664,48.0,2.0
0,dino_silhouette,65,5,True,0.02,0.020833333333333332,48.0,1.0
0,dino_silhouette,66,5,True,0.038461538461538464,0.041666666666666664,48.0,2.0
0,dino_silhouette,67,5,False,0.17142857142857143,0.1875,48.0,9.0
0,dino_silhouette,68,5,False,0.5192307692307693,0.5625,48.0,27.0
0,dino_silhouette,69,5,False,0.19607843137254902,0.20833333333333334,48.0,10.0
0,dino_silhouette,70,8,True,0.029411764705882353,0.020833333333333332,48.0,1.0
0,dino_silhouette,71,5,True,0.038834951456310676,0.041666666666666664,48.0,2.0
0,dino_silhouette,72,6,False,0.0784313725490196,0.08333333333333333,48.0,4.0
0,dino_silhouette,73,6,False,0.06896551724137931,0.0625,48.0,3.0
0,dino_silhouette,74,6,False,0.35294117647058826,0.375,48.0,18.0
0,dino_silhouette,75,6,False,0.057692307692307696,0.0625,48.0,3.0
0,dino_silhouette,76,6,False,0.046511627906976744,0.041666666666666664,48.0,2.0
0,dino_silhouette,77,7,False,0.16326530612244897,0.16666666666666666,48.0,8.0
0,dino_silhouette,78,8,True,0.1320754716981132,0.14583333333333334,48.0,7.0
0,dino_silhouette,79,8,True,0.19047619047619047,0.16666666666666666,48.0,8.0
0,dino_silhouette,80,7,False,0.12121212121212122,0.125,48.0,6.0
0,dino_silhouette,81,7,False,0.07407407407407407,0.0625,48.0,3.0
0,dino_silhouette,82,8,False,0.10810810810810811,0.08333333333333333,48.0,4.0
0,dino_silhouette,83,8,False,0.15384615384615385,0.14583333333333334,48.0,7.0
0,dino_silhouette,84,8,False,0.10989010989010989,0.10416666666666667,48.0,5.0
0,dino_silhouette,85,8,False,0.44,0.4583333333333333,48.0,22.0
0,dino_silhouette,86,8,False,0.20202020202020202,0.20833333333333334,48.0,10.0
0,dino_silhouette,87,8,False,0.3333333333333333,0.4791666666666667,48.0,23.0
0,dino_silhouette,88,8,False,0.3146067415730337,0.2916666666666667,48.0,14.0
0,dino_silhouette,89,8,False,0.4888888888888889,0.4583333333333333,48.0,22.0
0,concat32_dino,0,0,False,0.32967032967032966,0.3125,48.0,15.0
0,concat32_dino,1,0,False,0.8602150537634409,0.8333333333333334,48.0,40.0
0,concat32_dino,2,0,False,0.9565217391304348,0.9166666666666666,48.0,44.0
0,concat32_dino,3,0,False,0.9583333333333334,0.9583333333333334,48.0,46.0
0,concat32_dino,4,8,True,0.34210526315789475,0.2708333333333333,48.0,13.0
0,concat32_dino,5,1,False,0.9565217391304348,0.9565217391304348,46.0,44.0
0,concat32_dino,6,1,False,0.7155963302752294,0.8125,48.0,39.0
0,concat32_dino,7,1,True,0.0,0.0,48.0,0.0
0,concat32_dino,8,1,False,0.9010989010989011,0.8541666666666666,48.0,41.0
0,concat32_dino,9,1,False,0.8301886792452831,0.9166666666666666,48.0,44.0
0,concat32_dino,10,1,False,0.3883495145631068,0.4166666666666667,48.0,20.0
0,concat32_dino,11,1,False,0.4909090909090909,0.5625,48.0,27.0
0,concat32_dino,12,1,True,0.0,0.0,48.0,0.0
0,concat32_dino,13,1,False,0.5,0.5208333333333334,48.0,25.0
0,concat32_dino,14,1,False,0.8118811881188119,0.8541666666666666,48.0,41.0
0,concat32_dino,15,1,False,0.831858407079646,0.9791666666666666,48.0,47.0
0,concat32_dino,16,1,False,0.875,0.875,48.0,42.0
0,concat32_dino,17,1,False,0.7157894736842105,0.7083333333333334,48.0,34.0
0,concat32_dino,18,1,False,0.7567567567567568,0.875,48.0,42.0
0,concat32_dino,19,1,False,0.6881720430107527,0.6666666666666666,48.0,32.0
0,concat32_dino,20,2,False,0.7708333333333334,0.7708333333333334,48.0,37.0
0,concat32_dino,21,2,False,0.7764705882352941,0.6875,48.0,33.0
0,concat32_dino,22,8,True,0.46153846153846156,0.3333333333333333,45.0,15.0
0,concat32_dino,23,2,False,0.6846846846846847,0.7916666666666666,48.0,38.0
0,concat32_dino,24,2,False,0.8421052631578947,0.8333333333333334,48.0,40.0
0,concat32_dino,25,2,False,0.7184466019417476,0.7708333333333334,48.0,37.0
0,concat32_dino,26,2,False,0.9787234042553191,0.9583333333333334,48.0,46.0
0,concat32_dino,27,2,False,0.6222222222222222,0.5833333333333334,48.0,28.0
0,concat32_dino,28,2,False,0.9894736842105263,0.9791666666666666,48.0,47.0
0,concat32_dino,29,2,False,0.6067415730337079,0.5625,48.0,27.0
0,concat32_dino,30,2,False,0.375,0.4375,48.0,21.0
0,concat32_dino,31,2,False,0.9278350515463918,0.9375,48.0,45.0
0,concat32_dino,32,2,False,0.8484848484848485,0.875,48.0,42.0
0,concat32_dino,33,2,False,0.8,0.7916666666666666,48.0,38.0
0,concat32_dino,34,3,False,0.591304347826087,0.7083333333333334,48.0,34.0
0,concat32_dino,35,3,False,0.8888888888888888,0.9166666666666666,48.0,44.0
0,concat32_dino,36,3,False,0.9347826086956522,0.8958333333333334,48.0,43.0
0,concat32_dino,37,3,False,0.6138613861386139,0.6458333333333334,48.0,31.0
0,concat32_dino,38,3,True,0.0,0.0,48.0,0.0
0,concat32_dino,39,3,False,0.7272727272727273,0.75,48.0,36.0
0,concat32_dino,40,3,False,0.7659574468085106,0.75,48.0,36.0
0,concat32_dino,41,3,False,0.3238095238095238,0.3541666666666667,48.0,17.0
0,concat32_dino,42,3,False,0.5981308411214953,0.6666666666666666,48.0,32.0
0,concat32_dino,43,4,False,0.7311827956989247,0.7083333333333334,48.0,34.0
0,concat32_dino,44,4,False,0.7560975609756098,0.6458333333333334,48.0,31.0
0,concat32_dino,45,8,True,0.0,0.0,48.0,0.0
0,concat32_dino,46,4,False,0.5581395348837209,0.5,48.0,24.0
0,concat32_dino,47,4,False,0.9278350515463918,0.9375,48.0,45.0
0,concat32_dino,48,4,False,0.9696969696969697,1.0,48.0,48.0
0,concat32_dino,49,4,False,0.22727272727272727,0.20833333333333334,48.0,10.0
0,concat32_dino,50,4,False,1.0,1.0,48.0,48.0
0,concat32_dino,51,4,False,0.2631578947368421,0.3125,48.0,15.0
0,concat32_dino,52,4,False,0.36666666666666664,0.4583333333333333,48.0,22.0
0,concat32_dino,53,4,False,0.9387755102040817,1.0,46.0,46.0
0,concat32_dino,54,4,False,0.7722772277227723,0.8125,48.0,39.0
0,concat32_dino,55,4,False,0.8282828282828283,0.8541666666666666,48.0,41.0
0,concat32_dino,56,4,False,0.6923076923076923,0.75,48.0,36.0
0,concat32_dino,57,5,False,0.8387096774193549,0.8478260869565217,46.0,39.0
0,concat32_dino,58,5,False,0.845360824742268,0.8541666666666666,48.0,41.0
0,concat32_dino,59,5,True,0.0,0.0,48.0,0.0
0,concat32_dino,60,5,True,0.03571428571428571,0.020833333333333332,48.0,1.0
0,concat32_dino,61,8,True,0.03076923076923077,0.020833333333333332,48.0,1.0
0,concat32_dino,62,5,False,0.7378640776699029,0.7916666666666666,48.0,38.0
0,concat32_dino,63,8,True,0.0,0.0,48.0,0.0
0,concat32_dino,64,8,True,0.2,0.125,48.0,6.0
0,concat32_dino,65,5,True,0.0,0.0,48.0,0.0
0,concat32_dino,66,5,True,0.024691358024691357,0.020833333333333332,48.0,1.0
0,concat32_dino,67,5,False,0.9387755102040817,0.9583333333333334,48.0,46.0
0,concat32_dino,68,5,False,0.9690721649484536,0.9791666666666666,48.0,47.0
0,concat32_dino,69,5,False,0.7073170731707317,0.6041666666666666,48.0,29.0
0,concat32_dino,70,8,True,0.030303030303030304,0.020833333333333332,48.0,1.0
0,concat32_dino,71,5,True,0.0,0.0,48.0,0.0
0,concat32_dino,72,6,False,0.7787610619469026,0.9166666666666666,48.0,44.0
0,concat32_dino,73,6,False,0.6185567010309279,0.625,48.0,30.0
0,concat32_dino,74,6,False,0.9795918367346939,1.0,48.0,48.0
0,concat32_dino,75,6,False,0.8604651162790697,0.7708333333333334,48.0,37.0
0,concat32_dino,76,6,False,0.8256880733944955,0.9375,48.0,45.0
0,concat32_dino,77,7,False,0.8155339805825242,0.875,48.0,42.0
0,concat32_dino,78,8,True,0.6,0.5,48.0,24.0
0,concat32_dino,79,8,True,0.0,0.0,48.0,0.0
0,concat32_dino,80,7,False,0.5100671140939598,0.7916666666666666,48.0,38.0
0,concat32_dino,81,7,False,0.4025157232704403,0.6666666666666666,48.0,32.0
0,concat32_dino,82,8,False,0.6122448979591837,0.625,48.0,30.0
0,concat32_dino,83,8,False,0.40625,0.2708333333333333,48.0,13.0
0,concat32_dino,84,8,False,0.6495726495726496,0.7916666666666666,48.0,38.0
0,concat32_dino,85,8,False,0.8440366972477065,0.9583333333333334,48.0,46.0
0,concat32_dino,86,8,False,0.6666666666666666,0.6875,48.0,33.0
0,concat32_dino,87,8,False,0.562874251497006,0.9791666666666666,48.0,47.0
0,concat32_dino,88,8,False,0.5348837209302325,0.4791666666666667,48.0,23.0
0,concat32_dino,89,8,False,0.7747747747747747,0.8958333333333334,48.0,43.0
0,fusion32_equal,0,0,False,0.3225806451612903,0.3125,48.0,15.0
0,fusion32_equal,1,0,False,0.8041237113402062,0.8125,48.0,39.0
0,fusion32_equal,2,0,False,0.9292929292929293,0.9583333333333334,48.0,46.0
0,fusion32_equal,3,0,False,0.9183673469387755,0.9375,48.0,45.0
0,fusion32_equal,4,8,True,0.32,0.3333333333333333,48.0,16.0
0,fusion32_equal,5,1,False,0.9108910891089109,1.0,46.0,46.0
0,fusion32_equal,6,1,False,0.6612903225806451,0.8541666666666666,48.0,41.0
0,fusion32_equal,7,1,True,0.0,0.0,48.0,0.0
0,fusion32_equal,8,1,False,0.865979381443299,0.875,48.0,42.0
0,fusion32_equal,9,1,False,0.8118811881188119,0.8541666666666666,48.0,41.0
0,fusion32_equal,10,1,False,0.48717948717948717,0.3958333333333333,48.0,19.0
0,fusion32_equal,11,1,False,0.4074074074074074,0.4583333333333333,48.0,22.0
0,fusion32_equal,12,1,True,0.037037037037037035,0.020833333333333332,48.0,1.0
0,fusion32_equal,13,1,False,0.6875,0.6875,48.0,33.0
0,fusion32_equal,14,1,False,0.7872340425531915,0.7708333333333334,48.0,37.0
0,fusion32_equal,15,1,False,0.9494949494949495,0.9791666666666666,48.0,47.0
0,fusion32_equal,16,1,False,0.8125,0.8125,48.0,39.0
0,fusion32_equal,17,1,False,0.5918367346938775,0.6041666666666666,48.0,29.0
0,fusion32_equal,18,1,False,0.5693430656934306,0.8125,48.0,39.0
0,fusion32_equal,19,1,False,0.6122448979591837,0.625,48.0,30.0
0,fusion32_equal,20,2,False,0.723404255319149,0.7083333333333334,48.0,34.0
0,fusion32_equal,21,2,False,0.7333333333333333,0.6875,48.0,33.0
0,fusion32_equal,22,8,True,0.5,0.4444444444444444,45.0,20.0
0,fusion32_equal,23,2,False,0.6476190476190476,0.7083333333333334,48.0,34.0
0,fusion32_equal,24,2,False,0.8514851485148515,0.8958333333333334,48.0,43.0
0,fusion32_equal,25,2,False,0.7578947368421053,0.75,48.0,36.0
0,fusion32_equal,26,2,False,0.9375,0.9375,48.0,45.0
0,fusion32_equal,27,2,False,0.5217391304347826,0.5,48.0,24.0
0,fusion32_equal,28,2,False,0.9795918367346939,1.0,48.0,48.0
0,fusion32_equal,29,2,False,0.7727272727272727,0.7083333333333334,48.0,34.0
0,fusion32_equal,30,2,False,0.5137614678899083,0.5833333333333334,48.0,28.0
0,fusion32_equal,31,2,False,0.9090909090909091,0.9375,48.0,45.0
0,fusion32_equal,32,2,False,0.8163265306122449,0.8333333333333334,48.0,40.0
0,fusion32_equal,33,2,False,0.7289719626168224,0.8125,48.0,39.0
0,fusion32_equal,34,3,False,0.7228915662650602,0.625,48.0,30.0
0,fusion32_equal,35,3,False,0.9484536082474226,0.9583333333333334,48.0,46.0
0,fusion32_equal,36,3,False,0.8695652173913043,0.8333333333333334,48.0,40.0
0,fusion32_equal,37,3,False,0.5977011494252874,0.5416666666666666,48.0,26.0
0,fusion32_equal,38,3,True,0.0,0.0,48.0,0.0
0,fusion32_equal,39,3,False,0.6136363636363636,0.5625,48.0,27.0
0,fusion32_equal,40,3,False,0.7735849056603774,0.8541666666666666,48.0,41.0
0,fusion32_equal,41,3,False,0.32653061224489793,0.3333333333333333,48.0,16.0
0,fusion32_equal,42,3,False,0.5617977528089888,0.5208333333333334,48.0,25.0
0,fusion32_equal,43,4,False,0.5934065934065934,0.5625,48.0,27.0
0,fusion32_equal,44,4,False,0.6888888888888889,0.6458333333333334,48.0,31.0
0,fusion32_equal,45,8,True,0.35294117647058826,0.25,48.0,12.0
0,fusion32_equal,46,4,False,0.5384615384615384,0.4375,48.0,21.0
0,fusion32_equal,47,4,False,0.9292929292929293,0.9583333333333334,48.0,46.0
0,fusion32_equal,48,4,False,0.9504950495049505,1.0,48.0,48.0
0,fusion32_equal,49,4,False,0.15384615384615385,0.125,48.0,6.0
0,fusion32_equal,50,4,False,0.9787234042553191,0.9583333333333334,48.0,46.0
0,fusion32_equal,51,4,False,0.2826086956521739,0.2708333333333333,48.0,13.0
0,fusion32_equal,52,4,False,0.2631578947368421,0.3125,48.0,15.0
0,fusion32_equal,53,4,False,0.8256880733944955,0.9782608695652174,46.0,45.0
0,fusion32_equal,54,4,False,0.84,0.875,48.0,42.0
0,fusion32_equal,55,4,False,0.7555555555555555,0.7083333333333334,48.0,34.0
0,fusion32_equal,56,4,False,0.7115384615384616,0.7708333333333334,48.0,37.0
0,fusion32_equal,57,5,False,0.7090909090909091,0.8478260869565217,46.0,39.0
0,fusion32_equal,58,5,False,0.780952380952381,0.8541666666666666,48.0,41.0
0,fusion32_equal,59,5,True,0.12345679012345678,0.10416666666666667,48.0,5.0
0,fusion32_equal,60,5,True,0.1388888888888889,0.10416666666666667,48.0,5.0
0,fusion32_equal,61,8,True,0.08450704225352113,0.0625,48.0,3.0
0,fusion32_equal,62,5,False,0.5882352941176471,0.7291666666666666,48.0,35.0
0,fusion32_equal,63,8,True,0.029411764705882353,0.020833333333333332,48.0,1.0
0,fusion32_equal,64,8,True,0.10714285714285714,0.0625,48.0,3.0
0,fusion32_equal,65,5,True,0.0273972602739726,0.020833333333333332,48.0,1.0
0,fusion32_equal,66,5,True,0.07142857142857142,0.0625,48.0,3.0
0,fusion32_equal,67,5,False,0.9387755102040817,0.9583333333333334,48.0,46.0
0,fusion32_equal,68,5,False,0.967741935483871,0.9375,48.0,45.0
0,fusion32_equal,69,5,False,0.475,0.3958333333333333,48.0,19.0
0,fusion32_equal,70,8,True,0.07058823529411765,0.0625,48.0,3.0
0,fusion32_equal,71,5,True,0.0,0.0,48.0,0.0
0,fusion32_equal,72,6,False,0.6666666666666666,0.8333333333333334,48.0,40.0
0,fusion32_equal,73,6,False,0.39603960396039606,0.4166666666666667,48.0,20.0
0,fusion32_equal,74,6,False,0.96,1.0,48.0,48.0
0,fusion32_equal,75,6,False,0.47619047619047616,0.4166666666666667,48.0,20.0
0,fusion32_equal,76,6,False,0.780952380952381,0.8541666666666666,48.0,41.0
0,fusion32_equal,77,7,False,0.7843137254901961,0.8333333333333334,48.0,40.0
0,fusion32_equal,78,8,True,0.7311827956989247,0.7083333333333334,48.0,34.0
0,fusion32_equal,79,8,True,0.3225806451612903,0.20833333333333334,48.0,10.0
0,fusion32_equal,80,7,False,0.4716981132075472,0.5208333333333334,48.0,25.0
0,fusion32_equal,81,7,False,0.3803680981595092,0.6458333333333334,48.0,31.0
0,fusion32_equal,82,8,False,0.5777777777777777,0.5416666666666666,48.0,26.0
0,fusion32_equal,83,8,False,0.6136363636363636,0.5625,48.0,27.0
0,fusion32_equal,84,8,False,0.5663716814159292,0.6666666666666666,48.0,32.0
0,fusion32_equal,85,8,False,0.9038461538461539,0.9791666666666666,48.0,47.0
0,fusion32_equal,86,8,False,0.5652173913043478,0.5416666666666666,48.0,26.0
0,fusion32_equal,87,8,False,0.5714285714285714,0.9166666666666666,48.0,44.0
0,fusion32_equal,88,8,False,0.5897435897435898,0.4791666666666667,48.0,23.0
0,fusion32_equal,89,8,False,0.7927927927927928,0.9166666666666666,48.0,44.0
0,fusion32_calib,0,0,False,0.3225806451612903,0.3125,48.0,15.0
0,fusion32_calib,1,0,False,0.8041237113402062,0.8125,48.0,39.0
0,fusion32_calib,2,0,False,0.9292929292929293,0.9583333333333334,48.0,46.0
0,fusion32_calib,3,0,False,0.9183673469387755,0.9375,48.0,45.0
0,fusion32_calib,4,8,True,0.32,0.3333333333333333,48.0,16.0
0,fusion32_calib,5,1,False,0.9108910891089109,1.0,46.0,46.0
0,fusion32_calib,6,1,False,0.6612903225806451,0.8541666666666666,48.0,41.0
0,fusion32_calib,7,1,True,0.0,0.0,48.0,0.0
0,fusion32_calib,8,1,False,0.865979381443299,0.875,48.0,42.0
0,fusion32_calib,9,1,False,0.8118811881188119,0.8541666666666666,48.0,41.0
0,fusion32_calib,10,1,False,0.48717948717948717,0.3958333333333333,48.0,19.0
0,fusion32_calib,11,1,False,0.4074074074074074,0.4583333333333333,48.0,22.0
0,fusion32_calib,12,1,True,0.037037037037037035,0.020833333333333332,48.0,1.0
0,fusion32_calib,13,1,False,0.6875,0.6875,48.0,33.0
0,fusion32_calib,14,1,False,0.7872340425531915,0.7708333333333334,48.0,37.0
0,fusion32_calib,15,1,False,0.9494949494949495,0.9791666666666666,48.0,47.0
0,fusion32_calib,16,1,False,0.8125,0.8125,48.0,39.0
0,fusion32_calib,17,1,False,0.5918367346938775,0.6041666666666666,48.0,29.0
0,fusion32_calib,18,1,False,0.5693430656934306,0.8125,48.0,39.0
0,fusion32_calib,19,1,False,0.6122448979591837,0.625,48.0,30.0
0,fusion32_calib,20,2,False,0.723404255319149,0.7083333333333334,48.0,34.0
0,fusion32_calib,21,2,False,0.7333333333333333,0.6875,48.0,33.0
0,fusion32_calib,22,8,True,0.5,0.4444444444444444,45.0,20.0
0,fusion32_calib,23,2,False,0.6476190476190476,0.7083333333333334,48.0,34.0
0,fusion32_calib,24,2,False,0.8514851485148515,0.8958333333333334,48.0,43.0
0,fusion32_calib,25,2,False,0.7578947368421053,0.75,48.0,36.0
0,fusion32_calib,26,2,False,0.9375,0.9375,48.0,45.0
0,fusion32_calib,27,2,False,0.5217391304347826,0.5,48.0,24.0
0,fusion32_calib,28,2,False,0.9795918367346939,1.0,48.0,48.0
0,fusion32_calib,29,2,False,0.7727272727272727,0.7083333333333334,48.0,34.0
0,fusion32_calib,30,2,False,0.5137614678899083,0.5833333333333334,48.0,28.0
0,fusion32_calib,31,2,False,0.9090909090909091,0.9375,48.0,45.0
0,fusion32_calib,32,2,False,0.8163265306122449,0.8333333333333334,48.0,40.0
0,fusion32_calib,33,2,False,0.7289719626168224,0.8125,48.0,39.0
0,fusion32_calib,34,3,False,0.7228915662650602,0.625,48.0,30.0
0,fusion32_calib,35,3,False,0.9484536082474226,0.9583333333333334,48.0,46.0
0,fusion32_calib,36,3,False,0.8695652173913043,0.8333333333333334,48.0,40.0
0,fusion32_calib,37,3,False,0.5977011494252874,0.5416666666666666,48.0,26.0
0,fusion32_calib,38,3,True,0.0,0.0,48.0,0.0
0,fusion32_calib,39,3,False,0.6136363636363636,0.5625,48.0,27.0
0,fusion32_calib,40,3,False,0.7735849056603774,0.8541666666666666,48.0,41.0
0,fusion32_calib,41,3,False,0.32653061224489793,0.3333333333333333,48.0,16.0
0,fusion32_calib,42,3,False,0.5617977528089888,0.5208333333333334,48.0,25.0
0,fusion32_calib,43,4,False,0.5934065934065934,0.5625,48.0,27.0
0,fusion32_calib,44,4,False,0.6888888888888889,0.6458333333333334,48.0,31.0
0,fusion32_calib,45,8,True,0.35294117647058826,0.25,48.0,12.0
0,fusion32_calib,46,4,False,0.5384615384615384,0.4375,48.0,21.0
0,fusion32_calib,47,4,False,0.9292929292929293,0.9583333333333334,48.0,46.0
0,fusion32_calib,48,4,False,0.9504950495049505,1.0,48.0,48.0
0,fusion32_calib,49,4,False,0.15384615384615385,0.125,48.0,6.0
0,fusion32_calib,50,4,False,0.9787234042553191,0.9583333333333334,48.0,46.0
0,fusion32_calib,51,4,False,0.2826086956521739,0.2708333333333333,48.0,13.0
0,fusion32_calib,52,4,False,0.2631578947368421,0.3125,48.0,15.0
0,fusion32_calib,53,4,False,0.8256880733944955,0.9782608695652174,46.0,45.0
0,fusion32_calib,54,4,False,0.84,0.875,48.0,42.0
0,fusion32_calib,55,4,False,0.7555555555555555,0.7083333333333334,48.0,34.0
0,fusion32_calib,56,4,False,0.7115384615384616,0.7708333333333334,48.0,37.0
0,fusion32_calib,57,5,False,0.7090909090909091,0.8478260869565217,46.0,39.0
0,fusion32_calib,58,5,False,0.780952380952381,0.8541666666666666,48.0,41.0
0,fusion32_calib,59,5,True,0.12345679012345678,0.10416666666666667,48.0,5.0
0,fusion32_calib,60,5,True,0.1388888888888889,0.10416666666666667,48.0,5.0
0,fusion32_calib,61,8,True,0.08450704225352113,0.0625,48.0,3.0
0,fusion32_calib,62,5,False,0.5882352941176471,0.7291666666666666,48.0,35.0
0,fusion32_calib,63,8,True,0.029411764705882353,0.020833333333333332,48.0,1.0
0,fusion32_calib,64,8,True,0.10714285714285714,0.0625,48.0,3.0
0,fusion32_calib,65,5,True,0.0273972602739726,0.020833333333333332,48.0,1.0
0,fusion32_calib,66,5,True,0.07142857142857142,0.0625,48.0,3.0
0,fusion32_calib,67,5,False,0.9387755102040817,0.9583333333333334,48.0,46.0
0,fusion32_calib,68,5,False,0.967741935483871,0.9375,48.0,45.0
0,fusion32_calib,69,5,False,0.475,0.3958333333333333,48.0,19.0
0,fusion32_calib,70,8,True,0.07058823529411765,0.0625,48.0,3.0
0,fusion32_calib,71,5,True,0.0,0.0,48.0,0.0
0,fusion32_calib,72,6,False,0.6666666666666666,0.8333333333333334,48.0,40.0
0,fusion32_calib,73,6,False,0.39603960396039606,0.4166666666666667,48.0,20.0
0,fusion32_calib,74,6,False,0.96,1.0,48.0,48.0
0,fusion32_calib,75,6,False,0.47619047619047616,0.4166666666666667,48.0,20.0
0,fusion32_calib,76,6,False,0.780952380952381,0.8541666666666666,48.0,41.0
0,fusion32_calib,77,7,False,0.7843137254901961,0.8333333333333334,48.0,40.0
0,fusion32_calib,78,8,True,0.7311827956989247,0.7083333333333334,48.0,34.0
0,fusion32_calib,79,8,True,0.3225806451612903,0.20833333333333334,48.0,10.0
0,fusion32_calib,80,7,False,0.4716981132075472,0.5208333333333334,48.0,25.0
0,fusion32_calib,81,7,False,0.3803680981595092,0.6458333333333334,48.0,31.0
0,fusion32_calib,82,8,False,0.5777777777777777,0.5416666666666666,48.0,26.0
0,fusion32_calib,83,8,False,0.6136363636363636,0.5625,48.0,27.0
0,fusion32_calib,84,8,False,0.5663716814159292,0.6666666666666666,48.0,32.0
0,fusion32_calib,85,8,False,0.9038461538461539,0.9791666666666666,48.0,47.0
0,fusion32_calib,86,8,False,0.5652173913043478,0.5416666666666666,48.0,26.0
0,fusion32_calib,87,8,False,0.5714285714285714,0.9166666666666666,48.0,44.0
0,fusion32_calib,88,8,False,0.5897435897435898,0.4791666666666667,48.0,23.0
0,fusion32_calib,89,8,False,0.7927927927927928,0.9166666666666666,48.0,44.0
0,fusion214_equal,0,0,False,0.5376344086021505,0.5208333333333334,48.0,25.0
0,fusion214_equal,1,0,False,0.9484536082474226,0.9583333333333334,48.0,46.0
0,fusion214_equal,2,0,False,0.9574468085106383,0.9375,48.0,45.0
0,fusion214_equal,3,0,False,0.9484536082474226,0.9583333333333334,48.0,46.0
0,fusion214_equal,4,8,True,0.23809523809523808,0.20833333333333334,48.0,10.0
0,fusion214_equal,5,1,False,0.9090909090909091,0.9782608695652174,46.0,45.0
0,fusion214_equal,6,1,False,0.8256880733944955,0.9375,48.0,45.0
0,fusion214_equal,7,1,True,0.0,0.0,48.0,0.0
0,fusion214_equal,8,1,False,0.9263157894736842,0.9166666666666666,48.0,44.0
0,fusion214_equal,9,1,False,0.8932038834951457,0.9583333333333334,48.0,46.0
0,fusion214_equal,10,1,False,0.7764705882352941,0.6875,48.0,33.0
0,fusion214_equal,11,1,False,0.6095238095238096,0.6666666666666666,48.0,32.0
0,fusion214_equal,12,1,True,0.07272727272727272,0.041666666666666664,48.0,2.0
0,fusion214_equal,13,1,False,0.7920792079207921,0.8333333333333334,48.0,40.0
0,fusion214_equal,14,1,False,0.8686868686868687,0.8958333333333334,48.0,43.0
0,fusion214_equal,15,1,False,0.9056603773584906,1.0,48.0,48.0
0,fusion214_equal,16,1,False,0.8775510204081632,0.8958333333333334,48.0,43.0
0,fusion214_equal,17,1,False,0.76,0.7916666666666666,48.0,38.0
0,fusion214_equal,18,1,False,0.39215686274509803,0.4166666666666667,48.0,20.0
0,fusion214_equal,19,1,False,0.8571428571428571,0.8125,48.0,39.0
0,fusion214_equal,20,2,False,0.7407407407407407,0.8333333333333334,48.0,40.0
0,fusion214_equal,21,2,False,0.75,0.75,48.0,36.0
0,fusion214_equal,22,8,True,0.5952380952380952,0.5555555555555556,45.0,25.0
0,fusion214_equal,23,2,False,0.7572815533980582,0.8125,48.0,39.0
0,fusion214_equal,24,2,False,0.9038461538461539,0.9791666666666666,48.0,47.0
0,fusion214_equal,25,2,False,0.7966101694915254,0.9791666666666666,48.0,47.0
0,fusion214_equal,26,2,False,0.5957446808510638,0.5833333333333334,48.0,28.0
0,fusion214_equal,27,2,False,0.7619047619047619,0.8333333333333334,48.0,40.0
0,fusion214_equal,28,2,False,1.0,1.0,48.0,48.0
0,fusion214_equal,29,2,False,0.8602150537634409,0.8333333333333334,48.0,40.0
0,fusion214_equal,30,2,False,0.5362318840579711,0.7708333333333334,48.0,37.0
0,fusion214_equal,31,2,False,0.94,0.9791666666666666,48.0,47.0
0,fusion214_equal,32,2,False,0.9278350515463918,0.9375,48.0,45.0
0,fusion214_equal,33,2,False,0.6428571428571429,0.75,48.0,36.0
0,fusion214_equal,34,3,False,0.8421052631578947,0.8333333333333334,48.0,40.0
0,fusion214_equal,35,3,False,0.9111111111111111,0.8541666666666666,48.0,41.0
0,fusion214_equal,36,3,False,0.9263157894736842,0.9166666666666666,48.0,44.0
0,fusion214_equal,37,3,False,0.6391752577319587,0.6458333333333334,48.0,31.0
0,fusion214_equal,38,3,True,0.0,0.0,48.0,0.0
0,fusion214_equal,39,3,False,0.7755102040816326,0.7916666666666666,48.0,38.0
0,fusion214_equal,40,3,False,0.7692307692307693,0.8333333333333334,48.0,40.0
0,fusion214_equal,41,3,False,0.4470588235294118,0.3958333333333333,48.0,19.0
0,fusion214_equal,42,3,False,0.6736842105263158,0.6666666666666666,48.0,32.0
0,fusion214_equal,43,4,False,0.7058823529411765,0.625,48.0,30.0
0,fusion214_equal,44,4,False,0.6666666666666666,0.5833333333333334,48.0,28.0
0,fusion214_equal,45,8,True,0.29850746268656714,0.20833333333333334,48.0,10.0
0,fusion214_equal,46,4,False,0.6428571428571429,0.5625,48.0,27.0
0,fusion214_equal,47,4,False,0.9484536082474226,0.9583333333333334,48.0,46.0
0,fusion214_equal,48,4,False,0.96,1.0,48.0,48.0
0,fusion214_equal,49,4,False,0.225,0.1875,48.0,9.0
0,fusion214_equal,50,4,False,0.06779661016949153,0.041666666666666664,48.0,2.0
0,fusion214_equal,51,4,False,0.3218390804597701,0.2916666666666667,48.0,14.0
0,fusion214_equal,52,4,False,0.4074074074074074,0.4583333333333333,48.0,22.0
0,fusion214_equal,53,4,False,0.46464646464646464,0.5,46.0,23.0
0,fusion214_equal,54,4,False,0.8235294117647058,0.875,48.0,42.0
0,fusion214_equal,55,4,False,0.7586206896551724,0.6875,48.0,33.0
0,fusion214_equal,56,4,False,0.7777777777777778,0.7291666666666666,48.0,35.0
0,fusion214_equal,57,5,False,0.8936170212765957,0.9130434782608695,46.0,42.0
0,fusion214_equal,58,5,False,0.8269230769230769,0.8958333333333334,48.0,43.0
0,fusion214_equal,59,5,True,0.10810810810810811,0.08333333333333333,48.0,4.0
0,fusion214_equal,60,5,True,0.0,0.0,48.0,0.0
0,fusion214_equal,61,8,True,0.0,0.0,48.0,0.0
0,fusion214_equal,62,5,False,0.5932203389830508,0.7291666666666666,48.0,35.0
0,fusion214_equal,63,8,True,0.029411764705882353,0.020833333333333332,48.0,1.0
0,fusion214_equal,64,8,True,0.06557377049180328,0.041666666666666664,48.0,2.0
0,fusion214_equal,65,5,True,0.0,0.0,48.0,0.0
0,fusion214_equal,66,5,True,0.045454545454545456,0.041666666666666664,48.0,2.0
0,fusion214_equal,67,5,False,0.9583333333333334,0.9583333333333334,48.0,46.0
0,fusion214_equal,68,5,False,0.9896907216494846,1.0,48.0,48.0
0,fusion214_equal,69,5,False,0.625,0.5208333333333334,48.0,25.0
0,fusion214_equal,70,8,True,0.10126582278481013,0.08333333333333333,48.0,4.0
0,fusion214_equal,71,5,True,0.0,0.0,48.0,0.0
0,fusion214_equal,72,6,False,0.7796610169491526,0.9583333333333334,48.0,46.0
0,fusion214_equal,73,6,False,0.5669291338582677,0.75,48.0,36.0
0,fusion214_equal,74,6,False,0.9494949494949495,0.9791666666666666,48.0,47.0
0,fusion214_equal,75,6,False,0.0,0.0,48.0,0.0
0,fusion214_equal,76,6,False,0.8070175438596491,0.9583333333333334,48.0,46.0
0,fusion214_equal,77,7,False,0.7816091954022989,0.7083333333333334,48.0,34.0
0,fusion214_equal,78,8,True,0.8173913043478261,0.9791666666666666,48.0,47.0
0,fusion214_equal,79,8,True,0.17475728155339806,0.1875,48.0,9.0
0,fusion214_equal,80,7,False,0.6938775510204082,0.7083333333333334,48.0,34.0
0,fusion214_equal,81,7,False,0.5611510791366906,0.8125,48.0,39.0
0,fusion214_equal,82,8,False,0.7045454545454546,0.6458333333333334,48.0,31.0
0,fusion214_equal,83,8,False,0.625,0.5208333333333334,48.0,25.0
0,fusion214_equal,84,8,False,0.6666666666666666,0.7916666666666666,48.0,38.0
0,fusion214_equal,85,8,False,0.9215686274509803,0.9791666666666666,48.0,47.0
0,fusion214_equal,86,8,False,0.6236559139784946,0.6041666666666666,48.0,29.0
0,fusion214_equal,87,8,False,0.5786163522012578,0.9583333333333334,48.0,46.0
0,fusion214_equal,88,8,False,0.64,0.5,48.0,24.0
0,fusion214_equal,89,8,False,0.7833333333333333,0.9791666666666666,48.0,47.0
0,fusion32_shuffled,0,0,False,0.3617021276595745,0.3541666666666667,48.0,17.0
0,fusion32_shuffled,1,0,False,0.8842105263157894,0.875,48.0,42.0
0,fusion32_shuffled,2,0,False,0.9375,0.9375,48.0,45.0
0,fusion32_shuffled,3,0,False,0.9494949494949495,0.9791666666666666,48.0,47.0
0,fusion32_shuffled,4,8,True,0.2708333333333333,0.2708333333333333,48.0,13.0
0,fusion32_shuffled,5,1,False,0.9072164948453608,0.9565217391304348,46.0,44.0
0,fusion32_shuffled,6,1,False,0.6608695652173913,0.7916666666666666,48.0,38.0
0,fusion32_shuffled,7,1,True,0.0,0.0,48.0,0.0
0,fusion32_shuffled,8,1,False,0.8910891089108911,0.9375,48.0,45.0
0,fusion32_shuffled,9,1,False,0.7843137254901961,0.8333333333333334,48.0,40.0
0,fusion32_shuffled,10,1,False,0.44155844155844154,0.3541666666666667,48.0,17.0
0,fusion32_shuffled,11,1,False,0.46296296296296297,0.5208333333333334,48.0,25.0
0,fusion32_shuffled,12,1,True,0.038461538461538464,0.020833333333333332,48.0,1.0
0,fusion32_shuffled,13,1,False,0.7391304347826086,0.7083333333333334,48.0,34.0
0,fusion32_shuffled,14,1,False,0.8387096774193549,0.8125,48.0,39.0
0,fusion32_shuffled,15,1,False,0.9292929292929293,0.9583333333333334,48.0,46.0
0,fusion32_shuffled,16,1,False,0.7755102040816326,0.7916666666666666,48.0,38.0
0,fusion32_shuffled,17,1,False,0.6213592233009708,0.6666666666666666,48.0,32.0
0,fusion32_shuffled,18,1,False,0.5606060606060606,0.7708333333333334,48.0,37.0
0,fusion32_shuffled,19,1,False,0.5652173913043478,0.5416666666666666,48.0,26.0
0,fusion32_shuffled,20,2,False,0.7391304347826086,0.7083333333333334,48.0,34.0
0,fusion32_shuffled,21,2,False,0.7333333333333333,0.6875,48.0,33.0
0,fusion32_shuffled,22,8,True,0.6136363636363636,0.6,45.0,27.0
0,fusion32_shuffled,23,2,False,0.7547169811320755,0.8333333333333334,48.0,40.0
0,fusion32_shuffled,24,2,False,0.8349514563106796,0.8958333333333334,48.0,43.0
0,fusion32_shuffled,25,2,False,0.7551020408163265,0.7708333333333334,48.0,37.0
0,fusion32_shuffled,26,2,False,0.9473684210526315,0.9375,48.0,45.0
0,fusion32_shuffled,27,2,False,0.5274725274725275,0.5,48.0,24.0
0,fusion32_shuffled,28,2,False,0.9795918367346939,1.0,48.0,48.0
0,fusion32_shuffled,29,2,False,0.8571428571428571,0.875,48.0,42.0
0,fusion32_shuffled,30,2,False,0.5346534653465347,0.5625,48.0,27.0
0,fusion32_shuffled,31,2,False,0.9484536082474226,0.9583333333333334,48.0,46.0
0,fusion32_shuffled,32,2,False,0.8461538461538461,0.9166666666666666,48.0,44.0
0,fusion32_shuffled,33,2,False,0.6551724137931034,0.7916666666666666,48.0,38.0
0,fusion32_shuffled,34,3,False,0.7294117647058823,0.6458333333333334,48.0,31.0
0,fusion32_shuffled,35,3,False,0.9574468085106383,0.9375,48.0,45.0
0,fusion32_shuffled,36,3,False,0.9473684210526315,0.9375,48.0,45.0
0,fusion32_shuffled,37,3,False,0.6593406593406593,0.625,48.0,30.0
0,fusion32_shuffled,38,3,True,0.0,0.0,48.0,0.0
0,fusion32_shuffled,39,3,False,0.6304347826086957,0.6041666666666666,48.0,29.0
0,fusion32_shuffled,40,3,False,0.76,0.7916666666666666,48.0,38.0
0,fusion32_shuffled,41,3,False,0.35555555555555557,0.3333333333333333,48.0,16.0
0,fusion32_shuffled,42,3,False,0.5116279069767442,0.4583333333333333,48.0,22.0
0,fusion32_shuffled,43,4,False,0.5806451612903226,0.5625,48.0,27.0
0,fusion32_shuffled,44,4,False,0.6451612903225806,0.625,48.0,30.0
0,fusion32_shuffled,45,8,True,0.26229508196721313,0.16666666666666666,48.0,8.0
0,fusion32_shuffled,46,4,False,0.5609756097560976,0.4791666666666667,48.0,23.0
0,fusion32_shuffled,47,4,False,0.9292929292929293,0.9583333333333334,48.0,46.0
0,fusion32_shuffled,48,4,False,0.9306930693069307,0.9791666666666666,48.0,47.0
0,fusion32_shuffled,49,4,False,0.2597402597402597,0.20833333333333334,48.0,10.0
0,fusion32_shuffled,50,4,False,0.9787234042553191,0.9583333333333334,48.0,46.0
0,fusion32_shuffled,51,4,False,0.28865979381443296,0.2916666666666667,48.0,14.0
0,fusion32_shuffled,52,4,False,0.2524271844660194,0.2708333333333333,48.0,13.0
0,fusion32_shuffled,53,4,False,0.8712871287128713,0.9565217391304348,46.0,44.0
0,fusion32_shuffled,54,4,False,0.845360824742268,0.8541666666666666,48.0,41.0
0,fusion32_shuffled,55,4,False,0.7640449438202247,0.7083333333333334,48.0,34.0
0,fusion32_shuffled,56,4,False,0.6788990825688074,0.7708333333333334,48.0,37.0
0,fusion32_shuffled,57,5,False,0.7169811320754716,0.8260869565217391,46.0,38.0
0,fusion32_shuffled,58,5,False,0.7924528301886793,0.875,48.0,42.0
0,fusion32_shuffled,59,5,True,0.0821917808219178,0.0625,48.0,3.0
0,fusion32_shuffled,60,5,True,0.16666666666666666,0.125,48.0,6.0
0,fusion32_shuffled,61,8,True,0.06451612903225806,0.041666666666666664,48.0,2.0
0,fusion32_shuffled,62,5,False,0.624,0.8125,48.0,39.0
0,fusion32_shuffled,63,8,True,0.0,0.0,48.0,0.0
0,fusion32_shuffled,64,8,True,0.1724137931034483,0.10416666666666667,48.0,5.0
0,fusion32_shuffled,65,5,True,0.02857142857142857,0.020833333333333332,48.0,1.0
0,fusion32_shuffled,66,5,True,0.05063291139240506,0.041666666666666664,48.0,2.0
0,fusion32_shuffled,67,5,False,0.9795918367346939,1.0,48.0,48.0
0,fusion32_shuffled,68,5,False,1.0,1.0,48.0,48.0
0,fusion32_shuffled,69,5,False,0.4634146341463415,0.3958333333333333,48.0,19.0
0,fusion32_shuffled,70,8,True,0.0,0.0,48.0,0.0
0,fusion32_shuffled,71,5,True,0.0,0.0,48.0,0.0
0,fusion32_shuffled,72,6,False,0.7241379310344828,0.875,48.0,42.0
0,fusion32_shuffled,73,6,False,0.46938775510204084,0.4791666666666667,48.0,23.0
0,fusion32_shuffled,74,6,False,0.9411764705882353,1.0,48.0,48.0
0,fusion32_shuffled,75,6,False,0.5287356321839081,0.4791666666666667,48.0,23.0
0,fusion32_shuffled,76,6,False,0.8076923076923077,0.875,48.0,42.0
0,fusion32_shuffled,77,7,False,0.8148148148148148,0.9166666666666666,48.0,44.0
0,fusion32_shuffled,78,8,True,0.7326732673267327,0.7708333333333334,48.0,37.0
0,fusion32_shuffled,79,8,True,0.3125,0.20833333333333334,48.0,10.0
0,fusion32_shuffled,80,7,False,0.5045045045045045,0.5833333333333334,48.0,28.0
0,fusion32_shuffled,81,7,False,0.4470588235294118,0.7916666666666666,48.0,38.0
0,fusion32_shuffled,82,8,False,0.7391304347826086,0.7083333333333334,48.0,34.0
0,fusion32_shuffled,83,8,False,0.5909090909090909,0.5416666666666666,48.0,26.0
0,fusion32_shuffled,84,8,False,0.6017699115044248,0.7083333333333334,48.0,34.0
0,fusion32_shuffled,85,8,False,0.897196261682243,1.0,48.0,48.0
0,fusion32_shuffled,86,8,False,0.5416666666666666,0.5416666666666666,48.0,26.0
0,fusion32_shuffled,87,8,False,0.5806451612903226,0.9375,48.0,45.0
0,fusion32_shuffled,88,8,False,0.547945205479452,0.4166666666666667,48.0,20.0
0,fusion32_shuffled,89,8,False,0.7478260869565218,0.8958333333333334,48.0,43.0
0,v5_tta_s0,0,0,False,0.3076923076923077,0.375,48.0,18.0
0,v5_tta_s0,1,0,False,0.8421052631578947,0.8333333333333334,48.0,40.0
0,v5_tta_s0,2,0,False,0.7956989247311828,0.7708333333333334,48.0,37.0
0,v5_tta_s0,3,0,False,0.8761904761904762,0.9583333333333334,48.0,46.0
0,v5_tta_s0,4,8,True,0.1038961038961039,0.08333333333333333,48.0,4.0
0,v5_tta_s0,5,1,False,0.8539325842696629,0.8260869565217391,46.0,38.0
0,v5_tta_s0,6,1,False,0.6534653465346535,0.6875,48.0,33.0
0,v5_tta_s0,7,1,True,0.0,0.0,48.0,0.0
0,v5_tta_s0,8,1,False,0.6352941176470588,0.5625,48.0,27.0
0,v5_tta_s0,9,1,False,0.48148148148148145,0.5416666666666666,48.0,26.0
0,v5_tta_s0,10,1,False,0.21176470588235294,0.1875,48.0,9.0
0,v5_tta_s0,11,1,False,0.6136363636363636,0.5625,48.0,27.0
0,v5_tta_s0,12,1,True,0.0,0.0,48.0,0.0
0,v5_tta_s0,13,1,False,0.723404255319149,0.7083333333333334,48.0,34.0
0,v5_tta_s0,14,1,False,0.7835051546391752,0.7916666666666666,48.0,38.0
0,v5_tta_s0,15,1,False,0.8761904761904762,0.9583333333333334,48.0,46.0
0,v5_tta_s0,16,1,False,0.6428571428571429,0.5625,48.0,27.0
0,v5_tta_s0,17,1,False,0.5405405405405406,0.625,48.0,30.0
0,v5_tta_s0,18,1,False,0.4642857142857143,0.5416666666666666,48.0,26.0
0,v5_tta_s0,19,1,False,0.48936170212765956,0.4791666666666667,48.0,23.0
0,v5_tta_s0,20,2,False,0.543859649122807,0.6458333333333334,48.0,31.0
0,v5_tta_s0,21,2,False,0.7272727272727273,0.6666666666666666,48.0,32.0
0,v5_tta_s0,22,8,True,0.6506024096385542,0.6,45.0,27.0
0,v5_tta_s0,23,2,False,0.7032967032967034,0.6666666666666666,48.0,32.0
0,v5_tta_s0,24,2,False,0.7818181818181819,0.8958333333333334,48.0,43.0
0,v5_tta_s0,25,2,False,0.5769230769230769,0.625,48.0,30.0
0,v5_tta_s0,26,2,False,0.9896907216494846,1.0,48.0,48.0
0,v5_tta_s0,27,2,False,0.5510204081632653,0.5625,48.0,27.0
0,v5_tta_s0,28,2,False,0.9690721649484536,0.9791666666666666,48.0,47.0
0,v5_tta_s0,29,2,False,0.86,0.8958333333333334,48.0,43.0
0,v5_tta_s0,30,2,False,0.4153846153846154,0.5625,48.0,27.0
0,v5_tta_s0,31,2,False,0.9574468085106383,0.9375,48.0,45.0
0,v5_tta_s0,32,2,False,0.8514851485148515,0.8958333333333334,48.0,43.0
0,v5_tta_s0,33,2,False,0.7209302325581395,0.6458333333333334,48.0,31.0
0,v5_tta_s0,34,3,False,0.6,0.625,48.0,30.0
0,v5_tta_s0,35,3,False,0.8518518518518519,0.9583333333333334,48.0,46.0
0,v5_tta_s0,36,3,False,0.803921568627451,0.8541666666666666,48.0,41.0
0,v5_tta_s0,37,3,False,0.4318181818181818,0.3958333333333333,48.0,19.0
0,v5_tta_s0,38,3,True,0.0,0.0,48.0,0.0
0,v5_tta_s0,39,3,False,0.6122448979591837,0.625,48.0,30.0
0,v5_tta_s0,40,3,False,0.6666666666666666,0.6666666666666666,48.0,32.0
0,v5_tta_s0,41,3,False,0.2736842105263158,0.2708333333333333,48.0,13.0
0,v5_tta_s0,42,3,False,0.24,0.1875,48.0,9.0
0,v5_tta_s0,43,4,False,0.6470588235294118,0.6875,48.0,33.0
0,v5_tta_s0,44,4,False,0.6451612903225806,0.625,48.0,30.0
0,v5_tta_s0,45,8,True,0.03333333333333333,0.020833333333333332,48.0,1.0
0,v5_tta_s0,46,4,False,0.625,0.625,48.0,30.0
0,v5_tta_s0,47,4,False,0.8543689320388349,0.9166666666666666,48.0,44.0
0,v5_tta_s0,48,4,False,0.9591836734693877,0.9791666666666666,48.0,47.0
0,v5_tta_s0,49,4,False,0.15,0.125,48.0,6.0
0,v5_tta_s0,50,4,False,0.9896907216494846,1.0,48.0,48.0
0,v5_tta_s0,51,4,False,0.02702702702702703,0.020833333333333332,48.0,1.0
0,v5_tta_s0,52,4,False,0.09900990099009901,0.10416666666666667,48.0,5.0
0,v5_tta_s0,53,4,False,0.8,0.9565217391304348,46.0,44.0
0,v5_tta_s0,54,4,False,0.6538461538461539,0.7083333333333334,48.0,34.0
0,v5_tta_s0,55,4,False,0.6666666666666666,0.625,48.0,30.0
0,v5_tta_s0,56,4,False,0.6292134831460674,0.5833333333333334,48.0,28.0
0,v5_tta_s0,57,5,False,0.6796116504854369,0.7608695652173914,46.0,35.0
0,v5_tta_s0,58,5,False,0.7272727272727273,0.5833333333333334,48.0,28.0
0,v5_tta_s0,59,5,True,0.06153846153846154,0.041666666666666664,48.0,2.0
0,v5_tta_s0,60,5,True,0.2857142857142857,0.25,48.0,12.0
0,v5_tta_s0,61,8,True,0.3582089552238806,0.25,48.0,12.0
0,v5_tta_s0,62,5,False,0.5833333333333334,0.7291666666666666,48.0,35.0
0,v5_tta_s0,63,8,True,0.08333333333333333,0.0625,48.0,3.0
0,v5_tta_s0,64,8,True,0.5166666666666667,0.6458333333333334,48.0,31.0
0,v5_tta_s0,65,5,True,0.13793103448275862,0.08333333333333333,48.0,4.0
0,v5_tta_s0,66,5,True,0.044444444444444446,0.041666666666666664,48.0,2.0
0,v5_tta_s0,67,5,False,0.8653846153846154,0.9375,48.0,45.0
0,v5_tta_s0,68,5,False,0.7610619469026548,0.8958333333333334,48.0,43.0
0,v5_tta_s0,69,5,False,0.410958904109589,0.3125,48.0,15.0
0,v5_tta_s0,70,8,True,0.041666666666666664,0.041666666666666664,48.0,2.0
0,v5_tta_s0,71,5,True,0.0,0.0,48.0,0.0
0,v5_tta_s0,72,6,False,0.6716417910447762,0.9375,48.0,45.0
0,v5_tta_s0,73,6,False,0.4424778761061947,0.5208333333333334,48.0,25.0
0,v5_tta_s0,74,6,False,0.9896907216494846,1.0,48.0,48.0
0,v5_tta_s0,75,6,False,0.8333333333333334,0.7291666666666666,48.0,35.0
0,v5_tta_s0,76,6,False,0.6666666666666666,0.875,48.0,42.0
0,v5_tta_s0,77,7,False,0.7450980392156863,0.7916666666666666,48.0,38.0
0,v5_tta_s0,78,8,True,0.9019607843137255,0.9583333333333334,48.0,46.0
0,v5_tta_s0,79,8,True,0.0,0.0,48.0,0.0
0,v5_tta_s0,80,7,False,0.4409448818897638,0.5833333333333334,48.0,28.0
0,v5_tta_s0,81,7,False,0.49032258064516127,0.7916666666666666,48.0,38.0
0,v5_tta_s0,82,8,False,0.65,0.5416666666666666,48.0,26.0
0,v5_tta_s0,83,8,False,0.7311827956989247,0.7083333333333334,48.0,34.0
0,v5_tta_s0,84,8,False,0.6923076923076923,0.75,48.0,36.0
0,v5_tta_s0,85,8,False,0.8727272727272727,1.0,48.0,48.0
0,v5_tta_s0,86,8,False,0.5263157894736842,0.625,48.0,30.0
0,v5_tta_s0,87,8,False,0.8148148148148148,0.9166666666666666,48.0,44.0
0,v5_tta_s0,88,8,False,0.7021276595744681,0.6875,48.0,33.0
0,v5_tta_s0,89,8,False,0.6542056074766355,0.7291666666666666,48.0,35.0
0,v5_tta_s1,0,0,False,0.27722772277227725,0.2916666666666667,48.0,14.0
0,v5_tta_s1,1,0,False,0.8282828282828283,0.8541666666666666,48.0,41.0
0,v5_tta_s1,2,0,False,0.8,0.75,48.0,36.0
0,v5_tta_s1,3,0,False,0.8545454545454545,0.9791666666666666,48.0,47.0
0,v5_tta_s1,4,8,True,0.023809523809523808,0.020833333333333332,48.0,1.0
0,v5_tta_s1,5,1,False,0.8333333333333334,0.8695652173913043,46.0,40.0
0,v5_tta_s1,6,1,False,0.5849056603773585,0.6458333333333334,48.0,31.0
0,v5_tta_s1,7,1,True,0.02857142857142857,0.020833333333333332,48.0,1.0
0,v5_tta_s1,8,1,False,0.7551020408163265,0.7708333333333334,48.0,37.0
0,v5_tta_s1,9,1,False,0.6521739130434783,0.625,48.0,30.0
0,v5_tta_s1,10,1,False,0.3838383838383838,0.3958333333333333,48.0,19.0
0,v5_tta_s1,11,1,False,0.4888888888888889,0.4583333333333333,48.0,22.0
0,v5_tta_s1,12,1,True,0.0,0.0,48.0,0.0
0,v5_tta_s1,13,1,False,0.7346938775510204,0.75,48.0,36.0
0,v5_tta_s1,14,1,False,0.7789473684210526,0.7708333333333334,48.0,37.0
0,v5_tta_s1,15,1,False,0.9166666666666666,0.9166666666666666,48.0,44.0
0,v5_tta_s1,16,1,False,0.625,0.625,48.0,30.0
0,v5_tta_s1,17,1,False,0.4782608695652174,0.4583333333333333,48.0,22.0
0,v5_tta_s1,18,1,False,0.48214285714285715,0.5625,48.0,27.0
0,v5_tta_s1,19,1,False,0.5894736842105263,0.5833333333333334,48.0,28.0
0,v5_tta_s1,20,2,False,0.6534653465346535,0.6875,48.0,33.0
0,v5_tta_s1,21,2,False,0.6966292134831461,0.6458333333333334,48.0,31.0
0,v5_tta_s1,22,8,True,0.6,0.5333333333333333,45.0,24.0
0,v5_tta_s1,23,2,False,0.7142857142857143,0.7291666666666666,48.0,35.0
0,v5_tta_s1,24,2,False,0.8260869565217391,0.7916666666666666,48.0,38.0
0,v5_tta_s1,25,2,False,0.5391304347826087,0.6458333333333334,48.0,31.0
0,v5_tta_s1,26,2,False,0.9896907216494846,1.0,48.0,48.0
0,v5_tta_s1,27,2,False,0.58,0.6041666666666666,48.0,29.0
0,v5_tta_s1,28,2,False,0.9787234042553191,0.9583333333333334,48.0,46.0
0,v5_tta_s1,29,2,False,0.8764044943820225,0.8125,48.0,39.0
0,v5_tta_s1,30,2,False,0.35294117647058826,0.4375,48.0,21.0
0,v5_tta_s1,31,2,False,0.9278350515463918,0.9375,48.0,45.0
0,v5_tta_s1,32,2,False,0.8431372549019608,0.8958333333333334,48.0,43.0
0,v5_tta_s1,33,2,False,0.5897435897435898,0.4791666666666667,48.0,23.0
0,v5_tta_s1,34,3,False,0.6265060240963856,0.5416666666666666,48.0,26.0
0,v5_tta_s1,35,3,False,0.8865979381443299,0.8958333333333334,48.0,43.0
0,v5_tta_s1,36,3,False,0.845360824742268,0.8541666666666666,48.0,41.0
0,v5_tta_s1,37,3,False,0.3302752293577982,0.375,48.0,18.0
0,v5_tta_s1,38,3,True,0.0,0.0,48.0,0.0
0,v5_tta_s1,39,3,False,0.5842696629213483,0.5416666666666666,48.0,26.0
0,v5_tta_s1,40,3,False,0.723404255319149,0.7083333333333334,48.0,34.0
0,v5_tta_s1,41,3,False,0.19718309859154928,0.14583333333333334,48.0,7.0
0,v5_tta_s1,42,3,False,0.30952380952380953,0.2708333333333333,48.0,13.0
0,v5_tta_s1,43,4,False,0.594059405940594,0.625,48.0,30.0
0,v5_tta_s1,44,4,False,0.6336633663366337,0.6666666666666666,48.0,32.0
0,v5_tta_s1,45,8,True,0.03773584905660377,0.020833333333333332,48.0,1.0
0,v5_tta_s1,46,4,False,0.6086956521739131,0.5833333333333334,48.0,28.0
0,v5_tta_s1,47,4,False,0.8349514563106796,0.8958333333333334,48.0,43.0
0,v5_tta_s1,48,4,False,0.92,0.9583333333333334,48.0,46.0
0,v5_tta_s1,49,4,False,0.18181818181818182,0.16666666666666666,48.0,8.0
0,v5_tta_s1,50,4,False,0.9894736842105263,0.9791666666666666,48.0,47.0
0,v5_tta_s1,51,4,False,0.09836065573770492,0.125,48.0,6.0
0,v5_tta_s1,52,4,False,0.2247191011235955,0.20833333333333334,48.0,10.0
0,v5_tta_s1,53,4,False,0.8484848484848485,0.9130434782608695,46.0,42.0
0,v5_tta_s1,54,4,False,0.7555555555555555,0.7083333333333334,48.0,34.0
0,v5_tta_s1,55,4,False,0.7083333333333334,0.7083333333333334,48.0,34.0
0,v5_tta_s1,56,4,False,0.7128712871287128,0.75,48.0,36.0
0,v5_tta_s1,57,5,False,0.7169811320754716,0.8260869565217391,46.0,38.0
0,v5_tta_s1,58,5,False,0.6896551724137931,0.625,48.0,30.0
0,v5_tta_s1,59,5,True,0.275,0.22916666666666666,48.0,11.0
0,v5_tta_s1,60,5,True,0.48936170212765956,0.4791666666666667,48.0,23.0
0,v5_tta_s1,61,8,True,0.36923076923076925,0.25,48.0,12.0
0,v5_tta_s1,62,5,False,0.6851851851851852,0.7708333333333334,48.0,37.0
0,v5_tta_s1,63,8,True,0.028169014084507043,0.020833333333333332,48.0,1.0
0,v5_tta_s1,64,8,True,0.4153846153846154,0.5625,48.0,27.0
0,v5_tta_s1,65,5,True,0.26865671641791045,0.1875,48.0,9.0
0,v5_tta_s1,66,5,True,0.14285714285714285,0.14583333333333334,48.0,7.0
0,v5_tta_s1,67,5,False,0.8888888888888888,0.9166666666666666,48.0,44.0
0,v5_tta_s1,68,5,False,0.8764044943820225,0.8125,48.0,39.0
0,v5_tta_s1,69,5,False,0.34782608695652173,0.25,48.0,12.0
0,v5_tta_s1,70,8,True,0.044444444444444446,0.041666666666666664,48.0,2.0
0,v5_tta_s1,71,5,True,0.027777777777777776,0.020833333333333332,48.0,1.0
0,v5_tta_s1,72,6,False,0.6666666666666666,0.8125,48.0,39.0
0,v5_tta_s1,73,6,False,0.4077669902912621,0.4375,48.0,21.0
0,v5_tta_s1,74,6,False,0.9690721649484536,0.9791666666666666,48.0,47.0
0,v5_tta_s1,75,6,False,0.8602150537634409,0.8333333333333334,48.0,40.0
0,v5_tta_s1,76,6,False,0.6942148760330579,0.875,48.0,42.0
0,v5_tta_s1,77,7,False,0.7659574468085106,0.75,48.0,36.0
0,v5_tta_s1,78,8,True,0.8333333333333334,0.9375,48.0,45.0
0,v5_tta_s1,79,8,True,0.0,0.0,48.0,0.0
0,v5_tta_s1,80,7,False,0.47058823529411764,0.5833333333333334,48.0,28.0
0,v5_tta_s1,81,7,False,0.44171779141104295,0.75,48.0,36.0
0,v5_tta_s1,82,8,False,0.72,0.75,48.0,36.0
0,v5_tta_s1,83,8,False,0.7555555555555555,0.7083333333333334,48.0,34.0
0,v5_tta_s1,84,8,False,0.6153846153846154,0.6666666666666666,48.0,32.0
0,v5_tta_s1,85,8,False,0.7559055118110236,1.0,48.0,48.0
0,v5_tta_s1,86,8,False,0.5681818181818182,0.5208333333333334,48.0,25.0
0,v5_tta_s1,87,8,False,0.7758620689655172,0.9375,48.0,45.0
0,v5_tta_s1,88,8,False,0.7326732673267327,0.7708333333333334,48.0,37.0
0,v5_tta_s1,89,8,False,0.7256637168141593,0.8541666666666666,48.0,41.0
0,v5_tta_s2,0,0,False,0.23076923076923078,0.25,48.0,12.0
0,v5_tta_s2,1,0,False,0.8172043010752689,0.7916666666666666,48.0,38.0
0,v5_tta_s2,2,0,False,0.7526881720430108,0.7291666666666666,48.0,35.0
0,v5_tta_s2,3,0,False,0.8679245283018868,0.9583333333333334,48.0,46.0
0,v5_tta_s2,4,8,True,0.11235955056179775,0.10416666666666667,48.0,5.0
0,v5_tta_s2,5,1,False,0.8333333333333334,0.8695652173913043,46.0,40.0
0,v5_tta_s2,6,1,False,0.6181818181818182,0.7083333333333334,48.0,34.0
0,v5_tta_s2,7,1,True,0.0,0.0,48.0,0.0
0,v5_tta_s2,8,1,False,0.6444444444444445,0.6041666666666666,48.0,29.0
0,v5_tta_s2,9,1,False,0.6105263157894737,0.6041666666666666,48.0,29.0
0,v5_tta_s2,10,1,False,0.2702702702702703,0.20833333333333334,48.0,10.0
0,v5_tta_s2,11,1,False,0.5773195876288659,0.5833333333333334,48.0,28.0
0,v5_tta_s2,12,1,True,0.0,0.0,48.0,0.0
0,v5_tta_s2,13,1,False,0.7083333333333334,0.7083333333333334,48.0,34.0
0,v5_tta_s2,14,1,False,0.7878787878787878,0.8125,48.0,39.0
0,v5_tta_s2,15,1,False,0.92,0.9583333333333334,48.0,46.0
0,v5_tta_s2,16,1,False,0.6511627906976745,0.5833333333333334,48.0,28.0
0,v5_tta_s2,17,1,False,0.6060606060606061,0.625,48.0,30.0
0,v5_tta_s2,18,1,False,0.5042016806722689,0.625,48.0,30.0
0,v5_tta_s2,19,1,False,0.66,0.6875,48.0,33.0
0,v5_tta_s2,20,2,False,0.5957446808510638,0.5833333333333334,48.0,28.0
0,v5_tta_s2,21,2,False,0.7209302325581395,0.6458333333333334,48.0,31.0
0,v5_tta_s2,22,8,True,0.6829268292682927,0.6222222222222222,45.0,28.0
0,v5_tta_s2,23,2,False,0.7741935483870968,0.75,48.0,36.0
0,v5_tta_s2,24,2,False,0.8431372549019608,0.8958333333333334,48.0,43.0
0,v5_tta_s2,25,2,False,0.5918367346938775,0.6041666666666666,48.0,29.0
0,v5_tta_s2,26,2,False,1.0,1.0,48.0,48.0
0,v5_tta_s2,27,2,False,0.5436893203883495,0.5833333333333334,48.0,28.0
0,v5_tta_s2,28,2,False,0.9795918367346939,1.0,48.0,48.0
0,v5_tta_s2,29,2,False,0.8723404255319149,0.8541666666666666,48.0,41.0
0,v5_tta_s2,30,2,False,0.4369747899159664,0.5416666666666666,48.0,26.0
0,v5_tta_s2,31,2,False,0.9292929292929293,0.9583333333333334,48.0,46.0
0,v5_tta_s2,32,2,False,0.8737864077669902,0.9375,48.0,45.0
0,v5_tta_s2,33,2,False,0.5777777777777777,0.5416666666666666,48.0,26.0
0,v5_tta_s2,34,3,False,0.5822784810126582,0.4791666666666667,48.0,23.0
0,v5_tta_s2,35,3,False,0.9,0.9375,48.0,45.0
0,v5_tta_s2,36,3,False,0.8367346938775511,0.8541666666666666,48.0,41.0
0,v5_tta_s2,37,3,False,0.40816326530612246,0.4166666666666667,48.0,20.0
0,v5_tta_s2,38,3,True,0.0,0.0,48.0,0.0
0,v5_tta_s2,39,3,False,0.6060606060606061,0.625,48.0,30.0
0,v5_tta_s2,40,3,False,0.6923076923076923,0.75,48.0,36.0
0,v5_tta_s2,41,3,False,0.32967032967032966,0.3125,48.0,15.0
0,v5_tta_s2,42,3,False,0.4375,0.4375,48.0,21.0
0,v5_tta_s2,43,4,False,0.6407766990291263,0.6875,48.0,33.0
0,v5_tta_s2,44,4,False,0.6464646464646465,0.6666666666666666,48.0,32.0
0,v5_tta_s2,45,8,True,0.0,0.0,48.0,0.0
0,v5_tta_s2,46,4,False,0.6595744680851063,0.6458333333333334,48.0,31.0
0,v5_tta_s2,47,4,False,0.7964601769911505,0.9375,48.0,45.0
0,v5_tta_s2,48,4,False,0.9306930693069307,0.9791666666666666,48.0,47.0
0,v5_tta_s2,49,4,False,0.1834862385321101,0.20833333333333334,48.0,10.0
0,v5_tta_s2,50,4,False,0.9896907216494846,1.0,48.0,48.0
0,v5_tta_s2,51,4,False,0.10666666666666667,0.08333333333333333,48.0,4.0
0,v5_tta_s2,52,4,False,0.15841584158415842,0.16666666666666666,48.0,8.0
0,v5_tta_s2,53,4,False,0.8113207547169812,0.9347826086956522,46.0,43.0
0,v5_tta_s2,54,4,False,0.62,0.6458333333333334,48.0,31.0
0,v5_tta_s2,55,4,False,0.7157894736842105,0.7083333333333334,48.0,34.0
0,v5_tta_s2,56,4,False,0.6956521739130435,0.6666666666666666,48.0,32.0
0,v5_tta_s2,57,5,False,0.7222222222222222,0.8478260869565217,46.0,39.0
0,v5_tta_s2,58,5,False,0.7654320987654321,0.6458333333333334,48.0,31.0
0,v5_tta_s2,59,5,True,0.2682926829268293,0.22916666666666666,48.0,11.0
0,v5_tta_s2,60,5,True,0.4883720930232558,0.4375,48.0,21.0
0,v5_tta_s2,61,8,True,0.37333333333333335,0.2916666666666667,48.0,14.0
0,v5_tta_s2,62,5,False,0.6551724137931034,0.7916666666666666,48.0,38.0
0,v5_tta_s2,63,8,True,0.08571428571428572,0.0625,48.0,3.0
0,v5_tta_s2,64,8,True,0.5,0.6666666666666666,48.0,32.0
0,v5_tta_s2,65,5,True,0.21212121212121213,0.14583333333333334,48.0,7.0
0,v5_tta_s2,66,5,True,0.06593406593406594,0.0625,48.0,3.0
0,v5_tta_s2,67,5,False,0.8288288288288288,0.9583333333333334,48.0,46.0
0,v5_tta_s2,68,5,False,0.8775510204081632,0.8958333333333334,48.0,43.0
0,v5_tta_s2,69,5,False,0.36619718309859156,0.2708333333333333,48.0,13.0
0,v5_tta_s2,70,8,True,0.04878048780487805,0.041666666666666664,48.0,2.0
0,v5_tta_s2,71,5,True,0.13793103448275862,0.125,48.0,6.0
0,v5_tta_s2,72,6,False,0.6557377049180327,0.8333333333333334,48.0,40.0
0,v5_tta_s2,73,6,False,0.4036697247706422,0.4583333333333333,48.0,22.0
0,v5_tta_s2,74,6,False,0.9787234042553191,0.9583333333333334,48.0,46.0
0,v5_tta_s2,75,6,False,0.8735632183908046,0.7916666666666666,48.0,38.0
0,v5_tta_s2,76,6,False,0.6868686868686869,0.7083333333333334,48.0,34.0
0,v5_tta_s2,77,7,False,0.8163265306122449,0.8333333333333334,48.0,40.0
0,v5_tta_s2,78,8,True,0.92,0.9583333333333334,48.0,46.0
0,v5_tta_s2,79,8,True,0.0,0.0,48.0,0.0
0,v5_tta_s2,80,7,False,0.45528455284552843,0.5833333333333334,48.0,28.0
0,v5_tta_s2,81,7,False,0.49295774647887325,0.7291666666666666,48.0,35.0
0,v5_tta_s2,82,8,False,0.6938775510204082,0.7083333333333334,48.0,34.0
0,v5_tta_s2,83,8,False,0.8,0.75,48.0,36.0
0,v5_tta_s2,84,8,False,0.6055045871559633,0.6875,48.0,33.0
0,v5_tta_s2,85,8,False,0.8431372549019608,0.8958333333333334,48.0,43.0
0,v5_tta_s2,86,8,False,0.5740740740740741,0.6458333333333334,48.0,31.0
0,v5_tta_s2,87,8,False,0.8867924528301887,0.9791666666666666,48.0,47.0
0,v5_tta_s2,88,8,False,0.6597938144329897,0.6666666666666666,48.0,32.0
0,v5_tta_s2,89,8,False,0.6612903225806451,0.8541666666666666,48.0,41.0
0,fusion_v5_equal_s0,0,0,False,0.3888888888888889,0.4375,48.0,21.0
0,fusion_v5_equal_s0,1,0,False,0.8260869565217391,0.7916666666666666,48.0,38.0
0,fusion_v5_equal_s0,2,0,False,0.8888888888888888,0.9166666666666666,48.0,44.0
0,fusion_v5_equal_s0,3,0,False,0.8958333333333334,0.8958333333333334,48.0,43.0
0,fusion_v5_equal_s0,4,8,True,0.4,0.3333333333333333,48.0,16.0
0,fusion_v5_equal_s0,5,1,False,0.86,0.9347826086956522,46.0,43.0
0,fusion_v5_equal_s0,6,1,False,0.7111111111111111,0.6666666666666666,48.0,32.0
0,fusion_v5_equal_s0,7,1,True,0.0,0.0,48.0,0.0
0,fusion_v5_equal_s0,8,1,False,0.8,0.7916666666666666,48.0,38.0
0,fusion_v5_equal_s0,9,1,False,0.7142857142857143,0.7291666666666666,48.0,35.0
0,fusion_v5_equal_s0,10,1,False,0.3373493975903614,0.2916666666666667,48.0,14.0
0,fusion_v5_equal_s0,11,1,False,0.5652173913043478,0.5416666666666666,48.0,26.0
0,fusion_v5_equal_s0,12,1,True,0.18461538461538463,0.125,48.0,6.0
0,fusion_v5_equal_s0,13,1,False,0.6741573033707865,0.625,48.0,30.0
0,fusion_v5_equal_s0,14,1,False,0.86,0.8958333333333334,48.0,43.0
0,fusion_v5_equal_s0,15,1,False,0.8103448275862069,0.9791666666666666,48.0,47.0
0,fusion_v5_equal_s0,16,1,False,0.7472527472527473,0.7083333333333334,48.0,34.0
0,fusion_v5_equal_s0,17,1,False,0.672566371681416,0.7916666666666666,48.0,38.0
0,fusion_v5_equal_s0,18,1,False,0.6355140186915887,0.7083333333333334,48.0,34.0
0,fusion_v5_equal_s0,19,1,False,0.6304347826086957,0.6041666666666666,48.0,29.0
0,fusion_v5_equal_s0,20,2,False,0.673469387755102,0.6875,48.0,33.0
0,fusion_v5_equal_s0,21,2,False,0.7529411764705882,0.6666666666666666,48.0,32.0
0,fusion_v5_equal_s0,22,8,True,0.6444444444444445,0.6444444444444445,45.0,29.0
0,fusion_v5_equal_s0,23,2,False,0.723404255319149,0.7083333333333334,48.0,34.0
0,fusion_v5_equal_s0,24,2,False,0.8411214953271028,0.9375,48.0,45.0
0,fusion_v5_equal_s0,25,2,False,0.6285714285714286,0.6875,48.0,33.0
0,fusion_v5_equal_s0,26,2,False,0.9896907216494846,1.0,48.0,48.0
0,fusion_v5_equal_s0,27,2,False,0.5346534653465347,0.5625,48.0,27.0
0,fusion_v5_equal_s0,28,2,False,0.9591836734693877,0.9791666666666666,48.0,47.0
0,fusion_v5_equal_s0,29,2,False,0.7708333333333334,0.7708333333333334,48.0,37.0
0,fusion_v5_equal_s0,30,2,False,0.5,0.6458333333333334,48.0,31.0
0,fusion_v5_equal_s0,31,2,False,0.8888888888888888,0.9166666666666666,48.0,44.0
0,fusion_v5_equal_s0,32,2,False,0.8118811881188119,0.8541666666666666,48.0,41.0
0,fusion_v5_equal_s0,33,2,False,0.6346153846153846,0.6875,48.0,33.0
0,fusion_v5_equal_s0,34,3,False,0.6274509803921569,0.6666666666666666,48.0,32.0
0,fusion_v5_equal_s0,35,3,False,0.8761904761904762,0.9583333333333334,48.0,46.0
0,fusion_v5_equal_s0,36,3,False,0.8712871287128713,0.9166666666666666,48.0,44.0
0,fusion_v5_equal_s0,37,3,False,0.5274725274725275,0.5,48.0,24.0
0,fusion_v5_equal_s0,38,3,True,0.0,0.0,48.0,0.0
0,fusion_v5_equal_s0,39,3,False,0.6736842105263158,0.6666666666666666,48.0,32.0
0,fusion_v5_equal_s0,40,3,False,0.75,0.75,48.0,36.0
0,fusion_v5_equal_s0,41,3,False,0.29411764705882354,0.3125,48.0,15.0
0,fusion_v5_equal_s0,42,3,False,0.43373493975903615,0.375,48.0,18.0
0,fusion_v5_equal_s0,43,4,False,0.7058823529411765,0.75,48.0,36.0
0,fusion_v5_equal_s0,44,4,False,0.7727272727272727,0.7083333333333334,48.0,34.0
0,fusion_v5_equal_s0,45,8,True,0.30303030303030304,0.20833333333333334,48.0,10.0
0,fusion_v5_equal_s0,46,4,False,0.7096774193548387,0.6875,48.0,33.0
0,fusion_v5_equal_s0,47,4,False,0.92,0.9583333333333334,48.0,46.0
0,fusion_v5_equal_s0,48,4,False,0.9108910891089109,0.9583333333333334,48.0,46.0
0,fusion_v5_equal_s0,49,4,False,0.136986301369863,0.10416666666666667,48.0,5.0
0,fusion_v5_equal_s0,50,4,False,0.968421052631579,0.9583333333333334,48.0,46.0
0,fusion_v5_equal_s0,51,4,False,0.18666666666666668,0.14583333333333334,48.0,7.0
0,fusion_v5_equal_s0,52,4,False,0.27350427350427353,0.3333333333333333,48.0,16.0
0,fusion_v5_equal_s0,53,4,False,0.8411214953271028,0.9782608695652174,46.0,45.0
0,fusion_v5_equal_s0,54,4,False,0.7368421052631579,0.7291666666666666,48.0,35.0
0,fusion_v5_equal_s0,55,4,False,0.7526881720430108,0.7291666666666666,48.0,35.0
0,fusion_v5_equal_s0,56,4,False,0.7021276595744681,0.6875,48.0,33.0
0,fusion_v5_equal_s0,57,5,False,0.7676767676767676,0.8260869565217391,46.0,38.0
0,fusion_v5_equal_s0,58,5,False,0.7070707070707071,0.7291666666666666,48.0,35.0
0,fusion_v5_equal_s0,59,5,True,0.14285714285714285,0.10416666666666667,48.0,5.0
0,fusion_v5_equal_s0,60,5,True,0.33766233766233766,0.2708333333333333,48.0,13.0
0,fusion_v5_equal_s0,61,8,True,0.18461538461538463,0.125,48.0,6.0
0,fusion_v5_equal_s0,62,5,False,0.6551724137931034,0.7916666666666666,48.0,38.0
0,fusion_v5_equal_s0,63,8,True,0.08571428571428572,0.0625,48.0,3.0
0,fusion_v5_equal_s0,64,8,True,0.5376344086021505,0.5208333333333334,48.0,25.0
0,fusion_v5_equal_s0,65,5,True,0.08955223880597014,0.0625,48.0,3.0
0,fusion_v5_equal_s0,66,5,True,0.06818181818181818,0.0625,48.0,3.0
0,fusion_v5_equal_s0,67,5,False,0.9019607843137255,0.9583333333333334,48.0,46.0
0,fusion_v5_equal_s0,68,5,False,0.9387755102040817,0.9583333333333334,48.0,46.0
0,fusion_v5_equal_s0,69,5,False,0.6190476190476191,0.5416666666666666,48.0,26.0
0,fusion_v5_equal_s0,70,8,True,0.1,0.08333333333333333,48.0,4.0
0,fusion_v5_equal_s0,71,5,True,0.0,0.0,48.0,0.0
0,fusion_v5_equal_s0,72,6,False,0.7166666666666667,0.8958333333333334,48.0,43.0
0,fusion_v5_equal_s0,73,6,False,0.5420560747663551,0.6041666666666666,48.0,29.0
0,fusion_v5_equal_s0,74,6,False,0.912621359223301,0.9791666666666666,48.0,47.0
0,fusion_v5_equal_s0,75,6,False,0.6730769230769231,0.7291666666666666,48.0,35.0
0,fusion_v5_equal_s0,76,6,False,0.8148148148148148,0.9166666666666666,48.0,44.0
0,fusion_v5_equal_s0,77,7,False,0.8282828282828283,0.8541666666666666,48.0,41.0
0,fusion_v5_equal_s0,78,8,True,0.8131868131868132,0.7708333333333334,48.0,37.0
0,fusion_v5_equal_s0,79,8,True,0.40625,0.2708333333333333,48.0,13.0
0,fusion_v5_equal_s0,80,7,False,0.4603174603174603,0.6041666666666666,48.0,29.0
0,fusion_v5_equal_s0,81,7,False,0.45714285714285713,0.6666666666666666,48.0,32.0
0,fusion_v5_equal_s0,82,8,False,0.7252747252747253,0.6875,48.0,33.0
0,fusion_v5_equal_s0,83,8,False,0.631578947368421,0.5,48.0,24.0
0,fusion_v5_equal_s0,84,8,False,0.6964285714285714,0.8125,48.0,39.0
0,fusion_v5_equal_s0,85,8,False,0.8461538461538461,0.9166666666666666,48.0,44.0
0,fusion_v5_equal_s0,86,8,False,0.6470588235294118,0.6875,48.0,33.0
0,fusion_v5_equal_s0,87,8,False,0.7964601769911505,0.9375,48.0,45.0
0,fusion_v5_equal_s0,88,8,False,0.5952380952380952,0.5208333333333334,48.0,25.0
0,fusion_v5_equal_s0,89,8,False,0.7378640776699029,0.7916666666666666,48.0,38.0
0,fusion_v5_equal_s1,0,0,False,0.3564356435643564,0.375,48.0,18.0
0,fusion_v5_equal_s1,1,0,False,0.8118811881188119,0.8541666666666666,48.0,41.0
0,fusion_v5_equal_s1,2,0,False,0.9166666666666666,0.9166666666666666,48.0,44.0
0,fusion_v5_equal_s1,3,0,False,0.8979591836734694,0.9166666666666666,48.0,44.0
0,fusion_v5_equal_s1,4,8,True,0.4,0.3541666666666667,48.0,17.0
0,fusion_v5_equal_s1,5,1,False,0.8484848484848485,0.9130434782608695,46.0,42.0
0,fusion_v5_equal_s1,6,1,False,0.6170212765957447,0.6041666666666666,48.0,29.0
0,fusion_v5_equal_s1,7,1,True,0.0,0.0,48.0,0.0
0,fusion_v5_equal_s1,8,1,False,0.8041237113402062,0.8125,48.0,39.0
0,fusion_v5_equal_s1,9,1,False,0.7755102040816326,0.7916666666666666,48.0,38.0
0,fusion_v5_equal_s1,10,1,False,0.45652173913043476,0.4375,48.0,21.0
0,fusion_v5_equal_s1,11,1,False,0.5057471264367817,0.4583333333333333,48.0,22.0
0,fusion_v5_equal_s1,12,1,True,0.16129032258064516,0.10416666666666667,48.0,5.0
0,fusion_v5_equal_s1,13,1,False,0.6938775510204082,0.7083333333333334,48.0,34.0
0,fusion_v5_equal_s1,14,1,False,0.7755102040816326,0.7916666666666666,48.0,38.0
0,fusion_v5_equal_s1,15,1,False,0.831858407079646,0.9791666666666666,48.0,47.0
0,fusion_v5_equal_s1,16,1,False,0.7142857142857143,0.7291666666666666,48.0,35.0
0,fusion_v5_equal_s1,17,1,False,0.6355140186915887,0.7083333333333334,48.0,34.0
0,fusion_v5_equal_s1,18,1,False,0.5471698113207547,0.6041666666666666,48.0,29.0
0,fusion_v5_equal_s1,19,1,False,0.631578947368421,0.625,48.0,30.0
0,fusion_v5_equal_s1,20,2,False,0.6736842105263158,0.6666666666666666,48.0,32.0
0,fusion_v5_equal_s1,21,2,False,0.7333333333333333,0.6875,48.0,33.0
0,fusion_v5_equal_s1,22,8,True,0.6153846153846154,0.6222222222222222,45.0,28.0
0,fusion_v5_equal_s1,23,2,False,0.7446808510638298,0.7291666666666666,48.0,35.0
0,fusion_v5_equal_s1,24,2,False,0.8421052631578947,0.8333333333333334,48.0,40.0
0,fusion_v5_equal_s1,25,2,False,0.6415094339622641,0.7083333333333334,48.0,34.0
0,fusion_v5_equal_s1,26,2,False,0.9896907216494846,1.0,48.0,48.0
0,fusion_v5_equal_s1,27,2,False,0.5979381443298969,0.6041666666666666,48.0,29.0
0,fusion_v5_equal_s1,28,2,False,0.9690721649484536,0.9791666666666666,48.0,47.0
0,fusion_v5_equal_s1,29,2,False,0.7674418604651163,0.6875,48.0,33.0
0,fusion_v5_equal_s1,30,2,False,0.4067796610169492,0.5,48.0,24.0
0,fusion_v5_equal_s1,31,2,False,0.9032258064516129,0.875,48.0,42.0
0,fusion_v5_equal_s1,32,2,False,0.8155339805825242,0.875,48.0,42.0
0,fusion_v5_equal_s1,33,2,False,0.5,0.4583333333333333,48.0,22.0
0,fusion_v5_equal_s1,34,3,False,0.6304347826086957,0.6041666666666666,48.0,29.0
0,fusion_v5_equal_s1,35,3,False,0.8842105263157894,0.875,48.0,42.0
0,fusion_v5_equal_s1,36,3,False,0.8888888888888888,0.9166666666666666,48.0,44.0
0,fusion_v5_equal_s1,37,3,False,0.5252525252525253,0.5416666666666666,48.0,26.0
0,fusion_v5_equal_s1,38,3,True,0.0,0.0,48.0,0.0
0,fusion_v5_equal_s1,39,3,False,0.6666666666666666,0.625,48.0,30.0
0,fusion_v5_equal_s1,40,3,False,0.7070707070707071,0.7291666666666666,48.0,35.0
0,fusion_v5_equal_s1,41,3,False,0.23076923076923078,0.1875,48.0,9.0
0,fusion_v5_equal_s1,42,3,False,0.5106382978723404,0.5,48.0,24.0
0,fusion_v5_equal_s1,43,4,False,0.72,0.75,48.0,36.0
0,fusion_v5_equal_s1,44,4,False,0.7708333333333334,0.7708333333333334,48.0,37.0
0,fusion_v5_equal_s1,45,8,True,0.3283582089552239,0.22916666666666666,48.0,11.0
0,fusion_v5_equal_s1,46,4,False,0.6153846153846154,0.5833333333333334,48.0,28.0
0,fusion_v5_equal_s1,47,4,False,0.9052631578947369,0.8958333333333334,48.0,43.0
0,fusion_v5_equal_s1,48,4,False,0.8932038834951457,0.9583333333333334,48.0,46.0
0,fusion_v5_equal_s1,49,4,False,0.1927710843373494,0.16666666666666666,48.0,8.0
0,fusion_v5_equal_s1,50,4,False,0.9565217391304348,0.9166666666666666,48.0,44.0
0,fusion_v5_equal_s1,51,4,False,0.1694915254237288,0.20833333333333334,48.0,10.0
0,fusion_v5_equal_s1,52,4,False,0.27184466019417475,0.2916666666666667,48.0,14.0
0,fusion_v5_equal_s1,53,4,False,0.9183673469387755,0.9782608695652174,46.0,45.0
0,fusion_v5_equal_s1,54,4,False,0.7526881720430108,0.7291666666666666,48.0,35.0
0,fusion_v5_equal_s1,55,4,False,0.7659574468085106,0.75,48.0,36.0
0,fusion_v5_equal_s1,56,4,False,0.7346938775510204,0.75,48.0,36.0
0,fusion_v5_equal_s1,57,5,False,0.7959183673469388,0.8478260869565217,46.0,39.0
0,fusion_v5_equal_s1,58,5,False,0.7128712871287128,0.75,48.0,36.0
0,fusion_v5_equal_s1,59,5,True,0.2077922077922078,0.16666666666666666,48.0,8.0
0,fusion_v5_equal_s1,60,5,True,0.5060240963855421,0.4375,48.0,21.0
0,fusion_v5_equal_s1,61,8,True,0.15873015873015872,0.10416666666666667,48.0,5.0
0,fusion_v5_equal_s1,62,5,False,0.6909090909090909,0.7916666666666666,48.0,38.0
0,fusion_v5_equal_s1,63,8,True,0.06153846153846154,0.041666666666666664,48.0,2.0
0,fusion_v5_equal_s1,64,8,True,0.5048543689320388,0.5416666666666666,48.0,26.0
0,fusion_v5_equal_s1,65,5,True,0.11594202898550725,0.08333333333333333,48.0,4.0
0,fusion_v5_equal_s1,66,5,True,0.10752688172043011,0.10416666666666667,48.0,5.0
0,fusion_v5_equal_s1,67,5,False,0.9,0.9375,48.0,45.0
0,fusion_v5_equal_s1,68,5,False,0.9484536082474226,0.9583333333333334,48.0,46.0
0,fusion_v5_equal_s1,69,5,False,0.6666666666666666,0.5833333333333334,48.0,28.0
0,fusion_v5_equal_s1,70,8,True,0.1282051282051282,0.10416666666666667,48.0,5.0
0,fusion_v5_equal_s1,71,5,True,0.024691358024691357,0.020833333333333332,48.0,1.0
0,fusion_v5_equal_s1,72,6,False,0.6833333333333333,0.8541666666666666,48.0,41.0
0,fusion_v5_equal_s1,73,6,False,0.5111111111111111,0.4791666666666667,48.0,23.0
0,fusion_v5_equal_s1,74,6,False,0.9320388349514563,1.0,48.0,48.0
0,fusion_v5_equal_s1,75,6,False,0.7522935779816514,0.8541666666666666,48.0,41.0
0,fusion_v5_equal_s1,76,6,False,0.7787610619469026,0.9166666666666666,48.0,44.0
0,fusion_v5_equal_s1,77,7,False,0.82,0.8541666666666666,48.0,41.0
0,fusion_v5_equal_s1,78,8,True,0.7446808510638298,0.7291666666666666,48.0,35.0
0,fusion_v5_equal_s1,79,8,True,0.46875,0.3125,48.0,15.0
0,fusion_v5_equal_s1,80,7,False,0.5,0.6458333333333334,48.0,31.0
0,fusion_v5_equal_s1,81,7,False,0.45751633986928103,0.7291666666666666,48.0,35.0
0,fusion_v5_equal_s1,82,8,False,0.76,0.7916666666666666,48.0,38.0
0,fusion_v5_equal_s1,83,8,False,0.6923076923076923,0.5625,48.0,27.0
0,fusion_v5_equal_s1,84,8,False,0.6545454545454545,0.75,48.0,36.0
0,fusion_v5_equal_s1,85,8,False,0.8490566037735849,0.9375,48.0,45.0
0,fusion_v5_equal_s1,86,8,False,0.6741573033707865,0.625,48.0,30.0
0,fusion_v5_equal_s1,87,8,False,0.7899159663865546,0.9791666666666666,48.0,47.0
0,fusion_v5_equal_s1,88,8,False,0.6588235294117647,0.5833333333333334,48.0,28.0
0,fusion_v5_equal_s1,89,8,False,0.7647058823529411,0.8125,48.0,39.0
0,fusion_v5_equal_s2,0,0,False,0.2765957446808511,0.2708333333333333,48.0,13.0
0,fusion_v5_equal_s2,1,0,False,0.8333333333333334,0.8333333333333334,48.0,40.0
0,fusion_v5_equal_s2,2,0,False,0.9072164948453608,0.9166666666666666,48.0,44.0
0,fusion_v5_equal_s2,3,0,False,0.8842105263157894,0.875,48.0,42.0
0,fusion_v5_equal_s2,4,8,True,0.36363636363636365,0.3333333333333333,48.0,16.0
0,fusion_v5_equal_s2,5,1,False,0.8627450980392157,0.9565217391304348,46.0,44.0
0,fusion_v5_equal_s2,6,1,False,0.6597938144329897,0.6666666666666666,48.0,32.0
0,fusion_v5_equal_s2,7,1,True,0.0,0.0,48.0,0.0
0,fusion_v5_equal_s2,8,1,False,0.7676767676767676,0.7916666666666666,48.0,38.0
0,fusion_v5_equal_s2,9,1,False,0.7291666666666666,0.7291666666666666,48.0,35.0
0,fusion_v5_equal_s2,10,1,False,0.3333333333333333,0.2708333333333333,48.0,13.0
0,fusion_v5_equal_s2,11,1,False,0.6292134831460674,0.5833333333333334,48.0,28.0
0,fusion_v5_equal_s2,12,1,True,0.16129032258064516,0.10416666666666667,48.0,5.0
0,fusion_v5_equal_s2,13,1,False,0.7252747252747253,0.6875,48.0,33.0
0,fusion_v5_equal_s2,14,1,False,0.8,0.8333333333333334,48.0,40.0
0,fusion_v5_equal_s2,15,1,False,0.8245614035087719,0.9791666666666666,48.0,47.0
0,fusion_v5_equal_s2,16,1,False,0.8260869565217391,0.7916666666666666,48.0,38.0
0,fusion_v5_equal_s2,17,1,False,0.6534653465346535,0.6875,48.0,33.0
0,fusion_v5_equal_s2,18,1,False,0.6548672566371682,0.7708333333333334,48.0,37.0
0,fusion_v5_equal_s2,19,1,False,0.6526315789473685,0.6458333333333334,48.0,31.0
0,fusion_v5_equal_s2,20,2,False,0.651685393258427,0.6041666666666666,48.0,29.0
0,fusion_v5_equal_s2,21,2,False,0.6987951807228916,0.6041666666666666,48.0,29.0
0,fusion_v5_equal_s2,22,8,True,0.6086956521739131,0.6222222222222222,45.0,28.0
0,fusion_v5_equal_s2,23,2,False,0.7572815533980582,0.8125,48.0,39.0
0,fusion_v5_equal_s2,24,2,False,0.8653846153846154,0.9375,48.0,45.0
0,fusion_v5_equal_s2,25,2,False,0.6021505376344086,0.5833333333333334,48.0,28.0
0,fusion_v5_equal_s2,26,2,False,0.9896907216494846,1.0,48.0,48.0
0,fusion_v5_equal_s2,27,2,False,0.58,0.6041666666666666,48.0,29.0
0,fusion_v5_equal_s2,28,2,False,0.9591836734693877,0.9791666666666666,48.0,47.0
0,fusion_v5_equal_s2,29,2,False,0.782608695652174,0.75,48.0,36.0
0,fusion_v5_equal_s2,30,2,False,0.4462809917355372,0.5625,48.0,27.0
0,fusion_v5_equal_s2,31,2,False,0.9052631578947369,0.8958333333333334,48.0,43.0
0,fusion_v5_equal_s2,32,2,False,0.7884615384615384,0.8541666666666666,48.0,41.0
0,fusion_v5_equal_s2,33,2,False,0.5882352941176471,0.625,48.0,30.0
0,fusion_v5_equal_s2,34,3,False,0.5542168674698795,0.4791666666666667,48.0,23.0
0,fusion_v5_equal_s2,35,3,False,0.8686868686868687,0.8958333333333334,48.0,43.0
0,fusion_v5_equal_s2,36,3,False,0.8865979381443299,0.8958333333333334,48.0,43.0
0,fusion_v5_equal_s2,37,3,False,0.6041666666666666,0.6041666666666666,48.0,29.0
0,fusion_v5_equal_s2,38,3,True,0.0,0.0,48.0,0.0
0,fusion_v5_equal_s2,39,3,False,0.66,0.6875,48.0,33.0
0,fusion_v5_equal_s2,40,3,False,0.7378640776699029,0.7916666666666666,48.0,38.0
0,fusion_v5_equal_s2,41,3,False,0.30434782608695654,0.2916666666666667,48.0,14.0
0,fusion_v5_equal_s2,42,3,False,0.5894736842105263,0.5833333333333334,48.0,28.0
0,fusion_v5_equal_s2,43,4,False,0.7346938775510204,0.75,48.0,36.0
0,fusion_v5_equal_s2,44,4,False,0.7659574468085106,0.75,48.0,36.0
0,fusion_v5_equal_s2,45,8,True,0.2898550724637681,0.20833333333333334,48.0,10.0
0,fusion_v5_equal_s2,46,4,False,0.723404255319149,0.7083333333333334,48.0,34.0
0,fusion_v5_equal_s2,47,4,False,0.9292929292929293,0.9583333333333334,48.0,46.0
0,fusion_v5_equal_s2,48,4,False,0.9292929292929293,0.9583333333333334,48.0,46.0
0,fusion_v5_equal_s2,49,4,False,0.18556701030927836,0.1875,48.0,9.0
0,fusion_v5_equal_s2,50,4,False,0.9583333333333334,0.9583333333333334,48.0,46.0
0,fusion_v5_equal_s2,51,4,False,0.15384615384615385,0.125,48.0,6.0
0,fusion_v5_equal_s2,52,4,False,0.2564102564102564,0.3125,48.0,15.0
0,fusion_v5_equal_s2,53,4,False,0.9019607843137255,1.0,46.0,46.0
0,fusion_v5_equal_s2,54,4,False,0.7157894736842105,0.7083333333333334,48.0,34.0
0,fusion_v5_equal_s2,55,4,False,0.7578947368421053,0.75,48.0,36.0
0,fusion_v5_equal_s2,56,4,False,0.7551020408163265,0.7708333333333334,48.0,37.0
0,fusion_v5_equal_s2,57,5,False,0.7961165048543689,0.8913043478260869,46.0,41.0
0,fusion_v5_equal_s2,58,5,False,0.7422680412371134,0.75,48.0,36.0
0,fusion_v5_equal_s2,59,5,True,0.26666666666666666,0.25,48.0,12.0
0,fusion_v5_equal_s2,60,5,True,0.43243243243243246,0.3333333333333333,48.0,16.0
0,fusion_v5_equal_s2,61,8,True,0.21212121212121213,0.14583333333333334,48.0,7.0
0,fusion_v5_equal_s2,62,5,False,0.7192982456140351,0.8541666666666666,48.0,41.0
0,fusion_v5_equal_s2,63,8,True,0.08823529411764706,0.0625,48.0,3.0
0,fusion_v5_equal_s2,64,8,True,0.46153846153846156,0.5,48.0,24.0
0,fusion_v5_equal_s2,65,5,True,0.1095890410958904,0.08333333333333333,48.0,4.0
0,fusion_v5_equal_s2,66,5,True,0.04938271604938271,0.041666666666666664,48.0,2.0
0,fusion_v5_equal_s2,67,5,False,0.8932038834951457,0.9583333333333334,48.0,46.0
0,fusion_v5_equal_s2,68,5,False,0.9484536082474226,0.9583333333333334,48.0,46.0
0,fusion_v5_equal_s2,69,5,False,0.5783132530120482,0.5,48.0,24.0
0,fusion_v5_equal_s2,70,8,True,0.07407407407407407,0.0625,48.0,3.0
0,fusion_v5_equal_s2,71,5,True,0.07317073170731707,0.0625,48.0,3.0
0,fusion_v5_equal_s2,72,6,False,0.7079646017699115,0.8333333333333334,48.0,40.0
0,fusion_v5_equal_s2,73,6,False,0.4230769230769231,0.4583333333333333,48.0,22.0
0,fusion_v5_equal_s2,74,6,False,0.9292929292929293,0.9583333333333334,48.0,46.0
0,fusion_v5_equal_s2,75,6,False,0.7254901960784313,0.7708333333333334,48.0,37.0
0,fusion_v5_equal_s2,76,6,False,0.803921568627451,0.8541666666666666,48.0,41.0
0,fusion_v5_equal_s2,77,7,False,0.8282828282828283,0.8541666666666666,48.0,41.0
0,fusion_v5_equal_s2,78,8,True,0.7586206896551724,0.6875,48.0,33.0
0,fusion_v5_equal_s2,79,8,True,0.47761194029850745,0.3333333333333333,48.0,16.0
0,fusion_v5_equal_s2,80,7,False,0.453125,0.6041666666666666,48.0,29.0
0,fusion_v5_equal_s2,81,7,False,0.45390070921985815,0.6666666666666666,48.0,32.0
0,fusion_v5_equal_s2,82,8,False,0.7021276595744681,0.6875,48.0,33.0
0,fusion_v5_equal_s2,83,8,False,0.6923076923076923,0.5625,48.0,27.0
0,fusion_v5_equal_s2,84,8,False,0.6837606837606838,0.8333333333333334,48.0,40.0
0,fusion_v5_equal_s2,85,8,False,0.8910891089108911,0.9375,48.0,45.0
0,fusion_v5_equal_s2,86,8,False,0.6862745098039216,0.7291666666666666,48.0,35.0
0,fusion_v5_equal_s2,87,8,False,0.8034188034188035,0.9791666666666666,48.0,47.0
0,fusion_v5_equal_s2,88,8,False,0.6,0.5625,48.0,27.0
0,fusion_v5_equal_s2,89,8,False,0.7663551401869159,0.8541666666666666,48.0,41.0
1,rgb_shape,0,0,False,0.1,0.125,48.0,6.0
1,rgb_shape,1,0,False,0.11538461538461539,0.1875,48.0,9.0
1,rgb_shape,2,0,False,0.4132231404958678,0.5208333333333334,48.0,25.0
1,rgb_shape,3,0,False,0.6486486486486487,0.75,48.0,36.0
1,rgb_shape,4,0,True,0.3300970873786408,0.3541666666666667,48.0,17.0
1,rgb_shape,5,1,False,0.5794392523364486,0.6888888888888889,45.0,31.0
1,rgb_shape,6,1,False,0.025974025974025976,0.020833333333333332,48.0,1.0
1,rgb_shape,7,8,True,0.0,0.0,48.0,0.0
1,rgb_shape,8,1,False,0.40310077519379844,0.5416666666666666,48.0,26.0
1,rgb_shape,9,1,False,0.23529411764705882,0.20833333333333334,48.0,10.0
1,rgb_shape,10,1,False,0.12280701754385964,0.14583333333333334,48.0,7.0
1,rgb_shape,11,1,False,0.13333333333333333,0.10416666666666667,48.0,5.0
1,rgb_shape,12,8,True,0.20224719101123595,0.1875,48.0,9.0
1,rgb_shape,13,1,False,0.18,0.1875,48.0,9.0
1,rgb_shape,14,1,False,0.10666666666666667,0.0851063829787234,47.0,4.0
1,rgb_shape,15,1,False,0.46511627906976744,0.4166666666666667,48.0,20.0
1,rgb_shape,16,1,False,0.5179856115107914,0.75,48.0,36.0
1,rgb_shape,17,1,False,0.1592920353982301,0.1875,48.0,9.0
1,rgb_shape,18,1,False,0.0,0.0,48.0,0.0
1,rgb_shape,19,1,False,0.15584415584415584,0.25,48.0,12.0
1,rgb_shape,20,2,False,0.10638297872340426,0.10416666666666667,48.0,5.0
1,rgb_shape,21,2,False,0.5192307692307693,0.5625,48.0,27.0
1,rgb_shape,22,2,True,0.34210526315789475,0.2708333333333333,48.0,13.0
1,rgb_shape,23,2,False,0.0,0.0,48.0,0.0
1,rgb_shape,24,2,False,0.2714285714285714,0.3958333333333333,48.0,19.0
1,rgb_shape,25,2,False,0.11428571428571428,0.08333333333333333,48.0,4.0
1,rgb_shape,26,2,False,0.13793103448275862,0.16666666666666666,48.0,8.0
1,rgb_shape,27,2,False,0.08695652173913043,0.08333333333333333,48.0,4.0
1,rgb_shape,28,2,False,0.9361702127659575,0.9166666666666666,48.0,44.0
1,rgb_shape,29,2,False,0.24489795918367346,0.25,48.0,12.0
1,rgb_shape,30,2,False,0.18181818181818182,0.25,48.0,12.0
1,rgb_shape,31,2,False,0.10062893081761007,0.16666666666666666,48.0,8.0
1,rgb_shape,32,2,False,0.5274725274725275,0.5,48.0,24.0
1,rgb_shape,33,2,False,0.12903225806451613,0.125,48.0,6.0
1,rgb_shape,34,3,False,0.046511627906976744,0.041666666666666664,48.0,2.0
1,rgb_shape,35,3,False,0.0,0.0,48.0,0.0
1,rgb_shape,36,3,False,0.3103448275862069,0.375,48.0,18.0
1,rgb_shape,37,3,False,0.0,0.0,48.0,0.0
1,rgb_shape,38,3,True,0.03278688524590164,0.041666666666666664,48.0,2.0
1,rgb_shape,39,3,False,0.2733812949640288,0.3958333333333333,48.0,19.0
1,rgb_shape,40,3,False,0.1794871794871795,0.14583333333333334,48.0,7.0
1,rgb_shape,41,3,False,0.09090909090909091,0.08333333333333333,48.0,4.0
1,rgb_shape,42,3,False,0.07692307692307693,0.0625,48.0,3.0
1,rgb_shape,43,4,False,0.18487394957983194,0.22916666666666666,48.0,11.0
1,rgb_shape,44,4,False,0.1896551724137931,0.22916666666666666,48.0,11.0
1,rgb_shape,45,4,True,0.0,0.0,47.0,0.0
1,rgb_shape,46,4,False,0.0,0.0,48.0,0.0
1,rgb_shape,47,4,False,0.20833333333333334,0.20833333333333334,48.0,10.0
1,rgb_shape,48,4,False,0.5961538461538461,0.6458333333333334,48.0,31.0
1,rgb_shape,49,4,False,0.03389830508474576,0.020833333333333332,48.0,1.0
1,rgb_shape,50,4,False,0.4918032786885246,0.625,48.0,30.0
1,rgb_shape,51,4,False,0.0,0.0,48.0,0.0
1,rgb_shape,52,4,False,0.03773584905660377,0.020833333333333332,48.0,1.0
1,rgb_shape,53,4,False,0.2549019607843137,0.2826086956521739,46.0,13.0
1,rgb_shape,54,4,False,0.08888888888888889,0.08333333333333333,48.0,4.0
1,rgb_shape,55,4,False,0.08163265306122448,0.08333333333333333,48.0,4.0
1,rgb_shape,56,4,False,0.14084507042253522,0.10416666666666667,48.0,5.0
1,rgb_shape,57,5,False,0.08955223880597014,0.06521739130434782,46.0,3.0
1,rgb_shape,58,5,False,0.047619047619047616,0.041666666666666664,48.0,2.0
1,rgb_shape,59,5,True,0.039603960396039604,0.041666666666666664,48.0,2.0
1,rgb_shape,60,8,True,0.0,0.0,48.0,0.0
1,rgb_shape,61,8,True,0.0,0.0,48.0,0.0
1,rgb_shape,62,5,False,0.13592233009708737,0.14583333333333334,48.0,7.0
1,rgb_shape,63,8,True,0.0,0.0,48.0,0.0
1,rgb_shape,64,5,True,0.11764705882352941,0.125,48.0,6.0
1,rgb_shape,65,5,True,0.018018018018018018,0.020833333333333332,48.0,1.0
1,rgb_shape,66,8,True,0.024096385542168676,0.020833333333333332,48.0,1.0
1,rgb_shape,67,5,False,0.16161616161616163,0.16666666666666666,48.0,8.0
1,rgb_shape,68,5,False,0.1282051282051282,0.10416666666666667,48.0,5.0
1,rgb_shape,69,5,False,0.17073170731707318,0.14583333333333334,48.0,7.0
1,rgb_shape,70,5,True,0.0594059405940594,0.0625,48.0,3.0
1,rgb_shape,71,5,True,0.0,0.0,48.0,0.0
1,rgb_shape,72,6,False,0.125,0.125,48.0,6.0
1,rgb_shape,73,6,False,0.034482758620689655,0.020833333333333332,48.0,1.0
1,rgb_shape,74,6,False,0.4369747899159664,0.5416666666666666,48.0,26.0
1,rgb_shape,75,6,False,0.0821917808219178,0.0625,48.0,3.0
1,rgb_shape,76,6,False,0.05714285714285714,0.041666666666666664,48.0,2.0
1,rgb_shape,77,7,False,0.0784313725490196,0.08333333333333333,48.0,4.0
1,rgb_shape,78,8,True,0.16,0.16666666666666666,48.0,8.0
1,rgb_shape,79,7,True,0.1794871794871795,0.14583333333333334,48.0,7.0
1,rgb_shape,80,7,False,0.07792207792207792,0.0625,48.0,3.0
1,rgb_shape,81,7,False,0.0,0.0,46.0,0.0
1,rgb_shape,82,8,False,0.08571428571428572,0.0625,48.0,3.0
1,rgb_shape,83,8,False,0.16666666666666666,0.22916666666666666,48.0,11.0
1,rgb_shape,84,8,False,0.08333333333333333,0.0625,48.0,3.0
1,rgb_shape,85,8,False,0.45652173913043476,0.4375,48.0,21.0
1,rgb_shape,86,8,False,0.13636363636363635,0.125,48.0,6.0
1,rgb_shape,87,8,False,0.38095238095238093,0.6666666666666666,48.0,32.0
1,rgb_shape,88,8,False,0.4,0.5416666666666666,48.0,26.0
1,rgb_shape,89,8,False,0.42,0.4375,48.0,21.0
1,rgb_color,0,0,False,0.025974025974025976,0.020833333333333332,48.0,1.0
1,rgb_color,1,0,False,0.288,0.375,48.0,18.0
1,rgb_color,2,0,False,0.1797752808988764,0.16666666666666666,48.0,8.0
1,rgb_color,3,0,False,0.096,0.125,48.0,6.0
1,rgb_color,4,0,True,0.0,0.0,48.0,0.0
1,rgb_color,5,1,False,0.17142857142857143,0.13333333333333333,45.0,6.0
1,rgb_color,6,1,False,0.06504065040650407,0.08333333333333333,48.0,4.0
1,rgb_color,7,8,True,0.0,0.0,48.0,0.0
1,rgb_color,8,1,False,0.03333333333333333,0.020833333333333332,48.0,1.0
1,rgb_color,9,1,False,0.12,0.125,48.0,6.0
1,rgb_color,10,1,False,0.023529411764705882,0.020833333333333332,48.0,1.0
1,rgb_color,11,1,False,0.0,0.0,48.0,0.0
1,rgb_color,12,8,True,0.016666666666666666,0.020833333333333332,48.0,1.0
1,rgb_color,13,1,False,0.09836065573770492,0.0625,48.0,3.0
1,rgb_color,14,1,False,0.18666666666666668,0.14893617021276595,47.0,7.0
1,rgb_color,15,1,False,0.1592920353982301,0.1875,48.0,9.0
1,rgb_color,16,1,False,0.04878048780487805,0.041666666666666664,48.0,2.0
1,rgb_color,17,1,False,0.18461538461538463,0.25,48.0,12.0
1,rgb_color,18,1,False,0.043478260869565216,0.041666666666666664,48.0,2.0
1,rgb_color,19,1,False,0.07272727272727272,0.08333333333333333,48.0,4.0
1,rgb_color,20,2,False,0.20952380952380953,0.22916666666666666,48.0,11.0
1,rgb_color,21,2,False,0.04819277108433735,0.041666666666666664,48.0,2.0
1,rgb_color,22,2,True,0.0,0.0,48.0,0.0
1,rgb_color,23,2,False,0.16574585635359115,0.3125,48.0,15.0
1,rgb_color,24,2,False,0.21505376344086022,0.20833333333333334,48.0,10.0
1,rgb_color,25,2,False,0.0,0.0,48.0,0.0
1,rgb_color,26,2,False,0.2644628099173554,0.3333333333333333,48.0,16.0
1,rgb_color,27,2,False,0.09230769230769231,0.125,48.0,6.0
1,rgb_color,28,2,False,0.19736842105263158,0.3125,48.0,15.0
1,rgb_color,29,2,False,0.06382978723404255,0.0625,48.0,3.0
1,rgb_color,30,2,False,0.0425531914893617,0.041666666666666664,48.0,2.0
1,rgb_color,31,2,False,0.5,0.5625,48.0,27.0
1,rgb_color,32,2,False,0.13592233009708737,0.14583333333333334,48.0,7.0
1,rgb_color,33,2,False,0.029850746268656716,0.020833333333333332,48.0,1.0
1,rgb_color,34,3,False,0.11940298507462686,0.08333333333333333,48.0,4.0
1,rgb_color,35,3,False,0.5737704918032787,0.7291666666666666,48.0,35.0
1,rgb_color,36,3,False,0.10752688172043011,0.10416666666666667,48.0,5.0
1,rgb_color,37,3,False,0.08547008547008547,0.10416666666666667,48.0,5.0
1,rgb_color,38,3,True,0.0,0.0,48.0,0.0
1,rgb_color,39,3,False,0.10416666666666667,0.10416666666666667,48.0,5.0
1,rgb_color,40,3,False,0.0,0.0,48.0,0.0
1,rgb_color,41,3,False,0.06779661016949153,0.041666666666666664,48.0,2.0
1,rgb_color,42,3,False,0.15217391304347827,0.14583333333333334,48.0,7.0
1,rgb_color,43,4,False,0.05714285714285714,0.041666666666666664,48.0,2.0
1,rgb_color,44,4,False,0.08163265306122448,0.08333333333333333,48.0,4.0
1,rgb_color,45,4,True,0.0,0.0,47.0,0.0
1,rgb_color,46,4,False,0.05309734513274336,0.0625,48.0,3.0
1,rgb_color,47,4,False,0.3333333333333333,0.4166666666666667,48.0,20.0
1,rgb_color,48,4,False,0.36477987421383645,0.6041666666666666,48.0,29.0
1,rgb_color,49,4,False,0.06289308176100629,0.10416666666666667,48.0,5.0
1,rgb_color,50,4,False,0.06818181818181818,0.0625,48.0,3.0
1,rgb_color,51,4,False,0.0,0.0,48.0,0.0
1,rgb_color,52,4,False,0.028985507246376812,0.020833333333333332,48.0,1.0
1,rgb_color,53,4,False,0.03076923076923077,0.021739130434782608,46.0,1.0
1,rgb_color,54,4,False,0.0,0.0,48.0,0.0
1,rgb_color,55,4,False,0.34285714285714286,0.375,48.0,18.0
1,rgb_color,56,4,False,0.02666666666666667,0.020833333333333332,48.0,1.0
1,rgb_color,57,5,False,0.14414414414414414,0.17391304347826086,46.0,8.0
1,rgb_color,58,5,False,0.05405405405405406,0.041666666666666664,48.0,2.0
1,rgb_color,59,5,True,0.0,0.0,48.0,0.0
1,rgb_color,60,8,True,0.0,0.0,48.0,0.0
1,rgb_color,61,8,True,0.0,0.0,48.0,0.0
1,rgb_color,62,5,False,0.21875,0.2916666666666667,48.0,14.0
1,rgb_color,63,8,True,0.0,0.0,48.0,0.0
1,rgb_color,64,5,True,0.0,0.0,48.0,0.0
1,rgb_color,65,5,True,0.0,0.0,48.0,0.0
1,rgb_color,66,8,True,0.0,0.0,48.0,0.0
1,rgb_color,67,5,False,0.3300970873786408,0.3541666666666667,48.0,17.0
1,rgb_color,68,5,False,0.12962962962962962,0.14583333333333334,48.0,7.0
1,rgb_color,69,5,False,0.05555555555555555,0.0625,48.0,3.0
1,rgb_color,70,5,True,0.015151515151515152,0.020833333333333332,48.0,1.0
1,rgb_color,71,5,True,0.0,0.0,48.0,0.0
1,rgb_color,72,6,False,0.09917355371900827,0.125,48.0,6.0
1,rgb_color,73,6,False,0.07692307692307693,0.10416666666666667,48.0,5.0
1,rgb_color,74,6,False,0.3125,0.3125,48.0,15.0
1,rgb_color,75,6,False,0.09615384615384616,0.10416666666666667,48.0,5.0
1,rgb_color,76,6,False,0.17699115044247787,0.20833333333333334,48.0,10.0
1,rgb_color,77,7,False,0.28865979381443296,0.2916666666666667,48.0,14.0
1,rgb_color,78,8,True,0.0,0.0,48.0,0.0
1,rgb_color,79,7,True,0.0,0.0,48.0,0.0
1,rgb_color,80,7,False,0.031746031746031744,0.020833333333333332,48.0,1.0
1,rgb_color,81,7,False,0.02857142857142857,0.021739130434782608,46.0,1.0
1,rgb_color,82,8,False,0.5319148936170213,0.5208333333333334,48.0,25.0
1,rgb_color,83,8,False,0.6333333333333333,0.7916666666666666,48.0,38.0
1,rgb_color,84,8,False,0.3695652173913043,0.3541666666666667,48.0,17.0
1,rgb_color,85,8,False,0.35,0.4375,48.0,21.0
1,rgb_color,86,8,False,0.21428571428571427,0.1875,48.0,9.0
1,rgb_color,87,8,False,0.26506024096385544,0.22916666666666666,48.0,11.0
1,rgb_color,88,8,False,0.37383177570093457,0.4166666666666667,48.0,20.0
1,rgb_color,89,8,False,0.3076923076923077,0.2916666666666667,48.0,14.0
1,rgb_texture_shape,0,0,False,0.09090909090909091,0.10416666666666667,48.0,5.0
1,rgb_texture_shape,1,0,False,0.06451612903225806,0.0625,48.0,3.0
1,rgb_texture_shape,2,0,False,0.47368421052631576,0.5625,48.0,27.0
1,rgb_texture_shape,3,0,False,0.6666666666666666,0.7291666666666666,48.0,35.0
1,rgb_texture_shape,4,0,True,0.1111111111111111,0.10416666666666667,48.0,5.0
1,rgb_texture_shape,5,1,False,0.631578947368421,0.6666666666666666,45.0,30.0
1,rgb_texture_shape,6,1,False,0.07317073170731707,0.0625,48.0,3.0
1,rgb_texture_shape,7,8,True,0.034482758620689655,0.041666666666666664,48.0,2.0
1,rgb_texture_shape,8,1,False,0.5357142857142857,0.625,48.0,30.0
1,rgb_texture_shape,9,1,False,0.2765957446808511,0.2708333333333333,48.0,13.0
1,rgb_texture_shape,10,1,False,0.14893617021276595,0.14583333333333334,48.0,7.0
1,rgb_texture_shape,11,1,False,0.273972602739726,0.20833333333333334,48.0,10.0
1,rgb_texture_shape,12,8,True,0.12631578947368421,0.125,48.0,6.0
1,rgb_texture_shape,13,1,False,0.24242424242424243,0.25,48.0,12.0
1,rgb_texture_shape,14,1,False,0.08823529411764706,0.06382978723404255,47.0,3.0
1,rgb_texture_shape,15,1,False,0.475,0.3958333333333333,48.0,19.0
1,rgb_texture_shape,16,1,False,0.5892857142857143,0.6875,48.0,33.0
1,rgb_texture_shape,17,1,False,0.07317073170731707,0.0625,48.0,3.0
1,rgb_texture_shape,18,1,False,0.08888888888888889,0.08333333333333333,48.0,4.0
1,rgb_texture_shape,19,1,False,0.16541353383458646,0.22916666666666666,48.0,11.0
1,rgb_texture_shape,20,2,False,0.13559322033898305,0.16666666666666666,48.0,8.0
1,rgb_texture_shape,21,2,False,0.5161290322580645,0.5,48.0,24.0
1,rgb_texture_shape,22,2,True,0.14285714285714285,0.10416666666666667,48.0,5.0
1,rgb_texture_shape,23,2,False,0.0,0.0,48.0,0.0
1,rgb_texture_shape,24,2,False,0.36619718309859156,0.5416666666666666,48.0,26.0
1,rgb_texture_shape,25,2,False,0.1,0.0625,48.0,3.0
1,rgb_texture_shape,26,2,False,0.3711340206185567,0.375,48.0,18.0
1,rgb_texture_shape,27,2,False,0.2807017543859649,0.3333333333333333,48.0,16.0
1,rgb_texture_shape,28,2,False,0.9361702127659575,0.9166666666666666,48.0,44.0
1,rgb_texture_shape,29,2,False,0.4329896907216495,0.4375,48.0,21.0
1,rgb_texture_shape,30,2,False,0.11290322580645161,0.14583333333333334,48.0,7.0
1,rgb_texture_shape,31,2,False,0.6031746031746031,0.7916666666666666,48.0,38.0
1,rgb_texture_shape,32,2,False,0.6526315789473685,0.6458333333333334,48.0,31.0
1,rgb_texture_shape,33,2,False,0.09302325581395349,0.08333333333333333,48.0,4.0
1,rgb_texture_shape,34,3,False,0.14285714285714285,0.125,48.0,6.0
1,rgb_texture_shape,35,3,False,0.1978021978021978,0.1875,48.0,9.0
1,rgb_texture_shape,36,3,False,0.3925233644859813,0.4375,48.0,21.0
1,rgb_texture_shape,37,3,False,0.29473684210526313,0.2916666666666667,48.0,14.0
1,rgb_texture_shape,38,3,True,0.017857142857142856,0.020833333333333332,48.0,1.0
1,rgb_texture_shape,39,3,False,0.21212121212121213,0.2916666666666667,48.0,14.0
1,rgb_texture_shape,40,3,False,0.32653061224489793,0.3333333333333333,48.0,16.0
1,rgb_texture_shape,41,3,False,0.029850746268656716,0.020833333333333332,48.0,1.0
1,rgb_texture_shape,42,3,False,0.0,0.0,48.0,0.0
1,rgb_texture_shape,43,4,False,0.1875,0.1875,48.0,9.0
1,rgb_texture_shape,44,4,False,0.32653061224489793,0.3333333333333333,48.0,16.0
1,rgb_texture_shape,45,4,True,0.06521739130434782,0.06382978723404255,47.0,3.0
1,rgb_texture_shape,46,4,False,0.0,0.0,48.0,0.0
1,rgb_texture_shape,47,4,False,0.3333333333333333,0.3333333333333333,48.0,16.0
1,rgb_texture_shape,48,4,False,0.7021276595744681,0.6875,48.0,33.0
1,rgb_texture_shape,49,4,False,0.13333333333333333,0.14583333333333334,48.0,7.0
1,rgb_texture_shape,50,4,False,0.5166666666666667,0.6458333333333334,48.0,31.0
1,rgb_texture_shape,51,4,False,0.057971014492753624,0.041666666666666664,48.0,2.0
1,rgb_texture_shape,52,4,False,0.0,0.0,48.0,0.0
1,rgb_texture_shape,53,4,False,0.2956521739130435,0.3695652173913043,46.0,17.0
1,rgb_texture_shape,54,4,False,0.10989010989010989,0.10416666666666667,48.0,5.0
1,rgb_texture_shape,55,4,False,0.075,0.0625,48.0,3.0
1,rgb_texture_shape,56,4,False,0.2882882882882883,0.3333333333333333,48.0,16.0
1,rgb_texture_shape,57,5,False,0.075,0.06521739130434782,46.0,3.0
1,rgb_texture_shape,58,5,False,0.14285714285714285,0.16666666666666666,48.0,8.0
1,rgb_texture_shape,59,5,True,0.11235955056179775,0.10416666666666667,48.0,5.0
1,rgb_texture_shape,60,8,True,0.0,0.0,48.0,0.0
1,rgb_texture_shape,61,8,True,0.09876543209876543,0.08333333333333333,48.0,4.0
1,rgb_texture_shape,62,5,False,0.18309859154929578,0.2708333333333333,48.0,13.0
1,rgb_texture_shape,63,8,True,0.0,0.0,48.0,0.0
1,rgb_texture_shape,64,5,True,0.0821917808219178,0.0625,48.0,3.0
1,rgb_texture_shape,65,5,True,0.0,0.0,48.0,0.0
1,rgb_texture_shape,66,8,True,0.02247191011235955,0.020833333333333332,48.0,1.0
1,rgb_texture_shape,67,5,False,0.21505376344086022,0.20833333333333334,48.0,10.0
1,rgb_texture_shape,68,5,False,0.6947368421052632,0.6875,48.0,33.0
1,rgb_texture_shape,69,5,False,0.27906976744186046,0.25,48.0,12.0
1,rgb_texture_shape,70,5,True,0.09803921568627451,0.10416666666666667,48.0,5.0
1,rgb_texture_shape,71,5,True,0.0,0.0,48.0,0.0
1,rgb_texture_shape,72,6,False,0.17721518987341772,0.14583333333333334,48.0,7.0
1,rgb_texture_shape,73,6,False,0.043010752688172046,0.041666666666666664,48.0,2.0
1,rgb_texture_shape,74,6,False,0.5,0.5833333333333334,48.0,28.0
1,rgb_texture_shape,75,6,False,0.02702702702702703,0.020833333333333332,48.0,1.0
1,rgb_texture_shape,76,6,False,0.17142857142857143,0.1875,48.0,9.0
1,rgb_texture_shape,77,7,False,0.10666666666666667,0.08333333333333333,48.0,4.0
1,rgb_texture_shape,78,8,True,0.07766990291262135,0.08333333333333333,48.0,4.0
1,rgb_texture_shape,79,7,True,0.1038961038961039,0.08333333333333333,48.0,4.0
1,rgb_texture_shape,80,7,False,0.1206896551724138,0.14583333333333334,48.0,7.0
1,rgb_texture_shape,81,7,False,0.21176470588235294,0.1956521739130435,46.0,9.0
1,rgb_texture_shape,82,8,False,0.13333333333333333,0.10416666666666667,48.0,5.0
1,rgb_texture_shape,83,8,False,0.49206349206349204,0.6458333333333334,48.0,31.0
1,rgb_texture_shape,84,8,False,0.14814814814814814,0.16666666666666666,48.0,8.0
1,rgb_texture_shape,85,8,False,0.5,0.5,48.0,24.0
1,rgb_texture_shape,86,8,False,0.20454545454545456,0.1875,48.0,9.0
1,rgb_texture_shape,87,8,False,0.4603174603174603,0.6041666666666666,48.0,29.0
1,rgb_texture_shape,88,8,False,0.4424778761061947,0.5208333333333334,48.0,25.0
1,rgb_texture_shape,89,8,False,0.45098039215686275,0.4791666666666667,48.0,23.0
1,rgb_all,0,0,False,0.2033898305084746,0.25,48.0,12.0
1,rgb_all,1,0,False,0.32967032967032966,0.3125,48.0,15.0
1,rgb_all,2,0,False,0.5773195876288659,0.5833333333333334,48.0,28.0
1,rgb_all,3,0,False,0.7326732673267327,0.7708333333333334,48.0,37.0
1,rgb_all,4,0,True,0.0,0.0,48.0,0.0
1,rgb_all,5,1,False,0.7872340425531915,0.8222222222222222,45.0,37.0
1,rgb_all,6,1,False,0.15053763440860216,0.14583333333333334,48.0,7.0
1,rgb_all,7,8,True,0.042105263157894736,0.041666666666666664,48.0,2.0
1,rgb_all,8,1,False,0.6868686868686869,0.7083333333333334,48.0,34.0
1,rgb_all,9,1,False,0.5225225225225225,0.6041666666666666,48.0,29.0
1,rgb_all,10,1,False,0.25,0.2708333333333333,48.0,13.0
1,rgb_all,11,1,False,0.20253164556962025,0.16666666666666666,48.0,8.0
1,rgb_all,12,8,True,0.0,0.0,48.0,0.0
1,rgb_all,13,1,False,0.4117647058823529,0.4375,48.0,21.0
1,rgb_all,14,1,False,0.3488372093023256,0.3191489361702128,47.0,15.0
1,rgb_all,15,1,False,0.7741935483870968,0.75,48.0,36.0
1,rgb_all,16,1,False,0.8163265306122449,0.8333333333333334,48.0,40.0
1,rgb_all,17,1,False,0.3300970873786408,0.3541666666666667,48.0,17.0
1,rgb_all,18,1,False,0.1590909090909091,0.14583333333333334,48.0,7.0
1,rgb_all,19,1,False,0.34545454545454546,0.3958333333333333,48.0,19.0
1,rgb_all,20,2,False,0.30303030303030304,0.3125,48.0,15.0
1,rgb_all,21,2,False,0.6796116504854369,0.7291666666666666,48.0,35.0
1,rgb_all,22,2,True,0.0,0.0,48.0,0.0
1,rgb_all,23,2,False,0.3584905660377358,0.3958333333333333,48.0,19.0
1,rgb_all,24,2,False,0.5420560747663551,0.6041666666666666,48.0,29.0
1,rgb_all,25,2,False,0.16,0.125,48.0,6.0
1,rgb_all,26,2,False,0.5714285714285714,0.5833333333333334,48.0,28.0
1,rgb_all,27,2,False,0.34951456310679613,0.375,48.0,18.0
1,rgb_all,28,2,False,0.9361702127659575,0.9166666666666666,48.0,44.0
1,rgb_all,29,2,False,0.6666666666666666,0.5833333333333334,48.0,28.0
1,rgb_all,30,2,False,0.3090909090909091,0.3541666666666667,48.0,17.0
1,rgb_all,31,2,False,0.8627450980392157,0.9166666666666666,48.0,44.0
1,rgb_all,32,2,False,0.7272727272727273,0.6666666666666666,48.0,32.0
1,rgb_all,33,2,False,0.2696629213483146,0.25,48.0,12.0
1,rgb_all,34,3,False,0.24719101123595505,0.22916666666666666,48.0,11.0
1,rgb_all,35,3,False,0.6126126126126126,0.7083333333333334,48.0,34.0
1,rgb_all,36,3,False,0.6857142857142857,0.75,48.0,36.0
1,rgb_all,37,3,False,0.2765957446808511,0.2708333333333333,48.0,13.0
1,rgb_all,38,3,True,0.0,0.0,48.0,0.0
1,rgb_all,39,3,False,0.3076923076923077,0.375,48.0,18.0
1,rgb_all,40,3,False,0.3617021276595745,0.3541666666666667,48.0,17.0
1,rgb_all,41,3,False,0.125,0.10416666666666667,48.0,5.0
1,rgb_all,42,3,False,0.3106796116504854,0.3333333333333333,48.0,16.0
1,rgb_all,43,4,False,0.21782178217821782,0.22916666666666666,48.0,11.0
1,rgb_all,44,4,False,0.5263157894736842,0.5208333333333334,48.0,25.0
1,rgb_all,45,4,True,0.0,0.0,47.0,0.0
1,rgb_all,46,4,False,0.09900990099009901,0.10416666666666667,48.0,5.0
1,rgb_all,47,4,False,0.6915887850467289,0.7708333333333334,48.0,37.0
1,rgb_all,48,4,False,0.8118811881188119,0.8541666666666666,48.0,41.0
1,rgb_all,49,4,False,0.11764705882352941,0.14583333333333334,48.0,7.0
1,rgb_all,50,4,False,0.6016260162601627,0.7708333333333334,48.0,37.0
1,rgb_all,51,4,False,0.08333333333333333,0.0625,48.0,3.0
1,rgb_all,52,4,False,0.031746031746031744,0.020833333333333332,48.0,1.0
1,rgb_all,53,4,False,0.32075471698113206,0.3695652173913043,46.0,17.0
1,rgb_all,54,4,False,0.27956989247311825,0.2708333333333333,48.0,13.0
1,rgb_all,55,4,False,0.45714285714285713,0.5,48.0,24.0
1,rgb_all,56,4,False,0.46464646464646464,0.4791666666666667,48.0,23.0
1,rgb_all,57,5,False,0.3956043956043956,0.391304347826087,46.0,18.0
1,rgb_all,58,5,False,0.26373626373626374,0.25,48.0,12.0
1,rgb_all,59,5,True,0.0,0.0,48.0,0.0
1,rgb_all,60,8,True,0.0,0.0,48.0,0.0
1,rgb_all,61,8,True,0.0,0.0,48.0,0.0
1,rgb_all,62,5,False,0.4067796610169492,0.5,48.0,24.0
1,rgb_all,63,8,True,0.0,0.0,48.0,0.0
1,rgb_all,64,5,True,0.03225806451612903,0.020833333333333332,48.0,1.0
1,rgb_all,65,5,True,0.0821917808219178,0.0625,48.0,3.0
1,rgb_all,66,8,True,0.0,0.0,48.0,0.0
1,rgb_all,67,5,False,0.7959183673469388,0.8125,48.0,39.0
1,rgb_all,68,5,False,0.813953488372093,0.7291666666666666,48.0,35.0
1,rgb_all,69,5,False,0.3148148148148148,0.3541666666666667,48.0,17.0
1,rgb_all,70,5,True,0.01639344262295082,0.020833333333333332,48.0,1.0
1,rgb_all,71,5,True,0.0,0.0,48.0,0.0
1,rgb_all,72,6,False,0.21505376344086022,0.20833333333333334,48.0,10.0
1,rgb_all,73,6,False,0.19047619047619047,0.20833333333333334,48.0,10.0
1,rgb_all,74,6,False,0.6915887850467289,0.7708333333333334,48.0,37.0
1,rgb_all,75,6,False,0.12987012987012986,0.10416666666666667,48.0,5.0
1,rgb_all,76,6,False,0.32142857142857145,0.375,48.0,18.0
1,rgb_all,77,7,False,0.40384615384615385,0.4375,48.0,21.0
1,rgb_all,78,8,True,0.05263157894736842,0.041666666666666664,48.0,2.0
1,rgb_all,79,7,True,0.0,0.0,48.0,0.0
1,rgb_all,80,7,False,0.11235955056179775,0.10416666666666667,48.0,5.0
1,rgb_all,81,7,False,0.27522935779816515,0.32608695652173914,46.0,15.0
1,rgb_all,82,8,False,0.48936170212765956,0.4791666666666667,48.0,23.0
1,rgb_all,83,8,False,0.6226415094339622,0.6875,48.0,33.0
1,rgb_all,84,8,False,0.38202247191011235,0.3541666666666667,48.0,17.0
1,rgb_all,85,8,False,0.8131868131868132,0.7708333333333334,48.0,37.0
1,rgb_all,86,8,False,0.5161290322580645,0.5,48.0,24.0
1,rgb_all,87,8,False,0.6470588235294118,0.9166666666666666,48.0,44.0
1,rgb_all,88,8,False,0.5984251968503937,0.7916666666666666,48.0,38.0
1,rgb_all,89,8,False,0.5636363636363636,0.6458333333333334,48.0,31.0
1,hsi_q32,0,0,False,0.19801980198019803,0.20833333333333334,48.0,10.0
1,hsi_q32,1,0,False,0.7722772277227723,0.8125,48.0,39.0
1,hsi_q32,2,0,False,0.7254901960784313,0.7708333333333334,48.0,37.0
1,hsi_q32,3,0,False,0.8571428571428571,0.875,48.0,42.0
1,hsi_q32,4,0,True,0.0,0.0,48.0,0.0
1,hsi_q32,5,1,False,0.9887640449438202,0.9777777777777777,45.0,44.0
1,hsi_q32,6,1,False,0.6741573033707865,0.625,48.0,30.0
1,hsi_q32,7,8,True,0.0,0.0,48.0,0.0
1,hsi_q32,8,1,False,0.8695652173913043,0.8333333333333334,48.0,40.0
1,hsi_q32,9,1,False,0.7835051546391752,0.7916666666666666,48.0,38.0
1,hsi_q32,10,1,False,0.21568627450980393,0.22916666666666666,48.0,11.0
1,hsi_q32,11,1,False,0.4186046511627907,0.375,48.0,18.0
1,hsi_q32,12,8,True,0.02247191011235955,0.020833333333333332,48.0,1.0
1,hsi_q32,13,1,False,0.8247422680412371,0.8333333333333334,48.0,40.0
1,hsi_q32,14,1,False,0.7,0.7446808510638298,47.0,35.0
1,hsi_q32,15,1,False,0.8333333333333334,0.9375,48.0,45.0
1,hsi_q32,16,1,False,0.6333333333333333,0.7916666666666666,48.0,38.0
1,hsi_q32,17,1,False,0.6017699115044248,0.7083333333333334,48.0,34.0
1,hsi_q32,18,1,False,0.6716417910447762,0.9375,48.0,45.0
1,hsi_q32,19,1,False,0.5263157894736842,0.5208333333333334,48.0,25.0
1,hsi_q32,20,2,False,0.6888888888888889,0.6458333333333334,48.0,31.0
1,hsi_q32,21,2,False,0.6942148760330579,0.875,48.0,42.0
1,hsi_q32,22,2,True,0.0,0.0,48.0,0.0
1,hsi_q32,23,2,False,0.6153846153846154,0.5833333333333334,48.0,28.0
1,hsi_q32,24,2,False,0.7961165048543689,0.8541666666666666,48.0,41.0
1,hsi_q32,25,2,False,0.5636363636363636,0.6458333333333334,48.0,31.0
1,hsi_q32,26,2,False,0.8712871287128713,0.9166666666666666,48.0,44.0
1,hsi_q32,27,2,False,0.4444444444444444,0.4166666666666667,48.0,20.0
1,hsi_q32,28,2,False,0.9574468085106383,0.9375,48.0,45.0
1,hsi_q32,29,2,False,0.7884615384615384,0.8541666666666666,48.0,41.0
1,hsi_q32,30,2,False,0.4864864864864865,0.5625,48.0,27.0
1,hsi_q32,31,2,False,0.9896907216494846,1.0,48.0,48.0
1,hsi_q32,32,2,False,0.5588235294117647,0.3958333333333333,48.0,19.0
1,hsi_q32,33,2,False,0.7835051546391752,0.7916666666666666,48.0,38.0
1,hsi_q32,34,3,False,0.5825242718446602,0.625,48.0,30.0
1,hsi_q32,35,3,False,0.9387755102040817,0.9583333333333334,48.0,46.0
1,hsi_q32,36,3,False,0.8333333333333334,0.8333333333333334,48.0,40.0
1,hsi_q32,37,3,False,0.3469387755102041,0.3541666666666667,48.0,17.0
1,hsi_q32,38,3,True,0.0,0.0,48.0,0.0
1,hsi_q32,39,3,False,0.5656565656565656,0.5833333333333334,48.0,28.0
1,hsi_q32,40,3,False,0.7916666666666666,0.7916666666666666,48.0,38.0
1,hsi_q32,41,3,False,0.38,0.3958333333333333,48.0,19.0
1,hsi_q32,42,3,False,0.375,0.375,48.0,18.0
1,hsi_q32,43,4,False,0.09009009009009009,0.10416666666666667,48.0,5.0
1,hsi_q32,44,4,False,0.594059405940594,0.625,48.0,30.0
1,hsi_q32,45,4,True,0.0,0.0,47.0,0.0
1,hsi_q32,46,4,False,0.1941747572815534,0.20833333333333334,48.0,10.0
1,hsi_q32,47,4,False,0.8598130841121495,0.9583333333333334,48.0,46.0
1,hsi_q32,48,4,False,0.8979591836734694,0.9166666666666666,48.0,44.0
1,hsi_q32,49,4,False,0.11764705882352941,0.10416666666666667,48.0,5.0
1,hsi_q32,50,4,False,0.967741935483871,0.9375,48.0,45.0
1,hsi_q32,51,4,False,0.13675213675213677,0.16666666666666666,48.0,8.0
1,hsi_q32,52,4,False,0.047619047619047616,0.041666666666666664,48.0,2.0
1,hsi_q32,53,4,False,0.8543689320388349,0.9565217391304348,46.0,44.0
1,hsi_q32,54,4,False,0.5904761904761905,0.6458333333333334,48.0,31.0
1,hsi_q32,55,4,False,0.6136363636363636,0.5625,48.0,27.0
1,hsi_q32,56,4,False,0.6451612903225806,0.625,48.0,30.0
1,hsi_q32,57,5,False,0.7157894736842105,0.7391304347826086,46.0,34.0
1,hsi_q32,58,5,False,0.7107438016528925,0.8958333333333334,48.0,43.0
1,hsi_q32,59,5,True,0.029850746268656716,0.020833333333333332,48.0,1.0
1,hsi_q32,60,8,True,0.3013698630136986,0.22916666666666666,48.0,11.0
1,hsi_q32,61,8,True,0.17721518987341772,0.14583333333333334,48.0,7.0
1,hsi_q32,62,5,False,0.6346153846153846,0.6875,48.0,33.0
1,hsi_q32,63,8,True,0.0,0.0,48.0,0.0
1,hsi_q32,64,5,True,0.06896551724137931,0.041666666666666664,48.0,2.0
1,hsi_q32,65,5,True,0.025,0.020833333333333332,48.0,1.0
1,hsi_q32,66,8,True,0.04878048780487805,0.041666666666666664,48.0,2.0
1,hsi_q32,67,5,False,0.9230769230769231,0.875,48.0,42.0
1,hsi_q32,68,5,False,0.9148936170212766,0.8958333333333334,48.0,43.0
1,hsi_q32,69,5,False,0.21739130434782608,0.20833333333333334,48.0,10.0
1,hsi_q32,70,5,True,0.0,0.0,48.0,0.0
1,hsi_q32,71,5,True,0.0,0.0,48.0,0.0
1,hsi_q32,72,6,False,0.7321428571428571,0.8541666666666666,48.0,41.0
1,hsi_q32,73,6,False,0.3673469387755102,0.375,48.0,18.0
1,hsi_q32,74,6,False,0.752,0.9791666666666666,48.0,47.0
1,hsi_q32,75,6,False,0.656,0.8541666666666666,48.0,41.0
1,hsi_q32,76,6,False,0.7818181818181819,0.8958333333333334,48.0,43.0
1,hsi_q32,77,7,False,0.8041237113402062,0.8125,48.0,39.0
1,hsi_q32,78,8,True,0.8695652173913043,0.8333333333333334,48.0,40.0
1,hsi_q32,79,7,True,0.0,0.0,48.0,0.0
1,hsi_q32,80,7,False,0.4375,0.4375,48.0,21.0
1,hsi_q32,81,7,False,0.5217391304347826,0.6521739130434783,46.0,30.0
1,hsi_q32,82,8,False,0.6666666666666666,0.5833333333333334,48.0,28.0
1,hsi_q32,83,8,False,0.8222222222222222,0.7708333333333334,48.0,37.0
1,hsi_q32,84,8,False,0.4819277108433735,0.4166666666666667,48.0,20.0
1,hsi_q32,85,8,False,0.8865979381443299,0.8958333333333334,48.0,43.0
1,hsi_q32,86,8,False,0.5625,0.5625,48.0,27.0
1,hsi_q32,87,8,False,0.6356589147286822,0.8541666666666666,48.0,41.0
1,hsi_q32,88,8,False,0.5396825396825397,0.7083333333333334,48.0,34.0
1,hsi_q32,89,8,False,0.6526315789473685,0.6458333333333334,48.0,31.0
1,hsi_q64,0,0,False,0.20408163265306123,0.20833333333333334,48.0,10.0
1,hsi_q64,1,0,False,0.7835051546391752,0.7916666666666666,48.0,38.0
1,hsi_q64,2,0,False,0.7184466019417476,0.7708333333333334,48.0,37.0
1,hsi_q64,3,0,False,0.8571428571428571,0.875,48.0,42.0
1,hsi_q64,4,0,True,0.0,0.0,48.0,0.0
1,hsi_q64,5,1,False,0.9777777777777777,0.9777777777777777,45.0,44.0
1,hsi_q64,6,1,False,0.6590909090909091,0.6041666666666666,48.0,29.0
1,hsi_q64,7,8,True,0.0,0.0,48.0,0.0
1,hsi_q64,8,1,False,0.8913043478260869,0.8541666666666666,48.0,41.0
1,hsi_q64,9,1,False,0.7741935483870968,0.75,48.0,36.0
1,hsi_q64,10,1,False,0.3364485981308411,0.375,48.0,18.0
1,hsi_q64,11,1,False,0.4235294117647059,0.375,48.0,18.0
1,hsi_q64,12,8,True,0.02197802197802198,0.020833333333333332,48.0,1.0
1,hsi_q64,13,1,False,0.86,0.8958333333333334,48.0,43.0
1,hsi_q64,14,1,False,0.6851851851851852,0.7872340425531915,47.0,37.0
1,hsi_q64,15,1,False,0.8035714285714286,0.9375,48.0,45.0
1,hsi_q64,16,1,False,0.6666666666666666,0.8333333333333334,48.0,40.0
1,hsi_q64,17,1,False,0.6071428571428571,0.7083333333333334,48.0,34.0
1,hsi_q64,18,1,False,0.6524822695035462,0.9583333333333334,48.0,46.0
1,hsi_q64,19,1,False,0.5319148936170213,0.5208333333333334,48.0,25.0
1,hsi_q64,20,2,False,0.7415730337078652,0.6875,48.0,33.0
1,hsi_q64,21,2,False,0.7288135593220338,0.8958333333333334,48.0,43.0
1,hsi_q64,22,2,True,0.0,0.0,48.0,0.0
1,hsi_q64,23,2,False,0.6947368421052632,0.6875,48.0,33.0
1,hsi_q64,24,2,False,0.7884615384615384,0.8541666666666666,48.0,41.0
1,hsi_q64,25,2,False,0.5892857142857143,0.6875,48.0,33.0
1,hsi_q64,26,2,False,0.8627450980392157,0.9166666666666666,48.0,44.0
1,hsi_q64,27,2,False,0.5,0.5,48.0,24.0
1,hsi_q64,28,2,False,0.9574468085106383,0.9375,48.0,45.0
1,hsi_q64,29,2,False,0.8235294117647058,0.875,48.0,42.0
1,hsi_q64,30,2,False,0.5555555555555556,0.625,48.0,30.0
1,hsi_q64,31,2,False,0.9795918367346939,1.0,48.0,48.0
1,hsi_q64,32,2,False,0.6666666666666666,0.5,48.0,24.0
1,hsi_q64,33,2,False,0.8041237113402062,0.8125,48.0,39.0
1,hsi_q64,34,3,False,0.6666666666666666,0.7291666666666666,48.0,35.0
1,hsi_q64,35,3,False,0.9787234042553191,0.9583333333333334,48.0,46.0
1,hsi_q64,36,3,False,0.8387096774193549,0.8125,48.0,39.0
1,hsi_q64,37,3,False,0.3469387755102041,0.3541666666666667,48.0,17.0
1,hsi_q64,38,3,True,0.0,0.0,48.0,0.0
1,hsi_q64,39,3,False,0.62,0.6458333333333334,48.0,31.0
1,hsi_q64,40,3,False,0.7920792079207921,0.8333333333333334,48.0,40.0
1,hsi_q64,41,3,False,0.36,0.375,48.0,18.0
1,hsi_q64,42,3,False,0.37894736842105264,0.375,48.0,18.0
1,hsi_q64,43,4,False,0.05714285714285714,0.0625,48.0,3.0
1,hsi_q64,44,4,False,0.5806451612903226,0.5625,48.0,27.0
1,hsi_q64,45,4,True,0.0,0.0,47.0,0.0
1,hsi_q64,46,4,False,0.19469026548672566,0.22916666666666666,48.0,11.0
1,hsi_q64,47,4,False,0.8301886792452831,0.9166666666666666,48.0,44.0
1,hsi_q64,48,4,False,0.88,0.9166666666666666,48.0,44.0
1,hsi_q64,49,4,False,0.0963855421686747,0.08333333333333333,48.0,4.0
1,hsi_q64,50,4,False,0.967741935483871,0.9375,48.0,45.0
1,hsi_q64,51,4,False,0.16071428571428573,0.1875,48.0,9.0
1,hsi_q64,52,4,False,0.0449438202247191,0.041666666666666664,48.0,2.0
1,hsi_q64,53,4,False,0.8888888888888888,0.9565217391304348,46.0,44.0
1,hsi_q64,54,4,False,0.6078431372549019,0.6458333333333334,48.0,31.0
1,hsi_q64,55,4,False,0.611764705882353,0.5416666666666666,48.0,26.0
1,hsi_q64,56,4,False,0.6666666666666666,0.6458333333333334,48.0,31.0
1,hsi_q64,57,5,False,0.7083333333333334,0.7391304347826086,46.0,34.0
1,hsi_q64,58,5,False,0.7049180327868853,0.8958333333333334,48.0,43.0
1,hsi_q64,59,5,True,0.030303030303030304,0.020833333333333332,48.0,1.0
1,hsi_q64,60,8,True,0.11940298507462686,0.08333333333333333,48.0,4.0
1,hsi_q64,61,8,True,0.15584415584415584,0.125,48.0,6.0
1,hsi_q64,62,5,False,0.6181818181818182,0.7083333333333334,48.0,34.0
1,hsi_q64,63,8,True,0.0,0.0,48.0,0.0
1,hsi_q64,64,5,True,0.0625,0.041666666666666664,48.0,2.0
1,hsi_q64,65,5,True,0.024096385542168676,0.020833333333333332,48.0,1.0
1,hsi_q64,66,8,True,0.0,0.0,48.0,0.0
1,hsi_q64,67,5,False,0.945054945054945,0.8958333333333334,48.0,43.0
1,hsi_q64,68,5,False,0.9565217391304348,0.9166666666666666,48.0,44.0
1,hsi_q64,69,5,False,0.24096385542168675,0.20833333333333334,48.0,10.0
1,hsi_q64,70,5,True,0.0,0.0,48.0,0.0
1,hsi_q64,71,5,True,0.0,0.0,48.0,0.0
1,hsi_q64,72,6,False,0.7706422018348624,0.875,48.0,42.0
1,hsi_q64,73,6,False,0.41818181818181815,0.4791666666666667,48.0,23.0
1,hsi_q64,74,6,False,0.7804878048780488,1.0,48.0,48.0
1,hsi_q64,75,6,False,0.6307692307692307,0.8541666666666666,48.0,41.0
1,hsi_q64,76,6,False,0.8490566037735849,0.9375,48.0,45.0
1,hsi_q64,77,7,False,0.8297872340425532,0.8125,48.0,39.0
1,hsi_q64,78,8,True,0.8817204301075269,0.8541666666666666,48.0,41.0
1,hsi_q64,79,7,True,0.0,0.0,48.0,0.0
1,hsi_q64,80,7,False,0.4666666666666667,0.4375,48.0,21.0
1,hsi_q64,81,7,False,0.512396694214876,0.6739130434782609,46.0,31.0
1,hsi_q64,82,8,False,0.6976744186046512,0.625,48.0,30.0
1,hsi_q64,83,8,False,0.8,0.75,48.0,36.0
1,hsi_q64,84,8,False,0.5348837209302325,0.4791666666666667,48.0,23.0
1,hsi_q64,85,8,False,0.8979591836734694,0.9166666666666666,48.0,44.0
1,hsi_q64,86,8,False,0.5773195876288659,0.5833333333333334,48.0,28.0
1,hsi_q64,87,8,False,0.6153846153846154,0.8333333333333334,48.0,40.0
1,hsi_q64,88,8,False,0.576,0.75,48.0,36.0
1,hsi_q64,89,8,False,0.6956521739130435,0.6666666666666666,48.0,32.0
1,hsi_q195,0,0,False,0.34,0.3541666666666667,48.0,17.0
1,hsi_q195,1,0,False,0.7368421052631579,0.7291666666666666,48.0,35.0
1,hsi_q195,2,0,False,0.7272727272727273,0.75,48.0,36.0
1,hsi_q195,3,0,False,0.865979381443299,0.875,48.0,42.0
1,hsi_q195,4,0,True,0.0,0.0,48.0,0.0
1,hsi_q195,5,1,False,0.989010989010989,1.0,45.0,45.0
1,hsi_q195,6,1,False,0.6746987951807228,0.5833333333333334,48.0,28.0
1,hsi_q195,7,8,True,0.0,0.0,48.0,0.0
1,hsi_q195,8,1,False,0.8666666666666667,0.8125,48.0,39.0
1,hsi_q195,9,1,False,0.8297872340425532,0.8125,48.0,39.0
1,hsi_q195,10,1,False,0.34234234234234234,0.3958333333333333,48.0,19.0
1,hsi_q195,11,1,False,0.4943820224719101,0.4583333333333333,48.0,22.0
1,hsi_q195,12,8,True,0.0,0.0,48.0,0.0
1,hsi_q195,13,1,False,0.875,0.875,48.0,42.0
1,hsi_q195,14,1,False,0.6972477064220184,0.8085106382978723,47.0,38.0
1,hsi_q195,15,1,False,0.7540983606557377,0.9583333333333334,48.0,46.0
1,hsi_q195,16,1,False,0.6949152542372882,0.8541666666666666,48.0,41.0
1,hsi_q195,17,1,False,0.6428571428571429,0.75,48.0,36.0
1,hsi_q195,18,1,False,0.6808510638297872,1.0,48.0,48.0
1,hsi_q195,19,1,False,0.5977011494252874,0.5416666666666666,48.0,26.0
1,hsi_q195,20,2,False,0.8045977011494253,0.7291666666666666,48.0,35.0
1,hsi_q195,21,2,False,0.7394957983193278,0.9166666666666666,48.0,44.0
1,hsi_q195,22,2,True,0.0,0.0,48.0,0.0
1,hsi_q195,23,2,False,0.6875,0.6875,48.0,33.0
1,hsi_q195,24,2,False,0.8125,0.8125,48.0,39.0
1,hsi_q195,25,2,False,0.7207207207207207,0.8333333333333334,48.0,40.0
1,hsi_q195,26,2,False,0.8,0.9166666666666666,48.0,44.0
1,hsi_q195,27,2,False,0.5252525252525253,0.5416666666666666,48.0,26.0
1,hsi_q195,28,2,False,0.9574468085106383,0.9375,48.0,45.0
1,hsi_q195,29,2,False,0.8037383177570093,0.8958333333333334,48.0,43.0
1,hsi_q195,30,2,False,0.5178571428571429,0.6041666666666666,48.0,29.0
1,hsi_q195,31,2,False,0.9583333333333334,0.9583333333333334,48.0,46.0
1,hsi_q195,32,2,False,0.6666666666666666,0.5,48.0,24.0
1,hsi_q195,33,2,False,0.7962962962962963,0.8958333333333334,48.0,43.0
1,hsi_q195,34,3,False,0.6407766990291263,0.6875,48.0,33.0
1,hsi_q195,35,3,False,0.9795918367346939,1.0,48.0,48.0
1,hsi_q195,36,3,False,0.8602150537634409,0.8333333333333334,48.0,40.0
1,hsi_q195,37,3,False,0.34234234234234234,0.3958333333333333,48.0,19.0
1,hsi_q195,38,3,True,0.0,0.0,48.0,0.0
1,hsi_q195,39,3,False,0.6666666666666666,0.7083333333333334,48.0,34.0
1,hsi_q195,40,3,False,0.7692307692307693,0.8333333333333334,48.0,40.0
1,hsi_q195,41,3,False,0.3225806451612903,0.3125,48.0,15.0
1,hsi_q195,42,3,False,0.4631578947368421,0.4583333333333333,48.0,22.0
1,hsi_q195,43,4,False,0.05454545454545454,0.0625,48.0,3.0
1,hsi_q195,44,4,False,0.6122448979591837,0.625,48.0,30.0
1,hsi_q195,45,4,True,0.0,0.0,47.0,0.0
1,hsi_q195,46,4,False,0.15789473684210525,0.1875,48.0,9.0
1,hsi_q195,47,4,False,0.8380952380952381,0.9166666666666666,48.0,44.0
1,hsi_q195,48,4,False,0.88,0.9166666666666666,48.0,44.0
1,hsi_q195,49,4,False,0.13513513513513514,0.10416666666666667,48.0,5.0
1,hsi_q195,50,4,False,0.9213483146067416,0.8541666666666666,48.0,41.0
1,hsi_q195,51,4,False,0.22641509433962265,0.25,48.0,12.0
1,hsi_q195,52,4,False,0.022222222222222223,0.020833333333333332,48.0,1.0
1,hsi_q195,53,4,False,0.9166666666666666,0.9565217391304348,46.0,44.0
1,hsi_q195,54,4,False,0.5454545454545454,0.5625,48.0,27.0
1,hsi_q195,55,4,False,0.6136363636363636,0.5625,48.0,27.0
1,hsi_q195,56,4,False,0.7083333333333334,0.7083333333333334,48.0,34.0
1,hsi_q195,57,5,False,0.6813186813186813,0.6739130434782609,46.0,31.0
1,hsi_q195,58,5,False,0.7049180327868853,0.8958333333333334,48.0,43.0
1,hsi_q195,59,5,True,0.0,0.0,48.0,0.0
1,hsi_q195,60,8,True,0.0547945205479452,0.041666666666666664,48.0,2.0
1,hsi_q195,61,8,True,0.04878048780487805,0.041666666666666664,48.0,2.0
1,hsi_q195,62,5,False,0.603448275862069,0.7291666666666666,48.0,35.0
1,hsi_q195,63,8,True,0.0,0.0,48.0,0.0
1,hsi_q195,64,5,True,0.031746031746031744,0.020833333333333332,48.0,1.0
1,hsi_q195,65,5,True,0.0,0.0,48.0,0.0
1,hsi_q195,66,8,True,0.0,0.0,48.0,0.0
1,hsi_q195,67,5,False,0.9333333333333333,0.875,48.0,42.0
1,hsi_q195,68,5,False,0.967741935483871,0.9375,48.0,45.0
1,hsi_q195,69,5,False,0.19718309859154928,0.14583333333333334,48.0,7.0
1,hsi_q195,70,5,True,0.0,0.0,48.0,0.0
1,hsi_q195,71,5,True,0.0,0.0,48.0,0.0
1,hsi_q195,72,6,False,0.8181818181818182,0.9375,48.0,45.0
1,hsi_q195,73,6,False,0.4666666666666667,0.5833333333333334,48.0,28.0
1,hsi_q195,74,6,False,0.8421052631578947,1.0,48.0,48.0
1,hsi_q195,75,6,False,0.549618320610687,0.75,48.0,36.0
1,hsi_q195,76,6,False,0.8888888888888888,1.0,48.0,48.0
1,hsi_q195,77,7,False,0.8478260869565217,0.8125,48.0,39.0
1,hsi_q195,78,8,True,0.9347826086956522,0.8958333333333334,48.0,43.0
1,hsi_q195,79,7,True,0.0,0.0,48.0,0.0
1,hsi_q195,80,7,False,0.6436781609195402,0.5833333333333334,48.0,28.0
1,hsi_q195,81,7,False,0.5365853658536586,0.717391304347826,46.0,33.0
1,hsi_q195,82,8,False,0.7380952380952381,0.6458333333333334,48.0,31.0
1,hsi_q195,83,8,False,0.8387096774193549,0.8125,48.0,39.0
1,hsi_q195,84,8,False,0.5060240963855421,0.4375,48.0,21.0
1,hsi_q195,85,8,False,0.9183673469387755,0.9375,48.0,45.0
1,hsi_q195,86,8,False,0.5833333333333334,0.5833333333333334,48.0,28.0
1,hsi_q195,87,8,False,0.6521739130434783,0.9375,48.0,45.0
1,hsi_q195,88,8,False,0.5954198473282443,0.8125,48.0,39.0
1,hsi_q195,89,8,False,0.7272727272727273,0.6666666666666666,48.0,32.0
1,hsi_q215,0,0,False,0.6956521739130435,0.6666666666666666,48.0,32.0
1,hsi_q215,1,0,False,0.8842105263157894,0.875,48.0,42.0
1,hsi_q215,2,0,False,0.8817204301075269,0.8541666666666666,48.0,41.0
1,hsi_q215,3,0,False,0.9090909090909091,0.9375,48.0,45.0
1,hsi_q215,4,0,True,0.0,0.0,48.0,0.0
1,hsi_q215,5,1,False,0.9777777777777777,0.9777777777777777,45.0,44.0
1,hsi_q215,6,1,False,0.7209302325581395,0.6458333333333334,48.0,31.0
1,hsi_q215,7,8,True,0.0,0.0,48.0,0.0
1,hsi_q215,8,1,False,0.9148936170212766,0.8958333333333334,48.0,43.0
1,hsi_q215,9,1,False,0.8958333333333334,0.8958333333333334,48.0,43.0
1,hsi_q215,10,1,False,0.7256637168141593,0.8541666666666666,48.0,41.0
1,hsi_q215,11,1,False,0.4,0.2916666666666667,48.0,14.0
1,hsi_q215,12,8,True,0.0,0.0,48.0,0.0
1,hsi_q215,13,1,False,0.9278350515463918,0.9375,48.0,45.0
1,hsi_q215,14,1,False,0.7777777777777778,0.8936170212765957,47.0,42.0
1,hsi_q215,15,1,False,0.7559055118110236,1.0,48.0,48.0
1,hsi_q215,16,1,False,0.8910891089108911,0.9375,48.0,45.0
1,hsi_q215,17,1,False,0.7339449541284404,0.8333333333333334,48.0,40.0
1,hsi_q215,18,1,False,0.42105263157894735,0.5,48.0,24.0
1,hsi_q215,19,1,False,0.8,0.7916666666666666,48.0,38.0
1,hsi_q215,20,2,False,0.6984126984126984,0.9166666666666666,48.0,44.0
1,hsi_q215,21,2,False,0.7889908256880734,0.8958333333333334,48.0,43.0
1,hsi_q215,22,2,True,0.0,0.0,48.0,0.0
1,hsi_q215,23,2,False,0.75,0.8125,48.0,39.0
1,hsi_q215,24,2,False,0.8846153846153846,0.9583333333333334,48.0,46.0
1,hsi_q215,25,2,False,0.8282828282828283,0.8541666666666666,48.0,41.0
1,hsi_q215,26,2,False,0.12244897959183673,0.125,48.0,6.0
1,hsi_q215,27,2,False,0.8,0.7083333333333334,48.0,34.0
1,hsi_q215,28,2,False,0.9787234042553191,0.9583333333333334,48.0,46.0
1,hsi_q215,29,2,False,0.8979591836734694,0.9166666666666666,48.0,44.0
1,hsi_q215,30,2,False,0.6356589147286822,0.8541666666666666,48.0,41.0
1,hsi_q215,31,2,False,0.9795918367346939,1.0,48.0,48.0
1,hsi_q215,32,2,False,0.8148148148148148,0.6875,48.0,33.0
1,hsi_q215,33,2,False,0.7218045112781954,1.0,48.0,48.0
1,hsi_q215,34,3,False,0.7619047619047619,0.8333333333333334,48.0,40.0
1,hsi_q215,35,3,False,0.945054945054945,0.8958333333333334,48.0,43.0
1,hsi_q215,36,3,False,0.8979591836734694,0.9166666666666666,48.0,44.0
1,hsi_q215,37,3,False,0.4264705882352941,0.6041666666666666,48.0,29.0
1,hsi_q215,38,3,True,0.0,0.0,48.0,0.0
1,hsi_q215,39,3,False,0.6296296296296297,0.7083333333333334,48.0,34.0
1,hsi_q215,40,3,False,0.780952380952381,0.8541666666666666,48.0,41.0
1,hsi_q215,41,3,False,0.34951456310679613,0.375,48.0,18.0
1,hsi_q215,42,3,False,0.6888888888888889,0.6458333333333334,48.0,31.0
1,hsi_q215,43,4,False,0.09615384615384616,0.10416666666666667,48.0,5.0
1,hsi_q215,44,4,False,0.7010309278350515,0.7083333333333334,48.0,34.0
1,hsi_q215,45,4,True,0.0,0.0,47.0,0.0
1,hsi_q215,46,4,False,0.23423423423423423,0.2708333333333333,48.0,13.0
1,hsi_q215,47,4,False,0.819047619047619,0.8958333333333334,48.0,43.0
1,hsi_q215,48,4,False,0.8979591836734694,0.9166666666666666,48.0,44.0
1,hsi_q215,49,4,False,0.2391304347826087,0.22916666666666666,48.0,11.0
1,hsi_q215,50,4,False,0.0,0.0,48.0,0.0
1,hsi_q215,51,4,False,0.1839080459770115,0.16666666666666666,48.0,8.0
1,hsi_q215,52,4,False,0.14285714285714285,0.125,48.0,6.0
1,hsi_q215,53,4,False,0.47761194029850745,0.34782608695652173,46.0,16.0
1,hsi_q215,54,4,False,0.6238532110091743,0.7083333333333334,48.0,34.0
1,hsi_q215,55,4,False,0.6292134831460674,0.5833333333333334,48.0,28.0
1,hsi_q215,56,4,False,0.735632183908046,0.6666666666666666,48.0,32.0
1,hsi_q215,57,5,False,0.7755102040816326,0.8260869565217391,46.0,38.0
1,hsi_q215,58,5,False,0.6515151515151515,0.8958333333333334,48.0,43.0
1,hsi_q215,59,5,True,0.0,0.0,48.0,0.0
1,hsi_q215,60,8,True,0.025974025974025976,0.020833333333333332,48.0,1.0
1,hsi_q215,61,8,True,0.0,0.0,48.0,0.0
1,hsi_q215,62,5,False,0.65,0.8125,48.0,39.0
1,hsi_q215,63,8,True,0.0,0.0,48.0,0.0
1,hsi_q215,64,5,True,0.0,0.0,48.0,0.0
1,hsi_q215,65,5,True,0.0,0.0,48.0,0.0
1,hsi_q215,66,8,True,0.0,0.0,48.0,0.0
1,hsi_q215,67,5,False,0.9333333333333333,0.875,48.0,42.0
1,hsi_q215,68,5,False,0.9894736842105263,0.9791666666666666,48.0,47.0
1,hsi_q215,69,5,False,0.0,0.0,48.0,0.0
1,hsi_q215,70,5,True,0.0,0.0,48.0,0.0
1,hsi_q215,71,5,True,0.0,0.0,48.0,0.0
1,hsi_q215,72,6,False,0.8979591836734694,0.9166666666666666,48.0,44.0
1,hsi_q215,73,6,False,0.5882352941176471,0.7291666666666666,48.0,35.0
1,hsi_q215,74,6,False,0.7966101694915254,0.9791666666666666,48.0,47.0
1,hsi_q215,75,6,False,0.0,0.0,48.0,0.0
1,hsi_q215,76,6,False,0.8333333333333334,0.9375,48.0,45.0
1,hsi_q215,77,7,False,0.7027027027027027,0.5416666666666666,48.0,26.0
1,hsi_q215,78,8,True,0.8623853211009175,0.9791666666666666,48.0,47.0
1,hsi_q215,79,7,True,0.0,0.0,48.0,0.0
1,hsi_q215,80,7,False,0.7816091954022989,0.7083333333333334,48.0,34.0
1,hsi_q215,81,7,False,0.624,0.8478260869565217,46.0,39.0
1,hsi_q215,82,8,False,0.6823529411764706,0.6041666666666666,48.0,29.0
1,hsi_q215,83,8,False,0.8181818181818182,0.75,48.0,36.0
1,hsi_q215,84,8,False,0.5476190476190477,0.4791666666666667,48.0,23.0
1,hsi_q215,85,8,False,0.9375,0.9375,48.0,45.0
1,hsi_q215,86,8,False,0.5208333333333334,0.5208333333333334,48.0,25.0
1,hsi_q215,87,8,False,0.631578947368421,0.875,48.0,42.0
1,hsi_q215,88,8,False,0.6031746031746031,0.7916666666666666,48.0,38.0
1,hsi_q215,89,8,False,0.7901234567901234,0.6666666666666666,48.0,32.0
1,hsi_q214_own,0,0,False,0.6956521739130435,0.6666666666666666,48.0,32.0
1,hsi_q214_own,1,0,False,0.8842105263157894,0.875,48.0,42.0
1,hsi_q214_own,2,0,False,0.8817204301075269,0.8541666666666666,48.0,41.0
1,hsi_q214_own,3,0,False,0.9090909090909091,0.9375,48.0,45.0
1,hsi_q214_own,4,0,True,0.0,0.0,48.0,0.0
1,hsi_q214_own,5,1,False,0.9777777777777777,0.9777777777777777,45.0,44.0
1,hsi_q214_own,6,1,False,0.7209302325581395,0.6458333333333334,48.0,31.0
1,hsi_q214_own,7,8,True,0.0,0.0,48.0,0.0
1,hsi_q214_own,8,1,False,0.9148936170212766,0.8958333333333334,48.0,43.0
1,hsi_q214_own,9,1,False,0.8958333333333334,0.8958333333333334,48.0,43.0
1,hsi_q214_own,10,1,False,0.7256637168141593,0.8541666666666666,48.0,41.0
1,hsi_q214_own,11,1,False,0.4,0.2916666666666667,48.0,14.0
1,hsi_q214_own,12,8,True,0.0,0.0,48.0,0.0
1,hsi_q214_own,13,1,False,0.9278350515463918,0.9375,48.0,45.0
1,hsi_q214_own,14,1,False,0.7777777777777778,0.8936170212765957,47.0,42.0
1,hsi_q214_own,15,1,False,0.7559055118110236,1.0,48.0,48.0
1,hsi_q214_own,16,1,False,0.8910891089108911,0.9375,48.0,45.0
1,hsi_q214_own,17,1,False,0.7454545454545455,0.8541666666666666,48.0,41.0
1,hsi_q214_own,18,1,False,0.42105263157894735,0.5,48.0,24.0
1,hsi_q214_own,19,1,False,0.8,0.7916666666666666,48.0,38.0
1,hsi_q214_own,20,2,False,0.6984126984126984,0.9166666666666666,48.0,44.0
1,hsi_q214_own,21,2,False,0.7889908256880734,0.8958333333333334,48.0,43.0
1,hsi_q214_own,22,2,True,0.0,0.0,48.0,0.0
1,hsi_q214_own,23,2,False,0.75,0.8125,48.0,39.0
1,hsi_q214_own,24,2,False,0.8846153846153846,0.9583333333333334,48.0,46.0
1,hsi_q214_own,25,2,False,0.8282828282828283,0.8541666666666666,48.0,41.0
1,hsi_q214_own,26,2,False,0.12244897959183673,0.125,48.0,6.0
1,hsi_q214_own,27,2,False,0.8,0.7083333333333334,48.0,34.0
1,hsi_q214_own,28,2,False,0.9787234042553191,0.9583333333333334,48.0,46.0
1,hsi_q214_own,29,2,False,0.8979591836734694,0.9166666666666666,48.0,44.0
1,hsi_q214_own,30,2,False,0.6356589147286822,0.8541666666666666,48.0,41.0
1,hsi_q214_own,31,2,False,0.9795918367346939,1.0,48.0,48.0
1,hsi_q214_own,32,2,False,0.8148148148148148,0.6875,48.0,33.0
1,hsi_q214_own,33,2,False,0.7218045112781954,1.0,48.0,48.0
1,hsi_q214_own,34,3,False,0.7692307692307693,0.8333333333333334,48.0,40.0
1,hsi_q214_own,35,3,False,0.945054945054945,0.8958333333333334,48.0,43.0
1,hsi_q214_own,36,3,False,0.8979591836734694,0.9166666666666666,48.0,44.0
1,hsi_q214_own,37,3,False,0.42962962962962964,0.6041666666666666,48.0,29.0
1,hsi_q214_own,38,3,True,0.0,0.0,48.0,0.0
1,hsi_q214_own,39,3,False,0.6296296296296297,0.7083333333333334,48.0,34.0
1,hsi_q214_own,40,3,False,0.7884615384615384,0.8541666666666666,48.0,41.0
1,hsi_q214_own,41,3,False,0.34615384615384615,0.375,48.0,18.0
1,hsi_q214_own,42,3,False,0.7032967032967034,0.6666666666666666,48.0,32.0
1,hsi_q214_own,43,4,False,0.09615384615384616,0.10416666666666667,48.0,5.0
1,hsi_q214_own,44,4,False,0.7010309278350515,0.7083333333333334,48.0,34.0
1,hsi_q214_own,45,4,True,0.0,0.0,47.0,0.0
1,hsi_q214_own,46,4,False,0.23423423423423423,0.2708333333333333,48.0,13.0
1,hsi_q214_own,47,4,False,0.819047619047619,0.8958333333333334,48.0,43.0
1,hsi_q214_own,48,4,False,0.8979591836734694,0.9166666666666666,48.0,44.0
1,hsi_q214_own,49,4,False,0.24175824175824176,0.22916666666666666,48.0,11.0
1,hsi_q214_own,50,4,False,0.0,0.0,48.0,0.0
1,hsi_q214_own,51,4,False,0.1839080459770115,0.16666666666666666,48.0,8.0
1,hsi_q214_own,52,4,False,0.14285714285714285,0.125,48.0,6.0
1,hsi_q214_own,53,4,False,0.47761194029850745,0.34782608695652173,46.0,16.0
1,hsi_q214_own,54,4,False,0.6238532110091743,0.7083333333333334,48.0,34.0
1,hsi_q214_own,55,4,False,0.6222222222222222,0.5833333333333334,48.0,28.0
1,hsi_q214_own,56,4,False,0.735632183908046,0.6666666666666666,48.0,32.0
1,hsi_q214_own,57,5,False,0.76,0.8260869565217391,46.0,38.0
1,hsi_q214_own,58,5,False,0.6515151515151515,0.8958333333333334,48.0,43.0
1,hsi_q214_own,59,5,True,0.0,0.0,48.0,0.0
1,hsi_q214_own,60,8,True,0.025974025974025976,0.020833333333333332,48.0,1.0
1,hsi_q214_own,61,8,True,0.0,0.0,48.0,0.0
1,hsi_q214_own,62,5,False,0.65,0.8125,48.0,39.0
1,hsi_q214_own,63,8,True,0.0,0.0,48.0,0.0
1,hsi_q214_own,64,5,True,0.0,0.0,48.0,0.0
1,hsi_q214_own,65,5,True,0.0,0.0,48.0,0.0
1,hsi_q214_own,66,8,True,0.0,0.0,48.0,0.0
1,hsi_q214_own,67,5,False,0.9333333333333333,0.875,48.0,42.0
1,hsi_q214_own,68,5,False,0.9894736842105263,0.9791666666666666,48.0,47.0
1,hsi_q214_own,69,5,False,0.0,0.0,48.0,0.0
1,hsi_q214_own,70,5,True,0.0,0.0,48.0,0.0
1,hsi_q214_own,71,5,True,0.0,0.0,48.0,0.0
1,hsi_q214_own,72,6,False,0.8979591836734694,0.9166666666666666,48.0,44.0
1,hsi_q214_own,73,6,False,0.5882352941176471,0.7291666666666666,48.0,35.0
1,hsi_q214_own,74,6,False,0.7966101694915254,0.9791666666666666,48.0,47.0
1,hsi_q214_own,75,6,False,0.0,0.0,48.0,0.0
1,hsi_q214_own,76,6,False,0.822429906542056,0.9166666666666666,48.0,44.0
1,hsi_q214_own,77,7,False,0.6933333333333334,0.5416666666666666,48.0,26.0
1,hsi_q214_own,78,8,True,0.8623853211009175,0.9791666666666666,48.0,47.0
1,hsi_q214_own,79,7,True,0.0,0.0,48.0,0.0
1,hsi_q214_own,80,7,False,0.7816091954022989,0.7083333333333334,48.0,34.0
1,hsi_q214_own,81,7,False,0.624,0.8478260869565217,46.0,39.0
1,hsi_q214_own,82,8,False,0.6823529411764706,0.6041666666666666,48.0,29.0
1,hsi_q214_own,83,8,False,0.8045977011494253,0.7291666666666666,48.0,35.0
1,hsi_q214_own,84,8,False,0.5476190476190477,0.4791666666666667,48.0,23.0
1,hsi_q214_own,85,8,False,0.9375,0.9375,48.0,45.0
1,hsi_q214_own,86,8,False,0.5208333333333334,0.5208333333333334,48.0,25.0
1,hsi_q214_own,87,8,False,0.6268656716417911,0.875,48.0,42.0
1,hsi_q214_own,88,8,False,0.6031746031746031,0.7916666666666666,48.0,38.0
1,hsi_q214_own,89,8,False,0.7901234567901234,0.6666666666666666,48.0,32.0
1,hsi_qnested32,0,0,False,0.19801980198019803,0.20833333333333334,48.0,10.0
1,hsi_qnested32,1,0,False,0.7722772277227723,0.8125,48.0,39.0
1,hsi_qnested32,2,0,False,0.7254901960784313,0.7708333333333334,48.0,37.0
1,hsi_qnested32,3,0,False,0.8571428571428571,0.875,48.0,42.0
1,hsi_qnested32,4,0,True,0.0,0.0,48.0,0.0
1,hsi_qnested32,5,1,False,0.9887640449438202,0.9777777777777777,45.0,44.0
1,hsi_qnested32,6,1,False,0.6741573033707865,0.625,48.0,30.0
1,hsi_qnested32,7,8,True,0.0,0.0,48.0,0.0
1,hsi_qnested32,8,1,False,0.8695652173913043,0.8333333333333334,48.0,40.0
1,hsi_qnested32,9,1,False,0.7835051546391752,0.7916666666666666,48.0,38.0
1,hsi_qnested32,10,1,False,0.21568627450980393,0.22916666666666666,48.0,11.0
1,hsi_qnested32,11,1,False,0.4186046511627907,0.375,48.0,18.0
1,hsi_qnested32,12,8,True,0.02247191011235955,0.020833333333333332,48.0,1.0
1,hsi_qnested32,13,1,False,0.8247422680412371,0.8333333333333334,48.0,40.0
1,hsi_qnested32,14,1,False,0.7,0.7446808510638298,47.0,35.0
1,hsi_qnested32,15,1,False,0.8333333333333334,0.9375,48.0,45.0
1,hsi_qnested32,16,1,False,0.6333333333333333,0.7916666666666666,48.0,38.0
1,hsi_qnested32,17,1,False,0.6017699115044248,0.7083333333333334,48.0,34.0
1,hsi_qnested32,18,1,False,0.6716417910447762,0.9375,48.0,45.0
1,hsi_qnested32,19,1,False,0.5263157894736842,0.5208333333333334,48.0,25.0
1,hsi_qnested32,20,2,False,0.6888888888888889,0.6458333333333334,48.0,31.0
1,hsi_qnested32,21,2,False,0.6942148760330579,0.875,48.0,42.0
1,hsi_qnested32,22,2,True,0.0,0.0,48.0,0.0
1,hsi_qnested32,23,2,False,0.6153846153846154,0.5833333333333334,48.0,28.0
1,hsi_qnested32,24,2,False,0.7961165048543689,0.8541666666666666,48.0,41.0
1,hsi_qnested32,25,2,False,0.5636363636363636,0.6458333333333334,48.0,31.0
1,hsi_qnested32,26,2,False,0.8712871287128713,0.9166666666666666,48.0,44.0
1,hsi_qnested32,27,2,False,0.4444444444444444,0.4166666666666667,48.0,20.0
1,hsi_qnested32,28,2,False,0.9574468085106383,0.9375,48.0,45.0
1,hsi_qnested32,29,2,False,0.7884615384615384,0.8541666666666666,48.0,41.0
1,hsi_qnested32,30,2,False,0.4864864864864865,0.5625,48.0,27.0
1,hsi_qnested32,31,2,False,0.9896907216494846,1.0,48.0,48.0
1,hsi_qnested32,32,2,False,0.5588235294117647,0.3958333333333333,48.0,19.0
1,hsi_qnested32,33,2,False,0.7835051546391752,0.7916666666666666,48.0,38.0
1,hsi_qnested32,34,3,False,0.5825242718446602,0.625,48.0,30.0
1,hsi_qnested32,35,3,False,0.9387755102040817,0.9583333333333334,48.0,46.0
1,hsi_qnested32,36,3,False,0.8333333333333334,0.8333333333333334,48.0,40.0
1,hsi_qnested32,37,3,False,0.3469387755102041,0.3541666666666667,48.0,17.0
1,hsi_qnested32,38,3,True,0.0,0.0,48.0,0.0
1,hsi_qnested32,39,3,False,0.5656565656565656,0.5833333333333334,48.0,28.0
1,hsi_qnested32,40,3,False,0.7916666666666666,0.7916666666666666,48.0,38.0
1,hsi_qnested32,41,3,False,0.38,0.3958333333333333,48.0,19.0
1,hsi_qnested32,42,3,False,0.375,0.375,48.0,18.0
1,hsi_qnested32,43,4,False,0.09009009009009009,0.10416666666666667,48.0,5.0
1,hsi_qnested32,44,4,False,0.594059405940594,0.625,48.0,30.0
1,hsi_qnested32,45,4,True,0.0,0.0,47.0,0.0
1,hsi_qnested32,46,4,False,0.1941747572815534,0.20833333333333334,48.0,10.0
1,hsi_qnested32,47,4,False,0.8598130841121495,0.9583333333333334,48.0,46.0
1,hsi_qnested32,48,4,False,0.8979591836734694,0.9166666666666666,48.0,44.0
1,hsi_qnested32,49,4,False,0.11764705882352941,0.10416666666666667,48.0,5.0
1,hsi_qnested32,50,4,False,0.967741935483871,0.9375,48.0,45.0
1,hsi_qnested32,51,4,False,0.13675213675213677,0.16666666666666666,48.0,8.0
1,hsi_qnested32,52,4,False,0.047619047619047616,0.041666666666666664,48.0,2.0
1,hsi_qnested32,53,4,False,0.8543689320388349,0.9565217391304348,46.0,44.0
1,hsi_qnested32,54,4,False,0.5904761904761905,0.6458333333333334,48.0,31.0
1,hsi_qnested32,55,4,False,0.6136363636363636,0.5625,48.0,27.0
1,hsi_qnested32,56,4,False,0.6451612903225806,0.625,48.0,30.0
1,hsi_qnested32,57,5,False,0.7157894736842105,0.7391304347826086,46.0,34.0
1,hsi_qnested32,58,5,False,0.7107438016528925,0.8958333333333334,48.0,43.0
1,hsi_qnested32,59,5,True,0.029850746268656716,0.020833333333333332,48.0,1.0
1,hsi_qnested32,60,8,True,0.3013698630136986,0.22916666666666666,48.0,11.0
1,hsi_qnested32,61,8,True,0.17721518987341772,0.14583333333333334,48.0,7.0
1,hsi_qnested32,62,5,False,0.6346153846153846,0.6875,48.0,33.0
1,hsi_qnested32,63,8,True,0.0,0.0,48.0,0.0
1,hsi_qnested32,64,5,True,0.06896551724137931,0.041666666666666664,48.0,2.0
1,hsi_qnested32,65,5,True,0.025,0.020833333333333332,48.0,1.0
1,hsi_qnested32,66,8,True,0.04878048780487805,0.041666666666666664,48.0,2.0
1,hsi_qnested32,67,5,False,0.9230769230769231,0.875,48.0,42.0
1,hsi_qnested32,68,5,False,0.9148936170212766,0.8958333333333334,48.0,43.0
1,hsi_qnested32,69,5,False,0.21739130434782608,0.20833333333333334,48.0,10.0
1,hsi_qnested32,70,5,True,0.0,0.0,48.0,0.0
1,hsi_qnested32,71,5,True,0.0,0.0,48.0,0.0
1,hsi_qnested32,72,6,False,0.7321428571428571,0.8541666666666666,48.0,41.0
1,hsi_qnested32,73,6,False,0.3673469387755102,0.375,48.0,18.0
1,hsi_qnested32,74,6,False,0.752,0.9791666666666666,48.0,47.0
1,hsi_qnested32,75,6,False,0.656,0.8541666666666666,48.0,41.0
1,hsi_qnested32,76,6,False,0.7818181818181819,0.8958333333333334,48.0,43.0
1,hsi_qnested32,77,7,False,0.8041237113402062,0.8125,48.0,39.0
1,hsi_qnested32,78,8,True,0.8695652173913043,0.8333333333333334,48.0,40.0
1,hsi_qnested32,79,7,True,0.0,0.0,48.0,0.0
1,hsi_qnested32,80,7,False,0.4375,0.4375,48.0,21.0
1,hsi_qnested32,81,7,False,0.5217391304347826,0.6521739130434783,46.0,30.0
1,hsi_qnested32,82,8,False,0.6666666666666666,0.5833333333333334,48.0,28.0
1,hsi_qnested32,83,8,False,0.8222222222222222,0.7708333333333334,48.0,37.0
1,hsi_qnested32,84,8,False,0.4819277108433735,0.4166666666666667,48.0,20.0
1,hsi_qnested32,85,8,False,0.8865979381443299,0.8958333333333334,48.0,43.0
1,hsi_qnested32,86,8,False,0.5625,0.5625,48.0,27.0
1,hsi_qnested32,87,8,False,0.6356589147286822,0.8541666666666666,48.0,41.0
1,hsi_qnested32,88,8,False,0.5396825396825397,0.7083333333333334,48.0,34.0
1,hsi_qnested32,89,8,False,0.6526315789473685,0.6458333333333334,48.0,31.0
1,hsi_qnested64,0,0,False,0.2222222222222222,0.22916666666666666,48.0,11.0
1,hsi_qnested64,1,0,False,0.7524752475247525,0.7916666666666666,48.0,38.0
1,hsi_qnested64,2,0,False,0.7115384615384616,0.7708333333333334,48.0,37.0
1,hsi_qnested64,3,0,False,0.865979381443299,0.875,48.0,42.0
1,hsi_qnested64,4,0,True,0.0,0.0,48.0,0.0
1,hsi_qnested64,5,1,False,0.9887640449438202,0.9777777777777777,45.0,44.0
1,hsi_qnested64,6,1,False,0.7415730337078652,0.6875,48.0,33.0
1,hsi_qnested64,7,8,True,0.0,0.0,48.0,0.0
1,hsi_qnested64,8,1,False,0.8695652173913043,0.8333333333333334,48.0,40.0
1,hsi_qnested64,9,1,False,0.7578947368421053,0.75,48.0,36.0
1,hsi_qnested64,10,1,False,0.3584905660377358,0.3958333333333333,48.0,19.0
1,hsi_qnested64,11,1,False,0.46511627906976744,0.4166666666666667,48.0,20.0
1,hsi_qnested64,12,8,True,0.0,0.0,48.0,0.0
1,hsi_qnested64,13,1,False,0.8172043010752689,0.7916666666666666,48.0,38.0
1,hsi_qnested64,14,1,False,0.66,0.7021276595744681,47.0,33.0
1,hsi_qnested64,15,1,False,0.8070175438596491,0.9583333333333334,48.0,46.0
1,hsi_qnested64,16,1,False,0.6896551724137931,0.8333333333333334,48.0,40.0
1,hsi_qnested64,17,1,False,0.6086956521739131,0.7291666666666666,48.0,35.0
1,hsi_qnested64,18,1,False,0.6571428571428571,0.9583333333333334,48.0,46.0
1,hsi_qnested64,19,1,False,0.5531914893617021,0.5416666666666666,48.0,26.0
1,hsi_qnested64,20,2,False,0.8131868131868132,0.7708333333333334,48.0,37.0
1,hsi_qnested64,21,2,False,0.7166666666666667,0.8958333333333334,48.0,43.0
1,hsi_qnested64,22,2,True,0.0,0.0,48.0,0.0
1,hsi_qnested64,23,2,False,0.6458333333333334,0.6458333333333334,48.0,31.0
1,hsi_qnested64,24,2,False,0.8076923076923077,0.875,48.0,42.0
1,hsi_qnested64,25,2,False,0.6181818181818182,0.7083333333333334,48.0,34.0
1,hsi_qnested64,26,2,False,0.8490566037735849,0.9375,48.0,45.0
1,hsi_qnested64,27,2,False,0.5263157894736842,0.5208333333333334,48.0,25.0
1,hsi_qnested64,28,2,False,0.9574468085106383,0.9375,48.0,45.0
1,hsi_qnested64,29,2,False,0.7962962962962963,0.8958333333333334,48.0,43.0
1,hsi_qnested64,30,2,False,0.5043478260869565,0.6041666666666666,48.0,29.0
1,hsi_qnested64,31,2,False,0.9795918367346939,1.0,48.0,48.0
1,hsi_qnested64,32,2,False,0.647887323943662,0.4791666666666667,48.0,23.0
1,hsi_qnested64,33,2,False,0.803921568627451,0.8541666666666666,48.0,41.0
1,hsi_qnested64,34,3,False,0.6138613861386139,0.6458333333333334,48.0,31.0
1,hsi_qnested64,35,3,False,0.9791666666666666,0.9791666666666666,48.0,47.0
1,hsi_qnested64,36,3,False,0.8333333333333334,0.8333333333333334,48.0,40.0
1,hsi_qnested64,37,3,False,0.32653061224489793,0.3333333333333333,48.0,16.0
1,hsi_qnested64,38,3,True,0.0,0.0,48.0,0.0
1,hsi_qnested64,39,3,False,0.6336633663366337,0.6666666666666666,48.0,32.0
1,hsi_qnested64,40,3,False,0.7843137254901961,0.8333333333333334,48.0,40.0
1,hsi_qnested64,41,3,False,0.3137254901960784,0.3333333333333333,48.0,16.0
1,hsi_qnested64,42,3,False,0.4222222222222222,0.3958333333333333,48.0,19.0
1,hsi_qnested64,43,4,False,0.08849557522123894,0.10416666666666667,48.0,5.0
1,hsi_qnested64,44,4,False,0.6170212765957447,0.6041666666666666,48.0,29.0
1,hsi_qnested64,45,4,True,0.0,0.0,47.0,0.0
1,hsi_qnested64,46,4,False,0.1553398058252427,0.16666666666666666,48.0,8.0
1,hsi_qnested64,47,4,False,0.8037383177570093,0.8958333333333334,48.0,43.0
1,hsi_qnested64,48,4,False,0.8775510204081632,0.8958333333333334,48.0,43.0
1,hsi_qnested64,49,4,False,0.075,0.0625,48.0,3.0
1,hsi_qnested64,50,4,False,0.9565217391304348,0.9166666666666666,48.0,44.0
1,hsi_qnested64,51,4,False,0.2,0.22916666666666666,48.0,11.0
1,hsi_qnested64,52,4,False,0.047058823529411764,0.041666666666666664,48.0,2.0
1,hsi_qnested64,53,4,False,0.8627450980392157,0.9565217391304348,46.0,44.0
1,hsi_qnested64,54,4,False,0.58,0.6041666666666666,48.0,29.0
1,hsi_qnested64,55,4,False,0.5882352941176471,0.5208333333333334,48.0,25.0
1,hsi_qnested64,56,4,False,0.6666666666666666,0.6458333333333334,48.0,31.0
1,hsi_qnested64,57,5,False,0.6956521739130435,0.6956521739130435,46.0,32.0
1,hsi_qnested64,58,5,False,0.7,0.875,48.0,42.0
1,hsi_qnested64,59,5,True,0.030303030303030304,0.020833333333333332,48.0,1.0
1,hsi_qnested64,60,8,True,0.11428571428571428,0.08333333333333333,48.0,4.0
1,hsi_qnested64,61,8,True,0.16216216216216217,0.125,48.0,6.0
1,hsi_qnested64,62,5,False,0.6017699115044248,0.7083333333333334,48.0,34.0
1,hsi_qnested64,63,8,True,0.0,0.0,48.0,0.0
1,hsi_qnested64,64,5,True,0.09523809523809523,0.0625,48.0,3.0
1,hsi_qnested64,65,5,True,0.024096385542168676,0.020833333333333332,48.0,1.0
1,hsi_qnested64,66,8,True,0.0,0.0,48.0,0.0
1,hsi_qnested64,67,5,False,0.945054945054945,0.8958333333333334,48.0,43.0
1,hsi_qnested64,68,5,False,0.946236559139785,0.9166666666666666,48.0,44.0
1,hsi_qnested64,69,5,False,0.20454545454545456,0.1875,48.0,9.0
1,hsi_qnested64,70,5,True,0.0,0.0,48.0,0.0
1,hsi_qnested64,71,5,True,0.0,0.0,48.0,0.0
1,hsi_qnested64,72,6,False,0.7818181818181819,0.8958333333333334,48.0,43.0
1,hsi_qnested64,73,6,False,0.3853211009174312,0.4375,48.0,21.0
1,hsi_qnested64,74,6,False,0.7804878048780488,1.0,48.0,48.0
1,hsi_qnested64,75,6,False,0.608,0.7916666666666666,48.0,38.0
1,hsi_qnested64,76,6,False,0.8411214953271028,0.9375,48.0,45.0
1,hsi_qnested64,77,7,False,0.8,0.7916666666666666,48.0,38.0
1,hsi_qnested64,78,8,True,0.8571428571428571,0.8125,48.0,39.0
1,hsi_qnested64,79,7,True,0.0,0.0,48.0,0.0
1,hsi_qnested64,80,7,False,0.4888888888888889,0.4583333333333333,48.0,22.0
1,hsi_qnested64,81,7,False,0.5043478260869565,0.6304347826086957,46.0,29.0
1,hsi_qnested64,82,8,False,0.6744186046511628,0.6041666666666666,48.0,29.0
1,hsi_qnested64,83,8,False,0.8314606741573034,0.7708333333333334,48.0,37.0
1,hsi_qnested64,84,8,False,0.5301204819277109,0.4583333333333333,48.0,22.0
1,hsi_qnested64,85,8,False,0.8865979381443299,0.8958333333333334,48.0,43.0
1,hsi_qnested64,86,8,False,0.5833333333333334,0.5833333333333334,48.0,28.0
1,hsi_qnested64,87,8,False,0.6259541984732825,0.8541666666666666,48.0,41.0
1,hsi_qnested64,88,8,False,0.5891472868217055,0.7916666666666666,48.0,38.0
1,hsi_qnested64,89,8,False,0.6881720430107527,0.6666666666666666,48.0,32.0
1,hsi_mean32,0,0,False,0.20202020202020202,0.20833333333333334,48.0,10.0
1,hsi_mean32,1,0,False,0.6,0.5625,48.0,27.0
1,hsi_mean32,2,0,False,0.6238532110091743,0.7083333333333334,48.0,34.0
1,hsi_mean32,3,0,False,0.7070707070707071,0.7291666666666666,48.0,35.0
1,hsi_mean32,4,0,True,0.17777777777777778,0.16666666666666666,48.0,8.0
1,hsi_mean32,5,1,False,0.6732673267326733,0.7555555555555555,45.0,34.0
1,hsi_mean32,6,1,False,0.3953488372093023,0.3541666666666667,48.0,17.0
1,hsi_mean32,7,8,True,0.04878048780487805,0.041666666666666664,48.0,2.0
1,hsi_mean32,8,1,False,0.7216494845360825,0.7291666666666666,48.0,35.0
1,hsi_mean32,9,1,False,0.5161290322580645,0.5,48.0,24.0
1,hsi_mean32,10,1,False,0.16260162601626016,0.20833333333333334,48.0,10.0
1,hsi_mean32,11,1,False,0.3673469387755102,0.375,48.0,18.0
1,hsi_mean32,12,8,True,0.02197802197802198,0.020833333333333332,48.0,1.0
1,hsi_mean32,13,1,False,0.5740740740740741,0.6458333333333334,48.0,31.0
1,hsi_mean32,14,1,False,0.5283018867924528,0.5957446808510638,47.0,28.0
1,hsi_mean32,15,1,False,0.693069306930693,0.7291666666666666,48.0,35.0
1,hsi_mean32,16,1,False,0.5925925925925926,0.6666666666666666,48.0,32.0
1,hsi_mean32,17,1,False,0.40384615384615385,0.4375,48.0,21.0
1,hsi_mean32,18,1,False,0.5689655172413793,0.6875,48.0,33.0
1,hsi_mean32,19,1,False,0.2912621359223301,0.3125,48.0,15.0
1,hsi_mean32,20,2,False,0.4367816091954023,0.3958333333333333,48.0,19.0
1,hsi_mean32,21,2,False,0.6785714285714286,0.7916666666666666,48.0,38.0
1,hsi_mean32,22,2,True,0.32786885245901637,0.20833333333333334,48.0,10.0
1,hsi_mean32,23,2,False,0.47058823529411764,0.5,48.0,24.0
1,hsi_mean32,24,2,False,0.72,0.75,48.0,36.0
1,hsi_mean32,25,2,False,0.25287356321839083,0.22916666666666666,48.0,11.0
1,hsi_mean32,26,2,False,0.8910891089108911,0.9375,48.0,45.0
1,hsi_mean32,27,2,False,0.3191489361702128,0.3125,48.0,15.0
1,hsi_mean32,28,2,False,0.9263157894736842,0.9166666666666666,48.0,44.0
1,hsi_mean32,29,2,False,0.6440677966101694,0.7916666666666666,48.0,38.0
1,hsi_mean32,30,2,False,0.37735849056603776,0.4166666666666667,48.0,20.0
1,hsi_mean32,31,2,False,0.7358490566037735,0.8125,48.0,39.0
1,hsi_mean32,32,2,False,0.6746987951807228,0.5833333333333334,48.0,28.0
1,hsi_mean32,33,2,False,0.42592592592592593,0.4791666666666667,48.0,23.0
1,hsi_mean32,34,3,False,0.4318181818181818,0.3958333333333333,48.0,19.0
1,hsi_mean32,35,3,False,0.8602150537634409,0.8333333333333334,48.0,40.0
1,hsi_mean32,36,3,False,0.6538461538461539,0.7083333333333334,48.0,34.0
1,hsi_mean32,37,3,False,0.2988505747126437,0.2708333333333333,48.0,13.0
1,hsi_mean32,38,3,True,0.0,0.0,48.0,0.0
1,hsi_mean32,39,3,False,0.35051546391752575,0.3541666666666667,48.0,17.0
1,hsi_mean32,40,3,False,0.5494505494505495,0.5208333333333334,48.0,25.0
1,hsi_mean32,41,3,False,0.29411764705882354,0.3125,48.0,15.0
1,hsi_mean32,42,3,False,0.26785714285714285,0.3125,48.0,15.0
1,hsi_mean32,43,4,False,0.4,0.5625,48.0,27.0
1,hsi_mean32,44,4,False,0.4329896907216495,0.4375,48.0,21.0
1,hsi_mean32,45,4,True,0.0,0.0,47.0,0.0
1,hsi_mean32,46,4,False,0.18421052631578946,0.14583333333333334,48.0,7.0
1,hsi_mean32,47,4,False,0.8,0.875,48.0,42.0
1,hsi_mean32,48,4,False,0.8431372549019608,0.8958333333333334,48.0,43.0
1,hsi_mean32,49,4,False,0.14814814814814814,0.125,48.0,6.0
1,hsi_mean32,50,4,False,0.8045977011494253,0.7291666666666666,48.0,35.0
1,hsi_mean32,51,4,False,0.09090909090909091,0.08333333333333333,48.0,4.0
1,hsi_mean32,52,4,False,0.09411764705882353,0.08333333333333333,48.0,4.0
1,hsi_mean32,53,4,False,0.7446808510638298,0.7608695652173914,46.0,35.0
1,hsi_mean32,54,4,False,0.43956043956043955,0.4166666666666667,48.0,20.0
1,hsi_mean32,55,4,False,0.4421052631578947,0.4375,48.0,21.0
1,hsi_mean32,56,4,False,0.48148148148148145,0.5416666666666666,48.0,26.0
1,hsi_mean32,57,5,False,0.43010752688172044,0.43478260869565216,46.0,20.0
1,hsi_mean32,58,5,False,0.5210084033613446,0.6458333333333334,48.0,31.0
1,hsi_mean32,59,5,True,0.1686746987951807,0.14583333333333334,48.0,7.0
1,hsi_mean32,60,8,True,0.4631578947368421,0.4583333333333333,48.0,22.0
1,hsi_mean32,61,8,True,0.3333333333333333,0.2916666666666667,48.0,14.0
1,hsi_mean32,62,5,False,0.35294117647058826,0.375,48.0,18.0
1,hsi_mean32,63,8,True,0.08,0.0625,48.0,3.0
1,hsi_mean32,64,5,True,0.22580645161290322,0.14583333333333334,48.0,7.0
1,hsi_mean32,65,5,True,0.16216216216216217,0.125,48.0,6.0
1,hsi_mean32,66,8,True,0.23809523809523808,0.20833333333333334,48.0,10.0
1,hsi_mean32,67,5,False,0.7378640776699029,0.7916666666666666,48.0,38.0
1,hsi_mean32,68,5,False,0.6666666666666666,0.5833333333333334,48.0,28.0
1,hsi_mean32,69,5,False,0.42592592592592593,0.4791666666666667,48.0,23.0
1,hsi_mean32,70,5,True,0.024691358024691357,0.020833333333333332,48.0,1.0
1,hsi_mean32,71,5,True,0.05714285714285714,0.041666666666666664,48.0,2.0
1,hsi_mean32,72,6,False,0.5688073394495413,0.6458333333333334,48.0,31.0
1,hsi_mean32,73,6,False,0.22784810126582278,0.1875,48.0,9.0
1,hsi_mean32,74,6,False,0.5,0.6041666666666666,48.0,29.0
1,hsi_mean32,75,6,False,0.7920792079207921,0.8333333333333334,48.0,40.0
1,hsi_mean32,76,6,False,0.417910447761194,0.5833333333333334,48.0,28.0
1,hsi_mean32,77,7,False,0.45098039215686275,0.4791666666666667,48.0,23.0
1,hsi_mean32,78,8,True,0.5094339622641509,0.5625,48.0,27.0
1,hsi_mean32,79,7,True,0.10526315789473684,0.0625,48.0,3.0
1,hsi_mean32,80,7,False,0.17391304347826086,0.125,48.0,6.0
1,hsi_mean32,81,7,False,0.3469387755102041,0.3695652173913043,46.0,17.0
1,hsi_mean32,82,8,False,0.49382716049382713,0.4166666666666667,48.0,20.0
1,hsi_mean32,83,8,False,0.717391304347826,0.6875,48.0,33.0
1,hsi_mean32,84,8,False,0.49411764705882355,0.4375,48.0,21.0
1,hsi_mean32,85,8,False,0.7157894736842105,0.7083333333333334,48.0,34.0
1,hsi_mean32,86,8,False,0.3170731707317073,0.2708333333333333,48.0,13.0
1,hsi_mean32,87,8,False,0.6355140186915887,0.7083333333333334,48.0,34.0
1,hsi_mean32,88,8,False,0.4881889763779528,0.6458333333333334,48.0,31.0
1,hsi_mean32,89,8,False,0.375,0.375,48.0,18.0
1,hsi_mean214_own,0,0,False,0.23404255319148937,0.22916666666666666,48.0,11.0
1,hsi_mean214_own,1,0,False,0.6373626373626373,0.6041666666666666,48.0,29.0
1,hsi_mean214_own,2,0,False,0.6792452830188679,0.75,48.0,36.0
1,hsi_mean214_own,3,0,False,0.8247422680412371,0.8333333333333334,48.0,40.0
1,hsi_mean214_own,4,0,True,0.18181818181818182,0.14583333333333334,48.0,7.0
1,hsi_mean214_own,5,1,False,0.8163265306122449,0.8888888888888888,45.0,40.0
1,hsi_mean214_own,6,1,False,0.5,0.4166666666666667,48.0,20.0
1,hsi_mean214_own,7,8,True,0.0,0.0,48.0,0.0
1,hsi_mean214_own,8,1,False,0.8958333333333334,0.8958333333333334,48.0,43.0
1,hsi_mean214_own,9,1,False,0.7878787878787878,0.8125,48.0,39.0
1,hsi_mean214_own,10,1,False,0.49557522123893805,0.5833333333333334,48.0,28.0
1,hsi_mean214_own,11,1,False,0.3111111111111111,0.2916666666666667,48.0,14.0
1,hsi_mean214_own,12,8,True,0.0,0.0,48.0,0.0
1,hsi_mean214_own,13,1,False,0.819047619047619,0.8958333333333334,48.0,43.0
1,hsi_mean214_own,14,1,False,0.6194690265486725,0.7446808510638298,47.0,35.0
1,hsi_mean214_own,15,1,False,0.8,0.9583333333333334,48.0,46.0
1,hsi_mean214_own,16,1,False,0.851063829787234,0.8333333333333334,48.0,40.0
1,hsi_mean214_own,17,1,False,0.5739130434782609,0.6875,48.0,33.0
1,hsi_mean214_own,18,1,False,0.4752475247524752,0.5,48.0,24.0
1,hsi_mean214_own,19,1,False,0.6728971962616822,0.75,48.0,36.0
1,hsi_mean214_own,20,2,False,0.6407766990291263,0.6875,48.0,33.0
1,hsi_mean214_own,21,2,False,0.7358490566037735,0.8125,48.0,39.0
1,hsi_mean214_own,22,2,True,0.11538461538461539,0.0625,48.0,3.0
1,hsi_mean214_own,23,2,False,0.7058823529411765,0.75,48.0,36.0
1,hsi_mean214_own,24,2,False,0.7924528301886793,0.875,48.0,42.0
1,hsi_mean214_own,25,2,False,0.7872340425531915,0.7708333333333334,48.0,37.0
1,hsi_mean214_own,26,2,False,0.23423423423423423,0.2708333333333333,48.0,13.0
1,hsi_mean214_own,27,2,False,0.4948453608247423,0.5,48.0,24.0
1,hsi_mean214_own,28,2,False,0.968421052631579,0.9583333333333334,48.0,46.0
1,hsi_mean214_own,29,2,False,0.8888888888888888,0.9166666666666666,48.0,44.0
1,hsi_mean214_own,30,2,False,0.484375,0.6458333333333334,48.0,31.0
1,hsi_mean214_own,31,2,False,0.8723404255319149,0.8541666666666666,48.0,41.0
1,hsi_mean214_own,32,2,False,0.7710843373493976,0.6666666666666666,48.0,32.0
1,hsi_mean214_own,33,2,False,0.6164383561643836,0.9375,48.0,45.0
1,hsi_mean214_own,34,3,False,0.6296296296296297,0.7083333333333334,48.0,34.0
1,hsi_mean214_own,35,3,False,0.9230769230769231,0.875,48.0,42.0
1,hsi_mean214_own,36,3,False,0.8172043010752689,0.7916666666666666,48.0,38.0
1,hsi_mean214_own,37,3,False,0.36538461538461536,0.3958333333333333,48.0,19.0
1,hsi_mean214_own,38,3,True,0.0,0.0,48.0,0.0
1,hsi_mean214_own,39,3,False,0.5769230769230769,0.625,48.0,30.0
1,hsi_mean214_own,40,3,False,0.6534653465346535,0.6875,48.0,33.0
1,hsi_mean214_own,41,3,False,0.2549019607843137,0.2708333333333333,48.0,13.0
1,hsi_mean214_own,42,3,False,0.38181818181818183,0.4375,48.0,21.0
1,hsi_mean214_own,43,4,False,0.375,0.4375,48.0,21.0
1,hsi_mean214_own,44,4,False,0.6153846153846154,0.5833333333333334,48.0,28.0
1,hsi_mean214_own,45,4,True,0.0,0.0,47.0,0.0
1,hsi_mean214_own,46,4,False,0.25882352941176473,0.22916666666666666,48.0,11.0
1,hsi_mean214_own,47,4,False,0.8118811881188119,0.8541666666666666,48.0,41.0
1,hsi_mean214_own,48,4,False,0.86,0.8958333333333334,48.0,43.0
1,hsi_mean214_own,49,4,False,0.1702127659574468,0.16666666666666666,48.0,8.0
1,hsi_mean214_own,50,4,False,0.07692307692307693,0.041666666666666664,48.0,2.0
1,hsi_mean214_own,51,4,False,0.1794871794871795,0.14583333333333334,48.0,7.0
1,hsi_mean214_own,52,4,False,0.16279069767441862,0.14583333333333334,48.0,7.0
1,hsi_mean214_own,53,4,False,0.6037735849056604,0.6956521739130435,46.0,32.0
1,hsi_mean214_own,54,4,False,0.5185185185185185,0.5833333333333334,48.0,28.0
1,hsi_mean214_own,55,4,False,0.4536082474226804,0.4583333333333333,48.0,22.0
1,hsi_mean214_own,56,4,False,0.5833333333333334,0.5833333333333334,48.0,28.0
1,hsi_mean214_own,57,5,False,0.75,0.717391304347826,46.0,33.0
1,hsi_mean214_own,58,5,False,0.7207207207207207,0.8333333333333334,48.0,40.0
1,hsi_mean214_own,59,5,True,0.10526315789473684,0.08333333333333333,48.0,4.0
1,hsi_mean214_own,60,8,True,0.5523809523809524,0.6041666666666666,48.0,29.0
1,hsi_mean214_own,61,8,True,0.2891566265060241,0.25,48.0,12.0
1,hsi_mean214_own,62,5,False,0.48148148148148145,0.5416666666666666,48.0,26.0
1,hsi_mean214_own,63,8,True,0.05194805194805195,0.041666666666666664,48.0,2.0
1,hsi_mean214_own,64,5,True,0.14925373134328357,0.10416666666666667,48.0,5.0
1,hsi_mean214_own,65,5,True,0.05555555555555555,0.041666666666666664,48.0,2.0
1,hsi_mean214_own,66,8,True,0.0,0.0,48.0,0.0
1,hsi_mean214_own,67,5,False,0.8791208791208791,0.8333333333333334,48.0,40.0
1,hsi_mean214_own,68,5,False,0.8913043478260869,0.8541666666666666,48.0,41.0
1,hsi_mean214_own,69,5,False,0.0,0.0,48.0,0.0
1,hsi_mean214_own,70,5,True,0.0,0.0,48.0,0.0
1,hsi_mean214_own,71,5,True,0.11428571428571428,0.08333333333333333,48.0,4.0
1,hsi_mean214_own,72,6,False,0.7524752475247525,0.7916666666666666,48.0,38.0
1,hsi_mean214_own,73,6,False,0.4375,0.4375,48.0,21.0
1,hsi_mean214_own,74,6,False,0.5660377358490566,0.9375,48.0,45.0
1,hsi_mean214_own,75,6,False,0.013071895424836602,0.020833333333333332,48.0,1.0
1,hsi_mean214_own,76,6,False,0.6851851851851852,0.7708333333333334,48.0,37.0
1,hsi_mean214_own,77,7,False,0.7111111111111111,0.6666666666666666,48.0,32.0
1,hsi_mean214_own,78,8,True,0.7079646017699115,0.8333333333333334,48.0,40.0
1,hsi_mean214_own,79,7,True,0.0,0.0,48.0,0.0
1,hsi_mean214_own,80,7,False,0.6086956521739131,0.5833333333333334,48.0,28.0
1,hsi_mean214_own,81,7,False,0.6981132075471698,0.8043478260869565,46.0,37.0
1,hsi_mean214_own,82,8,False,0.6904761904761905,0.6041666666666666,48.0,29.0
1,hsi_mean214_own,83,8,False,0.8913043478260869,0.8541666666666666,48.0,41.0
1,hsi_mean214_own,84,8,False,0.5679012345679012,0.4791666666666667,48.0,23.0
1,hsi_mean214_own,85,8,False,0.8444444444444444,0.7916666666666666,48.0,38.0
1,hsi_mean214_own,86,8,False,0.46808510638297873,0.4583333333333333,48.0,22.0
1,hsi_mean214_own,87,8,False,0.6875,0.9166666666666666,48.0,44.0
1,hsi_mean214_own,88,8,False,0.5196850393700787,0.6875,48.0,33.0
1,hsi_mean214_own,89,8,False,0.72,0.5625,48.0,27.0
1,hsi_snvmean32,0,0,False,0.203125,0.2708333333333333,48.0,13.0
1,hsi_snvmean32,1,0,False,0.46153846153846156,0.4375,48.0,21.0
1,hsi_snvmean32,2,0,False,0.5111111111111111,0.4791666666666667,48.0,23.0
1,hsi_snvmean32,3,0,False,0.7216494845360825,0.7291666666666666,48.0,35.0
1,hsi_snvmean32,4,0,True,0.38202247191011235,0.3541666666666667,48.0,17.0
1,hsi_snvmean32,5,1,False,0.6666666666666666,0.7777777777777778,45.0,35.0
1,hsi_snvmean32,6,1,False,0.32,0.25,48.0,12.0
1,hsi_snvmean32,7,8,True,0.08571428571428572,0.0625,48.0,3.0
1,hsi_snvmean32,8,1,False,0.46464646464646464,0.4791666666666667,48.0,23.0
1,hsi_snvmean32,9,1,False,0.425531914893617,0.4166666666666667,48.0,20.0
1,hsi_snvmean32,10,1,False,0.17094017094017094,0.20833333333333334,48.0,10.0
1,hsi_snvmean32,11,1,False,0.48739495798319327,0.6041666666666666,48.0,29.0
1,hsi_snvmean32,12,8,True,0.41304347826086957,0.3958333333333333,48.0,19.0
1,hsi_snvmean32,13,1,False,0.5272727272727272,0.6041666666666666,48.0,29.0
1,hsi_snvmean32,14,1,False,0.5384615384615384,0.5957446808510638,47.0,28.0
1,hsi_snvmean32,15,1,False,0.6538461538461539,0.7083333333333334,48.0,34.0
1,hsi_snvmean32,16,1,False,0.7079646017699115,0.8333333333333334,48.0,40.0
1,hsi_snvmean32,17,1,False,0.2909090909090909,0.3333333333333333,48.0,16.0
1,hsi_snvmean32,18,1,False,0.5666666666666667,0.7083333333333334,48.0,34.0
1,hsi_snvmean32,19,1,False,0.24761904761904763,0.2708333333333333,48.0,13.0
1,hsi_snvmean32,20,2,False,0.34146341463414637,0.2916666666666667,48.0,14.0
1,hsi_snvmean32,21,2,False,0.6296296296296297,0.7083333333333334,48.0,34.0
1,hsi_snvmean32,22,2,True,0.47058823529411764,0.3333333333333333,48.0,16.0
1,hsi_snvmean32,23,2,False,0.45652173913043476,0.4375,48.0,21.0
1,hsi_snvmean32,24,2,False,0.7021276595744681,0.6875,48.0,33.0
1,hsi_snvmean32,25,2,False,0.4,0.3541666666666667,48.0,17.0
1,hsi_snvmean32,26,2,False,0.6185567010309279,0.625,48.0,30.0
1,hsi_snvmean32,27,2,False,0.2988505747126437,0.2708333333333333,48.0,13.0
1,hsi_snvmean32,28,2,False,0.9361702127659575,0.9166666666666666,48.0,44.0
1,hsi_snvmean32,29,2,False,0.5040650406504065,0.6458333333333334,48.0,31.0
1,hsi_snvmean32,30,2,False,0.2978723404255319,0.2916666666666667,48.0,14.0
1,hsi_snvmean32,31,2,False,0.6605504587155964,0.75,48.0,36.0
1,hsi_snvmean32,32,2,False,0.6511627906976745,0.5833333333333334,48.0,28.0
1,hsi_snvmean32,33,2,False,0.5871559633027523,0.6666666666666666,48.0,32.0
1,hsi_snvmean32,34,3,False,0.2653061224489796,0.2708333333333333,48.0,13.0
1,hsi_snvmean32,35,3,False,0.78,0.8125,48.0,39.0
1,hsi_snvmean32,36,3,False,0.6373626373626373,0.6041666666666666,48.0,29.0
1,hsi_snvmean32,37,3,False,0.1702127659574468,0.16666666666666666,48.0,8.0
1,hsi_snvmean32,38,3,True,0.0,0.0,48.0,0.0
1,hsi_snvmean32,39,3,False,0.3486238532110092,0.3958333333333333,48.0,19.0
1,hsi_snvmean32,40,3,False,0.5263157894736842,0.5208333333333334,48.0,25.0
1,hsi_snvmean32,41,3,False,0.18181818181818182,0.1875,48.0,9.0
1,hsi_snvmean32,42,3,False,0.24347826086956523,0.2916666666666667,48.0,14.0
1,hsi_snvmean32,43,4,False,0.35658914728682173,0.4791666666666667,48.0,23.0
1,hsi_snvmean32,44,4,False,0.4583333333333333,0.4583333333333333,48.0,22.0
1,hsi_snvmean32,45,4,True,0.10526315789473684,0.10638297872340426,47.0,5.0
1,hsi_snvmean32,46,4,False,0.24175824175824176,0.22916666666666666,48.0,11.0
1,hsi_snvmean32,47,4,False,0.5370370370370371,0.6041666666666666,48.0,29.0
1,hsi_snvmean32,48,4,False,0.7413793103448276,0.8958333333333334,48.0,43.0
1,hsi_snvmean32,49,4,False,0.056338028169014086,0.041666666666666664,48.0,2.0
1,hsi_snvmean32,50,4,False,0.8,0.6666666666666666,48.0,32.0
1,hsi_snvmean32,51,4,False,0.0,0.0,48.0,0.0
1,hsi_snvmean32,52,4,False,0.16666666666666666,0.14583333333333334,48.0,7.0
1,hsi_snvmean32,53,4,False,0.6813186813186813,0.6739130434782609,46.0,31.0
1,hsi_snvmean32,54,4,False,0.3023255813953488,0.2708333333333333,48.0,13.0
1,hsi_snvmean32,55,4,False,0.1839080459770115,0.16666666666666666,48.0,8.0
1,hsi_snvmean32,56,4,False,0.5252525252525253,0.5416666666666666,48.0,26.0
1,hsi_snvmean32,57,5,False,0.3917525773195876,0.41304347826086957,46.0,19.0
1,hsi_snvmean32,58,5,False,0.4536082474226804,0.4583333333333333,48.0,22.0
1,hsi_snvmean32,59,5,True,0.13513513513513514,0.10416666666666667,48.0,5.0
1,hsi_snvmean32,60,8,True,0.46846846846846846,0.5416666666666666,48.0,26.0
1,hsi_snvmean32,61,8,True,0.12371134020618557,0.125,48.0,6.0
1,hsi_snvmean32,62,5,False,0.425531914893617,0.4166666666666667,48.0,20.0
1,hsi_snvmean32,63,8,True,0.11764705882352941,0.08333333333333333,48.0,4.0
1,hsi_snvmean32,64,5,True,0.26666666666666666,0.20833333333333334,48.0,10.0
1,hsi_snvmean32,65,5,True,0.07894736842105263,0.0625,48.0,3.0
1,hsi_snvmean32,66,8,True,0.13333333333333333,0.10416666666666667,48.0,5.0
1,hsi_snvmean32,67,5,False,0.6333333333333333,0.7916666666666666,48.0,38.0
1,hsi_snvmean32,68,5,False,0.7692307692307693,0.7291666666666666,48.0,35.0
1,hsi_snvmean32,69,5,False,0.2222222222222222,0.22916666666666666,48.0,11.0
1,hsi_snvmean32,70,5,True,0.027777777777777776,0.020833333333333332,48.0,1.0
1,hsi_snvmean32,71,5,True,0.0,0.0,48.0,0.0
1,hsi_snvmean32,72,6,False,0.5811965811965812,0.7083333333333334,48.0,34.0
1,hsi_snvmean32,73,6,False,0.2826086956521739,0.2708333333333333,48.0,13.0
1,hsi_snvmean32,74,6,False,0.6019417475728155,0.6458333333333334,48.0,31.0
1,hsi_snvmean32,75,6,False,0.5555555555555556,0.625,48.0,30.0
1,hsi_snvmean32,76,6,False,0.39705882352941174,0.5625,48.0,27.0
1,hsi_snvmean32,77,7,False,0.46153846153846156,0.5,48.0,24.0
1,hsi_snvmean32,78,8,True,0.6407766990291263,0.6875,48.0,33.0
1,hsi_snvmean32,79,7,True,0.0,0.0,48.0,0.0
1,hsi_snvmean32,80,7,False,0.273972602739726,0.20833333333333334,48.0,10.0
1,hsi_snvmean32,81,7,False,0.3333333333333333,0.30434782608695654,46.0,14.0
1,hsi_snvmean32,82,8,False,0.5882352941176471,0.5208333333333334,48.0,25.0
1,hsi_snvmean32,83,8,False,0.660377358490566,0.7291666666666666,48.0,35.0
1,hsi_snvmean32,84,8,False,0.36363636363636365,0.2916666666666667,48.0,14.0
1,hsi_snvmean32,85,8,False,0.7346938775510204,0.75,48.0,36.0
1,hsi_snvmean32,86,8,False,0.3333333333333333,0.2916666666666667,48.0,14.0
1,hsi_snvmean32,87,8,False,0.660377358490566,0.7291666666666666,48.0,35.0
1,hsi_snvmean32,88,8,False,0.4918032786885246,0.625,48.0,30.0
1,hsi_snvmean32,89,8,False,0.4888888888888889,0.4583333333333333,48.0,22.0
1,hsi_snvmean214_own,0,0,False,0.3469387755102041,0.3541666666666667,48.0,17.0
1,hsi_snvmean214_own,1,0,False,0.6904761904761905,0.6041666666666666,48.0,29.0
1,hsi_snvmean214_own,2,0,False,0.7252747252747253,0.6875,48.0,33.0
1,hsi_snvmean214_own,3,0,False,0.78,0.8125,48.0,39.0
1,hsi_snvmean214_own,4,0,True,0.1686746987951807,0.14583333333333334,48.0,7.0
1,hsi_snvmean214_own,5,1,False,0.8118811881188119,0.9111111111111111,45.0,41.0
1,hsi_snvmean214_own,6,1,False,0.46511627906976744,0.4166666666666667,48.0,20.0
1,hsi_snvmean214_own,7,8,True,0.028169014084507043,0.020833333333333332,48.0,1.0
1,hsi_snvmean214_own,8,1,False,0.5106382978723404,0.5,48.0,24.0
1,hsi_snvmean214_own,9,1,False,0.7142857142857143,0.7291666666666666,48.0,35.0
1,hsi_snvmean214_own,10,1,False,0.4742268041237113,0.4791666666666667,48.0,23.0
1,hsi_snvmean214_own,11,1,False,0.509090909090909,0.5833333333333334,48.0,28.0
1,hsi_snvmean214_own,12,8,True,0.0,0.0,48.0,0.0
1,hsi_snvmean214_own,13,1,False,0.8113207547169812,0.8958333333333334,48.0,43.0
1,hsi_snvmean214_own,14,1,False,0.631578947368421,0.7659574468085106,47.0,36.0
1,hsi_snvmean214_own,15,1,False,0.71875,0.9583333333333334,48.0,46.0
1,hsi_snvmean214_own,16,1,False,0.865979381443299,0.875,48.0,42.0
1,hsi_snvmean214_own,17,1,False,0.42276422764227645,0.5416666666666666,48.0,26.0
1,hsi_snvmean214_own,18,1,False,0.5309734513274337,0.625,48.0,30.0
1,hsi_snvmean214_own,19,1,False,0.5894736842105263,0.5833333333333334,48.0,28.0
1,hsi_snvmean214_own,20,2,False,0.7058823529411765,0.75,48.0,36.0
1,hsi_snvmean214_own,21,2,False,0.6862745098039216,0.7291666666666666,48.0,35.0
1,hsi_snvmean214_own,22,2,True,0.07407407407407407,0.041666666666666664,48.0,2.0
1,hsi_snvmean214_own,23,2,False,0.7083333333333334,0.7083333333333334,48.0,34.0
1,hsi_snvmean214_own,24,2,False,0.8148148148148148,0.9166666666666666,48.0,44.0
1,hsi_snvmean214_own,25,2,False,0.6605504587155964,0.75,48.0,36.0
1,hsi_snvmean214_own,26,2,False,0.2978723404255319,0.2916666666666667,48.0,14.0
1,hsi_snvmean214_own,27,2,False,0.4489795918367347,0.4583333333333333,48.0,22.0
1,hsi_snvmean214_own,28,2,False,0.9473684210526315,0.9375,48.0,45.0
1,hsi_snvmean214_own,29,2,False,0.8247422680412371,0.8333333333333334,48.0,40.0
1,hsi_snvmean214_own,30,2,False,0.47863247863247865,0.5833333333333334,48.0,28.0
1,hsi_snvmean214_own,31,2,False,0.8431372549019608,0.8958333333333334,48.0,43.0
1,hsi_snvmean214_own,32,2,False,0.75,0.6875,48.0,33.0
1,hsi_snvmean214_own,33,2,False,0.6875,0.9166666666666666,48.0,44.0
1,hsi_snvmean214_own,34,3,False,0.5178571428571429,0.6041666666666666,48.0,29.0
1,hsi_snvmean214_own,35,3,False,0.8979591836734694,0.9166666666666666,48.0,44.0
1,hsi_snvmean214_own,36,3,False,0.8222222222222222,0.7708333333333334,48.0,37.0
1,hsi_snvmean214_own,37,3,False,0.36036036036036034,0.4166666666666667,48.0,20.0
1,hsi_snvmean214_own,38,3,True,0.0,0.0,48.0,0.0
1,hsi_snvmean214_own,39,3,False,0.5378151260504201,0.6666666666666666,48.0,32.0
1,hsi_snvmean214_own,40,3,False,0.7037037037037037,0.7916666666666666,48.0,38.0
1,hsi_snvmean214_own,41,3,False,0.3181818181818182,0.2916666666666667,48.0,14.0
1,hsi_snvmean214_own,42,3,False,0.4117647058823529,0.4375,48.0,21.0
1,hsi_snvmean214_own,43,4,False,0.4672897196261682,0.5208333333333334,48.0,25.0
1,hsi_snvmean214_own,44,4,False,0.6304347826086957,0.6041666666666666,48.0,29.0
1,hsi_snvmean214_own,45,4,True,0.029850746268656716,0.02127659574468085,47.0,1.0
1,hsi_snvmean214_own,46,4,False,0.3404255319148936,0.3333333333333333,48.0,16.0
1,hsi_snvmean214_own,47,4,False,0.5192307692307693,0.5625,48.0,27.0
1,hsi_snvmean214_own,48,4,False,0.819047619047619,0.8958333333333334,48.0,43.0
1,hsi_snvmean214_own,49,4,False,0.16666666666666666,0.16666666666666666,48.0,8.0
1,hsi_snvmean214_own,50,4,False,0.21818181818181817,0.125,48.0,6.0
1,hsi_snvmean214_own,51,4,False,0.0273972602739726,0.020833333333333332,48.0,1.0
1,hsi_snvmean214_own,52,4,False,0.0975609756097561,0.08333333333333333,48.0,4.0
1,hsi_snvmean214_own,53,4,False,0.7956989247311828,0.8043478260869565,46.0,37.0
1,hsi_snvmean214_own,54,4,False,0.5178571428571429,0.6041666666666666,48.0,29.0
1,hsi_snvmean214_own,55,4,False,0.2247191011235955,0.20833333333333334,48.0,10.0
1,hsi_snvmean214_own,56,4,False,0.6122448979591837,0.625,48.0,30.0
1,hsi_snvmean214_own,57,5,False,0.6097560975609756,0.5434782608695652,46.0,25.0
1,hsi_snvmean214_own,58,5,False,0.6964285714285714,0.8125,48.0,39.0
1,hsi_snvmean214_own,59,5,True,0.14285714285714285,0.125,48.0,6.0
1,hsi_snvmean214_own,60,8,True,0.45544554455445546,0.4791666666666667,48.0,23.0
1,hsi_snvmean214_own,61,8,True,0.1836734693877551,0.1875,48.0,9.0
1,hsi_snvmean214_own,62,5,False,0.46846846846846846,0.5416666666666666,48.0,26.0
1,hsi_snvmean214_own,63,8,True,0.06557377049180328,0.041666666666666664,48.0,2.0
1,hsi_snvmean214_own,64,5,True,0.09230769230769231,0.0625,48.0,3.0
1,hsi_snvmean214_own,65,5,True,0.058823529411764705,0.041666666666666664,48.0,2.0
1,hsi_snvmean214_own,66,8,True,0.0,0.0,48.0,0.0
1,hsi_snvmean214_own,67,5,False,0.8367346938775511,0.8541666666666666,48.0,41.0
1,hsi_snvmean214_own,68,5,False,0.9010989010989011,0.8541666666666666,48.0,41.0
1,hsi_snvmean214_own,69,5,False,0.0,0.0,48.0,0.0
1,hsi_snvmean214_own,70,5,True,0.024691358024691357,0.020833333333333332,48.0,1.0
1,hsi_snvmean214_own,71,5,True,0.16216216216216217,0.125,48.0,6.0
1,hsi_snvmean214_own,72,6,False,0.78,0.8125,48.0,39.0
1,hsi_snvmean214_own,73,6,False,0.5178571428571429,0.6041666666666666,48.0,29.0
1,hsi_snvmean214_own,74,6,False,0.5512820512820513,0.8958333333333334,48.0,43.0
1,hsi_snvmean214_own,75,6,False,0.20915032679738563,0.3333333333333333,48.0,16.0
1,hsi_snvmean214_own,76,6,False,0.7476635514018691,0.8333333333333334,48.0,40.0
1,hsi_snvmean214_own,77,7,False,0.7469879518072289,0.6458333333333334,48.0,31.0
1,hsi_snvmean214_own,78,8,True,0.7884615384615384,0.8541666666666666,48.0,41.0
1,hsi_snvmean214_own,79,7,True,0.0,0.0,48.0,0.0
1,hsi_snvmean214_own,80,7,False,0.6666666666666666,0.5625,48.0,27.0
1,hsi_snvmean214_own,81,7,False,0.7142857142857143,0.7608695652173914,46.0,35.0
1,hsi_snvmean214_own,82,8,False,0.7032967032967034,0.6666666666666666,48.0,32.0
1,hsi_snvmean214_own,83,8,False,0.7676767676767676,0.7916666666666666,48.0,38.0
1,hsi_snvmean214_own,84,8,False,0.5681818181818182,0.5208333333333334,48.0,25.0
1,hsi_snvmean214_own,85,8,False,0.8,0.75,48.0,36.0
1,hsi_snvmean214_own,86,8,False,0.4470588235294118,0.3958333333333333,48.0,19.0
1,hsi_snvmean214_own,87,8,False,0.7543859649122807,0.8958333333333334,48.0,43.0
1,hsi_snvmean214_own,88,8,False,0.5806451612903226,0.75,48.0,36.0
1,hsi_snvmean214_own,89,8,False,0.6666666666666666,0.5,48.0,24.0
1,dino_rgb,0,0,False,0.32323232323232326,0.3333333333333333,48.0,16.0
1,dino_rgb,1,0,False,0.5773195876288659,0.5833333333333334,48.0,28.0
1,dino_rgb,2,0,False,0.8351648351648352,0.7916666666666666,48.0,38.0
1,dino_rgb,3,0,False,0.7961165048543689,0.8541666666666666,48.0,41.0
1,dino_rgb,4,0,True,0.24242424242424243,0.16666666666666666,48.0,8.0
1,dino_rgb,5,1,False,0.6415094339622641,0.7555555555555555,45.0,34.0
1,dino_rgb,6,1,False,0.21505376344086022,0.20833333333333334,48.0,10.0
1,dino_rgb,7,8,True,0.0,0.0,48.0,0.0
1,dino_rgb,8,1,False,0.7209302325581395,0.6458333333333334,48.0,31.0
1,dino_rgb,9,1,False,0.52,0.5416666666666666,48.0,26.0
1,dino_rgb,10,1,False,0.13861386138613863,0.14583333333333334,48.0,7.0
1,dino_rgb,11,1,False,0.22413793103448276,0.2708333333333333,48.0,13.0
1,dino_rgb,12,8,True,0.14457831325301204,0.125,48.0,6.0
1,dino_rgb,13,1,False,0.42857142857142855,0.4375,48.0,21.0
1,dino_rgb,14,1,False,0.4578313253012048,0.40425531914893614,47.0,19.0
1,dino_rgb,15,1,False,0.72,0.75,48.0,36.0
1,dino_rgb,16,1,False,0.54,0.5625,48.0,27.0
1,dino_rgb,17,1,False,0.3950617283950617,0.3333333333333333,48.0,16.0
1,dino_rgb,18,1,False,0.42105263157894735,0.4166666666666667,48.0,20.0
1,dino_rgb,19,1,False,0.3333333333333333,0.4166666666666667,48.0,20.0
1,dino_rgb,20,2,False,0.34,0.3541666666666667,48.0,17.0
1,dino_rgb,21,2,False,0.5,0.4583333333333333,48.0,22.0
1,dino_rgb,22,2,True,0.6582278481012658,0.5416666666666666,48.0,26.0
1,dino_rgb,23,2,False,0.5376344086021505,0.5208333333333334,48.0,25.0
1,dino_rgb,24,2,False,0.6019417475728155,0.6458333333333334,48.0,31.0
1,dino_rgb,25,2,False,0.3870967741935484,0.375,48.0,18.0
1,dino_rgb,26,2,False,0.898876404494382,0.8333333333333334,48.0,40.0
1,dino_rgb,27,2,False,0.40860215053763443,0.3958333333333333,48.0,19.0
1,dino_rgb,28,2,False,0.9166666666666666,0.9166666666666666,48.0,44.0
1,dino_rgb,29,2,False,0.48936170212765956,0.4791666666666667,48.0,23.0
1,dino_rgb,30,2,False,0.12244897959183673,0.125,48.0,6.0
1,dino_rgb,31,2,False,0.7428571428571429,0.8125,48.0,39.0
1,dino_rgb,32,2,False,0.5054945054945055,0.4791666666666667,48.0,23.0
1,dino_rgb,33,2,False,0.3673469387755102,0.375,48.0,18.0
1,dino_rgb,34,3,False,0.3711340206185567,0.375,48.0,18.0
1,dino_rgb,35,3,False,0.6741573033707865,0.625,48.0,30.0
1,dino_rgb,36,3,False,0.6666666666666666,0.6666666666666666,48.0,32.0
1,dino_rgb,37,3,False,0.46601941747572817,0.5,48.0,24.0
1,dino_rgb,38,3,True,0.0,0.0,48.0,0.0
1,dino_rgb,39,3,False,0.47619047619047616,0.5208333333333334,48.0,25.0
1,dino_rgb,40,3,False,0.37209302325581395,0.3333333333333333,48.0,16.0
1,dino_rgb,41,3,False,0.16666666666666666,0.16666666666666666,48.0,8.0
1,dino_rgb,42,3,False,0.41509433962264153,0.4583333333333333,48.0,22.0
1,dino_rgb,43,4,False,0.5081967213114754,0.6458333333333334,48.0,31.0
1,dino_rgb,44,4,False,0.5636363636363636,0.6458333333333334,48.0,31.0
1,dino_rgb,45,4,True,0.14035087719298245,0.0851063829787234,47.0,4.0
1,dino_rgb,46,4,False,0.4,0.375,48.0,18.0
1,dino_rgb,47,4,False,0.7959183673469388,0.8125,48.0,39.0
1,dino_rgb,48,4,False,0.8484848484848485,0.875,48.0,42.0
1,dino_rgb,49,4,False,0.19047619047619047,0.20833333333333334,48.0,10.0
1,dino_rgb,50,4,False,0.6111111111111112,0.6875,48.0,33.0
1,dino_rgb,51,4,False,0.19801980198019803,0.20833333333333334,48.0,10.0
1,dino_rgb,52,4,False,0.20408163265306123,0.20833333333333334,48.0,10.0
1,dino_rgb,53,4,False,0.5393258426966292,0.5217391304347826,46.0,24.0
1,dino_rgb,54,4,False,0.44036697247706424,0.5,48.0,24.0
1,dino_rgb,55,4,False,0.5,0.5416666666666666,48.0,26.0
1,dino_rgb,56,4,False,0.4117647058823529,0.4375,48.0,21.0
1,dino_rgb,57,5,False,0.5773195876288659,0.6086956521739131,46.0,28.0
1,dino_rgb,58,5,False,0.40350877192982454,0.4791666666666667,48.0,23.0
1,dino_rgb,59,5,True,0.21052631578947367,0.16666666666666666,48.0,8.0
1,dino_rgb,60,8,True,0.18823529411764706,0.16666666666666666,48.0,8.0
1,dino_rgb,61,8,True,0.02564102564102564,0.020833333333333332,48.0,1.0
1,dino_rgb,62,5,False,0.5,0.5,48.0,24.0
1,dino_rgb,63,8,True,0.0963855421686747,0.08333333333333333,48.0,4.0
1,dino_rgb,64,5,True,0.07142857142857142,0.041666666666666664,48.0,2.0
1,dino_rgb,65,5,True,0.0,0.0,48.0,0.0
1,dino_rgb,66,8,True,0.19801980198019803,0.20833333333333334,48.0,10.0
1,dino_rgb,67,5,False,0.8,0.8333333333333334,48.0,40.0
1,dino_rgb,68,5,False,0.9130434782608695,0.875,48.0,42.0
1,dino_rgb,69,5,False,0.6666666666666666,0.625,48.0,30.0
1,dino_rgb,70,5,True,0.07692307692307693,0.0625,48.0,3.0
1,dino_rgb,71,5,True,0.0,0.0,48.0,0.0
1,dino_rgb,72,6,False,0.5272727272727272,0.6041666666666666,48.0,29.0
1,dino_rgb,73,6,False,0.35,0.2916666666666667,48.0,14.0
1,dino_rgb,74,6,False,0.7592592592592593,0.8541666666666666,48.0,41.0
1,dino_rgb,75,6,False,0.32432432432432434,0.375,48.0,18.0
1,dino_rgb,76,6,False,0.5208333333333334,0.5208333333333334,48.0,25.0
1,dino_rgb,77,7,False,0.5979381443298969,0.6041666666666666,48.0,29.0
1,dino_rgb,78,8,True,0.15,0.125,48.0,6.0
1,dino_rgb,79,7,True,0.25,0.16666666666666666,48.0,8.0
1,dino_rgb,80,7,False,0.2222222222222222,0.25,48.0,12.0
1,dino_rgb,81,7,False,0.3673469387755102,0.391304347826087,46.0,18.0
1,dino_rgb,82,8,False,0.5227272727272727,0.4791666666666667,48.0,23.0
1,dino_rgb,83,8,False,0.8,0.8333333333333334,48.0,40.0
1,dino_rgb,84,8,False,0.4943820224719101,0.4583333333333333,48.0,22.0
1,dino_rgb,85,8,False,0.7037037037037037,0.7916666666666666,48.0,38.0
1,dino_rgb,86,8,False,0.693069306930693,0.7291666666666666,48.0,35.0
1,dino_rgb,87,8,False,0.8085106382978723,0.7916666666666666,48.0,38.0
1,dino_rgb,88,8,False,0.43410852713178294,0.5833333333333334,48.0,28.0
1,dino_rgb,89,8,False,0.7207207207207207,0.8333333333333334,48.0,40.0
1,dino_gray,0,0,False,0.34,0.3541666666666667,48.0,17.0
1,dino_gray,1,0,False,0.47058823529411764,0.4166666666666667,48.0,20.0
1,dino_gray,2,0,False,0.8421052631578947,0.8333333333333334,48.0,40.0
1,dino_gray,3,0,False,0.6728971962616822,0.75,48.0,36.0
1,dino_gray,4,0,True,0.22580645161290322,0.14583333333333334,48.0,7.0
1,dino_gray,5,1,False,0.7115384615384616,0.8222222222222222,45.0,37.0
1,dino_gray,6,1,False,0.16666666666666666,0.14583333333333334,48.0,7.0
1,dino_gray,7,8,True,0.0,0.0,48.0,0.0
1,dino_gray,8,1,False,0.7032967032967034,0.6666666666666666,48.0,32.0
1,dino_gray,9,1,False,0.47619047619047616,0.5208333333333334,48.0,25.0
1,dino_gray,10,1,False,0.14432989690721648,0.14583333333333334,48.0,7.0
1,dino_gray,11,1,False,0.22033898305084745,0.2708333333333333,48.0,13.0
1,dino_gray,12,8,True,0.23157894736842105,0.22916666666666666,48.0,11.0
1,dino_gray,13,1,False,0.33663366336633666,0.3541666666666667,48.0,17.0
1,dino_gray,14,1,False,0.4578313253012048,0.40425531914893614,47.0,19.0
1,dino_gray,15,1,False,0.6966292134831461,0.6458333333333334,48.0,31.0
1,dino_gray,16,1,False,0.46938775510204084,0.4791666666666667,48.0,23.0
1,dino_gray,17,1,False,0.36363636363636365,0.3333333333333333,48.0,16.0
1,dino_gray,18,1,False,0.42424242424242425,0.4375,48.0,21.0
1,dino_gray,19,1,False,0.24528301886792453,0.2708333333333333,48.0,13.0
1,dino_gray,20,2,False,0.27184466019417475,0.2916666666666667,48.0,14.0
1,dino_gray,21,2,False,0.5054945054945055,0.4791666666666667,48.0,23.0
1,dino_gray,22,2,True,0.6341463414634146,0.5416666666666666,48.0,26.0
1,dino_gray,23,2,False,0.32989690721649484,0.3333333333333333,48.0,16.0
1,dino_gray,24,2,False,0.49019607843137253,0.5208333333333334,48.0,25.0
1,dino_gray,25,2,False,0.42,0.4375,48.0,21.0
1,dino_gray,26,2,False,0.8636363636363636,0.7916666666666666,48.0,38.0
1,dino_gray,27,2,False,0.2708333333333333,0.2708333333333333,48.0,13.0
1,dino_gray,28,2,False,0.8888888888888888,0.9166666666666666,48.0,44.0
1,dino_gray,29,2,False,0.425531914893617,0.4166666666666667,48.0,20.0
1,dino_gray,30,2,False,0.11627906976744186,0.10416666666666667,48.0,5.0
1,dino_gray,31,2,False,0.6115702479338843,0.7708333333333334,48.0,37.0
1,dino_gray,32,2,False,0.3950617283950617,0.3333333333333333,48.0,16.0
1,dino_gray,33,2,False,0.35051546391752575,0.3541666666666667,48.0,17.0
1,dino_gray,34,3,False,0.3469387755102041,0.3541666666666667,48.0,17.0
1,dino_gray,35,3,False,0.4782608695652174,0.4583333333333333,48.0,22.0
1,dino_gray,36,3,False,0.5825242718446602,0.625,48.0,30.0
1,dino_gray,37,3,False,0.3917525773195876,0.3958333333333333,48.0,19.0
1,dino_gray,38,3,True,0.0,0.0,48.0,0.0
1,dino_gray,39,3,False,0.34782608695652173,0.3333333333333333,48.0,16.0
1,dino_gray,40,3,False,0.35714285714285715,0.3125,48.0,15.0
1,dino_gray,41,3,False,0.22429906542056074,0.25,48.0,12.0
1,dino_gray,42,3,False,0.39285714285714285,0.4583333333333333,48.0,22.0
1,dino_gray,43,4,False,0.48695652173913045,0.5833333333333334,48.0,28.0
1,dino_gray,44,4,False,0.5794392523364486,0.6458333333333334,48.0,31.0
1,dino_gray,45,4,True,0.09836065573770492,0.06382978723404255,47.0,3.0
1,dino_gray,46,4,False,0.23076923076923078,0.1875,48.0,9.0
1,dino_gray,47,4,False,0.6792452830188679,0.75,48.0,36.0
1,dino_gray,48,4,False,0.8686868686868687,0.8958333333333334,48.0,43.0
1,dino_gray,49,4,False,0.2,0.22916666666666666,48.0,11.0
1,dino_gray,50,4,False,0.5607476635514018,0.625,48.0,30.0
1,dino_gray,51,4,False,0.18947368421052632,0.1875,48.0,9.0
1,dino_gray,52,4,False,0.24719101123595505,0.22916666666666666,48.0,11.0
1,dino_gray,53,4,False,0.6352941176470588,0.5869565217391305,46.0,27.0
1,dino_gray,54,4,False,0.375,0.375,48.0,18.0
1,dino_gray,55,4,False,0.39622641509433965,0.4375,48.0,21.0
1,dino_gray,56,4,False,0.4074074074074074,0.4583333333333333,48.0,22.0
1,dino_gray,57,5,False,0.5208333333333334,0.5434782608695652,46.0,25.0
1,dino_gray,58,5,False,0.3275862068965517,0.3958333333333333,48.0,19.0
1,dino_gray,59,5,True,0.02702702702702703,0.020833333333333332,48.0,1.0
1,dino_gray,60,8,True,0.26262626262626265,0.2708333333333333,48.0,13.0
1,dino_gray,61,8,True,0.04597701149425287,0.041666666666666664,48.0,2.0
1,dino_gray,62,5,False,0.46153846153846156,0.5,48.0,24.0
1,dino_gray,63,8,True,0.1728395061728395,0.14583333333333334,48.0,7.0
1,dino_gray,64,5,True,0.1,0.0625,48.0,3.0
1,dino_gray,65,5,True,0.023529411764705882,0.020833333333333332,48.0,1.0
1,dino_gray,66,8,True,0.1702127659574468,0.16666666666666666,48.0,8.0
1,dino_gray,67,5,False,0.5333333333333333,0.5,48.0,24.0
1,dino_gray,68,5,False,0.9010989010989011,0.8541666666666666,48.0,41.0
1,dino_gray,69,5,False,0.5909090909090909,0.5416666666666666,48.0,26.0
1,dino_gray,70,5,True,0.07692307692307693,0.0625,48.0,3.0
1,dino_gray,71,5,True,0.018691588785046728,0.020833333333333332,48.0,1.0
1,dino_gray,72,6,False,0.4144144144144144,0.4791666666666667,48.0,23.0
1,dino_gray,73,6,False,0.24719101123595505,0.22916666666666666,48.0,11.0
1,dino_gray,74,6,False,0.6086956521739131,0.7291666666666666,48.0,35.0
1,dino_gray,75,6,False,0.22018348623853212,0.25,48.0,12.0
1,dino_gray,76,6,False,0.37037037037037035,0.4166666666666667,48.0,20.0
1,dino_gray,77,7,False,0.5833333333333334,0.5833333333333334,48.0,28.0
1,dino_gray,78,8,True,0.1111111111111111,0.08333333333333333,48.0,4.0
1,dino_gray,79,7,True,0.11940298507462686,0.08333333333333333,48.0,4.0
1,dino_gray,80,7,False,0.2018348623853211,0.22916666666666666,48.0,11.0
1,dino_gray,81,7,False,0.29411764705882354,0.32608695652173914,46.0,15.0
1,dino_gray,82,8,False,0.5111111111111111,0.4791666666666667,48.0,23.0
1,dino_gray,83,8,False,0.6511627906976745,0.5833333333333334,48.0,28.0
1,dino_gray,84,8,False,0.4222222222222222,0.3958333333333333,48.0,19.0
1,dino_gray,85,8,False,0.6407766990291263,0.6875,48.0,33.0
1,dino_gray,86,8,False,0.5420560747663551,0.6041666666666666,48.0,29.0
1,dino_gray,87,8,False,0.6808510638297872,0.6666666666666666,48.0,32.0
1,dino_gray,88,8,False,0.423728813559322,0.5208333333333334,48.0,25.0
1,dino_gray,89,8,False,0.7222222222222222,0.8125,48.0,39.0
1,dino_rgb32,0,0,False,0.19148936170212766,0.1875,48.0,9.0
1,dino_rgb32,1,0,False,0.4077669902912621,0.4375,48.0,21.0
1,dino_rgb32,2,0,False,0.6829268292682927,0.5833333333333334,48.0,28.0
1,dino_rgb32,3,0,False,0.7446808510638298,0.7291666666666666,48.0,35.0
1,dino_rgb32,4,0,True,0.43037974683544306,0.3541666666666667,48.0,17.0
1,dino_rgb32,5,1,False,0.32653061224489793,0.35555555555555557,45.0,16.0
1,dino_rgb32,6,1,False,0.09876543209876543,0.08333333333333333,48.0,4.0
1,dino_rgb32,7,8,True,0.0,0.0,48.0,0.0
1,dino_rgb32,8,1,False,0.49382716049382713,0.4166666666666667,48.0,20.0
1,dino_rgb32,9,1,False,0.5321100917431193,0.6041666666666666,48.0,29.0
1,dino_rgb32,10,1,False,0.16071428571428573,0.1875,48.0,9.0
1,dino_rgb32,11,1,False,0.30303030303030304,0.3125,48.0,15.0
1,dino_rgb32,12,8,True,0.2696629213483146,0.25,48.0,12.0
1,dino_rgb32,13,1,False,0.3963963963963964,0.4583333333333333,48.0,22.0
1,dino_rgb32,14,1,False,0.325,0.2765957446808511,47.0,13.0
1,dino_rgb32,15,1,False,0.5742574257425742,0.6041666666666666,48.0,29.0
1,dino_rgb32,16,1,False,0.10752688172043011,0.10416666666666667,48.0,5.0
1,dino_rgb32,17,1,False,0.2708333333333333,0.2708333333333333,48.0,13.0
1,dino_rgb32,18,1,False,0.32653061224489793,0.3333333333333333,48.0,16.0
1,dino_rgb32,19,1,False,0.1523809523809524,0.16666666666666666,48.0,8.0
1,dino_rgb32,20,2,False,0.20930232558139536,0.1875,48.0,9.0
1,dino_rgb32,21,2,False,0.2127659574468085,0.20833333333333334,48.0,10.0
1,dino_rgb32,22,2,True,0.6736842105263158,0.6666666666666666,48.0,32.0
1,dino_rgb32,23,2,False,0.3364485981308411,0.375,48.0,18.0
1,dino_rgb32,24,2,False,0.3368421052631579,0.3333333333333333,48.0,16.0
1,dino_rgb32,25,2,False,0.2524271844660194,0.2708333333333333,48.0,13.0
1,dino_rgb32,26,2,False,0.6329113924050633,0.5208333333333334,48.0,25.0
1,dino_rgb32,27,2,False,0.24,0.25,48.0,12.0
1,dino_rgb32,28,2,False,0.9484536082474226,0.9583333333333334,48.0,46.0
1,dino_rgb32,29,2,False,0.4175824175824176,0.3958333333333333,48.0,19.0
1,dino_rgb32,30,2,False,0.1836734693877551,0.1875,48.0,9.0
1,dino_rgb32,31,2,False,0.5306122448979592,0.5416666666666666,48.0,26.0
1,dino_rgb32,32,2,False,0.20224719101123595,0.1875,48.0,9.0
1,dino_rgb32,33,2,False,0.24444444444444444,0.22916666666666666,48.0,11.0
1,dino_rgb32,34,3,False,0.25287356321839083,0.22916666666666666,48.0,11.0
1,dino_rgb32,35,3,False,0.49056603773584906,0.5416666666666666,48.0,26.0
1,dino_rgb32,36,3,False,0.3855421686746988,0.3333333333333333,48.0,16.0
1,dino_rgb32,37,3,False,0.24390243902439024,0.20833333333333334,48.0,10.0
1,dino_rgb32,38,3,True,0.03305785123966942,0.041666666666666664,48.0,2.0
1,dino_rgb32,39,3,False,0.23809523809523808,0.20833333333333334,48.0,10.0
1,dino_rgb32,40,3,False,0.35443037974683544,0.2916666666666667,48.0,14.0
1,dino_rgb32,41,3,False,0.07547169811320754,0.08333333333333333,48.0,4.0
1,dino_rgb32,42,3,False,0.21568627450980393,0.22916666666666666,48.0,11.0
1,dino_rgb32,43,4,False,0.3047619047619048,0.3333333333333333,48.0,16.0
1,dino_rgb32,44,4,False,0.297029702970297,0.3125,48.0,15.0
1,dino_rgb32,45,4,True,0.14492753623188406,0.10638297872340426,47.0,5.0
1,dino_rgb32,46,4,False,0.2,0.20833333333333334,48.0,10.0
1,dino_rgb32,47,4,False,0.6238532110091743,0.7083333333333334,48.0,34.0
1,dino_rgb32,48,4,False,0.7272727272727273,0.75,48.0,36.0
1,dino_rgb32,49,4,False,0.1111111111111111,0.10416666666666667,48.0,5.0
1,dino_rgb32,50,4,False,0.4791666666666667,0.4791666666666667,48.0,23.0
1,dino_rgb32,51,4,False,0.06382978723404255,0.0625,48.0,3.0
1,dino_rgb32,52,4,False,0.07317073170731707,0.0625,48.0,3.0
1,dino_rgb32,53,4,False,0.3037974683544304,0.2608695652173913,46.0,12.0
1,dino_rgb32,54,4,False,0.15584415584415584,0.125,48.0,6.0
1,dino_rgb32,55,4,False,0.4791666666666667,0.4791666666666667,48.0,23.0
1,dino_rgb32,56,4,False,0.3516483516483517,0.3333333333333333,48.0,16.0
1,dino_rgb32,57,5,False,0.2708333333333333,0.2826086956521739,46.0,13.0
1,dino_rgb32,58,5,False,0.26262626262626265,0.2708333333333333,48.0,13.0
1,dino_rgb32,59,5,True,0.2727272727272727,0.25,48.0,12.0
1,dino_rgb32,60,8,True,0.11864406779661017,0.14583333333333334,48.0,7.0
1,dino_rgb32,61,8,True,0.037383177570093455,0.041666666666666664,48.0,2.0
1,dino_rgb32,62,5,False,0.36363636363636365,0.4166666666666667,48.0,20.0
1,dino_rgb32,63,8,True,0.021739130434782608,0.020833333333333332,48.0,1.0
1,dino_rgb32,64,5,True,0.08108108108108109,0.0625,48.0,3.0
1,dino_rgb32,65,5,True,0.11764705882352941,0.125,48.0,6.0
1,dino_rgb32,66,8,True,0.0,0.0,48.0,0.0
1,dino_rgb32,67,5,False,0.5517241379310345,0.5,48.0,24.0
1,dino_rgb32,68,5,False,0.7294117647058823,0.6458333333333334,48.0,31.0
1,dino_rgb32,69,5,False,0.24299065420560748,0.2708333333333333,48.0,13.0
1,dino_rgb32,70,5,True,0.08333333333333333,0.08333333333333333,48.0,4.0
1,dino_rgb32,71,5,True,0.017543859649122806,0.020833333333333332,48.0,1.0
1,dino_rgb32,72,6,False,0.3711340206185567,0.375,48.0,18.0
1,dino_rgb32,73,6,False,0.19607843137254902,0.20833333333333334,48.0,10.0
1,dino_rgb32,74,6,False,0.45217391304347826,0.5416666666666666,48.0,26.0
1,dino_rgb32,75,6,False,0.15384615384615385,0.16666666666666666,48.0,8.0
1,dino_rgb32,76,6,False,0.3,0.25,48.0,12.0
1,dino_rgb32,77,7,False,0.46601941747572817,0.5,48.0,24.0
1,dino_rgb32,78,8,True,0.14814814814814814,0.125,48.0,6.0
1,dino_rgb32,79,7,True,0.24615384615384617,0.16666666666666666,48.0,8.0
1,dino_rgb32,80,7,False,0.16666666666666666,0.1875,48.0,9.0
1,dino_rgb32,81,7,False,0.16,0.17391304347826086,46.0,8.0
1,dino_rgb32,82,8,False,0.3595505617977528,0.3333333333333333,48.0,16.0
1,dino_rgb32,83,8,False,0.49056603773584906,0.5416666666666666,48.0,26.0
1,dino_rgb32,84,8,False,0.4166666666666667,0.4166666666666667,48.0,20.0
1,dino_rgb32,85,8,False,0.6666666666666666,0.7083333333333334,48.0,34.0
1,dino_rgb32,86,8,False,0.6095238095238096,0.6666666666666666,48.0,32.0
1,dino_rgb32,87,8,False,0.6526315789473685,0.6458333333333334,48.0,31.0
1,dino_rgb32,88,8,False,0.34146341463414637,0.4375,48.0,21.0
1,dino_rgb32,89,8,False,0.5740740740740741,0.6458333333333334,48.0,31.0
1,dino_silhouette,0,0,False,0.17204301075268819,0.16666666666666666,48.0,8.0
1,dino_silhouette,1,0,False,0.06382978723404255,0.0625,48.0,3.0
1,dino_silhouette,2,0,False,0.38181818181818183,0.4375,48.0,21.0
1,dino_silhouette,3,0,False,0.6262626262626263,0.6458333333333334,48.0,31.0
1,dino_silhouette,4,0,True,0.3561643835616438,0.2708333333333333,48.0,13.0
1,dino_silhouette,5,1,False,0.27722772277227725,0.3111111111111111,45.0,14.0
1,dino_silhouette,6,1,False,0.0,0.0,48.0,0.0
1,dino_silhouette,7,8,True,0.0,0.0,48.0,0.0
1,dino_silhouette,8,1,False,0.29473684210526313,0.2916666666666667,48.0,14.0
1,dino_silhouette,9,1,False,0.14893617021276595,0.14583333333333334,48.0,7.0
1,dino_silhouette,10,1,False,0.02197802197802198,0.020833333333333332,48.0,1.0
1,dino_silhouette,11,1,False,0.13333333333333333,0.16666666666666666,48.0,8.0
1,dino_silhouette,12,8,True,0.18018018018018017,0.20833333333333334,48.0,10.0
1,dino_silhouette,13,1,False,0.1836734693877551,0.1875,48.0,9.0
1,dino_silhouette,14,1,False,0.13793103448275862,0.1276595744680851,47.0,6.0
1,dino_silhouette,15,1,False,0.30927835051546393,0.3125,48.0,15.0
1,dino_silhouette,16,1,False,0.24074074074074073,0.2708333333333333,48.0,13.0
1,dino_silhouette,17,1,False,0.11235955056179775,0.10416666666666667,48.0,5.0
1,dino_silhouette,18,1,False,0.08333333333333333,0.08333333333333333,48.0,4.0
1,dino_silhouette,19,1,False,0.09090909090909091,0.10416666666666667,48.0,5.0
1,dino_silhouette,20,2,False,0.17307692307692307,0.1875,48.0,9.0
1,dino_silhouette,21,2,False,0.045454545454545456,0.041666666666666664,48.0,2.0
1,dino_silhouette,22,2,True,0.6923076923076923,0.75,48.0,36.0
1,dino_silhouette,23,2,False,0.02564102564102564,0.041666666666666664,48.0,2.0
1,dino_silhouette,24,2,False,0.20224719101123595,0.1875,48.0,9.0
1,dino_silhouette,25,2,False,0.08888888888888889,0.08333333333333333,48.0,4.0
1,dino_silhouette,26,2,False,0.5934065934065934,0.5625,48.0,27.0
1,dino_silhouette,27,2,False,0.05128205128205128,0.041666666666666664,48.0,2.0
1,dino_silhouette,28,2,False,0.8842105263157894,0.875,48.0,42.0
1,dino_silhouette,29,2,False,0.3023255813953488,0.2708333333333333,48.0,13.0
1,dino_silhouette,30,2,False,0.1188118811881188,0.125,48.0,6.0
1,dino_silhouette,31,2,False,0.07228915662650602,0.0625,48.0,3.0
1,dino_silhouette,32,2,False,0.16,0.125,48.0,6.0
1,dino_silhouette,33,2,False,0.1702127659574468,0.16666666666666666,48.0,8.0
1,dino_silhouette,34,3,False,0.08771929824561403,0.10416666666666667,48.0,5.0
1,dino_silhouette,35,3,False,0.042105263157894736,0.041666666666666664,48.0,2.0
1,dino_silhouette,36,3,False,0.16091954022988506,0.14583333333333334,48.0,7.0
1,dino_silhouette,37,3,False,0.12,0.125,48.0,6.0
1,dino_silhouette,38,3,True,0.0,0.0,48.0,0.0
1,dino_silhouette,39,3,False,0.136986301369863,0.10416666666666667,48.0,5.0
1,dino_silhouette,40,3,False,0.13333333333333333,0.10416666666666667,48.0,5.0
1,dino_silhouette,41,3,False,0.0,0.0,48.0,0.0
1,dino_silhouette,42,3,False,0.05405405405405406,0.041666666666666664,48.0,2.0
1,dino_silhouette,43,4,False,0.10309278350515463,0.10416666666666667,48.0,5.0
1,dino_silhouette,44,4,False,0.061224489795918366,0.0625,48.0,3.0
1,dino_silhouette,45,4,True,0.05128205128205128,0.0425531914893617,47.0,2.0
1,dino_silhouette,46,4,False,0.041666666666666664,0.041666666666666664,48.0,2.0
1,dino_silhouette,47,4,False,0.1956521739130435,0.1875,48.0,9.0
1,dino_silhouette,48,4,False,0.574468085106383,0.5625,48.0,27.0
1,dino_silhouette,49,4,False,0.10714285714285714,0.125,48.0,6.0
1,dino_silhouette,50,4,False,0.1839080459770115,0.16666666666666666,48.0,8.0
1,dino_silhouette,51,4,False,0.0547945205479452,0.041666666666666664,48.0,2.0
1,dino_silhouette,52,4,False,0.09090909090909091,0.08333333333333333,48.0,4.0
1,dino_silhouette,53,4,False,0.21428571428571427,0.1956521739130435,46.0,9.0
1,dino_silhouette,54,4,False,0.061224489795918366,0.0625,48.0,3.0
1,dino_silhouette,55,4,False,0.10714285714285714,0.125,48.0,6.0
1,dino_silhouette,56,4,False,0.1414141414141414,0.14583333333333334,48.0,7.0
1,dino_silhouette,57,5,False,0.175,0.15217391304347827,46.0,7.0
1,dino_silhouette,58,5,False,0.11904761904761904,0.10416666666666667,48.0,5.0
1,dino_silhouette,59,5,True,0.1188118811881188,0.125,48.0,6.0
1,dino_silhouette,60,8,True,0.023809523809523808,0.020833333333333332,48.0,1.0
1,dino_silhouette,61,8,True,0.032520325203252036,0.041666666666666664,48.0,2.0
1,dino_silhouette,62,5,False,0.09433962264150944,0.10416666666666667,48.0,5.0
1,dino_silhouette,63,8,True,0.05,0.041666666666666664,48.0,2.0
1,dino_silhouette,64,5,True,0.0759493670886076,0.0625,48.0,3.0
1,dino_silhouette,65,5,True,0.03508771929824561,0.041666666666666664,48.0,2.0
1,dino_silhouette,66,8,True,0.06,0.0625,48.0,3.0
1,dino_silhouette,67,5,False,0.14736842105263157,0.14583333333333334,48.0,7.0
1,dino_silhouette,68,5,False,0.4854368932038835,0.5208333333333334,48.0,25.0
1,dino_silhouette,69,5,False,0.18604651162790697,0.16666666666666666,48.0,8.0
1,dino_silhouette,70,5,True,0.075,0.0625,48.0,3.0
1,dino_silhouette,71,5,True,0.020618556701030927,0.020833333333333332,48.0,1.0
1,dino_silhouette,72,6,False,0.07228915662650602,0.0625,48.0,3.0
1,dino_silhouette,73,6,False,0.10309278350515463,0.10416666666666667,48.0,5.0
1,dino_silhouette,74,6,False,0.34545454545454546,0.3958333333333333,48.0,19.0
1,dino_silhouette,75,6,False,0.08333333333333333,0.08333333333333333,48.0,4.0
1,dino_silhouette,76,6,False,0.04395604395604396,0.041666666666666664,48.0,2.0
1,dino_silhouette,77,7,False,0.0759493670886076,0.0625,48.0,3.0
1,dino_silhouette,78,8,True,0.07766990291262135,0.08333333333333333,48.0,4.0
1,dino_silhouette,79,7,True,0.10752688172043011,0.10416666666666667,48.0,5.0
1,dino_silhouette,80,7,False,0.12389380530973451,0.14583333333333334,48.0,7.0
1,dino_silhouette,81,7,False,0.06593406593406594,0.06521739130434782,46.0,3.0
1,dino_silhouette,82,8,False,0.1651376146788991,0.1875,48.0,9.0
1,dino_silhouette,83,8,False,0.1308411214953271,0.14583333333333334,48.0,7.0
1,dino_silhouette,84,8,False,0.28,0.2916666666666667,48.0,14.0
1,dino_silhouette,85,8,False,0.41237113402061853,0.4166666666666667,48.0,20.0
1,dino_silhouette,86,8,False,0.16842105263157894,0.16666666666666666,48.0,8.0
1,dino_silhouette,87,8,False,0.34375,0.4583333333333333,48.0,22.0
1,dino_silhouette,88,8,False,0.2736842105263158,0.2708333333333333,48.0,13.0
1,dino_silhouette,89,8,False,0.4946236559139785,0.4791666666666667,48.0,23.0
1,concat32_dino,0,0,False,0.411214953271028,0.4583333333333333,48.0,22.0
1,concat32_dino,1,0,False,0.8431372549019608,0.8958333333333334,48.0,43.0
1,concat32_dino,2,0,False,0.898876404494382,0.8333333333333334,48.0,40.0
1,concat32_dino,3,0,False,0.84,0.875,48.0,42.0
1,concat32_dino,4,0,True,0.2153846153846154,0.14583333333333334,48.0,7.0
1,concat32_dino,5,1,False,0.9772727272727273,0.9555555555555556,45.0,43.0
1,concat32_dino,6,1,False,0.7160493827160493,0.6041666666666666,48.0,29.0
1,concat32_dino,7,8,True,0.0,0.0,48.0,0.0
1,concat32_dino,8,1,False,0.9473684210526315,0.9375,48.0,45.0
1,concat32_dino,9,1,False,0.8041237113402062,0.8125,48.0,39.0
1,concat32_dino,10,1,False,0.3564356435643564,0.375,48.0,18.0
1,concat32_dino,11,1,False,0.37362637362637363,0.3541666666666667,48.0,17.0
1,concat32_dino,12,8,True,0.0759493670886076,0.0625,48.0,3.0
1,concat32_dino,13,1,False,0.7391304347826086,0.7083333333333334,48.0,34.0
1,concat32_dino,14,1,False,0.7,0.7446808510638298,47.0,35.0
1,concat32_dino,15,1,False,0.9230769230769231,1.0,48.0,48.0
1,concat32_dino,16,1,False,0.7450980392156863,0.7916666666666666,48.0,38.0
1,concat32_dino,17,1,False,0.6153846153846154,0.5833333333333334,48.0,28.0
1,concat32_dino,18,1,False,0.7610619469026548,0.8958333333333334,48.0,43.0
1,concat32_dino,19,1,False,0.7142857142857143,0.7291666666666666,48.0,35.0
1,concat32_dino,20,2,False,0.6262626262626263,0.6458333333333334,48.0,31.0
1,concat32_dino,21,2,False,0.8080808080808081,0.8333333333333334,48.0,40.0
1,concat32_dino,22,2,True,0.36065573770491804,0.22916666666666666,48.0,11.0
1,concat32_dino,23,2,False,0.7128712871287128,0.75,48.0,36.0
1,concat32_dino,24,2,False,0.8247422680412371,0.8333333333333334,48.0,40.0
1,concat32_dino,25,2,False,0.631578947368421,0.625,48.0,30.0
1,concat32_dino,26,2,False,0.967741935483871,0.9375,48.0,45.0
1,concat32_dino,27,2,False,0.5833333333333334,0.5833333333333334,48.0,28.0
1,concat32_dino,28,2,False,0.968421052631579,0.9583333333333334,48.0,46.0
1,concat32_dino,29,2,False,0.8,0.875,48.0,42.0
1,concat32_dino,30,2,False,0.3269230769230769,0.3541666666666667,48.0,17.0
1,concat32_dino,31,2,False,0.9183673469387755,0.9375,48.0,45.0
1,concat32_dino,32,2,False,0.8505747126436781,0.7708333333333334,48.0,37.0
1,concat32_dino,33,2,False,0.7872340425531915,0.7708333333333334,48.0,37.0
1,concat32_dino,34,3,False,0.6,0.75,48.0,36.0
1,concat32_dino,35,3,False,0.9387755102040817,0.9583333333333334,48.0,46.0
1,concat32_dino,36,3,False,0.8712871287128713,0.9166666666666666,48.0,44.0
1,concat32_dino,37,3,False,0.5567010309278351,0.5625,48.0,27.0
1,concat32_dino,38,3,True,0.0,0.0,48.0,0.0
1,concat32_dino,39,3,False,0.6504065040650406,0.8333333333333334,48.0,40.0
1,concat32_dino,40,3,False,0.723404255319149,0.7083333333333334,48.0,34.0
1,concat32_dino,41,3,False,0.3516483516483517,0.3333333333333333,48.0,16.0
1,concat32_dino,42,3,False,0.6481481481481481,0.7291666666666666,48.0,35.0
1,concat32_dino,43,4,False,0.5581395348837209,0.75,48.0,36.0
1,concat32_dino,44,4,False,0.8108108108108109,0.9375,48.0,45.0
1,concat32_dino,45,4,True,0.0,0.0,47.0,0.0
1,concat32_dino,46,4,False,0.5185185185185185,0.4375,48.0,21.0
1,concat32_dino,47,4,False,0.9387755102040817,0.9583333333333334,48.0,46.0
1,concat32_dino,48,4,False,0.9484536082474226,0.9583333333333334,48.0,46.0
1,concat32_dino,49,4,False,0.20754716981132076,0.22916666666666666,48.0,11.0
1,concat32_dino,50,4,False,0.9787234042553191,0.9583333333333334,48.0,46.0
1,concat32_dino,51,4,False,0.21621621621621623,0.25,48.0,12.0
1,concat32_dino,52,4,False,0.34951456310679613,0.375,48.0,18.0
1,concat32_dino,53,4,False,0.9375,0.9782608695652174,46.0,45.0
1,concat32_dino,54,4,False,0.7326732673267327,0.7708333333333334,48.0,37.0
1,concat32_dino,55,4,False,0.7722772277227723,0.8125,48.0,39.0
1,concat32_dino,56,4,False,0.6538461538461539,0.7083333333333334,48.0,34.0
1,concat32_dino,57,5,False,0.8172043010752689,0.8260869565217391,46.0,38.0
1,concat32_dino,58,5,False,0.6829268292682927,0.875,48.0,42.0
1,concat32_dino,59,5,True,0.0,0.0,48.0,0.0
1,concat32_dino,60,8,True,0.1951219512195122,0.16666666666666666,48.0,8.0
1,concat32_dino,61,8,True,0.0,0.0,48.0,0.0
1,concat32_dino,62,5,False,0.7238095238095238,0.7916666666666666,48.0,38.0
1,concat32_dino,63,8,True,0.0,0.0,48.0,0.0
1,concat32_dino,64,5,True,0.038461538461538464,0.020833333333333332,48.0,1.0
1,concat32_dino,65,5,True,0.0,0.0,48.0,0.0
1,concat32_dino,66,8,True,0.09230769230769231,0.0625,48.0,3.0
1,concat32_dino,67,5,False,0.9347826086956522,0.8958333333333334,48.0,43.0
1,concat32_dino,68,5,False,0.9574468085106383,0.9375,48.0,45.0
1,concat32_dino,69,5,False,0.8,0.75,48.0,36.0
1,concat32_dino,70,5,True,0.027777777777777776,0.020833333333333332,48.0,1.0
1,concat32_dino,71,5,True,0.0,0.0,48.0,0.0
1,concat32_dino,72,6,False,0.7387387387387387,0.8541666666666666,48.0,41.0
1,concat32_dino,73,6,False,0.5918367346938775,0.6041666666666666,48.0,29.0
1,concat32_dino,74,6,False,0.75,1.0,48.0,48.0
1,concat32_dino,75,6,False,0.9320388349514563,1.0,48.0,48.0
1,concat32_dino,76,6,False,0.8627450980392157,0.9166666666666666,48.0,44.0
1,concat32_dino,77,7,False,0.8118811881188119,0.8541666666666666,48.0,41.0
1,concat32_dino,78,8,True,0.4935064935064935,0.3958333333333333,48.0,19.0
1,concat32_dino,79,7,True,0.0,0.0,48.0,0.0
1,concat32_dino,80,7,False,0.5826771653543307,0.7708333333333334,48.0,37.0
1,concat32_dino,81,7,False,0.6785714285714286,0.8260869565217391,46.0,38.0
1,concat32_dino,82,8,False,0.6067415730337079,0.5625,48.0,27.0
1,concat32_dino,83,8,False,0.9215686274509803,0.9791666666666666,48.0,47.0
1,concat32_dino,84,8,False,0.5432098765432098,0.4583333333333333,48.0,22.0
1,concat32_dino,85,8,False,0.897196261682243,1.0,48.0,48.0
1,concat32_dino,86,8,False,0.6846846846846847,0.7916666666666666,48.0,38.0
1,concat32_dino,87,8,False,0.8108108108108109,0.9375,48.0,45.0
1,concat32_dino,88,8,False,0.562962962962963,0.7916666666666666,48.0,38.0
1,concat32_dino,89,8,False,0.6949152542372882,0.8541666666666666,48.0,41.0
1,fusion32_equal,0,0,False,0.38202247191011235,0.3541666666666667,48.0,17.0
1,fusion32_equal,1,0,False,0.8131868131868132,0.7708333333333334,48.0,37.0
1,fusion32_equal,2,0,False,0.875,0.875,48.0,42.0
1,fusion32_equal,3,0,False,0.8349514563106796,0.8958333333333334,48.0,43.0
1,fusion32_equal,4,0,True,0.18461538461538463,0.125,48.0,6.0
1,fusion32_equal,5,1,False,0.8461538461538461,0.9777777777777777,45.0,44.0
1,fusion32_equal,6,1,False,0.5476190476190477,0.4791666666666667,48.0,23.0
1,fusion32_equal,7,8,True,0.0,0.0,48.0,0.0
1,fusion32_equal,8,1,False,0.865979381443299,0.875,48.0,42.0
1,fusion32_equal,9,1,False,0.75,0.75,48.0,36.0
1,fusion32_equal,10,1,False,0.3469387755102041,0.3541666666666667,48.0,17.0
1,fusion32_equal,11,1,False,0.3829787234042553,0.375,48.0,18.0
1,fusion32_equal,12,8,True,0.11627906976744186,0.10416666666666667,48.0,5.0
1,fusion32_equal,13,1,False,0.7912087912087912,0.75,48.0,36.0
1,fusion32_equal,14,1,False,0.7216494845360825,0.7446808510638298,47.0,35.0
1,fusion32_equal,15,1,False,0.9215686274509803,0.9791666666666666,48.0,47.0
1,fusion32_equal,16,1,False,0.7090909090909091,0.8125,48.0,39.0
1,fusion32_equal,17,1,False,0.5591397849462365,0.5416666666666666,48.0,26.0
1,fusion32_equal,18,1,False,0.6666666666666666,0.9375,48.0,45.0
1,fusion32_equal,19,1,False,0.5631067961165048,0.6041666666666666,48.0,29.0
1,fusion32_equal,20,2,False,0.627906976744186,0.5625,48.0,27.0
1,fusion32_equal,21,2,False,0.7766990291262136,0.8333333333333334,48.0,40.0
1,fusion32_equal,22,2,True,0.625,0.5208333333333334,48.0,25.0
1,fusion32_equal,23,2,False,0.7010309278350515,0.7083333333333334,48.0,34.0
1,fusion32_equal,24,2,False,0.7547169811320755,0.8333333333333334,48.0,40.0
1,fusion32_equal,25,2,False,0.5742574257425742,0.6041666666666666,48.0,29.0
1,fusion32_equal,26,2,False,0.9090909090909091,0.9375,48.0,45.0
1,fusion32_equal,27,2,False,0.5,0.4583333333333333,48.0,22.0
1,fusion32_equal,28,2,False,0.9583333333333334,0.9583333333333334,48.0,46.0
1,fusion32_equal,29,2,False,0.7916666666666666,0.7916666666666666,48.0,38.0
1,fusion32_equal,30,2,False,0.42857142857142855,0.4375,48.0,21.0
1,fusion32_equal,31,2,False,0.8846153846153846,0.9583333333333334,48.0,46.0
1,fusion32_equal,32,2,False,0.6746987951807228,0.5833333333333334,48.0,28.0
1,fusion32_equal,33,2,False,0.6923076923076923,0.75,48.0,36.0
1,fusion32_equal,34,3,False,0.6105263157894737,0.6041666666666666,48.0,29.0
1,fusion32_equal,35,3,False,0.9166666666666666,0.9166666666666666,48.0,44.0
1,fusion32_equal,36,3,False,0.8888888888888888,0.9166666666666666,48.0,44.0
1,fusion32_equal,37,3,False,0.5333333333333333,0.5,48.0,24.0
1,fusion32_equal,38,3,True,0.0,0.0,48.0,0.0
1,fusion32_equal,39,3,False,0.6185567010309279,0.625,48.0,30.0
1,fusion32_equal,40,3,False,0.6947368421052632,0.6875,48.0,33.0
1,fusion32_equal,41,3,False,0.275,0.22916666666666666,48.0,11.0
1,fusion32_equal,42,3,False,0.5918367346938775,0.6041666666666666,48.0,29.0
1,fusion32_equal,43,4,False,0.5081967213114754,0.6458333333333334,48.0,31.0
1,fusion32_equal,44,4,False,0.7450980392156863,0.7916666666666666,48.0,38.0
1,fusion32_equal,45,4,True,0.09836065573770492,0.06382978723404255,47.0,3.0
1,fusion32_equal,46,4,False,0.4819277108433735,0.4166666666666667,48.0,20.0
1,fusion32_equal,47,4,False,0.8653846153846154,0.9375,48.0,45.0
1,fusion32_equal,48,4,False,0.9292929292929293,0.9583333333333334,48.0,46.0
1,fusion32_equal,49,4,False,0.16494845360824742,0.16666666666666666,48.0,8.0
1,fusion32_equal,50,4,False,0.92,0.9583333333333334,48.0,46.0
1,fusion32_equal,51,4,False,0.26804123711340205,0.2708333333333333,48.0,13.0
1,fusion32_equal,52,4,False,0.36585365853658536,0.3125,48.0,15.0
1,fusion32_equal,53,4,False,0.8598130841121495,1.0,46.0,46.0
1,fusion32_equal,54,4,False,0.6972477064220184,0.7916666666666666,48.0,38.0
1,fusion32_equal,55,4,False,0.6966292134831461,0.6458333333333334,48.0,31.0
1,fusion32_equal,56,4,False,0.6274509803921569,0.6666666666666666,48.0,32.0
1,fusion32_equal,57,5,False,0.75,0.8478260869565217,46.0,39.0
1,fusion32_equal,58,5,False,0.6614173228346457,0.875,48.0,42.0
1,fusion32_equal,59,5,True,0.18181818181818182,0.125,48.0,6.0
1,fusion32_equal,60,8,True,0.21052631578947367,0.16666666666666666,48.0,8.0
1,fusion32_equal,61,8,True,0.05405405405405406,0.041666666666666664,48.0,2.0
1,fusion32_equal,62,5,False,0.6601941747572816,0.7083333333333334,48.0,34.0
1,fusion32_equal,63,8,True,0.05970149253731343,0.041666666666666664,48.0,2.0
1,fusion32_equal,64,5,True,0.07272727272727272,0.041666666666666664,48.0,2.0
1,fusion32_equal,65,5,True,0.022222222222222223,0.020833333333333332,48.0,1.0
1,fusion32_equal,66,8,True,0.14814814814814814,0.125,48.0,6.0
1,fusion32_equal,67,5,False,0.9263157894736842,0.9166666666666666,48.0,44.0
1,fusion32_equal,68,5,False,0.945054945054945,0.8958333333333334,48.0,43.0
1,fusion32_equal,69,5,False,0.6470588235294118,0.6875,48.0,33.0
1,fusion32_equal,70,5,True,0.05,0.041666666666666664,48.0,2.0
1,fusion32_equal,71,5,True,0.0,0.0,48.0,0.0
1,fusion32_equal,72,6,False,0.7387387387387387,0.8541666666666666,48.0,41.0
1,fusion32_equal,73,6,False,0.5227272727272727,0.4791666666666667,48.0,23.0
1,fusion32_equal,74,6,False,0.746031746031746,0.9791666666666666,48.0,47.0
1,fusion32_equal,75,6,False,0.6461538461538462,0.875,48.0,42.0
1,fusion32_equal,76,6,False,0.7961165048543689,0.8541666666666666,48.0,41.0
1,fusion32_equal,77,7,False,0.7961165048543689,0.8541666666666666,48.0,41.0
1,fusion32_equal,78,8,True,0.6666666666666666,0.6458333333333334,48.0,31.0
1,fusion32_equal,79,7,True,0.1111111111111111,0.0625,48.0,3.0
1,fusion32_equal,80,7,False,0.45714285714285713,0.5,48.0,24.0
1,fusion32_equal,81,7,False,0.46017699115044247,0.5652173913043478,46.0,26.0
1,fusion32_equal,82,8,False,0.6741573033707865,0.625,48.0,30.0
1,fusion32_equal,83,8,False,0.875,0.875,48.0,42.0
1,fusion32_equal,84,8,False,0.5853658536585366,0.5,48.0,24.0
1,fusion32_equal,85,8,False,0.897196261682243,1.0,48.0,48.0
1,fusion32_equal,86,8,False,0.7272727272727273,0.75,48.0,36.0
1,fusion32_equal,87,8,False,0.7787610619469026,0.9166666666666666,48.0,44.0
1,fusion32_equal,88,8,False,0.5294117647058824,0.75,48.0,36.0
1,fusion32_equal,89,8,False,0.7272727272727273,0.8333333333333334,48.0,40.0
1,fusion32_calib,0,0,False,0.38202247191011235,0.3541666666666667,48.0,17.0
1,fusion32_calib,1,0,False,0.8131868131868132,0.7708333333333334,48.0,37.0
1,fusion32_calib,2,0,False,0.875,0.875,48.0,42.0
1,fusion32_calib,3,0,False,0.8349514563106796,0.8958333333333334,48.0,43.0
1,fusion32_calib,4,0,True,0.18461538461538463,0.125,48.0,6.0
1,fusion32_calib,5,1,False,0.8461538461538461,0.9777777777777777,45.0,44.0
1,fusion32_calib,6,1,False,0.5476190476190477,0.4791666666666667,48.0,23.0
1,fusion32_calib,7,8,True,0.0,0.0,48.0,0.0
1,fusion32_calib,8,1,False,0.865979381443299,0.875,48.0,42.0
1,fusion32_calib,9,1,False,0.75,0.75,48.0,36.0
1,fusion32_calib,10,1,False,0.3469387755102041,0.3541666666666667,48.0,17.0
1,fusion32_calib,11,1,False,0.3829787234042553,0.375,48.0,18.0
1,fusion32_calib,12,8,True,0.11627906976744186,0.10416666666666667,48.0,5.0
1,fusion32_calib,13,1,False,0.7912087912087912,0.75,48.0,36.0
1,fusion32_calib,14,1,False,0.7216494845360825,0.7446808510638298,47.0,35.0
1,fusion32_calib,15,1,False,0.9215686274509803,0.9791666666666666,48.0,47.0
1,fusion32_calib,16,1,False,0.7090909090909091,0.8125,48.0,39.0
1,fusion32_calib,17,1,False,0.5591397849462365,0.5416666666666666,48.0,26.0
1,fusion32_calib,18,1,False,0.6666666666666666,0.9375,48.0,45.0
1,fusion32_calib,19,1,False,0.5631067961165048,0.6041666666666666,48.0,29.0
1,fusion32_calib,20,2,False,0.627906976744186,0.5625,48.0,27.0
1,fusion32_calib,21,2,False,0.7766990291262136,0.8333333333333334,48.0,40.0
1,fusion32_calib,22,2,True,0.625,0.5208333333333334,48.0,25.0
1,fusion32_calib,23,2,False,0.7010309278350515,0.7083333333333334,48.0,34.0
1,fusion32_calib,24,2,False,0.7547169811320755,0.8333333333333334,48.0,40.0
1,fusion32_calib,25,2,False,0.5742574257425742,0.6041666666666666,48.0,29.0
1,fusion32_calib,26,2,False,0.9090909090909091,0.9375,48.0,45.0
1,fusion32_calib,27,2,False,0.5,0.4583333333333333,48.0,22.0
1,fusion32_calib,28,2,False,0.9583333333333334,0.9583333333333334,48.0,46.0
1,fusion32_calib,29,2,False,0.7916666666666666,0.7916666666666666,48.0,38.0
1,fusion32_calib,30,2,False,0.42857142857142855,0.4375,48.0,21.0
1,fusion32_calib,31,2,False,0.8846153846153846,0.9583333333333334,48.0,46.0
1,fusion32_calib,32,2,False,0.6746987951807228,0.5833333333333334,48.0,28.0
1,fusion32_calib,33,2,False,0.6923076923076923,0.75,48.0,36.0
1,fusion32_calib,34,3,False,0.6105263157894737,0.6041666666666666,48.0,29.0
1,fusion32_calib,35,3,False,0.9166666666666666,0.9166666666666666,48.0,44.0
1,fusion32_calib,36,3,False,0.8888888888888888,0.9166666666666666,48.0,44.0
1,fusion32_calib,37,3,False,0.5333333333333333,0.5,48.0,24.0
1,fusion32_calib,38,3,True,0.0,0.0,48.0,0.0
1,fusion32_calib,39,3,False,0.6185567010309279,0.625,48.0,30.0
1,fusion32_calib,40,3,False,0.6947368421052632,0.6875,48.0,33.0
1,fusion32_calib,41,3,False,0.275,0.22916666666666666,48.0,11.0
1,fusion32_calib,42,3,False,0.5918367346938775,0.6041666666666666,48.0,29.0
1,fusion32_calib,43,4,False,0.5081967213114754,0.6458333333333334,48.0,31.0
1,fusion32_calib,44,4,False,0.7450980392156863,0.7916666666666666,48.0,38.0
1,fusion32_calib,45,4,True,0.09836065573770492,0.06382978723404255,47.0,3.0
1,fusion32_calib,46,4,False,0.4819277108433735,0.4166666666666667,48.0,20.0
1,fusion32_calib,47,4,False,0.8653846153846154,0.9375,48.0,45.0
1,fusion32_calib,48,4,False,0.9292929292929293,0.9583333333333334,48.0,46.0
1,fusion32_calib,49,4,False,0.16494845360824742,0.16666666666666666,48.0,8.0
1,fusion32_calib,50,4,False,0.92,0.9583333333333334,48.0,46.0
1,fusion32_calib,51,4,False,0.26804123711340205,0.2708333333333333,48.0,13.0
1,fusion32_calib,52,4,False,0.36585365853658536,0.3125,48.0,15.0
1,fusion32_calib,53,4,False,0.8598130841121495,1.0,46.0,46.0
1,fusion32_calib,54,4,False,0.6972477064220184,0.7916666666666666,48.0,38.0
1,fusion32_calib,55,4,False,0.6966292134831461,0.6458333333333334,48.0,31.0
1,fusion32_calib,56,4,False,0.6274509803921569,0.6666666666666666,48.0,32.0
1,fusion32_calib,57,5,False,0.75,0.8478260869565217,46.0,39.0
1,fusion32_calib,58,5,False,0.6614173228346457,0.875,48.0,42.0
1,fusion32_calib,59,5,True,0.18181818181818182,0.125,48.0,6.0
1,fusion32_calib,60,8,True,0.21052631578947367,0.16666666666666666,48.0,8.0
1,fusion32_calib,61,8,True,0.05405405405405406,0.041666666666666664,48.0,2.0
1,fusion32_calib,62,5,False,0.6601941747572816,0.7083333333333334,48.0,34.0
1,fusion32_calib,63,8,True,0.05970149253731343,0.041666666666666664,48.0,2.0
1,fusion32_calib,64,5,True,0.07272727272727272,0.041666666666666664,48.0,2.0
1,fusion32_calib,65,5,True,0.022222222222222223,0.020833333333333332,48.0,1.0
1,fusion32_calib,66,8,True,0.14814814814814814,0.125,48.0,6.0
1,fusion32_calib,67,5,False,0.9263157894736842,0.9166666666666666,48.0,44.0
1,fusion32_calib,68,5,False,0.945054945054945,0.8958333333333334,48.0,43.0
1,fusion32_calib,69,5,False,0.6470588235294118,0.6875,48.0,33.0
1,fusion32_calib,70,5,True,0.05,0.041666666666666664,48.0,2.0
1,fusion32_calib,71,5,True,0.0,0.0,48.0,0.0
1,fusion32_calib,72,6,False,0.7387387387387387,0.8541666666666666,48.0,41.0
1,fusion32_calib,73,6,False,0.5227272727272727,0.4791666666666667,48.0,23.0
1,fusion32_calib,74,6,False,0.746031746031746,0.9791666666666666,48.0,47.0
1,fusion32_calib,75,6,False,0.6461538461538462,0.875,48.0,42.0
1,fusion32_calib,76,6,False,0.7961165048543689,0.8541666666666666,48.0,41.0
1,fusion32_calib,77,7,False,0.7961165048543689,0.8541666666666666,48.0,41.0
1,fusion32_calib,78,8,True,0.6666666666666666,0.6458333333333334,48.0,31.0
1,fusion32_calib,79,7,True,0.1111111111111111,0.0625,48.0,3.0
1,fusion32_calib,80,7,False,0.45714285714285713,0.5,48.0,24.0
1,fusion32_calib,81,7,False,0.46017699115044247,0.5652173913043478,46.0,26.0
1,fusion32_calib,82,8,False,0.6741573033707865,0.625,48.0,30.0
1,fusion32_calib,83,8,False,0.875,0.875,48.0,42.0
1,fusion32_calib,84,8,False,0.5853658536585366,0.5,48.0,24.0
1,fusion32_calib,85,8,False,0.897196261682243,1.0,48.0,48.0
1,fusion32_calib,86,8,False,0.7272727272727273,0.75,48.0,36.0
1,fusion32_calib,87,8,False,0.7787610619469026,0.9166666666666666,48.0,44.0
1,fusion32_calib,88,8,False,0.5294117647058824,0.75,48.0,36.0
1,fusion32_calib,89,8,False,0.7272727272727273,0.8333333333333334,48.0,40.0
1,fusion214_equal,0,0,False,0.631578947368421,0.625,48.0,30.0
1,fusion214_equal,1,0,False,0.9247311827956989,0.8958333333333334,48.0,43.0
1,fusion214_equal,2,0,False,0.9166666666666666,0.9166666666666666,48.0,44.0
1,fusion214_equal,3,0,False,0.8910891089108911,0.9375,48.0,45.0
1,fusion214_equal,4,0,True,0.10526315789473684,0.0625,48.0,3.0
1,fusion214_equal,5,1,False,0.9473684210526315,1.0,45.0,45.0
1,fusion214_equal,6,1,False,0.759493670886076,0.625,48.0,30.0
1,fusion214_equal,7,8,True,0.0,0.0,48.0,0.0
1,fusion214_equal,8,1,False,0.9052631578947369,0.8958333333333334,48.0,43.0
1,fusion214_equal,9,1,False,0.865979381443299,0.875,48.0,42.0
1,fusion214_equal,10,1,False,0.6842105263157895,0.8125,48.0,39.0
1,fusion214_equal,11,1,False,0.48717948717948717,0.3958333333333333,48.0,19.0
1,fusion214_equal,12,8,True,0.047058823529411764,0.041666666666666664,48.0,2.0
1,fusion214_equal,13,1,False,0.9278350515463918,0.9375,48.0,45.0
1,fusion214_equal,14,1,False,0.84,0.8936170212765957,47.0,42.0
1,fusion214_equal,15,1,False,0.7868852459016393,1.0,48.0,48.0
1,fusion214_equal,16,1,False,0.8712871287128713,0.9166666666666666,48.0,44.0
1,fusion214_equal,17,1,False,0.7339449541284404,0.8333333333333334,48.0,40.0
1,fusion214_equal,18,1,False,0.4793388429752066,0.6041666666666666,48.0,29.0
1,fusion214_equal,19,1,False,0.7524752475247525,0.7916666666666666,48.0,38.0
1,fusion214_equal,20,2,False,0.6991869918699187,0.8958333333333334,48.0,43.0
1,fusion214_equal,21,2,False,0.8571428571428571,0.875,48.0,42.0
1,fusion214_equal,22,2,True,0.5897435897435898,0.4791666666666667,48.0,23.0
1,fusion214_equal,23,2,False,0.8333333333333334,0.8333333333333334,48.0,40.0
1,fusion214_equal,24,2,False,0.8598130841121495,0.9583333333333334,48.0,46.0
1,fusion214_equal,25,2,False,0.8118811881188119,0.8541666666666666,48.0,41.0
1,fusion214_equal,26,2,False,0.3302752293577982,0.375,48.0,18.0
1,fusion214_equal,27,2,False,0.7529411764705882,0.6666666666666666,48.0,32.0
1,fusion214_equal,28,2,False,0.968421052631579,0.9583333333333334,48.0,46.0
1,fusion214_equal,29,2,False,0.9072164948453608,0.9166666666666666,48.0,44.0
1,fusion214_equal,30,2,False,0.5950413223140496,0.75,48.0,36.0
1,fusion214_equal,31,2,False,0.912621359223301,0.9791666666666666,48.0,47.0
1,fusion214_equal,32,2,False,0.8235294117647058,0.7291666666666666,48.0,35.0
1,fusion214_equal,33,2,False,0.7058823529411765,1.0,48.0,48.0
1,fusion214_equal,34,3,False,0.8172043010752689,0.7916666666666666,48.0,38.0
1,fusion214_equal,35,3,False,0.9565217391304348,0.9166666666666666,48.0,44.0
1,fusion214_equal,36,3,False,0.9183673469387755,0.9375,48.0,45.0
1,fusion214_equal,37,3,False,0.5272727272727272,0.6041666666666666,48.0,29.0
1,fusion214_equal,38,3,True,0.0,0.0,48.0,0.0
1,fusion214_equal,39,3,False,0.7254901960784313,0.7708333333333334,48.0,37.0
1,fusion214_equal,40,3,False,0.8131868131868132,0.7708333333333334,48.0,37.0
1,fusion214_equal,41,3,False,0.4318181818181818,0.3958333333333333,48.0,19.0
1,fusion214_equal,42,3,False,0.7526881720430108,0.7291666666666666,48.0,35.0
1,fusion214_equal,43,4,False,0.43902439024390244,0.5625,48.0,27.0
1,fusion214_equal,44,4,False,0.8155339805825242,0.875,48.0,42.0
1,fusion214_equal,45,4,True,0.06666666666666667,0.0425531914893617,47.0,2.0
1,fusion214_equal,46,4,False,0.45161290322580644,0.4375,48.0,21.0
1,fusion214_equal,47,4,False,0.8712871287128713,0.9166666666666666,48.0,44.0
1,fusion214_equal,48,4,False,0.94,0.9791666666666666,48.0,47.0
1,fusion214_equal,49,4,False,0.2727272727272727,0.25,48.0,12.0
1,fusion214_equal,50,4,False,0.06451612903225806,0.041666666666666664,48.0,2.0
1,fusion214_equal,51,4,False,0.2558139534883721,0.22916666666666666,48.0,11.0
1,fusion214_equal,52,4,False,0.30952380952380953,0.2708333333333333,48.0,13.0
1,fusion214_equal,53,4,False,0.6075949367088608,0.5217391304347826,46.0,24.0
1,fusion214_equal,54,4,False,0.6915887850467289,0.7708333333333334,48.0,37.0
1,fusion214_equal,55,4,False,0.7252747252747253,0.6875,48.0,33.0
1,fusion214_equal,56,4,False,0.723404255319149,0.7083333333333334,48.0,34.0
1,fusion214_equal,57,5,False,0.8,0.8695652173913043,46.0,40.0
1,fusion214_equal,58,5,False,0.6870229007633588,0.9375,48.0,45.0
1,fusion214_equal,59,5,True,0.06896551724137931,0.041666666666666664,48.0,2.0
1,fusion214_equal,60,8,True,0.08333333333333333,0.0625,48.0,3.0
1,fusion214_equal,61,8,True,0.02247191011235955,0.020833333333333332,48.0,1.0
1,fusion214_equal,62,5,False,0.7008547008547008,0.8541666666666666,48.0,41.0
1,fusion214_equal,63,8,True,0.031746031746031744,0.020833333333333332,48.0,1.0
1,fusion214_equal,64,5,True,0.0,0.0,48.0,0.0
1,fusion214_equal,65,5,True,0.0,0.0,48.0,0.0
1,fusion214_equal,66,8,True,0.08823529411764706,0.0625,48.0,3.0
1,fusion214_equal,67,5,False,0.9473684210526315,0.9375,48.0,45.0
1,fusion214_equal,68,5,False,0.9787234042553191,0.9583333333333334,48.0,46.0
1,fusion214_equal,69,5,False,0.23728813559322035,0.14583333333333334,48.0,7.0
1,fusion214_equal,70,5,True,0.028985507246376812,0.020833333333333332,48.0,1.0
1,fusion214_equal,71,5,True,0.0,0.0,48.0,0.0
1,fusion214_equal,72,6,False,0.8932038834951457,0.9583333333333334,48.0,46.0
1,fusion214_equal,73,6,False,0.6181818181818182,0.7083333333333334,48.0,34.0
1,fusion214_equal,74,6,False,0.7966101694915254,0.9791666666666666,48.0,47.0
1,fusion214_equal,75,6,False,0.0,0.0,48.0,0.0
1,fusion214_equal,76,6,False,0.8703703703703703,0.9791666666666666,48.0,47.0
1,fusion214_equal,77,7,False,0.75,0.6875,48.0,33.0
1,fusion214_equal,78,8,True,0.8703703703703703,0.9791666666666666,48.0,47.0
1,fusion214_equal,79,7,True,0.0,0.0,48.0,0.0
1,fusion214_equal,80,7,False,0.7674418604651163,0.6875,48.0,33.0
1,fusion214_equal,81,7,False,0.6612903225806451,0.8913043478260869,46.0,41.0
1,fusion214_equal,82,8,False,0.7441860465116279,0.6666666666666666,48.0,32.0
1,fusion214_equal,83,8,False,0.9130434782608695,0.875,48.0,42.0
1,fusion214_equal,84,8,False,0.6823529411764706,0.6041666666666666,48.0,29.0
1,fusion214_equal,85,8,False,0.9306930693069307,0.9791666666666666,48.0,47.0
1,fusion214_equal,86,8,False,0.7676767676767676,0.7916666666666666,48.0,38.0
1,fusion214_equal,87,8,False,0.734375,0.9791666666666666,48.0,47.0
1,fusion214_equal,88,8,False,0.583941605839416,0.8333333333333334,48.0,40.0
1,fusion214_equal,89,8,False,0.9010989010989011,0.8541666666666666,48.0,41.0
1,fusion32_shuffled,0,0,False,0.38636363636363635,0.3541666666666667,48.0,17.0
1,fusion32_shuffled,1,0,False,0.8085106382978723,0.7916666666666666,48.0,38.0
1,fusion32_shuffled,2,0,False,0.8936170212765957,0.875,48.0,42.0
1,fusion32_shuffled,3,0,False,0.8737864077669902,0.9375,48.0,45.0
1,fusion32_shuffled,4,0,True,0.15873015873015872,0.10416666666666667,48.0,5.0
1,fusion32_shuffled,5,1,False,0.8653846153846154,1.0,45.0,45.0
1,fusion32_shuffled,6,1,False,0.5526315789473685,0.4375,48.0,21.0
1,fusion32_shuffled,7,8,True,0.0,0.0,48.0,0.0
1,fusion32_shuffled,8,1,False,0.9166666666666666,0.9166666666666666,48.0,44.0
1,fusion32_shuffled,9,1,False,0.7878787878787878,0.8125,48.0,39.0
1,fusion32_shuffled,10,1,False,0.3058823529411765,0.2708333333333333,48.0,13.0
1,fusion32_shuffled,11,1,False,0.4536082474226804,0.4583333333333333,48.0,22.0
1,fusion32_shuffled,12,8,True,0.11904761904761904,0.10416666666666667,48.0,5.0
1,fusion32_shuffled,13,1,False,0.7764705882352941,0.6875,48.0,33.0
1,fusion32_shuffled,14,1,False,0.8,0.8085106382978723,47.0,38.0
1,fusion32_shuffled,15,1,False,0.8932038834951457,0.9583333333333334,48.0,46.0
1,fusion32_shuffled,16,1,False,0.7339449541284404,0.8333333333333334,48.0,40.0
1,fusion32_shuffled,17,1,False,0.6222222222222222,0.5833333333333334,48.0,28.0
1,fusion32_shuffled,18,1,False,0.7076923076923077,0.9583333333333334,48.0,46.0
1,fusion32_shuffled,19,1,False,0.6213592233009708,0.6666666666666666,48.0,32.0
1,fusion32_shuffled,20,2,False,0.6808510638297872,0.6666666666666666,48.0,32.0
1,fusion32_shuffled,21,2,False,0.7321428571428571,0.8541666666666666,48.0,41.0
1,fusion32_shuffled,22,2,True,0.5897435897435898,0.4791666666666667,48.0,23.0
1,fusion32_shuffled,23,2,False,0.75,0.75,48.0,36.0
1,fusion32_shuffled,24,2,False,0.7777777777777778,0.875,48.0,42.0
1,fusion32_shuffled,25,2,False,0.5686274509803921,0.6041666666666666,48.0,29.0
1,fusion32_shuffled,26,2,False,0.92,0.9583333333333334,48.0,46.0
1,fusion32_shuffled,27,2,False,0.5531914893617021,0.5416666666666666,48.0,26.0
1,fusion32_shuffled,28,2,False,0.9690721649484536,0.9791666666666666,48.0,47.0
1,fusion32_shuffled,29,2,False,0.8316831683168316,0.875,48.0,42.0
1,fusion32_shuffled,30,2,False,0.40425531914893614,0.3958333333333333,48.0,19.0
1,fusion32_shuffled,31,2,False,0.8952380952380953,0.9791666666666666,48.0,47.0
1,fusion32_shuffled,32,2,False,0.6904761904761905,0.6041666666666666,48.0,29.0
1,fusion32_shuffled,33,2,False,0.7339449541284404,0.8333333333333334,48.0,40.0
1,fusion32_shuffled,34,3,False,0.6601941747572816,0.7083333333333334,48.0,34.0
1,fusion32_shuffled,35,3,False,0.9361702127659575,0.9166666666666666,48.0,44.0
1,fusion32_shuffled,36,3,False,0.9019607843137255,0.9583333333333334,48.0,46.0
1,fusion32_shuffled,37,3,False,0.5777777777777777,0.5416666666666666,48.0,26.0
1,fusion32_shuffled,38,3,True,0.0,0.0,48.0,0.0
1,fusion32_shuffled,39,3,False,0.6041666666666666,0.6041666666666666,48.0,29.0
1,fusion32_shuffled,40,3,False,0.7474747474747475,0.7708333333333334,48.0,37.0
1,fusion32_shuffled,41,3,False,0.2988505747126437,0.2708333333333333,48.0,13.0
1,fusion32_shuffled,42,3,False,0.574468085106383,0.5625,48.0,27.0
1,fusion32_shuffled,43,4,False,0.5470085470085471,0.6666666666666666,48.0,32.0
1,fusion32_shuffled,44,4,False,0.7476635514018691,0.8333333333333334,48.0,40.0
1,fusion32_shuffled,45,4,True,0.10714285714285714,0.06382978723404255,47.0,3.0
1,fusion32_shuffled,46,4,False,0.4883720930232558,0.4375,48.0,21.0
1,fusion32_shuffled,47,4,False,0.9019607843137255,0.9583333333333334,48.0,46.0
1,fusion32_shuffled,48,4,False,0.9320388349514563,1.0,48.0,48.0
1,fusion32_shuffled,49,4,False,0.21978021978021978,0.20833333333333334,48.0,10.0
1,fusion32_shuffled,50,4,False,0.9292929292929293,0.9583333333333334,48.0,46.0
1,fusion32_shuffled,51,4,False,0.2608695652173913,0.25,48.0,12.0
1,fusion32_shuffled,52,4,False,0.3333333333333333,0.2916666666666667,48.0,14.0
1,fusion32_shuffled,53,4,False,0.8823529411764706,0.9782608695652174,46.0,45.0
1,fusion32_shuffled,54,4,False,0.6796116504854369,0.7291666666666666,48.0,35.0
1,fusion32_shuffled,55,4,False,0.7083333333333334,0.7083333333333334,48.0,34.0
1,fusion32_shuffled,56,4,False,0.68,0.7083333333333334,48.0,34.0
1,fusion32_shuffled,57,5,False,0.8041237113402062,0.8478260869565217,46.0,39.0
1,fusion32_shuffled,58,5,False,0.6412213740458015,0.875,48.0,42.0
1,fusion32_shuffled,59,5,True,0.13333333333333333,0.08333333333333333,48.0,4.0
1,fusion32_shuffled,60,8,True,0.2,0.14583333333333334,48.0,7.0
1,fusion32_shuffled,61,8,True,0.057971014492753624,0.041666666666666664,48.0,2.0
1,fusion32_shuffled,62,5,False,0.6792452830188679,0.75,48.0,36.0
1,fusion32_shuffled,63,8,True,0.057971014492753624,0.041666666666666664,48.0,2.0
1,fusion32_shuffled,64,5,True,0.10714285714285714,0.0625,48.0,3.0
1,fusion32_shuffled,65,5,True,0.023529411764705882,0.020833333333333332,48.0,1.0
1,fusion32_shuffled,66,8,True,0.0975609756097561,0.08333333333333333,48.0,4.0
1,fusion32_shuffled,67,5,False,0.9090909090909091,0.9375,48.0,45.0
1,fusion32_shuffled,68,5,False,0.968421052631579,0.9583333333333334,48.0,46.0
1,fusion32_shuffled,69,5,False,0.6122448979591837,0.625,48.0,30.0
1,fusion32_shuffled,70,5,True,0.05128205128205128,0.041666666666666664,48.0,2.0
1,fusion32_shuffled,71,5,True,0.0,0.0,48.0,0.0
1,fusion32_shuffled,72,6,False,0.7636363636363637,0.875,48.0,42.0
1,fusion32_shuffled,73,6,False,0.5348837209302325,0.4791666666666667,48.0,23.0
1,fusion32_shuffled,74,6,False,0.7384615384615385,1.0,48.0,48.0
1,fusion32_shuffled,75,6,False,0.6412213740458015,0.875,48.0,42.0
1,fusion32_shuffled,76,6,False,0.7964601769911505,0.9375,48.0,45.0
1,fusion32_shuffled,77,7,False,0.8118811881188119,0.8541666666666666,48.0,41.0
1,fusion32_shuffled,78,8,True,0.6818181818181818,0.625,48.0,30.0
1,fusion32_shuffled,79,7,True,0.0,0.0,48.0,0.0
1,fusion32_shuffled,80,7,False,0.4948453608247423,0.5,48.0,24.0
1,fusion32_shuffled,81,7,False,0.5714285714285714,0.7391304347826086,46.0,34.0
1,fusion32_shuffled,82,8,False,0.6888888888888889,0.6458333333333334,48.0,31.0
1,fusion32_shuffled,83,8,False,0.8932038834951457,0.9583333333333334,48.0,46.0
1,fusion32_shuffled,84,8,False,0.6363636363636364,0.5833333333333334,48.0,28.0
1,fusion32_shuffled,85,8,False,0.912621359223301,0.9791666666666666,48.0,47.0
1,fusion32_shuffled,86,8,False,0.7878787878787878,0.8125,48.0,39.0
1,fusion32_shuffled,87,8,False,0.7894736842105263,0.9375,48.0,45.0
1,fusion32_shuffled,88,8,False,0.5441176470588235,0.7708333333333334,48.0,37.0
1,fusion32_shuffled,89,8,False,0.7586206896551724,0.9166666666666666,48.0,44.0
1,v5_tta_s0,0,0,False,0.3252032520325203,0.4166666666666667,48.0,20.0
1,v5_tta_s0,1,0,False,0.76,0.7916666666666666,48.0,38.0
1,v5_tta_s0,2,0,False,0.7708333333333334,0.7708333333333334,48.0,37.0
1,v5_tta_s0,3,0,False,0.8865979381443299,0.8958333333333334,48.0,43.0
1,v5_tta_s0,4,0,True,0.03333333333333333,0.020833333333333332,48.0,1.0
1,v5_tta_s0,5,1,False,0.9195402298850575,0.8888888888888888,45.0,40.0
1,v5_tta_s0,6,1,False,0.6265060240963856,0.5416666666666666,48.0,26.0
1,v5_tta_s0,7,8,True,0.0,0.0,48.0,0.0
1,v5_tta_s0,8,1,False,0.75,0.8125,48.0,39.0
1,v5_tta_s0,9,1,False,0.75,0.6875,48.0,33.0
1,v5_tta_s0,10,1,False,0.27419354838709675,0.3541666666666667,48.0,17.0
1,v5_tta_s0,11,1,False,0.3561643835616438,0.2708333333333333,48.0,13.0
1,v5_tta_s0,12,8,True,0.0,0.0,48.0,0.0
1,v5_tta_s0,13,1,False,0.7708333333333334,0.7708333333333334,48.0,37.0
1,v5_tta_s0,14,1,False,0.7142857142857143,0.6382978723404256,47.0,30.0
1,v5_tta_s0,15,1,False,0.8347826086956521,1.0,48.0,48.0
1,v5_tta_s0,16,1,False,0.6666666666666666,0.7291666666666666,48.0,35.0
1,v5_tta_s0,17,1,False,0.5934065934065934,0.5625,48.0,27.0
1,v5_tta_s0,18,1,False,0.72,0.75,48.0,36.0
1,v5_tta_s0,19,1,False,0.45714285714285713,0.5,48.0,24.0
1,v5_tta_s0,20,2,False,0.5473684210526316,0.5416666666666666,48.0,26.0
1,v5_tta_s0,21,2,False,0.7692307692307693,0.9375,48.0,45.0
1,v5_tta_s0,22,2,True,0.44776119402985076,0.3125,48.0,15.0
1,v5_tta_s0,23,2,False,0.7291666666666666,0.7291666666666666,48.0,35.0
1,v5_tta_s0,24,2,False,0.7155963302752294,0.8125,48.0,39.0
1,v5_tta_s0,25,2,False,0.5,0.5,48.0,24.0
1,v5_tta_s0,26,2,False,0.9320388349514563,1.0,48.0,48.0
1,v5_tta_s0,27,2,False,0.6326530612244898,0.6458333333333334,48.0,31.0
1,v5_tta_s0,28,2,False,0.9787234042553191,0.9583333333333334,48.0,46.0
1,v5_tta_s0,29,2,False,0.7735849056603774,0.8541666666666666,48.0,41.0
1,v5_tta_s0,30,2,False,0.4482758620689655,0.5416666666666666,48.0,26.0
1,v5_tta_s0,31,2,False,0.9038461538461539,0.9791666666666666,48.0,47.0
1,v5_tta_s0,32,2,False,0.6486486486486487,0.5,48.0,24.0
1,v5_tta_s0,33,2,False,0.6190476190476191,0.5416666666666666,48.0,26.0
1,v5_tta_s0,34,3,False,0.6019417475728155,0.6458333333333334,48.0,31.0
1,v5_tta_s0,35,3,False,0.7758620689655172,0.9375,48.0,45.0
1,v5_tta_s0,36,3,False,0.8269230769230769,0.8958333333333334,48.0,43.0
1,v5_tta_s0,37,3,False,0.19718309859154928,0.14583333333333334,48.0,7.0
1,v5_tta_s0,38,3,True,0.0,0.0,48.0,0.0
1,v5_tta_s0,39,3,False,0.5252525252525253,0.5416666666666666,48.0,26.0
1,v5_tta_s0,40,3,False,0.5925925925925926,0.6666666666666666,48.0,32.0
1,v5_tta_s0,41,3,False,0.30303030303030304,0.3125,48.0,15.0
1,v5_tta_s0,42,3,False,0.2702702702702703,0.20833333333333334,48.0,10.0
1,v5_tta_s0,43,4,False,0.4098360655737705,0.5208333333333334,48.0,25.0
1,v5_tta_s0,44,4,False,0.6236559139784946,0.6041666666666666,48.0,29.0
1,v5_tta_s0,45,4,True,0.0,0.0,47.0,0.0
1,v5_tta_s0,46,4,False,0.273972602739726,0.20833333333333334,48.0,10.0
1,v5_tta_s0,47,4,False,0.8235294117647058,0.875,48.0,42.0
1,v5_tta_s0,48,4,False,0.9052631578947369,0.8958333333333334,48.0,43.0
1,v5_tta_s0,49,4,False,0.18604651162790697,0.16666666666666666,48.0,8.0
1,v5_tta_s0,50,4,False,0.968421052631579,0.9583333333333334,48.0,46.0
1,v5_tta_s0,51,4,False,0.125,0.125,48.0,6.0
1,v5_tta_s0,52,4,False,0.1414141414141414,0.14583333333333334,48.0,7.0
1,v5_tta_s0,53,4,False,0.8775510204081632,0.9347826086956522,46.0,43.0
1,v5_tta_s0,54,4,False,0.6956521739130435,0.6666666666666666,48.0,32.0
1,v5_tta_s0,55,4,False,0.6346153846153846,0.6875,48.0,33.0
1,v5_tta_s0,56,4,False,0.673469387755102,0.6875,48.0,33.0
1,v5_tta_s0,57,5,False,0.7070707070707071,0.7608695652173914,46.0,35.0
1,v5_tta_s0,58,5,False,0.6728971962616822,0.75,48.0,36.0
1,v5_tta_s0,59,5,True,0.2857142857142857,0.22916666666666666,48.0,11.0
1,v5_tta_s0,60,8,True,0.66,0.6875,48.0,33.0
1,v5_tta_s0,61,8,True,0.5063291139240507,0.4166666666666667,48.0,20.0
1,v5_tta_s0,62,5,False,0.6601941747572816,0.7083333333333334,48.0,34.0
1,v5_tta_s0,63,8,True,0.027777777777777776,0.020833333333333332,48.0,1.0
1,v5_tta_s0,64,5,True,0.34782608695652173,0.25,48.0,12.0
1,v5_tta_s0,65,5,True,0.06060606060606061,0.041666666666666664,48.0,2.0
1,v5_tta_s0,66,8,True,0.14893617021276595,0.14583333333333334,48.0,7.0
1,v5_tta_s0,67,5,False,0.8712871287128713,0.9166666666666666,48.0,44.0
1,v5_tta_s0,68,5,False,0.7049180327868853,0.8958333333333334,48.0,43.0
1,v5_tta_s0,69,5,False,0.4954128440366973,0.5625,48.0,27.0
1,v5_tta_s0,70,5,True,0.1,0.08333333333333333,48.0,4.0
1,v5_tta_s0,71,5,True,0.08450704225352113,0.0625,48.0,3.0
1,v5_tta_s0,72,6,False,0.7,0.7291666666666666,48.0,35.0
1,v5_tta_s0,73,6,False,0.3870967741935484,0.375,48.0,18.0
1,v5_tta_s0,74,6,False,0.7230769230769231,0.9791666666666666,48.0,47.0
1,v5_tta_s0,75,6,False,0.8440366972477065,0.9583333333333334,48.0,46.0
1,v5_tta_s0,76,6,False,0.7102803738317757,0.7916666666666666,48.0,38.0
1,v5_tta_s0,77,7,False,0.7959183673469388,0.8125,48.0,39.0
1,v5_tta_s0,78,8,True,0.8363636363636363,0.9583333333333334,48.0,46.0
1,v5_tta_s0,79,7,True,0.0,0.0,48.0,0.0
1,v5_tta_s0,80,7,False,0.38620689655172413,0.5833333333333334,48.0,28.0
1,v5_tta_s0,81,7,False,0.5370370370370371,0.6304347826086957,46.0,29.0
1,v5_tta_s0,82,8,False,0.7311827956989247,0.7083333333333334,48.0,34.0
1,v5_tta_s0,83,8,False,0.8,0.75,48.0,36.0
1,v5_tta_s0,84,8,False,0.65,0.5416666666666666,48.0,26.0
1,v5_tta_s0,85,8,False,0.8764044943820225,0.8125,48.0,39.0
1,v5_tta_s0,86,8,False,0.6326530612244898,0.6458333333333334,48.0,31.0
1,v5_tta_s0,87,8,False,0.7857142857142857,0.9166666666666666,48.0,44.0
1,v5_tta_s0,88,8,False,0.5555555555555556,0.7291666666666666,48.0,35.0
1,v5_tta_s0,89,8,False,0.7272727272727273,0.75,48.0,36.0
1,v5_tta_s1,0,0,False,0.3418803418803419,0.4166666666666667,48.0,20.0
1,v5_tta_s1,1,0,False,0.717391304347826,0.6875,48.0,33.0
1,v5_tta_s1,2,0,False,0.7956989247311828,0.7708333333333334,48.0,37.0
1,v5_tta_s1,3,0,False,0.8431372549019608,0.8958333333333334,48.0,43.0
1,v5_tta_s1,4,0,True,0.03333333333333333,0.020833333333333332,48.0,1.0
1,v5_tta_s1,5,1,False,0.9111111111111111,0.9111111111111111,45.0,41.0
1,v5_tta_s1,6,1,False,0.631578947368421,0.625,48.0,30.0
1,v5_tta_s1,7,8,True,0.0,0.0,48.0,0.0
1,v5_tta_s1,8,1,False,0.7222222222222222,0.8125,48.0,39.0
1,v5_tta_s1,9,1,False,0.8095238095238095,0.7083333333333334,48.0,34.0
1,v5_tta_s1,10,1,False,0.3541666666666667,0.3541666666666667,48.0,17.0
1,v5_tta_s1,11,1,False,0.47619047619047616,0.4166666666666667,48.0,20.0
1,v5_tta_s1,12,8,True,0.0,0.0,48.0,0.0
1,v5_tta_s1,13,1,False,0.7741935483870968,0.75,48.0,36.0
1,v5_tta_s1,14,1,False,0.6881720430107527,0.6808510638297872,47.0,32.0
1,v5_tta_s1,15,1,False,0.7272727272727273,0.9166666666666666,48.0,44.0
1,v5_tta_s1,16,1,False,0.7304347826086957,0.875,48.0,42.0
1,v5_tta_s1,17,1,False,0.6236559139784946,0.6041666666666666,48.0,29.0
1,v5_tta_s1,18,1,False,0.6981132075471698,0.7708333333333334,48.0,37.0
1,v5_tta_s1,19,1,False,0.5217391304347826,0.5,48.0,24.0
1,v5_tta_s1,20,2,False,0.5957446808510638,0.5833333333333334,48.0,28.0
1,v5_tta_s1,21,2,False,0.7241379310344828,0.875,48.0,42.0
1,v5_tta_s1,22,2,True,0.5411764705882353,0.4791666666666667,48.0,23.0
1,v5_tta_s1,23,2,False,0.7474747474747475,0.7708333333333334,48.0,37.0
1,v5_tta_s1,24,2,False,0.7787610619469026,0.9166666666666666,48.0,44.0
1,v5_tta_s1,25,2,False,0.5981308411214953,0.6666666666666666,48.0,32.0
1,v5_tta_s1,26,2,False,0.9142857142857143,1.0,48.0,48.0
1,v5_tta_s1,27,2,False,0.6511627906976745,0.5833333333333334,48.0,28.0
1,v5_tta_s1,28,2,False,0.9787234042553191,0.9583333333333334,48.0,46.0
1,v5_tta_s1,29,2,False,0.8518518518518519,0.9583333333333334,48.0,46.0
1,v5_tta_s1,30,2,False,0.4423076923076923,0.4791666666666667,48.0,23.0
1,v5_tta_s1,31,2,False,0.88,0.9166666666666666,48.0,44.0
1,v5_tta_s1,32,2,False,0.65,0.5416666666666666,48.0,26.0
1,v5_tta_s1,33,2,False,0.6382978723404256,0.625,48.0,30.0
1,v5_tta_s1,34,3,False,0.5660377358490566,0.625,48.0,30.0
1,v5_tta_s1,35,3,False,0.7368421052631579,0.875,48.0,42.0
1,v5_tta_s1,36,3,False,0.78,0.8125,48.0,39.0
1,v5_tta_s1,37,3,False,0.4691358024691358,0.3958333333333333,48.0,19.0
1,v5_tta_s1,38,3,True,0.0,0.0,48.0,0.0
1,v5_tta_s1,39,3,False,0.6304347826086957,0.6041666666666666,48.0,29.0
1,v5_tta_s1,40,3,False,0.7755102040816326,0.7916666666666666,48.0,38.0
1,v5_tta_s1,41,3,False,0.3146067415730337,0.2916666666666667,48.0,14.0
1,v5_tta_s1,42,3,False,0.46956521739130436,0.5625,48.0,27.0
1,v5_tta_s1,43,4,False,0.3937007874015748,0.5208333333333334,48.0,25.0
1,v5_tta_s1,44,4,False,0.5934065934065934,0.5625,48.0,27.0
1,v5_tta_s1,45,4,True,0.0,0.0,47.0,0.0
1,v5_tta_s1,46,4,False,0.3611111111111111,0.2708333333333333,48.0,13.0
1,v5_tta_s1,47,4,False,0.7889908256880734,0.8958333333333334,48.0,43.0
1,v5_tta_s1,48,4,False,0.8627450980392157,0.9166666666666666,48.0,44.0
1,v5_tta_s1,49,4,False,0.07692307692307693,0.08333333333333333,48.0,4.0
1,v5_tta_s1,50,4,False,0.9583333333333334,0.9583333333333334,48.0,46.0
1,v5_tta_s1,51,4,False,0.06593406593406594,0.0625,48.0,3.0
1,v5_tta_s1,52,4,False,0.12244897959183673,0.125,48.0,6.0
1,v5_tta_s1,53,4,False,0.9,0.9782608695652174,46.0,45.0
1,v5_tta_s1,54,4,False,0.6,0.5625,48.0,27.0
1,v5_tta_s1,55,4,False,0.6236559139784946,0.6041666666666666,48.0,29.0
1,v5_tta_s1,56,4,False,0.75,0.75,48.0,36.0
1,v5_tta_s1,57,5,False,0.7865168539325843,0.7608695652173914,46.0,35.0
1,v5_tta_s1,58,5,False,0.7450980392156863,0.7916666666666666,48.0,38.0
1,v5_tta_s1,59,5,True,0.3170731707317073,0.2708333333333333,48.0,13.0
1,v5_tta_s1,60,8,True,0.6538461538461539,0.7083333333333334,48.0,34.0
1,v5_tta_s1,61,8,True,0.4057971014492754,0.2916666666666667,48.0,14.0
1,v5_tta_s1,62,5,False,0.7058823529411765,0.75,48.0,36.0
1,v5_tta_s1,63,8,True,0.10810810810810811,0.08333333333333333,48.0,4.0
1,v5_tta_s1,64,5,True,0.46153846153846156,0.375,48.0,18.0
1,v5_tta_s1,65,5,True,0.18461538461538463,0.125,48.0,6.0
1,v5_tta_s1,66,8,True,0.0898876404494382,0.08333333333333333,48.0,4.0
1,v5_tta_s1,67,5,False,0.8316831683168316,0.875,48.0,42.0
1,v5_tta_s1,68,5,False,0.7766990291262136,0.8333333333333334,48.0,40.0
1,v5_tta_s1,69,5,False,0.32,0.3333333333333333,48.0,16.0
1,v5_tta_s1,70,5,True,0.09195402298850575,0.08333333333333333,48.0,4.0
1,v5_tta_s1,71,5,True,0.057971014492753624,0.041666666666666664,48.0,2.0
1,v5_tta_s1,72,6,False,0.7307692307692307,0.7916666666666666,48.0,38.0
1,v5_tta_s1,73,6,False,0.5360824742268041,0.5416666666666666,48.0,26.0
1,v5_tta_s1,74,6,False,0.647887323943662,0.9583333333333334,48.0,46.0
1,v5_tta_s1,75,6,False,0.8333333333333334,0.9375,48.0,45.0
1,v5_tta_s1,76,6,False,0.7912087912087912,0.75,48.0,36.0
1,v5_tta_s1,77,7,False,0.723404255319149,0.7083333333333334,48.0,34.0
1,v5_tta_s1,78,8,True,0.7894736842105263,0.9375,48.0,45.0
1,v5_tta_s1,79,7,True,0.0,0.0,48.0,0.0
1,v5_tta_s1,80,7,False,0.4806201550387597,0.6458333333333334,48.0,31.0
1,v5_tta_s1,81,7,False,0.5203252032520326,0.6956521739130435,46.0,32.0
1,v5_tta_s1,82,8,False,0.75,0.75,48.0,36.0
1,v5_tta_s1,83,8,False,0.8444444444444444,0.7916666666666666,48.0,38.0
1,v5_tta_s1,84,8,False,0.5783132530120482,0.5,48.0,24.0
1,v5_tta_s1,85,8,False,0.9032258064516129,0.875,48.0,42.0
1,v5_tta_s1,86,8,False,0.5979381443298969,0.6041666666666666,48.0,29.0
1,v5_tta_s1,87,8,False,0.8113207547169812,0.8958333333333334,48.0,43.0
1,v5_tta_s1,88,8,False,0.556390977443609,0.7708333333333334,48.0,37.0
1,v5_tta_s1,89,8,False,0.8314606741573034,0.7708333333333334,48.0,37.0
1,v5_tta_s2,0,0,False,0.3269230769230769,0.3541666666666667,48.0,17.0
1,v5_tta_s2,1,0,False,0.76,0.7916666666666666,48.0,38.0
1,v5_tta_s2,2,0,False,0.7,0.7291666666666666,48.0,35.0
1,v5_tta_s2,3,0,False,0.8631578947368421,0.8541666666666666,48.0,41.0
1,v5_tta_s2,4,0,True,0.03125,0.020833333333333332,48.0,1.0
1,v5_tta_s2,5,1,False,0.9111111111111111,0.9111111111111111,45.0,41.0
1,v5_tta_s2,6,1,False,0.7045454545454546,0.6458333333333334,48.0,31.0
1,v5_tta_s2,7,8,True,0.0,0.0,48.0,0.0
1,v5_tta_s2,8,1,False,0.8163265306122449,0.8333333333333334,48.0,40.0
1,v5_tta_s2,9,1,False,0.8222222222222222,0.7708333333333334,48.0,37.0
1,v5_tta_s2,10,1,False,0.3018867924528302,0.3333333333333333,48.0,16.0
1,v5_tta_s2,11,1,False,0.26865671641791045,0.1875,48.0,9.0
1,v5_tta_s2,12,8,True,0.0,0.0,48.0,0.0
1,v5_tta_s2,13,1,False,0.7916666666666666,0.7916666666666666,48.0,38.0
1,v5_tta_s2,14,1,False,0.782608695652174,0.7659574468085106,47.0,36.0
1,v5_tta_s2,15,1,False,0.7804878048780488,1.0,48.0,48.0
1,v5_tta_s2,16,1,False,0.7115384615384616,0.7708333333333334,48.0,37.0
1,v5_tta_s2,17,1,False,0.5542168674698795,0.4791666666666667,48.0,23.0
1,v5_tta_s2,18,1,False,0.7326732673267327,0.7708333333333334,48.0,37.0
1,v5_tta_s2,19,1,False,0.4909090909090909,0.5625,48.0,27.0
1,v5_tta_s2,20,2,False,0.5393258426966292,0.5,48.0,24.0
1,v5_tta_s2,21,2,False,0.7563025210084033,0.9375,48.0,45.0
1,v5_tta_s2,22,2,True,0.6341463414634146,0.5416666666666666,48.0,26.0
1,v5_tta_s2,23,2,False,0.78,0.8125,48.0,39.0
1,v5_tta_s2,24,2,False,0.7407407407407407,0.8333333333333334,48.0,40.0
1,v5_tta_s2,25,2,False,0.5777777777777777,0.5416666666666666,48.0,26.0
1,v5_tta_s2,26,2,False,0.9108910891089109,0.9583333333333334,48.0,46.0
1,v5_tta_s2,27,2,False,0.5806451612903226,0.5625,48.0,27.0
1,v5_tta_s2,28,2,False,0.9787234042553191,0.9583333333333334,48.0,46.0
1,v5_tta_s2,29,2,False,0.803921568627451,0.8541666666666666,48.0,41.0
1,v5_tta_s2,30,2,False,0.37037037037037035,0.4166666666666667,48.0,20.0
1,v5_tta_s2,31,2,False,0.9215686274509803,0.9791666666666666,48.0,47.0
1,v5_tta_s2,32,2,False,0.6388888888888888,0.4791666666666667,48.0,23.0
1,v5_tta_s2,33,2,False,0.5825242718446602,0.625,48.0,30.0
1,v5_tta_s2,34,3,False,0.6037735849056604,0.6666666666666666,48.0,32.0
1,v5_tta_s2,35,3,False,0.782608695652174,0.9375,48.0,45.0
1,v5_tta_s2,36,3,False,0.8297872340425532,0.8125,48.0,39.0
1,v5_tta_s2,37,3,False,0.3055555555555556,0.22916666666666666,48.0,11.0
1,v5_tta_s2,38,3,True,0.0,0.0,48.0,0.0
1,v5_tta_s2,39,3,False,0.6122448979591837,0.625,48.0,30.0
1,v5_tta_s2,40,3,False,0.7524752475247525,0.7916666666666666,48.0,38.0
1,v5_tta_s2,41,3,False,0.2692307692307692,0.2916666666666667,48.0,14.0
1,v5_tta_s2,42,3,False,0.4536082474226804,0.4583333333333333,48.0,22.0
1,v5_tta_s2,43,4,False,0.3795620437956204,0.5416666666666666,48.0,26.0
1,v5_tta_s2,44,4,False,0.5904761904761905,0.6458333333333334,48.0,31.0
1,v5_tta_s2,45,4,True,0.0,0.0,47.0,0.0
1,v5_tta_s2,46,4,False,0.273972602739726,0.20833333333333334,48.0,10.0
1,v5_tta_s2,47,4,False,0.82,0.8541666666666666,48.0,41.0
1,v5_tta_s2,48,4,False,0.9052631578947369,0.8958333333333334,48.0,43.0
1,v5_tta_s2,49,4,False,0.09900990099009901,0.10416666666666667,48.0,5.0
1,v5_tta_s2,50,4,False,0.8979591836734694,0.9166666666666666,48.0,44.0
1,v5_tta_s2,51,4,False,0.058823529411764705,0.0625,48.0,3.0
1,v5_tta_s2,52,4,False,0.05,0.0625,48.0,3.0
1,v5_tta_s2,53,4,False,0.875,0.9130434782608695,46.0,42.0
1,v5_tta_s2,54,4,False,0.6813186813186813,0.6458333333333334,48.0,31.0
1,v5_tta_s2,55,4,False,0.6336633663366337,0.6666666666666666,48.0,32.0
1,v5_tta_s2,56,4,False,0.7070707070707071,0.7291666666666666,48.0,35.0
1,v5_tta_s2,57,5,False,0.7872340425531915,0.8043478260869565,46.0,37.0
1,v5_tta_s2,58,5,False,0.6915887850467289,0.7708333333333334,48.0,37.0
1,v5_tta_s2,59,5,True,0.27184466019417475,0.2916666666666667,48.0,14.0
1,v5_tta_s2,60,8,True,0.6464646464646465,0.6666666666666666,48.0,32.0
1,v5_tta_s2,61,8,True,0.3188405797101449,0.22916666666666666,48.0,11.0
1,v5_tta_s2,62,5,False,0.7207207207207207,0.8333333333333334,48.0,40.0
1,v5_tta_s2,63,8,True,0.02857142857142857,0.020833333333333332,48.0,1.0
1,v5_tta_s2,64,5,True,0.39080459770114945,0.3541666666666667,48.0,17.0
1,v5_tta_s2,65,5,True,0.11764705882352941,0.08333333333333333,48.0,4.0
1,v5_tta_s2,66,8,True,0.1590909090909091,0.14583333333333334,48.0,7.0
1,v5_tta_s2,67,5,False,0.8380952380952381,0.9166666666666666,48.0,44.0
1,v5_tta_s2,68,5,False,0.82,0.8541666666666666,48.0,41.0
1,v5_tta_s2,69,5,False,0.3695652173913043,0.3541666666666667,48.0,17.0
1,v5_tta_s2,70,5,True,0.05405405405405406,0.041666666666666664,48.0,2.0
1,v5_tta_s2,71,5,True,0.02631578947368421,0.020833333333333332,48.0,1.0
1,v5_tta_s2,72,6,False,0.7070707070707071,0.7291666666666666,48.0,35.0
1,v5_tta_s2,73,6,False,0.5416666666666666,0.5416666666666666,48.0,26.0
1,v5_tta_s2,74,6,False,0.6865671641791045,0.9583333333333334,48.0,46.0
1,v5_tta_s2,75,6,False,0.8518518518518519,0.9583333333333334,48.0,46.0
1,v5_tta_s2,76,6,False,0.7619047619047619,0.8333333333333334,48.0,40.0
1,v5_tta_s2,77,7,False,0.8351648351648352,0.7916666666666666,48.0,38.0
1,v5_tta_s2,78,8,True,0.7924528301886793,0.875,48.0,42.0
1,v5_tta_s2,79,7,True,0.0,0.0,48.0,0.0
1,v5_tta_s2,80,7,False,0.42857142857142855,0.5,48.0,24.0
1,v5_tta_s2,81,7,False,0.48333333333333334,0.6304347826086957,46.0,29.0
1,v5_tta_s2,82,8,False,0.735632183908046,0.6666666666666666,48.0,32.0
1,v5_tta_s2,83,8,False,0.691358024691358,0.5833333333333334,48.0,28.0
1,v5_tta_s2,84,8,False,0.6976744186046512,0.625,48.0,30.0
1,v5_tta_s2,85,8,False,0.9130434782608695,0.875,48.0,42.0
1,v5_tta_s2,86,8,False,0.5434782608695652,0.5208333333333334,48.0,25.0
1,v5_tta_s2,87,8,False,0.7706422018348624,0.875,48.0,42.0
1,v5_tta_s2,88,8,False,0.5528455284552846,0.7083333333333334,48.0,34.0
1,v5_tta_s2,89,8,False,0.7115384615384616,0.7708333333333334,48.0,37.0
1,fusion_v5_equal_s0,0,0,False,0.3783783783783784,0.4375,48.0,21.0
1,fusion_v5_equal_s0,1,0,False,0.8421052631578947,0.8333333333333334,48.0,40.0
1,fusion_v5_equal_s0,2,0,False,0.8817204301075269,0.8541666666666666,48.0,41.0
1,fusion_v5_equal_s0,3,0,False,0.84,0.875,48.0,42.0
1,fusion_v5_equal_s0,4,0,True,0.2153846153846154,0.14583333333333334,48.0,7.0
1,fusion_v5_equal_s0,5,1,False,0.8842105263157894,0.9333333333333333,45.0,42.0
1,fusion_v5_equal_s0,6,1,False,0.5714285714285714,0.4583333333333333,48.0,22.0
1,fusion_v5_equal_s0,7,8,True,0.0,0.0,48.0,0.0
1,fusion_v5_equal_s0,8,1,False,0.88,0.9166666666666666,48.0,44.0
1,fusion_v5_equal_s0,9,1,False,0.7789473684210526,0.7708333333333334,48.0,37.0
1,fusion_v5_equal_s0,10,1,False,0.3090909090909091,0.3541666666666667,48.0,17.0
1,fusion_v5_equal_s0,11,1,False,0.43037974683544306,0.3541666666666667,48.0,17.0
1,fusion_v5_equal_s0,12,8,True,0.09876543209876543,0.08333333333333333,48.0,4.0
1,fusion_v5_equal_s0,13,1,False,0.7741935483870968,0.75,48.0,36.0
1,fusion_v5_equal_s0,14,1,False,0.7441860465116279,0.6808510638297872,47.0,32.0
1,fusion_v5_equal_s0,15,1,False,0.8823529411764706,0.9375,48.0,45.0
1,fusion_v5_equal_s0,16,1,False,0.6846846846846847,0.7916666666666666,48.0,38.0
1,fusion_v5_equal_s0,17,1,False,0.6666666666666666,0.625,48.0,30.0
1,fusion_v5_equal_s0,18,1,False,0.7428571428571429,0.8125,48.0,39.0
1,fusion_v5_equal_s0,19,1,False,0.5272727272727272,0.6041666666666666,48.0,29.0
1,fusion_v5_equal_s0,20,2,False,0.6153846153846154,0.5833333333333334,48.0,28.0
1,fusion_v5_equal_s0,21,2,False,0.7368421052631579,0.875,48.0,42.0
1,fusion_v5_equal_s0,22,2,True,0.625,0.5208333333333334,48.0,25.0
1,fusion_v5_equal_s0,23,2,False,0.8314606741573034,0.7708333333333334,48.0,37.0
1,fusion_v5_equal_s0,24,2,False,0.8,0.9166666666666666,48.0,44.0
1,fusion_v5_equal_s0,25,2,False,0.5567010309278351,0.5625,48.0,27.0
1,fusion_v5_equal_s0,26,2,False,0.9795918367346939,1.0,48.0,48.0
1,fusion_v5_equal_s0,27,2,False,0.6736842105263158,0.6666666666666666,48.0,32.0
1,fusion_v5_equal_s0,28,2,False,0.968421052631579,0.9583333333333334,48.0,46.0
1,fusion_v5_equal_s0,29,2,False,0.8041237113402062,0.8125,48.0,39.0
1,fusion_v5_equal_s0,30,2,False,0.4,0.4375,48.0,21.0
1,fusion_v5_equal_s0,31,2,False,0.9,0.9375,48.0,45.0
1,fusion_v5_equal_s0,32,2,False,0.5974025974025974,0.4791666666666667,48.0,23.0
1,fusion_v5_equal_s0,33,2,False,0.5684210526315789,0.5625,48.0,27.0
1,fusion_v5_equal_s0,34,3,False,0.6153846153846154,0.6666666666666666,48.0,32.0
1,fusion_v5_equal_s0,35,3,False,0.7927927927927928,0.9166666666666666,48.0,44.0
1,fusion_v5_equal_s0,36,3,False,0.8461538461538461,0.9166666666666666,48.0,44.0
1,fusion_v5_equal_s0,37,3,False,0.36585365853658536,0.3125,48.0,15.0
1,fusion_v5_equal_s0,38,3,True,0.0,0.0,48.0,0.0
1,fusion_v5_equal_s0,39,3,False,0.6526315789473685,0.6458333333333334,48.0,31.0
1,fusion_v5_equal_s0,40,3,False,0.6923076923076923,0.75,48.0,36.0
1,fusion_v5_equal_s0,41,3,False,0.3595505617977528,0.3333333333333333,48.0,16.0
1,fusion_v5_equal_s0,42,3,False,0.5853658536585366,0.5,48.0,24.0
1,fusion_v5_equal_s0,43,4,False,0.5692307692307692,0.7708333333333334,48.0,37.0
1,fusion_v5_equal_s0,44,4,False,0.7474747474747475,0.7708333333333334,48.0,37.0
1,fusion_v5_equal_s0,45,4,True,0.03773584905660377,0.02127659574468085,47.0,1.0
1,fusion_v5_equal_s0,46,4,False,0.475,0.3958333333333333,48.0,19.0
1,fusion_v5_equal_s0,47,4,False,0.8514851485148515,0.8958333333333334,48.0,43.0
1,fusion_v5_equal_s0,48,4,False,0.9375,0.9375,48.0,45.0
1,fusion_v5_equal_s0,49,4,False,0.18823529411764706,0.16666666666666666,48.0,8.0
1,fusion_v5_equal_s0,50,4,False,0.92,0.9583333333333334,48.0,46.0
1,fusion_v5_equal_s0,51,4,False,0.20202020202020202,0.20833333333333334,48.0,10.0
1,fusion_v5_equal_s0,52,4,False,0.24489795918367346,0.25,48.0,12.0
1,fusion_v5_equal_s0,53,4,False,0.9019607843137255,1.0,46.0,46.0
1,fusion_v5_equal_s0,54,4,False,0.7142857142857143,0.7291666666666666,48.0,35.0
1,fusion_v5_equal_s0,55,4,False,0.6666666666666666,0.7083333333333334,48.0,34.0
1,fusion_v5_equal_s0,56,4,False,0.6476190476190476,0.7083333333333334,48.0,34.0
1,fusion_v5_equal_s0,57,5,False,0.7916666666666666,0.8260869565217391,46.0,38.0
1,fusion_v5_equal_s0,58,5,False,0.6964285714285714,0.8125,48.0,39.0
1,fusion_v5_equal_s0,59,5,True,0.2898550724637681,0.20833333333333334,48.0,10.0
1,fusion_v5_equal_s0,60,8,True,0.6236559139784946,0.6041666666666666,48.0,29.0
1,fusion_v5_equal_s0,61,8,True,0.2857142857142857,0.20833333333333334,48.0,10.0
1,fusion_v5_equal_s0,62,5,False,0.660377358490566,0.7291666666666666,48.0,35.0
1,fusion_v5_equal_s0,63,8,True,0.08823529411764706,0.0625,48.0,3.0
1,fusion_v5_equal_s0,64,5,True,0.2222222222222222,0.14583333333333334,48.0,7.0
1,fusion_v5_equal_s0,65,5,True,0.027777777777777776,0.020833333333333332,48.0,1.0
1,fusion_v5_equal_s0,66,8,True,0.13636363636363635,0.125,48.0,6.0
1,fusion_v5_equal_s0,67,5,False,0.8910891089108911,0.9375,48.0,45.0
1,fusion_v5_equal_s0,68,5,False,0.9,0.9375,48.0,45.0
1,fusion_v5_equal_s0,69,5,False,0.7368421052631579,0.875,48.0,42.0
1,fusion_v5_equal_s0,70,5,True,0.075,0.0625,48.0,3.0
1,fusion_v5_equal_s0,71,5,True,0.06741573033707865,0.0625,48.0,3.0
1,fusion_v5_equal_s0,72,6,False,0.7547169811320755,0.8333333333333334,48.0,40.0
1,fusion_v5_equal_s0,73,6,False,0.4222222222222222,0.3958333333333333,48.0,19.0
1,fusion_v5_equal_s0,74,6,False,0.7619047619047619,1.0,48.0,48.0
1,fusion_v5_equal_s0,75,6,False,0.8380952380952381,0.9166666666666666,48.0,44.0
1,fusion_v5_equal_s0,76,6,False,0.7843137254901961,0.8333333333333334,48.0,40.0
1,fusion_v5_equal_s0,77,7,False,0.8316831683168316,0.875,48.0,42.0
1,fusion_v5_equal_s0,78,8,True,0.7238095238095238,0.7916666666666666,48.0,38.0
1,fusion_v5_equal_s0,79,7,True,0.20689655172413793,0.125,48.0,6.0
1,fusion_v5_equal_s0,80,7,False,0.45588235294117646,0.6458333333333334,48.0,31.0
1,fusion_v5_equal_s0,81,7,False,0.5504587155963303,0.6521739130434783,46.0,30.0
1,fusion_v5_equal_s0,82,8,False,0.7441860465116279,0.6666666666666666,48.0,32.0
1,fusion_v5_equal_s0,83,8,False,0.9166666666666666,0.9166666666666666,48.0,44.0
1,fusion_v5_equal_s0,84,8,False,0.6818181818181818,0.625,48.0,30.0
1,fusion_v5_equal_s0,85,8,False,0.8411214953271028,0.9375,48.0,45.0
1,fusion_v5_equal_s0,86,8,False,0.7735849056603774,0.8541666666666666,48.0,41.0
1,fusion_v5_equal_s0,87,8,False,0.8392857142857143,0.9791666666666666,48.0,47.0
1,fusion_v5_equal_s0,88,8,False,0.5373134328358209,0.75,48.0,36.0
1,fusion_v5_equal_s0,89,8,False,0.7610619469026548,0.8958333333333334,48.0,43.0
1,fusion_v5_equal_s1,0,0,False,0.4117647058823529,0.4375,48.0,21.0
1,fusion_v5_equal_s1,1,0,False,0.7789473684210526,0.7708333333333334,48.0,37.0
1,fusion_v5_equal_s1,2,0,False,0.9052631578947369,0.8958333333333334,48.0,43.0
1,fusion_v5_equal_s1,3,0,False,0.8282828282828283,0.8541666666666666,48.0,41.0
1,fusion_v5_equal_s1,4,0,True,0.21212121212121213,0.14583333333333334,48.0,7.0
1,fusion_v5_equal_s1,5,1,False,0.8571428571428571,0.9333333333333333,45.0,42.0
1,fusion_v5_equal_s1,6,1,False,0.6329113924050633,0.5208333333333334,48.0,25.0
1,fusion_v5_equal_s1,7,8,True,0.0,0.0,48.0,0.0
1,fusion_v5_equal_s1,8,1,False,0.8155339805825242,0.875,48.0,42.0
1,fusion_v5_equal_s1,9,1,False,0.8131868131868132,0.7708333333333334,48.0,37.0
1,fusion_v5_equal_s1,10,1,False,0.34782608695652173,0.3333333333333333,48.0,16.0
1,fusion_v5_equal_s1,11,1,False,0.4878048780487805,0.4166666666666667,48.0,20.0
1,fusion_v5_equal_s1,12,8,True,0.15,0.125,48.0,6.0
1,fusion_v5_equal_s1,13,1,False,0.8045977011494253,0.7291666666666666,48.0,35.0
1,fusion_v5_equal_s1,14,1,False,0.7032967032967034,0.6808510638297872,47.0,32.0
1,fusion_v5_equal_s1,15,1,False,0.8932038834951457,0.9583333333333334,48.0,46.0
1,fusion_v5_equal_s1,16,1,False,0.7,0.875,48.0,42.0
1,fusion_v5_equal_s1,17,1,False,0.7021276595744681,0.6875,48.0,33.0
1,fusion_v5_equal_s1,18,1,False,0.7572815533980582,0.8125,48.0,39.0
1,fusion_v5_equal_s1,19,1,False,0.5242718446601942,0.5625,48.0,27.0
1,fusion_v5_equal_s1,20,2,False,0.6736842105263158,0.6666666666666666,48.0,32.0
1,fusion_v5_equal_s1,21,2,False,0.7222222222222222,0.8125,48.0,39.0
1,fusion_v5_equal_s1,22,2,True,0.6436781609195402,0.5833333333333334,48.0,28.0
1,fusion_v5_equal_s1,23,2,False,0.7619047619047619,0.8333333333333334,48.0,40.0
1,fusion_v5_equal_s1,24,2,False,0.8141592920353983,0.9583333333333334,48.0,46.0
1,fusion_v5_equal_s1,25,2,False,0.6732673267326733,0.7083333333333334,48.0,34.0
1,fusion_v5_equal_s1,26,2,False,0.96,1.0,48.0,48.0
1,fusion_v5_equal_s1,27,2,False,0.6588235294117647,0.5833333333333334,48.0,28.0
1,fusion_v5_equal_s1,28,2,False,0.968421052631579,0.9583333333333334,48.0,46.0
1,fusion_v5_equal_s1,29,2,False,0.8282828282828283,0.8541666666666666,48.0,41.0
1,fusion_v5_equal_s1,30,2,False,0.45098039215686275,0.4791666666666667,48.0,23.0
1,fusion_v5_equal_s1,31,2,False,0.88,0.9166666666666666,48.0,44.0
1,fusion_v5_equal_s1,32,2,False,0.6419753086419753,0.5416666666666666,48.0,26.0
1,fusion_v5_equal_s1,33,2,False,0.6530612244897959,0.6666666666666666,48.0,32.0
1,fusion_v5_equal_s1,34,3,False,0.6285714285714286,0.6875,48.0,33.0
1,fusion_v5_equal_s1,35,3,False,0.819047619047619,0.8958333333333334,48.0,43.0
1,fusion_v5_equal_s1,36,3,False,0.8627450980392157,0.9166666666666666,48.0,44.0
1,fusion_v5_equal_s1,37,3,False,0.5319148936170213,0.5208333333333334,48.0,25.0
1,fusion_v5_equal_s1,38,3,True,0.0,0.0,48.0,0.0
1,fusion_v5_equal_s1,39,3,False,0.7311827956989247,0.7083333333333334,48.0,34.0
1,fusion_v5_equal_s1,40,3,False,0.803921568627451,0.8541666666666666,48.0,41.0
1,fusion_v5_equal_s1,41,3,False,0.3023255813953488,0.2708333333333333,48.0,13.0
1,fusion_v5_equal_s1,42,3,False,0.5789473684210527,0.6875,48.0,33.0
1,fusion_v5_equal_s1,43,4,False,0.5547445255474452,0.7916666666666666,48.0,38.0
1,fusion_v5_equal_s1,44,4,False,0.7346938775510204,0.75,48.0,36.0
1,fusion_v5_equal_s1,45,4,True,0.037037037037037035,0.02127659574468085,47.0,1.0
1,fusion_v5_equal_s1,46,4,False,0.4864864864864865,0.375,48.0,18.0
1,fusion_v5_equal_s1,47,4,False,0.8910891089108911,0.9375,48.0,45.0
1,fusion_v5_equal_s1,48,4,False,0.9019607843137255,0.9583333333333334,48.0,46.0
1,fusion_v5_equal_s1,49,4,False,0.16494845360824742,0.16666666666666666,48.0,8.0
1,fusion_v5_equal_s1,50,4,False,0.94,0.9791666666666666,48.0,47.0
1,fusion_v5_equal_s1,51,4,False,0.16470588235294117,0.14583333333333334,48.0,7.0
1,fusion_v5_equal_s1,52,4,False,0.23529411764705882,0.25,48.0,12.0
1,fusion_v5_equal_s1,53,4,False,0.8761904761904762,1.0,46.0,46.0
1,fusion_v5_equal_s1,54,4,False,0.6947368421052632,0.6875,48.0,33.0
1,fusion_v5_equal_s1,55,4,False,0.6666666666666666,0.6666666666666666,48.0,32.0
1,fusion_v5_equal_s1,56,4,False,0.6981132075471698,0.7708333333333334,48.0,37.0
1,fusion_v5_equal_s1,57,5,False,0.8275862068965517,0.782608695652174,46.0,36.0
1,fusion_v5_equal_s1,58,5,False,0.7289719626168224,0.8125,48.0,39.0
1,fusion_v5_equal_s1,59,5,True,0.3287671232876712,0.25,48.0,12.0
1,fusion_v5_equal_s1,60,8,True,0.6326530612244898,0.6458333333333334,48.0,31.0
1,fusion_v5_equal_s1,61,8,True,0.19047619047619047,0.125,48.0,6.0
1,fusion_v5_equal_s1,62,5,False,0.7222222222222222,0.8125,48.0,39.0
1,fusion_v5_equal_s1,63,8,True,0.08571428571428572,0.0625,48.0,3.0
1,fusion_v5_equal_s1,64,5,True,0.29411764705882354,0.20833333333333334,48.0,10.0
1,fusion_v5_equal_s1,65,5,True,0.14457831325301204,0.125,48.0,6.0
1,fusion_v5_equal_s1,66,8,True,0.13953488372093023,0.125,48.0,6.0
1,fusion_v5_equal_s1,67,5,False,0.9,0.9375,48.0,45.0
1,fusion_v5_equal_s1,68,5,False,0.9375,0.9375,48.0,45.0
1,fusion_v5_equal_s1,69,5,False,0.6095238095238096,0.6666666666666666,48.0,32.0
1,fusion_v5_equal_s1,70,5,True,0.09411764705882353,0.08333333333333333,48.0,4.0
1,fusion_v5_equal_s1,71,5,True,0.023809523809523808,0.020833333333333332,48.0,1.0
1,fusion_v5_equal_s1,72,6,False,0.7567567567567568,0.875,48.0,42.0
1,fusion_v5_equal_s1,73,6,False,0.5287356321839081,0.4791666666666667,48.0,23.0
1,fusion_v5_equal_s1,74,6,False,0.7401574803149606,0.9791666666666666,48.0,47.0
1,fusion_v5_equal_s1,75,6,False,0.8148148148148148,0.9166666666666666,48.0,44.0
1,fusion_v5_equal_s1,76,6,False,0.7755102040816326,0.7916666666666666,48.0,38.0
1,fusion_v5_equal_s1,77,7,False,0.7551020408163265,0.7708333333333334,48.0,37.0
1,fusion_v5_equal_s1,78,8,True,0.6862745098039216,0.7291666666666666,48.0,35.0
1,fusion_v5_equal_s1,79,7,True,0.23728813559322035,0.14583333333333334,48.0,7.0
1,fusion_v5_equal_s1,80,7,False,0.5042016806722689,0.625,48.0,30.0
1,fusion_v5_equal_s1,81,7,False,0.5357142857142857,0.6521739130434783,46.0,30.0
1,fusion_v5_equal_s1,82,8,False,0.7872340425531915,0.7708333333333334,48.0,37.0
1,fusion_v5_equal_s1,83,8,False,0.9263157894736842,0.9166666666666666,48.0,44.0
1,fusion_v5_equal_s1,84,8,False,0.6436781609195402,0.5833333333333334,48.0,28.0
1,fusion_v5_equal_s1,85,8,False,0.8490566037735849,0.9375,48.0,45.0
1,fusion_v5_equal_s1,86,8,False,0.8076923076923077,0.875,48.0,42.0
1,fusion_v5_equal_s1,87,8,False,0.8627450980392157,0.9166666666666666,48.0,44.0
1,fusion_v5_equal_s1,88,8,False,0.5255474452554745,0.75,48.0,36.0
1,fusion_v5_equal_s1,89,8,False,0.7857142857142857,0.9166666666666666,48.0,44.0
1,fusion_v5_equal_s2,0,0,False,0.38,0.3958333333333333,48.0,19.0
1,fusion_v5_equal_s2,1,0,False,0.8118811881188119,0.8541666666666666,48.0,41.0
1,fusion_v5_equal_s2,2,0,False,0.875,0.875,48.0,42.0
1,fusion_v5_equal_s2,3,0,False,0.8316831683168316,0.875,48.0,42.0
1,fusion_v5_equal_s2,4,0,True,0.18461538461538463,0.125,48.0,6.0
1,fusion_v5_equal_s2,5,1,False,0.8865979381443299,0.9555555555555556,45.0,43.0
1,fusion_v5_equal_s2,6,1,False,0.6153846153846154,0.5,48.0,24.0
1,fusion_v5_equal_s2,7,8,True,0.0,0.0,48.0,0.0
1,fusion_v5_equal_s2,8,1,False,0.8571428571428571,0.8125,48.0,39.0
1,fusion_v5_equal_s2,9,1,False,0.7872340425531915,0.7708333333333334,48.0,37.0
1,fusion_v5_equal_s2,10,1,False,0.31683168316831684,0.3333333333333333,48.0,16.0
1,fusion_v5_equal_s2,11,1,False,0.3466666666666667,0.2708333333333333,48.0,13.0
1,fusion_v5_equal_s2,12,8,True,0.12987012987012986,0.10416666666666667,48.0,5.0
1,fusion_v5_equal_s2,13,1,False,0.7755102040816326,0.7916666666666666,48.0,38.0
1,fusion_v5_equal_s2,14,1,False,0.7640449438202247,0.723404255319149,47.0,34.0
1,fusion_v5_equal_s2,15,1,False,0.8598130841121495,0.9583333333333334,48.0,46.0
1,fusion_v5_equal_s2,16,1,False,0.7272727272727273,0.8333333333333334,48.0,40.0
1,fusion_v5_equal_s2,17,1,False,0.6521739130434783,0.625,48.0,30.0
1,fusion_v5_equal_s2,18,1,False,0.7843137254901961,0.8333333333333334,48.0,40.0
1,fusion_v5_equal_s2,19,1,False,0.5391304347826087,0.6458333333333334,48.0,31.0
1,fusion_v5_equal_s2,20,2,False,0.651685393258427,0.6041666666666666,48.0,29.0
1,fusion_v5_equal_s2,21,2,False,0.7368421052631579,0.875,48.0,42.0
1,fusion_v5_equal_s2,22,2,True,0.7126436781609196,0.6458333333333334,48.0,31.0
1,fusion_v5_equal_s2,23,2,False,0.8297872340425532,0.8125,48.0,39.0
1,fusion_v5_equal_s2,24,2,False,0.7567567567567568,0.875,48.0,42.0
1,fusion_v5_equal_s2,25,2,False,0.6153846153846154,0.5833333333333334,48.0,28.0
1,fusion_v5_equal_s2,26,2,False,0.96,1.0,48.0,48.0
1,fusion_v5_equal_s2,27,2,False,0.6046511627906976,0.5416666666666666,48.0,26.0
1,fusion_v5_equal_s2,28,2,False,0.968421052631579,0.9583333333333334,48.0,46.0
1,fusion_v5_equal_s2,29,2,False,0.7956989247311828,0.7708333333333334,48.0,37.0
1,fusion_v5_equal_s2,30,2,False,0.36893203883495146,0.3958333333333333,48.0,19.0
1,fusion_v5_equal_s2,31,2,False,0.8712871287128713,0.9166666666666666,48.0,44.0
1,fusion_v5_equal_s2,32,2,False,0.6329113924050633,0.5208333333333334,48.0,25.0
1,fusion_v5_equal_s2,33,2,False,0.6153846153846154,0.6666666666666666,48.0,32.0
1,fusion_v5_equal_s2,34,3,False,0.6296296296296297,0.7083333333333334,48.0,34.0
1,fusion_v5_equal_s2,35,3,False,0.819047619047619,0.8958333333333334,48.0,43.0
1,fusion_v5_equal_s2,36,3,False,0.8484848484848485,0.875,48.0,42.0
1,fusion_v5_equal_s2,37,3,False,0.4523809523809524,0.3958333333333333,48.0,19.0
1,fusion_v5_equal_s2,38,3,True,0.0,0.0,48.0,0.0
1,fusion_v5_equal_s2,39,3,False,0.693069306930693,0.7291666666666666,48.0,35.0
1,fusion_v5_equal_s2,40,3,False,0.8235294117647058,0.875,48.0,42.0
1,fusion_v5_equal_s2,41,3,False,0.32989690721649484,0.3333333333333333,48.0,16.0
1,fusion_v5_equal_s2,42,3,False,0.6095238095238096,0.6666666666666666,48.0,32.0
1,fusion_v5_equal_s2,43,4,False,0.5801526717557252,0.7916666666666666,48.0,38.0
1,fusion_v5_equal_s2,44,4,False,0.6923076923076923,0.75,48.0,36.0
1,fusion_v5_equal_s2,45,4,True,0.03571428571428571,0.02127659574468085,47.0,1.0
1,fusion_v5_equal_s2,46,4,False,0.44155844155844154,0.3541666666666667,48.0,17.0
1,fusion_v5_equal_s2,47,4,False,0.88,0.9166666666666666,48.0,44.0
1,fusion_v5_equal_s2,48,4,False,0.9278350515463918,0.9375,48.0,45.0
1,fusion_v5_equal_s2,49,4,False,0.09900990099009901,0.10416666666666667,48.0,5.0
1,fusion_v5_equal_s2,50,4,False,0.8888888888888888,0.9166666666666666,48.0,44.0
1,fusion_v5_equal_s2,51,4,False,0.08695652173913043,0.08333333333333333,48.0,4.0
1,fusion_v5_equal_s2,52,4,False,0.11650485436893204,0.125,48.0,6.0
1,fusion_v5_equal_s2,53,4,False,0.9387755102040817,1.0,46.0,46.0
1,fusion_v5_equal_s2,54,4,False,0.6868686868686869,0.7083333333333334,48.0,34.0
1,fusion_v5_equal_s2,55,4,False,0.6597938144329897,0.6666666666666666,48.0,32.0
1,fusion_v5_equal_s2,56,4,False,0.6923076923076923,0.75,48.0,36.0
1,fusion_v5_equal_s2,57,5,False,0.8043478260869565,0.8043478260869565,46.0,37.0
1,fusion_v5_equal_s2,58,5,False,0.7339449541284404,0.8333333333333334,48.0,40.0
1,fusion_v5_equal_s2,59,5,True,0.3037974683544304,0.25,48.0,12.0
1,fusion_v5_equal_s2,60,8,True,0.5957446808510638,0.5833333333333334,48.0,28.0
1,fusion_v5_equal_s2,61,8,True,0.1935483870967742,0.125,48.0,6.0
1,fusion_v5_equal_s2,62,5,False,0.6909090909090909,0.7916666666666666,48.0,38.0
1,fusion_v5_equal_s2,63,8,True,0.056338028169014086,0.041666666666666664,48.0,2.0
1,fusion_v5_equal_s2,64,5,True,0.33766233766233766,0.2708333333333333,48.0,13.0
1,fusion_v5_equal_s2,65,5,True,0.07692307692307693,0.0625,48.0,3.0
1,fusion_v5_equal_s2,66,8,True,0.16666666666666666,0.14583333333333334,48.0,7.0
1,fusion_v5_equal_s2,67,5,False,0.8627450980392157,0.9166666666666666,48.0,44.0
1,fusion_v5_equal_s2,68,5,False,0.9375,0.9375,48.0,45.0
1,fusion_v5_equal_s2,69,5,False,0.6407766990291263,0.6875,48.0,33.0
1,fusion_v5_equal_s2,70,5,True,0.025974025974025976,0.020833333333333332,48.0,1.0
1,fusion_v5_equal_s2,71,5,True,0.023809523809523808,0.020833333333333332,48.0,1.0
1,fusion_v5_equal_s2,72,6,False,0.7961165048543689,0.8541666666666666,48.0,41.0
1,fusion_v5_equal_s2,73,6,False,0.5581395348837209,0.5,48.0,24.0
1,fusion_v5_equal_s2,74,6,False,0.7175572519083969,0.9791666666666666,48.0,47.0
1,fusion_v5_equal_s2,75,6,False,0.8598130841121495,0.9583333333333334,48.0,46.0
1,fusion_v5_equal_s2,76,6,False,0.7884615384615384,0.8541666666666666,48.0,41.0
1,fusion_v5_equal_s2,77,7,False,0.8,0.8333333333333334,48.0,40.0
1,fusion_v5_equal_s2,78,8,True,0.7272727272727273,0.75,48.0,36.0
1,fusion_v5_equal_s2,79,7,True,0.1724137931034483,0.10416666666666667,48.0,5.0
1,fusion_v5_equal_s2,80,7,False,0.5172413793103449,0.625,48.0,30.0
1,fusion_v5_equal_s2,81,7,False,0.5178571428571429,0.6304347826086957,46.0,29.0
1,fusion_v5_equal_s2,82,8,False,0.7529411764705882,0.6666666666666666,48.0,32.0
1,fusion_v5_equal_s2,83,8,False,0.9052631578947369,0.8958333333333334,48.0,43.0
1,fusion_v5_equal_s2,84,8,False,0.7526881720430108,0.7291666666666666,48.0,35.0
1,fusion_v5_equal_s2,85,8,False,0.8653846153846154,0.9375,48.0,45.0
1,fusion_v5_equal_s2,86,8,False,0.72,0.75,48.0,36.0
1,fusion_v5_equal_s2,87,8,False,0.7962962962962963,0.8958333333333334,48.0,43.0
1,fusion_v5_equal_s2,88,8,False,0.5230769230769231,0.7083333333333334,48.0,34.0
1,fusion_v5_equal_s2,89,8,False,0.7758620689655172,0.9375,48.0,45.0
