fold,system,scan,label,cross,destination,kernels,accuracy
0,hsi_tta,1,0,False,0,1,0.4
0,hsi_tta,1,0,False,0,2,0.3
0,hsi_tta,1,0,False,0,4,0.7
0,hsi_tta,1,0,False,0,8,0.9
0,hsi_tta,1,0,False,0,16,0.95
0,hsi_tta,1,0,False,0,all,1.0
0,hsi_tta,2,1,False,0,1,0.85
0,hsi_tta,2,1,False,0,2,0.85
0,hsi_tta,2,1,False,0,4,0.65
0,hsi_tta,2,1,False,0,8,1.0
0,hsi_tta,2,1,False,0,16,1.0
0,hsi_tta,2,1,False,0,all,1.0
0,hsi_tta,5,2,False,0,1,0.85
0,hsi_tta,5,2,False,0,2,1.0
0,hsi_tta,5,2,False,0,4,1.0
0,hsi_tta,5,2,False,0,8,1.0
0,hsi_tta,5,2,False,0,16,1.0
0,hsi_tta,5,2,False,0,all,1.0
0,hsi_tta,7,3,False,0,1,1.0
0,hsi_tta,7,3,False,0,2,1.0
0,hsi_tta,7,3,False,0,4,1.0
0,hsi_tta,7,3,False,0,8,1.0
0,hsi_tta,7,3,False,0,16,1.0
0,hsi_tta,7,3,False,0,all,1.0
0,hsi_tta,10,5,False,1,1,0.85
0,hsi_tta,10,5,False,1,2,1.0
0,hsi_tta,10,5,False,1,4,1.0
0,hsi_tta,10,5,False,1,8,1.0
0,hsi_tta,10,5,False,1,16,1.0
0,hsi_tta,10,5,False,1,all,1.0
0,hsi_tta,12,6,False,1,1,0.6
0,hsi_tta,12,6,False,1,2,0.95
0,hsi_tta,12,6,False,1,4,1.0
0,hsi_tta,12,6,False,1,8,1.0
0,hsi_tta,12,6,False,1,16,1.0
0,hsi_tta,12,6,False,1,all,1.0
0,hsi_tta,15,8,False,1,1,0.75
0,hsi_tta,15,8,False,1,2,0.9
0,hsi_tta,15,8,False,1,4,1.0
0,hsi_tta,15,8,False,1,8,1.0
0,hsi_tta,15,8,False,1,16,1.0
0,hsi_tta,15,8,False,1,all,1.0
0,hsi_tta,16,9,False,1,1,0.7
0,hsi_tta,16,9,False,1,2,0.75
0,hsi_tta,16,9,False,1,4,0.95
0,hsi_tta,16,9,False,1,8,1.0
0,hsi_tta,16,9,False,1,16,1.0
0,hsi_tta,16,9,False,1,all,1.0
0,hsi_tta,19,10,False,1,1,0.35
0,hsi_tta,19,10,False,1,2,0.65
0,hsi_tta,19,10,False,1,4,0.9
0,hsi_tta,19,10,False,1,8,1.0
0,hsi_tta,19,10,False,1,16,1.0
0,hsi_tta,19,10,False,1,all,1.0
0,hsi_tta,21,11,False,1,1,0.5
0,hsi_tta,21,11,False,1,2,0.8
0,hsi_tta,21,11,False,1,4,0.9
0,hsi_tta,21,11,False,1,8,1.0
0,hsi_tta,21,11,False,1,16,1.0
0,hsi_tta,21,11,False,1,all,1.0
0,hsi_tta,23,13,False,1,1,0.65
0,hsi_tta,23,13,False,1,2,0.95
0,hsi_tta,23,13,False,1,4,1.0
0,hsi_tta,23,13,False,1,8,1.0
0,hsi_tta,23,13,False,1,16,1.0
0,hsi_tta,23,13,False,1,all,1.0
0,hsi_tta,26,14,False,1,1,0.9
0,hsi_tta,26,14,False,1,2,1.0
0,hsi_tta,26,14,False,1,4,1.0
0,hsi_tta,26,14,False,1,8,1.0
0,hsi_tta,26,14,False,1,16,1.0
0,hsi_tta,26,14,False,1,all,1.0
0,hsi_tta,28,15,False,1,1,0.75
0,hsi_tta,28,15,False,1,2,1.0
0,hsi_tta,28,15,False,1,4,1.0
0,hsi_tta,28,15,False,1,8,1.0
0,hsi_tta,28,15,False,1,16,1.0
0,hsi_tta,28,15,False,1,all,1.0
0,hsi_tta,30,16,False,1,1,0.6
0,hsi_tta,30,16,False,1,2,0.7
0,hsi_tta,30,16,False,1,4,0.95
0,hsi_tta,30,16,False,1,8,1.0
0,hsi_tta,30,16,False,1,16,1.0
0,hsi_tta,30,16,False,1,all,1.0
0,hsi_tta,31,17,False,1,1,0.5
0,hsi_tta,31,17,False,1,2,0.55
0,hsi_tta,31,17,False,1,4,0.85
0,hsi_tta,31,17,False,1,8,1.0
0,hsi_tta,31,17,False,1,16,1.0
0,hsi_tta,31,17,False,1,all,1.0
0,hsi_tta,33,18,False,1,1,0.7
0,hsi_tta,33,18,False,1,2,0.95
0,hsi_tta,33,18,False,1,4,0.9
0,hsi_tta,33,18,False,1,8,1.0
0,hsi_tta,33,18,False,1,16,1.0
0,hsi_tta,33,18,False,1,all,1.0
0,hsi_tta,36,19,False,1,1,0.8
0,hsi_tta,36,19,False,1,2,0.85
0,hsi_tta,36,19,False,1,4,1.0
0,hsi_tta,36,19,False,1,8,1.0
0,hsi_tta,36,19,False,1,16,1.0
0,hsi_tta,36,19,False,1,all,1.0
0,hsi_tta,37,20,False,2,1,0.45
0,hsi_tta,37,20,False,2,2,0.9
0,hsi_tta,37,20,False,2,4,1.0
0,hsi_tta,37,20,False,2,8,1.0
0,hsi_tta,37,20,False,2,16,1.0
0,hsi_tta,37,20,False,2,all,1.0
0,hsi_tta,39,21,False,2,1,0.75
0,hsi_tta,39,21,False,2,2,1.0
0,hsi_tta,39,21,False,2,4,1.0
0,hsi_tta,39,21,False,2,8,1.0
0,hsi_tta,39,21,False,2,16,1.0
0,hsi_tta,39,21,False,2,all,1.0
0,hsi_tta,41,22,True,2,1,0.5
0,hsi_tta,41,22,True,2,2,0.45
0,hsi_tta,41,22,True,2,4,0.4
0,hsi_tta,41,22,True,2,8,0.55
0,hsi_tta,41,22,True,2,16,0.6
0,hsi_tta,41,22,True,2,all,1.0
0,hsi_tta,43,23,False,2,1,0.85
0,hsi_tta,43,23,False,2,2,1.0
0,hsi_tta,43,23,False,2,4,1.0
0,hsi_tta,43,23,False,2,8,1.0
0,hsi_tta,43,23,False,2,16,1.0
0,hsi_tta,43,23,False,2,all,1.0
0,hsi_tta,44,24,False,2,1,0.75
0,hsi_tta,44,24,False,2,2,0.95
0,hsi_tta,44,24,False,2,4,1.0
0,hsi_tta,44,24,False,2,8,1.0
0,hsi_tta,44,24,False,2,16,1.0
0,hsi_tta,44,24,False,2,all,1.0
0,hsi_tta,46,25,False,2,1,0.9
0,hsi_tta,46,25,False,2,2,0.95
0,hsi_tta,46,25,False,2,4,0.95
0,hsi_tta,46,25,False,2,8,1.0
0,hsi_tta,46,25,False,2,16,1.0
0,hsi_tta,46,25,False,2,all,1.0
0,hsi_tta,48,26,False,2,1,1.0
0,hsi_tta,48,26,False,2,2,1.0
0,hsi_tta,48,26,False,2,4,1.0
0,hsi_tta,48,26,False,2,8,1.0
0,hsi_tta,48,26,False,2,16,1.0
0,hsi_tta,48,26,False,2,all,1.0
0,hsi_tta,51,27,False,2,1,0.45
0,hsi_tta,51,27,False,2,2,0.7
0,hsi_tta,51,27,False,2,4,0.9
0,hsi_tta,51,27,False,2,8,0.95
0,hsi_tta,51,27,False,2,16,1.0
0,hsi_tta,51,27,False,2,all,1.0
0,hsi_tta,52,28,False,2,1,0.95
0,hsi_tta,52,28,False,2,2,1.0
0,hsi_tta,52,28,False,2,4,1.0
0,hsi_tta,52,28,False,2,8,1.0
0,hsi_tta,52,28,False,2,16,1.0
0,hsi_tta,52,28,False,2,all,1.0
0,hsi_tta,55,29,False,2,1,1.0
0,hsi_tta,55,29,False,2,2,1.0
0,hsi_tta,55,29,False,2,4,1.0
0,hsi_tta,55,29,False,2,8,1.0
0,hsi_tta,55,29,False,2,16,1.0
0,hsi_tta,55,29,False,2,all,1.0
0,hsi_tta,57,30,False,2,1,0.2
0,hsi_tta,57,30,False,2,2,0.5
0,hsi_tta,57,30,False,2,4,0.85
0,hsi_tta,57,30,False,2,8,0.9
0,hsi_tta,57,30,False,2,16,1.0
0,hsi_tta,57,30,False,2,all,1.0
0,hsi_tta,59,31,False,2,1,1.0
0,hsi_tta,59,31,False,2,2,1.0
0,hsi_tta,59,31,False,2,4,1.0
0,hsi_tta,59,31,False,2,8,1.0
0,hsi_tta,59,31,False,2,16,1.0
0,hsi_tta,59,31,False,2,all,1.0
0,hsi_tta,60,32,False,2,1,0.95
0,hsi_tta,60,32,False,2,2,0.95
0,hsi_tta,60,32,False,2,4,1.0
0,hsi_tta,60,32,False,2,8,1.0
0,hsi_tta,60,32,False,2,16,1.0
0,hsi_tta,60,32,False,2,all,1.0
0,hsi_tta,62,33,False,2,1,0.55
0,hsi_tta,62,33,False,2,2,0.65
0,hsi_tta,62,33,False,2,4,0.75
0,hsi_tta,62,33,False,2,8,0.75
0,hsi_tta,62,33,False,2,16,0.95
0,hsi_tta,62,33,False,2,all,1.0
0,hsi_tta,65,34,False,3,1,0.7
0,hsi_tta,65,34,False,3,2,0.85
0,hsi_tta,65,34,False,3,4,0.95
0,hsi_tta,65,34,False,3,8,1.0
0,hsi_tta,65,34,False,3,16,1.0
0,hsi_tta,65,34,False,3,all,1.0
0,hsi_tta,67,35,False,3,1,1.0
0,hsi_tta,67,35,False,3,2,1.0
0,hsi_tta,67,35,False,3,4,1.0
0,hsi_tta,67,35,False,3,8,1.0
0,hsi_tta,67,35,False,3,16,1.0
0,hsi_tta,67,35,False,3,all,1.0
0,hsi_tta,69,36,False,3,1,0.8
0,hsi_tta,69,36,False,3,2,1.0
0,hsi_tta,69,36,False,3,4,1.0
0,hsi_tta,69,36,False,3,8,1.0
0,hsi_tta,69,36,False,3,16,1.0
0,hsi_tta,69,36,False,3,all,1.0
0,hsi_tta,71,37,False,3,1,0.2
0,hsi_tta,71,37,False,3,2,0.65
0,hsi_tta,71,37,False,3,4,0.9
0,hsi_tta,71,37,False,3,8,0.9
0,hsi_tta,71,37,False,3,16,1.0
0,hsi_tta,71,37,False,3,all,1.0
0,hsi_tta,72,38,True,3,1,0.0
0,hsi_tta,72,38,True,3,2,0.0
0,hsi_tta,72,38,True,3,4,0.0
0,hsi_tta,72,38,True,3,8,0.0
0,hsi_tta,72,38,True,3,16,0.0
0,hsi_tta,72,38,True,3,all,0.0
0,hsi_tta,73,39,False,3,1,0.45
0,hsi_tta,73,39,False,3,2,0.65
0,hsi_tta,73,39,False,3,4,0.95
0,hsi_tta,73,39,False,3,8,1.0
0,hsi_tta,73,39,False,3,16,1.0
0,hsi_tta,73,39,False,3,all,1.0
0,hsi_tta,76,40,False,3,1,0.5
0,hsi_tta,76,40,False,3,2,0.85
0,hsi_tta,76,40,False,3,4,1.0
0,hsi_tta,76,40,False,3,8,1.0
0,hsi_tta,76,40,False,3,16,1.0
0,hsi_tta,76,40,False,3,all,1.0
0,hsi_tta,78,41,False,3,1,0.1
0,hsi_tta,78,41,False,3,2,0.45
0,hsi_tta,78,41,False,3,4,0.4
0,hsi_tta,78,41,False,3,8,0.55
0,hsi_tta,78,41,False,3,16,0.75
0,hsi_tta,78,41,False,3,all,1.0
0,hsi_tta,80,42,False,3,1,0.2
0,hsi_tta,80,42,False,3,2,0.35
0,hsi_tta,80,42,False,3,4,0.7
0,hsi_tta,80,42,False,3,8,0.9
0,hsi_tta,80,42,False,3,16,1.0
0,hsi_tta,80,42,False,3,all,1.0
0,hsi_tta,81,43,False,4,1,0.45
0,hsi_tta,81,43,False,4,2,0.5
0,hsi_tta,81,43,False,4,4,0.85
0,hsi_tta,81,43,False,4,8,1.0
0,hsi_tta,81,43,False,4,16,1.0
0,hsi_tta,81,43,False,4,all,1.0
0,hsi_tta,84,44,False,4,1,0.55
0,hsi_tta,84,44,False,4,2,0.9
0,hsi_tta,84,44,False,4,4,1.0
0,hsi_tta,84,44,False,4,8,1.0
0,hsi_tta,84,44,False,4,16,1.0
0,hsi_tta,84,44,False,4,all,1.0
0,hsi_tta,85,45,True,4,1,0.0
0,hsi_tta,85,45,True,4,2,0.0
0,hsi_tta,85,45,True,4,4,0.0
0,hsi_tta,85,45,True,4,8,0.0
0,hsi_tta,85,45,True,4,16,0.0
0,hsi_tta,85,45,True,4,all,0.0
0,hsi_tta,86,46,False,4,1,0.35
0,hsi_tta,86,46,False,4,2,0.65
0,hsi_tta,86,46,False,4,4,0.95
0,hsi_tta,86,46,False,4,8,1.0
0,hsi_tta,86,46,False,4,16,1.0
0,hsi_tta,86,46,False,4,all,1.0
0,hsi_tta,89,47,False,4,1,0.85
0,hsi_tta,89,47,False,4,2,1.0
0,hsi_tta,89,47,False,4,4,1.0
0,hsi_tta,89,47,False,4,8,1.0
0,hsi_tta,89,47,False,4,16,1.0
0,hsi_tta,89,47,False,4,all,1.0
0,hsi_tta,90,48,False,4,1,1.0
0,hsi_tta,90,48,False,4,2,1.0
0,hsi_tta,90,48,False,4,4,1.0
0,hsi_tta,90,48,False,4,8,1.0
0,hsi_tta,90,48,False,4,16,1.0
0,hsi_tta,90,48,False,4,all,1.0
0,hsi_tta,92,49,False,4,1,0.1
0,hsi_tta,92,49,False,4,2,0.25
0,hsi_tta,92,49,False,4,4,0.3
0,hsi_tta,92,49,False,4,8,0.2
0,hsi_tta,92,49,False,4,16,0.55
0,hsi_tta,92,49,False,4,all,1.0
0,hsi_tta,94,50,False,4,1,1.0
0,hsi_tta,94,50,False,4,2,1.0
0,hsi_tta,94,50,False,4,4,1.0
0,hsi_tta,94,50,False,4,8,1.0
0,hsi_tta,94,50,False,4,16,1.0
0,hsi_tta,94,50,False,4,all,1.0
0,hsi_tta,96,51,False,4,1,0.05
0,hsi_tta,96,51,False,4,2,0.0
0,hsi_tta,96,51,False,4,4,0.0
0,hsi_tta,96,51,False,4,8,0.0
0,hsi_tta,96,51,False,4,16,0.0
0,hsi_tta,96,51,False,4,all,0.0
0,hsi_tta,98,52,False,4,1,0.0
0,hsi_tta,98,52,False,4,2,0.05
0,hsi_tta,98,52,False,4,4,0.1
0,hsi_tta,98,52,False,4,8,0.05
0,hsi_tta,98,52,False,4,16,0.0
0,hsi_tta,98,52,False,4,all,0.0
0,hsi_tta,101,53,False,4,1,0.9
0,hsi_tta,101,53,False,4,2,1.0
0,hsi_tta,101,53,False,4,4,1.0
0,hsi_tta,101,53,False,4,8,1.0
0,hsi_tta,101,53,False,4,16,1.0
0,hsi_tta,101,53,False,4,all,1.0
0,hsi_tta,103,54,False,4,1,0.4
0,hsi_tta,103,54,False,4,2,0.45
0,hsi_tta,103,54,False,4,4,0.75
0,hsi_tta,103,54,False,4,8,0.9
0,hsi_tta,103,54,False,4,16,0.9
0,hsi_tta,103,54,False,4,all,1.0
0,hsi_tta,105,55,False,4,1,0.55
0,hsi_tta,105,55,False,4,2,0.8
0,hsi_tta,105,55,False,4,4,1.0
0,hsi_tta,105,55,False,4,8,1.0
0,hsi_tta,105,55,False,4,16,1.0
0,hsi_tta,105,55,False,4,all,1.0
0,hsi_tta,106,56,False,4,1,0.8
0,hsi_tta,106,56,False,4,2,1.0
0,hsi_tta,106,56,False,4,4,1.0
0,hsi_tta,106,56,False,4,8,1.0
0,hsi_tta,106,56,False,4,16,1.0
0,hsi_tta,106,56,False,4,all,1.0
0,hsi_tta,108,57,False,5,1,0.8
0,hsi_tta,108,57,False,5,2,0.95
0,hsi_tta,108,57,False,5,4,1.0
0,hsi_tta,108,57,False,5,8,1.0
0,hsi_tta,108,57,False,5,16,1.0
0,hsi_tta,108,57,False,5,all,1.0
0,hsi_tta,111,58,False,5,1,0.8
0,hsi_tta,111,58,False,5,2,1.0
0,hsi_tta,111,58,False,5,4,1.0
0,hsi_tta,111,58,False,5,8,1.0
0,hsi_tta,111,58,False,5,16,1.0
0,hsi_tta,111,58,False,5,all,1.0
0,hsi_tta,112,59,True,5,1,0.05
0,hsi_tta,112,59,True,5,2,0.1
0,hsi_tta,112,59,True,5,4,0.05
0,hsi_tta,112,59,True,5,8,0.0
0,hsi_tta,112,59,True,5,16,0.0
0,hsi_tta,112,59,True,5,all,0.0
0,hsi_tta,113,60,True,5,1,0.45
0,hsi_tta,113,60,True,5,2,0.7
0,hsi_tta,113,60,True,5,4,0.85
0,hsi_tta,113,60,True,5,8,0.8
0,hsi_tta,113,60,True,5,16,1.0
0,hsi_tta,113,60,True,5,all,1.0
0,hsi_tta,115,62,False,5,1,0.7
0,hsi_tta,115,62,False,5,2,0.8
0,hsi_tta,115,62,False,5,4,1.0
0,hsi_tta,115,62,False,5,8,1.0
0,hsi_tta,115,62,False,5,16,1.0
0,hsi_tta,115,62,False,5,all,1.0
0,hsi_tta,118,64,True,5,1,0.3
0,hsi_tta,118,64,True,5,2,0.6
0,hsi_tta,118,64,True,5,4,0.7
0,hsi_tta,118,64,True,5,8,0.8
0,hsi_tta,118,64,True,5,16,0.65
0,hsi_tta,118,64,True,5,all,1.0
0,hsi_tta,119,65,True,5,1,0.1
0,hsi_tta,119,65,True,5,2,0.05
0,hsi_tta,119,65,True,5,4,0.0
0,hsi_tta,119,65,True,5,8,0.0
0,hsi_tta,119,65,True,5,16,0.0
0,hsi_tta,119,65,True,5,all,0.0
0,hsi_tta,120,66,True,5,1,0.1
0,hsi_tta,120,66,True,5,2,0.1
0,hsi_tta,120,66,True,5,4,0.1
0,hsi_tta,120,66,True,5,8,0.1
0,hsi_tta,120,66,True,5,16,0.1
0,hsi_tta,120,66,True,5,all,0.0
0,hsi_tta,122,67,False,5,1,0.9
0,hsi_tta,122,67,False,5,2,1.0
0,hsi_tta,122,67,False,5,4,1.0
0,hsi_tta,122,67,False,5,8,1.0
0,hsi_tta,122,67,False,5,16,1.0
0,hsi_tta,122,67,False,5,all,1.0
0,hsi_tta,124,68,False,5,1,0.85
0,hsi_tta,124,68,False,5,2,0.95
0,hsi_tta,124,68,False,5,4,1.0
0,hsi_tta,124,68,False,5,8,1.0
0,hsi_tta,124,68,False,5,16,1.0
0,hsi_tta,124,68,False,5,all,1.0
0,hsi_tta,126,69,False,5,1,0.1
0,hsi_tta,126,69,False,5,2,0.35
0,hsi_tta,126,69,False,5,4,0.05
0,hsi_tta,126,69,False,5,8,0.0
0,hsi_tta,126,69,False,5,16,0.0
0,hsi_tta,126,69,False,5,all,0.0
0,hsi_tta,127,70,True,5,1,0.0
0,hsi_tta,127,70,True,5,2,0.05
0,hsi_tta,127,70,True,5,4,0.0
0,hsi_tta,127,70,True,5,8,0.0
0,hsi_tta,127,70,True,5,16,0.0
0,hsi_tta,127,70,True,5,all,0.0
0,hsi_tta,128,71,True,5,1,0.0
0,hsi_tta,128,71,True,5,2,0.0
0,hsi_tta,128,71,True,5,4,0.0
0,hsi_tta,128,71,True,5,8,0.0
0,hsi_tta,128,71,True,5,16,0.0
0,hsi_tta,128,71,True,5,all,0.0
0,hsi_tta,130,72,False,6,1,0.7
0,hsi_tta,130,72,False,6,2,0.9
0,hsi_tta,130,72,False,6,4,1.0
0,hsi_tta,130,72,False,6,8,1.0
0,hsi_tta,130,72,False,6,16,1.0
0,hsi_tta,130,72,False,6,all,1.0
0,hsi_tta,131,73,False,6,1,0.5
0,hsi_tta,131,73,False,6,2,0.6
0,hsi_tta,131,73,False,6,4,0.75
0,hsi_tta,131,73,False,6,8,1.0
0,hsi_tta,131,73,False,6,16,1.0
0,hsi_tta,131,73,False,6,all,1.0
0,hsi_tta,134,74,False,6,1,0.95
0,hsi_tta,134,74,False,6,2,1.0
0,hsi_tta,134,74,False,6,4,1.0
0,hsi_tta,134,74,False,6,8,1.0
0,hsi_tta,134,74,False,6,16,1.0
0,hsi_tta,134,74,False,6,all,1.0
0,hsi_tta,136,75,False,6,1,0.85
0,hsi_tta,136,75,False,6,2,0.9
0,hsi_tta,136,75,False,6,4,1.0
0,hsi_tta,136,75,False,6,8,1.0
0,hsi_tta,136,75,False,6,16,1.0
0,hsi_tta,136,75,False,6,all,1.0
0,hsi_tta,138,76,False,6,1,0.8
0,hsi_tta,138,76,False,6,2,1.0
0,hsi_tta,138,76,False,6,4,1.0
0,hsi_tta,138,76,False,6,8,1.0
0,hsi_tta,138,76,False,6,16,1.0
0,hsi_tta,138,76,False,6,all,1.0
0,hsi_tta,140,77,False,7,1,0.8
0,hsi_tta,140,77,False,7,2,0.95
0,hsi_tta,140,77,False,7,4,1.0
0,hsi_tta,140,77,False,7,8,1.0
0,hsi_tta,140,77,False,7,16,1.0
0,hsi_tta,140,77,False,7,all,1.0
0,hsi_tta,141,78,True,7,1,0.9
0,hsi_tta,141,78,True,7,2,0.95
0,hsi_tta,141,78,True,7,4,1.0
0,hsi_tta,141,78,True,7,8,1.0
0,hsi_tta,141,78,True,7,16,1.0
0,hsi_tta,141,78,True,7,all,1.0
0,hsi_tta,143,80,False,7,1,0.6
0,hsi_tta,143,80,False,7,2,0.35
0,hsi_tta,143,80,False,7,4,0.55
0,hsi_tta,143,80,False,7,8,0.75
0,hsi_tta,143,80,False,7,16,1.0
0,hsi_tta,143,80,False,7,all,1.0
0,hsi_tta,146,81,False,7,1,0.7
0,hsi_tta,146,81,False,7,2,0.95
0,hsi_tta,146,81,False,7,4,1.0
0,hsi_tta,146,81,False,7,8,1.0
0,hsi_tta,146,81,False,7,16,1.0
0,hsi_tta,146,81,False,7,all,1.0
0,hsi_tta,147,4,True,8,1,0.05
0,hsi_tta,147,4,True,8,2,0.2
0,hsi_tta,147,4,True,8,4,0.2
0,hsi_tta,147,4,True,8,8,0.0
0,hsi_tta,147,4,True,8,16,0.0
0,hsi_tta,147,4,True,8,all,0.0
0,hsi_tta,148,7,True,8,1,0.0
0,hsi_tta,148,7,True,8,2,0.0
0,hsi_tta,148,7,True,8,4,0.0
0,hsi_tta,148,7,True,8,8,0.0
0,hsi_tta,148,7,True,8,16,0.0
0,hsi_tta,148,7,True,8,all,0.0
0,hsi_tta,149,12,True,8,1,0.0
0,hsi_tta,149,12,True,8,2,0.0
0,hsi_tta,149,12,True,8,4,0.0
0,hsi_tta,149,12,True,8,8,0.0
0,hsi_tta,149,12,True,8,16,0.0
0,hsi_tta,149,12,True,8,all,0.0
0,hsi_tta,155,82,False,8,1,0.75
0,hsi_tta,155,82,False,8,2,0.85
0,hsi_tta,155,82,False,8,4,1.0
0,hsi_tta,155,82,False,8,8,1.0
0,hsi_tta,155,82,False,8,16,1.0
0,hsi_tta,155,82,False,8,all,1.0
0,hsi_tta,157,61,True,8,1,0.4
0,hsi_tta,157,61,True,8,2,0.3
0,hsi_tta,157,61,True,8,4,0.55
0,hsi_tta,157,61,True,8,8,0.35
0,hsi_tta,157,61,True,8,16,0.85
0,hsi_tta,157,61,True,8,all,1.0
0,hsi_tta,158,63,True,8,1,0.0
0,hsi_tta,158,63,True,8,2,0.0
0,hsi_tta,158,63,True,8,4,0.0
0,hsi_tta,158,63,True,8,8,0.0
0,hsi_tta,158,63,True,8,16,0.0
0,hsi_tta,158,63,True,8,all,0.0
0,hsi_tta,161,83,False,8,1,0.8
0,hsi_tta,161,83,False,8,2,0.85
0,hsi_tta,161,83,False,8,4,1.0
0,hsi_tta,161,83,False,8,8,1.0
0,hsi_tta,161,83,False,8,16,1.0
0,hsi_tta,161,83,False,8,all,1.0
0,hsi_tta,164,84,False,8,1,0.6
0,hsi_tta,164,84,False,8,2,0.8
0,hsi_tta,164,84,False,8,4,0.75
0,hsi_tta,164,84,False,8,8,0.8
0,hsi_tta,164,84,False,8,16,0.95
0,hsi_tta,164,84,False,8,all,1.0
0,hsi_tta,167,85,False,8,1,0.95
0,hsi_tta,167,85,False,8,2,1.0
0,hsi_tta,167,85,False,8,4,1.0
0,hsi_tta,167,85,False,8,8,1.0
0,hsi_tta,167,85,False,8,16,1.0
0,hsi_tta,167,85,False,8,all,1.0
0,hsi_tta,168,86,False,8,1,0.65
0,hsi_tta,168,86,False,8,2,0.8
0,hsi_tta,168,86,False,8,4,0.85
0,hsi_tta,168,86,False,8,8,0.95
0,hsi_tta,168,86,False,8,16,1.0
0,hsi_tta,168,86,False,8,all,1.0
0,hsi_tta,171,87,False,8,1,0.85
0,hsi_tta,171,87,False,8,2,1.0
0,hsi_tta,171,87,False,8,4,1.0
0,hsi_tta,171,87,False,8,8,1.0
0,hsi_tta,171,87,False,8,16,1.0
0,hsi_tta,171,87,False,8,all,1.0
0,hsi_tta,174,88,False,8,1,0.8
0,hsi_tta,174,88,False,8,2,0.95
0,hsi_tta,174,88,False,8,4,1.0
0,hsi_tta,174,88,False,8,8,1.0
0,hsi_tta,174,88,False,8,16,1.0
0,hsi_tta,174,88,False,8,all,1.0
0,hsi_tta,178,89,False,8,1,0.75
0,hsi_tta,178,89,False,8,2,1.0
0,hsi_tta,178,89,False,8,4,1.0
0,hsi_tta,178,89,False,8,8,1.0
0,hsi_tta,178,89,False,8,16,1.0
0,hsi_tta,178,89,False,8,all,1.0
0,hsi_tta,179,79,True,8,1,0.0
0,hsi_tta,179,79,True,8,2,0.0
0,hsi_tta,179,79,True,8,4,0.0
0,hsi_tta,179,79,True,8,8,0.0
0,hsi_tta,179,79,True,8,16,0.0
0,hsi_tta,179,79,True,8,all,0.0
0,rgb_trained,1,0,False,0,1,0.4
0,rgb_trained,1,0,False,0,2,0.75
0,rgb_trained,1,0,False,0,4,0.85
0,rgb_trained,1,0,False,0,8,1.0
0,rgb_trained,1,0,False,0,16,1.0
0,rgb_trained,1,0,False,0,all,1.0
0,rgb_trained,2,1,False,0,1,0.9
0,rgb_trained,2,1,False,0,2,1.0
0,rgb_trained,2,1,False,0,4,1.0
0,rgb_trained,2,1,False,0,8,1.0
0,rgb_trained,2,1,False,0,16,1.0
0,rgb_trained,2,1,False,0,all,1.0
0,rgb_trained,5,2,False,0,1,1.0
0,rgb_trained,5,2,False,0,2,1.0
0,rgb_trained,5,2,False,0,4,1.0
0,rgb_trained,5,2,False,0,8,1.0
0,rgb_trained,5,2,False,0,16,1.0
0,rgb_trained,5,2,False,0,all,1.0
0,rgb_trained,7,3,False,0,1,0.95
0,rgb_trained,7,3,False,0,2,1.0
0,rgb_trained,7,3,False,0,4,1.0
0,rgb_trained,7,3,False,0,8,1.0
0,rgb_trained,7,3,False,0,16,1.0
0,rgb_trained,7,3,False,0,all,1.0
0,rgb_trained,10,5,False,1,1,0.95
0,rgb_trained,10,5,False,1,2,1.0
0,rgb_trained,10,5,False,1,4,1.0
0,rgb_trained,10,5,False,1,8,1.0
0,rgb_trained,10,5,False,1,16,1.0
0,rgb_trained,10,5,False,1,all,1.0
0,rgb_trained,12,6,False,1,1,0.5
0,rgb_trained,12,6,False,1,2,0.85
0,rgb_trained,12,6,False,1,4,1.0
0,rgb_trained,12,6,False,1,8,1.0
0,rgb_trained,12,6,False,1,16,1.0
0,rgb_trained,12,6,False,1,all,1.0
0,rgb_trained,15,8,False,1,1,0.9
0,rgb_trained,15,8,False,1,2,1.0
0,rgb_trained,15,8,False,1,4,1.0
0,rgb_trained,15,8,False,1,8,1.0
0,rgb_trained,15,8,False,1,16,1.0
0,rgb_trained,15,8,False,1,all,1.0
0,rgb_trained,16,9,False,1,1,0.8
0,rgb_trained,16,9,False,1,2,0.95
0,rgb_trained,16,9,False,1,4,1.0
0,rgb_trained,16,9,False,1,8,1.0
0,rgb_trained,16,9,False,1,16,1.0
0,rgb_trained,16,9,False,1,all,1.0
0,rgb_trained,19,10,False,1,1,0.5
0,rgb_trained,19,10,False,1,2,0.95
0,rgb_trained,19,10,False,1,4,1.0
0,rgb_trained,19,10,False,1,8,1.0
0,rgb_trained,19,10,False,1,16,1.0
0,rgb_trained,19,10,False,1,all,1.0
0,rgb_trained,21,11,False,1,1,0.5
0,rgb_trained,21,11,False,1,2,0.5
0,rgb_trained,21,11,False,1,4,1.0
0,rgb_trained,21,11,False,1,8,1.0
0,rgb_trained,21,11,False,1,16,1.0
0,rgb_trained,21,11,False,1,all,1.0
0,rgb_trained,23,13,False,1,1,0.85
0,rgb_trained,23,13,False,1,2,0.9
0,rgb_trained,23,13,False,1,4,1.0
0,rgb_trained,23,13,False,1,8,1.0
0,rgb_trained,23,13,False,1,16,1.0
0,rgb_trained,23,13,False,1,all,1.0
0,rgb_trained,26,14,False,1,1,0.9
0,rgb_trained,26,14,False,1,2,1.0
0,rgb_trained,26,14,False,1,4,1.0
0,rgb_trained,26,14,False,1,8,1.0
0,rgb_trained,26,14,False,1,16,1.0
0,rgb_trained,26,14,False,1,all,1.0
0,rgb_trained,28,15,False,1,1,0.9
0,rgb_trained,28,15,False,1,2,1.0
0,rgb_trained,28,15,False,1,4,1.0
0,rgb_trained,28,15,False,1,8,1.0
0,rgb_trained,28,15,False,1,16,1.0
0,rgb_trained,28,15,False,1,all,1.0
0,rgb_trained,30,16,False,1,1,0.85
0,rgb_trained,30,16,False,1,2,0.95
0,rgb_trained,30,16,False,1,4,1.0
0,rgb_trained,30,16,False,1,8,1.0
0,rgb_trained,30,16,False,1,16,1.0
0,rgb_trained,30,16,False,1,all,1.0
0,rgb_trained,31,17,False,1,1,0.8
0,rgb_trained,31,17,False,1,2,0.9
0,rgb_trained,31,17,False,1,4,1.0
0,rgb_trained,31,17,False,1,8,1.0
0,rgb_trained,31,17,False,1,16,1.0
0,rgb_trained,31,17,False,1,all,1.0
0,rgb_trained,33,18,False,1,1,0.7
0,rgb_trained,33,18,False,1,2,0.85
0,rgb_trained,33,18,False,1,4,1.0
0,rgb_trained,33,18,False,1,8,1.0
0,rgb_trained,33,18,False,1,16,1.0
0,rgb_trained,33,18,False,1,all,1.0
0,rgb_trained,36,19,False,1,1,0.75
0,rgb_trained,36,19,False,1,2,0.8
0,rgb_trained,36,19,False,1,4,1.0
0,rgb_trained,36,19,False,1,8,1.0
0,rgb_trained,36,19,False,1,16,1.0
0,rgb_trained,36,19,False,1,all,1.0
0,rgb_trained,37,20,False,2,1,0.8
0,rgb_trained,37,20,False,2,2,0.95
0,rgb_trained,37,20,False,2,4,1.0
0,rgb_trained,37,20,False,2,8,1.0
0,rgb_trained,37,20,False,2,16,1.0
0,rgb_trained,37,20,False,2,all,1.0
0,rgb_trained,39,21,False,2,1,0.9
0,rgb_trained,39,21,False,2,2,1.0
0,rgb_trained,39,21,False,2,4,1.0
0,rgb_trained,39,21,False,2,8,1.0
0,rgb_trained,39,21,False,2,16,1.0
0,rgb_trained,39,21,False,2,all,1.0
0,rgb_trained,41,22,True,2,1,0.3
0,rgb_trained,41,22,True,2,2,0.8
0,rgb_trained,41,22,True,2,4,0.95
0,rgb_trained,41,22,True,2,8,0.9
0,rgb_trained,41,22,True,2,16,1.0
0,rgb_trained,41,22,True,2,all,1.0
0,rgb_trained,43,23,False,2,1,0.85
0,rgb_trained,43,23,False,2,2,0.85
0,rgb_trained,43,23,False,2,4,1.0
0,rgb_trained,43,23,False,2,8,1.0
0,rgb_trained,43,23,False,2,16,1.0
0,rgb_trained,43,23,False,2,all,1.0
0,rgb_trained,44,24,False,2,1,0.9
0,rgb_trained,44,24,False,2,2,1.0
0,rgb_trained,44,24,False,2,4,1.0
0,rgb_trained,44,24,False,2,8,1.0
0,rgb_trained,44,24,False,2,16,1.0
0,rgb_trained,44,24,False,2,all,1.0
0,rgb_trained,46,25,False,2,1,0.8
0,rgb_trained,46,25,False,2,2,0.85
0,rgb_trained,46,25,False,2,4,1.0
0,rgb_trained,46,25,False,2,8,1.0
0,rgb_trained,46,25,False,2,16,1.0
0,rgb_trained,46,25,False,2,all,1.0
0,rgb_trained,48,26,False,2,1,1.0
0,rgb_trained,48,26,False,2,2,1.0
0,rgb_trained,48,26,False,2,4,1.0
0,rgb_trained,48,26,False,2,8,1.0
0,rgb_trained,48,26,False,2,16,1.0
0,rgb_trained,48,26,False,2,all,1.0
0,rgb_trained,51,27,False,2,1,0.85
0,rgb_trained,51,27,False,2,2,0.95
0,rgb_trained,51,27,False,2,4,1.0
0,rgb_trained,51,27,False,2,8,1.0
0,rgb_trained,51,27,False,2,16,1.0
0,rgb_trained,51,27,False,2,all,1.0
0,rgb_trained,52,28,False,2,1,1.0
0,rgb_trained,52,28,False,2,2,1.0
0,rgb_trained,52,28,False,2,4,1.0
0,rgb_trained,52,28,False,2,8,1.0
0,rgb_trained,52,28,False,2,16,1.0
0,rgb_trained,52,28,False,2,all,1.0
0,rgb_trained,55,29,False,2,1,0.65
0,rgb_trained,55,29,False,2,2,0.95
0,rgb_trained,55,29,False,2,4,1.0
0,rgb_trained,55,29,False,2,8,1.0
0,rgb_trained,55,29,False,2,16,1.0
0,rgb_trained,55,29,False,2,all,1.0
0,rgb_trained,57,30,False,2,1,0.6
0,rgb_trained,57,30,False,2,2,0.6
0,rgb_trained,57,30,False,2,4,0.95
0,rgb_trained,57,30,False,2,8,1.0
0,rgb_trained,57,30,False,2,16,1.0
0,rgb_trained,57,30,False,2,all,1.0
0,rgb_trained,59,31,False,2,1,0.9
0,rgb_trained,59,31,False,2,2,1.0
0,rgb_trained,59,31,False,2,4,1.0
0,rgb_trained,59,31,False,2,8,1.0
0,rgb_trained,59,31,False,2,16,1.0
0,rgb_trained,59,31,False,2,all,1.0
0,rgb_trained,60,32,False,2,1,0.85
0,rgb_trained,60,32,False,2,2,1.0
0,rgb_trained,60,32,False,2,4,1.0
0,rgb_trained,60,32,False,2,8,1.0
0,rgb_trained,60,32,False,2,16,1.0
0,rgb_trained,60,32,False,2,all,1.0
0,rgb_trained,62,33,False,2,1,0.45
0,rgb_trained,62,33,False,2,2,0.85
0,rgb_trained,62,33,False,2,4,0.7
0,rgb_trained,62,33,False,2,8,0.95
0,rgb_trained,62,33,False,2,16,1.0
0,rgb_trained,62,33,False,2,all,1.0
0,rgb_trained,65,34,False,3,1,0.6
0,rgb_trained,65,34,False,3,2,0.85
0,rgb_trained,65,34,False,3,4,0.8
0,rgb_trained,65,34,False,3,8,0.9
0,rgb_trained,65,34,False,3,16,1.0
0,rgb_trained,65,34,False,3,all,1.0
0,rgb_trained,67,35,False,3,1,0.9
0,rgb_trained,67,35,False,3,2,1.0
0,rgb_trained,67,35,False,3,4,1.0
0,rgb_trained,67,35,False,3,8,1.0
0,rgb_trained,67,35,False,3,16,1.0
0,rgb_trained,67,35,False,3,all,1.0
0,rgb_trained,69,36,False,3,1,0.95
0,rgb_trained,69,36,False,3,2,1.0
0,rgb_trained,69,36,False,3,4,1.0
0,rgb_trained,69,36,False,3,8,1.0
0,rgb_trained,69,36,False,3,16,1.0
0,rgb_trained,69,36,False,3,all,1.0
0,rgb_trained,71,37,False,3,1,0.45
0,rgb_trained,71,37,False,3,2,0.9
0,rgb_trained,71,37,False,3,4,1.0
0,rgb_trained,71,37,False,3,8,1.0
0,rgb_trained,71,37,False,3,16,1.0
0,rgb_trained,71,37,False,3,all,1.0
0,rgb_trained,72,38,True,3,1,0.0
0,rgb_trained,72,38,True,3,2,0.0
0,rgb_trained,72,38,True,3,4,0.0
0,rgb_trained,72,38,True,3,8,0.0
0,rgb_trained,72,38,True,3,16,0.0
0,rgb_trained,72,38,True,3,all,0.0
0,rgb_trained,73,39,False,3,1,0.95
0,rgb_trained,73,39,False,3,2,1.0
0,rgb_trained,73,39,False,3,4,1.0
0,rgb_trained,73,39,False,3,8,1.0
0,rgb_trained,73,39,False,3,16,1.0
0,rgb_trained,73,39,False,3,all,1.0
0,rgb_trained,76,40,False,3,1,0.6
0,rgb_trained,76,40,False,3,2,0.75
0,rgb_trained,76,40,False,3,4,0.75
0,rgb_trained,76,40,False,3,8,0.95
0,rgb_trained,76,40,False,3,16,1.0
0,rgb_trained,76,40,False,3,all,1.0
0,rgb_trained,78,41,False,3,1,0.6
0,rgb_trained,78,41,False,3,2,0.55
0,rgb_trained,78,41,False,3,4,0.6
0,rgb_trained,78,41,False,3,8,0.75
0,rgb_trained,78,41,False,3,16,1.0
0,rgb_trained,78,41,False,3,all,1.0
0,rgb_trained,80,42,False,3,1,0.75
0,rgb_trained,80,42,False,3,2,0.9
0,rgb_trained,80,42,False,3,4,1.0
0,rgb_trained,80,42,False,3,8,1.0
0,rgb_trained,80,42,False,3,16,1.0
0,rgb_trained,80,42,False,3,all,1.0
0,rgb_trained,81,43,False,4,1,0.9
0,rgb_trained,81,43,False,4,2,1.0
0,rgb_trained,81,43,False,4,4,1.0
0,rgb_trained,81,43,False,4,8,1.0
0,rgb_trained,81,43,False,4,16,1.0
0,rgb_trained,81,43,False,4,all,1.0
0,rgb_trained,84,44,False,4,1,0.9
0,rgb_trained,84,44,False,4,2,1.0
0,rgb_trained,84,44,False,4,4,1.0
0,rgb_trained,84,44,False,4,8,1.0
0,rgb_trained,84,44,False,4,16,1.0
0,rgb_trained,84,44,False,4,all,1.0
0,rgb_trained,85,45,True,4,1,0.2
0,rgb_trained,85,45,True,4,2,0.05
0,rgb_trained,85,45,True,4,4,0.05
0,rgb_trained,85,45,True,4,8,0.0
0,rgb_trained,85,45,True,4,16,0.0
0,rgb_trained,85,45,True,4,all,0.0
0,rgb_trained,86,46,False,4,1,0.75
0,rgb_trained,86,46,False,4,2,0.95
0,rgb_trained,86,46,False,4,4,1.0
0,rgb_trained,86,46,False,4,8,1.0
0,rgb_trained,86,46,False,4,16,1.0
0,rgb_trained,86,46,False,4,all,1.0
0,rgb_trained,89,47,False,4,1,1.0
0,rgb_trained,89,47,False,4,2,1.0
0,rgb_trained,89,47,False,4,4,1.0
0,rgb_trained,89,47,False,4,8,1.0
0,rgb_trained,89,47,False,4,16,1.0
0,rgb_trained,89,47,False,4,all,1.0
0,rgb_trained,90,48,False,4,1,0.95
0,rgb_trained,90,48,False,4,2,1.0
0,rgb_trained,90,48,False,4,4,1.0
0,rgb_trained,90,48,False,4,8,1.0
0,rgb_trained,90,48,False,4,16,1.0
0,rgb_trained,90,48,False,4,all,1.0
0,rgb_trained,92,49,False,4,1,0.2
0,rgb_trained,92,49,False,4,2,0.3
0,rgb_trained,92,49,False,4,4,0.5
0,rgb_trained,92,49,False,4,8,0.8
0,rgb_trained,92,49,False,4,16,1.0
0,rgb_trained,92,49,False,4,all,1.0
0,rgb_trained,94,50,False,4,1,0.5
0,rgb_trained,94,50,False,4,2,0.6
0,rgb_trained,94,50,False,4,4,0.95
0,rgb_trained,94,50,False,4,8,0.9
0,rgb_trained,94,50,False,4,16,1.0
0,rgb_trained,94,50,False,4,all,1.0
0,rgb_trained,96,51,False,4,1,0.2
0,rgb_trained,96,51,False,4,2,0.4
0,rgb_trained,96,51,False,4,4,0.45
0,rgb_trained,96,51,False,4,8,0.65
0,rgb_trained,96,51,False,4,16,0.6
0,rgb_trained,96,51,False,4,all,1.0
0,rgb_trained,98,52,False,4,1,0.65
0,rgb_trained,98,52,False,4,2,0.85
0,rgb_trained,98,52,False,4,4,0.8
0,rgb_trained,98,52,False,4,8,0.9
0,rgb_trained,98,52,False,4,16,1.0
0,rgb_trained,98,52,False,4,all,1.0
0,rgb_trained,101,53,False,4,1,0.65
0,rgb_trained,101,53,False,4,2,0.95
0,rgb_trained,101,53,False,4,4,1.0
0,rgb_trained,101,53,False,4,8,1.0
0,rgb_trained,101,53,False,4,16,1.0
0,rgb_trained,101,53,False,4,all,1.0
0,rgb_trained,103,54,False,4,1,0.6
0,rgb_trained,103,54,False,4,2,0.65
0,rgb_trained,103,54,False,4,4,0.9
0,rgb_trained,103,54,False,4,8,1.0
0,rgb_trained,103,54,False,4,16,1.0
0,rgb_trained,103,54,False,4,all,1.0
0,rgb_trained,105,55,False,4,1,0.8
0,rgb_trained,105,55,False,4,2,0.85
0,rgb_trained,105,55,False,4,4,1.0
0,rgb_trained,105,55,False,4,8,1.0
0,rgb_trained,105,55,False,4,16,1.0
0,rgb_trained,105,55,False,4,all,1.0
0,rgb_trained,106,56,False,4,1,0.8
0,rgb_trained,106,56,False,4,2,0.95
0,rgb_trained,106,56,False,4,4,1.0
0,rgb_trained,106,56,False,4,8,1.0
0,rgb_trained,106,56,False,4,16,1.0
0,rgb_trained,106,56,False,4,all,1.0
0,rgb_trained,108,57,False,5,1,0.8
0,rgb_trained,108,57,False,5,2,1.0
0,rgb_trained,108,57,False,5,4,1.0
0,rgb_trained,108,57,False,5,8,1.0
0,rgb_trained,108,57,False,5,16,1.0
0,rgb_trained,108,57,False,5,all,1.0
0,rgb_trained,111,58,False,5,1,0.7
0,rgb_trained,111,58,False,5,2,0.8
0,rgb_trained,111,58,False,5,4,1.0
0,rgb_trained,111,58,False,5,8,1.0
0,rgb_trained,111,58,False,5,16,1.0
0,rgb_trained,111,58,False,5,all,1.0
0,rgb_trained,112,59,True,5,1,0.55
0,rgb_trained,112,59,True,5,2,0.7
0,rgb_trained,112,59,True,5,4,0.85
0,rgb_trained,112,59,True,5,8,1.0
0,rgb_trained,112,59,True,5,16,1.0
0,rgb_trained,112,59,True,5,all,1.0
0,rgb_trained,113,60,True,5,1,0.1
0,rgb_trained,113,60,True,5,2,0.4
0,rgb_trained,113,60,True,5,4,0.45
0,rgb_trained,113,60,True,5,8,0.65
0,rgb_trained,113,60,True,5,16,0.3
0,rgb_trained,113,60,True,5,all,0.0
0,rgb_trained,115,62,False,5,1,0.75
0,rgb_trained,115,62,False,5,2,0.8
0,rgb_trained,115,62,False,5,4,1.0
0,rgb_trained,115,62,False,5,8,1.0
0,rgb_trained,115,62,False,5,16,1.0
0,rgb_trained,115,62,False,5,all,1.0
0,rgb_trained,118,64,True,5,1,0.1
0,rgb_trained,118,64,True,5,2,0.35
0,rgb_trained,118,64,True,5,4,0.65
0,rgb_trained,118,64,True,5,8,1.0
0,rgb_trained,118,64,True,5,16,0.9
0,rgb_trained,118,64,True,5,all,1.0
0,rgb_trained,119,65,True,5,1,0.4
0,rgb_trained,119,65,True,5,2,0.45
0,rgb_trained,119,65,True,5,4,0.45
0,rgb_trained,119,65,True,5,8,0.45
0,rgb_trained,119,65,True,5,16,0.9
0,rgb_trained,119,65,True,5,all,1.0
0,rgb_trained,120,66,True,5,1,0.1
0,rgb_trained,120,66,True,5,2,0.0
0,rgb_trained,120,66,True,5,4,0.0
0,rgb_trained,120,66,True,5,8,0.0
0,rgb_trained,120,66,True,5,16,0.0
0,rgb_trained,120,66,True,5,all,0.0
0,rgb_trained,122,67,False,5,1,1.0
0,rgb_trained,122,67,False,5,2,1.0
0,rgb_trained,122,67,False,5,4,1.0
0,rgb_trained,122,67,False,5,8,1.0
0,rgb_trained,122,67,False,5,16,1.0
0,rgb_trained,122,67,False,5,all,1.0
0,rgb_trained,124,68,False,5,1,0.85
0,rgb_trained,124,68,False,5,2,1.0
0,rgb_trained,124,68,False,5,4,1.0
0,rgb_trained,124,68,False,5,8,1.0
0,rgb_trained,124,68,False,5,16,1.0
0,rgb_trained,124,68,False,5,all,1.0
0,rgb_trained,126,69,False,5,1,0.8
0,rgb_trained,126,69,False,5,2,0.95
0,rgb_trained,126,69,False,5,4,1.0
0,rgb_trained,126,69,False,5,8,1.0
0,rgb_trained,126,69,False,5,16,1.0
0,rgb_trained,126,69,False,5,all,1.0
0,rgb_trained,127,70,True,5,1,0.35
0,rgb_trained,127,70,True,5,2,0.35
0,rgb_trained,127,70,True,5,4,0.65
0,rgb_trained,127,70,True,5,8,0.9
0,rgb_trained,127,70,True,5,16,1.0
0,rgb_trained,127,70,True,5,all,1.0
0,rgb_trained,128,71,True,5,1,0.0
0,rgb_trained,128,71,True,5,2,0.0
0,rgb_trained,128,71,True,5,4,0.0
0,rgb_trained,128,71,True,5,8,0.0
0,rgb_trained,128,71,True,5,16,0.0
0,rgb_trained,128,71,True,5,all,0.0
0,rgb_trained,130,72,False,6,1,0.85
0,rgb_trained,130,72,False,6,2,1.0
0,rgb_trained,130,72,False,6,4,1.0
0,rgb_trained,130,72,False,6,8,1.0
0,rgb_trained,130,72,False,6,16,1.0
0,rgb_trained,130,72,False,6,all,1.0
0,rgb_trained,131,73,False,6,1,0.8
0,rgb_trained,131,73,False,6,2,0.95
0,rgb_trained,131,73,False,6,4,1.0
0,rgb_trained,131,73,False,6,8,1.0
0,rgb_trained,131,73,False,6,16,1.0
0,rgb_trained,131,73,False,6,all,1.0
0,rgb_trained,134,74,False,6,1,1.0
0,rgb_trained,134,74,False,6,2,0.95
0,rgb_trained,134,74,False,6,4,1.0
0,rgb_trained,134,74,False,6,8,1.0
0,rgb_trained,134,74,False,6,16,1.0
0,rgb_trained,134,74,False,6,all,1.0
0,rgb_trained,136,75,False,6,1,0.5
0,rgb_trained,136,75,False,6,2,0.5
0,rgb_trained,136,75,False,6,4,0.6
0,rgb_trained,136,75,False,6,8,0.65
0,rgb_trained,136,75,False,6,16,0.95
0,rgb_trained,136,75,False,6,all,1.0
0,rgb_trained,138,76,False,6,1,0.85
0,rgb_trained,138,76,False,6,2,1.0
0,rgb_trained,138,76,False,6,4,1.0
0,rgb_trained,138,76,False,6,8,1.0
0,rgb_trained,138,76,False,6,16,1.0
0,rgb_trained,138,76,False,6,all,1.0
0,rgb_trained,140,77,False,7,1,0.9
0,rgb_trained,140,77,False,7,2,0.95
0,rgb_trained,140,77,False,7,4,1.0
0,rgb_trained,140,77,False,7,8,1.0
0,rgb_trained,140,77,False,7,16,1.0
0,rgb_trained,140,77,False,7,all,1.0
0,rgb_trained,141,78,True,7,1,0.5
0,rgb_trained,141,78,True,7,2,0.5
0,rgb_trained,141,78,True,7,4,0.7
0,rgb_trained,141,78,True,7,8,0.95
0,rgb_trained,141,78,True,7,16,1.0
0,rgb_trained,141,78,True,7,all,1.0
0,rgb_trained,143,80,False,7,1,0.5
0,rgb_trained,143,80,False,7,2,0.45
0,rgb_trained,143,80,False,7,4,0.85
0,rgb_trained,143,80,False,7,8,1.0
0,rgb_trained,143,80,False,7,16,1.0
0,rgb_trained,143,80,False,7,all,1.0
0,rgb_trained,146,81,False,7,1,0.8
0,rgb_trained,146,81,False,7,2,0.75
0,rgb_trained,146,81,False,7,4,0.9
0,rgb_trained,146,81,False,7,8,1.0
0,rgb_trained,146,81,False,7,16,1.0
0,rgb_trained,146,81,False,7,all,1.0
0,rgb_trained,147,4,True,8,1,0.75
0,rgb_trained,147,4,True,8,2,0.9
0,rgb_trained,147,4,True,8,4,1.0
0,rgb_trained,147,4,True,8,8,1.0
0,rgb_trained,147,4,True,8,16,1.0
0,rgb_trained,147,4,True,8,all,1.0
0,rgb_trained,148,7,True,8,1,0.0
0,rgb_trained,148,7,True,8,2,0.0
0,rgb_trained,148,7,True,8,4,0.0
0,rgb_trained,148,7,True,8,8,0.0
0,rgb_trained,148,7,True,8,16,0.0
0,rgb_trained,148,7,True,8,all,0.0
0,rgb_trained,149,12,True,8,1,0.35
0,rgb_trained,149,12,True,8,2,0.2
0,rgb_trained,149,12,True,8,4,0.15
0,rgb_trained,149,12,True,8,8,0.05
0,rgb_trained,149,12,True,8,16,0.0
0,rgb_trained,149,12,True,8,all,0.0
0,rgb_trained,155,82,False,8,1,0.85
0,rgb_trained,155,82,False,8,2,0.9
0,rgb_trained,155,82,False,8,4,1.0
0,rgb_trained,155,82,False,8,8,1.0
0,rgb_trained,155,82,False,8,16,1.0
0,rgb_trained,155,82,False,8,all,1.0
0,rgb_trained,157,61,True,8,1,0.25
0,rgb_trained,157,61,True,8,2,0.05
0,rgb_trained,157,61,True,8,4,0.15
0,rgb_trained,157,61,True,8,8,0.0
0,rgb_trained,157,61,True,8,16,0.0
0,rgb_trained,157,61,True,8,all,0.0
0,rgb_trained,158,63,True,8,1,0.05
0,rgb_trained,158,63,True,8,2,0.1
0,rgb_trained,158,63,True,8,4,0.0
0,rgb_trained,158,63,True,8,8,0.0
0,rgb_trained,158,63,True,8,16,0.0
0,rgb_trained,158,63,True,8,all,0.0
0,rgb_trained,161,83,False,8,1,0.65
0,rgb_trained,161,83,False,8,2,0.85
0,rgb_trained,161,83,False,8,4,0.85
0,rgb_trained,161,83,False,8,8,1.0
0,rgb_trained,161,83,False,8,16,1.0
0,rgb_trained,161,83,False,8,all,1.0
0,rgb_trained,164,84,False,8,1,0.9
0,rgb_trained,164,84,False,8,2,1.0
0,rgb_trained,164,84,False,8,4,0.95
0,rgb_trained,164,84,False,8,8,1.0
0,rgb_trained,164,84,False,8,16,1.0
0,rgb_trained,164,84,False,8,all,1.0
0,rgb_trained,167,85,False,8,1,0.95
0,rgb_trained,167,85,False,8,2,0.9
0,rgb_trained,167,85,False,8,4,1.0
0,rgb_trained,167,85,False,8,8,1.0
0,rgb_trained,167,85,False,8,16,1.0
0,rgb_trained,167,85,False,8,all,1.0
0,rgb_trained,168,86,False,8,1,0.85
0,rgb_trained,168,86,False,8,2,0.9
0,rgb_trained,168,86,False,8,4,1.0
0,rgb_trained,168,86,False,8,8,1.0
0,rgb_trained,168,86,False,8,16,1.0
0,rgb_trained,168,86,False,8,all,1.0
0,rgb_trained,171,87,False,8,1,0.95
0,rgb_trained,171,87,False,8,2,1.0
0,rgb_trained,171,87,False,8,4,1.0
0,rgb_trained,171,87,False,8,8,1.0
0,rgb_trained,171,87,False,8,16,1.0
0,rgb_trained,171,87,False,8,all,1.0
0,rgb_trained,174,88,False,8,1,0.8
0,rgb_trained,174,88,False,8,2,1.0
0,rgb_trained,174,88,False,8,4,1.0
0,rgb_trained,174,88,False,8,8,1.0
0,rgb_trained,174,88,False,8,16,1.0
0,rgb_trained,174,88,False,8,all,1.0
0,rgb_trained,178,89,False,8,1,0.9
0,rgb_trained,178,89,False,8,2,1.0
0,rgb_trained,178,89,False,8,4,1.0
0,rgb_trained,178,89,False,8,8,1.0
0,rgb_trained,178,89,False,8,16,1.0
0,rgb_trained,178,89,False,8,all,1.0
0,rgb_trained,179,79,True,8,1,0.5
0,rgb_trained,179,79,True,8,2,0.7
0,rgb_trained,179,79,True,8,4,0.9
0,rgb_trained,179,79,True,8,8,1.0
0,rgb_trained,179,79,True,8,16,1.0
0,rgb_trained,179,79,True,8,all,1.0
0,equal_fusion,1,0,False,0,1,0.4
0,equal_fusion,1,0,False,0,2,0.7
0,equal_fusion,1,0,False,0,4,0.85
0,equal_fusion,1,0,False,0,8,1.0
0,equal_fusion,1,0,False,0,16,1.0
0,equal_fusion,1,0,False,0,all,1.0
0,equal_fusion,2,1,False,0,1,0.9
0,equal_fusion,2,1,False,0,2,1.0
0,equal_fusion,2,1,False,0,4,1.0
0,equal_fusion,2,1,False,0,8,1.0
0,equal_fusion,2,1,False,0,16,1.0
0,equal_fusion,2,1,False,0,all,1.0
0,equal_fusion,5,2,False,0,1,1.0
0,equal_fusion,5,2,False,0,2,0.95
0,equal_fusion,5,2,False,0,4,1.0
0,equal_fusion,5,2,False,0,8,1.0
0,equal_fusion,5,2,False,0,16,1.0
0,equal_fusion,5,2,False,0,all,1.0
0,equal_fusion,7,3,False,0,1,1.0
0,equal_fusion,7,3,False,0,2,1.0
0,equal_fusion,7,3,False,0,4,1.0
0,equal_fusion,7,3,False,0,8,1.0
0,equal_fusion,7,3,False,0,16,1.0
0,equal_fusion,7,3,False,0,all,1.0
0,equal_fusion,10,5,False,1,1,0.95
0,equal_fusion,10,5,False,1,2,1.0
0,equal_fusion,10,5,False,1,4,1.0
0,equal_fusion,10,5,False,1,8,1.0
0,equal_fusion,10,5,False,1,16,1.0
0,equal_fusion,10,5,False,1,all,1.0
0,equal_fusion,12,6,False,1,1,0.75
0,equal_fusion,12,6,False,1,2,0.9
0,equal_fusion,12,6,False,1,4,1.0
0,equal_fusion,12,6,False,1,8,1.0
0,equal_fusion,12,6,False,1,16,1.0
0,equal_fusion,12,6,False,1,all,1.0
0,equal_fusion,15,8,False,1,1,0.95
0,equal_fusion,15,8,False,1,2,1.0
0,equal_fusion,15,8,False,1,4,1.0
0,equal_fusion,15,8,False,1,8,1.0
0,equal_fusion,15,8,False,1,16,1.0
0,equal_fusion,15,8,False,1,all,1.0
0,equal_fusion,16,9,False,1,1,0.9
0,equal_fusion,16,9,False,1,2,1.0
0,equal_fusion,16,9,False,1,4,1.0
0,equal_fusion,16,9,False,1,8,1.0
0,equal_fusion,16,9,False,1,16,1.0
0,equal_fusion,16,9,False,1,all,1.0
0,equal_fusion,19,10,False,1,1,0.55
0,equal_fusion,19,10,False,1,2,1.0
0,equal_fusion,19,10,False,1,4,1.0
0,equal_fusion,19,10,False,1,8,1.0
0,equal_fusion,19,10,False,1,16,1.0
0,equal_fusion,19,10,False,1,all,1.0
0,equal_fusion,21,11,False,1,1,0.75
0,equal_fusion,21,11,False,1,2,0.7
0,equal_fusion,21,11,False,1,4,1.0
0,equal_fusion,21,11,False,1,8,1.0
0,equal_fusion,21,11,False,1,16,1.0
0,equal_fusion,21,11,False,1,all,1.0
0,equal_fusion,23,13,False,1,1,0.6
0,equal_fusion,23,13,False,1,2,1.0
0,equal_fusion,23,13,False,1,4,1.0
0,equal_fusion,23,13,False,1,8,1.0
0,equal_fusion,23,13,False,1,16,1.0
0,equal_fusion,23,13,False,1,all,1.0
0,equal_fusion,26,14,False,1,1,0.85
0,equal_fusion,26,14,False,1,2,1.0
0,equal_fusion,26,14,False,1,4,1.0
0,equal_fusion,26,14,False,1,8,1.0
0,equal_fusion,26,14,False,1,16,1.0
0,equal_fusion,26,14,False,1,all,1.0
0,equal_fusion,28,15,False,1,1,0.95
0,equal_fusion,28,15,False,1,2,1.0
0,equal_fusion,28,15,False,1,4,1.0
0,equal_fusion,28,15,False,1,8,1.0
0,equal_fusion,28,15,False,1,16,1.0
0,equal_fusion,28,15,False,1,all,1.0
0,equal_fusion,30,16,False,1,1,0.95
0,equal_fusion,30,16,False,1,2,1.0
0,equal_fusion,30,16,False,1,4,1.0
0,equal_fusion,30,16,False,1,8,1.0
0,equal_fusion,30,16,False,1,16,1.0
0,equal_fusion,30,16,False,1,all,1.0
0,equal_fusion,31,17,False,1,1,0.9
0,equal_fusion,31,17,False,1,2,0.9
0,equal_fusion,31,17,False,1,4,1.0
0,equal_fusion,31,17,False,1,8,1.0
0,equal_fusion,31,17,False,1,16,1.0
0,equal_fusion,31,17,False,1,all,1.0
0,equal_fusion,33,18,False,1,1,0.8
0,equal_fusion,33,18,False,1,2,1.0
0,equal_fusion,33,18,False,1,4,1.0
0,equal_fusion,33,18,False,1,8,1.0
0,equal_fusion,33,18,False,1,16,1.0
0,equal_fusion,33,18,False,1,all,1.0
0,equal_fusion,36,19,False,1,1,0.8
0,equal_fusion,36,19,False,1,2,1.0
0,equal_fusion,36,19,False,1,4,1.0
0,equal_fusion,36,19,False,1,8,1.0
0,equal_fusion,36,19,False,1,16,1.0
0,equal_fusion,36,19,False,1,all,1.0
0,equal_fusion,37,20,False,2,1,0.8
0,equal_fusion,37,20,False,2,2,1.0
0,equal_fusion,37,20,False,2,4,1.0
0,equal_fusion,37,20,False,2,8,1.0
0,equal_fusion,37,20,False,2,16,1.0
0,equal_fusion,37,20,False,2,all,1.0
0,equal_fusion,39,21,False,2,1,0.85
0,equal_fusion,39,21,False,2,2,0.95
0,equal_fusion,39,21,False,2,4,1.0
0,equal_fusion,39,21,False,2,8,1.0
0,equal_fusion,39,21,False,2,16,1.0
0,equal_fusion,39,21,False,2,all,1.0
0,equal_fusion,41,22,True,2,1,0.45
0,equal_fusion,41,22,True,2,2,0.65
0,equal_fusion,41,22,True,2,4,0.55
0,equal_fusion,41,22,True,2,8,0.75
0,equal_fusion,41,22,True,2,16,0.8
0,equal_fusion,41,22,True,2,all,1.0
0,equal_fusion,43,23,False,2,1,0.95
0,equal_fusion,43,23,False,2,2,1.0
0,equal_fusion,43,23,False,2,4,1.0
0,equal_fusion,43,23,False,2,8,1.0
0,equal_fusion,43,23,False,2,16,1.0
0,equal_fusion,43,23,False,2,all,1.0
0,equal_fusion,44,24,False,2,1,0.85
0,equal_fusion,44,24,False,2,2,0.95
0,equal_fusion,44,24,False,2,4,1.0
0,equal_fusion,44,24,False,2,8,1.0
0,equal_fusion,44,24,False,2,16,1.0
0,equal_fusion,44,24,False,2,all,1.0
0,equal_fusion,46,25,False,2,1,0.9
0,equal_fusion,46,25,False,2,2,0.95
0,equal_fusion,46,25,False,2,4,1.0
0,equal_fusion,46,25,False,2,8,1.0
0,equal_fusion,46,25,False,2,16,1.0
0,equal_fusion,46,25,False,2,all,1.0
0,equal_fusion,48,26,False,2,1,1.0
0,equal_fusion,48,26,False,2,2,1.0
0,equal_fusion,48,26,False,2,4,1.0
0,equal_fusion,48,26,False,2,8,1.0
0,equal_fusion,48,26,False,2,16,1.0
0,equal_fusion,48,26,False,2,all,1.0
0,equal_fusion,51,27,False,2,1,0.9
0,equal_fusion,51,27,False,2,2,0.9
0,equal_fusion,51,27,False,2,4,1.0
0,equal_fusion,51,27,False,2,8,1.0
0,equal_fusion,51,27,False,2,16,1.0
0,equal_fusion,51,27,False,2,all,1.0
0,equal_fusion,52,28,False,2,1,1.0
0,equal_fusion,52,28,False,2,2,1.0
0,equal_fusion,52,28,False,2,4,1.0
0,equal_fusion,52,28,False,2,8,1.0
0,equal_fusion,52,28,False,2,16,1.0
0,equal_fusion,52,28,False,2,all,1.0
0,equal_fusion,55,29,False,2,1,0.95
0,equal_fusion,55,29,False,2,2,1.0
0,equal_fusion,55,29,False,2,4,1.0
0,equal_fusion,55,29,False,2,8,1.0
0,equal_fusion,55,29,False,2,16,1.0
0,equal_fusion,55,29,False,2,all,1.0
0,equal_fusion,57,30,False,2,1,0.7
0,equal_fusion,57,30,False,2,2,0.8
0,equal_fusion,57,30,False,2,4,1.0
0,equal_fusion,57,30,False,2,8,1.0
0,equal_fusion,57,30,False,2,16,1.0
0,equal_fusion,57,30,False,2,all,1.0
0,equal_fusion,59,31,False,2,1,1.0
0,equal_fusion,59,31,False,2,2,1.0
0,equal_fusion,59,31,False,2,4,1.0
0,equal_fusion,59,31,False,2,8,1.0
0,equal_fusion,59,31,False,2,16,1.0
0,equal_fusion,59,31,False,2,all,1.0
0,equal_fusion,60,32,False,2,1,1.0
0,equal_fusion,60,32,False,2,2,1.0
0,equal_fusion,60,32,False,2,4,1.0
0,equal_fusion,60,32,False,2,8,1.0
0,equal_fusion,60,32,False,2,16,1.0
0,equal_fusion,60,32,False,2,all,1.0
0,equal_fusion,62,33,False,2,1,0.55
0,equal_fusion,62,33,False,2,2,0.8
0,equal_fusion,62,33,False,2,4,0.8
0,equal_fusion,62,33,False,2,8,0.9
0,equal_fusion,62,33,False,2,16,1.0
0,equal_fusion,62,33,False,2,all,1.0
0,equal_fusion,65,34,False,3,1,0.9
0,equal_fusion,65,34,False,3,2,0.85
0,equal_fusion,65,34,False,3,4,0.95
0,equal_fusion,65,34,False,3,8,1.0
0,equal_fusion,65,34,False,3,16,1.0
0,equal_fusion,65,34,False,3,all,1.0
0,equal_fusion,67,35,False,3,1,1.0
0,equal_fusion,67,35,False,3,2,1.0
0,equal_fusion,67,35,False,3,4,1.0
0,equal_fusion,67,35,False,3,8,1.0
0,equal_fusion,67,35,False,3,16,1.0
0,equal_fusion,67,35,False,3,all,1.0
0,equal_fusion,69,36,False,3,1,1.0
0,equal_fusion,69,36,False,3,2,1.0
0,equal_fusion,69,36,False,3,4,1.0
0,equal_fusion,69,36,False,3,8,1.0
0,equal_fusion,69,36,False,3,16,1.0
0,equal_fusion,69,36,False,3,all,1.0
0,equal_fusion,71,37,False,3,1,0.7
0,equal_fusion,71,37,False,3,2,0.85
0,equal_fusion,71,37,False,3,4,1.0
0,equal_fusion,71,37,False,3,8,1.0
0,equal_fusion,71,37,False,3,16,1.0
0,equal_fusion,71,37,False,3,all,1.0
0,equal_fusion,72,38,True,3,1,0.05
0,equal_fusion,72,38,True,3,2,0.0
0,equal_fusion,72,38,True,3,4,0.0
0,equal_fusion,72,38,True,3,8,0.0
0,equal_fusion,72,38,True,3,16,0.0
0,equal_fusion,72,38,True,3,all,0.0
0,equal_fusion,73,39,False,3,1,0.8
0,equal_fusion,73,39,False,3,2,1.0
0,equal_fusion,73,39,False,3,4,1.0
0,equal_fusion,73,39,False,3,8,1.0
0,equal_fusion,73,39,False,3,16,1.0
0,equal_fusion,73,39,False,3,all,1.0
0,equal_fusion,76,40,False,3,1,0.5
0,equal_fusion,76,40,False,3,2,0.8
0,equal_fusion,76,40,False,3,4,0.9
0,equal_fusion,76,40,False,3,8,1.0
0,equal_fusion,76,40,False,3,16,1.0
0,equal_fusion,76,40,False,3,all,1.0
0,equal_fusion,78,41,False,3,1,0.35
0,equal_fusion,78,41,False,3,2,0.6
0,equal_fusion,78,41,False,3,4,0.55
0,equal_fusion,78,41,False,3,8,0.85
0,equal_fusion,78,41,False,3,16,1.0
0,equal_fusion,78,41,False,3,all,1.0
0,equal_fusion,80,42,False,3,1,0.8
0,equal_fusion,80,42,False,3,2,0.8
0,equal_fusion,80,42,False,3,4,1.0
0,equal_fusion,80,42,False,3,8,1.0
0,equal_fusion,80,42,False,3,16,1.0
0,equal_fusion,80,42,False,3,all,1.0
0,equal_fusion,81,43,False,4,1,0.95
0,equal_fusion,81,43,False,4,2,0.95
0,equal_fusion,81,43,False,4,4,1.0
0,equal_fusion,81,43,False,4,8,1.0
0,equal_fusion,81,43,False,4,16,1.0
0,equal_fusion,81,43,False,4,all,1.0
0,equal_fusion,84,44,False,4,1,0.65
0,equal_fusion,84,44,False,4,2,1.0
0,equal_fusion,84,44,False,4,4,1.0
0,equal_fusion,84,44,False,4,8,1.0
0,equal_fusion,84,44,False,4,16,1.0
0,equal_fusion,84,44,False,4,all,1.0
0,equal_fusion,85,45,True,4,1,0.2
0,equal_fusion,85,45,True,4,2,0.0
0,equal_fusion,85,45,True,4,4,0.0
0,equal_fusion,85,45,True,4,8,0.0
0,equal_fusion,85,45,True,4,16,0.0
0,equal_fusion,85,45,True,4,all,0.0
0,equal_fusion,86,46,False,4,1,0.65
0,equal_fusion,86,46,False,4,2,0.95
0,equal_fusion,86,46,False,4,4,1.0
0,equal_fusion,86,46,False,4,8,1.0
0,equal_fusion,86,46,False,4,16,1.0
0,equal_fusion,86,46,False,4,all,1.0
0,equal_fusion,89,47,False,4,1,1.0
0,equal_fusion,89,47,False,4,2,1.0
0,equal_fusion,89,47,False,4,4,1.0
0,equal_fusion,89,47,False,4,8,1.0
0,equal_fusion,89,47,False,4,16,1.0
0,equal_fusion,89,47,False,4,all,1.0
0,equal_fusion,90,48,False,4,1,0.95
0,equal_fusion,90,48,False,4,2,1.0
0,equal_fusion,90,48,False,4,4,1.0
0,equal_fusion,90,48,False,4,8,1.0
0,equal_fusion,90,48,False,4,16,1.0
0,equal_fusion,90,48,False,4,all,1.0
0,equal_fusion,92,49,False,4,1,0.1
0,equal_fusion,92,49,False,4,2,0.35
0,equal_fusion,92,49,False,4,4,0.45
0,equal_fusion,92,49,False,4,8,1.0
0,equal_fusion,92,49,False,4,16,1.0
0,equal_fusion,92,49,False,4,all,1.0
0,equal_fusion,94,50,False,4,1,0.9
0,equal_fusion,94,50,False,4,2,1.0
0,equal_fusion,94,50,False,4,4,1.0
0,equal_fusion,94,50,False,4,8,1.0
0,equal_fusion,94,50,False,4,16,1.0
0,equal_fusion,94,50,False,4,all,1.0
0,equal_fusion,96,51,False,4,1,0.2
0,equal_fusion,96,51,False,4,2,0.4
0,equal_fusion,96,51,False,4,4,0.3
0,equal_fusion,96,51,False,4,8,0.65
0,equal_fusion,96,51,False,4,16,0.75
0,equal_fusion,96,51,False,4,all,1.0
0,equal_fusion,98,52,False,4,1,0.5
0,equal_fusion,98,52,False,4,2,0.55
0,equal_fusion,98,52,False,4,4,0.75
0,equal_fusion,98,52,False,4,8,0.75
0,equal_fusion,98,52,False,4,16,1.0
0,equal_fusion,98,52,False,4,all,1.0
0,equal_fusion,101,53,False,4,1,0.95
0,equal_fusion,101,53,False,4,2,1.0
0,equal_fusion,101,53,False,4,4,1.0
0,equal_fusion,101,53,False,4,8,1.0
0,equal_fusion,101,53,False,4,16,1.0
0,equal_fusion,101,53,False,4,all,1.0
0,equal_fusion,103,54,False,4,1,0.6
0,equal_fusion,103,54,False,4,2,0.95
0,equal_fusion,103,54,False,4,4,1.0
0,equal_fusion,103,54,False,4,8,1.0
0,equal_fusion,103,54,False,4,16,1.0
0,equal_fusion,103,54,False,4,all,1.0
0,equal_fusion,105,55,False,4,1,0.7
0,equal_fusion,105,55,False,4,2,1.0
0,equal_fusion,105,55,False,4,4,1.0
0,equal_fusion,105,55,False,4,8,1.0
0,equal_fusion,105,55,False,4,16,1.0
0,equal_fusion,105,55,False,4,all,1.0
0,equal_fusion,106,56,False,4,1,0.8
0,equal_fusion,106,56,False,4,2,1.0
0,equal_fusion,106,56,False,4,4,1.0
0,equal_fusion,106,56,False,4,8,1.0
0,equal_fusion,106,56,False,4,16,1.0
0,equal_fusion,106,56,False,4,all,1.0
0,equal_fusion,108,57,False,5,1,0.95
0,equal_fusion,108,57,False,5,2,1.0
0,equal_fusion,108,57,False,5,4,1.0
0,equal_fusion,108,57,False,5,8,1.0
0,equal_fusion,108,57,False,5,16,1.0
0,equal_fusion,108,57,False,5,all,1.0
0,equal_fusion,111,58,False,5,1,0.8
0,equal_fusion,111,58,False,5,2,0.95
0,equal_fusion,111,58,False,5,4,1.0
0,equal_fusion,111,58,False,5,8,1.0
0,equal_fusion,111,58,False,5,16,1.0
0,equal_fusion,111,58,False,5,all,1.0
0,equal_fusion,112,59,True,5,1,0.6
0,equal_fusion,112,59,True,5,2,0.8
0,equal_fusion,112,59,True,5,4,0.85
0,equal_fusion,112,59,True,5,8,0.9
0,equal_fusion,112,59,True,5,16,1.0
0,equal_fusion,112,59,True,5,all,1.0
0,equal_fusion,113,60,True,5,1,0.4
0,equal_fusion,113,60,True,5,2,0.75
0,equal_fusion,113,60,True,5,4,0.75
0,equal_fusion,113,60,True,5,8,1.0
0,equal_fusion,113,60,True,5,16,1.0
0,equal_fusion,113,60,True,5,all,1.0
0,equal_fusion,115,62,False,5,1,0.65
0,equal_fusion,115,62,False,5,2,1.0
0,equal_fusion,115,62,False,5,4,1.0
0,equal_fusion,115,62,False,5,8,1.0
0,equal_fusion,115,62,False,5,16,1.0
0,equal_fusion,115,62,False,5,all,1.0
0,equal_fusion,118,64,True,5,1,0.45
0,equal_fusion,118,64,True,5,2,0.45
0,equal_fusion,118,64,True,5,4,0.5
0,equal_fusion,118,64,True,5,8,0.7
0,equal_fusion,118,64,True,5,16,0.75
0,equal_fusion,118,64,True,5,all,1.0
0,equal_fusion,119,65,True,5,1,0.05
0,equal_fusion,119,65,True,5,2,0.3
0,equal_fusion,119,65,True,5,4,0.15
0,equal_fusion,119,65,True,5,8,0.05
0,equal_fusion,119,65,True,5,16,0.2
0,equal_fusion,119,65,True,5,all,0.0
0,equal_fusion,120,66,True,5,1,0.05
0,equal_fusion,120,66,True,5,2,0.0
0,equal_fusion,120,66,True,5,4,0.1
0,equal_fusion,120,66,True,5,8,0.0
0,equal_fusion,120,66,True,5,16,0.0
0,equal_fusion,120,66,True,5,all,0.0
0,equal_fusion,122,67,False,5,1,1.0
0,equal_fusion,122,67,False,5,2,1.0
0,equal_fusion,122,67,False,5,4,1.0
0,equal_fusion,122,67,False,5,8,1.0
0,equal_fusion,122,67,False,5,16,1.0
0,equal_fusion,122,67,False,5,all,1.0
0,equal_fusion,124,68,False,5,1,1.0
0,equal_fusion,124,68,False,5,2,1.0
0,equal_fusion,124,68,False,5,4,1.0
0,equal_fusion,124,68,False,5,8,1.0
0,equal_fusion,124,68,False,5,16,1.0
0,equal_fusion,124,68,False,5,all,1.0
0,equal_fusion,126,69,False,5,1,0.85
0,equal_fusion,126,69,False,5,2,0.95
0,equal_fusion,126,69,False,5,4,0.85
0,equal_fusion,126,69,False,5,8,1.0
0,equal_fusion,126,69,False,5,16,1.0
0,equal_fusion,126,69,False,5,all,1.0
0,equal_fusion,127,70,True,5,1,0.25
0,equal_fusion,127,70,True,5,2,0.2
0,equal_fusion,127,70,True,5,4,0.45
0,equal_fusion,127,70,True,5,8,0.65
0,equal_fusion,127,70,True,5,16,0.6
0,equal_fusion,127,70,True,5,all,1.0
0,equal_fusion,128,71,True,5,1,0.0
0,equal_fusion,128,71,True,5,2,0.0
0,equal_fusion,128,71,True,5,4,0.0
0,equal_fusion,128,71,True,5,8,0.0
0,equal_fusion,128,71,True,5,16,0.0
0,equal_fusion,128,71,True,5,all,0.0
0,equal_fusion,130,72,False,6,1,0.95
0,equal_fusion,130,72,False,6,2,0.95
0,equal_fusion,130,72,False,6,4,1.0
0,equal_fusion,130,72,False,6,8,1.0
0,equal_fusion,130,72,False,6,16,1.0
0,equal_fusion,130,72,False,6,all,1.0
0,equal_fusion,131,73,False,6,1,0.75
0,equal_fusion,131,73,False,6,2,1.0
0,equal_fusion,131,73,False,6,4,1.0
0,equal_fusion,131,73,False,6,8,1.0
0,equal_fusion,131,73,False,6,16,1.0
0,equal_fusion,131,73,False,6,all,1.0
0,equal_fusion,134,74,False,6,1,1.0
0,equal_fusion,134,74,False,6,2,1.0
0,equal_fusion,134,74,False,6,4,1.0
0,equal_fusion,134,74,False,6,8,1.0
0,equal_fusion,134,74,False,6,16,1.0
0,equal_fusion,134,74,False,6,all,1.0
0,equal_fusion,136,75,False,6,1,0.85
0,equal_fusion,136,75,False,6,2,0.8
0,equal_fusion,136,75,False,6,4,1.0
0,equal_fusion,136,75,False,6,8,1.0
0,equal_fusion,136,75,False,6,16,1.0
0,equal_fusion,136,75,False,6,all,1.0
0,equal_fusion,138,76,False,6,1,0.95
0,equal_fusion,138,76,False,6,2,1.0
0,equal_fusion,138,76,False,6,4,1.0
0,equal_fusion,138,76,False,6,8,1.0
0,equal_fusion,138,76,False,6,16,1.0
0,equal_fusion,138,76,False,6,all,1.0
0,equal_fusion,140,77,False,7,1,0.95
0,equal_fusion,140,77,False,7,2,1.0
0,equal_fusion,140,77,False,7,4,1.0
0,equal_fusion,140,77,False,7,8,1.0
0,equal_fusion,140,77,False,7,16,1.0
0,equal_fusion,140,77,False,7,all,1.0
0,equal_fusion,141,78,True,7,1,0.85
0,equal_fusion,141,78,True,7,2,0.95
0,equal_fusion,141,78,True,7,4,1.0
0,equal_fusion,141,78,True,7,8,1.0
0,equal_fusion,141,78,True,7,16,1.0
0,equal_fusion,141,78,True,7,all,1.0
0,equal_fusion,143,80,False,7,1,0.55
0,equal_fusion,143,80,False,7,2,0.95
0,equal_fusion,143,80,False,7,4,0.9
0,equal_fusion,143,80,False,7,8,1.0
0,equal_fusion,143,80,False,7,16,1.0
0,equal_fusion,143,80,False,7,all,1.0
0,equal_fusion,146,81,False,7,1,1.0
0,equal_fusion,146,81,False,7,2,0.9
0,equal_fusion,146,81,False,7,4,0.95
0,equal_fusion,146,81,False,7,8,1.0
0,equal_fusion,146,81,False,7,16,1.0
0,equal_fusion,146,81,False,7,all,1.0
0,equal_fusion,147,4,True,8,1,0.65
0,equal_fusion,147,4,True,8,2,0.75
0,equal_fusion,147,4,True,8,4,0.85
0,equal_fusion,147,4,True,8,8,0.9
0,equal_fusion,147,4,True,8,16,1.0
0,equal_fusion,147,4,True,8,all,1.0
0,equal_fusion,148,7,True,8,1,0.0
0,equal_fusion,148,7,True,8,2,0.0
0,equal_fusion,148,7,True,8,4,0.0
0,equal_fusion,148,7,True,8,8,0.0
0,equal_fusion,148,7,True,8,16,0.0
0,equal_fusion,148,7,True,8,all,0.0
0,equal_fusion,149,12,True,8,1,0.25
0,equal_fusion,149,12,True,8,2,0.15
0,equal_fusion,149,12,True,8,4,0.1
0,equal_fusion,149,12,True,8,8,0.0
0,equal_fusion,149,12,True,8,16,0.0
0,equal_fusion,149,12,True,8,all,0.0
0,equal_fusion,155,82,False,8,1,0.8
0,equal_fusion,155,82,False,8,2,0.9
0,equal_fusion,155,82,False,8,4,1.0
0,equal_fusion,155,82,False,8,8,1.0
0,equal_fusion,155,82,False,8,16,1.0
0,equal_fusion,155,82,False,8,all,1.0
0,equal_fusion,157,61,True,8,1,0.1
0,equal_fusion,157,61,True,8,2,0.3
0,equal_fusion,157,61,True,8,4,0.5
0,equal_fusion,157,61,True,8,8,0.55
0,equal_fusion,157,61,True,8,16,0.7
0,equal_fusion,157,61,True,8,all,1.0
0,equal_fusion,158,63,True,8,1,0.05
0,equal_fusion,158,63,True,8,2,0.05
0,equal_fusion,158,63,True,8,4,0.0
0,equal_fusion,158,63,True,8,8,0.0
0,equal_fusion,158,63,True,8,16,0.0
0,equal_fusion,158,63,True,8,all,0.0
0,equal_fusion,161,83,False,8,1,0.8
0,equal_fusion,161,83,False,8,2,0.9
0,equal_fusion,161,83,False,8,4,1.0
0,equal_fusion,161,83,False,8,8,1.0
0,equal_fusion,161,83,False,8,16,1.0
0,equal_fusion,161,83,False,8,all,1.0
0,equal_fusion,164,84,False,8,1,0.8
0,equal_fusion,164,84,False,8,2,0.9
0,equal_fusion,164,84,False,8,4,0.9
0,equal_fusion,164,84,False,8,8,1.0
0,equal_fusion,164,84,False,8,16,1.0
0,equal_fusion,164,84,False,8,all,1.0
0,equal_fusion,167,85,False,8,1,0.95
0,equal_fusion,167,85,False,8,2,1.0
0,equal_fusion,167,85,False,8,4,1.0
0,equal_fusion,167,85,False,8,8,1.0
0,equal_fusion,167,85,False,8,16,1.0
0,equal_fusion,167,85,False,8,all,1.0
0,equal_fusion,168,86,False,8,1,0.95
0,equal_fusion,168,86,False,8,2,0.95
0,equal_fusion,168,86,False,8,4,1.0
0,equal_fusion,168,86,False,8,8,1.0
0,equal_fusion,168,86,False,8,16,1.0
0,equal_fusion,168,86,False,8,all,1.0
0,equal_fusion,171,87,False,8,1,1.0
0,equal_fusion,171,87,False,8,2,1.0
0,equal_fusion,171,87,False,8,4,1.0
0,equal_fusion,171,87,False,8,8,1.0
0,equal_fusion,171,87,False,8,16,1.0
0,equal_fusion,171,87,False,8,all,1.0
0,equal_fusion,174,88,False,8,1,0.95
0,equal_fusion,174,88,False,8,2,0.95
0,equal_fusion,174,88,False,8,4,1.0
0,equal_fusion,174,88,False,8,8,1.0
0,equal_fusion,174,88,False,8,16,1.0
0,equal_fusion,174,88,False,8,all,1.0
0,equal_fusion,178,89,False,8,1,0.9
0,equal_fusion,178,89,False,8,2,1.0
0,equal_fusion,178,89,False,8,4,1.0
0,equal_fusion,178,89,False,8,8,1.0
0,equal_fusion,178,89,False,8,16,1.0
0,equal_fusion,178,89,False,8,all,1.0
0,equal_fusion,179,79,True,8,1,0.7
0,equal_fusion,179,79,True,8,2,0.7
0,equal_fusion,179,79,True,8,4,0.75
0,equal_fusion,179,79,True,8,8,0.85
0,equal_fusion,179,79,True,8,16,0.9
0,equal_fusion,179,79,True,8,all,1.0
1,hsi_tta,0,0,False,0,1,0.35
1,hsi_tta,0,0,False,0,2,0.55
1,hsi_tta,0,0,False,0,4,0.75
1,hsi_tta,0,0,False,0,8,0.9
1,hsi_tta,0,0,False,0,16,0.95
1,hsi_tta,0,0,False,0,all,1.0
1,hsi_tta,3,1,False,0,1,0.9
1,hsi_tta,3,1,False,0,2,0.95
1,hsi_tta,3,1,False,0,4,1.0
1,hsi_tta,3,1,False,0,8,1.0
1,hsi_tta,3,1,False,0,16,1.0
1,hsi_tta,3,1,False,0,all,1.0
1,hsi_tta,4,2,False,0,1,0.9
1,hsi_tta,4,2,False,0,2,0.8
1,hsi_tta,4,2,False,0,4,1.0
1,hsi_tta,4,2,False,0,8,1.0
1,hsi_tta,4,2,False,0,16,1.0
1,hsi_tta,4,2,False,0,all,1.0
1,hsi_tta,6,3,False,0,1,1.0
1,hsi_tta,6,3,False,0,2,1.0
1,hsi_tta,6,3,False,0,4,1.0
1,hsi_tta,6,3,False,0,8,1.0
1,hsi_tta,6,3,False,0,16,1.0
1,hsi_tta,6,3,False,0,all,1.0
1,hsi_tta,8,4,True,0,1,0.55
1,hsi_tta,8,4,True,0,2,0.35
1,hsi_tta,8,4,True,0,4,0.25
1,hsi_tta,8,4,True,0,8,0.5
1,hsi_tta,8,4,True,0,16,0.25
1,hsi_tta,8,4,True,0,all,0.0
1,hsi_tta,9,5,False,1,1,0.95
1,hsi_tta,9,5,False,1,2,1.0
1,hsi_tta,9,5,False,1,4,1.0
1,hsi_tta,9,5,False,1,8,1.0
1,hsi_tta,9,5,False,1,16,1.0
1,hsi_tta,9,5,False,1,all,1.0
1,hsi_tta,11,6,False,1,1,0.5
1,hsi_tta,11,6,False,1,2,0.8
1,hsi_tta,11,6,False,1,4,0.85
1,hsi_tta,11,6,False,1,8,0.95
1,hsi_tta,11,6,False,1,16,0.95
1,hsi_tta,11,6,False,1,all,1.0
1,hsi_tta,13,7,True,1,1,0.0
1,hsi_tta,13,7,True,1,2,0.0
1,hsi_tta,13,7,True,1,4,0.0
1,hsi_tta,13,7,True,1,8,0.0
1,hsi_tta,13,7,True,1,16,0.0
1,hsi_tta,13,7,True,1,all,0.0
1,hsi_tta,14,8,False,1,1,0.45
1,hsi_tta,14,8,False,1,2,0.8
1,hsi_tta,14,8,False,1,4,1.0
1,hsi_tta,14,8,False,1,8,1.0
1,hsi_tta,14,8,False,1,16,1.0
1,hsi_tta,14,8,False,1,all,1.0
1,hsi_tta,17,9,False,1,1,0.95
1,hsi_tta,17,9,False,1,2,1.0
1,hsi_tta,17,9,False,1,4,1.0
1,hsi_tta,17,9,False,1,8,1.0
1,hsi_tta,17,9,False,1,16,1.0
1,hsi_tta,17,9,False,1,all,1.0
1,hsi_tta,18,10,False,1,1,0.2
1,hsi_tta,18,10,False,1,2,0.4
1,hsi_tta,18,10,False,1,4,0.4
1,hsi_tta,18,10,False,1,8,0.75
1,hsi_tta,18,10,False,1,16,0.95
1,hsi_tta,18,10,False,1,all,1.0
1,hsi_tta,20,11,False,1,1,0.1
1,hsi_tta,20,11,False,1,2,0.5
1,hsi_tta,20,11,False,1,4,0.05
1,hsi_tta,20,11,False,1,8,0.0
1,hsi_tta,20,11,False,1,16,0.0
1,hsi_tta,20,11,False,1,all,0.0
1,hsi_tta,22,12,True,1,1,0.0
1,hsi_tta,22,12,True,1,2,0.0
1,hsi_tta,22,12,True,1,4,0.0
1,hsi_tta,22,12,True,1,8,0.0
1,hsi_tta,22,12,True,1,16,0.0
1,hsi_tta,22,12,True,1,all,0.0
1,hsi_tta,24,13,False,1,1,0.9
1,hsi_tta,24,13,False,1,2,0.95
1,hsi_tta,24,13,False,1,4,1.0
1,hsi_tta,24,13,False,1,8,1.0
1,hsi_tta,24,13,False,1,16,1.0
1,hsi_tta,24,13,False,1,all,1.0
1,hsi_tta,25,14,False,1,1,0.65
1,hsi_tta,25,14,False,1,2,0.95
1,hsi_tta,25,14,False,1,4,1.0
1,hsi_tta,25,14,False,1,8,0.95
1,hsi_tta,25,14,False,1,16,1.0
1,hsi_tta,25,14,False,1,all,1.0
1,hsi_tta,27,15,False,1,1,0.85
1,hsi_tta,27,15,False,1,2,1.0
1,hsi_tta,27,15,False,1,4,1.0
1,hsi_tta,27,15,False,1,8,1.0
1,hsi_tta,27,15,False,1,16,1.0
1,hsi_tta,27,15,False,1,all,1.0
1,hsi_tta,29,16,False,1,1,0.65
1,hsi_tta,29,16,False,1,2,0.9
1,hsi_tta,29,16,False,1,4,0.95
1,hsi_tta,29,16,False,1,8,1.0
1,hsi_tta,29,16,False,1,16,1.0
1,hsi_tta,29,16,False,1,all,1.0
1,hsi_tta,32,17,False,1,1,0.75
1,hsi_tta,32,17,False,1,2,0.9
1,hsi_tta,32,17,False,1,4,1.0
1,hsi_tta,32,17,False,1,8,1.0
1,hsi_tta,32,17,False,1,16,1.0
1,hsi_tta,32,17,False,1,all,1.0
1,hsi_tta,34,18,False,1,1,0.5
1,hsi_tta,34,18,False,1,2,0.65
1,hsi_tta,34,18,False,1,4,1.0
1,hsi_tta,34,18,False,1,8,1.0
1,hsi_tta,34,18,False,1,16,1.0
1,hsi_tta,34,18,False,1,all,1.0
1,hsi_tta,35,19,False,1,1,0.3
1,hsi_tta,35,19,False,1,2,0.65
1,hsi_tta,35,19,False,1,4,0.9
1,hsi_tta,35,19,False,1,8,1.0
1,hsi_tta,35,19,False,1,16,1.0
1,hsi_tta,35,19,False,1,all,1.0
1,hsi_tta,38,20,False,2,1,0.7
1,hsi_tta,38,20,False,2,2,0.9
1,hsi_tta,38,20,False,2,4,1.0
1,hsi_tta,38,20,False,2,8,1.0
1,hsi_tta,38,20,False,2,16,1.0
1,hsi_tta,38,20,False,2,all,1.0
1,hsi_tta,40,21,False,2,1,0.95
1,hsi_tta,40,21,False,2,2,1.0
1,hsi_tta,40,21,False,2,4,1.0
1,hsi_tta,40,21,False,2,8,1.0
1,hsi_tta,40,21,False,2,16,1.0
1,hsi_tta,40,21,False,2,all,1.0
1,hsi_tta,42,23,False,2,1,0.8
1,hsi_tta,42,23,False,2,2,1.0
1,hsi_tta,42,23,False,2,4,0.95
1,hsi_tta,42,23,False,2,8,1.0
1,hsi_tta,42,23,False,2,16,1.0
1,hsi_tta,42,23,False,2,all,1.0
1,hsi_tta,45,24,False,2,1,0.6
1,hsi_tta,45,24,False,2,2,0.75
1,hsi_tta,45,24,False,2,4,0.95
1,hsi_tta,45,24,False,2,8,1.0
1,hsi_tta,45,24,False,2,16,1.0
1,hsi_tta,45,24,False,2,all,1.0
1,hsi_tta,47,25,False,2,1,0.55
1,hsi_tta,47,25,False,2,2,0.75
1,hsi_tta,47,25,False,2,4,0.65
1,hsi_tta,47,25,False,2,8,0.95
1,hsi_tta,47,25,False,2,16,1.0
1,hsi_tta,47,25,False,2,all,1.0
1,hsi_tta,49,26,False,2,1,1.0
1,hsi_tta,49,26,False,2,2,1.0
1,hsi_tta,49,26,False,2,4,1.0
1,hsi_tta,49,26,False,2,8,1.0
1,hsi_tta,49,26,False,2,16,1.0
1,hsi_tta,49,26,False,2,all,1.0
1,hsi_tta,50,27,False,2,1,0.5
1,hsi_tta,50,27,False,2,2,0.95
1,hsi_tta,50,27,False,2,4,1.0
1,hsi_tta,50,27,False,2,8,1.0
1,hsi_tta,50,27,False,2,16,1.0
1,hsi_tta,50,27,False,2,all,1.0
1,hsi_tta,53,28,False,2,1,1.0
1,hsi_tta,53,28,False,2,2,1.0
1,hsi_tta,53,28,False,2,4,1.0
1,hsi_tta,53,28,False,2,8,1.0
1,hsi_tta,53,28,False,2,16,1.0
1,hsi_tta,53,28,False,2,all,1.0
1,hsi_tta,54,29,False,2,1,0.9
1,hsi_tta,54,29,False,2,2,1.0
1,hsi_tta,54,29,False,2,4,1.0
1,hsi_tta,54,29,False,2,8,1.0
1,hsi_tta,54,29,False,2,16,1.0
1,hsi_tta,54,29,False,2,all,1.0
1,hsi_tta,56,30,False,2,1,0.2
1,hsi_tta,56,30,False,2,2,0.35
1,hsi_tta,56,30,False,2,4,0.35
1,hsi_tta,56,30,False,2,8,0.6
1,hsi_tta,56,30,False,2,16,0.65
1,hsi_tta,56,30,False,2,all,1.0
1,hsi_tta,58,31,False,2,1,0.95
1,hsi_tta,58,31,False,2,2,1.0
1,hsi_tta,58,31,False,2,4,1.0
1,hsi_tta,58,31,False,2,8,1.0
1,hsi_tta,58,31,False,2,16,1.0
1,hsi_tta,58,31,False,2,all,1.0
1,hsi_tta,61,32,False,2,1,0.65
1,hsi_tta,61,32,False,2,2,0.7
1,hsi_tta,61,32,False,2,4,0.75
1,hsi_tta,61,32,False,2,8,0.85
1,hsi_tta,61,32,False,2,16,0.95
1,hsi_tta,61,32,False,2,all,1.0
1,hsi_tta,63,33,False,2,1,0.55
1,hsi_tta,63,33,False,2,2,0.55
1,hsi_tta,63,33,False,2,4,0.75
1,hsi_tta,63,33,False,2,8,0.85
1,hsi_tta,63,33,False,2,16,0.95
1,hsi_tta,63,33,False,2,all,1.0
1,hsi_tta,64,34,False,3,1,0.5
1,hsi_tta,64,34,False,3,2,0.75
1,hsi_tta,64,34,False,3,4,1.0
1,hsi_tta,64,34,False,3,8,1.0
1,hsi_tta,64,34,False,3,16,1.0
1,hsi_tta,64,34,False,3,all,1.0
1,hsi_tta,66,35,False,3,1,0.9
1,hsi_tta,66,35,False,3,2,1.0
1,hsi_tta,66,35,False,3,4,1.0
1,hsi_tta,66,35,False,3,8,1.0
1,hsi_tta,66,35,False,3,16,1.0
1,hsi_tta,66,35,False,3,all,1.0
1,hsi_tta,68,36,False,3,1,0.85
1,hsi_tta,68,36,False,3,2,1.0
1,hsi_tta,68,36,False,3,4,1.0
1,hsi_tta,68,36,False,3,8,1.0
1,hsi_tta,68,36,False,3,16,1.0
1,hsi_tta,68,36,False,3,all,1.0
1,hsi_tta,70,37,False,3,1,0.25
1,hsi_tta,70,37,False,3,2,0.15
1,hsi_tta,70,37,False,3,4,0.55
1,hsi_tta,70,37,False,3,8,0.6
1,hsi_tta,70,37,False,3,16,0.95
1,hsi_tta,70,37,False,3,all,1.0
1,hsi_tta,74,39,False,3,1,0.5
1,hsi_tta,74,39,False,3,2,0.9
1,hsi_tta,74,39,False,3,4,0.85
1,hsi_tta,74,39,False,3,8,1.0
1,hsi_tta,74,39,False,3,16,1.0
1,hsi_tta,74,39,False,3,all,1.0
1,hsi_tta,75,40,False,3,1,0.8
1,hsi_tta,75,40,False,3,2,0.85
1,hsi_tta,75,40,False,3,4,1.0
1,hsi_tta,75,40,False,3,8,1.0
1,hsi_tta,75,40,False,3,16,1.0
1,hsi_tta,75,40,False,3,all,1.0
1,hsi_tta,77,41,False,3,1,0.45
1,hsi_tta,77,41,False,3,2,0.5
1,hsi_tta,77,41,False,3,4,0.65
1,hsi_tta,77,41,False,3,8,0.75
1,hsi_tta,77,41,False,3,16,0.95
1,hsi_tta,77,41,False,3,all,1.0
1,hsi_tta,79,42,False,3,1,0.5
1,hsi_tta,79,42,False,3,2,0.65
1,hsi_tta,79,42,False,3,4,0.9
1,hsi_tta,79,42,False,3,8,0.95
1,hsi_tta,79,42,False,3,16,1.0
1,hsi_tta,79,42,False,3,all,1.0
1,hsi_tta,82,43,False,4,1,0.05
1,hsi_tta,82,43,False,4,2,0.1
1,hsi_tta,82,43,False,4,4,0.1
1,hsi_tta,82,43,False,4,8,0.0
1,hsi_tta,82,43,False,4,16,0.0
1,hsi_tta,82,43,False,4,all,0.0
1,hsi_tta,83,44,False,4,1,0.75
1,hsi_tta,83,44,False,4,2,0.65
1,hsi_tta,83,44,False,4,4,0.9
1,hsi_tta,83,44,False,4,8,1.0
1,hsi_tta,83,44,False,4,16,1.0
1,hsi_tta,83,44,False,4,all,1.0
1,hsi_tta,87,46,False,4,1,0.35
1,hsi_tta,87,46,False,4,2,0.4
1,hsi_tta,87,46,False,4,4,0.35
1,hsi_tta,87,46,False,4,8,0.55
1,hsi_tta,87,46,False,4,16,0.65
1,hsi_tta,87,46,False,4,all,0.0
1,hsi_tta,88,47,False,4,1,0.55
1,hsi_tta,88,47,False,4,2,0.75
1,hsi_tta,88,47,False,4,4,1.0
1,hsi_tta,88,47,False,4,8,1.0
1,hsi_tta,88,47,False,4,16,1.0
1,hsi_tta,88,47,False,4,all,1.0
1,hsi_tta,91,48,False,4,1,0.9
1,hsi_tta,91,48,False,4,2,1.0
1,hsi_tta,91,48,False,4,4,1.0
1,hsi_tta,91,48,False,4,8,1.0
1,hsi_tta,91,48,False,4,16,1.0
1,hsi_tta,91,48,False,4,all,1.0
1,hsi_tta,93,49,False,4,1,0.2
1,hsi_tta,93,49,False,4,2,0.2
1,hsi_tta,93,49,False,4,4,0.45
1,hsi_tta,93,49,False,4,8,0.65
1,hsi_tta,93,49,False,4,16,0.75
1,hsi_tta,93,49,False,4,all,0.0
1,hsi_tta,95,50,False,4,1,1.0
1,hsi_tta,95,50,False,4,2,0.95
1,hsi_tta,95,50,False,4,4,1.0
1,hsi_tta,95,50,False,4,8,1.0
1,hsi_tta,95,50,False,4,16,1.0
1,hsi_tta,95,50,False,4,all,1.0
1,hsi_tta,97,51,False,4,1,0.15
1,hsi_tta,97,51,False,4,2,0.05
1,hsi_tta,97,51,False,4,4,0.05
1,hsi_tta,97,51,False,4,8,0.05
1,hsi_tta,97,51,False,4,16,0.0
1,hsi_tta,97,51,False,4,all,0.0
1,hsi_tta,99,52,False,4,1,0.0
1,hsi_tta,99,52,False,4,2,0.0
1,hsi_tta,99,52,False,4,4,0.0
1,hsi_tta,99,52,False,4,8,0.0
1,hsi_tta,99,52,False,4,16,0.0
1,hsi_tta,99,52,False,4,all,0.0
1,hsi_tta,100,53,False,4,1,0.9
1,hsi_tta,100,53,False,4,2,1.0
1,hsi_tta,100,53,False,4,4,1.0
1,hsi_tta,100,53,False,4,8,1.0
1,hsi_tta,100,53,False,4,16,1.0
1,hsi_tta,100,53,False,4,all,1.0
1,hsi_tta,102,54,False,4,1,0.65
1,hsi_tta,102,54,False,4,2,0.8
1,hsi_tta,102,54,False,4,4,0.9
1,hsi_tta,102,54,False,4,8,1.0
1,hsi_tta,102,54,False,4,16,1.0
1,hsi_tta,102,54,False,4,all,1.0
1,hsi_tta,104,55,False,4,1,0.55
1,hsi_tta,104,55,False,4,2,0.7
1,hsi_tta,104,55,False,4,4,0.7
1,hsi_tta,104,55,False,4,8,1.0
1,hsi_tta,104,55,False,4,16,1.0
1,hsi_tta,104,55,False,4,all,1.0
1,hsi_tta,107,56,False,4,1,0.7
1,hsi_tta,107,56,False,4,2,0.9
1,hsi_tta,107,56,False,4,4,1.0
1,hsi_tta,107,56,False,4,8,1.0
1,hsi_tta,107,56,False,4,16,1.0
1,hsi_tta,107,56,False,4,all,1.0
1,hsi_tta,109,57,False,5,1,0.75
1,hsi_tta,109,57,False,5,2,0.9
1,hsi_tta,109,57,False,5,4,1.0
1,hsi_tta,109,57,False,5,8,1.0
1,hsi_tta,109,57,False,5,16,1.0
1,hsi_tta,109,57,False,5,all,1.0
1,hsi_tta,110,58,False,5,1,0.55
1,hsi_tta,110,58,False,5,2,0.85
1,hsi_tta,110,58,False,5,4,1.0
1,hsi_tta,110,58,False,5,8,1.0
1,hsi_tta,110,58,False,5,16,1.0
1,hsi_tta,110,58,False,5,all,1.0
1,hsi_tta,114,61,True,5,1,0.1
1,hsi_tta,114,61,True,5,2,0.35
1,hsi_tta,114,61,True,5,4,0.35
1,hsi_tta,114,61,True,5,8,0.7
1,hsi_tta,114,61,True,5,16,0.5
1,hsi_tta,114,61,True,5,all,1.0
1,hsi_tta,116,62,False,5,1,0.9
1,hsi_tta,116,62,False,5,2,0.95
1,hsi_tta,116,62,False,5,4,1.0
1,hsi_tta,116,62,False,5,8,1.0
1,hsi_tta,116,62,False,5,16,1.0
1,hsi_tta,116,62,False,5,all,1.0
1,hsi_tta,117,63,True,5,1,0.3
1,hsi_tta,117,63,True,5,2,0.25
1,hsi_tta,117,63,True,5,4,0.4
1,hsi_tta,117,63,True,5,8,0.3
1,hsi_tta,117,63,True,5,16,0.3
1,hsi_tta,117,63,True,5,all,0.0
1,hsi_tta,121,67,False,5,1,0.9
1,hsi_tta,121,67,False,5,2,1.0
1,hsi_tta,121,67,False,5,4,1.0
1,hsi_tta,121,67,False,5,8,1.0
1,hsi_tta,121,67,False,5,16,1.0
1,hsi_tta,121,67,False,5,all,1.0
1,hsi_tta,123,68,False,5,1,1.0
1,hsi_tta,123,68,False,5,2,1.0
1,hsi_tta,123,68,False,5,4,1.0
1,hsi_tta,123,68,False,5,8,1.0
1,hsi_tta,123,68,False,5,16,1.0
1,hsi_tta,123,68,False,5,all,1.0
1,hsi_tta,125,69,False,5,1,0.4
1,hsi_tta,125,69,False,5,2,0.7
1,hsi_tta,125,69,False,5,4,0.7
1,hsi_tta,125,69,False,5,8,0.7
1,hsi_tta,125,69,False,5,16,0.9
1,hsi_tta,125,69,False,5,all,1.0
1,hsi_tta,129,72,False,6,1,0.85
1,hsi_tta,129,72,False,6,2,0.95
1,hsi_tta,129,72,False,6,4,1.0
1,hsi_tta,129,72,False,6,8,1.0
1,hsi_tta,129,72,False,6,16,1.0
1,hsi_tta,129,72,False,6,all,1.0
1,hsi_tta,132,73,False,6,1,0.25
1,hsi_tta,132,73,False,6,2,0.35
1,hsi_tta,132,73,False,6,4,0.35
1,hsi_tta,132,73,False,6,8,0.4
1,hsi_tta,132,73,False,6,16,0.35
1,hsi_tta,132,73,False,6,all,0.0
1,hsi_tta,133,74,False,6,1,0.9
1,hsi_tta,133,74,False,6,2,1.0
1,hsi_tta,133,74,False,6,4,1.0
1,hsi_tta,133,74,False,6,8,1.0
1,hsi_tta,133,74,False,6,16,1.0
1,hsi_tta,133,74,False,6,all,1.0
1,hsi_tta,135,75,False,6,1,0.75
1,hsi_tta,135,75,False,6,2,0.95
1,hsi_tta,135,75,False,6,4,1.0
1,hsi_tta,135,75,False,6,8,1.0
1,hsi_tta,135,75,False,6,16,1.0
1,hsi_tta,135,75,False,6,all,1.0
1,hsi_tta,137,76,False,6,1,0.75
1,hsi_tta,137,76,False,6,2,1.0
1,hsi_tta,137,76,False,6,4,1.0
1,hsi_tta,137,76,False,6,8,1.0
1,hsi_tta,137,76,False,6,16,1.0
1,hsi_tta,137,76,False,6,all,1.0
1,hsi_tta,139,77,False,7,1,0.95
1,hsi_tta,139,77,False,7,2,1.0
1,hsi_tta,139,77,False,7,4,1.0
1,hsi_tta,139,77,False,7,8,1.0
1,hsi_tta,139,77,False,7,16,1.0
1,hsi_tta,139,77,False,7,all,1.0
1,hsi_tta,142,79,True,7,1,0.0
1,hsi_tta,142,79,True,7,2,0.0
1,hsi_tta,142,79,True,7,4,0.0
1,hsi_tta,142,79,True,7,8,0.0
1,hsi_tta,142,79,True,7,16,0.0
1,hsi_tta,142,79,True,7,all,0.0
1,hsi_tta,144,80,False,7,1,0.65
1,hsi_tta,144,80,False,7,2,0.75
1,hsi_tta,144,80,False,7,4,0.85
1,hsi_tta,144,80,False,7,8,1.0
1,hsi_tta,144,80,False,7,16,1.0
1,hsi_tta,144,80,False,7,all,1.0
1,hsi_tta,145,81,False,7,1,0.4
1,hsi_tta,145,81,False,7,2,0.55
1,hsi_tta,145,81,False,7,4,0.75
1,hsi_tta,145,81,False,7,8,0.85
1,hsi_tta,145,81,False,7,16,1.0
1,hsi_tta,145,81,False,7,all,1.0
1,hsi_tta,150,22,True,8,1,0.55
1,hsi_tta,150,22,True,8,2,0.35
1,hsi_tta,150,22,True,8,4,0.55
1,hsi_tta,150,22,True,8,8,0.65
1,hsi_tta,150,22,True,8,16,0.9
1,hsi_tta,150,22,True,8,all,1.0
1,hsi_tta,151,38,True,8,1,0.0
1,hsi_tta,151,38,True,8,2,0.0
1,hsi_tta,151,38,True,8,4,0.0
1,hsi_tta,151,38,True,8,8,0.0
1,hsi_tta,151,38,True,8,16,0.0
1,hsi_tta,151,38,True,8,all,0.0
1,hsi_tta,152,45,True,8,1,0.0
1,hsi_tta,152,45,True,8,2,0.0
1,hsi_tta,152,45,True,8,4,0.0
1,hsi_tta,152,45,True,8,8,0.0
1,hsi_tta,152,45,True,8,16,0.0
1,hsi_tta,152,45,True,8,all,0.0
1,hsi_tta,153,59,True,8,1,0.3
1,hsi_tta,153,59,True,8,2,0.25
1,hsi_tta,153,59,True,8,4,0.2
1,hsi_tta,153,59,True,8,8,0.15
1,hsi_tta,153,59,True,8,16,0.05
1,hsi_tta,153,59,True,8,all,0.0
1,hsi_tta,154,82,False,8,1,0.75
1,hsi_tta,154,82,False,8,2,0.85
1,hsi_tta,154,82,False,8,4,0.9
1,hsi_tta,154,82,False,8,8,1.0
1,hsi_tta,154,82,False,8,16,1.0
1,hsi_tta,154,82,False,8,all,1.0
1,hsi_tta,156,60,True,8,1,0.9
1,hsi_tta,156,60,True,8,2,0.75
1,hsi_tta,156,60,True,8,4,0.8
1,hsi_tta,156,60,True,8,8,0.95
1,hsi_tta,156,60,True,8,16,1.0
1,hsi_tta,156,60,True,8,all,1.0
1,hsi_tta,159,64,True,8,1,0.6
1,hsi_tta,159,64,True,8,2,0.8
1,hsi_tta,159,64,True,8,4,0.95
1,hsi_tta,159,64,True,8,8,1.0
1,hsi_tta,159,64,True,8,16,1.0
1,hsi_tta,159,64,True,8,all,1.0
1,hsi_tta,160,83,False,8,1,0.7
1,hsi_tta,160,83,False,8,2,1.0
1,hsi_tta,160,83,False,8,4,1.0
1,hsi_tta,160,83,False,8,8,1.0
1,hsi_tta,160,83,False,8,16,1.0
1,hsi_tta,160,83,False,8,all,1.0
1,hsi_tta,162,65,True,8,1,0.3
1,hsi_tta,162,65,True,8,2,0.45
1,hsi_tta,162,65,True,8,4,0.45
1,hsi_tta,162,65,True,8,8,0.35
1,hsi_tta,162,65,True,8,16,0.25
1,hsi_tta,162,65,True,8,all,0.0
1,hsi_tta,163,66,True,8,1,0.05
1,hsi_tta,163,66,True,8,2,0.0
1,hsi_tta,163,66,True,8,4,0.1
1,hsi_tta,163,66,True,8,8,0.0
1,hsi_tta,163,66,True,8,16,0.0
1,hsi_tta,163,66,True,8,all,0.0
1,hsi_tta,165,84,False,8,1,0.8
1,hsi_tta,165,84,False,8,2,0.9
1,hsi_tta,165,84,False,8,4,0.9
1,hsi_tta,165,84,False,8,8,1.0
1,hsi_tta,165,84,False,8,16,1.0
1,hsi_tta,165,84,False,8,all,1.0
1,hsi_tta,166,85,False,8,1,0.95
1,hsi_tta,166,85,False,8,2,0.95
1,hsi_tta,166,85,False,8,4,1.0
1,hsi_tta,166,85,False,8,8,1.0
1,hsi_tta,166,85,False,8,16,1.0
1,hsi_tta,166,85,False,8,all,1.0
1,hsi_tta,169,86,False,8,1,0.7
1,hsi_tta,169,86,False,8,2,0.95
1,hsi_tta,169,86,False,8,4,1.0
1,hsi_tta,169,86,False,8,8,1.0
1,hsi_tta,169,86,False,8,16,1.0
1,hsi_tta,169,86,False,8,all,1.0
1,hsi_tta,170,87,False,8,1,1.0
1,hsi_tta,170,87,False,8,2,1.0
1,hsi_tta,170,87,False,8,4,1.0
1,hsi_tta,170,87,False,8,8,1.0
1,hsi_tta,170,87,False,8,16,1.0
1,hsi_tta,170,87,False,8,all,1.0
1,hsi_tta,172,70,True,8,1,0.05
1,hsi_tta,172,70,True,8,2,0.15
1,hsi_tta,172,70,True,8,4,0.25
1,hsi_tta,172,70,True,8,8,0.25
1,hsi_tta,172,70,True,8,16,0.25
1,hsi_tta,172,70,True,8,all,0.0
1,hsi_tta,173,88,False,8,1,0.45
1,hsi_tta,173,88,False,8,2,0.85
1,hsi_tta,173,88,False,8,4,0.85
1,hsi_tta,173,88,False,8,8,0.9
1,hsi_tta,173,88,False,8,16,1.0
1,hsi_tta,173,88,False,8,all,1.0
1,hsi_tta,175,71,True,8,1,0.1
1,hsi_tta,175,71,True,8,2,0.1
1,hsi_tta,175,71,True,8,4,0.0
1,hsi_tta,175,71,True,8,8,0.0
1,hsi_tta,175,71,True,8,16,0.05
1,hsi_tta,175,71,True,8,all,0.0
1,hsi_tta,176,78,True,8,1,1.0
1,hsi_tta,176,78,True,8,2,1.0
1,hsi_tta,176,78,True,8,4,1.0
1,hsi_tta,176,78,True,8,8,1.0
1,hsi_tta,176,78,True,8,16,1.0
1,hsi_tta,176,78,True,8,all,1.0
1,hsi_tta,177,89,False,8,1,0.7
1,hsi_tta,177,89,False,8,2,0.85
1,hsi_tta,177,89,False,8,4,0.9
1,hsi_tta,177,89,False,8,8,1.0
1,hsi_tta,177,89,False,8,16,1.0
1,hsi_tta,177,89,False,8,all,1.0
1,rgb_trained,0,0,False,0,1,0.5
1,rgb_trained,0,0,False,0,2,0.7
1,rgb_trained,0,0,False,0,4,0.9
1,rgb_trained,0,0,False,0,8,0.9
1,rgb_trained,0,0,False,0,16,1.0
1,rgb_trained,0,0,False,0,all,1.0
1,rgb_trained,3,1,False,0,1,0.95
1,rgb_trained,3,1,False,0,2,0.9
1,rgb_trained,3,1,False,0,4,1.0
1,rgb_trained,3,1,False,0,8,1.0
1,rgb_trained,3,1,False,0,16,1.0
1,rgb_trained,3,1,False,0,all,1.0
1,rgb_trained,4,2,False,0,1,0.95
1,rgb_trained,4,2,False,0,2,1.0
1,rgb_trained,4,2,False,0,4,1.0
1,rgb_trained,4,2,False,0,8,1.0
1,rgb_trained,4,2,False,0,16,1.0
1,rgb_trained,4,2,False,0,all,1.0
1,rgb_trained,6,3,False,0,1,1.0
1,rgb_trained,6,3,False,0,2,1.0
1,rgb_trained,6,3,False,0,4,1.0
1,rgb_trained,6,3,False,0,8,1.0
1,rgb_trained,6,3,False,0,16,1.0
1,rgb_trained,6,3,False,0,all,1.0
1,rgb_trained,8,4,True,0,1,0.8
1,rgb_trained,8,4,True,0,2,0.95
1,rgb_trained,8,4,True,0,4,1.0
1,rgb_trained,8,4,True,0,8,1.0
1,rgb_trained,8,4,True,0,16,1.0
1,rgb_trained,8,4,True,0,all,1.0
1,rgb_trained,9,5,False,1,1,0.75
1,rgb_trained,9,5,False,1,2,1.0
1,rgb_trained,9,5,False,1,4,1.0
1,rgb_trained,9,5,False,1,8,1.0
1,rgb_trained,9,5,False,1,16,1.0
1,rgb_trained,9,5,False,1,all,1.0
1,rgb_trained,11,6,False,1,1,0.3
1,rgb_trained,11,6,False,1,2,0.85
1,rgb_trained,11,6,False,1,4,0.95
1,rgb_trained,11,6,False,1,8,1.0
1,rgb_trained,11,6,False,1,16,1.0
1,rgb_trained,11,6,False,1,all,1.0
1,rgb_trained,13,7,True,1,1,0.0
1,rgb_trained,13,7,True,1,2,0.0
1,rgb_trained,13,7,True,1,4,0.0
1,rgb_trained,13,7,True,1,8,0.05
1,rgb_trained,13,7,True,1,16,0.0
1,rgb_trained,13,7,True,1,all,0.0
1,rgb_trained,14,8,False,1,1,0.95
1,rgb_trained,14,8,False,1,2,1.0
1,rgb_trained,14,8,False,1,4,1.0
1,rgb_trained,14,8,False,1,8,1.0
1,rgb_trained,14,8,False,1,16,1.0
1,rgb_trained,14,8,False,1,all,1.0
1,rgb_trained,17,9,False,1,1,0.75
1,rgb_trained,17,9,False,1,2,1.0
1,rgb_trained,17,9,False,1,4,1.0
1,rgb_trained,17,9,False,1,8,1.0
1,rgb_trained,17,9,False,1,16,1.0
1,rgb_trained,17,9,False,1,all,1.0
1,rgb_trained,18,10,False,1,1,0.7
1,rgb_trained,18,10,False,1,2,0.95
1,rgb_trained,18,10,False,1,4,1.0
1,rgb_trained,18,10,False,1,8,1.0
1,rgb_trained,18,10,False,1,16,1.0
1,rgb_trained,18,10,False,1,all,1.0
1,rgb_trained,20,11,False,1,1,0.75
1,rgb_trained,20,11,False,1,2,0.9
1,rgb_trained,20,11,False,1,4,1.0
1,rgb_trained,20,11,False,1,8,1.0
1,rgb_trained,20,11,False,1,16,1.0
1,rgb_trained,20,11,False,1,all,1.0
1,rgb_trained,22,12,True,1,1,0.45
1,rgb_trained,22,12,True,1,2,0.3
1,rgb_trained,22,12,True,1,4,0.15
1,rgb_trained,22,12,True,1,8,0.2
1,rgb_trained,22,12,True,1,16,0.05
1,rgb_trained,22,12,True,1,all,0.0
1,rgb_trained,24,13,False,1,1,0.85
1,rgb_trained,24,13,False,1,2,0.95
1,rgb_trained,24,13,False,1,4,0.95
1,rgb_trained,24,13,False,1,8,1.0
1,rgb_trained,24,13,False,1,16,1.0
1,rgb_trained,24,13,False,1,all,1.0
1,rgb_trained,25,14,False,1,1,0.7
1,rgb_trained,25,14,False,1,2,0.95
1,rgb_trained,25,14,False,1,4,1.0
1,rgb_trained,25,14,False,1,8,1.0
1,rgb_trained,25,14,False,1,16,1.0
1,rgb_trained,25,14,False,1,all,1.0
1,rgb_trained,27,15,False,1,1,1.0
1,rgb_trained,27,15,False,1,2,1.0
1,rgb_trained,27,15,False,1,4,1.0
1,rgb_trained,27,15,False,1,8,1.0
1,rgb_trained,27,15,False,1,16,1.0
1,rgb_trained,27,15,False,1,all,1.0
1,rgb_trained,29,16,False,1,1,0.95
1,rgb_trained,29,16,False,1,2,1.0
1,rgb_trained,29,16,False,1,4,1.0
1,rgb_trained,29,16,False,1,8,1.0
1,rgb_trained,29,16,False,1,16,1.0
1,rgb_trained,29,16,False,1,all,1.0
1,rgb_trained,32,17,False,1,1,0.8
1,rgb_trained,32,17,False,1,2,0.95
1,rgb_trained,32,17,False,1,4,1.0
1,rgb_trained,32,17,False,1,8,1.0
1,rgb_trained,32,17,False,1,16,1.0
1,rgb_trained,32,17,False,1,all,1.0
1,rgb_trained,34,18,False,1,1,0.75
1,rgb_trained,34,18,False,1,2,1.0
1,rgb_trained,34,18,False,1,4,1.0
1,rgb_trained,34,18,False,1,8,1.0
1,rgb_trained,34,18,False,1,16,1.0
1,rgb_trained,34,18,False,1,all,1.0
1,rgb_trained,35,19,False,1,1,0.55
1,rgb_trained,35,19,False,1,2,0.75
1,rgb_trained,35,19,False,1,4,0.9
1,rgb_trained,35,19,False,1,8,1.0
1,rgb_trained,35,19,False,1,16,1.0
1,rgb_trained,35,19,False,1,all,1.0
1,rgb_trained,38,20,False,2,1,0.6
1,rgb_trained,38,20,False,2,2,0.95
1,rgb_trained,38,20,False,2,4,1.0
1,rgb_trained,38,20,False,2,8,1.0
1,rgb_trained,38,20,False,2,16,1.0
1,rgb_trained,38,20,False,2,all,1.0
1,rgb_trained,40,21,False,2,1,0.85
1,rgb_trained,40,21,False,2,2,1.0
1,rgb_trained,40,21,False,2,4,1.0
1,rgb_trained,40,21,False,2,8,1.0
1,rgb_trained,40,21,False,2,16,1.0
1,rgb_trained,40,21,False,2,all,1.0
1,rgb_trained,42,23,False,2,1,0.95
1,rgb_trained,42,23,False,2,2,1.0
1,rgb_trained,42,23,False,2,4,1.0
1,rgb_trained,42,23,False,2,8,1.0
1,rgb_trained,42,23,False,2,16,1.0
1,rgb_trained,42,23,False,2,all,1.0
1,rgb_trained,45,24,False,2,1,0.95
1,rgb_trained,45,24,False,2,2,1.0
1,rgb_trained,45,24,False,2,4,1.0
1,rgb_trained,45,24,False,2,8,1.0
1,rgb_trained,45,24,False,2,16,1.0
1,rgb_trained,45,24,False,2,all,1.0
1,rgb_trained,47,25,False,2,1,0.6
1,rgb_trained,47,25,False,2,2,0.75
1,rgb_trained,47,25,False,2,4,1.0
1,rgb_trained,47,25,False,2,8,1.0
1,rgb_trained,47,25,False,2,16,1.0
1,rgb_trained,47,25,False,2,all,1.0
1,rgb_trained,49,26,False,2,1,1.0
1,rgb_trained,49,26,False,2,2,1.0
1,rgb_trained,49,26,False,2,4,1.0
1,rgb_trained,49,26,False,2,8,1.0
1,rgb_trained,49,26,False,2,16,1.0
1,rgb_trained,49,26,False,2,all,1.0
1,rgb_trained,50,27,False,2,1,0.6
1,rgb_trained,50,27,False,2,2,0.8
1,rgb_trained,50,27,False,2,4,1.0
1,rgb_trained,50,27,False,2,8,1.0
1,rgb_trained,50,27,False,2,16,1.0
1,rgb_trained,50,27,False,2,all,1.0
1,rgb_trained,53,28,False,2,1,0.9
1,rgb_trained,53,28,False,2,2,1.0
1,rgb_trained,53,28,False,2,4,1.0
1,rgb_trained,53,28,False,2,8,1.0
1,rgb_trained,53,28,False,2,16,1.0
1,rgb_trained,53,28,False,2,all,1.0
1,rgb_trained,54,29,False,2,1,0.85
1,rgb_trained,54,29,False,2,2,0.95
1,rgb_trained,54,29,False,2,4,0.9
1,rgb_trained,54,29,False,2,8,1.0
1,rgb_trained,54,29,False,2,16,1.0
1,rgb_trained,54,29,False,2,all,1.0
1,rgb_trained,56,30,False,2,1,0.6
1,rgb_trained,56,30,False,2,2,0.55
1,rgb_trained,56,30,False,2,4,0.7
1,rgb_trained,56,30,False,2,8,1.0
1,rgb_trained,56,30,False,2,16,1.0
1,rgb_trained,56,30,False,2,all,1.0
1,rgb_trained,58,31,False,2,1,0.8
1,rgb_trained,58,31,False,2,2,1.0
1,rgb_trained,58,31,False,2,4,1.0
1,rgb_trained,58,31,False,2,8,1.0
1,rgb_trained,58,31,False,2,16,1.0
1,rgb_trained,58,31,False,2,all,1.0
1,rgb_trained,61,32,False,2,1,0.5
1,rgb_trained,61,32,False,2,2,1.0
1,rgb_trained,61,32,False,2,4,1.0
1,rgb_trained,61,32,False,2,8,1.0
1,rgb_trained,61,32,False,2,16,1.0
1,rgb_trained,61,32,False,2,all,1.0
1,rgb_trained,63,33,False,2,1,0.7
1,rgb_trained,63,33,False,2,2,0.85
1,rgb_trained,63,33,False,2,4,1.0
1,rgb_trained,63,33,False,2,8,1.0
1,rgb_trained,63,33,False,2,16,1.0
1,rgb_trained,63,33,False,2,all,1.0
1,rgb_trained,64,34,False,3,1,0.6
1,rgb_trained,64,34,False,3,2,0.8
1,rgb_trained,64,34,False,3,4,0.65
1,rgb_trained,64,34,False,3,8,0.7
1,rgb_trained,64,34,False,3,16,0.85
1,rgb_trained,64,34,False,3,all,1.0
1,rgb_trained,66,35,False,3,1,0.9
1,rgb_trained,66,35,False,3,2,1.0
1,rgb_trained,66,35,False,3,4,1.0
1,rgb_trained,66,35,False,3,8,1.0
1,rgb_trained,66,35,False,3,16,1.0
1,rgb_trained,66,35,False,3,all,1.0
1,rgb_trained,68,36,False,3,1,1.0
1,rgb_trained,68,36,False,3,2,1.0
1,rgb_trained,68,36,False,3,4,1.0
1,rgb_trained,68,36,False,3,8,1.0
1,rgb_trained,68,36,False,3,16,1.0
1,rgb_trained,68,36,False,3,all,1.0
1,rgb_trained,70,37,False,3,1,0.7
1,rgb_trained,70,37,False,3,2,0.85
1,rgb_trained,70,37,False,3,4,1.0
1,rgb_trained,70,37,False,3,8,1.0
1,rgb_trained,70,37,False,3,16,1.0
1,rgb_trained,70,37,False,3,all,1.0
1,rgb_trained,74,39,False,3,1,0.7
1,rgb_trained,74,39,False,3,2,0.85
1,rgb_trained,74,39,False,3,4,1.0
1,rgb_trained,74,39,False,3,8,1.0
1,rgb_trained,74,39,False,3,16,1.0
1,rgb_trained,74,39,False,3,all,1.0
1,rgb_trained,75,40,False,3,1,0.75
1,rgb_trained,75,40,False,3,2,1.0
1,rgb_trained,75,40,False,3,4,1.0
1,rgb_trained,75,40,False,3,8,1.0
1,rgb_trained,75,40,False,3,16,1.0
1,rgb_trained,75,40,False,3,all,1.0
1,rgb_trained,77,41,False,3,1,0.35
1,rgb_trained,77,41,False,3,2,0.5
1,rgb_trained,77,41,False,3,4,0.9
1,rgb_trained,77,41,False,3,8,1.0
1,rgb_trained,77,41,False,3,16,1.0
1,rgb_trained,77,41,False,3,all,1.0
1,rgb_trained,79,42,False,3,1,0.7
1,rgb_trained,79,42,False,3,2,0.85
1,rgb_trained,79,42,False,3,4,0.9
1,rgb_trained,79,42,False,3,8,1.0
1,rgb_trained,79,42,False,3,16,1.0
1,rgb_trained,79,42,False,3,all,1.0
1,rgb_trained,82,43,False,4,1,0.85
1,rgb_trained,82,43,False,4,2,0.9
1,rgb_trained,82,43,False,4,4,1.0
1,rgb_trained,82,43,False,4,8,1.0
1,rgb_trained,82,43,False,4,16,1.0
1,rgb_trained,82,43,False,4,all,1.0
1,rgb_trained,83,44,False,4,1,1.0
1,rgb_trained,83,44,False,4,2,1.0
1,rgb_trained,83,44,False,4,4,1.0
1,rgb_trained,83,44,False,4,8,1.0
1,rgb_trained,83,44,False,4,16,1.0
1,rgb_trained,83,44,False,4,all,1.0
1,rgb_trained,87,46,False,4,1,0.6
1,rgb_trained,87,46,False,4,2,1.0
1,rgb_trained,87,46,False,4,4,1.0
1,rgb_trained,87,46,False,4,8,1.0
1,rgb_trained,87,46,False,4,16,1.0
1,rgb_trained,87,46,False,4,all,1.0
1,rgb_trained,88,47,False,4,1,0.7
1,rgb_trained,88,47,False,4,2,0.9
1,rgb_trained,88,47,False,4,4,1.0
1,rgb_trained,88,47,False,4,8,1.0
1,rgb_trained,88,47,False,4,16,1.0
1,rgb_trained,88,47,False,4,all,1.0
1,rgb_trained,91,48,False,4,1,1.0
1,rgb_trained,91,48,False,4,2,1.0
1,rgb_trained,91,48,False,4,4,1.0
1,rgb_trained,91,48,False,4,8,1.0
1,rgb_trained,91,48,False,4,16,1.0
1,rgb_trained,91,48,False,4,all,1.0
1,rgb_trained,93,49,False,4,1,0.4
1,rgb_trained,93,49,False,4,2,0.55
1,rgb_trained,93,49,False,4,4,0.65
1,rgb_trained,93,49,False,4,8,0.85
1,rgb_trained,93,49,False,4,16,0.9
1,rgb_trained,93,49,False,4,all,1.0
1,rgb_trained,95,50,False,4,1,0.95
1,rgb_trained,95,50,False,4,2,1.0
1,rgb_trained,95,50,False,4,4,1.0
1,rgb_trained,95,50,False,4,8,1.0
1,rgb_trained,95,50,False,4,16,1.0
1,rgb_trained,95,50,False,4,all,1.0
1,rgb_trained,97,51,False,4,1,0.1
1,rgb_trained,97,51,False,4,2,0.65
1,rgb_trained,97,51,False,4,4,0.4
1,rgb_trained,97,51,False,4,8,0.75
1,rgb_trained,97,51,False,4,16,0.7
1,rgb_trained,97,51,False,4,all,1.0
1,rgb_trained,99,52,False,4,1,0.25
1,rgb_trained,99,52,False,4,2,0.5
1,rgb_trained,99,52,False,4,4,0.65
1,rgb_trained,99,52,False,4,8,0.75
1,rgb_trained,99,52,False,4,16,0.95
1,rgb_trained,99,52,False,4,all,1.0
1,rgb_trained,100,53,False,4,1,0.95
1,rgb_trained,100,53,False,4,2,0.95
1,rgb_trained,100,53,False,4,4,1.0
1,rgb_trained,100,53,False,4,8,1.0
1,rgb_trained,100,53,False,4,16,1.0
1,rgb_trained,100,53,False,4,all,1.0
1,rgb_trained,102,54,False,4,1,0.65
1,rgb_trained,102,54,False,4,2,1.0
1,rgb_trained,102,54,False,4,4,1.0
1,rgb_trained,102,54,False,4,8,1.0
1,rgb_trained,102,54,False,4,16,1.0
1,rgb_trained,102,54,False,4,all,1.0
1,rgb_trained,104,55,False,4,1,1.0
1,rgb_trained,104,55,False,4,2,1.0
1,rgb_trained,104,55,False,4,4,1.0
1,rgb_trained,104,55,False,4,8,1.0
1,rgb_trained,104,55,False,4,16,1.0
1,rgb_trained,104,55,False,4,all,1.0
1,rgb_trained,107,56,False,4,1,0.95
1,rgb_trained,107,56,False,4,2,0.95
1,rgb_trained,107,56,False,4,4,1.0
1,rgb_trained,107,56,False,4,8,1.0
1,rgb_trained,107,56,False,4,16,1.0
1,rgb_trained,107,56,False,4,all,1.0
1,rgb_trained,109,57,False,5,1,0.65
1,rgb_trained,109,57,False,5,2,1.0
1,rgb_trained,109,57,False,5,4,1.0
1,rgb_trained,109,57,False,5,8,1.0
1,rgb_trained,109,57,False,5,16,1.0
1,rgb_trained,109,57,False,5,all,1.0
1,rgb_trained,110,58,False,5,1,0.7
1,rgb_trained,110,58,False,5,2,1.0
1,rgb_trained,110,58,False,5,4,1.0
1,rgb_trained,110,58,False,5,8,1.0
1,rgb_trained,110,58,False,5,16,1.0
1,rgb_trained,110,58,False,5,all,1.0
1,rgb_trained,114,61,True,5,1,0.0
1,rgb_trained,114,61,True,5,2,0.0
1,rgb_trained,114,61,True,5,4,0.0
1,rgb_trained,114,61,True,5,8,0.0
1,rgb_trained,114,61,True,5,16,0.0
1,rgb_trained,114,61,True,5,all,0.0
1,rgb_trained,116,62,False,5,1,0.7
1,rgb_trained,116,62,False,5,2,1.0
1,rgb_trained,116,62,False,5,4,1.0
1,rgb_trained,116,62,False,5,8,1.0
1,rgb_trained,116,62,False,5,16,1.0
1,rgb_trained,116,62,False,5,all,1.0
1,rgb_trained,117,63,True,5,1,0.05
1,rgb_trained,117,63,True,5,2,0.05
1,rgb_trained,117,63,True,5,4,0.0
1,rgb_trained,117,63,True,5,8,0.0
1,rgb_trained,117,63,True,5,16,0.0
1,rgb_trained,117,63,True,5,all,0.0
1,rgb_trained,121,67,False,5,1,1.0
1,rgb_trained,121,67,False,5,2,1.0
1,rgb_trained,121,67,False,5,4,1.0
1,rgb_trained,121,67,False,5,8,1.0
1,rgb_trained,121,67,False,5,16,1.0
1,rgb_trained,121,67,False,5,all,1.0
1,rgb_trained,123,68,False,5,1,1.0
1,rgb_trained,123,68,False,5,2,1.0
1,rgb_trained,123,68,False,5,4,1.0
1,rgb_trained,123,68,False,5,8,1.0
1,rgb_trained,123,68,False,5,16,1.0
1,rgb_trained,123,68,False,5,all,1.0
1,rgb_trained,125,69,False,5,1,0.85
1,rgb_trained,125,69,False,5,2,1.0
1,rgb_trained,125,69,False,5,4,1.0
1,rgb_trained,125,69,False,5,8,1.0
1,rgb_trained,125,69,False,5,16,1.0
1,rgb_trained,125,69,False,5,all,1.0
1,rgb_trained,129,72,False,6,1,0.6
1,rgb_trained,129,72,False,6,2,0.95
1,rgb_trained,129,72,False,6,4,1.0
1,rgb_trained,129,72,False,6,8,1.0
1,rgb_trained,129,72,False,6,16,1.0
1,rgb_trained,129,72,False,6,all,1.0
1,rgb_trained,132,73,False,6,1,0.6
1,rgb_trained,132,73,False,6,2,0.9
1,rgb_trained,132,73,False,6,4,0.95
1,rgb_trained,132,73,False,6,8,1.0
1,rgb_trained,132,73,False,6,16,1.0
1,rgb_trained,132,73,False,6,all,1.0
1,rgb_trained,133,74,False,6,1,0.9
1,rgb_trained,133,74,False,6,2,1.0
1,rgb_trained,133,74,False,6,4,1.0
1,rgb_trained,133,74,False,6,8,1.0
1,rgb_trained,133,74,False,6,16,1.0
1,rgb_trained,133,74,False,6,all,1.0
1,rgb_trained,135,75,False,6,1,0.8
1,rgb_trained,135,75,False,6,2,0.6
1,rgb_trained,135,75,False,6,4,0.9
1,rgb_trained,135,75,False,6,8,0.65
1,rgb_trained,135,75,False,6,16,0.9
1,rgb_trained,135,75,False,6,all,1.0
1,rgb_trained,137,76,False,6,1,0.9
1,rgb_trained,137,76,False,6,2,1.0
1,rgb_trained,137,76,False,6,4,1.0
1,rgb_trained,137,76,False,6,8,1.0
1,rgb_trained,137,76,False,6,16,1.0
1,rgb_trained,137,76,False,6,all,1.0
1,rgb_trained,139,77,False,7,1,0.8
1,rgb_trained,139,77,False,7,2,1.0
1,rgb_trained,139,77,False,7,4,1.0
1,rgb_trained,139,77,False,7,8,1.0
1,rgb_trained,139,77,False,7,16,1.0
1,rgb_trained,139,77,False,7,all,1.0
1,rgb_trained,142,79,True,7,1,0.3
1,rgb_trained,142,79,True,7,2,0.25
1,rgb_trained,142,79,True,7,4,0.15
1,rgb_trained,142,79,True,7,8,0.45
1,rgb_trained,142,79,True,7,16,0.4
1,rgb_trained,142,79,True,7,all,0.0
1,rgb_trained,144,80,False,7,1,0.5
1,rgb_trained,144,80,False,7,2,0.75
1,rgb_trained,144,80,False,7,4,0.75
1,rgb_trained,144,80,False,7,8,0.7
1,rgb_trained,144,80,False,7,16,0.95
1,rgb_trained,144,80,False,7,all,1.0
1,rgb_trained,145,81,False,7,1,0.55
1,rgb_trained,145,81,False,7,2,0.75
1,rgb_trained,145,81,False,7,4,0.8
1,rgb_trained,145,81,False,7,8,1.0
1,rgb_trained,145,81,False,7,16,1.0
1,rgb_trained,145,81,False,7,all,1.0
1,rgb_trained,150,22,True,8,1,0.7
1,rgb_trained,150,22,True,8,2,0.7
1,rgb_trained,150,22,True,8,4,0.85
1,rgb_trained,150,22,True,8,8,1.0
1,rgb_trained,150,22,True,8,16,1.0
1,rgb_trained,150,22,True,8,all,1.0
1,rgb_trained,151,38,True,8,1,0.0
1,rgb_trained,151,38,True,8,2,0.0
1,rgb_trained,151,38,True,8,4,0.0
1,rgb_trained,151,38,True,8,8,0.0
1,rgb_trained,151,38,True,8,16,0.0
1,rgb_trained,151,38,True,8,all,0.0
1,rgb_trained,152,45,True,8,1,0.5
1,rgb_trained,152,45,True,8,2,0.45
1,rgb_trained,152,45,True,8,4,0.5
1,rgb_trained,152,45,True,8,8,0.9
1,rgb_trained,152,45,True,8,16,1.0
1,rgb_trained,152,45,True,8,all,1.0
1,rgb_trained,153,59,True,8,1,0.25
1,rgb_trained,153,59,True,8,2,0.6
1,rgb_trained,153,59,True,8,4,0.7
1,rgb_trained,153,59,True,8,8,0.65
1,rgb_trained,153,59,True,8,16,1.0
1,rgb_trained,153,59,True,8,all,1.0
1,rgb_trained,154,82,False,8,1,0.8
1,rgb_trained,154,82,False,8,2,0.95
1,rgb_trained,154,82,False,8,4,1.0
1,rgb_trained,154,82,False,8,8,1.0
1,rgb_trained,154,82,False,8,16,1.0
1,rgb_trained,154,82,False,8,all,1.0
1,rgb_trained,156,60,True,8,1,0.3
1,rgb_trained,156,60,True,8,2,0.75
1,rgb_trained,156,60,True,8,4,0.8
1,rgb_trained,156,60,True,8,8,0.9
1,rgb_trained,156,60,True,8,16,1.0
1,rgb_trained,156,60,True,8,all,1.0
1,rgb_trained,159,64,True,8,1,0.6
1,rgb_trained,159,64,True,8,2,0.7
1,rgb_trained,159,64,True,8,4,0.8
1,rgb_trained,159,64,True,8,8,1.0
1,rgb_trained,159,64,True,8,16,1.0
1,rgb_trained,159,64,True,8,all,1.0
1,rgb_trained,160,83,False,8,1,0.95
1,rgb_trained,160,83,False,8,2,1.0
1,rgb_trained,160,83,False,8,4,1.0
1,rgb_trained,160,83,False,8,8,1.0
1,rgb_trained,160,83,False,8,16,1.0
1,rgb_trained,160,83,False,8,all,1.0
1,rgb_trained,162,65,True,8,1,0.4
1,rgb_trained,162,65,True,8,2,0.3
1,rgb_trained,162,65,True,8,4,0.35
1,rgb_trained,162,65,True,8,8,0.4
1,rgb_trained,162,65,True,8,16,0.25
1,rgb_trained,162,65,True,8,all,0.0
1,rgb_trained,163,66,True,8,1,0.0
1,rgb_trained,163,66,True,8,2,0.0
1,rgb_trained,163,66,True,8,4,0.0
1,rgb_trained,163,66,True,8,8,0.0
1,rgb_trained,163,66,True,8,16,0.0
1,rgb_trained,163,66,True,8,all,0.0
1,rgb_trained,165,84,False,8,1,0.6
1,rgb_trained,165,84,False,8,2,0.85
1,rgb_trained,165,84,False,8,4,1.0
1,rgb_trained,165,84,False,8,8,1.0
1,rgb_trained,165,84,False,8,16,1.0
1,rgb_trained,165,84,False,8,all,1.0
1,rgb_trained,166,85,False,8,1,0.85
1,rgb_trained,166,85,False,8,2,1.0
1,rgb_trained,166,85,False,8,4,1.0
1,rgb_trained,166,85,False,8,8,1.0
1,rgb_trained,166,85,False,8,16,1.0
1,rgb_trained,166,85,False,8,all,1.0
1,rgb_trained,169,86,False,8,1,0.8
1,rgb_trained,169,86,False,8,2,1.0
1,rgb_trained,169,86,False,8,4,1.0
1,rgb_trained,169,86,False,8,8,1.0
1,rgb_trained,169,86,False,8,16,1.0
1,rgb_trained,169,86,False,8,all,1.0
1,rgb_trained,170,87,False,8,1,0.85
1,rgb_trained,170,87,False,8,2,0.95
1,rgb_trained,170,87,False,8,4,1.0
1,rgb_trained,170,87,False,8,8,1.0
1,rgb_trained,170,87,False,8,16,1.0
1,rgb_trained,170,87,False,8,all,1.0
1,rgb_trained,172,70,True,8,1,0.3
1,rgb_trained,172,70,True,8,2,0.7
1,rgb_trained,172,70,True,8,4,0.8
1,rgb_trained,172,70,True,8,8,0.9
1,rgb_trained,172,70,True,8,16,1.0
1,rgb_trained,172,70,True,8,all,1.0
1,rgb_trained,173,88,False,8,1,0.6
1,rgb_trained,173,88,False,8,2,0.9
1,rgb_trained,173,88,False,8,4,0.95
1,rgb_trained,173,88,False,8,8,1.0
1,rgb_trained,173,88,False,8,16,1.0
1,rgb_trained,173,88,False,8,all,1.0
1,rgb_trained,175,71,True,8,1,0.1
1,rgb_trained,175,71,True,8,2,0.1
1,rgb_trained,175,71,True,8,4,0.2
1,rgb_trained,175,71,True,8,8,0.05
1,rgb_trained,175,71,True,8,16,0.0
1,rgb_trained,175,71,True,8,all,0.0
1,rgb_trained,176,78,True,8,1,0.5
1,rgb_trained,176,78,True,8,2,0.55
1,rgb_trained,176,78,True,8,4,0.5
1,rgb_trained,176,78,True,8,8,0.8
1,rgb_trained,176,78,True,8,16,0.85
1,rgb_trained,176,78,True,8,all,1.0
1,rgb_trained,177,89,False,8,1,0.95
1,rgb_trained,177,89,False,8,2,1.0
1,rgb_trained,177,89,False,8,4,1.0
1,rgb_trained,177,89,False,8,8,1.0
1,rgb_trained,177,89,False,8,16,1.0
1,rgb_trained,177,89,False,8,all,1.0
1,equal_fusion,0,0,False,0,1,0.5
1,equal_fusion,0,0,False,0,2,0.65
1,equal_fusion,0,0,False,0,4,0.95
1,equal_fusion,0,0,False,0,8,1.0
1,equal_fusion,0,0,False,0,16,1.0
1,equal_fusion,0,0,False,0,all,1.0
1,equal_fusion,3,1,False,0,1,0.95
1,equal_fusion,3,1,False,0,2,1.0
1,equal_fusion,3,1,False,0,4,1.0
1,equal_fusion,3,1,False,0,8,1.0
1,equal_fusion,3,1,False,0,16,1.0
1,equal_fusion,3,1,False,0,all,1.0
1,equal_fusion,4,2,False,0,1,0.9
1,equal_fusion,4,2,False,0,2,0.95
1,equal_fusion,4,2,False,0,4,1.0
1,equal_fusion,4,2,False,0,8,1.0
1,equal_fusion,4,2,False,0,16,1.0
1,equal_fusion,4,2,False,0,all,1.0
1,equal_fusion,6,3,False,0,1,0.95
1,equal_fusion,6,3,False,0,2,1.0
1,equal_fusion,6,3,False,0,4,1.0
1,equal_fusion,6,3,False,0,8,1.0
1,equal_fusion,6,3,False,0,16,1.0
1,equal_fusion,6,3,False,0,all,1.0
1,equal_fusion,8,4,True,0,1,0.6
1,equal_fusion,8,4,True,0,2,0.95
1,equal_fusion,8,4,True,0,4,0.95
1,equal_fusion,8,4,True,0,8,1.0
1,equal_fusion,8,4,True,0,16,1.0
1,equal_fusion,8,4,True,0,all,1.0
1,equal_fusion,9,5,False,1,1,1.0
1,equal_fusion,9,5,False,1,2,1.0
1,equal_fusion,9,5,False,1,4,1.0
1,equal_fusion,9,5,False,1,8,1.0
1,equal_fusion,9,5,False,1,16,1.0
1,equal_fusion,9,5,False,1,all,1.0
1,equal_fusion,11,6,False,1,1,0.75
1,equal_fusion,11,6,False,1,2,0.95
1,equal_fusion,11,6,False,1,4,1.0
1,equal_fusion,11,6,False,1,8,1.0
1,equal_fusion,11,6,False,1,16,1.0
1,equal_fusion,11,6,False,1,all,1.0
1,equal_fusion,13,7,True,1,1,0.05
1,equal_fusion,13,7,True,1,2,0.05
1,equal_fusion,13,7,True,1,4,0.0
1,equal_fusion,13,7,True,1,8,0.0
1,equal_fusion,13,7,True,1,16,0.0
1,equal_fusion,13,7,True,1,all,0.0
1,equal_fusion,14,8,False,1,1,0.85
1,equal_fusion,14,8,False,1,2,1.0
1,equal_fusion,14,8,False,1,4,1.0
1,equal_fusion,14,8,False,1,8,1.0
1,equal_fusion,14,8,False,1,16,1.0
1,equal_fusion,14,8,False,1,all,1.0
1,equal_fusion,17,9,False,1,1,0.7
1,equal_fusion,17,9,False,1,2,1.0
1,equal_fusion,17,9,False,1,4,1.0
1,equal_fusion,17,9,False,1,8,1.0
1,equal_fusion,17,9,False,1,16,1.0
1,equal_fusion,17,9,False,1,all,1.0
1,equal_fusion,18,10,False,1,1,0.75
1,equal_fusion,18,10,False,1,2,0.65
1,equal_fusion,18,10,False,1,4,0.95
1,equal_fusion,18,10,False,1,8,1.0
1,equal_fusion,18,10,False,1,16,1.0
1,equal_fusion,18,10,False,1,all,1.0
1,equal_fusion,20,11,False,1,1,0.55
1,equal_fusion,20,11,False,1,2,0.75
1,equal_fusion,20,11,False,1,4,1.0
1,equal_fusion,20,11,False,1,8,1.0
1,equal_fusion,20,11,False,1,16,1.0
1,equal_fusion,20,11,False,1,all,1.0
1,equal_fusion,22,12,True,1,1,0.2
1,equal_fusion,22,12,True,1,2,0.1
1,equal_fusion,22,12,True,1,4,0.05
1,equal_fusion,22,12,True,1,8,0.05
1,equal_fusion,22,12,True,1,16,0.0
1,equal_fusion,22,12,True,1,all,0.0
1,equal_fusion,24,13,False,1,1,0.9
1,equal_fusion,24,13,False,1,2,1.0
1,equal_fusion,24,13,False,1,4,1.0
1,equal_fusion,24,13,False,1,8,1.0
1,equal_fusion,24,13,False,1,16,1.0
1,equal_fusion,24,13,False,1,all,1.0
1,equal_fusion,25,14,False,1,1,0.9
1,equal_fusion,25,14,False,1,2,1.0
1,equal_fusion,25,14,False,1,4,1.0
1,equal_fusion,25,14,False,1,8,1.0
1,equal_fusion,25,14,False,1,16,1.0
1,equal_fusion,25,14,False,1,all,1.0
1,equal_fusion,27,15,False,1,1,1.0
1,equal_fusion,27,15,False,1,2,1.0
1,equal_fusion,27,15,False,1,4,1.0
1,equal_fusion,27,15,False,1,8,1.0
1,equal_fusion,27,15,False,1,16,1.0
1,equal_fusion,27,15,False,1,all,1.0
1,equal_fusion,29,16,False,1,1,0.9
1,equal_fusion,29,16,False,1,2,1.0
1,equal_fusion,29,16,False,1,4,1.0
1,equal_fusion,29,16,False,1,8,1.0
1,equal_fusion,29,16,False,1,16,1.0
1,equal_fusion,29,16,False,1,all,1.0
1,equal_fusion,32,17,False,1,1,0.85
1,equal_fusion,32,17,False,1,2,1.0
1,equal_fusion,32,17,False,1,4,1.0
1,equal_fusion,32,17,False,1,8,1.0
1,equal_fusion,32,17,False,1,16,1.0
1,equal_fusion,32,17,False,1,all,1.0
1,equal_fusion,34,18,False,1,1,0.8
1,equal_fusion,34,18,False,1,2,0.95
1,equal_fusion,34,18,False,1,4,1.0
1,equal_fusion,34,18,False,1,8,1.0
1,equal_fusion,34,18,False,1,16,1.0
1,equal_fusion,34,18,False,1,all,1.0
1,equal_fusion,35,19,False,1,1,0.6
1,equal_fusion,35,19,False,1,2,0.75
1,equal_fusion,35,19,False,1,4,1.0
1,equal_fusion,35,19,False,1,8,1.0
1,equal_fusion,35,19,False,1,16,1.0
1,equal_fusion,35,19,False,1,all,1.0
1,equal_fusion,38,20,False,2,1,0.65
1,equal_fusion,38,20,False,2,2,1.0
1,equal_fusion,38,20,False,2,4,1.0
1,equal_fusion,38,20,False,2,8,1.0
1,equal_fusion,38,20,False,2,16,1.0
1,equal_fusion,38,20,False,2,all,1.0
1,equal_fusion,40,21,False,2,1,0.8
1,equal_fusion,40,21,False,2,2,1.0
1,equal_fusion,40,21,False,2,4,1.0
1,equal_fusion,40,21,False,2,8,1.0
1,equal_fusion,40,21,False,2,16,1.0
1,equal_fusion,40,21,False,2,all,1.0
1,equal_fusion,42,23,False,2,1,0.9
1,equal_fusion,42,23,False,2,2,1.0
1,equal_fusion,42,23,False,2,4,1.0
1,equal_fusion,42,23,False,2,8,1.0
1,equal_fusion,42,23,False,2,16,1.0
1,equal_fusion,42,23,False,2,all,1.0
1,equal_fusion,45,24,False,2,1,0.95
1,equal_fusion,45,24,False,2,2,0.9
1,equal_fusion,45,24,False,2,4,1.0
1,equal_fusion,45,24,False,2,8,1.0
1,equal_fusion,45,24,False,2,16,1.0
1,equal_fusion,45,24,False,2,all,1.0
1,equal_fusion,47,25,False,2,1,0.55
1,equal_fusion,47,25,False,2,2,0.75
1,equal_fusion,47,25,False,2,4,0.95
1,equal_fusion,47,25,False,2,8,1.0
1,equal_fusion,47,25,False,2,16,1.0
1,equal_fusion,47,25,False,2,all,1.0
1,equal_fusion,49,26,False,2,1,1.0
1,equal_fusion,49,26,False,2,2,1.0
1,equal_fusion,49,26,False,2,4,1.0
1,equal_fusion,49,26,False,2,8,1.0
1,equal_fusion,49,26,False,2,16,1.0
1,equal_fusion,49,26,False,2,all,1.0
1,equal_fusion,50,27,False,2,1,0.7
1,equal_fusion,50,27,False,2,2,0.85
1,equal_fusion,50,27,False,2,4,1.0
1,equal_fusion,50,27,False,2,8,1.0
1,equal_fusion,50,27,False,2,16,1.0
1,equal_fusion,50,27,False,2,all,1.0
1,equal_fusion,53,28,False,2,1,1.0
1,equal_fusion,53,28,False,2,2,1.0
1,equal_fusion,53,28,False,2,4,1.0
1,equal_fusion,53,28,False,2,8,1.0
1,equal_fusion,53,28,False,2,16,1.0
1,equal_fusion,53,28,False,2,all,1.0
1,equal_fusion,54,29,False,2,1,0.7
1,equal_fusion,54,29,False,2,2,1.0
1,equal_fusion,54,29,False,2,4,1.0
1,equal_fusion,54,29,False,2,8,1.0
1,equal_fusion,54,29,False,2,16,1.0
1,equal_fusion,54,29,False,2,all,1.0
1,equal_fusion,56,30,False,2,1,0.35
1,equal_fusion,56,30,False,2,2,0.4
1,equal_fusion,56,30,False,2,4,0.7
1,equal_fusion,56,30,False,2,8,0.9
1,equal_fusion,56,30,False,2,16,1.0
1,equal_fusion,56,30,False,2,all,1.0
1,equal_fusion,58,31,False,2,1,0.95
1,equal_fusion,58,31,False,2,2,1.0
1,equal_fusion,58,31,False,2,4,1.0
1,equal_fusion,58,31,False,2,8,1.0
1,equal_fusion,58,31,False,2,16,1.0
1,equal_fusion,58,31,False,2,all,1.0
1,equal_fusion,61,32,False,2,1,0.75
1,equal_fusion,61,32,False,2,2,1.0
1,equal_fusion,61,32,False,2,4,0.95
1,equal_fusion,61,32,False,2,8,1.0
1,equal_fusion,61,32,False,2,16,1.0
1,equal_fusion,61,32,False,2,all,1.0
1,equal_fusion,63,33,False,2,1,0.35
1,equal_fusion,63,33,False,2,2,0.9
1,equal_fusion,63,33,False,2,4,0.95
1,equal_fusion,63,33,False,2,8,1.0
1,equal_fusion,63,33,False,2,16,1.0
1,equal_fusion,63,33,False,2,all,1.0
1,equal_fusion,64,34,False,3,1,0.7
1,equal_fusion,64,34,False,3,2,0.85
1,equal_fusion,64,34,False,3,4,0.9
1,equal_fusion,64,34,False,3,8,1.0
1,equal_fusion,64,34,False,3,16,1.0
1,equal_fusion,64,34,False,3,all,1.0
1,equal_fusion,66,35,False,3,1,1.0
1,equal_fusion,66,35,False,3,2,0.95
1,equal_fusion,66,35,False,3,4,1.0
1,equal_fusion,66,35,False,3,8,1.0
1,equal_fusion,66,35,False,3,16,1.0
1,equal_fusion,66,35,False,3,all,1.0
1,equal_fusion,68,36,False,3,1,0.9
1,equal_fusion,68,36,False,3,2,1.0
1,equal_fusion,68,36,False,3,4,1.0
1,equal_fusion,68,36,False,3,8,1.0
1,equal_fusion,68,36,False,3,16,1.0
1,equal_fusion,68,36,False,3,all,1.0
1,equal_fusion,70,37,False,3,1,0.75
1,equal_fusion,70,37,False,3,2,0.9
1,equal_fusion,70,37,False,3,4,1.0
1,equal_fusion,70,37,False,3,8,1.0
1,equal_fusion,70,37,False,3,16,1.0
1,equal_fusion,70,37,False,3,all,1.0
1,equal_fusion,74,39,False,3,1,0.75
1,equal_fusion,74,39,False,3,2,0.8
1,equal_fusion,74,39,False,3,4,0.9
1,equal_fusion,74,39,False,3,8,1.0
1,equal_fusion,74,39,False,3,16,1.0
1,equal_fusion,74,39,False,3,all,1.0
1,equal_fusion,75,40,False,3,1,0.9
1,equal_fusion,75,40,False,3,2,1.0
1,equal_fusion,75,40,False,3,4,1.0
1,equal_fusion,75,40,False,3,8,1.0
1,equal_fusion,75,40,False,3,16,1.0
1,equal_fusion,75,40,False,3,all,1.0
1,equal_fusion,77,41,False,3,1,0.55
1,equal_fusion,77,41,False,3,2,0.7
1,equal_fusion,77,41,False,3,4,0.9
1,equal_fusion,77,41,False,3,8,1.0
1,equal_fusion,77,41,False,3,16,1.0
1,equal_fusion,77,41,False,3,all,1.0
1,equal_fusion,79,42,False,3,1,0.6
1,equal_fusion,79,42,False,3,2,0.8
1,equal_fusion,79,42,False,3,4,1.0
1,equal_fusion,79,42,False,3,8,1.0
1,equal_fusion,79,42,False,3,16,1.0
1,equal_fusion,79,42,False,3,all,1.0
1,equal_fusion,82,43,False,4,1,0.8
1,equal_fusion,82,43,False,4,2,0.85
1,equal_fusion,82,43,False,4,4,0.9
1,equal_fusion,82,43,False,4,8,0.9
1,equal_fusion,82,43,False,4,16,1.0
1,equal_fusion,82,43,False,4,all,1.0
1,equal_fusion,83,44,False,4,1,0.95
1,equal_fusion,83,44,False,4,2,1.0
1,equal_fusion,83,44,False,4,4,1.0
1,equal_fusion,83,44,False,4,8,1.0
1,equal_fusion,83,44,False,4,16,1.0
1,equal_fusion,83,44,False,4,all,1.0
1,equal_fusion,87,46,False,4,1,0.8
1,equal_fusion,87,46,False,4,2,0.95
1,equal_fusion,87,46,False,4,4,0.9
1,equal_fusion,87,46,False,4,8,1.0
1,equal_fusion,87,46,False,4,16,1.0
1,equal_fusion,87,46,False,4,all,1.0
1,equal_fusion,88,47,False,4,1,0.85
1,equal_fusion,88,47,False,4,2,0.9
1,equal_fusion,88,47,False,4,4,1.0
1,equal_fusion,88,47,False,4,8,1.0
1,equal_fusion,88,47,False,4,16,1.0
1,equal_fusion,88,47,False,4,all,1.0
1,equal_fusion,91,48,False,4,1,0.95
1,equal_fusion,91,48,False,4,2,1.0
1,equal_fusion,91,48,False,4,4,1.0
1,equal_fusion,91,48,False,4,8,1.0
1,equal_fusion,91,48,False,4,16,1.0
1,equal_fusion,91,48,False,4,all,1.0
1,equal_fusion,93,49,False,4,1,0.2
1,equal_fusion,93,49,False,4,2,0.5
1,equal_fusion,93,49,False,4,4,0.5
1,equal_fusion,93,49,False,4,8,0.65
1,equal_fusion,93,49,False,4,16,0.9
1,equal_fusion,93,49,False,4,all,1.0
1,equal_fusion,95,50,False,4,1,0.95
1,equal_fusion,95,50,False,4,2,1.0
1,equal_fusion,95,50,False,4,4,1.0
1,equal_fusion,95,50,False,4,8,1.0
1,equal_fusion,95,50,False,4,16,1.0
1,equal_fusion,95,50,False,4,all,1.0
1,equal_fusion,97,51,False,4,1,0.25
1,equal_fusion,97,51,False,4,2,0.45
1,equal_fusion,97,51,False,4,4,0.4
1,equal_fusion,97,51,False,4,8,0.55
1,equal_fusion,97,51,False,4,16,0.65
1,equal_fusion,97,51,False,4,all,1.0
1,equal_fusion,99,52,False,4,1,0.1
1,equal_fusion,99,52,False,4,2,0.3
1,equal_fusion,99,52,False,4,4,0.4
1,equal_fusion,99,52,False,4,8,0.25
1,equal_fusion,99,52,False,4,16,0.35
1,equal_fusion,99,52,False,4,all,1.0
1,equal_fusion,100,53,False,4,1,1.0
1,equal_fusion,100,53,False,4,2,1.0
1,equal_fusion,100,53,False,4,4,1.0
1,equal_fusion,100,53,False,4,8,1.0
1,equal_fusion,100,53,False,4,16,1.0
1,equal_fusion,100,53,False,4,all,1.0
1,equal_fusion,102,54,False,4,1,0.55
1,equal_fusion,102,54,False,4,2,0.95
1,equal_fusion,102,54,False,4,4,1.0
1,equal_fusion,102,54,False,4,8,1.0
1,equal_fusion,102,54,False,4,16,1.0
1,equal_fusion,102,54,False,4,all,1.0
1,equal_fusion,104,55,False,4,1,0.75
1,equal_fusion,104,55,False,4,2,0.95
1,equal_fusion,104,55,False,4,4,1.0
1,equal_fusion,104,55,False,4,8,1.0
1,equal_fusion,104,55,False,4,16,1.0
1,equal_fusion,104,55,False,4,all,1.0
1,equal_fusion,107,56,False,4,1,0.75
1,equal_fusion,107,56,False,4,2,0.85
1,equal_fusion,107,56,False,4,4,1.0
1,equal_fusion,107,56,False,4,8,1.0
1,equal_fusion,107,56,False,4,16,1.0
1,equal_fusion,107,56,False,4,all,1.0
1,equal_fusion,109,57,False,5,1,0.85
1,equal_fusion,109,57,False,5,2,1.0
1,equal_fusion,109,57,False,5,4,1.0
1,equal_fusion,109,57,False,5,8,1.0
1,equal_fusion,109,57,False,5,16,1.0
1,equal_fusion,109,57,False,5,all,1.0
1,equal_fusion,110,58,False,5,1,0.95
1,equal_fusion,110,58,False,5,2,1.0
1,equal_fusion,110,58,False,5,4,1.0
1,equal_fusion,110,58,False,5,8,1.0
1,equal_fusion,110,58,False,5,16,1.0
1,equal_fusion,110,58,False,5,all,1.0
1,equal_fusion,114,61,True,5,1,0.05
1,equal_fusion,114,61,True,5,2,0.0
1,equal_fusion,114,61,True,5,4,0.0
1,equal_fusion,114,61,True,5,8,0.0
1,equal_fusion,114,61,True,5,16,0.0
1,equal_fusion,114,61,True,5,all,0.0
1,equal_fusion,116,62,False,5,1,0.9
1,equal_fusion,116,62,False,5,2,1.0
1,equal_fusion,116,62,False,5,4,1.0
1,equal_fusion,116,62,False,5,8,1.0
1,equal_fusion,116,62,False,5,16,1.0
1,equal_fusion,116,62,False,5,all,1.0
1,equal_fusion,117,63,True,5,1,0.05
1,equal_fusion,117,63,True,5,2,0.2
1,equal_fusion,117,63,True,5,4,0.3
1,equal_fusion,117,63,True,5,8,0.25
1,equal_fusion,117,63,True,5,16,0.25
1,equal_fusion,117,63,True,5,all,0.0
1,equal_fusion,121,67,False,5,1,0.9
1,equal_fusion,121,67,False,5,2,1.0
1,equal_fusion,121,67,False,5,4,1.0
1,equal_fusion,121,67,False,5,8,1.0
1,equal_fusion,121,67,False,5,16,1.0
1,equal_fusion,121,67,False,5,all,1.0
1,equal_fusion,123,68,False,5,1,1.0
1,equal_fusion,123,68,False,5,2,1.0
1,equal_fusion,123,68,False,5,4,1.0
1,equal_fusion,123,68,False,5,8,1.0
1,equal_fusion,123,68,False,5,16,1.0
1,equal_fusion,123,68,False,5,all,1.0
1,equal_fusion,125,69,False,5,1,0.9
1,equal_fusion,125,69,False,5,2,1.0
1,equal_fusion,125,69,False,5,4,1.0
1,equal_fusion,125,69,False,5,8,1.0
1,equal_fusion,125,69,False,5,16,1.0
1,equal_fusion,125,69,False,5,all,1.0
1,equal_fusion,129,72,False,6,1,0.65
1,equal_fusion,129,72,False,6,2,0.95
1,equal_fusion,129,72,False,6,4,1.0
1,equal_fusion,129,72,False,6,8,1.0
1,equal_fusion,129,72,False,6,16,1.0
1,equal_fusion,129,72,False,6,all,1.0
1,equal_fusion,132,73,False,6,1,0.5
1,equal_fusion,132,73,False,6,2,0.75
1,equal_fusion,132,73,False,6,4,0.9
1,equal_fusion,132,73,False,6,8,0.95
1,equal_fusion,132,73,False,6,16,1.0
1,equal_fusion,132,73,False,6,all,1.0
1,equal_fusion,133,74,False,6,1,0.9
1,equal_fusion,133,74,False,6,2,1.0
1,equal_fusion,133,74,False,6,4,1.0
1,equal_fusion,133,74,False,6,8,1.0
1,equal_fusion,133,74,False,6,16,1.0
1,equal_fusion,133,74,False,6,all,1.0
1,equal_fusion,135,75,False,6,1,0.95
1,equal_fusion,135,75,False,6,2,0.95
1,equal_fusion,135,75,False,6,4,1.0
1,equal_fusion,135,75,False,6,8,1.0
1,equal_fusion,135,75,False,6,16,1.0
1,equal_fusion,135,75,False,6,all,1.0
1,equal_fusion,137,76,False,6,1,0.95
1,equal_fusion,137,76,False,6,2,1.0
1,equal_fusion,137,76,False,6,4,1.0
1,equal_fusion,137,76,False,6,8,1.0
1,equal_fusion,137,76,False,6,16,1.0
1,equal_fusion,137,76,False,6,all,1.0
1,equal_fusion,139,77,False,7,1,0.9
1,equal_fusion,139,77,False,7,2,1.0
1,equal_fusion,139,77,False,7,4,1.0
1,equal_fusion,139,77,False,7,8,1.0
1,equal_fusion,139,77,False,7,16,1.0
1,equal_fusion,139,77,False,7,all,1.0
1,equal_fusion,142,79,True,7,1,0.1
1,equal_fusion,142,79,True,7,2,0.1
1,equal_fusion,142,79,True,7,4,0.0
1,equal_fusion,142,79,True,7,8,0.0
1,equal_fusion,142,79,True,7,16,0.05
1,equal_fusion,142,79,True,7,all,0.0
1,equal_fusion,144,80,False,7,1,0.55
1,equal_fusion,144,80,False,7,2,0.75
1,equal_fusion,144,80,False,7,4,0.9
1,equal_fusion,144,80,False,7,8,0.95
1,equal_fusion,144,80,False,7,16,1.0
1,equal_fusion,144,80,False,7,all,1.0
1,equal_fusion,145,81,False,7,1,0.6
1,equal_fusion,145,81,False,7,2,0.8
1,equal_fusion,145,81,False,7,4,1.0
1,equal_fusion,145,81,False,7,8,1.0
1,equal_fusion,145,81,False,7,16,1.0
1,equal_fusion,145,81,False,7,all,1.0
1,equal_fusion,150,22,True,8,1,0.65
1,equal_fusion,150,22,True,8,2,0.6
1,equal_fusion,150,22,True,8,4,0.95
1,equal_fusion,150,22,True,8,8,1.0
1,equal_fusion,150,22,True,8,16,1.0
1,equal_fusion,150,22,True,8,all,1.0
1,equal_fusion,151,38,True,8,1,0.0
1,equal_fusion,151,38,True,8,2,0.0
1,equal_fusion,151,38,True,8,4,0.0
1,equal_fusion,151,38,True,8,8,0.0
1,equal_fusion,151,38,True,8,16,0.0
1,equal_fusion,151,38,True,8,all,0.0
1,equal_fusion,152,45,True,8,1,0.45
1,equal_fusion,152,45,True,8,2,0.35
1,equal_fusion,152,45,True,8,4,0.35
1,equal_fusion,152,45,True,8,8,0.3
1,equal_fusion,152,45,True,8,16,0.3
1,equal_fusion,152,45,True,8,all,1.0
1,equal_fusion,153,59,True,8,1,0.25
1,equal_fusion,153,59,True,8,2,0.35
1,equal_fusion,153,59,True,8,4,0.45
1,equal_fusion,153,59,True,8,8,0.5
1,equal_fusion,153,59,True,8,16,0.95
1,equal_fusion,153,59,True,8,all,1.0
1,equal_fusion,154,82,False,8,1,0.9
1,equal_fusion,154,82,False,8,2,1.0
1,equal_fusion,154,82,False,8,4,1.0
1,equal_fusion,154,82,False,8,8,1.0
1,equal_fusion,154,82,False,8,16,1.0
1,equal_fusion,154,82,False,8,all,1.0
1,equal_fusion,156,60,True,8,1,0.8
1,equal_fusion,156,60,True,8,2,0.8
1,equal_fusion,156,60,True,8,4,0.85
1,equal_fusion,156,60,True,8,8,1.0
1,equal_fusion,156,60,True,8,16,1.0
1,equal_fusion,156,60,True,8,all,1.0
1,equal_fusion,159,64,True,8,1,0.7
1,equal_fusion,159,64,True,8,2,0.95
1,equal_fusion,159,64,True,8,4,1.0
1,equal_fusion,159,64,True,8,8,1.0
1,equal_fusion,159,64,True,8,16,1.0
1,equal_fusion,159,64,True,8,all,1.0
1,equal_fusion,160,83,False,8,1,0.95
1,equal_fusion,160,83,False,8,2,1.0
1,equal_fusion,160,83,False,8,4,1.0
1,equal_fusion,160,83,False,8,8,1.0
1,equal_fusion,160,83,False,8,16,1.0
1,equal_fusion,160,83,False,8,all,1.0
1,equal_fusion,162,65,True,8,1,0.25
1,equal_fusion,162,65,True,8,2,0.55
1,equal_fusion,162,65,True,8,4,0.5
1,equal_fusion,162,65,True,8,8,0.6
1,equal_fusion,162,65,True,8,16,0.3
1,equal_fusion,162,65,True,8,all,0.0
1,equal_fusion,163,66,True,8,1,0.05
1,equal_fusion,163,66,True,8,2,0.1
1,equal_fusion,163,66,True,8,4,0.1
1,equal_fusion,163,66,True,8,8,0.0
1,equal_fusion,163,66,True,8,16,0.0
1,equal_fusion,163,66,True,8,all,0.0
1,equal_fusion,165,84,False,8,1,0.85
1,equal_fusion,165,84,False,8,2,0.95
1,equal_fusion,165,84,False,8,4,1.0
1,equal_fusion,165,84,False,8,8,1.0
1,equal_fusion,165,84,False,8,16,1.0
1,equal_fusion,165,84,False,8,all,1.0
1,equal_fusion,166,85,False,8,1,0.95
1,equal_fusion,166,85,False,8,2,1.0
1,equal_fusion,166,85,False,8,4,1.0
1,equal_fusion,166,85,False,8,8,1.0
1,equal_fusion,166,85,False,8,16,1.0
1,equal_fusion,166,85,False,8,all,1.0
1,equal_fusion,169,86,False,8,1,1.0
1,equal_fusion,169,86,False,8,2,1.0
1,equal_fusion,169,86,False,8,4,1.0
1,equal_fusion,169,86,False,8,8,1.0
1,equal_fusion,169,86,False,8,16,1.0
1,equal_fusion,169,86,False,8,all,1.0
1,equal_fusion,170,87,False,8,1,1.0
1,equal_fusion,170,87,False,8,2,1.0
1,equal_fusion,170,87,False,8,4,1.0
1,equal_fusion,170,87,False,8,8,1.0
1,equal_fusion,170,87,False,8,16,1.0
1,equal_fusion,170,87,False,8,all,1.0
1,equal_fusion,172,70,True,8,1,0.45
1,equal_fusion,172,70,True,8,2,0.3
1,equal_fusion,172,70,True,8,4,0.5
1,equal_fusion,172,70,True,8,8,0.85
1,equal_fusion,172,70,True,8,16,0.95
1,equal_fusion,172,70,True,8,all,1.0
1,equal_fusion,173,88,False,8,1,0.85
1,equal_fusion,173,88,False,8,2,0.9
1,equal_fusion,173,88,False,8,4,1.0
1,equal_fusion,173,88,False,8,8,0.95
1,equal_fusion,173,88,False,8,16,1.0
1,equal_fusion,173,88,False,8,all,1.0
1,equal_fusion,175,71,True,8,1,0.15
1,equal_fusion,175,71,True,8,2,0.1
1,equal_fusion,175,71,True,8,4,0.05
1,equal_fusion,175,71,True,8,8,0.1
1,equal_fusion,175,71,True,8,16,0.1
1,equal_fusion,175,71,True,8,all,0.0
1,equal_fusion,176,78,True,8,1,0.9
1,equal_fusion,176,78,True,8,2,0.95
1,equal_fusion,176,78,True,8,4,1.0
1,equal_fusion,176,78,True,8,8,1.0
1,equal_fusion,176,78,True,8,16,1.0
1,equal_fusion,176,78,True,8,all,1.0
1,equal_fusion,177,89,False,8,1,1.0
1,equal_fusion,177,89,False,8,2,0.95
1,equal_fusion,177,89,False,8,4,1.0
1,equal_fusion,177,89,False,8,8,1.0
1,equal_fusion,177,89,False,8,16,1.0
1,equal_fusion,177,89,False,8,all,1.0
