epoch,arm,fold,seed,train_loss,train_acc,aux_loss_raw,calib_f1_live,calib_f1_ema,calib_acc_live,lr,margin,mixup,label_smooth,preclip_backbone,preclip_fusion,preclip_head,clipped_backbone,clipped_fusion,clipped_head,steps,skipped,influence_spatial,influence_spectral
1,grouped,0,0,8.50458,0.0133929,4.50062,0.0137132,0.0135247,0.0412698,0.0002,0,1,0.1,,1.31744,2.70876,0.75,0,0,28,0,0.0828892,99.9171
2,grouped,0,0,7.3335,0.031808,4.49639,0.0366872,0.0344705,0.0809524,0.0003,0,1,0.0995973,13.6196,1.16324,2.25281,1,0,0,28,0,1.20793,98.7921
3,grouped,0,0,6.93826,0.0479911,4.46965,0.0545488,0.0867621,0.0984127,0.0004,0,1,0.0991946,7.81095,1.18606,2.22605,1,0,0,28,0,10.0783,89.9217
4,grouped,0,0,6.75485,0.0518973,4.32522,0.0911448,0.0889418,0.147619,0.0005,0,1,0.0987919,5.66397,1.17704,2.27115,0.892857,0,0,28,0,18.3636,81.6364
5,grouped,0,0,6.52986,0.0820312,4.26353,0.0802608,0.108115,0.131746,0.000499942,0,1,0.0983893,5.53364,1.10577,2.29417,0.75,0,0,28,0,18.9482,81.0518
6,grouped,0,0,6.49414,0.0898438,4.25348,0.0892621,0.134564,0.149206,0.000499768,0,1,0.0979866,4.66415,0.963567,2.21963,0.142857,0,0,28,0,17.9462,82.0538
7,grouped,0,0,6.27443,0.0876116,4.19277,0.102399,0.141256,0.160317,0.000499477,0,1,0.0975839,4.75889,0.911025,2.24187,0.214286,0,0,28,0,13.201,86.799
8,grouped,0,0,6.31285,0.0602679,4.19178,0.125359,0.163494,0.171429,0.000499071,0,1,0.0971812,4.58876,0.857706,2.24331,0.321429,0,0,28,0,11.994,88.006
9,grouped,0,0,6.15586,0.0747768,4.14697,0.120846,0.171426,0.160317,0.000498549,0,1,0.0967785,4.60142,0.812225,2.22278,0.285714,0,0,28,0,13.5922,86.4078
10,grouped,0,0,6.33786,0.104911,4.18496,0.120921,0.181237,0.17619,0.000497912,0,1,0.0963758,4.813,0.762384,2.21916,0.285714,0,0,28,0,13.1943,86.8057
11,grouped,0,0,6.13233,0.118862,4.12637,0.155765,0.172159,0.21746,0.000497159,0,1,0.0959732,4.37283,0.746881,2.14896,0.178571,0,0,28,0,,
12,grouped,0,0,6.14894,0.0959821,4.1328,0.161985,0.207043,0.214286,0.000496291,0,1,0.0955705,5.09453,0.717744,2.13062,0.464286,0,0,28,0,18.8108,81.1892
13,grouped,0,0,5.86615,0.135045,4.03248,0.165618,0.225771,0.22381,0.00049531,0,1,0.0951678,4.82204,0.725454,2.16063,0.392857,0,0,28,0,19.6612,80.3388
14,grouped,0,0,6.06549,0.123326,4.11307,0.179742,0.219383,0.22381,0.000494214,0,1,0.0947651,4.72777,0.679548,2.10229,0.392857,0,0,28,0,,
15,grouped,0,0,5.92816,0.115513,4.06935,0.160034,0.218813,0.215873,0.000493004,0,1,0.0943624,5.54936,0.705146,2.18956,0.642857,0,0,28,0,,
16,grouped,0,0,5.73261,0.11942,4.00364,0.216745,0.250982,0.265079,0.000491682,0,1,0.0939597,5.05128,0.686355,2.18066,0.464286,0,0,28,0,15.8321,84.1679
17,grouped,0,0,5.73296,0.127232,4.0029,0.203794,0.258132,0.239683,0.000490247,0,1,0.093557,5.35341,0.6589,2.11098,0.678571,0,0,28,0,16.3199,83.6801
18,grouped,0,0,5.59551,0.106585,3.96589,0.230286,0.279402,0.269841,0.000488701,0,1,0.0931544,5.77176,0.665093,2.13228,0.75,0,0,28,0,15.6845,84.3155
19,grouped,0,0,5.83092,0.114397,4.05313,0.236857,0.268226,0.273016,0.000487044,0,1,0.0927517,5.17577,0.653897,2.12369,0.535714,0,0,28,0,,
20,grouped,0,0,5.64454,0.180246,3.9934,0.267208,0.285961,0.315873,0.000485277,0,1,0.092349,5.53935,0.635556,2.07267,0.714286,0,0,28,0,16.6071,83.3929
21,grouped,0,0,5.54928,0.160714,3.91138,0.219713,0.321236,0.27619,0.000483401,0,1,0.0919463,6.56781,0.675995,2.14243,0.857143,0,0,28,0,19.6823,80.3177
22,grouped,0,0,5.41916,0.147321,3.82935,0.298006,0.317898,0.336508,0.000481416,0,1,0.0915436,6.03486,0.657816,2.12059,0.75,0,0,28,0,,
23,grouped,0,0,5.38507,0.132254,3.82348,0.299151,0.338477,0.342857,0.000479324,0,1,0.0911409,6.11995,0.628139,2.05566,0.714286,0,0,28,0,23.1571,76.8429
24,grouped,0,0,5.3713,0.116629,3.78078,0.257995,0.346931,0.295238,0.000477125,0,1,0.0907383,5.91018,0.634519,2.04484,0.75,0,0,28,0,20.9696,79.0304
25,grouped,0,0,5.31056,0.181362,3.78985,0.299554,0.370579,0.338095,0.000474821,0,1,0.0903356,6.59117,0.627476,2.06802,0.892857,0,0,28,0,27.1337,72.8663
26,grouped,0,0,5.24995,0.201451,3.74171,0.33334,0.37298,0.371429,0.000472412,0,1,0.0899329,5.77734,0.624275,2.06545,0.75,0,0,28,0,25.9589,74.0411
27,grouped,0,0,4.96029,0.163504,3.61777,0.331894,0.372894,0.357143,0.000469901,0,1,0.0895302,6.50186,0.625653,1.97955,0.928571,0,0,28,0,,
28,grouped,0,0,5.20184,0.236607,3.73423,0.341009,0.401205,0.369841,0.000467287,0,1,0.0891275,6.78498,0.630364,2.01272,0.857143,0,0,28,0,25.2462,74.7538
29,grouped,0,0,5.13263,0.19029,3.70182,0.348034,0.401885,0.373016,0.000464572,0,1,0.0887248,6.61062,0.608852,1.96138,0.892857,0,0,28,0,25.3188,74.6812
30,grouped,0,0,5.09018,0.136719,3.69185,0.262581,0.39533,0.295238,0.000461758,0,1,0.0883221,7.44593,0.628112,2.01747,0.964286,0,0,28,0,,
31,grouped,0,0,4.92191,0.222656,3.60809,0.34993,0.409646,0.377778,0.000458846,0,1,0.0879195,7.49803,0.606846,1.99866,1,0,0,28,0,30.1263,69.8737
32,grouped,0,0,4.84603,0.255022,3.58794,0.353841,0.408919,0.388889,0.000455836,0,1,0.0875168,7.18086,0.619143,1.93887,0.928571,0,0,28,0,,
33,grouped,0,0,5.07788,0.232701,3.68424,0.375723,0.398631,0.401587,0.000452732,0,1,0.0871141,6.18901,0.598404,1.99478,0.892857,0,0,28,0,,
34,grouped,0,0,4.95163,0.214286,3.63702,0.30733,0.386755,0.34127,0.000449533,0,1,0.0867114,6.67998,0.603112,1.97524,0.964286,0,0,28,0,,
35,grouped,0,0,4.85893,0.167411,3.59976,0.358733,0.412457,0.385714,0.000446242,0,1,0.0863087,6.82684,0.615832,1.96589,0.964286,0,0,28,0,32.9194,67.0806
36,grouped,0,0,4.81855,0.243304,3.57946,0.364307,0.415212,0.388889,0.00044286,0,1,0.085906,6.79745,0.602232,1.92719,0.928571,0,0,28,0,32.7031,67.2969
37,grouped,0,0,4.63764,0.205357,3.50118,0.401772,0.433887,0.426984,0.000439388,0,1,0.0855034,7.14501,0.612434,1.92545,0.964286,0,0,28,0,29.8838,70.1162
38,grouped,0,0,4.56148,0.15346,3.46582,0.382337,0.416845,0.414286,0.000435829,0,1,0.0851007,8.27822,0.631721,1.87376,0.964286,0,0,28,0,,
39,grouped,0,0,4.93553,0.248884,3.64966,0.356014,0.414865,0.379365,0.000432184,0,1,0.084698,7.78847,0.616602,1.97842,1,0,0,28,0,,
40,grouped,0,0,4.75495,0.152344,3.57706,0.388667,0.409749,0.409524,0.000428454,0,1,0.0842953,8.25674,0.62015,1.93158,1,0,0,28,0,,
41,grouped,0,0,4.73487,0.31529,3.5825,0.398811,0.4209,0.433333,0.000424642,0,1,0.0838926,7.39971,0.60891,1.88321,0.928571,0,0,28,0,,
42,grouped,0,0,4.71685,0.231027,3.56067,0.386108,0.431409,0.428571,0.000420749,0,1,0.0834899,7.62651,0.62678,1.95978,0.928571,0,0,28,0,,
43,grouped,0,0,4.6386,0.25279,3.49992,0.43038,0.43561,0.452381,0.000416777,0,1,0.0830872,7.32923,0.629153,1.91535,0.964286,0,0,28,0,33.305,66.695
44,grouped,0,0,4.37406,0.248884,3.41962,0.399477,0.457301,0.430159,0.000412728,0,1,0.0826846,8.08154,0.65091,1.86882,1,0,0,28,0,30.27,69.73
45,grouped,0,0,4.53838,0.291295,3.49496,0.401995,0.434298,0.430159,0.000408604,0,1,0.0822819,7.7472,0.640099,1.90845,1,0,0,28,0,,
46,grouped,0,0,4.35138,0.196987,3.40616,0.423049,0.443,0.452381,0.000404406,0,1,0.0818792,8.10824,0.654861,1.85247,1,0,0,28,0,,
47,grouped,0,0,4.47365,0.268973,3.47077,0.42152,0.447167,0.449206,0.000400137,0,1,0.0814765,7.63728,0.616551,1.84653,1,0,0,28,0,,
48,grouped,0,0,4.17133,0.275112,3.3207,0.400243,0.442745,0.426984,0.000395799,0,1,0.0810738,8.08242,0.648439,1.88775,1,0,0,28,0,,
49,grouped,0,0,4.57598,0.25279,3.51679,0.388594,0.452126,0.430159,0.000391394,0,1,0.0806711,8.12483,0.636598,1.87727,1,0,0,28,0,,
50,grouped,0,0,4.12672,0.279576,3.31021,0.422113,0.471535,0.449206,0.000386923,0,1,0.0802685,7.69268,0.625492,1.78213,1,0,0,28,0,31.7065,68.2935
51,grouped,0,0,4.48315,0.236049,3.45764,0.445317,0.462472,0.468254,0.000382389,0,1,0.0798658,8.1228,0.638724,1.84142,1,0,0,28,0,,
52,grouped,0,0,4.20415,0.258371,3.33481,0.469132,0.49419,0.488889,0.000377795,0,1,0.0794631,7.97048,0.617183,1.77134,1,0,0,28,0,33.1878,66.8122
53,grouped,0,0,4.22585,0.305246,3.3465,0.488973,0.499556,0.515873,0.000373141,0,1,0.0790604,8.20525,0.625233,1.75877,1,0,0,28,0,34.2307,65.7693
54,grouped,0,0,4.40632,0.282366,3.43949,0.422917,0.487367,0.452381,0.000368431,0,1,0.0786577,8.54658,0.636796,1.79056,1,0,0,28,0,,
55,grouped,0,0,3.97561,0.268415,3.24092,0.435298,0.502937,0.466667,0.000363667,0,1,0.078255,8.25173,0.637961,1.76421,1,0,0,28,0,33.5994,66.4005
56,grouped,0,0,4.18493,0.3125,3.32329,0.510182,0.502854,0.515873,0.00035885,0,1,0.0778523,9.18907,0.642144,1.77907,1,0,0,28,0,35.0268,64.9732
57,grouped,0,0,4.398,0.147879,3.44444,0.371116,0.490213,0.407937,0.000353983,0,1,0.0774497,7.50678,0.611871,1.79992,1,0,0,28,0,,
58,grouped,0,0,3.97182,0.245536,3.22801,0.509766,0.507828,0.531746,0.000349069,0,1,0.077047,7.71044,0.629417,1.69423,1,0,0,28,0,,
59,grouped,0,0,3.97745,0.294643,3.22014,0.475729,0.491612,0.5,0.000344109,0,1,0.0766443,9.32345,0.647799,1.75689,1,0,0,28,0,,
60,grouped,0,0,4.11755,0.324219,3.2993,0.435792,0.512302,0.463492,0.000339107,0,1,0.0762416,7.69518,0.635758,1.79518,1,0,0,28,0,35.5489,64.4511
61,grouped,0,0,4.16047,0.24442,3.31588,0.485421,0.543016,0.507937,0.000334063,0,1,0.0758389,8.51771,0.628816,1.7783,1,0,0,28,0,38.5153,61.4847
62,grouped,0,0,3.76365,0.192522,3.12599,0.533775,0.533129,0.557143,0.000328982,0,1,0.0754362,8.74402,0.651094,1.69712,1,0,0,28,0,,
63,grouped,0,0,3.78725,0.327009,3.1258,0.435361,0.544149,0.455556,0.000323864,0,1,0.0750336,8.97475,0.654928,1.69291,1,0,0,28,0,36.1969,63.8031
64,grouped,0,0,3.80282,0.280134,3.13391,0.476817,0.547896,0.503175,0.000318713,0,1,0.0746309,8.24824,0.644827,1.67237,1,0,0,28,0,34.4804,65.5196
65,grouped,0,0,3.94222,0.348772,3.2073,0.536673,0.540139,0.555556,0.000313531,0,1,0.0742282,7.77709,0.609055,1.65903,1,0,0,28,0,,
66,grouped,0,0,3.88794,0.272879,3.18475,0.544682,0.550215,0.568254,0.000308321,0,1,0.0738255,8.33706,0.645387,1.68362,1,0,0,28,0,39.195,60.805
67,grouped,0,0,3.79273,0.392299,3.13397,0.540351,0.551168,0.569841,0.000303084,0,1,0.0734228,8.27783,0.630529,1.63661,1,0,0,28,0,40.2863,59.7137
68,grouped,0,0,3.75153,0.223772,3.10656,0.516492,0.555294,0.54127,0.000297823,0,1,0.0730201,8.60453,0.644572,1.60971,1,0,0,28,0,39.1657,60.8343
69,grouped,0,0,3.64882,0.228237,3.09115,0.546932,0.5533,0.565079,0.000292541,0,1,0.0726174,8.78717,0.654534,1.63223,1,0,0,28,0,,
70,grouped,0,0,3.93224,0.323661,3.22998,0.521688,0.55937,0.538095,0.00028724,0,1,0.0722148,8.08628,0.634878,1.68131,1,0,0,28,0,41.6391,58.3609
71,grouped,0,0,3.73009,0.293527,3.10052,0.540504,0.558064,0.560317,0.000281923,0,1,0.0718121,8.71575,0.659621,1.69412,1,0,0,28,0,,
72,grouped,0,0,3.76151,0.28404,3.1257,0.496709,0.555466,0.531746,0.000276592,0,1,0.0714094,8.27282,0.633517,1.64309,1,0,0,28,0,,
73,grouped,0,0,3.66718,0.219866,3.07547,0.570092,0.550923,0.590476,0.00027125,0,1,0.0710067,8.27309,0.648449,1.62251,1,0,0,28,0,43.241,56.759
74,grouped,0,0,3.54298,0.361607,3.00412,0.569059,0.54315,0.587302,0.000265899,0,1,0.070604,8.66489,0.672942,1.62856,1,0,0,28,0,,
75,grouped,0,0,3.60522,0.249442,3.05222,0.418238,0.553485,0.452381,0.000260542,0,1,0.0702013,8.11728,0.654248,1.63293,1,0,0,28,0,44.1354,55.8646
76,grouped,0,0,3.75792,0.22154,3.1501,0.524884,0.527482,0.544444,0.000255181,0,1,0.0697987,8.4366,0.645091,1.63925,1,0,0,28,0,,
77,grouped,0,0,3.71928,0.251674,3.14056,0.574216,0.546586,0.590476,0.000249819,0,1,0.069396,9.73919,0.670458,1.7077,1,0,0,28,0,41.73,58.27
78,grouped,0,0,3.6671,0.245536,3.11877,0.550647,0.553767,0.560317,0.000244458,0,1,0.0689933,7.9084,0.623547,1.59364,1,0,0,28,0,,
79,grouped,0,0,3.71246,0.261161,3.12623,0.540955,0.561894,0.55873,0.000239101,0,1,0.0685906,8.49224,0.63695,1.60656,1,0,0,28,0,,
80,grouped,0,0,3.49842,0.339286,3.01266,0.573066,0.563061,0.590476,0.00023375,0,1,0.0681879,9.06144,0.654586,1.62145,1,0,0,28,0,,
81,grouped,0,0,3.33059,0.369978,2.90774,0.563998,0.565679,0.587302,0.000228408,0,1,0.0677852,8.11111,0.68736,1.53669,1,0,0,28,0,,
82,grouped,0,0,3.4655,0.382812,3.01342,0.565602,0.604766,0.57619,0.000223077,0,1,0.0673826,7.72735,0.63978,1.60016,1,0,0,28,0,44.8844,55.1156
83,grouped,0,0,3.52892,0.344866,3.0275,0.606607,0.587374,0.620635,0.00021776,0,1,0.0669799,8.03669,0.643374,1.59363,1,0,0,28,0,45.4366,54.5633
84,grouped,0,0,3.38454,0.379464,2.94361,0.540462,0.584968,0.565079,0.000212459,0,1,0.0665772,8.29764,0.668697,1.58224,1,0,0,28,0,,
85,grouped,0,0,3.17626,0.300781,2.84421,0.601674,0.594963,0.611111,0.000207177,0,1,0.0661745,9.09721,0.658212,1.50676,1,0,0,28,0,,
86,grouped,0,0,3.16797,0.321429,2.84037,0.522384,0.594871,0.542857,0.000201916,0,1,0.0657718,,0.686623,1.51096,0.964286,0,0,28,0,,
87,grouped,0,0,3.61166,0.222098,3.08497,0.612576,0.587054,0.628571,0.000196679,0,1,0.0653691,8.47303,0.668042,1.62765,1,0,0,28,0,46.1125,53.8875
88,grouped,0,0,3.16639,0.385603,2.86339,0.56209,0.60947,0.580952,0.000191469,0,1,0.0649664,8.24741,0.670633,1.50499,1,0,0,28,0,,
89,grouped,0,0,3.43845,0.30971,3.01728,0.576166,0.610923,0.595238,0.000186287,0,1,0.0645638,8.12967,0.674026,1.58588,1,0,0,28,0,,
90,grouped,0,0,2.85358,0.275112,2.65388,0.574358,0.616828,0.596825,0.000181136,0,1,0.0641611,8.98358,0.733567,1.46436,1,0,0,28,0,50.6824,49.3176
91,grouped,0,0,3.11505,0.393973,2.8295,0.582208,0.62098,0.596825,0.000176018,0,1,0.0637584,7.67906,0.645156,1.44334,1,0,0,28,0,48.0322,51.9678
92,grouped,0,0,3.05456,0.295759,2.76903,0.611792,0.623035,0.619048,0.000170937,0,1,0.0633557,8.39818,0.667239,1.45448,1,0,0,28,0,48.7287,51.2713
93,grouped,0,0,3.17983,0.300223,2.85708,0.559027,0.623628,0.587302,0.000165893,0,1,0.062953,9.45579,0.679658,1.49181,1,0,0,28,0,45.987,54.013
94,grouped,0,0,3.23613,0.327009,2.90499,0.526875,0.620211,0.555556,0.000160891,0,1,0.0625503,7.90413,0.64553,1.48773,1,0,0,28,0,,
95,grouped,0,0,3.44584,0.307478,3.01142,0.594066,0.628845,0.611111,0.000155931,0,1,0.0621477,8.07268,0.637362,1.54862,1,0,0,28,0,48.7997,51.2003
96,grouped,0,0,3.11059,0.34096,2.83983,0.614936,0.627717,0.633333,0.000151017,0,1,0.061745,8.57229,0.668731,1.46017,1,0,0,28,0,,
97,grouped,0,0,2.97849,0.272321,2.77523,0.619328,0.623352,0.634921,0.00014615,0,1,0.0613423,7.4577,0.641815,1.4267,1,0,0,28,0,,
98,grouped,0,0,3.05042,0.310826,2.78779,0.592908,0.615196,0.607937,0.000141333,0,1,0.0609396,8.15402,0.673066,1.46892,1,0,0,28,0,,
99,grouped,0,0,3.25315,0.359375,2.92611,0.586795,0.615755,0.607937,0.000136569,0,1,0.0605369,8.14693,0.627236,1.48145,1,0,0,28,0,,
100,grouped,0,0,3.34046,0.358259,2.97927,0.583117,0.627024,0.6,0.000131859,0,1,0.0601342,7.94343,0.636499,1.54236,1,0,0,28,0,49.7723,50.2277
101,grouped,0,0,3.20023,0.296875,2.91144,0.580664,0.623561,0.6,0.000127205,0,1,0.0597315,8.24296,0.642864,1.47007,1,0,0,28,0,,
102,grouped,0,0,2.91916,0.30692,2.70959,0.635248,0.621737,0.646032,0.000122611,0,1,0.0593289,8.13599,0.643454,1.40181,1,0,0,28,0,49.4812,50.5188
103,grouped,0,0,3.27788,0.354911,2.96069,0.598293,0.624062,0.619048,0.000118077,0,1,0.0589262,7.41721,0.627131,1.50838,1,0,0,28,0,,
104,grouped,0,0,2.81957,0.352679,2.67383,0.623545,0.642279,0.634921,0.000113606,0,1,0.0585235,7.89689,0.653993,1.39764,1,0,0,28,0,50.1791,49.8209
105,grouped,0,0,3.00873,0.359933,2.79626,0.617079,0.621671,0.631746,0.000109201,0,1,0.0581208,9.02179,0.671156,1.45724,1,0,0,28,0,,
106,grouped,0,0,2.69284,0.311384,2.60133,0.621884,0.618448,0.636508,0.000104863,0,1,0.0577181,8.12438,0.673865,1.36124,1,0,0,28,0,,
107,grouped,0,0,2.77552,0.479911,2.6684,0.634093,0.639316,0.642857,0.000100594,0,1,0.0573154,8.47518,0.676044,1.39875,1,0,0,28,0,,
108,grouped,0,0,2.69677,0.34654,2.60124,0.631,0.638233,0.64127,9.63962e-05,0,1,0.0569128,8.75728,0.673487,1.33972,1,0,0,28,0,,
109,grouped,0,0,2.84518,0.34096,2.71499,0.651314,0.629219,0.65873,9.22719e-05,0,1,0.0565101,9.10276,0.678819,1.43727,1,0,0,28,0,48.3379,51.6621
110,grouped,0,0,2.86543,0.334263,2.73079,0.626961,0.634041,0.642857,8.82228e-05,0,1,0.0561074,7.77199,0.646263,1.37231,1,0,0,28,0,,
111,grouped,0,0,1.84966,0.772879,2.1011,0.660939,0.647017,0.666667,8.42509e-05,0,0,0.0557047,8.89523,0.756721,1.21635,1,0,0,28,0,49.7374,50.2626
112,grouped,0,0,1.80645,0.762835,2.06198,0.637921,0.654466,0.642857,8.03579e-05,0.0020458,0,0.055302,9.60441,0.83006,1.24362,1,0,0,28,0,,
113,grouped,0,0,1.85474,0.742188,2.06049,0.651173,0.653453,0.661905,7.65457e-05,0.00812741,0,0.0548993,9.9866,0.844653,1.25786,1,0,0,28,0,,
114,grouped,0,0,1.97735,0.689732,2.04831,0.65785,0.665719,0.668254,7.28161e-05,0.0180789,0,0.0544966,10.954,0.959745,1.33594,1,0,0,28,0,50.992,49.008
115,grouped,0,0,2.08929,0.648996,2.00718,0.65133,0.663484,0.660317,6.91709e-05,0.0316289,0,0.054094,12.6742,1.10675,1.46617,1,0,0,28,0,,
116,grouped,0,0,2.33055,0.55971,2.02065,0.673706,0.65927,0.677778,6.56117e-05,0.0484078,0,0.0536913,12.8647,1.25614,1.59224,1,0,0,28,0,50.1737,49.8263
117,grouped,0,0,2.55132,0.511719,2.01321,0.665979,0.667118,0.67619,6.21402e-05,0.0679578,0,0.0532886,15.2226,1.47085,1.68736,1,0,0,28,0,,
118,grouped,0,0,2.97188,0.422991,2.01235,0.657804,0.662953,0.668254,5.87581e-05,0.0897457,0,0.0528859,20.0687,1.76525,1.92187,1,0,0,28,0,,
119,grouped,0,0,3.25507,0.368862,1.96369,0.664621,0.669383,0.671429,5.5467e-05,0.113177,0,0.0524832,19.5877,2.00905,1.99281,1,0,0,28,0,,
120,grouped,0,0,3.6515,0.337612,1.98032,0.650401,0.6662,0.663492,5.22683e-05,0.137613,0,0.0520805,21.9653,2.29818,2.09439,1,0,0,28,0,,
121,grouped,0,0,4.05885,0.289062,1.94842,0.678538,0.65579,0.690476,4.91636e-05,0.162387,0,0.0516779,24.933,2.53692,2.15718,1,0,0,28,0,52.508,47.492
122,grouped,0,0,4.64386,0.243862,1.97768,0.644157,0.67106,0.655556,4.61544e-05,0.186823,0,0.0512752,27.897,2.78877,2.23693,1,0,0,28,0,,
123,grouped,0,0,4.98086,0.222098,1.97021,0.658137,0.66856,0.671429,4.3242e-05,0.210254,0,0.0508725,28.2823,2.97409,2.27799,1,0,0,28,0,,
124,grouped,0,0,5.38246,0.194754,1.98308,0.665203,0.668733,0.67619,4.04278e-05,0.232042,0,0.0504698,31.63,3.174,2.32619,1,0,0,28,0,,
125,grouped,0,0,5.72557,0.183036,1.97873,0.634176,0.668015,0.649206,3.77132e-05,0.251592,0,0.0500671,34.2486,3.28815,2.36245,1,0,0,28,0,54.2676,45.7324
126,grouped,0,0,5.99331,0.178013,1.95927,0.661364,0.670524,0.674603,3.50995e-05,0.268371,0,0.0496644,34.0322,3.34012,2.35815,1,0,0,28,0,,
127,grouped,0,0,6.21813,0.157366,1.97204,0.65619,0.66487,0.671429,3.25877e-05,0.281921,0,0.0492617,35.9829,3.42673,2.39208,1,0,0,28,0,,
128,grouped,0,0,6.30158,0.167411,1.97564,0.647946,0.667828,0.660317,3.01792e-05,0.291873,0,0.0488591,35.2099,3.49259,2.40077,1,0,0,28,0,,
129,grouped,0,0,6.40076,0.15904,1.92842,0.659233,0.665079,0.669841,2.78751e-05,0.297954,0,0.0484564,34.6594,3.51296,2.39586,1,0,0,28,0,,
130,grouped,0,0,6.42307,0.165179,1.93452,0.663481,0.652916,0.67619,2.56764e-05,0.3,0,0.0480537,37.8077,3.56905,2.41571,1,0,0,28,0,,
131,grouped,0,0,6.30439,0.195312,1.95794,0.645923,0.659732,0.660317,2.35841e-05,0.3,0,0.047651,35.8085,3.45903,2.33217,1,0,0,28,0,,
132,grouped,0,0,6.20836,0.195871,1.95071,0.649964,0.659489,0.663492,2.15994e-05,0.3,0,0.0472483,38.549,3.53043,2.35891,1,0,0,28,0,,
133,grouped,0,0,6.14221,0.198103,1.93176,0.662129,0.662778,0.67619,1.9723e-05,0.3,0,0.0468456,35.7291,3.56579,2.36774,1,0,0,28,0,,
134,grouped,0,0,6.28439,0.199777,1.93614,0.648252,0.662227,0.663492,1.79558e-05,0.3,0,0.046443,35.9184,3.56833,2.36538,1,0,0,28,0,,
135,grouped,0,0,6.24022,0.190848,1.9344,0.653894,0.658426,0.668254,1.62988e-05,0.3,0,0.0460403,39.7287,3.58392,2.37077,1,0,0,28,0,,
136,grouped,0,0,6.14576,0.212612,1.93157,0.658713,0.658192,0.674603,1.47526e-05,0.3,0,0.0456376,37.6965,3.54587,2.3518,1,0,0,28,0,,
137,grouped,0,0,6.15442,0.21596,1.92796,0.664438,0.660262,0.674603,1.33181e-05,0.3,0,0.0452349,38.1336,3.51927,2.30873,1,0,0,28,0,,
138,grouped,0,0,6.05096,0.21317,1.90997,0.661243,0.656277,0.673016,1.19958e-05,0.3,0,0.0448322,37.1845,3.52227,2.32843,1,0,0,28,0,,
139,grouped,0,0,6.12139,0.232701,1.90941,0.669592,0.657459,0.68254,1.07864e-05,0.3,0,0.0444295,37.4105,3.46191,2.28941,1,0,0,28,0,,
140,grouped,0,0,6.13986,0.217634,1.93294,0.656832,0.659192,0.673016,9.69048e-06,0.3,0,0.0440268,37.1995,3.57596,2.35386,1,0,0,28,0,,
141,grouped,0,0,6.00459,0.222656,1.89822,0.657611,0.663531,0.669841,8.70853e-06,0.3,0,0.0436242,37.3331,3.49769,2.30488,1,0,0,28,0,,
142,grouped,0,0,6.13696,0.207589,1.92126,0.657417,0.663956,0.673016,7.84101e-06,0.3,0,0.0432215,42.4743,3.52687,2.32946,1,0,0,28,0,,
143,grouped,0,0,5.92612,0.231027,1.92308,0.6622,0.662309,0.67619,7.08833e-06,0.3,0,0.0428188,39.1565,3.59161,2.35272,1,0,0,28,0,,
144,grouped,0,0,5.8851,0.222098,1.89598,0.660992,0.662226,0.677778,6.45086e-06,0.3,0,0.0424161,37.0336,3.47021,2.26854,1,0,0,28,0,,
145,grouped,0,0,5.90265,0.237723,1.89882,0.660177,0.660766,0.674603,5.92887e-06,0.3,0,0.0420134,37.3142,3.46815,2.28801,1,0,0,28,0,,
146,grouped,0,0,6.11485,0.225446,1.93519,0.658874,0.663381,0.673016,5.52264e-06,0.3,0,0.0416107,38.6059,3.52814,2.30073,1,0,0,28,0,,
1,grouped,0,1,8.33087,0.0184152,4.50072,0.011742,0.0134079,0.0492063,0.0002,0,1,0.1,,1.1938,2.38782,0.928571,0,0,28,0,0.0760626,99.9239
2,grouped,0,1,7.33691,0.0262277,4.49889,0.0347022,0.034756,0.0904762,0.0003,0,1,0.0995973,16.893,1.10359,2.1603,1,0,0,28,0,0.470852,99.5291
3,grouped,0,1,6.9459,0.0424107,4.49425,0.0622125,0.0846291,0.11746,0.0004,0,1,0.0991946,8.32931,1.16385,2.22328,1,0,0,28,0,8.04446,91.9555
4,grouped,0,1,6.86793,0.0368304,4.47331,0.056916,0.102035,0.103175,0.0005,0,1,0.0987919,5.72804,1.20045,2.31991,0.857143,0,0,28,0,15.2608,84.7392
5,grouped,0,1,6.70313,0.0719866,4.36186,0.0939753,0.129734,0.146032,0.000499942,0,1,0.0983893,4.5258,1.09764,2.27285,0.107143,0,0,28,0,14.9937,85.0063
6,grouped,0,1,6.44991,0.0887277,4.25112,0.109406,0.156972,0.160317,0.000499768,0,1,0.0979866,4.62393,0.994817,2.28677,0.142857,0,0,28,0,11.1797,88.8203
7,grouped,0,1,6.3954,0.0864955,4.23773,0.122482,0.154552,0.179365,0.000499477,0,1,0.0975839,4.47393,0.931502,2.26685,0.214286,0,0,28,0,,
8,grouped,0,1,6.28535,0.118304,4.20143,0.149773,0.183427,0.192063,0.000499071,0,1,0.0971812,4.77611,0.856744,2.24628,0.357143,0,0,28,0,12.5926,87.4074
9,grouped,0,1,6.3211,0.102679,4.1942,0.137264,0.200143,0.188889,0.000498549,0,1,0.0967785,5.12091,0.809962,2.26731,0.571429,0,0,28,0,16.0187,83.9813
10,grouped,0,1,6.18089,0.0803571,4.15722,0.156295,0.184265,0.211111,0.000497912,0,1,0.0963758,4.378,0.750265,2.15871,0.107143,0,0,28,0,,
11,grouped,0,1,6.0144,0.117188,4.09898,0.165998,0.206668,0.215873,0.000497159,0,1,0.0959732,4.9519,0.73349,2.12941,0.357143,0,0,28,0,17.7012,82.2988
12,grouped,0,1,6.05134,0.116071,4.09213,0.17217,0.21136,0.226984,0.000496291,0,1,0.0955705,4.79579,0.723629,2.19442,0.25,0,0,28,0,15.2643,84.7357
13,grouped,0,1,5.97625,0.140067,4.08002,0.177476,0.217958,0.220635,0.00049531,0,1,0.0951678,4.7913,0.686713,2.10914,0.285714,0,0,28,0,13.7091,86.2909
14,grouped,0,1,5.9633,0.140625,4.0848,0.17968,0.23278,0.231746,0.000494214,0,1,0.0947651,5.2756,0.698592,2.18334,0.535714,0,0,28,0,15.2803,84.7197
15,grouped,0,1,5.90726,0.125,4.05766,0.212099,0.24136,0.257143,0.000493004,0,1,0.0943624,5.49287,0.685076,2.16152,0.571429,0,0,28,0,12.739,87.261
16,grouped,0,1,5.8662,0.0998884,4.05882,0.205436,0.245506,0.260317,0.000491682,0,1,0.0939597,5.27602,0.653095,2.10152,0.571429,0,0,28,0,15.4741,84.5259
17,grouped,0,1,5.67901,0.118862,4.00672,0.229603,0.273438,0.271429,0.000490247,0,1,0.093557,5.74421,0.683852,2.13492,0.75,0,0,28,0,18.3173,81.6827
18,grouped,0,1,5.72956,0.126674,4.0338,0.194059,0.270758,0.24127,0.000488701,0,1,0.0931544,5.91121,0.673878,2.14798,0.75,0,0,28,0,,
19,grouped,0,1,5.75793,0.124442,4.03678,0.258889,0.266895,0.301587,0.000487044,0,1,0.0927517,5.94309,0.659176,2.12543,0.714286,0,0,28,0,,
20,grouped,0,1,5.73882,0.103237,4.04743,0.208932,0.28417,0.266667,0.000485277,0,1,0.092349,6.03669,0.647129,2.15827,0.892857,0,0,28,0,18.1788,81.8212
21,grouped,0,1,5.76583,0.139509,4.03137,0.24844,0.304285,0.306349,0.000483401,0,1,0.0919463,5.54462,0.631323,2.13866,0.785714,0,0,28,0,22.0578,77.9422
22,grouped,0,1,5.54958,0.140625,3.96226,0.26898,0.311731,0.315873,0.000481416,0,1,0.0915436,6.21641,0.63982,2.1066,0.821429,0,0,28,0,22.0039,77.9961
23,grouped,0,1,5.46177,0.149554,3.9316,0.311286,0.310501,0.34127,0.000479324,0,1,0.0911409,6.93197,0.64412,2.05657,0.928571,0,0,28,0,,
24,grouped,0,1,5.30383,0.223214,3.87382,0.352481,0.33709,0.398413,0.000477125,0,1,0.0907383,6.87747,0.624928,2.04475,0.964286,0,0,28,0,22.9136,77.0864
25,grouped,0,1,5.40267,0.147879,3.87199,0.33871,0.347056,0.379365,0.000474821,0,1,0.0903356,7.93551,0.639152,2.09585,1,0,0,28,0,23.6669,76.3331
26,grouped,0,1,5.19689,0.132254,3.77253,0.288708,0.368893,0.339683,0.000472412,0,1,0.0899329,8.20772,0.632041,2.02712,1,0,0,28,0,23.8115,76.1885
27,grouped,0,1,5.21303,0.128906,3.77048,0.33957,0.387502,0.38254,0.000469901,0,1,0.0895302,8.27335,0.627881,2.02641,0.964286,0,0,28,0,23.764,76.236
28,grouped,0,1,5.07843,0.216518,3.69089,0.361853,0.377782,0.406349,0.000467287,0,1,0.0891275,8.5699,0.606464,1.9203,1,0,0,28,0,,
29,grouped,0,1,5.07858,0.200335,3.66603,0.375824,0.419186,0.415873,0.000464572,0,1,0.0887248,8.93197,0.62651,2.01375,1,0,0,28,0,25.1202,74.8798
30,grouped,0,1,4.90967,0.186942,3.58525,0.359671,0.436545,0.392063,0.000461758,0,1,0.0883221,8.61663,0.598499,1.93648,1,0,0,28,0,24.2528,75.7472
31,grouped,0,1,4.8544,0.210938,3.56216,0.388371,0.435469,0.425397,0.000458846,0,1,0.0879195,8.96074,0.603742,1.92127,1,0,0,28,0,,
32,grouped,0,1,4.80969,0.231027,3.53083,0.360669,0.417947,0.398413,0.000455836,0,1,0.0875168,8.63337,0.6128,1.91998,1,0,0,28,0,,
33,grouped,0,1,4.98807,0.217634,3.60246,0.340662,0.41961,0.371429,0.000452732,0,1,0.0871141,8.65736,0.606421,1.98517,1,0,0,28,0,,
34,grouped,0,1,4.86151,0.206473,3.54921,0.3544,0.452282,0.392063,0.000449533,0,1,0.0867114,9.71748,0.607306,1.95254,1,0,0,28,0,28.3492,71.6508
35,grouped,0,1,4.63312,0.209263,3.43734,0.46974,0.439117,0.488889,0.000446242,0,1,0.0863087,10.4624,0.608405,1.88673,0.964286,0,0,28,0,28.4852,71.5148
36,grouped,0,1,4.79898,0.231027,3.53668,0.454094,0.450674,0.487302,0.00044286,0,1,0.085906,9.0595,0.606641,1.88199,1,0,0,28,0,,
37,grouped,0,1,4.60915,0.288504,3.42991,0.442394,0.475676,0.468254,0.000439388,0,1,0.0855034,9.10815,0.60785,1.83596,1,0,0,28,0,30.6897,69.3103
38,grouped,0,1,4.34854,0.188616,3.28248,0.42217,0.485551,0.45873,0.000435829,0,1,0.0851007,10.4242,0.646186,1.86188,1,0,0,28,0,25.6512,74.3488
39,grouped,0,1,4.60511,0.147321,3.39579,0.371683,0.474924,0.411111,0.000432184,0,1,0.084698,9.6212,0.603818,1.85486,1,0,0,28,0,,
40,grouped,0,1,4.42616,0.291295,3.33447,0.490833,0.523978,0.526984,0.000428454,0,1,0.0842953,9.87417,0.616791,1.84371,1,0,0,28,0,31.8325,68.1675
41,grouped,0,1,4.2051,0.31529,3.22466,0.479198,0.522758,0.509524,0.000424642,0,1,0.0838926,10.0814,0.650441,1.8341,1,0,0,28,0,,
42,grouped,0,1,4.39579,0.272879,3.29604,0.555634,0.523637,0.571429,0.000420749,0,1,0.0834899,9.20836,0.627624,1.8352,1,0,0,28,0,37.8783,62.1217
43,grouped,0,1,4.5241,0.232701,3.39243,0.442117,0.543561,0.479365,0.000416777,0,1,0.0830872,10.6915,0.631211,1.84763,1,0,0,28,0,,
44,grouped,0,1,4.31561,0.260045,3.28853,0.465494,0.510822,0.487302,0.000412728,0,1,0.0826846,9.89445,0.636112,1.86114,1,0,0,28,0,,
45,grouped,0,1,4.18468,0.254464,3.21905,0.470922,0.533626,0.5,0.000408604,0,1,0.0822819,10.2666,0.656069,1.78641,1,0,0,28,0,,
46,grouped,0,1,4.27406,0.28125,3.26868,0.519847,0.52635,0.547619,0.000404406,0,1,0.0818792,9.74013,0.621201,1.78934,0.964286,0,0,28,0,,
47,grouped,0,1,4.27654,0.24442,3.26177,0.460521,0.512155,0.488889,0.000400137,0,1,0.0814765,10.9409,0.63844,1.86054,1,0,0,28,0,,
48,grouped,0,1,3.95583,0.285156,3.1036,0.515019,0.539854,0.546032,0.000395799,0,1,0.0810738,13.2265,0.685426,1.75806,1,0,0,28,0,,
49,grouped,0,1,4.19514,0.246652,3.21637,0.518443,0.55699,0.542857,0.000391394,0,1,0.0806711,10.8323,0.632602,1.74543,1,0,0,28,0,38.8211,61.1789
50,grouped,0,1,4.02271,0.266183,3.13069,0.526757,0.535025,0.552381,0.000386923,0,1,0.0802685,9.75496,0.67438,1.7516,1,0,0,28,0,37.3139,62.6861
51,grouped,0,1,3.88929,0.305246,3.05447,0.564586,0.562783,0.584127,0.000382389,0,1,0.0798658,11.085,0.665892,1.72727,1,0,0,28,0,42.5529,57.4471
52,grouped,0,1,4.63475,0.256696,3.46517,0.486171,0.540592,0.52381,0.000377795,0,1,0.0794631,9.57104,0.599393,1.80561,1,0,0,28,0,,
53,grouped,0,1,3.95141,0.266183,3.11256,0.523454,0.499917,0.553968,0.000373141,0,1,0.0790604,14.9959,0.664559,1.6987,1,0,0,28,0,,
54,grouped,0,1,4.06731,0.217076,3.17235,0.536283,0.558384,0.555556,0.000368431,0,1,0.0786577,9.61864,0.619124,1.69279,1,0,0,28,0,,
55,grouped,0,1,3.95226,0.212612,3.12114,0.537165,0.571389,0.555556,0.000363667,0,1,0.078255,10.6731,0.652788,1.71102,1,0,0,28,0,37.1897,62.8103
56,grouped,0,1,3.90496,0.330915,3.09173,0.58366,0.591382,0.598413,0.00035885,0,1,0.0778523,10.1026,0.644836,1.67787,1,0,0,28,0,42.2803,57.7197
57,grouped,0,1,3.80015,0.277902,3.02115,0.568983,0.598404,0.579365,0.000353983,0,1,0.0774497,9.86372,0.659576,1.67517,1,0,0,28,0,41.874,58.126
58,grouped,0,1,3.64885,0.308036,2.93829,0.548262,0.602315,0.563492,0.000349069,0,1,0.077047,12.3244,0.665769,1.65714,1,0,0,28,0,41.1538,58.8462
59,grouped,0,1,3.89905,0.299665,3.09465,0.507886,0.589579,0.531746,0.000344109,0,1,0.0766443,11.4058,0.656269,1.72948,1,0,0,28,0,,
60,grouped,0,1,4.123,0.306362,3.20118,0.512554,0.601554,0.542857,0.000339107,0,1,0.0762416,11.3466,0.651971,1.76647,1,0,0,28,0,,
61,grouped,0,1,3.93973,0.198103,3.11075,0.583621,0.602984,0.6,0.000334063,0,1,0.0758389,10.9706,0.649589,1.74422,1,0,0,28,0,38.2952,61.7048
62,grouped,0,1,3.65329,0.297433,2.95781,0.554043,0.588935,0.577778,0.000328982,0,1,0.0754362,12.3499,0.681654,1.68811,1,0,0,28,0,,
63,grouped,0,1,3.56811,0.291295,2.92069,0.572352,0.595363,0.58254,0.000323864,0,1,0.0750336,9.70751,0.666783,1.6374,1,0,0,28,0,,
64,grouped,0,1,3.46816,0.347656,2.87851,0.578858,0.596956,0.596825,0.000318713,0,1,0.0746309,10.8834,0.658671,1.57153,1,0,0,28,0,,
65,grouped,0,1,3.97753,0.311384,3.14647,0.48587,0.589681,0.519048,0.000313531,0,1,0.0742282,9.40205,0.645184,1.69023,1,0,0,28,0,,
66,grouped,0,1,3.56379,0.328683,2.91181,0.573428,0.601414,0.585714,0.000308321,0,1,0.0738255,12.9484,0.682815,1.61568,1,0,0,28,0,,
67,grouped,0,1,3.86621,0.348772,3.09505,0.566705,0.596738,0.587302,0.000303084,0,1,0.0734228,10.4105,0.649241,1.67168,1,0,0,28,0,,
68,grouped,0,1,3.43529,0.314174,2.86185,0.551195,0.618861,0.574603,0.000297823,0,1,0.0730201,10.9747,0.677848,1.63421,1,0,0,28,0,43.3105,56.6895
69,grouped,0,1,3.76174,0.362165,3.03852,0.591063,0.61998,0.611111,0.000292541,0,1,0.0726174,9.46155,0.653815,1.68029,1,0,0,28,0,47.3156,52.6844
70,grouped,0,1,3.42047,0.338728,2.84985,0.571447,0.623583,0.595238,0.00028724,0,1,0.0722148,11.0341,0.670244,1.62036,1,0,0,28,0,45.6772,54.3229
71,grouped,0,1,3.68553,0.288504,3.01521,0.590842,0.608179,0.612698,0.000281923,0,1,0.0718121,12.7118,0.662352,1.66139,1,0,0,28,0,,
72,grouped,0,1,3.38878,0.27846,2.84975,0.565939,0.609541,0.592063,0.000276592,0,1,0.0714094,11.7764,0.658751,1.54641,1,0,0,28,0,,
73,grouped,0,1,3.46478,0.263393,2.87091,0.604234,0.602676,0.622222,0.00027125,0,1,0.0710067,10.0759,0.638736,1.55752,1,0,0,28,0,,
74,grouped,0,1,3.66072,0.321429,2.99404,0.510777,0.607774,0.539683,0.000265899,0,1,0.070604,10.6052,0.648696,1.62252,1,0,0,28,0,,
75,grouped,0,1,3.10831,0.291295,2.69446,0.618233,0.626811,0.622222,0.000260542,0,1,0.0702013,10.8696,0.665924,1.51007,1,0,0,28,0,46.2677,53.7323
76,grouped,0,1,3.18886,0.214844,2.72896,0.571056,0.613344,0.596825,0.000255181,0,1,0.0697987,11.5278,0.697609,1.56111,1,0,0,28,0,,
77,grouped,0,1,3.5198,0.223772,2.92863,0.601764,0.612606,0.611111,0.000249819,0,1,0.069396,9.5576,0.655067,1.59508,1,0,0,28,0,,
78,grouped,0,1,3.48488,0.170201,2.89593,0.584818,0.62076,0.593651,0.000244458,0,1,0.0689933,10.5547,0.661168,1.61227,1,0,0,28,0,,
79,grouped,0,1,3.25821,0.378348,2.79113,0.614952,0.642886,0.625397,0.000239101,0,1,0.0685906,11.091,0.67011,1.53724,1,0,0,28,0,46.3283,53.6717
80,grouped,0,1,3.08109,0.439174,2.66798,0.602161,0.639396,0.620635,0.00023375,0,1,0.0681879,11.2743,0.664551,1.47756,1,0,0,28,0,,
81,grouped,0,1,3.41593,0.276228,2.86413,0.611865,0.624003,0.626984,0.000228408,0,1,0.0677852,9.95352,0.643316,1.5429,1,0,0,28,0,,
82,grouped,0,1,3.61668,0.379464,2.96789,0.554079,0.632102,0.573016,0.000223077,0,1,0.0673826,,0.641492,1.62111,1,0,0,28,0,,
83,grouped,0,1,3.48839,0.409598,2.92023,0.598978,0.626612,0.611111,0.00021776,0,1,0.0669799,9.53985,0.649793,1.57625,1,0,0,28,0,,
84,grouped,0,1,3.32987,0.344308,2.83235,0.578754,0.615751,0.606349,0.000212459,0,1,0.0665772,10.3058,0.671358,1.56725,1,0,0,28,0,,
85,grouped,0,1,3.17331,0.284598,2.73852,0.622482,0.637215,0.638095,0.000207177,0,1,0.0661745,10.5779,0.666064,1.521,1,0,0,28,0,,
86,grouped,0,1,3.78544,0.383371,3.08735,0.594766,0.629793,0.61746,0.000201916,0,1,0.0657718,10.2563,0.621822,1.63382,1,0,0,28,0,,
87,grouped,0,1,3.05501,0.462612,2.69828,0.615846,0.635626,0.634921,0.000196679,0,1,0.0653691,11.2085,0.665439,1.46272,0.964286,0,0,28,0,,
88,grouped,0,1,3.18889,0.288504,2.76233,0.560307,0.632289,0.573016,0.000191469,0,1,0.0649664,10.6139,0.658311,1.49371,1,0,0,28,0,,
89,grouped,0,1,3.05644,0.415737,2.67452,0.570873,0.636005,0.593651,0.000186287,0,1,0.0645638,10.2708,0.676003,1.50247,1,0,0,28,0,,
90,grouped,0,1,3.08164,0.287388,2.70704,0.616961,0.63366,0.630159,0.000181136,0,1,0.0641611,11.4978,0.672143,1.4922,1,0,0,28,0,,
91,grouped,0,1,3.1953,0.334821,2.76362,0.58366,0.612371,0.604762,0.000176018,0,1,0.0637584,10.042,0.653598,1.48783,1,0,0,28,0,,
92,grouped,0,1,3.14914,0.334821,2.72169,0.619142,0.623029,0.638095,0.000170937,0,1,0.0633557,10.7804,0.653861,1.49817,1,0,0,28,0,,
93,grouped,0,1,2.91957,0.355469,2.59753,0.633419,0.634442,0.639683,0.000165893,0,1,0.062953,10.4227,0.648944,1.39772,1,0,0,28,0,,
94,grouped,0,1,2.93419,0.388393,2.60325,0.590939,0.645491,0.607937,0.000160891,0,1,0.0625503,11.1489,0.660433,1.44048,1,0,0,28,0,47.5179,52.4821
95,grouped,0,1,3.03988,0.468192,2.67038,0.628213,0.63497,0.644444,0.000155931,0,1,0.0621477,10.1891,0.643063,1.44932,1,0,0,28,0,,
96,grouped,0,1,2.86842,0.202567,2.57548,0.634536,0.638778,0.646032,0.000151017,0,1,0.061745,10.4718,0.667729,1.43308,1,0,0,28,0,,
97,grouped,0,1,2.90477,0.356027,2.57581,0.617658,0.634825,0.628571,0.00014615,0,1,0.0613423,9.8278,0.660003,1.42547,1,0,0,28,0,,
98,grouped,0,1,3.11092,0.320312,2.74349,0.605835,0.638367,0.622222,0.000141333,0,1,0.0609396,11.6712,0.638906,1.48964,1,0,0,28,0,,
99,grouped,0,1,3.32965,0.33817,2.87313,0.587908,0.62992,0.607937,0.000136569,0,1,0.0605369,10.9065,0.637891,1.53752,1,0,0,28,0,,
100,grouped,0,1,2.7298,0.380022,2.50623,0.623444,0.641332,0.633333,0.000131859,0,1,0.0601342,9.86533,0.659513,1.36938,1,0,0,28,0,46.9424,53.0576
101,grouped,0,1,2.86469,0.341518,2.58195,0.623489,0.640454,0.634921,0.000127205,0,1,0.0597315,10.0822,0.657443,1.40514,1,0,0,28,0,,
102,grouped,0,1,3.05778,0.219308,2.70375,0.641728,0.640971,0.653968,0.000122611,0,1,0.0593289,9.68,0.655526,1.49729,1,0,0,28,0,,
103,grouped,0,1,2.81359,0.351004,2.56022,0.592263,0.653466,0.612698,0.000118077,0,1,0.0589262,9.53335,0.679227,1.42344,1,0,0,28,0,51.0156,48.9844
104,grouped,0,1,2.7889,0.394531,2.5626,0.597933,0.647913,0.612698,0.000113606,0,1,0.0585235,10.7719,0.666888,1.39051,1,0,0,28,0,,
105,grouped,0,1,2.98396,0.396763,2.64998,0.639511,0.646989,0.649206,0.000109201,0,1,0.0581208,9.22198,0.628688,1.39276,1,0,0,28,0,,
106,grouped,0,1,2.7502,0.340402,2.51835,0.644488,0.648318,0.655556,0.000104863,0,1,0.0577181,9.89902,0.634464,1.36537,1,0,0,28,0,,
107,grouped,0,1,2.53973,0.361607,2.38552,0.650778,0.653942,0.660317,0.000100594,0,1,0.0573154,9.96523,0.656019,1.31974,1,0,0,28,0,49.9543,50.0457
108,grouped,0,1,2.88097,0.277344,2.60686,0.644184,0.642084,0.657143,9.63962e-05,0,1,0.0569128,10.0085,0.654286,1.44418,1,0,0,28,0,,
109,grouped,0,1,2.72804,0.342634,2.53438,0.634533,0.64658,0.644444,9.22719e-05,0,1,0.0565101,9.25007,0.653585,1.33048,1,0,0,28,0,,
110,grouped,0,1,2.82927,0.430246,2.58661,0.632796,0.645062,0.64127,8.82228e-05,0,1,0.0561074,10.1331,0.650306,1.40729,1,0,0,28,0,,
111,grouped,0,1,1.70349,0.798549,1.86811,0.658655,0.661687,0.663492,8.42509e-05,0,0,0.0557047,11.4222,0.705389,1.1712,1,0,0,28,0,52.8641,47.1359
112,grouped,0,1,1.67743,0.799107,1.86095,0.682285,0.656075,0.687302,8.03579e-05,0.0020458,0,0.055302,12.2874,0.774743,1.15593,1,0,0,28,0,54.5114,45.4886
113,grouped,0,1,1.76806,0.765625,1.86325,0.661508,0.650082,0.668254,7.65457e-05,0.00812741,0,0.0548993,11.661,0.81728,1.20532,1,0,0,28,0,,
114,grouped,0,1,1.83717,0.726562,1.81837,0.683464,0.660141,0.687302,7.28161e-05,0.0180789,0,0.0544966,12.182,0.921859,1.31863,1,0,0,28,0,54.0722,45.9278
115,grouped,0,1,1.9791,0.663504,1.82796,0.674339,0.662306,0.679365,6.91709e-05,0.0316289,0,0.054094,13.9934,1.05647,1.39908,1,0,0,28,0,,
116,grouped,0,1,2.10448,0.621094,1.80032,0.672624,0.662528,0.677778,6.56117e-05,0.0484078,0,0.0536913,17.7886,1.22302,1.53097,1,0,0,28,0,,
117,grouped,0,1,2.32567,0.566964,1.76657,0.668781,0.669216,0.671429,6.21402e-05,0.0679578,0,0.0532886,17.3797,1.47599,1.728,1,0,0,28,0,,
118,grouped,0,1,2.6304,0.488839,1.76637,0.68622,0.666958,0.688889,5.87581e-05,0.0897457,0,0.0528859,21.1019,1.72702,1.79788,1,0,0,28,0,56.8971,43.1029
119,grouped,0,1,3.02588,0.423549,1.78432,0.680678,0.667496,0.684127,5.5467e-05,0.113177,0,0.0524832,28.9012,1.99371,1.96454,1,0,0,28,0,,
120,grouped,0,1,3.41458,0.372768,1.78409,0.679957,0.669667,0.688889,5.22683e-05,0.137613,0,0.0520805,27.9727,2.25723,2.03476,1,0,0,28,0,,
121,grouped,0,1,3.87154,0.309152,1.78465,0.65544,0.666505,0.663492,4.91636e-05,0.162387,0,0.0516779,30.0077,2.50126,2.09752,1,0,0,28,0,,
122,grouped,0,1,4.19042,0.301339,1.75936,0.688526,0.665184,0.695238,4.61544e-05,0.186823,0,0.0512752,32.3614,2.77761,2.15361,1,0,0,28,0,57.7597,42.2403
123,grouped,0,1,4.61666,0.267299,1.77583,0.686003,0.671258,0.693651,4.3242e-05,0.210254,0,0.0508725,36.1878,3.03413,2.24412,1,0,0,28,0,,
124,grouped,0,1,5.09665,0.231585,1.79285,0.682056,0.677373,0.692063,4.04278e-05,0.232042,0,0.0504698,37.3278,3.16429,2.29306,1,0,0,28,0,,
125,grouped,0,1,5.28266,0.236049,1.75614,0.685621,0.683465,0.695238,3.77132e-05,0.251592,0,0.0500671,36.8342,3.28419,2.29092,1,0,0,28,0,59.0654,40.9346
126,grouped,0,1,5.65621,0.205915,1.77894,0.691697,0.673098,0.7,3.50995e-05,0.268371,0,0.0496644,41.6524,3.36226,2.34327,1,0,0,28,0,59.2227,40.7773
127,grouped,0,1,5.79855,0.202009,1.76621,0.677559,0.675046,0.688889,3.25877e-05,0.281921,0,0.0492617,43.1318,3.47179,2.3768,1,0,0,28,0,,
128,grouped,0,1,5.78848,0.186384,1.72597,0.683621,0.680417,0.695238,3.01792e-05,0.291873,0,0.0488591,,3.51862,2.37383,1,0,0,28,0,,
129,grouped,0,1,6.02947,0.195312,1.74916,0.684463,0.682439,0.696825,2.78751e-05,0.297954,0,0.0484564,45.7343,3.58572,2.40703,1,0,0,28,0,,
130,grouped,0,1,5.91038,0.210938,1.75199,0.685151,0.679195,0.698413,2.56764e-05,0.3,0,0.0480537,49.5309,3.47382,2.34439,1,0,0,28,0,,
131,grouped,0,1,5.96017,0.225446,1.75039,0.67932,0.683525,0.692063,2.35841e-05,0.3,0,0.047651,42.4949,3.51444,2.34631,1,0,0,28,0,,
132,grouped,0,1,5.72907,0.222098,1.72578,0.691597,0.684371,0.701587,2.15994e-05,0.3,0,0.0472483,46.0641,3.50012,2.33214,1,0,0,28,0,,
133,grouped,0,1,5.77936,0.225446,1.70494,0.686121,0.683617,0.696825,1.9723e-05,0.3,0,0.0468456,47.7099,3.55944,2.34905,1,0,0,28,0,,
134,grouped,0,1,5.88648,0.227121,1.7415,0.688581,0.676426,0.7,1.79558e-05,0.3,0,0.046443,47.8446,3.54412,2.33432,1,0,0,28,0,,
135,grouped,0,1,5.75525,0.243304,1.71836,0.694454,0.689502,0.704762,1.62988e-05,0.3,0,0.0460403,42.0402,3.51598,2.31551,1,0,0,28,0,60.5069,39.4931
136,grouped,0,1,5.63052,0.238839,1.73587,0.688835,0.690806,0.7,1.47526e-05,0.3,0,0.0456376,50.0346,3.51879,2.30089,1,0,0,28,0,,
137,grouped,0,1,5.62832,0.251116,1.70621,0.688876,0.685176,0.696825,1.33181e-05,0.3,0,0.0452349,49.116,3.50233,2.30616,1,0,0,28,0,,
138,grouped,0,1,5.61616,0.256138,1.67771,0.69022,0.677484,0.701587,1.19958e-05,0.3,0,0.0448322,42.6989,3.43905,2.25462,1,0,0,28,0,,
139,grouped,0,1,5.57286,0.270089,1.70313,0.68008,0.683419,0.690476,1.07864e-05,0.3,0,0.0444295,48.3335,3.48057,2.27195,1,0,0,28,0,,
140,grouped,0,1,5.75697,0.246094,1.71802,0.695901,0.68432,0.706349,9.69048e-06,0.3,0,0.0440268,48.0903,3.47295,2.28112,1,0,0,28,0,60.8433,39.1567
141,grouped,0,1,5.69193,0.253906,1.71708,0.694917,0.684362,0.704762,8.70853e-06,0.3,0,0.0436242,46.4508,3.43392,2.26187,1,0,0,28,0,,
142,grouped,0,1,5.49065,0.270647,1.68991,0.695461,0.685063,0.706349,7.84101e-06,0.3,0,0.0432215,46.212,3.50484,2.28918,1,0,0,28,0,,
143,grouped,0,1,5.56938,0.261719,1.67163,0.692757,0.691601,0.703175,7.08833e-06,0.3,0,0.0428188,54.6826,3.46518,2.23996,1,0,0,28,0,,
144,grouped,0,1,5.41513,0.271205,1.68437,0.692153,0.686669,0.701587,6.45086e-06,0.3,0,0.0424161,48.6832,3.43869,2.25133,1,0,0,28,0,,
145,grouped,0,1,5.70596,0.260045,1.73085,0.694636,0.686723,0.704762,5.92887e-06,0.3,0,0.0420134,48.8389,3.44461,2.25018,1,0,0,28,0,,
146,grouped,0,1,5.65455,0.261161,1.73809,0.688898,0.686226,0.698413,5.52264e-06,0.3,0,0.0416107,47.3679,3.41047,2.23562,1,0,0,28,0,,
147,grouped,0,1,5.58671,0.265625,1.70482,0.697626,0.687699,0.707937,5.23233e-06,0.3,0,0.0412081,49.8957,3.49854,2.27654,1,0,0,28,0,61.0244,38.9756
148,grouped,0,1,5.56565,0.262277,1.68636,0.693455,0.686185,0.703175,5.05809e-06,0.3,0,0.0408054,47.906,3.51013,2.28537,1,0,0,28,0,,
149,grouped,0,1,5.38118,0.277344,1.6756,0.694771,0.690833,0.704762,5e-06,0.3,0,0.0404027,44.8731,3.41855,2.2264,1,0,0,28,0,,
150,grouped,0,1,5.38647,0.27567,1.64556,0.689472,0.685896,0.7,5e-06,0.3,0,0.04,48.8292,3.46059,2.23942,1,0,0,28,0,60.9389,39.0611
1,grouped,0,2,8.31216,0.0145089,4.49965,0.0121605,0.0219423,0.0285714,0.0002,0,1,0.1,,1.21273,2.41466,0.928571,0,0,28,0,0.0702534,99.9297
2,grouped,0,2,7.37596,0.0362723,4.49869,0.0504892,0.0437559,0.1,0.0003,0,1,0.0995973,16.3752,1.10979,2.2031,1,0,0,28,0,0.512825,99.4872
3,grouped,0,2,7.01668,0.0401786,4.49308,0.0579416,0.069948,0.0968254,0.0004,0,1,0.0991946,9.01175,1.18404,2.25181,1,0,0,28,0,5.02806,94.9719
4,grouped,0,2,6.83347,0.0585938,4.47607,0.0847556,0.0777518,0.138095,0.0005,0,1,0.0987919,5.96559,1.16379,2.2374,0.821429,0,0,28,0,8.23223,91.7678
5,grouped,0,2,6.61806,0.0641741,4.34878,0.0839239,0.0972881,0.134921,0.000499942,0,1,0.0983893,5.52755,1.11361,2.2977,0.642857,0,0,28,0,14.2342,85.7658
6,grouped,0,2,6.42887,0.0636161,4.26708,0.113175,0.129327,0.160317,0.000499768,0,1,0.0979866,4.8952,1.01745,2.30499,0.392857,0,0,28,0,15.3948,84.6052
7,grouped,0,2,6.41213,0.0591518,4.24679,0.0955813,0.146324,0.152381,0.000499477,0,1,0.0975839,5.23546,0.912829,2.27226,0.5,0,0,28,0,16.6019,83.3981
8,grouped,0,2,6.28893,0.063058,4.18444,0.115261,0.169188,0.15873,0.000499071,0,1,0.0971812,5.01005,0.842469,2.2341,0.428571,0,0,28,0,12.8694,87.1306
9,grouped,0,2,6.22893,0.0842634,4.17574,0.136039,0.170183,0.196825,0.000498549,0,1,0.0967785,4.73822,0.793029,2.19067,0.285714,0,0,28,0,14.8292,85.1708
10,grouped,0,2,6.14327,0.0959821,4.12631,0.179567,0.195373,0.220635,0.000497912,0,1,0.0963758,4.74016,0.74382,2.11923,0.285714,0,0,28,0,12.841,87.159
11,grouped,0,2,6.08106,0.115513,4.09058,0.162118,0.215582,0.219048,0.000497159,0,1,0.0959732,5.12593,0.746804,2.17995,0.5,0,0,28,0,13.2313,86.7687
12,grouped,0,2,5.96872,0.0915179,4.06649,0.182488,0.232097,0.239683,0.000496291,0,1,0.0955705,5.63117,0.739351,2.16792,0.607143,0,0,28,0,14.328,85.672
13,grouped,0,2,5.92344,0.136719,4.05399,0.194042,0.253866,0.242857,0.00049531,0,1,0.0951678,5.32972,0.715142,2.18492,0.535714,0,0,28,0,14.1168,85.8832
14,grouped,0,2,5.82459,0.146205,4.01023,0.207201,0.257332,0.261905,0.000494214,0,1,0.0947651,5.37319,0.701118,2.18661,0.571429,0,0,28,0,10.9544,89.0456
15,grouped,0,2,5.68527,0.104353,3.97316,0.199102,0.269063,0.257143,0.000493004,0,1,0.0943624,5.63215,0.683828,2.11743,0.785714,0,0,28,0,11.5062,88.4938
16,grouped,0,2,5.78786,0.105469,4.01125,0.246851,0.293697,0.304762,0.000491682,0,1,0.0939597,5.94002,0.667015,2.16232,0.857143,0,0,28,0,13.8726,86.1274
17,grouped,0,2,5.75646,0.154576,3.98591,0.225311,0.309513,0.269841,0.000490247,0,1,0.093557,6.93068,0.690837,2.18675,0.928571,0,0,28,0,12.7272,87.2728
18,grouped,0,2,5.52,0.152344,3.92893,0.264346,0.305232,0.311111,0.000488701,0,1,0.0931544,6.28722,0.645924,2.09639,0.928571,0,0,28,0,,
19,grouped,0,2,5.38802,0.133929,3.85967,0.249605,0.335607,0.3,0.000487044,0,1,0.0927517,6.62924,0.668896,2.14158,0.964286,0,0,28,0,15.8552,84.1448
20,grouped,0,2,5.46332,0.176339,3.83858,0.261024,0.338128,0.314286,0.000485277,0,1,0.092349,6.9586,0.66652,2.16171,1,0,0,28,0,15.94,84.06
21,grouped,0,2,5.33267,0.186942,3.76718,0.321596,0.366957,0.373016,0.000483401,0,1,0.0919463,7.25479,0.642938,2.07867,0.964286,0,0,28,0,20.287,79.713
22,grouped,0,2,5.14624,0.152902,3.67437,0.421126,0.355955,0.444444,0.000481416,0,1,0.0915436,6.65044,0.633119,2.03212,0.892857,0,0,28,0,27.1639,72.8361
23,grouped,0,2,4.84403,0.250558,3.54717,0.31225,0.395815,0.361905,0.000479324,0,1,0.0911409,8.32872,0.636197,1.9625,1,0,0,28,0,,
24,grouped,0,2,4.96609,0.270089,3.57799,0.303909,0.407658,0.349206,0.000477125,0,1,0.0907383,8.21069,0.631893,2.0557,1,0,0,28,0,,
25,grouped,0,2,4.94359,0.178571,3.55026,0.348444,0.423477,0.384127,0.000474821,0,1,0.0903356,8.57726,0.61172,1.97946,1,0,0,28,0,25.5671,74.4329
26,grouped,0,2,4.97027,0.172991,3.57481,0.275914,0.435387,0.334921,0.000472412,0,1,0.0899329,8.69241,0.609741,1.9774,1,0,0,28,0,25.758,74.242
27,grouped,0,2,4.87806,0.191964,3.52262,0.415616,0.458383,0.460317,0.000469901,0,1,0.0895302,8.06466,0.591469,1.92786,1,0,0,28,0,27.4861,72.5139
28,grouped,0,2,5.01356,0.248884,3.56734,0.377158,0.45329,0.420635,0.000467287,0,1,0.0891275,8.38734,0.597099,1.95803,1,0,0,28,0,,
29,grouped,0,2,4.6116,0.190848,3.39327,0.40449,0.46196,0.431746,0.000464572,0,1,0.0887248,9.67504,0.61746,1.92135,1,0,0,28,0,28.9184,71.0816
30,grouped,0,2,4.74031,0.152344,3.43604,0.2919,0.458558,0.331746,0.000461758,0,1,0.0883221,9.54451,0.628889,1.94614,1,0,0,28,0,,
31,grouped,0,2,4.40817,0.121652,3.29643,0.451689,0.492795,0.47619,0.000458846,0,1,0.0879195,8.83227,0.621239,1.90631,1,0,0,28,0,32.4213,67.5787
32,grouped,0,2,4.68895,0.233259,3.41742,0.401035,0.486415,0.444444,0.000455836,0,1,0.0875168,8.01608,0.582686,1.88721,1,0,0,28,0,,
33,grouped,0,2,4.65023,0.295759,3.40097,0.434528,0.496853,0.450794,0.000452732,0,1,0.0871141,9.94691,0.613184,1.90993,1,0,0,28,0,32.3763,67.6237
34,grouped,0,2,4.59798,0.196987,3.3613,0.436137,0.499264,0.473016,0.000449533,0,1,0.0867114,8.36704,0.620645,1.90526,1,0,0,28,0,36.0297,63.9704
35,grouped,0,2,4.32094,0.212054,3.23743,0.449131,0.484363,0.484127,0.000446242,0,1,0.0863087,7.83937,0.608511,1.83629,1,0,0,28,0,,
36,grouped,0,2,4.45471,0.223772,3.3051,0.420278,0.483314,0.461905,0.00044286,0,1,0.085906,8.68386,0.615018,1.87193,1,0,0,28,0,,
37,grouped,0,2,4.53647,0.236049,3.33843,0.468081,0.491612,0.501587,0.000439388,0,1,0.0855034,7.87979,0.602959,1.91549,0.964286,0,0,28,0,,
38,grouped,0,2,4.46803,0.237723,3.29203,0.473601,0.485491,0.504762,0.000435829,0,1,0.0851007,8.51418,0.598778,1.85275,1,0,0,28,0,,
39,grouped,0,2,4.68581,0.246094,3.42423,0.42104,0.488118,0.45873,0.000432184,0,1,0.084698,7.81554,0.592547,1.87438,1,0,0,28,0,,
40,grouped,0,2,4.17459,0.0998884,3.17943,0.493005,0.501798,0.522222,0.000428454,0,1,0.0842953,8.18267,0.598327,1.80165,1,0,0,28,0,37.1465,62.8535
41,grouped,0,2,4.39809,0.240513,3.26617,0.486903,0.50185,0.511111,0.000424642,0,1,0.0838926,8.9168,0.611877,1.80756,1,0,0,28,0,39.3281,60.6719
42,grouped,0,2,4.42294,0.138393,3.30289,0.458155,0.474281,0.485714,0.000420749,0,1,0.0834899,8.83035,0.630619,1.871,1,0,0,28,0,,
43,grouped,0,2,4.4236,0.267299,3.30027,0.520012,0.499925,0.54127,0.000416777,0,1,0.0830872,8.37913,0.605793,1.8555,1,0,0,28,0,38.1002,61.8998
44,grouped,0,2,4.17736,0.273438,3.16142,0.53037,0.515128,0.550794,0.000412728,0,1,0.0826846,8.49469,0.628,1.78269,1,0,0,28,0,41.7028,58.2972
45,grouped,0,2,4.36038,0.222098,3.26143,0.513569,0.514025,0.539683,0.000408604,0,1,0.0822819,8.57677,0.606306,1.79552,1,0,0,28,0,,
46,grouped,0,2,4.26266,0.273996,3.20415,0.517486,0.522402,0.538095,0.000404406,0,1,0.0818792,9.03262,0.643734,1.88086,1,0,0,28,0,,
47,grouped,0,2,3.89577,0.286272,3.04966,0.510989,0.537543,0.546032,0.000400137,0,1,0.0814765,9.28994,0.6427,1.71256,1,0,0,28,0,42.9782,57.0218
48,grouped,0,2,4.2383,0.3125,3.18962,0.525402,0.531921,0.546032,0.000395799,0,1,0.0810738,9.3391,0.609714,1.76777,1,0,0,28,0,,
49,grouped,0,2,4.29802,0.217076,3.23495,0.497188,0.539834,0.525397,0.000391394,0,1,0.0806711,9.89375,0.645632,1.80269,1,0,0,28,0,46.1968,53.8031
50,grouped,0,2,3.93328,0.215402,3.04357,0.492319,0.540952,0.512698,0.000386923,0,1,0.0802685,9.8249,0.634952,1.72403,1,0,0,28,0,42.0894,57.9106
51,grouped,0,2,3.85804,0.226004,3.03138,0.517423,0.554022,0.546032,0.000382389,0,1,0.0798658,8.48998,0.617834,1.67146,1,0,0,28,0,44.8649,55.1351
52,grouped,0,2,4.16312,0.258371,3.1925,0.476032,0.554306,0.501587,0.000377795,0,1,0.0794631,9.46675,0.59748,1.71069,1,0,0,28,0,42.1415,57.8585
53,grouped,0,2,4.01507,0.226004,3.11815,0.497878,0.555769,0.525397,0.000373141,0,1,0.0790604,9.60201,0.642917,1.73335,1,0,0,28,0,47.4329,52.5671
54,grouped,0,2,3.85947,0.287388,3.04135,0.377748,0.567265,0.403175,0.000368431,0,1,0.0786577,9.75501,0.660633,1.73573,1,0,0,28,0,49.3171,50.6829
55,grouped,0,2,3.96488,0.273996,3.1047,0.47803,0.560949,0.504762,0.000363667,0,1,0.078255,8.88953,0.649907,1.72143,1,0,0,28,0,,
56,grouped,0,2,4.09999,0.271205,3.16807,0.537441,0.56991,0.560317,0.00035885,0,1,0.0778523,9.53219,0.627455,1.71406,1,0,0,28,0,48.5941,51.4059
57,grouped,0,2,4.03755,0.171875,3.13519,0.528142,0.57618,0.550794,0.000353983,0,1,0.0774497,9.13358,0.628853,1.74161,0.964286,0,0,28,0,49.9419,50.0581
58,grouped,0,2,3.94955,0.25,3.08291,0.538921,0.57167,0.553968,0.000349069,0,1,0.077047,8.88225,0.642968,1.77201,1,0,0,28,0,,
59,grouped,0,2,3.99179,0.226004,3.1085,0.499345,0.588294,0.530159,0.000344109,0,1,0.0766443,10.0514,0.642699,1.76005,1,0,0,28,0,45.1248,54.8752
60,grouped,0,2,4.09808,0.313058,3.16712,0.538107,0.585136,0.568254,0.000339107,0,1,0.0762416,8.69603,0.611873,1.70592,1,0,0,28,0,,
61,grouped,0,2,4.03244,0.279018,3.12351,0.513452,0.59322,0.54127,0.000334063,0,1,0.0758389,8.57654,0.612437,1.68716,1,0,0,28,0,46.2116,53.7884
62,grouped,0,2,3.78764,0.301897,2.99639,0.574158,0.578988,0.588889,0.000328982,0,1,0.0754362,9.43075,0.632216,1.67746,1,0,0,28,0,,
63,grouped,0,2,3.98086,0.132254,3.11302,0.540024,0.562399,0.566667,0.000323864,0,1,0.0750336,8.16513,0.629773,1.73519,0.964286,0,0,28,0,,
64,grouped,0,2,3.929,0.344308,3.10949,0.491355,0.584798,0.520635,0.000318713,0,1,0.0746309,8.44716,0.655795,1.7172,1,0,0,28,0,,
65,grouped,0,2,3.77455,0.325893,2.99717,0.546193,0.561698,0.573016,0.000313531,0,1,0.0742282,9.61384,0.637308,1.62027,1,0,0,28,0,,
66,grouped,0,2,3.51976,0.333147,2.86743,0.541081,0.599168,0.566667,0.000308321,0,1,0.0738255,9.9518,0.64044,1.56265,1,0,0,28,0,49.6802,50.3198
67,grouped,0,2,3.56222,0.327567,2.90361,0.575766,0.569287,0.598413,0.000303084,0,1,0.0734228,9.76099,0.66396,1.62553,1,0,0,28,0,,
68,grouped,0,2,3.68371,0.345424,2.96454,0.581486,0.588621,0.601587,0.000297823,0,1,0.0730201,9.64062,0.644391,1.68572,1,0,0,28,0,,
69,grouped,0,2,3.63118,0.328125,2.93315,0.530886,0.589498,0.557143,0.000292541,0,1,0.0726174,9.81384,0.640457,1.60556,1,0,0,28,0,,
70,grouped,0,2,3.58162,0.318638,2.90371,0.573216,0.571828,0.592063,0.00028724,0,1,0.0722148,9.31969,0.636796,1.6142,1,0,0,28,0,,
71,grouped,0,2,3.71838,0.236049,2.99337,0.50504,0.583362,0.530159,0.000281923,0,1,0.0718121,10.4729,0.622676,1.60393,1,0,0,28,0,,
72,grouped,0,2,3.40996,0.299107,2.80522,0.535834,0.606868,0.561905,0.000276592,0,1,0.0714094,9.52774,0.637098,1.55026,1,0,0,28,0,49.1797,50.8203
73,grouped,0,2,3.44143,0.311384,2.8423,0.543697,0.607943,0.569841,0.00027125,0,1,0.0710067,9.47227,0.662947,1.58755,1,0,0,28,0,48.8893,51.1107
74,grouped,0,2,3.71106,0.367188,2.98813,0.524527,0.607467,0.550794,0.000265899,0,1,0.070604,8.85836,0.619294,1.63348,1,0,0,28,0,,
75,grouped,0,2,3.77969,0.308036,3.04654,0.548769,0.599947,0.58254,0.000260542,0,1,0.0702013,9.40589,0.64212,1.69095,1,0,0,28,0,48.2948,51.7052
76,grouped,0,2,3.30874,0.226562,2.75491,0.560242,0.621553,0.579365,0.000255181,0,1,0.0697987,10.4424,0.659943,1.60026,1,0,0,28,0,46.3642,53.6358
77,grouped,0,2,3.18438,0.350446,2.68685,0.588932,0.629959,0.606349,0.000249819,0,1,0.069396,9.94572,0.631971,1.5351,1,0,0,28,0,47.5625,52.4375
78,grouped,0,2,3.1232,0.286272,2.67577,0.505896,0.627104,0.533333,0.000244458,0,1,0.0689933,11.3338,0.664842,1.47074,1,0,0,28,0,,
79,grouped,0,2,3.41957,0.277344,2.82157,0.569602,0.611651,0.595238,0.000239101,0,1,0.0685906,10.6793,0.642483,1.55194,1,0,0,28,0,,
80,grouped,0,2,3.34145,0.327567,2.79765,0.565066,0.605864,0.585714,0.00023375,0,1,0.0681879,9.62582,0.646069,1.55337,1,0,0,28,0,,
81,grouped,0,2,3.43966,0.296317,2.8599,0.600514,0.61177,0.620635,0.000228408,0,1,0.0677852,10.8386,0.642967,1.57081,1,0,0,28,0,,
82,grouped,0,2,3.23216,0.326451,2.71077,0.620258,0.630901,0.628571,0.000223077,0,1,0.0673826,9.73369,0.649508,1.50627,1,0,0,28,0,48.5312,51.4688
83,grouped,0,2,3.07325,0.273996,2.63063,0.58727,0.625089,0.603175,0.00021776,0,1,0.0669799,9.2533,0.661481,1.48619,1,0,0,28,0,,
84,grouped,0,2,2.86864,0.226562,2.50636,0.606205,0.62594,0.622222,0.000212459,0,1,0.0665772,10.6085,0.67677,1.42295,1,0,0,28,0,,
85,grouped,0,2,2.96257,0.270647,2.56393,0.622737,0.618998,0.636508,0.000207177,0,1,0.0661745,10.1753,0.653036,1.45311,1,0,0,28,0,,
86,grouped,0,2,3.04562,0.382254,2.62096,0.620184,0.626774,0.630159,0.000201916,0,1,0.0657718,9.02789,0.627181,1.42082,1,0,0,28,0,,
87,grouped,0,2,2.81502,0.492188,2.49043,0.606755,0.641955,0.620635,0.000196679,0,1,0.0653691,9.76172,0.666302,1.40623,1,0,0,28,0,47.8216,52.1784
88,grouped,0,2,3.13599,0.369978,2.6719,0.605559,0.62839,0.626984,0.000191469,0,1,0.0649664,10.8538,0.682502,1.51209,1,0,0,28,0,,
89,grouped,0,2,2.8253,0.307478,2.47874,0.596204,0.617466,0.615873,0.000186287,0,1,0.0645638,9.0663,0.661132,1.41769,1,0,0,28,0,,
90,grouped,0,2,3.33859,0.267299,2.81987,0.61532,0.623495,0.634921,0.000181136,0,1,0.0641611,9.38234,0.628794,1.48786,1,0,0,28,0,,
91,grouped,0,2,3.15368,0.397321,2.69327,0.596653,0.631684,0.61746,0.000176018,0,1,0.0637584,8.98628,0.640856,1.49482,1,0,0,28,0,,
92,grouped,0,2,2.86219,0.356585,2.50386,0.613707,0.636121,0.631746,0.000170937,0,1,0.0633557,8.88284,0.624055,1.38204,1,0,0,28,0,,
93,grouped,0,2,2.77969,0.438058,2.4556,0.639813,0.635411,0.653968,0.000165893,0,1,0.062953,9.3532,0.62696,1.35147,1,0,0,28,0,,
94,grouped,0,2,2.90112,0.241071,2.56558,0.659427,0.660473,0.669841,0.000160891,0,1,0.0625503,9.46396,0.639963,1.40114,1,0,0,28,0,50.3852,49.6148
95,grouped,0,2,3.20288,0.248326,2.71286,0.657376,0.632739,0.665079,0.000155931,0,1,0.0621477,9.12813,0.647107,1.46839,1,0,0,28,0,,
96,grouped,0,2,2.89035,0.395647,2.5427,0.652931,0.658384,0.666667,0.000151017,0,1,0.061745,10.1366,0.642367,1.39726,1,0,0,28,0,,
97,grouped,0,2,2.86667,0.232701,2.5203,0.644202,0.652691,0.655556,0.00014615,0,1,0.0613423,10.2895,0.647458,1.39736,1,0,0,28,0,,
98,grouped,0,2,3.14989,0.338728,2.68504,0.624362,0.646933,0.638095,0.000141333,0,1,0.0609396,10.2201,0.642569,1.52377,1,0,0,28,0,,
99,grouped,0,2,2.74328,0.382812,2.45639,0.658322,0.656708,0.665079,0.000136569,0,1,0.0605369,9.7493,0.62657,1.36028,1,0,0,28,0,,
100,grouped,0,2,2.65432,0.301339,2.40834,0.629588,0.659859,0.646032,0.000131859,0,1,0.0601342,10.5594,0.639558,1.31928,1,0,0,28,0,51.78,48.22
101,grouped,0,2,2.88606,0.358259,2.55487,0.657073,0.669433,0.671429,0.000127205,0,1,0.0597315,9.88838,0.652361,1.4508,1,0,0,28,0,52.9193,47.0807
102,grouped,0,2,2.76336,0.465402,2.49589,0.644865,0.660583,0.655556,0.000122611,0,1,0.0593289,,0.643429,1.36924,1,0,0,28,0,,
103,grouped,0,2,2.91161,0.348772,2.59276,0.589736,0.641229,0.607937,0.000118077,0,1,0.0589262,9.45155,0.64531,1.38616,1,0,0,28,0,,
104,grouped,0,2,2.63964,0.354353,2.41372,0.644163,0.663606,0.650794,0.000113606,0,1,0.0585235,10.1318,0.631792,1.30259,1,0,0,28,0,,
105,grouped,0,2,2.74257,0.378906,2.49155,0.660233,0.652527,0.668254,0.000109201,0,1,0.0581208,9.22919,0.628121,1.33251,1,0,0,28,0,,
106,grouped,0,2,2.81858,0.323103,2.52513,0.641619,0.661983,0.657143,0.000104863,0,1,0.0577181,9.62939,0.625409,1.35368,1,0,0,28,0,,
107,grouped,0,2,2.7054,0.254464,2.465,0.635979,0.658578,0.644444,0.000100594,0,1,0.0573154,9.49775,0.620152,1.34214,1,0,0,28,0,,
108,grouped,0,2,2.74426,0.328125,2.50807,0.639783,0.652124,0.650794,9.63962e-05,0,1,0.0569128,9.75689,0.614449,1.29707,1,0,0,28,0,,
109,grouped,0,2,2.61339,0.301339,2.41805,0.655097,0.656794,0.666667,9.22719e-05,0,1,0.0565101,8.74357,0.615042,1.2787,1,0,0,28,0,,
110,grouped,0,2,2.55824,0.429129,2.36863,0.644343,0.656338,0.649206,8.82228e-05,0,1,0.0561074,9.50097,0.630659,1.3064,1,0,0,28,0,,
111,grouped,0,2,1.61944,0.816406,1.77352,0.646929,0.661911,0.657143,8.42509e-05,0,0,0.0557047,10.5479,0.672596,1.09955,1,0,0,28,0,,
112,grouped,0,2,1.65645,0.805246,1.77738,0.678605,0.656191,0.68254,8.03579e-05,0.0020458,0,0.055302,11.1023,0.729105,1.13291,1,0,0,28,0,53.3934,46.6066
113,grouped,0,2,1.63688,0.777344,1.74649,0.673076,0.668934,0.680952,7.65457e-05,0.00812741,0,0.0548993,10.2887,0.772457,1.12963,1,0,0,28,0,,
114,grouped,0,2,1.72302,0.751674,1.71675,0.669356,0.667277,0.674603,7.28161e-05,0.0180789,0,0.0544966,11.8091,0.855046,1.21556,1,0,0,28,0,,
115,grouped,0,2,1.82814,0.719866,1.71229,0.67013,0.664779,0.679365,6.91709e-05,0.0316289,0,0.054094,13.413,0.995326,1.3535,1,0,0,28,0,,
116,grouped,0,2,1.98531,0.657366,1.67827,0.679139,0.665537,0.68254,6.56117e-05,0.0484078,0,0.0536913,16.3415,1.18948,1.52225,1,0,0,28,0,56.9422,43.0578
117,grouped,0,2,2.21162,0.586496,1.66023,0.690365,0.670021,0.693651,6.21402e-05,0.0679578,0,0.0532886,17.0244,1.36807,1.58861,1,0,0,28,0,57.0453,42.9547
118,grouped,0,2,2.4965,0.509487,1.67007,0.668273,0.667917,0.679365,5.87581e-05,0.0897457,0,0.0528859,20.5223,1.65034,1.76728,1,0,0,28,0,,
119,grouped,0,2,2.82845,0.462612,1.64176,0.684216,0.694488,0.690476,5.5467e-05,0.113177,0,0.0524832,24.8114,1.89121,1.88751,1,0,0,28,0,57.142,42.858
120,grouped,0,2,3.25165,0.384487,1.67037,0.679583,0.680481,0.687302,5.22683e-05,0.137613,0,0.0520805,28.0332,2.16275,1.96778,1,0,0,28,0,,
121,grouped,0,2,3.57843,0.347656,1.65795,0.69081,0.686929,0.695238,4.91636e-05,0.162387,0,0.0516779,29.3509,2.45199,2.09164,1,0,0,28,0,,
122,grouped,0,2,3.99001,0.3125,1.67991,0.680646,0.68646,0.687302,4.61544e-05,0.186823,0,0.0512752,35.4178,2.6788,2.13829,1,0,0,28,0,,
123,grouped,0,2,4.37444,0.280692,1.67752,0.67192,0.693654,0.68254,4.3242e-05,0.210254,0,0.0508725,37.9965,2.88667,2.19876,1,0,0,28,0,,
124,grouped,0,2,4.64719,0.273438,1.62464,0.694331,0.69164,0.701587,4.04278e-05,0.232042,0,0.0504698,39.8316,3.03947,2.22432,1,0,0,28,0,,
125,grouped,0,2,4.98296,0.249442,1.65212,0.694159,0.685964,0.7,3.77132e-05,0.251592,0,0.0500671,38.6409,3.18419,2.25822,1,0,0,28,0,60.3239,39.6761
126,grouped,0,2,5.33132,0.227121,1.66321,0.6805,0.676067,0.692063,3.50995e-05,0.268371,0,0.0496644,39.7886,3.32468,2.31172,1,0,0,28,0,,
127,grouped,0,2,5.37404,0.219866,1.6189,0.69049,0.693008,0.698413,3.25877e-05,0.281921,0,0.0492617,44.5258,3.36998,2.30887,1,0,0,28,0,,
128,grouped,0,2,5.64221,0.212612,1.61931,0.676103,0.685906,0.690476,3.01792e-05,0.291873,0,0.0488591,46.8262,3.447,2.34054,1,0,0,28,0,,
129,grouped,0,2,5.63639,0.212612,1.62826,0.694722,0.692713,0.706349,2.78751e-05,0.297954,0,0.0484564,46.2187,3.42679,2.30529,1,0,0,28,0,60.9458,39.0542
130,grouped,0,2,5.57592,0.250558,1.61357,0.700416,0.693671,0.709524,2.56764e-05,0.3,0,0.0480537,47.5057,3.43463,2.313,1,0,0,28,0,61.036,38.964
131,grouped,0,2,5.42397,0.254464,1.62491,0.688911,0.686232,0.698413,2.35841e-05,0.3,0,0.047651,47.9481,3.41685,2.28438,1,0,0,28,0,,
132,grouped,0,2,5.46042,0.257812,1.61694,0.688046,0.68694,0.698413,2.15994e-05,0.3,0,0.0472483,45.6346,3.45279,2.2765,1,0,0,28,0,,
133,grouped,0,2,5.55948,0.242746,1.6475,0.694496,0.686605,0.704762,1.9723e-05,0.3,0,0.0468456,45.0769,3.45652,2.27698,1,0,0,28,0,,
134,grouped,0,2,5.29779,0.268973,1.61072,0.699467,0.690712,0.709524,1.79558e-05,0.3,0,0.046443,40.9457,3.44947,2.26972,1,0,0,28,0,,
135,grouped,0,2,5.39166,0.272321,1.63071,0.698553,0.690609,0.709524,1.62988e-05,0.3,0,0.0460403,51.2347,3.41144,2.23531,1,0,0,28,0,,
136,grouped,0,2,5.2221,0.287946,1.58158,0.692386,0.690326,0.703175,1.47526e-05,0.3,0,0.0456376,44.9067,3.41011,2.24192,1,0,0,28,0,,
137,grouped,0,2,5.2561,0.282924,1.58644,0.698371,0.693149,0.709524,1.33181e-05,0.3,0,0.0452349,47.0553,3.37689,2.19391,1,0,0,28,0,,
138,grouped,0,2,5.24069,0.300223,1.59454,0.688805,0.692016,0.701587,1.19958e-05,0.3,0,0.0448322,45.0831,3.38397,2.22456,1,0,0,28,0,,
139,grouped,0,2,5.21381,0.281808,1.60222,0.704942,0.692697,0.715873,1.07864e-05,0.3,0,0.0444295,,3.40127,2.20286,1,0,0,28,0,62.4252,37.5748
140,grouped,0,2,5.15369,0.289062,1.58419,0.698376,0.690942,0.709524,9.69048e-06,0.3,0,0.0440268,45.4505,3.3457,2.20346,1,0,0,28,0,,
141,grouped,0,2,5.26996,0.296317,1.58477,0.695484,0.695329,0.707937,8.70853e-06,0.3,0,0.0436242,48.3635,3.48396,2.25418,1,0,0,28,0,,
142,grouped,0,2,5.26966,0.302455,1.58142,0.703236,0.695022,0.715873,7.84101e-06,0.3,0,0.0432215,52.3105,3.35715,2.18316,1,0,0,28,0,,
143,grouped,0,2,5.19029,0.302455,1.58913,0.701458,0.6944,0.712698,7.08833e-06,0.3,0,0.0428188,48.7125,3.34826,2.18439,1,0,0,28,0,,
144,grouped,0,2,5.41795,0.290737,1.62396,0.706868,0.692035,0.71746,6.45086e-06,0.3,0,0.0424161,47.2058,3.39276,2.20105,1,0,0,28,0,62.4283,37.5717
145,grouped,0,2,5.25432,0.305246,1.61967,0.705105,0.692381,0.715873,5.92887e-06,0.3,0,0.0420134,46.1585,3.30041,2.14673,1,0,0,28,0,,
146,grouped,0,2,5.12993,0.320312,1.59523,0.700234,0.699038,0.712698,5.52264e-06,0.3,0,0.0416107,55.2827,3.37042,2.1869,1,0,0,28,0,,
147,grouped,0,2,5.11573,0.314732,1.57426,0.69993,0.697972,0.711111,5.23233e-06,0.3,0,0.0412081,47.5814,3.33695,2.16968,1,0,0,28,0,,
148,grouped,0,2,5.07402,0.310268,1.57173,0.702723,0.699691,0.714286,5.05809e-06,0.3,0,0.0408054,48.071,3.40339,2.21019,1,0,0,28,0,,
149,grouped,0,2,5.13927,0.30971,1.58059,0.704726,0.699691,0.71746,5e-06,0.3,0,0.0404027,47.3414,3.34624,2.16221,1,0,0,28,0,,
150,grouped,0,2,5.14332,0.30971,1.56488,0.696369,0.699259,0.709524,5e-06,0.3,0,0.04,45.1965,3.39344,2.19226,1,0,0,28,0,62.0291,37.9709
1,grouped,1,0,8.44516,0.0167411,4.4999,0.0188631,0.019948,0.0507937,0.0002,0,1,0.1,,1.25566,2.61152,0.821429,0,0,28,0,0.0880464,99.9119
2,grouped,1,0,7.34681,0.0357143,4.49651,0.038491,0.0399778,0.0952381,0.0003,0,1,0.0995973,,1.14492,2.21896,0.964286,0,0,28,0,0.945277,99.0547
3,grouped,1,0,7.0071,0.0574777,4.46543,0.0763428,0.072724,0.120635,0.0004,0,1,0.0991946,6.98534,1.21364,2.30026,1,0,0,28,0,7.98769,92.0123
4,grouped,1,0,6.7364,0.046317,4.33524,0.0665035,0.0996774,0.120635,0.0005,0,1,0.0987919,5.38737,1.16042,2.23768,0.678571,0,0,28,0,12.6774,87.3226
5,grouped,1,0,6.55312,0.0714286,4.25342,0.100153,0.155657,0.147619,0.000499942,0,1,0.0983893,5.00212,1.10997,2.27338,0.571429,0,0,28,0,12.6192,87.3808
6,grouped,1,0,6.58329,0.0820312,4.2688,0.111597,0.151844,0.15873,0.000499768,0,1,0.0979866,,1.00793,2.28077,0.25,0,0,28,0,,
7,grouped,1,0,6.29185,0.078683,4.19342,0.130035,0.181628,0.17619,0.000499477,0,1,0.0975839,4.69753,0.924381,2.2841,0.214286,0,0,28,0,12.0626,87.9374
8,grouped,1,0,6.35333,0.0680804,4.18361,0.108707,0.194101,0.173016,0.000499071,0,1,0.0971812,4.70634,0.862857,2.2129,0.285714,0,0,28,0,12.7753,87.2247
9,grouped,1,0,6.22025,0.0758929,4.13742,0.159785,0.195921,0.207937,0.000498549,0,1,0.0967785,4.40398,0.850345,2.27873,0.107143,0,0,28,0,16.4269,83.5731
10,grouped,1,0,6.37143,0.0993304,4.19165,0.17711,0.19137,0.225397,0.000497912,0,1,0.0963758,4.28225,0.769988,2.24895,0.0714286,0,0,28,0,,
11,grouped,1,0,6.14391,0.114397,4.13036,0.176312,0.214212,0.222222,0.000497159,0,1,0.0959732,4.6831,0.751505,2.19879,0.25,0,0,28,0,17.0175,82.9825
12,grouped,1,0,6.16525,0.0909598,4.13962,0.187061,0.234323,0.236508,0.000496291,0,1,0.0955705,4.73999,0.732213,2.20251,0.285714,0,0,28,0,15.7972,84.2028
13,grouped,1,0,5.91115,0.11942,4.04463,0.188292,0.242803,0.238095,0.00049531,0,1,0.0951678,4.99562,0.72083,2.20146,0.357143,0,0,28,0,14.113,85.887
14,grouped,1,0,6.14571,0.11942,4.12168,0.203803,0.244432,0.257143,0.000494214,0,1,0.0947651,4.51157,0.678919,2.18693,0.25,0,0,28,0,16.2497,83.7503
15,grouped,1,0,5.94221,0.108817,4.05467,0.201581,0.246535,0.24127,0.000493004,0,1,0.0943624,5.18398,0.684713,2.17242,0.5,0,0,28,0,14.6837,85.3163
16,grouped,1,0,5.6396,0.124442,3.91391,0.240683,0.262116,0.277778,0.000491682,0,1,0.0939597,5.40839,0.707262,2.13044,0.571429,0,0,28,0,18.8742,81.1258
17,grouped,1,0,5.59251,0.123884,3.86023,0.253916,0.270622,0.3,0.000490247,0,1,0.093557,5.84112,0.667507,2.08968,0.785714,0,0,28,0,22.3918,77.6082
18,grouped,1,0,5.314,0.126674,3.71723,0.290483,0.290176,0.334921,0.000488701,0,1,0.0931544,,0.672259,2.10273,0.857143,0,0,28,0,20.9676,79.0324
19,grouped,1,0,5.54255,0.154018,3.81936,0.274399,0.334355,0.31746,0.000487044,0,1,0.0927517,5.70989,0.65708,2.09109,0.607143,0,0,28,0,21.6379,78.3621
20,grouped,1,0,5.46206,0.169085,3.77546,0.321827,0.325074,0.361905,0.000485277,0,1,0.092349,5.969,0.651044,2.07992,0.75,0,0,28,0,,
21,grouped,1,0,5.44605,0.161272,3.78029,0.282623,0.336891,0.336508,0.000483401,0,1,0.0919463,6.79299,0.672004,2.11439,0.857143,0,0,28,0,24.5433,75.4567
22,grouped,1,0,5.26582,0.166295,3.67658,0.328764,0.350786,0.371429,0.000481416,0,1,0.0915436,5.97714,0.670278,2.13811,0.821429,0,0,28,0,26.482,73.518
23,grouped,1,0,5.33449,0.129464,3.73231,0.333496,0.37012,0.369841,0.000479324,0,1,0.0911409,6.19168,0.644063,2.09788,0.857143,0,0,28,0,29.629,70.371
24,grouped,1,0,5.30554,0.113839,3.69635,0.252438,0.369633,0.287302,0.000477125,0,1,0.0907383,6.05191,0.640412,2.05873,0.928571,0,0,28,0,,
25,grouped,1,0,5.28279,0.186384,3.72494,0.358314,0.371304,0.393651,0.000474821,0,1,0.0903356,6.2489,0.623377,2.0026,0.857143,0,0,28,0,26.3441,73.656
26,grouped,1,0,5.16865,0.200893,3.6538,0.362425,0.36693,0.398413,0.000472412,0,1,0.0899329,6.76951,0.635777,2.04591,0.892857,0,0,28,0,,
27,grouped,1,0,4.83497,0.168527,3.52637,0.355758,0.395421,0.38254,0.000469901,0,1,0.0895302,6.66189,0.631611,1.94425,1,0,0,28,0,26.9419,73.0581
28,grouped,1,0,5.16303,0.229353,3.6502,0.403375,0.396506,0.425397,0.000467287,0,1,0.0891275,7.26305,0.628768,2.03465,0.964286,0,0,28,0,31.0535,68.9465
29,grouped,1,0,5.09613,0.194196,3.63603,0.369404,0.409372,0.4,0.000464572,0,1,0.0887248,6.72525,0.631216,2.04162,1,0,0,28,0,28.1676,71.8324
30,grouped,1,0,5.0114,0.132812,3.59685,0.366039,0.419344,0.401587,0.000461758,0,1,0.0883221,6.56917,0.643461,2.06504,0.964286,0,0,28,0,32.7743,67.2257
31,grouped,1,0,4.87918,0.220424,3.54529,0.341065,0.41706,0.385714,0.000458846,0,1,0.0879195,6.26257,0.632134,2.02434,0.892857,0,0,28,0,,
32,grouped,1,0,4.8469,0.242746,3.52649,0.341765,0.429354,0.380952,0.000455836,0,1,0.0875168,7.33851,0.653704,2.03275,0.928571,0,0,28,0,34.6553,65.3447
33,grouped,1,0,5.04661,0.222098,3.62761,0.372019,0.432581,0.404762,0.000452732,0,1,0.0871141,6.75609,0.601068,1.98058,0.928571,0,0,28,0,33.0966,66.9034
34,grouped,1,0,4.8432,0.226004,3.53679,0.368169,0.433468,0.41746,0.000449533,0,1,0.0867114,6.5283,0.61315,1.97856,0.928571,0,0,28,0,34.9158,65.0842
35,grouped,1,0,4.79233,0.180804,3.51592,0.378214,0.437688,0.411111,0.000446242,0,1,0.0863087,7.05354,0.623786,1.92738,0.964286,0,0,28,0,35.6551,64.3449
36,grouped,1,0,4.78941,0.260045,3.52221,0.385853,0.432483,0.422222,0.00044286,0,1,0.085906,7.64179,0.621437,1.99324,0.964286,0,0,28,0,,
37,grouped,1,0,4.59342,0.217076,3.42252,0.390148,0.442429,0.439683,0.000439388,0,1,0.0855034,7.1614,0.615991,1.8548,0.964286,0,0,28,0,28.0647,71.9353
38,grouped,1,0,4.48463,0.15904,3.38238,0.417784,0.462126,0.444444,0.000435829,0,1,0.0851007,8.13254,0.650122,1.92301,1,0,0,28,0,29.5964,70.4036
39,grouped,1,0,4.86117,0.217634,3.55307,0.325244,0.444855,0.374603,0.000432184,0,1,0.084698,7.78395,0.618629,1.92239,0.964286,0,0,28,0,,
40,grouped,1,0,4.58513,0.172991,3.43029,0.405335,0.455666,0.439683,0.000428454,0,1,0.0842953,7.7742,0.625229,1.8297,0.964286,0,0,28,0,,
41,grouped,1,0,4.59592,0.34933,3.44816,0.415592,0.453634,0.453968,0.000424642,0,1,0.0838926,7.52113,0.629833,1.86013,1,0,0,28,0,,
42,grouped,1,0,4.61013,0.228795,3.42209,0.465643,0.47291,0.496825,0.000420749,0,1,0.0834899,7.21966,0.632976,1.86444,1,0,0,28,0,35.8699,64.1301
43,grouped,1,0,4.48951,0.25558,3.37392,0.425433,0.478329,0.460317,0.000416777,0,1,0.0830872,8.30447,0.641076,1.86284,1,0,0,28,0,35.5061,64.4939
44,grouped,1,0,4.18556,0.25,3.21916,0.456972,0.501606,0.492063,0.000412728,0,1,0.0826846,8.20168,0.683013,1.86872,1,0,0,28,0,35.1993,64.8007
45,grouped,1,0,4.37867,0.307478,3.30683,0.447265,0.500772,0.484127,0.000408604,0,1,0.0822819,9.11871,0.650647,1.84254,1,0,0,28,0,,
46,grouped,1,0,4.09304,0.215402,3.17271,0.343974,0.523363,0.379365,0.000404406,0,1,0.0818792,8.55647,0.653011,1.76632,1,0,0,28,0,36.8228,63.1772
47,grouped,1,0,4.33383,0.273438,3.30183,0.435467,0.524089,0.474603,0.000400137,0,1,0.0814765,8.41708,0.650108,1.81,1,0,0,28,0,36.6441,63.3559
48,grouped,1,0,3.97074,0.282924,3.10742,0.43438,0.506227,0.466667,0.000395799,0,1,0.0810738,9.05561,0.654789,1.76235,1,0,0,28,0,,
49,grouped,1,0,4.35059,0.255022,3.32031,0.49711,0.514248,0.520635,0.000391394,0,1,0.0806711,8.83978,0.65745,1.85246,1,0,0,28,0,,
50,grouped,1,0,4.08742,0.285714,3.17309,0.429704,0.505914,0.460317,0.000386923,0,1,0.0802685,9.41518,0.666091,1.78594,1,0,0,28,0,41.2493,58.7507
51,grouped,1,0,4.25215,0.272321,3.24797,0.501279,0.515878,0.525397,0.000382389,0,1,0.0798658,7.50763,0.643578,1.78901,0.964286,0,0,28,0,,
52,grouped,1,0,4.0372,0.262835,3.15831,0.435947,0.523019,0.469841,0.000377795,0,1,0.0794631,8.40559,0.646735,1.74583,1,0,0,28,0,,
53,grouped,1,0,4.05154,0.310268,3.15697,0.42158,0.530963,0.455556,0.000373141,0,1,0.0790604,8.66148,0.664521,1.77853,1,0,0,28,0,37.4767,62.5233
54,grouped,1,0,4.23292,0.300781,3.26388,0.5048,0.538054,0.534921,0.000368431,0,1,0.0786577,8.90402,0.650062,1.78336,1,0,0,28,0,36.5074,63.4926
55,grouped,1,0,3.75093,0.285714,3.01411,0.540734,0.540608,0.561905,0.000363667,0,1,0.078255,8.70772,0.66585,1.68802,1,0,0,28,0,38.897,61.103
56,grouped,1,0,4.04838,0.328125,3.1328,0.538392,0.549951,0.55873,0.00035885,0,1,0.0778523,8.8405,0.67901,1.78125,1,0,0,28,0,34.1166,65.8834
57,grouped,1,0,4.22402,0.169643,3.2427,0.502009,0.507355,0.530159,0.000353983,0,1,0.0774497,8.40625,0.636177,1.74712,1,0,0,28,0,,
58,grouped,1,0,3.83604,0.24721,3.05219,0.477877,0.540685,0.511111,0.000349069,0,1,0.077047,8.69697,0.645485,1.69024,1,0,0,28,0,,
59,grouped,1,0,3.76385,0.337054,3.00115,0.53237,0.545817,0.555556,0.000344109,0,1,0.0766443,8.60692,0.652717,1.66166,1,0,0,28,0,,
60,grouped,1,0,3.94957,0.343192,3.10101,0.524749,0.541262,0.547619,0.000339107,0,1,0.0762416,8.47418,0.656756,1.72005,1,0,0,28,0,,
61,grouped,1,0,3.97638,0.247768,3.10782,0.392047,0.540859,0.41746,0.000334063,0,1,0.0758389,8.70535,0.655115,1.76543,1,0,0,28,0,,
62,grouped,1,0,3.6247,0.199777,2.92741,0.537497,0.569233,0.563492,0.000328982,0,1,0.0754362,9.96427,0.678017,1.65135,1,0,0,28,0,39.209,60.791
63,grouped,1,0,3.61545,0.347656,2.91836,0.517428,0.571142,0.550794,0.000323864,0,1,0.0750336,8.63615,0.684002,1.65326,1,0,0,28,0,38.6721,61.3279
64,grouped,1,0,3.68119,0.295201,2.95455,0.442708,0.564515,0.466667,0.000318713,0,1,0.0746309,9.00576,0.677272,1.64176,1,0,0,28,0,,
65,grouped,1,0,3.8859,0.328125,3.06423,0.568696,0.582542,0.590476,0.000313531,0,1,0.0742282,8.41915,0.65282,1.68321,1,0,0,28,0,39.811,60.189
66,grouped,1,0,3.72843,0.290737,2.98489,0.496213,0.567239,0.511111,0.000308321,0,1,0.0738255,9.31081,0.666007,1.71283,1,0,0,28,0,,
67,grouped,1,0,3.68168,0.397879,2.95963,0.559667,0.585061,0.580952,0.000303084,0,1,0.0734228,8.9766,0.663465,1.66192,1,0,0,28,0,37.333,62.667
68,grouped,1,0,3.58435,0.229911,2.89909,0.561292,0.578087,0.584127,0.000297823,0,1,0.0730201,8.48895,0.672255,1.62415,1,0,0,28,0,,
69,grouped,1,0,3.47744,0.232701,2.85191,0.602565,0.601235,0.61746,0.000292541,0,1,0.0726174,9.16149,0.697963,1.65842,1,0,0,28,0,40.6635,59.3365
70,grouped,1,0,3.81952,0.325335,3.02951,0.548177,0.597761,0.577778,0.00028724,0,1,0.0722148,8.61772,0.658308,1.67395,1,0,0,28,0,,
71,grouped,1,0,3.60534,0.292969,2.93227,0.562564,0.604588,0.585714,0.000281923,0,1,0.0718121,9.81283,0.66505,1.56903,1,0,0,28,0,38.9722,61.0278
72,grouped,1,0,3.63245,0.281808,2.94069,0.511076,0.576721,0.547619,0.000276592,0,1,0.0714094,9.73853,0.632893,1.60487,1,0,0,28,0,,
73,grouped,1,0,3.50893,0.234375,2.87335,0.552195,0.622279,0.579365,0.00027125,0,1,0.0710067,8.63919,0.677265,1.58086,1,0,0,28,0,40.4822,59.5178
74,grouped,1,0,3.42179,0.356585,2.82582,0.564248,0.61415,0.579365,0.000265899,0,1,0.070604,9.30677,0.690437,1.60828,1,0,0,28,0,,
75,grouped,1,0,3.45072,0.249442,2.83897,0.549008,0.59841,0.573016,0.000260542,0,1,0.0702013,8.84751,0.682276,1.58437,1,0,0,28,0,42.7189,57.2811
76,grouped,1,0,3.6792,0.223772,2.96231,0.580873,0.598016,0.606349,0.000255181,0,1,0.0697987,8.36952,0.664134,1.64551,1,0,0,28,0,,
77,grouped,1,0,3.54789,0.274554,2.90191,0.551369,0.596147,0.577778,0.000249819,0,1,0.069396,9.87061,0.657882,1.61537,1,0,0,28,0,,
78,grouped,1,0,3.54618,0.24721,2.89489,0.594231,0.583649,0.612698,0.000244458,0,1,0.0689933,8.82294,0.647014,1.58401,1,0,0,28,0,,
79,grouped,1,0,3.51603,0.267299,2.88816,0.515262,0.605766,0.539683,0.000239101,0,1,0.0685906,8.62825,0.650299,1.55531,1,0,0,28,0,,
80,grouped,1,0,3.35284,0.347656,2.79008,0.586554,0.620167,0.6,0.00023375,0,1,0.0681879,9.00468,0.648597,1.54524,1,0,0,28,0,,
81,grouped,1,0,3.20754,0.377232,2.71885,0.597301,0.618775,0.614286,0.000228408,0,1,0.0677852,8.83711,0.694354,1.51962,1,0,0,28,0,,
82,grouped,1,0,3.35088,0.376116,2.79522,0.581989,0.62955,0.611111,0.000223077,0,1,0.0673826,9.44772,0.672092,1.60353,1,0,0,28,0,47.2406,52.7594
83,grouped,1,0,3.37912,0.351562,2.81057,0.634998,0.630346,0.647619,0.00021776,0,1,0.0669799,8.34608,0.656149,1.54997,1,0,0,28,0,47.2842,52.7158
84,grouped,1,0,3.2293,0.381696,2.70699,0.603873,0.614769,0.625397,0.000212459,0,1,0.0665772,9.21007,0.6736,1.54482,1,0,0,28,0,,
85,grouped,1,0,3.07532,0.305246,2.62079,0.618966,0.638675,0.639683,0.000207177,0,1,0.0661745,9.71145,0.680286,1.53163,1,0,0,28,0,45.6721,54.3279
86,grouped,1,0,2.97849,0.329799,2.55715,0.629375,0.644706,0.644444,0.000201916,0,1,0.0657718,9.59543,0.691536,1.47146,1,0,0,28,0,46.8377,53.1623
87,grouped,1,0,3.48749,0.228237,2.89205,0.559548,0.639583,0.579365,0.000196679,0,1,0.0653691,9.26699,0.664243,1.58188,1,0,0,28,0,,
88,grouped,1,0,3.06539,0.382812,2.63343,0.644585,0.645809,0.653968,0.000191469,0,1,0.0649664,9.39837,0.666872,1.48554,1,0,0,28,0,45.5064,54.4936
89,grouped,1,0,3.24893,0.343192,2.74598,0.598314,0.616918,0.619048,0.000186287,0,1,0.0645638,9.54736,0.655218,1.49969,1,0,0,28,0,,
90,grouped,1,0,2.67564,0.28683,2.41098,0.622042,0.641906,0.644444,0.000181136,0,1,0.0641611,9.59283,0.69057,1.37202,1,0,0,28,0,,
91,grouped,1,0,2.98317,0.40067,2.59142,0.623772,0.630578,0.631746,0.000176018,0,1,0.0637584,8.91824,0.663619,1.45861,1,0,0,28,0,,
92,grouped,1,0,2.86312,0.308594,2.52682,0.627924,0.646763,0.638095,0.000170937,0,1,0.0633557,8.95877,0.690088,1.44941,1,0,0,28,0,46.1976,53.8024
93,grouped,1,0,3.08666,0.302455,2.67277,0.62634,0.648205,0.644444,0.000165893,0,1,0.062953,10.268,0.672172,1.4427,1,0,0,28,0,46.0491,53.9509
94,grouped,1,0,3.12914,0.324219,2.70166,0.634678,0.648962,0.642857,0.000160891,0,1,0.0625503,9.76502,0.664319,1.52175,1,0,0,28,0,46.0898,53.9102
95,grouped,1,0,3.31927,0.316406,2.80502,0.632003,0.654201,0.64127,0.000155931,0,1,0.0621477,8.80667,0.655885,1.52473,1,0,0,28,0,47.8647,52.1353
96,grouped,1,0,2.97459,0.344866,2.61486,0.653433,0.640122,0.673016,0.000151017,0,1,0.061745,9.19117,0.67252,1.46227,1,0,0,28,0,,
97,grouped,1,0,2.86059,0.294085,2.52396,0.643688,0.650173,0.661905,0.00014615,0,1,0.0613423,9.0573,0.664107,1.41829,1,0,0,28,0,,
98,grouped,1,0,2.90137,0.305246,2.57438,0.612252,0.649184,0.634921,0.000141333,0,1,0.0609396,9.12259,0.673583,1.40662,1,0,0,28,0,,
99,grouped,1,0,3.16838,0.345424,2.74115,0.633414,0.651711,0.649206,0.000136569,0,1,0.0605369,9.58893,0.65122,1.47588,1,0,0,28,0,,
100,grouped,1,0,3.21397,0.365513,2.77895,0.618621,0.645514,0.64127,0.000131859,0,1,0.0601342,9.56435,0.632364,1.46372,1,0,0,28,0,46.2207,53.7793
101,grouped,1,0,3.03195,0.323661,2.65901,0.624063,0.6562,0.642857,0.000127205,0,1,0.0597315,8.63844,0.651072,1.44154,1,0,0,28,0,44.8171,55.1829
102,grouped,1,0,2.80701,0.301897,2.53254,0.657534,0.650662,0.666667,0.000122611,0,1,0.0593289,9.35958,0.655686,1.38863,1,0,0,28,0,45.594,54.406
103,grouped,1,0,3.14905,0.379464,2.75701,0.648709,0.64991,0.661905,0.000118077,0,1,0.0589262,8.93331,0.649092,1.46448,1,0,0,28,0,,
104,grouped,1,0,2.65754,0.362165,2.43695,0.649421,0.668905,0.663492,0.000113606,0,1,0.0585235,9.27566,0.685827,1.37832,1,0,0,28,0,48.9416,51.0584
105,grouped,1,0,2.83658,0.376116,2.56772,0.627298,0.6677,0.64127,0.000109201,0,1,0.0581208,9.36541,0.656713,1.35745,1,0,0,28,0,,
106,grouped,1,0,2.59056,0.305804,2.37882,0.620573,0.672888,0.636508,0.000104863,0,1,0.0577181,9.18824,0.678237,1.30462,1,0,0,28,0,49.0984,50.9016
107,grouped,1,0,2.66864,0.483259,2.45716,0.668387,0.672294,0.679365,0.000100594,0,1,0.0573154,9.23829,0.676588,1.35559,1,0,0,28,0,,
108,grouped,1,0,2.57882,0.344866,2.4131,0.599319,0.673957,0.626984,9.63962e-05,0,1,0.0569128,10.2619,0.67771,1.33519,1,0,0,28,0,49.9608,50.0392
109,grouped,1,0,2.71862,0.364397,2.47886,0.627524,0.661512,0.649206,9.22719e-05,0,1,0.0565101,9.33747,0.651918,1.35259,1,0,0,28,0,,
110,grouped,1,0,2.6925,0.34654,2.49216,0.673663,0.675405,0.680952,8.82228e-05,0,1,0.0561074,8.60013,0.657861,1.33551,1,0,0,28,0,48.2122,51.7878
111,grouped,1,0,1.69996,0.78683,1.83698,0.674262,0.677063,0.68254,8.42509e-05,0,0,0.0557047,9.19008,0.749297,1.16859,1,0,0,28,0,50.6051,49.3949
112,grouped,1,0,1.67021,0.802455,1.83062,0.650219,0.681928,0.660317,8.03579e-05,0.0020458,0,0.055302,9.97572,0.797763,1.16045,1,0,0,28,0,50.8069,49.1931
113,grouped,1,0,1.7158,0.764509,1.78761,0.663976,0.685098,0.674603,7.65457e-05,0.00812741,0,0.0548993,11.1447,0.850376,1.1944,1,0,0,28,0,51.8908,48.1092
114,grouped,1,0,1.77853,0.743304,1.7821,0.664088,0.682004,0.67619,7.28161e-05,0.0180789,0,0.0544966,,0.956126,1.26204,0.964286,0,0,28,0,,
115,grouped,1,0,1.94552,0.669085,1.75819,0.689319,0.682146,0.696825,6.91709e-05,0.0316289,0,0.054094,14.1555,1.14202,1.48697,1,0,0,28,0,51.7274,48.2726
116,grouped,1,0,2.11862,0.618304,1.80335,0.663858,0.677571,0.671429,6.56117e-05,0.0484078,0,0.0536913,14.6626,1.28803,1.54959,1,0,0,28,0,,
117,grouped,1,0,2.32875,0.555804,1.75704,0.682103,0.685698,0.698413,6.21402e-05,0.0679578,0,0.0532886,17.1206,1.52212,1.68523,1,0,0,28,0,,
118,grouped,1,0,2.69798,0.472656,1.77334,0.686435,0.684945,0.692063,5.87581e-05,0.0897457,0,0.0528859,21.5316,1.77439,1.80097,1,0,0,28,0,,
119,grouped,1,0,3,0.433594,1.73403,0.673283,0.682712,0.684127,5.5467e-05,0.113177,0,0.0524832,21.2098,2.03072,1.91921,1,0,0,28,0,,
120,grouped,1,0,3.35195,0.396763,1.71569,0.677245,0.69374,0.688889,5.22683e-05,0.137613,0,0.0520805,24.4549,2.2924,1.98415,1,0,0,28,0,57.1547,42.8453
121,grouped,1,0,3.71917,0.326451,1.70849,0.69234,0.69275,0.704762,4.91636e-05,0.162387,0,0.0516779,28.9781,2.62321,2.10233,1,0,0,28,0,,
122,grouped,1,0,4.13044,0.297991,1.70047,0.68187,0.683468,0.695238,4.61544e-05,0.186823,0,0.0512752,30.159,2.82284,2.15588,1,0,0,28,0,,
123,grouped,1,0,4.60889,0.245536,1.73456,0.667433,0.687099,0.680952,4.3242e-05,0.210254,0,0.0508725,36.1853,3.02336,2.22485,1,0,0,28,0,,
124,grouped,1,0,4.814,0.266183,1.70868,0.679755,0.691434,0.693651,4.04278e-05,0.232042,0,0.0504698,38.1525,3.16669,2.25147,1,0,0,28,0,,
125,grouped,1,0,5.2973,0.222098,1.70241,0.683404,0.689116,0.695238,3.77132e-05,0.251592,0,0.0500671,40.1187,3.30577,2.29099,1,0,0,28,0,59.1041,40.8959
126,grouped,1,0,5.57997,0.202567,1.72211,0.679963,0.689893,0.695238,3.50995e-05,0.268371,0,0.0496644,39.4295,3.46172,2.35678,1,0,0,28,0,,
127,grouped,1,0,5.85051,0.199219,1.71046,0.679537,0.692904,0.7,3.25877e-05,0.281921,0,0.0492617,39.1446,3.49492,2.35494,1,0,0,28,0,,
128,grouped,1,0,5.86459,0.199219,1.68366,0.686744,0.685906,0.701587,3.01792e-05,0.291873,0,0.0488591,36.2604,3.5635,2.36561,1,0,0,28,0,,
129,grouped,1,0,6.04757,0.194754,1.74348,0.692443,0.690219,0.706349,2.78751e-05,0.297954,0,0.0484564,41.3084,3.6002,2.36895,1,0,0,28,0,,
130,grouped,1,0,5.85206,0.21317,1.68536,0.687881,0.682728,0.7,2.56764e-05,0.3,0,0.0480537,41.6843,3.58381,2.34369,1,0,0,28,0,,
131,grouped,1,0,5.9645,0.208147,1.70898,0.687921,0.691724,0.704762,2.35841e-05,0.3,0,0.047651,46.7799,3.62067,2.35265,1,0,0,28,0,,
132,grouped,1,0,5.6809,0.236607,1.69105,0.684964,0.69599,0.7,2.15994e-05,0.3,0,0.0472483,40.4299,3.51362,2.30388,1,0,0,28,0,59.2887,40.7113
133,grouped,1,0,5.65602,0.242188,1.67059,0.680534,0.690139,0.695238,1.9723e-05,0.3,0,0.0468456,43.0226,3.5596,2.29953,1,0,0,28,0,,
134,grouped,1,0,5.66732,0.231027,1.67318,0.698993,0.690371,0.712698,1.79558e-05,0.3,0,0.046443,42.9086,3.57549,2.30976,1,0,0,28,0,59.1218,40.8782
135,grouped,1,0,5.58287,0.252232,1.66459,0.692713,0.697347,0.706349,1.62988e-05,0.3,0,0.0460403,42.593,3.58544,2.29724,1,0,0,28,0,,
136,grouped,1,0,5.65757,0.249442,1.66393,0.692881,0.683934,0.704762,1.47526e-05,0.3,0,0.0456376,45.1288,3.4709,2.24168,1,0,0,28,0,,
137,grouped,1,0,5.64074,0.25279,1.69299,0.694425,0.694402,0.709524,1.33181e-05,0.3,0,0.0452349,44.2256,3.56004,2.26288,1,0,0,28,0,,
138,grouped,1,0,5.49163,0.266183,1.64704,0.694727,0.683736,0.707937,1.19958e-05,0.3,0,0.0448322,40.5413,3.50337,2.25676,1,0,0,28,0,,
139,grouped,1,0,5.46413,0.266183,1.6399,0.686264,0.694859,0.7,1.07864e-05,0.3,0,0.0444295,,3.5845,2.27895,0.964286,0,0,28,0,,
140,grouped,1,0,5.47752,0.248326,1.65176,0.685444,0.692896,0.7,9.69048e-06,0.3,0,0.0440268,42.2741,3.57579,2.28429,1,0,0,28,0,,
141,grouped,1,0,5.55698,0.256696,1.6378,0.687984,0.69429,0.701587,8.70853e-06,0.3,0,0.0436242,43.6963,3.56981,2.25231,1,0,0,28,0,,
142,grouped,1,0,5.35423,0.285156,1.61249,0.689286,0.698117,0.703175,7.84101e-06,0.3,0,0.0432215,44.4647,3.52957,2.2474,1,0,0,28,0,,
143,grouped,1,0,5.48854,0.273438,1.65116,0.691581,0.699041,0.706349,7.08833e-06,0.3,0,0.0428188,43.0893,3.56057,2.25432,1,0,0,28,0,60.2289,39.7711
144,grouped,1,0,5.45952,0.272321,1.63266,0.70018,0.695218,0.712698,6.45086e-06,0.3,0,0.0424161,40.3652,3.52233,2.22572,1,0,0,28,0,60.234,39.766
145,grouped,1,0,5.42792,0.280134,1.61543,0.68874,0.696484,0.701587,5.92887e-06,0.3,0,0.0420134,45.3751,3.53544,2.24554,1,0,0,28,0,,
146,grouped,1,0,5.41526,0.268415,1.63874,0.698838,0.702342,0.711111,5.52264e-06,0.3,0,0.0416107,43.9455,3.52848,2.23488,1,0,0,28,0,60.3766,39.6234
147,grouped,1,0,5.56788,0.253906,1.64072,0.695306,0.69605,0.707937,5.23233e-06,0.3,0,0.0412081,43.2285,3.56739,2.267,1,0,0,28,0,,
148,grouped,1,0,5.42792,0.268973,1.63368,0.695654,0.698063,0.707937,5.05809e-06,0.3,0,0.0408054,43.6761,3.53157,2.24067,1,0,0,28,0,,
149,grouped,1,0,5.53112,0.272321,1.6381,0.698331,0.699497,0.711111,5e-06,0.3,0,0.0404027,45.6584,3.54224,2.24345,1,0,0,28,0,,
150,grouped,1,0,5.42628,0.265625,1.64484,0.692514,0.698121,0.706349,5e-06,0.3,0,0.04,46.8985,3.54259,2.24927,1,0,0,28,0,59.8454,40.1546
1,grouped,1,1,8.33117,0.0217634,4.50013,0.0130042,0.0120766,0.0365079,0.0002,0,1,0.1,,1.18983,2.38657,0.928571,0,0,28,0,0.0900797,99.9099
2,grouped,1,1,7.38281,0.0251116,4.49934,0.0451296,0.0349328,0.0904762,0.0003,0,1,0.0995973,14.7772,1.12992,2.18837,1,0,0,28,0,0.683417,99.3166
3,grouped,1,1,6.96763,0.0385045,4.4911,0.0566939,0.0723151,0.104762,0.0004,0,1,0.0991946,10.7375,1.17792,2.23426,1,0,0,28,0,4.51809,95.4819
4,grouped,1,1,6.8721,0.0452009,4.44705,0.0676264,0.0905375,0.112698,0.0005,0,1,0.0987919,6.2124,1.20449,2.28667,0.928571,0,0,28,0,11.3782,88.6218
5,grouped,1,1,6.76223,0.0664062,4.32923,0.10572,0.130686,0.160317,0.000499942,0,1,0.0983893,4.96492,1.15058,2.34614,0.428571,0,0,28,0,15.7437,84.2563
6,grouped,1,1,6.4651,0.0753348,4.249,0.0966978,0.152096,0.153968,0.000499768,0,1,0.0979866,5.36074,1.01697,2.33558,0.392857,0,0,28,0,11.6998,88.3002
7,grouped,1,1,6.40599,0.0959821,4.23449,0.102839,0.147646,0.15873,0.000499477,0,1,0.0975839,4.62359,0.874911,2.18919,0.25,0,0,28,0,,
8,grouped,1,1,6.32091,0.112165,4.2186,0.154836,0.195648,0.211111,0.000499071,0,1,0.0971812,4.41414,0.864934,2.27472,0.178571,0,0,28,0,11.3112,88.6888
9,grouped,1,1,6.30736,0.107701,4.20223,0.154842,0.18838,0.201587,0.000498549,0,1,0.0967785,4.3464,0.81635,2.26185,0.142857,0,0,28,0,,
10,grouped,1,1,6.18188,0.0831473,4.15308,0.181524,0.189301,0.234921,0.000497912,0,1,0.0963758,4.85836,0.780358,2.20964,0.285714,0,0,28,0,,
11,grouped,1,1,6.06043,0.120536,4.1139,0.160035,0.21923,0.204762,0.000497159,0,1,0.0959732,4.88605,0.763268,2.21188,0.5,0,0,28,0,6.81662,93.1834
12,grouped,1,1,6.06414,0.106585,4.1075,0.183995,0.198445,0.226984,0.000496291,0,1,0.0955705,4.77092,0.743867,2.22227,0.357143,0,0,28,0,,
13,grouped,1,1,6.04872,0.125,4.07501,0.179138,0.207633,0.231746,0.00049531,0,1,0.0951678,4.84633,0.722741,2.1943,0.392857,0,0,28,0,,
14,grouped,1,1,6.06913,0.130022,4.11237,0.196661,0.232693,0.242857,0.000494214,0,1,0.0947651,4.78993,0.707967,2.21511,0.321429,0,0,28,0,12.7312,87.2688
15,grouped,1,1,5.9497,0.114397,4.06853,0.205096,0.25221,0.25873,0.000493004,0,1,0.0943624,4.57208,0.673699,2.12313,0.214286,0,0,28,0,14.367,85.6329
16,grouped,1,1,5.85112,0.0915179,4.03043,0.190539,0.260625,0.242857,0.000491682,0,1,0.0939597,5.08637,0.659429,2.11762,0.321429,0,0,28,0,10.1546,89.8454
17,grouped,1,1,5.6878,0.121094,3.96285,0.229495,0.262448,0.273016,0.000490247,0,1,0.093557,5.23657,0.66352,2.13464,0.535714,0,0,28,0,8.44899,91.551
18,grouped,1,1,5.7208,0.124442,3.98509,0.212813,0.270483,0.25873,0.000488701,0,1,0.0931544,5.49386,0.65317,2.13325,0.535714,0,0,28,0,10.0521,89.9479
19,grouped,1,1,5.78358,0.11942,4.02204,0.240236,0.276777,0.277778,0.000487044,0,1,0.0927517,5.04857,0.644343,2.11626,0.464286,0,0,28,0,9.86901,90.131
20,grouped,1,1,5.80557,0.102121,4.03064,0.2325,0.275525,0.277778,0.000485277,0,1,0.092349,5.92513,0.655022,2.1545,0.75,0,0,28,0,,
21,grouped,1,1,5.78958,0.140625,4.02911,0.255745,0.278085,0.295238,0.000483401,0,1,0.0919463,5.73641,0.64932,2.17908,0.714286,0,0,28,0,9.23563,90.7644
22,grouped,1,1,5.59969,0.147321,3.9662,0.270028,0.298713,0.304762,0.000481416,0,1,0.0915436,5.83247,0.654109,2.16823,0.75,0,0,28,0,11.6574,88.3427
23,grouped,1,1,5.51381,0.147879,3.92001,0.275166,0.29879,0.312698,0.000479324,0,1,0.0911409,6.55254,0.643278,2.11311,0.857143,0,0,28,0,13.8444,86.1556
24,grouped,1,1,5.48577,0.192522,3.94278,0.302882,0.29454,0.336508,0.000477125,0,1,0.0907383,6.38121,0.607762,2.00158,0.892857,0,0,28,0,15.0445,84.9555
25,grouped,1,1,5.51233,0.133371,3.92278,0.282879,0.3277,0.32381,0.000474821,0,1,0.0903356,7.36506,0.625735,2.08273,0.964286,0,0,28,0,13.8124,86.1876
26,grouped,1,1,5.36429,0.122768,3.87077,0.313353,0.327202,0.349206,0.000472412,0,1,0.0899329,6.60361,0.622945,2.04341,0.964286,0,0,28,0,,
27,grouped,1,1,5.37731,0.114397,3.86299,0.316658,0.316337,0.361905,0.000469901,0,1,0.0895302,6.20285,0.61407,2.00958,0.928571,0,0,28,0,,
28,grouped,1,1,5.26175,0.209821,3.81374,0.351618,0.340341,0.385714,0.000467287,0,1,0.0891275,7.03174,0.640514,2.05584,1,0,0,28,0,14.8336,85.1664
29,grouped,1,1,5.24619,0.194754,3.80569,0.327117,0.354052,0.365079,0.000464572,0,1,0.0887248,6.48828,0.625874,2.02646,0.964286,0,0,28,0,13.4941,86.5059
30,grouped,1,1,5.19046,0.144531,3.74259,0.328557,0.353364,0.365079,0.000461758,0,1,0.0883221,6.72896,0.624096,2.05825,0.964286,0,0,28,0,,
31,grouped,1,1,5.10395,0.173549,3.70193,0.340094,0.381581,0.374603,0.000458846,0,1,0.0879195,7.04339,0.626862,2.05488,0.964286,0,0,28,0,16.9733,83.0267
32,grouped,1,1,4.99458,0.213728,3.67142,0.302161,0.399478,0.338095,0.000455836,0,1,0.0875168,6.59949,0.61056,1.95646,1,0,0,28,0,17.5226,82.4774
33,grouped,1,1,5.1298,0.211496,3.71533,0.210962,0.398569,0.266667,0.000452732,0,1,0.0871141,7.35519,0.611349,2.03257,0.964286,0,0,28,0,,
34,grouped,1,1,4.98874,0.208705,3.66764,0.383805,0.417502,0.425397,0.000449533,0,1,0.0867114,7.05324,0.597488,1.94528,0.928571,0,0,28,0,24.5755,75.4245
35,grouped,1,1,4.78493,0.220982,3.56376,0.372648,0.410522,0.403175,0.000446242,0,1,0.0863087,7.25019,0.623336,1.93369,1,0,0,28,0,,
36,grouped,1,1,4.88081,0.21875,3.58863,0.386773,0.421516,0.425397,0.00044286,0,1,0.085906,7.66197,0.594002,1.8931,1,0,0,28,0,24.6484,75.3516
37,grouped,1,1,4.72486,0.24721,3.51366,0.399317,0.436513,0.438095,0.000439388,0,1,0.0855034,8.0199,0.62089,1.95027,1,0,0,28,0,25.1623,74.8377
38,grouped,1,1,4.50249,0.18471,3.39803,0.3911,0.446172,0.42381,0.000435829,0,1,0.0851007,7.54923,0.623239,1.87081,1,0,0,28,0,32.2109,67.7891
39,grouped,1,1,4.67354,0.140067,3.46954,0.453543,0.460826,0.490476,0.000432184,0,1,0.084698,6.88839,0.593864,1.81735,1,0,0,28,0,33.4103,66.5897
40,grouped,1,1,4.60168,0.266183,3.43546,0.423209,0.476384,0.449206,0.000428454,0,1,0.0842953,7.71365,0.63323,1.88525,1,0,0,28,0,31.6193,68.3807
41,grouped,1,1,4.29601,0.3125,3.26514,0.427675,0.487555,0.461905,0.000424642,0,1,0.0838926,7.78497,0.628809,1.81313,1,0,0,28,0,29.8624,70.1376
42,grouped,1,1,4.48072,0.271763,3.36527,0.435249,0.492408,0.460317,0.000420749,0,1,0.0834899,8.24547,0.636541,1.84841,1,0,0,28,0,29.9584,70.0416
43,grouped,1,1,4.56824,0.228795,3.40467,0.457276,0.465145,0.496825,0.000416777,0,1,0.0830872,8.0554,0.642903,1.9295,0.964286,0,0,28,0,,
44,grouped,1,1,4.42235,0.239397,3.34592,0.416357,0.484154,0.450794,0.000412728,0,1,0.0826846,7.25501,0.627701,1.85107,1,0,0,28,0,,
45,grouped,1,1,4.22846,0.257812,3.25676,0.354673,0.491447,0.388889,0.000408604,0,1,0.0822819,7.71477,0.631007,1.80582,1,0,0,28,0,,
46,grouped,1,1,4.38939,0.263393,3.31701,0.437366,0.493119,0.473016,0.000404406,0,1,0.0818792,8.17335,0.623754,1.83919,1,0,0,28,0,30.017,69.983
47,grouped,1,1,4.40655,0.213728,3.32502,0.473067,0.487263,0.504762,0.000400137,0,1,0.0814765,8.0594,0.631354,1.83597,1,0,0,28,0,,
48,grouped,1,1,4.00546,0.282924,3.13197,0.520279,0.497215,0.544444,0.000395799,0,1,0.0810738,7.98731,0.66786,1.7737,1,0,0,28,0,32.5239,67.4761
49,grouped,1,1,4.29189,0.218192,3.2664,0.518299,0.522703,0.546032,0.000391394,0,1,0.0806711,7.49491,0.625366,1.76602,1,0,0,28,0,35.9396,64.0604
50,grouped,1,1,4.09962,0.250558,3.17277,0.47417,0.492661,0.503175,0.000386923,0,1,0.0802685,8.42511,0.659492,1.78283,1,0,0,28,0,30.6911,69.3089
51,grouped,1,1,3.96419,0.3125,3.11601,0.487262,0.519156,0.511111,0.000382389,0,1,0.0798658,7.66856,0.657496,1.6991,1,0,0,28,0,,
52,grouped,1,1,4.71288,0.257812,3.48626,0.458766,0.505118,0.498413,0.000377795,0,1,0.0794631,7.38123,0.609057,1.89622,1,0,0,28,0,,
53,grouped,1,1,3.97666,0.258929,3.11351,0.488859,0.541891,0.520635,0.000373141,0,1,0.0790604,8.24356,0.646446,1.76256,0.964286,0,0,28,0,35.8345,64.1655
54,grouped,1,1,4.14955,0.201451,3.21486,0.443032,0.502413,0.471429,0.000368431,0,1,0.0786577,8.15067,0.628715,1.75042,1,0,0,28,0,,
55,grouped,1,1,3.95587,0.222656,3.09039,0.482387,0.551907,0.509524,0.000363667,0,1,0.078255,7.601,0.67354,1.77262,1,0,0,28,0,34.0398,65.9602
56,grouped,1,1,3.96107,0.326451,3.10436,0.519674,0.54091,0.536508,0.00035885,0,1,0.0778523,8.09241,0.638465,1.73654,1,0,0,28,0,,
57,grouped,1,1,3.90423,0.27846,3.08218,0.564253,0.535251,0.580952,0.000353983,0,1,0.0774497,8.30549,0.675094,1.71049,1,0,0,28,0,31.3825,68.6175
58,grouped,1,1,3.61828,0.310268,2.94857,0.51518,0.532289,0.538095,0.000349069,0,1,0.077047,9.36053,0.677645,1.63911,1,0,0,28,0,,
59,grouped,1,1,3.97567,0.299665,3.10892,0.52652,0.53587,0.555556,0.000344109,0,1,0.0766443,8.91318,0.676539,1.74313,1,0,0,28,0,,
60,grouped,1,1,4.1441,0.308036,3.22629,0.361032,0.531318,0.403175,0.000339107,0,1,0.0762416,8.40546,0.639149,1.75816,1,0,0,28,0,,
61,grouped,1,1,3.96177,0.210379,3.11699,0.547771,0.547219,0.573016,0.000334063,0,1,0.0758389,8.07156,0.642209,1.72144,1,0,0,28,0,,
62,grouped,1,1,3.70493,0.291295,2.99207,0.56249,0.525886,0.579365,0.000328982,0,1,0.0754362,8.33472,0.670956,1.68309,1,0,0,28,0,,
63,grouped,1,1,3.64175,0.292969,2.92434,0.557697,0.567173,0.574603,0.000323864,0,1,0.0750336,9.65619,0.68932,1.6916,1,0,0,28,0,30.5973,69.4027
64,grouped,1,1,3.61558,0.325335,2.95697,0.609132,0.579167,0.630159,0.000318713,0,1,0.0746309,9.00323,0.669104,1.62055,1,0,0,28,0,32.916,67.0841
65,grouped,1,1,4.0001,0.302455,3.12048,0.408058,0.562791,0.439683,0.000313531,0,1,0.0742282,8.15555,0.648378,1.74223,1,0,0,28,0,,
66,grouped,1,1,3.58351,0.333705,2.92421,0.547931,0.587757,0.569841,0.000308321,0,1,0.0738255,9.06799,0.681598,1.61595,1,0,0,28,0,,
67,grouped,1,1,3.91911,0.329241,3.12761,0.56528,0.591475,0.58254,0.000303084,0,1,0.0734228,7.95632,0.645712,1.71626,1,0,0,28,0,,
68,grouped,1,1,3.43297,0.30971,2.8508,0.512113,0.607958,0.536508,0.000297823,0,1,0.0730201,8.44704,0.682189,1.62732,1,0,0,28,0,,
69,grouped,1,1,3.83751,0.352121,3.07049,0.598296,0.597337,0.612698,0.000292541,0,1,0.0726174,8.56896,0.666153,1.69564,1,0,0,28,0,,
70,grouped,1,1,3.46061,0.337054,2.86426,0.478311,0.60392,0.506349,0.00028724,0,1,0.0722148,8.73744,0.689233,1.55759,1,0,0,28,0,,
71,grouped,1,1,3.67478,0.281808,2.97216,0.465821,0.605629,0.5,0.000281923,0,1,0.0718121,8.12798,0.652902,1.6343,1,0,0,28,0,,
72,grouped,1,1,3.39682,0.259487,2.83104,0.55106,0.619304,0.569841,0.000276592,0,1,0.0714094,8.23817,0.671222,1.56752,1,0,0,28,0,36.4976,63.5024
73,grouped,1,1,3.57385,0.261719,2.941,0.546072,0.614058,0.565079,0.00027125,0,1,0.0710067,9.36982,0.67266,1.59139,1,0,0,28,0,,
74,grouped,1,1,3.63726,0.344866,2.96663,0.529615,0.599239,0.552381,0.000265899,0,1,0.070604,8.351,0.659291,1.61308,1,0,0,28,0,,
75,grouped,1,1,3.18636,0.286272,2.72871,0.594341,0.633573,0.604762,0.000260542,0,1,0.0702013,9.68148,0.682581,1.56681,1,0,0,28,0,40.5132,59.4868
76,grouped,1,1,3.23871,0.217634,2.72438,0.632656,0.634256,0.64127,0.000255181,0,1,0.0697987,8.56766,0.70498,1.52325,1,0,0,28,0,37.3864,62.6136
77,grouped,1,1,3.50551,0.241629,2.89271,0.559152,0.618259,0.566667,0.000249819,0,1,0.069396,8.95182,0.666533,1.5965,1,0,0,28,0,,
78,grouped,1,1,3.50588,0.174665,2.88804,0.529195,0.630726,0.550794,0.000244458,0,1,0.0689933,8.11056,0.693742,1.61854,0.964286,0,0,28,0,,
79,grouped,1,1,3.28196,0.366071,2.7706,0.603244,0.650753,0.622222,0.000239101,0,1,0.0685906,9.47557,0.691729,1.58025,1,0,0,28,0,42.0161,57.9839
80,grouped,1,1,3.11289,0.441964,2.68018,0.593308,0.650494,0.612698,0.00023375,0,1,0.0681879,8.75563,0.71577,1.51458,1,0,0,28,0,,
81,grouped,1,1,3.42436,0.28404,2.84047,0.582233,0.620795,0.603175,0.000228408,0,1,0.0677852,8.17832,0.657724,1.59601,1,0,0,28,0,,
82,grouped,1,1,3.57633,0.389509,2.96394,0.62743,0.598897,0.638095,0.000223077,0,1,0.0673826,9.44226,0.628857,1.57544,1,0,0,28,0,,
83,grouped,1,1,3.52941,0.393415,2.9122,0.591095,0.549328,0.614286,0.00021776,0,1,0.0669799,8.01172,0.654698,1.59548,1,0,0,28,0,,
84,grouped,1,1,3.34639,0.321987,2.8205,0.604122,0.580422,0.622222,0.000212459,0,1,0.0665772,8.20284,0.700568,1.62478,1,0,0,28,0,,
85,grouped,1,1,3.20648,0.273438,2.72246,0.623085,0.598339,0.64127,0.000207177,0,1,0.0661745,8.21828,0.665883,1.51684,1,0,0,28,0,,
86,grouped,1,1,3.77729,0.37221,3.05886,0.590936,0.610856,0.607937,0.000201916,0,1,0.0657718,8.12219,0.636265,1.63747,1,0,0,28,0,,
87,grouped,1,1,3.11265,0.452009,2.69503,0.653993,0.629885,0.665079,0.000196679,0,1,0.0653691,9.7405,0.683631,1.50624,1,0,0,28,0,39.0539,60.9461
88,grouped,1,1,3.17362,0.288504,2.72836,0.597073,0.623367,0.614286,0.000191469,0,1,0.0649664,8.15686,0.663128,1.45896,1,0,0,28,0,,
89,grouped,1,1,3.05632,0.417969,2.64502,0.627535,0.646825,0.636508,0.000186287,0,1,0.0645638,9.3664,0.664908,1.46906,1,0,0,28,0,,
90,grouped,1,1,3.03714,0.310826,2.63579,0.604699,0.637128,0.61746,0.000181136,0,1,0.0641611,8.38432,0.68203,1.5285,1,0,0,28,0,,
91,grouped,1,1,3.18958,0.328683,2.72529,0.655462,0.613944,0.669841,0.000176018,0,1,0.0637584,8.55968,0.68336,1.52101,1,0,0,28,0,35.6731,64.3269
92,grouped,1,1,3.14878,0.327567,2.7258,0.630953,0.658286,0.649206,0.000170937,0,1,0.0633557,9.50327,0.665747,1.50089,1,0,0,28,0,37.8526,62.1474
93,grouped,1,1,2.96232,0.334263,2.60537,0.594888,0.655507,0.614286,0.000165893,0,1,0.062953,8.63109,0.68301,1.47625,1,0,0,28,0,,
94,grouped,1,1,2.98797,0.363281,2.61902,0.671888,0.648606,0.680952,0.000160891,0,1,0.0625503,8.21697,0.682927,1.48922,1,0,0,28,0,35.9497,64.0503
95,grouped,1,1,3.0535,0.452567,2.67114,0.655154,0.632055,0.668254,0.000155931,0,1,0.0621477,9.07931,0.675951,1.46378,1,0,0,28,0,,
96,grouped,1,1,2.88362,0.202009,2.58414,0.66725,0.657375,0.680952,0.000151017,0,1,0.061745,8.02295,0.712406,1.47596,1,0,0,28,0,,
97,grouped,1,1,2.9584,0.371094,2.61243,0.532542,0.659911,0.560317,0.00014615,0,1,0.0613423,8.42206,0.707234,1.48958,1,0,0,28,0,,
98,grouped,1,1,3.10393,0.325893,2.68771,0.584943,0.662788,0.604762,0.000141333,0,1,0.0609396,8.52611,0.659447,1.45629,1,0,0,28,0,,
99,grouped,1,1,3.29363,0.339286,2.84337,0.593437,0.619148,0.615873,0.000136569,0,1,0.0605369,8.26559,0.652676,1.51606,1,0,0,28,0,,
100,grouped,1,1,2.68164,0.376674,2.44031,0.644749,0.661705,0.663492,0.000131859,0,1,0.0601342,8.56441,0.669702,1.35831,1,0,0,28,0,40.6375,59.3625
101,grouped,1,1,2.88309,0.326451,2.59801,0.681677,0.651995,0.695238,0.000127205,0,1,0.0597315,8.40849,0.69424,1.46035,1,0,0,28,0,39.7461,60.2539
102,grouped,1,1,3.08177,0.238281,2.72816,0.681809,0.666295,0.690476,0.000122611,0,1,0.0593289,8.24593,0.669628,1.4481,1,0,0,28,0,40.8713,59.1287
103,grouped,1,1,2.83188,0.347656,2.55429,0.591704,0.653913,0.614286,0.000118077,0,1,0.0589262,8.34387,0.680102,1.41427,1,0,0,28,0,,
104,grouped,1,1,2.76359,0.393973,2.52871,0.63208,0.666971,0.646032,0.000113606,0,1,0.0585235,8.13844,0.658667,1.35911,1,0,0,28,0,,
105,grouped,1,1,3.02255,0.387835,2.6824,0.661494,0.654253,0.67619,0.000109201,0,1,0.0581208,8.29848,0.65455,1.42381,1,0,0,28,0,,
106,grouped,1,1,2.7793,0.334821,2.52978,0.648723,0.662189,0.661905,0.000104863,0,1,0.0577181,9.17798,0.662859,1.37972,1,0,0,28,0,,
107,grouped,1,1,2.55548,0.34375,2.41301,0.651024,0.677785,0.666667,0.000100594,0,1,0.0573154,8.78573,0.687781,1.31563,1,0,0,28,0,,
108,grouped,1,1,2.88092,0.285156,2.60596,0.682911,0.671725,0.690476,9.63962e-05,0,1,0.0569128,9.15561,0.65455,1.41296,1,0,0,28,0,44.1339,55.8661
109,grouped,1,1,2.76085,0.340402,2.54572,0.653613,0.656797,0.666667,9.22719e-05,0,1,0.0565101,8.98439,0.676404,1.38559,1,0,0,28,0,,
110,grouped,1,1,2.84389,0.431362,2.59274,0.64251,0.6688,0.65873,8.82228e-05,0,1,0.0561074,9.32013,0.663971,1.42685,1,0,0,28,0,,
111,grouped,1,1,1.69607,0.798549,1.87177,0.684958,0.688395,0.692063,8.42509e-05,0,0,0.0557047,8.79342,0.744473,1.20284,1,0,0,28,0,45.6715,54.3285
112,grouped,1,1,1.71141,0.777902,1.86298,0.681374,0.690137,0.693651,8.03579e-05,0.0020458,0,0.055302,9.09281,0.780938,1.13794,1,0,0,28,0,45.7099,54.2901
113,grouped,1,1,1.71872,0.777344,1.83093,0.69375,0.694994,0.704762,7.65457e-05,0.00812741,0,0.0548993,9.95879,0.858284,1.19874,1,0,0,28,0,46.5805,53.4195
114,grouped,1,1,1.83062,0.71875,1.8277,0.689407,0.701014,0.698413,7.28161e-05,0.0180789,0,0.0544966,10.2804,0.98769,1.37142,1,0,0,28,0,46.6057,53.3943
115,grouped,1,1,1.967,0.675781,1.84704,0.703573,0.68799,0.712698,6.91709e-05,0.0316289,0,0.054094,12.0343,1.11888,1.43628,1,0,0,28,0,48.2211,51.7789
116,grouped,1,1,2.14763,0.610491,1.81454,0.682742,0.701365,0.693651,6.56117e-05,0.0484078,0,0.0536913,13.9758,1.26556,1.55278,1,0,0,28,0,,
117,grouped,1,1,2.39963,0.539621,1.80394,0.702226,0.688028,0.709524,6.21402e-05,0.0679578,0,0.0532886,15.6308,1.50293,1.68826,1,0,0,28,0,,
118,grouped,1,1,2.64247,0.487723,1.7634,0.690817,0.697562,0.704762,5.87581e-05,0.0897457,0,0.0528859,17.5123,1.71853,1.81047,1,0,0,28,0,,
119,grouped,1,1,3.02919,0.406808,1.76242,0.700989,0.690633,0.709524,5.5467e-05,0.113177,0,0.0524832,21.0807,2.02389,1.93375,1,0,0,28,0,,
120,grouped,1,1,3.42953,0.359375,1.78114,0.699305,0.699104,0.709524,5.22683e-05,0.137613,0,0.0520805,23.9456,2.33222,2.06081,1,0,0,28,0,,
121,grouped,1,1,3.68276,0.321987,1.7254,0.707923,0.699822,0.719048,4.91636e-05,0.162387,0,0.0516779,24.3103,2.54881,2.10667,1,0,0,28,0,49.9599,50.0401
122,grouped,1,1,4.3213,0.274554,1.78219,0.693097,0.696606,0.703175,4.61544e-05,0.186823,0,0.0512752,27.7776,2.80719,2.1864,1,0,0,28,0,,
123,grouped,1,1,4.49437,0.272321,1.7206,0.698847,0.698621,0.712698,4.3242e-05,0.210254,0,0.0508725,30.088,2.96758,2.21576,1,0,0,28,0,,
124,grouped,1,1,5.04468,0.224888,1.74234,0.711167,0.701613,0.72381,4.04278e-05,0.232042,0,0.0504698,33.5464,3.1769,2.28075,1,0,0,28,0,51.9449,48.0551
125,grouped,1,1,5.44346,0.200335,1.76464,0.711307,0.699272,0.720635,3.77132e-05,0.251592,0,0.0500671,34.1538,3.3642,2.36148,1,0,0,28,0,51.3408,48.6592
126,grouped,1,1,5.78103,0.189732,1.75422,0.701922,0.701996,0.714286,3.50995e-05,0.268371,0,0.0496644,33.3373,3.45009,2.37581,1,0,0,28,0,,
127,grouped,1,1,5.78111,0.191406,1.7136,0.712462,0.696534,0.722222,3.25877e-05,0.281921,0,0.0492617,32.0252,3.49584,2.37912,1,0,0,28,0,52.3378,47.6622
128,grouped,1,1,6.08805,0.176339,1.78113,0.705636,0.70645,0.71746,3.01792e-05,0.291873,0,0.0488591,,3.5283,2.37593,1,0,0,28,0,,
129,grouped,1,1,6.05697,0.180804,1.72145,0.701224,0.707216,0.712698,2.78751e-05,0.297954,0,0.0484564,34.6907,3.60117,2.41198,1,0,0,28,0,,
130,grouped,1,1,6.17591,0.177455,1.71592,0.711586,0.710239,0.72381,2.56764e-05,0.3,0,0.0480537,39.7498,3.62355,2.41153,1,0,0,28,0,,
131,grouped,1,1,5.92636,0.186942,1.72589,0.703533,0.706929,0.71746,2.35841e-05,0.3,0,0.047651,37.7945,3.56241,2.36304,1,0,0,28,0,,
132,grouped,1,1,5.88899,0.212612,1.70885,0.707667,0.707808,0.720635,2.15994e-05,0.3,0,0.0472483,37.5707,3.56606,2.3467,1,0,0,28,0,,
133,grouped,1,1,5.90654,0.215402,1.72156,0.704486,0.710494,0.715873,1.9723e-05,0.3,0,0.0468456,36.3666,3.59428,2.36896,1,0,0,28,0,,
134,grouped,1,1,5.98911,0.212612,1.7143,0.699586,0.712553,0.712698,1.79558e-05,0.3,0,0.046443,42.0749,3.55605,2.32843,1,0,0,28,0,54.1474,45.8526
135,grouped,1,1,5.75871,0.228237,1.67403,0.706448,0.70652,0.71746,1.62988e-05,0.3,0,0.0460403,39.9269,3.50969,2.30235,1,0,0,28,0,,
136,grouped,1,1,5.68724,0.234933,1.68792,0.714254,0.704431,0.725397,1.47526e-05,0.3,0,0.0456376,38.0154,3.53993,2.29556,1,0,0,28,0,54.7739,45.2261
137,grouped,1,1,5.725,0.228795,1.71653,0.699553,0.706808,0.712698,1.33181e-05,0.3,0,0.0452349,37.3741,3.53816,2.31075,1,0,0,28,0,,
138,grouped,1,1,5.61638,0.240513,1.65857,0.697509,0.711011,0.711111,1.19958e-05,0.3,0,0.0448322,38.9585,3.52715,2.28679,1,0,0,28,0,,
139,grouped,1,1,5.57362,0.243862,1.66147,0.713135,0.712709,0.725397,1.07864e-05,0.3,0,0.0444295,37.9127,3.51388,2.29178,1,0,0,28,0,,
140,grouped,1,1,5.82492,0.240513,1.68927,0.703932,0.714313,0.715873,9.69048e-06,0.3,0,0.0440268,38.621,3.51269,2.2851,1,0,0,28,0,55.8163,44.1837
141,grouped,1,1,5.56654,0.251674,1.63118,0.700146,0.711079,0.712698,8.70853e-06,0.3,0,0.0436242,39.3048,3.50409,2.27914,1,0,0,28,0,,
142,grouped,1,1,5.67865,0.243862,1.66169,0.705169,0.708762,0.71746,7.84101e-06,0.3,0,0.0432215,37.6553,3.53031,2.29219,1,0,0,28,0,,
143,grouped,1,1,5.78552,0.242188,1.67584,0.713795,0.707353,0.725397,7.08833e-06,0.3,0,0.0428188,36.6031,3.51221,2.28393,1,0,0,28,0,,
144,grouped,1,1,5.57839,0.246652,1.66079,0.715655,0.706581,0.726984,6.45086e-06,0.3,0,0.0424161,38.9639,3.55949,2.30342,1,0,0,28,0,55.7893,44.2107
145,grouped,1,1,5.70783,0.246094,1.69697,0.704706,0.708243,0.71746,5.92887e-06,0.3,0,0.0420134,39.5169,3.50155,2.26282,1,0,0,28,0,,
146,grouped,1,1,5.72866,0.25,1.66876,0.708875,0.709159,0.722222,5.52264e-06,0.3,0,0.0416107,40.9499,3.56491,2.28581,1,0,0,28,0,,
147,grouped,1,1,5.63553,0.254464,1.68573,0.700328,0.705599,0.714286,5.23233e-06,0.3,0,0.0412081,37.1492,3.51031,2.27312,1,0,0,28,0,,
148,grouped,1,1,5.67764,0.257254,1.67577,0.708658,0.712792,0.722222,5.05809e-06,0.3,0,0.0408054,39.2312,3.51521,2.26862,1,0,0,28,0,,
149,grouped,1,1,5.60117,0.246652,1.67708,0.705362,0.709478,0.719048,5e-06,0.3,0,0.0404027,42.4499,3.54483,2.29432,1,0,0,28,0,,
150,grouped,1,1,5.48305,0.260045,1.65286,0.71319,0.710767,0.726984,5e-06,0.3,0,0.04,37.5297,3.53847,2.28882,1,0,0,28,0,56.2129,43.7871
1,grouped,1,2,8.33755,0.0100446,4.49907,0.0229834,0.0198666,0.0507937,0.0002,0,1,0.1,,1.20242,2.42593,0.964286,0,0,28,0,0.0614739,99.9385
2,grouped,1,2,7.38395,0.0368304,4.49937,0.036655,0.0366171,0.0777778,0.0003,0,1,0.0995973,17.0715,1.11914,2.17465,1,0,0,28,0,0.418246,99.5818
3,grouped,1,2,7.04759,0.0435268,4.49635,0.0702817,0.0635137,0.119048,0.0004,0,1,0.0991946,10.0141,1.20058,2.24826,1,0,0,28,0,4.25969,95.7403
4,grouped,1,2,6.84983,0.0625,4.48643,0.0676543,0.0932711,0.11746,0.0005,0,1,0.0987919,6.02463,1.18249,2.27929,0.892857,0,0,28,0,8.2392,91.7608
5,grouped,1,2,6.66675,0.0625,4.36738,0.0879548,0.144365,0.138095,0.000499942,0,1,0.0983893,5.26764,1.14903,2.37854,0.642857,0,0,28,0,9.34993,90.6501
6,grouped,1,2,6.43674,0.0708705,4.26849,0.0947976,0.146673,0.160317,0.000499768,0,1,0.0979866,4.77824,0.981713,2.25335,0.25,0,0,28,0,11.7332,88.2668
7,grouped,1,2,6.42248,0.0613839,4.25625,0.136554,0.166377,0.192063,0.000499477,0,1,0.0975839,4.68198,0.902431,2.27438,0.178571,0,0,28,0,9.91395,90.086
8,grouped,1,2,6.31779,0.0647321,4.22445,0.16238,0.202566,0.220635,0.000499071,0,1,0.0971812,4.38625,0.834366,2.2664,0.178571,0,0,28,0,5.3186,94.6814
9,grouped,1,2,6.24764,0.104353,4.20106,0.159229,0.207534,0.231746,0.000498549,0,1,0.0967785,4.85509,0.78104,2.21784,0.428571,0,0,28,0,6.19041,93.8096
10,grouped,1,2,6.22253,0.0864955,4.18178,0.147941,0.207574,0.204762,0.000497912,0,1,0.0963758,4.90753,0.748758,2.21588,0.392857,0,0,28,0,8.26672,91.7333
11,grouped,1,2,6.08191,0.115513,4.13289,0.164197,0.231242,0.220635,0.000497159,0,1,0.0959732,4.84128,0.709588,2.18543,0.321429,0,0,28,0,6.50358,93.4964
12,grouped,1,2,5.99719,0.0982143,4.08963,0.217641,0.245932,0.279365,0.000496291,0,1,0.0955705,5.40708,0.731387,2.20791,0.642857,0,0,28,0,4.73842,95.2616
13,grouped,1,2,5.8022,0.147879,4.00323,0.24619,0.266183,0.288889,0.00049531,0,1,0.0951678,5.88668,0.690092,2.16679,0.785714,0,0,28,0,6.64589,93.3541
14,grouped,1,2,5.6254,0.185268,3.87857,0.260443,0.286935,0.319048,0.000494214,0,1,0.0947651,5.69133,0.671768,2.10807,0.571429,0,0,28,0,8.7257,91.2743
15,grouped,1,2,5.40408,0.107701,3.76107,0.274886,0.303194,0.320635,0.000493004,0,1,0.0943624,5.7765,0.653115,2.0568,0.642857,0,0,28,0,10.807,89.1931
16,grouped,1,2,5.45433,0.119978,3.74898,0.297253,0.308857,0.344444,0.000491682,0,1,0.0939597,6.52886,0.663099,2.10704,0.785714,0,0,28,0,15.5736,84.4264
17,grouped,1,2,5.43633,0.186384,3.72696,0.273156,0.32797,0.312698,0.000490247,0,1,0.093557,5.73201,0.653776,2.08599,0.75,0,0,28,0,16.8066,83.1934
18,grouped,1,2,5.21671,0.174665,3.63804,0.311919,0.324295,0.346032,0.000488701,0,1,0.0931544,5.89604,0.649013,2.06098,0.75,0,0,28,0,,
19,grouped,1,2,5.14362,0.154576,3.58564,0.336924,0.362799,0.38254,0.000487044,0,1,0.0927517,6.20516,0.652151,2.0755,0.857143,0,0,28,0,19.8917,80.1083
20,grouped,1,2,5.23552,0.204241,3.64643,0.303692,0.35529,0.352381,0.000485277,0,1,0.092349,6.44714,0.65256,2.10966,0.857143,0,0,28,0,,
21,grouped,1,2,5.1503,0.202009,3.5968,0.326982,0.378057,0.373016,0.000483401,0,1,0.0919463,6.6265,0.654591,2.07606,0.821429,0,0,28,0,20.5948,79.4052
22,grouped,1,2,5.06389,0.165179,3.54705,0.285523,0.366985,0.31746,0.000481416,0,1,0.0915436,6.59535,0.630495,2.04435,0.892857,0,0,28,0,,
23,grouped,1,2,4.84332,0.231585,3.44815,0.32152,0.410059,0.344444,0.000479324,0,1,0.0911409,7.93124,0.631267,1.92352,1,0,0,28,0,20.4803,79.5197
24,grouped,1,2,4.9243,0.253348,3.5055,0.411582,0.362457,0.44127,0.000477125,0,1,0.0907383,7.77187,0.622097,1.98869,1,0,0,28,0,27.4416,72.5584
25,grouped,1,2,4.94612,0.184152,3.53277,0.343882,0.384686,0.398413,0.000474821,0,1,0.0903356,8.0169,0.618691,1.95077,1,0,0,28,0,31.8151,68.1849
26,grouped,1,2,4.95821,0.173549,3.48501,0.391128,0.429531,0.430159,0.000472412,0,1,0.0899329,7.02627,0.616754,1.95686,0.928571,0,0,28,0,31.9246,68.0754
27,grouped,1,2,4.86004,0.18192,3.43732,0.319835,0.448046,0.353968,0.000469901,0,1,0.0895302,7.4904,0.632738,1.98396,1,0,0,28,0,26.3249,73.6751
28,grouped,1,2,5.04833,0.246652,3.54559,0.397024,0.402975,0.436508,0.000467287,0,1,0.0891275,7.79019,0.617277,2.02993,1,0,0,28,0,,
29,grouped,1,2,4.7094,0.192522,3.38933,0.334736,0.443443,0.373016,0.000464572,0,1,0.0887248,7.58204,0.635506,1.95927,1,0,0,28,0,,
30,grouped,1,2,4.76953,0.140067,3.39052,0.399945,0.450092,0.442857,0.000461758,0,1,0.0883221,8.40455,0.639608,2.03142,1,0,0,28,0,27.1003,72.8997
31,grouped,1,2,4.35294,0.11942,3.20653,0.441198,0.448898,0.471429,0.000458846,0,1,0.0879195,8.65679,0.633466,1.8526,1,0,0,28,0,,
32,grouped,1,2,4.65068,0.223772,3.33276,0.444728,0.453623,0.47619,0.000455836,0,1,0.0875168,7.89913,0.610352,1.95607,1,0,0,28,0,30.0065,69.9935
33,grouped,1,2,4.54354,0.300223,3.29949,0.320449,0.476568,0.361905,0.000452732,0,1,0.0871141,7.40645,0.612738,1.8916,1,0,0,28,0,39.214,60.786
34,grouped,1,2,4.67963,0.196987,3.38827,0.419307,0.473206,0.449206,0.000449533,0,1,0.0867114,8.48654,0.648689,1.98374,1,0,0,28,0,,
35,grouped,1,2,4.3271,0.203683,3.20123,0.4455,0.482698,0.484127,0.000446242,0,1,0.0863087,8.21256,0.612536,1.82018,1,0,0,28,0,36.7763,63.2237
36,grouped,1,2,4.44872,0.209263,3.26441,0.416272,0.485301,0.452381,0.00044286,0,1,0.085906,8.09049,0.621352,1.89974,0.964286,0,0,28,0,40.258,59.742
37,grouped,1,2,4.5343,0.236049,3.29834,0.441559,0.477828,0.473016,0.000439388,0,1,0.0855034,8.12268,0.608536,1.87458,1,0,0,28,0,,
38,grouped,1,2,4.39884,0.243304,3.23683,0.492693,0.512311,0.511111,0.000435829,0,1,0.0851007,8.3369,0.596696,1.80935,1,0,0,28,0,37.7203,62.2797
39,grouped,1,2,4.69052,0.242746,3.382,0.440883,0.503961,0.463492,0.000432184,0,1,0.084698,7.71115,0.593898,1.87066,1,0,0,28,0,,
40,grouped,1,2,4.23547,0.0948661,3.14566,0.364128,0.523926,0.390476,0.000428454,0,1,0.0842953,8.73041,0.632139,1.82793,1,0,0,28,0,35.8779,64.1221
41,grouped,1,2,4.42579,0.215402,3.24351,0.473144,0.512001,0.501587,0.000424642,0,1,0.0838926,8.73444,0.626646,1.87124,1,0,0,28,0,,
42,grouped,1,2,4.38519,0.146205,3.22531,0.480112,0.516128,0.51746,0.000420749,0,1,0.0834899,7.52944,0.629456,1.89105,0.964286,0,0,28,0,,
43,grouped,1,2,4.46468,0.260603,3.28233,0.47136,0.511399,0.506349,0.000416777,0,1,0.0830872,7.99543,0.605228,1.81803,0.928571,0,0,28,0,,
44,grouped,1,2,4.1511,0.290179,3.12403,0.438089,0.524443,0.474603,0.000412728,0,1,0.0826846,9.1996,0.634593,1.78182,1,0,0,28,0,36.1262,63.8738
45,grouped,1,2,4.3968,0.207589,3.25089,0.47556,0.546263,0.496825,0.000408604,0,1,0.0822819,7.94977,0.612152,1.81049,1,0,0,28,0,41.4513,58.5487
46,grouped,1,2,4.23787,0.288504,3.16075,0.495049,0.561392,0.519048,0.000404406,0,1,0.0818792,8.60248,0.612941,1.79314,0.964286,0,0,28,0,39.2492,60.7508
47,grouped,1,2,3.85119,0.276786,2.98434,0.436736,0.56492,0.45873,0.000400137,0,1,0.0814765,10.3629,0.646052,1.70459,1,0,0,28,0,35.4855,64.5145
48,grouped,1,2,4.27997,0.291295,3.19822,0.456295,0.555502,0.485714,0.000395799,0,1,0.0810738,9.24474,0.59814,1.76012,1,0,0,28,0,,
49,grouped,1,2,4.22504,0.238281,3.16897,0.527764,0.560454,0.550794,0.000391394,0,1,0.0806711,8.19992,0.638819,1.76626,1,0,0,28,0,,
50,grouped,1,2,3.93158,0.214286,3.00224,0.515323,0.546051,0.536508,0.000386923,0,1,0.0802685,9.1836,0.634566,1.70316,1,0,0,28,0,36.0075,63.9925
51,grouped,1,2,3.83604,0.243304,2.97274,0.455294,0.547566,0.485714,0.000382389,0,1,0.0798658,9.54844,0.633514,1.68236,1,0,0,28,0,,
52,grouped,1,2,4.10719,0.263951,3.10978,0.534274,0.556933,0.555556,0.000377795,0,1,0.0794631,8.80272,0.620097,1.75875,1,0,0,28,0,,
53,grouped,1,2,4.04164,0.227679,3.07549,0.540902,0.551844,0.563492,0.000373141,0,1,0.0790604,10.256,0.638857,1.7506,1,0,0,28,0,,
54,grouped,1,2,3.79088,0.285714,2.92142,0.526987,0.559218,0.555556,0.000368431,0,1,0.0786577,8.8754,0.656358,1.72572,1,0,0,28,0,,
55,grouped,1,2,3.88074,0.259487,2.99298,0.549348,0.571152,0.566667,0.000363667,0,1,0.078255,10.1848,0.634409,1.70991,1,0,0,28,0,38.4933,61.5067
56,grouped,1,2,3.9987,0.27567,3.06925,0.54113,0.582905,0.568254,0.00035885,0,1,0.0778523,8.92145,0.627603,1.71514,1,0,0,28,0,38.3695,61.6305
57,grouped,1,2,3.93411,0.174665,3.02403,0.526249,0.589039,0.555556,0.000353983,0,1,0.0774497,8.57295,0.621998,1.67126,1,0,0,28,0,37.7658,62.2342
58,grouped,1,2,3.91951,0.25,3.01049,0.519551,0.56886,0.550794,0.000349069,0,1,0.077047,8.68237,0.642861,1.70244,1,0,0,28,0,,
59,grouped,1,2,3.89463,0.248326,2.98465,0.563876,0.573971,0.588889,0.000344109,0,1,0.0766443,9.24403,0.646193,1.73473,1,0,0,28,0,,
60,grouped,1,2,3.97475,0.31808,3.03504,0.528228,0.585279,0.553968,0.000339107,0,1,0.0762416,9.03484,0.626018,1.69753,0.964286,0,0,28,0,,
61,grouped,1,2,3.99816,0.28404,3.05101,0.516055,0.588603,0.547619,0.000334063,0,1,0.0758389,9.83283,0.636679,1.69673,1,0,0,28,0,,
62,grouped,1,2,3.75036,0.291853,2.91439,0.3165,0.585874,0.355556,0.000328982,0,1,0.0754362,10.0517,0.658798,1.69239,1,0,0,28,0,,
63,grouped,1,2,4.00577,0.134487,3.0667,0.538719,0.610383,0.566667,0.000323864,0,1,0.0750336,8.66068,0.655149,1.72555,1,0,0,28,0,40.8761,59.124
64,grouped,1,2,3.8721,0.362723,2.97239,0.555357,0.612875,0.566667,0.000318713,0,1,0.0746309,8.80702,0.660151,1.7484,1,0,0,28,0,34.77,65.23
65,grouped,1,2,3.67372,0.323661,2.88395,0.508464,0.591958,0.526984,0.000313531,0,1,0.0742282,8.95807,0.638386,1.63697,1,0,0,28,0,,
66,grouped,1,2,3.42027,0.332031,2.74829,0.608069,0.589983,0.625397,0.000308321,0,1,0.0738255,9.28974,0.658206,1.58738,1,0,0,28,0,,
67,grouped,1,2,3.45879,0.323661,2.76518,0.572316,0.588146,0.588889,0.000303084,0,1,0.0734228,9.44779,0.686401,1.61115,1,0,0,28,0,,
68,grouped,1,2,3.62741,0.344866,2.83016,0.545814,0.601159,0.573016,0.000297823,0,1,0.0730201,9.31365,0.652869,1.66378,1,0,0,28,0,,
69,grouped,1,2,3.54456,0.362723,2.81644,0.601151,0.561167,0.61746,0.000292541,0,1,0.0726174,9.36589,0.630517,1.56483,1,0,0,28,0,,
70,grouped,1,2,3.47963,0.339844,2.76889,0.58947,0.577263,0.606349,0.00028724,0,1,0.0722148,10.8413,0.638284,1.56047,1,0,0,28,0,,
71,grouped,1,2,3.66436,0.239955,2.88266,0.590005,0.598333,0.612698,0.000281923,0,1,0.0718121,9.24737,0.63301,1.56022,1,0,0,28,0,,
72,grouped,1,2,3.31804,0.306362,2.67573,0.588446,0.618151,0.603175,0.000276592,0,1,0.0714094,10.1127,0.635581,1.52195,1,0,0,28,0,36.4787,63.5213
73,grouped,1,2,3.30577,0.332031,2.67277,0.590039,0.608028,0.607937,0.00027125,0,1,0.0710067,9.13135,0.653209,1.50586,1,0,0,28,0,,
74,grouped,1,2,3.63102,0.368862,2.87761,0.538518,0.605129,0.565079,0.000265899,0,1,0.070604,9.78765,0.627617,1.58469,1,0,0,28,0,,
75,grouped,1,2,3.6834,0.314174,2.90302,0.575978,0.582299,0.6,0.000260542,0,1,0.0702013,10.2014,0.652002,1.62889,1,0,0,28,0,36.6233,63.3767
76,grouped,1,2,3.1876,0.228795,2.59559,0.567102,0.586989,0.590476,0.000255181,0,1,0.0697987,9.04303,0.648675,1.50968,0.964286,0,0,28,0,,
77,grouped,1,2,3.08169,0.366071,2.53932,0.620171,0.61209,0.638095,0.000249819,0,1,0.069396,8.75701,0.666468,1.46653,1,0,0,28,0,39.374,60.626
78,grouped,1,2,2.98513,0.282924,2.48233,0.602352,0.630089,0.615873,0.000244458,0,1,0.0689933,,0.678941,1.42147,1,0,0,28,0,40.5833,59.4167
79,grouped,1,2,3.33072,0.276228,2.69805,0.599359,0.640633,0.615873,0.000239101,0,1,0.0685906,9.75883,0.658755,1.50439,1,0,0,28,0,42.2814,57.7186
80,grouped,1,2,3.2445,0.340402,2.63742,0.651593,0.642381,0.668254,0.00023375,0,1,0.0681879,9.34779,0.661794,1.57024,1,0,0,28,0,44.456,55.544
81,grouped,1,2,3.3174,0.316406,2.69476,0.583192,0.637961,0.606349,0.000228408,0,1,0.0677852,9.66093,0.631305,1.49238,1,0,0,28,0,,
82,grouped,1,2,3.13498,0.330915,2.58349,0.621151,0.63544,0.644444,0.000223077,0,1,0.0673826,10.5433,0.637292,1.46251,1,0,0,28,0,,
83,grouped,1,2,2.97647,0.280692,2.48212,0.62808,0.646593,0.642857,0.00021776,0,1,0.0669799,9.82444,0.659209,1.4735,1,0,0,28,0,,
84,grouped,1,2,2.76049,0.229353,2.34376,0.576363,0.614124,0.598413,0.000212459,0,1,0.0665772,10.5941,0.669053,1.35441,1,0,0,28,0,,
85,grouped,1,2,2.87889,0.297433,2.42433,0.619652,0.639244,0.638095,0.000207177,0,1,0.0661745,9.92146,0.653008,1.43145,1,0,0,28,0,,
86,grouped,1,2,3.00756,0.380022,2.52044,0.635811,0.618063,0.650794,0.000201916,0,1,0.0657718,9.78433,0.677595,1.43634,1,0,0,28,0,,
87,grouped,1,2,2.68728,0.503348,2.32408,0.646053,0.641657,0.65873,0.000196679,0,1,0.0653691,11.5402,0.670526,1.34114,1,0,0,28,0,,
88,grouped,1,2,3.0095,0.413504,2.52149,0.6353,0.630877,0.649206,0.000191469,0,1,0.0649664,10.594,0.657522,1.44478,1,0,0,28,0,,
89,grouped,1,2,2.70882,0.328125,2.33159,0.62959,0.632943,0.644444,0.000186287,0,1,0.0645638,9.80171,0.661227,1.3865,1,0,0,28,0,,
90,grouped,1,2,3.22379,0.280692,2.65561,0.637824,0.64154,0.655556,0.000181136,0,1,0.0641611,9.7086,0.651449,1.50604,1,0,0,28,0,,
91,grouped,1,2,3.09906,0.394531,2.6085,0.637666,0.641413,0.649206,0.000176018,0,1,0.0637584,9.6063,0.637045,1.46122,1,0,0,28,0,,
92,grouped,1,2,2.80679,0.361049,2.41449,0.66785,0.652769,0.677778,0.000170937,0,1,0.0633557,11.2874,0.650015,1.39189,1,0,0,28,0,48.3001,51.6999
93,grouped,1,2,2.68702,0.457589,2.3329,0.672073,0.652774,0.680952,0.000165893,0,1,0.062953,11.2399,0.648117,1.3377,1,0,0,28,0,47.8734,52.1266
94,grouped,1,2,2.81844,0.248884,2.41331,0.634932,0.646772,0.653968,0.000160891,0,1,0.0625503,10.483,0.637817,1.37665,1,0,0,28,0,,
95,grouped,1,2,3.11658,0.262277,2.62463,0.643066,0.658257,0.655556,0.000155931,0,1,0.0621477,10.4353,0.629628,1.46004,1,0,0,28,0,,
96,grouped,1,2,2.8078,0.398438,2.43602,0.663831,0.663862,0.673016,0.000151017,0,1,0.061745,10.6481,0.667904,1.41765,1,0,0,28,0,,
97,grouped,1,2,2.79831,0.248326,2.42167,0.618337,0.671896,0.636508,0.00014615,0,1,0.0613423,9.14244,0.630163,1.34141,1,0,0,28,0,,
98,grouped,1,2,3.02843,0.363839,2.5955,0.65865,0.679477,0.674603,0.000141333,0,1,0.0609396,10.8706,0.639125,1.45069,1,0,0,28,0,47.5997,52.4003
99,grouped,1,2,2.68914,0.385603,2.34475,0.688084,0.689108,0.701587,0.000136569,0,1,0.0605369,9.96479,0.628134,1.32778,1,0,0,28,0,49.6974,50.3026
100,grouped,1,2,2.58766,0.315848,2.30245,0.676199,0.674803,0.688889,0.000131859,0,1,0.0601342,11.5988,0.663088,1.3331,1,0,0,28,0,46.4892,53.5108
101,grouped,1,2,2.81468,0.363839,2.44503,0.668378,0.681316,0.684127,0.000127205,0,1,0.0597315,9.44035,0.633651,1.35643,1,0,0,28,0,,
102,grouped,1,2,2.69043,0.477679,2.36162,0.642191,0.684106,0.65873,0.000122611,0,1,0.0593289,10.0849,0.627591,1.34051,1,0,0,28,0,,
103,grouped,1,2,2.85176,0.361049,2.4934,0.631684,0.68199,0.646032,0.000118077,0,1,0.0589262,9.16675,0.641278,1.35533,1,0,0,28,0,,
104,grouped,1,2,2.60701,0.333705,2.32343,0.670335,0.682824,0.679365,0.000113606,0,1,0.0585235,11.9793,0.635828,1.3056,1,0,0,28,0,,
105,grouped,1,2,2.67977,0.376674,2.37283,0.666605,0.680239,0.68254,0.000109201,0,1,0.0581208,9.50383,0.621778,1.3119,1,0,0,28,0,,
106,grouped,1,2,2.76449,0.323103,2.43161,0.643156,0.680021,0.660317,0.000104863,0,1,0.0577181,9.30741,0.646087,1.36103,1,0,0,28,0,,
107,grouped,1,2,2.60554,0.262277,2.30756,0.665761,0.688922,0.67619,0.000100594,0,1,0.0573154,10.4089,0.627739,1.27525,1,0,0,28,0,,
108,grouped,1,2,2.69008,0.333147,2.39711,0.658536,0.677733,0.677778,9.63962e-05,0,1,0.0569128,10.0407,0.637242,1.34288,1,0,0,28,0,,
109,grouped,1,2,2.55451,0.296875,2.32683,0.669477,0.692908,0.68254,9.22719e-05,0,1,0.0565101,11.0888,0.621583,1.29553,1,0,0,28,0,50.1553,49.8447
110,grouped,1,2,2.50223,0.447545,2.28167,0.673771,0.702262,0.684127,8.82228e-05,0,1,0.0561074,10.1049,0.634255,1.29782,1,0,0,28,0,51.7431,48.2569
111,grouped,1,2,1.53155,0.823661,1.632,0.682813,0.708372,0.693651,8.42509e-05,0,0,0.0557047,9.86712,0.680781,1.06282,1,0,0,28,0,52.4198,47.5802
112,grouped,1,2,1.53049,0.824777,1.61995,0.694505,0.699769,0.704762,8.03579e-05,0.0020458,0,0.055302,11.3288,0.725173,1.05013,1,0,0,28,0,,
113,grouped,1,2,1.57177,0.793527,1.59474,0.651612,0.700488,0.657143,7.65457e-05,0.00812741,0,0.0548993,11.6964,0.802563,1.19094,1,0,0,28,0,,
114,grouped,1,2,1.69701,0.751674,1.63553,0.705706,0.710783,0.712698,7.28161e-05,0.0180789,0,0.0544966,13.2878,0.885214,1.24712,1,0,0,28,0,54.5863,45.4137
115,grouped,1,2,1.722,0.716518,1.56848,0.69997,0.711881,0.709524,6.91709e-05,0.0316289,0,0.054094,14.1045,0.975018,1.31903,1,0,0,28,0,54.5439,45.4561
116,grouped,1,2,1.91234,0.655134,1.55766,0.684305,0.713691,0.690476,6.56117e-05,0.0484078,0,0.0536913,16.7193,1.17764,1.46861,1,0,0,28,0,55.4806,44.5194
117,grouped,1,2,2.11729,0.589286,1.51421,0.695525,0.698179,0.7,6.21402e-05,0.0679578,0,0.0532886,,1.38719,1.5787,1,0,0,28,0,,
118,grouped,1,2,2.40738,0.52567,1.51668,0.693749,0.705454,0.704762,5.87581e-05,0.0897457,0,0.0528859,20.8102,1.71537,1.75253,1,0,0,28,0,,
119,grouped,1,2,2.67047,0.476004,1.53598,0.692518,0.713938,0.703175,5.5467e-05,0.113177,0,0.0524832,25.5451,1.94646,1.84702,1,0,0,28,0,56.1254,43.8746
120,grouped,1,2,2.91448,0.436384,1.50584,0.709817,0.711687,0.719048,5.22683e-05,0.137613,0,0.0520805,26.8346,2.21097,1.92939,1,0,0,28,0,,
121,grouped,1,2,3.45877,0.361049,1.54971,0.708248,0.714486,0.71746,4.91636e-05,0.162387,0,0.0516779,31.4925,2.51346,2.02103,1,0,0,28,0,58.406,41.594
122,grouped,1,2,3.80766,0.348214,1.50068,0.69559,0.707811,0.707937,4.61544e-05,0.186823,0,0.0512752,36.693,2.78335,2.1038,1,0,0,28,0,,
123,grouped,1,2,4.11694,0.319754,1.51381,0.709976,0.718452,0.722222,4.3242e-05,0.210254,0,0.0508725,37.3145,2.9348,2.14991,1,0,0,28,0,59.355,40.645
124,grouped,1,2,4.58854,0.271763,1.53546,0.697716,0.705789,0.709524,4.04278e-05,0.232042,0,0.0504698,37.5858,3.16834,2.23053,1,0,0,28,0,,
125,grouped,1,2,4.97665,0.239955,1.50834,0.702225,0.713631,0.712698,3.77132e-05,0.251592,0,0.0500671,40.7141,3.32613,2.26169,1,0,0,28,0,61.2212,38.7788
126,grouped,1,2,5.08326,0.233817,1.49374,0.70305,0.705936,0.712698,3.50995e-05,0.268371,0,0.0496644,42,3.39472,2.29265,1,0,0,28,0,,
127,grouped,1,2,5.32433,0.233817,1.52381,0.705872,0.715338,0.71746,3.25877e-05,0.281921,0,0.0492617,43.2496,3.47736,2.297,1,0,0,28,0,,
128,grouped,1,2,5.28391,0.242746,1.49399,0.699333,0.713037,0.714286,3.01792e-05,0.291873,0,0.0488591,,3.50887,2.29784,1,0,0,28,0,,
129,grouped,1,2,5.47003,0.234375,1.47543,0.70282,0.716131,0.715873,2.78751e-05,0.297954,0,0.0484564,44.8374,3.61077,2.33632,1,0,0,28,0,,
130,grouped,1,2,5.36275,0.237723,1.45542,0.697436,0.718368,0.711111,2.56764e-05,0.3,0,0.0480537,47.4755,3.56206,2.28087,1,0,0,28,0,,
131,grouped,1,2,5.21621,0.257812,1.45109,0.70468,0.708477,0.719048,2.35841e-05,0.3,0,0.047651,46.5281,3.56916,2.26951,1,0,0,28,0,,
132,grouped,1,2,5.21274,0.255022,1.45738,0.697807,0.712177,0.711111,2.15994e-05,0.3,0,0.0472483,47.0525,3.57496,2.28047,1,0,0,28,0,,
133,grouped,1,2,5.17632,0.276228,1.47099,0.7,0.715601,0.712698,1.9723e-05,0.3,0,0.0468456,49.0824,3.53659,2.24268,1,0,0,28,0,,
134,grouped,1,2,5.15338,0.277344,1.46023,0.695797,0.70318,0.709524,1.79558e-05,0.3,0,0.046443,47.7037,3.5046,2.22476,1,0,0,28,0,,
135,grouped,1,2,5.19867,0.277902,1.46127,0.707466,0.703483,0.719048,1.62988e-05,0.3,0,0.0460403,46.297,3.53792,2.2125,1,0,0,28,0,,
136,grouped,1,2,5.01712,0.297991,1.44305,0.695061,0.706206,0.707937,1.47526e-05,0.3,0,0.0456376,44.579,3.49737,2.21023,1,0,0,28,0,,
137,grouped,1,2,4.94861,0.305246,1.42222,0.712216,0.703697,0.726984,1.33181e-05,0.3,0,0.0452349,,3.54099,2.21153,1,0,0,28,0,,
138,grouped,1,2,4.89962,0.303571,1.44315,0.714164,0.703706,0.728571,1.19958e-05,0.3,0,0.0448322,49.043,3.53285,2.21572,1,0,0,28,0,,
139,grouped,1,2,5.04917,0.301339,1.43246,0.711794,0.710615,0.72381,1.07864e-05,0.3,0,0.0444295,50.0011,3.55454,2.20629,1,0,0,28,0,,
140,grouped,1,2,4.80814,0.316964,1.40234,0.714461,0.706861,0.728571,9.69048e-06,0.3,0,0.0440268,53.0274,3.47525,2.16985,1,0,0,28,0,,
141,grouped,1,2,5.18946,0.282924,1.48422,0.70241,0.707296,0.715873,8.70853e-06,0.3,0,0.0436242,46.7,3.55171,2.21044,1,0,0,28,0,,
142,grouped,1,2,5.14319,0.296875,1.47925,0.712582,0.708328,0.725397,7.84101e-06,0.3,0,0.0432215,47.8477,3.48452,2.18463,1,0,0,28,0,,
143,grouped,1,2,4.89504,0.309152,1.4267,0.713776,0.705902,0.726984,7.08833e-06,0.3,0,0.0428188,49.8397,3.54628,2.19587,1,0,0,28,0,,
144,grouped,1,2,4.88504,0.305246,1.4428,0.711543,0.702415,0.725397,6.45086e-06,0.3,0,0.0424161,49.1857,3.50968,2.18279,1,0,0,28,0,,
145,grouped,1,2,4.97159,0.305246,1.41607,0.704794,0.708707,0.71746,5.92887e-06,0.3,0,0.0420134,50.1147,3.5417,2.18974,1,0,0,28,0,,
146,grouped,1,2,4.87274,0.310826,1.43271,0.718329,0.709127,0.731746,5.52264e-06,0.3,0,0.0416107,55.2189,3.50268,2.17818,1,0,0,28,0,,
147,grouped,1,2,4.90421,0.302455,1.42267,0.715196,0.710934,0.728571,5.23233e-06,0.3,0,0.0412081,53.8275,3.5262,2.17494,1,0,0,28,0,,
148,grouped,1,2,4.86519,0.305804,1.43885,0.711791,0.710419,0.72381,5.05809e-06,0.3,0,0.0408054,48.1578,3.5318,2.19706,1,0,0,28,0,,
1,stratified,0,0,8.26134,0.0136719,4.49974,0.0235905,0.0350318,0.0673289,0.0002,0,1,0.1,,1.23928,2.51454,0.8,0,0,40,0,0.291026,99.709
2,stratified,0,0,7.16709,0.0402344,4.49439,0.0743687,0.0844872,0.126932,0.0003,0,1,0.0995973,11.6383,1.16917,2.19165,1,0,0,40,0,10.6012,89.3988
3,stratified,0,0,6.86619,0.0449219,4.42148,0.0615994,0.101795,0.111479,0.0004,0,1,0.0991946,7.09427,1.18406,2.2289,1,0,0,40,0,15.4014,84.5986
4,stratified,0,0,6.61372,0.0703125,4.27922,0.0992441,0.153749,0.15894,0.0005,0,1,0.0987919,5.09153,1.12697,2.30395,0.55,0,0,40,0,12.0885,87.9115
5,stratified,0,0,6.50186,0.0804688,4.24776,0.124309,0.167594,0.182119,0.000499942,0,1,0.0983893,4.72657,1.00914,2.28248,0.175,0,0,40,0,11.3078,88.6922
6,stratified,0,0,6.41725,0.0632812,4.22065,0.121528,0.204728,0.16777,0.000499768,0,1,0.0979866,4.76043,0.87611,2.21848,0.275,0,0,40,0,14.0404,85.9596
7,stratified,0,0,6.38548,0.0835937,4.199,0.114832,0.202053,0.1766,0.000499477,0,1,0.0975839,4.62848,0.801187,2.24505,0.35,0,0,40,0,,
8,stratified,0,0,6.31554,0.0933594,4.18119,0.157927,0.220162,0.206402,0.000499071,0,1,0.0971812,4.2222,0.750209,2.18284,0.15,0,0,40,0,18.7661,81.2339
9,stratified,0,0,6.11434,0.116016,4.10389,0.171621,0.220013,0.211921,0.000498549,0,1,0.0967785,4.61966,0.726052,2.22996,0.25,0,0,40,0,,
10,stratified,0,0,6.15978,0.117969,4.12719,0.195856,0.2279,0.238411,0.000497912,0,1,0.0963758,4.4897,0.700735,2.16727,0.125,0,0,40,0,14.4407,85.5593
11,stratified,0,0,5.96715,0.0867187,4.06643,0.188489,0.251838,0.231788,0.000497159,0,1,0.0959732,4.69751,0.684311,2.11877,0.35,0,0,40,0,12.165,87.8349
12,stratified,0,0,5.89299,0.114453,4.03863,0.205557,0.251887,0.248344,0.000496291,0,1,0.0955705,4.86647,0.683834,2.15929,0.4,0,0,40,0,13.2756,86.7244
13,stratified,0,0,5.87387,0.0992187,4.04316,0.229772,0.286647,0.278146,0.00049531,0,1,0.0951678,4.95652,0.679252,2.1227,0.45,0,0,40,0,11.2701,88.7299
14,stratified,0,0,5.8693,0.149609,4.03207,0.252136,0.285347,0.292494,0.000494214,0,1,0.0947651,5.01722,0.671389,2.16613,0.5,0,0,40,0,,
15,stratified,0,0,5.86359,0.128906,4.05003,0.217092,0.288354,0.275938,0.000493004,0,1,0.0943624,5.2213,0.659832,2.17775,0.575,0,0,40,0,21.376,78.624
16,stratified,0,0,5.84114,0.108594,4.02878,0.247811,0.283946,0.291391,0.000491682,0,1,0.0939597,5.56357,0.63819,2.12714,0.65,0,0,40,0,,
17,stratified,0,0,5.84226,0.107031,4.04655,0.246464,0.309243,0.288079,0.000490247,0,1,0.093557,5.55918,0.638351,2.18935,0.725,0,0,40,0,18.4694,81.5306
18,stratified,0,0,5.81607,0.142187,4.01368,0.247236,0.305611,0.294702,0.000488701,0,1,0.0931544,5.21964,0.626435,2.09795,0.575,0,0,40,0,,
19,stratified,0,0,5.5674,0.117969,3.93627,0.257832,0.316497,0.301325,0.000487044,0,1,0.0927517,5.6321,0.633888,2.07748,0.65,0,0,40,0,23.986,76.014
20,stratified,0,0,5.57709,0.181641,3.93313,0.31328,0.326523,0.354305,0.000485277,0,1,0.092349,6.11069,0.646137,2.11598,0.8,0,0,40,0,16.1955,83.8045
21,stratified,0,0,5.4858,0.127344,3.86752,0.32723,0.36603,0.365342,0.000483401,0,1,0.0919463,6.11036,0.644975,2.13613,0.875,0,0,40,0,18.9631,81.0369
22,stratified,0,0,5.21201,0.193359,3.74601,0.359479,0.371222,0.391832,0.000481416,0,1,0.0915436,6.39669,0.62089,2.0193,0.775,0,0,40,0,23.3212,76.6788
23,stratified,0,0,5.42156,0.208594,3.8019,0.347329,0.391752,0.384106,0.000479324,0,1,0.0911409,6.08071,0.602578,2.03827,0.8,0,0,40,0,23.8685,76.1315
24,stratified,0,0,5.18094,0.186719,3.71488,0.413927,0.408529,0.448124,0.000477125,0,1,0.0907383,6.12298,0.588597,1.97972,0.825,0,0,40,0,22.7435,77.2565
25,stratified,0,0,5.26718,0.188672,3.74146,0.37948,0.421006,0.415011,0.000474821,0,1,0.0903356,6.208,0.591075,1.99114,0.85,0,0,40,0,25.9756,74.0244
26,stratified,0,0,4.99427,0.184375,3.6135,0.355114,0.430992,0.381898,0.000472412,0,1,0.0899329,6.87362,0.589616,1.92616,0.925,0,0,40,0,26.7325,73.2675
27,stratified,0,0,4.98852,0.164844,3.63605,0.373775,0.437762,0.413907,0.000469901,0,1,0.0895302,7.51165,0.625614,1.9716,0.975,0,0,40,0,32.969,67.031
28,stratified,0,0,5.08755,0.189062,3.66929,0.316574,0.438192,0.348786,0.000467287,0,1,0.0891275,6.92883,0.614985,2.01292,0.95,0,0,40,0,26.4888,73.5112
29,stratified,0,0,5.09584,0.241016,3.67663,0.32352,0.442417,0.348786,0.000464572,0,1,0.0887248,6.19844,0.593972,1.92766,0.9,0,0,40,0,29.2353,70.7647
30,stratified,0,0,4.93132,0.255469,3.58479,0.413841,0.461065,0.451435,0.000461758,0,1,0.0883221,6.92499,0.612522,1.98347,0.925,0,0,40,0,29.0487,70.9513
31,stratified,0,0,4.78907,0.238672,3.54228,0.451464,0.467345,0.47351,0.000458846,0,1,0.0879195,6.98032,0.617518,1.90771,1,0,0,40,0,27.418,72.582
32,stratified,0,0,4.64716,0.228906,3.46735,0.384334,0.456104,0.408389,0.000455836,0,1,0.0875168,8.07933,0.624739,1.90598,1,0,0,40,0,,
33,stratified,0,0,4.83465,0.220312,3.56178,0.426828,0.464146,0.452539,0.000452732,0,1,0.0871141,7.59039,0.619976,1.93055,0.975,0,0,40,0,,
34,stratified,0,0,4.64863,0.219531,3.45975,0.452401,0.468767,0.480132,0.000449533,0,1,0.0867114,7.7795,0.634023,1.93952,1,0,0,40,0,31.5327,68.4673
35,stratified,0,0,4.66401,0.262109,3.47898,0.417964,0.472183,0.44702,0.000446242,0,1,0.0863087,7.29187,0.611448,1.87244,0.975,0,0,40,0,34.1152,65.8848
36,stratified,0,0,4.70555,0.238672,3.49905,0.477875,0.451009,0.496689,0.00044286,0,1,0.085906,8.37831,0.635818,1.93996,1,0,0,40,0,38.0792,61.9208
37,stratified,0,0,4.60317,0.237891,3.45128,0.443191,0.496599,0.467991,0.000439388,0,1,0.0855034,7.25804,0.613704,1.86045,0.975,0,0,40,0,35.2509,64.7491
38,stratified,0,0,4.64431,0.248047,3.47106,0.456218,0.471516,0.477925,0.000435829,0,1,0.0851007,7.89952,0.638725,1.89659,1,0,0,40,0,,
39,stratified,0,0,4.50599,0.2875,3.39883,0.464603,0.48487,0.477925,0.000432184,0,1,0.084698,7.74859,0.63689,1.89419,1,0,0,40,0,,
40,stratified,0,0,4.66083,0.168359,3.46384,0.462056,0.461881,0.487859,0.000428454,0,1,0.0842953,7.82824,0.618218,1.88385,0.975,0,0,40,0,,
41,stratified,0,0,4.18962,0.248047,3.23082,0.409144,0.501816,0.427152,0.000424642,0,1,0.0838926,7.90487,0.636715,1.77302,1,0,0,40,0,37.304,62.696
42,stratified,0,0,4.62068,0.280859,3.46997,0.442381,0.520832,0.469095,0.000420749,0,1,0.0834899,8.42352,0.62479,1.8488,1,0,0,40,0,39.4332,60.5668
43,stratified,0,0,4.47996,0.232813,3.38811,0.450662,0.506428,0.470199,0.000416777,0,1,0.0830872,7.4089,0.607662,1.80775,0.975,0,0,40,0,,
44,stratified,0,0,4.2164,0.232031,3.26208,0.51005,0.524769,0.524283,0.000412728,0,1,0.0826846,8.01468,0.632862,1.77429,0.975,0,0,40,0,40.2314,59.7686
45,stratified,0,0,4.36222,0.246484,3.30593,0.489489,0.535547,0.524283,0.000408604,0,1,0.0822819,8.05283,0.63381,1.78798,0.975,0,0,40,0,43.0691,56.9309
46,stratified,0,0,4.27015,0.288672,3.27823,0.520688,0.555632,0.540839,0.000404406,0,1,0.0818792,8.532,0.614811,1.72907,0.975,0,0,40,0,39.8843,60.1157
47,stratified,0,0,4.29234,0.290625,3.26731,0.493549,0.559668,0.513245,0.000400137,0,1,0.0814765,7.51109,0.614606,1.75605,0.975,0,0,40,0,37.1137,62.8863
48,stratified,0,0,4.31893,0.223438,3.29665,0.48707,0.544902,0.50883,0.000395799,0,1,0.0810738,8.39735,0.642202,1.78717,1,0,0,40,0,,
49,stratified,0,0,4.2646,0.239844,3.26437,0.500162,0.547167,0.52649,0.000391394,0,1,0.0806711,8.08023,0.630301,1.74934,1,0,0,40,0,,
50,stratified,0,0,4.19149,0.260547,3.22353,0.484646,0.556437,0.503311,0.000386923,0,1,0.0802685,8.48682,0.645154,1.75903,1,0,0,40,0,38.3559,61.6441
51,stratified,0,0,4.22619,0.199219,3.23802,0.535498,0.555179,0.554084,0.000382389,0,1,0.0798658,8.15092,0.630901,1.80501,1,0,0,40,0,,
52,stratified,0,0,3.99751,0.300781,3.11419,0.528837,0.557829,0.548565,0.000377795,0,1,0.0794631,8.16646,0.654715,1.70373,0.975,0,0,40,0,,
53,stratified,0,0,4.0609,0.212109,3.16679,0.560527,0.549074,0.577263,0.000373141,0,1,0.0790604,8.29979,0.645949,1.72127,1,0,0,40,0,43.3917,56.6083
54,stratified,0,0,4.20811,0.224219,3.22927,0.53429,0.558925,0.549669,0.000368431,0,1,0.0786577,7.90998,0.622677,1.7565,0.975,0,0,40,0,,
55,stratified,0,0,4.21622,0.217969,3.21758,0.541465,0.558731,0.56181,0.000363667,0,1,0.078255,7.59249,0.617618,1.74383,1,0,0,40,0,,
56,stratified,0,0,3.98297,0.2875,3.08049,0.57911,0.585247,0.596026,0.00035885,0,1,0.0778523,7.98764,0.624108,1.69582,1,0,0,40,0,37.5587,62.4413
57,stratified,0,0,3.80639,0.346875,2.98829,0.526019,0.583903,0.549669,0.000353983,0,1,0.0774497,8.16065,0.672083,1.6465,1,0,0,40,0,,
58,stratified,0,0,4.07589,0.289062,3.14319,0.525423,0.587568,0.543046,0.000349069,0,1,0.077047,7.90731,0.629771,1.75925,1,0,0,40,0,41.4322,58.5678
59,stratified,0,0,3.83772,0.354297,3.01814,0.578908,0.586325,0.5883,0.000344109,0,1,0.0766443,7.85223,0.659963,1.67475,0.975,0,0,40,0,,
60,stratified,0,0,3.7104,0.271875,2.9468,0.57724,0.588864,0.592715,0.000339107,0,1,0.0762416,8.43869,0.676122,1.66509,1,0,0,40,0,45.0745,54.9255
61,stratified,0,0,3.86512,0.208984,3.02888,0.593013,0.586569,0.603753,0.000334063,0,1,0.0758389,8.21014,0.628529,1.67194,1,0,0,40,0,45.993,54.007
62,stratified,0,0,3.78954,0.3,2.99146,0.520537,0.588218,0.548565,0.000328982,0,1,0.0754362,8.1317,0.651138,1.69275,1,0,0,40,0,,
63,stratified,0,0,3.53076,0.273047,2.8343,0.603642,0.607892,0.607064,0.000323864,0,1,0.0750336,8.42653,0.672467,1.60857,1,0,0,40,0,43.2534,56.7466
64,stratified,0,0,3.72159,0.346484,2.94609,0.581932,0.605809,0.600442,0.000318713,0,1,0.0746309,8.58113,0.662521,1.6652,1,0,0,40,0,,
65,stratified,0,0,3.55866,0.266016,2.85779,0.596392,0.603221,0.613687,0.000313531,0,1,0.0742282,8.81544,0.653299,1.58739,1,0,0,40,0,,
66,stratified,0,0,3.80886,0.260937,3.02459,0.588715,0.602903,0.600442,0.000308321,0,1,0.0738255,8.07707,0.625409,1.63093,1,0,0,40,0,,
67,stratified,0,0,3.62912,0.289062,2.90936,0.596183,0.627384,0.611479,0.000303084,0,1,0.0734228,8.31206,0.639059,1.61146,1,0,0,40,0,46.1216,53.8784
68,stratified,0,0,3.66016,0.240625,2.91931,0.590455,0.623965,0.602649,0.000297823,0,1,0.0730201,8.12846,0.652594,1.64078,1,0,0,40,0,,
69,stratified,0,0,3.63302,0.317578,2.89463,0.583848,0.618982,0.594923,0.000292541,0,1,0.0726174,8.14983,0.667932,1.62168,1,0,0,40,0,,
70,stratified,0,0,3.94906,0.280859,3.10088,0.55005,0.612745,0.573951,0.00028724,0,1,0.0722148,8.35518,0.63649,1.68327,1,0,0,40,0,,
71,stratified,0,0,3.63899,0.286719,2.91119,0.58414,0.617461,0.598234,0.000281923,0,1,0.0718121,8.28188,0.630361,1.60935,1,0,0,40,0,,
72,stratified,0,0,3.70164,0.260156,2.96533,0.528401,0.611299,0.548565,0.000276592,0,1,0.0714094,8.38584,0.633924,1.59513,1,0,0,40,0,,
73,stratified,0,0,3.43941,0.307812,2.80565,0.571562,0.608816,0.583885,0.00027125,0,1,0.0710067,7.96255,0.663726,1.57906,1,0,0,40,0,,
74,stratified,0,0,3.30735,0.316016,2.74692,0.595683,0.622672,0.607064,0.000265899,0,1,0.070604,9.03847,0.685388,1.59092,1,0,0,40,0,,
75,stratified,0,0,3.26105,0.384375,2.6992,0.618446,0.636695,0.628035,0.000260542,0,1,0.0702013,7.94873,0.643251,1.4776,0.975,0,0,40,0,46.4477,53.5523
76,stratified,0,0,3.34875,0.250391,2.77337,0.525639,0.623267,0.540839,0.000255181,0,1,0.0697987,8.51829,0.6632,1.58231,1,0,0,40,0,,
77,stratified,0,0,3.44105,0.346484,2.84212,0.638485,0.62434,0.647903,0.000249819,0,1,0.069396,8.80188,0.661255,1.56974,1,0,0,40,0,47.1295,52.8705
78,stratified,0,0,3.37421,0.322266,2.79302,0.567882,0.627076,0.578366,0.000244458,0,1,0.0689933,8.56964,0.668221,1.53781,1,0,0,40,0,,
79,stratified,0,0,3.29721,0.346875,2.75481,0.609456,0.64049,0.622517,0.000239101,0,1,0.0685906,8.42759,0.685622,1.5576,1,0,0,40,0,46.7096,53.2904
80,stratified,0,0,3.26988,0.362109,2.72103,0.578117,0.657351,0.592715,0.00023375,0,1,0.0681879,7.74064,0.650687,1.51878,1,0,0,40,0,48.2127,51.7873
81,stratified,0,0,3.67615,0.307031,2.97408,0.601243,0.642352,0.61479,0.000228408,0,1,0.0677852,9.01119,0.641101,1.61384,1,0,0,40,0,,
82,stratified,0,0,3.2656,0.433594,2.7603,0.589382,0.608614,0.601545,0.000223077,0,1,0.0673826,7.87326,0.654962,1.51673,1,0,0,40,0,,
83,stratified,0,0,2.88717,0.306641,2.5041,0.621804,0.633205,0.630243,0.00021776,0,1,0.0669799,8.6182,0.692998,1.41667,1,0,0,40,0,,
84,stratified,0,0,3.00003,0.289453,2.57461,0.625876,0.637317,0.635762,0.000212459,0,1,0.0665772,8.14359,0.685785,1.45919,1,0,0,40,0,,
85,stratified,0,0,3.11945,0.314453,2.65812,0.603438,0.637166,0.612583,0.000207177,0,1,0.0661745,8.46927,0.667791,1.45841,1,0,0,40,0,,
86,stratified,0,0,3.27095,0.315625,2.7594,0.593149,0.640049,0.610375,0.000201916,0,1,0.0657718,8.70954,0.668375,1.50186,1,0,0,40,0,,
87,stratified,0,0,2.88271,0.371094,2.52996,0.63405,0.650837,0.639073,0.000196679,0,1,0.0653691,8.2598,0.691643,1.426,1,0,0,40,0,,
88,stratified,0,0,3.29289,0.253125,2.77165,0.600466,0.647736,0.613687,0.000191469,0,1,0.0649664,7.8838,0.650293,1.51415,1,0,0,40,0,,
89,stratified,0,0,3.45092,0.291406,2.87224,0.592009,0.620142,0.60596,0.000186287,0,1,0.0645638,8.09905,0.646069,1.55729,1,0,0,40,0,,
90,stratified,0,0,3.07997,0.314063,2.64204,0.628721,0.648145,0.639073,0.000181136,0,1,0.0641611,7.71005,0.648915,1.47375,1,0,0,40,0,,
91,stratified,0,0,3.07694,0.348438,2.66939,0.624994,0.634415,0.639073,0.000176018,0,1,0.0637584,8.07391,0.648845,1.46481,1,0,0,40,0,,
92,stratified,0,0,3.30122,0.343359,2.77707,0.601709,0.648282,0.621413,0.000170937,0,1,0.0633557,8.39799,0.661105,1.54819,1,0,0,40,0,,
93,stratified,0,0,2.96819,0.251953,2.57626,0.583159,0.652351,0.599338,0.000165893,0,1,0.062953,8.26126,0.663671,1.44034,1,0,0,40,0,,
94,stratified,0,0,3.28502,0.304688,2.7936,0.648583,0.638198,0.657837,0.000160891,0,1,0.0625503,7.75316,0.649409,1.56036,0.975,0,0,40,0,,
95,stratified,0,0,3.20601,0.363672,2.74507,0.638688,0.657124,0.643488,0.000155931,0,1,0.0621477,8.0941,0.647247,1.48365,1,0,0,40,0,,
96,stratified,0,0,2.889,0.458984,2.55478,0.637202,0.657562,0.645695,0.000151017,0,1,0.061745,8.49181,0.664427,1.43388,1,0,0,40,0,51.9306,48.0694
97,stratified,0,0,2.71293,0.423438,2.44874,0.649382,0.659469,0.660044,0.00014615,0,1,0.0613423,8.29179,0.676821,1.35148,1,0,0,40,0,52.2039,47.7961
98,stratified,0,0,2.71484,0.305469,2.44307,0.6438,0.657037,0.649007,0.000141333,0,1,0.0609396,8.40569,0.683576,1.38851,1,0,0,40,0,,
99,stratified,0,0,3.04263,0.410156,2.64999,0.64698,0.651426,0.657837,0.000136569,0,1,0.0605369,8.14411,0.654672,1.43981,1,0,0,40,0,,
100,stratified,0,0,2.7932,0.311719,2.51682,0.652445,0.667821,0.656733,0.000131859,0,1,0.0601342,8.59165,0.673081,1.39422,1,0,0,40,0,50.2113,49.7887
101,stratified,0,0,2.51742,0.371875,2.33536,0.654719,0.661658,0.664459,0.000127205,0,1,0.0597315,8.21192,0.669601,1.3008,1,0,0,40,0,,
102,stratified,0,0,2.93119,0.325781,2.60956,0.626409,0.65537,0.642384,0.000122611,0,1,0.0593289,7.85297,0.672953,1.42257,1,0,0,40,0,,
103,stratified,0,0,3.02811,0.297656,2.66297,0.654633,0.660546,0.660044,0.000118077,0,1,0.0589262,7.85294,0.642036,1.43633,1,0,0,40,0,,
104,stratified,0,0,2.6894,0.378125,2.46265,0.639104,0.651543,0.647903,0.000113606,0,1,0.0585235,8.84675,0.664113,1.34675,1,0,0,40,0,,
105,stratified,0,0,2.66191,0.331641,2.42185,0.656868,0.660932,0.661148,0.000109201,0,1,0.0581208,7.72104,0.649892,1.30681,1,0,0,40,0,,
106,stratified,0,0,2.74766,0.387109,2.49498,0.629515,0.668283,0.642384,0.000104863,0,1,0.0577181,8.52975,0.653022,1.39052,1,0,0,40,0,50.9497,49.0503
107,stratified,0,0,2.7262,0.351562,2.48508,0.660169,0.671719,0.666667,0.000100594,0,1,0.0573154,9.0226,0.667397,1.37264,1,0,0,40,0,51.6441,48.3559
108,stratified,0,0,2.56294,0.378906,2.37231,0.658841,0.669425,0.664459,9.63962e-05,0,1,0.0569128,8.50484,0.671957,1.33531,1,0,0,40,0,,
109,stratified,0,0,2.84616,0.421875,2.58046,0.634029,0.67005,0.642384,9.22719e-05,0,1,0.0565101,8.1628,0.645556,1.38997,1,0,0,40,0,,
110,stratified,0,0,2.57693,0.391797,2.38314,0.666934,0.67862,0.668874,8.82228e-05,0,1,0.0561074,8.06131,0.663409,1.33608,1,0,0,40,0,51.5339,48.4661
111,stratified,0,0,1.70183,0.785156,1.83304,0.680219,0.67702,0.679912,8.42509e-05,0,0,0.0557047,8.12895,0.752535,1.16062,1,0,0,40,0,51.6491,48.3509
112,stratified,0,0,1.70201,0.78125,1.82606,0.669844,0.671834,0.674393,8.03579e-05,0.0020458,0,0.055302,,0.803389,1.18851,0.975,0,0,40,0,,
113,stratified,0,0,1.76169,0.751563,1.81509,0.678043,0.675986,0.677704,7.65457e-05,0.00812741,0,0.0548993,9.63984,0.862802,1.27027,1,0,0,40,0,,
114,stratified,0,0,1.8258,0.725781,1.80312,0.679964,0.682899,0.686534,7.28161e-05,0.0180789,0,0.0544966,11.0744,0.932609,1.29262,1,0,0,40,0,52.7095,47.2905
115,stratified,0,0,2.01589,0.644922,1.79097,0.676856,0.685306,0.678808,6.91709e-05,0.0316289,0,0.054094,12.3763,1.09062,1.41855,1,0,0,40,0,51.887,48.113
116,stratified,0,0,2.16602,0.599219,1.79528,0.675942,0.683935,0.677704,6.56117e-05,0.0484078,0,0.0536913,13.7737,1.27502,1.55934,1,0,0,40,0,,
117,stratified,0,0,2.42553,0.529297,1.77675,0.693233,0.683464,0.695364,6.21402e-05,0.0679578,0,0.0532886,16.0572,1.48111,1.64434,1,0,0,40,0,54.3715,45.6285
118,stratified,0,0,2.719,0.473047,1.78177,0.68252,0.678025,0.687638,5.87581e-05,0.0897457,0,0.0528859,17.751,1.72256,1.7645,1,0,0,40,0,,
119,stratified,0,0,3.09656,0.431641,1.76181,0.690915,0.679338,0.698675,5.5467e-05,0.113177,0,0.0524832,20.6733,2.0301,1.88093,1,0,0,40,0,,
120,stratified,0,0,3.44509,0.400391,1.75966,0.679722,0.686388,0.68543,5.22683e-05,0.137613,0,0.0520805,22.8251,2.31826,1.95796,1,0,0,40,0,,
121,stratified,0,0,3.88173,0.3375,1.77033,0.679599,0.682603,0.68543,4.91636e-05,0.162387,0,0.0516779,26.2678,2.64427,2.04492,1,0,0,40,0,,
122,stratified,0,0,4.10995,0.324219,1.6994,0.673112,0.686482,0.679912,4.61544e-05,0.186823,0,0.0512752,28.1466,2.8843,2.09116,1,0,0,40,0,,
123,stratified,0,0,4.57606,0.291797,1.72816,0.674614,0.67891,0.682119,4.3242e-05,0.210254,0,0.0508725,,3.14076,2.166,0.975,0,0,40,0,,
124,stratified,0,0,5.01946,0.257812,1.70094,0.684122,0.683685,0.690949,4.04278e-05,0.232042,0,0.0504698,31.1478,3.21976,2.18479,1,0,0,40,0,,
125,stratified,0,0,5.33643,0.237109,1.70925,0.682362,0.689275,0.688742,3.77132e-05,0.251592,0,0.0500671,32.1083,3.33632,2.22437,1,0,0,40,0,57.0956,42.9044
126,stratified,0,0,5.6595,0.226172,1.7636,0.693001,0.686413,0.697572,3.50995e-05,0.268371,0,0.0496644,34.5282,3.46542,2.26192,1,0,0,40,0,,
127,stratified,0,0,5.73674,0.216797,1.70227,0.6827,0.688801,0.688742,3.25877e-05,0.281921,0,0.0492617,36.5975,3.57314,2.28721,1,0,0,40,0,,
128,stratified,0,0,6.00964,0.216797,1.72412,0.679364,0.690342,0.686534,3.01792e-05,0.291873,0,0.0488591,36.8169,3.59737,2.30414,1,0,0,40,0,,
129,stratified,0,0,6.05886,0.217969,1.72466,0.678753,0.694464,0.689845,2.78751e-05,0.297954,0,0.0484564,41.0544,3.61626,2.29209,1,0,0,40,0,57.5828,42.4172
130,stratified,0,0,5.98279,0.235156,1.73065,0.683145,0.693063,0.690949,2.56764e-05,0.3,0,0.0480537,40.2565,3.60841,2.2652,1,0,0,40,0,,
131,stratified,0,0,5.92943,0.239453,1.7178,0.680028,0.694006,0.689845,2.35841e-05,0.3,0,0.047651,38.3128,3.63617,2.28136,1,0,0,40,0,,
132,stratified,0,0,5.85329,0.241016,1.70301,0.686306,0.691726,0.693157,2.15994e-05,0.3,0,0.0472483,39.9445,3.61102,2.25866,1,0,0,40,0,,
133,stratified,0,0,5.7863,0.249609,1.68145,0.682518,0.692008,0.688742,1.9723e-05,0.3,0,0.0468456,43.89,3.60034,2.24544,1,0,0,40,0,,
134,stratified,0,0,5.75544,0.246875,1.68354,0.678975,0.686705,0.686534,1.79558e-05,0.3,0,0.046443,38.6587,3.61276,2.23488,1,0,0,40,0,,
135,stratified,0,0,5.72692,0.268359,1.6829,0.682796,0.689663,0.690949,1.62988e-05,0.3,0,0.0460403,40.7758,3.62139,2.24281,1,0,0,40,0,,
136,stratified,0,0,5.73974,0.273438,1.67042,0.685762,0.69192,0.693157,1.47526e-05,0.3,0,0.0456376,39.1241,3.59418,2.21321,1,0,0,40,0,,
137,stratified,0,0,5.68087,0.264062,1.68446,0.686859,0.692433,0.693157,1.33181e-05,0.3,0,0.0452349,39.4367,3.63045,2.23404,1,0,0,40,0,,
138,stratified,0,0,5.60123,0.26875,1.65583,0.694693,0.692166,0.701987,1.19958e-05,0.3,0,0.0448322,42.0687,3.60113,2.22005,1,0,0,40,0,59.0851,40.9149
139,stratified,0,0,5.66373,0.271094,1.67603,0.68957,0.693655,0.697572,1.07864e-05,0.3,0,0.0444295,39.8318,3.55152,2.19109,1,0,0,40,0,,
140,stratified,0,0,5.73017,0.275781,1.66909,0.690528,0.6917,0.697572,9.69048e-06,0.3,0,0.0440268,39.6933,3.58654,2.21412,1,0,0,40,0,,
141,stratified,0,0,5.70957,0.270313,1.67208,0.689584,0.69188,0.697572,8.70853e-06,0.3,0,0.0436242,44.9736,3.55876,2.1928,1,0,0,40,0,,
142,stratified,0,0,5.54518,0.275391,1.64841,0.692412,0.692102,0.699779,7.84101e-06,0.3,0,0.0432215,40.1468,3.5696,2.19509,1,0,0,40,0,,
143,stratified,0,0,5.5431,0.279687,1.62482,0.691742,0.692513,0.699779,7.08833e-06,0.3,0,0.0428188,39.9714,3.59108,2.20069,1,0,0,40,0,,
144,stratified,0,0,5.54374,0.290625,1.63311,0.688052,0.690441,0.69426,6.45086e-06,0.3,0,0.0424161,39.2772,3.56216,2.20195,1,0,0,40,0,,
145,stratified,0,0,5.48928,0.2875,1.62374,0.695154,0.692553,0.701987,5.92887e-06,0.3,0,0.0420134,40.3042,3.55923,2.18688,1,0,0,40,0,59.2717,40.7283
146,stratified,0,0,5.44889,0.283203,1.64477,0.692019,0.690025,0.698675,5.52264e-06,0.3,0,0.0416107,38.2535,3.59291,2.18747,1,0,0,40,0,,
147,stratified,0,0,5.49403,0.296875,1.64033,0.693971,0.693515,0.700883,5.23233e-06,0.3,0,0.0412081,39.6317,3.52763,2.1648,1,0,0,40,0,,
148,stratified,0,0,5.72525,0.267578,1.6734,0.69387,0.69251,0.699779,5.05809e-06,0.3,0,0.0408054,38.5552,3.60942,2.20057,1,0,0,40,0,,
149,stratified,0,0,5.49468,0.292578,1.64227,0.690996,0.693381,0.697572,5e-06,0.3,0,0.0404027,41.3971,3.58003,2.18279,1,0,0,40,0,,
150,stratified,0,0,5.33826,0.294141,1.60286,0.69119,0.690633,0.697572,5e-06,0.3,0,0.04,,3.5512,2.16467,0.975,0,0,40,0,59.3157,40.6843
1,stratified,0,1,8.14887,0.0144531,4.49948,0.0259408,0.0246026,0.0684327,0.0002,0,1,0.1,,1.17491,2.32558,0.95,0,0,40,0,0.246117,99.7539
2,stratified,0,1,7.18402,0.0363281,4.49587,0.0611227,0.0630055,0.104857,0.0003,0,1,0.0995973,11.925,1.16478,2.18127,1,0,0,40,0,6.30585,93.6942
3,stratified,0,1,6.92394,0.0355469,4.44477,0.0945074,0.0853584,0.137969,0.0004,0,1,0.0991946,6.43058,1.2078,2.29353,0.875,0,0,40,0,14.487,85.513
4,stratified,0,1,6.64694,0.0636719,4.2914,0.115357,0.142047,0.16777,0.0005,0,1,0.0987919,5.89271,1.09179,2.2531,0.6,0,0,40,0,13.523,86.477
5,stratified,0,1,6.47973,0.0773438,4.25398,0.125888,0.180557,0.166667,0.000499942,0,1,0.0983893,5.2116,0.987929,2.24651,0.525,0,0,40,0,14.0724,85.9276
6,stratified,0,1,6.3847,0.103125,4.22392,0.13124,0.186714,0.178808,0.000499768,0,1,0.0979866,4.65379,0.888969,2.26762,0.225,0,0,40,0,12.0439,87.9561
7,stratified,0,1,6.27324,0.0910156,4.17633,0.155135,0.205442,0.195364,0.000499477,0,1,0.0975839,4.81784,0.81052,2.21946,0.35,0,0,40,0,8.9948,91.0052
8,stratified,0,1,6.1407,0.109375,4.10657,0.145291,0.213184,0.195364,0.000499071,0,1,0.0971812,5.16246,0.773696,2.2362,0.425,0,0,40,0,11.4391,88.5609
9,stratified,0,1,6.08381,0.116797,4.0861,0.194088,0.243251,0.236203,0.000498549,0,1,0.0967785,4.69577,0.723554,2.19977,0.25,0,0,40,0,11.0769,88.9231
10,stratified,0,1,6.09939,0.137891,4.09996,0.210421,0.234367,0.246137,0.000497912,0,1,0.0963758,5.29965,0.707671,2.17356,0.5,0,0,40,0,,
11,stratified,0,1,5.97514,0.0945312,4.04402,0.225231,0.247938,0.278146,0.000497159,0,1,0.0959732,5.01424,0.684236,2.16953,0.425,0,0,40,0,15.662,84.338
12,stratified,0,1,5.90147,0.112109,4.03488,0.209153,0.268359,0.259382,0.000496291,0,1,0.0955705,5.48666,0.691928,2.16557,0.65,0,0,40,0,14.2483,85.7517
13,stratified,0,1,5.84692,0.103516,4.00876,0.253472,0.276209,0.293598,0.00049531,0,1,0.0951678,5.4882,0.667417,2.16777,0.75,0,0,40,0,11.2508,88.7492
14,stratified,0,1,5.81527,0.113672,4.01929,0.231278,0.278511,0.290287,0.000494214,0,1,0.0947651,5.59143,0.657789,2.171,0.6,0,0,40,0,11.9224,88.0776
15,stratified,0,1,5.88454,0.129297,4.03655,0.275382,0.285428,0.31457,0.000493004,0,1,0.0943624,5.54927,0.63725,2.14398,0.7,0,0,40,0,10.6996,89.3004
16,stratified,0,1,5.66034,0.122656,3.94319,0.2778,0.300366,0.316777,0.000491682,0,1,0.0939597,5.8067,0.657101,2.15911,0.7,0,0,40,0,15.0649,84.9351
17,stratified,0,1,5.6095,0.161719,3.95377,0.289105,0.3036,0.330022,0.000490247,0,1,0.093557,6.08306,0.633665,2.10747,0.875,0,0,40,0,16.3895,83.6105
18,stratified,0,1,5.64359,0.114453,3.94074,0.293331,0.325105,0.339956,0.000488701,0,1,0.0931544,5.95007,0.614653,2.09299,0.85,0,0,40,0,12.0904,87.9096
19,stratified,0,1,5.41173,0.124219,3.82181,0.351307,0.339718,0.38521,0.000487044,0,1,0.0927517,6.47719,0.644977,2.09785,0.85,0,0,40,0,12.4907,87.5093
20,stratified,0,1,5.43165,0.166406,3.78561,0.244682,0.365024,0.280353,0.000485277,0,1,0.092349,6.62261,0.625941,2.1033,0.9,0,0,40,0,11.176,88.824
21,stratified,0,1,5.31698,0.167187,3.72494,0.340083,0.35557,0.378587,0.000483401,0,1,0.0919463,6.39244,0.613936,2.02636,0.8,0,0,40,0,,
22,stratified,0,1,5.17117,0.201563,3.65065,0.412428,0.403954,0.443709,0.000481416,0,1,0.0915436,6.33348,0.595955,2.00511,0.9,0,0,40,0,14.5105,85.4895
23,stratified,0,1,5.29005,0.186328,3.68836,0.398253,0.395113,0.430464,0.000479324,0,1,0.0911409,7.08254,0.60634,2.03146,0.975,0,0,40,0,,
24,stratified,0,1,5.17263,0.1875,3.62675,0.343112,0.403832,0.378587,0.000477125,0,1,0.0907383,7.11776,0.611905,1.99982,1,0,0,40,0,,
25,stratified,0,1,4.97398,0.196484,3.54592,0.392116,0.43236,0.413907,0.000474821,0,1,0.0903356,7.65292,0.595334,1.93227,0.975,0,0,40,0,23.1601,76.8399
26,stratified,0,1,4.98461,0.235156,3.54219,0.398892,0.431086,0.428256,0.000472412,0,1,0.0899329,7.76311,0.609574,1.95444,0.975,0,0,40,0,,
27,stratified,0,1,4.76158,0.152344,3.44019,0.438446,0.456132,0.463576,0.000469901,0,1,0.0895302,8.13561,0.624772,1.9123,1,0,0,40,0,33.8511,66.1489
28,stratified,0,1,4.85473,0.224219,3.47995,0.448739,0.484662,0.475717,0.000467287,0,1,0.0891275,7.67483,0.603692,1.93075,0.875,0,0,40,0,33.6133,66.3867
29,stratified,0,1,4.70395,0.284766,3.39017,0.396634,0.457779,0.440397,0.000464572,0,1,0.0887248,8.03078,0.628931,1.93051,0.95,0,0,40,0,,
30,stratified,0,1,4.70679,0.228516,3.41661,0.42201,0.483349,0.444812,0.000461758,0,1,0.0883221,8.03834,0.624168,1.89132,1,0,0,40,0,,
31,stratified,0,1,4.57579,0.222656,3.3222,0.418566,0.503435,0.442605,0.000458846,0,1,0.0879195,7.77662,0.619765,1.88874,0.975,0,0,40,0,35.1355,64.8645
32,stratified,0,1,4.57346,0.233984,3.34045,0.501818,0.490125,0.520971,0.000455836,0,1,0.0875168,8.96939,0.645839,1.90905,1,0,0,40,0,,
33,stratified,0,1,4.71005,0.233984,3.3973,0.471939,0.505308,0.497792,0.000452732,0,1,0.0871141,8.34396,0.592434,1.86745,1,0,0,40,0,35.6865,64.3135
34,stratified,0,1,4.30681,0.229687,3.19496,0.495054,0.513636,0.522075,0.000449533,0,1,0.0867114,9.91031,0.636706,1.78082,1,0,0,40,0,36.343,63.657
35,stratified,0,1,4.45547,0.251172,3.27107,0.501518,0.532057,0.528698,0.000446242,0,1,0.0863087,9.72499,0.638701,1.83665,1,0,0,40,0,32.157,67.843
36,stratified,0,1,4.39927,0.276562,3.26187,0.491206,0.536299,0.513245,0.00044286,0,1,0.085906,9.97181,0.626875,1.83109,1,0,0,40,0,36.1342,63.8658
37,stratified,0,1,4.64717,0.2375,3.36978,0.496064,0.527018,0.522075,0.000439388,0,1,0.0855034,8.66619,0.623725,1.84943,1,0,0,40,0,,
38,stratified,0,1,4.38439,0.199609,3.24412,0.520501,0.55523,0.532009,0.000435829,0,1,0.0851007,10.297,0.627328,1.82742,0.975,0,0,40,0,38.6973,61.3027
39,stratified,0,1,4.40092,0.253125,3.24831,0.483883,0.551745,0.504415,0.000432184,0,1,0.084698,9.11576,0.641866,1.80177,0.975,0,0,40,0,,
40,stratified,0,1,4.08165,0.241016,3.08933,0.464868,0.569217,0.483444,0.000428454,0,1,0.0842953,10.216,0.655289,1.74153,1,0,0,40,0,38.2035,61.7965
41,stratified,0,1,4.13183,0.312109,3.1073,0.502921,0.54879,0.53532,0.000424642,0,1,0.0838926,8.7914,0.649499,1.75423,0.975,0,0,40,0,,
42,stratified,0,1,4.37187,0.285547,3.24383,0.494745,0.553554,0.522075,0.000420749,0,1,0.0834899,9.23994,0.629743,1.78419,1,0,0,40,0,,
43,stratified,0,1,4.24881,0.255469,3.17862,0.534024,0.595197,0.556291,0.000416777,0,1,0.0830872,9.15601,0.631481,1.75894,1,0,0,40,0,41.2722,58.7278
44,stratified,0,1,4.12984,0.227344,3.10486,0.445042,0.592644,0.469095,0.000412728,0,1,0.0826846,9.09315,0.679632,1.74659,1,0,0,40,0,,
45,stratified,0,1,3.98501,0.288672,3.03092,0.53748,0.590376,0.557395,0.000408604,0,1,0.0822819,9.80001,0.670412,1.71148,1,0,0,40,0,,
46,stratified,0,1,4.1665,0.310547,3.1181,0.538611,0.571066,0.560706,0.000404406,0,1,0.0818792,9.18301,0.65361,1.74254,1,0,0,40,0,,
47,stratified,0,1,4.22646,0.291406,3.14337,0.544523,0.546743,0.566225,0.000400137,0,1,0.0814765,10.2129,0.65859,1.76836,0.975,0,0,40,0,,
48,stratified,0,1,4.13806,0.3375,3.12463,0.53575,0.572686,0.567329,0.000395799,0,1,0.0810738,9.79435,0.657207,1.74671,1,0,0,40,0,,
49,stratified,0,1,3.85764,0.28125,2.93627,0.431296,0.53922,0.45585,0.000391394,0,1,0.0806711,9.28763,0.682357,1.71476,1,0,0,40,0,,
50,stratified,0,1,3.96215,0.28125,3.00062,0.534264,0.594502,0.555188,0.000386923,0,1,0.0802685,9.53864,0.66433,1.76108,0.925,0,0,40,0,37.8219,62.1781
51,stratified,0,1,3.89615,0.213281,2.96585,0.555137,0.576367,0.567329,0.000382389,0,1,0.0798658,8.63846,0.648872,1.66356,1,0,0,40,0,,
52,stratified,0,1,3.89967,0.294922,2.94769,0.523152,0.610368,0.548565,0.000377795,0,1,0.0794631,9.80352,0.658183,1.7064,1,0,0,40,0,36.5855,63.4145
53,stratified,0,1,3.58761,0.237109,2.79403,0.568783,0.592607,0.580574,0.000373141,0,1,0.0790604,9.49491,0.679165,1.60114,1,0,0,40,0,,
54,stratified,0,1,3.8995,0.185547,2.9531,0.571792,0.596432,0.594923,0.000368431,0,1,0.0786577,8.68119,0.652683,1.6956,1,0,0,40,0,,
55,stratified,0,1,3.79201,0.220312,2.8943,0.568377,0.587698,0.589404,0.000363667,0,1,0.078255,9.90134,0.669483,1.67418,1,0,0,40,0,,
56,stratified,0,1,3.54697,0.396094,2.75317,0.535521,0.611619,0.549669,0.00035885,0,1,0.0778523,8.69231,0.686722,1.61809,1,0,0,40,0,41.6338,58.3662
57,stratified,0,1,3.99718,0.25,3.02766,0.553006,0.586622,0.57064,0.000353983,0,1,0.0774497,10.1156,0.650826,1.70861,1,0,0,40,0,,
58,stratified,0,1,3.84659,0.385156,2.93994,0.593596,0.621967,0.601545,0.000349069,0,1,0.077047,8.38083,0.63137,1.657,0.975,0,0,40,0,44.4658,55.5342
59,stratified,0,1,3.76408,0.322656,2.89886,0.60123,0.611204,0.612583,0.000344109,0,1,0.0766443,9.1884,0.661119,1.66889,0.95,0,0,40,0,,
60,stratified,0,1,4.03995,0.285547,3.066,0.568567,0.612719,0.590508,0.000339107,0,1,0.0762416,9.13417,0.636241,1.67432,0.95,0,0,40,0,,
61,stratified,0,1,3.57275,0.367578,2.78857,0.585378,0.591294,0.598234,0.000334063,0,1,0.0758389,9.56925,0.651889,1.61319,0.975,0,0,40,0,,
62,stratified,0,1,3.53733,0.315234,2.77016,0.538493,0.606712,0.557395,0.000328982,0,1,0.0754362,8.90031,0.671116,1.59234,1,0,0,40,0,,
63,stratified,0,1,3.55493,0.286328,2.78332,0.540245,0.613716,0.564018,0.000323864,0,1,0.0750336,10.8803,0.693433,1.66241,1,0,0,40,0,,
64,stratified,0,1,3.56409,0.264453,2.79171,0.59492,0.626181,0.607064,0.000318713,0,1,0.0746309,10.6091,0.661337,1.58316,1,0,0,40,0,44.8889,55.1111
65,stratified,0,1,3.57033,0.325,2.80642,0.58927,0.623253,0.59713,0.000313531,0,1,0.0742282,11.2678,0.657938,1.5842,1,0,0,40,0,,
66,stratified,0,1,3.50062,0.35625,2.76499,0.573052,0.635118,0.589404,0.000308321,0,1,0.0738255,9.21086,0.680707,1.57611,1,0,0,40,0,44.0601,55.9399
67,stratified,0,1,3.48129,0.313281,2.74015,0.551174,0.624343,0.569536,0.000303084,0,1,0.0734228,9.44674,0.693348,1.60778,1,0,0,40,0,,
68,stratified,0,1,3.38901,0.260156,2.68846,0.600184,0.598918,0.615894,0.000297823,0,1,0.0730201,8.7416,0.683288,1.58122,1,0,0,40,0,,
69,stratified,0,1,3.51038,0.305078,2.78339,0.614987,0.607227,0.629139,0.000292541,0,1,0.0726174,9.02653,0.661086,1.59834,1,0,0,40,0,,
70,stratified,0,1,3.44233,0.347266,2.72641,0.547618,0.598444,0.567329,0.00028724,0,1,0.0722148,9.70269,0.67168,1.58853,1,0,0,40,0,,
71,stratified,0,1,3.41713,0.24375,2.72458,0.581518,0.626111,0.601545,0.000281923,0,1,0.0718121,9.64316,0.684296,1.56204,1,0,0,40,0,,
72,stratified,0,1,3.35463,0.290625,2.672,0.595712,0.655842,0.612583,0.000276592,0,1,0.0714094,8.75312,0.672275,1.59097,1,0,0,40,0,47.0394,52.9606
73,stratified,0,1,3.38005,0.336719,2.72598,0.616255,0.630756,0.628035,0.00027125,0,1,0.0710067,9.24583,0.6774,1.58387,1,0,0,40,0,,
74,stratified,0,1,3.32594,0.33125,2.67403,0.631762,0.65021,0.634658,0.000265899,0,1,0.070604,8.44406,0.652673,1.49406,1,0,0,40,0,,
75,stratified,0,1,3.17006,0.313672,2.60703,0.637022,0.637977,0.644592,0.000260542,0,1,0.0702013,9.23096,0.691248,1.52209,1,0,0,40,0,47.9731,52.0269
76,stratified,0,1,3.42498,0.308984,2.75875,0.59516,0.617192,0.61479,0.000255181,0,1,0.0697987,8.31065,0.662123,1.53859,1,0,0,40,0,,
77,stratified,0,1,3.29254,0.348438,2.68369,0.582066,0.625466,0.601545,0.000249819,0,1,0.069396,9.74821,0.662921,1.49447,1,0,0,40,0,,
78,stratified,0,1,3.12555,0.266016,2.55607,0.582937,0.655348,0.599338,0.000244458,0,1,0.0689933,8.75112,0.681251,1.51539,1,0,0,40,0,,
79,stratified,0,1,3.30837,0.302344,2.69332,0.634276,0.641161,0.645695,0.000239101,0,1,0.0685906,9.02098,0.64802,1.4894,1,0,0,40,0,,
80,stratified,0,1,3.14361,0.362109,2.57372,0.646188,0.661617,0.656733,0.00023375,0,1,0.0681879,8.49773,0.687421,1.52331,1,0,0,40,0,49.1046,50.8954
81,stratified,0,1,3.31441,0.235937,2.69828,0.631261,0.658185,0.636865,0.000228408,0,1,0.0677852,8.79431,0.668752,1.49816,1,0,0,40,0,,
82,stratified,0,1,3.01738,0.368359,2.51219,0.640223,0.646736,0.655629,0.000223077,0,1,0.0673826,9.25796,0.669912,1.42553,1,0,0,40,0,,
83,stratified,0,1,2.95005,0.330859,2.46377,0.645087,0.659133,0.654525,0.00021776,0,1,0.0669799,9.3647,0.688916,1.4286,1,0,0,40,0,,
84,stratified,0,1,3.18327,0.391797,2.6155,0.633284,0.655748,0.64128,0.000212459,0,1,0.0665772,9.08135,0.664024,1.46828,1,0,0,40,0,,
85,stratified,0,1,3.00215,0.337109,2.50622,0.615998,0.65341,0.633554,0.000207177,0,1,0.0661745,9.3886,0.689828,1.45382,1,0,0,40,0,,
86,stratified,0,1,3.06835,0.395703,2.56498,0.652698,0.662302,0.662252,0.000201916,0,1,0.0657718,9.33094,0.658795,1.44244,1,0,0,40,0,48.7452,51.2548
87,stratified,0,1,2.95276,0.314063,2.47092,0.653336,0.667227,0.663355,0.000196679,0,1,0.0653691,9.83421,0.700748,1.46133,1,0,0,40,0,49.344,50.656
88,stratified,0,1,3.23165,0.342578,2.67322,0.598903,0.676742,0.615894,0.000191469,0,1,0.0649664,8.95871,0.66476,1.50374,1,0,0,40,0,51.1764,48.8236
89,stratified,0,1,2.89937,0.389453,2.45651,0.647255,0.678249,0.654525,0.000186287,0,1,0.0645638,8.31697,0.679768,1.42029,1,0,0,40,0,50.3409,49.6591
90,stratified,0,1,3.11737,0.282422,2.60769,0.650693,0.671384,0.657837,0.000181136,0,1,0.0641611,9.37031,0.64857,1.43031,1,0,0,40,0,,
91,stratified,0,1,2.75028,0.395703,2.36188,0.639606,0.677229,0.65011,0.000176018,0,1,0.0637584,9.67922,0.696823,1.4196,1,0,0,40,0,,
92,stratified,0,1,2.97338,0.405078,2.51335,0.62887,0.686838,0.640177,0.000170937,0,1,0.0633557,8.70363,0.661563,1.40231,1,0,0,40,0,50.8245,49.1755
93,stratified,0,1,2.77414,0.310937,2.39395,0.647922,0.688449,0.655629,0.000165893,0,1,0.062953,8.82817,0.682878,1.42518,1,0,0,40,0,52.0485,47.9515
94,stratified,0,1,2.76566,0.316797,2.38733,0.660684,0.666048,0.669978,0.000160891,0,1,0.0625503,9.26007,0.660692,1.34838,1,0,0,40,0,,
95,stratified,0,1,2.69344,0.326172,2.34125,0.665679,0.667388,0.671082,0.000155931,0,1,0.0621477,8.91206,0.672031,1.35278,1,0,0,40,0,,
96,stratified,0,1,2.92512,0.405078,2.50948,0.661306,0.666493,0.668874,0.000151017,0,1,0.061745,8.95056,0.667499,1.40588,1,0,0,40,0,,
97,stratified,0,1,2.90544,0.364844,2.49482,0.666744,0.67445,0.672185,0.00014615,0,1,0.0613423,8.87397,0.664962,1.42896,1,0,0,40,0,,
98,stratified,0,1,2.76639,0.291797,2.38872,0.646125,0.679558,0.654525,0.000141333,0,1,0.0609396,8.60923,0.6589,1.38481,1,0,0,40,0,,
99,stratified,0,1,2.68846,0.361328,2.34772,0.662314,0.659461,0.665563,0.000136569,0,1,0.0605369,9.61105,0.676037,1.37566,1,0,0,40,0,,
100,stratified,0,1,2.85271,0.3375,2.48533,0.662758,0.673235,0.666667,0.000131859,0,1,0.0601342,9.09423,0.651023,1.33847,1,0,0,40,0,51.1623,48.8378
101,stratified,0,1,2.81644,0.354297,2.4407,0.665671,0.673376,0.6766,0.000127205,0,1,0.0597315,8.5872,0.645508,1.37391,1,0,0,40,0,,
102,stratified,0,1,2.7138,0.274609,2.3876,0.659888,0.666811,0.664459,0.000122611,0,1,0.0593289,9.34526,0.656088,1.37029,1,0,0,40,0,,
103,stratified,0,1,3.01301,0.380859,2.59221,0.661597,0.672838,0.666667,0.000118077,0,1,0.0589262,8.54588,0.633944,1.37167,1,0,0,40,0,,
104,stratified,0,1,2.68351,0.38125,2.35914,0.682626,0.681799,0.687638,0.000113606,0,1,0.0585235,8.38463,0.637261,1.30816,1,0,0,40,0,,
105,stratified,0,1,2.83868,0.413672,2.45997,0.630994,0.664372,0.64128,0.000109201,0,1,0.0581208,8.92216,0.658537,1.38201,1,0,0,40,0,,
106,stratified,0,1,2.80467,0.418359,2.46507,0.668013,0.68454,0.672185,0.000104863,0,1,0.0577181,9.05189,0.64798,1.36365,1,0,0,40,0,,
107,stratified,0,1,2.60963,0.380859,2.32568,0.667948,0.687137,0.673289,0.000100594,0,1,0.0573154,8.39628,0.651846,1.31544,1,0,0,40,0,,
108,stratified,0,1,2.87591,0.378906,2.51005,0.679365,0.676572,0.679912,9.63962e-05,0,1,0.0569128,8.91489,0.65502,1.40704,1,0,0,40,0,,
109,stratified,0,1,2.78703,0.439063,2.45379,0.658934,0.684956,0.668874,9.22719e-05,0,1,0.0565101,8.8249,0.634936,1.33412,1,0,0,40,0,,
110,stratified,0,1,2.52053,0.357812,2.29302,0.670513,0.673939,0.678808,8.82228e-05,0,1,0.0561074,9.00953,0.65013,1.26116,1,0,0,40,0,,
111,stratified,0,1,1.57305,0.80625,1.64725,0.698338,0.697157,0.699779,8.42509e-05,0,0,0.0557047,10.196,0.730266,1.12683,1,0,0,40,0,55.9939,44.0061
112,stratified,0,1,1.58012,0.804688,1.64632,0.691378,0.690249,0.689845,8.03579e-05,0.0020458,0,0.055302,,0.782018,1.12761,1,0,0,40,0,,
113,stratified,0,1,1.57919,0.800391,1.6247,0.682791,0.692008,0.687638,7.65457e-05,0.00812741,0,0.0548993,10.5594,0.818947,1.16362,1,0,0,40,0,,
114,stratified,0,1,1.70144,0.750781,1.61679,0.684519,0.689785,0.684327,7.28161e-05,0.0180789,0,0.0544966,12.8535,0.908705,1.2243,1,0,0,40,0,,
115,stratified,0,1,1.76306,0.709766,1.5863,0.687797,0.692084,0.690949,6.91709e-05,0.0316289,0,0.054094,14.0831,1.04952,1.3353,1,0,0,40,0,,
116,stratified,0,1,1.95742,0.651953,1.59603,0.69607,0.692648,0.696468,6.56117e-05,0.0484078,0,0.0536913,14.6519,1.22419,1.43821,1,0,0,40,0,,
117,stratified,0,1,2.14847,0.603125,1.56637,0.702191,0.692762,0.704194,6.21402e-05,0.0679578,0,0.0532886,16.5023,1.44868,1.55369,1,0,0,40,0,60.216,39.784
118,stratified,0,1,2.50225,0.528516,1.57919,0.71263,0.69342,0.714128,5.87581e-05,0.0897457,0,0.0528859,,1.7178,1.69083,1,0,0,40,0,60.4838,39.5162
119,stratified,0,1,2.69978,0.501563,1.5428,0.695207,0.697455,0.698675,5.5467e-05,0.113177,0,0.0524832,22.0923,2.00459,1.78747,1,0,0,40,0,,
120,stratified,0,1,3.09808,0.429688,1.55715,0.705795,0.695482,0.707506,5.22683e-05,0.137613,0,0.0520805,27.4671,2.33794,1.89728,1,0,0,40,0,,
121,stratified,0,1,3.40403,0.421094,1.52848,0.702233,0.700945,0.708609,4.91636e-05,0.162387,0,0.0516779,29.666,2.64811,1.95404,1,0,0,40,0,,
122,stratified,0,1,3.72576,0.374219,1.52537,0.688095,0.701098,0.696468,4.61544e-05,0.186823,0,0.0512752,32.7954,2.93608,2.02637,1,0,0,40,0,,
123,stratified,0,1,4.16996,0.343359,1.5319,0.715222,0.701122,0.718543,4.3242e-05,0.210254,0,0.0508725,34.7434,3.13447,2.06761,1,0,0,40,0,63.3682,36.6318
124,stratified,0,1,4.30951,0.323437,1.50304,0.703761,0.704321,0.710817,4.04278e-05,0.232042,0,0.0504698,36.6222,3.28554,2.1125,1,0,0,40,0,,
125,stratified,0,1,4.74673,0.286328,1.51821,0.709595,0.702933,0.714128,3.77132e-05,0.251592,0,0.0500671,,3.43759,2.16087,1,0,0,40,0,62.9592,37.0408
126,stratified,0,1,5.04372,0.284766,1.51252,0.70739,0.706882,0.715232,3.50995e-05,0.268371,0,0.0496644,43.4081,3.51045,2.18216,1,0,0,40,0,,
127,stratified,0,1,5.19089,0.270313,1.50127,0.717001,0.706585,0.719647,3.25877e-05,0.281921,0,0.0492617,40.5297,3.57994,2.2251,1,0,0,40,0,63.4811,36.5189
128,stratified,0,1,5.2549,0.262891,1.48751,0.71682,0.702919,0.721854,3.01792e-05,0.291873,0,0.0488591,44.2747,3.65016,2.22905,1,0,0,40,0,,
129,stratified,0,1,5.41329,0.265234,1.51189,0.711471,0.709583,0.716336,2.78751e-05,0.297954,0,0.0484564,42.6141,3.66839,2.22085,1,0,0,40,0,,
130,stratified,0,1,5.23871,0.29375,1.46868,0.707922,0.708616,0.713024,2.56764e-05,0.3,0,0.0480537,42.0037,3.68243,2.21213,1,0,0,40,0,,
131,stratified,0,1,5.11862,0.287109,1.48187,0.710566,0.706371,0.714128,2.35841e-05,0.3,0,0.047651,44.9063,3.67721,2.20169,1,0,0,40,0,,
132,stratified,0,1,5.14477,0.294531,1.47727,0.713092,0.707236,0.717439,2.15994e-05,0.3,0,0.0472483,46.2577,3.65648,2.18695,1,0,0,40,0,,
133,stratified,0,1,5.25577,0.29375,1.49646,0.718229,0.710898,0.721854,1.9723e-05,0.3,0,0.0468456,45.9755,3.6361,2.18287,1,0,0,40,0,65.3389,34.6611
134,stratified,0,1,5.16734,0.302344,1.47882,0.709316,0.708862,0.715232,1.79558e-05,0.3,0,0.046443,44.9845,3.67942,2.18278,1,0,0,40,0,,
135,stratified,0,1,5.1357,0.317578,1.47274,0.710315,0.708363,0.714128,1.62988e-05,0.3,0,0.0460403,43.1085,3.65572,2.16592,1,0,0,40,0,,
136,stratified,0,1,5.12513,0.307812,1.48003,0.715457,0.714975,0.718543,1.47526e-05,0.3,0,0.0456376,45.8775,3.65007,2.16716,1,0,0,40,0,,
137,stratified,0,1,4.91188,0.321875,1.4285,0.714338,0.717219,0.719647,1.33181e-05,0.3,0,0.0452349,45.099,3.62771,2.15161,1,0,0,40,0,,
138,stratified,0,1,5.03242,0.3125,1.47459,0.712852,0.714175,0.717439,1.19958e-05,0.3,0,0.0448322,47.68,3.59911,2.13465,1,0,0,40,0,,
139,stratified,0,1,4.98114,0.330469,1.4403,0.705064,0.714519,0.709713,1.07864e-05,0.3,0,0.0444295,45.5205,3.5654,2.12314,1,0,0,40,0,,
140,stratified,0,1,4.90418,0.327734,1.42721,0.71384,0.709826,0.718543,9.69048e-06,0.3,0,0.0440268,45.9636,3.55313,2.10119,1,0,0,40,0,,
141,stratified,0,1,4.9219,0.332422,1.44208,0.714755,0.709564,0.718543,8.70853e-06,0.3,0,0.0436242,47.129,3.58665,2.12502,1,0,0,40,0,,
142,stratified,0,1,4.91254,0.323437,1.43302,0.711385,0.715292,0.714128,7.84101e-06,0.3,0,0.0432215,43.9181,3.60449,2.13943,1,0,0,40,0,,
143,stratified,0,1,4.92988,0.331641,1.43261,0.708462,0.713472,0.713024,7.08833e-06,0.3,0,0.0428188,47.2286,3.60459,2.13751,1,0,0,40,0,,
144,stratified,0,1,4.96198,0.338281,1.43673,0.714033,0.713625,0.717439,6.45086e-06,0.3,0,0.0424161,56.6629,3.55281,2.10507,1,0,0,40,0,,
145,stratified,0,1,4.89785,0.328125,1.42673,0.708635,0.716954,0.711921,5.92887e-06,0.3,0,0.0420134,47.0622,3.59027,2.12711,1,0,0,40,0,,
146,stratified,0,1,4.91954,0.351172,1.43068,0.715767,0.714602,0.719647,5.52264e-06,0.3,0,0.0416107,46.6798,3.54843,2.09599,1,0,0,40,0,,
147,stratified,0,1,5.13576,0.327734,1.44834,0.718844,0.718377,0.721854,5.23233e-06,0.3,0,0.0412081,,3.56662,2.10431,0.975,0,0,40,0,67.1695,32.8305
148,stratified,0,1,4.81754,0.346484,1.41654,0.714054,0.715905,0.717439,5.05809e-06,0.3,0,0.0408054,51.2644,3.60651,2.11419,1,0,0,40,0,,
149,stratified,0,1,4.78251,0.360547,1.39511,0.716056,0.714206,0.718543,5e-06,0.3,0,0.0404027,45.9035,3.57385,2.09561,1,0,0,40,0,,
150,stratified,0,1,4.82607,0.339453,1.43522,0.714027,0.718397,0.717439,5e-06,0.3,0,0.04,44.3305,3.58445,2.0999,1,0,0,40,0,67.4365,32.5635
1,stratified,0,2,8.1035,0.01875,4.49964,0.0127952,0.0142219,0.0430464,0.0002,0,1,0.1,,1.16919,2.33463,0.9,0,0,40,0,0.183553,99.8164
2,stratified,0,2,7.22657,0.0316406,4.49903,0.0649909,0.0704161,0.104857,0.0003,0,1,0.0995973,12.4733,1.15496,2.19912,1,0,0,40,0,3.45203,96.548
3,stratified,0,2,6.93833,0.0492187,4.49758,0.0815618,0.0933801,0.131347,0.0004,0,1,0.0991946,6.39647,1.17841,2.21952,0.95,0,0,40,0,10.5268,89.4732
4,stratified,0,2,6.73596,0.0578125,4.45927,0.111577,0.136701,0.164459,0.0005,0,1,0.0987919,5.09612,1.1204,2.26698,0.625,0,0,40,0,6.56204,93.438
5,stratified,0,2,6.52908,0.0550781,4.3051,0.137194,0.177257,0.188742,0.000499942,0,1,0.0983893,4.77188,0.971796,2.25178,0.2,0,0,40,0,8.06502,91.935
6,stratified,0,2,6.35342,0.0777344,4.2233,0.158825,0.188912,0.213024,0.000499768,0,1,0.0979866,5.04184,0.908039,2.26664,0.45,0,0,40,0,11.4864,88.5136
7,stratified,0,2,6.32143,0.0859375,4.18217,0.168221,0.208141,0.219647,0.000499477,0,1,0.0975839,4.62804,0.809721,2.23533,0.25,0,0,40,0,7.45121,92.5488
8,stratified,0,2,6.18794,0.103125,4.1292,0.188116,0.231607,0.217439,0.000499071,0,1,0.0971812,5.22829,0.766413,2.22473,0.525,0,0,40,0,8.7013,91.2987
9,stratified,0,2,6.14383,0.0890625,4.11286,0.216304,0.236233,0.257174,0.000498549,0,1,0.0967785,4.80899,0.706304,2.15484,0.325,0,0,40,0,13.4479,86.5521
10,stratified,0,2,5.95053,0.114062,4.05719,0.220069,0.264879,0.262693,0.000497912,0,1,0.0963758,5.02284,0.70701,2.17347,0.425,0,0,40,0,13.6005,86.3995
11,stratified,0,2,6.02074,0.0875,4.09167,0.204663,0.282545,0.254967,0.000497159,0,1,0.0959732,5.38472,0.69736,2.16347,0.525,0,0,40,0,13.2876,86.7124
12,stratified,0,2,5.87318,0.124609,4.02612,0.240835,0.27293,0.283664,0.000496291,0,1,0.0955705,5.78239,0.686638,2.1949,0.725,0,0,40,0,,
13,stratified,0,2,5.79221,0.111719,4.02481,0.227358,0.31457,0.279249,0.00049531,0,1,0.0951678,5.9138,0.683376,2.209,0.75,0,0,40,0,10.1241,89.8759
14,stratified,0,2,5.76155,0.160547,4.00488,0.272327,0.295126,0.313466,0.000494214,0,1,0.0947651,5.57988,0.660201,2.13938,0.575,0,0,40,0,,
15,stratified,0,2,5.82943,0.149609,4.0283,0.26692,0.303943,0.312362,0.000493004,0,1,0.0943624,5.69503,0.651483,2.1517,0.775,0,0,40,0,,
16,stratified,0,2,5.44884,0.166016,3.89538,0.307254,0.323219,0.342163,0.000491682,0,1,0.0939597,5.57175,0.644446,2.07715,0.7,0,0,40,0,12.1872,87.8128
17,stratified,0,2,5.50087,0.182031,3.86061,0.305938,0.315664,0.343267,0.000490247,0,1,0.093557,6.23713,0.640518,2.0765,0.925,0,0,40,0,,
18,stratified,0,2,5.44516,0.139453,3.79617,0.340491,0.350329,0.364238,0.000488701,0,1,0.0931544,6.3074,0.638737,2.11681,0.825,0,0,40,0,15.4744,84.5256
19,stratified,0,2,5.39355,0.136328,3.74383,0.356899,0.367692,0.392936,0.000487044,0,1,0.0927517,6.15295,0.625576,2.08625,0.825,0,0,40,0,18.6735,81.3265
20,stratified,0,2,5.37767,0.183984,3.7432,0.342667,0.392371,0.381898,0.000485277,0,1,0.092349,6.02822,0.618497,2.06164,0.875,0,0,40,0,23.8965,76.1035
21,stratified,0,2,5.17226,0.130469,3.63792,0.3543,0.396268,0.384106,0.000483401,0,1,0.0919463,6.69869,0.619236,2.0207,0.925,0,0,40,0,21.7571,78.2429
22,stratified,0,2,4.98569,0.111719,3.57406,0.400739,0.406882,0.437086,0.000481416,0,1,0.0915436,6.46249,0.617674,1.98273,0.875,0,0,40,0,21.4431,78.5569
23,stratified,0,2,5.10477,0.221484,3.61125,0.413181,0.39836,0.450331,0.000479324,0,1,0.0911409,7.22213,0.618963,2.03291,0.925,0,0,40,0,24.4977,75.5023
24,stratified,0,2,5.05385,0.192188,3.593,0.353836,0.438698,0.391832,0.000477125,0,1,0.0907383,6.73597,0.598217,1.93699,0.9,0,0,40,0,25.5509,74.4491
25,stratified,0,2,4.77607,0.203906,3.44681,0.35888,0.458351,0.38521,0.000474821,0,1,0.0903356,7.38931,0.638368,1.95015,0.975,0,0,40,0,25.5182,74.4818
26,stratified,0,2,4.915,0.212109,3.48798,0.370713,0.461015,0.391832,0.000472412,0,1,0.0899329,6.78378,0.608719,1.93968,1,0,0,40,0,29.8111,70.1889
27,stratified,0,2,4.90542,0.210156,3.49195,0.429293,0.441793,0.452539,0.000469901,0,1,0.0895302,7.20401,0.601144,1.92468,0.95,0,0,40,0,,
28,stratified,0,2,4.80573,0.109766,3.44614,0.43967,0.481031,0.47351,0.000467287,0,1,0.0891275,7.05208,0.603047,1.91243,0.925,0,0,40,0,27.273,72.7269
29,stratified,0,2,4.78013,0.185938,3.43852,0.432139,0.476302,0.467991,0.000464572,0,1,0.0887248,7.36866,0.624427,1.9134,0.975,0,0,40,0,,
30,stratified,0,2,4.90463,0.180469,3.48293,0.421871,0.445457,0.459161,0.000461758,0,1,0.0883221,7.1169,0.615514,1.93953,0.9,0,0,40,0,,
31,stratified,0,2,4.6565,0.214062,3.36429,0.342564,0.47044,0.37638,0.000458846,0,1,0.0879195,7.65707,0.635895,1.92458,0.95,0,0,40,0,,
32,stratified,0,2,4.83387,0.192188,3.45885,0.424249,0.500503,0.465784,0.000455836,0,1,0.0875168,6.94457,0.619651,1.95543,0.95,0,0,40,0,37.5346,62.4654
33,stratified,0,2,4.38881,0.234766,3.22402,0.441881,0.50696,0.466887,0.000452732,0,1,0.0871141,7.55543,0.631021,1.80358,1,0,0,40,0,39.9195,60.0806
34,stratified,0,2,4.65868,0.247266,3.37149,0.462982,0.507739,0.497792,0.000449533,0,1,0.0867114,7.17473,0.616184,1.87636,0.95,0,0,40,0,35.0255,64.9745
35,stratified,0,2,4.42857,0.188281,3.26025,0.508461,0.502437,0.523179,0.000446242,0,1,0.0863087,8.68333,0.640457,1.87593,1,0,0,40,0,39.1459,60.8541
36,stratified,0,2,4.52493,0.214844,3.30127,0.458686,0.539522,0.48234,0.00044286,0,1,0.085906,7.33338,0.611578,1.81618,1,0,0,40,0,39.4986,60.5014
37,stratified,0,2,4.30836,0.198828,3.20559,0.515705,0.534025,0.533113,0.000439388,0,1,0.0855034,8.3561,0.64648,1.83682,1,0,0,40,0,,
38,stratified,0,2,4.19091,0.264844,3.12498,0.454173,0.5736,0.472406,0.000435829,0,1,0.0851007,7.6999,0.646532,1.81383,1,0,0,40,0,33.6945,66.3055
39,stratified,0,2,4.46778,0.239453,3.27374,0.366596,0.55285,0.406181,0.000432184,0,1,0.084698,7.63461,0.615547,1.80378,0.95,0,0,40,0,,
40,stratified,0,2,4.45486,0.176563,3.2728,0.451607,0.559545,0.481236,0.000428454,0,1,0.0842953,7.51769,0.630226,1.83573,1,0,0,40,0,,
41,stratified,0,2,4.32933,0.248438,3.22556,0.501358,0.560901,0.525386,0.000424642,0,1,0.0838926,7.59416,0.635885,1.74682,0.925,0,0,40,0,,
42,stratified,0,2,4.49337,0.236328,3.29918,0.489945,0.579389,0.518764,0.000420749,0,1,0.0834899,7.6694,0.613443,1.79613,0.95,0,0,40,0,34.5722,65.4278
43,stratified,0,2,4.34517,0.224609,3.21008,0.533748,0.587925,0.551876,0.000416777,0,1,0.0830872,8.0856,0.629916,1.774,0.95,0,0,40,0,32.3096,67.6904
44,stratified,0,2,4.3685,0.184766,3.24516,0.522683,0.564077,0.541943,0.000412728,0,1,0.0826846,7.79168,0.622209,1.75675,1,0,0,40,0,,
45,stratified,0,2,4.38978,0.251172,3.22835,0.521706,0.577555,0.54415,0.000408604,0,1,0.0822819,7.54333,0.621899,1.76844,0.9,0,0,40,0,,
46,stratified,0,2,4.17999,0.311719,3.12149,0.557064,0.573489,0.577263,0.000404406,0,1,0.0818792,7.76733,0.640968,1.74523,1,0,0,40,0,,
47,stratified,0,2,3.9538,0.294922,3.03448,0.480352,0.582123,0.50883,0.000400137,0,1,0.0814765,8.81783,0.673614,1.70925,1,0,0,40,0,,
48,stratified,0,2,4.24911,0.278516,3.17303,0.490155,0.598724,0.515453,0.000395799,0,1,0.0810738,7.7859,0.634481,1.73598,0.95,0,0,40,0,37.3464,62.6536
49,stratified,0,2,4.01898,0.297266,3.05428,0.501569,0.603346,0.518764,0.000391394,0,1,0.0806711,7.84762,0.652314,1.74966,0.975,0,0,40,0,35.715,64.285
50,stratified,0,2,4.09604,0.244531,3.09304,0.556645,0.57427,0.571744,0.000386923,0,1,0.0802685,8.39984,0.629327,1.70727,0.95,0,0,40,0,34.8545,65.1455
51,stratified,0,2,3.86571,0.264844,2.96281,0.552414,0.591911,0.576159,0.000382389,0,1,0.0798658,8.87744,0.666534,1.69235,0.975,0,0,40,0,,
52,stratified,0,2,4.30253,0.301172,3.22014,0.492337,0.556872,0.523179,0.000377795,0,1,0.0794631,7.99839,0.617094,1.7241,1,0,0,40,0,,
53,stratified,0,2,3.84898,0.258984,2.96831,0.583734,0.600634,0.602649,0.000373141,0,1,0.0790604,7.76804,0.654552,1.66557,0.975,0,0,40,0,,
54,stratified,0,2,3.82433,0.28125,2.94174,0.519848,0.604904,0.53532,0.000368431,0,1,0.0786577,8.79187,0.666671,1.66308,0.975,0,0,40,0,41.8996,58.1004
55,stratified,0,2,3.71162,0.251172,2.87586,0.529987,0.60142,0.555188,0.000363667,0,1,0.078255,8.83644,0.662166,1.59268,0.975,0,0,40,0,,
56,stratified,0,2,3.90854,0.254688,2.9956,0.569241,0.615852,0.576159,0.00035885,0,1,0.0778523,8.26463,0.653794,1.70286,0.925,0,0,40,0,40.8038,59.1962
57,stratified,0,2,4.01456,0.253125,3.05744,0.57467,0.609538,0.593819,0.000353983,0,1,0.0774497,8.36083,0.629831,1.6592,1,0,0,40,0,,
58,stratified,0,2,3.57997,0.294922,2.82027,0.527009,0.613554,0.547461,0.000349069,0,1,0.077047,8.51365,0.689545,1.62744,0.975,0,0,40,0,,
59,stratified,0,2,3.40608,0.186328,2.70994,0.588419,0.611823,0.601545,0.000344109,0,1,0.0766443,9.43198,0.674842,1.56818,1,0,0,40,0,,
60,stratified,0,2,3.59063,0.292969,2.82445,0.570391,0.626406,0.596026,0.000339107,0,1,0.0762416,9.191,0.682353,1.6375,1,0,0,40,0,45.7747,54.2253
61,stratified,0,2,3.4689,0.424219,2.74491,0.580096,0.617721,0.598234,0.000334063,0,1,0.0758389,8.80538,0.678581,1.5993,1,0,0,40,0,,
62,stratified,0,2,3.59968,0.29375,2.82384,0.557282,0.621348,0.57947,0.000328982,0,1,0.0754362,9.01881,0.679783,1.65371,1,0,0,40,0,,
63,stratified,0,2,3.72904,0.2625,2.91003,0.579607,0.624494,0.594923,0.000323864,0,1,0.0750336,9.14878,0.677801,1.63648,1,0,0,40,0,,
64,stratified,0,2,3.61811,0.329297,2.84684,0.56272,0.60998,0.569536,0.000318713,0,1,0.0746309,8.52175,0.655568,1.63668,0.975,0,0,40,0,,
65,stratified,0,2,3.4334,0.327734,2.73023,0.539996,0.636366,0.56181,0.000313531,0,1,0.0742282,9.27568,0.660675,1.56479,1,0,0,40,0,45.6855,54.3145
66,stratified,0,2,3.534,0.214062,2.79623,0.59669,0.644262,0.621413,0.000308321,0,1,0.0738255,9.45917,0.68431,1.61688,1,0,0,40,0,46.5377,53.4623
67,stratified,0,2,3.62141,0.336328,2.84144,0.558466,0.627455,0.57947,0.000303084,0,1,0.0734228,8.22913,0.667923,1.63006,0.975,0,0,40,0,,
68,stratified,0,2,3.51192,0.21875,2.8011,0.557457,0.629579,0.573951,0.000297823,0,1,0.0730201,9.37944,0.67747,1.6028,0.95,0,0,40,0,,
69,stratified,0,2,3.75725,0.280859,2.92765,0.569384,0.614059,0.582781,0.000292541,0,1,0.0726174,8.32329,0.648856,1.6155,1,0,0,40,0,,
70,stratified,0,2,3.20189,0.298047,2.6078,0.605097,0.636239,0.62362,0.00028724,0,1,0.0722148,8.30672,0.705058,1.54405,1,0,0,40,0,,
71,stratified,0,2,3.44484,0.356641,2.75352,0.602224,0.637601,0.610375,0.000281923,0,1,0.0718121,8.78805,0.674877,1.58633,1,0,0,40,0,,
72,stratified,0,2,3.37034,0.308203,2.72112,0.606997,0.635537,0.62362,0.000276592,0,1,0.0714094,9.28725,0.689353,1.61196,1,0,0,40,0,,
73,stratified,0,2,3.35555,0.287891,2.70617,0.602402,0.632547,0.609272,0.00027125,0,1,0.0710067,8.20106,0.656909,1.5103,1,0,0,40,0,,
74,stratified,0,2,3.50746,0.331641,2.81499,0.524452,0.62586,0.54415,0.000265899,0,1,0.070604,8.38413,0.684946,1.62059,1,0,0,40,0,,
75,stratified,0,2,3.23912,0.235937,2.67508,0.616511,0.624102,0.625828,0.000260542,0,1,0.0702013,9.46032,0.673534,1.52057,1,0,0,40,0,48.7372,51.2628
76,stratified,0,2,3.38333,0.292969,2.74949,0.592767,0.631382,0.607064,0.000255181,0,1,0.0697987,8.32485,0.662481,1.50875,0.975,0,0,40,0,,
77,stratified,0,2,3.20572,0.326172,2.63732,0.594817,0.647714,0.602649,0.000249819,0,1,0.069396,8.72632,0.693286,1.53714,1,0,0,40,0,48.0738,51.9262
78,stratified,0,2,3.03818,0.323047,2.53573,0.597552,0.638203,0.608168,0.000244458,0,1,0.0689933,8.938,0.69397,1.44823,1,0,0,40,0,,
79,stratified,0,2,3.46939,0.362109,2.79675,0.626149,0.613358,0.642384,0.000239101,0,1,0.0685906,8.74348,0.669195,1.56397,1,0,0,40,0,,
80,stratified,0,2,2.94497,0.389844,2.47599,0.632116,0.603552,0.644592,0.00023375,0,1,0.0681879,9.04242,0.699709,1.44708,1,0,0,40,0,,
81,stratified,0,2,3.3223,0.288281,2.72343,0.608745,0.645996,0.62362,0.000228408,0,1,0.0677852,8.0798,0.669469,1.49255,1,0,0,40,0,,
82,stratified,0,2,3.37091,0.319141,2.74035,0.629874,0.641327,0.639073,0.000223077,0,1,0.0673826,7.90187,0.646386,1.52287,0.975,0,0,40,0,,
83,stratified,0,2,2.97779,0.333203,2.51477,0.608036,0.644911,0.624724,0.00021776,0,1,0.0669799,8.76236,0.688216,1.44801,1,0,0,40,0,,
84,stratified,0,2,2.96342,0.328125,2.51999,0.573058,0.639471,0.593819,0.000212459,0,1,0.0665772,9.46404,0.682847,1.4492,1,0,0,40,0,,
85,stratified,0,2,3.15772,0.408984,2.64256,0.628557,0.646886,0.633554,0.000207177,0,1,0.0661745,8.18525,0.679483,1.46028,1,0,0,40,0,,
86,stratified,0,2,3.50448,0.313672,2.83973,0.58177,0.624081,0.602649,0.000201916,0,1,0.0657718,8.10844,0.664149,1.59157,1,0,0,40,0,,
87,stratified,0,2,3.03768,0.351172,2.5525,0.641645,0.634783,0.651214,0.000196679,0,1,0.0653691,7.92463,0.675402,1.46742,0.975,0,0,40,0,,
88,stratified,0,2,3.17953,0.298438,2.66338,0.634891,0.63866,0.649007,0.000191469,0,1,0.0649664,8.20719,0.667756,1.48283,0.975,0,0,40,0,,
89,stratified,0,2,2.90193,0.368359,2.4834,0.645423,0.639038,0.655629,0.000186287,0,1,0.0645638,8.71639,0.690708,1.41327,1,0,0,40,0,,
90,stratified,0,2,3.21966,0.369141,2.68554,0.62385,0.658664,0.639073,0.000181136,0,1,0.0641611,8.83769,0.653837,1.51579,1,0,0,40,0,51.9643,48.0357
91,stratified,0,2,3.20065,0.272266,2.67893,0.623955,0.636574,0.639073,0.000176018,0,1,0.0637584,8.70711,0.657323,1.4896,1,0,0,40,0,,
92,stratified,0,2,3.10288,0.326172,2.62225,0.594918,0.643173,0.611479,0.000170937,0,1,0.0633557,9.34095,0.683867,1.52473,1,0,0,40,0,,
93,stratified,0,2,3.19078,0.349219,2.67616,0.631024,0.624641,0.64128,0.000165893,0,1,0.062953,8.66822,0.660799,1.4836,1,0,0,40,0,,
94,stratified,0,2,2.93153,0.409766,2.51933,0.637736,0.645331,0.646799,0.000160891,0,1,0.0625503,8.42006,0.655864,1.39072,1,0,0,40,0,,
95,stratified,0,2,2.74758,0.295312,2.409,0.633787,0.645591,0.643488,0.000155931,0,1,0.0621477,8.44465,0.673686,1.36644,1,0,0,40,0,,
96,stratified,0,2,3.02986,0.330078,2.57966,0.617917,0.645125,0.631347,0.000151017,0,1,0.061745,8.87532,0.68335,1.49213,1,0,0,40,0,,
97,stratified,0,2,2.87613,0.347266,2.48374,0.660233,0.64691,0.669978,0.00014615,0,1,0.0613423,8.588,0.654136,1.38537,1,0,0,40,0,50.4495,49.5505
98,stratified,0,2,2.85601,0.387109,2.49658,0.662112,0.650912,0.669978,0.000141333,0,1,0.0609396,8.60379,0.67161,1.37574,0.975,0,0,40,0,49.7695,50.2305
99,stratified,0,2,2.86144,0.360938,2.49458,0.657774,0.655439,0.66777,0.000136569,0,1,0.0605369,8.28978,0.660615,1.38291,1,0,0,40,0,,
100,stratified,0,2,2.94026,0.473438,2.55251,0.652967,0.661928,0.664459,0.000131859,0,1,0.0601342,8.52239,0.658636,1.41851,1,0,0,40,0,50.6741,49.3259
101,stratified,0,2,2.59258,0.330859,2.32257,0.664921,0.661089,0.669978,0.000127205,0,1,0.0597315,9.40158,0.669836,1.31001,1,0,0,40,0,50.8961,49.1039
102,stratified,0,2,3.03902,0.360156,2.62145,0.644631,0.644218,0.656733,0.000122611,0,1,0.0593289,8.71015,0.660921,1.40683,1,0,0,40,0,,
103,stratified,0,2,3.03968,0.399219,2.62207,0.650477,0.654244,0.662252,0.000118077,0,1,0.0589262,7.97964,0.656337,1.44455,1,0,0,40,0,,
104,stratified,0,2,2.73197,0.375781,2.4115,0.671994,0.663073,0.6766,0.000113606,0,1,0.0585235,8.70722,0.656817,1.37702,0.975,0,0,40,0,52.197,47.803
105,stratified,0,2,2.81676,0.312109,2.49578,0.643731,0.654531,0.655629,0.000109201,0,1,0.0581208,8.48203,0.671485,1.39967,1,0,0,40,0,,
106,stratified,0,2,2.90003,0.390234,2.54548,0.655061,0.659431,0.665563,0.000104863,0,1,0.0577181,8.43432,0.650312,1.40932,1,0,0,40,0,,
107,stratified,0,2,2.55231,0.4875,2.31204,0.655383,0.664276,0.666667,0.000100594,0,1,0.0573154,8.69287,0.665544,1.31552,1,0,0,40,0,,
108,stratified,0,2,2.88658,0.330469,2.54588,0.644963,0.657193,0.653422,9.63962e-05,0,1,0.0569128,8.38085,0.656512,1.39585,1,0,0,40,0,,
109,stratified,0,2,2.74423,0.491797,2.44934,0.652848,0.666004,0.662252,9.22719e-05,0,1,0.0565101,7.82719,0.639303,1.32872,0.975,0,0,40,0,,
110,stratified,0,2,2.78873,0.332031,2.49885,0.640013,0.656985,0.652318,8.82228e-05,0,1,0.0561074,8.18678,0.659231,1.36228,1,0,0,40,0,,
111,stratified,0,2,1.63174,0.800391,1.73648,0.660154,0.675666,0.664459,8.42509e-05,0,0,0.0557047,10.2879,0.742653,1.16373,1,0,0,40,0,57.4777,42.5223
112,stratified,0,2,1.61978,0.804688,1.71641,0.661621,0.68155,0.66777,8.03579e-05,0.0020458,0,0.055302,9.68257,0.784434,1.14131,1,0,0,40,0,57.3612,42.6388
113,stratified,0,2,1.6824,0.771875,1.70641,0.677781,0.684651,0.682119,7.65457e-05,0.00812741,0,0.0548993,10.471,0.833295,1.19814,1,0,0,40,0,56.8875,43.1125
114,stratified,0,2,1.75109,0.736719,1.68521,0.687431,0.677057,0.690949,7.28161e-05,0.0180789,0,0.0544966,12.4689,0.939453,1.30144,1,0,0,40,0,56.944,43.056
115,stratified,0,2,1.9004,0.682422,1.67804,0.681218,0.669086,0.683223,6.91709e-05,0.0316289,0,0.054094,12.4348,1.04014,1.36726,1,0,0,40,0,,
116,stratified,0,2,2.08628,0.617969,1.67785,0.684163,0.681092,0.688742,6.56117e-05,0.0484078,0,0.0536913,15.0177,1.22982,1.48832,1,0,0,40,0,,
117,stratified,0,2,2.32362,0.551953,1.66039,0.669182,0.687689,0.679912,6.21402e-05,0.0679578,0,0.0532886,17.3868,1.44964,1.6148,1,0,0,40,0,57.3822,42.6177
118,stratified,0,2,2.64835,0.4875,1.66423,0.677899,0.685863,0.686534,5.87581e-05,0.0897457,0,0.0528859,20.4515,1.76759,1.75764,1,0,0,40,0,,
119,stratified,0,2,2.96475,0.444922,1.67214,0.682326,0.678636,0.689845,5.5467e-05,0.113177,0,0.0524832,22.5661,2.08521,1.85383,1,0,0,40,0,,
120,stratified,0,2,3.21315,0.415234,1.60352,0.686943,0.689067,0.69426,5.22683e-05,0.137613,0,0.0520805,24.0211,2.41355,1.92601,1,0,0,40,0,59.2416,40.7584
121,stratified,0,2,3.59911,0.379688,1.60775,0.666444,0.680467,0.673289,4.91636e-05,0.162387,0,0.0516779,,2.77975,2.02579,0.975,0,0,40,0,,
122,stratified,0,2,3.99742,0.344141,1.6149,0.693246,0.68556,0.698675,4.61544e-05,0.186823,0,0.0512752,31.6958,2.96078,2.03245,1,0,0,40,0,60.0153,39.9847
123,stratified,0,2,4.40189,0.311719,1.60451,0.697749,0.683771,0.704194,4.3242e-05,0.210254,0,0.0508725,32.5747,3.20462,2.10945,1,0,0,40,0,59.5803,40.4197
124,stratified,0,2,4.77897,0.284766,1.60912,0.697081,0.681599,0.699779,4.04278e-05,0.232042,0,0.0504698,33.4285,3.3591,2.14737,1,0,0,40,0,,
125,stratified,0,2,5.1812,0.266406,1.60908,0.692354,0.679774,0.699779,3.77132e-05,0.251592,0,0.0500671,36.5016,3.50597,2.19871,1,0,0,40,0,60.0952,39.9048
126,stratified,0,2,5.43007,0.255078,1.60934,0.694524,0.682363,0.701987,3.50995e-05,0.268371,0,0.0496644,35.6997,3.62152,2.25214,1,0,0,40,0,,
127,stratified,0,2,5.47387,0.249219,1.58975,0.686969,0.683052,0.695364,3.25877e-05,0.281921,0,0.0492617,40.272,3.67996,2.26332,1,0,0,40,0,,
128,stratified,0,2,5.83155,0.223438,1.61575,0.676813,0.692178,0.686534,3.01792e-05,0.291873,0,0.0488591,,3.73624,2.28803,1,0,0,40,0,,
129,stratified,0,2,5.77926,0.240234,1.59434,0.677943,0.688694,0.687638,2.78751e-05,0.297954,0,0.0484564,39.5856,3.73434,2.27093,1,0,0,40,0,,
130,stratified,0,2,5.55881,0.257031,1.55844,0.692163,0.687476,0.698675,2.56764e-05,0.3,0,0.0480537,45.1799,3.78765,2.26912,1,0,0,40,0,,
131,stratified,0,2,5.60428,0.266016,1.568,0.688595,0.68706,0.696468,2.35841e-05,0.3,0,0.047651,40.7456,3.69281,2.23802,1,0,0,40,0,,
132,stratified,0,2,5.58567,0.265625,1.56596,0.682742,0.691587,0.692053,2.15994e-05,0.3,0,0.0472483,45.0378,3.72508,2.22883,1,0,0,40,0,,
133,stratified,0,2,5.54561,0.278516,1.55754,0.691738,0.68372,0.698675,1.9723e-05,0.3,0,0.0468456,45.1799,3.7415,2.23775,1,0,0,40,0,,
134,stratified,0,2,5.48236,0.272266,1.57545,0.69065,0.685523,0.699779,1.79558e-05,0.3,0,0.046443,42.6126,3.73995,2.20825,1,0,0,40,0,,
135,stratified,0,2,5.4343,0.276172,1.54881,0.699977,0.689719,0.706402,1.62988e-05,0.3,0,0.0460403,44.1604,3.71562,2.21328,1,0,0,40,0,61.5819,38.4181
136,stratified,0,2,5.44125,0.278906,1.55328,0.695978,0.689465,0.703091,1.47526e-05,0.3,0,0.0456376,46.5181,3.69412,2.20252,1,0,0,40,0,,
137,stratified,0,2,5.47986,0.294531,1.54774,0.698103,0.692011,0.705298,1.33181e-05,0.3,0,0.0452349,40.4423,3.62396,2.16197,1,0,0,40,0,,
138,stratified,0,2,5.4667,0.300391,1.56849,0.687564,0.692117,0.697572,1.19958e-05,0.3,0,0.0448322,42.5374,3.61922,2.17277,1,0,0,40,0,,
139,stratified,0,2,5.39764,0.292969,1.56075,0.689893,0.69003,0.697572,1.07864e-05,0.3,0,0.0444295,40.7259,3.58949,2.14804,1,0,0,40,0,,
140,stratified,0,2,5.39508,0.303125,1.55379,0.698786,0.691631,0.707506,9.69048e-06,0.3,0,0.0440268,41.9831,3.60347,2.16833,1,0,0,40,0,,
141,stratified,0,2,5.21178,0.306641,1.51172,0.696234,0.691069,0.704194,8.70853e-06,0.3,0,0.0436242,43.7126,3.67379,2.17098,1,0,0,40,0,,
142,stratified,0,2,5.4652,0.292578,1.56193,0.698319,0.690595,0.706402,7.84101e-06,0.3,0,0.0432215,46.1998,3.64118,2.1764,1,0,0,40,0,,
143,stratified,0,2,5.24161,0.311328,1.53442,0.69139,0.694317,0.699779,7.08833e-06,0.3,0,0.0428188,42.3238,3.61937,2.1506,1,0,0,40,0,,
144,stratified,0,2,5.23297,0.305078,1.52773,0.694804,0.69413,0.703091,6.45086e-06,0.3,0,0.0424161,,3.64733,2.159,1,0,0,40,0,,
145,stratified,0,2,5.40683,0.30625,1.53982,0.697533,0.699054,0.705298,5.92887e-06,0.3,0,0.0420134,43.0778,3.65761,2.1713,1,0,0,40,0,,
146,stratified,0,2,5.51573,0.302344,1.53424,0.699673,0.69633,0.707506,5.52264e-06,0.3,0,0.0416107,42.7825,3.59889,2.13352,1,0,0,40,0,,
147,stratified,0,2,5.2631,0.306641,1.51867,0.690449,0.695519,0.698675,5.23233e-06,0.3,0,0.0412081,45.7574,3.6017,2.13431,1,0,0,40,0,,
148,stratified,0,2,5.15354,0.312891,1.48944,0.693777,0.695381,0.701987,5.05809e-06,0.3,0,0.0408054,44.5548,3.6149,2.13712,1,0,0,40,0,,
149,stratified,0,2,5.36512,0.298047,1.51535,0.69123,0.691965,0.699779,5e-06,0.3,0,0.0404027,44.2661,3.629,2.15171,1,0,0,40,0,,
150,stratified,0,2,5.35957,0.303516,1.53205,0.695217,0.690866,0.703091,5e-06,0.3,0,0.04,43.0412,3.6279,2.15474,1,0,0,40,0,61.8239,38.1761
1,stratified,0,3,8.21658,0.0144531,4.50002,0.0373091,0.0325615,0.0717439,0.0002,0,1,0.1,,1.21756,2.37373,0.85,0,0,40,0,0.222032,99.778
2,stratified,0,3,7.16168,0.0410156,4.49814,0.0573652,0.0682774,0.108168,0.0003,0,1,0.0995973,11.2215,1.19587,2.21549,1,0,0,40,0,3.45941,96.5406
3,stratified,0,3,6.89,0.0523438,4.48196,0.0669595,0.125414,0.112583,0.0004,0,1,0.0991946,6.46925,1.19716,2.23316,1,0,0,40,0,6.46363,93.5364
4,stratified,0,3,6.69175,0.0769531,4.35925,0.107718,0.153014,0.168874,0.0005,0,1,0.0987919,5.52604,1.1289,2.27146,0.775,0,0,40,0,18.1194,81.8806
5,stratified,0,3,6.4732,0.0632812,4.20676,0.117204,0.195931,0.186534,0.000499942,0,1,0.0983893,5.35511,0.982046,2.30349,0.675,0,0,40,0,21.5346,78.4654
6,stratified,0,3,6.12912,0.100391,4.02129,0.0875142,0.221717,0.136865,0.000499768,0,1,0.0979866,5.32212,0.875807,2.27339,0.6,0,0,40,0,21.4297,78.5703
7,stratified,0,3,6.00542,0.132031,3.97264,0.162666,0.244453,0.207506,0.000499477,0,1,0.0975839,4.72994,0.804381,2.22864,0.3,0,0,40,0,19.8331,80.1669
8,stratified,0,3,5.90929,0.131641,3.94794,0.21641,0.264399,0.277042,0.000499071,0,1,0.0971812,4.70474,0.746742,2.19149,0.275,0,0,40,0,24.3591,75.6409
9,stratified,0,3,5.72658,0.124609,3.87735,0.183131,0.271692,0.211921,0.000498549,0,1,0.0967785,4.70207,0.732844,2.17173,0.35,0,0,40,0,20.3256,79.6744
10,stratified,0,3,5.84578,0.150391,3.90643,0.202392,0.284844,0.253863,0.000497912,0,1,0.0963758,4.50071,0.704622,2.16926,0.2,0,0,40,0,22.4526,77.5474
11,stratified,0,3,5.61528,0.196094,3.8127,0.218851,0.304113,0.268212,0.000497159,0,1,0.0959732,5.28782,0.674874,2.14042,0.475,0,0,40,0,21.1654,78.8346
12,stratified,0,3,5.8841,0.153125,3.90812,0.21239,0.299324,0.286976,0.000496291,0,1,0.0955705,5.07425,0.678358,2.19247,0.5,0,0,40,0,,
13,stratified,0,3,5.56636,0.165234,3.75364,0.28875,0.342252,0.337748,0.00049531,0,1,0.0951678,5.4678,0.678191,2.15025,0.6,0,0,40,0,20.2106,79.7894
14,stratified,0,3,5.41902,0.157812,3.67105,0.330515,0.353673,0.360927,0.000494214,0,1,0.0947651,5.73678,0.660059,2.1253,0.725,0,0,40,0,25.2939,74.7061
15,stratified,0,3,5.47227,0.23125,3.70664,0.286329,0.332258,0.34106,0.000493004,0,1,0.0943624,6.19329,0.646876,2.06244,0.75,0,0,40,0,,
16,stratified,0,3,5.2864,0.178516,3.61442,0.326229,0.365367,0.36755,0.000491682,0,1,0.0939597,5.99235,0.636843,2.05721,0.75,0,0,40,0,33.6033,66.3967
17,stratified,0,3,5.11876,0.171094,3.54429,0.36523,0.352264,0.39404,0.000490247,0,1,0.093557,6.81303,0.661264,2.07815,0.875,0,0,40,0,,
18,stratified,0,3,5.28218,0.225391,3.60562,0.307913,0.343143,0.345475,0.000488701,0,1,0.0931544,5.85411,0.644433,2.10521,0.675,0,0,40,0,,
19,stratified,0,3,5.14228,0.179297,3.55086,0.357845,0.390014,0.397351,0.000487044,0,1,0.0927517,6.0677,0.642465,2.02102,0.775,0,0,40,0,33.2681,66.7319
20,stratified,0,3,5.10831,0.189453,3.53696,0.36995,0.401841,0.403974,0.000485277,0,1,0.092349,6.81637,0.63961,2.01745,0.875,0,0,40,0,35.8823,64.1177
21,stratified,0,3,5.14337,0.230859,3.54478,0.389026,0.40986,0.422737,0.000483401,0,1,0.0919463,6.43202,0.642501,2.01824,0.75,0,0,40,0,37.2956,62.7044
22,stratified,0,3,5.0812,0.165625,3.5066,0.383422,0.418219,0.413907,0.000481416,0,1,0.0915436,5.91223,0.645012,2.02087,0.775,0,0,40,0,30.3831,69.6169
23,stratified,0,3,4.96371,0.217188,3.43934,0.404859,0.436747,0.444812,0.000479324,0,1,0.0911409,6.48407,0.630707,1.95545,0.75,0,0,40,0,30.6677,69.3323
24,stratified,0,3,4.69398,0.190625,3.28613,0.307102,0.431453,0.331126,0.000477125,0,1,0.0907383,7.67436,0.64793,1.93796,1,0,0,40,0,,
25,stratified,0,3,4.67916,0.242969,3.27394,0.460082,0.451705,0.483444,0.000474821,0,1,0.0903356,7.48334,0.639885,1.93248,0.975,0,0,40,0,32.4037,67.5963
26,stratified,0,3,4.48771,0.276953,3.17469,0.458977,0.463383,0.474614,0.000472412,0,1,0.0899329,8.3117,0.638872,1.8681,0.975,0,0,40,0,36.3025,63.6975
27,stratified,0,3,4.46134,0.255078,3.1771,0.458073,0.473588,0.490066,0.000469901,0,1,0.0895302,8.78493,0.650998,1.9059,1,0,0,40,0,39.0689,60.9311
28,stratified,0,3,4.48163,0.254297,3.18274,0.474508,0.483903,0.503311,0.000467287,0,1,0.0891275,8.54798,0.64752,1.87547,1,0,0,40,0,42.9818,57.0182
29,stratified,0,3,4.5384,0.215625,3.20594,0.420263,0.459091,0.456954,0.000464572,0,1,0.0887248,8.56046,0.641875,1.87573,1,0,0,40,0,,
30,stratified,0,3,4.74654,0.222266,3.30695,0.438873,0.501045,0.466887,0.000461758,0,1,0.0883221,8.41865,0.623125,1.89995,1,0,0,40,0,50.4645,49.5356
31,stratified,0,3,4.52932,0.278516,3.20091,0.493112,0.524531,0.512141,0.000458846,0,1,0.0879195,8.04912,0.638206,1.87628,0.925,0,0,40,0,46.5205,53.4795
32,stratified,0,3,4.3223,0.232031,3.07805,0.46169,0.534472,0.488962,0.000455836,0,1,0.0875168,9.2344,0.653236,1.79512,1,0,0,40,0,43.699,56.301
33,stratified,0,3,4.35236,0.232813,3.0936,0.467263,0.538125,0.494481,0.000452732,0,1,0.0871141,9.25491,0.656094,1.88008,1,0,0,40,0,45.2337,54.7663
34,stratified,0,3,4.19675,0.285938,3.01362,0.521844,0.562325,0.54415,0.000449533,0,1,0.0867114,9.68989,0.6352,1.78398,1,0,0,40,0,40.4394,59.5606
35,stratified,0,3,4.20807,0.261719,3.01366,0.50871,0.548566,0.529801,0.000446242,0,1,0.0863087,8.76415,0.628651,1.77809,1,0,0,40,0,,
36,stratified,0,3,4.51357,0.257031,3.18025,0.511014,0.56159,0.528698,0.00044286,0,1,0.085906,9.68563,0.631185,1.85677,1,0,0,40,0,,
37,stratified,0,3,4.08394,0.255469,2.93359,0.509058,0.562873,0.545254,0.000439388,0,1,0.0855034,9.25171,0.648475,1.77152,1,0,0,40,0,46.941,53.059
38,stratified,0,3,3.94459,0.281641,2.87164,0.494,0.575884,0.514349,0.000435829,0,1,0.0851007,10.3436,0.632585,1.6787,0.95,0,0,40,0,52.8039,47.1961
39,stratified,0,3,4.01505,0.322656,2.91241,0.528348,0.58625,0.557395,0.000432184,0,1,0.084698,10.1507,0.667152,1.74646,1,0,0,40,0,48.3668,51.6332
40,stratified,0,3,4.15452,0.208203,2.9935,0.5579,0.575752,0.581678,0.000428454,0,1,0.0842953,9.19456,0.622146,1.71971,0.95,0,0,40,0,,
41,stratified,0,3,3.87085,0.295703,2.84254,0.545051,0.618263,0.567329,0.000424642,0,1,0.0838926,9.88286,0.640104,1.68728,1,0,0,40,0,53.1718,46.8282
42,stratified,0,3,4.16836,0.283984,3.00631,0.473009,0.595841,0.495585,0.000420749,0,1,0.0834899,10.0961,0.632122,1.72131,0.975,0,0,40,0,,
43,stratified,0,3,4.00485,0.275781,2.92965,0.532398,0.606924,0.550773,0.000416777,0,1,0.0830872,10.1872,0.649997,1.71073,0.975,0,0,40,0,,
44,stratified,0,3,3.98743,0.269531,2.90624,0.46761,0.567339,0.497792,0.000412728,0,1,0.0826846,10.791,0.635794,1.65602,0.975,0,0,40,0,,
45,stratified,0,3,3.87501,0.149609,2.82918,0.503814,0.610658,0.537528,0.000408604,0,1,0.0822819,11.2351,0.656974,1.67942,1,0,0,40,0,,
46,stratified,0,3,3.81103,0.291797,2.79565,0.594086,0.618605,0.611479,0.000404406,0,1,0.0818792,10.0873,0.648893,1.66209,1,0,0,40,0,54.9749,45.0251
47,stratified,0,3,3.57649,0.292578,2.66096,0.571886,0.605206,0.591611,0.000400137,0,1,0.0814765,10.3414,0.664539,1.60346,1,0,0,40,0,,
48,stratified,0,3,3.97934,0.248047,2.91381,0.534412,0.623012,0.560706,0.000395799,0,1,0.0810738,10.3749,0.638134,1.73568,0.975,0,0,40,0,50.059,49.941
49,stratified,0,3,3.64608,0.419531,2.70892,0.585716,0.602716,0.603753,0.000391394,0,1,0.0806711,11.0838,0.660716,1.64866,1,0,0,40,0,,
50,stratified,0,3,3.98585,0.326953,2.92432,0.476353,0.580599,0.509934,0.000386923,0,1,0.0802685,9.92046,0.642755,1.68776,0.95,0,0,40,0,55.1221,44.8779
51,stratified,0,3,3.85301,0.310937,2.85496,0.58684,0.630611,0.598234,0.000382389,0,1,0.0798658,9.49336,0.624548,1.63729,1,0,0,40,0,54.9259,45.0741
52,stratified,0,3,3.6099,0.2125,2.69273,0.601701,0.626898,0.62362,0.000377795,0,1,0.0794631,9.37281,0.653459,1.60501,0.95,0,0,40,0,,
53,stratified,0,3,3.78652,0.205859,2.80313,0.601689,0.641503,0.61479,0.000373141,0,1,0.0790604,11.284,0.653688,1.6481,1,0,0,40,0,54.6581,45.3419
54,stratified,0,3,3.70989,0.264062,2.76667,0.507913,0.6355,0.546358,0.000368431,0,1,0.0786577,9.77661,0.640354,1.59989,0.975,0,0,40,0,,
55,stratified,0,3,3.83893,0.297266,2.84262,0.577698,0.651908,0.594923,0.000363667,0,1,0.078255,10.768,0.642798,1.69099,0.975,0,0,40,0,54.3495,45.6505
56,stratified,0,3,3.32789,0.271094,2.53277,0.590195,0.644047,0.604857,0.00035885,0,1,0.0778523,9.62514,0.667682,1.5599,1,0,0,40,0,,
57,stratified,0,3,3.4121,0.299219,2.59895,0.639479,0.651348,0.651214,0.000353983,0,1,0.0774497,11.7533,0.668704,1.55738,1,0,0,40,0,,
58,stratified,0,3,3.34726,0.340625,2.54747,0.596966,0.657422,0.609272,0.000349069,0,1,0.077047,11.1213,0.662294,1.53715,1,0,0,40,0,50.9343,49.0657
59,stratified,0,3,3.21843,0.382422,2.47249,0.63234,0.660883,0.645695,0.000344109,0,1,0.0766443,9.62205,0.681338,1.50612,1,0,0,40,0,54.4575,45.5425
60,stratified,0,3,3.41119,0.310547,2.58058,0.583794,0.666018,0.600442,0.000339107,0,1,0.0762416,9.15194,0.677207,1.561,1,0,0,40,0,54.5349,45.4651
61,stratified,0,3,3.51136,0.271484,2.65587,0.604509,0.626417,0.612583,0.000334063,0,1,0.0758389,8.85453,0.660059,1.6036,0.975,0,0,40,0,,
62,stratified,0,3,3.36124,0.307031,2.56431,0.6302,0.682841,0.645695,0.000328982,0,1,0.0754362,9.70218,0.640966,1.5205,1,0,0,40,0,56.0782,43.9218
63,stratified,0,3,3.34839,0.308594,2.55594,0.659033,0.672968,0.668874,0.000323864,0,1,0.0750336,11.7626,0.64307,1.52116,0.975,0,0,40,0,,
64,stratified,0,3,3.39552,0.265234,2.59213,0.59397,0.670464,0.610375,0.000318713,0,1,0.0746309,9.87429,0.658405,1.54977,0.975,0,0,40,0,,
65,stratified,0,3,3.25729,0.422656,2.51247,0.625015,0.672161,0.639073,0.000313531,0,1,0.0742282,11.3487,0.651887,1.511,0.975,0,0,40,0,,
66,stratified,0,3,3.22264,0.265625,2.49289,0.649475,0.66789,0.65894,0.000308321,0,1,0.0738255,10.2802,0.654959,1.52576,1,0,0,40,0,,
67,stratified,0,3,3.33031,0.325391,2.57039,0.649303,0.659958,0.657837,0.000303084,0,1,0.0734228,10.5547,0.655071,1.54748,0.95,0,0,40,0,,
68,stratified,0,3,3.31756,0.359766,2.54683,0.631985,0.661481,0.646799,0.000297823,0,1,0.0730201,10.3251,0.639638,1.53601,1,0,0,40,0,,
69,stratified,0,3,3.29362,0.3125,2.54096,0.667213,0.658857,0.682119,0.000292541,0,1,0.0726174,10.0925,0.637073,1.51194,1,0,0,40,0,,
70,stratified,0,3,3.20337,0.382031,2.49613,0.65834,0.679761,0.672185,0.00028724,0,1,0.0722148,10.4033,0.658691,1.51305,0.975,0,0,40,0,,
71,stratified,0,3,3.47497,0.298047,2.67411,0.596679,0.681239,0.612583,0.000281923,0,1,0.0718121,10.2172,0.630635,1.54689,1,0,0,40,0,,
72,stratified,0,3,3.38045,0.359375,2.60494,0.582943,0.677468,0.607064,0.000276592,0,1,0.0714094,,0.62597,1.49529,0.975,0,0,40,0,,
73,stratified,0,3,3.21734,0.298828,2.51637,0.588682,0.684629,0.600442,0.00027125,0,1,0.0710067,12.9465,0.659604,1.55005,1,0,0,40,0,57.8647,42.1353
74,stratified,0,3,3.23351,0.405469,2.55339,0.628148,0.67663,0.65011,0.000265899,0,1,0.070604,10.9096,0.630582,1.48238,1,0,0,40,0,,
75,stratified,0,3,3.14974,0.254688,2.47738,0.670435,0.680901,0.678808,0.000260542,0,1,0.0702013,10.0275,0.641448,1.41753,1,0,0,40,0,58.1208,41.8792
76,stratified,0,3,3.28195,0.351562,2.57637,0.558846,0.679264,0.586093,0.000255181,0,1,0.0697987,10.9127,0.624772,1.49355,1,0,0,40,0,,
77,stratified,0,3,2.76443,0.441406,2.2441,0.656508,0.701791,0.665563,0.000249819,0,1,0.069396,13.0618,0.661794,1.37889,1,0,0,40,0,59.4175,40.5825
78,stratified,0,3,2.89394,0.310937,2.3323,0.677874,0.682555,0.689845,0.000244458,0,1,0.0689933,9.08119,0.643699,1.37472,1,0,0,40,0,,
79,stratified,0,3,3.17888,0.294922,2.49951,0.65303,0.657907,0.66777,0.000239101,0,1,0.0685906,9.91124,0.642017,1.45932,1,0,0,40,0,,
80,stratified,0,3,2.95264,0.314063,2.37155,0.623576,0.697443,0.639073,0.00023375,0,1,0.0681879,11.5997,0.638902,1.41999,1,0,0,40,0,,
81,stratified,0,3,3.05673,0.407422,2.43365,0.613623,0.680547,0.629139,0.000228408,0,1,0.0677852,10.4034,0.625515,1.41616,1,0,0,40,0,,
82,stratified,0,3,3.02426,0.346484,2.43836,0.629516,0.674636,0.646799,0.000223077,0,1,0.0673826,10.1879,0.627937,1.40939,1,0,0,40,0,,
83,stratified,0,3,2.62511,0.310937,2.15826,0.669209,0.694892,0.672185,0.00021776,0,1,0.0669799,11.4915,0.634652,1.33142,1,0,0,40,0,,
84,stratified,0,3,2.90604,0.417187,2.35025,0.671667,0.695167,0.6766,0.000212459,0,1,0.0665772,9.71255,0.628423,1.36312,0.975,0,0,40,0,,
85,stratified,0,3,2.83461,0.354687,2.29861,0.677539,0.695962,0.686534,0.000207177,0,1,0.0661745,10.3555,0.624135,1.36932,1,0,0,40,0,,
86,stratified,0,3,2.8801,0.397266,2.32557,0.645574,0.707666,0.664459,0.000201916,0,1,0.0657718,10.6881,0.631694,1.39089,0.975,0,0,40,0,63.9665,36.0335
87,stratified,0,3,2.82862,0.356641,2.31393,0.675776,0.697993,0.688742,0.000196679,0,1,0.0653691,10.0547,0.628679,1.34143,1,0,0,40,0,,
88,stratified,0,3,2.88761,0.3875,2.36268,0.661787,0.693872,0.671082,0.000191469,0,1,0.0649664,10.126,0.621797,1.36952,1,0,0,40,0,,
89,stratified,0,3,2.6862,0.385156,2.23208,0.704354,0.688129,0.710817,0.000186287,0,1,0.0645638,11.2299,0.641565,1.36723,1,0,0,40,0,,
90,stratified,0,3,3.0446,0.438672,2.44825,0.657818,0.706061,0.671082,0.000181136,0,1,0.0641611,9.02684,0.625311,1.40872,1,0,0,40,0,,
91,stratified,0,3,2.4696,0.461328,2.09353,0.672093,0.713407,0.682119,0.000176018,0,1,0.0637584,11.1392,0.6379,1.28215,1,0,0,40,0,65.1309,34.8691
92,stratified,0,3,2.68182,0.330859,2.22553,0.672038,0.71374,0.684327,0.000170937,0,1,0.0633557,12.4975,0.634292,1.2887,1,0,0,40,0,63.5969,36.4031
93,stratified,0,3,2.80341,0.335938,2.31095,0.693913,0.707668,0.699779,0.000165893,0,1,0.062953,9.3567,0.610934,1.30138,1,0,0,40,0,,
94,stratified,0,3,2.52246,0.366406,2.13828,0.663953,0.71439,0.668874,0.000160891,0,1,0.0625503,9.54144,0.625784,1.28367,0.975,0,0,40,0,63.773,36.227
95,stratified,0,3,3.25511,0.382422,2.64749,0.654195,0.683926,0.661148,0.000155931,0,1,0.0621477,8.71429,0.61381,1.48693,1,0,0,40,0,,
96,stratified,0,3,2.72656,0.423828,2.27137,0.69713,0.696649,0.706402,0.000151017,0,1,0.061745,8.83402,0.593755,1.2785,0.975,0,0,40,0,,
97,stratified,0,3,2.61458,0.39375,2.2121,0.690628,0.699773,0.698675,0.00014615,0,1,0.0613423,10.6549,0.630707,1.27022,1,0,0,40,0,,
98,stratified,0,3,2.93752,0.371094,2.43723,0.700191,0.705597,0.703091,0.000141333,0,1,0.0609396,11.099,0.604796,1.34663,1,0,0,40,0,,
99,stratified,0,3,2.74001,0.309766,2.30339,0.69419,0.699554,0.700883,0.000136569,0,1,0.0605369,9.89005,0.616216,1.32849,1,0,0,40,0,,
100,stratified,0,3,2.76476,0.361719,2.31553,0.706603,0.699052,0.711921,0.000131859,0,1,0.0601342,9.72126,0.596689,1.30155,1,0,0,40,0,61.7819,38.2181
101,stratified,0,3,2.69325,0.347656,2.28405,0.688374,0.693172,0.697572,0.000127205,0,1,0.0597315,10.3939,0.592882,1.26555,1,0,0,40,0,,
102,stratified,0,3,2.80083,0.302734,2.34687,0.685051,0.70261,0.692053,0.000122611,0,1,0.0593289,10.4011,0.608624,1.32133,1,0,0,40,0,,
103,stratified,0,3,2.53049,0.449609,2.16865,0.680338,0.688449,0.689845,0.000118077,0,1,0.0589262,9.0842,0.601573,1.25841,0.95,0,0,40,0,,
104,stratified,0,3,2.21021,0.448828,1.94223,0.720904,0.713701,0.722958,0.000113606,0,1,0.0585235,9.66654,0.616311,1.16897,0.975,0,0,40,0,66.1208,33.8792
105,stratified,0,3,2.77758,0.403125,2.35737,0.710077,0.71097,0.720751,0.000109201,0,1,0.0581208,10.7556,0.618173,1.3162,1,0,0,40,0,,
106,stratified,0,3,2.55914,0.396875,2.18117,0.683137,0.700678,0.690949,0.000104863,0,1,0.0577181,9.11792,0.597837,1.25065,0.975,0,0,40,0,,
107,stratified,0,3,2.63504,0.317188,2.26961,0.708123,0.700773,0.714128,0.000100594,0,1,0.0573154,9.26422,0.590836,1.25736,0.975,0,0,40,0,,
108,stratified,0,3,2.58219,0.267188,2.22169,0.725403,0.716326,0.729581,9.63962e-05,0,1,0.0569128,9.38359,0.580219,1.21881,0.975,0,0,40,0,64.9849,35.0151
109,stratified,0,3,2.77711,0.378125,2.37803,0.704605,0.707395,0.711921,9.22719e-05,0,1,0.0565101,9.58526,0.587639,1.31336,1,0,0,40,0,,
110,stratified,0,3,2.38753,0.415234,2.09681,0.714656,0.708825,0.718543,8.82228e-05,0,1,0.0561074,9.27706,0.597845,1.22072,1,0,0,40,0,,
111,stratified,0,3,1.36822,0.869141,1.38616,0.722529,0.724882,0.725166,8.42509e-05,0,0,0.0557047,9.50005,0.642619,0.988157,1,0,0,40,0,,
112,stratified,0,3,1.36455,0.858984,1.35845,0.71343,0.730198,0.717439,8.03579e-05,0.0020458,0,0.055302,10.2919,0.670741,0.975005,1,0,0,40,0,68.5609,31.4391
113,stratified,0,3,1.34635,0.857812,1.3229,0.728482,0.729358,0.730684,7.65457e-05,0.00812741,0,0.0548993,11.1626,0.694719,0.986874,1,0,0,40,0,,
114,stratified,0,3,1.45097,0.805859,1.32259,0.732989,0.731291,0.736203,7.28161e-05,0.0180789,0,0.0544966,11.5504,0.799631,1.09967,1,0,0,40,0,68.7927,31.2073
115,stratified,0,3,1.52391,0.789453,1.31754,0.729309,0.736115,0.730684,6.91709e-05,0.0316289,0,0.054094,15.4305,0.900937,1.16033,1,0,0,40,0,70.1713,29.8287
116,stratified,0,3,1.62929,0.736719,1.29176,0.721665,0.729704,0.724062,6.56117e-05,0.0484078,0,0.0536913,15.0333,1.06637,1.25501,1,0,0,40,0,,
117,stratified,0,3,1.85065,0.689063,1.29896,0.746903,0.737148,0.749448,6.21402e-05,0.0679578,0,0.0532886,15.5367,1.23999,1.37742,1,0,0,40,0,70.6733,29.3267
118,stratified,0,3,2.05018,0.635156,1.28867,0.736464,0.733986,0.738411,5.87581e-05,0.0897457,0,0.0528859,19.7864,1.49217,1.51032,1,0,0,40,0,,
119,stratified,0,3,2.24327,0.610547,1.26017,0.721598,0.732248,0.724062,5.5467e-05,0.113177,0,0.0524832,26.099,1.75931,1.6331,1,0,0,40,0,,
120,stratified,0,3,2.51749,0.558203,1.26964,0.728247,0.736854,0.733996,5.22683e-05,0.137613,0,0.0520805,26.7051,2.02084,1.69474,1,0,0,40,0,,
121,stratified,0,3,2.78646,0.520703,1.26655,0.748773,0.74353,0.752759,4.91636e-05,0.162387,0,0.0516779,31.3408,2.30787,1.75983,1,0,0,40,0,72.5985,27.4015
122,stratified,0,3,2.9594,0.510156,1.22534,0.741653,0.745514,0.745033,4.61544e-05,0.186823,0,0.0512752,33.5354,2.56824,1.8204,1,0,0,40,0,,
123,stratified,0,3,3.27789,0.466016,1.22861,0.739586,0.74299,0.743929,4.3242e-05,0.210254,0,0.0508725,,2.82784,1.88429,0.975,0,0,40,0,,
124,stratified,0,3,3.61451,0.41875,1.20441,0.735881,0.736577,0.739514,4.04278e-05,0.232042,0,0.0504698,36.9649,2.99924,1.94265,1,0,0,40,0,,
125,stratified,0,3,3.73118,0.408984,1.21958,0.739909,0.747002,0.743929,3.77132e-05,0.251592,0,0.0500671,40.4191,3.1236,1.97942,1,0,0,40,0,73.2484,26.7516
126,stratified,0,3,4.05662,0.399219,1.24094,0.740846,0.750682,0.746137,3.50995e-05,0.268371,0,0.0496644,43.4082,3.24529,2.02915,1,0,0,40,0,73.9682,26.0318
127,stratified,0,3,4.23681,0.381641,1.23158,0.731276,0.752457,0.737307,3.25877e-05,0.281921,0,0.0492617,,3.31314,2.04599,0.975,0,0,40,0,74.7679,25.2321
128,stratified,0,3,4.28725,0.366406,1.21367,0.739159,0.74882,0.746137,3.01792e-05,0.291873,0,0.0488591,46.4278,3.3887,2.07535,1,0,0,40,0,,
129,stratified,0,3,4.1591,0.387891,1.20257,0.725939,0.743182,0.733996,2.78751e-05,0.297954,0,0.0484564,52.5199,3.36065,2.04976,1,0,0,40,0,,
130,stratified,0,3,4.09962,0.405859,1.17966,0.733449,0.746948,0.737307,2.56764e-05,0.3,0,0.0480537,47.9285,3.32241,2.00482,1,0,0,40,0,,
131,stratified,0,3,4.08349,0.414062,1.19366,0.741173,0.742127,0.743929,2.35841e-05,0.3,0,0.047651,46.2322,3.30094,1.98174,1,0,0,40,0,,
132,stratified,0,3,4.16983,0.402734,1.21646,0.7395,0.747683,0.743929,2.15994e-05,0.3,0,0.0472483,47.0946,3.3662,2.01603,1,0,0,40,0,,
133,stratified,0,3,4.08905,0.427734,1.19668,0.735477,0.744493,0.739514,1.9723e-05,0.3,0,0.0468456,47.0267,3.31095,1.97529,1,0,0,40,0,,
134,stratified,0,3,4.06893,0.432422,1.19903,0.740462,0.75538,0.742826,1.79558e-05,0.3,0,0.046443,48.0803,3.27181,1.96029,1,0,0,40,0,75.7275,24.2725
135,stratified,0,3,3.99301,0.442188,1.16312,0.743101,0.739699,0.748344,1.62988e-05,0.3,0,0.0460403,47.5678,3.26627,1.96014,1,0,0,40,0,,
136,stratified,0,3,3.98349,0.444141,1.18785,0.73769,0.741619,0.741722,1.47526e-05,0.3,0,0.0456376,48.0401,3.23867,1.93196,1,0,0,40,0,,
137,stratified,0,3,3.96583,0.44375,1.16636,0.735314,0.744882,0.739514,1.33181e-05,0.3,0,0.0452349,48.1719,3.25061,1.93542,1,0,0,40,0,,
138,stratified,0,3,3.92526,0.434375,1.17846,0.732124,0.741156,0.736203,1.19958e-05,0.3,0,0.0448322,49.1493,3.24885,1.92825,1,0,0,40,0,,
139,stratified,0,3,3.91235,0.451953,1.17321,0.72911,0.742161,0.733996,1.07864e-05,0.3,0,0.0444295,48.9658,3.29372,1.95109,1,0,0,40,0,,
140,stratified,0,3,3.79712,0.466016,1.15561,0.736008,0.739683,0.740618,9.69048e-06,0.3,0,0.0440268,47.8372,3.21833,1.9048,1,0,0,40,0,,
141,stratified,0,3,3.86558,0.455078,1.15567,0.731727,0.745144,0.735099,8.70853e-06,0.3,0,0.0436242,47.3461,3.23404,1.91601,1,0,0,40,0,,
142,stratified,0,3,3.74229,0.467578,1.13295,0.734471,0.742719,0.737307,7.84101e-06,0.3,0,0.0432215,44.3894,3.19653,1.89591,1,0,0,40,0,,
143,stratified,0,3,3.76933,0.465234,1.15616,0.73359,0.742657,0.738411,7.08833e-06,0.3,0,0.0428188,48.45,3.19852,1.89153,1,0,0,40,0,,
144,stratified,0,3,3.84071,0.469141,1.16477,0.738589,0.747278,0.741722,6.45086e-06,0.3,0,0.0424161,45.4454,3.18112,1.88295,1,0,0,40,0,,
145,stratified,0,3,3.94697,0.462109,1.16497,0.737876,0.743284,0.741722,5.92887e-06,0.3,0,0.0420134,45.9051,3.19203,1.89503,1,0,0,40,0,,
146,stratified,0,3,3.7932,0.473438,1.15376,0.738011,0.74282,0.741722,5.52264e-06,0.3,0,0.0416107,49.1279,3.18586,1.88124,1,0,0,40,0,,
147,stratified,0,3,3.69482,0.485938,1.12315,0.738422,0.743208,0.740618,5.23233e-06,0.3,0,0.0412081,45.3282,3.17597,1.87092,1,0,0,40,0,,
148,stratified,0,3,3.62973,0.480859,1.1162,0.732595,0.747906,0.736203,5.05809e-06,0.3,0,0.0408054,45.6887,3.19058,1.89265,1,0,0,40,0,,
149,stratified,0,3,3.73688,0.479297,1.13363,0.738035,0.745869,0.741722,5e-06,0.3,0,0.0404027,46.147,3.1613,1.86939,1,0,0,40,0,,
150,stratified,0,3,3.7165,0.487891,1.12987,0.737978,0.74798,0.741722,5e-06,0.3,0,0.04,45.9404,3.17232,1.87752,1,0,0,40,0,76.0565,23.9435
1,stratified,0,4,8.07432,0.0175781,4.50081,0.0323925,0.0288271,0.0783664,0.0002,0,1,0.1,,1.14604,2.33338,0.95,0,0,40,0,0.116107,99.8839
2,stratified,0,4,7.18569,0.0265625,4.49653,0.044919,0.0598925,0.0905077,0.0003,0,1,0.0995973,10.9479,1.11258,2.1798,1,0,0,40,0,3.51754,96.4825
3,stratified,0,4,6.85115,0.05625,4.43763,0.0564471,0.117579,0.119205,0.0004,0,1,0.0991946,5.7399,1.18691,2.25821,0.9,0,0,40,0,10.7299,89.2701
4,stratified,0,4,6.61744,0.0679687,4.273,0.101399,0.152726,0.156733,0.0005,0,1,0.0987919,4.99748,1.08572,2.25229,0.475,0,0,40,0,14.6612,85.3388
5,stratified,0,4,6.52942,0.0757812,4.23809,0.136907,0.194833,0.178808,0.000499942,0,1,0.0983893,4.83487,0.997347,2.3307,0.325,0,0,40,0,17.1127,82.8873
6,stratified,0,4,6.37658,0.0847656,4.17689,0.150841,0.202528,0.19426,0.000499768,0,1,0.0979866,4.48762,0.841477,2.22966,0.125,0,0,40,0,17.0256,82.9744
7,stratified,0,4,6.14634,0.0699219,4.09643,0.152032,0.216803,0.204194,0.000499477,0,1,0.0975839,5.16766,0.794038,2.20033,0.425,0,0,40,0,15.6392,84.3608
8,stratified,0,4,6.21538,0.101562,4.13057,0.152937,0.216758,0.203091,0.000499071,0,1,0.0971812,4.93038,0.750983,2.19465,0.325,0,0,40,0,,
9,stratified,0,4,6.13693,0.104297,4.09942,0.192726,0.232084,0.236203,0.000498549,0,1,0.0967785,5.40114,0.72462,2.19425,0.5,0,0,40,0,19.2282,80.7718
10,stratified,0,4,6.14791,0.0871094,4.10353,0.198159,0.231001,0.242826,0.000497912,0,1,0.0963758,4.70715,0.698163,2.19384,0.3,0,0,40,0,,
11,stratified,0,4,5.93072,0.131641,4.03836,0.199229,0.263433,0.268212,0.000497159,0,1,0.0959732,4.92726,0.703995,2.21922,0.4,0,0,40,0,14.3667,85.6333
12,stratified,0,4,5.84562,0.107813,3.9765,0.269868,0.298791,0.317881,0.000496291,0,1,0.0955705,5.14005,0.670325,2.14681,0.425,0,0,40,0,16.1582,83.8418
13,stratified,0,4,5.64963,0.123828,3.85661,0.238344,0.312894,0.284768,0.00049531,0,1,0.0951678,5.64202,0.681145,2.16023,0.725,0,0,40,0,18.1624,81.8376
14,stratified,0,4,5.42715,0.119922,3.73682,0.278564,0.335546,0.331126,0.000494214,0,1,0.0947651,5.75146,0.683504,2.10716,0.65,0,0,40,0,23.4546,76.5454
15,stratified,0,4,5.45648,0.161719,3.73973,0.297797,0.363403,0.338852,0.000493004,0,1,0.0943624,5.34696,0.634998,2.07738,0.475,0,0,40,0,23.3911,76.6089
16,stratified,0,4,5.33638,0.146484,3.68402,0.324021,0.383537,0.354305,0.000491682,0,1,0.0939597,5.64062,0.655044,2.08917,0.7,0,0,40,0,25.564,74.436
17,stratified,0,4,5.51729,0.134375,3.73687,0.3268,0.361375,0.357616,0.000490247,0,1,0.093557,5.85534,0.64171,2.14426,0.625,0,0,40,0,,
18,stratified,0,4,5.19793,0.214453,3.61697,0.337505,0.392652,0.368653,0.000488701,0,1,0.0931544,5.93482,0.636056,2.0255,0.775,0,0,40,0,25.5088,74.4912
19,stratified,0,4,5.25538,0.189453,3.64775,0.355225,0.389775,0.390728,0.000487044,0,1,0.0927517,5.90966,0.624799,2.01826,0.7,0,0,40,0,,
20,stratified,0,4,5.10093,0.207813,3.56861,0.343491,0.400089,0.36755,0.000485277,0,1,0.092349,6.96411,0.633315,2.03742,0.925,0,0,40,0,32.8755,67.1245
21,stratified,0,4,5.11202,0.192188,3.59493,0.3377,0.402329,0.379691,0.000483401,0,1,0.0919463,6.23476,0.614678,2.03575,0.825,0,0,40,0,39.4303,60.5697
22,stratified,0,4,5.12989,0.166406,3.60895,0.375638,0.374626,0.419426,0.000481416,0,1,0.0915436,5.97003,0.613838,1.97308,0.9,0,0,40,0,,
23,stratified,0,4,4.86935,0.200391,3.47871,0.34924,0.406115,0.370861,0.000479324,0,1,0.0911409,5.94788,0.622507,1.98537,0.725,0,0,40,0,40.8303,59.1697
24,stratified,0,4,5.14456,0.224219,3.61146,0.363049,0.393433,0.400662,0.000477125,0,1,0.0907383,6.62178,0.629344,2.02574,0.825,0,0,40,0,,
25,stratified,0,4,4.75391,0.226562,3.4064,0.408476,0.445195,0.431567,0.000474821,0,1,0.0903356,6.56522,0.63637,1.94775,0.825,0,0,40,0,37.9834,62.0166
26,stratified,0,4,4.89045,0.216406,3.48346,0.393349,0.45734,0.433775,0.000472412,0,1,0.0899329,6.27477,0.639698,1.98132,0.775,0,0,40,0,37.4589,62.5411
27,stratified,0,4,4.93356,0.247266,3.49474,0.422472,0.461322,0.454746,0.000469901,0,1,0.0895302,6.07157,0.617742,1.9523,0.85,0,0,40,0,39.8231,60.1769
28,stratified,0,4,4.70116,0.238281,3.38672,0.417612,0.45714,0.444812,0.000467287,0,1,0.0891275,6.6262,0.629421,1.9061,0.825,0,0,40,0,,
29,stratified,0,4,4.54644,0.238672,3.31579,0.420965,0.474681,0.450331,0.000464572,0,1,0.0887248,6.97755,0.667083,1.92575,0.925,0,0,40,0,40.7912,59.2088
30,stratified,0,4,4.67641,0.265234,3.37644,0.492942,0.474758,0.518764,0.000461758,0,1,0.0883221,6.40682,0.611079,1.92773,0.825,0,0,40,0,40.973,59.027
31,stratified,0,4,4.46434,0.286719,3.2504,0.430156,0.483888,0.453642,0.000458846,0,1,0.0879195,6.87603,0.641488,1.83829,0.9,0,0,40,0,,
32,stratified,0,4,4.52889,0.257422,3.29309,0.492685,0.490212,0.512141,0.000455836,0,1,0.0875168,6.73794,0.628585,1.88662,0.925,0,0,40,0,,
33,stratified,0,4,4.08642,0.269141,3.07615,0.398035,0.499862,0.424945,0.000452732,0,1,0.0871141,7.7298,0.658755,1.77493,1,0,0,40,0,42.6799,57.3201
34,stratified,0,4,4.51401,0.273438,3.27472,0.493975,0.523251,0.512141,0.000449533,0,1,0.0867114,7.12663,0.608366,1.84077,0.95,0,0,40,0,41.0691,58.9309
35,stratified,0,4,4.5156,0.263281,3.27059,0.459812,0.524517,0.485651,0.000446242,0,1,0.0863087,6.75741,0.60411,1.84647,0.925,0,0,40,0,44.4702,55.5298
36,stratified,0,4,4.26157,0.257812,3.1334,0.482486,0.519293,0.516556,0.00044286,0,1,0.085906,7.276,0.630309,1.79464,0.95,0,0,40,0,,
37,stratified,0,4,4.44026,0.261328,3.21345,0.515974,0.535,0.539735,0.000439388,0,1,0.0855034,6.82584,0.632115,1.84464,0.9,0,0,40,0,48.1945,51.8055
38,stratified,0,4,4.058,0.269922,3.02252,0.439554,0.549768,0.460265,0.000435829,0,1,0.0851007,6.61666,0.648132,1.77129,0.95,0,0,40,0,46.892,53.108
39,stratified,0,4,4.16557,0.254688,3.07054,0.529383,0.539369,0.547461,0.000432184,0,1,0.084698,7.48662,0.63305,1.72156,1,0,0,40,0,,
40,stratified,0,4,4.40045,0.284766,3.20043,0.511934,0.537898,0.532009,0.000428454,0,1,0.0842953,7.77627,0.623545,1.79193,0.975,0,0,40,0,,
41,stratified,0,4,4.24992,0.276953,3.10023,0.546915,0.564647,0.57064,0.000424642,0,1,0.0838926,7.1337,0.613539,1.72497,0.925,0,0,40,0,44.7783,55.2217
42,stratified,0,4,4.16916,0.240234,3.07178,0.492711,0.538543,0.509934,0.000420749,0,1,0.0834899,7.20441,0.631536,1.72718,0.975,0,0,40,0,,
43,stratified,0,4,4.22413,0.25,3.08272,0.503343,0.580388,0.530905,0.000416777,0,1,0.0830872,7.52766,0.625518,1.7207,0.925,0,0,40,0,46.4891,53.5109
44,stratified,0,4,3.93023,0.290625,2.91982,0.54159,0.580375,0.564018,0.000412728,0,1,0.0826846,7.32406,0.641439,1.71108,0.975,0,0,40,0,,
45,stratified,0,4,4.03754,0.313672,2.97821,0.498342,0.592355,0.525386,0.000408604,0,1,0.0822819,7.79094,0.644212,1.71047,0.975,0,0,40,0,46.5692,53.4308
46,stratified,0,4,4.01916,0.283984,2.96634,0.47573,0.552962,0.501104,0.000404406,0,1,0.0818792,7.85739,0.651935,1.70258,0.95,0,0,40,0,,
47,stratified,0,4,3.61183,0.253906,2.74054,0.595745,0.60282,0.609272,0.000400137,0,1,0.0814765,8.01686,0.659384,1.69313,1,0,0,40,0,45.7662,54.2338
48,stratified,0,4,3.72894,0.385547,2.80261,0.5671,0.580718,0.590508,0.000395799,0,1,0.0810738,7.80304,0.64818,1.65773,1,0,0,40,0,,
49,stratified,0,4,4.16096,0.251953,3.05752,0.530284,0.593302,0.566225,0.000391394,0,1,0.0806711,7.26848,0.627855,1.7363,1,0,0,40,0,,
50,stratified,0,4,3.97564,0.363672,2.9624,0.549324,0.574732,0.569536,0.000386923,0,1,0.0802685,7.20631,0.617665,1.654,0.95,0,0,40,0,55.2592,44.7408
51,stratified,0,4,3.57045,0.358984,2.7197,0.59699,0.599292,0.610375,0.000382389,0,1,0.0798658,7.85208,0.657221,1.60403,0.975,0,0,40,0,,
52,stratified,0,4,3.96151,0.296875,2.94554,0.492945,0.615172,0.518764,0.000377795,0,1,0.0794631,8.25254,0.642156,1.67073,0.975,0,0,40,0,53.0461,46.9539
53,stratified,0,4,3.71396,0.233203,2.80732,0.515945,0.594084,0.545254,0.000373141,0,1,0.0790604,7.39645,0.647273,1.61697,0.95,0,0,40,0,,
54,stratified,0,4,3.60981,0.379688,2.74422,0.587533,0.59769,0.602649,0.000368431,0,1,0.0786577,7.98684,0.670353,1.67705,1,0,0,40,0,,
55,stratified,0,4,3.54833,0.344141,2.71015,0.584701,0.592121,0.594923,0.000363667,0,1,0.078255,7.72231,0.647467,1.59733,1,0,0,40,0,,
56,stratified,0,4,3.64027,0.359766,2.75943,0.602744,0.604386,0.615894,0.00035885,0,1,0.0778523,7.71073,0.649508,1.6262,0.95,0,0,40,0,,
57,stratified,0,4,3.7578,0.35,2.83903,0.502514,0.61053,0.525386,0.000353983,0,1,0.0774497,7.01277,0.620809,1.59771,0.925,0,0,40,0,,
58,stratified,0,4,3.23389,0.3,2.54599,0.55082,0.631719,0.572848,0.000349069,0,1,0.077047,8.52627,0.6738,1.55475,1,0,0,40,0,51.7404,48.2596
59,stratified,0,4,3.82611,0.321875,2.89316,0.538012,0.611723,0.557395,0.000344109,0,1,0.0766443,7.37419,0.620676,1.62015,1,0,0,40,0,,
60,stratified,0,4,3.32948,0.30625,2.58736,0.619404,0.638509,0.635762,0.000339107,0,1,0.0762416,9.03044,0.656375,1.56888,0.95,0,0,40,0,50.5937,49.4063
61,stratified,0,4,3.42346,0.282031,2.63826,0.609519,0.644192,0.622517,0.000334063,0,1,0.0758389,7.29823,0.64231,1.55968,0.975,0,0,40,0,50.7473,49.2527
62,stratified,0,4,3.57619,0.324609,2.74786,0.591986,0.625687,0.607064,0.000328982,0,1,0.0754362,7.75041,0.623512,1.56941,0.975,0,0,40,0,,
63,stratified,0,4,3.69334,0.243359,2.82027,0.595031,0.642419,0.610375,0.000323864,0,1,0.0750336,8.69578,0.634775,1.60976,0.975,0,0,40,0,,
64,stratified,0,4,3.53234,0.308594,2.71702,0.596924,0.654668,0.610375,0.000318713,0,1,0.0746309,7.7511,0.634037,1.58933,0.975,0,0,40,0,54.0993,45.9007
65,stratified,0,4,3.35154,0.314844,2.60685,0.626875,0.642401,0.635762,0.000313531,0,1,0.0742282,7.98999,0.654369,1.56802,0.975,0,0,40,0,,
66,stratified,0,4,3.21132,0.378516,2.5398,0.630833,0.646555,0.640177,0.000308321,0,1,0.0738255,7.8449,0.649723,1.50889,0.95,0,0,40,0,,
67,stratified,0,4,3.50552,0.311328,2.7094,0.612642,0.639106,0.629139,0.000303084,0,1,0.0734228,8.57818,0.62729,1.56444,0.95,0,0,40,0,,
68,stratified,0,4,3.26637,0.35,2.56504,0.583695,0.639356,0.604857,0.000297823,0,1,0.0730201,7.45306,0.653945,1.52434,0.975,0,0,40,0,,
69,stratified,0,4,3.27059,0.33125,2.58109,0.602917,0.640964,0.620309,0.000292541,0,1,0.0726174,8.13877,0.647754,1.51859,1,0,0,40,0,,
70,stratified,0,4,3.17061,0.227734,2.52244,0.631892,0.641171,0.647903,0.00028724,0,1,0.0722148,8.44836,0.659324,1.47968,1,0,0,40,0,,
71,stratified,0,4,3.2365,0.384375,2.54899,0.616226,0.652249,0.63245,0.000281923,0,1,0.0718121,7.81281,0.637945,1.48589,1,0,0,40,0,,
72,stratified,0,4,3.43462,0.247266,2.67991,0.572531,0.647604,0.5883,0.000276592,0,1,0.0714094,7.81006,0.628354,1.53686,0.975,0,0,40,0,,
73,stratified,0,4,3.12023,0.35,2.50751,0.627455,0.642764,0.637969,0.00027125,0,1,0.0710067,8.18187,0.654464,1.465,1,0,0,40,0,,
74,stratified,0,4,3.30988,0.34375,2.63445,0.620519,0.648697,0.636865,0.000265899,0,1,0.070604,7.58976,0.640759,1.44169,0.975,0,0,40,0,,
75,stratified,0,4,3.14356,0.269531,2.52361,0.625756,0.655704,0.642384,0.000260542,0,1,0.0702013,7.57586,0.656201,1.4685,1,0,0,40,0,57.9704,42.0296
76,stratified,0,4,3.18575,0.281641,2.55219,0.584536,0.64481,0.602649,0.000255181,0,1,0.0697987,7.54902,0.659283,1.47939,1,0,0,40,0,,
77,stratified,0,4,3.03775,0.412891,2.45967,0.617564,0.657334,0.628035,0.000249819,0,1,0.069396,7.27012,0.637337,1.41396,0.975,0,0,40,0,57.4841,42.5159
78,stratified,0,4,3.18093,0.376172,2.55416,0.651827,0.656967,0.65894,0.000244458,0,1,0.0689933,8.24064,0.628376,1.44837,0.95,0,0,40,0,,
79,stratified,0,4,2.97182,0.348047,2.41952,0.64299,0.674331,0.656733,0.000239101,0,1,0.0685906,7.58837,0.646208,1.39463,1,0,0,40,0,57.1633,42.8367
80,stratified,0,4,3.53767,0.366016,2.78392,0.652537,0.674263,0.665563,0.00023375,0,1,0.0681879,7.47376,0.613102,1.53863,0.95,0,0,40,0,,
81,stratified,0,4,3.11431,0.394141,2.51116,0.648128,0.662366,0.655629,0.000228408,0,1,0.0677852,7.24532,0.614032,1.4253,0.95,0,0,40,0,,
82,stratified,0,4,3.08561,0.259375,2.49607,0.661816,0.676145,0.669978,0.000223077,0,1,0.0673826,7.12769,0.619502,1.43591,0.95,0,0,40,0,58.524,41.476
83,stratified,0,4,2.94341,0.345703,2.41799,0.662614,0.661238,0.679912,0.00021776,0,1,0.0669799,8.19777,0.632721,1.38961,0.975,0,0,40,0,,
84,stratified,0,4,2.9414,0.317969,2.41201,0.650586,0.675215,0.661148,0.000212459,0,1,0.0665772,7.71271,0.623217,1.39889,1,0,0,40,0,,
85,stratified,0,4,2.96658,0.326562,2.43641,0.657724,0.675881,0.671082,0.000207177,0,1,0.0661745,7.89505,0.615237,1.37423,1,0,0,40,0,,
86,stratified,0,4,3.06205,0.483594,2.49176,0.658079,0.68078,0.669978,0.000201916,0,1,0.0657718,7.18345,0.619228,1.40252,0.925,0,0,40,0,59.3077,40.6923
87,stratified,0,4,2.82115,0.347656,2.34667,0.664309,0.682533,0.671082,0.000196679,0,1,0.0653691,7.94575,0.639909,1.34512,1,0,0,40,0,59.6039,40.3961
88,stratified,0,4,2.86652,0.492188,2.37782,0.652266,0.682105,0.665563,0.000191469,0,1,0.0649664,8.24641,0.63344,1.39178,1,0,0,40,0,,
89,stratified,0,4,3.00807,0.403516,2.4651,0.67349,0.68409,0.683223,0.000186287,0,1,0.0645638,7.55266,0.617362,1.37538,0.925,0,0,40,0,61.2282,38.7718
90,stratified,0,4,3.06877,0.344531,2.51115,0.644887,0.668286,0.653422,0.000181136,0,1,0.0641611,7.9846,0.620325,1.44688,1,0,0,40,0,,
91,stratified,0,4,3.0477,0.44375,2.48908,0.669808,0.667119,0.681015,0.000176018,0,1,0.0637584,7.54069,0.617116,1.39628,1,0,0,40,0,,
92,stratified,0,4,2.60428,0.323828,2.21926,0.662847,0.675119,0.672185,0.000170937,0,1,0.0633557,7.4452,0.631394,1.30499,0.975,0,0,40,0,,
93,stratified,0,4,2.68749,0.423438,2.26196,0.660386,0.681822,0.677704,0.000165893,0,1,0.062953,8.39344,0.632143,1.29684,0.975,0,0,40,0,,
94,stratified,0,4,2.77265,0.434375,2.33623,0.675094,0.681858,0.679912,0.000160891,0,1,0.0625503,7.74023,0.633173,1.36233,0.975,0,0,40,0,,
95,stratified,0,4,2.82545,0.440625,2.37466,0.676762,0.681039,0.687638,0.000155931,0,1,0.0621477,7.57031,0.619931,1.34118,0.95,0,0,40,0,,
96,stratified,0,4,2.77445,0.367578,2.33793,0.671798,0.685199,0.682119,0.000151017,0,1,0.061745,7.90773,0.63656,1.33366,1,0,0,40,0,58.9787,41.0213
97,stratified,0,4,2.68985,0.436719,2.29027,0.690159,0.69911,0.695364,0.00014615,0,1,0.0613423,7.06119,0.60363,1.24955,1,0,0,40,0,59.0933,40.9067
98,stratified,0,4,2.54883,0.344141,2.19986,0.683242,0.696179,0.692053,0.000141333,0,1,0.0609396,7.45993,0.610223,1.25035,0.975,0,0,40,0,,
99,stratified,0,4,2.6258,0.344531,2.24928,0.677261,0.682084,0.686534,0.000136569,0,1,0.0605369,7.61487,0.614674,1.26949,0.975,0,0,40,0,,
100,stratified,0,4,2.73887,0.342578,2.32007,0.67854,0.679646,0.689845,0.000131859,0,1,0.0601342,7.4499,0.613454,1.26655,1,0,0,40,0,60.5367,39.4633
101,stratified,0,4,2.38,0.324609,2.08127,0.694228,0.691811,0.700883,0.000127205,0,1,0.0597315,8.22414,0.621909,1.20888,0.975,0,0,40,0,,
102,stratified,0,4,2.76822,0.392188,2.34636,0.667245,0.68523,0.675497,0.000122611,0,1,0.0593289,,0.596179,1.29949,0.975,0,0,40,0,,
103,stratified,0,4,2.59525,0.4125,2.24378,0.699673,0.694556,0.708609,0.000118077,0,1,0.0589262,8.12891,0.61623,1.27577,0.975,0,0,40,0,62.5453,37.4547
104,stratified,0,4,2.59141,0.280469,2.24206,0.697541,0.698316,0.707506,0.000113606,0,1,0.0585235,8.28284,0.614676,1.27364,1,0,0,40,0,,
105,stratified,0,4,2.53559,0.321484,2.19376,0.641566,0.701207,0.655629,0.000109201,0,1,0.0581208,7.6225,0.600415,1.23574,1,0,0,40,0,61.8926,38.1074
106,stratified,0,4,2.96767,0.416797,2.50443,0.679174,0.69545,0.690949,0.000104863,0,1,0.0577181,7.16877,0.605174,1.33957,0.975,0,0,40,0,,
107,stratified,0,4,2.50295,0.375391,2.17591,0.707476,0.704927,0.713024,0.000100594,0,1,0.0573154,7.69363,0.578927,1.20804,0.95,0,0,40,0,63.3906,36.6094
108,stratified,0,4,2.38768,0.378516,2.10123,0.707789,0.709623,0.714128,9.63962e-05,0,1,0.0569128,7.59413,0.617068,1.20569,1,0,0,40,0,61.8711,38.1289
109,stratified,0,4,2.66867,0.421875,2.31333,0.686908,0.699468,0.69426,9.22719e-05,0,1,0.0565101,8.30016,0.604199,1.27677,0.975,0,0,40,0,,
110,stratified,0,4,2.67141,0.40625,2.32513,0.710189,0.699051,0.717439,8.82228e-05,0,1,0.0561074,7.31129,0.60271,1.29268,0.975,0,0,40,0,63.3888,36.6112
111,stratified,0,4,1.41321,0.849219,1.432,0.714142,0.705078,0.716336,8.42509e-05,0,0,0.0557047,8.52809,0.645133,1.00788,1,0,0,40,0,65.7779,34.2221
112,stratified,0,4,1.40107,0.845313,1.41764,0.712348,0.715237,0.715232,8.03579e-05,0.0020458,0,0.055302,8.30523,0.67879,1.00469,0.975,0,0,40,0,64.9381,35.0619
113,stratified,0,4,1.4457,0.828906,1.41004,0.711905,0.707401,0.716336,7.65457e-05,0.00812741,0,0.0548993,7.99684,0.737923,1.04568,1,0,0,40,0,,
114,stratified,0,4,1.49248,0.802344,1.4044,0.70368,0.706982,0.708609,7.28161e-05,0.0180789,0,0.0544966,10.1544,0.811066,1.10195,1,0,0,40,0,,
115,stratified,0,4,1.56408,0.76875,1.36386,0.716382,0.711206,0.719647,6.91709e-05,0.0316289,0,0.054094,10.8078,0.925625,1.18575,1,0,0,40,0,67.0595,32.9405
116,stratified,0,4,1.72311,0.707422,1.37279,0.714755,0.711576,0.721854,6.56117e-05,0.0484078,0,0.0536913,12.2404,1.09315,1.31891,1,0,0,40,0,,
117,stratified,0,4,1.95992,0.645703,1.38277,0.713336,0.717534,0.716336,6.21402e-05,0.0679578,0,0.0532886,14.87,1.32298,1.46122,1,0,0,40,0,68.0973,31.9027
118,stratified,0,4,2.09831,0.6125,1.32555,0.700405,0.719503,0.707506,5.87581e-05,0.0897457,0,0.0528859,16.5939,1.55491,1.55673,1,0,0,40,0,67.8773,32.1227
119,stratified,0,4,2.34779,0.5625,1.31843,0.709874,0.722366,0.714128,5.5467e-05,0.113177,0,0.0524832,19.7722,1.87364,1.63936,1,0,0,40,0,68.2133,31.7867
120,stratified,0,4,2.7186,0.516016,1.3473,0.70857,0.720446,0.714128,5.22683e-05,0.137613,0,0.0520805,22.9792,2.23469,1.72492,1,0,0,40,0,,
121,stratified,0,4,2.9239,0.501172,1.31775,0.718413,0.717671,0.721854,4.91636e-05,0.162387,0,0.0516779,24.4079,2.48301,1.78461,1,0,0,40,0,,
122,stratified,0,4,3.25992,0.447266,1.32458,0.717262,0.717924,0.721854,4.61544e-05,0.186823,0,0.0512752,26.8158,2.79014,1.87553,1,0,0,40,0,,
123,stratified,0,4,3.56246,0.410938,1.279,0.708201,0.716823,0.711921,4.3242e-05,0.210254,0,0.0508725,,3.01574,1.94613,1,0,0,40,0,,
124,stratified,0,4,3.83461,0.401562,1.30681,0.70373,0.72063,0.709713,4.04278e-05,0.232042,0,0.0504698,31.4469,3.19135,2.00247,1,0,0,40,0,,
125,stratified,0,4,4.12441,0.370703,1.30672,0.718608,0.717968,0.722958,3.77132e-05,0.251592,0,0.0500671,34.793,3.35985,2.05667,1,0,0,40,0,70.6821,29.3179
126,stratified,0,4,4.39446,0.330859,1.30762,0.705409,0.718387,0.714128,3.50995e-05,0.268371,0,0.0496644,,3.44421,2.08858,1,0,0,40,0,,
127,stratified,0,4,4.51528,0.333594,1.29282,0.715592,0.718086,0.722958,3.25877e-05,0.281921,0,0.0492617,38.23,3.5645,2.14415,1,0,0,40,0,,
128,stratified,0,4,4.55749,0.33125,1.28998,0.719287,0.717097,0.726269,3.01792e-05,0.291873,0,0.0488591,40.1468,3.58148,2.1352,1,0,0,40,0,,
129,stratified,0,4,4.4354,0.341797,1.25875,0.715915,0.715944,0.721854,2.78751e-05,0.297954,0,0.0484564,35.9331,3.52923,2.10222,1,0,0,40,0,,
130,stratified,0,4,4.46614,0.373437,1.26278,0.71618,0.72285,0.720751,2.56764e-05,0.3,0,0.0480537,36.2118,3.52638,2.07223,1,0,0,40,0,71.8293,28.1707
131,stratified,0,4,4.48869,0.357422,1.26756,0.70239,0.726285,0.709713,2.35841e-05,0.3,0,0.047651,39.914,3.56791,2.08349,1,0,0,40,0,71.4694,28.5306
132,stratified,0,4,4.51704,0.368359,1.27227,0.714934,0.722493,0.720751,2.15994e-05,0.3,0,0.0472483,,3.53689,2.07256,0.975,0,0,40,0,,
133,stratified,0,4,4.49119,0.372656,1.27378,0.714195,0.719572,0.720751,1.9723e-05,0.3,0,0.0468456,40.0391,3.50093,2.04996,1,0,0,40,0,,
134,stratified,0,4,4.34295,0.404297,1.25392,0.719548,0.726317,0.725166,1.79558e-05,0.3,0,0.046443,38.2183,3.47393,2.02653,1,0,0,40,0,71.987,28.013
135,stratified,0,4,4.38888,0.382812,1.26417,0.720987,0.722214,0.726269,1.62988e-05,0.3,0,0.0460403,40.664,3.47107,2.01923,1,0,0,40,0,,
136,stratified,0,4,4.35567,0.391016,1.2423,0.705388,0.722546,0.715232,1.47526e-05,0.3,0,0.0456376,38.5687,3.46778,2.01593,1,0,0,40,0,,
137,stratified,0,4,4.19458,0.400781,1.24488,0.717539,0.723413,0.724062,1.33181e-05,0.3,0,0.0452349,37.7626,3.40603,1.98394,1,0,0,40,0,,
138,stratified,0,4,4.20495,0.414844,1.23904,0.724335,0.72348,0.730684,1.19958e-05,0.3,0,0.0448322,41.526,3.46294,2.00942,1,0,0,40,0,,
139,stratified,0,4,4.15326,0.404297,1.21728,0.726997,0.725329,0.732892,1.07864e-05,0.3,0,0.0444295,39.2679,3.4631,2.00125,1,0,0,40,0,72.0499,27.9501
140,stratified,0,4,4.19383,0.403516,1.2188,0.724965,0.726658,0.730684,9.69048e-06,0.3,0,0.0440268,39.0914,3.44245,1.99039,1,0,0,40,0,,
141,stratified,0,4,4.1687,0.412891,1.21052,0.721249,0.725326,0.727373,8.70853e-06,0.3,0,0.0436242,39.491,3.42062,1.97799,1,0,0,40,0,,
142,stratified,0,4,4.13429,0.423828,1.22477,0.718077,0.726144,0.724062,7.84101e-06,0.3,0,0.0432215,40.1042,3.40719,1.96099,1,0,0,40,0,,
143,stratified,0,4,4.15163,0.423047,1.21214,0.719023,0.72512,0.724062,7.08833e-06,0.3,0,0.0428188,39.5447,3.41633,1.97697,1,0,0,40,0,,
144,stratified,0,4,4.25836,0.410156,1.23132,0.726208,0.723435,0.731788,6.45086e-06,0.3,0,0.0424161,37.4503,3.39091,1.95971,1,0,0,40,0,,
145,stratified,0,4,4.16717,0.417578,1.22291,0.724345,0.725012,0.729581,5.92887e-06,0.3,0,0.0420134,38.6956,3.40767,1.95694,1,0,0,40,0,,
146,stratified,0,4,4.03741,0.444922,1.19923,0.718516,0.726857,0.725166,5.52264e-06,0.3,0,0.0416107,38.8616,3.39234,1.9467,1,0,0,40,0,,
147,stratified,0,4,4.16899,0.425391,1.22193,0.717383,0.727079,0.722958,5.23233e-06,0.3,0,0.0412081,38.0394,3.38969,1.95192,1,0,0,40,0,72.1664,27.8336
148,stratified,0,4,4.15029,0.423438,1.21027,0.717289,0.725446,0.724062,5.05809e-06,0.3,0,0.0408054,39.1332,3.39869,1.95598,1,0,0,40,0,,
149,stratified,0,4,4.0329,0.436328,1.20147,0.723783,0.725666,0.728477,5e-06,0.3,0,0.0404027,40.6256,3.40933,1.95898,1,0,0,40,0,,
150,stratified,0,4,4.03611,0.428906,1.19396,0.722146,0.727654,0.727373,5e-06,0.3,0,0.04,38.9723,3.42063,1.9577,1,0,0,40,0,72.1443,27.8557
1,stratified,0,5,8.222,0.0195312,4.50014,0.0138628,0.0230991,0.0463576,0.0002,0,1,0.1,,1.26629,2.52982,0.85,0,0,40,0,0.25008,99.7499
2,stratified,0,5,7.27932,0.0335937,4.49564,0.0474205,0.0454997,0.084989,0.0003,0,1,0.0995973,12.5955,1.17441,2.19778,1,0,0,40,0,4.75625,95.2438
3,stratified,0,5,6.92781,0.0511719,4.46835,0.0689318,0.103174,0.124724,0.0004,0,1,0.0991946,7.67357,1.19582,2.23988,1,0,0,40,0,13.9013,86.0987
4,stratified,0,5,6.64729,0.0734375,4.32243,0.0940417,0.135948,0.142384,0.0005,0,1,0.0987919,5.50737,1.14624,2.31011,0.775,0,0,40,0,14.0914,85.9086
5,stratified,0,5,6.48728,0.078125,4.25739,0.12269,0.164669,0.169978,0.000499942,0,1,0.0983893,5.14728,0.99962,2.28805,0.4,0,0,40,0,16.1313,83.8687
6,stratified,0,5,6.36883,0.0570312,4.22209,0.127327,0.197945,0.175497,0.000499768,0,1,0.0979866,4.5047,0.875868,2.21898,0.25,0,0,40,0,8.69323,91.3068
7,stratified,0,5,6.19963,0.0835937,4.15125,0.159062,0.214401,0.209713,0.000499477,0,1,0.0975839,4.46496,0.81579,2.2443,0.175,0,0,40,0,10.718,89.282
8,stratified,0,5,6.24468,0.0921875,4.16566,0.172579,0.208718,0.227373,0.000499071,0,1,0.0971812,4.42759,0.759886,2.18215,0.2,0,0,40,0,,
9,stratified,0,5,6.10817,0.0976562,4.09875,0.207651,0.227221,0.246137,0.000498549,0,1,0.0967785,4.4086,0.720471,2.18851,0.15,0,0,40,0,9.62507,90.3749
10,stratified,0,5,6.19159,0.107813,4.13554,0.19013,0.247758,0.242826,0.000497912,0,1,0.0963758,4.49997,0.71184,2.23502,0.225,0,0,40,0,10.7398,89.2602
11,stratified,0,5,6.07276,0.10625,4.09445,0.220339,0.243923,0.269316,0.000497159,0,1,0.0959732,5.1443,0.685744,2.17653,0.5,0,0,40,0,,
12,stratified,0,5,6.06955,0.119922,4.08188,0.2086,0.255586,0.258278,0.000496291,0,1,0.0955705,4.66512,0.684276,2.23083,0.3,0,0,40,0,9.62374,90.3763
13,stratified,0,5,5.89519,0.111719,4.04084,0.254399,0.249551,0.289183,0.00049531,0,1,0.0951678,4.82252,0.665354,2.14986,0.375,0,0,40,0,,
14,stratified,0,5,6.00558,0.104688,4.07114,0.231536,0.276291,0.274834,0.000494214,0,1,0.0947651,5.46021,0.641575,2.12373,0.6,0,0,40,0,9.84449,90.1555
15,stratified,0,5,5.76601,0.138672,4.01015,0.231995,0.285911,0.279249,0.000493004,0,1,0.0943624,5.40706,0.651718,2.14729,0.6,0,0,40,0,10.5843,89.4157
16,stratified,0,5,5.72849,0.108594,3.98238,0.25981,0.311313,0.300221,0.000491682,0,1,0.0939597,5.42566,0.649813,2.15712,0.625,0,0,40,0,11.5613,88.4387
17,stratified,0,5,5.74428,0.162891,4.00044,0.26429,0.324174,0.30574,0.000490247,0,1,0.093557,5.72595,0.633794,2.10521,0.675,0,0,40,0,12.3425,87.6575
18,stratified,0,5,5.77946,0.163281,3.99111,0.280117,0.316196,0.317881,0.000488701,0,1,0.0931544,5.52406,0.624664,2.11013,0.625,0,0,40,0,,
19,stratified,0,5,5.61836,0.210938,3.93362,0.357915,0.344298,0.388521,0.000487044,0,1,0.0927517,6.16378,0.629106,2.10044,0.925,0,0,40,0,12.3863,87.6137
20,stratified,0,5,5.41376,0.133594,3.8194,0.252884,0.353053,0.288079,0.000485277,0,1,0.092349,6.01146,0.638784,2.09865,0.775,0,0,40,0,,
21,stratified,0,5,5.23067,0.161328,3.7273,0.268425,0.366735,0.301325,0.000483401,0,1,0.0919463,5.78576,0.624135,2.01326,0.8,0,0,40,0,13.6097,86.3903
22,stratified,0,5,5.15706,0.186328,3.691,0.358624,0.370439,0.384106,0.000481416,0,1,0.0915436,6.15632,0.62827,2.02481,0.85,0,0,40,0,16.5034,83.4966
23,stratified,0,5,5.11491,0.119141,3.65992,0.332842,0.396106,0.366446,0.000479324,0,1,0.0911409,5.8517,0.62499,2.018,0.825,0,0,40,0,21.8288,78.1712
24,stratified,0,5,5.15677,0.171094,3.68839,0.322426,0.408085,0.352097,0.000477125,0,1,0.0907383,6.07534,0.604879,1.98169,0.8,0,0,40,0,28.7448,71.2552
25,stratified,0,5,5.2313,0.131641,3.69771,0.381526,0.423903,0.416115,0.000474821,0,1,0.0903356,5.72069,0.607439,2.03225,0.675,0,0,40,0,31.6252,68.3748
26,stratified,0,5,4.93383,0.211328,3.57374,0.400606,0.433184,0.42936,0.000472412,0,1,0.0899329,6.42503,0.632363,1.98287,0.925,0,0,40,0,25.8766,74.1234
27,stratified,0,5,4.82933,0.216016,3.51622,0.398736,0.435343,0.427152,0.000469901,0,1,0.0895302,6.17024,0.610326,1.94489,0.9,0,0,40,0,26.6526,73.3474
28,stratified,0,5,5.04149,0.203516,3.63019,0.394848,0.455315,0.423841,0.000467287,0,1,0.0891275,6.25151,0.630722,1.98862,0.875,0,0,40,0,26.2864,73.7136
29,stratified,0,5,5.04772,0.2,3.61618,0.393452,0.452115,0.427152,0.000464572,0,1,0.0887248,6.18548,0.620109,2.00623,0.8,0,0,40,0,,
30,stratified,0,5,4.87386,0.238672,3.56295,0.32363,0.436157,0.362031,0.000461758,0,1,0.0883221,6.20388,0.624116,1.93383,0.875,0,0,40,0,,
31,stratified,0,5,4.75619,0.162109,3.50625,0.43583,0.442828,0.444812,0.000458846,0,1,0.0879195,6.72435,0.640278,1.95056,0.925,0,0,40,0,,
32,stratified,0,5,4.81525,0.241797,3.53215,0.386011,0.450604,0.409492,0.000455836,0,1,0.0875168,6.2603,0.637826,1.92709,0.925,0,0,40,0,,
33,stratified,0,5,5.01046,0.267188,3.61591,0.382742,0.471304,0.415011,0.000452732,0,1,0.0871141,6.32991,0.611005,1.94179,0.875,0,0,40,0,28.9524,71.0476
34,stratified,0,5,4.90818,0.210938,3.57861,0.370767,0.476096,0.405077,0.000449533,0,1,0.0867114,6.4193,0.625031,1.94635,0.925,0,0,40,0,28.6505,71.3495
35,stratified,0,5,4.83087,0.194531,3.54387,0.429436,0.475225,0.451435,0.000446242,0,1,0.0863087,6.74026,0.63108,1.90225,0.9,0,0,40,0,,
36,stratified,0,5,4.75502,0.181641,3.5166,0.365058,0.500287,0.38521,0.00044286,0,1,0.085906,6.89777,0.643718,1.87617,0.95,0,0,40,0,29.3247,70.6753
37,stratified,0,5,4.67254,0.210938,3.47673,0.442739,0.486768,0.472406,0.000439388,0,1,0.0855034,6.9543,0.650221,1.90069,0.95,0,0,40,0,,
38,stratified,0,5,4.65731,0.238281,3.46509,0.466307,0.508296,0.49117,0.000435829,0,1,0.0851007,6.0773,0.629847,1.81931,0.9,0,0,40,0,29.6317,70.3683
39,stratified,0,5,4.54123,0.222266,3.42684,0.512387,0.500847,0.52649,0.000432184,0,1,0.084698,7.80471,0.637224,1.80367,1,0,0,40,0,28.6303,71.3697
40,stratified,0,5,4.45514,0.219531,3.37804,0.474311,0.494151,0.5,0.000428454,0,1,0.0842953,7.36878,0.664393,1.81858,0.925,0,0,40,0,,
41,stratified,0,5,4.63387,0.240234,3.45932,0.467979,0.490086,0.492274,0.000424642,0,1,0.0838926,7.17109,0.631286,1.82431,0.875,0,0,40,0,,
42,stratified,0,5,4.6391,0.200781,3.46727,0.445468,0.522329,0.462472,0.000420749,0,1,0.0834899,6.90101,0.63358,1.83016,0.925,0,0,40,0,33.2503,66.7497
43,stratified,0,5,4.51469,0.222266,3.387,0.466517,0.500758,0.487859,0.000416777,0,1,0.0830872,6.74653,0.631591,1.82253,0.925,0,0,40,0,,
44,stratified,0,5,4.60697,0.261328,3.44212,0.425978,0.51608,0.461369,0.000412728,0,1,0.0826846,7.06615,0.618277,1.81915,0.9,0,0,40,0,,
45,stratified,0,5,4.25013,0.320703,3.27593,0.501008,0.53334,0.513245,0.000408604,0,1,0.0822819,7.29078,0.642257,1.7581,0.975,0,0,40,0,34.6528,65.3472
46,stratified,0,5,4.45676,0.266406,3.37954,0.432012,0.524726,0.454746,0.000404406,0,1,0.0818792,7.06096,0.650375,1.87276,0.95,0,0,40,0,,
47,stratified,0,5,4.52696,0.236719,3.38852,0.494279,0.523361,0.519868,0.000400137,0,1,0.0814765,6.82233,0.636819,1.83976,0.825,0,0,40,0,,
48,stratified,0,5,4.39402,0.224609,3.34436,0.485431,0.521155,0.513245,0.000395799,0,1,0.0810738,7.2678,0.649249,1.79443,0.875,0,0,40,0,,
49,stratified,0,5,4.25922,0.268359,3.28702,0.512723,0.523854,0.52649,0.000391394,0,1,0.0806711,7.67188,0.646939,1.76196,0.975,0,0,40,0,,
50,stratified,0,5,4.02892,0.225391,3.14338,0.482553,0.546106,0.503311,0.000386923,0,1,0.0802685,7.25035,0.648006,1.7139,1,0,0,40,0,35.7813,64.2187
51,stratified,0,5,4.22147,0.273047,3.24074,0.550654,0.561877,0.56181,0.000382389,0,1,0.0798658,7.90939,0.641994,1.74082,1,0,0,40,0,34.8673,65.1327
52,stratified,0,5,4.20058,0.259375,3.23589,0.510462,0.553098,0.529801,0.000377795,0,1,0.0794631,7.8634,0.634854,1.72724,0.975,0,0,40,0,,
53,stratified,0,5,4.0968,0.310547,3.19302,0.551198,0.559036,0.562914,0.000373141,0,1,0.0790604,7.67231,0.653311,1.75414,0.975,0,0,40,0,,
54,stratified,0,5,3.89594,0.276953,3.07863,0.557994,0.559775,0.575055,0.000368431,0,1,0.0786577,8.39305,0.694973,1.72929,1,0,0,40,0,,
55,stratified,0,5,4.06841,0.317188,3.17976,0.564181,0.577414,0.581678,0.000363667,0,1,0.078255,7.94746,0.634804,1.71889,1,0,0,40,0,38.5723,61.4277
56,stratified,0,5,3.99604,0.312109,3.13002,0.551053,0.58063,0.567329,0.00035885,0,1,0.0778523,8.47429,0.629195,1.67734,1,0,0,40,0,37.8056,62.1944
57,stratified,0,5,3.86456,0.289062,3.07186,0.520808,0.577392,0.539735,0.000353983,0,1,0.0774497,8.20306,0.656039,1.67675,0.975,0,0,40,0,,
58,stratified,0,5,3.97213,0.275781,3.1179,0.560731,0.574716,0.575055,0.000349069,0,1,0.077047,8.53508,0.6634,1.69926,0.975,0,0,40,0,,
59,stratified,0,5,3.95641,0.275391,3.10863,0.558233,0.587942,0.578366,0.000344109,0,1,0.0766443,7.86319,0.660168,1.71231,1,0,0,40,0,42.2427,57.7573
60,stratified,0,5,3.79564,0.273047,3.01901,0.606127,0.595032,0.611479,0.000339107,0,1,0.0762416,8.20019,0.640296,1.62152,0.95,0,0,40,0,43.5661,56.4339
61,stratified,0,5,3.7438,0.260937,3.00976,0.535729,0.589687,0.545254,0.000334063,0,1,0.0758389,8.56119,0.671535,1.6315,1,0,0,40,0,,
62,stratified,0,5,3.74029,0.298828,3.02127,0.570419,0.575421,0.587196,0.000328982,0,1,0.0754362,9.02119,0.681215,1.66508,0.95,0,0,40,0,,
63,stratified,0,5,3.77611,0.277344,3.01731,0.570996,0.603586,0.587196,0.000323864,0,1,0.0750336,7.97224,0.676241,1.68893,0.975,0,0,40,0,,
64,stratified,0,5,3.58918,0.255469,2.90532,0.607277,0.613475,0.615894,0.000318713,0,1,0.0746309,8.93469,0.678881,1.63496,0.975,0,0,40,0,40.7591,59.2409
65,stratified,0,5,4.10027,0.253906,3.2197,0.544755,0.594688,0.565121,0.000313531,0,1,0.0742282,8.61454,0.624906,1.69639,1,0,0,40,0,,
66,stratified,0,5,3.47546,0.325,2.85979,0.602486,0.604287,0.608168,0.000308321,0,1,0.0738255,8.76496,0.675569,1.57732,1,0,0,40,0,,
67,stratified,0,5,3.85867,0.301172,3.07895,0.501603,0.572475,0.527594,0.000303084,0,1,0.0734228,7.87007,0.650217,1.65762,1,0,0,40,0,,
68,stratified,0,5,3.73649,0.349609,3.00047,0.55569,0.618486,0.577263,0.000297823,0,1,0.0730201,8.51797,0.650149,1.64936,1,0,0,40,0,44.8448,55.1552
69,stratified,0,5,3.67798,0.411328,2.98032,0.513339,0.60778,0.530905,0.000292541,0,1,0.0726174,8.75914,0.656686,1.67123,1,0,0,40,0,,
70,stratified,0,5,3.6414,0.220703,2.9567,0.601673,0.614982,0.613687,0.00028724,0,1,0.0722148,8.57096,0.66725,1.59872,1,0,0,40,0,,
71,stratified,0,5,3.57248,0.291406,2.95042,0.593987,0.617195,0.60596,0.000281923,0,1,0.0718121,9.35157,0.676271,1.63806,1,0,0,40,0,,
72,stratified,0,5,3.63291,0.316406,2.97465,0.61384,0.605348,0.622517,0.000276592,0,1,0.0714094,8.27023,0.675651,1.64079,1,0,0,40,0,,
73,stratified,0,5,3.45705,0.282422,2.86903,0.56907,0.610848,0.582781,0.00027125,0,1,0.0710067,8.65784,0.666301,1.56182,1,0,0,40,0,,
74,stratified,0,5,3.6979,0.267578,2.99184,0.573042,0.599567,0.5883,0.000265899,0,1,0.070604,8.13081,0.662833,1.63561,1,0,0,40,0,,
75,stratified,0,5,3.49773,0.353125,2.87883,0.598016,0.612823,0.612583,0.000260542,0,1,0.0702013,8.76627,0.666152,1.57543,0.975,0,0,40,0,45.8738,54.1262
76,stratified,0,5,3.47527,0.293359,2.86798,0.618815,0.621542,0.628035,0.000255181,0,1,0.0697987,8.19708,0.672413,1.55178,1,0,0,40,0,48.435,51.565
77,stratified,0,5,3.55605,0.28125,2.93198,0.608462,0.614378,0.618102,0.000249819,0,1,0.069396,8.26555,0.668472,1.60026,1,0,0,40,0,,
78,stratified,0,5,3.55867,0.289844,2.93115,0.603674,0.612367,0.619205,0.000244458,0,1,0.0689933,8.57311,0.642177,1.55885,0.95,0,0,40,0,,
79,stratified,0,5,3.37472,0.284766,2.82029,0.609688,0.624546,0.622517,0.000239101,0,1,0.0685906,8.37656,0.666696,1.52383,1,0,0,40,0,46.5676,53.4324
80,stratified,0,5,3.38886,0.344531,2.82414,0.604678,0.620084,0.618102,0.00023375,0,1,0.0681879,8.0923,0.673346,1.54806,1,0,0,40,0,,
81,stratified,0,5,3.40464,0.294141,2.85374,0.607915,0.634103,0.619205,0.000228408,0,1,0.0677852,8.87512,0.64926,1.5471,1,0,0,40,0,46.1155,53.8845
82,stratified,0,5,3.40017,0.280078,2.86098,0.58383,0.621868,0.599338,0.000223077,0,1,0.0673826,8.80846,0.661075,1.5193,0.975,0,0,40,0,,
83,stratified,0,5,3.20876,0.366797,2.73467,0.608458,0.620532,0.620309,0.00021776,0,1,0.0669799,8.77078,0.683961,1.51449,1,0,0,40,0,,
84,stratified,0,5,3.31929,0.273047,2.79882,0.605102,0.632458,0.61479,0.000212459,0,1,0.0665772,9.78671,0.675813,1.54817,1,0,0,40,0,,
85,stratified,0,5,3.34863,0.324219,2.818,0.630889,0.633111,0.637969,0.000207177,0,1,0.0661745,8.37092,0.657733,1.5296,0.975,0,0,40,0,,
86,stratified,0,5,3.40664,0.317578,2.88333,0.586574,0.62111,0.603753,0.000201916,0,1,0.0657718,8.44095,0.667026,1.53011,1,0,0,40,0,,
87,stratified,0,5,3.2548,0.310156,2.77392,0.624937,0.635688,0.635762,0.000196679,0,1,0.0653691,8.85412,0.682858,1.54296,1,0,0,40,0,49.2058,50.7942
88,stratified,0,5,3.26844,0.4,2.77558,0.592413,0.640535,0.603753,0.000191469,0,1,0.0649664,8.96227,0.689379,1.5429,1,0,0,40,0,49.7327,50.2673
89,stratified,0,5,3.11669,0.260937,2.71296,0.625549,0.645702,0.635762,0.000186287,0,1,0.0645638,9.28453,0.693921,1.50954,0.975,0,0,40,0,49.9577,50.0423
90,stratified,0,5,3.33954,0.309766,2.81534,0.625899,0.619466,0.629139,0.000181136,0,1,0.0641611,8.96043,0.669124,1.53857,1,0,0,40,0,,
91,stratified,0,5,3.24096,0.371875,2.76982,0.618816,0.634762,0.626932,0.000176018,0,1,0.0637584,8.34434,0.661768,1.49237,0.975,0,0,40,0,,
92,stratified,0,5,3.085,0.324219,2.68264,0.612907,0.637289,0.624724,0.000170937,0,1,0.0633557,8.35705,0.675472,1.44722,1,0,0,40,0,,
93,stratified,0,5,3.05104,0.330469,2.66775,0.640744,0.64185,0.647903,0.000165893,0,1,0.062953,8.72317,0.681345,1.48501,1,0,0,40,0,,
94,stratified,0,5,2.85764,0.373828,2.54894,0.649845,0.647974,0.65894,0.000160891,0,1,0.0625503,9.7121,0.684924,1.40638,1,0,0,40,0,49.0643,50.9357
95,stratified,0,5,3.16275,0.285156,2.74943,0.640247,0.641126,0.649007,0.000155931,0,1,0.0621477,8.65364,0.673958,1.51765,1,0,0,40,0,,
96,stratified,0,5,3.06234,0.305469,2.68631,0.644366,0.639648,0.652318,0.000151017,0,1,0.061745,8.82249,0.681497,1.49601,1,0,0,40,0,,
97,stratified,0,5,3.16654,0.387109,2.75928,0.587332,0.645614,0.600442,0.00014615,0,1,0.0613423,8.7285,0.666279,1.49939,1,0,0,40,0,,
98,stratified,0,5,2.88033,0.404687,2.57334,0.647936,0.641381,0.655629,0.000141333,0,1,0.0609396,9.09622,0.695063,1.41614,1,0,0,40,0,,
99,stratified,0,5,2.96079,0.428516,2.63631,0.622043,0.641655,0.635762,0.000136569,0,1,0.0605369,8.48031,0.682605,1.41922,1,0,0,40,0,,
100,stratified,0,5,2.92141,0.374609,2.61291,0.666909,0.65166,0.669978,0.000131859,0,1,0.0601342,8.2335,0.680035,1.41866,1,0,0,40,0,49.047,50.953
101,stratified,0,5,3.30172,0.317578,2.86153,0.639035,0.654872,0.645695,0.000127205,0,1,0.0597315,7.86361,0.639945,1.5041,0.975,0,0,40,0,,
102,stratified,0,5,2.76058,0.261328,2.52509,0.64816,0.661817,0.651214,0.000122611,0,1,0.0593289,9.55469,0.703061,1.37761,1,0,0,40,0,,
103,stratified,0,5,2.91066,0.458594,2.63871,0.638139,0.664558,0.647903,0.000118077,0,1,0.0589262,8.44684,0.667587,1.41568,0.975,0,0,40,0,,
104,stratified,0,5,3.04266,0.355859,2.68871,0.651807,0.663049,0.655629,0.000113606,0,1,0.0585235,8.61314,0.670513,1.49553,1,0,0,40,0,,
105,stratified,0,5,3.24452,0.361328,2.825,0.648563,0.660161,0.653422,0.000109201,0,1,0.0581208,8.2575,0.651254,1.50478,1,0,0,40,0,,
106,stratified,0,5,2.90176,0.398047,2.61361,0.642075,0.651547,0.647903,0.000104863,0,1,0.0577181,8.00089,0.678405,1.39798,1,0,0,40,0,,
107,stratified,0,5,2.81856,0.244531,2.58111,0.634465,0.662107,0.646799,0.000100594,0,1,0.0573154,8.46204,0.677595,1.38952,1,0,0,40,0,,
108,stratified,0,5,2.68136,0.388281,2.48571,0.648934,0.653649,0.653422,9.63962e-05,0,1,0.0569128,8.69311,0.69801,1.40734,1,0,0,40,0,,
109,stratified,0,5,2.88131,0.285156,2.63852,0.648819,0.656917,0.657837,9.22719e-05,0,1,0.0565101,8.32978,0.667966,1.42456,0.975,0,0,40,0,,
110,stratified,0,5,2.78279,0.303516,2.56134,0.625713,0.658479,0.635762,8.82228e-05,0,1,0.0561074,8.31105,0.681732,1.37796,1,0,0,40,0,,
111,stratified,0,5,1.80343,0.761719,1.95345,0.662936,0.678797,0.665563,8.42509e-05,0,0,0.0557047,9.67721,0.779761,1.23686,1,0,0,40,0,49.924,50.076
112,stratified,0,5,1.8014,0.752734,1.92536,0.662672,0.672742,0.664459,8.03579e-05,0.0020458,0,0.055302,9.9051,0.815668,1.20139,1,0,0,40,0,,
113,stratified,0,5,1.84314,0.732422,1.93245,0.672808,0.683947,0.674393,7.65457e-05,0.00812741,0,0.0548993,10.7813,0.873057,1.24424,1,0,0,40,0,51.136,48.8639
114,stratified,0,5,1.93998,0.691406,1.8884,0.682731,0.678154,0.68543,7.28161e-05,0.0180789,0,0.0544966,,0.969169,1.37058,1,0,0,40,0,,
115,stratified,0,5,2.09501,0.632812,1.89696,0.675108,0.688582,0.678808,6.91709e-05,0.0316289,0,0.054094,12.4466,1.1285,1.47432,1,0,0,40,0,51.1967,48.8032
116,stratified,0,5,2.30237,0.564063,1.8835,0.664049,0.678316,0.669978,6.56117e-05,0.0484078,0,0.0536913,15.7222,1.31907,1.59998,1,0,0,40,0,,
117,stratified,0,5,2.51642,0.519531,1.84899,0.690389,0.683299,0.693157,6.21402e-05,0.0679578,0,0.0532886,16.6621,1.53988,1.7033,1,0,0,40,0,52.0688,47.9312
118,stratified,0,5,2.89602,0.44375,1.86217,0.668135,0.681311,0.672185,5.87581e-05,0.0897457,0,0.0528859,18.7216,1.79055,1.8219,1,0,0,40,0,,
119,stratified,0,5,3.25065,0.399609,1.85007,0.676552,0.691611,0.682119,5.5467e-05,0.113177,0,0.0524832,22.201,2.095,1.90949,1,0,0,40,0,53.9106,46.0894
120,stratified,0,5,3.58506,0.347656,1.82444,0.671977,0.684847,0.6766,5.22683e-05,0.137613,0,0.0520805,23.9763,2.38885,1.98697,1,0,0,40,0,,
121,stratified,0,5,4.02552,0.322656,1.84898,0.665619,0.68959,0.66777,4.91636e-05,0.162387,0,0.0516779,26.8329,2.68104,2.05207,1,0,0,40,0,,
122,stratified,0,5,4.46762,0.290234,1.83099,0.682193,0.685107,0.687638,4.61544e-05,0.186823,0,0.0512752,28.9932,2.93916,2.11991,1,0,0,40,0,,
123,stratified,0,5,4.91217,0.257031,1.829,0.669475,0.687935,0.675497,4.3242e-05,0.210254,0,0.0508725,31.6521,3.19008,2.20215,1,0,0,40,0,,
124,stratified,0,5,5.20254,0.244531,1.83535,0.668381,0.689431,0.6766,4.04278e-05,0.232042,0,0.0504698,33.1551,3.33723,2.23988,1,0,0,40,0,,
125,stratified,0,5,5.65112,0.212109,1.8419,0.672803,0.690283,0.682119,3.77132e-05,0.251592,0,0.0500671,37.6598,3.43177,2.25774,1,0,0,40,0,56.1464,43.8536
126,stratified,0,5,5.88502,0.208203,1.83007,0.655778,0.6857,0.666667,3.50995e-05,0.268371,0,0.0496644,36.4802,3.50979,2.30198,1,0,0,40,0,,
127,stratified,0,5,6.05478,0.2,1.81786,0.675174,0.689333,0.682119,3.25877e-05,0.281921,0,0.0492617,38.8944,3.60625,2.3121,1,0,0,40,0,,
128,stratified,0,5,6.23649,0.194922,1.8044,0.672211,0.69326,0.681015,3.01792e-05,0.291873,0,0.0488591,38.6134,3.63354,2.32209,1,0,0,40,0,56.4139,43.5861
129,stratified,0,5,6.3688,0.190625,1.82631,0.661472,0.685168,0.668874,2.78751e-05,0.297954,0,0.0484564,38.8911,3.65223,2.33745,1,0,0,40,0,,
130,stratified,0,5,6.28667,0.203906,1.8031,0.668171,0.679615,0.675497,2.56764e-05,0.3,0,0.0480537,41.6958,3.70262,2.33147,1,0,0,40,0,,
131,stratified,0,5,6.30477,0.203125,1.78399,0.672952,0.6807,0.682119,2.35841e-05,0.3,0,0.047651,40.5223,3.66063,2.31816,1,0,0,40,0,,
132,stratified,0,5,6.34342,0.208984,1.82437,0.666223,0.689286,0.672185,2.15994e-05,0.3,0,0.0472483,43.2044,3.64139,2.31228,1,0,0,40,0,,
133,stratified,0,5,6.14833,0.218359,1.78947,0.673049,0.684245,0.678808,1.9723e-05,0.3,0,0.0468456,44.4514,3.63201,2.28896,1,0,0,40,0,,
134,stratified,0,5,6.20665,0.213281,1.81133,0.680172,0.673258,0.687638,1.79558e-05,0.3,0,0.046443,41.077,3.6158,2.26855,1,0,0,40,0,,
135,stratified,0,5,6.23851,0.226562,1.79098,0.672552,0.685781,0.678808,1.62988e-05,0.3,0,0.0460403,42.9189,3.68921,2.30334,1,0,0,40,0,,
136,stratified,0,5,6.11543,0.233594,1.79337,0.675607,0.676972,0.683223,1.47526e-05,0.3,0,0.0456376,43.044,3.56934,2.24024,1,0,0,40,0,,
137,stratified,0,5,6.16471,0.224609,1.7874,0.681047,0.677144,0.688742,1.33181e-05,0.3,0,0.0452349,41.6579,3.63587,2.28607,1,0,0,40,0,,
138,stratified,0,5,6.03311,0.237891,1.76484,0.670183,0.679145,0.677704,1.19958e-05,0.3,0,0.0448322,41.3348,3.6226,2.26438,1,0,0,40,0,,
139,stratified,0,5,6.048,0.242969,1.76963,0.679432,0.672328,0.688742,1.07864e-05,0.3,0,0.0444295,42.1267,3.58397,2.25204,1,0,0,40,0,,
140,stratified,0,5,5.99128,0.248828,1.76212,0.682377,0.680509,0.689845,9.69048e-06,0.3,0,0.0440268,41.8709,3.62905,2.26006,1,0,0,40,0,,
141,stratified,0,5,5.89404,0.244531,1.75972,0.683191,0.685062,0.689845,8.70853e-06,0.3,0,0.0436242,43.4035,3.61199,2.24874,1,0,0,40,0,,
142,stratified,0,5,5.9566,0.243359,1.76386,0.682892,0.681855,0.688742,7.84101e-06,0.3,0,0.0432215,45.1771,3.59931,2.25066,1,0,0,40,0,,
143,stratified,0,5,6.22056,0.241406,1.78112,0.681734,0.683909,0.689845,7.08833e-06,0.3,0,0.0428188,45.4897,3.60199,2.24748,1,0,0,40,0,,
144,stratified,0,5,5.96501,0.246094,1.75628,0.677675,0.681163,0.684327,6.45086e-06,0.3,0,0.0424161,44.0334,3.61467,2.24317,1,0,0,40,0,,
145,stratified,0,5,5.87114,0.244922,1.73925,0.678275,0.680049,0.684327,5.92887e-06,0.3,0,0.0420134,,3.61327,2.24623,0.975,0,0,40,0,,
146,stratified,0,5,6.11329,0.240625,1.7879,0.680399,0.682821,0.687638,5.52264e-06,0.3,0,0.0416107,42.1882,3.65086,2.26859,1,0,0,40,0,,
147,stratified,0,5,5.97716,0.257812,1.75976,0.682511,0.682391,0.689845,5.23233e-06,0.3,0,0.0412081,41.373,3.59321,2.23291,1,0,0,40,0,,
148,stratified,0,5,6.00659,0.251172,1.7654,0.678398,0.679973,0.686534,5.05809e-06,0.3,0,0.0408054,41.8018,3.58832,2.23533,1,0,0,40,0,,
149,stratified,0,5,6.01911,0.248047,1.77004,0.683533,0.685367,0.690949,5e-06,0.3,0,0.0404027,42.3171,3.64402,2.25755,1,0,0,40,0,,
150,stratified,0,5,5.97391,0.251563,1.74487,0.680997,0.680903,0.688742,5e-06,0.3,0,0.04,41.3779,3.58304,2.23163,1,0,0,40,0,58.7972,41.2028
