cell,epoch,sched/lr,sched/mixup,sched/label_smooth,sched/aux_weight_applied,train/loss,train/loss_main,train/acc_plain,train/epoch_s,val/f1_live,val/f1_ema,val/acc_live,val/acc_ema,val/f1_best,fit/clean_train_acc_live,fit/clean_train_acc_ema,grad_norm/clip_fraction,grad_norm/preclip_backbone,grad_norm/nonfinite_steps,grad_norm/stem,grad_norm/tail,grad_norm/spectral,grad_norm/fuse,influence/branch_spatial,influence/branch_spectral
Y3/lean_grouped__f0_s1,1,0.0002,1,0.1,0.647725,8.42946,5.51503,0.0206473,16.7081,0.00848512,0.0115065,0.0380952,0.0428571,0.0115065,0.036,0.043,0.047619,38.7074,3,30.3748,19.7668,9.58436,8.56496,0.0297853,99.9702
Y3/lean_grouped__f0_s1,2,0.0003,1,0.0996985,0.64545,7.33148,4.42819,0.0262277,5.13678,0.0449941,0.0405185,0.0952381,0.0873016,0.0449941,0.085,0.084,0.0119048,16.9138,0,10.5105,10.2026,4.88462,5.24635,0.377842,99.6222
Y3/lean_grouped__f0_s1,3,0.0004,1,0.099397,0.643175,6.93953,4.05706,0.0435268,5.14706,0.0688736,0.0689473,0.112698,0.103175,0.0689473,0.118,0.129,0,10.1943,0,5.51738,5.36536,4.28874,4.45887,3.94224,96.0578
Y3/lean_grouped__f0_s1,4,0.0005,1,0.0990955,0.6409,6.74096,3.92243,0.0396205,5.18444,0.0905884,0.118381,0.152381,0.163492,0.118381,0.155,0.192,0,9.43254,0,5.90259,3.99874,4.06932,3.96992,20.2797,79.7203
Y3/lean_grouped__f0_s1,5,0.000499968,1,0.098794,0.638625,6.43691,3.79169,0.0736607,5.09792,0.092695,0.168126,0.139683,0.201587,0.168126,0.152,0.241,0,8.40648,0,5.70983,3.15598,3.30084,3.40728,26.8783,73.1217
Y3/lean_grouped__f0_s1,6,0.000499872,1,0.0984925,0.63635,6.15822,3.62198,0.0948661,5.06741,0.107999,0.183535,0.169841,0.228571,0.183535,0.212,0.261,0,7.53191,0,4.7841,2.81505,3.45547,3.31907,29.4506,70.5494
Y3/lean_grouped__f0_s1,7,0.000499711,1,0.098191,0.634075,6.11315,3.59511,0.0965402,5.14945,0.159044,0.205052,0.212698,0.247619,0.205052,0.245,0.282,0,7.38286,0,4.93026,2.50318,3.2834,3.06162,30.1153,69.8847
Y3/lean_grouped__f0_s1,8,0.000499486,1,0.0978894,0.6318,5.9976,3.50961,0.147879,5.21365,0.191884,0.211731,0.246032,0.25873,0.211731,0.261,0.306,0,7.41614,0,4.84822,2.52064,3.46139,2.98542,33.7433,66.2567
Y3/lean_grouped__f0_s1,9,0.000499197,1,0.0975879,0.629525,6.00906,3.54863,0.116629,5.17913,0.145757,0.224002,0.185714,0.268254,0.224002,0.207,0.315,0,6.83589,0,4.1672,2.2533,3.60275,2.82132,32.3427,67.6573
Y3/lean_grouped__f0_s1,10,0.000498845,1,0.0972864,0.62725,5.85743,3.4439,0.0948661,5.28826,0.0853386,0.249068,0.133333,0.284127,0.249068,0.161,0.336,0,7.99303,0,5.8538,2.38892,3.35236,2.7026,32.7428,67.2572
Y3/lean_grouped__f0_s1,11,0.000498428,1,0.0969849,0.624975,5.65894,3.32137,0.151228,5.29757,0.216958,0.269972,0.269841,0.306349,0.269972,0.291,0.367,0,7.13342,0,4.76493,2.50526,3.37919,2.67481,32.4569,67.5431
Y3/lean_grouped__f0_s1,12,0.000497947,1,0.0966834,0.6227,5.66567,3.34919,0.144531,5.35431,0.202938,0.268373,0.250794,0.311111,0.269972,,,0,7.3954,0,5.25961,2.24764,3.38066,2.59692,,
Y3/lean_grouped__f0_s1,13,0.000497403,1,0.0963819,0.620425,5.56581,3.2726,0.175223,5.27153,0.228324,0.283826,0.277778,0.325397,0.283826,0.336,0.391,0,6.71165,0,4.47478,2.16751,3.39505,2.5064,34.0775,65.9225
Y3/lean_grouped__f0_s1,14,0.000496795,1,0.0960804,0.61815,5.59167,3.30514,0.172433,5.33323,0.253746,0.306756,0.293651,0.350794,0.306756,0.365,0.406,0,8.47086,0,6.43733,2.63972,3.45464,2.53636,36.9405,63.0595
Y3/lean_grouped__f0_s1,15,0.000496124,1,0.0957789,0.615875,5.48863,3.25411,0.152344,5.2911,0.267001,0.325744,0.312698,0.368254,0.325744,0.366,0.406,0,7.88635,0,5.8425,2.51739,3.54454,2.46236,36.7156,63.2844
Y3/lean_grouped__f0_s1,16,0.000495389,1,0.0954774,0.6136,5.43406,3.22502,0.127232,5.27583,0.270605,0.331674,0.32381,0.369841,0.331674,0.375,0.422,0,7.80162,0,6.01116,2.39783,3.08536,2.33342,35.0552,64.9448
Y3/lean_grouped__f0_s1,17,0.000494592,1,0.0951759,0.611325,5.20875,3.07616,0.142299,5.36723,0.31023,0.32635,0.353968,0.369841,0.331674,,,0,9.20848,0,7.40806,2.69862,3.57539,2.46327,,
Y3/lean_grouped__f0_s1,18,0.000493731,1,0.0948744,0.60905,5.21434,3.0944,0.15346,5.37963,0.272319,0.34878,0.320635,0.388889,0.34878,0.407,0.456,0,8.4333,0,6.60931,2.44979,3.47691,2.36232,38.2462,61.7538
Y3/lean_grouped__f0_s1,19,0.000492808,1,0.0945729,0.606775,5.28829,3.146,0.140067,5.28653,0.253784,0.337904,0.298413,0.38254,0.34878,,,0,7.9167,0,6.00798,2.28651,3.58402,2.23335,,
Y3/lean_grouped__f0_s1,20,0.000491823,1,0.0942714,0.6045,5.27034,3.14688,0.11942,5.46305,0.303405,0.337797,0.339683,0.38254,0.34878,,,0,7.71892,0,5.7283,2.46703,3.50187,2.23665,,
Y3/lean_grouped__f0_s1,21,0.000490775,1,0.0939698,0.602225,5.29683,3.17775,0.171875,5.33523,0.265047,0.360724,0.315873,0.403175,0.360724,0.374,0.464,0,7.3913,0,5.71698,2.22061,3.11679,2.19677,38.6866,61.3134
Y3/lean_grouped__f0_s1,22,0.000489666,1,0.0936683,0.59995,5.07079,3.03187,0.155134,5.374,0.328529,0.370972,0.373016,0.409524,0.370972,0.417,0.485,0,7.79197,0,6.00786,2.30576,3.40227,2.19312,37.2701,62.7299
Y3/lean_grouped__f0_s1,23,0.000488495,1,0.0933668,0.597675,4.92492,2.92779,0.196429,5.33396,0.276855,0.394816,0.309524,0.431746,0.394816,0.355,0.491,0,9.61856,0,7.95447,2.66909,3.54287,2.16368,39.5545,60.4455
Y3/lean_grouped__f0_s1,24,0.000487263,1,0.0930653,0.5954,4.87819,2.90008,0.253906,5.3441,0.228772,0.379576,0.277778,0.419048,0.394816,,,0,9.94317,0,8.4439,2.503,3.39784,2.14004,,
Y3/lean_grouped__f0_s1,25,0.00048597,1,0.0927638,0.593125,5.07473,3.04657,0.15346,5.32536,0.315464,0.37784,0.353968,0.422222,0.394816,0.414,0.487,0,9.62903,0,7.95205,2.87502,3.54988,2.14092,43.6205,56.3795
Y3/lean_grouped__f0_s1,26,0.000484616,1,0.0924623,0.59085,4.87852,2.91483,0.139509,5.41231,0.307738,0.387135,0.353968,0.422222,0.394816,,,0,8.84813,0,7.00058,2.46966,3.78096,2.06732,,
Y3/lean_grouped__f0_s1,27,0.000483202,1,0.0921608,0.588575,4.98533,2.99254,0.118862,5.57068,0.199116,0.396321,0.253968,0.426984,0.396321,0.276,0.509,0,8.8133,0,7.10547,2.5722,3.57756,2.07795,45.6967,54.3033
Y3/lean_grouped__f0_s1,28,0.000481728,1,0.0918593,0.5863,4.92755,2.96216,0.216518,5.4734,0.288147,0.399413,0.347619,0.428571,0.399413,0.402,0.52,0,8.78984,0,7.21126,2.43264,3.38488,2.01981,46.3814,53.6186
Y3/lean_grouped__f0_s1,29,0.000480195,1,0.0915578,0.584025,4.92403,2.96129,0.204799,5.39166,0.353319,0.436258,0.387302,0.461905,0.436258,0.479,0.538,0,9.19882,0,7.47857,2.4832,3.81135,2.04477,45.5699,54.4301
Y3/lean_grouped__f0_s1,30,0.000478603,1,0.0912563,0.58175,4.79266,2.88293,0.172991,5.38684,0.344159,0.43874,0.38254,0.463492,0.43874,0.438,0.548,0,9.01995,0,7.604,2.41766,3.14251,1.98782,43.85,56.15
Y3/lean_grouped__f0_s1,31,0.000476951,0,0.0909548,0.579475,3.82658,2.20793,0.507812,5.35763,0.400671,0.443613,0.420635,0.460317,0.443613,0.487,0.564,0,10.4624,0,8.93882,2.94768,3.59477,2.11464,42.0979,57.9021
Y3/lean_grouped__f0_s1,32,0.000475242,0,0.0906533,0.5772,3.83134,2.21593,0.495536,5.34347,0.423683,0.445111,0.44127,0.465079,0.445111,0.482,0.583,0,11.0279,0,9.55181,3.11701,3.51166,2.14748,41.8522,58.1478
Y3/lean_grouped__f0_s1,33,0.000473475,0,0.0903518,0.574925,3.68856,2.13895,0.507812,5.39082,0.378473,0.473853,0.407937,0.487302,0.473853,0.504,0.603,0,10.4384,0,8.94608,2.98102,3.55353,2.14248,45.2467,54.7533
Y3/lean_grouped__f0_s1,34,0.00047165,0,0.0900503,0.57265,3.61366,2.08794,0.537388,5.37476,0.426311,0.47933,0.446032,0.492063,0.47933,0.547,0.607,0,12.1698,0,10.7404,3.35212,3.60044,2.09458,50.0744,49.9256
Y3/lean_grouped__f0_s1,35,0.000469769,0,0.0897487,0.570375,3.52728,2.03044,0.546875,5.32605,0.393899,0.498885,0.41746,0.511111,0.498885,0.526,0.634,0,11.9627,0,10.5714,3.24419,3.55184,2.05539,49.6615,50.3385
Y3/lean_grouped__f0_s1,36,0.000467831,0,0.0894472,0.5681,3.49597,2.02431,0.544643,5.27499,0.415736,0.504833,0.447619,0.520635,0.504833,0.557,0.638,0,12.9207,0,11.7044,3.29637,3.41059,2.03406,47.9395,52.0605
Y3/lean_grouped__f0_s1,37,0.000465837,0,0.0891457,0.565825,3.42567,1.97744,0.571429,5.40685,0.480224,0.499051,0.501587,0.512698,0.504833,,,0,11.4732,0,10.1645,3.16886,3.33334,1.98385,,
Y3/lean_grouped__f0_s1,38,0.000463788,0,0.0888442,0.56355,3.36372,1.95475,0.574219,5.33705,0.507507,0.544937,0.52381,0.557143,0.544937,0.65,0.673,0,13.8082,0,12.5244,3.52108,3.47568,2.0381,50.3718,49.6282
Y3/lean_grouped__f0_s1,39,0.000461685,0,0.0885427,0.561275,3.3281,1.93975,0.582589,5.3627,0.418458,0.53327,0.457143,0.547619,0.544937,,,0,12.4012,0,11.1772,3.32952,3.31099,1.94671,,
Y3/lean_grouped__f0_s1,40,0.000459526,0,0.0882412,0.559,3.24635,1.89362,0.594308,5.25622,0.522155,0.533602,0.539683,0.544444,0.544937,,,0,12.7806,0,11.6253,3.12246,3.34408,1.9989,,
Y3/lean_grouped__f0_s1,41,0.000457314,0,0.0879397,0.556725,3.15926,1.83713,0.616629,5.36916,0.363748,0.525939,0.4,0.539683,0.544937,,,0,13.4879,0,12.3669,3.31323,3.23323,1.92477,,
Y3/lean_grouped__f0_s1,42,0.000455049,0,0.0876382,0.55445,3.14332,1.83388,0.614955,5.19646,0.481072,0.553737,0.515873,0.568254,0.553737,0.646,0.722,0,14.4,0,13.2935,3.46871,3.24006,1.94391,55.3184,44.6816
Y3/lean_grouped__f0_s1,43,0.000452732,0,0.0873367,0.552175,3.14596,1.84071,0.614955,5.23087,0.483197,0.540507,0.509524,0.555556,0.553737,,,0,12.9911,0,11.7088,3.47758,3.38111,1.9256,,
Y3/lean_grouped__f0_s1,44,0.000450362,0,0.0870352,0.5499,2.9515,1.72337,0.660156,5.36125,0.547844,0.549283,0.568254,0.561905,0.553737,,,0,11.1435,0,10.0335,2.89897,2.95621,1.849,,
Y3/lean_grouped__f0_s1,45,0.000447941,0,0.0867337,0.547625,2.94964,1.71884,0.642857,5.29234,0.486081,0.566583,0.506349,0.57619,0.566583,0.629,0.731,0,13.2022,0,12.1534,3.41443,2.92166,1.84638,57.6058,42.3942
Y3/lean_grouped__f0_s1,46,0.000445469,0,0.0864322,0.54535,2.97342,1.74569,0.642299,5.44053,0.502316,0.559294,0.52381,0.569841,0.566583,,,0,13.8941,0,12.9216,3.23417,3.04505,1.88111,,
Y3/lean_grouped__f0_s1,47,0.000442948,0,0.0861307,0.543075,2.88525,1.69528,0.65625,5.27975,0.556766,0.558353,0.574603,0.569841,0.566583,,,0,12.9738,0,11.8531,3.17758,3.18956,1.88775,,
Y3/lean_grouped__f0_s1,48,0.000440376,0,0.0858291,0.5408,2.81455,1.64765,0.685826,5.31315,0.516219,0.585575,0.534921,0.593651,0.585575,0.656,0.763,0,12.4194,0,11.459,2.9801,2.70726,1.75582,59.1488,40.8512
Y3/lean_grouped__f0_s1,49,0.000437756,0,0.0855276,0.538525,2.7653,1.63274,0.683594,5.38631,0.54669,0.589326,0.566667,0.6,0.589326,0.689,0.778,0,14.3136,0,13.3996,3.21016,2.85393,1.75385,58.8828,41.1172
Y3/lean_grouped__f0_s1,50,0.000435088,0,0.0852261,0.53625,2.78442,1.6406,0.669085,5.3724,0.567509,0.602298,0.588889,0.612698,0.602298,0.748,0.777,0,13.1309,0,12.2122,3.12235,2.71147,1.74873,59.0249,40.9751
Y3/lean_grouped__f0_s1,51,0.000432373,0,0.0849246,0.533975,2.70206,1.59771,0.688058,5.36317,0.564844,0.593608,0.585714,0.606349,0.602298,,,0,15.1327,0,14.223,3.39616,2.87743,1.7462,,
Y3/lean_grouped__f0_s1,52,0.000429611,0,0.0846231,0.5317,2.6491,1.55344,0.711496,5.36495,0.550016,0.611595,0.560317,0.615873,0.611595,0.725,0.779,0,12.0745,0,11.1372,2.95466,2.62761,1.71251,64.0553,35.9447
Y3/lean_grouped__f0_s1,53,0.000426803,0,0.0843216,0.529425,2.64737,1.56779,0.699777,5.3542,0.572198,0.606187,0.590476,0.619048,0.611595,,,0,12.7284,0,11.8009,3.06541,2.76387,1.73335,,
Y3/lean_grouped__f0_s1,54,0.000423949,0,0.0840201,0.52715,2.63392,1.55447,0.69308,5.37287,0.501707,0.607789,0.522222,0.619048,0.611595,,,0,16.0655,0,15.0382,3.97314,2.94896,1.77268,,
Y3/lean_grouped__f0_s1,55,0.000421051,0,0.0837186,0.524875,2.60519,1.54865,0.712054,5.36742,0.606169,0.615782,0.619048,0.626984,0.615782,0.801,0.813,0,12.477,0,11.5015,3.05494,2.74781,1.70418,65.4757,34.5243
Y3/lean_grouped__f0_s1,56,0.00041811,0,0.0834171,0.5226,2.50446,1.48001,0.726563,5.30737,0.562736,0.607839,0.579365,0.614286,0.615782,,,0.0119048,12.2465,1,11.401,3.49012,2.47351,1.63003,,
Y3/lean_grouped__f0_s1,57,0.000415125,0,0.0831156,0.520325,2.4761,1.4785,0.74442,5.3634,0.638847,0.626598,0.644444,0.634921,0.638847,0.804,0.839,0,13.4356,0,12.6008,3.09106,2.59584,1.6497,64.0714,35.9286
Y3/lean_grouped__f0_s1,58,0.000412098,0,0.0828141,0.51805,2.41096,1.43142,0.742188,5.28064,0.590237,0.622504,0.615873,0.630159,0.638847,,,0,11.7974,0,10.7889,3.26869,2.54493,1.63281,,
Y3/lean_grouped__f0_s1,59,0.00040903,0,0.0825126,0.515775,2.44306,1.45139,0.746094,5.37711,0.583577,0.63572,0.601587,0.646032,0.638847,,,0,13.8764,0,12.9746,3.41309,2.643,1.66529,,
Y3/lean_grouped__f0_s1,60,0.000405921,0,0.0822111,0.5135,2.42454,1.4481,0.742188,5.35221,0.561312,0.616395,0.58254,0.626984,0.638847,,,0,12.9646,0,12.0371,3.22809,2.57157,1.69033,,
Y3/lean_grouped__f0_s1,61,0.000402773,0,0.0819095,0.511225,2.40274,1.43335,0.753906,5.39805,0.588664,0.624823,0.612698,0.633333,0.638847,,,0,13.1205,0,12.3121,3.12649,2.40377,1.58647,,
Y3/lean_grouped__f0_s1,62,0.000399585,0,0.081608,0.50895,2.30086,1.37684,0.766741,5.35892,0.582404,0.636905,0.603175,0.642857,0.638847,,,0,13.6652,0,12.8345,3.24449,2.4902,1.60184,,
Y3/lean_grouped__f0_s1,63,0.000396359,0,0.0813065,0.506675,2.23587,1.33539,0.781808,5.35079,0.599451,0.632063,0.607937,0.639683,0.638847,,,0,12.1751,0,11.2671,3.16883,2.55465,1.57424,,
Y3/lean_grouped__f0_s1,64,0.000393096,0,0.081005,0.5044,2.20339,1.31519,0.789063,5.40102,0.648284,0.63204,0.657143,0.639683,0.648284,0.869,0.85,0,13.9602,0,13.1607,3.12796,2.56132,1.52134,68.2317,31.7683
Y3/lean_grouped__f0_s1,65,0.000389796,0,0.0807035,0.502125,2.22899,1.33606,0.774554,5.40261,0.637337,0.645053,0.653968,0.652381,0.648284,,,0,14.1254,0,13.3559,3.14144,2.48103,1.55063,,
Y3/lean_grouped__f0_s1,66,0.000386461,0,0.080402,0.49985,2.28317,1.37904,0.768973,5.28527,0.614412,0.648373,0.630159,0.653968,0.648373,0.855,0.879,0,13.588,0,12.7586,3.21174,2.50435,1.54388,67.3204,32.6796
Y3/lean_grouped__f0_s1,67,0.000383091,0,0.0801005,0.497575,2.15447,1.29415,0.791853,5.30119,0.624257,0.651928,0.634921,0.661905,0.651928,0.828,0.884,0,11.1674,0,10.288,2.89883,2.35632,1.50012,67.8498,32.1502
Y3/lean_grouped__f0_s1,68,0.000379687,0,0.079799,0.4953,2.15769,1.29848,0.788504,5.31093,0.635006,0.646469,0.644444,0.652381,0.651928,,,0,12.971,0,12.1306,3.06999,2.41234,1.51895,,
Y3/lean_grouped__f0_s1,69,0.00037625,0,0.0794975,0.493025,2.08605,1.25188,0.811384,5.35596,0.643566,0.633113,0.652381,0.639683,0.651928,,,0,12.7314,0,11.9209,3.02676,2.42562,1.49944,,
Y3/lean_grouped__f0_s1,70,0.000372781,0,0.079196,0.49075,2.10221,1.26869,0.814174,5.37566,0.595761,0.643321,0.609524,0.646032,0.651928,,,0,12.2342,0,11.4075,3.14068,2.21141,1.47825,,
Y3/lean_grouped__f0_s1,71,0.000369281,0,0.0788945,0.488475,2.06862,1.24918,0.805804,5.32973,0.630727,0.652336,0.634921,0.655556,0.652336,0.841,0.873,0,13.9258,0,13.1389,3.28654,2.25202,1.49289,68.8242,31.1758
Y3/lean_grouped__f0_s1,72,0.00036575,0,0.078593,0.4862,2.02617,1.22346,0.823661,5.29858,0.559489,0.647091,0.580952,0.653968,0.652336,,,0,13.1336,0,12.3265,3.24929,2.26513,1.43439,,
Y3/lean_grouped__f0_s1,73,0.00036219,0,0.0782915,0.483925,1.96486,1.18496,0.825893,5.34346,0.615095,0.635777,0.620635,0.64127,0.652336,,,0,13.8192,0,13.1001,3.14934,2.22603,1.42135,,
Y3/lean_grouped__f0_s1,74,0.000358601,0,0.0779899,0.48165,2.02489,1.23007,0.813616,5.34311,0.644451,0.649881,0.649206,0.657143,0.652336,,,0,11.6329,0,10.8366,2.91912,2.1933,1.43747,,
Y3/lean_grouped__f0_s1,75,0.000354985,0,0.0776884,0.479375,1.94646,1.18446,0.831473,5.40451,0.622004,0.657319,0.631746,0.663492,0.657319,0.876,0.927,0,12.9375,0,12.1321,3.13504,2.33643,1.42856,68.3222,31.6778
Y3/lean_grouped__f0_s1,76,0.000351343,0,0.0773869,0.4771,1.93094,1.17452,0.826451,5.37571,0.655348,0.653226,0.663492,0.660317,0.657319,,,0,13.7143,0,12.913,3.38174,2.25376,1.44045,,
Y3/lean_grouped__f0_s1,77,0.000347674,0,0.0770854,0.474825,1.87124,1.13414,0.856585,5.36542,0.639909,0.655171,0.652381,0.661905,0.657319,,,0,12.2536,0,11.472,3.03336,2.2722,1.41238,,
Y3/lean_grouped__f0_s1,78,0.000343981,0,0.0767839,0.47255,1.88946,1.15355,0.848772,5.35262,0.649397,0.653497,0.657143,0.65873,0.657319,,,0,11.2552,0,10.4117,3.06086,2.14721,1.3668,,
Y3/lean_grouped__f0_s1,79,0.000340265,0,0.0764824,0.470275,1.83828,1.12019,0.857143,5.35234,0.66247,0.658546,0.668254,0.663492,0.66247,0.902,0.926,0,10.805,0,10.0249,2.91761,1.96208,1.34,68.4074,31.5926
Y3/lean_grouped__f0_s1,80,0.000336525,0,0.0761809,0.468,1.8202,1.11464,0.856585,5.35883,0.590138,0.667238,0.604762,0.673016,0.667238,0.84,0.932,0,10.2018,0,9.41097,2.82977,2.0188,1.28727,68.3843,31.6157
Y3/lean_grouped__f0_s1,81,0.000332764,0,0.0758794,0.465725,1.81252,1.10722,0.857701,5.26931,0.660749,0.665747,0.668254,0.669841,0.667238,,,0,11.6987,0,10.9151,3.0471,2.05265,1.34748,,
Y3/lean_grouped__f0_s1,82,0.000328982,0,0.0755779,0.46345,1.84656,1.1373,0.84096,5.30567,0.67039,0.667326,0.674603,0.671429,0.67039,0.933,0.937,0,14.152,0,13.468,3.16336,2.10013,1.35758,70.5701,29.4299
Y3/lean_grouped__f0_s1,83,0.00032518,0,0.0752764,0.461175,1.78405,1.09719,0.871652,5.27117,0.682508,0.665956,0.685714,0.669841,0.682508,0.939,0.944,0,12.291,0,11.5946,3.0286,1.95357,1.30784,71.5211,28.4789
Y3/lean_grouped__f0_s1,84,0.000321359,0,0.0749749,0.4589,1.7426,1.08033,0.869978,5.283,0.655709,0.678165,0.661905,0.68254,0.682508,,,0,11.3498,0,10.6183,2.93296,1.96488,1.29488,,
Y3/lean_grouped__f0_s1,85,0.00031752,0,0.0746734,0.456625,1.72462,1.06341,0.877232,5.37461,0.646932,0.671715,0.653968,0.674603,0.682508,,,0,13.3984,0,12.7297,3.07069,2.07895,1.27589,,
Y3/lean_grouped__f0_s1,86,0.000313664,0,0.0743719,0.45435,1.73311,1.07844,0.86942,5.42182,0.689864,0.666345,0.690476,0.673016,0.689864,0.938,0.951,0,11.9906,0,11.2682,3.04354,1.97697,1.27813,71.9091,28.0909
Y3/lean_grouped__f0_s1,87,0.000309793,0,0.0740704,0.452075,1.67,1.0312,0.884487,5.32589,0.6743,0.685708,0.68254,0.690476,0.689864,,,0,11.7029,0,11.0283,2.80925,1.9573,1.21275,,
Y3/lean_grouped__f0_s1,88,0.000305907,0,0.0737688,0.4498,1.65635,1.02314,0.890067,5.35819,0.650482,0.675368,0.657143,0.679365,0.689864,,,0,11.7038,0,10.9833,3.01244,1.92953,1.23477,,
Y3/lean_grouped__f0_s1,89,0.000302006,0,0.0734673,0.447525,1.63732,1.02391,0.881696,5.35044,0.670666,0.681991,0.680952,0.688889,0.689864,,,0,11.3636,0,10.6166,2.97784,1.93508,1.23288,,
Y3/lean_grouped__f0_s1,90,0.000298093,0,0.0731658,0.44525,1.60324,0.989319,0.892299,5.32364,0.658399,0.682424,0.668254,0.687302,0.689864,,,0,11.1453,0,10.4732,2.87973,1.78216,1.16961,,
Y3/lean_grouped__f0_s1,91,0.000294168,0,0.0728643,0.442975,1.60172,0.991768,0.893415,5.33493,0.643931,0.6794,0.652381,0.687302,0.689864,,,0,12.554,0,11.9273,2.99808,1.80853,1.20217,,
Y3/lean_grouped__f0_s1,92,0.000290233,0,0.0725628,0.4407,1.59356,0.995489,0.901228,5.24336,0.634929,0.67376,0.647619,0.679365,0.689864,,,0,11.7854,0,11.0333,3.10505,1.96738,1.23383,,
Y3/lean_grouped__f0_s1,93,0.000286287,0,0.0722613,0.438425,1.48665,0.926494,0.910714,5.27112,0.662141,0.692435,0.67619,0.698413,0.692435,0.965,0.968,0,10.2802,0,9.58084,2.78238,1.75295,1.11587,72.9283,27.0717
Y3/lean_grouped__f0_s1,94,0.000282333,0,0.0719598,0.43615,1.50694,0.938355,0.90904,5.27149,0.648453,0.693862,0.657143,0.7,0.693862,0.955,0.971,0,9.69415,0,8.98202,2.71863,1.69816,1.12699,73.049,26.951
Y3/lean_grouped__f0_s1,95,0.000278371,0,0.0716583,0.433875,1.54897,0.973717,0.90625,5.23017,0.668301,0.690509,0.674603,0.696825,0.693862,,,0,12.0234,0,11.3559,2.9444,1.8774,1.1812,,
Y3/lean_grouped__f0_s1,96,0.000274402,0,0.0713568,0.4316,1.56581,0.981976,0.889509,5.23341,0.671161,0.695613,0.677778,0.7,0.695613,0.959,0.972,0,14.2527,0,13.6084,3.25698,1.90103,1.20994,73.9819,26.0181
Y3/lean_grouped__f0_s1,97,0.000270428,0,0.0710553,0.429325,1.50065,0.947319,0.908482,5.18304,0.661155,0.689481,0.668254,0.695238,0.695613,,,0,10.7704,0,10.0318,2.97583,1.77097,1.17561,,
Y3/lean_grouped__f0_s1,98,0.000266449,0,0.0707538,0.42705,1.49282,0.945491,0.90625,5.29154,0.645855,0.699534,0.657143,0.704762,0.699534,0.954,0.98,0,10.4513,0,9.71666,2.9606,1.71724,1.17342,73.4184,26.5816
Y3/lean_grouped__f0_s1,99,0.000262466,0,0.0704523,0.424775,1.44945,0.912033,0.920201,5.29313,0.697486,0.698324,0.7,0.704762,0.699534,,,0,9.7024,0,8.97216,2.81567,1.69112,1.10932,,
Y3/lean_grouped__f0_s1,100,0.000258481,0,0.0701508,0.4225,1.47693,0.931572,0.914621,5.32483,0.694255,0.702471,0.698413,0.707937,0.702471,0.969,0.982,0,10.4607,0,9.77681,2.88687,1.59773,1.08973,72.8496,27.1504
Y3/lean_grouped__f0_s1,101,0.000254494,0,0.0698492,0.420225,1.42809,0.899969,0.921875,5.20045,0.688833,0.695192,0.695238,0.7,0.702471,,,0,10.0078,0,9.34633,2.75076,1.5603,1.05387,,
Y3/lean_grouped__f0_s1,102,0.000250506,0,0.0695477,0.41795,1.43927,0.914668,0.914621,5.242,0.688243,0.693857,0.692063,0.698413,0.702471,,,0,10.2174,0,9.55711,2.78196,1.61168,1.08504,,
Y3/lean_grouped__f0_s1,103,0.000246519,0,0.0692462,0.415675,1.43003,0.916525,0.912946,5.23761,0.698477,0.69375,0.707937,0.698413,0.702471,,,0,11.7387,0,11.1355,2.89417,1.59859,1.0964,,
Y3/lean_grouped__f0_s1,104,0.000242534,0,0.0689447,0.4134,1.36212,0.864633,0.93192,5.11594,0.681206,0.698773,0.685714,0.703175,0.702471,,,0,9.92884,0,9.27904,2.68319,1.56187,1.02327,,
Y3/lean_grouped__f0_s1,105,0.000238551,0,0.0686432,0.411125,1.35688,0.872405,0.928013,5.18988,0.670434,0.701572,0.67619,0.706349,0.702471,,,0,10.3998,0,9.74908,2.83543,1.60301,1.04283,,
Y3/lean_grouped__f0_s1,106,0.000234572,0,0.0683417,0.40885,1.3368,0.855126,0.933594,5.26443,0.691225,0.699467,0.693651,0.704762,0.702471,,,0,9.70968,0,9.04452,2.68707,1.58172,1.0316,,
Y3/lean_grouped__f0_s1,107,0.000230598,0,0.0680402,0.406575,1.37332,0.887526,0.916295,5.13119,0.686302,0.695905,0.696825,0.698413,0.702471,,,0,9.88691,0,9.2027,2.78675,1.62729,1.05367,,
Y3/lean_grouped__f0_s1,108,0.000226629,0,0.0677387,0.4043,1.36593,0.884153,0.916295,5.14671,0.663672,0.697271,0.671429,0.7,0.702471,,,0,10.3745,0,9.71413,2.81423,1.63011,1.06119,,
Y3/lean_grouped__f0_s1,109,0.000222667,0,0.0674372,0.402025,1.35561,0.870873,0.922433,5.18617,0.683154,0.69876,0.692063,0.701587,0.702471,,,0,12.0826,0,11.4352,3.04096,1.5942,1.05058,,
Y3/lean_grouped__f0_s1,110,0.000218713,0,0.0671357,0.39975,1.33623,0.865767,0.926897,5.20499,0.663751,0.693375,0.668254,0.698413,0.702471,,,0,10.585,0,9.94343,2.77478,1.67562,1.02751,,
Y3/lean_grouped__f0_s1,111,0.000214767,0,0.0668342,0.397475,1.29109,0.842305,0.932478,5.14259,0.659344,0.70179,0.665079,0.707937,0.702471,,,0,9.87715,0,9.22461,2.75119,1.52724,1.01451,,
Y3/lean_grouped__f0_s1,112,0.000210832,0,0.0665327,0.3952,1.30421,0.840599,0.932478,5.13779,0.682989,0.696534,0.692063,0.704762,0.702471,,,0,10.5394,0,9.86143,3.03476,1.47505,0.976959,,
Y3/lean_grouped__f0_s1,113,0.000206907,0,0.0662312,0.392925,1.28163,0.831834,0.941964,5.16794,0.687259,0.700874,0.695238,0.706349,0.702471,,,0,11.0731,0,10.4964,2.80232,1.45612,0.982126,,
Y3/lean_grouped__f0_s1,114,0.000202994,0,0.0659296,0.39065,1.28333,0.834451,0.927455,5.2788,0.671341,0.697351,0.674603,0.701587,0.702471,,,0,10.4525,0,9.63129,3.26617,1.5506,1.03735,,
Y3/lean_grouped__f0_s1,115,0.000199093,0,0.0656281,0.388375,1.29628,0.84353,0.928013,5.24083,0.690988,0.697277,0.701587,0.703175,0.702471,,,0,9.80287,0,9.0816,2.90005,1.53325,1.02463,,
Y3/lean_grouped__f0_s1,116,0.000195207,0,0.0653266,0.3861,1.2393,0.808274,0.941406,5.10708,0.672777,0.696345,0.680952,0.7,0.702471,,,0,10.6653,0,10.1287,2.68255,1.35724,0.949638,,
Y3/lean_grouped__f0_s1,117,0.000191336,0,0.0650251,0.383825,1.23485,0.810839,0.935268,5.20475,0.669407,0.701877,0.67619,0.704762,0.702471,,,0,9.06209,0,8.39268,2.70889,1.42349,0.977666,,
Y3/lean_grouped__f0_s1,118,0.00018748,0,0.0647236,0.38155,1.17938,0.768231,0.955357,5.15729,0.677836,0.71371,0.679365,0.715873,0.71371,0.989,0.995,0,8.05991,0,7.43386,2.44464,1.3379,0.886536,74.8654,25.1346
Y3/lean_grouped__f0_s1,119,0.000183641,0,0.0644221,0.379275,1.19492,0.78583,0.941406,5.2047,0.690481,0.703182,0.698413,0.704762,0.71371,,,0,8.73848,0,8.07685,2.61084,1.41859,0.924022,,
Y3/lean_grouped__f0_s1,120,0.00017982,0,0.0641206,0.377,1.23128,0.816983,0.930804,5.15935,0.707623,0.697445,0.706349,0.7,0.71371,,,0,9.20684,0,8.574,2.65897,1.37041,0.953777,,
Y3/lean_grouped__f0_s1,121,0.000176018,0,0.0638191,0.374725,1.16187,0.765708,0.954799,5.19853,0.691716,0.685015,0.693651,0.688889,0.71371,,,0,8.31273,0,7.65864,2.60168,1.26347,0.881873,,
Y3/lean_grouped__f0_s1,122,0.000172236,0,0.0635176,0.37245,1.17536,0.782399,0.945313,5.13778,0.680105,0.691436,0.68254,0.695238,0.71371,,,0,9.6726,0,9.03446,2.72383,1.36541,0.935249,,
Y3/lean_grouped__f0_s1,123,0.000168475,0,0.0632161,0.370175,1.14919,0.765257,0.951451,5.13991,0.716066,0.692642,0.720635,0.696825,0.716066,0.997,0.991,0,10.1522,0,9.56348,2.70637,1.48347,0.911966,75.7051,24.2949
Y3/lean_grouped__f0_s1,124,0.000164735,0,0.0629146,0.3679,1.15963,0.771028,0.947545,5.08684,0.688449,0.69412,0.696825,0.698413,0.716066,,,0,9.35165,0,8.73856,2.67485,1.39736,0.91227,,
Y3/lean_grouped__f0_s1,125,0.000161019,0,0.0626131,0.365625,1.13208,0.76129,0.949219,5.19597,0.702322,0.708848,0.709524,0.712698,0.716066,0.994,0.998,0,9.12258,0,8.54032,2.5251,1.33859,0.909718,75.5727,24.4273
Y3/lean_grouped__f0_s1,126,0.000157326,0,0.0623116,0.36335,1.13193,0.757409,0.953125,5.22309,0.689492,0.69087,0.695238,0.695238,0.716066,,,0,9.56357,0,8.95564,2.73263,1.30665,0.909343,,
Y3/lean_grouped__f0_s1,127,0.000153657,0,0.0620101,0.361075,1.11826,0.750094,0.952567,5.14893,0.69303,0.702116,0.698413,0.704762,0.716066,,,0,8.88528,0,8.31693,2.533,1.27002,0.881792,,
Y3/lean_grouped__f0_s1,128,0.000150015,0,0.0617085,0.3588,1.11374,0.744247,0.952009,5.2309,0.68958,0.690948,0.690476,0.696825,0.716066,,,0,8.20345,0,7.57376,2.54033,1.29376,0.876681,,
Y3/lean_grouped__f0_s1,129,0.000146399,0,0.061407,0.356525,1.10156,0.738752,0.958705,5.16056,0.685312,0.695855,0.692063,0.701587,0.716066,,,0,9.6765,0,9.0657,2.74907,1.31382,0.90872,,
Y3/lean_grouped__f0_s1,130,0.00014281,0,0.0611055,0.35425,1.08987,0.733285,0.957589,5.0954,0.708766,0.705166,0.712698,0.709524,0.716066,,,0,8.63606,0,8.07816,2.48664,1.22922,0.852737,,
Y3/lean_grouped__f0_s1,131,0.00013925,0,0.060804,0.351975,1.07259,0.722584,0.954241,5.17572,0.70364,0.705833,0.707937,0.709524,0.716066,,,0,8.09437,0,7.5456,2.38969,1.15924,0.817097,,
Y3/lean_grouped__f0_s1,132,0.000135719,0,0.0605025,0.3497,1.06247,0.7207,0.958147,5.20918,0.717451,0.717542,0.720635,0.719048,0.717542,0.996,0.997,0,9.51163,0,8.92455,2.69473,1.23837,0.837686,76.1032,23.8968
Y3/lean_grouped__f0_s1,133,0.000132219,0,0.060201,0.347425,1.08738,0.739035,0.950335,5.12619,0.708492,0.702475,0.712698,0.707937,0.717542,,,0,9.44715,0,8.90689,2.54238,1.28699,0.864988,,
Y3/lean_grouped__f0_s1,134,0.00012875,0,0.0598995,0.34515,1.03939,0.708803,0.958705,5.14774,0.705249,0.715673,0.711111,0.71746,0.717542,,,0,7.91928,0,7.34313,2.3773,1.21564,0.816989,,
Y3/lean_grouped__f0_s1,135,0.000125313,0,0.059598,0.342875,1.04476,0.713486,0.958705,5.15482,0.724547,0.706986,0.725397,0.709524,0.724547,0.999,0.998,0,7.86152,0,7.29307,2.38598,1.13163,0.805531,76.7629,23.2371
Y3/lean_grouped__f0_s1,136,0.000121909,0,0.0592965,0.3406,1.05253,0.721078,0.952009,5.09125,0.699164,0.713473,0.704762,0.71746,0.724547,,,0,9.22002,0,8.67538,2.4994,1.29823,0.881596,,
Y3/lean_grouped__f0_s1,137,0.000118539,0,0.058995,0.338325,1.00832,0.689353,0.961496,5.12016,0.711841,0.719063,0.714286,0.72381,0.724547,,,0,9.10468,0,8.57827,2.54405,1.13927,0.824356,,
Y3/lean_grouped__f0_s1,138,0.000115204,0,0.0586935,0.33605,1.00588,0.690136,0.960379,5.08271,0.704355,0.719172,0.709524,0.722222,0.724547,,,0,8.14742,0,7.60785,2.36122,1.16686,0.810346,,
Y3/lean_grouped__f0_s1,139,0.000111904,0,0.058392,0.333775,0.996525,0.683799,0.962612,5.16016,0.691246,0.717363,0.696825,0.720635,0.724547,,,0,8.52156,0,7.99362,2.40044,1.07766,0.774334,,
Y3/lean_grouped__f0_s1,140,0.000108641,0,0.0580905,0.3315,1.00465,0.695241,0.953125,5.14343,0.717024,0.714541,0.719048,0.71746,0.724547,,,0,8.49201,0,7.89234,2.55778,1.17061,0.829609,,
Y3/lean_grouped__f0_s1,141,0.000105415,0,0.0577889,0.329225,1.00709,0.700719,0.954799,5.16326,0.726507,0.718075,0.730159,0.720635,0.726507,1,1,0,8.97637,0,8.40537,2.61377,1.17052,0.821716,76.8961,23.1039
Y3/lean_grouped__f0_s1,142,0.000102227,0,0.0574874,0.32695,0.981896,0.683242,0.959821,5.10282,0.695687,0.712196,0.703175,0.714286,0.726507,,,0,7.99428,0,7.46227,2.30589,1.10604,0.770621,,
Y3/lean_grouped__f0_s1,143,9.90786e-05,0,0.0571859,0.324675,0.968384,0.671687,0.964844,5.129,0.712249,0.722165,0.71746,0.72381,0.726507,,,0,7.86049,0,7.24956,2.55647,1.07708,0.760289,,
Y3/lean_grouped__f0_s1,144,9.59698e-05,0,0.0568844,0.3224,0.950056,0.657143,0.968192,5.10858,0.702403,0.717368,0.706349,0.722222,0.726507,,,0,7.55117,0,6.98191,2.36007,1.08892,0.765483,,
Y3/lean_grouped__f0_s1,145,9.29016e-05,0,0.0565829,0.320125,0.983186,0.684866,0.954241,5.20627,0.713321,0.716787,0.719048,0.720635,0.726507,,,0.0119048,7.05449,1,6.41879,2.71556,1.20013,0.805255,,
Y3/lean_grouped__f0_s1,146,8.98748e-05,0,0.0562814,0.31785,0.956355,0.666822,0.961496,5.27505,0.709402,0.716733,0.712698,0.720635,0.726507,,,0,7.40952,0,6.83756,2.35659,1.07071,0.772407,,
Y3/lean_grouped__f0_s1,147,8.68902e-05,0,0.0559799,0.315575,0.94336,0.656722,0.964286,5.24024,0.705904,0.720818,0.709524,0.72381,0.726507,,,0,7.00565,0,6.43969,2.28153,1.07261,0.744955,,
Y3/lean_grouped__f0_s1,148,8.39486e-05,0,0.0556784,0.3133,0.93313,0.655202,0.960379,5.222,0.71091,0.713024,0.711111,0.71746,0.726507,,,0,8.07997,0,7.5284,2.38302,1.12073,0.78684,,
Y3/lean_grouped__f0_s1,149,8.10507e-05,0,0.0553769,0.311025,0.903794,0.637839,0.965402,5.21679,0.707714,0.714751,0.712698,0.719048,0.726507,,,0,7.41822,0,6.84981,2.35518,1.00083,0.74566,,
Y3/lean_grouped__f0_s1,150,7.81974e-05,0,0.0550754,0.30875,0.899735,0.635696,0.968192,5.13448,0.7142,0.716932,0.71746,0.720635,0.726507,1,0.999,0,6.63954,0,6.08713,2.15122,1.06319,0.716361,77.9346,22.0654
Y3/lean_grouped__f0_s1,151,7.53893e-05,0,0.0547739,0.306475,0.892972,0.629874,0.972098,5.15772,0.700376,0.715981,0.706349,0.720635,0.726507,,,0,7.52441,0,6.96635,2.33289,1.09379,0.725277,,
Y3/lean_grouped__f0_s1,152,7.26271e-05,0,0.0544724,0.3042,0.903447,0.643988,0.963728,5.18073,0.714301,0.713029,0.719048,0.71746,0.726507,,,0,6.81441,0,6.21668,2.32032,1.04333,0.738348,,
Y3/lean_grouped__f0_s1,153,6.99117e-05,0,0.0541709,0.301925,0.877974,0.618081,0.969308,5.26379,0.723277,0.713693,0.728571,0.71746,0.726507,,,0,7.64115,0,7.09584,2.41216,0.980658,0.724347,,
Y3/lean_grouped__f0_s1,154,6.72436e-05,0,0.0538693,0.29965,0.915044,0.650822,0.960938,5.17933,0.714,0.724344,0.71746,0.726984,0.726507,,,0,7.30901,0,6.74309,2.31677,1.10747,0.785659,,
Y3/lean_grouped__f0_s1,155,6.46236e-05,0,0.0535678,0.297375,0.895205,0.641515,0.964286,5.19316,0.707783,0.720288,0.712698,0.722222,0.726507,,,0,7.82013,0,7.28379,2.36306,1.02793,0.754339,,
Y3/lean_grouped__f0_s1,156,6.20524e-05,0,0.0532663,0.2951,0.86934,0.624091,0.965402,5.07577,0.736821,0.721651,0.74127,0.72381,0.736821,1,1,0,7.48549,0,6.98359,2.22298,1.02796,0.72644,77.8572,22.1428
Y3/lean_grouped__f0_s1,157,5.95306e-05,0,0.0529648,0.292825,0.866574,0.623451,0.966518,5.17786,0.718554,0.720289,0.722222,0.72381,0.736821,,,0,6.86324,0,6.35084,2.16483,0.973597,0.717419,,
Y3/lean_grouped__f0_s1,158,5.70589e-05,0,0.0526633,0.29055,0.857089,0.617916,0.962612,5.15825,0.712522,0.718509,0.719048,0.720635,0.736821,,,0,6.70739,0,6.19478,2.08582,1.01978,0.716749,,
Y3/lean_grouped__f0_s1,159,5.46379e-05,0,0.0523618,0.288275,0.837741,0.606954,0.97154,5.11932,0.715319,0.714249,0.71746,0.715873,0.736821,,,0,6.65608,0,6.09889,2.18984,1.03659,0.730622,,
Y3/lean_grouped__f0_s1,160,5.22683e-05,0,0.0520603,0.286,0.849253,0.610913,0.969308,5.17597,0.715749,0.727271,0.722222,0.728571,0.736821,,,0,7.32234,0,6.78655,2.3052,0.979112,0.70114,,
Y3/lean_grouped__f0_s1,161,4.99506e-05,0,0.0517588,0.283725,0.85963,0.61978,0.96596,5.13507,0.72103,0.727505,0.725397,0.730159,0.736821,,,0,7.60865,0,7.09483,2.25521,1.01813,0.734173,,
Y3/lean_grouped__f0_s1,162,4.76856e-05,0,0.0514573,0.28145,0.803707,0.58438,0.977121,5.18743,0.712921,0.722716,0.715873,0.725397,0.736821,,,0,6.94581,0,6.44015,2.20111,0.961785,0.691407,,
Y3/lean_grouped__f0_s1,163,4.54736e-05,0,0.0511558,0.279175,0.849426,0.616284,0.96317,5.09283,0.713945,0.727799,0.719048,0.730159,0.736821,,,0,6.93516,0,6.36245,2.29938,0.998674,0.738005,,
Y3/lean_grouped__f0_s1,164,4.33155e-05,0,0.0508543,0.2769,0.817166,0.59496,0.969308,5.18043,0.726673,0.72095,0.730159,0.72381,0.736821,,,0,6.87893,0,6.36724,2.17544,0.962098,0.696694,,
Y3/lean_grouped__f0_s1,165,4.12116e-05,0,0.0505528,0.274625,0.807596,0.588819,0.968192,5.11596,0.727403,0.713536,0.731746,0.715873,0.736821,,,0,6.40553,0,5.89109,2.09223,0.951586,0.68339,,
Y3/lean_grouped__f0_s1,166,3.91625e-05,0,0.0502513,0.27235,0.793266,0.581079,0.972098,5.10266,0.725041,0.717896,0.726984,0.720635,0.736821,,,0,6.27594,0,5.73537,2.11988,0.932742,0.681483,,
Y3/lean_grouped__f0_s1,167,3.71688e-05,0,0.0499497,0.270075,0.792862,0.582612,0.969308,5.19376,0.710302,0.71364,0.714286,0.715873,0.736821,,,0,6.34033,0,5.82689,2.0491,0.910634,0.655825,,
Y3/lean_grouped__f0_s1,168,3.5231e-05,0,0.0496482,0.2678,0.80042,0.587943,0.965402,5.01654,0.712355,0.721622,0.715873,0.72381,0.736821,,,0,6.20166,0,5.64667,2.1418,0.944343,0.683948,,
Y3/lean_grouped__f0_s1,169,3.33496e-05,0,0.0493467,0.265525,0.812427,0.598607,0.962054,5.22509,0.710269,0.718067,0.715873,0.720635,0.736821,,,0,6.61976,0,6.03482,2.24464,1.03984,0.717273,,
Y3/lean_grouped__f0_s1,170,3.15251e-05,0,0.0490452,0.26325,0.777211,0.573089,0.973214,5.26294,0.723327,0.715149,0.725397,0.71746,0.736821,,,0,7.36203,0,6.85787,2.23713,0.983066,0.696647,,
Y3/lean_grouped__f0_s1,171,2.97579e-05,0,0.0487437,0.260975,0.784575,0.579557,0.964286,5.11926,0.717847,0.724711,0.720635,0.728571,0.736821,,,0,6.92447,0,6.38638,2.23401,0.959609,0.711004,,
Y3/lean_grouped__f0_s1,172,2.80486e-05,0,0.0484422,0.2587,0.748095,0.553567,0.974888,5.09648,0.714588,0.720639,0.71746,0.72381,0.736821,,,0,5.84479,0,5.40987,1.80736,0.859239,0.611228,,
Y3/lean_grouped__f0_s1,173,2.63975e-05,0,0.0481407,0.256425,0.763467,0.567247,0.97433,5.24318,0.7151,0.719258,0.719048,0.722222,0.736821,,,0,6.74931,0,6.20925,2.23285,0.910973,0.688341,,
Y3/lean_grouped__f0_s1,174,2.48051e-05,0,0.0478392,0.25415,0.762472,0.563801,0.969308,5.2298,0.714943,0.726553,0.719048,0.728571,0.736821,,,0,6.11761,0,5.55484,2.13187,0.906649,0.67335,,
Y3/lean_grouped__f0_s1,175,2.32718e-05,0,0.0475377,0.251875,0.721441,0.539335,0.978237,5.1528,0.72121,0.718843,0.72381,0.722222,0.736821,1,1,0,6.14494,0,5.654,2.0198,0.85568,0.644001,78.8636,21.1364
Y3/lean_grouped__f0_s1,176,2.1798e-05,0,0.0472362,0.25,0.753065,0.565698,0.970982,5.19391,0.710167,0.721944,0.712698,0.725397,0.736821,,,0,5.96457,0,5.46124,1.97619,0.905917,0.664609,,
Y3/lean_grouped__f0_s1,177,2.0384e-05,0,0.0469347,0.25,0.746752,0.555611,0.966518,5.18285,0.714086,0.721871,0.715873,0.72381,0.736821,,,0,6.29659,0,5.75773,2.10855,0.94762,0.685611,,
Y3/lean_grouped__f0_s1,178,1.90303e-05,0,0.0466332,0.25,0.749599,0.557368,0.972098,5.18447,0.716205,0.725689,0.719048,0.726984,0.736821,,,0,6.3842,0,5.85678,2.09163,0.905997,0.679602,,
Y3/lean_grouped__f0_s1,179,1.77372e-05,0,0.0463317,0.25,0.742967,0.556047,0.967634,5.16766,0.712514,0.719702,0.715873,0.722222,0.736821,,,0,6.71812,0,6.23365,2.07959,0.911968,0.68437,,
Y3/lean_grouped__f0_s1,180,1.65051e-05,0,0.0460302,0.25,0.718973,0.535427,0.973772,5.18024,0.719584,0.725541,0.72381,0.728571,0.736821,,,0,6.28514,0,5.79077,2.01557,0.972406,0.660696,,
Y3/lean_grouped__f0_s1,181,1.53342e-05,0,0.0457286,0.25,0.726886,0.543033,0.973214,5.16444,0.721216,0.72194,0.72381,0.725397,0.736821,,,0,6.28052,0,5.71865,2.11385,1.03742,0.695532,,
Y3/lean_grouped__f0_s1,182,1.42248e-05,0,0.0454271,0.25,0.717414,0.536301,0.972656,5.06702,0.719512,0.720947,0.722222,0.72381,0.736821,,,0,6.32666,0,5.79698,2.09745,0.941723,0.684501,,
Y3/lean_grouped__f0_s1,183,1.31773e-05,0,0.0451256,0.25,0.707346,0.524402,0.979911,5.17745,0.719013,0.724661,0.722222,0.726984,0.736821,,,0,5.81085,0,5.27101,2.02852,0.91947,0.65862,,
Y3/lean_grouped__f0_s1,184,1.21919e-05,0,0.0448241,0.25,0.687154,0.513241,0.979911,5.13169,0.723013,0.728526,0.726984,0.730159,0.736821,,,0,5.45847,0,4.94979,1.89257,0.895058,0.641541,,
Y3/lean_grouped__f0_s1,185,1.12689e-05,0,0.0445226,0.25,0.680647,0.510892,0.976563,5.19192,0.723061,0.71853,0.725397,0.720635,0.736821,,,0,5.89409,0,5.40768,1.9293,0.860959,0.627038,,
Y3/lean_grouped__f0_s1,186,1.04085e-05,0,0.0442211,0.25,0.706923,0.524416,0.97154,5.19886,0.719578,0.721783,0.722222,0.72381,0.736821,,,0,6.16792,0,5.64785,2.07538,0.894683,0.652846,,
Y3/lean_grouped__f0_s1,187,9.61089e-06,0,0.0439196,0.25,0.713287,0.532347,0.96596,5.15014,0.714992,0.721724,0.719048,0.72381,0.736821,,,0,5.95673,0,5.41445,2.0335,0.933643,0.662214,,
Y3/lean_grouped__f0_s1,188,8.87636e-06,0,0.0436181,0.25,0.721756,0.533346,0.96596,5.20426,0.714948,0.718339,0.71746,0.720635,0.736821,,,0,6.9244,0,6.37055,2.27321,0.916366,0.678146,,
Y3/lean_grouped__f0_s1,189,8.20506e-06,0,0.0433166,0.25,0.704412,0.523487,0.97154,5.1337,0.728448,0.719989,0.730159,0.722222,0.736821,,,0,5.83907,0,5.29368,2.03194,0.941296,0.663152,,
Y3/lean_grouped__f0_s1,190,7.59717e-06,0,0.0430151,0.25,0.708397,0.524676,0.968192,5.26752,0.724282,0.716711,0.726984,0.719048,0.736821,,,0,6.33643,0,5.80308,2.06948,1.00071,0.696916,,
Y3/lean_grouped__f0_s1,191,7.05284e-06,0,0.0427136,0.25,0.68818,0.512741,0.973214,5.20712,0.719664,0.713659,0.722222,0.715873,0.736821,,,0,6.61815,0,6.13741,2.05042,0.898269,0.673762,,
Y3/lean_grouped__f0_s1,192,6.57221e-06,0,0.0424121,0.25,0.698955,0.520849,0.969308,5.06876,0.718694,0.715842,0.722222,0.719048,0.736821,,,0,5.88651,0,5.32384,2.04279,1.02043,0.693358,,
Y3/lean_grouped__f0_s1,193,6.15542e-06,0,0.0421106,0.25,0.652287,0.482597,0.979911,5.1408,0.720047,0.717609,0.722222,0.720635,0.736821,,,0,6.05776,0,5.56687,2.02016,0.87924,0.60613,,
Y3/lean_grouped__f0_s1,194,5.80257e-06,0,0.041809,0.25,0.67458,0.499438,0.970424,5.18152,0.717359,0.717699,0.720635,0.720635,0.736821,,,0,5.79804,0,5.24608,2.04219,0.959472,0.661287,,
Y3/lean_grouped__f0_s1,195,5.51374e-06,0,0.0415075,0.25,0.651004,0.482569,0.977679,5.11472,0.723877,0.717264,0.726984,0.719048,0.736821,,,0,5.57147,0,5.06753,1.9488,0.861772,0.599247,,
Y3/lean_grouped__f0_s1,196,5.28902e-06,0,0.041206,0.25,0.664907,0.492571,0.976563,5.15282,0.712587,0.721635,0.715873,0.72381,0.736821,1,1,0,6.82049,0,6.24475,2.2987,0.881933,0.645078,,
Y3/lean_grouped__f0_s2,1,0.0002,1,0.1,0.647725,8.35376,5.43918,0.0200893,14.7331,0.017573,0.026488,0.0539683,0.0634921,0.026488,0.061,0.06,0.0119048,30.8946,3,22.7024,16.8759,9.29731,8.43471,0.0175353,99.9825
Y3/lean_grouped__f0_s2,2,0.0003,1,0.0996985,0.64545,7.3255,4.42293,0.0407366,5.18558,0.0242247,0.032477,0.0825397,0.0857143,0.032477,0.082,0.08,0,12.7454,0,6.50245,7.35078,5.28384,5.36706,0.189337,99.8107
Y3/lean_grouped__f0_s2,3,0.0004,1,0.099397,0.643175,7.01824,4.13577,0.0357143,5.21383,0.0689287,0.0715809,0.11746,0.130159,0.0715809,0.116,0.119,0,8.5672,0,3.13059,4.44791,4.37734,4.35668,2.5382,97.4618
Y3/lean_grouped__f0_s2,4,0.0005,1,0.0990955,0.6409,6.77116,3.95669,0.0546875,5.33623,0.0895131,0.0934578,0.157143,0.152381,0.0934578,0.14,0.153,0,7.29461,0,2.43366,3.51664,4.04835,3.77138,13.2663,86.7337
Y3/lean_grouped__f0_s2,5,0.000499968,1,0.098794,0.638625,6.57056,3.84957,0.0574777,5.21982,0.0848255,0.13322,0.138095,0.185714,0.13322,0.148,0.208,0,7.80198,0,4.01897,3.49553,3.89402,3.60658,14.5841,85.4159
Y3/lean_grouped__f0_s2,6,0.000499872,1,0.0984925,0.63635,6.28216,3.65798,0.0647321,5.25813,0.111237,0.155116,0.160317,0.201587,0.155116,0.209,0.249,0,7.37713,0,4.20387,2.89028,3.70826,3.26899,21.1187,78.8812
Y3/lean_grouped__f0_s2,7,0.000499711,1,0.098191,0.634075,6.22527,3.66369,0.0691964,5.26011,0.147342,0.178299,0.196825,0.231746,0.178299,0.212,0.265,0,5.91918,0,2.65433,2.09354,3.53069,3.03526,24.3821,75.6179
Y3/lean_grouped__f0_s2,8,0.000499486,1,0.0978894,0.6318,6.03834,3.54004,0.0764509,5.16695,0.143396,0.185185,0.192063,0.242857,0.185185,0.259,0.284,0,5.64451,0,2.4911,1.92256,3.45121,2.88122,25.9107,74.0893
Y3/lean_grouped__f0_s2,9,0.000499197,1,0.0975879,0.629525,6.02588,3.54045,0.0987723,5.27789,0.0769745,0.191188,0.130159,0.231746,0.191188,0.154,0.293,0,6.13741,0,3.30157,1.93116,3.50571,2.82208,29.3509,70.6491
Y3/lean_grouped__f0_s2,10,0.000498845,1,0.0972864,0.62725,5.97346,3.51226,0.101563,5.26881,0.146773,0.204355,0.188889,0.250794,0.204355,0.243,0.288,0,5.53907,0,2.7468,1.78567,3.26649,2.6315,29.5206,70.4793
Y3/lean_grouped__f0_s2,11,0.000498428,1,0.0969849,0.624975,5.87596,3.45565,0.113281,5.28219,0.163034,0.231409,0.209524,0.271429,0.231409,0.288,0.327,0,5.66733,0,3.11741,1.59531,3.38623,2.57901,22.3005,77.6995
Y3/lean_grouped__f0_s2,12,0.000497947,1,0.0966834,0.6227,5.74411,3.36531,0.111607,5.25947,0.198989,0.230475,0.249206,0.274603,0.231409,,,0,6.08972,0,3.20717,1.80417,3.80588,2.63274,,
Y3/lean_grouped__f0_s2,13,0.000497403,1,0.0963819,0.620425,5.70735,3.35216,0.151786,5.3762,0.180023,0.235894,0.219048,0.277778,0.235894,0.266,0.348,0,6.25132,0,3.70091,1.7464,3.65802,2.53001,24.5918,75.4082
Y3/lean_grouped__f0_s2,14,0.000496795,1,0.0960804,0.61815,5.59571,3.29043,0.165179,5.28619,0.226383,0.271599,0.271429,0.303175,0.271599,0.311,0.366,0,6.56013,0,3.78456,1.86097,4.03187,2.54394,29.1669,70.8331
Y3/lean_grouped__f0_s2,15,0.000496124,1,0.0957789,0.615875,5.44225,3.18385,0.103795,5.26602,0.239005,0.273305,0.288889,0.304762,0.273305,0.329,0.366,0,8.73565,0,6.63968,2.43678,3.95906,2.53145,32.1411,67.8588
Y3/lean_grouped__f0_s2,16,0.000495389,1,0.0954774,0.6136,5.53903,3.26023,0.110491,5.27799,0.233583,0.272271,0.280952,0.311111,0.273305,,,0,7.80637,0,5.59374,2.1428,3.90388,2.37194,,
Y3/lean_grouped__f0_s2,17,0.000494592,1,0.0951759,0.611325,5.47058,3.2413,0.170759,5.30481,0.214252,0.303777,0.265079,0.338095,0.303777,0.333,0.42,0,6.6106,0,3.97395,1.99932,3.97131,2.39181,34.5431,65.4569
Y3/lean_grouped__f0_s2,18,0.000493731,1,0.0948744,0.60905,5.21373,3.0485,0.156808,5.21255,0.278771,0.324701,0.328571,0.357143,0.324701,0.386,0.45,0,8.10761,0,5.93745,2.15422,3.91263,2.36589,35.8934,64.1065
Y3/lean_grouped__f0_s2,19,0.000492808,1,0.0945729,0.606775,5.04119,2.94974,0.146205,5.25001,0.266823,0.33288,0.31746,0.368254,0.33288,0.385,0.458,0,8.01942,0,6.21537,2.15964,3.51061,2.3012,33.6993,66.3007
Y3/lean_grouped__f0_s2,20,0.000491823,1,0.0942714,0.6045,5.17086,3.06435,0.210379,5.27956,0.26184,0.344521,0.315873,0.388889,0.344521,0.381,0.463,0,7.38404,0,5.23088,2.11114,3.7191,2.34386,38.3361,61.6639
Y3/lean_grouped__f0_s2,21,0.000490775,1,0.0939698,0.602225,5.08618,3.01645,0.205915,5.26165,0.32174,0.36654,0.360317,0.406349,0.36654,0.396,0.459,0,8.00886,0,6.23865,2.24896,3.53003,2.22556,39.2306,60.7694
Y3/lean_grouped__f0_s2,22,0.000489666,1,0.0936683,0.59995,4.93915,2.91396,0.164062,5.28418,0.333611,0.416827,0.371429,0.452381,0.416827,0.472,0.504,0,8.4773,0,6.79094,2.164,3.61592,2.19337,40.1817,59.8183
Y3/lean_grouped__f0_s2,23,0.000488495,1,0.0933668,0.597675,4.68772,2.7521,0.24721,5.23696,0.384918,0.384342,0.425397,0.41746,0.416827,,,0,9.81021,0,8.23929,2.37394,3.74981,2.24335,,
Y3/lean_grouped__f0_s2,24,0.000487263,1,0.0930653,0.5954,4.86469,2.89482,0.253348,5.27097,0.33737,0.386452,0.379365,0.425397,0.416827,,,0,9.16559,0,7.52991,2.28962,3.70005,2.16354,,
Y3/lean_grouped__f0_s2,25,0.00048597,1,0.0927638,0.593125,4.87734,2.91048,0.192522,5.22909,0.221486,0.383289,0.27619,0.434921,0.416827,0.352,0.517,0,8.91749,0,7.05181,2.37969,3.92916,2.14976,37.6605,62.3395
Y3/lean_grouped__f0_s2,26,0.000484616,1,0.0924623,0.59085,4.86959,2.91267,0.171875,5.211,0.318082,0.409804,0.366667,0.450794,0.416827,,,0,10.3632,0,8.84031,2.40854,3.71791,2.12342,,
Y3/lean_grouped__f0_s2,27,0.000483202,1,0.0921608,0.588575,4.74349,2.82868,0.191964,5.2622,0.378386,0.444359,0.412698,0.480952,0.444359,0.46,0.539,0,8.43583,0,6.83441,2.23666,3.56687,2.03545,43.999,56.001
Y3/lean_grouped__f0_s2,28,0.000481728,1,0.0918593,0.5863,4.96521,2.98853,0.251116,5.24885,0.40177,0.453495,0.439683,0.487302,0.453495,0.494,0.546,0,8.39283,0,6.73892,2.09889,3.67874,2.00685,42.6889,57.3111
Y3/lean_grouped__f0_s2,29,0.000480195,1,0.0915578,0.584025,4.46661,2.6529,0.195313,5.17935,0.335832,0.450126,0.373016,0.485714,0.453495,,,0,10.429,0,9.06437,2.38339,3.66783,2.01755,,
Y3/lean_grouped__f0_s2,30,0.000478603,1,0.0912563,0.58175,4.61642,2.7752,0.15904,5.27883,0.424801,0.473109,0.460317,0.509524,0.473109,0.525,0.596,0,10.0386,0,8.57918,2.51985,3.56491,2.04458,44.1621,55.8379
Y3/lean_grouped__f0_s2,31,0.000476951,0,0.0909548,0.579475,3.68244,2.12185,0.525112,5.17708,0.452926,0.497958,0.488889,0.520635,0.497958,0.581,0.601,0,11.5947,0,10.3985,2.76031,3.38452,2.10257,46.5599,53.4401
Y3/lean_grouped__f0_s2,32,0.000475242,0,0.0906533,0.5772,3.56517,2.06643,0.520647,5.10645,0.390542,0.510522,0.42381,0.533333,0.510522,0.525,0.614,0,10.564,0,8.98346,2.80514,3.81575,2.15316,50.9528,49.0472
Y3/lean_grouped__f0_s2,33,0.000473475,0,0.0903518,0.574925,3.55835,2.05512,0.536272,5.10601,0.445444,0.514875,0.47619,0.54127,0.514875,0.585,0.626,0,13.0517,0,11.7636,2.97549,3.64625,2.1576,52.0197,47.9803
Y3/lean_grouped__f0_s2,34,0.00047165,0,0.0900503,0.57265,3.37937,1.94786,0.577009,5.13354,0.454714,0.540048,0.47619,0.561905,0.540048,0.564,0.666,0,12.1327,0,10.9764,2.7986,3.41492,2.03423,48.2818,51.7182
Y3/lean_grouped__f0_s2,35,0.000469769,0,0.0897487,0.570375,3.39438,1.96458,0.566406,5.2218,0.442839,0.550178,0.473016,0.568254,0.550178,0.557,0.658,0,12.9225,0,11.8197,2.92222,3.27749,2.01493,49.0894,50.9106
Y3/lean_grouped__f0_s2,36,0.000467831,0,0.0894472,0.5681,3.28714,1.89726,0.573103,5.0657,0.49827,0.542723,0.519048,0.561905,0.550178,,,0,11.9306,0,10.7652,2.83252,3.33619,2.0188,,
Y3/lean_grouped__f0_s2,37,0.000465837,0,0.0891457,0.565825,3.16557,1.82932,0.603795,5.16677,0.514491,0.576273,0.536508,0.596825,0.576273,0.65,0.699,0,10.9326,0,9.78727,2.54136,3.12034,1.97001,53.8083,46.1917
Y3/lean_grouped__f0_s2,38,0.000463788,0,0.0888442,0.56355,3.19343,1.86496,0.607701,5.23788,0.463152,0.569714,0.5,0.588889,0.576273,,,0,13.0931,0,12.0383,2.75882,3.38586,1.93728,,
Y3/lean_grouped__f0_s2,39,0.000461685,0,0.0885427,0.561275,3.14431,1.83014,0.614397,5.09236,0.508733,0.560859,0.530159,0.580952,0.576273,,,0,12.9674,0,11.925,2.94715,3.11477,1.96401,,
Y3/lean_grouped__f0_s2,40,0.000459526,0,0.0882412,0.559,3.05236,1.78175,0.628906,5.11712,0.494677,0.56749,0.520635,0.580952,0.576273,,,0,12.6544,0,11.6659,2.78212,3.0234,1.91852,,
Y3/lean_grouped__f0_s2,41,0.000457314,0,0.0879397,0.556725,2.9724,1.72883,0.659598,5.28612,0.581289,0.568548,0.593651,0.580952,0.581289,0.715,0.713,0,12.7346,0,11.6775,2.89626,3.13849,1.91595,55.5939,44.4062
Y3/lean_grouped__f0_s2,42,0.000455049,0,0.0876382,0.55445,2.96189,1.72288,0.648438,5.1447,0.540408,0.585224,0.557143,0.6,0.585224,0.657,0.735,0,11.4017,0,10.3485,2.71944,2.97725,1.86832,53.8962,46.1038
Y3/lean_grouped__f0_s2,43,0.000452732,0,0.0873367,0.552175,2.87864,1.67612,0.664621,5.08794,0.50441,0.586925,0.533333,0.601587,0.586925,0.669,0.737,0,12.3626,0,11.3849,2.76684,3.04205,1.86753,56.3867,43.6133
Y3/lean_grouped__f0_s2,44,0.000450362,0,0.0870352,0.5499,2.88259,1.68193,0.65625,5.12015,0.541757,0.622067,0.568254,0.634921,0.622067,0.686,0.762,0,13.0237,0,12.1182,2.92055,2.75131,1.8285,59.5096,40.4904
Y3/lean_grouped__f0_s2,45,0.000447941,0,0.0867337,0.547625,2.74276,1.59938,0.692522,5.2538,0.529434,0.603831,0.550794,0.61746,0.622067,,,0,10.5866,0,9.58328,2.60393,2.82498,1.76424,,
Y3/lean_grouped__f0_s2,46,0.000445469,0,0.0864322,0.54535,2.77371,1.63362,0.679688,5.25709,0.596621,0.630301,0.615873,0.644444,0.630301,0.763,0.778,0,11.9851,0,11.0167,2.71601,3.00915,1.82769,61.4809,38.5191
Y3/lean_grouped__f0_s2,47,0.000442948,0,0.0861307,0.543075,2.67814,1.56732,0.707589,5.28359,0.542152,0.586787,0.563492,0.603175,0.630301,,,0,11.6654,0,10.7822,2.63344,2.6814,1.73043,,
Y3/lean_grouped__f0_s2,48,0.000440376,0,0.0858291,0.5408,2.69274,1.58254,0.696987,5.2645,0.547692,0.625731,0.569841,0.638095,0.630301,,,0,11.8639,0,10.8735,2.92733,2.77671,1.74585,,
Y3/lean_grouped__f0_s2,49,0.000437756,0,0.0855276,0.538525,2.68707,1.58657,0.704799,5.11166,0.582805,0.609258,0.604762,0.62381,0.630301,,,0,13.1864,0,12.274,2.82863,2.93435,1.73573,,
Y3/lean_grouped__f0_s2,50,0.000435088,0,0.0852261,0.53625,2.60561,1.53683,0.71596,5.20425,0.583653,0.630165,0.6,0.64127,0.630301,0.737,0.812,0,13.3238,0,12.4223,2.88964,2.79974,1.76662,64.1274,35.8726
Y3/lean_grouped__f0_s2,51,0.000432373,0,0.0849246,0.533975,2.56275,1.50318,0.734933,5.27857,0.585767,0.631123,0.603175,0.647619,0.631123,0.749,0.824,0,12.0143,0,11.1217,2.82936,2.68191,1.68338,62.3629,37.6371
Y3/lean_grouped__f0_s2,52,0.000429611,0,0.0846231,0.5317,2.53716,1.49585,0.722098,5.19206,0.543268,0.640284,0.573016,0.655556,0.640284,0.765,0.826,0,12.674,0,11.8086,2.83089,2.74915,1.67521,63.8167,36.1833
Y3/lean_grouped__f0_s2,53,0.000426803,0,0.0843216,0.529425,2.51724,1.48322,0.720982,5.32903,0.597352,0.612493,0.615873,0.631746,0.640284,,,0,12.214,0,11.2833,2.95448,2.69088,1.67195,,
Y3/lean_grouped__f0_s2,54,0.000423949,0,0.0840201,0.52715,2.48357,1.46546,0.744978,5.43624,0.615814,0.645703,0.630159,0.660317,0.645703,0.796,0.84,0,13.1808,0,12.39,2.90595,2.52432,1.60474,64.2255,35.7745
Y3/lean_grouped__f0_s2,55,0.000421051,0,0.0837186,0.524875,2.48477,1.47115,0.739955,5.47728,0.649489,0.649639,0.650794,0.663492,0.649639,0.847,0.849,0,13.4709,0,12.6707,3.00408,2.57251,1.63814,63.9973,36.0027
Y3/lean_grouped__f0_s2,56,0.00041811,0,0.0834171,0.5226,2.45647,1.46775,0.742746,5.32347,0.581187,0.647619,0.588889,0.663492,0.649639,,,0,11.9791,0,11.1417,2.79097,2.51573,1.60099,,
Y3/lean_grouped__f0_s2,57,0.000415125,0,0.0831156,0.520325,2.4069,1.43376,0.743304,5.40088,0.617363,0.657532,0.636508,0.669841,0.657532,0.849,0.86,0,13.996,0,13.1785,3.09871,2.6431,1.62622,65.5253,34.4747
Y3/lean_grouped__f0_s2,58,0.000412098,0,0.0828141,0.51805,2.37875,1.42118,0.753906,5.45762,0.596966,0.655794,0.619048,0.669841,0.657532,,,0,12.7382,0,11.8097,3.04355,2.78913,1.63559,,
Y3/lean_grouped__f0_s2,59,0.00040903,0,0.0825126,0.515775,2.33419,1.3943,0.763393,5.35379,0.615894,0.662355,0.631746,0.669841,0.662355,0.853,0.864,0,12.9855,0,12.1558,3.03898,2.44963,1.61599,64.2703,35.7297
Y3/lean_grouped__f0_s2,60,0.000405921,0,0.0822111,0.5135,2.30424,1.36821,0.777902,5.25429,0.578056,0.653653,0.6,0.668254,0.662355,,,0,12.7465,0,11.9857,2.87693,2.37131,1.55805,,
Y3/lean_grouped__f0_s2,61,0.000402773,0,0.0819095,0.511225,2.28992,1.37704,0.774554,5.41461,0.641596,0.636617,0.647619,0.644444,0.662355,,,0,14.7797,0,14.0411,3.01492,2.50183,1.56093,,
Y3/lean_grouped__f0_s2,62,0.000399585,0,0.081608,0.50895,2.1951,1.31888,0.797433,5.40232,0.613584,0.666589,0.626984,0.674603,0.666589,0.862,0.888,0,13.8237,0,13.0623,3.06448,2.50896,1.53191,68.4266,31.5734
Y3/lean_grouped__f0_s2,63,0.000396359,0,0.0813065,0.506675,2.1887,1.31098,0.785714,5.46368,0.660604,0.66184,0.669841,0.671429,0.666589,,,0,13.3686,0,12.5809,3.1909,2.31615,1.53523,,
Y3/lean_grouped__f0_s2,64,0.000393096,0,0.081005,0.5044,2.10354,1.2554,0.811942,5.44436,0.607145,0.652739,0.622222,0.663492,0.666589,,,0,11.7333,0,10.9279,2.87239,2.33046,1.46046,,
Y3/lean_grouped__f0_s2,65,0.000389796,0,0.0807035,0.502125,2.21048,1.33355,0.788504,5.38278,0.605222,0.657528,0.61746,0.668254,0.666589,,,0,11.9988,0,11.1532,3.03682,2.37062,1.51528,,
Y3/lean_grouped__f0_s2,66,0.000386461,0,0.080402,0.49985,2.11057,1.27323,0.799665,5.52197,0.628055,0.660364,0.638095,0.669841,0.666589,,,0,11.5093,0,10.6409,2.92337,2.40451,1.51254,,
Y3/lean_grouped__f0_s2,67,0.000383091,0,0.0801005,0.497575,2.11193,1.26652,0.811384,5.33156,0.59793,0.659934,0.603175,0.669841,0.666589,,,0,13.8793,0,13.1028,3.25014,2.22918,1.4757,,
Y3/lean_grouped__f0_s2,68,0.000379687,0,0.079799,0.4953,2.01683,1.21141,0.832589,5.51592,0.646755,0.655305,0.657143,0.669841,0.666589,,,0,10.8923,0,10.0845,2.79352,2.2012,1.44068,,
Y3/lean_grouped__f0_s2,69,0.00037625,0,0.0794975,0.493025,2.04573,1.22807,0.819754,5.38235,0.585961,0.671776,0.606349,0.680952,0.671776,0.788,0.918,0,12.7814,0,12.028,3.00678,2.19772,1.45408,67.0196,32.9804
Y3/lean_grouped__f0_s2,70,0.000372781,0,0.079196,0.49075,1.99847,1.2185,0.823661,5.38394,0.675468,0.6708,0.680952,0.677778,0.675468,0.909,0.918,0,11.0611,0,10.2359,2.91865,2.23058,1.4438,68.6057,31.3943
Y3/lean_grouped__f0_s2,71,0.000369281,0,0.0788945,0.488475,1.95237,1.18098,0.840402,5.48043,0.598785,0.667362,0.61746,0.67619,0.675468,,,0,12.1661,0,11.3836,3.05907,2.23167,1.39409,,
Y3/lean_grouped__f0_s2,72,0.00036575,0,0.078593,0.4862,1.96102,1.19806,0.825893,5.36571,0.647362,0.682631,0.661905,0.687302,0.682631,0.906,0.934,0,11.2598,0,10.4187,3.00246,2.22607,1.42313,69.3264,30.6736
Y3/lean_grouped__f0_s2,73,0.00036219,0,0.0782915,0.483925,1.92657,1.17083,0.842634,5.34218,0.639214,0.685983,0.646032,0.690476,0.685983,0.915,0.938,0,11.396,0,10.6502,2.80228,2.10667,1.38637,69.4802,30.5198
Y3/lean_grouped__f0_s2,74,0.000358601,0,0.0779899,0.48165,1.89825,1.15596,0.84654,5.43459,0.666375,0.681074,0.67619,0.685714,0.685983,,,0,11.9928,0,11.2339,2.99935,2.11445,1.3865,,
Y3/lean_grouped__f0_s2,75,0.000354985,0,0.0776884,0.479375,1.90617,1.16153,0.842634,5.48247,0.650424,0.675261,0.657143,0.680952,0.685983,0.928,0.936,0.0119048,14.4689,1,13.7688,3.14288,2.27782,1.39858,70.3864,29.6136
Y3/lean_grouped__f0_s2,76,0.000351343,0,0.0773869,0.4771,1.87144,1.13874,0.853237,5.45154,0.643295,0.689632,0.650794,0.693651,0.689632,0.905,0.935,0,11.7576,0,10.9992,2.74683,2.26572,1.34013,69.9901,30.0099
Y3/lean_grouped__f0_s2,77,0.000347674,0,0.0770854,0.474825,1.87376,1.15199,0.841518,5.42627,0.66329,0.686887,0.671429,0.693651,0.689632,,,0,10.7328,0,9.9176,2.89566,2.07234,1.35712,,
Y3/lean_grouped__f0_s2,78,0.000343981,0,0.0767839,0.47255,1.82396,1.12086,0.864955,5.42774,0.663437,0.694617,0.669841,0.698413,0.694617,0.919,0.953,0,11.1693,0,10.4273,2.91747,1.97744,1.30089,70.23,29.77
Y3/lean_grouped__f0_s2,79,0.000340265,0,0.0764824,0.470275,1.79253,1.10278,0.857701,5.35467,0.590328,0.699805,0.615873,0.704762,0.699805,0.862,0.96,0,12.1165,0,11.3763,3.03103,2.03754,1.32018,69.2853,30.7147
Y3/lean_grouped__f0_s2,80,0.000336525,0,0.0761809,0.468,1.74994,1.07111,0.880022,5.39334,0.628707,0.688614,0.639683,0.690476,0.699805,,,0,11.4042,0,10.6582,2.87359,2.10253,1.30846,,
Y3/lean_grouped__f0_s2,81,0.000332764,0,0.0758794,0.465725,1.74651,1.07501,0.872768,5.41456,0.681452,0.693313,0.685714,0.696825,0.699805,,,0,10.0737,0,9.26911,2.89757,1.94085,1.26235,,
Y3/lean_grouped__f0_s2,82,0.000328982,0,0.0755779,0.46345,1.73105,1.06295,0.868304,5.52132,0.640651,0.686423,0.646032,0.690476,0.699805,,,0,11.5798,0,10.8523,3.0568,1.8475,1.23832,,
Y3/lean_grouped__f0_s2,83,0.00032518,0,0.0752764,0.461175,1.70155,1.05596,0.880022,5.4273,0.650878,0.700089,0.657143,0.706349,0.700089,0.941,0.965,0,10.6924,0,9.90338,2.95959,1.91166,1.30739,68.6302,31.3698
Y3/lean_grouped__f0_s2,84,0.000321359,0,0.0749749,0.4589,1.71318,1.06738,0.866071,5.38243,0.686764,0.693615,0.693651,0.701587,0.700089,,,0,10.2884,0,9.49217,2.90122,1.97136,1.2322,,
Y3/lean_grouped__f0_s2,85,0.00031752,0,0.0746734,0.456625,1.68808,1.04984,0.873884,5.35004,0.698795,0.713307,0.7,0.71746,0.713307,0.953,0.971,0,11.4855,0,10.7502,2.99186,1.88308,1.25155,70.09,29.91
Y3/lean_grouped__f0_s2,86,0.000313664,0,0.0743719,0.45435,1.6215,0.99826,0.899554,5.36457,0.674954,0.696438,0.684127,0.7,0.713307,,,0,10.6939,0,10.0234,2.67813,1.86962,1.14822,,
Y3/lean_grouped__f0_s2,87,0.000309793,0,0.0740704,0.452075,1.64366,1.01877,0.890067,5.48876,0.645918,0.690599,0.652381,0.696825,0.713307,,,0,9.65919,0,8.84894,2.81259,1.92237,1.21882,,
Y3/lean_grouped__f0_s2,88,0.000305907,0,0.0737688,0.4498,1.58786,0.989065,0.896205,5.49721,0.664256,0.702993,0.666667,0.706349,0.713307,,,0,10.4563,0,9.72767,2.86598,1.79745,1.17935,,
Y3/lean_grouped__f0_s2,89,0.000302006,0,0.0734673,0.447525,1.59368,0.992861,0.890625,5.35523,0.679803,0.694258,0.688889,0.698413,0.713307,,,0,9.04293,0,8.27069,2.72569,1.751,1.17361,,
Y3/lean_grouped__f0_s2,90,0.000298093,0,0.0731658,0.44525,1.55241,0.964431,0.905692,5.36211,0.693827,0.694541,0.695238,0.698413,0.713307,,,0,9.686,0,8.9546,2.78112,1.73011,1.13629,,
Y3/lean_grouped__f0_s2,91,0.000294168,0,0.0728643,0.442975,1.53401,0.962,0.897879,5.35127,0.692542,0.694662,0.7,0.698413,0.713307,,,0,9.05728,0,8.29442,2.70227,1.75755,1.13715,,
Y3/lean_grouped__f0_s2,92,0.000290233,0,0.0725628,0.4407,1.51955,0.952407,0.904576,5.35228,0.673315,0.700236,0.687302,0.703175,0.713307,,,0,9.8905,0,9.2104,2.7701,1.64211,1.10434,,
Y3/lean_grouped__f0_s2,93,0.000286287,0,0.0722613,0.438425,1.51049,0.949894,0.90904,5.37065,0.650568,0.706347,0.652381,0.709524,0.713307,,,0,9.53483,0,8.73584,2.844,1.84445,1.14368,,
Y3/lean_grouped__f0_s2,94,0.000282333,0,0.0719598,0.43615,1.49997,0.94584,0.90625,5.40986,0.689031,0.710164,0.696825,0.714286,0.713307,,,0,10.1083,0,9.34666,2.9446,1.78817,1.11977,,
Y3/lean_grouped__f0_s2,95,0.000278371,0,0.0716583,0.433875,1.50622,0.952497,0.908482,5.42363,0.674631,0.703763,0.684127,0.711111,0.713307,,,0,10.7564,0,10.0008,3.07194,1.81812,1.15156,,
Y3/lean_grouped__f0_s2,96,0.000274402,0,0.0713568,0.4316,1.50015,0.947073,0.908482,5.27534,0.674455,0.708604,0.68254,0.71746,0.713307,,,0,9.83152,0,9.03124,3.04445,1.7262,1.11889,,
Y3/lean_grouped__f0_s2,97,0.000270428,0,0.0710553,0.429325,1.46073,0.929755,0.919085,5.43435,0.691196,0.708381,0.696825,0.712698,0.713307,,,0,9.5427,0,8.84328,2.71908,1.60308,1.08289,,
Y3/lean_grouped__f0_s2,98,0.000266449,0,0.0707538,0.42705,1.46147,0.918584,0.922991,5.35653,0.661712,0.703103,0.665079,0.707937,0.713307,,,0,11.8023,0,11.1222,3.04455,1.61885,1.11782,,
Y3/lean_grouped__f0_s2,99,0.000262466,0,0.0704523,0.424775,1.46418,0.933151,0.912946,5.28753,0.686239,0.7101,0.687302,0.711111,0.713307,,,0,9.71073,0,9.03465,2.70513,1.65241,1.05126,,
Y3/lean_grouped__f0_s2,100,0.000258481,0,0.0701508,0.4225,1.3955,0.887204,0.93192,5.33625,0.657879,0.698257,0.668254,0.703175,0.713307,0.989,0.986,0,9.99115,0,9.31674,2.77912,1.58283,1.0284,73.4145,26.5855
Y3/lean_grouped__f0_s2,101,0.000254494,0,0.0698492,0.420225,1.41551,0.903681,0.923549,5.35912,0.651712,0.701593,0.65873,0.704762,0.713307,,,0,9.69734,0,8.94314,2.96728,1.50415,1.04418,,
Y3/lean_grouped__f0_s2,102,0.000250506,0,0.0695477,0.41795,1.4382,0.913752,0.915737,5.29156,0.650541,0.658958,0.650794,0.669841,0.713307,,,0,12.9203,0,12.2254,3.33978,1.6708,1.11169,,
Y3/lean_grouped__f0_s2,103,0.000246519,0,0.0692462,0.415675,1.42215,0.9089,0.913504,5.33659,0.674065,0.673582,0.677778,0.679365,0.713307,,,0,9.82409,0,9.10952,2.9235,1.54894,1.05388,,
Y3/lean_grouped__f0_s2,104,0.000242534,0,0.0689447,0.4134,1.34183,0.859474,0.933594,5.45073,0.679714,0.679276,0.687302,0.688889,0.713307,,,0,9.15975,0,8.4731,2.69133,1.56626,1.00051,,
Y3/lean_grouped__f0_s2,105,0.000238551,0,0.0686432,0.411125,1.36101,0.870809,0.925223,5.38776,0.693758,0.686534,0.7,0.692063,0.713307,,,0,8.36829,0,7.69399,2.55668,1.42521,0.978011,,
Y3/lean_grouped__f0_s2,106,0.000234572,0,0.0683417,0.40885,1.29466,0.83653,0.94308,5.33292,0.690896,0.685345,0.696825,0.692063,0.713307,,,0,8.58238,0,7.95507,2.49942,1.43997,0.94653,,
Y3/lean_grouped__f0_s2,107,0.000230598,0,0.0680402,0.406575,1.30875,0.849623,0.929129,5.41444,0.661091,0.693192,0.663492,0.696825,0.713307,,,0,8.38082,0,7.68672,2.61473,1.43366,0.980307,,
Y3/lean_grouped__f0_s2,108,0.000226629,0,0.0677387,0.4043,1.28737,0.825608,0.94308,5.29408,0.696031,0.697698,0.703175,0.703175,0.713307,,,0,8.99902,0,8.34911,2.69652,1.28882,0.93522,,
Y3/lean_grouped__f0_s2,109,0.000222667,0,0.0674372,0.402025,1.28305,0.829368,0.939732,5.35909,0.686189,0.713363,0.692063,0.71746,0.713363,0.994,0.99,0,9.56115,0,8.93218,2.73004,1.37877,0.962485,74.5832,25.4168
Y3/lean_grouped__f0_s2,110,0.000218713,0,0.0671357,0.39975,1.24797,0.812771,0.943638,5.28727,0.620297,0.712574,0.631746,0.71746,0.713363,,,0,8.58193,0,7.9211,2.6492,1.30766,0.916102,,
Y3/lean_grouped__f0_s2,111,0.000214767,0,0.0668342,0.397475,1.26831,0.821214,0.934152,5.33629,0.669459,0.707254,0.674603,0.711111,0.713363,,,0,9.43844,0,8.80183,2.77672,1.35789,0.938898,,
Y3/lean_grouped__f0_s2,112,0.000210832,0,0.0665327,0.3952,1.26459,0.827926,0.941406,5.2437,0.699844,0.714538,0.703175,0.71746,0.714538,0.995,0.992,0,10.7469,0,10.1572,2.84959,1.4153,0.974277,74.7675,25.2325
Y3/lean_grouped__f0_s2,113,0.000206907,0,0.0662312,0.392925,1.25282,0.816483,0.931362,5.26227,0.704602,0.703459,0.707937,0.706349,0.714538,,,0,8.77571,0,8.10234,2.67616,1.37661,0.930858,,
Y3/lean_grouped__f0_s2,114,0.000202994,0,0.0659296,0.39065,1.23478,0.809206,0.938616,5.3461,0.692671,0.699078,0.698413,0.703175,0.714538,,,0,8.97865,0,8.28026,2.74163,1.44094,0.932057,,
Y3/lean_grouped__f0_s2,115,0.000199093,0,0.0656281,0.388375,1.17893,0.774006,0.954241,5.41573,0.699872,0.7201,0.701587,0.72381,0.7201,0.998,0.993,0,7.93976,0,7.29012,2.4842,1.35977,0.879435,73.411,26.589
Y3/lean_grouped__f0_s2,116,0.000195207,0,0.0653266,0.3861,1.17257,0.773318,0.952567,5.36231,0.715109,0.719616,0.71746,0.722222,0.7201,,,0,7.9692,0,7.33234,2.48222,1.34702,0.876176,,
Y3/lean_grouped__f0_s2,117,0.000191336,0,0.0650251,0.383825,1.13822,0.747865,0.958147,5.34682,0.684096,0.717522,0.688889,0.720635,0.7201,,,0,8.67475,0,8.12611,2.45474,1.14033,0.812019,,
Y3/lean_grouped__f0_s2,118,0.00018748,0,0.0647236,0.38155,1.15131,0.762974,0.949777,5.30711,0.70552,0.721826,0.709524,0.725397,0.721826,0.999,0.997,0,8.24052,0,7.62756,2.52564,1.26083,0.856106,74.5275,25.4725
Y3/lean_grouped__f0_s2,119,0.000183641,0,0.0644221,0.379275,1.13705,0.756903,0.957031,5.24525,0.71282,0.717864,0.715873,0.722222,0.721826,,,0,8.44416,0,7.82948,2.55632,1.294,0.865084,,
Y3/lean_grouped__f0_s2,120,0.00017982,0,0.0641206,0.377,1.15409,0.770886,0.953683,5.48965,0.690901,0.716187,0.696825,0.720635,0.721826,,,0,8.11227,0,7.53634,2.35971,1.25303,0.837648,,
Y3/lean_grouped__f0_s2,121,0.000176018,0,0.0638191,0.374725,1.13466,0.757196,0.952567,5.3395,0.6959,0.711033,0.695238,0.715873,0.721826,,,0,7.72825,0,7.13815,2.42043,1.17989,0.83175,,
Y3/lean_grouped__f0_s2,122,0.000172236,0,0.0635176,0.37245,1.14182,0.761618,0.949777,5.35141,0.692031,0.711446,0.698413,0.715873,0.721826,,,0,8.01733,0,7.39586,2.53851,1.21502,0.848198,,
Y3/lean_grouped__f0_s2,123,0.000168475,0,0.0632161,0.370175,1.12803,0.749503,0.951451,5.45352,0.709375,0.711862,0.712698,0.715873,0.721826,,,0,8.03748,0,7.37957,2.62759,1.24808,0.86015,,
Y3/lean_grouped__f0_s2,124,0.000164735,0,0.0629146,0.3679,1.08927,0.732409,0.955915,5.2842,0.71252,0.708966,0.711111,0.712698,0.721826,,,0,7.77229,0,7.18163,2.41414,1.16395,0.816165,,
Y3/lean_grouped__f0_s2,125,0.000161019,0,0.0626131,0.365625,1.10116,0.737115,0.954241,5.32855,0.677577,0.719346,0.680952,0.722222,0.721826,0.99,0.998,0,8.54543,0,7.88519,2.70831,1.25124,0.8336,75.5287,24.4713
Y3/lean_grouped__f0_s2,126,0.000157326,0,0.0623116,0.36335,1.09058,0.729656,0.954799,5.34349,0.714642,0.710099,0.715873,0.712698,0.721826,,,0,8.07323,0,7.47736,2.51236,1.13892,0.838144,,
Y3/lean_grouped__f0_s2,127,0.000153657,0,0.0620101,0.361075,1.07412,0.724641,0.960379,5.40153,0.682641,0.717835,0.695238,0.719048,0.721826,,,0,7.25959,0,6.61224,2.4853,1.13012,0.817801,,
Y3/lean_grouped__f0_s2,128,0.000150015,0,0.0617085,0.3588,1.07029,0.72782,0.958147,5.39349,0.703216,0.714173,0.706349,0.71746,0.721826,,,0,8.05496,0,7.47202,2.4464,1.21124,0.819858,,
Y3/lean_grouped__f0_s2,129,0.000146399,0,0.061407,0.356525,1.04436,0.70735,0.964286,5.33936,0.698611,0.714223,0.709524,0.71746,0.721826,,,0,7.63324,0,7.057,2.40813,1.11407,0.765532,,
Y3/lean_grouped__f0_s2,130,0.00014281,0,0.0611055,0.35425,1.04685,0.715671,0.959263,5.39841,0.696986,0.722889,0.706349,0.725397,0.722889,0.995,0.999,0,8.14103,0,7.50998,2.56979,1.1902,0.819362,76.055,23.945
Y3/lean_grouped__f0_s2,131,0.00013925,0,0.060804,0.351975,1.06229,0.725137,0.957589,5.39016,0.710794,0.727648,0.715873,0.730159,0.727648,0.999,0.999,0,7.82704,0,7.18235,2.52437,1.23954,0.834873,76.4632,23.5368
Y3/lean_grouped__f0_s2,132,0.000135719,0,0.0605025,0.3497,1.04233,0.710419,0.957589,5.35482,0.710715,0.72265,0.715873,0.72381,0.727648,,,0,7.4183,0,6.82281,2.33631,1.19073,0.811541,,
Y3/lean_grouped__f0_s2,133,0.000132219,0,0.060201,0.347425,1.04817,0.717044,0.952567,5.30753,0.685667,0.727022,0.690476,0.728571,0.727648,,,0,7.49718,0,6.85237,2.53036,1.14868,0.800347,,
Y3/lean_grouped__f0_s2,134,0.00012875,0,0.0598995,0.34515,1.02284,0.707211,0.958147,5.31122,0.691229,0.72024,0.696825,0.722222,0.727648,,,0,6.53338,0,5.88844,2.2769,1.13902,0.776214,,
Y3/lean_grouped__f0_s2,135,0.000125313,0,0.059598,0.342875,0.994526,0.682558,0.968192,5.36874,0.693551,0.72659,0.695238,0.726984,0.727648,,,0,7.04583,0,6.46593,2.31665,1.0505,0.758102,,
Y3/lean_grouped__f0_s2,136,0.000121909,0,0.0592965,0.3406,0.977891,0.674344,0.969866,5.24208,0.712325,0.724688,0.711111,0.725397,0.727648,,,0,7.71296,0,7.20097,2.30191,0.97613,0.711575,,
Y3/lean_grouped__f0_s2,137,0.000118539,0,0.058995,0.338325,0.97732,0.678879,0.968192,5.32353,0.714529,0.721671,0.715873,0.722222,0.727648,,,0,7.03814,0,6.48703,2.25926,1.01965,0.744456,,
Y3/lean_grouped__f0_s2,138,0.000115204,0,0.0586935,0.33605,0.959811,0.666977,0.96875,5.4387,0.708631,0.724368,0.709524,0.725397,0.727648,,,0,7.24825,0,6.68856,2.28223,1.05697,0.743869,,
Y3/lean_grouped__f0_s2,139,0.000111904,0,0.058392,0.333775,0.95786,0.659245,0.97154,5.33065,0.717384,0.723798,0.722222,0.725397,0.727648,,,0,7.12516,0,6.55048,2.37227,0.974293,0.709737,,
Y3/lean_grouped__f0_s2,140,0.000108641,0,0.0580905,0.3315,0.967489,0.675865,0.962612,5.26081,0.729236,0.725037,0.730159,0.725397,0.729236,0.999,0.999,0,6.78992,0,6.18128,2.33653,1.02946,0.725183,76.8993,23.1007
Y3/lean_grouped__f0_s2,141,0.000105415,0,0.0577889,0.329225,0.969758,0.674971,0.960938,5.30181,0.705621,0.7239,0.704762,0.72381,0.729236,,,0,6.64548,0,6.02217,2.33178,1.05002,0.748926,,
Y3/lean_grouped__f0_s2,142,0.000102227,0,0.0574874,0.32695,0.927972,0.648013,0.972098,5.39432,0.685908,0.719094,0.688889,0.722222,0.729236,,,0,7.38898,0,6.85904,2.29092,0.962276,0.725879,,
Y3/lean_grouped__f0_s2,143,9.90786e-05,0,0.0571859,0.324675,0.94366,0.660266,0.96596,5.31021,0.702012,0.723247,0.703175,0.725397,0.729236,,,0,6.92797,0,6.36718,2.25879,0.989858,0.708835,,
Y3/lean_grouped__f0_s2,144,9.59698e-05,0,0.0568844,0.3224,0.915622,0.643166,0.968192,5.34586,0.71345,0.719857,0.712698,0.720635,0.729236,,,0,6.65451,0,6.13249,2.15384,0.965702,0.675988,,
Y3/lean_grouped__f0_s2,145,9.29016e-05,0,0.0565829,0.320125,0.923658,0.647343,0.967634,5.34278,0.705589,0.718604,0.704762,0.720635,0.729236,,,0,7.31269,0,6.74218,2.36922,1.04974,0.732293,,
Y3/lean_grouped__f0_s2,146,8.98748e-05,0,0.0562814,0.31785,0.907732,0.643808,0.969866,5.41192,0.697351,0.724938,0.698413,0.725397,0.729236,,,0,6.6679,0,6.09666,2.29298,0.915345,0.69202,,
Y3/lean_grouped__f0_s2,147,8.68902e-05,0,0.0559799,0.315575,0.92149,0.652251,0.963728,5.29302,0.720201,0.732524,0.725397,0.733333,0.732524,1,1,0,7.35788,0,6.79317,2.3645,0.997457,0.711669,77.0202,22.9798
Y3/lean_grouped__f0_s2,148,8.39486e-05,0,0.0556784,0.3133,0.917465,0.65349,0.962612,5.29386,0.722447,0.719102,0.725397,0.720635,0.732524,,,0,6.77262,0,6.20218,2.21757,1.06364,0.714293,,
Y3/lean_grouped__f0_s2,149,8.10507e-05,0,0.0553769,0.311025,0.892205,0.634488,0.973214,5.31656,0.729625,0.730987,0.731746,0.731746,0.732524,,,0,6.18618,0,5.64903,2.10816,0.952843,0.675528,,
Y3/lean_grouped__f0_s2,150,7.81974e-05,0,0.0550754,0.30875,0.899462,0.641183,0.967634,5.3012,0.729742,0.73207,0.734921,0.733333,0.732524,1,1,0,6.03859,0,5.45905,2.13811,0.938836,0.707061,77.7883,22.2117
Y3/lean_grouped__f0_s2,151,7.53893e-05,0,0.0547739,0.306475,0.870492,0.621586,0.969308,5.347,0.724882,0.731632,0.730159,0.731746,0.732524,,,0,6.28237,0,5.73216,2.12269,0.997986,0.668942,,
Y3/lean_grouped__f0_s2,152,7.26271e-05,0,0.0544724,0.3042,0.882971,0.631236,0.965402,5.37827,0.717553,0.725379,0.722222,0.725397,0.732524,,,0,6.55077,0,5.9519,2.29968,0.996409,0.713974,,
Y3/lean_grouped__f0_s2,153,6.99117e-05,0,0.0541709,0.301925,0.852377,0.61041,0.967076,5.27567,0.713836,0.726814,0.719048,0.726984,0.732524,,,0,5.87997,0,5.33149,2.0448,0.948474,0.661446,,
Y3/lean_grouped__f0_s2,154,6.72436e-05,0,0.0538693,0.29965,0.852259,0.612379,0.96875,5.26794,0.71705,0.732002,0.71746,0.731746,0.732524,,,0,6.78583,0,6.23041,2.28935,0.904927,0.688996,,
Y3/lean_grouped__f0_s2,155,6.46236e-05,0,0.0535678,0.297375,0.867627,0.624623,0.965402,5.29939,0.723296,0.733127,0.722222,0.731746,0.733127,1,1,0,6.42371,0,5.77651,2.36382,0.992914,0.702954,77.316,22.684
Y3/lean_grouped__f0_s2,156,6.20524e-05,0,0.0532663,0.2951,0.838243,0.608944,0.96875,5.32141,0.710931,0.729977,0.714286,0.730159,0.733127,,,0,6.1413,0,5.57502,2.15042,0.949943,0.668938,,
Y3/lean_grouped__f0_s2,157,5.95306e-05,0,0.0529648,0.292825,0.837844,0.605197,0.970424,5.26138,0.704999,0.739992,0.706349,0.739683,0.739992,1,1,0,6.78408,0,6.25003,2.19778,0.97485,0.695381,77.6352,22.3648
Y3/lean_grouped__f0_s2,158,5.70589e-05,0,0.0526633,0.29055,0.824607,0.60002,0.967634,5.28976,0.714398,0.732011,0.715873,0.731746,0.739992,,,0,6.40355,0,5.76743,2.36039,0.948929,0.686472,,
Y3/lean_grouped__f0_s2,159,5.46379e-05,0,0.0523618,0.288275,0.802746,0.579567,0.972656,5.24898,0.704208,0.730271,0.707937,0.730159,0.739992,,,0,5.8093,0,5.25804,2.09551,0.865106,0.654927,,
Y3/lean_grouped__f0_s2,160,5.22683e-05,0,0.0520603,0.286,0.815595,0.591292,0.97433,5.19079,0.711693,0.737324,0.714286,0.738095,0.739992,,,0,6.47533,0,5.87213,2.29414,0.939516,0.685088,,
Y3/lean_grouped__f0_s2,161,4.99506e-05,0,0.0517588,0.283725,0.804952,0.587132,0.970982,5.39346,0.734089,0.731068,0.734921,0.731746,0.739992,,,0,6.15486,0,5.64496,2.06682,0.895602,0.646439,,
Y3/lean_grouped__f0_s2,162,4.76856e-05,0,0.0514573,0.28145,0.796232,0.582541,0.974888,5.24808,0.724742,0.72431,0.725397,0.725397,0.739992,,,0,5.56883,0,5.04973,1.92687,0.917371,0.636302,,
Y3/lean_grouped__f0_s2,163,4.54736e-05,0,0.0511558,0.279175,0.773276,0.56792,0.973214,5.13499,0.715653,0.729287,0.719048,0.730159,0.739992,,,0,6.05406,0,5.45713,2.23978,0.879674,0.636407,,
Y3/lean_grouped__f0_s2,164,4.33155e-05,0,0.0508543,0.2769,0.800582,0.589293,0.968192,5.2507,0.716604,0.730341,0.720635,0.731746,0.739992,,,0,5.71021,0,5.16899,2.04964,0.866809,0.647572,,
Y3/lean_grouped__f0_s2,165,4.12116e-05,0,0.0505528,0.274625,0.776348,0.572637,0.970982,5.21086,0.710815,0.734958,0.712698,0.734921,0.739992,,,0,5.98619,0,5.42572,2.12016,0.877813,0.646444,,
Y3/lean_grouped__f0_s2,166,3.91625e-05,0,0.0502513,0.27235,0.779579,0.575023,0.97154,5.25846,0.703522,0.729788,0.701587,0.730159,0.739992,,,0,6.19871,0,5.64866,2.15394,0.922438,0.654151,,
Y3/lean_grouped__f0_s2,167,3.71688e-05,0,0.0499497,0.270075,0.780821,0.579645,0.961496,5.1952,0.726617,0.723957,0.726984,0.725397,0.739992,,,0,5.86757,0,5.28777,2.12179,0.960576,0.670723,,
Y3/lean_grouped__f0_s2,168,3.5231e-05,0,0.0496482,0.2678,0.792008,0.588625,0.962612,5.26803,0.722809,0.723756,0.72381,0.72381,0.739992,,,0,6.24549,0,5.68765,2.1472,0.945119,0.696135,,
Y3/lean_grouped__f0_s2,169,3.33496e-05,0,0.0493467,0.265525,0.786099,0.582611,0.961496,5.20521,0.722571,0.731546,0.725397,0.731746,0.739992,,,0,6.1281,0,5.57001,2.11625,0.941716,0.685108,,
Y3/lean_grouped__f0_s2,170,3.15251e-05,0,0.0490452,0.26325,0.75033,0.559603,0.970424,5.2559,0.714211,0.726706,0.71746,0.726984,0.739992,,,0,5.99863,0,5.47264,2.05952,0.921331,0.673763,,
Y3/lean_grouped__f0_s2,171,2.97579e-05,0,0.0487437,0.260975,0.745974,0.558634,0.972098,5.27955,0.719288,0.721971,0.720635,0.722222,0.739992,,,0,5.02836,0,4.48458,1.90473,0.800703,0.595373,,
Y3/lean_grouped__f0_s2,172,2.80486e-05,0,0.0484422,0.2587,0.73608,0.551664,0.972656,5.21001,0.707666,0.727705,0.707937,0.728571,0.739992,,,0,5.28416,0,4.7744,1.88377,0.862293,0.621377,,
Y3/lean_grouped__f0_s2,173,2.63975e-05,0,0.0481407,0.256425,0.727181,0.546458,0.977679,5.24833,0.71602,0.725868,0.715873,0.725397,0.739992,,,0,5.532,0,5.00135,1.9743,0.834216,0.624768,,
Y3/lean_grouped__f0_s2,174,2.48051e-05,0,0.0478392,0.25415,0.723063,0.543362,0.974888,5.15459,0.710433,0.720078,0.709524,0.720635,0.739992,,,0,5.87377,0,5.34714,2.05309,0.848773,0.61874,,
Y3/lean_grouped__f0_s2,175,2.32718e-05,0,0.0475377,0.251875,0.719995,0.542434,0.973214,5.19855,0.714804,0.725129,0.715873,0.725397,0.739992,1,1,0,5.35,0,4.82576,1.92865,0.818946,0.616023,78.5122,21.4878
Y3/lean_grouped__f0_s2,176,2.1798e-05,0,0.0472362,0.25,0.718968,0.541611,0.972656,5.27578,0.716064,0.730755,0.715873,0.731746,0.739992,,,0,5.98528,0,5.45784,2.07887,0.86758,0.636045,,
Y3/lean_grouped__f0_s2,177,2.0384e-05,0,0.0469347,0.25,0.737612,0.554779,0.968192,5.24489,0.718908,0.721956,0.719048,0.722222,0.739992,,,0,5.66418,0,5.08158,2.15831,0.848952,0.666111,,
Y3/lean_grouped__f0_s2,178,1.90303e-05,0,0.0466332,0.25,0.71233,0.536201,0.974888,5.28983,0.721937,0.724787,0.722222,0.725397,0.739992,,,0,6.64145,0,6.03576,2.38587,0.884359,0.638419,,
Y3/lean_grouped__f0_s2,179,1.77372e-05,0,0.0463317,0.25,0.700869,0.527529,0.976563,5.27947,0.722307,0.725247,0.72381,0.725397,0.739992,,,0,5.20576,0,4.70512,1.87022,0.808373,0.603872,,
Y3/lean_grouped__f0_s2,180,1.65051e-05,0,0.0460302,0.25,0.717994,0.538513,0.96596,5.31041,0.720444,0.725193,0.720635,0.725397,0.739992,,,0,5.68086,0,5.14307,2.02473,0.874326,0.644637,,
Y3/lean_grouped__f0_s2,181,1.53342e-05,0,0.0457286,0.25,0.686453,0.518095,0.976004,5.24985,0.714511,0.721499,0.714286,0.722222,0.739992,,,0,5.1764,0,4.68364,1.83583,0.82991,0.589885,,
Y3/lean_grouped__f0_s2,182,1.42248e-05,0,0.0454271,0.25,0.709712,0.534202,0.969866,5.28943,0.71528,0.725223,0.714286,0.725397,0.739992,,,0,5.35334,0,4.78431,2.03178,0.834322,0.618597,,
Y3/lean_grouped__f0_s2,183,1.31773e-05,0,0.0451256,0.25,0.679277,0.509313,0.977679,5.3554,0.720954,0.719719,0.722222,0.720635,0.739992,,,0,5.18882,0,4.69186,1.851,0.812629,0.582492,,
Y3/lean_grouped__f0_s2,184,1.21919e-05,0,0.0448241,0.25,0.683894,0.517083,0.974888,5.23642,0.724861,0.716645,0.72381,0.71746,0.739992,,,0,5.08408,0,4.60009,1.79892,0.8124,0.608555,,
Y3/lean_grouped__f0_s2,185,1.12689e-05,0,0.0445226,0.25,0.701576,0.529395,0.969308,5.30597,0.722946,0.72058,0.722222,0.720635,0.739992,,,0,5.83116,0,5.25196,2.16289,0.907622,0.674496,,
Y3/lean_grouped__f0_s2,186,1.04085e-05,0,0.0442211,0.25,0.696367,0.523455,0.972656,5.27816,0.723233,0.722714,0.72381,0.722222,0.739992,,,0,5.0649,0,4.53143,1.8683,0.829951,0.620186,,
Y3/lean_grouped__f0_s2,187,9.61089e-06,0,0.0439196,0.25,0.686621,0.517993,0.96875,5.18264,0.724224,0.727327,0.725397,0.726984,0.739992,,,0,5.28204,0,4.71274,2.03696,0.803016,0.607049,,
Y3/lean_grouped__f0_s2,188,8.87636e-06,0,0.0436181,0.25,0.684293,0.51423,0.970424,5.35298,0.723636,0.720396,0.72381,0.720635,0.739992,,,0,5.72375,0,5.21498,2.00556,0.798089,0.617871,,
Y3/lean_grouped__f0_s2,189,8.20506e-06,0,0.0433166,0.25,0.650926,0.48837,0.979911,5.33327,0.72222,0.71981,0.72381,0.720635,0.739992,,,0,5.13924,0,4.62631,1.86249,0.80947,0.589808,,
Y3/lean_grouped__f0_s2,190,7.59717e-06,0,0.0430151,0.25,0.67527,0.504248,0.97433,5.31095,0.722846,0.721766,0.72381,0.722222,0.739992,,,0,5.28405,0,4.79224,1.86252,0.819513,0.593096,,
Y3/lean_grouped__f0_s2,191,7.05284e-06,0,0.0427136,0.25,0.665641,0.500433,0.978237,5.34391,0.723196,0.716255,0.72381,0.715873,0.739992,,,0,5.63352,0,5.12933,1.99055,0.794102,0.595091,,
Y3/lean_grouped__f0_s2,192,6.57221e-06,0,0.0424121,0.25,0.650939,0.488703,0.978795,5.38631,0.721969,0.716573,0.722222,0.715873,0.739992,,,0,4.79086,0,4.28823,1.78952,0.775381,0.581903,,
Y3/lean_grouped__f0_s2,193,6.15542e-06,0,0.0421106,0.25,0.665818,0.498307,0.977121,5.36439,0.71718,0.719735,0.71746,0.720635,0.739992,,,0,5.34101,0,4.75598,2.06637,0.855817,0.62843,,
Y3/lean_grouped__f0_s2,194,5.80257e-06,0,0.041809,0.25,0.66743,0.501059,0.970982,5.2351,0.721865,0.71824,0.722222,0.719048,0.739992,,,0,6.15641,0,5.59631,2.14748,0.911147,0.666027,,
Y3/lean_grouped__f0_s2,195,5.51374e-06,0,0.0415075,0.25,0.652587,0.489894,0.978237,5.33584,0.718679,0.714812,0.719048,0.715873,0.739992,,,0,5.29502,0,4.7869,1.91171,0.8131,0.589312,,
Y3/lean_grouped__f0_s2,196,5.28902e-06,0,0.041206,0.25,0.652404,0.488864,0.974888,5.23567,0.717992,0.721069,0.719048,0.722222,0.739992,,,0,5.20737,0,4.66983,1.95835,0.800585,0.605966,,
Y3/lean_grouped__f0_s2,197,5.12847e-06,0,0.0409045,0.25,0.637899,0.476105,0.976004,5.29689,0.721899,0.716499,0.722222,0.715873,0.739992,1,1,0,5.51667,0,5.02892,1.88121,0.812447,0.594391,,
Y3/lean_grouped__f1_s1,1,0.0002,1,0.1,0.647725,8.50503,5.5912,0.0145089,15.0127,0.010129,0.00611623,0.0333333,0.0269841,0.010129,0.042,0.047,0.0595238,39.1204,4,29.9057,21.0955,9.97981,8.61807,0.0281329,99.9719
Y3/lean_grouped__f1_s1,2,0.0003,1,0.0996985,0.64545,7.35796,4.45413,0.0290179,5.24888,0.0286234,0.0317398,0.0603175,0.0587302,0.0317398,0.068,0.064,0.0119048,15.9315,0,9.04366,10.029,5.18265,5.35229,0.205571,99.7944
Y3/lean_grouped__f1_s1,3,0.0004,1,0.099397,0.643175,6.96804,4.07594,0.0446429,5.35294,0.058443,0.0761712,0.101587,0.11746,0.0761712,0.12,0.141,0,9.54083,0,3.34387,5.91614,4.39682,4.40194,1.50869,98.4913
Y3/lean_grouped__f1_s1,4,0.0005,1,0.0990955,0.6409,6.81132,3.93962,0.0368304,5.36102,0.0901201,0.115134,0.149206,0.155556,0.115134,0.174,0.184,0,7.44699,0,2.92862,3.53659,3.98348,3.80187,8.20303,91.797
Y3/lean_grouped__f1_s1,5,0.000499968,1,0.098794,0.638625,6.65311,3.88196,0.0608259,5.40912,0.131722,0.155661,0.169841,0.196825,0.155661,0.181,0.215,0,7.64568,0,4.28933,3.03769,3.63284,3.47331,16.822,83.178
Y3/lean_grouped__f1_s1,6,0.000499872,1,0.0984925,0.63635,6.23954,3.63478,0.101563,5.36429,0.11843,0.193272,0.153968,0.24127,0.193272,0.157,0.274,0,8.08565,0,5.43321,2.72638,3.61397,3.36555,21.8393,78.1607
Y3/lean_grouped__f1_s1,7,0.000499711,1,0.098191,0.634075,6.12488,3.58474,0.104353,5.34907,0.150037,0.204567,0.207937,0.253968,0.204567,0.229,0.287,0,7.55229,0,5.01108,2.4332,3.48992,3.01214,22.9938,77.0062
Y3/lean_grouped__f1_s1,8,0.000499486,1,0.0978894,0.6318,6.00096,3.51068,0.136719,5.39792,0.176711,0.246969,0.231746,0.287302,0.246969,0.244,0.307,0,6.71097,0,4.13601,2.22529,3.37725,2.93145,21.4404,78.5596
Y3/lean_grouped__f1_s1,9,0.000499197,1,0.0975879,0.629525,5.99899,3.53202,0.136161,5.34921,0.192875,0.24035,0.225397,0.285714,0.246969,,,0,7.56954,0,5.35576,2.31589,3.34046,2.81174,,
Y3/lean_grouped__f1_s1,10,0.000498845,1,0.0972864,0.62725,5.85719,3.46239,0.0959821,5.39312,0.232181,0.245087,0.277778,0.287302,0.246969,,,0,7.97164,0,5.8757,2.48671,3.45227,2.74759,,
Y3/lean_grouped__f1_s1,11,0.000498428,1,0.0969849,0.624975,5.66768,3.32377,0.141741,5.486,0.179601,0.26328,0.225397,0.307937,0.26328,0.249,0.348,0,8.65351,0,6.56531,2.52542,3.57675,2.75062,29.4244,70.5756
Y3/lean_grouped__f1_s1,12,0.000497947,1,0.0966834,0.6227,5.68364,3.35198,0.130022,5.35902,0.194638,0.280492,0.242857,0.325397,0.280492,0.289,0.359,0,7.03175,0,4.80454,2.35369,3.30133,2.55583,27.8735,72.1265
Y3/lean_grouped__f1_s1,13,0.000497403,1,0.0963819,0.620425,5.59969,3.31546,0.163504,5.36596,0.226557,0.296778,0.280952,0.349206,0.296778,0.335,0.381,0,7.24174,0,5.30883,2.27978,3.18487,2.47275,30.1271,69.8729
Y3/lean_grouped__f1_s1,14,0.000496795,1,0.0960804,0.61815,5.60619,3.33189,0.184152,5.34266,0.264425,0.284926,0.314286,0.346032,0.296778,,,0,7.99822,0,6.14849,2.30356,3.33694,2.44279,,
Y3/lean_grouped__f1_s1,15,0.000496124,1,0.0957789,0.615875,5.45025,3.23679,0.178013,5.30001,0.205135,0.292213,0.249206,0.346032,0.296778,,,0,8.22297,0,6.4983,2.33138,3.26801,2.41173,,
Y3/lean_grouped__f1_s1,16,0.000495389,1,0.0954774,0.6136,5.38614,3.19894,0.126116,5.44404,0.210061,0.316775,0.266667,0.361905,0.316775,0.296,0.423,0,8.49385,0,6.88418,2.36124,3.15863,2.30008,36.7563,63.2437
Y3/lean_grouped__f1_s1,17,0.000494592,1,0.0951759,0.611325,5.12632,3.03281,0.140067,5.42822,0.279031,0.329235,0.307937,0.37619,0.329235,0.351,0.443,0,9.76409,0,8.23289,2.6533,3.31672,2.40308,38.8964,61.1036
Y3/lean_grouped__f1_s1,18,0.000493731,1,0.0948744,0.60905,5.24058,3.13299,0.135603,5.29754,0.205477,0.353956,0.253968,0.392063,0.353956,0.268,0.448,0,9.13261,0,7.35079,2.76599,3.43965,2.34205,39.5701,60.4299
Y3/lean_grouped__f1_s1,19,0.000492808,1,0.0945729,0.606775,5.30258,3.16465,0.146205,5.45801,0.29588,0.334062,0.334921,0.379365,0.353956,,,0,8.77319,0,7.27285,2.37518,3.25875,2.26516,,
Y3/lean_grouped__f1_s1,20,0.000491823,1,0.0942714,0.6045,5.27604,3.1584,0.137277,5.3377,0.302878,0.36053,0.339683,0.404762,0.36053,0.392,0.458,0,9.1008,0,7.55629,2.44103,3.46989,2.25217,39.7446,60.2554
Y3/lean_grouped__f1_s1,21,0.000490775,1,0.0939698,0.602225,5.27987,3.17725,0.180246,5.33187,0.291999,0.342974,0.344444,0.392063,0.36053,,,0,8.60977,0,7.14449,2.12846,3.30325,2.1477,,
Y3/lean_grouped__f1_s1,22,0.000489666,1,0.0936683,0.59995,5.0725,3.02384,0.169643,5.38668,0.298325,0.376059,0.346032,0.411111,0.376059,0.397,0.488,0,10.1536,0,8.58554,2.72445,3.50319,2.22059,36.6232,63.3768
Y3/lean_grouped__f1_s1,23,0.000488495,1,0.0933668,0.597675,4.96963,2.97459,0.179688,5.41343,0.401919,0.404448,0.430159,0.439683,0.404448,0.476,0.499,0,8.94844,0,7.37591,2.40707,3.41624,2.1689,36.3941,63.6059
Y3/lean_grouped__f1_s1,24,0.000487263,1,0.0930653,0.5954,4.94268,2.95276,0.245536,5.25381,0.340698,0.404364,0.38254,0.434921,0.404448,,,0,10.0023,0,8.64612,2.47664,3.27883,2.07765,,
Y3/lean_grouped__f1_s1,25,0.00048597,1,0.0927638,0.593125,5.04406,3.02365,0.172991,5.38787,0.39556,0.406463,0.434921,0.444444,0.406463,0.499,0.514,0,10.0101,0,8.63861,2.45553,3.46088,2.0717,40.7613,59.2387
Y3/lean_grouped__f1_s1,26,0.000484616,1,0.0924623,0.59085,4.90421,2.9314,0.145647,5.42356,0.354644,0.425834,0.401587,0.460317,0.425834,0.475,0.534,0,9.84786,0,8.37889,2.37796,3.75188,2.0452,38.7899,61.2101
Y3/lean_grouped__f1_s1,27,0.000483202,1,0.0921608,0.588575,4.94028,2.97039,0.128906,5.42081,0.353191,0.4413,0.395238,0.479365,0.4413,0.455,0.544,0,10.9764,0,9.76766,2.52801,3.3255,2.04712,41.3668,58.6332
Y3/lean_grouped__f1_s1,28,0.000481728,1,0.0918593,0.5863,4.85055,2.91899,0.236607,5.44973,0.377035,0.426337,0.404762,0.466667,0.4413,,,0,10.455,0,9.18892,2.40865,3.3619,2.05175,,
Y3/lean_grouped__f1_s1,29,0.000480195,1,0.0915578,0.584025,4.89088,2.95093,0.21875,5.38963,0.354523,0.464776,0.398413,0.490476,0.464776,0.454,0.577,0,10.2638,0,8.8365,2.35938,3.60253,2.03077,42.0993,57.9007
Y3/lean_grouped__f1_s1,30,0.000478603,1,0.0912563,0.58175,4.82802,2.92542,0.185268,5.32502,0.372805,0.472794,0.414286,0.498413,0.472794,0.531,0.581,0,10.1981,0,8.98951,2.38084,3.29914,1.97228,39.1451,60.8549
Y3/lean_grouped__f1_s1,31,0.000476951,0,0.0909548,0.579475,3.80949,2.21212,0.49442,5.15026,0.366224,0.472292,0.4,0.492063,0.472794,,,0,13.0621,0,11.9558,2.99447,3.22399,2.10355,,
Y3/lean_grouped__f1_s1,32,0.000475242,0,0.0906533,0.5772,3.76818,2.19293,0.500558,5.33621,0.202987,0.480276,0.250794,0.5,0.480276,0.341,0.607,0,13.2125,0,12.0501,3.1527,3.44235,2.07434,40.655,59.345
Y3/lean_grouped__f1_s1,33,0.000473475,0,0.0903518,0.574925,3.66396,2.12341,0.515625,5.26855,0.451148,0.50277,0.480952,0.511111,0.50277,0.58,0.603,0,14.9419,0,13.6869,3.29872,3.92172,2.17487,41.9171,58.0829
Y3/lean_grouped__f1_s1,34,0.00047165,0,0.0900503,0.57265,3.60815,2.09088,0.536272,5.3015,0.429853,0.499049,0.444444,0.51746,0.50277,,,0,15.7402,0,14.7041,3.28673,3.32822,2.08417,,
Y3/lean_grouped__f1_s1,35,0.000469769,0,0.0897487,0.570375,3.57455,2.07941,0.534598,5.30364,0.446074,0.50112,0.469841,0.520635,0.50277,,,0,16.8941,0,15.8996,3.354,3.4528,2.12819,,
Y3/lean_grouped__f1_s1,36,0.000467831,0,0.0894472,0.5681,3.48225,2.01836,0.554129,5.32688,0.427535,0.520484,0.452381,0.531746,0.520484,0.518,0.628,0,14.3315,0,13.2457,3.30285,3.28407,2.01659,45.442,54.5579
Y3/lean_grouped__f1_s1,37,0.000465837,0,0.0891457,0.565825,3.49968,2.02347,0.551339,5.27513,0.460544,0.507192,0.485714,0.515873,0.520484,,,0,14.9855,0,13.8846,3.4179,3.28054,2.03459,,
Y3/lean_grouped__f1_s1,38,0.000463788,0,0.0888442,0.56355,3.38616,1.97071,0.580357,5.32645,0.472996,0.515049,0.495238,0.525397,0.520484,,,0,13.7669,0,12.7767,3.31594,2.90358,2.01728,,
Y3/lean_grouped__f1_s1,39,0.000461685,0,0.0885427,0.561275,3.31473,1.92986,0.569196,5.37104,0.370663,0.532066,0.401587,0.553968,0.532066,0.472,0.672,0,14.9541,0,13.8961,3.40195,3.10074,1.99093,51.6833,48.3167
Y3/lean_grouped__f1_s1,40,0.000459526,0,0.0882412,0.559,3.25971,1.90767,0.597656,5.28197,0.486158,0.535187,0.520635,0.550794,0.535187,0.64,0.674,0,12.8255,0,11.5752,3.65543,3.13821,1.96278,51.7068,48.2932
Y3/lean_grouped__f1_s1,41,0.000457314,0,0.0879397,0.556725,3.17649,1.8504,0.609933,5.31712,0.503486,0.532428,0.52381,0.555556,0.535187,,,0,14.8114,0,13.7675,3.45635,3.03225,1.94048,,
Y3/lean_grouped__f1_s1,42,0.000455049,0,0.0876382,0.55445,3.14826,1.85456,0.603795,5.22082,0.484655,0.548912,0.515873,0.563492,0.548912,0.621,0.702,0,14.4959,0,13.507,3.26071,3.12537,1.97239,52.3564,47.6436
Y3/lean_grouped__f1_s1,43,0.000452732,0,0.0873367,0.552175,3.0546,1.78461,0.643973,5.22179,0.537318,0.557899,0.55873,0.577778,0.557899,0.669,0.702,0,14.4654,0,13.437,3.31368,3.14531,1.96427,50.2988,49.7012
Y3/lean_grouped__f1_s1,44,0.000450362,0,0.0870352,0.5499,3.02324,1.77981,0.622768,5.28455,0.575208,0.532666,0.585714,0.560317,0.575208,0.68,0.691,0,14.5687,0,13.5555,3.59062,2.88198,1.92236,51.5943,48.4057
Y3/lean_grouped__f1_s1,45,0.000447941,0,0.0867337,0.547625,3.00196,1.76775,0.638393,5.29651,0.432578,0.55009,0.460317,0.568254,0.575208,,,0,14.8387,0,13.9665,3.21831,2.70567,1.87099,,
Y3/lean_grouped__f1_s1,46,0.000445469,0,0.0864322,0.54535,2.92767,1.71964,0.650112,5.3325,0.486309,0.582917,0.506349,0.601587,0.582917,0.664,0.736,0,13.3485,0,12.2757,3.52042,2.83255,1.85623,54.4127,45.5873
Y3/lean_grouped__f1_s1,47,0.000442948,0,0.0861307,0.543075,2.92182,1.71767,0.652344,5.21198,0.523367,0.560095,0.54127,0.577778,0.582917,,,0,15.5348,0,14.6585,3.56202,2.64518,1.84032,,
Y3/lean_grouped__f1_s1,48,0.000440376,0,0.0858291,0.5408,2.81615,1.66416,0.671317,5.25721,0.519955,0.572609,0.531746,0.588889,0.582917,,,0,12.8769,0,11.8363,3.24931,2.9416,1.8308,,
Y3/lean_grouped__f1_s1,49,0.000437756,0,0.0855276,0.538525,2.82805,1.67436,0.674107,5.18668,0.530594,0.590046,0.552381,0.603175,0.590046,0.721,0.771,0,14.9932,0,14.0649,3.64036,2.66758,1.79498,51.8791,48.1209
Y3/lean_grouped__f1_s1,50,0.000435088,0,0.0852261,0.53625,2.72451,1.61772,0.686942,5.17731,0.567252,0.599058,0.58254,0.607937,0.599058,0.751,0.789,0,14.257,0,13.4031,3.18771,2.69157,1.7732,53.0161,46.9839
Y3/lean_grouped__f1_s1,51,0.000432373,0,0.0849246,0.533975,2.69618,1.59992,0.689732,5.24454,0.578045,0.61301,0.604762,0.62381,0.61301,0.744,0.781,0,13.7184,0,12.8631,3.17746,2.62662,1.78002,53.5501,46.4499
Y3/lean_grouped__f1_s1,52,0.000429611,0,0.0846231,0.5317,2.64408,1.55722,0.703683,5.28501,0.589781,0.60607,0.601587,0.615873,0.61301,,,0,12.9326,0,11.9835,3.14165,2.70227,1.74642,,
Y3/lean_grouped__f1_s1,53,0.000426803,0,0.0843216,0.529425,2.6621,1.56851,0.701451,5.46361,0.592923,0.609519,0.6,0.625397,0.61301,,,0,14.0908,0,13.1723,3.48734,2.54804,1.75766,,
Y3/lean_grouped__f1_s1,54,0.000423949,0,0.0840201,0.52715,2.56084,1.50574,0.729353,5.46596,0.607868,0.634194,0.614286,0.644444,0.634194,0.772,0.812,0,15.8003,0,15.0379,3.41414,2.42615,1.71009,58.7884,41.2116
Y3/lean_grouped__f1_s1,55,0.000421051,0,0.0837186,0.524875,2.49652,1.48298,0.736049,5.36837,0.571914,0.634167,0.592063,0.646032,0.634194,,,0,13.0451,0,12.0897,3.23666,2.74257,1.73083,,
Y3/lean_grouped__f1_s1,56,0.00041811,0,0.0834171,0.5226,2.51143,1.49513,0.719308,5.35304,0.520351,0.626587,0.525397,0.634921,0.634194,,,0,16.4315,0,15.7155,3.4507,2.43838,1.69037,,
Y3/lean_grouped__f1_s1,57,0.000415125,0,0.0831156,0.520325,2.49379,1.48769,0.740513,5.33133,0.619694,0.630691,0.634921,0.639683,0.634194,,,0,15.5424,0,14.7773,3.39157,2.36847,1.67813,,
Y3/lean_grouped__f1_s1,58,0.000412098,0,0.0828141,0.51805,2.36913,1.4038,0.765067,5.41368,0.549743,0.633544,0.569841,0.642857,0.634194,,,0,13.4851,0,12.5967,3.3478,2.4077,1.6353,,
Y3/lean_grouped__f1_s1,59,0.00040903,0,0.0825126,0.515775,2.39874,1.42862,0.759487,5.33632,0.616407,0.61923,0.626984,0.634921,0.634194,,,0,12.6451,0,11.7747,3.29232,2.24082,1.62726,,
Y3/lean_grouped__f1_s1,60,0.000405921,0,0.0822111,0.5135,2.34716,1.405,0.756696,5.29765,0.562975,0.643395,0.57619,0.657143,0.643395,0.766,0.85,0,13.9733,0,13.1507,3.30541,2.42145,1.63208,59.7094,40.2906
Y3/lean_grouped__f1_s1,61,0.000402773,0,0.0819095,0.511225,2.35478,1.41529,0.75,5.25328,0.58914,0.627443,0.603175,0.638095,0.643395,,,0,14.4109,0,13.4733,3.55728,2.60924,1.64535,,
Y3/lean_grouped__f1_s1,62,0.000399585,0,0.081608,0.50895,2.29551,1.36656,0.776786,5.30033,0.633767,0.666163,0.64127,0.67619,0.666163,0.81,0.876,0,14.1512,0,13.3813,3.23476,2.31148,1.57755,60.8906,39.1094
Y3/lean_grouped__f1_s1,63,0.000396359,0,0.0813065,0.506675,2.23449,1.33814,0.789621,5.23756,0.638411,0.659033,0.644444,0.665079,0.666163,,,0,14.5453,0,13.7754,3.22106,2.45164,1.55848,,
Y3/lean_grouped__f1_s1,64,0.000393096,0,0.081005,0.5044,2.22249,1.33423,0.785714,5.34071,0.557957,0.667806,0.571429,0.673016,0.667806,0.768,0.881,0,12.6183,0,11.7575,3.22627,2.364,1.55013,61.6504,38.3496
Y3/lean_grouped__f1_s1,65,0.000389796,0,0.0807035,0.502125,2.21552,1.3311,0.789063,5.32722,0.579748,0.668485,0.595238,0.674603,0.668485,0.81,0.884,0,14.5359,0,13.7288,3.48538,2.35537,1.5649,59.9491,40.0509
Y3/lean_grouped__f1_s1,66,0.000386461,0,0.080402,0.49985,2.1991,1.32657,0.779576,5.31188,0.574443,0.651198,0.587302,0.65873,0.668485,,,0,12.4922,0,11.6297,3.19773,2.2863,1.53736,,
Y3/lean_grouped__f1_s1,67,0.000383091,0,0.0801005,0.497575,2.12577,1.27606,0.800781,5.41599,0.669913,0.655357,0.673016,0.661905,0.669913,0.859,0.884,0,13.6569,0,12.9576,3.14512,2.05726,1.48972,59.9358,40.0642
Y3/lean_grouped__f1_s1,68,0.000379687,0,0.079799,0.4953,2.11325,1.2647,0.820871,5.3326,0.649797,0.661713,0.65873,0.666667,0.669913,,,0,14.7282,0,13.9474,3.56148,2.20688,1.52025,,
Y3/lean_grouped__f1_s1,69,0.00037625,0,0.0794975,0.493025,2.08467,1.25652,0.808036,5.2054,0.643394,0.669006,0.646032,0.67619,0.669913,,,0,13.0712,0,12.228,3.45766,2.13015,1.51289,,
Y3/lean_grouped__f1_s1,70,0.000372781,0,0.079196,0.49075,2.06688,1.24917,0.810826,5.14573,0.649854,0.670543,0.666667,0.677778,0.670543,0.872,0.906,0,12.643,0,11.9068,3.12704,2.02721,1.4241,58.7625,41.2375
Y3/lean_grouped__f1_s1,71,0.000369281,0,0.0788945,0.488475,2.02308,1.22391,0.827567,5.26497,0.579947,0.683614,0.596825,0.688889,0.683614,0.806,0.909,0,14.15,0,13.3714,3.52702,2.10341,1.46071,59.8725,40.1275
Y3/lean_grouped__f1_s1,72,0.00036575,0,0.078593,0.4862,2.00253,1.21719,0.821429,5.23792,0.662841,0.699949,0.671429,0.703175,0.699949,0.883,0.914,0,13.7811,0,13.0065,3.38754,2.0952,1.45641,62.9355,37.0645
Y3/lean_grouped__f1_s1,73,0.00036219,0,0.0782915,0.483925,1.967,1.19226,0.823661,5.273,0.654027,0.679287,0.663492,0.684127,0.699949,,,0,12.7641,0,11.983,3.23032,2.04554,1.40853,,
Y3/lean_grouped__f1_s1,74,0.000358601,0,0.0779899,0.48165,1.96421,1.19367,0.832031,5.27571,0.576464,0.671405,0.584127,0.674603,0.699949,,,0,14.8542,0,14.1529,3.45326,2.02644,1.4106,,
Y3/lean_grouped__f1_s1,75,0.000354985,0,0.0776884,0.479375,1.97824,1.20275,0.833705,5.35575,0.609757,0.680366,0.622222,0.685714,0.699949,0.85,0.91,0,15.0344,0,14.305,3.4989,2.16376,1.43865,63.0686,36.9314
Y3/lean_grouped__f1_s1,76,0.000351343,0,0.0773869,0.4771,1.9236,1.17311,0.829799,5.30477,0.622313,0.674279,0.634921,0.68254,0.699949,,,0,13.4587,0,12.6954,3.29424,2.01923,1.41798,,
Y3/lean_grouped__f1_s1,77,0.000347674,0,0.0770854,0.474825,1.88442,1.1462,0.845424,5.16866,0.690794,0.691831,0.692063,0.693651,0.699949,,,0,12.5422,0,11.7488,3.28072,1.95167,1.36433,,
Y3/lean_grouped__f1_s1,78,0.000343981,0,0.0767839,0.47255,1.85496,1.12835,0.857143,5.23229,0.667806,0.679,0.671429,0.680952,0.699949,,,0,13.7143,0,13.0137,3.20359,1.93822,1.35014,,
Y3/lean_grouped__f1_s1,79,0.000340265,0,0.0764824,0.470275,1.82621,1.11642,0.848772,5.22412,0.670521,0.679417,0.666667,0.68254,0.699949,,,0,13.619,0,12.8967,3.32878,1.88904,1.33496,,
Y3/lean_grouped__f1_s1,80,0.000336525,0,0.0761809,0.468,1.82766,1.12054,0.848214,5.25106,0.637379,0.689198,0.642857,0.692063,0.699949,,,0,12.611,0,11.8654,3.18532,2.0005,1.34067,,
Y3/lean_grouped__f1_s1,81,0.000332764,0,0.0758794,0.465725,1.7955,1.11221,0.857143,5.31335,0.664088,0.688456,0.666667,0.692063,0.699949,,,0,13.3324,0,12.6212,3.24048,1.9215,1.34377,,
Y3/lean_grouped__f1_s1,82,0.000328982,0,0.0755779,0.46345,1.7639,1.087,0.859933,5.3178,0.672965,0.6956,0.671429,0.698413,0.699949,,,0,13.3734,0,12.6657,3.28044,1.9239,1.29876,,
Y3/lean_grouped__f1_s1,83,0.00032518,0,0.0752764,0.461175,1.79633,1.114,0.858817,5.17376,0.612844,0.694126,0.625397,0.696825,0.699949,,,0,12.7245,0,11.9709,3.23299,1.908,1.33475,,
Y3/lean_grouped__f1_s1,84,0.000321359,0,0.0749749,0.4589,1.74138,1.07136,0.866629,5.24307,0.664789,0.698677,0.666667,0.703175,0.699949,,,0,14.84,0,14.1715,3.41859,1.93799,1.33132,,
Y3/lean_grouped__f1_s1,85,0.00031752,0,0.0746734,0.456625,1.73454,1.0747,0.86942,5.19478,0.623196,0.710334,0.630159,0.71746,0.710334,0.877,0.948,0,14.3873,0,13.6613,3.48606,1.8783,1.31811,67.1269,32.8731
Y3/lean_grouped__f1_s1,86,0.000313664,0,0.0743719,0.45435,1.7075,1.05357,0.871094,5.09882,0.669039,0.707475,0.673016,0.707937,0.710334,,,0,13.7906,0,13.1104,3.3064,1.83312,1.29217,,
Y3/lean_grouped__f1_s1,87,0.000309793,0,0.0740704,0.452075,1.6704,1.0356,0.883929,5.15138,0.686962,0.711993,0.684127,0.714286,0.711993,0.945,0.954,0,13.1375,0,12.5077,3.02911,1.79696,1.22994,66.4359,33.5641
Y3/lean_grouped__f1_s1,88,0.000305907,0,0.0737688,0.4498,1.62024,1.00945,0.888951,5.28351,0.666838,0.706572,0.669841,0.709524,0.711993,,,0,11.7221,0,10.9696,3.20659,1.67897,1.21165,,
Y3/lean_grouped__f1_s1,89,0.000302006,0,0.0734673,0.447525,1.64352,1.02222,0.883929,5.33214,0.640853,0.716064,0.652381,0.715873,0.716064,0.911,0.959,0,12.5297,0,11.8309,3.13839,1.73002,1.22419,67.8268,32.1732
Y3/lean_grouped__f1_s1,90,0.000298093,0,0.0731658,0.44525,1.56808,0.973573,0.907924,5.27269,0.674329,0.69435,0.68254,0.696825,0.716064,,,0,11.6488,0,10.8909,3.24034,1.69637,1.16776,,
Y3/lean_grouped__f1_s1,91,0.000294168,0,0.0728643,0.442975,1.55213,0.969647,0.911272,5.22842,0.670683,0.69616,0.679365,0.696825,0.716064,,,0,12.1343,0,11.4519,3.09769,1.69197,1.21403,,
Y3/lean_grouped__f1_s1,92,0.000290233,0,0.0725628,0.4407,1.58587,0.985788,0.892299,5.22128,0.669323,0.708093,0.673016,0.711111,0.716064,,,0,12.0549,0,11.3245,3.23476,1.72982,1.201,,
Y3/lean_grouped__f1_s1,93,0.000286287,0,0.0722613,0.438425,1.54619,0.966948,0.91183,5.28249,0.684932,0.697801,0.693651,0.701587,0.716064,,,0,12.8635,0,12.2439,3.11126,1.64876,1.1578,,
Y3/lean_grouped__f1_s1,94,0.000282333,0,0.0719598,0.43615,1.53515,0.961512,0.893973,5.36302,0.681849,0.701931,0.685714,0.706349,0.716064,,,0,11.095,0,10.3795,3.04665,1.7279,1.17014,,
Y3/lean_grouped__f1_s1,95,0.000278371,0,0.0716583,0.433875,1.49851,0.938187,0.909598,5.24567,0.64692,0.708857,0.655556,0.715873,0.716064,,,0,10.7963,0,10.0881,3.05285,1.60366,1.13101,,
Y3/lean_grouped__f1_s1,96,0.000274402,0,0.0713568,0.4316,1.49847,0.945824,0.914063,5.25941,0.687949,0.701491,0.692063,0.704762,0.716064,,,0,11.9978,0,11.2878,3.19165,1.64088,1.15644,,
Y3/lean_grouped__f1_s1,97,0.000270428,0,0.0710553,0.429325,1.46919,0.925758,0.91183,5.23187,0.627507,0.714573,0.638095,0.719048,0.716064,,,0,11.2926,0,10.6192,2.97357,1.60528,1.11312,,
Y3/lean_grouped__f1_s1,98,0.000266449,0,0.0707538,0.42705,1.46507,0.923886,0.918527,5.35558,0.700521,0.710732,0.698413,0.714286,0.716064,,,0,10.4678,0,9.7686,2.9659,1.58686,1.08091,,
Y3/lean_grouped__f1_s1,99,0.000262466,0,0.0704523,0.424775,1.41903,0.900707,0.923549,5.37292,0.647997,0.719701,0.663492,0.722222,0.719701,0.953,0.978,0,10.3514,0,9.67105,2.95375,1.50591,1.07673,67.4829,32.5171
Y3/lean_grouped__f1_s1,100,0.000258481,0,0.0701508,0.4225,1.44206,0.911654,0.917969,5.27635,0.681381,0.710538,0.690476,0.712698,0.719701,0.966,0.98,0,12,0,11.3208,3.24422,1.56785,1.10302,68.2657,31.7343
Y3/lean_grouped__f1_s1,101,0.000254494,0,0.0698492,0.420225,1.41706,0.897656,0.924665,5.30361,0.69353,0.711239,0.695238,0.715873,0.719701,,,0,12.6164,0,12.0009,3.18179,1.51668,1.09659,,
Y3/lean_grouped__f1_s1,102,0.000250506,0,0.0695477,0.41795,1.42383,0.908022,0.917969,5.26661,0.683692,0.720065,0.68254,0.722222,0.720065,0.975,0.979,0,10.3358,0,9.6814,2.89165,1.48402,1.05051,68.6474,31.3526
Y3/lean_grouped__f1_s1,103,0.000246519,0,0.0692462,0.415675,1.36811,0.873139,0.930246,5.32007,0.673672,0.722716,0.679365,0.725397,0.722716,0.974,0.981,0,10.9884,0,10.3533,2.98315,1.38855,1.01048,68.8461,31.1539
Y3/lean_grouped__f1_s1,104,0.000242534,0,0.0689447,0.4134,1.358,0.865646,0.925781,5.46932,0.706053,0.715953,0.712698,0.71746,0.722716,,,0,11.5359,0,10.9435,2.94401,1.45483,1.02456,,
Y3/lean_grouped__f1_s1,105,0.000238551,0,0.0686432,0.411125,1.38121,0.887111,0.926897,5.51314,0.689204,0.706442,0.695238,0.711111,0.722716,,,0,11.2829,0,10.6909,2.90765,1.38089,1.01368,,
Y3/lean_grouped__f1_s1,106,0.000234572,0,0.0683417,0.40885,1.30759,0.840981,0.934152,5.33657,0.683625,0.717305,0.687302,0.720635,0.722716,,,0,9.88657,0,9.26552,2.75313,1.37367,0.965182,,
Y3/lean_grouped__f1_s1,107,0.000230598,0,0.0680402,0.406575,1.30513,0.843036,0.933594,5.38007,0.667716,0.71843,0.671429,0.719048,0.722716,,,0,10.3269,0,9.70658,2.81898,1.44376,1.00029,,
Y3/lean_grouped__f1_s1,108,0.000226629,0,0.0677387,0.4043,1.32425,0.862776,0.928013,5.36138,0.695208,0.712552,0.7,0.715873,0.722716,,,0,12.0743,0,11.4218,3.24914,1.45051,1.07209,,
Y3/lean_grouped__f1_s1,109,0.000222667,0,0.0674372,0.402025,1.33542,0.866917,0.922433,5.41258,0.704898,0.726435,0.701587,0.730159,0.726435,0.99,0.99,0,11.9862,0,11.3618,3.14114,1.42048,1.0337,68.8968,31.1032
Y3/lean_grouped__f1_s1,110,0.000218713,0,0.0671357,0.39975,1.30798,0.843008,0.93192,5.45523,0.700076,0.721021,0.704762,0.72381,0.726435,,,0,10.8742,0,10.257,2.96931,1.34623,1.00043,,
Y3/lean_grouped__f1_s1,111,0.000214767,0,0.0668342,0.397475,1.27027,0.827818,0.938616,5.33902,0.677828,0.721549,0.680952,0.72381,0.726435,,,0,9.9013,0,9.27224,2.81142,1.34084,0.949639,,
Y3/lean_grouped__f1_s1,112,0.000210832,0,0.0665327,0.3952,1.24753,0.809089,0.951451,5.48261,0.701988,0.720167,0.704762,0.720635,0.726435,,,0,10.1654,0,9.59161,2.75151,1.24752,0.889121,,
Y3/lean_grouped__f1_s1,113,0.000206907,0,0.0662312,0.392925,1.24348,0.809414,0.949777,5.5429,0.637429,0.727769,0.647619,0.730159,0.727769,0.956,0.997,0,10.2332,0,9.66064,2.75552,1.26375,0.906945,68.6275,31.3724
Y3/lean_grouped__f1_s1,114,0.000202994,0,0.0659296,0.39065,1.27602,0.836246,0.933594,5.43053,0.694277,0.723566,0.698413,0.726984,0.727769,,,0,10.486,0,9.7673,3.1758,1.42052,1.01475,,
Y3/lean_grouped__f1_s1,115,0.000199093,0,0.0656281,0.388375,1.26293,0.826502,0.94029,5.4841,0.688746,0.723411,0.693651,0.725397,0.727769,,,0,10.1172,0,9.42074,3.06379,1.36805,0.968508,,
Y3/lean_grouped__f1_s1,116,0.000195207,0,0.0653266,0.3861,1.19843,0.787003,0.951451,5.39181,0.707234,0.719878,0.712698,0.722222,0.727769,,,0,10.0541,0,9.54,2.59115,1.20107,0.878247,,
Y3/lean_grouped__f1_s1,117,0.000191336,0,0.0650251,0.383825,1.20992,0.803264,0.939174,5.46315,0.662366,0.71722,0.665079,0.719048,0.727769,,,0,10.7771,0,10.1071,3.12047,1.37419,0.963678,,
Y3/lean_grouped__f1_s1,118,0.00018748,0,0.0647236,0.38155,1.18926,0.791824,0.946987,5.36689,0.717538,0.718615,0.722222,0.722222,0.727769,,,0,10.5458,0,10.0058,2.72155,1.23868,0.903947,,
Y3/lean_grouped__f1_s1,119,0.000183641,0,0.0644221,0.379275,1.19663,0.799745,0.929688,5.39871,0.689626,0.721421,0.696825,0.725397,0.727769,,,0,9.6207,0,8.946,2.87496,1.39756,0.970694,,
Y3/lean_grouped__f1_s1,120,0.00017982,0,0.0641206,0.377,1.17444,0.783231,0.942522,5.5713,0.661716,0.730265,0.668254,0.733333,0.730265,0.988,0.998,0,9.40002,0,8.74391,2.88497,1.23325,0.915725,70.9393,29.0607
Y3/lean_grouped__f1_s1,121,0.000176018,0,0.0638191,0.374725,1.1488,0.770535,0.948103,5.46026,0.691753,0.725784,0.693651,0.726984,0.730265,,,0,10.8404,0,10.2628,2.85259,1.25318,0.925657,,
Y3/lean_grouped__f1_s1,122,0.000172236,0,0.0635176,0.37245,1.16985,0.784449,0.941964,5.35292,0.676472,0.719879,0.67619,0.722222,0.730265,,,0,9.34401,0,8.6754,2.82578,1.38569,0.916812,,
Y3/lean_grouped__f1_s1,123,0.000168475,0,0.0632161,0.370175,1.14919,0.772543,0.942522,5.43421,0.704116,0.706382,0.711111,0.711111,0.730265,,,0,9.51112,0,8.9289,2.71459,1.23183,0.903915,,
Y3/lean_grouped__f1_s1,124,0.000164735,0,0.0629146,0.3679,1.13498,0.761654,0.945313,5.49154,0.717869,0.723116,0.722222,0.725397,0.730265,,,0,9.30345,0,8.71005,2.74022,1.16591,0.874132,,
Y3/lean_grouped__f1_s1,125,0.000161019,0,0.0626131,0.365625,1.1241,0.75215,0.949219,5.36371,0.691495,0.720194,0.698413,0.72381,0.730265,0.989,0.999,0,10.0621,0,9.4769,2.85168,1.13961,0.871219,70.7606,29.2394
Y3/lean_grouped__f1_s1,126,0.000157326,0,0.0623116,0.36335,1.1298,0.758941,0.948103,5.51993,0.704677,0.723082,0.706349,0.726984,0.730265,,,0,8.42632,0,7.7553,2.68979,1.26658,0.885214,,
Y3/lean_grouped__f1_s1,127,0.000153657,0,0.0620101,0.361075,1.07906,0.734981,0.958147,5.42449,0.715546,0.725409,0.720635,0.728571,0.730265,,,0,7.78619,0,7.20696,2.41651,1.12977,0.834639,,
Y3/lean_grouped__f1_s1,128,0.000150015,0,0.0617085,0.3588,1.09729,0.742012,0.958705,5.49732,0.701173,0.721835,0.706349,0.72381,0.730265,,,0,8.54379,0,7.91504,2.70592,1.13633,0.846009,,
Y3/lean_grouped__f1_s1,129,0.000146399,0,0.061407,0.356525,1.08771,0.737176,0.958147,5.47404,0.723135,0.741188,0.726984,0.742857,0.741188,0.997,0.998,0,8.18673,0,7.57784,2.60654,1.08311,0.837548,71.2486,28.7514
Y3/lean_grouped__f1_s1,130,0.00014281,0,0.0611055,0.35425,1.06386,0.724645,0.954799,5.39858,0.713626,0.728899,0.719048,0.730159,0.741188,,,0,8.46876,0,7.86488,2.66679,1.11008,0.80451,,
Y3/lean_grouped__f1_s1,131,0.00013925,0,0.060804,0.351975,1.04852,0.711118,0.962054,5.50107,0.71432,0.725105,0.71746,0.725397,0.741188,,,0,8.34484,0,7.75152,2.63346,1.05562,0.805365,,
Y3/lean_grouped__f1_s1,132,0.000135719,0,0.0605025,0.3497,1.04571,0.71403,0.960938,5.43073,0.696117,0.727237,0.703175,0.728571,0.741188,,,0,8.61395,0,8.09548,2.49516,1.02119,0.792681,,
Y3/lean_grouped__f1_s1,133,0.000132219,0,0.060201,0.347425,1.05214,0.719008,0.953125,5.53183,0.716077,0.730877,0.720635,0.731746,0.741188,,,0,9.19062,0,8.60929,2.67393,1.15163,0.844451,,
Y3/lean_grouped__f1_s1,134,0.00012875,0,0.0598995,0.34515,1.01942,0.701958,0.956473,5.36905,0.710633,0.724155,0.71746,0.725397,0.741188,,,0,8.50254,0,7.93152,2.56155,1.07091,0.796978,,
Y3/lean_grouped__f1_s1,135,0.000125313,0,0.059598,0.342875,0.988807,0.680256,0.96596,5.30794,0.72584,0.72463,0.728571,0.725397,0.741188,,,0,8.47336,0,7.94525,2.45004,1.05212,0.773162,,
Y3/lean_grouped__f1_s1,136,0.000121909,0,0.0592965,0.3406,1.01889,0.70559,0.959821,5.41017,0.718211,0.73357,0.722222,0.733333,0.741188,,,0,7.76952,1,7.19793,2.41623,1.10502,0.783024,,
Y3/lean_grouped__f1_s1,137,0.000118539,0,0.058995,0.338325,1.03567,0.719527,0.948103,5.44392,0.721499,0.727265,0.725397,0.726984,0.741188,,,0,9.06102,0,8.45614,2.74682,1.11474,0.836632,,
Y3/lean_grouped__f1_s1,138,0.000115204,0,0.0586935,0.33605,0.987935,0.688255,0.959821,5.37206,0.700332,0.73259,0.707937,0.731746,0.741188,,,0,8.55984,0,8.0031,2.56941,1.02342,0.780237,,
Y3/lean_grouped__f1_s1,139,0.000111904,0,0.058392,0.333775,0.965269,0.66992,0.963728,5.39908,0.717714,0.73184,0.722222,0.731746,0.741188,,,0,7.9391,0,7.36754,2.48947,1.00062,0.751552,,
Y3/lean_grouped__f1_s1,140,0.000108641,0,0.0580905,0.3315,1.0044,0.70045,0.955357,5.35824,0.713665,0.741822,0.714286,0.742857,0.741822,0.998,1,0,9.33714,0,8.75283,2.76341,1.06827,0.819687,71.7502,28.2498
Y3/lean_grouped__f1_s1,141,0.000105415,0,0.0577889,0.329225,0.975765,0.680844,0.96317,5.50969,0.696611,0.738065,0.703175,0.739683,0.741822,,,0,9.24108,0,8.69208,2.65091,1.08453,0.800133,,
Y3/lean_grouped__f1_s1,142,0.000102227,0,0.0574874,0.32695,0.944229,0.659383,0.968192,5.41198,0.713436,0.735746,0.715873,0.736508,0.741822,,,0,8.05678,0,7.52008,2.45378,1.02782,0.735444,,
Y3/lean_grouped__f1_s1,143,9.90786e-05,0,0.0571859,0.324675,0.952195,0.664875,0.965402,5.39665,0.71865,0.736877,0.720635,0.738095,0.741822,,,0,7.89306,0,7.30485,2.53917,0.988032,0.749446,,
Y3/lean_grouped__f1_s1,144,9.59698e-05,0,0.0568844,0.3224,0.917817,0.647433,0.967634,5.42018,0.719561,0.735737,0.72381,0.736508,0.741822,,,0,7.75194,0,7.11526,2.62618,0.930212,0.709371,,
Y3/lean_grouped__f1_s1,145,9.29016e-05,0,0.0565829,0.320125,0.981829,0.690105,0.953125,5.37279,0.721798,0.731842,0.72381,0.733333,0.741822,,,0,8.66105,0,8.09006,2.61122,1.04071,0.784944,,
Y3/lean_grouped__f1_s1,146,8.98748e-05,0,0.0562814,0.31785,0.937538,0.659482,0.963728,5.52715,0.709918,0.735991,0.711111,0.739683,0.741822,,,0,7.61159,0,7.04607,2.40413,1.02954,0.738223,,
Y3/lean_grouped__f1_s1,147,8.68902e-05,0,0.0559799,0.315575,0.931946,0.657153,0.96596,5.40636,0.718154,0.738523,0.72381,0.74127,0.741822,,,0,7.64471,0,7.07465,2.47484,0.951599,0.730754,,
Y3/lean_grouped__f1_s1,148,8.39486e-05,0,0.0556784,0.3133,0.910139,0.640923,0.969308,5.44191,0.712899,0.737371,0.71746,0.739683,0.741822,,,0,7.82594,0,7.33511,2.30252,0.94217,0.711291,,
Y3/lean_grouped__f1_s1,149,8.10507e-05,0,0.0553769,0.311025,0.921542,0.649766,0.96317,5.432,0.703723,0.737466,0.707937,0.74127,0.741822,,,0,9.48207,0,8.91067,2.81,0.991768,0.759392,,
Y3/lean_grouped__f1_s1,150,7.81974e-05,0,0.0550754,0.30875,0.897722,0.638446,0.962612,5.43222,0.735725,0.730983,0.739683,0.733333,0.741822,0.999,0.999,0,8.09378,0,7.5285,2.55229,0.958514,0.725191,72.5117,27.4883
Y3/lean_grouped__f1_s1,151,7.53893e-05,0,0.0547739,0.306475,0.898991,0.644584,0.956473,5.48192,0.729707,0.734852,0.734921,0.736508,0.741822,,,0,8.02702,0,7.49563,2.4119,0.961301,0.738418,,
Y3/lean_grouped__f1_s1,152,7.26271e-05,0,0.0544724,0.3042,0.862803,0.621065,0.96875,5.46119,0.719791,0.731518,0.720635,0.734921,0.741822,,,0,7.34342,0,6.82949,2.29555,0.951206,0.683643,,
Y3/lean_grouped__f1_s1,153,6.99117e-05,0,0.0541709,0.301925,0.878389,0.629884,0.966518,5.35135,0.728966,0.735894,0.730159,0.738095,0.741822,,,0,7.08404,0,6.55958,2.26389,0.918938,0.708391,,
Y3/lean_grouped__f1_s1,154,6.72436e-05,0,0.0538693,0.29965,0.892119,0.639413,0.962612,5.38471,0.713749,0.730576,0.719048,0.731746,0.741822,,,0,7.37304,0,6.81085,2.4257,0.917724,0.725533,,
Y3/lean_grouped__f1_s1,155,6.46236e-05,0,0.0535678,0.297375,0.88475,0.636845,0.962612,5.55026,0.717646,0.726244,0.715873,0.730159,0.741822,,,0,8.06454,0,7.51167,2.52286,0.946356,0.713583,,
Y3/lean_grouped__f1_s1,156,6.20524e-05,0,0.0532663,0.2951,0.840645,0.605741,0.97433,5.34291,0.736625,0.72649,0.739683,0.728571,0.741822,,,0,7.50631,0,6.99788,2.31761,0.897129,0.668847,,
Y3/lean_grouped__f1_s1,157,5.95306e-05,0,0.0529648,0.292825,0.848439,0.616652,0.962612,5.36797,0.715374,0.73255,0.71746,0.736508,0.741822,,,0,6.45283,0,5.92206,2.15559,0.96237,0.680254,,
Y3/lean_grouped__f1_s1,158,5.70589e-05,0,0.0526633,0.29055,0.824597,0.59406,0.974888,5.47031,0.715705,0.729457,0.71746,0.731746,0.741822,,,0,6.57699,0,6.03144,2.25984,0.868435,0.652747,,
Y3/lean_grouped__f1_s1,159,5.46379e-05,0,0.0523618,0.288275,0.855604,0.62342,0.965402,5.38562,0.723404,0.725445,0.726984,0.728571,0.741822,,,0,7.58243,0,7.03003,2.39491,0.948093,0.713118,,
Y3/lean_grouped__f1_s1,160,5.22683e-05,0,0.0520603,0.286,0.818429,0.594052,0.976563,5.51424,0.724585,0.727671,0.726984,0.730159,0.741822,,,0,6.28702,0,5.73739,2.19218,0.868618,0.667689,,
Y3/lean_grouped__f1_s1,161,4.99506e-05,0,0.0517588,0.283725,0.824638,0.60275,0.963728,5.39287,0.719492,0.724158,0.722222,0.728571,0.741822,,,0,6.91918,0,6.36141,2.30298,0.920577,0.698058,,
Y3/lean_grouped__f1_s1,162,4.76856e-05,0,0.0514573,0.28145,0.807876,0.589783,0.973214,5.26873,0.725257,0.730767,0.726984,0.734921,0.741822,,,0,6.62174,0,6.04616,2.30265,0.914709,0.671528,,
Y3/lean_grouped__f1_s1,163,4.54736e-05,0,0.0511558,0.279175,0.831568,0.607525,0.96596,5.43409,0.733712,0.7322,0.736508,0.738095,0.741822,,,0,7.17872,0,6.6032,2.43125,0.908541,0.725225,,
Y3/lean_grouped__f1_s1,164,4.33155e-05,0,0.0508543,0.2769,0.782864,0.57412,0.973772,5.36701,0.731069,0.730924,0.734921,0.734921,0.741822,,,0,6.9296,0,6.41481,2.24481,0.932479,0.670322,,
Y3/lean_grouped__f1_s1,165,4.12116e-05,0,0.0505528,0.274625,0.787866,0.578076,0.97154,5.3427,0.721032,0.727833,0.725397,0.731746,0.741822,,,0,6.94107,0,6.39686,2.33248,0.858431,0.64673,,
Y3/lean_grouped__f1_s1,166,3.91625e-05,0,0.0502513,0.27235,0.768894,0.565529,0.972098,5.35379,0.737075,0.732938,0.739683,0.736508,0.741822,,,0,6.50544,0,5.93475,2.34748,0.792276,0.636841,,
Y3/lean_grouped__f1_s1,167,3.71688e-05,0,0.0499497,0.270075,0.763795,0.564246,0.973772,5.40644,0.735952,0.727327,0.739683,0.730159,0.741822,,,0,6.60458,0,6.10094,2.13468,0.844353,0.663285,,
Y3/lean_grouped__f1_s1,168,3.5231e-05,0,0.0496482,0.2678,0.776521,0.576407,0.969308,5.3911,0.731122,0.731262,0.731746,0.733333,0.741822,,,0,6.63939,0,6.10914,2.22042,0.869158,0.666893,,
Y3/lean_grouped__f1_s1,169,3.33496e-05,0,0.0493467,0.265525,0.782479,0.581225,0.969308,5.43597,0.736834,0.727897,0.74127,0.731746,0.741822,,,0,6.73902,0,6.12716,2.40659,0.880047,0.675055,,
Y3/lean_grouped__f1_s1,170,3.15251e-05,0,0.0490452,0.26325,0.774775,0.576867,0.970424,5.55435,0.732619,0.726198,0.734921,0.730159,0.741822,,,0,7.11234,0,6.58207,2.2993,0.878686,0.691195,,
Y3/lean_grouped__f1_s1,171,2.97579e-05,0,0.0487437,0.260975,0.756232,0.562084,0.970424,5.36239,0.725328,0.715744,0.728571,0.719048,0.741822,,,0,6.47401,0,5.93241,2.19835,0.944671,0.671094,,
Y3/lean_grouped__f1_s1,172,2.80486e-05,0,0.0484422,0.2587,0.739433,0.553913,0.975446,5.39478,0.732871,0.728855,0.736508,0.731746,0.741822,,,0,6.10954,0,5.55927,2.15699,0.841774,0.627696,,
Y3/lean_grouped__f1_s1,173,2.63975e-05,0,0.0481407,0.256425,0.747447,0.558341,0.969308,5.43529,0.740297,0.726955,0.74127,0.731746,0.741822,,,0,6.44,0,5.85778,2.31074,0.868872,0.659621,,
Y3/lean_grouped__f1_s1,174,2.48051e-05,0,0.0478392,0.25415,0.733035,0.548149,0.976563,5.48371,0.721374,0.73063,0.72381,0.734921,0.741822,,,0,7.65732,0,7.05775,2.59511,0.833304,0.657478,,
Y3/lean_grouped__f1_s1,175,2.32718e-05,0,0.0475377,0.251875,0.733247,0.549186,0.97433,5.47909,0.735355,0.731947,0.739683,0.734921,0.741822,1,1,0,6.1995,0,5.60202,2.26434,0.875101,0.6613,73.6227,26.3773
Y3/lean_grouped__f1_s1,176,2.1798e-05,0,0.0472362,0.25,0.716934,0.542162,0.972656,5.44611,0.736458,0.73643,0.739683,0.74127,0.741822,,,0,6.83365,0,6.30349,2.24544,0.8196,0.642219,,
Y3/lean_grouped__f1_s1,177,2.0384e-05,0,0.0469347,0.25,0.734976,0.552517,0.97433,5.47383,0.738043,0.733759,0.739683,0.738095,0.741822,,,0,6.13532,0,5.5536,2.24278,0.883388,0.671551,,
Y3/lean_grouped__f1_s1,178,1.90303e-05,0,0.0466332,0.25,0.732382,0.554507,0.970424,5.34055,0.726827,0.731086,0.730159,0.736508,0.741822,,,0,6.32594,0,5.80314,2.14518,0.815652,0.638719,,
Y3/lean_grouped__f1_s1,179,1.77372e-05,0,0.0463317,0.25,0.71609,0.537798,0.97154,5.5341,0.729923,0.730878,0.733333,0.734921,0.741822,,,0,6.2511,0,5.72294,2.15811,0.849678,0.639065,,
Y3/lean_grouped__f1_s1,180,1.65051e-05,0,0.0460302,0.25,0.727498,0.545746,0.966518,5.3708,0.736559,0.730989,0.74127,0.734921,0.741822,1,1,0,6.73471,0,6.18854,2.28255,0.878457,0.670145,,
Y3/lean_grouped__f1_s2,1,0.0002,1,0.1,0.647725,8.38831,5.47357,0.0167411,15.5168,0.013758,0.0145537,0.0507937,0.0492063,0.0145537,0.046,0.046,0.0119048,31.8214,4,25.5716,17.5025,9.45793,8.64792,0.0202767,99.9797
Y3/lean_grouped__f1_s2,2,0.0003,1,0.0996985,0.64545,7.3486,4.44484,0.0373884,5.55827,0.0335697,0.0467285,0.0809524,0.0920635,0.0467285,0.084,0.09,0,14.4723,0,7.40959,9.16966,5.13502,5.35978,0.198322,99.8017
Y3/lean_grouped__f1_s2,3,0.0004,1,0.099397,0.643175,7.07099,4.1793,0.0502232,5.53804,0.0479385,0.0560918,0.103175,0.103175,0.0560918,0.101,0.108,0,9.15587,0,3.84458,5.02162,4.37053,4.38565,2.93972,97.0603
Y3/lean_grouped__f1_s2,4,0.0005,1,0.0990955,0.6409,6.84294,3.97482,0.0731027,5.49224,0.110903,0.133968,0.144444,0.174603,0.133968,0.151,0.171,0,7.34509,0,3.0265,3.30423,4.0219,3.81347,9.65422,90.3458
Y3/lean_grouped__f1_s2,5,0.000499968,1,0.098794,0.638625,6.53502,3.79427,0.0742188,5.46283,0.0630761,0.155274,0.103175,0.204762,0.155274,0.116,0.231,0,7.585,0,3.70243,3.33092,3.9903,3.60957,20.6521,79.3479
Y3/lean_grouped__f1_s2,6,0.000499872,1,0.0984925,0.63635,6.24741,3.67044,0.0686384,5.43191,0.139876,0.168373,0.187302,0.219048,0.168373,0.208,0.26,0,7.17792,0,4.01182,2.99733,3.56598,3.23444,20.6979,79.3021
Y3/lean_grouped__f1_s2,7,0.000499711,1,0.098191,0.634075,6.22335,3.67037,0.0546875,5.42217,0.156586,0.194467,0.222222,0.239683,0.194467,0.231,0.267,0,6.16086,0,2.97558,2.50494,3.25966,3.11596,24.1951,75.8049
Y3/lean_grouped__f1_s2,8,0.000499486,1,0.0978894,0.6318,6.08464,3.57567,0.0803571,5.41849,0.155315,0.204218,0.219048,0.253968,0.204218,0.233,0.287,0,5.69715,0,2.63517,2.1415,3.20918,2.94432,24.2546,75.7454
Y3/lean_grouped__f1_s2,9,0.000499197,1,0.0975879,0.629525,6.00976,3.54394,0.102679,5.40912,0.157235,0.208614,0.203175,0.257143,0.208614,0.196,0.302,0,5.99982,0,3.198,1.95539,3.42806,2.83481,27.3353,72.6646
Y3/lean_grouped__f1_s2,10,0.000498845,1,0.0972864,0.62725,5.98102,3.52213,0.0881696,5.50461,0.167808,0.218325,0.22381,0.265079,0.218325,0.235,0.309,0,5.64819,0,2.92501,1.9452,3.23537,2.67919,24.7868,75.2132
Y3/lean_grouped__f1_s2,11,0.000498428,1,0.0969849,0.624975,5.86079,3.45535,0.119978,5.40278,0.183745,0.231972,0.247619,0.27619,0.231972,0.271,0.323,0,5.77178,0,3.30919,1.89628,3.18714,2.56337,24.812,75.188
Y3/lean_grouped__f1_s2,12,0.000497947,1,0.0966834,0.6227,5.73069,3.38659,0.0970982,5.38172,0.209591,0.271493,0.253968,0.320635,0.271493,0.288,0.324,0,6.96661,0,4.6134,1.98684,3.63733,2.61582,24.7909,75.2091
Y3/lean_grouped__f1_s2,13,0.000497403,1,0.0963819,0.620425,5.64887,3.33809,0.130022,5.4245,0.229449,0.261724,0.274603,0.309524,0.271493,,,0,6.20262,0,3.76922,1.98037,3.4412,2.49759,,
Y3/lean_grouped__f1_s2,14,0.000496795,1,0.0960804,0.61815,5.57645,3.29001,0.18192,5.56205,0.23879,0.280691,0.279365,0.326984,0.280691,0.292,0.366,0,7.17626,0,5.15676,2.19073,3.43077,2.45105,31.9389,68.0611
Y3/lean_grouped__f1_s2,15,0.000496124,1,0.0957789,0.615875,5.37593,3.15083,0.108817,5.55576,0.220955,0.326723,0.266667,0.365079,0.326723,0.313,0.395,0,7.4507,0,5.27865,2.2139,3.59605,2.46892,30.7156,69.2844
Y3/lean_grouped__f1_s2,16,0.000495389,1,0.0954774,0.6136,5.39418,3.18463,0.110491,5.46465,0.288601,0.323617,0.336508,0.368254,0.326723,,,0,8.06463,0,6.37139,2.23645,3.35032,2.39306,,
Y3/lean_grouped__f1_s2,17,0.000494592,1,0.0951759,0.611325,5.38748,3.20629,0.198661,5.49707,0.219712,0.338857,0.263492,0.38254,0.338857,0.294,0.429,0,9.13413,0,7.3968,2.39859,3.5359,2.39406,33.127,66.873
Y3/lean_grouped__f1_s2,18,0.000493731,1,0.0948744,0.60905,5.17754,3.05124,0.174665,5.48063,0.301681,0.347706,0.344444,0.390476,0.347706,0.36,0.435,0,7.78132,0,5.86748,2.12905,3.55813,2.36102,31.3549,68.6451
Y3/lean_grouped__f1_s2,19,0.000492808,1,0.0945729,0.606775,5.10491,3.02033,0.145089,5.4587,0.324474,0.363639,0.366667,0.398413,0.363639,0.393,0.449,0,9.80064,0,7.89453,2.82633,3.66593,2.3704,34.8795,65.1205
Y3/lean_grouped__f1_s2,20,0.000491823,1,0.0942714,0.6045,5.1802,3.08064,0.202567,5.58491,0.337071,0.363867,0.37619,0.403175,0.363867,0.421,0.445,0,7.54121,0,5.51859,2.12508,3.50833,2.27316,37.157,62.843
Y3/lean_grouped__f1_s2,21,0.000490775,1,0.0939698,0.602225,5.07313,3.00542,0.209821,5.56737,0.329626,0.363755,0.379365,0.401587,0.363867,,,0,8.33405,0,6.64383,2.15486,3.43673,2.22794,,
Y3/lean_grouped__f1_s2,22,0.000489666,1,0.0936683,0.59995,5.00423,2.98139,0.165737,5.51527,0.344551,0.399849,0.384127,0.431746,0.399849,0.434,0.477,0,7.70373,0,5.99576,2.11824,3.27165,2.21201,37.1616,62.8384
Y3/lean_grouped__f1_s2,23,0.000488495,1,0.0933668,0.597675,4.80459,2.83485,0.232143,5.48319,0.320052,0.392898,0.347619,0.425397,0.399849,,,0,10.9983,0,9.46717,2.6713,3.6748,2.2277,,
Y3/lean_grouped__f1_s2,24,0.000487263,1,0.0930653,0.5954,4.89064,2.9032,0.241071,5.64207,0.381573,0.366435,0.41746,0.395238,0.399849,,,0,9.30534,0,7.67041,2.44886,3.45929,2.17358,,
Y3/lean_grouped__f1_s2,25,0.00048597,1,0.0927638,0.593125,4.91247,2.93286,0.183036,5.51329,0.32449,0.41286,0.368254,0.444444,0.41286,0.425,0.507,0,7.72108,0,5.84713,2.11962,3.73041,2.12369,38.7598,61.2402
Y3/lean_grouped__f1_s2,26,0.000484616,1,0.0924623,0.59085,4.9391,2.96396,0.167969,5.4869,0.379563,0.416812,0.406349,0.444444,0.416812,0.464,0.513,0,8.68662,0,7.06549,2.28136,3.42833,2.08683,38.8315,61.1684
Y3/lean_grouped__f1_s2,27,0.000483202,1,0.0921608,0.588575,4.8623,2.90988,0.1875,5.60749,0.30914,0.397534,0.349206,0.425397,0.416812,,,0,9.9908,0,8.43988,2.43858,3.72754,2.09457,,
Y3/lean_grouped__f1_s2,28,0.000481728,1,0.0918593,0.5863,5.00157,3.00397,0.256138,5.59152,0.423464,0.419678,0.461905,0.447619,0.423464,0.518,0.543,0,8.29871,0,6.85929,2.17,3.11207,1.98734,40.0585,59.9415
Y3/lean_grouped__f1_s2,29,0.000480195,1,0.0915578,0.584025,4.64201,2.7778,0.195871,5.47347,0.372302,0.419011,0.412698,0.446032,0.423464,,,0,8.0254,0,6.44063,2.15589,3.4251,2.05011,,
Y3/lean_grouped__f1_s2,30,0.000478603,1,0.0912563,0.58175,4.67264,2.80042,0.140067,5.49656,0.383729,0.448709,0.411111,0.47619,0.448709,0.488,0.573,0,8.86665,0,7.44672,2.30346,3.22832,2.02289,41.0212,58.9788
Y3/lean_grouped__f1_s2,31,0.000476951,0,0.0909548,0.579475,3.74776,2.16566,0.514509,5.35446,0.427411,0.485316,0.460317,0.503175,0.485316,0.534,0.603,0,11.582,0,10.3204,2.83891,3.45255,2.12474,38.8249,61.1751
Y3/lean_grouped__f1_s2,32,0.000475242,0,0.0906533,0.5772,3.64148,2.10424,0.532366,5.40013,0.418658,0.483835,0.442857,0.496825,0.485316,,,0,11.3332,0,9.91744,3.00332,3.54021,2.15643,,
Y3/lean_grouped__f1_s2,33,0.000473475,0,0.0903518,0.574925,3.54398,2.03843,0.553013,5.51314,0.461497,0.497717,0.473016,0.504762,0.497717,0.546,0.625,0,13.1175,0,11.7985,3.54321,3.35725,2.07895,46.3995,53.6005
Y3/lean_grouped__f1_s2,34,0.00047165,0,0.0900503,0.57265,3.54453,2.05569,0.541853,5.48382,0.465111,0.507994,0.484127,0.514286,0.507994,0.577,0.634,0,11.7947,0,10.3957,2.93855,3.59887,2.14246,46.1503,53.8496
Y3/lean_grouped__f1_s2,35,0.000469769,0,0.0897487,0.570375,3.48236,2.00861,0.56808,5.46609,0.464272,0.533563,0.485714,0.547619,0.533563,0.575,0.629,0,13.7115,0,12.4304,3.41893,3.42114,2.04484,44.8433,55.1567
Y3/lean_grouped__f1_s2,36,0.000467831,0,0.0894472,0.5681,3.46409,2.00204,0.566406,5.4622,0.43613,0.522317,0.461905,0.536508,0.533563,,,0,11.7137,0,10.3774,2.77611,3.70091,2.0457,,
Y3/lean_grouped__f1_s2,37,0.000465837,0,0.0891457,0.565825,3.38276,1.96965,0.567522,5.51183,0.513841,0.544988,0.536508,0.561905,0.544988,0.656,0.676,0,11.7249,0,10.48,3.04093,3.22057,2.0233,47.1386,52.8614
Y3/lean_grouped__f1_s2,38,0.000463788,0,0.0888442,0.56355,3.21042,1.8549,0.611607,5.54388,0.471098,0.546108,0.490476,0.560317,0.546108,0.569,0.677,0,10.7015,0,9.50451,2.84628,3.04685,1.92321,47.3037,52.6963
Y3/lean_grouped__f1_s2,39,0.000461685,0,0.0885427,0.561275,3.21934,1.86631,0.611607,5.59274,0.523111,0.556234,0.536508,0.569841,0.556234,0.678,0.692,0,10.777,0,9.49501,2.94434,3.17907,1.99002,48.5124,51.4876
Y3/lean_grouped__f1_s2,40,0.000459526,0,0.0882412,0.559,3.14171,1.82205,0.611607,5.48557,0.52567,0.568866,0.546032,0.580952,0.568866,0.644,0.715,0,11.8738,0,10.7723,2.88122,3.07322,1.92904,48.0709,51.9291
Y3/lean_grouped__f1_s2,41,0.000457314,0,0.0879397,0.556725,3.09178,1.796,0.630022,5.40589,0.47722,0.567116,0.5,0.584127,0.568866,,,0,12.0128,0,10.8736,2.99068,3.21357,1.93227,,
Y3/lean_grouped__f1_s2,42,0.000455049,0,0.0876382,0.55445,3.06701,1.77689,0.637277,5.44935,0.493277,0.582781,0.520635,0.595238,0.582781,0.617,0.719,0,11.6785,0,10.3687,3.00779,3.41231,1.97577,50.8648,49.1352
Y3/lean_grouped__f1_s2,43,0.000452732,0,0.0873367,0.552175,3.01554,1.76143,0.655134,5.4029,0.572662,0.583208,0.584127,0.596825,0.583208,0.72,0.736,0,12.0887,0,11.0134,2.93636,2.91929,1.87975,48.9938,51.0062
Y3/lean_grouped__f1_s2,44,0.000450362,0,0.0870352,0.5499,2.91644,1.69768,0.668527,5.50585,0.54757,0.592022,0.565079,0.601587,0.592022,0.734,0.745,0,11.0379,0,9.92214,2.92074,2.90724,1.82174,52.1515,47.8485
Y3/lean_grouped__f1_s2,45,0.000447941,0,0.0867337,0.547625,2.88355,1.68045,0.662946,5.3144,0.488888,0.606441,0.492063,0.615873,0.606441,0.61,0.759,0,11.7816,0,10.7726,2.88288,2.83768,1.82218,52.5873,47.4127
Y3/lean_grouped__f1_s2,46,0.000445469,0,0.0864322,0.54535,2.93456,1.71758,0.652902,5.47824,0.496968,0.596315,0.509524,0.611111,0.606441,,,0,13.7635,0,12.787,3.32678,2.84913,1.86643,,
Y3/lean_grouped__f1_s2,47,0.000442948,0,0.0861307,0.543075,2.83589,1.66027,0.667411,5.47695,0.553253,0.604904,0.569841,0.620635,0.606441,,,0,11.0668,0,9.98183,2.89406,2.90188,1.85117,,
Y3/lean_grouped__f1_s2,48,0.000440376,0,0.0858291,0.5408,2.80065,1.64418,0.668527,5.47493,0.476484,0.612777,0.503175,0.622222,0.612777,0.658,0.789,0,12.4269,0,11.4435,3.00382,2.89443,1.79452,54.1064,45.8936
Y3/lean_grouped__f1_s2,49,0.000437756,0,0.0855276,0.538525,2.83105,1.66998,0.675223,5.48911,0.581421,0.599226,0.595238,0.607937,0.612777,,,0,12.1643,0,11.086,3.19187,2.87384,1.82546,,
Y3/lean_grouped__f1_s2,50,0.000435088,0,0.0852261,0.53625,2.70892,1.58951,0.691964,5.49492,0.498116,0.61769,0.520635,0.622222,0.61769,0.651,0.809,0,12.414,0,11.4012,3.10319,2.74548,1.78399,53.9775,46.0225
Y3/lean_grouped__f1_s2,51,0.000432373,0,0.0849246,0.533975,2.66914,1.57288,0.703125,5.4348,0.555915,0.631207,0.57619,0.639683,0.631207,0.719,0.818,0,11.1162,0,10.1361,2.81489,2.62449,1.73126,54.4,45.6
Y3/lean_grouped__f1_s2,52,0.000429611,0,0.0846231,0.5317,2.62015,1.53127,0.71596,5.43065,0.549368,0.608598,0.560317,0.620635,0.631207,,,0,11.6243,0,10.5985,2.89047,2.8789,1.72166,,
Y3/lean_grouped__f1_s2,53,0.000426803,0,0.0843216,0.529425,2.578,1.52376,0.722656,5.41963,0.588252,0.611887,0.598413,0.622222,0.631207,,,0,11.0871,0,10.106,2.90386,2.53245,1.70254,,
Y3/lean_grouped__f1_s2,54,0.000423949,0,0.0840201,0.52715,2.57239,1.53623,0.726004,5.60974,0.527825,0.640581,0.552381,0.649206,0.640581,0.7,0.84,0,13.9268,0,13.067,3.05874,2.77367,1.75557,56.1399,43.8601
Y3/lean_grouped__f1_s2,55,0.000421051,0,0.0837186,0.524875,2.55613,1.52283,0.710938,5.53825,0.606688,0.641561,0.61746,0.642857,0.641561,0.808,0.818,0,12.517,0,11.6002,3.14826,2.5538,1.74243,56.4339,43.5661
Y3/lean_grouped__f1_s2,56,0.00041811,0,0.0834171,0.5226,2.4741,1.45909,0.739955,5.46723,0.589317,0.636534,0.604762,0.64127,0.641561,,,0,11.8351,0,10.9316,2.93171,2.4948,1.68966,,
Y3/lean_grouped__f1_s2,57,0.000415125,0,0.0831156,0.520325,2.38899,1.40065,0.767857,5.52399,0.604378,0.644207,0.620635,0.649206,0.644207,0.813,0.862,0,10.3244,0,9.34678,2.82711,2.46512,1.63669,55.5227,44.4773
Y3/lean_grouped__f1_s2,58,0.000412098,0,0.0828141,0.51805,2.35593,1.39275,0.768973,5.53653,0.600391,0.621497,0.614286,0.631746,0.644207,,,0,10.8342,0,9.90806,2.91332,2.38213,1.60838,,
Y3/lean_grouped__f1_s2,59,0.00040903,0,0.0825126,0.515775,2.37107,1.41267,0.774554,5.43735,0.587727,0.630136,0.601587,0.64127,0.644207,,,0,12.9609,0,12.081,3.18258,2.54008,1.66389,,
Y3/lean_grouped__f1_s2,60,0.000405921,0,0.0822111,0.5135,2.34953,1.3922,0.764509,5.46562,0.568819,0.644387,0.585714,0.650794,0.644387,0.788,0.89,0,11.5501,0,10.6183,3.09362,2.38104,1.66883,57.5459,42.4541
Y3/lean_grouped__f1_s2,61,0.000402773,0,0.0819095,0.511225,2.31669,1.37803,0.763951,5.42047,0.615197,0.640211,0.622222,0.646032,0.644387,,,0,11.6855,0,10.7605,3.12957,2.43835,1.59114,,
Y3/lean_grouped__f1_s2,62,0.000399585,0,0.081608,0.50895,2.2579,1.35945,0.77846,5.56883,0.576452,0.632455,0.585714,0.639683,0.644387,,,0,11.6768,0,10.7884,2.97043,2.44355,1.55916,,
Y3/lean_grouped__f1_s2,63,0.000396359,0,0.0813065,0.506675,2.30523,1.36831,0.766741,5.40463,0.603403,0.637595,0.619048,0.644444,0.644387,,,0,12.3938,0,11.5679,3.03528,2.29924,1.58398,,
Y3/lean_grouped__f1_s2,64,0.000393096,0,0.081005,0.5044,2.1875,1.30713,0.78683,5.45236,0.637024,0.64407,0.646032,0.649206,0.644387,,,0,12.6206,0,11.7705,3.10209,2.38012,1.58375,,
Y3/lean_grouped__f1_s2,65,0.000389796,0,0.0807035,0.502125,2.20841,1.32607,0.792411,5.56068,0.608499,0.658789,0.61746,0.668254,0.658789,0.853,0.904,0,11.9244,0,11.0827,2.99851,2.35349,1.51807,58.4053,41.5947
Y3/lean_grouped__f1_s2,66,0.000386461,0,0.080402,0.49985,2.16609,1.29941,0.78683,5.57555,0.624218,0.647537,0.633333,0.657143,0.658789,,,0,12.2861,0,11.4461,3.05181,2.30089,1.56688,,
Y3/lean_grouped__f1_s2,67,0.000383091,0,0.0801005,0.497575,2.11867,1.26425,0.81529,5.48115,0.616162,0.656263,0.633333,0.661905,0.658789,,,0,11.3539,0,10.4429,3.08584,2.30821,1.53595,,
Y3/lean_grouped__f1_s2,68,0.000379687,0,0.079799,0.4953,2.08855,1.26279,0.818638,5.41279,0.632727,0.658068,0.642857,0.668254,0.658789,,,0,10.7945,0,9.85274,3.03208,2.2884,1.55723,,
Y3/lean_grouped__f1_s2,69,0.00037625,0,0.0794975,0.493025,2.06708,1.23848,0.813058,5.5214,0.634507,0.66002,0.644444,0.665079,0.66002,0.881,0.922,0,10.8057,0,9.92904,3.02173,2.18123,1.45821,57.6058,42.3942
Y3/lean_grouped__f1_s2,70,0.000372781,0,0.079196,0.49075,1.99072,1.20209,0.83817,5.4813,0.627819,0.651767,0.638095,0.653968,0.66002,,,0,10.7249,0,9.87253,2.97493,2.11993,1.41907,,
Y3/lean_grouped__f1_s2,71,0.000369281,0,0.0788945,0.488475,2.0013,1.20971,0.828125,5.49669,0.623406,0.658887,0.631746,0.663492,0.66002,,,0,9.68313,0,8.71225,2.92079,2.26359,1.44328,,
Y3/lean_grouped__f1_s2,72,0.00036575,0,0.078593,0.4862,2.00329,1.21459,0.824219,5.44857,0.623974,0.653966,0.630159,0.665079,0.66002,,,0,12.3026,0,11.4819,3.18243,2.14004,1.43624,,
Y3/lean_grouped__f1_s2,73,0.00036219,0,0.0782915,0.483925,1.9155,1.16164,0.848772,5.499,0.638404,0.661464,0.649206,0.671429,0.661464,0.908,0.937,0,10.063,0,9.1695,2.90276,2.05877,1.39248,59.3631,40.6369
Y3/lean_grouped__f1_s2,74,0.000358601,0,0.0779899,0.48165,1.91461,1.16231,0.837054,5.52761,0.648717,0.667238,0.655556,0.67619,0.667238,0.931,0.946,0,10.8229,0,9.99087,3.02259,2.00845,1.37399,57.71,42.29
Y3/lean_grouped__f1_s2,75,0.000354985,0,0.0776884,0.479375,1.85375,1.12615,0.855469,5.44063,0.635212,0.676991,0.650794,0.685714,0.676991,0.893,0.946,0,10.5768,0,9.79246,2.90301,1.95142,1.31094,57.838,42.162
Y3/lean_grouped__f1_s2,76,0.000351343,0,0.0773869,0.4771,1.86194,1.13369,0.854911,5.48162,0.634386,0.659918,0.642857,0.671429,0.676991,,,0,11.8543,0,10.9473,3.36263,2.02169,1.35867,,
Y3/lean_grouped__f1_s2,77,0.000347674,0,0.0770854,0.474825,1.85424,1.12793,0.856027,5.55413,0.633547,0.655809,0.646032,0.666667,0.676991,,,0,11.6923,0,10.917,3.01483,2.02278,1.35903,,
Y3/lean_grouped__f1_s2,78,0.000343981,0,0.0767839,0.47255,1.85707,1.12919,0.844866,5.46728,0.589175,0.658068,0.598413,0.665079,0.676991,,,0,12.503,0,11.7541,3.1029,1.94916,1.35116,,
Y3/lean_grouped__f1_s2,79,0.000340265,0,0.0764824,0.470275,1.83532,1.12557,0.849888,5.45301,0.64043,0.663222,0.639683,0.673016,0.676991,,,0,10.0371,0,9.1621,3.01391,1.95826,1.32438,,
Y3/lean_grouped__f1_s2,80,0.000336525,0,0.0761809,0.468,1.80341,1.10872,0.862723,5.54106,0.639328,0.653649,0.653968,0.665079,0.676991,,,0,10.0376,0,9.17949,2.87809,2.02505,1.33528,,
Y3/lean_grouped__f1_s2,81,0.000332764,0,0.0758794,0.465725,1.71897,1.05616,0.880022,5.52023,0.631384,0.662154,0.639683,0.674603,0.676991,,,0,9.15596,0,8.35272,2.68515,1.83412,1.2299,,
Y3/lean_grouped__f1_s2,82,0.000328982,0,0.0755779,0.46345,1.74826,1.06991,0.874442,5.4788,0.673103,0.656695,0.679365,0.668254,0.676991,,,0,10.6815,0,9.8841,2.89748,2.06096,1.28023,,
Y3/lean_grouped__f1_s2,83,0.00032518,0,0.0752764,0.461175,1.73518,1.07088,0.875558,5.54241,0.633803,0.656337,0.647619,0.666667,0.676991,,,0,11.2623,0,10.52,3.05507,1.84087,1.25851,,
Y3/lean_grouped__f1_s2,84,0.000321359,0,0.0749749,0.4589,1.67856,1.03808,0.880022,5.42853,0.669542,0.675268,0.673016,0.684127,0.676991,,,0,10.6114,0,9.86779,2.86478,1.79686,1.23338,,
Y3/lean_grouped__f1_s2,85,0.00031752,0,0.0746734,0.456625,1.69369,1.0432,0.882813,5.51407,0.65025,0.669909,0.661905,0.680952,0.676991,,,0,10.2079,0,9.37504,3.07003,1.84888,1.26563,,
Y3/lean_grouped__f1_s2,86,0.000313664,0,0.0743719,0.45435,1.66306,1.0344,0.885045,5.53804,0.688828,0.663686,0.696825,0.67619,0.688828,0.949,0.945,0,9.59401,0,8.79153,2.89547,1.73673,1.2369,62.378,37.622
Y3/lean_grouped__f1_s2,87,0.000309793,0,0.0740704,0.452075,1.62608,1.0144,0.887277,5.50209,0.660744,0.664902,0.665079,0.67619,0.688828,,,0,10.2297,0,9.46754,2.91174,1.80765,1.21585,,
Y3/lean_grouped__f1_s2,88,0.000305907,0,0.0737688,0.4498,1.59775,0.993987,0.905692,5.55253,0.686728,0.667104,0.696825,0.677778,0.688828,,,0,9.25728,0,8.51819,2.74802,1.62015,1.1483,,
Y3/lean_grouped__f1_s2,89,0.000302006,0,0.0734673,0.447525,1.58557,0.997764,0.895089,5.43763,0.67802,0.664559,0.692063,0.677778,0.688828,,,0,10.0913,0,9.31433,2.97036,1.74273,1.19347,,
Y3/lean_grouped__f1_s2,90,0.000298093,0,0.0731658,0.44525,1.57345,0.983777,0.90067,5.48414,0.686675,0.675744,0.688889,0.688889,0.688828,,,0,9.97079,0,9.17514,2.93546,1.82956,1.17445,,
Y3/lean_grouped__f1_s2,91,0.000294168,0,0.0728643,0.442975,1.5598,0.974861,0.90346,5.43694,0.672125,0.682656,0.677778,0.692063,0.688828,,,0,11.4022,0,10.6774,3.11103,1.67654,1.15239,,
Y3/lean_grouped__f1_s2,92,0.000290233,0,0.0725628,0.4407,1.54969,0.965774,0.90904,5.52114,0.691554,0.685443,0.693651,0.693651,0.691554,0.978,0.977,0,10.2539,0,9.44911,3.17278,1.67495,1.1451,64.6281,35.3719
Y3/lean_grouped__f1_s2,93,0.000286287,0,0.0722613,0.438425,1.50331,0.934666,0.90904,5.3943,0.668982,0.669859,0.674603,0.679365,0.691554,,,0,10.0955,0,9.36783,2.97118,1.51122,1.09596,,
Y3/lean_grouped__f1_s2,94,0.000282333,0,0.0719598,0.43615,1.47226,0.925944,0.925781,5.464,0.651986,0.676332,0.665079,0.684127,0.691554,,,0,9.16132,0,8.35736,2.93807,1.58625,1.05867,,
Y3/lean_grouped__f1_s2,95,0.000278371,0,0.0716583,0.433875,1.51389,0.954038,0.90067,5.42386,0.690183,0.682568,0.695238,0.688889,0.691554,,,0,9.94943,0,9.16457,3.07081,1.64751,1.14636,,
Y3/lean_grouped__f1_s2,96,0.000274402,0,0.0713568,0.4316,1.5085,0.951904,0.905134,5.46312,0.707795,0.679271,0.712698,0.685714,0.707795,0.978,0.976,0,9.68879,0,8.9203,2.91352,1.56536,1.11722,64.9918,35.0082
Y3/lean_grouped__f1_s2,97,0.000270428,0,0.0710553,0.429325,1.42508,0.905887,0.925781,5.43642,0.696351,0.674832,0.706349,0.679365,0.707795,,,0,8.80878,0,8.11286,2.61824,1.51787,1.02649,,
Y3/lean_grouped__f1_s2,98,0.000266449,0,0.0707538,0.42705,1.44369,0.91411,0.919085,5.41362,0.675643,0.683496,0.688889,0.688889,0.707795,,,0,9.57897,0,8.86368,2.84368,1.58097,1.05431,,
Y3/lean_grouped__f1_s2,99,0.000262466,0,0.0704523,0.424775,1.41989,0.912197,0.915737,5.50072,0.643375,0.696412,0.657143,0.703175,0.707795,,,0,8.67854,0,7.86868,2.891,1.55307,1.04032,,
Y3/lean_grouped__f1_s2,100,0.000258481,0,0.0701508,0.4225,1.37957,0.8761,0.932478,5.58072,0.669208,0.695896,0.673016,0.704762,0.707795,0.983,0.989,0,8.80294,0,8.11483,2.69462,1.42403,0.99299,64.9218,35.0782
Y3/lean_grouped__f1_s2,101,0.000254494,0,0.0698492,0.420225,1.42239,0.911845,0.916295,5.49289,0.684523,0.685,0.695238,0.693651,0.707795,,,0,10.5514,0,9.83137,3.08656,1.59058,1.05973,,
Y3/lean_grouped__f1_s2,102,0.000250506,0,0.0695477,0.41795,1.38186,0.886117,0.931362,5.50975,0.67716,0.693095,0.687302,0.698413,0.707795,,,0,9.57518,0,8.83087,2.95497,1.48636,1.07027,,
Y3/lean_grouped__f1_s2,103,0.000246519,0,0.0692462,0.415675,1.36101,0.87787,0.925223,5.54607,0.665891,0.686456,0.674603,0.695238,0.707795,,,0,9.41992,0,8.75539,2.76591,1.41961,1.00101,,
Y3/lean_grouped__f1_s2,104,0.000242534,0,0.0689447,0.4134,1.35354,0.875372,0.929129,5.59576,0.696379,0.693965,0.704762,0.698413,0.707795,,,0,9.03557,0,8.34131,2.74777,1.4122,0.985679,,
Y3/lean_grouped__f1_s2,105,0.000238551,0,0.0686432,0.411125,1.33135,0.863071,0.928571,5.46366,0.69351,0.703432,0.698413,0.707937,0.707795,,,0,8.78135,0,8.09744,2.68987,1.40852,0.975731,,
Y3/lean_grouped__f1_s2,106,0.000234572,0,0.0683417,0.40885,1.29922,0.84104,0.938058,5.45651,0.690382,0.714815,0.696825,0.719048,0.714815,0.985,0.995,0,8.38335,0,7.69024,2.66609,1.39997,0.97227,65.5677,34.4323
Y3/lean_grouped__f1_s2,107,0.000230598,0,0.0680402,0.406575,1.25011,0.809396,0.947545,5.39116,0.65153,0.706788,0.650794,0.714286,0.714815,,,0,9.34972,0,8.53067,3.15942,1.33718,0.934737,,
Y3/lean_grouped__f1_s2,108,0.000226629,0,0.0677387,0.4043,1.27952,0.835873,0.93471,5.58887,0.671223,0.706697,0.680952,0.712698,0.714815,,,0,8.78594,0,8.04694,2.80807,1.43512,1.01576,,
Y3/lean_grouped__f1_s2,109,0.000222667,0,0.0674372,0.402025,1.26024,0.821221,0.940848,5.5024,0.686379,0.716474,0.693651,0.722222,0.716474,0.99,0.991,0,8.35691,0,7.68867,2.59967,1.36955,0.94209,65.7342,34.2658
Y3/lean_grouped__f1_s2,110,0.000218713,0,0.0671357,0.39975,1.2277,0.796075,0.946987,5.37196,0.682982,0.701794,0.687302,0.709524,0.716474,,,0,8.47518,0,7.78967,2.72245,1.29456,0.90696,,
Y3/lean_grouped__f1_s2,111,0.000214767,0,0.0668342,0.397475,1.21868,0.792105,0.955357,5.36137,0.711506,0.696377,0.715873,0.703175,0.716474,,,0,7.64609,0,6.96304,2.55321,1.23987,0.878715,,
Y3/lean_grouped__f1_s2,112,0.000210832,0,0.0665327,0.3952,1.22049,0.799552,0.946987,5.51632,0.686182,0.699249,0.695238,0.707937,0.716474,,,0,8.38425,0,7.79533,2.52606,1.17176,0.889916,,
Y3/lean_grouped__f1_s2,113,0.000206907,0,0.0662312,0.392925,1.17782,0.76971,0.957589,5.47701,0.677128,0.699863,0.680952,0.707937,0.716474,,,0,6.95884,0,6.28432,2.36398,1.20149,0.879089,,
Y3/lean_grouped__f1_s2,114,0.000202994,0,0.0659296,0.39065,1.19943,0.785491,0.954241,5.42618,0.684705,0.704436,0.688889,0.712698,0.716474,,,0,8.36048,0,7.69217,2.64482,1.29617,0.895368,,
Y3/lean_grouped__f1_s2,115,0.000199093,0,0.0656281,0.388375,1.16614,0.774359,0.955357,5.5161,0.689622,0.701508,0.696825,0.711111,0.716474,,,0,7.27719,0,6.57215,2.58509,1.17057,0.850424,,
Y3/lean_grouped__f1_s2,116,0.000195207,0,0.0653266,0.3861,1.17452,0.779237,0.946987,5.4951,0.659948,0.699907,0.668254,0.707937,0.716474,,,0,8.03983,0,7.38121,2.63745,1.18887,0.872011,,
Y3/lean_grouped__f1_s2,117,0.000191336,0,0.0650251,0.383825,1.14083,0.757467,0.96317,5.58324,0.686136,0.713124,0.692063,0.719048,0.716474,,,0,7.98934,0,7.3884,2.47381,1.16409,0.818981,,
Y3/lean_grouped__f1_s2,118,0.00018748,0,0.0647236,0.38155,1.14045,0.761015,0.953125,5.53737,0.691281,0.70102,0.696825,0.707937,0.716474,,,0,8.30196,0,7.70272,2.55774,1.15357,0.82402,,
Y3/lean_grouped__f1_s2,119,0.000183641,0,0.0644221,0.379275,1.13188,0.754923,0.952567,5.48295,0.677595,0.708277,0.692063,0.714286,0.716474,,,0,7.66574,0,6.99333,2.58324,1.16834,0.846681,,
Y3/lean_grouped__f1_s2,120,0.00017982,0,0.0641206,0.377,1.12835,0.759006,0.949219,5.49459,0.665459,0.701145,0.669841,0.707937,0.716474,,,0,8.0816,0,7.44187,2.56845,1.22137,0.845697,,
Y3/lean_grouped__f1_s2,121,0.000176018,0,0.0638191,0.374725,1.12423,0.756131,0.950335,5.47257,0.704693,0.706596,0.706349,0.712698,0.716474,,,0,7.55418,0,6.89111,2.59284,1.13115,0.810394,,
Y3/lean_grouped__f1_s2,122,0.000172236,0,0.0635176,0.37245,1.11551,0.752336,0.950893,5.52764,0.683316,0.700293,0.690476,0.709524,0.716474,,,0,7.64515,0,7.0045,2.55295,1.10384,0.823345,,
Y3/lean_grouped__f1_s2,123,0.000168475,0,0.0632161,0.370175,1.11051,0.749063,0.946429,5.4154,0.692439,0.696237,0.701587,0.704762,0.716474,,,0,7.37701,0,6.72445,2.50082,1.13853,0.85197,,
Y3/lean_grouped__f1_s2,124,0.000164735,0,0.0629146,0.3679,1.09325,0.739122,0.954241,5.47964,0.709624,0.703691,0.714286,0.711111,0.716474,,,0,6.43972,0,5.80999,2.27787,1.01299,0.76427,,
Y3/lean_grouped__f1_s2,125,0.000161019,0,0.0626131,0.365625,1.0829,0.735438,0.954799,5.4321,0.710031,0.706888,0.714286,0.715873,0.716474,0.997,0.997,0,6.72781,0,6.0897,2.35864,1.05994,0.781097,69.0623,30.9377
Y3/lean_grouped__f1_s2,126,0.000157326,0,0.0623116,0.36335,1.06214,0.723894,0.954799,5.55122,0.679307,0.711717,0.684127,0.71746,0.716474,,,0,7.17032,0,6.52742,2.4334,1.11332,0.810333,,
Y3/lean_grouped__f1_s2,127,0.000153657,0,0.0620101,0.361075,1.0855,0.737881,0.952009,5.41171,0.676495,0.689058,0.680952,0.698413,0.716474,,,0,7.66742,0,7.00342,2.61405,1.10956,0.837519,,
Y3/lean_grouped__f1_s2,128,0.000150015,0,0.0617085,0.3588,1.078,0.732799,0.950893,5.45464,0.697066,0.702138,0.706349,0.709524,0.716474,,,0,7.76345,0,7.082,2.68726,1.09734,0.798652,,
Y3/lean_grouped__f1_s2,129,0.000146399,0,0.061407,0.356525,1.08423,0.744922,0.955357,5.56004,0.68931,0.704603,0.695238,0.712698,0.716474,,,0,7.68409,0,7.02278,2.60652,1.05788,0.820463,,
Y3/lean_grouped__f1_s2,130,0.00014281,0,0.0611055,0.35425,1.04351,0.718501,0.955357,5.37506,0.67457,0.703538,0.690476,0.711111,0.716474,,,0,7.04152,0,6.38301,2.47247,1.04965,0.789515,,
Y3/lean_grouped__f1_s2,131,0.00013925,0,0.060804,0.351975,1.04114,0.719993,0.952009,5.46897,0.707431,0.708535,0.709524,0.715873,0.716474,,,0,7.02166,0,6.34837,2.54456,1.03142,0.799731,,
Y3/lean_grouped__f1_s2,132,0.000135719,0,0.0605025,0.3497,0.995549,0.684007,0.969308,5.38566,0.702934,0.708114,0.707937,0.714286,0.716474,,,0,6.61542,0,6.01955,2.25252,0.98282,0.735964,,
Y3/lean_grouped__f1_s2,133,0.000132219,0,0.060201,0.347425,0.984959,0.681698,0.97154,5.48809,0.682656,0.711259,0.688889,0.719048,0.716474,,,0,6.65168,0,6.01839,2.39759,0.959809,0.740343,,
Y3/lean_grouped__f1_s2,134,0.00012875,0,0.0598995,0.34515,0.970772,0.671508,0.970982,5.44878,0.690706,0.718989,0.690476,0.726984,0.718989,0.999,0.999,0,6.2438,0,5.65196,2.18596,0.995962,0.723917,71.3359,28.6641
Y3/lean_grouped__f1_s2,135,0.000125313,0,0.059598,0.342875,0.970471,0.672859,0.967634,5.42182,0.695644,0.710735,0.703175,0.720635,0.718989,,,0,6.72547,0,6.15733,2.29889,0.919217,0.699647,,
Y3/lean_grouped__f1_s2,136,0.000121909,0,0.0592965,0.3406,0.992026,0.692655,0.966518,5.49845,0.695134,0.713137,0.7,0.720635,0.718989,,,0,6.62719,0,6.01267,2.34893,0.941489,0.742338,,
Y3/lean_grouped__f1_s2,137,0.000118539,0,0.058995,0.338325,0.964108,0.672122,0.965402,5.46575,0.6975,0.711868,0.709524,0.720635,0.718989,,,0,6.9385,0,6.33757,2.37705,0.9386,0.727066,,
Y3/lean_grouped__f1_s2,138,0.000115204,0,0.0586935,0.33605,0.947229,0.665933,0.968192,5.4493,0.708723,0.710911,0.715873,0.719048,0.718989,,,0,6.40098,0,5.79497,2.27219,0.98375,0.729613,,
Y3/lean_grouped__f1_s2,139,0.000111904,0,0.058392,0.333775,0.936059,0.657877,0.968192,5.44885,0.697443,0.709215,0.707937,0.71746,0.718989,,,0,6.49117,0,5.95523,2.16229,0.900686,0.67717,,
Y3/lean_grouped__f1_s2,140,0.000108641,0,0.0580905,0.3315,0.93902,0.659577,0.96596,5.51021,0.690333,0.714193,0.692063,0.720635,0.718989,,,0,6.5732,0,6.0055,2.23607,0.902835,0.682645,,
Y3/lean_grouped__f1_s2,141,0.000105415,0,0.0577889,0.329225,0.970851,0.682862,0.953125,5.5261,0.688633,0.710854,0.7,0.71746,0.718989,,,0,6.87862,0,6.26642,2.37064,1.00358,0.742254,,
Y3/lean_grouped__f1_s2,142,0.000102227,0,0.0574874,0.32695,0.947251,0.666567,0.96596,5.36317,0.716655,0.715601,0.71746,0.720635,0.718989,,,0,6.69895,0,6.12446,2.29636,0.933099,0.717133,,
Y3/lean_grouped__f1_s2,143,9.90786e-05,0,0.0571859,0.324675,0.907255,0.642,0.970424,5.43367,0.698335,0.717742,0.706349,0.722222,0.718989,,,0,6.83044,0,6.23622,2.31719,0.985892,0.717953,,
Y3/lean_grouped__f1_s2,144,9.59698e-05,0,0.0568844,0.3224,0.923317,0.657019,0.960379,5.41681,0.699135,0.703708,0.706349,0.711111,0.718989,,,0,6.43845,0,5.81627,2.33943,0.976383,0.750298,,
Y3/lean_grouped__f1_s2,145,9.29016e-05,0,0.0565829,0.320125,0.913456,0.643304,0.969866,5.52532,0.699492,0.711039,0.704762,0.715873,0.718989,,,0,6.03505,0,5.4546,2.19604,0.898404,0.672659,,
Y3/lean_grouped__f1_s2,146,8.98748e-05,0,0.0562814,0.31785,0.900376,0.642779,0.96875,5.61201,0.712865,0.706282,0.712698,0.712698,0.718989,,,0,6.00723,0,5.42422,2.1787,0.922287,0.678953,,
Y3/lean_grouped__f1_s2,147,8.68902e-05,0,0.0559799,0.315575,0.892329,0.640415,0.970982,5.53039,0.699089,0.714243,0.701587,0.722222,0.718989,,,0,6.10949,0,5.54993,2.16544,0.842471,0.67606,,
Y3/lean_grouped__f1_s2,148,8.39486e-05,0,0.0556784,0.3133,0.866867,0.619555,0.973772,5.44472,0.706794,0.71537,0.712698,0.720635,0.718989,,,0,6.73085,0,6.15631,2.33793,0.900673,0.685679,,
Y3/lean_grouped__f1_s2,149,8.10507e-05,0,0.0553769,0.311025,0.894121,0.640421,0.96317,5.52866,0.716396,0.716873,0.720635,0.722222,0.718989,,,0,5.81249,0,5.23939,2.11818,0.861725,0.657649,,
Y3/lean_grouped__f1_s2,150,7.81974e-05,0,0.0550754,0.30875,0.860769,0.619626,0.969308,5.55226,0.708284,0.721232,0.715873,0.726984,0.721232,1,1,0,5.844,0,5.29182,2.0827,0.855378,0.676924,72.4655,27.5345
Y3/lean_grouped__f1_s2,151,7.53893e-05,0,0.0547739,0.306475,0.861974,0.621496,0.968192,5.5247,0.70193,0.721035,0.706349,0.726984,0.721232,,,0,6.706,0,6.19846,2.13976,0.884899,0.668203,,
Y3/lean_grouped__f1_s2,152,7.26271e-05,0,0.0544724,0.3042,0.841535,0.602907,0.97433,5.40802,0.69506,0.720502,0.704762,0.725397,0.721232,,,0,6.26051,0,5.69423,2.18882,0.867166,0.643476,,
Y3/lean_grouped__f1_s2,153,6.99117e-05,0,0.0541709,0.301925,0.857839,0.620529,0.96596,5.44556,0.717843,0.726542,0.722222,0.731746,0.726542,1,1,0,6.0802,0,5.47057,2.26323,0.890469,0.680025,72.2407,27.7593
Y3/lean_grouped__f1_s2,154,6.72436e-05,0,0.0538693,0.29965,0.848616,0.610873,0.972656,5.4673,0.700758,0.71897,0.707937,0.725397,0.726542,,,0,6.07965,0,5.47325,2.2691,0.905542,0.689156,,
Y3/lean_grouped__f1_s2,155,6.46236e-05,0,0.0535678,0.297375,0.842963,0.614545,0.970982,5.4744,0.704287,0.717753,0.711111,0.72381,0.726542,,,0,6.03818,0,5.42407,2.25061,0.892498,0.678699,,
Y3/lean_grouped__f1_s2,156,6.20524e-05,0,0.0532663,0.2951,0.837127,0.60804,0.972098,5.38374,0.706732,0.721536,0.711111,0.728571,0.726542,,,0,5.86991,0,5.32541,2.09969,0.803221,0.63766,,
Y3/lean_grouped__f1_s2,157,5.95306e-05,0,0.0529648,0.292825,0.844138,0.617126,0.961496,5.42716,0.696699,0.718518,0.706349,0.72381,0.726542,,,0,5.92506,0,5.30923,2.22692,0.856903,0.680042,,
Y3/lean_grouped__f1_s2,158,5.70589e-05,0,0.0526633,0.29055,0.829859,0.606188,0.96596,5.48404,0.695247,0.710751,0.701587,0.71746,0.726542,,,0,6.32397,0,5.71489,2.27556,0.961107,0.691586,,
Y3/lean_grouped__f1_s2,159,5.46379e-05,0,0.0523618,0.288275,0.809156,0.591737,0.973772,5.42711,0.700526,0.717316,0.704762,0.722222,0.726542,,,0,5.42686,0,4.85299,2.03148,0.876503,0.646162,,
Y3/lean_grouped__f1_s2,160,5.22683e-05,0,0.0520603,0.286,0.790839,0.579335,0.976004,5.45925,0.702616,0.715863,0.707937,0.722222,0.726542,,,0,5.29283,0,4.73887,2.02776,0.787204,0.60494,,
Y3/lean_grouped__f1_s2,161,4.99506e-05,0,0.0517588,0.283725,0.772439,0.569909,0.978795,5.47376,0.712341,0.714445,0.719048,0.720635,0.726542,,,0,5.11644,0,4.58843,1.911,0.80435,0.59858,,
Y3/lean_grouped__f1_s2,162,4.76856e-05,0,0.0514573,0.28145,0.763039,0.563469,0.977121,5.41767,0.708546,0.715216,0.715873,0.722222,0.726542,,,0,5.47225,0,4.94105,1.99815,0.790863,0.619351,,
Y3/lean_grouped__f1_s2,163,4.54736e-05,0,0.0511558,0.279175,0.782602,0.578833,0.976004,5.50538,0.708866,0.710616,0.71746,0.71746,0.726542,,,0,5.4132,0,4.8493,2.04746,0.843561,0.6241,,
Y3/lean_grouped__f1_s2,164,4.33155e-05,0,0.0508543,0.2769,0.778857,0.573911,0.97154,5.47682,0.731427,0.714142,0.733333,0.720635,0.731427,1,1,0,5.7922,0,5.06694,2.4207,0.846293,0.633987,72.9337,27.0663
Y3/lean_grouped__f1_s2,165,4.12116e-05,0,0.0505528,0.274625,0.765615,0.566641,0.976004,5.46601,0.707861,0.716789,0.714286,0.722222,0.731427,,,0,5.37069,0,4.8414,1.98521,0.776241,0.628664,,
Y3/lean_grouped__f1_s2,166,3.91625e-05,0,0.0502513,0.27235,0.759168,0.561895,0.975446,5.44951,0.714904,0.71453,0.719048,0.719048,0.731427,,,0,5.05464,0,4.53609,1.89754,0.753962,0.59134,,
Y3/lean_grouped__f1_s2,167,3.71688e-05,0,0.0499497,0.270075,0.752615,0.558264,0.980469,5.50162,0.711821,0.715636,0.71746,0.722222,0.731427,,,0,5.27425,0,4.69881,2.02844,0.841204,0.627682,,
Y3/lean_grouped__f1_s2,168,3.5231e-05,0,0.0496482,0.2678,0.776088,0.578565,0.967076,5.56638,0.708232,0.714292,0.715873,0.720635,0.731427,,,0,5.59282,0,4.95108,2.19,0.900385,0.680083,,
Y3/lean_grouped__f1_s2,169,3.33496e-05,0,0.0493467,0.265525,0.755542,0.565969,0.970982,5.52785,0.71739,0.713415,0.720635,0.720635,0.731427,,,0,5.38314,0,4.81462,2.04838,0.811112,0.635927,,
Y3/lean_grouped__f1_s2,170,3.15251e-05,0,0.0490452,0.26325,0.764622,0.57543,0.967076,5.41693,0.707617,0.723404,0.712698,0.728571,0.731427,,,0,5.77738,0,5.21122,2.11377,0.873852,0.664083,,
Y3/lean_grouped__f1_s2,171,2.97579e-05,0,0.0487437,0.260975,0.729239,0.545856,0.977121,5.49869,0.710281,0.710889,0.715873,0.71746,0.731427,,,0,5.35443,0,4.84753,1.95912,0.71876,0.576013,,
Y3/lean_grouped__f1_s2,172,2.80486e-05,0,0.0484422,0.2587,0.732712,0.55251,0.973772,5.57113,0.723655,0.708156,0.726984,0.715873,0.731427,,,0,5.56841,0,5.05116,1.97044,0.832186,0.627258,,
Y3/lean_grouped__f1_s2,173,2.63975e-05,0,0.0481407,0.256425,0.703943,0.529922,0.977679,5.42779,0.721368,0.712266,0.725397,0.719048,0.731427,,,0,4.77378,0,4.26175,1.81424,0.755316,0.57585,,
Y3/lean_grouped__f1_s2,174,2.48051e-05,0,0.0478392,0.25415,0.697331,0.528314,0.978237,5.41409,0.70653,0.719723,0.714286,0.725397,0.731427,,,0,4.89626,0,4.33736,1.96734,0.7282,0.58373,,
Y3/lean_grouped__f1_s2,175,2.32718e-05,0,0.0475377,0.251875,0.690223,0.522609,0.977679,5.42229,0.714094,0.708025,0.722222,0.715873,0.731427,1,1,0,5.01369,0,4.48915,1.91874,0.737061,0.580168,73.0605,26.9395
Y3/lean_grouped__f1_s2,176,2.1798e-05,0,0.0472362,0.25,0.7079,0.537838,0.975446,5.54858,0.718895,0.717108,0.72381,0.722222,0.731427,,,0,5.12548,0,4.60979,1.87671,0.788697,0.598687,,
Y3/lean_grouped__f1_s2,177,2.0384e-05,0,0.0469347,0.25,0.711517,0.537526,0.97154,5.35408,0.712819,0.715649,0.719048,0.720635,0.731427,,,0,4.95881,0,4.34985,2.01429,0.829797,0.627845,,
Y3/lean_grouped__f1_s2,178,1.90303e-05,0,0.0466332,0.25,0.698816,0.532025,0.976004,5.44139,0.728232,0.713212,0.731746,0.719048,0.731427,,,0,4.94906,0,4.40664,1.88604,0.813976,0.628205,,
Y3/lean_grouped__f1_s2,179,1.77372e-05,0,0.0463317,0.25,0.716478,0.543189,0.96875,5.54274,0.716277,0.719078,0.720635,0.725397,0.731427,,,0,5.20931,0,4.62486,2.04575,0.749563,0.642235,,
Y3/lean_grouped__f1_s2,180,1.65051e-05,0,0.0460302,0.25,0.692072,0.523342,0.977121,5.48113,0.72339,0.710219,0.726984,0.71746,0.731427,,,0,5.00749,0,4.50983,1.83019,0.757143,0.581648,,
Y3/lean_grouped__f1_s2,181,1.53342e-05,0,0.0457286,0.25,0.68431,0.517531,0.977679,5.43411,0.730092,0.712422,0.734921,0.719048,0.731427,,,0,4.73349,0,4.2393,1.79816,0.711531,0.548088,,
Y3/lean_grouped__f1_s2,182,1.42248e-05,0,0.0454271,0.25,0.686198,0.519025,0.972656,5.42416,0.723089,0.716091,0.728571,0.722222,0.731427,,,0,5.07713,0,4.48234,2.04311,0.818416,0.616101,,
Y3/lean_grouped__f1_s2,183,1.31773e-05,0,0.0451256,0.25,0.693382,0.523506,0.973214,5.66021,0.721846,0.718315,0.725397,0.72381,0.731427,,,0,5.04668,0,4.50699,1.92999,0.80283,0.599133,,
Y3/lean_grouped__f1_s2,184,1.21919e-05,0,0.0448241,0.25,0.689133,0.519566,0.972656,5.39372,0.723846,0.715349,0.728571,0.722222,0.731427,,,0,5.4841,0,4.96552,1.97425,0.776236,0.608335,,
Y3/lean_grouped__f1_s2,185,1.12689e-05,0,0.0445226,0.25,0.685434,0.518667,0.972656,5.56739,0.726693,0.715719,0.730159,0.722222,0.731427,,,0,5.3986,0,4.83613,2.04072,0.786287,0.616274,,
Y3/lean_grouped__f1_s2,186,1.04085e-05,0,0.0442211,0.25,0.686495,0.522173,0.972098,5.62458,0.72126,0.717618,0.725397,0.72381,0.731427,,,0,4.97605,0,4.41645,1.92465,0.801384,0.623847,,
Y3/lean_grouped__f1_s2,187,9.61089e-06,0,0.0439196,0.25,0.658788,0.500803,0.980469,5.54804,0.71975,0.712682,0.725397,0.719048,0.731427,,,0,4.53965,0,4.04689,1.73388,0.72276,0.5667,,
Y3/lean_grouped__f1_s2,188,8.87636e-06,0,0.0436181,0.25,0.652465,0.496537,0.977121,5.4024,0.721057,0.718413,0.726984,0.72381,0.731427,,,0,4.85623,0,4.34586,1.8464,0.735694,0.569711,,
Y3/lean_grouped__f1_s2,189,8.20506e-06,0,0.0433166,0.25,0.632798,0.479153,0.985491,5.5684,0.721762,0.720467,0.726984,0.725397,0.731427,,,0,4.41831,0,3.93857,1.68062,0.710978,0.545581,,
Y3/lean_grouped__f1_s2,190,7.59717e-06,0,0.0430151,0.25,0.65137,0.494198,0.975446,5.48983,0.717172,0.714981,0.72381,0.720635,0.731427,,,0,5.12606,0,4.51056,2.06503,0.817946,0.636042,,
Y3/lean_grouped__f1_s2,191,7.05284e-06,0,0.0427136,0.25,0.638463,0.487705,0.980469,5.47338,0.721766,0.716796,0.726984,0.722222,0.731427,,,0,4.80626,0,4.28473,1.83672,0.731775,0.579792,,
Y3/lean_grouped__f1_s2,192,6.57221e-06,0,0.0424121,0.25,0.662719,0.500696,0.973772,5.51199,0.723001,0.716463,0.728571,0.722222,0.731427,,,0,5.13472,0,4.61637,1.88246,0.797459,0.61651,,
Y3/lean_grouped__f1_s2,193,6.15542e-06,0,0.0421106,0.25,0.630006,0.476129,0.981585,5.56764,0.725226,0.721184,0.730159,0.725397,0.731427,,,0.0119048,4.57265,1,4.08174,1.84259,0.740664,0.574172,,
Y3/lean_grouped__f1_s2,194,5.80257e-06,0,0.041809,0.25,0.666768,0.503378,0.970982,5.40638,0.722186,0.719449,0.726984,0.725397,0.731427,,,0,5.53065,0,4.94974,2.12187,0.84572,0.647478,,
Y3/lean_grouped__f1_s2,195,5.51374e-06,0,0.0415075,0.25,0.626342,0.472012,0.979911,5.44495,0.725375,0.721391,0.730159,0.726984,0.731427,,,0,4.69873,0,4.17888,1.84817,0.708897,0.550687,,
Y3/lean_grouped__f1_s2,196,5.28902e-06,0,0.041206,0.25,0.636348,0.481891,0.976004,5.4592,0.726082,0.71805,0.730159,0.72381,0.731427,,,0,5.39768,0,4.82882,2.05874,0.798782,0.601067,,
Y3/lean_grouped__f1_s2,197,5.12847e-06,0,0.0409045,0.25,0.617074,0.464709,0.980469,5.40004,0.720871,0.716973,0.726984,0.722222,0.731427,,,0,4.7421,0,4.24177,1.80401,0.722841,0.565211,,
Y3/lean_grouped__f1_s2,198,5.03212e-06,0,0.040603,0.25,0.641698,0.485826,0.970424,5.41701,0.723875,0.718651,0.728571,0.72381,0.731427,,,0,5.14497,0,4.54659,2.06981,0.775382,0.627761,,
Y3/lean_grouped__f1_s2,199,5e-06,0,0.0403015,0.25,0.630985,0.477952,0.976004,5.40676,0.727978,0.715375,0.731746,0.720635,0.731427,,,0,5.21162,0,4.69651,1.90426,0.773814,0.584678,,
Y3/lean_grouped__f1_s2,200,5e-06,0,0.04,0.25,0.635895,0.479807,0.972098,5.40949,0.725902,0.719903,0.730159,0.725397,0.731427,1,1,0,5.40539,0,4.8615,2.01609,0.788591,0.623079,73.2779,26.7221
Y3/lean_stratified__f0_s1,1,0.0002,1,0.1,0.647725,8.20049,5.28614,0.0203125,17.5891,0.0228929,0.0219114,0.0474614,0.0463576,0.0228929,0.05,0.055,0.0333333,28.327,3,20.345,15.2325,8.74847,7.83601,0.0928381,99.9072
Y3/lean_stratified__f0_s1,2,0.0003,1,0.0996985,0.64545,7.18333,4.28021,0.0316406,7.60557,0.0549866,0.0589338,0.098234,0.0883002,0.0589338,0.102,0.112,0,10.2014,0,4.15212,5.6874,4.7707,4.8854,3.18858,96.8114
Y3/lean_stratified__f0_s1,3,0.0004,1,0.099397,0.643175,6.92647,4.04124,0.0375,7.61304,0.0932301,0.108576,0.139073,0.145695,0.108576,0.147,0.157,0,7.6058,0,2.43301,3.54648,4.29561,4.13718,15.1162,84.8838
Y3/lean_stratified__f0_s1,4,0.0005,1,0.0990955,0.6409,6.59752,3.81457,0.0824219,7.55811,0.118544,0.169017,0.1766,0.213024,0.169017,0.18,0.216,0,7.34305,0,3.64823,3.06775,3.74846,3.59501,21.6223,78.3777
Y3/lean_stratified__f0_s1,5,0.000499968,1,0.098794,0.638625,6.26947,3.6664,0.090625,7.72063,0.140162,0.203117,0.187638,0.242826,0.203117,0.212,0.269,0,7.21803,0,4.07445,2.63913,3.66719,3.33373,29.5373,70.4627
Y3/lean_stratified__f0_s1,6,0.000499872,1,0.0984925,0.63635,6.1304,3.60239,0.122266,7.6586,0.134357,0.203126,0.188742,0.239514,0.203126,0.206,0.274,0,6.65503,0,3.9135,2.13585,3.37029,3.05078,27.9505,72.0495
Y3/lean_stratified__f0_s1,7,0.000499711,1,0.098191,0.634075,6.00471,3.52077,0.106641,7.67686,0.171428,0.228771,0.226269,0.268212,0.228771,0.241,0.297,0,6.61488,0,4.07025,1.84876,3.50003,2.85404,26.9188,73.0812
Y3/lean_stratified__f0_s1,8,0.000499486,1,0.0978894,0.6318,5.85765,3.4413,0.122656,7.64685,0.172438,0.226834,0.230684,0.270419,0.228771,,,0,7.12968,0,4.30807,2.44238,3.64,2.77444,,
Y3/lean_stratified__f0_s1,9,0.000499197,1,0.0975879,0.629525,5.79381,3.39699,0.127344,7.65078,0.224106,0.256435,0.259382,0.296909,0.256435,0.291,0.322,0,7.17926,0,4.69094,2.28309,3.5688,2.60688,29.6961,70.3039
Y3/lean_stratified__f0_s1,10,0.000498845,1,0.0972864,0.62725,5.73302,3.38215,0.174219,7.55177,0.226144,0.284602,0.279249,0.3234,0.284602,0.338,0.363,0,6.78686,0,4.58042,1.90814,3.53534,2.47905,26.9383,73.0617
Y3/lean_stratified__f0_s1,11,0.000498428,1,0.0969849,0.624975,5.61089,3.29642,0.110937,7.63206,0.242562,0.321759,0.285872,0.354305,0.321759,0.303,0.369,0,7.78933,0,6.0512,1.93644,3.26693,2.40321,30.0777,69.9223
Y3/lean_stratified__f0_s1,12,0.000497947,1,0.0966834,0.6227,5.44043,3.19464,0.135937,7.711,0.267253,0.331367,0.330022,0.368653,0.331367,0.347,0.382,0,8.09717,0,6.22002,2.20499,3.43452,2.43666,29.9521,70.0479
Y3/lean_stratified__f0_s1,13,0.000497403,1,0.0963819,0.620425,5.40577,3.19857,0.136719,7.75876,0.286531,0.338426,0.334437,0.380795,0.338426,0.376,0.406,0,7.60987,0,5.81878,2.06932,3.35352,2.35045,35.62,64.38
Y3/lean_stratified__f0_s1,14,0.000496795,1,0.0960804,0.61815,5.34476,3.16814,0.147266,7.58785,0.255979,0.366339,0.295806,0.401766,0.366339,0.331,0.421,0,8.72073,0,7.12892,2.04304,3.40011,2.26406,33.0334,66.9666
Y3/lean_stratified__f0_s1,15,0.000496124,1,0.0957789,0.615875,5.41836,3.22189,0.160547,7.54368,0.265929,0.377608,0.325607,0.408389,0.377608,0.334,0.435,0,9.01178,0,7.54044,2.0321,3.46496,2.16129,32.4057,67.5943
Y3/lean_stratified__f0_s1,16,0.000495389,1,0.0954774,0.6136,5.19287,3.08297,0.150781,7.61983,0.26472,0.41515,0.310155,0.443709,0.41515,0.314,0.465,0,9.74886,0,8.31746,2.15281,3.44175,2.20039,33.6911,66.3089
Y3/lean_stratified__f0_s1,17,0.000494592,1,0.0951759,0.611325,5.14677,3.03981,0.208203,7.49319,0.266098,0.385887,0.309051,0.408389,0.41515,,,0.00833333,9.95775,1,8.61579,2.97413,3.34431,2.1522,,
Y3/lean_stratified__f0_s1,18,0.000493731,1,0.0948744,0.60905,5.30721,3.17172,0.137109,7.70824,0.283372,0.402425,0.321192,0.430464,0.41515,,,0,9.7925,0,8.15469,2.22605,3.67859,2.11088,,
Y3/lean_stratified__f0_s1,19,0.000492808,1,0.0945729,0.606775,5.1603,3.06114,0.135547,7.86727,0.284152,0.394752,0.318985,0.42936,0.41515,,,0,9.95453,0,8.32918,2.54479,3.45401,2.08736,,
Y3/lean_stratified__f0_s1,20,0.000491823,1,0.0942714,0.6045,5.19272,3.10778,0.178906,7.60269,0.372804,0.389454,0.400662,0.421634,0.41515,,,0,7.97706,0,6.41382,1.90698,3.26432,2.03445,,
Y3/lean_stratified__f0_s1,21,0.000490775,1,0.0939698,0.602225,5.09062,3.02899,0.183984,7.62392,0.380325,0.435191,0.419426,0.46468,0.435191,0.459,0.484,0,7.70002,0,6.11092,1.92129,3.29622,1.98225,40.0771,59.9229
Y3/lean_stratified__f0_s1,22,0.000489666,1,0.0936683,0.59995,4.99976,2.9823,0.210547,7.53941,0.40566,0.438235,0.435982,0.46468,0.438235,0.487,0.519,0,8.01451,0,6.66814,1.92156,3.09473,1.92435,39.6498,60.3502
Y3/lean_stratified__f0_s1,23,0.000488495,1,0.0933668,0.597675,5.1486,3.08817,0.203906,7.70881,0.398498,0.420339,0.435982,0.453642,0.438235,,,0,8.44955,0,7.13376,1.91157,3.18297,1.88828,,
Y3/lean_stratified__f0_s1,24,0.000487263,1,0.0930653,0.5954,5.02129,3.01143,0.191016,7.66798,0.408169,0.440998,0.437086,0.470199,0.440998,0.49,0.517,0,8.10331,0,6.82478,1.87993,3.01892,1.84457,40.6259,59.3741
Y3/lean_stratified__f0_s1,25,0.00048597,1,0.0927638,0.593125,4.84919,2.89006,0.208984,7.5365,0.339348,0.466963,0.37638,0.487859,0.466963,0.41,0.545,0,8.68307,0,7.4759,2.03955,3.04361,1.80399,40.6379,59.3621
Y3/lean_stratified__f0_s1,26,0.000484616,1,0.0924623,0.59085,4.86048,2.90242,0.242578,7.55941,0.422437,0.482412,0.444812,0.506623,0.482412,0.481,0.541,0,8.01542,0,6.6237,2.18035,3.0891,1.82168,42.9462,57.0538
Y3/lean_stratified__f0_s1,27,0.000483202,1,0.0921608,0.588575,4.65119,2.76924,0.151562,7.58849,0.430064,0.485265,0.461369,0.507726,0.485265,0.506,0.531,0,10.2028,0,9.02859,2.17957,3.19391,1.86992,42.103,57.897
Y3/lean_stratified__f0_s1,28,0.000481728,1,0.0918593,0.5863,4.74933,2.84474,0.2375,7.50538,0.429327,0.495824,0.450331,0.516556,0.495824,0.499,0.554,0,9.00682,0,7.82246,2.06751,3.06301,1.78769,44.1737,55.8263
Y3/lean_stratified__f0_s1,29,0.000480195,1,0.0915578,0.584025,4.61138,2.75011,0.297656,7.66147,0.447085,0.512694,0.483444,0.537528,0.512694,0.538,0.598,0,8.93767,0,7.75734,2.20543,2.91737,1.80068,42.8469,57.1531
Y3/lean_stratified__f0_s1,30,0.000478603,1,0.0912563,0.58175,4.66407,2.80698,0.231641,7.6433,0.368607,0.488767,0.400662,0.506623,0.512694,,,0,8.96346,0,7.73399,2.1565,3.14917,1.79403,,
Y3/lean_stratified__f0_s1,31,0.000476951,0,0.0909548,0.579475,3.64456,2.11056,0.526172,7.60268,0.42734,0.514412,0.453642,0.525386,0.514412,0.497,0.562,0,9.51463,0,8.32569,2.50931,2.97114,1.85879,43.3966,56.6034
Y3/lean_stratified__f0_s1,32,0.000475242,0,0.0906533,0.5772,3.64613,2.11381,0.520703,7.50145,0.459702,0.525748,0.474614,0.540839,0.525748,0.559,0.593,0,10.6454,0,9.34928,2.88894,3.26123,1.90016,45.3888,54.6112
Y3/lean_stratified__f0_s1,33,0.000473475,0,0.0903518,0.574925,3.49866,2.02949,0.548828,7.52038,0.468636,0.536047,0.490066,0.55298,0.536047,0.567,0.608,0,11.6411,0,10.4364,2.90769,3.32376,1.88605,47.7771,52.2229
Y3/lean_stratified__f0_s1,34,0.00047165,0,0.0900503,0.57265,3.44392,2.00054,0.561719,7.55714,0.400448,0.545952,0.421634,0.56181,0.545952,0.489,0.636,0,10.6099,0,9.43314,2.86432,3.0031,1.81321,50.9562,49.0438
Y3/lean_stratified__f0_s1,35,0.000469769,0,0.0897487,0.570375,3.35562,1.94595,0.573047,7.43187,0.53468,0.55293,0.554084,0.560706,0.55293,0.638,0.64,0,12.0163,0,10.944,2.9534,3.05011,1.80356,50.0662,49.9338
Y3/lean_stratified__f0_s1,36,0.000467831,0,0.0894472,0.5681,3.3354,1.93832,0.577734,7.6181,0.455111,0.549872,0.469095,0.565121,0.55293,,,0,10.8871,0,9.74609,2.96728,2.92164,1.7897,,
Y3/lean_stratified__f0_s1,37,0.000465837,0,0.0891457,0.565825,3.24844,1.89647,0.586328,7.73296,0.512676,0.557157,0.52649,0.569536,0.557157,0.636,0.66,0,11.5122,0,10.4955,2.88228,2.85088,1.73544,53.1637,46.8363
Y3/lean_stratified__f0_s1,38,0.000463788,0,0.0888442,0.56355,3.16668,1.84945,0.616016,7.56043,0.536049,0.57512,0.554084,0.586093,0.57512,0.646,0.683,0,10.9026,0,9.87116,2.70893,2.82944,1.7661,52.2569,47.7431
Y3/lean_stratified__f0_s1,39,0.000461685,0,0.0885427,0.561275,3.0851,1.8067,0.626172,7.53467,0.560395,0.587959,0.569536,0.596026,0.587959,0.66,0.688,0,11.518,0,10.47,2.93567,2.93413,1.73165,54.1057,45.8943
Y3/lean_stratified__f0_s1,40,0.000459526,0,0.0882412,0.559,2.99966,1.75726,0.651953,7.43439,0.537746,0.559694,0.550773,0.567329,0.587959,,,0,11.3014,0,10.3733,2.76461,2.51236,1.66474,,
Y3/lean_stratified__f0_s1,41,0.000457314,0,0.0879397,0.556725,2.99076,1.75413,0.639063,7.52805,0.501826,0.551797,0.516556,0.560706,0.587959,,,0,12.4358,0,11.4449,2.92249,2.88341,1.69456,,
Y3/lean_stratified__f0_s1,42,0.000455049,0,0.0876382,0.55445,2.94403,1.71848,0.655469,7.49103,0.490801,0.594684,0.519868,0.603753,0.594684,0.625,0.715,0,11.9218,0,11.0171,2.8938,2.60982,1.66267,58.0357,41.9643
Y3/lean_stratified__f0_s1,43,0.000452732,0,0.0873367,0.552175,2.91735,1.71699,0.653906,7.43156,0.556878,0.596551,0.57064,0.59713,0.596551,0.69,0.699,0,12.0502,0,11.1423,2.95052,2.52066,1.64741,57.5168,42.4832
Y3/lean_stratified__f0_s1,44,0.000450362,0,0.0870352,0.5499,2.85287,1.6846,0.662891,7.49228,0.548004,0.595672,0.551876,0.603753,0.596551,,,0,12.7059,0,11.8615,3.00266,2.39687,1.61207,,
Y3/lean_stratified__f0_s1,45,0.000447941,0,0.0867337,0.547625,2.77741,1.62759,0.682813,7.59262,0.526006,0.613537,0.537528,0.621413,0.613537,0.664,0.726,0,10.8166,0,9.89571,2.72797,2.55292,1.59142,62.195,37.805
Y3/lean_stratified__f0_s1,46,0.000445469,0,0.0864322,0.54535,2.80663,1.65616,0.670703,7.51415,0.583083,0.626331,0.602649,0.63245,0.626331,0.739,0.738,0,12.2328,0,11.4546,2.72429,2.39953,1.56807,62.1061,37.8939
Y3/lean_stratified__f0_s1,47,0.000442948,0,0.0861307,0.543075,2.74669,1.62742,0.677734,7.47744,0.638192,0.633973,0.642384,0.642384,0.638192,0.761,0.756,0,11.0851,0,10.2517,2.71368,2.26716,1.56864,60.6016,39.3984
Y3/lean_stratified__f0_s1,48,0.000440376,0,0.0858291,0.5408,2.6841,1.58699,0.692578,7.49906,0.549513,0.635818,0.562914,0.643488,0.638192,,,0,11.5985,0,10.7704,2.75495,2.35222,1.55374,,
Y3/lean_stratified__f0_s1,49,0.000437756,0,0.0855276,0.538525,2.61119,1.54355,0.707812,7.56977,0.630182,0.645274,0.633554,0.653422,0.645274,0.766,0.785,0,12.4286,0,11.6519,2.83271,2.34643,1.54883,63.8398,36.1602
Y3/lean_stratified__f0_s1,50,0.000435088,0,0.0852261,0.53625,2.54092,1.50198,0.733984,7.47978,0.571485,0.635761,0.592715,0.642384,0.645274,0.73,0.79,0,11.1024,0,10.2724,2.62375,2.35197,1.56187,64.1292,35.8708
Y3/lean_stratified__f0_s1,51,0.000432373,0,0.0849246,0.533975,2.47845,1.47083,0.750391,7.52243,0.548591,0.650592,0.562914,0.65011,0.650592,0.683,0.793,0,12.2047,0,11.49,2.76978,2.08332,1.48803,64.5729,35.4271
Y3/lean_stratified__f0_s1,52,0.000429611,0,0.0846231,0.5317,2.54511,1.52147,0.716016,7.47962,0.602919,0.656133,0.618102,0.65894,0.656133,0.775,0.814,0,11.9435,0,11.0451,3.14864,2.34258,1.51704,63.8494,36.1506
Y3/lean_stratified__f0_s1,53,0.000426803,0,0.0843216,0.529425,2.49492,1.48758,0.735938,7.49546,0.634557,0.659255,0.643488,0.664459,0.659255,0.768,0.816,0,12.9791,0,12.2308,2.9717,2.21353,1.48207,65.6586,34.3414
Y3/lean_stratified__f0_s1,54,0.000423949,0,0.0840201,0.52715,2.4215,1.44073,0.742969,7.53296,0.581939,0.659073,0.596026,0.662252,0.659255,,,0,12.3677,0,11.6522,2.80977,2.13338,1.46745,,
Y3/lean_stratified__f0_s1,55,0.000421051,0,0.0837186,0.524875,2.36002,1.41109,0.754297,7.65057,0.655111,0.653878,0.666667,0.653422,0.659255,,,0,10.6316,0,9.82697,2.72438,2.16447,1.4434,,
Y3/lean_stratified__f0_s1,56,0.00041811,0,0.0834171,0.5226,2.33809,1.39966,0.758203,7.45874,0.630746,0.677719,0.644592,0.678808,0.677719,0.775,0.836,0,10.8011,0,10.0184,2.70553,2.08946,1.40346,66.9333,33.0667
Y3/lean_stratified__f0_s1,57,0.000415125,0,0.0831156,0.520325,2.34347,1.40217,0.753906,7.56078,0.65946,0.670844,0.663355,0.675497,0.677719,,,0,13.019,0,12.3494,2.79411,2.09461,1.43022,,
Y3/lean_stratified__f0_s1,58,0.000412098,0,0.0828141,0.51805,2.32867,1.39549,0.766016,7.70402,0.676268,0.670552,0.682119,0.671082,0.677719,,,0,10.2989,0,9.47689,2.74024,2.12384,1.41022,,
Y3/lean_stratified__f0_s1,59,0.00040903,0,0.0825126,0.515775,2.27436,1.35809,0.768359,7.49947,0.644187,0.666185,0.656733,0.671082,0.677719,,,0,10.4767,0,9.68865,2.75035,2.03169,1.36529,,
Y3/lean_stratified__f0_s1,60,0.000405921,0,0.0822111,0.5135,2.24393,1.34145,0.778125,7.51038,0.654818,0.675678,0.664459,0.681015,0.677719,,,0,11.9287,0,11.1694,2.93616,2.01762,1.38443,,
Y3/lean_stratified__f0_s1,61,0.000402773,0,0.0819095,0.511225,2.1764,1.30657,0.787891,7.49142,0.648211,0.680427,0.663355,0.683223,0.680427,0.817,0.861,0,10.5041,0,9.68262,2.81905,2.02543,1.36317,69.4556,30.5444
Y3/lean_stratified__f0_s1,62,0.000399585,0,0.081608,0.50895,2.13845,1.2858,0.802734,7.39063,0.670162,0.667222,0.678808,0.665563,0.680427,,,0,11.5715,0,10.8941,2.73289,1.87655,1.33606,,
Y3/lean_stratified__f0_s1,63,0.000396359,0,0.0813065,0.506675,2.12029,1.28098,0.801953,7.55833,0.675897,0.679513,0.687638,0.679912,0.680427,,,0,11.5594,0,10.8523,2.83732,1.91945,1.36409,,
Y3/lean_stratified__f0_s1,64,0.000393096,0,0.081005,0.5044,2.11295,1.27743,0.804688,7.45763,0.651433,0.686831,0.662252,0.68543,0.686831,0.842,0.886,0,11.813,0,11.1039,2.86043,1.91644,1.36873,72.405,27.595
Y3/lean_stratified__f0_s1,65,0.000389796,0,0.0807035,0.502125,2.03048,1.22766,0.824219,7.49964,0.649732,0.66627,0.655629,0.666667,0.686831,,,0,10.7491,0,10.0514,2.72307,1.86584,1.28409,,
Y3/lean_stratified__f0_s1,66,0.000386461,0,0.080402,0.49985,2.0669,1.25361,0.817187,7.39717,0.674238,0.663699,0.681015,0.666667,0.686831,,,0,10.7844,0,10.0696,2.7362,1.84349,1.28811,,
Y3/lean_stratified__f0_s1,67,0.000383091,0,0.0801005,0.497575,2.02776,1.2282,0.817969,7.49272,0.669392,0.670223,0.674393,0.673289,0.686831,,,0,11.3097,0,10.5731,2.98304,1.82197,1.292,,
Y3/lean_stratified__f0_s1,68,0.000379687,0,0.079799,0.4953,1.97947,1.20606,0.827344,7.75363,0.667587,0.695522,0.674393,0.69426,0.695522,0.876,0.897,0,11.6918,0,10.9918,2.84425,1.92943,1.28397,72.1739,27.8261
Y3/lean_stratified__f0_s1,69,0.00037625,0,0.0794975,0.493025,1.95043,1.18305,0.829297,7.46238,0.675887,0.698576,0.682119,0.706402,0.698576,0.867,0.905,0,10.4798,0,9.77629,2.76367,1.77175,1.25354,70.7657,29.2343
Y3/lean_stratified__f0_s1,70,0.000372781,0,0.079196,0.49075,1.93345,1.18241,0.830469,7.56436,0.695687,0.709059,0.701987,0.713024,0.709059,0.907,0.91,0,11.2484,0,10.5873,2.72257,1.76667,1.28476,71.5395,28.4605
Y3/lean_stratified__f0_s1,71,0.000369281,0,0.0788945,0.488475,1.93353,1.18195,0.830859,7.50173,0.644117,0.711657,0.655629,0.716336,0.711657,0.876,0.93,0,10.3593,0,9.61718,2.79953,1.79406,1.23715,72.6365,27.3635
Y3/lean_stratified__f0_s1,72,0.00036575,0,0.078593,0.4862,1.91094,1.17557,0.842188,7.50525,0.679785,0.710447,0.678808,0.715232,0.711657,,,0,11.2235,0,10.5291,2.85539,1.81292,1.23618,,
Y3/lean_stratified__f0_s1,73,0.00036219,0,0.0782915,0.483925,1.84343,1.12474,0.85,7.57091,0.646696,0.705336,0.654525,0.711921,0.711657,,,0,10.5042,0,9.81389,2.75604,1.70625,1.2126,,
Y3/lean_stratified__f0_s1,74,0.000358601,0,0.0779899,0.48165,1.84082,1.12856,0.852734,7.65841,0.685371,0.700766,0.692053,0.708609,0.711657,,,0,10.2471,0,9.58306,2.71387,1.5961,1.17168,,
Y3/lean_stratified__f0_s1,75,0.000354985,0,0.0776884,0.479375,1.79985,1.09977,0.864062,7.56704,0.6867,0.69867,0.690949,0.703091,0.711657,0.913,0.925,0,11.1371,0,10.4913,2.83588,1.59055,1.17774,72.9487,27.0513
Y3/lean_stratified__f0_s1,76,0.000351343,0,0.0773869,0.4771,1.84761,1.1349,0.852734,7.63205,0.65171,0.703226,0.656733,0.708609,0.711657,,,0,10.7552,0,10.0812,2.75992,1.70876,1.19185,,
Y3/lean_stratified__f0_s1,77,0.000347674,0,0.0770854,0.474825,1.79289,1.10862,0.855859,7.65785,0.682034,0.711815,0.68543,0.715232,0.711815,0.94,0.933,0,11.4484,0,10.8432,2.69698,1.6115,1.13993,74.6834,25.3166
Y3/lean_stratified__f0_s1,78,0.000343981,0,0.0767839,0.47255,1.76548,1.08699,0.864844,7.45142,0.686768,0.723289,0.69426,0.724062,0.723289,0.93,0.944,0,10.6333,0,9.99316,2.70446,1.58044,1.14854,74.5497,25.4503
Y3/lean_stratified__f0_s1,79,0.000340265,0,0.0764824,0.470275,1.72106,1.07178,0.873047,7.52787,0.692304,0.708781,0.696468,0.714128,0.723289,,,0,10.5026,0,9.84505,2.72718,1.59132,1.13724,,
Y3/lean_stratified__f0_s1,80,0.000336525,0,0.0761809,0.468,1.71719,1.06887,0.869922,7.62356,0.701872,0.704597,0.710817,0.711921,0.723289,,,0,9.40541,0,8.70719,2.70958,1.53483,1.11203,,
Y3/lean_stratified__f0_s1,81,0.000332764,0,0.0758794,0.465725,1.68157,1.04513,0.883594,7.62867,0.684225,0.704467,0.690949,0.710817,0.723289,,,0,9.81624,0,9.17537,2.62801,1.5269,1.09553,,
Y3/lean_stratified__f0_s1,82,0.000328982,0,0.0755779,0.46345,1.63225,1.01312,0.892188,7.54077,0.694629,0.707421,0.69426,0.709713,0.723289,,,0,10.4382,0,9.84954,2.58769,1.4828,1.08257,,
Y3/lean_stratified__f0_s1,83,0.00032518,0,0.0752764,0.461175,1.6442,1.02732,0.888281,7.53019,0.69726,0.701793,0.700883,0.707506,0.723289,,,0,10.1395,0,9.51567,2.65557,1.48293,1.0794,,
Y3/lean_stratified__f0_s1,84,0.000321359,0,0.0749749,0.4589,1.62236,1.0129,0.885547,7.54591,0.694067,0.707275,0.69426,0.714128,0.723289,,,0,9.54843,0,8.91191,2.66326,1.43064,1.06488,,
Y3/lean_stratified__f0_s1,85,0.00031752,0,0.0746734,0.456625,1.6493,1.03808,0.878125,7.35618,0.67874,0.710502,0.690949,0.717439,0.723289,,,0,11.5004,0,10.8571,2.91315,1.50166,1.10628,,
Y3/lean_stratified__f0_s1,86,0.000313664,0,0.0743719,0.45435,1.60979,1.00594,0.889844,7.44965,0.689241,0.713384,0.701987,0.717439,0.723289,,,0,11.0295,0,10.3785,2.89513,1.49509,1.0546,,
Y3/lean_stratified__f0_s1,87,0.000309793,0,0.0740704,0.452075,1.59111,0.999131,0.899609,7.42924,0.696082,0.718372,0.704194,0.720751,0.723289,,,0,10.9874,0,10.41,2.69944,1.44916,1.05564,,
Y3/lean_stratified__f0_s1,88,0.000305907,0,0.0737688,0.4498,1.58563,0.996181,0.894141,7.58201,0.689119,0.717865,0.692053,0.719647,0.723289,,,0,10.9766,0,10.3433,2.88862,1.40766,1.05295,,
Y3/lean_stratified__f0_s1,89,0.000302006,0,0.0734673,0.447525,1.53128,0.966017,0.896875,7.49792,0.698742,0.720898,0.703091,0.725166,0.723289,,,0,10.1017,0,9.46926,2.73421,1.44391,1.0435,,
Y3/lean_stratified__f0_s1,90,0.000298093,0,0.0731658,0.44525,1.53053,0.969137,0.910547,7.47022,0.699107,0.723407,0.697572,0.727373,0.723407,0.96,0.973,0,9.92456,0,9.27758,2.75825,1.42195,1.03071,75.5192,24.4808
Y3/lean_stratified__f0_s1,91,0.000294168,0,0.0728643,0.442975,1.51615,0.962782,0.902344,7.54594,0.718619,0.721394,0.724062,0.727373,0.723407,,,0,10.0063,0,9.3931,2.65762,1.44387,1.02256,,
Y3/lean_stratified__f0_s1,92,0.000290233,0,0.0725628,0.4407,1.48117,0.939771,0.912891,7.43956,0.709773,0.723163,0.714128,0.729581,0.723407,,,0,9.471,0,8.88328,2.58263,1.32794,0.975532,,
Y3/lean_stratified__f0_s1,93,0.000286287,0,0.0722613,0.438425,1.49082,0.951086,0.903125,7.51534,0.684347,0.719734,0.689845,0.722958,0.723407,,,0,9.83816,0,9.22071,2.73029,1.37842,1.0093,,
Y3/lean_stratified__f0_s1,94,0.000282333,0,0.0719598,0.43615,1.47086,0.943496,0.906641,7.4566,0.7173,0.726608,0.718543,0.727373,0.726608,0.952,0.98,0,9.72673,0,9.10996,2.68965,1.38185,1.00218,76.6166,23.3834
Y3/lean_stratified__f0_s1,95,0.000278371,0,0.0716583,0.433875,1.42194,0.908897,0.920313,7.40014,0.7082,0.724965,0.713024,0.731788,0.726608,,,0,9.07003,0,8.48087,2.57557,1.25483,0.922408,,
Y3/lean_stratified__f0_s1,96,0.000274402,0,0.0713568,0.4316,1.44868,0.928836,0.912891,7.42945,0.719972,0.712475,0.725166,0.719647,0.726608,,,0,9.49204,0,8.87446,2.61861,1.42663,0.964602,,
Y3/lean_stratified__f0_s1,97,0.000270428,0,0.0710553,0.429325,1.41617,0.910751,0.911719,7.38903,0.682927,0.722813,0.687638,0.729581,0.726608,,,0,9.93417,0,9.32617,2.65523,1.36445,0.975959,,
Y3/lean_stratified__f0_s1,98,0.000266449,0,0.0707538,0.42705,1.38479,0.893387,0.925,7.46406,0.709025,0.717827,0.710817,0.724062,0.726608,,,0,10.9751,0,10.4001,2.78349,1.27838,0.941735,,
Y3/lean_stratified__f0_s1,99,0.000262466,0,0.0704523,0.424775,1.38601,0.895888,0.922266,7.51532,0.708517,0.711964,0.711921,0.719647,0.726608,,,0,10.0402,0,9.4684,2.60879,1.22283,0.934546,,
Y3/lean_stratified__f0_s1,100,0.000258481,0,0.0701508,0.4225,1.33739,0.862734,0.933203,7.46471,0.711022,0.728143,0.715232,0.733996,0.728143,0.989,0.988,0,8.1584,0,7.55358,2.47889,1.22733,0.886526,75.7313,24.2687
Y3/lean_stratified__f0_s1,101,0.000254494,0,0.0698492,0.420225,1.31529,0.852991,0.934375,7.48821,0.71782,0.73144,0.720751,0.735099,0.73144,0.982,0.99,0,8.4295,0,7.8267,2.50644,1.20942,0.898134,76.2328,23.7672
Y3/lean_stratified__f0_s1,102,0.000250506,0,0.0695477,0.41795,1.32356,0.86037,0.933203,7.35552,0.711188,0.727788,0.713024,0.733996,0.73144,,,0,8.24847,0,7.67158,2.42518,1.15567,0.86165,,
Y3/lean_stratified__f0_s1,103,0.000246519,0,0.0692462,0.415675,1.33398,0.866193,0.932422,7.47356,0.693488,0.732488,0.699779,0.739514,0.732488,0.965,0.991,0,10.5342,0,10.0313,2.59343,1.21586,0.883672,76.4968,23.5032
Y3/lean_stratified__f0_s1,104,0.000242534,0,0.0689447,0.4134,1.28197,0.833931,0.942187,7.46023,0.707859,0.737312,0.711921,0.745033,0.737312,0.983,0.993,0,9.97862,0,9.44416,2.64457,1.15813,0.852869,75.9949,24.0051
Y3/lean_stratified__f0_s1,105,0.000238551,0,0.0686432,0.411125,1.29026,0.844637,0.9375,7.45203,0.678606,0.733061,0.683223,0.741722,0.737312,,,0,8.00555,0,7.39975,2.45272,1.19207,0.847312,,
Y3/lean_stratified__f0_s1,106,0.000234572,0,0.0683417,0.40885,1.25721,0.828612,0.942969,7.4389,0.726648,0.741269,0.729581,0.748344,0.741269,0.987,0.99,0,8.32573,0,7.74141,2.48292,1.16214,0.82889,75.8721,24.1279
Y3/lean_stratified__f0_s1,107,0.000230598,0,0.0680402,0.406575,1.26865,0.832788,0.937891,7.42779,0.706758,0.731605,0.709713,0.739514,0.741269,,,0,8.8258,0,8.28102,2.52057,1.09348,0.836399,,
Y3/lean_stratified__f0_s1,108,0.000226629,0,0.0677387,0.4043,1.26467,0.834203,0.942969,7.38479,0.717138,0.733116,0.717439,0.739514,0.741269,,,0,8.26961,0,7.68371,2.45661,1.17846,0.855816,,
Y3/lean_stratified__f0_s1,109,0.000222667,0,0.0674372,0.402025,1.22112,0.804525,0.951563,7.50424,0.714929,0.733123,0.719647,0.739514,0.741269,,,0,8.60513,0,8.0638,2.44908,1.07933,0.799821,,
Y3/lean_stratified__f0_s1,110,0.000218713,0,0.0671357,0.39975,1.2055,0.796551,0.946484,7.56021,0.716939,0.726619,0.717439,0.731788,0.741269,,,0,7.58581,0,7.03019,2.33928,1.04298,0.772528,,
Y3/lean_stratified__f0_s1,111,0.000214767,0,0.0668342,0.397475,1.20163,0.795474,0.950391,7.45118,0.718742,0.738376,0.724062,0.742826,0.741269,,,0,8.59328,0,8.03211,2.52477,1.06678,0.806561,,
Y3/lean_stratified__f0_s1,112,0.000210832,0,0.0665327,0.3952,1.21764,0.813936,0.941016,7.56975,0.726102,0.734108,0.727373,0.739514,0.741269,,,0,8.40615,0,7.81825,2.53197,1.09971,0.816189,,
Y3/lean_stratified__f0_s1,113,0.000206907,0,0.0662312,0.392925,1.18791,0.787085,0.950391,7.43224,0.719201,0.729123,0.718543,0.735099,0.741269,,,0,7.60701,0,7.0428,2.36161,1.06218,0.785217,,
Y3/lean_stratified__f0_s1,114,0.000202994,0,0.0659296,0.39065,1.19049,0.793837,0.941406,7.58863,0.720152,0.739981,0.724062,0.746137,0.741269,,,0,8.1219,0,7.5934,2.36339,0.999529,0.775138,,
Y3/lean_stratified__f0_s1,115,0.000199093,0,0.0656281,0.388375,1.1675,0.778297,0.948828,7.49055,0.73744,0.736779,0.741722,0.745033,0.741269,,,0,8.34408,0,7.81715,2.42253,1.04335,0.7701,,
Y3/lean_stratified__f0_s1,116,0.000195207,0,0.0653266,0.3861,1.15311,0.771084,0.951563,7.50585,0.725299,0.722675,0.731788,0.729581,0.741269,,,0,8.03341,0,7.50493,2.38244,0.955564,0.755445,,
Y3/lean_stratified__f0_s1,117,0.000191336,0,0.0650251,0.383825,1.12759,0.754317,0.954297,7.52165,0.700865,0.735034,0.706402,0.740618,0.741269,,,0,8.30981,0,7.74063,2.46852,0.942603,0.72234,,
Y3/lean_stratified__f0_s1,118,0.00018748,0,0.0647236,0.38155,1.14037,0.767348,0.95,7.55569,0.724855,0.7236,0.724062,0.727373,0.741269,,,0,8.2413,0,7.66647,2.54142,1.04231,0.766915,,
Y3/lean_stratified__f0_s1,119,0.000183641,0,0.0644221,0.379275,1.13213,0.763367,0.953125,7.57594,0.732145,0.736422,0.738411,0.740618,0.741269,,,0,8.06178,0,7.54397,2.35196,0.985726,0.75908,,
Y3/lean_stratified__f0_s1,120,0.00017982,0,0.0641206,0.377,1.11354,0.750213,0.952344,7.4816,0.724772,0.728306,0.726269,0.736203,0.741269,,,0,8.37314,0,7.84194,2.47633,1.00828,0.757312,,
Y3/lean_stratified__f0_s1,121,0.000176018,0,0.0638191,0.374725,1.10981,0.753289,0.953516,7.42836,0.724724,0.738918,0.726269,0.745033,0.741269,,,0,7.96259,0,7.41398,2.40337,0.975395,0.768379,,
Y3/lean_stratified__f0_s1,122,0.000172236,0,0.0635176,0.37245,1.07236,0.729398,0.958984,7.68914,0.72738,0.734701,0.732892,0.742826,0.741269,,,0,7.38748,0,6.83099,2.3597,0.932691,0.702483,,
Y3/lean_stratified__f0_s1,123,0.000168475,0,0.0632161,0.370175,1.08284,0.738551,0.959766,7.60366,0.723413,0.741675,0.729581,0.747241,0.741675,0.998,0.999,0,7.50283,0,6.98557,2.30355,0.948421,0.705407,77.2505,22.7495
Y3/lean_stratified__f0_s1,124,0.000164735,0,0.0629146,0.3679,1.07159,0.734878,0.957031,7.56053,0.743758,0.74529,0.746137,0.750552,0.74529,0.996,1,0,6.99793,0,6.44134,2.31061,0.911802,0.715488,77.9156,22.0844
Y3/lean_stratified__f0_s1,125,0.000161019,0,0.0626131,0.365625,1.04577,0.71546,0.962891,7.53999,0.721709,0.7392,0.724062,0.747241,0.74529,0.994,1,0,8.02461,0,7.53362,2.32007,0.930519,0.726713,77.1689,22.8311
Y3/lean_stratified__f0_s1,126,0.000157326,0,0.0623116,0.36335,1.07289,0.740803,0.950781,7.5647,0.725666,0.73731,0.728477,0.747241,0.74529,,,0,7.14747,0,6.5666,2.39382,0.925675,0.724083,,
Y3/lean_stratified__f0_s1,127,0.000153657,0,0.0620101,0.361075,1.02396,0.705575,0.965625,7.57022,0.71541,0.747126,0.719647,0.754967,0.747126,0.999,0.999,0,6.85046,0,6.32127,2.1904,0.896955,0.687814,77.8225,22.1775
Y3/lean_stratified__f0_s1,128,0.000150015,0,0.0617085,0.3588,1.0211,0.702397,0.964844,7.52815,0.728534,0.731371,0.735099,0.737307,0.747126,,,0,7.69605,0,7.21098,2.24248,0.89068,0.663539,,
Y3/lean_stratified__f0_s1,129,0.000146399,0,0.061407,0.356525,1.02221,0.708264,0.961719,7.64183,0.722964,0.752602,0.728477,0.756071,0.752602,0.997,1,0,7.85882,0,7.36373,2.35133,0.8516,0.67401,77.7879,22.2121
Y3/lean_stratified__f0_s1,130,0.00014281,0,0.0611055,0.35425,1.00237,0.694086,0.960938,7.44227,0.73346,0.740146,0.737307,0.748344,0.752602,,,0,7.4391,0,6.93609,2.27451,0.888177,0.678156,,
Y3/lean_stratified__f0_s1,131,0.00013925,0,0.060804,0.351975,1.00016,0.6949,0.966406,7.51553,0.735957,0.740493,0.738411,0.748344,0.752602,,,0,6.8615,0,6.31852,2.2563,0.923553,0.692574,,
Y3/lean_stratified__f0_s1,132,0.000135719,0,0.0605025,0.3497,0.995803,0.691611,0.966406,7.4346,0.720265,0.744784,0.726269,0.751656,0.752602,,,0,7.43039,0,6.94374,2.24911,0.83416,0.664897,,
Y3/lean_stratified__f0_s1,133,0.000132219,0,0.060201,0.347425,0.997434,0.692008,0.964063,7.5087,0.73437,0.745536,0.737307,0.750552,0.752602,,,0,7.42995,0,6.93713,2.25127,0.86421,0.670129,,
Y3/lean_stratified__f0_s1,134,0.00012875,0,0.0598995,0.34515,0.999106,0.700765,0.953125,7.3896,0.735845,0.741751,0.740618,0.747241,0.752602,,,0,7.23839,1,7.01978,2.49832,0.88541,0.685341,,
Y3/lean_stratified__f0_s1,135,0.000125313,0,0.059598,0.342875,0.955972,0.668851,0.964063,7.38333,0.743145,0.744858,0.747241,0.750552,0.752602,,,0,6.65129,0,6.20521,2.02602,0.778425,0.623918,,
Y3/lean_stratified__f0_s1,136,0.000121909,0,0.0592965,0.3406,0.955057,0.669578,0.965625,7.49433,0.73299,0.744084,0.737307,0.749448,0.752602,,,0,6.38122,0,5.89197,2.07697,0.803729,0.621818,,
Y3/lean_stratified__f0_s1,137,0.000118539,0,0.058995,0.338325,0.951201,0.672363,0.963672,7.38428,0.741027,0.746251,0.743929,0.750552,0.752602,,,0,6.87813,0,6.40493,2.14135,0.828435,0.635572,,
Y3/lean_stratified__f0_s1,138,0.000115204,0,0.0586935,0.33605,0.942838,0.661744,0.968359,7.37117,0.745726,0.748836,0.751656,0.752759,0.752602,,,0,6.86784,0,6.35723,2.1993,0.79994,0.63781,,
Y3/lean_stratified__f0_s1,139,0.000111904,0,0.058392,0.333775,0.940345,0.667398,0.964063,7.57946,0.731254,0.741596,0.733996,0.745033,0.752602,,,0,6.3932,0,5.86635,2.17661,0.817133,0.625559,,
Y3/lean_stratified__f0_s1,140,0.000108641,0,0.0580905,0.3315,0.897657,0.63688,0.975,7.51628,0.743726,0.736241,0.750552,0.738411,0.752602,,,0,6.51369,0,6.06418,2.03558,0.733485,0.586204,,
Y3/lean_stratified__f0_s1,141,0.000105415,0,0.0577889,0.329225,0.919775,0.652279,0.964063,7.28676,0.729945,0.744332,0.732892,0.747241,0.752602,,,0,6.8099,0,6.29554,2.21163,0.843331,0.636114,,
Y3/lean_stratified__f0_s1,142,0.000102227,0,0.0574874,0.32695,0.931724,0.662412,0.962891,7.33085,0.736001,0.754428,0.743929,0.758278,0.754428,1,1,0,6.8136,0,6.2941,2.21476,0.836778,0.662319,78.7752,21.2248
Y3/lean_stratified__f0_s1,143,9.90786e-05,0,0.0571859,0.324675,0.884747,0.632269,0.975781,7.38624,0.743704,0.748553,0.748344,0.752759,0.754428,,,0,6.53312,0,6.06894,2.05077,0.744362,0.592966,,
Y3/lean_stratified__f0_s1,144,9.59698e-05,0,0.0568844,0.3224,0.905516,0.649099,0.967188,7.47619,0.733321,0.750938,0.735099,0.752759,0.754428,,,0,7.13172,0,6.60472,2.32426,0.797828,0.619317,,
Y3/lean_stratified__f0_s1,145,9.29016e-05,0,0.0565829,0.320125,0.902546,0.647795,0.967188,7.3211,0.748476,0.758203,0.751656,0.760486,0.758203,1,1,0,6.38202,0,5.88312,2.10229,0.765529,0.621867,78.9609,21.0391
Y3/lean_stratified__f0_s1,146,8.98748e-05,0,0.0562814,0.31785,0.882304,0.634777,0.967969,7.4831,0.733866,0.749489,0.738411,0.752759,0.758203,,,0,6.43205,0,5.9379,2.11326,0.755445,0.597529,,
Y3/lean_stratified__f0_s1,147,8.68902e-05,0,0.0559799,0.315575,0.90278,0.64975,0.961328,7.45494,0.745697,0.744775,0.748344,0.748344,0.758203,,,0,7.07954,0,6.56713,2.28939,0.780907,0.620676,,
Y3/lean_stratified__f0_s1,148,8.39486e-05,0,0.0556784,0.3133,0.880502,0.635685,0.966406,7.38443,0.732894,0.757523,0.735099,0.761589,0.758203,,,0,6.55034,0,6.08164,2.07303,0.760336,0.611973,,
Y3/lean_stratified__f0_s1,149,8.10507e-05,0,0.0553769,0.311025,0.857766,0.620033,0.973828,7.31924,0.742907,0.75411,0.745033,0.758278,0.758203,,,0,5.81356,0,5.35774,1.92595,0.734059,0.578079,,
Y3/lean_stratified__f0_s1,150,7.81974e-05,0,0.0550754,0.30875,0.862825,0.62662,0.967188,7.34431,0.747362,0.751073,0.747241,0.754967,0.758203,1,1,0,5.98079,0,5.46333,2.10167,0.752339,0.595949,79.1602,20.8398
Y3/lean_stratified__f0_s1,151,7.53893e-05,0,0.0547739,0.306475,0.855231,0.62197,0.967969,7.41444,0.739342,0.750038,0.746137,0.754967,0.758203,,,0,6.12636,0,5.63927,2.06296,0.744933,0.584498,,
Y3/lean_stratified__f0_s1,152,7.26271e-05,0,0.0544724,0.3042,0.840198,0.611464,0.966797,7.48753,0.738649,0.751093,0.741722,0.756071,0.758203,,,0,6.01629,0,5.52394,2.03136,0.762404,0.585,,
Y3/lean_stratified__f0_s1,153,6.99117e-05,0,0.0541709,0.301925,0.83131,0.605397,0.973437,7.41284,0.747381,0.755978,0.751656,0.759382,0.758203,,,0,5.90499,0,5.44759,1.93438,0.696691,0.565631,,
Y3/lean_stratified__f0_s1,154,6.72436e-05,0,0.0538693,0.29965,0.811998,0.592137,0.979688,7.43075,0.74771,0.758679,0.751656,0.760486,0.758679,1,1,0,5.59023,0,5.10402,1.97089,0.666129,0.530418,79.511,20.489
Y3/lean_stratified__f0_s1,155,6.46236e-05,0,0.0535678,0.297375,0.809101,0.595065,0.971484,7.46854,0.746471,0.748635,0.748344,0.752759,0.758679,,,0,5.87844,0,5.39226,2.02529,0.716104,0.568656,,
Y3/lean_stratified__f0_s1,156,6.20524e-05,0,0.0532663,0.2951,0.821289,0.603576,0.969531,7.38332,0.737333,0.752757,0.740618,0.756071,0.758679,,,0,5.28118,0,4.73109,2.03087,0.725197,0.588796,,
Y3/lean_stratified__f0_s1,157,5.95306e-05,0,0.0529648,0.292825,0.823347,0.606498,0.968359,7.4421,0.74672,0.751194,0.750552,0.753863,0.758679,,,0,5.97168,0,5.48445,2.05619,0.716989,0.571974,,
Y3/lean_stratified__f0_s1,158,5.70589e-05,0,0.0526633,0.29055,0.784591,0.578427,0.976172,7.30017,0.741684,0.753389,0.745033,0.756071,0.758679,,,0,5.82551,0,5.3394,2.0345,0.675961,0.538282,,
Y3/lean_stratified__f0_s1,159,5.46379e-05,0,0.0523618,0.288275,0.802545,0.591961,0.971094,7.41221,0.7559,0.754745,0.760486,0.758278,0.758679,,,0,5.96969,0,5.50687,1.97591,0.736988,0.568451,,
Y3/lean_stratified__f0_s1,160,5.22683e-05,0,0.0520603,0.286,0.786706,0.582145,0.975391,7.31273,0.757732,0.753957,0.761589,0.758278,0.758679,,,0,5.38652,0,4.92966,1.87226,0.681708,0.539014,,
Y3/lean_stratified__f0_s1,161,4.99506e-05,0,0.0517588,0.283725,0.792675,0.58572,0.969531,7.29469,0.758856,0.753267,0.764901,0.757174,0.758856,1,1,0,5.99662,0,5.4791,2.11856,0.72445,0.5603,79.8126,20.1874
Y3/lean_stratified__f0_s1,162,4.76856e-05,0,0.0514573,0.28145,0.761542,0.564851,0.978906,7.43713,0.753201,0.750102,0.756071,0.753863,0.758856,,,0,5.4563,0,4.9821,1.93322,0.678679,0.548267,,
Y3/lean_stratified__f0_s1,163,4.54736e-05,0,0.0511558,0.279175,0.773763,0.577694,0.971484,7.34346,0.755697,0.760143,0.758278,0.761589,0.760143,1,1,0,5.35748,0,4.86265,1.93326,0.691962,0.557494,79.5243,20.4757
Y3/lean_stratified__f0_s1,164,4.33155e-05,0,0.0508543,0.2769,0.763585,0.570248,0.975,7.42706,0.748379,0.758625,0.751656,0.760486,0.760143,,,0,5.81251,0,5.31608,2.05613,0.702951,0.558268,,
Y3/lean_stratified__f0_s1,165,4.12116e-05,0,0.0505528,0.274625,0.765284,0.573279,0.972266,7.5075,0.76222,0.75974,0.762693,0.762693,0.76222,1,1,0,5.517,0,5.05582,1.90462,0.663323,0.544507,80.097,19.903
Y3/lean_stratified__f0_s1,166,3.91625e-05,0,0.0502513,0.27235,0.739465,0.553522,0.978125,7.42054,0.750735,0.75749,0.754967,0.759382,0.76222,,,0,5.33947,0,4.8874,1.84895,0.642079,0.526353,,
Y3/lean_stratified__f0_s1,167,3.71688e-05,0,0.0499497,0.270075,0.731965,0.550461,0.977734,7.37604,0.752757,0.764953,0.754967,0.768212,0.764953,1,1,0,5.21504,0,4.79225,1.7575,0.625775,0.509882,80.1175,19.8825
Y3/lean_stratified__f0_s1,168,3.5231e-05,0,0.0496482,0.2678,0.737777,0.55728,0.975,7.35502,0.757447,0.755732,0.760486,0.759382,0.764953,,,0,5.11808,0,4.65938,1.83532,0.652424,0.538859,,
Y3/lean_stratified__f0_s1,169,3.33496e-05,0,0.0493467,0.265525,0.739628,0.558984,0.971484,7.49141,0.757919,0.757474,0.761589,0.760486,0.764953,,,0,5.20235,0,4.74278,1.84914,0.652278,0.543585,,
Y3/lean_stratified__f0_s1,170,3.15251e-05,0,0.0490452,0.26325,0.736136,0.5561,0.969531,7.46688,0.7541,0.759668,0.757174,0.762693,0.764953,,,0,5.6695,0,5.21301,1.93284,0.654142,0.556741,,
Y3/lean_stratified__f0_s1,171,2.97579e-05,0,0.0487437,0.260975,0.719737,0.544613,0.975391,7.61308,0.761194,0.758707,0.763797,0.761589,0.764953,,,0,5.0422,0,4.59515,1.79569,0.635602,0.50625,,
Y3/lean_stratified__f0_s1,172,2.80486e-05,0,0.0484422,0.2587,0.71006,0.537628,0.976953,7.57371,0.750391,0.759842,0.752759,0.763797,0.764953,,,0,5.60342,0,5.08554,2.05427,0.681626,0.537597,,
Y3/lean_stratified__f0_s1,173,2.63975e-05,0,0.0481407,0.256425,0.714268,0.542517,0.975781,7.52794,0.751619,0.764139,0.753863,0.767108,0.764953,,,0,5.24378,0,4.80781,1.80302,0.654399,0.531674,,
Y3/lean_stratified__f0_s1,174,2.48051e-05,0,0.0478392,0.25415,0.702973,0.534169,0.976953,7.58706,0.753067,0.760478,0.757174,0.763797,0.764953,,,0,4.64214,0,4.17485,1.73071,0.681467,0.517232,,
Y3/lean_stratified__f0_s1,175,2.32718e-05,0,0.0475377,0.251875,0.702083,0.535695,0.971875,7.75508,0.746693,0.761092,0.751656,0.763797,0.764953,1,1,0,4.99809,0,4.51144,1.84419,0.674856,0.544583,80.8091,19.1909
Y3/lean_stratified__f0_s1,176,2.1798e-05,0,0.0472362,0.25,0.696866,0.531481,0.976172,7.49423,0.750455,0.761679,0.757174,0.764901,0.764953,,,0,5.37006,0,4.89925,1.90966,0.650424,0.530656,,
Y3/lean_stratified__f0_s1,177,2.0384e-05,0,0.0469347,0.25,0.692445,0.529735,0.973437,7.62792,0.757984,0.765137,0.762693,0.767108,0.765137,1,1,0,4.89701,0,4.43779,1.79381,0.654043,0.518859,80.6782,19.3218
Y3/lean_stratified__f0_s1,178,1.90303e-05,0,0.0466332,0.25,0.68689,0.527497,0.975,7.49006,0.751958,0.762061,0.756071,0.763797,0.765137,,,0,5.04696,0,4.57209,1.83958,0.676397,0.516043,,
Y3/lean_stratified__f0_s1,179,1.77372e-05,0,0.0463317,0.25,0.687117,0.526821,0.973828,7.50913,0.747404,0.761627,0.750552,0.763797,0.765137,,,0,5.18447,0,4.7542,1.76972,0.658881,0.533385,,
Y3/lean_stratified__f0_s1,180,1.65051e-05,0,0.0460302,0.25,0.677468,0.518234,0.976172,7.46603,0.756487,0.762811,0.760486,0.764901,0.765137,,,0,5.06986,0,4.65375,1.73901,0.588822,0.493886,,
Y3/lean_stratified__f0_s1,181,1.53342e-05,0,0.0457286,0.25,0.690042,0.526904,0.973828,7.51328,0.751482,0.757345,0.754967,0.759382,0.765137,,,0,5.51708,0,5.02099,1.97111,0.695155,0.55633,,
Y3/lean_stratified__f0_s1,182,1.42248e-05,0,0.0454271,0.25,0.664695,0.508437,0.979297,7.52678,0.750525,0.759472,0.753863,0.761589,0.765137,,,0,5.14216,0,4.72345,1.73235,0.639174,0.499127,,
Y3/lean_stratified__f0_s1,183,1.31773e-05,0,0.0451256,0.25,0.668683,0.513228,0.978906,7.40158,0.75823,0.756825,0.761589,0.758278,0.765137,,,0,5.57434,0,5.14318,1.87367,0.637225,0.517959,,
Y3/lean_stratified__f0_s1,184,1.21919e-05,0,0.0448241,0.25,0.650533,0.49577,0.983203,7.47389,0.75932,0.759371,0.763797,0.761589,0.765137,,,0,4.56875,0,4.11697,1.69859,0.598427,0.504191,,
Y3/lean_stratified__f0_s1,185,1.12689e-05,0,0.0445226,0.25,0.64977,0.4954,0.98125,7.48865,0.748846,0.757431,0.752759,0.759382,0.765137,,,0,4.92793,0,4.46345,1.80025,0.633983,0.512804,,
Y3/lean_stratified__f0_s1,186,1.04085e-05,0,0.0442211,0.25,0.663344,0.50773,0.974219,7.33118,0.752964,0.760689,0.756071,0.763797,0.765137,,,0,5.31886,0,4.86564,1.87567,0.639955,0.528863,,
Y3/lean_stratified__f0_s1,187,9.61089e-06,0,0.0439196,0.25,0.659196,0.503456,0.974219,7.32967,0.747805,0.762981,0.751656,0.764901,0.765137,,,0,5.05591,0,4.58332,1.8473,0.656356,0.515365,,
Y3/lean_stratified__f0_s1,188,8.87636e-06,0,0.0436181,0.25,0.656738,0.500204,0.976172,7.37809,0.751381,0.760179,0.756071,0.762693,0.765137,,,0,5.30593,0,4.89155,1.76145,0.621255,0.499174,,
Y3/lean_stratified__f0_s1,189,8.20506e-06,0,0.0433166,0.25,0.640589,0.489939,0.979297,7.56402,0.751556,0.758943,0.756071,0.762693,0.765137,,,0,5.15742,0,4.73351,1.7743,0.624259,0.499597,,
Y3/lean_stratified__f0_s1,190,7.59717e-06,0,0.0430151,0.25,0.646309,0.493178,0.976953,7.42689,0.756342,0.758216,0.761589,0.761589,0.765137,,,0,5.39777,0,4.9605,1.85342,0.643689,0.514749,,
Y3/lean_stratified__f0_s1,191,7.05284e-06,0,0.0427136,0.25,0.663911,0.50704,0.969531,7.4279,0.75272,0.7578,0.757174,0.761589,0.765137,,,0,5.45228,0,5.00738,1.87857,0.668368,0.549983,,
Y3/lean_stratified__f0_s1,192,6.57221e-06,0,0.0424121,0.25,0.649765,0.495833,0.978125,7.41336,0.757015,0.755585,0.761589,0.759382,0.765137,,,0,4.88305,0,4.44504,1.73972,0.64658,0.5045,,
Y3/lean_stratified__f0_s1,193,6.15542e-06,0,0.0421106,0.25,0.621656,0.47489,0.979688,7.47427,0.758814,0.75575,0.761589,0.759382,0.765137,,,0,4.92131,0,4.44695,1.85742,0.594204,0.480172,,
Y3/lean_stratified__f0_s1,194,5.80257e-06,0,0.041809,0.25,0.643884,0.490589,0.973047,7.45817,0.751042,0.760292,0.754967,0.763797,0.765137,,,0,4.89263,0,4.43926,1.77084,0.612761,0.499041,,
Y3/lean_stratified__f0_s1,195,5.51374e-06,0,0.0415075,0.25,0.620785,0.474395,0.978516,7.37153,0.757986,0.754659,0.761589,0.758278,0.765137,,,0,4.85833,0,4.41031,1.7451,0.611195,0.502156,,
Y3/lean_stratified__f0_s1,196,5.28902e-06,0,0.041206,0.25,0.634327,0.483969,0.976562,7.26387,0.76051,0.757459,0.763797,0.760486,0.765137,,,0,5.22239,0,4.78039,1.80017,0.634569,0.52709,,
Y3/lean_stratified__f0_s1,197,5.12847e-06,0,0.0409045,0.25,0.61242,0.46706,0.978125,7.50204,0.754738,0.755177,0.758278,0.759382,0.765137,,,0,5.38011,0,4.92075,1.91593,0.64081,0.508319,,
Y3/lean_stratified__f0_s1,198,5.03212e-06,0,0.040603,0.25,0.625229,0.477544,0.977344,7.43905,0.75393,0.757363,0.758278,0.761589,0.765137,,,0,5.15289,0,4.6982,1.81245,0.63892,0.511116,,
Y3/lean_stratified__f0_s1,199,5e-06,0,0.0403015,0.25,0.607488,0.462124,0.979688,7.44639,0.753706,0.756514,0.757174,0.760486,0.765137,,,0,5.43504,0,4.99862,1.83716,0.621828,0.513637,,
Y3/lean_stratified__f0_s1,200,5e-06,0,0.04,0.25,0.609524,0.467272,0.978516,7.27114,0.760268,0.753228,0.763797,0.756071,0.765137,1,1,0,4.55904,0,4.11393,1.70963,0.603865,0.495747,81.1293,18.8707
Y3/lean_stratified__f0_s2,1,0.0002,1,0.1,0.647725,8.15415,5.23959,0.0183594,16.835,0.0224654,0.0223449,0.0607064,0.0562914,0.0224654,0.064,0.065,0.0416667,33.432,3,26.1487,16.7564,8.43681,7.92986,0.0661143,99.9339
Y3/lean_stratified__f0_s2,2,0.0003,1,0.0996985,0.64545,7.22467,4.32268,0.0304688,7.3567,0.0575821,0.0566213,0.101545,0.101545,0.0575821,0.103,0.113,0,11.9266,0,5.79557,7.18431,4.76807,4.90874,2.00201,97.998
Y3/lean_stratified__f0_s2,3,0.0004,1,0.099397,0.643175,6.96175,4.07582,0.0460938,7.34997,0.0962936,0.100946,0.149007,0.15011,0.100946,0.142,0.151,0,7.99286,0,2.51935,4.45358,4.16531,3.95784,7.44214,92.5579
Y3/lean_stratified__f0_s2,4,0.0005,1,0.0990955,0.6409,6.68844,3.89,0.05625,7.27949,0.110124,0.138599,0.160044,0.179912,0.138599,0.17,0.196,0,6.79064,0,2.0088,3.25704,3.98189,3.52434,12.6963,87.3037
Y3/lean_stratified__f0_s2,5,0.000499968,1,0.098794,0.638625,6.39916,3.75429,0.0550781,7.32453,0.103271,0.182445,0.147903,0.227373,0.182445,0.173,0.251,0,6.57028,0,2.97679,2.71299,3.6443,3.29139,22.2209,77.7791
Y3/lean_stratified__f0_s2,6,0.000499872,1,0.0984925,0.63635,6.1845,3.62649,0.0816406,7.25421,0.0711975,0.202931,0.128035,0.247241,0.202931,0.132,0.26,0,7.32434,0,3.98525,3.17432,3.51722,3.05254,24.2654,75.7346
Y3/lean_stratified__f0_s2,7,0.000499711,1,0.098191,0.634075,6.17404,3.62494,0.0945313,7.41746,0.151711,0.202542,0.199779,0.249448,0.202931,,,0,5.78793,0,2.20914,2.41116,3.53683,2.8097,,
Y3/lean_stratified__f0_s2,8,0.000499486,1,0.0978894,0.6318,5.99065,3.49737,0.110547,7.47609,0.167135,0.200438,0.204194,0.253863,0.202931,,,0,5.5169,0,2.19079,1.79692,3.63562,2.64848,,
Y3/lean_stratified__f0_s2,9,0.000499197,1,0.0975879,0.629525,5.93863,3.47657,0.100391,7.44248,0.151902,0.250431,0.209713,0.293598,0.250431,0.214,0.298,0,5.34317,0,2.49478,1.46157,3.46208,2.55561,20.9383,79.0617
Y3/lean_stratified__f0_s2,10,0.000498845,1,0.0972864,0.62725,5.7183,3.3186,0.128906,7.23755,0.21173,0.284373,0.247241,0.320088,0.284373,0.27,0.344,0,6.1908,0,3.5155,1.73962,3.6609,2.5404,23.4273,76.5727
Y3/lean_stratified__f0_s2,11,0.000498428,1,0.0969849,0.624975,5.70532,3.33522,0.107813,7.30498,0.238729,0.296488,0.279249,0.326711,0.296488,0.317,0.352,0,6.43696,0,4.0475,1.78466,3.53781,2.4059,24.7596,75.2404
Y3/lean_stratified__f0_s2,12,0.000497947,1,0.0966834,0.6227,5.51689,3.22833,0.154297,7.23766,0.269639,0.305897,0.304636,0.335541,0.305897,0.33,0.381,0,6.86328,0,4.46795,1.87413,3.87211,2.37824,30.4314,69.5686
Y3/lean_stratified__f0_s2,13,0.000497403,1,0.0963819,0.620425,5.32939,3.11727,0.13125,7.30639,0.271085,0.316992,0.31457,0.34989,0.316992,0.349,0.384,0,7.37998,0,5.21295,2.27515,3.46606,2.41598,35.1917,64.8083
Y3/lean_stratified__f0_s2,14,0.000496795,1,0.0960804,0.61815,5.3235,3.12696,0.189844,7.31282,0.308515,0.371015,0.355408,0.398455,0.371015,0.378,0.396,0,7.36371,0,5.32426,2.07283,3.61643,2.30575,30.595,69.405
Y3/lean_stratified__f0_s2,15,0.000496124,1,0.0957789,0.615875,5.42336,3.22057,0.16875,7.36574,0.330095,0.374837,0.36755,0.401766,0.374837,0.389,0.42,0,7.15406,0,5.20985,1.95609,3.45869,2.20332,30.1883,69.8117
Y3/lean_stratified__f0_s2,16,0.000495389,1,0.0954774,0.6136,4.98705,2.91855,0.197266,7.33131,0.271799,0.395344,0.311258,0.423841,0.395344,0.321,0.444,0,7.88899,0,6.04025,2.24359,3.54122,2.22497,34.2345,65.7655
Y3/lean_stratified__f0_s2,17,0.000494592,1,0.0951759,0.611325,5.16368,3.05161,0.190234,7.42609,0.252365,0.390717,0.304636,0.422737,0.395344,,,0,8.44551,0,6.86431,2.12894,3.47079,2.14125,,
Y3/lean_stratified__f0_s2,18,0.000493731,1,0.0948744,0.60905,5.14026,3.03951,0.159766,7.40684,0.357804,0.386589,0.387417,0.413907,0.395344,,,0,7.85135,0,6.07112,2.22491,3.33696,2.11211,,
Y3/lean_stratified__f0_s2,19,0.000492808,1,0.0945729,0.606775,5.17208,3.07532,0.145313,7.56448,0.322979,0.39515,0.357616,0.42053,0.395344,,,0,7.89476,0,6.03032,2.06215,3.63773,2.08381,,
Y3/lean_stratified__f0_s2,20,0.000491823,1,0.0942714,0.6045,5.145,3.06193,0.196484,7.5506,0.332687,0.424609,0.374172,0.450331,0.424609,0.426,0.478,0,7.1896,0,5.54993,1.81062,3.23857,1.9864,36.4983,63.5017
Y3/lean_stratified__f0_s2,21,0.000490775,1,0.0939698,0.602225,4.91019,2.90878,0.146484,7.38651,0.390865,0.434137,0.426049,0.45585,0.434137,0.467,0.499,0,8.22058,0,6.62468,2.25503,3.32387,2.0059,39.3652,60.6348
Y3/lean_stratified__f0_s2,22,0.000489666,1,0.0936683,0.59995,4.78505,2.81709,0.127734,7.35571,0.35431,0.449254,0.386313,0.470199,0.449254,0.421,0.513,0,9.74827,0,8.396,2.50605,3.28441,1.99784,42.6652,57.3348
Y3/lean_stratified__f0_s2,23,0.000488495,1,0.0933668,0.597675,4.8927,2.91162,0.230859,7.49953,0.393058,0.449709,0.430464,0.466887,0.449709,0.475,0.511,0,7.36981,0,5.76002,1.88652,3.36997,1.92509,39.0314,60.9686
Y3/lean_stratified__f0_s2,24,0.000487263,1,0.0930653,0.5954,4.8357,2.88542,0.198437,7.63607,0.440128,0.461594,0.46468,0.484547,0.461594,0.513,0.526,0,7.76872,0,6.29963,2.19059,3.11225,1.89534,41.4906,58.5094
Y3/lean_stratified__f0_s2,25,0.00048597,1,0.0927638,0.593125,4.57141,2.70457,0.214844,7.38293,0.458674,0.479715,0.479029,0.501104,0.479715,0.519,0.558,0,8.7277,0,7.27439,2.36482,3.24739,1.9068,43.3593,56.6407
Y3/lean_stratified__f0_s2,26,0.000484616,1,0.0924623,0.59085,4.74243,2.83488,0.224219,7.46615,0.402419,0.487949,0.418322,0.509934,0.487949,0.48,0.561,0,8.27708,0,6.92803,2.33547,2.9736,1.86179,43.4918,56.5082
Y3/lean_stratified__f0_s2,27,0.000483202,1,0.0921608,0.588575,4.77624,2.86558,0.221484,7.38809,0.415343,0.489101,0.440397,0.509934,0.489101,0.494,0.557,0,9.04146,0,7.66487,2.27082,3.32536,1.81529,47.1664,52.8336
Y3/lean_stratified__f0_s2,28,0.000481728,1,0.0918593,0.5863,4.6402,2.78373,0.108203,7.47311,0.450028,0.519888,0.477925,0.536424,0.519888,0.527,0.59,0,8.4438,0,7.22561,2.24602,2.929,1.78611,48.4141,51.5859
Y3/lean_stratified__f0_s2,29,0.000480195,1,0.0915578,0.584025,4.62717,2.78366,0.194531,7.37735,0.460198,0.534214,0.484547,0.550773,0.534214,0.521,0.592,0,8.55923,0,7.17512,2.17105,3.32366,1.75864,48.3612,51.6388
Y3/lean_stratified__f0_s2,30,0.000478603,1,0.0912563,0.58175,4.71686,2.85607,0.203906,7.40869,0.4363,0.522093,0.465784,0.540839,0.534214,,,0,8.503,0,7.30221,2.10948,2.88482,1.73202,,
Y3/lean_stratified__f0_s2,31,0.000476951,0,0.0909548,0.579475,3.60222,2.09713,0.530859,7.45255,0.450087,0.539819,0.475717,0.554084,0.539819,0.536,0.603,0,11.3748,0,10.2291,2.77246,3.19996,1.84442,47.8675,52.1325
Y3/lean_stratified__f0_s2,32,0.000475242,0,0.0906533,0.5772,3.47733,2.02011,0.547266,7.39505,0.468765,0.552238,0.49117,0.565121,0.552238,0.578,0.64,0,11.9157,0,10.8028,3.00959,3.09232,1.85733,47.0683,52.9317
Y3/lean_stratified__f0_s2,33,0.000473475,0,0.0903518,0.574925,3.36249,1.95127,0.574609,7.33959,0.481146,0.542804,0.493377,0.554084,0.552238,,,0,11.5801,0,10.5643,2.89397,2.81066,1.78717,,
Y3/lean_stratified__f0_s2,34,0.00047165,0,0.0900503,0.57265,3.29375,1.91083,0.589063,7.61135,0.498597,0.582946,0.522075,0.593819,0.582946,0.606,0.676,0,13.5161,0,12.5404,3.05159,3.01336,1.83108,51.1963,48.8037
Y3/lean_stratified__f0_s2,35,0.000469769,0,0.0897487,0.570375,3.27382,1.90684,0.583203,7.30218,0.538239,0.558276,0.550773,0.572848,0.582946,,,0,12.6447,0,11.639,3.03429,2.95302,1.77313,,
Y3/lean_stratified__f0_s2,36,0.000467831,0,0.0894472,0.5681,3.19995,1.87215,0.597656,7.41358,0.487649,0.566726,0.495585,0.571744,0.582946,,,0,12.4421,0,11.4661,2.98372,2.89481,1.75056,,
Y3/lean_stratified__f0_s2,37,0.000465837,0,0.0891457,0.565825,3.16437,1.84569,0.608984,7.51517,0.519311,0.562938,0.534216,0.562914,0.582946,,,0,12.2881,0,11.2962,3.11091,2.80889,1.75672,,
Y3/lean_stratified__f0_s2,38,0.000463788,0,0.0888442,0.56355,3.03357,1.78292,0.623828,7.415,0.562902,0.584639,0.572848,0.593819,0.584639,0.69,0.695,0,11.275,0,10.2934,2.7328,2.81756,1.71786,56.0575,43.9425
Y3/lean_stratified__f0_s2,39,0.000461685,0,0.0885427,0.561275,2.96498,1.73298,0.641016,7.43331,0.586145,0.602539,0.594923,0.608168,0.602539,0.694,0.715,0,11.8234,0,10.9332,2.80125,2.54829,1.66238,56.9782,43.0217
Y3/lean_stratified__f0_s2,40,0.000459526,0,0.0882412,0.559,2.93492,1.71925,0.651563,7.20958,0.584993,0.611672,0.598234,0.615894,0.611672,0.731,0.727,0,12.716,0,11.8993,2.81383,2.54401,1.66652,58.1645,41.8355
Y3/lean_stratified__f0_s2,41,0.000457314,0,0.0879397,0.556725,2.90764,1.70954,0.670313,7.25723,0.580086,0.609508,0.591611,0.619205,0.611672,,,0,13.0396,0,12.1852,2.99387,2.49915,1.61178,,
Y3/lean_stratified__f0_s2,42,0.000455049,0,0.0876382,0.55445,2.86287,1.68425,0.661328,7.29558,0.604509,0.605506,0.609272,0.611479,0.611672,,,0,12.4645,0,11.5941,3.02942,2.46801,1.62165,,
Y3/lean_stratified__f0_s2,43,0.000452732,0,0.0873367,0.552175,2.82976,1.67406,0.673047,7.35944,0.587597,0.625938,0.610375,0.636865,0.625938,0.724,0.769,0,12.7998,0,11.9921,2.98855,2.45972,1.58827,59.7162,40.2838
Y3/lean_stratified__f0_s2,44,0.000450362,0,0.0870352,0.5499,2.76369,1.62844,0.697656,7.27704,0.477565,0.63137,0.494481,0.642384,0.63137,0.608,0.781,0,12.5726,0,11.6929,3.19234,2.43164,1.59788,60.6573,39.3427
Y3/lean_stratified__f0_s2,45,0.000447941,0,0.0867337,0.547625,2.76856,1.63404,0.682422,7.39683,0.589218,0.637342,0.60596,0.647903,0.637342,0.724,0.773,0,12.1018,0,11.2008,3.01656,2.5221,1.57789,62.6312,37.3688
Y3/lean_stratified__f0_s2,46,0.000445469,0,0.0864322,0.54535,2.71372,1.61362,0.685547,7.34156,0.608757,0.621079,0.61479,0.631347,0.637342,,,0,12.9152,0,12.0865,3.07396,2.41251,1.57547,,
Y3/lean_stratified__f0_s2,47,0.000442948,0,0.0861307,0.543075,2.6656,1.58146,0.696094,7.30176,0.582298,0.622661,0.590508,0.629139,0.637342,,,0,11.6197,0,10.7456,2.9371,2.39358,1.54374,,
Y3/lean_stratified__f0_s2,48,0.000440376,0,0.0858291,0.5408,2.57142,1.5228,0.721484,7.31472,0.589015,0.623494,0.600442,0.629139,0.637342,,,0,12.0125,0,11.1891,2.91998,2.36202,1.53185,,
Y3/lean_stratified__f0_s2,49,0.000437756,0,0.0855276,0.538525,2.5329,1.49708,0.729297,7.32447,0.595352,0.662179,0.612583,0.663355,0.662179,0.76,0.79,0,12.2376,0,11.3758,3.00812,2.37549,1.54303,64.6769,35.3231
Y3/lean_stratified__f0_s2,50,0.000435088,0,0.0852261,0.53625,2.52224,1.49884,0.730469,7.45023,0.60783,0.666023,0.618102,0.66777,0.666023,0.767,0.806,0,11.3546,0,10.5005,2.9598,2.26636,1.49537,64.6241,35.3759
Y3/lean_stratified__f0_s2,51,0.000432373,0,0.0849246,0.533975,2.46881,1.4669,0.739844,7.35516,0.557846,0.657068,0.575055,0.65894,0.666023,,,0.00833333,13.3879,1,12.6302,3.15313,2.1863,1.47636,,
Y3/lean_stratified__f0_s2,52,0.000429611,0,0.0846231,0.5317,2.47855,1.47672,0.742188,7.64977,0.630241,0.639724,0.63245,0.646799,0.666023,,,0,11.8544,0,10.9638,3.18316,2.31941,1.46612,,
Y3/lean_stratified__f0_s2,53,0.000426803,0,0.0843216,0.529425,2.39033,1.42538,0.748047,7.65319,0.638818,0.658315,0.643488,0.663355,0.666023,,,0,12.4671,0,11.7157,3.0235,2.10187,1.44116,,
Y3/lean_stratified__f0_s2,54,0.000423949,0,0.0840201,0.52715,2.39389,1.43239,0.747656,7.48515,0.61404,0.667294,0.621413,0.66777,0.667294,0.779,0.834,0,11.768,0,10.9574,2.97835,2.22686,1.44331,67.6792,32.3208
Y3/lean_stratified__f0_s2,55,0.000421051,0,0.0837186,0.524875,2.33845,1.40278,0.760156,7.44286,0.638863,0.666518,0.643488,0.669978,0.667294,,,0,12.206,0,11.4422,2.95365,2.20683,1.41661,,
Y3/lean_stratified__f0_s2,56,0.00041811,0,0.0834171,0.5226,2.34401,1.40291,0.748828,7.43261,0.659966,0.682905,0.665563,0.68543,0.682905,0.81,0.846,0,11.445,0,10.6714,2.84542,2.16537,1.43466,69.9892,30.0108
Y3/lean_stratified__f0_s2,57,0.000415125,0,0.0831156,0.520325,2.30192,1.37632,0.770312,7.46754,0.593758,0.665488,0.598234,0.666667,0.682905,,,0,13.1998,0,12.4396,3.2312,2.11522,1.40198,,
Y3/lean_stratified__f0_s2,58,0.000412098,0,0.0828141,0.51805,2.29128,1.37036,0.769141,7.5274,0.666305,0.664013,0.671082,0.665563,0.682905,,,0,11.3639,0,10.541,3.10071,2.0856,1.3959,,
Y3/lean_stratified__f0_s2,59,0.00040903,0,0.0825126,0.515775,2.25224,1.354,0.773047,7.60009,0.622215,0.67321,0.628035,0.677704,0.682905,,,0,13.0958,0,12.3941,3.03925,2.05643,1.3956,,
Y3/lean_stratified__f0_s2,60,0.000405921,0,0.0822111,0.5135,2.2046,1.33739,0.780859,7.48317,0.637523,0.680154,0.651214,0.68543,0.682905,,,0,12.6154,0,11.8403,3.15382,2.15865,1.3856,,
Y3/lean_stratified__f0_s2,61,0.000402773,0,0.0819095,0.511225,2.19377,1.32584,0.786328,7.52903,0.680115,0.692402,0.683223,0.692053,0.692402,0.878,0.869,0,10.6865,0,9.85777,2.99514,1.95107,1.3457,67.2131,32.7869
Y3/lean_stratified__f0_s2,62,0.000399585,0,0.081608,0.50895,2.1207,1.28267,0.803906,7.57961,0.668307,0.699452,0.675497,0.697572,0.699452,0.871,0.885,0,12.0669,0,11.2891,3.1186,1.94401,1.32771,67.2803,32.7197
Y3/lean_stratified__f0_s2,63,0.000396359,0,0.0813065,0.506675,2.1272,1.2858,0.798047,7.53211,0.634532,0.673888,0.640177,0.681015,0.699452,,,0,11.4241,0,10.6477,3.05054,1.91281,1.32625,,
Y3/lean_stratified__f0_s2,64,0.000393096,0,0.081005,0.5044,2.05245,1.23966,0.817969,7.52736,0.642418,0.697638,0.645695,0.703091,0.699452,,,0,10.9146,0,10.1202,2.9946,1.97635,1.28617,,
Y3/lean_stratified__f0_s2,65,0.000389796,0,0.0807035,0.502125,2.04195,1.23482,0.814844,7.68392,0.650562,0.686821,0.66777,0.692053,0.699452,,,0,11.5834,0,10.8347,3.0133,1.94242,1.28471,,
Y3/lean_stratified__f0_s2,66,0.000386461,0,0.080402,0.49985,2.0547,1.24469,0.820312,7.50627,0.661367,0.66321,0.669978,0.671082,0.699452,,,0,12.8299,0,12.1046,3.20596,1.95646,1.31193,,
Y3/lean_stratified__f0_s2,67,0.000383091,0,0.0801005,0.497575,2.01731,1.2362,0.811719,7.18687,0.644778,0.690632,0.656733,0.693157,0.699452,,,0,11.8587,0,11.084,3.09367,2.02188,1.28624,,
Y3/lean_stratified__f0_s2,68,0.000379687,0,0.079799,0.4953,1.97412,1.19952,0.826953,7.27538,0.676635,0.697389,0.679912,0.700883,0.699452,,,0,11.2976,0,10.5052,3.13618,1.84425,1.26381,,
Y3/lean_stratified__f0_s2,69,0.00037625,0,0.0794975,0.493025,1.91875,1.16254,0.841797,7.30902,0.677157,0.701798,0.683223,0.705298,0.701798,0.909,0.916,0,11.3063,0,10.5822,2.98784,1.84497,1.2398,69.2863,30.7137
Y3/lean_stratified__f0_s2,70,0.000372781,0,0.079196,0.49075,1.92889,1.1744,0.843359,7.23052,0.651593,0.708824,0.65894,0.711921,0.708824,0.896,0.924,0,9.97934,0,9.1849,2.90767,1.8439,1.21355,70.1421,29.8579
Y3/lean_stratified__f0_s2,71,0.000369281,0,0.0788945,0.488475,1.92216,1.17919,0.831641,7.18266,0.631276,0.711948,0.640177,0.713024,0.711948,0.862,0.927,0,10.9845,0,10.211,3.05366,1.83079,1.22819,70.4171,29.5829
Y3/lean_stratified__f0_s2,72,0.00036575,0,0.078593,0.4862,1.90541,1.16633,0.838281,7.362,0.663372,0.713213,0.672185,0.716336,0.713213,0.886,0.931,0,11.7957,0,11.0574,3.19294,1.80058,1.21202,70.316,29.684
Y3/lean_stratified__f0_s2,73,0.00036219,0,0.0782915,0.483925,1.83667,1.13135,0.849219,7.46301,0.677771,0.709721,0.679912,0.711921,0.713213,,,0,9.94624,0,9.20178,2.86812,1.68497,1.15921,,
Y3/lean_stratified__f0_s2,74,0.000358601,0,0.0779899,0.48165,1.8373,1.12503,0.849609,7.44251,0.640384,0.719219,0.649007,0.720751,0.719219,0.909,0.938,0,11.3685,0,10.6154,3.19115,1.7212,1.14546,69.1163,30.8837
Y3/lean_stratified__f0_s2,75,0.000354985,0,0.0776884,0.479375,1.81804,1.11507,0.850781,7.48724,0.676166,0.704528,0.679912,0.706402,0.719219,0.916,0.933,0,10.6384,0,9.8507,3.06398,1.80001,1.18991,68.6786,31.3214
Y3/lean_stratified__f0_s2,76,0.000351343,0,0.0773869,0.4771,1.79728,1.11219,0.856641,7.41267,0.681541,0.703504,0.683223,0.708609,0.719219,,,0,10.7134,0,10.0022,2.9771,1.68438,1.13856,,
Y3/lean_stratified__f0_s2,77,0.000347674,0,0.0770854,0.474825,1.74004,1.06933,0.871094,7.37537,0.706769,0.696402,0.706402,0.697572,0.719219,,,0,11.054,0,10.3668,3.00787,1.5885,1.11715,,
Y3/lean_stratified__f0_s2,78,0.000343981,0,0.0767839,0.47255,1.74085,1.07871,0.871875,7.48488,0.68804,0.702431,0.690949,0.705298,0.719219,,,0,10.6637,1,9.94302,3.00169,1.58183,1.12848,,
Y3/lean_stratified__f0_s2,79,0.000340265,0,0.0764824,0.470275,1.78366,1.10427,0.858203,7.44446,0.676356,0.702796,0.682119,0.703091,0.719219,,,0,11.0707,0,10.282,3.29867,1.60682,1.14337,,
Y3/lean_stratified__f0_s2,80,0.000336525,0,0.0761809,0.468,1.67643,1.03573,0.888281,7.43922,0.681178,0.711821,0.686534,0.711921,0.719219,,,0,10.546,0,9.83143,2.92587,1.62582,1.08116,,
Y3/lean_stratified__f0_s2,81,0.000332764,0,0.0758794,0.465725,1.65007,1.02517,0.879297,7.44558,0.683773,0.714059,0.687638,0.718543,0.719219,,,0,10.7285,0,10.0141,3.01961,1.60816,1.0855,,
Y3/lean_stratified__f0_s2,82,0.000328982,0,0.0755779,0.46345,1.63663,1.01821,0.883984,7.54807,0.672714,0.723214,0.678808,0.727373,0.723214,0.919,0.955,0,9.23712,0,8.50721,2.77522,1.50165,1.06334,71.3737,28.6263
Y3/lean_stratified__f0_s2,83,0.00032518,0,0.0752764,0.461175,1.65047,1.02852,0.880078,7.33539,0.668618,0.724834,0.668874,0.728477,0.724834,0.924,0.965,0,11.7164,0,11.0271,3.17539,1.56442,1.07898,71.686,28.314
Y3/lean_stratified__f0_s2,84,0.000321359,0,0.0749749,0.4589,1.64938,1.03086,0.876953,7.50543,0.69377,0.713395,0.698675,0.719647,0.724834,,,0,12.2455,0,11.5976,3.08135,1.62364,1.08953,,
Y3/lean_stratified__f0_s2,85,0.00031752,0,0.0746734,0.456625,1.60306,0.998574,0.894531,7.55884,0.69374,0.725421,0.699779,0.728477,0.725421,0.971,0.959,0,9.22621,0,8.54979,2.72743,1.43545,1.02422,71.0203,28.9797
Y3/lean_stratified__f0_s2,86,0.000313664,0,0.0743719,0.45435,1.58237,0.98864,0.898438,7.30726,0.686499,0.732524,0.689845,0.732892,0.732524,0.943,0.961,0,10.4352,0,9.73678,3.00634,1.47804,1.03154,72.4285,27.5715
Y3/lean_stratified__f0_s2,87,0.000309793,0,0.0740704,0.452075,1.56728,0.983444,0.884766,7.23297,0.670739,0.719388,0.677704,0.725166,0.732524,,,0,9.67295,0,8.92989,3.04767,1.41407,1.03064,,
Y3/lean_stratified__f0_s2,88,0.000305907,0,0.0737688,0.4498,1.56121,0.984903,0.897656,7.40243,0.714409,0.712705,0.719647,0.718543,0.732524,,,0,10.2736,0,9.54916,3.03253,1.5134,1.01876,,
Y3/lean_stratified__f0_s2,89,0.000302006,0,0.0734673,0.447525,1.53507,0.968693,0.896094,7.47182,0.686073,0.717378,0.686534,0.722958,0.732524,,,0,10.2812,0,9.57286,2.97749,1.45156,1.02378,,
Y3/lean_stratified__f0_s2,90,0.000298093,0,0.0731658,0.44525,1.48782,0.938134,0.907422,7.37558,0.714701,0.726162,0.716336,0.729581,0.732524,,,0,9.68629,0,8.95985,2.96397,1.46185,1.00636,,
Y3/lean_stratified__f0_s2,91,0.000294168,0,0.0728643,0.442975,1.47589,0.934111,0.919922,7.38979,0.689957,0.724643,0.696468,0.730684,0.732524,,,0,9.09534,0,8.36959,2.82491,1.39312,0.966892,,
Y3/lean_stratified__f0_s2,92,0.000290233,0,0.0725628,0.4407,1.47386,0.933526,0.914453,7.41667,0.700588,0.715723,0.701987,0.718543,0.732524,,,0,10.1093,0,9.43038,2.97025,1.40903,0.992849,,
Y3/lean_stratified__f0_s2,93,0.000286287,0,0.0722613,0.438425,1.44039,0.915266,0.920313,7.31635,0.681297,0.718927,0.690949,0.721854,0.732524,,,0,9.63485,0,8.96619,2.82461,1.32015,0.962037,,
Y3/lean_stratified__f0_s2,94,0.000282333,0,0.0719598,0.43615,1.44403,0.92199,0.907813,7.39913,0.707071,0.723333,0.705298,0.725166,0.732524,,,0,10.3945,0,9.70691,2.98707,1.41441,0.999108,,
Y3/lean_stratified__f0_s2,95,0.000278371,0,0.0716583,0.433875,1.42418,0.906198,0.91875,7.39132,0.707045,0.719768,0.705298,0.721854,0.732524,,,0,9.72322,0,9.03356,2.92563,1.3684,0.946419,,
Y3/lean_stratified__f0_s2,96,0.000274402,0,0.0713568,0.4316,1.42315,0.909011,0.921875,7.39195,0.690497,0.719871,0.69426,0.721854,0.732524,,,0,10.2188,0,9.56795,2.93521,1.3575,0.933149,,
Y3/lean_stratified__f0_s2,97,0.000270428,0,0.0710553,0.429325,1.37055,0.87884,0.929688,7.35527,0.709411,0.73006,0.710817,0.730684,0.732524,,,0,8.76303,0,8.07184,2.79326,1.29707,0.906047,,
Y3/lean_stratified__f0_s2,98,0.000266449,0,0.0707538,0.42705,1.38375,0.890642,0.926172,7.34941,0.678663,0.725969,0.68543,0.727373,0.732524,,,0,9.79788,0,9.17075,2.82715,1.28758,0.903846,,
Y3/lean_stratified__f0_s2,99,0.000262466,0,0.0704523,0.424775,1.40717,0.899675,0.913281,7.40438,0.710766,0.723038,0.715232,0.725166,0.732524,,,0,10.4318,0,9.57385,3.43313,1.3982,0.939013,,
Y3/lean_stratified__f0_s2,100,0.000258481,0,0.0701508,0.4225,1.34577,0.868447,0.932031,7.54916,0.701194,0.726732,0.701987,0.727373,0.732524,0.987,0.992,0,10.2174,0,9.53873,3.02749,1.27752,0.923243,71.8663,28.1337
Y3/lean_stratified__f0_s2,101,0.000254494,0,0.0698492,0.420225,1.3361,0.86886,0.930859,7.52021,0.709958,0.726761,0.711921,0.728477,0.732524,,,0,8.18544,0,7.48141,2.68192,1.29868,0.873585,,
Y3/lean_stratified__f0_s2,102,0.000250506,0,0.0695477,0.41795,1.33266,0.860919,0.927344,7.56237,0.682345,0.734024,0.687638,0.735099,0.734024,0.974,0.995,0,9.0373,0,8.34871,2.84278,1.26557,0.867604,71.5871,28.4129
Y3/lean_stratified__f0_s2,103,0.000246519,0,0.0692462,0.415675,1.31796,0.856714,0.932813,7.4379,0.705042,0.727492,0.704194,0.730684,0.734024,,,0,8.90688,0,8.21563,2.83566,1.25639,0.880033,,
Y3/lean_stratified__f0_s2,104,0.000242534,0,0.0689447,0.4134,1.30945,0.850799,0.934766,7.46442,0.715249,0.729406,0.718543,0.730684,0.734024,,,0,9.68234,0,9.0687,2.80532,1.20336,0.862272,,
Y3/lean_stratified__f0_s2,105,0.000238551,0,0.0686432,0.411125,1.26317,0.818662,0.946484,7.42565,0.69858,0.726726,0.697572,0.729581,0.734024,,,0,8.80868,0,8.10853,2.91325,1.19679,0.819318,,
Y3/lean_stratified__f0_s2,106,0.000234572,0,0.0683417,0.40885,1.26418,0.824217,0.945703,7.44817,0.703908,0.723727,0.707506,0.727373,0.734024,,,0,8.78759,0,8.15441,2.70346,1.17085,0.819583,,
Y3/lean_stratified__f0_s2,107,0.000230598,0,0.0680402,0.406575,1.22776,0.807878,0.944141,7.30845,0.70437,0.723625,0.708609,0.727373,0.734024,,,0,7.3272,0,6.63224,2.57208,1.142,0.797564,,
Y3/lean_stratified__f0_s2,108,0.000226629,0,0.0677387,0.4043,1.25358,0.825694,0.938672,7.28056,0.689216,0.72238,0.695364,0.725166,0.734024,,,0,7.90635,0,7.19101,2.72824,1.13387,0.819148,,
Y3/lean_stratified__f0_s2,109,0.000222667,0,0.0674372,0.402025,1.23087,0.812469,0.938281,7.28969,0.711761,0.733122,0.711921,0.738411,0.734024,,,0,9.08733,0,8.44693,2.82862,1.12125,0.812124,,
Y3/lean_stratified__f0_s2,110,0.000218713,0,0.0671357,0.39975,1.23406,0.811776,0.940625,7.36885,0.710986,0.733312,0.714128,0.735099,0.734024,,,0,8.93313,0,8.32707,2.72054,1.09689,0.802446,,
Y3/lean_stratified__f0_s2,111,0.000214767,0,0.0668342,0.397475,1.19878,0.795672,0.95,7.2276,0.719155,0.72801,0.718543,0.729581,0.734024,,,0,9.08233,0,8.41807,2.8606,1.16203,0.806539,,
Y3/lean_stratified__f0_s2,112,0.000210832,0,0.0665327,0.3952,1.22568,0.811073,0.938281,7.25565,0.684156,0.723291,0.686534,0.726269,0.734024,,,0,8.67854,0,7.95984,2.86613,1.17412,0.832611,,
Y3/lean_stratified__f0_s2,113,0.000206907,0,0.0662312,0.392925,1.17852,0.784442,0.948047,7.20754,0.692898,0.722996,0.697572,0.726269,0.734024,,,0,7.71799,0,7.0568,2.61221,1.06971,0.780162,,
Y3/lean_stratified__f0_s2,114,0.000202994,0,0.0659296,0.39065,1.19102,0.794959,0.942969,7.28288,0.715711,0.724409,0.716336,0.726269,0.734024,,,0,8.99991,0,8.34518,2.86975,1.10239,0.776009,,
Y3/lean_stratified__f0_s2,115,0.000199093,0,0.0656281,0.388375,1.16565,0.77907,0.943359,7.11994,0.700474,0.733401,0.706402,0.735099,0.734024,,,0,8.24422,0,7.61793,2.68356,1.02753,0.762109,,
Y3/lean_stratified__f0_s2,116,0.000195207,0,0.0653266,0.3861,1.16561,0.777897,0.944531,7.16332,0.723585,0.734089,0.726269,0.736203,0.734089,0.996,0.998,0,8.19315,0,7.54225,2.73092,1.03514,0.76546,73.4856,26.5144
Y3/lean_stratified__f0_s2,117,0.000191336,0,0.0650251,0.383825,1.15496,0.775431,0.945703,7.17154,0.722061,0.735179,0.725166,0.739514,0.735179,0.999,0.997,0,7.94693,0,7.29774,2.67088,1.08674,0.753061,73.9854,26.0146
Y3/lean_stratified__f0_s2,118,0.00018748,0,0.0647236,0.38155,1.14415,0.768309,0.947656,7.29522,0.706,0.745639,0.711921,0.749448,0.745639,0.999,0.999,0,8.35603,0,7.72873,2.68566,1.06519,0.767314,73.5307,26.4693
Y3/lean_stratified__f0_s2,119,0.000183641,0,0.0644221,0.379275,1.15846,0.779283,0.944531,7.21923,0.713213,0.741594,0.716336,0.746137,0.745639,,,0,8.96062,0,8.36258,2.73524,1.08328,0.781674,,
Y3/lean_stratified__f0_s2,120,0.00017982,0,0.0641206,0.377,1.09136,0.735263,0.951563,7.34763,0.711587,0.750998,0.719647,0.751656,0.750998,0.996,1,0,8.29704,0,7.671,2.6882,1.02296,0.722887,73.9904,26.0096
Y3/lean_stratified__f0_s2,121,0.000176018,0,0.0638191,0.374725,1.08402,0.734047,0.958984,7.203,0.71411,0.73486,0.717439,0.736203,0.750998,,,0,7.09024,0,6.47457,2.48177,0.906323,0.69127,,
Y3/lean_stratified__f0_s2,122,0.000172236,0,0.0635176,0.37245,1.06901,0.726892,0.957031,7.31872,0.72162,0.741735,0.727373,0.743929,0.750998,,,0,7.72836,0,7.15471,2.53666,0.909774,0.68401,,
Y3/lean_stratified__f0_s2,123,0.000168475,0,0.0632161,0.370175,1.06904,0.728305,0.956641,7.39195,0.731385,0.730415,0.735099,0.731788,0.750998,,,0,7.7641,0,7.12507,2.62115,1.05382,0.723411,,
Y3/lean_stratified__f0_s2,124,0.000164735,0,0.0629146,0.3679,1.0738,0.734181,0.953906,7.37986,0.722053,0.742491,0.722958,0.745033,0.750998,,,0,7.52842,0,6.90913,2.56812,0.941868,0.706389,,
Y3/lean_stratified__f0_s2,125,0.000161019,0,0.0626131,0.365625,1.05406,0.721665,0.957812,7.3435,0.715746,0.734981,0.717439,0.736203,0.750998,0.999,1,0,8.45392,0,7.87284,2.63768,0.959054,0.711728,75.2989,24.7011
Y3/lean_stratified__f0_s2,126,0.000157326,0,0.0623116,0.36335,1.06062,0.729964,0.955469,7.52738,0.724507,0.729054,0.728477,0.730684,0.750998,,,0,7.46907,0,6.8529,2.551,0.957339,0.693946,,
Y3/lean_stratified__f0_s2,127,0.000153657,0,0.0620101,0.361075,1.01678,0.69819,0.961719,7.31551,0.71349,0.740615,0.720751,0.741722,0.750998,,,0,6.7139,0,6.10905,2.39658,0.915529,0.641343,,
Y3/lean_stratified__f0_s2,128,0.000150015,0,0.0617085,0.3588,1.03774,0.714083,0.958984,7.35058,0.696275,0.73874,0.700883,0.740618,0.750998,,,0,7.72779,0,7.08398,2.70712,0.929286,0.683393,,
Y3/lean_stratified__f0_s2,129,0.000146399,0,0.061407,0.356525,1.00228,0.690147,0.959766,7.32263,0.725328,0.737147,0.727373,0.739514,0.750998,,,0,7.31302,0,6.72643,2.46648,0.938654,0.674562,,
Y3/lean_stratified__f0_s2,130,0.00014281,0,0.0611055,0.35425,0.991657,0.688078,0.969531,7.47815,0.725662,0.731295,0.728477,0.733996,0.750998,,,0,7.28742,0,6.73403,2.38782,0.863202,0.648156,,
Y3/lean_stratified__f0_s2,131,0.00013925,0,0.060804,0.351975,1.00096,0.694894,0.962109,7.2931,0.727777,0.72885,0.729581,0.730684,0.750998,,,0,6.80145,0,6.18555,2.44295,0.843159,0.645159,,
Y3/lean_stratified__f0_s2,132,0.000135719,0,0.0605025,0.3497,0.984761,0.683834,0.960938,7.19241,0.727736,0.739031,0.729581,0.740618,0.750998,,,0,6.94263,0,6.31229,2.49639,0.879069,0.642581,,
Y3/lean_stratified__f0_s2,133,0.000132219,0,0.060201,0.347425,0.963429,0.671605,0.967188,7.21133,0.716695,0.736083,0.717439,0.739514,0.750998,,,0,6.59659,0,6.02456,2.31287,0.845791,0.628272,,
Y3/lean_stratified__f0_s2,134,0.00012875,0,0.0598995,0.34515,0.972177,0.676656,0.962109,7.35553,0.719594,0.726261,0.720751,0.733996,0.750998,,,0,6.83439,0,6.20765,2.49138,0.880561,0.655958,,
Y3/lean_stratified__f0_s2,135,0.000125313,0,0.059598,0.342875,0.969836,0.68003,0.960938,7.27768,0.724895,0.738558,0.728477,0.741722,0.750998,,,0,6.44486,0,5.80504,2.44216,0.846134,0.634189,,
Y3/lean_stratified__f0_s2,136,0.000121909,0,0.0592965,0.3406,0.947891,0.662703,0.967578,7.38594,0.73345,0.7423,0.739514,0.745033,0.750998,,,0,6.94543,0,6.38038,2.38536,0.843453,0.618761,,
Y3/lean_stratified__f0_s2,137,0.000118539,0,0.058995,0.338325,0.94823,0.669734,0.9625,7.50129,0.731896,0.738477,0.735099,0.741722,0.750998,,,0,6.84329,0,6.23378,2.43966,0.8742,0.643328,,
Y3/lean_stratified__f0_s2,138,0.000115204,0,0.0586935,0.33605,0.939015,0.665708,0.964063,7.64558,0.723251,0.745097,0.727373,0.746137,0.750998,,,0,6.11818,0,5.52871,2.25405,0.832563,0.613114,,
Y3/lean_stratified__f0_s2,139,0.000111904,0,0.058392,0.333775,0.939227,0.659811,0.966406,7.52419,0.720909,0.736903,0.725166,0.739514,0.750998,,,0,6.40036,0,5.75391,2.4438,0.851752,0.646593,,
Y3/lean_stratified__f0_s2,140,0.000108641,0,0.0580905,0.3315,0.924813,0.654734,0.965625,7.63753,0.727668,0.735621,0.729581,0.739514,0.750998,,,0,6.31872,0,5.53133,2.66076,0.874797,0.627232,,
Y3/lean_stratified__f0_s2,141,0.000105415,0,0.0577889,0.329225,0.903663,0.640882,0.969141,7.43679,0.719868,0.734312,0.725166,0.738411,0.750998,,,0,6.05851,0,5.48132,2.23944,0.772605,0.592862,,
Y3/lean_stratified__f0_s2,142,0.000102227,0,0.0574874,0.32695,0.906442,0.642775,0.964453,7.64362,0.716217,0.730774,0.722958,0.735099,0.750998,,,0,6.93024,0,6.35545,2.39835,0.805278,0.620392,,
Y3/lean_stratified__f0_s2,143,9.90786e-05,0,0.0571859,0.324675,0.921744,0.656561,0.966797,7.51027,0.728885,0.733218,0.729581,0.737307,0.750998,,,0,6.4097,0,5.82882,2.32515,0.839964,0.626117,,
Y3/lean_stratified__f0_s2,144,9.59698e-05,0,0.0568844,0.3224,0.89032,0.635274,0.969922,7.60206,0.732977,0.732224,0.733996,0.736203,0.750998,,,0,6.03898,0,5.44465,2.25037,0.790632,0.588262,,
Y3/lean_stratified__f0_s2,145,9.29016e-05,0,0.0565829,0.320125,0.872723,0.621727,0.973828,7.56378,0.724198,0.730425,0.727373,0.735099,0.750998,,,0,5.97287,0,5.40351,2.23878,0.739179,0.567962,,
Y3/lean_stratified__f0_s2,146,8.98748e-05,0,0.0562814,0.31785,0.87372,0.626752,0.971094,7.65314,0.718905,0.732597,0.721854,0.737307,0.750998,,,0,6.25391,0,5.69572,2.22841,0.75776,0.563721,,
Y3/lean_stratified__f0_s2,147,8.68902e-05,0,0.0559799,0.315575,0.872577,0.626506,0.969141,7.44401,0.728614,0.734248,0.729581,0.738411,0.750998,,,0,5.88012,0,5.23622,2.3901,0.738367,0.584963,,
Y3/lean_stratified__f0_s2,148,8.39486e-05,0,0.0556784,0.3133,0.840728,0.604774,0.977344,7.31354,0.727368,0.734148,0.729581,0.739514,0.750998,,,0,5.75197,0,5.22756,2.07972,0.7358,0.552805,,
Y3/lean_stratified__f0_s2,149,8.10507e-05,0,0.0553769,0.311025,0.849428,0.612153,0.971484,7.34712,0.736592,0.732161,0.738411,0.737307,0.750998,,,0,5.5759,0,4.94971,2.27067,0.720475,0.566651,,
Y3/lean_stratified__f0_s2,150,7.81974e-05,0,0.0550754,0.30875,0.848544,0.613711,0.969922,7.41599,0.738125,0.740773,0.737307,0.746137,0.750998,1,1,0,5.8997,0,5.30142,2.29025,0.740539,0.580015,76.5155,23.4845
Y3/lean_stratified__f0_s2,151,7.53893e-05,0,0.0547739,0.306475,0.849279,0.618178,0.969141,7.30126,0.722058,0.739305,0.724062,0.742826,0.750998,,,0,6.03755,0,5.47041,2.23942,0.757976,0.587062,,
Y3/lean_stratified__f0_s2,152,7.26271e-05,0,0.0544724,0.3042,0.813904,0.589225,0.973047,7.40647,0.731572,0.736694,0.733996,0.740618,0.750998,,,0,5.60632,0,5.04505,2.11836,0.728171,0.549744,,
Y3/lean_stratified__f0_s2,153,6.99117e-05,0,0.0541709,0.301925,0.808377,0.589152,0.975781,7.53901,0.732607,0.733245,0.733996,0.738411,0.750998,,,0,5.71286,0,5.20607,2.06023,0.710683,0.528484,,
Y3/lean_stratified__f0_s2,154,6.72436e-05,0,0.0538693,0.29965,0.81861,0.596596,0.974219,7.41813,0.730612,0.745112,0.733996,0.749448,0.750998,,,0,6.13251,0,5.53954,2.32406,0.745624,0.579505,,
Y3/lean_stratified__f0_s2,155,6.46236e-05,0,0.0535678,0.297375,0.819693,0.599736,0.970313,7.45434,0.738478,0.742191,0.740618,0.746137,0.750998,,,0,6.14993,0,5.58566,2.24544,0.766319,0.584266,,
Y3/lean_stratified__f0_s2,156,6.20524e-05,0,0.0532663,0.2951,0.822991,0.604202,0.967969,7.52815,0.739612,0.742199,0.742826,0.745033,0.750998,,,0,5.82925,0,5.27215,2.12115,0.776834,0.566242,,
Y3/lean_stratified__f0_s2,157,5.95306e-05,0,0.0529648,0.292825,0.798149,0.587154,0.971875,7.57028,0.740621,0.745557,0.745033,0.749448,0.750998,,,0,5.58208,0,5.0129,2.11401,0.75238,0.554785,,
Y3/lean_stratified__f0_s2,158,5.70589e-05,0,0.0526633,0.29055,0.790462,0.583965,0.972656,7.44466,0.736657,0.747983,0.739514,0.750552,0.750998,,,0,5.26761,0,4.70544,2.06402,0.701033,0.543178,,
Y3/lean_stratified__f0_s2,159,5.46379e-05,0,0.0523618,0.288275,0.799822,0.589179,0.969922,7.39274,0.729919,0.742362,0.732892,0.747241,0.750998,,,0,5.79665,0,5.22655,2.20967,0.720168,0.565169,,
Y3/lean_stratified__f0_s2,160,5.22683e-05,0,0.0520603,0.286,0.789953,0.582708,0.976953,7.52561,0.745279,0.741237,0.748344,0.745033,0.750998,1,1,0,5.25484,0,4.60057,2.22702,0.73785,0.554855,,
Y5/desc_only__f0_s0,1,0.0002,1,0.1,0.647725,8.44906,5.53378,0.0189732,17.0969,0.00394367,0.0072141,0.0285714,0.0301587,0.0072141,0.035,0.035,0.119048,49.116,4,41.4418,22.4693,9.76404,9.42485,0.10547,99.8945
Y5/desc_only__f0_s0,2,0.0003,1,0.0996985,0.64545,7.36238,4.45843,0.031808,5.35075,0.0381505,0.0481695,0.0809524,0.0873016,0.0481695,0.08,0.097,0,19.3218,0,13.4925,11.1572,4.85116,5.26927,0.834438,99.1656
Y5/desc_only__f0_s0,3,0.0004,1,0.099397,0.643175,6.99008,4.09946,0.0569196,5.4016,0.0738494,0.0818461,0.12381,0.131746,0.0818461,0.119,0.145,0,10.1274,0,5.5143,5.53319,4.14516,4.18227,10.0484,89.9516
Y5/desc_only__f0_s0,4,0.0005,1,0.0990955,0.6409,6.87474,4.00921,0.0429688,5.48956,0.0837808,0.0843525,0.134921,0.125397,0.0843525,0.137,0.157,0,9.06517,0,4.03825,5.17535,3.85109,3.72243,17.6868,82.3132
Y5/desc_only__f0_s0,5,0.000499968,1,0.098794,0.638625,6.69846,3.89331,0.0703125,5.48776,0.072753,0.0924455,0.12381,0.136508,0.0924455,0.13,0.182,0,6.66173,0,2.51322,3.11338,3.61555,3.44531,15.6384,84.3616
Y5/desc_only__f0_s0,6,0.000499872,1,0.0984925,0.63635,6.51948,3.81767,0.0915179,5.43564,0.109811,0.122579,0.155556,0.173016,0.122579,0.165,0.208,0,6.37406,0,3.27058,2.69946,3.25696,3.00663,16.1781,83.8219
Y5/desc_only__f0_s0,7,0.000499711,1,0.098191,0.634075,6.11151,3.55376,0.0792411,5.45405,0.123939,0.168642,0.193651,0.220635,0.168642,0.221,0.248,0,6.7257,0,3.64111,2.76088,3.46172,3.0362,21.9168,78.0832
Y5/desc_only__f0_s0,8,0.000499486,1,0.0978894,0.6318,6.15022,3.61756,0.0764509,5.41336,0.168884,0.175815,0.219048,0.226984,0.175815,0.258,0.258,0,6.25481,0,3.35314,2.37748,3.41584,2.82954,27.9701,72.0298
Y5/desc_only__f0_s0,9,0.000499197,1,0.0975879,0.629525,5.93771,3.45918,0.0725446,5.46541,0.107499,0.188074,0.144444,0.236508,0.188074,0.203,0.279,0,7.2255,0,4.70392,2.70045,3.27425,2.72798,27.8823,72.1176
Y5/desc_only__f0_s0,10,0.000498845,1,0.0972864,0.62725,6.24624,3.71724,0.100446,5.48863,0.131586,0.20057,0.187302,0.249206,0.20057,0.229,0.29,0,7.68862,0,4.24615,3.65524,3.59132,2.62023,34.5712,65.4288
Y5/desc_only__f0_s0,11,0.000498428,1,0.0969849,0.624975,5.97515,3.5207,0.124442,5.59422,0.165411,0.207294,0.211111,0.260317,0.207294,0.257,0.298,0,5.64036,0,2.82726,2.19194,3.25687,2.46536,35.5775,64.4225
Y5/desc_only__f0_s0,12,0.000497947,1,0.0966834,0.6227,5.95704,3.5162,0.107143,5.50107,0.139943,0.220208,0.173016,0.273016,0.220208,0.217,0.323,0,6.50904,0,4.24554,2.05158,3.43346,2.36231,35.2778,64.7222
Y5/desc_only__f0_s0,13,0.000497403,1,0.0963819,0.620425,5.65367,3.31408,0.143415,5.47765,0.201709,0.227972,0.247619,0.279365,0.227972,0.323,0.341,0,6.50128,0,3.94437,2.02175,3.78672,2.42809,28.9042,71.0958
Y5/desc_only__f0_s0,14,0.000496795,1,0.0960804,0.61815,5.86103,3.46861,0.123326,5.6388,0.190887,0.221495,0.244444,0.271429,0.227972,,,0,6.24787,0,3.28848,2.48845,3.63696,2.28098,,
Y5/desc_only__f0_s0,15,0.000496124,1,0.0957789,0.615875,5.71323,3.37464,0.116071,5.4489,0.193189,0.245778,0.250794,0.288889,0.245778,0.296,0.344,0,6.71918,0,3.76645,1.90433,4.30788,2.30153,31.2812,68.7188
Y5/desc_only__f0_s0,16,0.000495389,1,0.0954774,0.6136,5.43633,3.19668,0.142857,5.51121,0.213149,0.27368,0.249206,0.307937,0.27368,0.293,0.358,0,6.49924,0,3.7507,2.02004,3.97355,2.33316,34.7508,65.2492
Y5/desc_only__f0_s0,17,0.000494592,1,0.0951759,0.611325,5.44878,3.20991,0.132254,5.52856,0.189324,0.287085,0.230159,0.311111,0.287085,0.314,0.354,0,7.07255,0,4.30094,2.26185,4.15851,2.26813,40.4744,59.5256
Y5/desc_only__f0_s0,18,0.000493731,1,0.0948744,0.60905,5.31133,3.09974,0.125558,5.40924,0.238292,0.28216,0.287302,0.322222,0.287085,,,0,8.05142,0,5.51905,2.69238,4.1169,2.28359,,
Y5/desc_only__f0_s0,19,0.000492808,1,0.0945729,0.606775,5.57773,3.31859,0.143973,5.65116,0.276781,0.279963,0.309524,0.331746,0.287085,,,0,7.37704,0,4.17545,2.42926,4.62094,2.20119,,
Y5/desc_only__f0_s0,20,0.000491823,1,0.0942714,0.6045,5.44776,3.22619,0.188058,5.57272,0.223989,0.325626,0.273016,0.355556,0.325626,0.33,0.432,0,7.37203,0,4.94328,2.04351,4.20279,2.12571,36.6692,63.3308
Y5/desc_only__f0_s0,21,0.000490775,1,0.0939698,0.602225,5.41385,3.21931,0.173549,5.54774,0.232497,0.314971,0.287302,0.352381,0.325626,,,0,7.53061,0,4.81483,2.17354,4.53198,2.206,,
Y5/desc_only__f0_s0,22,0.000489666,1,0.0936683,0.59995,5.29147,3.13916,0.15904,5.60073,0.268554,0.327749,0.306349,0.365079,0.327749,0.369,0.434,0,6.66847,0,4.34729,1.9395,3.86054,2.08574,31.0789,68.9211
Y5/desc_only__f0_s0,23,0.000488495,1,0.0933668,0.597675,5.36396,3.19344,0.125558,5.4109,0.207296,0.277776,0.268254,0.326984,0.327749,,,0,9.32846,0,6.20007,3.90627,4.31132,2.04518,,
Y5/desc_only__f0_s0,24,0.000487263,1,0.0930653,0.5954,5.38164,3.21791,0.101563,5.51737,0.193114,0.286941,0.238095,0.338095,0.327749,,,0,7.89139,0,5.17701,2.84953,4.34269,2.03191,,
Y5/desc_only__f0_s0,25,0.00048597,1,0.0927638,0.593125,5.27693,3.1462,0.18192,5.59764,0.307741,0.326956,0.357143,0.371429,0.327749,0.411,0.446,0,6.87063,0,4.65222,1.99579,3.88109,1.97194,43.9433,56.0567
Y5/desc_only__f0_s0,26,0.000484616,1,0.0924623,0.59085,5.17941,3.0982,0.185268,5.56924,0.263233,0.340029,0.311111,0.377778,0.340029,0.375,0.454,0,6.8625,0,4.36956,1.76277,4.32898,1.98443,42.024,57.976
Y5/desc_only__f0_s0,27,0.000483202,1,0.0921608,0.588575,4.86657,2.88937,0.150112,5.40954,0.339105,0.309434,0.379365,0.349206,0.340029,,,0,7.32301,0,5.00991,1.8234,4.30629,1.964,,
Y5/desc_only__f0_s0,28,0.000481728,1,0.0918593,0.5863,5.12124,3.07026,0.248326,5.51425,0.197936,0.29187,0.234921,0.336508,0.340029,,,0,8.03478,0,5.64442,2.02455,4.50809,1.95152,,
Y5/desc_only__f0_s0,29,0.000480195,1,0.0915578,0.584025,5.09442,3.0555,0.194754,5.4646,0.378631,0.309024,0.407937,0.349206,0.378631,0.487,0.416,0,7.42448,0,5.08123,1.84035,4.37231,1.88412,44.9679,55.0321
Y5/desc_only__f0_s0,30,0.000478603,1,0.0912563,0.58175,5.01911,3.01243,0.130022,5.45208,0.267819,0.341631,0.309524,0.387302,0.378631,,,0,7.86636,0,5.40473,1.97406,4.62842,1.95046,,
Y5/desc_only__f0_s0,31,0.000476951,0,0.0909548,0.579475,4.12045,2.39931,0.425781,5.47433,0.363341,0.411842,0.401587,0.450794,0.411842,0.476,0.534,0,8.87878,0,6.7856,2.33394,4.41185,2.1175,38.7326,61.2674
Y5/desc_only__f0_s0,32,0.000475242,0,0.0906533,0.5772,3.94614,2.27387,0.468192,5.48688,0.37136,0.390944,0.4,0.426984,0.411842,,,0,9.61216,0,7.72822,2.47537,4.25497,2.07056,,
Y5/desc_only__f0_s0,33,0.000473475,0,0.0903518,0.574925,3.94385,2.28258,0.462612,5.4014,0.402314,0.410737,0.430159,0.44127,0.411842,,,0,10.2699,0,8.40534,2.64174,4.3211,2.08979,,
Y5/desc_only__f0_s0,34,0.00047165,0,0.0900503,0.57265,3.85502,2.23301,0.472098,5.44758,0.382185,0.431305,0.412698,0.465079,0.431305,0.522,0.549,0,11.0229,0,9.19681,2.78244,4.54054,2.07159,38.7065,61.2935
Y5/desc_only__f0_s0,35,0.000469769,0,0.0897487,0.570375,3.80629,2.19894,0.487723,5.41641,0.294589,0.352461,0.331746,0.393651,0.431305,,,0,11.9441,0,10.1471,3.06003,4.36776,2.08245,,
Y5/desc_only__f0_s0,36,0.000467831,0,0.0894472,0.5681,3.66197,2.11445,0.516741,5.48804,0.407515,0.434506,0.438095,0.463492,0.434506,0.515,0.564,0,10.6633,0,9.03651,2.53488,4.20474,2.01521,40.0272,59.9728
Y5/desc_only__f0_s0,37,0.000465837,0,0.0891457,0.565825,3.58214,2.06144,0.527344,5.3759,0.455809,0.45719,0.487302,0.492063,0.45719,0.582,0.585,0,11.5345,0,9.8625,2.68678,4.41914,1.98232,37.4971,62.5029
Y5/desc_only__f0_s0,38,0.000463788,0,0.0888442,0.56355,3.53408,2.04301,0.527902,5.47676,0.41144,0.462243,0.446032,0.492063,0.462243,0.57,0.591,0,10.6237,0,9.08212,2.80972,3.92124,1.95718,37.5882,62.4118
Y5/desc_only__f0_s0,39,0.000461685,0,0.0885427,0.561275,3.42267,1.97777,0.567522,5.43804,0.448394,0.47842,0.48254,0.495238,0.47842,0.568,0.609,0,12.628,0,11.2622,2.82158,3.91944,1.94299,44.086,55.914
Y5/desc_only__f0_s0,40,0.000459526,0,0.0882412,0.559,3.43114,2.00419,0.551897,5.46925,0.420179,0.486103,0.452381,0.506349,0.486103,0.555,0.618,0,12.3238,0,10.8114,2.76436,4.48477,1.9349,40.7754,59.2246
Y5/desc_only__f0_s0,41,0.000457314,0,0.0879397,0.556725,3.3569,1.94234,0.558594,5.4585,0.437767,0.480341,0.468254,0.512698,0.486103,,,0,12.8186,0,11.4335,2.85259,4.03658,1.97763,,
Y5/desc_only__f0_s0,42,0.000455049,0,0.0876382,0.55445,3.30192,1.92352,0.55971,5.49112,0.436221,0.511613,0.461905,0.534921,0.511613,0.544,0.66,0,12.7412,0,11.4851,2.64021,3.9725,1.91231,38.0506,61.9494
Y5/desc_only__f0_s0,43,0.000452732,0,0.0873367,0.552175,3.23689,1.89069,0.589844,5.4507,0.495701,0.535175,0.52381,0.550794,0.535175,0.611,0.655,0,11.7399,0,10.5511,2.60064,3.68167,1.86303,43.633,56.367
Y5/desc_only__f0_s0,44,0.000450362,0,0.0870352,0.5499,3.19396,1.85347,0.608259,5.48106,0.494334,0.500009,0.520635,0.511111,0.535175,,,0,13.5207,0,12.3657,2.75932,3.90611,1.86832,,
Y5/desc_only__f0_s0,45,0.000447941,0,0.0867337,0.547625,3.09899,1.80537,0.618304,5.55314,0.528375,0.527376,0.550794,0.536508,0.535175,,,0,11.2813,0,9.99425,2.51262,3.74309,1.85769,,
Y5/desc_only__f0_s0,46,0.000445469,0,0.0864322,0.54535,3.12502,1.82187,0.615513,5.43604,0.436677,0.515371,0.471429,0.528571,0.535175,,,0,13.598,0,12.4679,2.84625,3.82858,1.80361,,
Y5/desc_only__f0_s0,47,0.000442948,0,0.0861307,0.543075,3.00626,1.74558,0.637277,5.42504,0.366348,0.543571,0.401587,0.553968,0.543571,0.431,0.696,0,13.6311,0,12.5002,3.14411,3.5159,1.78057,52.858,47.142
Y5/desc_only__f0_s0,48,0.000440376,0,0.0858291,0.5408,3.05323,1.78103,0.62221,5.42529,0.439813,0.403898,0.473016,0.426984,0.543571,,,0,13.5149,0,11.8753,3.49867,4.33368,1.87746,,
Y5/desc_only__f0_s0,49,0.000437756,0,0.0855276,0.538525,2.96519,1.72597,0.650112,5.47983,0.549882,0.516466,0.573016,0.525397,0.549882,0.703,0.662,0,12.1382,0,10.9559,2.79015,3.66149,1.78189,62.3091,37.6909
Y5/desc_only__f0_s0,50,0.000435088,0,0.0852261,0.53625,2.85308,1.65728,0.662946,5.37388,0.468145,0.563861,0.492063,0.58254,0.563861,0.607,0.701,0,11.323,0,10.118,2.40495,3.65634,1.72753,57.4568,42.5432
Y5/desc_only__f0_s0,51,0.000432373,0,0.0849246,0.533975,2.89728,1.70203,0.65067,5.29401,0.537131,0.570918,0.561905,0.579365,0.570918,0.698,0.719,0,12.4267,0,11.2838,2.88741,3.5636,1.72095,55.3996,44.6004
Y5/desc_only__f0_s0,52,0.000429611,0,0.0846231,0.5317,2.76693,1.61631,0.672991,5.31869,0.569544,0.587267,0.579365,0.595238,0.587267,0.754,0.746,0,11.6834,0,10.4893,2.64905,3.57277,1.71224,59.0983,40.9017
Y5/desc_only__f0_s0,53,0.000426803,0,0.0843216,0.529425,2.73741,1.58344,0.69029,5.38306,0.592458,0.593796,0.609524,0.611111,0.593796,0.758,0.732,0,10.5228,0,9.33302,2.53305,3.47328,1.64782,58.4705,41.5295
Y5/desc_only__f0_s0,54,0.000423949,0,0.0840201,0.52715,2.71898,1.59399,0.690848,5.29226,0.562429,0.563168,0.587302,0.585714,0.593796,,,0,11.3778,0,10.1342,2.64069,3.74828,1.67941,,
Y5/desc_only__f0_s0,55,0.000421051,0,0.0837186,0.524875,2.69422,1.57909,0.686384,5.37605,0.590004,0.589447,0.596825,0.609524,0.593796,,,0,11.9073,0,10.8197,2.57691,3.50602,1.66739,,
Y5/desc_only__f0_s0,56,0.00041811,0,0.0834171,0.5226,2.68493,1.58265,0.69029,5.46749,0.496966,0.599309,0.498413,0.612698,0.599309,0.657,0.777,0,10.896,0,9.79014,2.57846,3.22234,1.64595,48.9331,51.0669
Y5/desc_only__f0_s0,57,0.000415125,0,0.0831156,0.520325,2.65224,1.56366,0.701451,5.55458,0.535336,0.583893,0.549206,0.595238,0.599309,,,0,12.426,0,11.3246,3.0008,3.21417,1.64226,,
Y5/desc_only__f0_s0,58,0.000412098,0,0.0828141,0.51805,2.62882,1.55124,0.703683,5.42013,0.580931,0.581272,0.595238,0.6,0.599309,,,0,11.811,0,10.6749,2.72293,3.43666,1.63547,,
Y5/desc_only__f0_s0,59,0.00040903,0,0.0825126,0.515775,2.52207,1.48436,0.720982,5.32798,0.573107,0.601477,0.590476,0.611111,0.601477,0.758,0.785,0,13.1523,0,12.2119,2.78271,3.13051,1.58841,55.2588,44.7412
Y5/desc_only__f0_s0,60,0.000405921,0,0.0822111,0.5135,2.48393,1.45925,0.734933,5.32274,0.560342,0.615225,0.579365,0.620635,0.615225,0.739,0.794,0,11.0511,0,10.0238,2.63973,3.05635,1.58242,53.3455,46.6545
Y5/desc_only__f0_s0,61,0.000402773,0,0.0819095,0.511225,2.52845,1.51138,0.715402,5.3668,0.572143,0.587306,0.58254,0.595238,0.615225,,,0,12.6695,0,11.6277,2.93664,3.26952,1.63974,,
Y5/desc_only__f0_s0,62,0.000399585,0,0.081608,0.50895,2.49544,1.48551,0.725446,5.50138,0.440671,0.615637,0.453968,0.628571,0.615637,0.555,0.809,0,14.704,0,13.8123,3.00999,3.10862,1.58805,54.0032,45.9968
Y5/desc_only__f0_s0,63,0.000396359,0,0.0813065,0.506675,2.41931,1.44178,0.742188,5.38556,0.621078,0.576008,0.622222,0.596825,0.621078,0.792,0.736,0,11.8754,0,10.9009,2.65603,3.1439,1.57662,52.0027,47.9973
Y5/desc_only__f0_s0,64,0.000393096,0,0.081005,0.5044,2.30349,1.36532,0.769531,5.36878,0.512088,0.590019,0.530159,0.606349,0.621078,,,0,10.9821,0,9.89965,2.75869,3.15308,1.52228,,
Y5/desc_only__f0_s0,65,0.000389796,0,0.0807035,0.502125,2.3287,1.38076,0.763951,5.52729,0.577101,0.602528,0.596825,0.619048,0.621078,,,0,11.7923,0,10.7902,2.83401,3.0769,1.51027,,
Y5/desc_only__f0_s0,66,0.000386461,0,0.080402,0.49985,2.28872,1.36506,0.768973,5.42432,0.583926,0.585784,0.601587,0.604762,0.621078,,,0,11.8144,0,10.86,2.64224,3.11494,1.49518,,
Y5/desc_only__f0_s0,67,0.000383091,0,0.0801005,0.497575,2.2573,1.34265,0.779018,5.47743,0.610341,0.576446,0.62381,0.596825,0.621078,,,0,10.9887,0,9.82725,2.87786,3.31582,1.49322,,
Y5/desc_only__f0_s0,68,0.000379687,0,0.079799,0.4953,2.25759,1.34635,0.775112,5.42549,0.587191,0.608176,0.601587,0.622222,0.621078,,,0,10.9625,0,9.82827,2.83464,3.26518,1.5119,,
Y5/desc_only__f0_s0,69,0.00037625,0,0.0794975,0.493025,2.25283,1.34225,0.767299,5.37521,0.584515,0.635187,0.6,0.649206,0.635187,0.789,0.844,0,12.8733,0,11.8467,3.16248,3.22604,1.52417,56.467,43.533
Y5/desc_only__f0_s0,70,0.000372781,0,0.079196,0.49075,2.19116,1.30568,0.792411,5.25927,0.562456,0.656243,0.585714,0.666667,0.656243,0.747,0.866,0,11.0778,0,10.124,2.64627,2.89199,1.46939,58.5959,41.4041
Y5/desc_only__f0_s0,71,0.000369281,0,0.0788945,0.488475,2.16874,1.30326,0.789063,5.40548,0.594761,0.643329,0.595238,0.653968,0.656243,,,0,11.0747,0,10.0736,2.68977,3.0643,1.46145,,
Y5/desc_only__f0_s0,72,0.00036575,0,0.078593,0.4862,2.13261,1.28384,0.796875,5.53434,0.622101,0.663952,0.631746,0.674603,0.663952,0.816,0.88,0,11.5997,0,10.688,2.70224,2.8701,1.48521,60.4515,39.5485
Y5/desc_only__f0_s0,73,0.00036219,0,0.0782915,0.483925,2.11557,1.27249,0.793527,5.45242,0.586049,0.669425,0.609524,0.674603,0.669425,0.794,0.88,0,12.1756,0,11.2506,2.8031,3.01243,1.46426,58.9663,41.0337
Y5/desc_only__f0_s0,74,0.000358601,0,0.0779899,0.48165,2.07751,1.25041,0.790737,5.37059,0.645064,0.677565,0.653968,0.680952,0.677565,0.853,0.882,0,11.6261,0,10.7803,2.6057,2.79715,1.40922,60.6448,39.3552
Y5/desc_only__f0_s0,75,0.000354985,0,0.0776884,0.479375,2.0929,1.26795,0.796317,5.40571,0.611998,0.66902,0.626984,0.673016,0.677565,0.843,0.895,0,10.8204,0,9.87179,2.62971,2.85697,1.42099,57.3253,42.6747
Y5/desc_only__f0_s0,76,0.000351343,0,0.0773869,0.4771,2.07648,1.25854,0.796317,5.39587,0.632987,0.658353,0.649206,0.666667,0.677565,,,0,11.9003,0,10.9351,2.97989,2.78772,1.44924,,
Y5/desc_only__f0_s0,77,0.000347674,0,0.0770854,0.474825,2.05377,1.24411,0.804688,5.33259,0.626474,0.649778,0.634921,0.655556,0.677565,,,0,11.7003,0,10.7243,2.80306,3.03443,1.45323,,
Y5/desc_only__f0_s0,78,0.000343981,0,0.0767839,0.47255,1.99949,1.21234,0.827567,5.34401,0.673115,0.652904,0.677778,0.660317,0.677565,,,0,11.4293,0,10.574,2.57202,2.79656,1.36806,,
Y5/desc_only__f0_s0,79,0.000340265,0,0.0764824,0.470275,1.92836,1.16093,0.83817,5.43906,0.670619,0.690136,0.677778,0.693651,0.690136,0.902,0.897,0,10.1601,0,9.22894,2.67464,2.64661,1.31583,61.6241,38.3759
Y5/desc_only__f0_s0,80,0.000336525,0,0.0761809,0.468,1.92664,1.17399,0.827567,5.39992,0.636462,0.681385,0.647619,0.684127,0.690136,,,0,10.3107,0,9.43664,2.55594,2.6056,1.34626,,
Y5/desc_only__f0_s0,81,0.000332764,0,0.0758794,0.465725,1.94697,1.19162,0.820871,5.4223,0.632545,0.675258,0.646032,0.67619,0.690136,,,0,11.8361,0,10.9641,2.75598,2.81003,1.34392,,
Y5/desc_only__f0_s0,82,0.000328982,0,0.0755779,0.46345,1.94923,1.1852,0.829799,5.50427,0.662527,0.686192,0.669841,0.684127,0.690136,,,0,10.3608,0,9.37881,2.78243,2.8193,1.33859,,
Y5/desc_only__f0_s0,83,0.00032518,0,0.0752764,0.461175,1.9023,1.15627,0.825893,5.38668,0.594902,0.66311,0.598413,0.665079,0.690136,,,0,11.8514,0,11.023,2.84742,2.65028,1.37363,,
Y5/desc_only__f0_s0,84,0.000321359,0,0.0749749,0.4589,1.86289,1.14172,0.840402,5.40146,0.640098,0.679124,0.65873,0.679365,0.690136,,,0,10.4218,0,9.42657,2.92663,2.67791,1.3429,,
Y5/desc_only__f0_s0,85,0.00031752,0,0.0746734,0.456625,1.79207,1.10099,0.864397,5.43875,0.679651,0.64312,0.685714,0.646032,0.690136,,,0,10.2668,0,9.37644,2.52516,2.59836,1.27031,,
Y5/desc_only__f0_s0,86,0.000313664,0,0.0743719,0.45435,1.84088,1.1283,0.850446,5.4802,0.641241,0.672262,0.652381,0.674603,0.690136,,,0,10.848,0,9.97163,2.76737,2.5587,1.26218,,
Y5/desc_only__f0_s0,87,0.000309793,0,0.0740704,0.452075,1.80747,1.11477,0.853237,5.64064,0.624628,0.675449,0.633333,0.679365,0.690136,,,0,11.6344,0,10.7597,2.90357,2.64105,1.30681,,
Y5/desc_only__f0_s0,88,0.000305907,0,0.0737688,0.4498,1.75496,1.07958,0.852679,5.66148,0.657711,0.678946,0.665079,0.68254,0.690136,,,0,11.2308,0,10.3119,2.80808,2.73786,1.30448,,
Y5/desc_only__f0_s0,89,0.000302006,0,0.0734673,0.447525,1.76397,1.07996,0.867746,5.41462,0.63812,0.679791,0.647619,0.68254,0.690136,,,0,10.0821,0,9.16042,2.74981,2.49137,1.27661,,
Y5/desc_only__f0_s0,90,0.000298093,0,0.0731658,0.44525,1.71969,1.06911,0.860491,5.50278,0.677077,0.686122,0.684127,0.688889,0.690136,,,0,9.76568,0,8.78749,2.87907,2.56372,1.26059,,
Y5/desc_only__f0_s0,91,0.000294168,0,0.0728643,0.442975,1.69727,1.04955,0.873884,5.49301,0.677465,0.692132,0.687302,0.698413,0.692132,0.918,0.94,0,10.6583,0,9.89727,2.5794,2.37323,1.21617,64.9426,35.0574
Y5/desc_only__f0_s0,92,0.000290233,0,0.0725628,0.4407,1.70064,1.04752,0.870536,5.40505,0.679768,0.698668,0.688889,0.701587,0.698668,0.941,0.942,0,11.6181,0,10.8962,2.65447,2.34608,1.19479,65.3506,34.6494
Y5/desc_only__f0_s0,93,0.000286287,0,0.0722613,0.438425,1.62251,1.00041,0.888393,5.39221,0.6751,0.698183,0.679365,0.701587,0.698668,,,0,10.7279,0,9.91922,2.68601,2.47109,1.15768,,
Y5/desc_only__f0_s0,94,0.000282333,0,0.0719598,0.43615,1.65511,1.03234,0.873326,5.43963,0.67936,0.692135,0.68254,0.693651,0.698668,,,0,10.8212,0,10.0324,2.65892,2.46396,1.22737,,
Y5/desc_only__f0_s0,95,0.000278371,0,0.0716583,0.433875,1.61912,1.00798,0.878906,5.54749,0.617829,0.696654,0.626984,0.696825,0.698668,,,0,10.1144,0,9.33319,2.57102,2.33964,1.19258,,
Y5/desc_only__f0_s0,96,0.000274402,0,0.0713568,0.4316,1.65065,1.03089,0.878348,5.64289,0.661532,0.70028,0.666667,0.701587,0.70028,0.904,0.955,0,11.6733,0,10.8978,2.7235,2.56119,1.2196,66.4546,33.5454
Y5/desc_only__f0_s0,97,0.000270428,0,0.0710553,0.429325,1.59892,1.00189,0.881138,5.50773,0.656266,0.698498,0.663492,0.701587,0.70028,,,0,10.1526,0,9.34226,2.69738,2.35662,1.1702,,
Y5/desc_only__f0_s0,98,0.000266449,0,0.0707538,0.42705,1.57773,0.987266,0.882813,5.43705,0.643679,0.698352,0.653968,0.704762,0.70028,,,0,10.5497,0,9.77129,2.70441,2.32029,1.13443,,
Y5/desc_only__f0_s0,99,0.000262466,0,0.0704523,0.424775,1.55925,0.97326,0.887277,5.40107,0.681741,0.69579,0.680952,0.698413,0.70028,,,0,10.8131,0,10.0869,2.61101,2.20049,1.16209,,
Y5/desc_only__f0_s0,100,0.000258481,0,0.0701508,0.4225,1.57765,0.991967,0.884487,5.51536,0.695047,0.701699,0.696825,0.706349,0.701699,0.95,0.952,0,10.4676,0,9.64823,2.76583,2.30889,1.19614,68.7929,31.2071
Y5/desc_only__f0_s0,101,0.000254494,0,0.0698492,0.420225,1.52658,0.961128,0.904576,5.37459,0.695618,0.695,0.7,0.701587,0.701699,,,0,8.89795,0,8.08782,2.45897,2.28924,1.11135,,
Y5/desc_only__f0_s0,102,0.000250506,0,0.0695477,0.41795,1.50975,0.951137,0.897879,5.30642,0.685512,0.689044,0.688889,0.696825,0.701699,,,0,10.4422,0,9.69785,2.69908,2.19971,1.10055,,
Y5/desc_only__f0_s0,103,0.000246519,0,0.0692462,0.415675,1.51312,0.957599,0.891741,5.37436,0.595897,0.687003,0.6,0.695238,0.701699,,,0,11.3607,0,10.5737,2.9749,2.18366,1.13976,,
Y5/desc_only__f0_s0,104,0.000242534,0,0.0689447,0.4134,1.4538,0.916452,0.914063,5.45949,0.693327,0.691704,0.696825,0.696825,0.701699,,,0,8.70302,0,7.86047,2.46092,2.204,1.08427,,
Y5/desc_only__f0_s0,105,0.000238551,0,0.0686432,0.411125,1.46208,0.927004,0.90346,5.43567,0.655436,0.70337,0.660317,0.707937,0.70337,0.949,0.958,0,9.80855,0,8.96075,2.71505,2.32498,1.09769,68.0281,31.9719
Y5/desc_only__f0_s0,106,0.000234572,0,0.0683417,0.40885,1.46195,0.932447,0.902344,5.32344,0.66859,0.695906,0.671429,0.701587,0.70337,,,0,10.9712,0,10.2469,2.63863,2.26883,1.1247,,
Y5/desc_only__f0_s0,107,0.000230598,0,0.0680402,0.406575,1.43463,0.90926,0.909598,5.2616,0.666301,0.696963,0.67619,0.701587,0.70337,,,0,10.5805,0,9.8185,2.77582,2.19977,1.12931,,
Y5/desc_only__f0_s0,108,0.000226629,0,0.0677387,0.4043,1.41161,0.897892,0.907924,5.40302,0.62053,0.702341,0.64127,0.707937,0.70337,,,0,9.3416,0,8.57802,2.49506,2.17713,1.07473,,
Y5/desc_only__f0_s0,109,0.000222667,0,0.0674372,0.402025,1.38215,0.881655,0.919085,5.61404,0.702303,0.710692,0.706349,0.712698,0.710692,0.959,0.968,0,9.19501,0,8.41893,2.45917,2.20687,1.04971,68.9476,31.0524
Y5/desc_only__f0_s0,110,0.000218713,0,0.0671357,0.39975,1.36116,0.869652,0.921317,5.34616,0.703375,0.708364,0.704762,0.709524,0.710692,,,0,9.14469,0,8.40972,2.44183,2.10274,1.03924,,
Y5/desc_only__f0_s0,111,0.000214767,0,0.0668342,0.397475,1.35216,0.865608,0.925781,5.39229,0.707937,0.713878,0.711111,0.715873,0.713878,0.977,0.981,0,8.50774,0,7.79077,2.39644,1.94033,1.01289,68.2598,31.7402
Y5/desc_only__f0_s0,112,0.000210832,0,0.0665327,0.3952,1.33787,0.859661,0.926897,5.37625,0.648729,0.708162,0.647619,0.709524,0.713878,,,0,8.3839,0,7.59459,2.51135,1.9593,1.02361,,
Y5/desc_only__f0_s0,113,0.000206907,0,0.0662312,0.392925,1.36331,0.872523,0.923549,5.54376,0.704927,0.716422,0.709524,0.71746,0.716422,0.985,0.984,0,9.57727,0,8.84948,2.62186,2.02739,1.02354,69.6626,30.3374
Y5/desc_only__f0_s0,114,0.000202994,0,0.0659296,0.39065,1.34692,0.865066,0.923549,5.34545,0.677828,0.716395,0.68254,0.719048,0.716422,,,0,10.3458,0,9.63137,2.73758,2.03044,1.04547,,
Y5/desc_only__f0_s0,115,0.000199093,0,0.0656281,0.388375,1.32218,0.850138,0.928013,5.50489,0.720373,0.720382,0.722222,0.722222,0.720382,0.979,0.983,0,9.92139,0,9.22538,2.59138,1.98133,1.00402,70.8202,29.1798
Y5/desc_only__f0_s0,116,0.000195207,0,0.0653266,0.3861,1.30906,0.845542,0.925223,5.44432,0.68698,0.721912,0.688889,0.72381,0.721912,0.953,0.983,0,10.116,0,9.40547,2.7229,1.98063,1.02176,70.6267,29.3733
Y5/desc_only__f0_s0,117,0.000191336,0,0.0650251,0.383825,1.31084,0.853344,0.922433,5.362,0.716368,0.709995,0.715873,0.712698,0.721912,,,0,8.74161,0,7.9747,2.53131,2.01496,1.01026,,
Y5/desc_only__f0_s0,118,0.00018748,0,0.0647236,0.38155,1.27842,0.831758,0.929129,5.29989,0.714357,0.71938,0.71746,0.722222,0.721912,,,0,8.31487,0,7.53857,2.57906,1.85575,1.00028,,
Y5/desc_only__f0_s0,119,0.000183641,0,0.0644221,0.379275,1.25566,0.823814,0.929688,5.49094,0.691603,0.716856,0.695238,0.719048,0.721912,,,0,7.85273,0,7.05989,2.35479,1.99666,0.981233,,
Y5/desc_only__f0_s0,120,0.00017982,0,0.0641206,0.377,1.22676,0.801431,0.945871,5.33114,0.692072,0.725545,0.703175,0.726984,0.725545,0.979,0.988,0,8.06956,0,7.39569,2.30448,1.78495,0.933989,69.018,30.982
Y5/desc_only__f0_s0,121,0.000176018,0,0.0638191,0.374725,1.21364,0.798691,0.936384,5.40982,0.684606,0.718633,0.688889,0.720635,0.725545,,,0,7.74994,0,6.94697,2.45071,1.86759,0.958427,,
Y5/desc_only__f0_s0,122,0.000172236,0,0.0635176,0.37245,1.24924,0.82413,0.925223,5.42472,0.660017,0.706768,0.660317,0.711111,0.725545,,,0,9.02934,0,8.21143,2.81295,1.85572,0.98201,,
Y5/desc_only__f0_s0,123,0.000168475,0,0.0632161,0.370175,1.23014,0.803141,0.93471,5.45008,0.695952,0.702539,0.7,0.706349,0.725545,,,0,8.62407,0,7.92056,2.36791,1.92403,0.962998,,
Y5/desc_only__f0_s0,124,0.000164735,0,0.0629146,0.3679,1.22055,0.799823,0.94029,5.42925,0.711243,0.719548,0.711111,0.722222,0.725545,,,0,9.01225,0,8.26545,2.67535,1.83231,0.965234,,
Y5/desc_only__f0_s0,125,0.000161019,0,0.0626131,0.365625,1.21603,0.804373,0.93192,5.41106,0.697206,0.723821,0.7,0.726984,0.725545,0.99,0.992,0,8.1919,0,7.43964,2.52254,1.80556,0.962432,70.5264,29.4736
Y5/desc_only__f0_s0,126,0.000157326,0,0.0623116,0.36335,1.1837,0.784152,0.94308,5.45672,0.699905,0.729441,0.701587,0.731746,0.729441,0.984,0.994,0,7.55546,0,6.81036,2.33591,1.78438,0.93379,71.1179,28.8821
Y5/desc_only__f0_s0,127,0.000153657,0,0.0620101,0.361075,1.17153,0.77485,0.935826,5.33294,0.691981,0.732221,0.692063,0.734921,0.732221,0.992,0.992,0,9.01875,0,8.38078,2.45419,1.77147,0.911064,71.5981,28.4019
Y5/desc_only__f0_s0,128,0.000150015,0,0.0617085,0.3588,1.16273,0.768838,0.941964,5.35887,0.713244,0.724814,0.712698,0.726984,0.732221,,,0,8.7212,0,8.05662,2.31549,1.86649,0.915628,,
Y5/desc_only__f0_s0,129,0.000146399,0,0.061407,0.356525,1.14884,0.764365,0.944754,5.43173,0.692502,0.727847,0.7,0.730159,0.732221,,,0,8.65131,0,7.97271,2.50219,1.73076,0.919173,,
Y5/desc_only__f0_s0,130,0.00014281,0,0.0611055,0.35425,1.13924,0.758384,0.948661,5.58163,0.713017,0.73467,0.714286,0.738095,0.73467,0.991,0.997,0,7.59025,0,6.84717,2.47169,1.66609,0.891007,72.9173,27.0827
Y5/desc_only__f0_s0,131,0.00013925,0,0.060804,0.351975,1.15676,0.773376,0.941406,5.37166,0.691087,0.730758,0.693651,0.734921,0.73467,,,0,8.20693,0,7.55181,2.3263,1.72434,0.877415,,
Y5/desc_only__f0_s0,132,0.000135719,0,0.0605025,0.3497,1.12821,0.753106,0.948661,5.42174,0.709093,0.733642,0.712698,0.736508,0.73467,,,0,7.60857,0,6.94767,2.27944,1.60595,0.858575,,
Y5/desc_only__f0_s0,133,0.000132219,0,0.060201,0.347425,1.09813,0.737023,0.953125,5.43556,0.696925,0.724493,0.698413,0.728571,0.73467,,,0,8.13494,0,7.49454,2.36992,1.5877,0.873436,,
Y5/desc_only__f0_s0,134,0.00012875,0,0.0598995,0.34515,1.09676,0.74201,0.954799,5.63214,0.729041,0.726628,0.730159,0.731746,0.73467,,,0,8.10635,0,7.47319,2.32933,1.60957,0.8618,,
Y5/desc_only__f0_s0,135,0.000125313,0,0.059598,0.342875,1.11452,0.750168,0.952567,5.40726,0.693598,0.721339,0.693651,0.725397,0.73467,,,0,8.85531,0,8.14568,2.64502,1.71095,0.86821,,
Y5/desc_only__f0_s0,136,0.000121909,0,0.0592965,0.3406,1.09902,0.743257,0.950335,5.33326,0.708925,0.720066,0.712698,0.72381,0.73467,,,0,8.63622,0,8.01919,2.47323,1.55186,0.857991,,
Y5/desc_only__f0_s0,137,0.000118539,0,0.058995,0.338325,1.09424,0.737273,0.952567,5.54057,0.684273,0.712553,0.68254,0.71746,0.73467,,,0,9.36452,0,8.70524,2.58386,1.72279,0.897586,,
Y5/desc_only__f0_s0,138,0.000115204,0,0.0586935,0.33605,1.088,0.734439,0.943638,5.55759,0.688524,0.716562,0.693651,0.720635,0.73467,,,0,8.98415,0,8.40456,2.37644,1.63965,0.86876,,
Y5/desc_only__f0_s0,139,0.000111904,0,0.058392,0.333775,1.05452,0.714656,0.960379,5.53189,0.673145,0.706603,0.68254,0.711111,0.73467,,,0,8.15962,0,7.46075,2.52948,1.64285,0.851254,,
Y5/desc_only__f0_s0,140,0.000108641,0,0.0580905,0.3315,1.06099,0.720519,0.946987,5.44852,0.707038,0.729962,0.706349,0.731746,0.73467,,,0,8.00093,0,7.32343,2.35907,1.72694,0.867858,,
Y5/desc_only__f0_s0,141,0.000105415,0,0.0577889,0.329225,1.03757,0.706409,0.951451,5.43416,0.704666,0.723643,0.711111,0.725397,0.73467,,,0,7.93973,0,7.2223,2.50378,1.60381,0.832912,,
Y5/desc_only__f0_s0,142,0.000102227,0,0.0574874,0.32695,1.01603,0.693559,0.957589,5.39756,0.691599,0.729375,0.698413,0.731746,0.73467,,,0,7.87073,0,7.26453,2.20674,1.63139,0.812331,,
Y5/desc_only__f0_s0,143,9.90786e-05,0,0.0571859,0.324675,1.0082,0.690902,0.958705,5.40288,0.701171,0.729323,0.704762,0.731746,0.73467,,,0,7.89966,0,7.29194,2.32694,1.54675,0.81647,,
Y5/desc_only__f0_s0,144,9.59698e-05,0,0.0568844,0.3224,1.01029,0.695867,0.952009,5.49164,0.714468,0.724592,0.71746,0.726984,0.73467,,,0,7.10057,1,6.4595,2.1571,1.49286,0.783163,,
Y5/desc_only__f0_s0,145,9.29016e-05,0,0.0565829,0.320125,1.0155,0.700915,0.953125,5.40678,0.708105,0.721538,0.711111,0.725397,0.73467,,,0,6.75646,0,6.07413,2.22047,1.53466,0.806017,,
Y5/desc_only__f0_s0,146,8.98748e-05,0,0.0562814,0.31785,0.986037,0.676794,0.960938,5.55917,0.721977,0.730628,0.722222,0.733333,0.73467,,,0,6.41807,0,5.86456,1.95996,1.32065,0.733924,,
Y5/desc_only__f0_s0,147,8.68902e-05,0,0.0559799,0.315575,0.986521,0.680772,0.958147,5.51224,0.711626,0.728763,0.712698,0.730159,0.73467,,,0,6.59947,0,5.91314,2.19834,1.48525,0.793159,,
Y5/desc_only__f0_s0,148,8.39486e-05,0,0.0556784,0.3133,0.962865,0.663221,0.964286,5.37148,0.701977,0.72926,0.703175,0.730159,0.73467,,,0,7.94073,0,7.29105,2.42737,1.40831,0.766377,,
Y5/desc_only__f0_s0,149,8.10507e-05,0,0.0553769,0.311025,0.970799,0.67434,0.959821,5.5345,0.729374,0.718666,0.728571,0.722222,0.73467,,,0,7.75116,0,7.06963,2.47439,1.48297,0.806757,,
Y5/desc_only__f0_s0,150,7.81974e-05,0,0.0550754,0.30875,0.956232,0.665218,0.96596,5.47283,0.724634,0.711236,0.728571,0.714286,0.73467,0.996,0.995,0,6.1866,0,5.44577,2.21604,1.52037,0.783269,74.3506,25.6494
Y5/desc_only__f0_s0,151,7.53893e-05,0,0.0547739,0.306475,0.942036,0.657344,0.964286,5.44299,0.716291,0.718304,0.719048,0.720635,0.73467,,,0,7.30207,0,6.6899,2.20118,1.45265,0.794247,,
Y5/desc_only__f0_s0,152,7.26271e-05,0,0.0544724,0.3042,0.937885,0.65444,0.960379,5.42851,0.703614,0.713813,0.706349,0.715873,0.73467,,,0,7.1063,0,6.56556,2.06135,1.37773,0.768539,,
Y5/desc_only__f0_s0,153,6.99117e-05,0,0.0541709,0.301925,0.912369,0.641551,0.967076,5.50855,0.707805,0.718556,0.709524,0.722222,0.73467,,,0,7.03758,0,6.43151,2.20408,1.35851,0.752771,,
Y5/desc_only__f0_s0,154,6.72436e-05,0,0.0538693,0.29965,0.929262,0.652229,0.961496,5.48997,0.727079,0.726731,0.730159,0.728571,0.73467,,,0,6.39161,0,5.74441,2.15994,1.35548,0.77709,,
Y5/desc_only__f0_s0,155,6.46236e-05,0,0.0535678,0.297375,0.902261,0.632128,0.967076,5.5134,0.70556,0.718313,0.707937,0.720635,0.73467,,,0,6.42938,0,5.81635,2.05979,1.38913,0.760423,,
Y5/desc_only__f0_s0,156,6.20524e-05,0,0.0532663,0.2951,0.922769,0.653913,0.959263,5.42667,0.726022,0.721917,0.728571,0.72381,0.73467,,,0,7.00872,0,6.29535,2.37274,1.47701,0.789798,,
Y5/desc_only__f0_s0,157,5.95306e-05,0,0.0529648,0.292825,0.930914,0.658216,0.958705,5.46359,0.716442,0.715854,0.71746,0.719048,0.73467,,,0,6.94431,0,6.36064,2.12644,1.37659,0.787207,,
Y5/desc_only__f0_s0,158,5.70589e-05,0,0.0526633,0.29055,0.904359,0.642008,0.960938,5.62825,0.722046,0.723837,0.726984,0.726984,0.73467,,,0,7.34714,0,6.70687,2.36441,1.35264,0.765329,,
Y5/desc_only__f0_s0,159,5.46379e-05,0,0.0523618,0.288275,0.89205,0.633811,0.961496,5.42263,0.712505,0.725277,0.712698,0.726984,0.73467,,,0,6.45373,0,5.84774,2.07147,1.38435,0.745218,,
Y5/desc_only__f0_s0,160,5.22683e-05,0,0.0520603,0.286,0.857152,0.612379,0.968192,5.46107,0.708798,0.722061,0.707937,0.725397,0.73467,,,0,6.54051,0,5.96198,2.06474,1.34173,0.746067,,
Y5/desc_only__f0_s0,161,4.99506e-05,0,0.0517588,0.283725,0.892425,0.637943,0.962612,5.44137,0.710785,0.722979,0.711111,0.726984,0.73467,,,0,6.26895,0,5.63715,2.09137,1.37395,0.771914,,
Y5/desc_only__f0_s0,162,4.76856e-05,0,0.0514573,0.28145,0.885867,0.63215,0.961496,5.41921,0.712776,0.722413,0.714286,0.725397,0.73467,,,0,7.01632,0,6.42059,2.23193,1.31305,0.755023,,
Y5/desc_only__f0_s0,163,4.54736e-05,0,0.0511558,0.279175,0.873206,0.627632,0.960938,5.54034,0.715408,0.722306,0.715873,0.725397,0.73467,,,0,6.78639,0,6.21623,2.11539,1.31058,0.752519,,
Y5/desc_only__f0_s0,164,4.33155e-05,0,0.0508543,0.2769,0.843321,0.604856,0.973214,5.48929,0.709132,0.719126,0.711111,0.720635,0.73467,,,0,6.17088,0,5.55192,2.00533,1.4278,0.732301,,
Y5/desc_only__f0_s0,165,4.12116e-05,0,0.0505528,0.274625,0.861358,0.62154,0.958705,5.45316,0.723875,0.71988,0.726984,0.722222,0.73467,,,0,6.49419,0,5.9015,2.03039,1.40033,0.76349,,
Y5/desc_only__f0_s0,166,3.91625e-05,0,0.0502513,0.27235,0.842002,0.607133,0.962054,5.39916,0.714301,0.718351,0.712698,0.720635,0.73467,,,0,5.98207,0,5.39873,1.97241,1.28681,0.722893,,
Y5/desc_only__f0_s0,167,3.71688e-05,0,0.0499497,0.270075,0.832972,0.601784,0.96596,5.54296,0.719966,0.717533,0.719048,0.719048,0.73467,,,0,7.09549,0,6.53712,2.16992,1.23285,0.72808,,
Y5/desc_only__f0_s0,168,3.5231e-05,0,0.0496482,0.2678,0.861639,0.624666,0.958705,5.5717,0.705876,0.722584,0.707937,0.72381,0.73467,,,0,7.04924,0,6.44916,2.17825,1.4513,0.766685,,
Y5/desc_only__f0_s0,169,3.33496e-05,0,0.0493467,0.265525,0.81811,0.591865,0.966518,5.36089,0.708019,0.716031,0.706349,0.71746,0.73467,,,0,5.84147,1,5.30444,1.85395,1.22024,0.710957,,
Y5/desc_only__f0_s0,170,3.15251e-05,0,0.0490452,0.26325,0.800233,0.577466,0.97154,5.39288,0.712162,0.715259,0.711111,0.715873,0.73467,0.999,1,0,6.52289,0,5.8952,2.12545,1.32453,0.716719,,
Y5/desc_only__f1_s0,1,0.0002,1,0.1,0.647725,8.49731,5.58242,0.0206473,16.9897,0.0131188,0.0139211,0.0428571,0.0444444,0.0139211,0.047,0.047,0.130952,57.73,4,50.9626,23.4007,9.99366,9.51588,0.0968196,99.9032
Y5/desc_only__f1_s0,2,0.0003,1,0.0996985,0.64545,7.4248,4.52065,0.030692,5.4501,0.0217169,0.0248841,0.0714286,0.0714286,0.0248841,0.079,0.069,0.0119048,23.9074,0,18.0345,12.9898,4.73973,5.21593,0.454868,99.5451
Y5/desc_only__f1_s0,3,0.0004,1,0.099397,0.643175,7.03839,4.14802,0.0429688,5.46001,0.0470442,0.0595054,0.0920635,0.0984127,0.0595054,0.096,0.112,0,9.84708,0,4.9473,5.70809,4.01502,4.07814,6.52182,93.4782
Y5/desc_only__f1_s0,4,0.0005,1,0.0990955,0.6409,6.8831,4.01084,0.0535714,5.58394,0.0493882,0.0912235,0.109524,0.12381,0.0912235,0.112,0.142,0,6.9519,0,2.39948,3.653,3.56426,3.51153,14.6329,85.3671
Y5/desc_only__f1_s0,5,0.000499968,1,0.098794,0.638625,6.69036,3.89617,0.0792411,5.46391,0.0727174,0.111681,0.125397,0.155556,0.111681,0.126,0.164,0,6.07541,0,1.87208,2.78309,3.51167,3.27643,12.3853,87.6147
Y5/desc_only__f1_s0,6,0.000499872,1,0.0984925,0.63635,6.63695,3.91506,0.0725446,5.5276,0.100526,0.120249,0.157143,0.165079,0.120249,0.147,0.172,0,6.24651,0,2.56679,2.95717,3.48131,3.01117,13.6299,86.3701
Y5/desc_only__f1_s0,7,0.000499711,1,0.098191,0.634075,6.23169,3.63101,0.0881696,5.41472,0.129055,0.173327,0.173016,0.219048,0.173327,0.188,0.239,0,7.10601,0,4.16264,2.9141,3.5378,2.97818,14.2525,85.7475
Y5/desc_only__f1_s0,8,0.000499486,1,0.0978894,0.6318,6.20321,3.65567,0.077567,5.40088,0.142389,0.188632,0.203175,0.238095,0.188632,0.206,0.252,0,6.27483,0,3.58939,2.43132,3.2434,2.72641,19.9793,80.0207
Y5/desc_only__f1_s0,9,0.000499197,1,0.0975879,0.629525,6.03141,3.52653,0.0820312,5.43475,0.165316,0.210261,0.219048,0.260317,0.210261,0.214,0.289,0,6.1172,0,3.45318,2.34895,3.17041,2.68291,20.7829,79.2171
Y5/desc_only__f1_s0,10,0.000498845,1,0.0972864,0.62725,6.21228,3.69249,0.108259,5.49743,0.141783,0.183277,0.185714,0.231746,0.210261,,,0,5.75843,0,2.8417,2.22698,3.306,2.53344,,
Y5/desc_only__f1_s0,11,0.000498428,1,0.0969849,0.624975,5.93894,3.49931,0.125558,5.4322,0.205619,0.250731,0.246032,0.292063,0.250731,0.283,0.312,0,5.63045,0,2.91041,1.73888,3.44377,2.43065,18.6641,81.3359
Y5/desc_only__f1_s0,12,0.000497947,1,0.0966834,0.6227,5.96541,3.52008,0.107701,5.43637,0.213564,0.243411,0.265079,0.292063,0.250731,,,0,6.4795,0,3.91168,2.0487,3.6125,2.40691,,
Y5/desc_only__f1_s0,13,0.000497403,1,0.0963819,0.620425,5.69437,3.33522,0.138393,5.47414,0.227644,0.268467,0.277778,0.31746,0.268467,0.282,0.33,0,6.72842,0,4.41915,2.05091,3.51342,2.42436,28.1201,71.8799
Y5/desc_only__f1_s0,14,0.000496795,1,0.0960804,0.61815,5.92123,3.51967,0.142299,5.37227,0.240572,0.264843,0.295238,0.314286,0.268467,,,0,5.89576,0,3.44041,1.86889,3.45005,2.28515,,
Y5/desc_only__f1_s0,15,0.000496124,1,0.0957789,0.615875,5.75359,3.40408,0.118862,5.53412,0.161829,0.242133,0.212698,0.290476,0.268467,,,0,6.47585,0,3.63113,1.98909,4.01848,2.2361,,
Y5/desc_only__f1_s0,16,0.000495389,1,0.0954774,0.6136,5.48272,3.21781,0.132254,5.55417,0.245925,0.258446,0.290476,0.307937,0.268467,,,0,6.82464,0,4.05615,1.94187,4.27351,2.28054,,
Y5/desc_only__f1_s0,17,0.000494592,1,0.0951759,0.611325,5.53238,3.27458,0.114955,5.51088,0.19675,0.274065,0.252381,0.31746,0.274065,0.272,0.366,0,7.06006,0,4.14028,2.3302,4.17952,2.2057,28.8466,71.1534
Y5/desc_only__f1_s0,18,0.000493731,1,0.0948744,0.60905,5.37169,3.15853,0.117746,5.3963,0.248461,0.276232,0.298413,0.319048,0.276232,0.346,0.372,0,6.80172,0,3.71785,2.22877,4.42369,2.25624,38.2252,61.7748
Y5/desc_only__f1_s0,19,0.000492808,1,0.0945729,0.606775,5.63593,3.3556,0.140625,5.41366,0.258443,0.292473,0.312698,0.333333,0.292473,0.333,0.361,0,6.96356,0,4.14676,2.08846,4.29607,2.09619,39.9468,60.0532
Y5/desc_only__f1_s0,20,0.000491823,1,0.0942714,0.6045,5.5463,3.29811,0.152902,5.45132,0.293514,0.289008,0.338095,0.333333,0.293514,0.349,0.384,0,6.68116,0,3.52796,1.85121,4.58018,2.08273,30.6908,69.3092
Y5/desc_only__f1_s0,21,0.000490775,1,0.0939698,0.602225,5.55468,3.31897,0.143973,5.44515,0.278693,0.275047,0.333333,0.32381,0.293514,,,0,7.6891,0,4.44984,2.03837,5.21567,2.17096,,
Y5/desc_only__f1_s0,22,0.000489666,1,0.0936683,0.59995,5.40443,3.20987,0.148438,5.43572,0.230849,0.263042,0.260317,0.3,0.293514,,,0,8.94167,1,6.16768,2.55785,4.80516,2.09588,,
Y5/desc_only__f1_s0,23,0.000488495,1,0.0933668,0.597675,5.41688,3.22918,0.110491,5.46185,0.301333,0.272813,0.352381,0.31746,0.301333,0.366,0.343,0,6.85468,0,4.20288,1.9235,4.28478,2.04892,47.0968,52.9032
Y5/desc_only__f1_s0,24,0.000487263,1,0.0930653,0.5954,5.41098,3.25103,0.121094,5.37521,0.299292,0.326108,0.34127,0.35873,0.326108,0.37,0.412,0,6.52327,0,3.74554,1.69742,4.45559,1.9881,37.9724,62.0276
Y5/desc_only__f1_s0,25,0.00048597,1,0.0927638,0.593125,5.27822,3.1502,0.188058,5.42682,0.285321,0.326472,0.326984,0.366667,0.326472,0.331,0.426,0,7.07454,0,4.64564,1.88153,4.27245,1.92775,35.3973,64.6027
Y5/desc_only__f1_s0,26,0.000484616,1,0.0924623,0.59085,5.20941,3.11825,0.188058,5.37328,0.332962,0.315486,0.371429,0.361905,0.332962,0.414,0.394,0,7.39604,0,5.05071,1.80064,4.28428,1.94615,38.5118,61.4882
Y5/desc_only__f1_s0,27,0.000483202,1,0.0921608,0.588575,4.87254,2.88797,0.157924,5.44725,0.275303,0.334733,0.314286,0.37619,0.334733,0.374,0.438,0,8.34194,0,5.98836,1.98694,4.77735,2.00746,36.9629,63.0371
Y5/desc_only__f1_s0,28,0.000481728,1,0.0918593,0.5863,5.1652,3.11099,0.231027,5.36925,0.283859,0.362086,0.319048,0.392063,0.362086,0.365,0.429,0,7.7848,0,5.49378,2.07063,4.27042,1.92169,38.0506,61.9494
Y5/desc_only__f1_s0,29,0.000480195,1,0.0915578,0.584025,5.15389,3.10584,0.177455,5.39007,0.376439,0.335351,0.398413,0.357143,0.376439,0.463,0.411,0,9.12211,0,7.31965,2.20402,4.19611,1.92566,39.7002,60.2998
Y5/desc_only__f1_s0,30,0.000478603,1,0.0912563,0.58175,5.00159,3.01096,0.125,5.38399,0.316986,0.36336,0.353968,0.396825,0.376439,,,0,8.71981,0,6.712,2.28855,4.20175,1.94327,,
Y5/desc_only__f1_s0,31,0.000476951,0,0.0909548,0.579475,4.10309,2.38205,0.445313,5.45002,0.377496,0.384966,0.407937,0.425397,0.384966,0.471,0.479,0,9.75614,0,7.92129,2.45569,4.31918,2.06487,34.1793,65.8207
Y5/desc_only__f1_s0,32,0.000475242,0,0.0906533,0.5772,3.99209,2.32184,0.449219,5.37397,0.326329,0.422511,0.353968,0.455556,0.422511,0.424,0.511,0,10.4938,0,8.67858,2.49992,4.55258,2.10352,36.4614,63.5386
Y5/desc_only__f1_s0,33,0.000473475,0,0.0903518,0.574925,3.9072,2.25954,0.47154,5.33936,0.36406,0.426679,0.412698,0.460317,0.426679,0.473,0.508,0,10.519,0,8.56061,2.80819,4.64347,2.06711,37.7412,62.2588
Y5/desc_only__f1_s0,34,0.00047165,0,0.0900503,0.57265,3.80924,2.20162,0.493304,5.35723,0.412827,0.437525,0.430159,0.465079,0.437525,0.499,0.533,0,12.2581,0,10.6205,2.70057,4.54685,2.05517,43.2573,56.7427
Y5/desc_only__f1_s0,35,0.000469769,0,0.0897487,0.570375,3.71319,2.14055,0.516183,5.4165,0.448531,0.426221,0.465079,0.461905,0.448531,0.51,0.531,0,11.367,0,9.83313,2.70358,4.14926,1.9923,41.6154,58.3846
Y5/desc_only__f1_s0,36,0.000467831,0,0.0894472,0.5681,3.64573,2.10535,0.520647,5.35721,0.43907,0.414284,0.455556,0.450794,0.448531,,,0,12.7811,0,11.149,3.05296,4.42514,2.04026,,
Y5/desc_only__f1_s0,37,0.000465837,0,0.0891457,0.565825,3.65197,2.11943,0.518973,5.46996,0.281337,0.419839,0.325397,0.455556,0.448531,,,0,12.8467,0,11.1706,3.19522,4.52072,2.00516,,
Y5/desc_only__f1_s0,38,0.000463788,0,0.0888442,0.56355,3.60244,2.07028,0.533482,5.38345,0.342312,0.41552,0.37619,0.447619,0.448531,,,0,10.9086,0,9.29907,2.72753,4.19176,1.98662,,
Y5/desc_only__f1_s0,39,0.000461685,0,0.0885427,0.561275,3.49332,2.02423,0.556362,5.45291,0.346493,0.480166,0.387302,0.506349,0.480166,0.426,0.592,0,11.1656,0,9.58575,2.58191,4.35664,1.94812,47.2424,52.7576
Y5/desc_only__f1_s0,40,0.000459526,0,0.0882412,0.559,3.4134,1.98079,0.557478,5.31413,0.526952,0.481223,0.546032,0.498413,0.526952,0.622,0.567,0,11.2465,0,9.88527,2.55775,3.99471,1.8817,51.4126,48.5874
Y5/desc_only__f1_s0,41,0.000457314,0,0.0879397,0.556725,3.36991,1.96156,0.568638,5.42149,0.52322,0.500089,0.536508,0.52381,0.526952,,,0,10.7126,0,9.12093,2.51717,4.29489,1.90611,,
Y5/desc_only__f1_s0,42,0.000455049,0,0.0876382,0.55445,3.31263,1.91719,0.584821,5.47061,0.486512,0.495597,0.514286,0.526984,0.526952,,,0,12.3876,0,11.0622,2.64559,4.10832,1.8903,,
Y5/desc_only__f1_s0,43,0.000452732,0,0.0873367,0.552175,3.24549,1.89556,0.579799,5.55865,0.517145,0.500471,0.538095,0.531746,0.526952,,,0,12.4911,0,11.0939,2.62106,4.29687,1.89417,,
Y5/desc_only__f1_s0,44,0.000450362,0,0.0870352,0.5499,3.14833,1.8218,0.608259,5.49188,0.38432,0.541674,0.425397,0.557143,0.541674,0.504,0.662,0,13.3033,0,11.8056,3.20629,4.1366,1.9178,44.0027,55.9973
Y5/desc_only__f1_s0,45,0.000447941,0,0.0867337,0.547625,3.20559,1.86509,0.603237,5.35145,0.455365,0.461168,0.484127,0.47619,0.541674,,,0,13.4626,0,12.1726,2.8752,4.16887,1.88495,,
Y5/desc_only__f1_s0,46,0.000445469,0,0.0864322,0.54535,3.07161,1.78281,0.623884,5.50526,0.540483,0.539792,0.557143,0.542857,0.541674,,,0,10.4622,0,9.25811,2.50604,3.4683,1.7722,,
Y5/desc_only__f1_s0,47,0.000442948,0,0.0861307,0.543075,3.05906,1.77714,0.626674,5.54775,0.43735,0.536846,0.455556,0.547619,0.541674,,,0,13.8816,0,12.6841,2.91491,3.94113,1.81845,,
Y5/desc_only__f1_s0,48,0.000440376,0,0.0858291,0.5408,3.01114,1.74966,0.641741,5.33443,0.466292,0.560174,0.477778,0.577778,0.560174,0.551,0.702,0,12.3212,0,11.196,2.59357,3.70506,1.7717,54.7256,45.2744
Y5/desc_only__f1_s0,49,0.000437756,0,0.0855276,0.538525,3.03353,1.77429,0.617746,5.3876,0.525745,0.521755,0.544444,0.534921,0.560174,,,0,13.1981,0,12.063,2.81057,3.8265,1.84304,,
Y5/desc_only__f1_s0,50,0.000435088,0,0.0852261,0.53625,2.9795,1.74671,0.641183,5.40935,0.46875,0.582973,0.480952,0.595238,0.582973,0.607,0.705,0,12.9962,0,11.8881,2.6303,3.72296,1.74281,43.739,56.2611
Y5/desc_only__f1_s0,51,0.000432373,0,0.0849246,0.533975,2.85624,1.67126,0.659598,5.3762,0.546013,0.546502,0.568254,0.566667,0.582973,,,0,11.9085,0,10.7837,2.57294,3.59082,1.71617,,
Y5/desc_only__f1_s0,52,0.000429611,0,0.0846231,0.5317,2.86105,1.6768,0.665179,5.39497,0.491897,0.51095,0.522222,0.536508,0.582973,,,0,13.3943,0,12.1448,3.27624,3.526,1.7228,,
Y5/desc_only__f1_s0,53,0.000426803,0,0.0843216,0.529425,2.86881,1.67659,0.655134,5.34304,0.441914,0.54642,0.469841,0.560317,0.582973,,,0,12.5101,0,11.3553,2.62409,3.71996,1.73059,,
Y5/desc_only__f1_s0,54,0.000423949,0,0.0840201,0.52715,2.8166,1.6465,0.681362,5.36063,0.555431,0.622643,0.579365,0.631746,0.622643,0.686,0.722,0,13.498,0,12.3248,2.99664,3.76566,1.71293,56.1211,43.8789
Y5/desc_only__f1_s0,55,0.000421051,0,0.0837186,0.524875,2.72136,1.59492,0.690848,5.59248,0.600894,0.555626,0.61746,0.571429,0.622643,,,0,12.2902,0,11.2766,2.64281,3.32265,1.6787,,
Y5/desc_only__f1_s0,56,0.00041811,0,0.0834171,0.5226,2.69534,1.59682,0.694196,5.41528,0.512158,0.551896,0.533333,0.568254,0.622643,,,0,11.7773,0,10.6049,2.48306,3.75342,1.70246,,
Y5/desc_only__f1_s0,57,0.000415125,0,0.0831156,0.520325,2.66232,1.56521,0.704799,5.33296,0.534472,0.615729,0.55873,0.625397,0.622643,,,0,12.2439,0,11.2485,2.55002,3.42222,1.62807,,
Y5/desc_only__f1_s0,58,0.000412098,0,0.0828141,0.51805,2.62772,1.54337,0.696429,5.3779,0.565262,0.653224,0.57619,0.657143,0.653224,0.705,0.758,0,11.3623,0,10.237,2.47496,3.51397,1.62993,55.7584,44.2416
Y5/desc_only__f1_s0,59,0.00040903,0,0.0825126,0.515775,2.56216,1.50902,0.720424,5.48974,0.57732,0.622688,0.595238,0.630159,0.653224,,,0,13.1982,0,12.2994,2.72339,3.2135,1.61307,,
Y5/desc_only__f1_s0,60,0.000405921,0,0.0822111,0.5135,2.50483,1.46575,0.729911,5.43299,0.566291,0.639264,0.587302,0.646032,0.653224,,,0,13.1005,0,12.186,2.4861,3.31237,1.6045,,
Y5/desc_only__f1_s0,61,0.000402773,0,0.0819095,0.511225,2.47797,1.45458,0.742746,5.30188,0.602652,0.6299,0.615873,0.646032,0.653224,,,0,12.9832,0,12.0371,2.60384,3.29541,1.60639,,
Y5/desc_only__f1_s0,62,0.000399585,0,0.081608,0.50895,2.46681,1.45864,0.733817,5.34915,0.6277,0.622264,0.639683,0.638095,0.653224,,,0,13.1588,0,12.2657,2.69991,3.15025,1.58801,,
Y5/desc_only__f1_s0,63,0.000396359,0,0.0813065,0.506675,2.42802,1.43646,0.742188,5.37184,0.546268,0.612842,0.569841,0.633333,0.653224,,,0,13.0489,0,12.0931,2.53464,3.36561,1.57012,,
Y5/desc_only__f1_s0,64,0.000393096,0,0.081005,0.5044,2.43656,1.45417,0.733817,5.52803,0.564537,0.610558,0.579365,0.626984,0.653224,,,0,13.1207,0,12.1819,2.77479,3.25843,1.54264,,
Y5/desc_only__f1_s0,65,0.000389796,0,0.0807035,0.502125,2.37622,1.41126,0.746652,5.30737,0.577663,0.658394,0.592063,0.666667,0.658394,0.755,0.826,0,12.1355,0,11.0547,2.73328,3.45916,1.60097,54.4443,45.5557
Y5/desc_only__f1_s0,66,0.000386461,0,0.080402,0.49985,2.32456,1.36679,0.760045,5.30896,0.534467,0.634291,0.560317,0.646032,0.658394,,,0,14.5413,0,13.6677,2.925,3.05451,1.56568,,
Y5/desc_only__f1_s0,67,0.000383091,0,0.0801005,0.497575,2.28742,1.3516,0.78125,5.38606,0.588791,0.623749,0.611111,0.639683,0.658394,,,0,11.9302,0,10.9888,2.6662,3.14162,1.4822,,
Y5/desc_only__f1_s0,68,0.000379687,0,0.079799,0.4953,2.34082,1.39329,0.754464,5.59372,0.649152,0.638025,0.661905,0.653968,0.658394,,,0,12.8797,0,12.0137,2.74988,3.00043,1.51843,,
Y5/desc_only__f1_s0,69,0.00037625,0,0.0794975,0.493025,2.20577,1.30437,0.796875,5.44019,0.595869,0.701138,0.601587,0.706349,0.701138,0.783,0.858,0,11.8118,0,10.9148,2.62671,2.99471,1.50746,58.7011,41.2989
Y5/desc_only__f1_s0,70,0.000372781,0,0.079196,0.49075,2.25585,1.34702,0.763393,5.31444,0.658172,0.679386,0.661905,0.687302,0.701138,,,0,13.4283,0,12.542,2.91214,3.02342,1.56467,,
Y5/desc_only__f1_s0,71,0.000369281,0,0.0788945,0.488475,2.20264,1.31572,0.785156,5.47238,0.61025,0.635164,0.620635,0.636508,0.701138,,,0,12.5261,0,11.6791,2.64882,2.97031,1.45815,,
Y5/desc_only__f1_s0,72,0.00036575,0,0.078593,0.4862,2.14697,1.2821,0.799665,5.43626,0.542853,0.677247,0.55873,0.68254,0.701138,,,0,11.4193,0,10.5927,2.50731,2.80585,1.43074,,
Y5/desc_only__f1_s0,73,0.00036219,0,0.0782915,0.483925,2.14965,1.29237,0.795759,5.43831,0.644938,0.676062,0.653968,0.680952,0.701138,,,0,11.4054,0,10.4798,2.59773,3.00988,1.45551,,
Y5/desc_only__f1_s0,74,0.000358601,0,0.0779899,0.48165,2.09119,1.25561,0.807478,5.38418,0.652499,0.680142,0.653968,0.688889,0.701138,,,0,12.4481,0,11.5097,2.83111,2.96547,1.44056,,
Y5/desc_only__f1_s0,75,0.000354985,0,0.0776884,0.479375,2.01703,1.20516,0.827009,5.47495,0.678849,0.682788,0.685714,0.685714,0.701138,0.882,0.898,0,11.5611,0,10.7804,2.50499,2.65663,1.35702,59.5494,40.4506
Y5/desc_only__f1_s0,76,0.000351343,0,0.0773869,0.4771,2.04482,1.23038,0.822545,5.41465,0.647276,0.672669,0.660317,0.679365,0.701138,,,0,11.482,0,10.6134,2.56583,2.89975,1.40493,,
Y5/desc_only__f1_s0,77,0.000347674,0,0.0770854,0.474825,2.01313,1.21017,0.813058,5.44347,0.563637,0.671769,0.57619,0.680952,0.701138,,,0,13.4793,0,12.7431,2.66961,2.87148,1.37385,,
Y5/desc_only__f1_s0,78,0.000343981,0,0.0767839,0.47255,2.05403,1.24139,0.805804,5.43179,0.647689,0.676204,0.660317,0.684127,0.701138,,,0,12.9181,0,11.965,2.99191,3.04172,1.4378,,
Y5/desc_only__f1_s0,79,0.000340265,0,0.0764824,0.470275,1.9806,1.19463,0.819196,5.3838,0.654106,0.684617,0.661905,0.692063,0.701138,,,0,11.2623,0,10.3703,2.62552,2.82481,1.38128,,
Y5/desc_only__f1_s0,80,0.000336525,0,0.0761809,0.468,1.96541,1.19228,0.829241,5.37131,0.546686,0.687091,0.557143,0.690476,0.701138,,,0,10.7031,0,9.81239,2.54062,2.80404,1.35033,,
Y5/desc_only__f1_s0,81,0.000332764,0,0.0758794,0.465725,1.96922,1.19024,0.826451,5.39813,0.656913,0.691626,0.65873,0.698413,0.701138,,,0,12.4013,0,11.5854,2.70628,2.78444,1.38621,,
Y5/desc_only__f1_s0,82,0.000328982,0,0.0755779,0.46345,1.91832,1.16796,0.830357,5.51642,0.638799,0.67449,0.653968,0.677778,0.701138,,,0,11.1976,0,10.3436,2.71297,2.69074,1.34169,,
Y5/desc_only__f1_s0,83,0.00032518,0,0.0752764,0.461175,1.93608,1.18167,0.827567,5.51641,0.648495,0.65471,0.655556,0.657143,0.701138,,,0,11.101,0,10.0271,2.91013,2.95628,1.3795,,
Y5/desc_only__f1_s0,84,0.000321359,0,0.0749749,0.4589,1.8667,1.13635,0.84933,5.4317,0.65835,0.686178,0.660317,0.690476,0.701138,,,0,13.2928,0,12.5022,2.79671,2.85792,1.3791,,
Y5/desc_only__f1_s0,85,0.00031752,0,0.0746734,0.456625,1.83021,1.11274,0.853795,5.49418,0.68519,0.669676,0.693651,0.67619,0.701138,,,0,12.8269,0,12.074,2.62199,2.73594,1.32626,,
Y5/desc_only__f1_s0,86,0.000313664,0,0.0743719,0.45435,1.82857,1.1248,0.842634,5.4657,0.661548,0.695363,0.668254,0.703175,0.701138,,,0,11.5127,0,10.6589,2.78668,2.71,1.32561,,
Y5/desc_only__f1_s0,87,0.000309793,0,0.0740704,0.452075,1.7653,1.0762,0.876116,5.43095,0.649672,0.693032,0.661905,0.7,0.701138,,,0,11.4549,0,10.7074,2.53617,2.47288,1.26491,,
Y5/desc_only__f1_s0,88,0.000305907,0,0.0737688,0.4498,1.79908,1.0997,0.860491,5.59659,0.618781,0.690023,0.620635,0.7,0.701138,,,0,11.2855,0,10.4734,2.79533,2.51724,1.26037,,
Y5/desc_only__f1_s0,89,0.000302006,0,0.0734673,0.447525,1.78941,1.10394,0.847656,5.48127,0.645511,0.685967,0.653968,0.695238,0.701138,,,0,11.2361,0,10.4362,2.66448,2.58311,1.2711,,
Y5/desc_only__f1_s0,90,0.000298093,0,0.0731658,0.44525,1.74333,1.06069,0.867188,5.44934,0.631892,0.620075,0.649206,0.642857,0.701138,,,0,11.5578,0,10.7083,2.91994,2.39711,1.26415,,
Y5/desc_only__f1_s0,91,0.000294168,0,0.0728643,0.442975,1.68062,1.03996,0.875,5.45847,0.649096,0.647777,0.663492,0.665079,0.701138,,,0,9.71417,0,8.88007,2.51879,2.37235,1.24136,,
Y5/desc_only__f1_s0,92,0.000290233,0,0.0725628,0.4407,1.68941,1.04865,0.876674,5.61319,0.632012,0.673952,0.64127,0.688889,0.701138,,,0,11.1725,0,10.3881,2.63426,2.59649,1.22206,,
Y5/desc_only__f1_s0,93,0.000286287,0,0.0722613,0.438425,1.65229,1.01723,0.888393,5.40455,0.633438,0.70578,0.642857,0.715873,0.70578,0.908,0.953,0,11.8123,0,11.114,2.66964,2.34215,1.19754,62.5886,37.4114
Y5/desc_only__f1_s0,94,0.000282333,0,0.0719598,0.43615,1.67056,1.02902,0.87779,5.42648,0.6824,0.68672,0.690476,0.695238,0.70578,,,0,11.7316,0,11.005,2.7345,2.40002,1.23858,,
Y5/desc_only__f1_s0,95,0.000278371,0,0.0716583,0.433875,1.61939,0.993804,0.888951,5.40291,0.69846,0.689296,0.706349,0.695238,0.70578,,,0,12.1902,0,11.4701,2.78952,2.38042,1.20465,,
Y5/desc_only__f1_s0,96,0.000274402,0,0.0713568,0.4316,1.66698,1.0318,0.86942,5.57318,0.6503,0.644769,0.65873,0.646032,0.70578,,,0.0119048,14.4062,0,13.1315,4.4712,2.35544,1.22597,,
Y5/desc_only__f1_s0,97,0.000270428,0,0.0710553,0.429325,1.76547,1.0927,0.84654,5.3881,0.601451,0.614475,0.615873,0.628571,0.70578,,,0,13.557,0,12.516,3.61726,2.7931,1.36811,,
Y5/desc_only__f1_s0,98,0.000266449,0,0.0707538,0.42705,1.69011,1.05149,0.862165,5.42736,0.670675,0.628087,0.674603,0.636508,0.70578,,,0,11.227,0,10.3997,2.81297,2.42877,1.2603,,
Y5/desc_only__f1_s0,99,0.000262466,0,0.0704523,0.424775,1.61633,1.00911,0.888951,5.50239,0.692995,0.649781,0.703175,0.655556,0.70578,,,0,11.3807,0,10.6351,2.63791,2.44643,1.19426,,
Y5/desc_only__f1_s0,100,0.000258481,0,0.0701508,0.4225,1.53171,0.949431,0.901786,5.44308,0.630889,0.676799,0.644444,0.68254,0.70578,0.926,0.94,0,10.8065,0,10.1003,2.67769,2.11038,1.14362,66.3632,33.6368
Y5/desc_only__f1_s0,101,0.000254494,0,0.0698492,0.420225,1.51906,0.951082,0.90346,5.42122,0.627057,0.689555,0.636508,0.695238,0.70578,,,0,9.95108,0,9.23834,2.41711,2.25164,1.14008,,
Y5/desc_only__f1_s0,102,0.000250506,0,0.0695477,0.41795,1.5481,0.95835,0.898438,5.39748,0.690375,0.706208,0.696825,0.712698,0.706208,0.951,0.969,0,11.6838,0,11.0323,2.6309,2.20613,1.14853,66.3233,33.6767
Y5/desc_only__f1_s0,103,0.000246519,0,0.0692462,0.415675,1.48217,0.921498,0.912946,5.42646,0.678175,0.724627,0.687302,0.728571,0.724627,0.961,0.97,0,9.37065,0,8.65848,2.42172,2.14758,1.09295,65.6053,34.3947
Y5/desc_only__f1_s0,104,0.000242534,0,0.0689447,0.4134,1.46817,0.924236,0.915179,5.3415,0.670451,0.702448,0.685714,0.709524,0.724627,,,0,11.4957,0,10.8565,2.61855,2.05875,1.10349,,
Y5/desc_only__f1_s0,105,0.000238551,0,0.0686432,0.411125,1.46298,0.916244,0.915737,5.60513,0.652756,0.703621,0.653968,0.711111,0.724627,,,0,10.0664,0,9.37486,2.46881,2.14264,1.0957,,
Y5/desc_only__f1_s0,106,0.000234572,0,0.0683417,0.40885,1.47799,0.936029,0.902344,5.36377,0.698866,0.708396,0.706349,0.715873,0.724627,,,0,9.84459,0,9.14089,2.42916,2.15543,1.09661,,
Y5/desc_only__f1_s0,107,0.000230598,0,0.0680402,0.406575,1.45264,0.916197,0.913504,5.41105,0.709021,0.704398,0.715873,0.71746,0.724627,,,0,9.91904,0,9.26471,2.42007,2.05127,1.06902,,
Y5/desc_only__f1_s0,108,0.000226629,0,0.0677387,0.4043,1.40485,0.889311,0.916295,5.47558,0.618101,0.709551,0.628571,0.719048,0.724627,,,0,9.02079,0,8.32136,2.34339,2.02356,1.05637,,
Y5/desc_only__f1_s0,109,0.000222667,0,0.0674372,0.402025,1.39068,0.885459,0.919085,5.48039,0.670526,0.713774,0.677778,0.722222,0.724627,,,0,9.21223,0,8.4979,2.41532,2.07208,1.09151,,
Y5/desc_only__f1_s0,110,0.000218713,0,0.0671357,0.39975,1.41178,0.900637,0.914621,5.57854,0.673268,0.702601,0.674603,0.709524,0.724627,,,0,10.2985,0,9.61936,2.57081,2.05153,1.06932,,
Y5/desc_only__f1_s0,111,0.000214767,0,0.0668342,0.397475,1.40888,0.895737,0.907924,5.5055,0.682418,0.706632,0.688889,0.712698,0.724627,,,0,10.7306,0,10.0757,2.5279,2.15095,1.07022,,
Y5/desc_only__f1_s0,112,0.000210832,0,0.0665327,0.3952,1.37184,0.878456,0.924107,5.51723,0.697204,0.712871,0.704762,0.71746,0.724627,,,0,9.73933,0,9.06575,2.45983,2.0292,1.03297,,
Y5/desc_only__f1_s0,113,0.000206907,0,0.0662312,0.392925,1.34445,0.864519,0.923549,5.42916,0.688544,0.704101,0.7,0.711111,0.724627,,,0,9.22998,0,8.62324,2.23977,1.89058,0.990941,,
Y5/desc_only__f1_s0,114,0.000202994,0,0.0659296,0.39065,1.33404,0.853667,0.926897,5.45374,0.697848,0.711818,0.706349,0.714286,0.724627,,,0,10.1266,0,9.36321,2.76107,2.05129,1.00669,,
Y5/desc_only__f1_s0,115,0.000199093,0,0.0656281,0.388375,1.3269,0.858146,0.929688,5.68617,0.693771,0.700594,0.696825,0.709524,0.724627,,,0,9.80447,0,9.19184,2.37094,1.91675,1.02844,,
Y5/desc_only__f1_s0,116,0.000195207,0,0.0653266,0.3861,1.30718,0.833219,0.935826,5.41551,0.685486,0.708614,0.690476,0.71746,0.724627,,,0,9.92584,0,9.31327,2.36549,1.91906,1.00687,,
Y5/desc_only__f1_s0,117,0.000191336,0,0.0650251,0.383825,1.27791,0.823855,0.936384,5.46905,0.697847,0.708144,0.704762,0.715873,0.724627,,,0,8.59233,0,7.97972,2.16972,1.78687,0.946213,,
Y5/desc_only__f1_s0,118,0.00018748,0,0.0647236,0.38155,1.27432,0.824005,0.93471,5.52451,0.662928,0.711671,0.671429,0.71746,0.724627,,,0,8.95967,0,8.33121,2.28216,1.85038,0.975664,,
Y5/desc_only__f1_s0,119,0.000183641,0,0.0644221,0.379275,1.27065,0.82677,0.925781,5.52587,0.702262,0.70426,0.707937,0.707937,0.724627,,,0,9.90256,0,9.28312,2.45986,1.86193,0.983746,,
Y5/desc_only__f1_s0,120,0.00017982,0,0.0641206,0.377,1.25957,0.824114,0.930246,5.48578,0.680226,0.694881,0.685714,0.7,0.724627,,,0,9.44865,0,8.82464,2.36262,1.90233,0.951607,,
Y5/desc_only__f1_s0,121,0.000176018,0,0.0638191,0.374725,1.23451,0.807198,0.941406,5.57221,0.707727,0.706349,0.711111,0.711111,0.724627,,,0,8.47519,0,7.84285,2.23052,1.80706,0.927899,,
Y5/desc_only__f1_s0,122,0.000172236,0,0.0635176,0.37245,1.26389,0.826405,0.930246,5.56798,0.65831,0.670876,0.663492,0.679365,0.724627,,,0,10.9862,1,10.2231,3.02991,1.91339,0.987749,,
Y5/desc_only__f1_s0,123,0.000168475,0,0.0632161,0.370175,1.27706,0.827691,0.935268,5.49445,0.660391,0.672838,0.669841,0.68254,0.724627,,,0,10.7998,0,10.0512,3.0077,1.9158,0.982049,,
Y5/desc_only__f1_s0,124,0.000164735,0,0.0629146,0.3679,1.25415,0.818859,0.929129,5.48454,0.710685,0.693641,0.719048,0.704762,0.724627,,,0,9.77162,0,9.10763,2.5158,1.96158,0.996437,,
Y5/desc_only__f1_s0,125,0.000161019,0,0.0626131,0.365625,1.23956,0.81605,0.931362,5.66762,0.712938,0.702111,0.719048,0.709524,0.724627,0.991,0.981,0,9.31792,0,8.61213,2.5541,1.91484,1.00041,65.4484,34.5516
Y5/desc_only__f1_s0,126,0.000157326,0,0.0623116,0.36335,1.23191,0.806196,0.931362,5.49575,0.69722,0.706446,0.704762,0.714286,0.724627,,,0,9.44195,0,8.8703,2.29126,1.78826,0.939941,,
Y5/desc_only__f1_s0,127,0.000153657,0,0.0620101,0.361075,1.21554,0.801958,0.936384,5.42899,0.697548,0.703485,0.704762,0.711111,0.724627,,,0,9.96975,0,9.29163,2.70669,1.76395,0.950736,,
Y5/desc_only__f1_s0,128,0.000150015,0,0.0617085,0.3588,1.16338,0.77047,0.946429,5.43422,0.69795,0.705355,0.7,0.712698,0.724627,,,0,7.70041,0,7.00822,2.31612,1.72518,0.891953,,
Y5/desc_only__f1_s0,129,0.000146399,0,0.061407,0.356525,1.18348,0.783373,0.9375,5.59987,0.721796,0.704563,0.731746,0.711111,0.724627,,,0,9.33262,0,8.70665,2.40585,1.81171,0.941141,,
Y5/desc_only__f1_s0,130,0.00014281,0,0.0611055,0.35425,1.14903,0.764603,0.941964,5.45035,0.699916,0.711004,0.707937,0.715873,0.724627,,,0,8.97706,0,8.36549,2.32038,1.80138,0.914575,,
Y5/desc_only__f1_s0,131,0.00013925,0,0.060804,0.351975,1.17103,0.781022,0.9375,5.47986,0.691824,0.698226,0.701587,0.704762,0.724627,,,0,8.99959,0,8.44829,2.25004,1.64379,0.906383,,
Y5/desc_only__f1_s0,132,0.000135719,0,0.0605025,0.3497,1.15567,0.773842,0.941964,5.48616,0.687458,0.704373,0.692063,0.711111,0.724627,,,0,8.55097,0,7.92874,2.32204,1.69939,0.908175,,
Y5/desc_only__f1_s0,133,0.000132219,0,0.060201,0.347425,1.10846,0.738993,0.954241,5.46384,0.693591,0.710859,0.7,0.71746,0.724627,,,0,8.09477,0,7.56795,2.03089,1.54426,0.828445,,
Y5/desc_only__f1_s0,134,0.00012875,0,0.0598995,0.34515,1.09354,0.731064,0.949219,5.55377,0.700659,0.709597,0.711111,0.712698,0.724627,,,0,8.80345,0,8.19142,2.44372,1.57505,0.882169,,
Y5/desc_only__f1_s0,135,0.000125313,0,0.059598,0.342875,1.09902,0.734773,0.955357,5.5119,0.695833,0.704942,0.706349,0.709524,0.724627,,,0,7.82692,0,7.19577,2.31343,1.553,0.851433,,
Y5/desc_only__f1_s0,136,0.000121909,0,0.0592965,0.3406,1.10114,0.745022,0.948661,5.47008,0.713752,0.717796,0.719048,0.722222,0.724627,,,0,9.07652,0,8.5428,2.19831,1.6271,0.89103,,
Y5/desc_only__f1_s0,137,0.000118539,0,0.058995,0.338325,1.06983,0.713319,0.962054,5.44314,0.706652,0.707433,0.712698,0.712698,0.724627,,,0,7.93935,0,7.38822,2.12167,1.56736,0.834439,,
Y5/desc_only__f1_s0,138,0.000115204,0,0.0586935,0.33605,1.0857,0.737496,0.949777,5.38566,0.683358,0.69746,0.693651,0.703175,0.724627,,,0,7.4179,0,6.80954,2.14819,1.56038,0.864363,,
Y5/desc_only__f1_s0,139,0.000111904,0,0.058392,0.333775,1.06861,0.725443,0.955915,5.67589,0.681429,0.710697,0.684127,0.715873,0.724627,,,0,8.46465,0,7.91103,2.18481,1.61691,0.838267,,
Y5/desc_only__f1_s0,140,0.000108641,0,0.0580905,0.3315,1.04772,0.706987,0.956473,5.49274,0.664919,0.710253,0.666667,0.714286,0.724627,,,0.0119048,10.2068,0,9.25628,3.44853,1.54382,0.834537,,
Y5/desc_only__f1_s0,141,0.000105415,0,0.0577889,0.329225,1.05705,0.715994,0.946987,5.47457,0.707432,0.712024,0.711111,0.719048,0.724627,,,0,8.76909,0,8.19404,2.29072,1.66277,0.869989,,
Y5/desc_only__f1_s0,142,0.000102227,0,0.0574874,0.32695,1.03649,0.705442,0.958705,5.48507,0.694713,0.721074,0.703175,0.728571,0.724627,,,0,8.19883,0,7.62715,2.27455,1.507,0.835017,,
Y5/desc_only__f1_s0,143,9.90786e-05,0,0.0571859,0.324675,1.01302,0.688012,0.957031,5.37536,0.717998,0.717599,0.72381,0.725397,0.724627,0.994,0.995,0,7.66607,0,7.12772,2.0775,1.49179,0.798389,,
Y5/spatial_repair__f0_s0,1,0.0002,1,0.1,0.647725,8.23516,5.32009,0.0172991,15.4495,0.0107548,0.0109752,0.0349206,0.0301587,0.0109752,0.047,0.037,0.0238095,31.4923,3,25.0423,14.9608,8.37924,8.23972,0.0158128,99.9842
Y5/spatial_repair__f0_s0,2,0.0003,1,0.0996985,0.64545,7.3296,4.4261,0.030692,5.53499,0.0234618,0.0445863,0.0746032,0.0857143,0.0445863,0.081,0.089,0.0119048,15.4596,0,8.59956,9.47714,4.82983,5.39509,0.118252,99.8818
Y5/spatial_repair__f0_s0,3,0.0004,1,0.099397,0.643175,6.93127,4.04091,0.0535714,5.59111,0.0652997,0.0723348,0.107937,0.114286,0.0723348,0.13,0.137,0,8.19748,0,2.60382,4.27929,4.25818,4.3593,1.54217,98.4578
Y5/spatial_repair__f0_s0,4,0.0005,1,0.0990955,0.6409,6.74912,3.8979,0.0597098,5.56051,0.122921,0.141431,0.177778,0.198413,0.141431,0.183,0.208,0,8.20238,0,3.81802,4.05136,3.84182,3.88236,13.2225,86.7775
Y5/spatial_repair__f0_s0,5,0.000499968,1,0.098794,0.638625,6.38713,3.69128,0.0948661,5.5022,0.131683,0.169239,0.188889,0.234921,0.169239,0.19,0.249,0,7.48361,0,4.44951,2.7314,3.44498,3.57723,20.5206,79.4794
Y5/spatial_repair__f0_s0,6,0.000499872,1,0.0984925,0.63635,6.26962,3.68471,0.100446,5.49292,0.153206,0.169404,0.21746,0.228571,0.169404,0.221,0.265,0,6.75021,0,3.93503,2.45885,3.21966,3.12937,24.3745,75.6255
Y5/spatial_repair__f0_s0,7,0.000499711,1,0.098191,0.634075,5.96769,3.46706,0.0959821,5.52924,0.163392,0.206357,0.226984,0.255556,0.206357,0.243,0.3,0,6.36461,0,3.36734,2.00572,3.47125,3.10083,25.0815,74.9185
Y5/spatial_repair__f0_s0,8,0.000499486,1,0.0978894,0.6318,6.03663,3.53323,0.0809152,5.47886,0.167783,0.22916,0.21746,0.273016,0.22916,0.278,0.336,0,6.88998,0,4.27899,1.88152,3.57638,2.90546,24.8878,75.1122
Y5/spatial_repair__f0_s0,9,0.000499197,1,0.0975879,0.629525,5.82915,3.38128,0.0915179,5.57669,0.229436,0.23514,0.268254,0.290476,0.23514,0.307,0.336,0,6.63981,0,4.09398,1.86588,3.42036,2.81531,23.6728,76.3272
Y5/spatial_repair__f0_s0,10,0.000498845,1,0.0972864,0.62725,6.10324,3.60578,0.125558,5.56039,0.174966,0.228514,0.247619,0.284127,0.23514,,,0,6.56202,0,3.26426,2.10907,3.94707,2.73907,,
Y5/spatial_repair__f0_s0,11,0.000498428,1,0.0969849,0.624975,5.82406,3.4174,0.142857,5.70032,0.225276,0.275845,0.290476,0.319048,0.275845,0.325,0.349,0,6.01018,0,3.462,1.71218,3.42203,2.53219,23.6697,76.3303
Y5/spatial_repair__f0_s0,12,0.000497947,1,0.0966834,0.6227,5.78416,3.39512,0.12779,5.51882,0.267429,0.296415,0.319048,0.342857,0.296415,0.333,0.388,0,6.6725,0,4.09439,1.84143,3.77066,2.42392,29.0254,70.9746
Y5/spatial_repair__f0_s0,13,0.000497403,1,0.0963819,0.620425,5.43816,3.17023,0.181362,5.55621,0.231135,0.336589,0.285714,0.379365,0.336589,0.357,0.409,0,8.11701,0,5.92014,1.96625,3.97954,2.55319,28.8774,71.1226
Y5/spatial_repair__f0_s0,14,0.000496795,1,0.0960804,0.61815,5.67441,3.35388,0.170759,5.52395,0.271696,0.296396,0.319048,0.336508,0.336589,,,0,6.70747,0,4.57027,1.75744,3.48437,2.32813,,
Y5/spatial_repair__f0_s0,15,0.000496124,1,0.0957789,0.615875,5.47712,3.2152,0.155692,5.71494,0.203658,0.331194,0.247619,0.369841,0.336589,,,0,8.01536,0,5.57474,2.0987,4.16437,2.41193,,
Y5/spatial_repair__f0_s0,16,0.000495389,1,0.0954774,0.6136,5.19949,3.034,0.165737,5.48794,0.253502,0.357418,0.279365,0.395238,0.357418,0.328,0.463,0,7.81074,0,5.62772,2.17643,3.65263,2.42936,32.881,67.119
Y5/spatial_repair__f0_s0,17,0.000494592,1,0.0951759,0.611325,5.21317,3.06019,0.157924,5.57392,0.313917,0.352503,0.350794,0.392063,0.357418,,,0,9.59399,0,7.81091,2.1642,3.87972,2.33757,,
Y5/spatial_repair__f0_s0,18,0.000493731,1,0.0948744,0.60905,5.03425,2.94152,0.143973,5.66326,0.303378,0.353273,0.349206,0.388889,0.357418,,,0,7.98339,0,5.86229,2.37061,3.75933,2.38878,,
Y5/spatial_repair__f0_s0,19,0.000492808,1,0.0945729,0.606775,5.38966,3.21253,0.155692,5.60353,0.319852,0.32951,0.35873,0.371429,0.357418,,,0,7.88153,0,5.61547,2.16628,3.92402,2.29229,,
Y5/spatial_repair__f0_s0,20,0.000491823,1,0.0942714,0.6045,5.21195,3.08509,0.204241,5.5772,0.289991,0.35805,0.336508,0.401587,0.35805,0.397,0.494,0,8.48614,0,6.71149,2.00913,3.70641,2.13793,32.3433,67.6567
Y5/spatial_repair__f0_s0,21,0.000490775,1,0.0939698,0.602225,5.19556,3.0851,0.189174,5.50383,0.284184,0.360362,0.330159,0.406349,0.360362,0.375,0.508,0,8.38605,0,6.42136,2.1387,3.8845,2.2339,35.2714,64.7286
Y5/spatial_repair__f0_s0,22,0.000489666,1,0.0936683,0.59995,5.09651,3.02619,0.176339,5.42208,0.306554,0.420278,0.353968,0.457143,0.420278,0.425,0.541,0,8.51902,0,6.64697,2.08363,3.67617,2.18305,34.2276,65.7724
Y5/spatial_repair__f0_s0,23,0.000488495,1,0.0933668,0.597675,5.1348,3.06318,0.148996,5.54003,0.267804,0.389051,0.309524,0.431746,0.420278,,,0,7.49333,0,5.44437,1.96311,3.83633,2.10277,,
Y5/spatial_repair__f0_s0,24,0.000487263,1,0.0930653,0.5954,5.11803,3.06001,0.126116,5.47194,0.352339,0.404112,0.390476,0.439683,0.420278,,,0,7.53998,0,5.84008,1.9653,3.45711,2.04024,,
Y5/spatial_repair__f0_s0,25,0.00048597,1,0.0927638,0.593125,5.05032,3.01073,0.200893,5.54016,0.368006,0.408587,0.401587,0.444444,0.420278,0.478,0.536,0,8.47643,0,6.805,2.17346,3.51298,2.08027,38.8294,61.1706
Y5/spatial_repair__f0_s0,26,0.000484616,1,0.0924623,0.59085,4.97327,2.97821,0.21875,5.50607,0.306607,0.424818,0.355556,0.460317,0.424818,0.415,0.558,0,7.90042,0,6.17847,2.1654,3.51714,2.03694,35.9609,64.0391
Y5/spatial_repair__f0_s0,27,0.000483202,1,0.0921608,0.588575,4.62504,2.73522,0.179129,5.49303,0.358885,0.433114,0.396825,0.466667,0.433114,0.474,0.544,0,8.97034,0,7.27944,2.15861,3.66056,2.01,37.8309,62.1691
Y5/spatial_repair__f0_s0,28,0.000481728,1,0.0918593,0.5863,4.90356,2.93787,0.266741,5.46776,0.367595,0.432245,0.403175,0.469841,0.433114,,,0,9.22,0,7.53368,2.25091,3.6451,1.99717,,
Y5/spatial_repair__f0_s0,29,0.000480195,1,0.0915578,0.584025,4.89468,2.93672,0.209821,5.47,0.409856,0.438612,0.439683,0.471429,0.438612,0.546,0.585,0,9.32006,0,7.73864,2.26317,3.73309,1.94575,40.6367,59.3633
Y5/spatial_repair__f0_s0,30,0.000478603,1,0.0912563,0.58175,4.80447,2.88168,0.144531,5.50918,0.371689,0.420285,0.411111,0.449206,0.438612,,,0,9.09258,0,7.3191,2.25636,3.9449,1.99942,,
Y5/spatial_repair__f0_s0,31,0.000476951,0,0.0909548,0.579475,3.80092,2.18568,0.503348,5.37979,0.415571,0.396433,0.442857,0.422222,0.438612,,,0,11.5274,0,10.0657,2.9375,3.69093,2.15779,,
Y5/spatial_repair__f0_s0,32,0.000475242,0,0.0906533,0.5772,3.73134,2.1405,0.515067,5.37115,0.422593,0.428477,0.450794,0.452381,0.438612,,,0,11.7956,0,10.3089,3.00139,3.78789,2.19332,,
Y5/spatial_repair__f0_s0,33,0.000473475,0,0.0903518,0.574925,3.67933,2.11676,0.521205,5.50186,0.483852,0.463081,0.506349,0.477778,0.483852,0.583,0.614,0,11.6758,0,10.2186,2.89692,3.88244,2.12407,38.2215,61.7785
Y5/spatial_repair__f0_s0,34,0.00047165,0,0.0900503,0.57265,3.58287,2.07383,0.520089,5.36596,0.45442,0.484132,0.488889,0.503175,0.484132,0.597,0.645,0,12.817,0,11.3485,2.85232,4.15106,2.13071,38.8884,61.1116
Y5/spatial_repair__f0_s0,35,0.000469769,0,0.0897487,0.570375,3.52325,2.03128,0.564174,5.40268,0.4704,0.49756,0.485714,0.52381,0.49756,0.603,0.631,0,13.1668,0,11.8465,2.94824,3.99026,2.11219,40.5219,59.4781
Y5/spatial_repair__f0_s0,36,0.000467831,0,0.0894472,0.5681,3.36519,1.93842,0.587054,5.37662,0.390677,0.520777,0.412698,0.539683,0.520777,0.489,0.65,0,14.0733,0,12.9086,2.97549,3.83308,1.99554,41.8935,58.1065
Y5/spatial_repair__f0_s0,37,0.000465837,0,0.0891457,0.565825,3.33209,1.90609,0.584821,5.48562,0.460889,0.520801,0.480952,0.54127,0.520801,0.611,0.662,0,15.2765,0,14.1027,3.15092,3.91577,2.00723,45.3884,54.6116
Y5/spatial_repair__f0_s0,38,0.000463788,0,0.0888442,0.56355,3.26393,1.88235,0.607143,5.42838,0.501397,0.543475,0.520635,0.561905,0.543475,0.637,0.679,0,12.546,0,11.2781,2.79117,3.82482,1.94186,45.8977,54.1023
Y5/spatial_repair__f0_s0,39,0.000461685,0,0.0885427,0.561275,3.17633,1.83445,0.616071,5.38187,0.51335,0.520047,0.536508,0.54127,0.543475,,,0,12.9674,0,11.7536,2.97551,3.62478,1.95973,,
Y5/spatial_repair__f0_s0,40,0.000459526,0,0.0882412,0.559,3.13692,1.83037,0.623326,5.50204,0.51958,0.539043,0.534921,0.557143,0.543475,,,0,13.2161,0,12.0965,2.89165,3.55417,1.88961,,
Y5/spatial_repair__f0_s0,41,0.000457314,0,0.0879397,0.556725,3.04602,1.76039,0.628348,5.59001,0.532622,0.549993,0.549206,0.568254,0.549993,0.665,0.718,0,13.3695,0,12.2791,2.85339,3.60783,1.91099,48.0044,51.9956
Y5/spatial_repair__f0_s0,42,0.000455049,0,0.0876382,0.55445,3.00636,1.74305,0.644531,5.49232,0.499355,0.555136,0.522222,0.571429,0.555136,0.653,0.756,0,15.0173,0,14.0224,2.92915,3.49821,1.91451,48.3437,51.6563
Y5/spatial_repair__f0_s0,43,0.000452732,0,0.0873367,0.552175,2.95231,1.71327,0.663504,5.54919,0.560345,0.548072,0.58254,0.561905,0.560345,0.723,0.722,0,13.5555,0,12.4629,2.89594,3.54267,1.88487,52.0989,47.9011
Y5/spatial_repair__f0_s0,44,0.000450362,0,0.0870352,0.5499,2.92827,1.69983,0.669643,5.56577,0.479168,0.586411,0.503175,0.6,0.586411,0.643,0.77,0,14.5037,0,13.5121,2.96101,3.40957,1.88288,50.7215,49.2785
Y5/spatial_repair__f0_s0,45,0.000447941,0,0.0867337,0.547625,2.79426,1.61585,0.688058,5.43922,0.585521,0.603548,0.598413,0.619048,0.603548,0.76,0.787,0,12.6022,0,11.5361,2.68956,3.27588,1.84504,49.792,50.208
Y5/spatial_repair__f0_s0,46,0.000445469,0,0.0864322,0.54535,2.84726,1.6519,0.674107,5.544,0.58562,0.601649,0.598413,0.622222,0.603548,,,0,16.6198,0,15.7457,3.07017,3.32502,1.82293,,
Y5/spatial_repair__f0_s0,47,0.000442948,0,0.0861307,0.543075,2.74306,1.60731,0.68471,5.5194,0.585841,0.592104,0.604762,0.604762,0.603548,,,0,11.6837,0,10.5889,2.67987,3.25421,1.78784,,
Y5/spatial_repair__f0_s0,48,0.000440376,0,0.0858291,0.5408,2.69407,1.57239,0.710379,5.74247,0.537243,0.606331,0.560317,0.619048,0.606331,0.709,0.808,0,13.0575,0,12.0806,2.79284,3.26699,1.7605,54.4819,45.5181
Y5/spatial_repair__f0_s0,49,0.000437756,0,0.0855276,0.538525,2.62806,1.53304,0.71875,5.41993,0.575483,0.619472,0.595238,0.634921,0.619472,0.787,0.826,0,12.6277,0,11.6831,2.79429,2.96979,1.72968,54.4021,45.5979
Y5/spatial_repair__f0_s0,50,0.000435088,0,0.0852261,0.53625,2.58033,1.50514,0.728795,5.41837,0.584728,0.617967,0.592063,0.634921,0.619472,0.784,0.819,0,15.8307,0,15.0127,3.11411,3.05628,1.72588,56.2104,43.7896
Y5/spatial_repair__f0_s0,51,0.000432373,0,0.0849246,0.533975,2.6457,1.55653,0.711496,5.47743,0.586493,0.614802,0.609524,0.630159,0.619472,,,0,14.2923,0,13.442,2.78161,3.08012,1.7155,,
Y5/spatial_repair__f0_s0,52,0.000429611,0,0.0846231,0.5317,2.54055,1.48238,0.741071,5.57372,0.57189,0.606164,0.598413,0.620635,0.619472,,,0,15.2267,0,14.335,3.16032,2.92086,1.69162,,
Y5/spatial_repair__f0_s0,53,0.000426803,0,0.0843216,0.529425,2.51497,1.46124,0.734375,5.45465,0.56277,0.60226,0.58254,0.615873,0.619472,,,0,13.0038,0,12.0634,3.01578,2.90853,1.68275,,
Y5/spatial_repair__f0_s0,54,0.000423949,0,0.0840201,0.52715,2.4897,1.45611,0.728237,5.41429,0.582486,0.616696,0.6,0.628571,0.619472,,,0,15.8313,0,14.9624,3.1775,3.0996,1.70744,,
Y5/spatial_repair__f0_s0,55,0.000421051,0,0.0837186,0.524875,2.49996,1.4645,0.746652,5.27788,0.573749,0.613252,0.585714,0.622222,0.619472,,,0.0119048,16.1945,1,15.3961,3.14866,2.90869,1.67782,,
Y5/spatial_repair__f0_s0,56,0.00041811,0,0.0834171,0.5226,2.47936,1.45925,0.740513,5.35925,0.606273,0.627472,0.609524,0.638095,0.627472,0.832,0.851,0,13.3278,0,12.5467,2.82881,2.6406,1.65411,63.694,36.306
Y5/spatial_repair__f0_s0,57,0.000415125,0,0.0831156,0.520325,2.4078,1.41272,0.77567,5.31423,0.516814,0.646363,0.534921,0.653968,0.646363,0.721,0.863,0,15.7516,0,14.997,3.07259,2.82927,1.63835,63.3117,36.6883
Y5/spatial_repair__f0_s0,58,0.000412098,0,0.0828141,0.51805,2.37154,1.40047,0.762835,5.42213,0.599501,0.644857,0.607937,0.655556,0.646363,,,0,13.1758,0,12.3206,2.90227,2.68748,1.60329,,
Y5/spatial_repair__f0_s0,59,0.00040903,0,0.0825126,0.515775,2.30808,1.36251,0.787946,5.401,0.560665,0.647111,0.573016,0.65873,0.647111,0.78,0.884,0,13.3352,0,12.474,2.88488,2.85398,1.58787,64.0911,35.9089
Y5/spatial_repair__f0_s0,60,0.000405921,0,0.0822111,0.5135,2.321,1.3735,0.763951,5.38521,0.630128,0.644288,0.646032,0.655556,0.647111,,,0,14.5777,0,13.8298,3.07984,2.47833,1.61365,,
Y5/spatial_repair__f0_s0,61,0.000402773,0,0.0819095,0.511225,2.3016,1.37236,0.773996,5.54735,0.585438,0.645236,0.6,0.657143,0.647111,,,0,12.6097,0,11.7885,2.89203,2.58585,1.58992,,
Y5/spatial_repair__f0_s0,62,0.000399585,0,0.081608,0.50895,2.27152,1.34257,0.787388,5.39055,0.640878,0.650046,0.649206,0.660317,0.650046,0.868,0.871,0,13.7663,0,12.9581,3.05675,2.56751,1.54981,60.614,39.386
Y5/spatial_repair__f0_s0,63,0.000396359,0,0.0813065,0.506675,2.18423,1.29246,0.800223,5.39504,0.585178,0.645504,0.603175,0.652381,0.650046,,,0,14.1737,0,13.4285,2.90468,2.57445,1.54406,,
Y5/spatial_repair__f0_s0,64,0.000393096,0,0.081005,0.5044,2.17601,1.28536,0.801897,5.33492,0.606743,0.656459,0.615873,0.661905,0.656459,0.856,0.905,0,17.2583,0,16.2554,4.08157,2.73873,1.56348,66.5087,33.4914
Y5/spatial_repair__f0_s0,65,0.000389796,0,0.0807035,0.502125,2.14068,1.2718,0.810826,5.45293,0.571349,0.647074,0.584127,0.653968,0.656459,,,0,14.3305,0,13.5518,2.98467,2.70944,1.52349,,
Y5/spatial_repair__f0_s0,66,0.000386461,0,0.080402,0.49985,2.13499,1.26852,0.8125,5.43099,0.616407,0.65945,0.626984,0.666667,0.65945,0.895,0.915,0,12.9398,0,12.1176,2.84876,2.54047,1.51138,63.7752,36.2248
Y5/spatial_repair__f0_s0,67,0.000383091,0,0.0801005,0.497575,2.07909,1.24307,0.813616,5.43284,0.620965,0.641674,0.633333,0.649206,0.65945,,,0,13.1078,0,12.2837,2.83611,2.68382,1.47099,,
Y5/spatial_repair__f0_s0,68,0.000379687,0,0.079799,0.4953,2.06552,1.2312,0.817522,5.36705,0.592942,0.648413,0.603175,0.653968,0.65945,,,0,12.3105,0,11.5244,2.83601,2.30666,1.46473,,
Y5/spatial_repair__f0_s0,69,0.00037625,0,0.0794975,0.493025,2.03678,1.2214,0.820313,5.53114,0.63397,0.661172,0.644444,0.669841,0.661172,0.895,0.928,0,14.3987,0,13.6747,3.00065,2.46724,1.47358,64.7588,35.2412
Y5/spatial_repair__f0_s0,70,0.000372781,0,0.079196,0.49075,1.98405,1.18365,0.835379,5.40308,0.612496,0.653128,0.619048,0.661905,0.661172,,,0,13.7097,0,13.0308,2.85847,2.31632,1.40863,,
Y5/spatial_repair__f0_s0,71,0.000369281,0,0.0788945,0.488475,1.99483,1.1968,0.825893,5.32751,0.659134,0.647917,0.669841,0.661905,0.661172,,,0,14.712,0,14.0338,3.00448,2.36811,1.46337,,
Y5/spatial_repair__f0_s0,72,0.00036575,0,0.078593,0.4862,1.9726,1.18965,0.837054,5.44445,0.630475,0.635697,0.638095,0.647619,0.661172,,,0,13.0662,0,12.2873,3.03892,2.38761,1.45141,,
Y5/spatial_repair__f0_s0,73,0.00036219,0,0.0782915,0.483925,1.9224,1.15068,0.844866,5.39509,0.616141,0.651201,0.633333,0.665079,0.661172,,,0,13.9212,0,13.2412,2.8218,2.31655,1.40399,,
Y5/spatial_repair__f0_s0,74,0.000358601,0,0.0779899,0.48165,1.92799,1.17056,0.83817,5.49619,0.636871,0.659839,0.646032,0.668254,0.661172,,,0,11.3508,0,10.546,2.85832,2.31945,1.39264,,
Y5/spatial_repair__f0_s0,75,0.000354985,0,0.0776884,0.479375,1.90877,1.15219,0.844866,5.31889,0.626955,0.63047,0.638095,0.644444,0.661172,0.909,0.932,0,12.0072,0,11.3222,2.77739,2.06634,1.35033,64.4614,35.5386
Y5/spatial_repair__f0_s0,76,0.000351343,0,0.0773869,0.4771,1.90715,1.16321,0.83817,5.30953,0.614337,0.656109,0.630159,0.665079,0.661172,,,0,11.7735,0,10.966,2.89251,2.36497,1.4122,,
Y5/spatial_repair__f0_s0,77,0.000347674,0,0.0770854,0.474825,1.80272,1.07709,0.878348,5.382,0.63228,0.649471,0.642857,0.657143,0.661172,,,0,13.3423,0,12.7166,2.81521,2.11187,1.28423,,
Y5/spatial_repair__f0_s0,78,0.000343981,0,0.0767839,0.47255,1.844,1.11116,0.862165,5.41297,0.650925,0.666027,0.660317,0.67619,0.666027,0.917,0.953,0,12.2247,0,11.498,2.81053,2.26315,1.33861,65.8748,34.1252
Y5/spatial_repair__f0_s0,79,0.000340265,0,0.0764824,0.470275,1.78801,1.07781,0.875,5.31279,0.645635,0.658307,0.650794,0.669841,0.666027,,,0,11.1606,0,10.4405,2.77679,2.01935,1.27337,,
Y5/spatial_repair__f0_s0,80,0.000336525,0,0.0761809,0.468,1.76712,1.07419,0.875558,5.35446,0.614259,0.656819,0.626984,0.666667,0.666027,,,0,11.3802,0,10.674,2.73848,2.04021,1.27424,,
Y5/spatial_repair__f0_s0,81,0.000332764,0,0.0758794,0.465725,1.78946,1.0962,0.863839,5.42419,0.621109,0.652209,0.631746,0.660317,0.666027,,,0,13.4137,0,12.7806,2.82341,2.15582,1.29604,,
Y5/spatial_repair__f0_s0,82,0.000328982,0,0.0755779,0.46345,1.73518,1.05767,0.875,5.41208,0.652266,0.679455,0.65873,0.685714,0.679455,0.931,0.969,0,10.9948,0,10.2104,2.7483,2.20899,1.27659,67.0306,32.9694
Y5/spatial_repair__f0_s0,83,0.00032518,0,0.0752764,0.461175,1.72331,1.04763,0.87779,5.357,0.659898,0.662827,0.65873,0.671429,0.679455,,,0,12.8685,0,12.1445,3.05444,2.0507,1.30244,,
Y5/spatial_repair__f0_s0,84,0.000321359,0,0.0749749,0.4589,1.70107,1.04477,0.882813,5.36265,0.652828,0.655193,0.657143,0.663492,0.679455,,,0,13.1489,0,12.5018,2.92685,2.04701,1.25435,,
Y5/spatial_repair__f0_s0,85,0.00031752,0,0.0746734,0.456625,1.64594,1.00972,0.895089,5.4018,0.615825,0.653066,0.625397,0.663492,0.679455,,,0,12.9144,0,12.2516,2.8386,2.04046,1.23568,,
Y5/spatial_repair__f0_s0,86,0.000313664,0,0.0743719,0.45435,1.72346,1.05964,0.875,5.41606,0.63785,0.654697,0.647619,0.663492,0.679455,,,0,15.7504,0,15.1673,2.97176,1.95937,1.28103,,
Y5/spatial_repair__f0_s0,87,0.000309793,0,0.0740704,0.452075,1.63197,1.00754,0.894531,5.42023,0.642874,0.662131,0.649206,0.669841,0.679455,,,0,11.2384,0,10.5429,2.88201,1.86104,1.20892,,
Y5/spatial_repair__f0_s0,88,0.000305907,0,0.0737688,0.4498,1.59375,0.984534,0.893973,5.61012,0.654206,0.662098,0.660317,0.671429,0.679455,,,0,10.9476,0,10.2212,2.7091,2.05823,1.20787,,
Y5/spatial_repair__f0_s0,89,0.000302006,0,0.0734673,0.447525,1.60335,0.988061,0.892299,5.49998,0.655025,0.664307,0.660317,0.673016,0.679455,,,0,11.0158,0,10.3437,2.76613,1.76304,1.1558,,
Y5/spatial_repair__f0_s0,90,0.000298093,0,0.0731658,0.44525,1.57243,0.982171,0.898438,5.52444,0.666667,0.674893,0.679365,0.680952,0.679455,,,0,10.7934,0,10.0971,2.73572,1.82842,1.17249,,
Y5/spatial_repair__f0_s0,91,0.000294168,0,0.0728643,0.442975,1.54783,0.952236,0.910156,5.47835,0.657162,0.671571,0.665079,0.67619,0.679455,,,0,10.2648,0,9.58928,2.72395,1.73574,1.1082,,
Y5/spatial_repair__f0_s0,92,0.000290233,0,0.0725628,0.4407,1.56311,0.973666,0.896205,5.52056,0.637265,0.670287,0.64127,0.677778,0.679455,,,0,13.2399,0,12.6648,2.82302,1.80834,1.17151,,
Y5/spatial_repair__f0_s0,93,0.000286287,0,0.0722613,0.438425,1.49645,0.930561,0.919085,5.58035,0.66509,0.669545,0.674603,0.673016,0.679455,,,0,11.5094,0,10.8785,2.81173,1.70909,1.11983,,
Y5/spatial_repair__f0_s0,94,0.000282333,0,0.0719598,0.43615,1.49723,0.935707,0.917411,5.44601,0.673276,0.678805,0.679365,0.68254,0.679455,,,0,11.3389,0,10.6579,2.90843,1.73805,1.13514,,
Y5/spatial_repair__f0_s0,95,0.000278371,0,0.0716583,0.433875,1.50555,0.943649,0.915737,5.45586,0.657225,0.662362,0.660317,0.666667,0.679455,,,0,10.0857,0,9.43502,2.67213,1.72719,1.1125,,
Y5/spatial_repair__f0_s0,96,0.000274402,0,0.0713568,0.4316,1.50152,0.935463,0.91183,5.38055,0.668582,0.672988,0.673016,0.67619,0.679455,,,0,12.7812,0,12.1463,2.96301,1.90335,1.15428,,
Y5/spatial_repair__f0_s0,97,0.000270428,0,0.0710553,0.429325,1.48044,0.936316,0.909598,5.44281,0.648099,0.668541,0.652381,0.673016,0.679455,,,0,11.9901,0,11.3692,2.8786,1.80444,1.13021,,
Y5/spatial_repair__f0_s0,98,0.000266449,0,0.0707538,0.42705,1.4584,0.916677,0.915179,5.62795,0.652577,0.665069,0.653968,0.668254,0.679455,,,0,11.6876,0,11.0748,2.74548,1.75231,1.08849,,
Y5/spatial_repair__f0_s0,99,0.000262466,0,0.0704523,0.424775,1.42099,0.902038,0.922991,5.57112,0.681298,0.670899,0.684127,0.673016,0.681298,0.98,0.985,0,11.1429,0,10.5133,2.73656,1.70977,1.08841,69.5193,30.4807
Y5/spatial_repair__f0_s0,100,0.000258481,0,0.0701508,0.4225,1.44356,0.912709,0.921875,5.46651,0.66262,0.681996,0.669841,0.687302,0.681996,0.978,0.985,0,12.0073,0,11.3061,3.08034,1.67936,1.0994,70.1998,29.8002
Y5/spatial_repair__f0_s0,101,0.000254494,0,0.0698492,0.420225,1.41299,0.890954,0.923549,5.45921,0.655905,0.682647,0.666667,0.690476,0.682647,0.965,0.986,0,10.5976,0,10.0123,2.58452,1.65281,1.05532,70.1963,29.8037
Y5/spatial_repair__f0_s0,102,0.000250506,0,0.0695477,0.41795,1.38508,0.882388,0.933594,5.41647,0.655806,0.685237,0.663492,0.690476,0.685237,0.986,0.987,0,9.85163,0,9.22096,2.61843,1.58741,1.02967,70.4375,29.5625
Y5/spatial_repair__f0_s0,103,0.000246519,0,0.0692462,0.415675,1.36606,0.867287,0.923549,5.36033,0.643539,0.683815,0.649206,0.690476,0.685237,,,0,10.1442,0,9.54064,2.62272,1.53622,0.994416,,
Y5/spatial_repair__f0_s0,104,0.000242534,0,0.0689447,0.4134,1.32753,0.847442,0.929688,5.36075,0.668146,0.686311,0.671429,0.692063,0.686311,0.979,0.987,0,11.3193,0,10.7627,2.68151,1.5617,0.988506,70.6822,29.3178
Y5/spatial_repair__f0_s0,105,0.000238551,0,0.0686432,0.411125,1.3454,0.861241,0.936384,5.34522,0.665268,0.682301,0.677778,0.685714,0.686311,,,0,10.0348,0,9.42902,2.59075,1.56966,1.00429,,
Y5/spatial_repair__f0_s0,106,0.000234572,0,0.0683417,0.40885,1.32896,0.85591,0.930804,5.63307,0.63233,0.681168,0.639683,0.685714,0.686311,,,0,10.4853,0,9.8851,2.62421,1.659,1.02422,,
Y5/spatial_repair__f0_s0,107,0.000230598,0,0.0680402,0.406575,1.28357,0.824429,0.94029,5.42057,0.656487,0.68281,0.665079,0.688889,0.686311,,,0,11.0431,0,10.433,2.84055,1.50255,1.00195,,
Y5/spatial_repair__f0_s0,108,0.000226629,0,0.0677387,0.4043,1.30614,0.840933,0.938058,5.31401,0.668234,0.676851,0.674603,0.68254,0.686311,,,0,10.2009,0,9.61094,2.59169,1.48412,0.986619,,
Y5/spatial_repair__f0_s0,109,0.000222667,0,0.0674372,0.402025,1.2452,0.802451,0.946987,5.48587,0.678608,0.673661,0.684127,0.679365,0.686311,,,0,9.65195,0,9.11824,2.46135,1.36569,0.91045,,
Y5/spatial_repair__f0_s0,110,0.000218713,0,0.0671357,0.39975,1.27884,0.830898,0.936942,5.45613,0.690591,0.682123,0.693651,0.687302,0.690591,0.996,0.992,0,10.5104,0,9.96528,2.6204,1.41176,0.926257,71.9059,28.0941
Y5/spatial_repair__f0_s0,111,0.000214767,0,0.0668342,0.397475,1.23228,0.7987,0.948661,5.37329,0.669158,0.678757,0.669841,0.68254,0.690591,,,0,8.32111,0,7.70418,2.37277,1.34518,0.882309,,
Y5/spatial_repair__f0_s0,112,0.000210832,0,0.0665327,0.3952,1.24155,0.808494,0.946987,5.36142,0.651296,0.678341,0.652381,0.68254,0.690591,,,0,9.92289,0,9.37814,2.52856,1.3914,0.929078,,
Y5/spatial_repair__f0_s0,113,0.000206907,0,0.0662312,0.392925,1.2633,0.819706,0.941964,5.46238,0.656566,0.682583,0.663492,0.688889,0.690591,,,0,10.9832,0,10.4457,2.68437,1.39907,0.952857,,
Y5/spatial_repair__f0_s0,114,0.000202994,0,0.0659296,0.39065,1.2257,0.799811,0.944196,5.43245,0.685191,0.670811,0.690476,0.679365,0.690591,,,0,9.91727,0,9.34354,2.60666,1.31496,0.906834,,
Y5/spatial_repair__f0_s0,115,0.000199093,0,0.0656281,0.388375,1.20152,0.781903,0.948661,5.36371,0.681116,0.689969,0.684127,0.696825,0.690591,,,0,9.11406,0,8.50537,2.5838,1.29475,0.896285,,
Y5/spatial_repair__f0_s0,116,0.000195207,0,0.0653266,0.3861,1.20241,0.789753,0.942522,5.58649,0.675476,0.683277,0.684127,0.688889,0.690591,,,0,9.76129,0,9.22068,2.51828,1.3261,0.901817,,
Y5/spatial_repair__f0_s0,117,0.000191336,0,0.0650251,0.383825,1.15695,0.76309,0.950893,5.36929,0.664974,0.676371,0.669841,0.68254,0.690591,,,0,7.98321,0,7.36982,2.42902,1.24956,0.848663,,
Y5/spatial_repair__f0_s0,118,0.00018748,0,0.0647236,0.38155,1.19824,0.784643,0.949777,5.37688,0.673197,0.687981,0.679365,0.692063,0.690591,,,0,9.48546,0,8.75454,2.92335,1.31639,0.902862,,
Y5/spatial_repair__f0_s0,119,0.000183641,0,0.0644221,0.379275,1.17135,0.776959,0.946429,5.48968,0.682561,0.687133,0.685714,0.692063,0.690591,,,0,8.85124,0,8.22896,2.56038,1.32873,0.923076,,
Y5/spatial_repair__f0_s0,120,0.00017982,0,0.0641206,0.377,1.13633,0.750823,0.955357,5.4812,0.653936,0.682909,0.661905,0.687302,0.690591,,,0,8.80334,0,8.24055,2.44613,1.22439,0.856768,,
Y5/spatial_repair__f0_s0,121,0.000176018,0,0.0638191,0.374725,1.15513,0.769997,0.947545,5.59543,0.651705,0.689969,0.661905,0.690476,0.690591,,,0,10.1691,0,9.64766,2.58578,1.29737,0.874503,,
Y5/spatial_repair__f0_s0,122,0.000172236,0,0.0635176,0.37245,1.11898,0.740811,0.956473,5.43398,0.673514,0.692666,0.677778,0.693651,0.692666,0.998,0.997,0,9.16402,0,8.66855,2.3523,1.18874,0.828578,72.2615,27.7385
Y5/spatial_repair__f0_s0,123,0.000168475,0,0.0632161,0.370175,1.10317,0.735219,0.960379,5.47454,0.674906,0.68792,0.677778,0.688889,0.692666,,,0,8.55389,0,7.98793,2.41931,1.2694,0.826486,,
Y5/spatial_repair__f0_s0,124,0.000164735,0,0.0629146,0.3679,1.1205,0.748123,0.946987,5.60365,0.677726,0.690457,0.680952,0.692063,0.692666,,,0,8.76415,0,8.21682,2.45482,1.21216,0.852193,,
Y5/spatial_repair__f0_s0,125,0.000161019,0,0.0626131,0.365625,1.10019,0.739081,0.957589,5.66662,0.67828,0.69103,0.687302,0.690476,0.692666,0.999,0.997,0,8.39925,0,7.84424,2.44194,1.1851,0.836012,72.6073,27.3927
Y5/spatial_repair__f0_s0,126,0.000157326,0,0.0623116,0.36335,1.08517,0.73485,0.955915,5.50448,0.684053,0.69708,0.690476,0.701587,0.69708,0.998,0.998,0,8.55714,0,7.96507,2.53808,1.2586,0.83786,72.4385,27.5615
Y5/spatial_repair__f0_s0,127,0.000153657,0,0.0620101,0.361075,1.06952,0.716703,0.957589,5.46416,0.678976,0.695416,0.685714,0.7,0.69708,,,0,8.77126,0,8.24108,2.41111,1.15205,0.781399,,
Y5/spatial_repair__f0_s0,128,0.000150015,0,0.0617085,0.3588,1.07304,0.723669,0.950893,5.4654,0.680575,0.680255,0.684127,0.684127,0.69708,,,0,8.17587,0,7.61231,2.38894,1.11694,0.801391,,
Y5/spatial_repair__f0_s0,129,0.000146399,0,0.061407,0.356525,1.06226,0.717669,0.959263,5.64914,0.652015,0.673995,0.661905,0.679365,0.69708,,,0,8.40225,0,7.81636,2.53261,1.12134,0.801813,,
Y5/spatial_repair__f0_s0,130,0.00014281,0,0.0611055,0.35425,1.03803,0.705839,0.959821,5.50041,0.681973,0.685383,0.687302,0.692063,0.69708,,,0,7.53233,0,6.92612,2.40596,1.12604,0.771513,,
Y5/spatial_repair__f0_s0,131,0.00013925,0,0.060804,0.351975,1.07213,0.728952,0.950893,5.32101,0.676142,0.682069,0.677778,0.688889,0.69708,,,0,8.3361,0,7.75389,2.4765,1.19089,0.820751,,
Y5/spatial_repair__f0_s0,132,0.000135719,0,0.0605025,0.3497,1.02766,0.69915,0.96875,5.42647,0.683783,0.686,0.688889,0.692063,0.69708,,,0,8.27208,0,7.74756,2.37356,1.06503,0.762049,,
Y5/spatial_repair__f0_s0,133,0.000132219,0,0.060201,0.347425,1.01339,0.692103,0.960379,5.38931,0.674816,0.681887,0.674603,0.687302,0.69708,,,0,8.08217,0,7.55276,2.3327,1.084,0.779936,,
Y5/spatial_repair__f0_s0,134,0.00012875,0,0.0598995,0.34515,1.02453,0.706788,0.952567,5.46049,0.6885,0.691257,0.695238,0.693651,0.69708,,,0,9.00695,0,8.44498,2.60078,1.09723,0.781779,,
Y5/spatial_repair__f0_s0,135,0.000125313,0,0.059598,0.342875,1.02236,0.702811,0.960938,5.4004,0.666745,0.681862,0.669841,0.685714,0.69708,,,0,8.7797,0,8.29973,2.33059,1.02763,0.747959,,
Y5/spatial_repair__f0_s0,136,0.000121909,0,0.0592965,0.3406,0.995532,0.684766,0.96596,5.40875,0.656621,0.689814,0.663492,0.692063,0.69708,,,0,9.21019,0,8.70063,2.48649,1.01396,0.755815,,
Y5/spatial_repair__f0_s0,137,0.000118539,0,0.058995,0.338325,0.992297,0.686458,0.96596,5.30388,0.673571,0.695214,0.674603,0.695238,0.69708,,,0,8.03739,0,7.46798,2.43325,1.08011,0.783271,,
Y5/spatial_repair__f0_s0,138,0.000115204,0,0.0586935,0.33605,0.991121,0.679573,0.968192,5.35357,0.673201,0.70135,0.679365,0.703175,0.70135,0.999,1,0,8.37428,0,7.84156,2.394,1.10113,0.77101,74.7599,25.2401
Y5/spatial_repair__f0_s0,139,0.000111904,0,0.058392,0.333775,0.980674,0.68273,0.959821,5.25316,0.71158,0.688873,0.720635,0.690476,0.71158,0.999,1,0,7.87548,0,7.28952,2.42054,1.07356,0.773671,73.8251,26.1749
Y5/spatial_repair__f0_s0,140,0.000108641,0,0.0580905,0.3315,0.960697,0.667024,0.966518,5.25239,0.68418,0.697427,0.685714,0.698413,0.71158,,,0,7.63696,0,7.08316,2.33046,1.07139,0.75519,,
Y5/spatial_repair__f0_s0,141,0.000105415,0,0.0577889,0.329225,0.938383,0.654926,0.96596,5.38583,0.71002,0.692646,0.71746,0.695238,0.71158,,,0,7.73292,0,7.19836,2.27254,1.04607,0.715065,,
Y5/spatial_repair__f0_s0,142,0.000102227,0,0.0574874,0.32695,0.955392,0.669447,0.962612,5.34181,0.691981,0.695366,0.7,0.698413,0.71158,,,0,7.65886,0,7.10234,2.39122,1.04619,0.736085,,
Y5/spatial_repair__f0_s0,143,9.90786e-05,0,0.0571859,0.324675,0.946206,0.665213,0.964286,5.45476,0.689552,0.690403,0.698413,0.693651,0.71158,,,0,8.17153,0,7.69171,2.2771,0.981107,0.723439,,
Y5/spatial_repair__f0_s0,144,9.59698e-05,0,0.0568844,0.3224,0.925663,0.648308,0.968192,5.35064,0.682247,0.691214,0.685714,0.695238,0.71158,,,0,7.36527,0,6.82957,2.2944,0.960297,0.722313,,
Y5/spatial_repair__f0_s0,145,9.29016e-05,0,0.0565829,0.320125,0.923357,0.651829,0.961496,5.36521,0.685841,0.693022,0.692063,0.698413,0.71158,,,0,7.55137,0,7.02134,2.29383,1.04262,0.71506,,
Y5/spatial_repair__f0_s0,146,8.98748e-05,0,0.0562814,0.31785,0.930242,0.654959,0.962054,5.54835,0.695268,0.696847,0.701587,0.7,0.71158,,,0,7.0653,0,6.54339,2.16114,0.998175,0.708721,,
Y5/spatial_repair__f0_s0,147,8.68902e-05,0,0.0559799,0.315575,0.896287,0.634286,0.97154,5.52994,0.702755,0.694714,0.706349,0.7,0.71158,,,0,6.7748,0,6.24645,2.12634,0.950348,0.680061,,
Y5/spatial_repair__f0_s0,148,8.39486e-05,0,0.0556784,0.3133,0.877454,0.621146,0.970982,5.57497,0.689328,0.691824,0.696825,0.695238,0.71158,,,0,6.45288,0,5.93179,2.11724,0.919143,0.674093,,
Y5/spatial_repair__f0_s0,149,8.10507e-05,0,0.0553769,0.311025,0.898513,0.636896,0.967634,5.34723,0.702571,0.690528,0.709524,0.695238,0.71158,,,0,6.85601,0,6.33285,2.1987,0.940235,0.71424,,
Y5/spatial_repair__f0_s0,150,7.81974e-05,0,0.0550754,0.30875,0.880947,0.629581,0.970982,5.60884,0.691664,0.691894,0.698413,0.696825,0.71158,0.999,1,0,7.49462,0,7.00362,2.19721,0.952935,0.680834,73.9279,26.0721
Y5/spatial_repair__f0_s0,151,7.53893e-05,0,0.0547739,0.306475,0.860162,0.613518,0.972656,5.58351,0.716686,0.694284,0.720635,0.7,0.716686,0.999,1,0,7.32889,0,6.80623,2.21131,0.999101,0.707968,74.2232,25.7768
Y5/spatial_repair__f0_s0,152,7.26271e-05,0,0.0544724,0.3042,0.880843,0.630152,0.962612,5.44161,0.682003,0.687561,0.690476,0.692063,0.716686,,,0,7.58532,0,7.07801,2.2963,0.942939,0.695049,,
Y5/spatial_repair__f0_s0,153,6.99117e-05,0,0.0541709,0.301925,0.84803,0.610206,0.969866,5.39855,0.693748,0.69227,0.698413,0.695238,0.716686,,,0,6.87958,0,6.3893,2.12536,0.913302,0.675413,,
Y5/spatial_repair__f0_s0,154,6.72436e-05,0,0.0538693,0.29965,0.860885,0.619538,0.974888,5.43899,0.700429,0.68607,0.706349,0.690476,0.716686,,,0,6.70431,0,6.17924,2.17614,0.939003,0.696219,,
Y5/spatial_repair__f0_s0,155,6.46236e-05,0,0.0535678,0.297375,0.833075,0.601938,0.973214,5.50428,0.682493,0.695335,0.690476,0.7,0.716686,,,0,6.70667,0,6.19338,2.1519,0.912722,0.672999,,
Y5/spatial_repair__f0_s0,156,6.20524e-05,0,0.0532663,0.2951,0.846998,0.616724,0.964286,5.47548,0.694696,0.694848,0.703175,0.698413,0.716686,,,0.0119048,6.92981,1,6.3951,2.85702,0.951653,0.702833,,
Y5/spatial_repair__f0_s0,157,5.95306e-05,0,0.0529648,0.292825,0.864543,0.625338,0.965402,5.60133,0.702242,0.696595,0.704762,0.7,0.716686,,,0,7.07907,0,6.56179,2.19839,1.00328,0.712407,,
Y5/spatial_repair__f0_s0,158,5.70589e-05,0,0.0526633,0.29055,0.822498,0.597526,0.970424,5.44037,0.682387,0.694911,0.690476,0.701587,0.716686,,,0,7.76257,0,7.18855,2.51133,0.899912,0.668292,,
Y5/spatial_repair__f0_s0,159,5.46379e-05,0,0.0523618,0.288275,0.826784,0.59943,0.969866,5.53968,0.702601,0.694594,0.709524,0.701587,0.716686,,,0,7.2413,0,6.75405,2.18617,0.904766,0.666971,,
Y5/spatial_repair__f0_s0,160,5.22683e-05,0,0.0520603,0.286,0.812866,0.593611,0.97154,5.48124,0.681745,0.694268,0.688889,0.7,0.716686,,,0,6.334,0,5.84041,2.02052,0.880986,0.666916,,
Y5/spatial_repair__f0_s0,161,4.99506e-05,0,0.0517588,0.283725,0.807943,0.588278,0.972656,5.43877,0.70213,0.706237,0.704762,0.711111,0.716686,,,0,6.75355,0,6.23478,2.17978,0.913769,0.685395,,
Y5/spatial_repair__f0_s0,162,4.76856e-05,0,0.0514573,0.28145,0.814031,0.59636,0.96875,5.67176,0.691327,0.694934,0.695238,0.7,0.716686,,,0,7.12532,0,6.57968,2.2886,0.937527,0.701469,,
Y5/spatial_repair__f0_s0,163,4.54736e-05,0,0.0511558,0.279175,0.81436,0.598195,0.966518,5.44336,0.680973,0.703098,0.688889,0.707937,0.716686,,,0,7.45635,0,6.95025,2.26398,0.932472,0.700033,,
Y5/spatial_repair__f0_s0,164,4.33155e-05,0,0.0508543,0.2769,0.777239,0.571147,0.972656,5.47671,0.68907,0.699426,0.692063,0.703175,0.716686,,,0,6.50489,0,6.00765,2.08778,0.922827,0.651494,,
Y5/spatial_repair__f0_s0,165,4.12116e-05,0,0.0505528,0.274625,0.776806,0.569738,0.972656,5.55855,0.688581,0.69984,0.696825,0.703175,0.716686,,,0,5.70084,0,5.16447,2.00038,0.892227,0.664155,,
Y5/spatial_repair__f0_s0,166,3.91625e-05,0,0.0502513,0.27235,0.778858,0.576445,0.969866,5.40472,0.693147,0.692092,0.701587,0.696825,0.716686,,,0,6.96243,0,6.4595,2.17032,0.912264,0.658821,,
Y5/spatial_repair__f0_s0,167,3.71688e-05,0,0.0499497,0.270075,0.752285,0.555998,0.979353,5.45906,0.694164,0.691185,0.698413,0.695238,0.716686,,,0,6.4193,0,5.94641,2.00623,0.829878,0.629991,,
Y5/spatial_repair__f0_s0,168,3.5231e-05,0,0.0496482,0.2678,0.768712,0.568367,0.973772,5.50829,0.701756,0.698898,0.703175,0.703175,0.716686,,,0,6.52772,0,5.99,2.2069,0.864856,0.627882,,
Y5/spatial_repair__f0_s0,169,3.33496e-05,0,0.0493467,0.265525,0.751035,0.556476,0.976563,5.38167,0.701321,0.69955,0.703175,0.703175,0.716686,,,0,6.45636,0,5.95274,2.12966,0.8653,0.642753,,
Y5/spatial_repair__f0_s0,170,3.15251e-05,0,0.0490452,0.26325,0.755057,0.561037,0.969866,5.41724,0.687202,0.707026,0.692063,0.711111,0.716686,,,0,6.59301,0,6.0339,2.16028,0.951338,0.66994,,
Y5/spatial_repair__f0_s0,171,2.97579e-05,0,0.0487437,0.260975,0.76591,0.570146,0.96875,5.46619,0.694236,0.703068,0.698413,0.707937,0.716686,,,0,6.17139,0,5.65515,2.07075,0.898268,0.647335,,
Y5/spatial_repair__f0_s0,172,2.80486e-05,0,0.0484422,0.2587,0.735239,0.548874,0.977679,5.61091,0.694222,0.709138,0.7,0.712698,0.716686,,,0,6.64745,0,6.18731,2.02258,0.840661,0.634172,,
Y5/spatial_repair__f0_s0,173,2.63975e-05,0,0.0481407,0.256425,0.743203,0.558486,0.969866,5.40949,0.695431,0.703607,0.7,0.707937,0.716686,,,0,6.66832,0,6.15269,2.15789,0.867011,0.666475,,
Y5/spatial_repair__f0_s0,174,2.48051e-05,0,0.0478392,0.25415,0.740577,0.556484,0.969866,5.41532,0.692894,0.693333,0.695238,0.698413,0.716686,,,0,5.59684,0,5.05704,2.01697,0.862702,0.633859,,
Y5/spatial_repair__f0_s0,175,2.32718e-05,0,0.0475377,0.251875,0.712668,0.537552,0.977121,5.39286,0.686421,0.6921,0.693651,0.696825,0.716686,1,1,0,5.68912,0,5.19722,1.93735,0.832089,0.625554,74.6499,25.3501
Y5/spatial_repair__f0_s0,176,2.1798e-05,0,0.0472362,0.25,0.732493,0.553694,0.968192,5.3855,0.684514,0.702063,0.688889,0.706349,0.716686,,,0,6.1108,0,5.58235,2.06023,0.861478,0.648982,,
Y5/spatial_repair__f0_s0,177,2.0384e-05,0,0.0469347,0.25,0.711699,0.535353,0.977679,5.50495,0.693233,0.700831,0.698413,0.704762,0.716686,,,0,5.20933,0,4.69587,1.88264,0.765855,0.588619,,
Y5/spatial_repair__f0_s0,178,1.90303e-05,0,0.0466332,0.25,0.726116,0.549921,0.974888,5.32595,0.689776,0.694978,0.695238,0.698413,0.716686,,,0,6.8239,0,6.25557,2.31731,0.901522,0.66333,,
Y5/spatial_repair__f0_s0,179,1.77372e-05,0,0.0463317,0.25,0.717019,0.538312,0.97433,5.42905,0.691467,0.696925,0.696825,0.701587,0.716686,,,0,5.50712,0,5.01411,1.90103,0.806791,0.604076,,
Y5/spatial_repair__f0_s0,180,1.65051e-05,0,0.0460302,0.25,0.720383,0.543345,0.968192,5.3376,0.697934,0.700985,0.701587,0.704762,0.716686,,,0,5.85228,0,5.29644,2.01496,0.940667,0.657382,,
Y5/spatial_repair__f0_s0,181,1.53342e-05,0,0.0457286,0.25,0.687916,0.519436,0.977679,5.39113,0.691871,0.698968,0.696825,0.703175,0.716686,,,0,5.68575,0,5.15931,2.01957,0.861764,0.633415,,
Y5/spatial_repair__f0_s0,182,1.42248e-05,0,0.0454271,0.25,0.700897,0.524071,0.97433,5.60686,0.704245,0.694222,0.706349,0.7,0.716686,,,0,5.82656,0,5.24005,2.14507,0.887952,0.656137,,
Y5/spatial_repair__f0_s0,183,1.31773e-05,0,0.0451256,0.25,0.678608,0.509699,0.973772,5.39392,0.695472,0.693853,0.7,0.7,0.716686,,,0,6.86984,0,6.36412,2.25983,0.755173,0.59955,,
Y5/spatial_repair__f0_s0,184,1.21919e-05,0,0.0448241,0.25,0.68797,0.516464,0.977121,5.4916,0.699501,0.694764,0.706349,0.7,0.716686,,,0,5.80856,0,5.25179,2.09777,0.835995,0.632288,,
Y5/spatial_repair__f0_s0,185,1.12689e-05,0,0.0445226,0.25,0.700035,0.528086,0.969866,5.5984,0.706156,0.699149,0.712698,0.703175,0.716686,,,0,6.07707,0,5.59423,1.98844,0.847444,0.65223,,
Y5/spatial_repair__f0_s0,186,1.04085e-05,0,0.0442211,0.25,0.661124,0.496127,0.980469,5.49423,0.692643,0.69884,0.7,0.703175,0.716686,,,0,5.79571,0,5.30602,1.9828,0.751525,0.585323,,
Y5/spatial_repair__f0_s0,187,9.61089e-06,0,0.0439196,0.25,0.682761,0.51548,0.973772,5.70178,0.701848,0.702344,0.707937,0.706349,0.716686,,,0,6.16674,0,5.67114,1.99296,0.869773,0.648926,,
Y5/spatial_repair__f0_s0,188,8.87636e-06,0,0.0436181,0.25,0.671295,0.503059,0.975446,5.5897,0.697731,0.700413,0.704762,0.704762,0.716686,,,0,5.79456,0,5.29329,1.9899,0.800699,0.600759,,
Y5/spatial_repair__f0_s0,189,8.20506e-06,0,0.0433166,0.25,0.688807,0.516128,0.973214,5.54005,0.697051,0.697815,0.703175,0.701587,0.716686,,,0,6.20506,0,5.65166,2.16344,0.876274,0.666862,,
Y5/spatial_repair__f0_s0,190,7.59717e-06,0,0.0430151,0.25,0.665167,0.500428,0.976563,5.41647,0.698277,0.701157,0.704762,0.704762,0.716686,,,0,5.13368,0,4.62322,1.82265,0.782674,0.582311,,
Y5/spatial_repair__f0_s0,191,7.05284e-06,0,0.0427136,0.25,0.646796,0.486278,0.979353,5.5484,0.695585,0.694647,0.701587,0.7,0.716686,0.999,1,0,6.1877,0,5.7318,1.90344,0.767602,0.573117,,
Y5/spatial_repair__f1_s0,1,0.0002,1,0.1,0.647725,8.21363,5.29938,0.016183,15.5173,0.0221822,0.0153325,0.0396825,0.031746,0.0221822,0.046,0.033,0.0357143,28.0746,4,22.0112,14.4618,8.63967,8.32189,0.0159259,99.9841
Y5/spatial_repair__f1_s0,2,0.0003,1,0.0996985,0.64545,7.28952,4.38761,0.03125,5.42646,0.0390522,0.0496854,0.0920635,0.1,0.0496854,0.072,0.077,0,12.4548,0,6.51909,6.99285,4.87414,5.38745,0.192052,99.8079
Y5/spatial_repair__f1_s0,3,0.0004,1,0.099397,0.643175,6.9444,4.06446,0.0541295,5.4945,0.0640587,0.083842,0.119048,0.134921,0.083842,0.117,0.134,0,8.64985,0,3.3818,4.38442,4.33472,4.51393,1.87954,98.1205
Y5/spatial_repair__f1_s0,4,0.0005,1,0.0990955,0.6409,6.69965,3.90153,0.0636161,5.50613,0.104551,0.123994,0.160317,0.171429,0.123994,0.163,0.193,0,7.58322,0,3.32948,3.57737,3.80726,3.87841,13.3826,86.6173
Y5/spatial_repair__f1_s0,5,0.000499968,1,0.098794,0.638625,6.38501,3.7183,0.0904018,5.52449,0.112634,0.165897,0.17619,0.214286,0.165897,0.185,0.231,0,8.07514,0,4.66551,3.36109,3.66247,3.68205,19.0447,80.9553
Y5/spatial_repair__f1_s0,6,0.000499872,1,0.0984925,0.63635,6.35345,3.76145,0.0887277,5.50992,0.138371,0.175404,0.2,0.228571,0.175404,0.199,0.247,0,6.92536,0,4.08087,2.25803,3.4715,3.28297,21.4675,78.5325
Y5/spatial_repair__f1_s0,7,0.000499711,1,0.098191,0.634075,5.976,3.48597,0.101563,5.42532,0.183472,0.210497,0.228571,0.260317,0.210497,0.239,0.29,0,5.8567,0,2.71078,1.99988,3.3263,3.15002,22.9976,77.0024
Y5/spatial_repair__f1_s0,8,0.000499486,1,0.0978894,0.6318,6.03237,3.53691,0.0887277,5.43063,0.151047,0.225908,0.211111,0.27619,0.225908,0.228,0.295,0,5.98751,0,3.29509,1.76942,3.23877,2.86558,27.6438,72.3562
Y5/spatial_repair__f1_s0,9,0.000499197,1,0.0975879,0.629525,5.90402,3.45594,0.0864955,5.54553,0.210685,0.252111,0.268254,0.293651,0.252111,0.274,0.317,0,6.07374,0,3.24976,1.81455,3.51816,2.91404,23.6257,76.3743
Y5/spatial_repair__f1_s0,10,0.000498845,1,0.0972864,0.62725,6.1083,3.63459,0.103237,5.57554,0.19878,0.241287,0.236508,0.287302,0.252111,,,0,6.0458,0,3.25955,1.92286,3.52259,2.764,,
Y5/spatial_repair__f1_s0,11,0.000498428,1,0.0969849,0.624975,5.77944,3.38711,0.145647,5.5453,0.23583,0.269336,0.279365,0.322222,0.269336,0.286,0.353,0,6.45423,0,3.86475,1.93247,3.60452,2.5704,23.6604,76.3396
Y5/spatial_repair__f1_s0,12,0.000497947,1,0.0966834,0.6227,5.81376,3.42561,0.125,5.46495,0.257651,0.293748,0.303175,0.333333,0.293748,0.317,0.371,0,6.05169,0,3.22563,1.78724,3.79159,2.52783,22.1725,77.8275
Y5/spatial_repair__f1_s0,13,0.000497403,1,0.0963819,0.620425,5.48359,3.20252,0.147321,5.5677,0.269937,0.298287,0.31746,0.347619,0.298287,0.346,0.379,0,7.06034,0,4.43201,1.93532,4.02358,2.55038,23.7289,76.2711
Y5/spatial_repair__f1_s0,14,0.000496795,1,0.0960804,0.61815,5.75069,3.4183,0.148996,5.49644,0.248043,0.300572,0.298413,0.346032,0.300572,0.342,0.398,0,6.1943,0,3.69377,1.77116,3.57981,2.43315,27.1311,72.8689
Y5/spatial_repair__f1_s0,15,0.000496124,1,0.0957789,0.615875,5.57562,3.29226,0.139509,5.55423,0.228526,0.323206,0.27619,0.360317,0.323206,0.306,0.416,0,7.50915,0,5.09247,1.84459,3.96977,2.41156,27.6214,72.3786
Y5/spatial_repair__f1_s0,16,0.000495389,1,0.0954774,0.6136,5.28973,3.0897,0.157366,5.6016,0.297972,0.33324,0.342857,0.374603,0.33324,0.383,0.407,0,7.04571,0,4.48123,2.04988,4.04735,2.43538,27.7679,72.2321
Y5/spatial_repair__f1_s0,17,0.000494592,1,0.0951759,0.611325,5.29694,3.11034,0.151228,5.52589,0.317923,0.337504,0.35873,0.37619,0.337504,0.411,0.428,0,6.86121,0,4.46639,1.89908,3.84563,2.31855,29.3766,70.6234
Y5/spatial_repair__f1_s0,18,0.000493731,1,0.0948744,0.60905,5.07885,2.97477,0.146205,5.42048,0.299267,0.339484,0.344444,0.38254,0.339484,0.382,0.439,0,7.91478,0,5.8912,2.07369,3.7275,2.36163,32.5372,67.4628
Y5/spatial_repair__f1_s0,19,0.000492808,1,0.0945729,0.606775,5.34519,3.18174,0.169643,5.50637,0.229744,0.364933,0.273016,0.407937,0.364933,0.311,0.452,0,7.99254,0,5.95219,2.03155,3.64462,2.26951,31.6486,68.3514
Y5/spatial_repair__f1_s0,20,0.000491823,1,0.0942714,0.6045,5.28638,3.15019,0.180804,5.48094,0.339661,0.37017,0.385714,0.407937,0.37017,0.411,0.479,0,9.03897,0,7.28229,2.24993,3.70752,2.21641,32.8876,67.1124
Y5/spatial_repair__f1_s0,21,0.000490775,1,0.0939698,0.602225,5.24431,3.12638,0.179688,5.47087,0.326485,0.370223,0.374603,0.411111,0.370223,0.419,0.471,0,8.37994,0,6.50995,2.15917,3.88601,2.23159,36.7889,63.2111
Y5/spatial_repair__f1_s0,22,0.000489666,1,0.0936683,0.59995,5.08326,3.0267,0.170759,5.4752,0.344994,0.393939,0.387302,0.430159,0.393939,0.46,0.491,0,8.08622,0,6.26177,2.06164,3.64638,2.18252,34.1593,65.8407
Y5/spatial_repair__f1_s0,23,0.000488495,1,0.0933668,0.597675,5.10169,3.04193,0.15067,5.43776,0.348887,0.401364,0.390476,0.436508,0.401364,0.444,0.497,0,10.2295,0,8.85013,2.09797,3.54457,2.11731,37.9447,62.0553
Y5/spatial_repair__f1_s0,24,0.000487263,1,0.0930653,0.5954,5.12087,3.07501,0.136719,5.4234,0.346875,0.405009,0.380952,0.442857,0.405009,0.428,0.523,0,7.22658,0,5.3458,2.07316,3.5142,2.07932,35.0443,64.9557
Y5/spatial_repair__f1_s0,25,0.00048597,1,0.0927638,0.593125,5.05116,3.01741,0.203125,5.52938,0.381603,0.414437,0.41746,0.449206,0.414437,0.496,0.528,0,8.08607,0,6.36649,2.01754,3.573,2.05393,36.7711,63.2289
Y5/spatial_repair__f1_s0,26,0.000484616,1,0.0924623,0.59085,4.94728,2.95954,0.209821,5.51883,0.353656,0.437292,0.388889,0.468254,0.437292,0.473,0.548,0,8.54609,0,6.79267,2.08406,3.7371,2.06299,34.3595,65.6405
Y5/spatial_repair__f1_s0,27,0.000483202,1,0.0921608,0.588575,4.59526,2.71506,0.19029,5.43971,0.400006,0.440257,0.430159,0.473016,0.440257,0.51,0.538,0,9.71883,0,7.88064,2.31258,4.07949,2.06445,37.2298,62.7702
Y5/spatial_repair__f1_s0,28,0.000481728,1,0.0918593,0.5863,4.91972,2.96401,0.270089,5.49825,0.424677,0.432481,0.447619,0.466667,0.440257,,,0,8.33456,0,6.68437,2.09712,3.62881,2.0204,,
Y5/spatial_repair__f1_s0,29,0.000480195,1,0.0915578,0.584025,4.85366,2.92609,0.216518,5.43377,0.384533,0.443313,0.420635,0.47619,0.443313,0.469,0.562,0,8.39088,0,6.67175,2.1122,3.70287,2.00672,36.5418,63.4582
Y5/spatial_repair__f1_s0,30,0.000478603,1,0.0912563,0.58175,4.71811,2.84202,0.146763,5.42179,0.368108,0.443747,0.401587,0.474603,0.443747,0.471,0.565,0,9.47542,0,7.92587,2.07966,3.87066,2.02787,36.382,63.618
Y5/spatial_repair__f1_s0,31,0.000476951,0,0.0909548,0.579475,3.7821,2.2012,0.501116,5.36816,0.293848,0.435051,0.334921,0.463492,0.443747,,,0,12.1926,0,10.8953,2.48839,3.87558,2.15322,,
Y5/spatial_repair__f1_s0,32,0.000475242,0,0.0906533,0.5772,3.72729,2.15107,0.515067,5.47355,0.39803,0.483128,0.428571,0.509524,0.483128,0.507,0.589,0,14.4975,0,13.1782,3.01156,4.06766,2.16989,40.2833,59.7167
Y5/spatial_repair__f1_s0,33,0.000473475,0,0.0903518,0.574925,3.58587,2.06616,0.548549,5.55349,0.450595,0.480271,0.477778,0.496825,0.483128,,,0,11.822,0,10.3166,2.6618,4.06447,2.10248,,
Y5/spatial_repair__f1_s0,34,0.00047165,0,0.0900503,0.57265,3.50743,2.01828,0.558594,5.5037,0.425596,0.49611,0.446032,0.51746,0.49611,0.542,0.61,0,13.4698,0,12.0172,2.91569,4.32719,2.14403,42.0706,57.9294
Y5/spatial_repair__f1_s0,35,0.000469769,0,0.0897487,0.570375,3.46268,1.99369,0.55692,5.53429,0.36584,0.532144,0.403175,0.546032,0.532144,0.501,0.65,0,12.3055,0,10.7252,3.25654,3.96587,2.08491,44.2908,55.7092
Y5/spatial_repair__f1_s0,36,0.000467831,0,0.0894472,0.5681,3.42427,1.97603,0.571429,5.43589,0.477329,0.526286,0.496825,0.538095,0.532144,,,0,12.5854,0,11.2764,2.77566,3.76243,2.07125,,
Y5/spatial_repair__f1_s0,37,0.000465837,0,0.0891457,0.565825,3.35681,1.94082,0.587612,5.43107,0.535687,0.546098,0.55873,0.55873,0.546098,0.635,0.671,0,12.2439,0,10.9763,2.60648,3.77457,1.99681,42.7745,57.2255
Y5/spatial_repair__f1_s0,38,0.000463788,0,0.0888442,0.56355,3.27669,1.8839,0.604353,5.44038,0.508436,0.527859,0.531746,0.539683,0.546098,,,0,12.8774,0,11.7532,2.56631,3.67143,1.98813,,
Y5/spatial_repair__f1_s0,39,0.000461685,0,0.0885427,0.561275,3.19204,1.84181,0.613281,5.55329,0.368631,0.542026,0.409524,0.557143,0.546098,,,0,13.2449,0,12.1832,2.77917,3.397,1.93378,,
Y5/spatial_repair__f1_s0,40,0.000459526,0,0.0882412,0.559,3.1324,1.81065,0.621652,5.47569,0.469731,0.554561,0.496825,0.568254,0.554561,0.566,0.687,0,16.4912,0,15.5821,2.87475,3.4346,1.92015,45.8437,54.1563
Y5/spatial_repair__f1_s0,41,0.000457314,0,0.0879397,0.556725,3.03308,1.74915,0.656808,5.50784,0.562928,0.559466,0.579365,0.573016,0.562928,0.686,0.704,0,13.7827,0,12.8144,2.56645,3.46654,1.90829,46.9899,53.0101
Y5/spatial_repair__f1_s0,42,0.000455049,0,0.0876382,0.55445,3.02165,1.74142,0.650112,5.53533,0.553618,0.572348,0.565079,0.579365,0.572348,0.693,0.725,0,12.6557,0,11.654,2.66229,3.20906,1.87146,49.66,50.34
Y5/spatial_repair__f1_s0,43,0.000452732,0,0.0873367,0.552175,2.96198,1.72892,0.651228,5.46454,0.539679,0.58624,0.55873,0.598413,0.58624,0.716,0.746,0,14.8816,0,13.9053,2.68517,3.57837,1.90002,50.1052,49.8948
Y5/spatial_repair__f1_s0,44,0.000450362,0,0.0870352,0.5499,2.8925,1.68231,0.665737,5.5026,0.504121,0.599652,0.515873,0.612698,0.599652,0.634,0.749,0,16.0526,0,15.1449,2.68195,3.43564,1.90072,49.7621,50.2379
Y5/spatial_repair__f1_s0,45,0.000447941,0,0.0867337,0.547625,2.89298,1.69663,0.660714,5.43513,0.596835,0.613294,0.619048,0.626984,0.613294,0.741,0.765,0,14.9598,0,14.0334,2.80431,3.38288,1.86692,48.2475,51.7525
Y5/spatial_repair__f1_s0,46,0.000445469,0,0.0864322,0.54535,2.81146,1.62878,0.695871,5.54645,0.599228,0.623882,0.611111,0.638095,0.623882,0.755,0.778,0,13.378,0,12.4898,2.64683,3.01939,1.77357,49.4822,50.5178
Y5/spatial_repair__f1_s0,47,0.000442948,0,0.0861307,0.543075,2.79391,1.63092,0.686384,5.50663,0.551278,0.61342,0.568254,0.626984,0.623882,,,0,13.9607,0,13.0583,2.94206,2.94273,1.81056,,
Y5/spatial_repair__f1_s0,48,0.000440376,0,0.0858291,0.5408,2.71569,1.5825,0.709821,5.4395,0.526852,0.603754,0.54127,0.612698,0.623882,,,0,14.1055,0,13.2829,2.68271,2.92703,1.75457,,
Y5/spatial_repair__f1_s0,49,0.000437756,0,0.0855276,0.538525,2.65258,1.54095,0.719866,5.40476,0.54249,0.632391,0.552381,0.642857,0.632391,0.71,0.792,0,12.7293,0,11.8072,2.57997,3.10118,1.75996,51.3465,48.6535
Y5/spatial_repair__f1_s0,50,0.000435088,0,0.0852261,0.53625,2.7041,1.58674,0.704241,5.45891,0.552733,0.618364,0.573016,0.626984,0.632391,0.744,0.783,0,16.9999,0,16.1955,2.96067,3.14225,1.76767,55.2523,44.7477
Y5/spatial_repair__f1_s0,51,0.000432373,0,0.0849246,0.533975,2.647,1.56262,0.698661,5.41016,0.49646,0.623595,0.522222,0.631746,0.632391,,,0,16.6146,0,15.8374,2.88618,3.04907,1.77411,,
Y5/spatial_repair__f1_s0,52,0.000429611,0,0.0846231,0.5317,2.54076,1.48724,0.734933,5.61887,0.616923,0.623203,0.628571,0.634921,0.632391,,,0,17.0666,0,16.3776,2.68639,2.9688,1.7135,,
Y5/spatial_repair__f1_s0,53,0.000426803,0,0.0843216,0.529425,2.51072,1.46722,0.745536,5.53448,0.551431,0.637123,0.573016,0.647619,0.637123,0.761,0.815,0,13.5797,0,12.7573,2.65812,2.90108,1.68479,55.9964,44.0036
Y5/spatial_repair__f1_s0,54,0.000423949,0,0.0840201,0.52715,2.53016,1.49335,0.726004,5.48067,0.578661,0.647579,0.587302,0.660317,0.647579,0.794,0.827,0,16.9133,0,16.186,2.82741,2.959,1.71164,57.2405,42.7595
Y5/spatial_repair__f1_s0,55,0.000421051,0,0.0837186,0.524875,2.43155,1.43493,0.751116,5.47393,0.616132,0.6451,0.619048,0.657143,0.647579,,,0,14.9189,0,14.176,2.67645,2.80982,1.70179,,
Y5/spatial_repair__f1_s0,56,0.00041811,0,0.0834171,0.5226,2.44253,1.45019,0.746652,5.52588,0.580846,0.652813,0.598413,0.660317,0.652813,0.758,0.845,0,14.6774,0,13.8543,2.69842,2.86603,1.69232,56.6939,43.3061
Y5/spatial_repair__f1_s0,57,0.000415125,0,0.0831156,0.520325,2.38867,1.4185,0.758929,5.47345,0.635909,0.655835,0.649206,0.661905,0.655835,0.837,0.857,0,14.6836,0,13.8625,2.82932,2.87412,1.66651,56.4433,43.5567
Y5/spatial_repair__f1_s0,58,0.000412098,0,0.0828141,0.51805,2.33618,1.37917,0.772321,5.40537,0.575238,0.675892,0.579365,0.680952,0.675892,0.77,0.851,0,15.9352,0,15.2118,2.97816,2.57626,1.6387,56.3991,43.6009
Y5/spatial_repair__f1_s0,59,0.00040903,0,0.0825126,0.515775,2.27891,1.34265,0.793527,5.50858,0.548752,0.668906,0.568254,0.67619,0.675892,,,0,13.814,0,13.0928,2.76402,2.50468,1.58001,,
Y5/spatial_repair__f1_s0,60,0.000405921,0,0.0822111,0.5135,2.24999,1.32161,0.800223,5.48784,0.583912,0.67739,0.595238,0.685714,0.67739,0.812,0.878,0,15.5142,0,14.8216,2.80792,2.79663,1.57701,56.9275,43.0725
Y5/spatial_repair__f1_s0,61,0.000402773,0,0.0819095,0.511225,2.25546,1.33586,0.783482,5.4996,0.582341,0.661265,0.592063,0.671429,0.67739,,,0,13.8065,0,13.0569,2.72646,2.57349,1.62325,,
Y5/spatial_repair__f1_s0,62,0.000399585,0,0.081608,0.50895,2.26553,1.35274,0.779576,5.67805,0.632402,0.67723,0.647619,0.687302,0.67739,,,0,18.4398,0,17.8222,3.10311,2.62232,1.62365,,
Y5/spatial_repair__f1_s0,63,0.000396359,0,0.0813065,0.506675,2.23997,1.33777,0.782924,5.37607,0.615214,0.667122,0.628571,0.67619,0.67739,,,0,16.5286,0,15.8558,2.90548,2.71365,1.58967,,
Y5/spatial_repair__f1_s0,64,0.000393096,0,0.081005,0.5044,2.10961,1.26717,0.817522,5.4276,0.613148,0.662775,0.626984,0.673016,0.67739,,,0,12.8142,0,12.061,2.66241,2.53067,1.4794,,
Y5/spatial_repair__f1_s0,65,0.000389796,0,0.0807035,0.502125,2.14568,1.28117,0.792969,5.4717,0.629405,0.672942,0.64127,0.680952,0.67739,,,0,13.6223,0,12.8738,2.74983,2.42391,1.52077,,
Y5/spatial_repair__f1_s0,66,0.000386461,0,0.080402,0.49985,2.09459,1.24733,0.823661,5.40833,0.650584,0.6598,0.653968,0.666667,0.67739,,,0,14.3319,0,13.6674,2.82137,2.39494,1.50776,,
Y5/spatial_repair__f1_s0,67,0.000383091,0,0.0801005,0.497575,1.99475,1.18863,0.844866,5.57702,0.592441,0.667847,0.598413,0.671429,0.67739,,,0,13.2478,0,12.591,2.60804,2.25064,1.41778,,
Y5/spatial_repair__f1_s0,68,0.000379687,0,0.079799,0.4953,2.0396,1.21703,0.825893,5.56723,0.635288,0.678161,0.649206,0.68254,0.678161,0.878,0.92,0,15.2759,0,14.669,2.80295,2.34029,1.44923,61.125,38.875
Y5/spatial_repair__f1_s0,69,0.00037625,0,0.0794975,0.493025,1.98356,1.1854,0.838728,5.58632,0.610278,0.689081,0.61746,0.693651,0.689081,0.855,0.921,0,15.6224,0,15.0005,2.71146,2.44631,1.45799,63.1314,36.8686
Y5/spatial_repair__f1_s0,70,0.000372781,0,0.079196,0.49075,1.95635,1.17399,0.834821,5.48656,0.652696,0.693363,0.655556,0.7,0.693363,0.908,0.928,0,13.495,0,12.7533,2.93603,2.33571,1.42893,61.3194,38.6806
Y5/spatial_repair__f1_s0,71,0.000369281,0,0.0788945,0.488475,1.95582,1.17723,0.835379,5.4911,0.636009,0.68358,0.642857,0.688889,0.693363,,,0,14.4208,0,13.7887,2.80501,2.18567,1.39323,,
Y5/spatial_repair__f1_s0,72,0.00036575,0,0.078593,0.4862,1.9302,1.1621,0.84933,5.52488,0.670832,0.699988,0.674603,0.706349,0.699988,0.905,0.942,0,12.4837,0,11.7708,2.79321,2.18839,1.41098,59.5083,40.4917
Y5/spatial_repair__f1_s0,73,0.00036219,0,0.0782915,0.483925,1.95144,1.18297,0.841518,5.42615,0.640129,0.701482,0.646032,0.706349,0.701482,0.901,0.933,0,16.7697,0,16.1907,2.85533,2.32215,1.44547,62.5873,37.4127
Y5/spatial_repair__f1_s0,74,0.000358601,0,0.0779899,0.48165,1.87627,1.13436,0.84933,5.37377,0.669536,0.704296,0.674603,0.707937,0.704296,0.926,0.94,0,12.9807,0,12.2704,2.8256,2.29864,1.41299,63.6947,36.3053
Y5/spatial_repair__f1_s0,75,0.000354985,0,0.0776884,0.479375,1.80341,1.09204,0.875558,5.41519,0.629914,0.710378,0.638095,0.709524,0.710378,0.902,0.947,0,13.9382,0,13.3696,2.59981,1.94431,1.2897,62.7184,37.2816
Y5/spatial_repair__f1_s0,76,0.000351343,0,0.0773869,0.4771,1.86906,1.13459,0.863839,5.37232,0.669032,0.695414,0.671429,0.7,0.710378,,,0,13.6533,0,13.0133,2.87252,2.14205,1.34807,,
Y5/spatial_repair__f1_s0,77,0.000347674,0,0.0770854,0.474825,1.78278,1.07766,0.882813,5.4654,0.681921,0.692096,0.690476,0.696825,0.710378,,,0,11.1579,0,10.4968,2.6081,1.98262,1.25457,,
Y5/spatial_repair__f1_s0,78,0.000343981,0,0.0767839,0.47255,1.78206,1.08795,0.871652,5.54967,0.664046,0.703133,0.671429,0.707937,0.710378,,,0,12.7219,0,12.0753,2.70738,2.13582,1.29366,,
Y5/spatial_repair__f1_s0,79,0.000340265,0,0.0764824,0.470275,1.74076,1.05527,0.878348,5.69576,0.663692,0.709355,0.673016,0.712698,0.710378,,,0,14.1024,0,13.5509,2.64037,1.83707,1.245,,
Y5/spatial_repair__f1_s0,80,0.000336525,0,0.0761809,0.468,1.74582,1.07025,0.875,5.47243,0.652858,0.7034,0.65873,0.709524,0.710378,,,0,13.2315,0,12.6252,2.83925,1.93721,1.27336,,
Y5/spatial_repair__f1_s0,81,0.000332764,0,0.0758794,0.465725,1.76083,1.07931,0.868862,5.59558,0.644411,0.694775,0.655556,0.7,0.710378,,,0,14.9089,0,14.302,2.84834,2.07247,1.31154,,
Y5/spatial_repair__f1_s0,82,0.000328982,0,0.0755779,0.46345,1.72551,1.05811,0.877232,5.51216,0.683456,0.702001,0.692063,0.706349,0.710378,,,0,15.9826,0,15.4473,2.87049,1.94017,1.30818,,
Y5/spatial_repair__f1_s0,83,0.00032518,0,0.0752764,0.461175,1.69646,1.04773,0.891741,5.45518,0.684011,0.697469,0.690476,0.701587,0.710378,,,0,12.8434,0,12.1815,2.87405,1.96452,1.25666,,
Y5/spatial_repair__f1_s0,84,0.000321359,0,0.0749749,0.4589,1.62749,1.00661,0.896763,5.59189,0.690808,0.690597,0.695238,0.696825,0.710378,,,0,10.2793,0,9.5916,2.60667,1.83637,1.21503,,
Y5/spatial_repair__f1_s0,85,0.00031752,0,0.0746734,0.456625,1.62943,1.0056,0.899554,5.47679,0.674251,0.692734,0.67619,0.698413,0.710378,,,0,13.1252,0,12.5462,2.68719,1.83481,1.20506,,
Y5/spatial_repair__f1_s0,86,0.000313664,0,0.0743719,0.45435,1.6213,1.01227,0.896205,5.46338,0.685595,0.693994,0.693651,0.695238,0.710378,,,0,12.1231,0,11.5195,2.74917,1.7994,1.21308,,
Y5/spatial_repair__f1_s0,87,0.000309793,0,0.0740704,0.452075,1.57697,0.976649,0.905134,5.42991,0.665293,0.701548,0.673016,0.7,0.710378,,,0,14.3577,0,13.8229,2.82975,1.7505,1.15801,,
Y5/spatial_repair__f1_s0,88,0.000305907,0,0.0737688,0.4498,1.55376,0.96985,0.904576,5.5448,0.709184,0.70191,0.711111,0.703175,0.710378,,,0,12.2457,0,11.6551,2.77884,1.71392,1.15109,,
Y5/spatial_repair__f1_s0,89,0.000302006,0,0.0734673,0.447525,1.53076,0.96082,0.912946,5.73004,0.694498,0.707656,0.706349,0.709524,0.710378,,,0,12.7745,0,12.2522,2.65759,1.65112,1.1302,,
Y5/spatial_repair__f1_s0,90,0.000298093,0,0.0731658,0.44525,1.53111,0.956217,0.912946,5.39664,0.660367,0.71197,0.668254,0.711111,0.71197,0.935,0.978,0,14.9451,0,14.4638,2.75212,1.66915,1.13773,69.0712,30.9288
Y5/spatial_repair__f1_s0,91,0.000294168,0,0.0728643,0.442975,1.511,0.946659,0.921317,5.52238,0.703446,0.705614,0.704762,0.707937,0.71197,,,0,16.8365,0,16.3289,2.9174,1.77822,1.15837,,
Y5/spatial_repair__f1_s0,92,0.000290233,0,0.0725628,0.4407,1.50226,0.946844,0.916295,5.52671,0.69259,0.708793,0.696825,0.711111,0.71197,,,0,10.6394,0,10.012,2.64392,1.71833,1.14418,,
Y5/spatial_repair__f1_s0,93,0.000286287,0,0.0722613,0.438425,1.46345,0.91953,0.918527,5.54654,0.712222,0.718226,0.711111,0.719048,0.718226,0.981,0.99,0,12.9673,0,12.4559,2.68402,1.59565,1.08976,69.7066,30.2934
Y5/spatial_repair__f1_s0,94,0.000282333,0,0.0719598,0.43615,1.46752,0.925477,0.917969,5.44824,0.714962,0.724769,0.71746,0.725397,0.724769,0.972,0.982,0,11.4844,0,10.8963,2.76735,1.53139,1.09932,68.4236,31.5764
Y5/spatial_repair__f1_s0,95,0.000278371,0,0.0716583,0.433875,1.44815,0.909639,0.916853,5.44215,0.703233,0.723315,0.709524,0.725397,0.724769,,,0,13.428,0,12.8731,2.9332,1.60688,1.11356,,
Y5/spatial_repair__f1_s0,96,0.000274402,0,0.0713568,0.4316,1.46887,0.937252,0.914621,5.414,0.681008,0.730867,0.685714,0.731746,0.730867,0.965,0.987,0,13.4954,0,12.9551,2.77826,1.61444,1.10064,71.532,28.468
Y5/spatial_repair__f1_s0,97,0.000270428,0,0.0710553,0.429325,1.40915,0.901557,0.925781,5.45051,0.694773,0.724587,0.7,0.726984,0.730867,,,0,10.9249,0,10.3332,2.58838,1.58398,1.06763,,
Y5/spatial_repair__f1_s0,98,0.000266449,0,0.0707538,0.42705,1.39262,0.884048,0.929688,5.5033,0.683743,0.714563,0.690476,0.71746,0.730867,,,0,11.9462,0,11.4227,2.59489,1.48558,1.01774,,
Y5/spatial_repair__f1_s0,99,0.000262466,0,0.0704523,0.424775,1.38793,0.884033,0.922433,5.55715,0.694808,0.701551,0.703175,0.707937,0.730867,,,0,12.3646,0,11.8351,2.69029,1.61179,1.0329,,
Y5/spatial_repair__f1_s0,100,0.000258481,0,0.0701508,0.4225,1.33267,0.852022,0.943638,5.47936,0.693904,0.699601,0.703175,0.704762,0.730867,0.979,0.99,0,10.6192,0,10.0602,2.56234,1.48438,0.977838,71.1236,28.8764
Y5/spatial_repair__f1_s0,101,0.000254494,0,0.0698492,0.420225,1.35878,0.87502,0.93192,5.41686,0.716449,0.713825,0.720635,0.71746,0.730867,,,0,11.7308,0,11.1788,2.78925,1.53977,1.0458,,
Y5/spatial_repair__f1_s0,102,0.000250506,0,0.0695477,0.41795,1.34104,0.860935,0.93471,5.40698,0.702439,0.724797,0.703175,0.726984,0.730867,,,0,11.7271,0,11.2485,2.55348,1.44709,0.997498,,
Y5/spatial_repair__f1_s0,103,0.000246519,0,0.0692462,0.415675,1.31401,0.841388,0.944196,5.61193,0.69338,0.729418,0.695238,0.731746,0.730867,,,0,8.89905,0,8.26603,2.50516,1.3701,0.945121,,
Y5/spatial_repair__f1_s0,104,0.000242534,0,0.0689447,0.4134,1.27458,0.828342,0.947545,5.53983,0.676252,0.728841,0.68254,0.730159,0.730867,,,0,10.5967,0,10.0571,2.53002,1.33981,0.943972,,
Y5/spatial_repair__f1_s0,105,0.000238551,0,0.0686432,0.411125,1.27055,0.822383,0.948103,5.5425,0.705959,0.73167,0.706349,0.733333,0.73167,0.99,0.997,0,10.8095,0,10.3046,2.5456,1.38094,0.955277,72.7908,27.2092
Y5/spatial_repair__f1_s0,106,0.000234572,0,0.0683417,0.40885,1.27976,0.833489,0.938058,5.55452,0.721901,0.727332,0.722222,0.726984,0.73167,,,0,10.2169,0,9.71669,2.46259,1.27733,0.924324,,
Y5/spatial_repair__f1_s0,107,0.000230598,0,0.0680402,0.406575,1.2624,0.822706,0.9375,5.4683,0.708017,0.728498,0.712698,0.730159,0.73167,,,0,10.7472,0,10.2516,2.49353,1.32919,0.949465,,
Y5/spatial_repair__f1_s0,108,0.000226629,0,0.0677387,0.4043,1.23769,0.807415,0.948661,5.56817,0.696665,0.732137,0.698413,0.734921,0.732137,0.987,0.992,0,12.9334,0,12.4642,2.68089,1.34351,0.927541,72.9042,27.0958
Y5/spatial_repair__f1_s0,109,0.000222667,0,0.0674372,0.402025,1.22707,0.808263,0.950893,5.52419,0.684147,0.7254,0.690476,0.728571,0.732137,,,0,10.556,0,10.0487,2.51776,1.30402,0.926937,,
Y5/spatial_repair__f1_s0,110,0.000218713,0,0.0671357,0.39975,1.24265,0.816645,0.944754,5.43564,0.689575,0.719456,0.693651,0.722222,0.732137,,,0,9.67998,0,9.09378,2.58913,1.34622,0.9258,,
Y5/spatial_repair__f1_s0,111,0.000214767,0,0.0668342,0.397475,1.24988,0.824185,0.935268,5.43632,0.690299,0.730455,0.692063,0.731746,0.732137,,,0,12.5273,0,11.9528,2.86947,1.35182,0.962707,,
Y5/spatial_repair__f1_s0,112,0.000210832,0,0.0665327,0.3952,1.20195,0.79219,0.946429,5.50668,0.70508,0.728022,0.711111,0.728571,0.732137,,,0,11.3656,0,10.8308,2.72654,1.26147,0.895265,,
Y5/spatial_repair__f1_s0,113,0.000206907,0,0.0662312,0.392925,1.19117,0.787235,0.951451,5.37943,0.716379,0.732513,0.71746,0.733333,0.732513,0.991,0.998,0,11.2061,0,10.7394,2.49924,1.24311,0.860821,73.702,26.298
Y5/spatial_repair__f1_s0,114,0.000202994,0,0.0659296,0.39065,1.20774,0.797071,0.943638,5.48948,0.719783,0.725995,0.725397,0.726984,0.732513,,,0,10.7173,0,10.2229,2.55035,1.28141,0.916593,,
Y5/spatial_repair__f1_s0,115,0.000199093,0,0.0656281,0.388375,1.19352,0.793225,0.948103,5.42585,0.712848,0.735707,0.714286,0.738095,0.735707,0.996,0.993,0,10.6449,0,9.97312,2.96238,1.32982,0.927267,73.2306,26.7694
Y5/spatial_repair__f1_s0,116,0.000195207,0,0.0653266,0.3861,1.18238,0.782067,0.945313,5.34942,0.688359,0.73308,0.693651,0.734921,0.735707,,,0,10.6297,0,10.1119,2.62514,1.29766,0.929599,,
Y5/spatial_repair__f1_s0,117,0.000191336,0,0.0650251,0.383825,1.1532,0.770323,0.944754,5.55311,0.71659,0.729921,0.719048,0.733333,0.735707,,,0,10.2985,0,9.81272,2.44812,1.20975,0.854161,,
Y5/spatial_repair__f1_s0,118,0.00018748,0,0.0647236,0.38155,1.15621,0.77637,0.945313,5.64846,0.685014,0.728885,0.684127,0.731746,0.735707,,,0,12.4046,0,11.9286,2.63044,1.3,0.905802,,
Y5/spatial_repair__f1_s0,119,0.000183641,0,0.0644221,0.379275,1.13064,0.761305,0.953125,5.43609,0.698804,0.73304,0.706349,0.734921,0.735707,,,0,10.6492,0,10.1511,2.55507,1.2063,0.868463,,
Y5/spatial_repair__f1_s0,120,0.00017982,0,0.0641206,0.377,1.10343,0.746467,0.958705,5.46909,0.709979,0.731217,0.715873,0.731746,0.735707,,,0,10.4166,0,10.0005,2.3045,1.12759,0.814584,,
Y5/spatial_repair__f1_s0,121,0.000176018,0,0.0638191,0.374725,1.11626,0.756313,0.952567,5.44585,0.732614,0.734931,0.733333,0.738095,0.735707,,,0,9.47472,0,9.01173,2.33199,1.16472,0.808055,,
Y5/spatial_repair__f1_s0,122,0.000172236,0,0.0635176,0.37245,1.09112,0.737552,0.958147,5.46224,0.721895,0.735106,0.725397,0.736508,0.735707,,,0,9.04258,0,8.53171,2.42614,1.13483,0.811714,,
Y5/spatial_repair__f1_s0,123,0.000168475,0,0.0632161,0.370175,1.07861,0.727494,0.962612,5.64462,0.692339,0.727708,0.698413,0.728571,0.735707,,,0,9.06547,0,8.60458,2.27603,1.0996,0.780144,,
Y5/spatial_repair__f1_s0,124,0.000164735,0,0.0629146,0.3679,1.08224,0.734578,0.958705,5.55333,0.718904,0.725784,0.720635,0.728571,0.735707,,,0,11.9328,0,11.4067,2.88165,1.12858,0.854205,,
Y5/spatial_repair__f1_s0,125,0.000161019,0,0.0626131,0.365625,1.08461,0.737718,0.951451,5.44765,0.712236,0.731628,0.711111,0.733333,0.735707,0.998,0.999,0,9.90754,0,9.43475,2.37433,1.11313,0.824296,74.3848,25.6152
Y5/spatial_repair__f1_s0,126,0.000157326,0,0.0623116,0.36335,1.08382,0.735184,0.955357,5.53724,0.712785,0.732291,0.71746,0.731746,0.735707,,,0,10.2871,0,9.83038,2.39123,1.11473,0.835033,,
Y5/spatial_repair__f1_s0,127,0.000153657,0,0.0620101,0.361075,1.05443,0.724822,0.957589,5.65064,0.714099,0.737841,0.712698,0.739683,0.737841,0.998,1,0,9.13582,0,8.69436,2.24169,1.02775,0.778036,74.8521,25.1479
Y5/spatial_repair__f1_s0,128,0.000150015,0,0.0617085,0.3588,1.01478,0.700031,0.961496,5.47884,0.711868,0.726114,0.714286,0.728571,0.737841,,,0,8.93276,0,8.47151,2.27749,1.04182,0.775452,,
Y5/spatial_repair__f1_s0,129,0.000146399,0,0.061407,0.356525,1.02987,0.705967,0.962612,5.53356,0.719527,0.727579,0.722222,0.728571,0.737841,,,0,9.43569,0,8.98274,2.3339,1.07188,0.774834,,
Y5/spatial_repair__f1_s0,130,0.00014281,0,0.0611055,0.35425,1.01077,0.695141,0.958705,5.50168,0.714139,0.721661,0.715873,0.72381,0.737841,,,0,9.06071,0,8.60093,2.3574,1.05344,0.760496,,
Y5/spatial_repair__f1_s0,131,0.00013925,0,0.060804,0.351975,1.01533,0.696416,0.962054,5.47105,0.716102,0.722781,0.720635,0.72381,0.737841,,,0,9.08493,0,8.6225,2.36108,0.946984,0.740919,,
Y5/spatial_repair__f1_s0,132,0.000135719,0,0.0605025,0.3497,1.00618,0.699582,0.958705,5.62505,0.691959,0.731523,0.696825,0.731746,0.737841,,,0,8.96465,0,8.49522,2.371,0.984333,0.751272,,
Y5/spatial_repair__f1_s0,133,0.000132219,0,0.060201,0.347425,0.995128,0.690604,0.962054,5.44655,0.704554,0.741073,0.709524,0.74127,0.741073,0.997,1,0,8.97499,0,8.50002,2.30081,1.02423,0.766149,74.958,25.042
Y5/spatial_repair__f1_s0,134,0.00012875,0,0.0598995,0.34515,0.951548,0.658376,0.970982,5.49047,0.721974,0.731282,0.72381,0.730159,0.741073,,,0,9.11704,0,8.6935,2.22524,0.92014,0.723174,,
Y5/spatial_repair__f1_s0,135,0.000125313,0,0.059598,0.342875,0.99016,0.695978,0.960379,5.43913,0.725235,0.721799,0.726984,0.72381,0.741073,,,0,10.0534,0,9.61232,2.42402,0.972781,0.763002,,
Y5/spatial_repair__f1_s0,136,0.000121909,0,0.0592965,0.3406,0.976955,0.684001,0.960379,5.63702,0.729437,0.726251,0.733333,0.726984,0.741073,,,0,9.09846,0,8.65935,2.30353,0.985372,0.75433,,
Y5/spatial_repair__f1_s0,137,0.000118539,0,0.058995,0.338325,0.962133,0.671763,0.961496,5.54689,0.715188,0.726718,0.71746,0.728571,0.741073,,,0,9.73292,0,9.32028,2.31676,0.972828,0.745833,,
Y5/spatial_repair__f1_s0,138,0.000115204,0,0.0586935,0.33605,0.963345,0.676904,0.96596,5.36454,0.722944,0.722163,0.725397,0.725397,0.741073,,,0.0119048,10.9409,1,10.515,2.77158,0.976793,0.764209,,
Y5/spatial_repair__f1_s0,139,0.000111904,0,0.058392,0.333775,0.949993,0.669573,0.96317,5.56816,0.714414,0.724857,0.715873,0.726984,0.741073,,,0,8.27196,0,7.8381,2.19438,0.935552,0.73467,,
Y5/spatial_repair__f1_s0,140,0.000108641,0,0.0580905,0.3315,0.921981,0.646447,0.97154,5.50696,0.717591,0.72269,0.71746,0.72381,0.741073,,,0,10.094,0,9.70894,2.2309,0.976083,0.726129,,
Y5/spatial_repair__f1_s0,141,0.000105415,0,0.0577889,0.329225,0.925364,0.656089,0.964844,5.72999,0.717643,0.725714,0.719048,0.726984,0.741073,,,0,9.5034,0,9.06682,2.33275,0.922637,0.720842,,
Y5/spatial_repair__f1_s0,142,0.000102227,0,0.0574874,0.32695,0.898653,0.635308,0.972098,5.42019,0.705907,0.732126,0.709524,0.734921,0.741073,,,0,9.64556,0,9.25319,2.2523,0.912067,0.692601,,
Y5/spatial_repair__f1_s0,143,9.90786e-05,0,0.0571859,0.324675,0.903543,0.641846,0.970982,5.52844,0.721442,0.733021,0.72381,0.734921,0.741073,,,0,9.42039,0,9.04671,2.12228,0.877824,0.667491,,
Y5/spatial_repair__f1_s0,144,9.59698e-05,0,0.0568844,0.3224,0.892381,0.636817,0.968192,5.41132,0.733071,0.724533,0.733333,0.726984,0.741073,,,0,8.68109,0,8.26809,2.12009,0.854777,0.670214,,
Y5/spatial_repair__f1_s0,145,9.29016e-05,0,0.0565829,0.320125,0.886316,0.631587,0.972098,5.46694,0.729252,0.723795,0.730159,0.725397,0.741073,,,0,7.7356,0,7.27867,2.20026,0.855586,0.645079,,
Y5/spatial_repair__f1_s0,146,8.98748e-05,0,0.0562814,0.31785,0.874754,0.626931,0.97154,5.67548,0.733188,0.718633,0.734921,0.720635,0.741073,,,0,8.31078,0,7.77335,2.50372,0.938981,0.694615,,
Y5/spatial_repair__f1_s0,147,8.68902e-05,0,0.0559799,0.315575,0.877695,0.631239,0.970982,5.44619,0.725819,0.720072,0.726984,0.720635,0.741073,,,0,8.61164,0,8.20855,2.10914,0.921529,0.687888,,
Y5/spatial_repair__f1_s0,148,8.39486e-05,0,0.0556784,0.3133,0.855182,0.614571,0.977121,5.4489,0.743755,0.721784,0.74127,0.72381,0.743755,1,1,0,7.23332,0,6.85279,1.88926,0.803993,0.615243,76.5597,23.4403
Y5/spatial_repair__f1_s0,149,8.10507e-05,0,0.0553769,0.311025,0.88012,0.636503,0.964844,5.41107,0.739646,0.723634,0.739683,0.725397,0.743755,,,0,8.51321,0,8.08315,2.21853,0.929991,0.709335,,
Y5/spatial_repair__f1_s0,150,7.81974e-05,0,0.0550754,0.30875,0.859287,0.618795,0.967076,5.68447,0.71835,0.726806,0.720635,0.726984,0.743755,1,1,0,7.04374,0,6.59026,2.04214,0.89858,0.67116,76.8501,23.1499
Y5/spatial_repair__f1_s0,151,7.53893e-05,0,0.0547739,0.306475,0.859453,0.619212,0.964844,5.48224,0.729204,0.725693,0.730159,0.726984,0.743755,,,0,8.61104,0,8.20259,2.10619,0.882257,0.667466,,
Y5/spatial_repair__f1_s0,152,7.26271e-05,0,0.0544724,0.3042,0.854365,0.618682,0.96875,5.42952,0.71901,0.731475,0.722222,0.731746,0.743755,,,0,8.52729,0,8.12464,2.15621,0.872399,0.66183,,
Y5/spatial_repair__f1_s0,153,6.99117e-05,0,0.0541709,0.301925,0.843134,0.612685,0.97433,5.48515,0.712704,0.732431,0.714286,0.733333,0.743755,,,0,8.70948,0,8.33652,2.07039,0.852512,0.663949,,
Y5/spatial_repair__f1_s0,154,6.72436e-05,0,0.0538693,0.29965,0.836895,0.608473,0.968192,5.59462,0.712355,0.727173,0.714286,0.728571,0.743755,,,0,8.08178,0,7.64941,2.13368,0.936668,0.693959,,
Y5/spatial_repair__f1_s0,155,6.46236e-05,0,0.0535678,0.297375,0.812694,0.594173,0.973214,5.65473,0.721443,0.732985,0.725397,0.733333,0.743755,,,0,7.80167,0,7.37711,2.13089,0.843292,0.652551,,
Y5/spatial_repair__f1_s0,156,6.20524e-05,0,0.0532663,0.2951,0.808313,0.592247,0.972656,5.46975,0.727063,0.731996,0.728571,0.733333,0.743755,,,0,7.74044,0,7.34594,1.98269,0.834205,0.635469,,
Y5/spatial_repair__f1_s0,157,5.95306e-05,0,0.0529648,0.292825,0.825553,0.602649,0.973214,5.50182,0.715489,0.73172,0.715873,0.733333,0.743755,,,0,7.19584,0,6.73376,2.16093,0.835297,0.656523,,
Y5/spatial_repair__f1_s0,158,5.70589e-05,0,0.0526633,0.29055,0.791157,0.580489,0.979353,5.46287,0.711275,0.725677,0.712698,0.726984,0.743755,,,0,7.96185,0,7.60032,1.93143,0.795224,0.606087,,
Y5/spatial_repair__f1_s0,159,5.46379e-05,0,0.0523618,0.288275,0.791035,0.579648,0.972656,5.41261,0.720816,0.730546,0.722222,0.730159,0.743755,,,0,7.72706,0,7.35017,1.99107,0.816679,0.603757,,
Y5/spatial_repair__f1_s0,160,5.22683e-05,0,0.0520603,0.286,0.80248,0.59116,0.969866,5.54474,0.728553,0.720989,0.733333,0.722222,0.743755,,,0,7.52851,0,7.10221,2.07631,0.838853,0.64322,,
Y5/spatial_repair__f1_s0,161,4.99506e-05,0,0.0517588,0.283725,0.805521,0.595841,0.965402,5.58566,0.723984,0.721031,0.726984,0.722222,0.743755,,,0,8.71142,0,8.31001,2.16454,0.858293,0.677747,,
Y5/spatial_repair__f1_s0,162,4.76856e-05,0,0.0514573,0.28145,0.773621,0.572086,0.976563,5.50527,0.728526,0.721026,0.730159,0.72381,0.743755,,,0,6.32335,0,5.88476,1.94494,0.812425,0.623789,,
Y5/spatial_repair__f1_s0,163,4.54736e-05,0,0.0511558,0.279175,0.768899,0.56977,0.976563,5.34195,0.725723,0.720317,0.728571,0.72381,0.743755,,,0,7.01329,0,6.61046,1.90173,0.782524,0.604335,,
Y5/spatial_repair__f1_s0,164,4.33155e-05,0,0.0508543,0.2769,0.776484,0.5821,0.967634,5.51499,0.719398,0.731733,0.720635,0.733333,0.743755,,,0,7.30889,0,6.82419,2.19761,0.843053,0.681012,,
Y5/spatial_repair__f1_s0,165,4.12116e-05,0,0.0505528,0.274625,0.75914,0.565509,0.972098,5.57474,0.715332,0.727701,0.720635,0.728571,0.743755,,,0,8.58221,0,8.15488,2.22194,0.780432,0.639366,,
Y5/spatial_repair__f1_s0,166,3.91625e-05,0,0.0502513,0.27235,0.784286,0.585675,0.964844,5.40653,0.724263,0.72847,0.726984,0.730159,0.743755,,,0,7.99689,0,7.52002,2.3,0.855791,0.680387,,
Y5/spatial_repair__f1_s0,167,3.71688e-05,0,0.0499497,0.270075,0.751635,0.56319,0.974888,5.49044,0.718199,0.730734,0.722222,0.731746,0.743755,,,0,7.36137,0,6.99031,1.91374,0.814144,0.645847,,
Y5/spatial_repair__f1_s0,168,3.5231e-05,0,0.0496482,0.2678,0.750101,0.560849,0.975446,5.51154,0.718784,0.726815,0.722222,0.728571,0.743755,,,0,6.67605,0,6.26481,1.89876,0.788539,0.614734,,
Y5/spatial_repair__f1_s0,169,3.33496e-05,0,0.0493467,0.265525,0.740515,0.556054,0.976004,5.46331,0.705503,0.72658,0.709524,0.728571,0.743755,,,0,7.53696,0,7.15806,1.91163,0.814581,0.630978,,
Y5/spatial_repair__f1_s0,170,3.15251e-05,0,0.0490452,0.26325,0.726373,0.547113,0.977679,5.58874,0.720656,0.725259,0.722222,0.726984,0.743755,,,0,7.0328,0,6.63326,1.91947,0.822035,0.619474,,
Y5/spatial_repair__f1_s0,171,2.97579e-05,0,0.0487437,0.260975,0.73609,0.553726,0.973214,5.48,0.726821,0.723457,0.726984,0.725397,0.743755,,,0,7.21512,0,6.84279,1.87956,0.76935,0.624249,,
Y5/spatial_repair__f1_s0,172,2.80486e-05,0,0.0484422,0.2587,0.714927,0.53937,0.978237,5.49615,0.727685,0.72513,0.730159,0.726984,0.743755,,,0,6.28751,0,5.82379,1.98473,0.759607,0.607361,,
Y5/spatial_repair__f1_s0,173,2.63975e-05,0,0.0481407,0.256425,0.733461,0.553112,0.976563,5.36218,0.720084,0.722153,0.722222,0.72381,0.743755,,,0,6.86288,0,6.44169,1.9716,0.81986,0.623682,,
Y5/spatial_repair__f1_s0,174,2.48051e-05,0,0.0478392,0.25415,0.714968,0.543617,0.972098,5.47074,0.710541,0.719243,0.712698,0.720635,0.743755,,,0,6.25552,0,5.76179,1.97492,0.828048,0.655091,,
Y5/spatial_repair__f1_s0,175,2.32718e-05,0,0.0475377,0.251875,0.681005,0.517679,0.982701,5.56802,0.723472,0.722194,0.72381,0.72381,0.743755,1,1,0,5.35368,0,4.9495,1.70369,0.690169,0.536005,77.662,22.338
Y5/spatial_repair__f1_s0,176,2.1798e-05,0,0.0472362,0.25,0.692064,0.525294,0.979911,5.39283,0.713571,0.72253,0.715873,0.72381,0.743755,,,0,6.7253,0,6.24943,2.13758,0.751517,0.572327,,
Y5/spatial_repair__f1_s0,177,2.0384e-05,0,0.0469347,0.25,0.662895,0.504712,0.983817,5.40974,0.723218,0.721987,0.72381,0.722222,0.743755,,,0,5.94483,0,5.54696,1.7507,0.769771,0.579853,,
Y5/spatial_repair__f1_s0,178,1.90303e-05,0,0.0466332,0.25,0.702146,0.535016,0.97154,5.40126,0.720537,0.718539,0.720635,0.719048,0.743755,,,0,7.04072,0,6.6216,2.01736,0.808861,0.625917,,
Y5/spatial_repair__f1_s0,179,1.77372e-05,0,0.0463317,0.25,0.686267,0.522745,0.976004,5.38004,0.721776,0.72144,0.725397,0.720635,0.743755,,,0,6.52158,0,6.06733,2.01791,0.722005,0.570283,,
Y5/spatial_repair__f1_s0,180,1.65051e-05,0,0.0460302,0.25,0.687842,0.522082,0.977679,5.40956,0.726709,0.72082,0.725397,0.722222,0.743755,,,0,7.12528,0,6.74061,1.93064,0.759591,0.596745,,
Y5/spatial_repair__f1_s0,181,1.53342e-05,0,0.0457286,0.25,0.677595,0.517708,0.974888,5.37994,0.73828,0.722014,0.738095,0.722222,0.743755,,,0,7.14716,0,6.78128,1.86019,0.763598,0.596536,,
Y5/spatial_repair__f1_s0,182,1.42248e-05,0,0.0454271,0.25,0.692851,0.524785,0.972098,5.31248,0.729424,0.724536,0.730159,0.726984,0.743755,,,0,7.08466,0,6.67033,2.01066,0.78806,0.627219,,
Y5/spatial_repair__f1_s0,183,1.31773e-05,0,0.0451256,0.25,0.687612,0.526466,0.970424,5.34281,0.733204,0.722138,0.734921,0.722222,0.743755,,,0,7.09868,0,6.71059,1.86237,0.816254,0.63362,,
Y5/spatial_repair__f1_s0,184,1.21919e-05,0,0.0448241,0.25,0.662744,0.505979,0.979353,5.31201,0.734817,0.715548,0.734921,0.715873,0.743755,,,0,5.47588,0,5.10476,1.67448,0.653729,0.532538,,
Y5/spatial_repair__f1_s0,185,1.12689e-05,0,0.0445226,0.25,0.667059,0.50903,0.973214,5.45433,0.729215,0.722486,0.728571,0.72381,0.743755,,,0,6.47337,0,6.0451,1.96099,0.773819,0.623636,,
Y5/spatial_repair__f1_s0,186,1.04085e-05,0,0.0442211,0.25,0.67195,0.510704,0.970982,5.23707,0.724946,0.727178,0.725397,0.726984,0.743755,,,0,7.74014,0,7.28693,2.20225,0.815067,0.647685,,
Y5/spatial_repair__f1_s0,187,9.61089e-06,0,0.0439196,0.25,0.67265,0.513391,0.973772,5.3823,0.722955,0.728206,0.72381,0.728571,0.743755,,,0,6.85315,0,6.4382,1.9968,0.771684,0.617137,,
Y5/spatial_repair__f1_s0,188,8.87636e-06,0,0.0436181,0.25,0.649254,0.491246,0.977121,5.36467,0.723879,0.72709,0.725397,0.726984,0.743755,1,1,0,6.36225,0,5.93572,1.90613,0.762601,0.603283,,
