fold,arm,label,cross,destination,f1,recall
0,rgb_trained,0,False,0,0.5161290322580645,0.5
0,rgb_trained,1,False,0,0.8543689320388349,0.9166666666666666
0,rgb_trained,2,False,0,0.9690721649484536,0.9791666666666666
0,rgb_trained,3,False,0,0.9574468085106383,0.9375
0,rgb_trained,4,True,8,0.7586206896551724,0.6875
0,rgb_trained,5,False,1,0.8865979381443299,0.9347826086956522
0,rgb_trained,6,False,1,0.5918367346938775,0.6041666666666666
0,rgb_trained,7,True,8,0.0,0.0
0,rgb_trained,8,False,1,0.822429906542056,0.9166666666666666
0,rgb_trained,9,False,1,0.8113207547169812,0.8958333333333334
0,rgb_trained,10,False,1,0.5882352941176471,0.625
0,rgb_trained,11,False,1,0.5555555555555556,0.5208333333333334
0,rgb_trained,12,True,8,0.44776119402985076,0.3125
0,rgb_trained,13,False,1,0.6666666666666666,0.6875
0,rgb_trained,14,False,1,0.7916666666666666,0.7916666666666666
0,rgb_trained,15,False,1,0.9375,0.9375
0,rgb_trained,16,False,1,0.8817204301075269,0.8541666666666666
0,rgb_trained,17,False,1,0.7789473684210526,0.7708333333333334
0,rgb_trained,18,False,1,0.7578947368421053,0.75
0,rgb_trained,19,False,1,0.6166666666666667,0.7708333333333334
0,rgb_trained,20,False,2,0.6728971962616822,0.75
0,rgb_trained,21,False,2,0.8316831683168316,0.875
0,rgb_trained,22,True,2,0.5,0.3541666666666667
0,rgb_trained,23,False,2,0.8118811881188119,0.8541666666666666
0,rgb_trained,24,False,2,0.8686868686868687,0.8958333333333334
0,rgb_trained,25,False,2,0.6274509803921569,0.6666666666666666
0,rgb_trained,26,False,2,0.967741935483871,0.9375
0,rgb_trained,27,False,2,0.7291666666666666,0.7291666666666666
0,rgb_trained,28,False,2,0.9696969696969697,1.0
0,rgb_trained,29,False,2,0.7454545454545455,0.8541666666666666
0,rgb_trained,30,False,2,0.6170212765957447,0.6041666666666666
0,rgb_trained,31,False,2,0.9166666666666666,0.9166666666666666
0,rgb_trained,32,False,2,0.8387096774193549,0.8125
0,rgb_trained,33,False,2,0.5714285714285714,0.5416666666666666
0,rgb_trained,34,False,3,0.5166666666666667,0.6458333333333334
0,rgb_trained,35,False,3,0.9166666666666666,0.9166666666666666
0,rgb_trained,36,False,3,0.8865979381443299,0.8958333333333334
0,rgb_trained,37,False,3,0.6862745098039216,0.7291666666666666
0,rgb_trained,38,True,3,0.02127659574468085,0.020833333333333332
0,rgb_trained,39,False,3,0.7766990291262136,0.8333333333333334
0,rgb_trained,40,False,3,0.6588235294117647,0.5833333333333334
0,rgb_trained,41,False,3,0.4186046511627907,0.375
0,rgb_trained,42,False,3,0.6607142857142857,0.7708333333333334
0,rgb_trained,43,False,4,0.6111111111111112,0.9166666666666666
0,rgb_trained,44,False,4,0.8979591836734694,0.9166666666666666
0,rgb_trained,45,True,4,0.2647058823529412,0.19148936170212766
0,rgb_trained,46,False,4,0.7692307692307693,0.7291666666666666
0,rgb_trained,47,False,4,0.9387755102040817,0.9583333333333334
0,rgb_trained,48,False,4,0.9361702127659575,0.9166666666666666
0,rgb_trained,49,False,4,0.297029702970297,0.3125
0,rgb_trained,50,False,4,0.7,0.5833333333333334
0,rgb_trained,51,False,4,0.36363636363636365,0.4166666666666667
0,rgb_trained,52,False,4,0.4172661870503597,0.6041666666666666
0,rgb_trained,53,False,4,0.7083333333333334,0.7391304347826086
0,rgb_trained,54,False,4,0.5909090909090909,0.5416666666666666
0,rgb_trained,55,False,4,0.7126436781609196,0.6458333333333334
0,rgb_trained,56,False,4,0.7446808510638298,0.7291666666666666
0,rgb_trained,57,False,5,0.8478260869565217,0.8125
0,rgb_trained,58,False,5,0.6938775510204082,0.7083333333333334
0,rgb_trained,59,True,5,0.6075949367088608,0.5
0,rgb_trained,60,True,5,0.32786885245901637,0.20833333333333334
0,rgb_trained,61,True,8,0.17073170731707318,0.14583333333333334
0,rgb_trained,62,False,5,0.673469387755102,0.6875
0,rgb_trained,63,True,8,0.0594059405940594,0.0625
0,rgb_trained,64,True,5,0.26865671641791045,0.1875
0,rgb_trained,65,True,5,0.34210526315789475,0.2708333333333333
0,rgb_trained,66,True,5,0.07547169811320754,0.041666666666666664
0,rgb_trained,67,False,5,0.9215686274509803,0.9791666666666666
0,rgb_trained,68,False,5,0.9787234042553191,0.9583333333333334
0,rgb_trained,69,False,5,0.865979381443299,0.875
0,rgb_trained,70,True,5,0.379746835443038,0.3125
0,rgb_trained,71,True,5,0.0,0.0
0,rgb_trained,72,False,6,0.6666666666666666,0.8125
0,rgb_trained,73,False,6,0.6796116504854369,0.7291666666666666
0,rgb_trained,74,False,6,0.8737864077669902,0.9375
0,rgb_trained,75,False,6,0.4672897196261682,0.5208333333333334
0,rgb_trained,76,False,6,0.8349514563106796,0.8958333333333334
0,rgb_trained,77,False,7,0.86,0.8958333333333334
0,rgb_trained,78,True,7,0.5057471264367817,0.4583333333333333
0,rgb_trained,79,True,8,0.6326530612244898,0.6458333333333334
0,rgb_trained,80,False,7,0.45652173913043476,0.4375
0,rgb_trained,81,False,7,0.48214285714285715,0.5869565217391305
0,rgb_trained,82,False,8,0.7843137254901961,0.8333333333333334
0,rgb_trained,83,False,8,0.7435897435897436,0.6041666666666666
0,rgb_trained,84,False,8,0.7956989247311828,0.7708333333333334
0,rgb_trained,85,False,8,0.8,0.9583333333333334
0,rgb_trained,86,False,8,0.8247422680412371,0.8333333333333334
0,rgb_trained,87,False,8,0.9306930693069307,0.9791666666666666
0,rgb_trained,88,False,8,0.5970149253731343,0.8333333333333334
0,rgb_trained,89,False,8,0.7627118644067796,0.9375
0,v5_tta,0,False,0,0.29906542056074764,0.3333333333333333
0,v5_tta,1,False,0,0.7524752475247525,0.7916666666666666
0,v5_tta,2,False,0,0.7878787878787878,0.8125
0,v5_tta,3,False,0,0.8979591836734694,0.9166666666666666
0,v5_tta,4,True,8,0.23333333333333334,0.14583333333333334
0,v5_tta,5,False,1,0.8888888888888888,0.8695652173913043
0,v5_tta,6,False,1,0.5142857142857142,0.5625
0,v5_tta,7,True,8,0.0,0.0
0,v5_tta,8,False,1,0.6923076923076923,0.75
0,v5_tta,9,False,1,0.5714285714285714,0.5416666666666666
0,v5_tta,10,False,1,0.3669724770642202,0.4166666666666667
0,v5_tta,11,False,1,0.5957446808510638,0.5833333333333334
0,v5_tta,12,True,8,0.03773584905660377,0.020833333333333332
0,v5_tta,13,False,1,0.8131868131868132,0.7708333333333334
0,v5_tta,14,False,1,0.78,0.8125
0,v5_tta,15,False,1,0.7478260869565218,0.8958333333333334
0,v5_tta,16,False,1,0.5818181818181818,0.6666666666666666
0,v5_tta,17,False,1,0.5517241379310345,0.5
0,v5_tta,18,False,1,0.6792452830188679,0.75
0,v5_tta,19,False,1,0.5740740740740741,0.6458333333333334
0,v5_tta,20,False,2,0.5858585858585859,0.6041666666666666
0,v5_tta,21,False,2,0.782608695652174,0.75
0,v5_tta,22,True,2,0.4411764705882353,0.3125
0,v5_tta,23,False,2,0.6896551724137931,0.8333333333333334
0,v5_tta,24,False,2,0.8333333333333334,0.8333333333333334
0,v5_tta,25,False,2,0.528,0.6875
0,v5_tta,26,False,2,0.9696969696969697,1.0
0,v5_tta,27,False,2,0.4842105263157895,0.4791666666666667
0,v5_tta,28,False,2,0.9690721649484536,0.9791666666666666
0,v5_tta,29,False,2,0.9183673469387755,0.9375
0,v5_tta,30,False,2,0.4485981308411215,0.5
0,v5_tta,31,False,2,0.8867924528301887,0.9791666666666666
0,v5_tta,32,False,2,0.9,0.9375
0,v5_tta,33,False,2,0.5909090909090909,0.5416666666666666
0,v5_tta,34,False,3,0.6804123711340206,0.6875
0,v5_tta,35,False,3,0.6917293233082706,0.9583333333333334
0,v5_tta,36,False,3,0.8842105263157894,0.875
0,v5_tta,37,False,3,0.34951456310679613,0.375
0,v5_tta,38,True,3,0.0,0.0
0,v5_tta,39,False,3,0.47706422018348627,0.5416666666666666
0,v5_tta,40,False,3,0.5747126436781609,0.5208333333333334
0,v5_tta,41,False,3,0.2988505747126437,0.2708333333333333
0,v5_tta,42,False,3,0.2857142857142857,0.22916666666666666
0,v5_tta,43,False,4,0.3893805309734513,0.4583333333333333
0,v5_tta,44,False,4,0.5957446808510638,0.5833333333333334
0,v5_tta,45,True,4,0.0,0.0
0,v5_tta,46,False,4,0.6222222222222222,0.5833333333333334
0,v5_tta,47,False,4,0.7719298245614035,0.9166666666666666
0,v5_tta,48,False,4,0.8979591836734694,0.9166666666666666
0,v5_tta,49,False,4,0.1518987341772152,0.125
0,v5_tta,50,False,4,0.9795918367346939,1.0
0,v5_tta,51,False,4,0.023809523809523808,0.020833333333333332
0,v5_tta,52,False,4,0.13333333333333333,0.125
0,v5_tta,53,False,4,0.84,0.9130434782608695
0,v5_tta,54,False,4,0.4835164835164835,0.4583333333333333
0,v5_tta,55,False,4,0.6170212765957447,0.6041666666666666
0,v5_tta,56,False,4,0.82,0.8541666666666666
0,v5_tta,57,False,5,0.6666666666666666,0.7291666666666666
0,v5_tta,58,False,5,0.6126126126126126,0.7083333333333334
0,v5_tta,59,True,5,0.136986301369863,0.10416666666666667
0,v5_tta,60,True,5,0.4810126582278481,0.3958333333333333
0,v5_tta,61,True,8,0.3170731707317073,0.2708333333333333
0,v5_tta,62,False,5,0.6206896551724138,0.75
0,v5_tta,63,True,8,0.05194805194805195,0.041666666666666664
0,v5_tta,64,True,5,0.3870967741935484,0.375
0,v5_tta,65,True,5,0.17543859649122806,0.10416666666666667
0,v5_tta,66,True,5,0.21621621621621623,0.16666666666666666
0,v5_tta,67,False,5,0.8936170212765957,0.875
0,v5_tta,68,False,5,0.8514851485148515,0.8958333333333334
0,v5_tta,69,False,5,0.2571428571428571,0.1875
0,v5_tta,70,True,5,0.07407407407407407,0.041666666666666664
0,v5_tta,71,True,5,0.0,0.0
0,v5_tta,72,False,6,0.7,0.7291666666666666
0,v5_tta,73,False,6,0.39436619718309857,0.5833333333333334
0,v5_tta,74,False,6,0.9038461538461539,0.9791666666666666
0,v5_tta,75,False,6,0.8936170212765957,0.875
0,v5_tta,76,False,6,0.7766990291262136,0.8333333333333334
0,v5_tta,77,False,7,0.7272727272727273,0.75
0,v5_tta,78,True,7,0.8539325842696629,0.7916666666666666
0,v5_tta,79,True,8,0.0,0.0
0,v5_tta,80,False,7,0.32786885245901637,0.4166666666666667
0,v5_tta,81,False,7,0.4046242774566474,0.7608695652173914
0,v5_tta,82,False,8,0.6526315789473685,0.6458333333333334
0,v5_tta,83,False,8,0.8085106382978723,0.7916666666666666
0,v5_tta,84,False,8,0.5569620253164557,0.4583333333333333
0,v5_tta,85,False,8,0.8148148148148148,0.9166666666666666
0,v5_tta,86,False,8,0.6,0.625
0,v5_tta,87,False,8,0.865979381443299,0.875
0,v5_tta,88,False,8,0.6119402985074627,0.8541666666666666
0,v5_tta,89,False,8,0.625,0.8333333333333334
0,baseline,0,False,0,0.48148148148148145,0.5416666666666666
0,baseline,1,False,0,0.9183673469387755,0.9375
0,baseline,2,False,0,0.9690721649484536,0.9791666666666666
0,baseline,3,False,0,1.0,1.0
0,baseline,4,True,8,0.7407407407407407,0.625
0,baseline,5,False,1,0.9565217391304348,0.9565217391304348
0,baseline,6,False,1,0.6947368421052632,0.6875
0,baseline,7,True,8,0.0,0.0
0,baseline,8,False,1,0.8653846153846154,0.9375
0,baseline,9,False,1,0.8155339805825242,0.875
0,baseline,10,False,1,0.616822429906542,0.6875
0,baseline,11,False,1,0.6595744680851063,0.6458333333333334
0,baseline,12,True,8,0.3103448275862069,0.1875
0,baseline,13,False,1,0.8085106382978723,0.7916666666666666
0,baseline,14,False,1,0.8842105263157894,0.875
0,baseline,15,False,1,0.9108910891089109,0.9583333333333334
0,baseline,16,False,1,0.8431372549019608,0.8958333333333334
0,baseline,17,False,1,0.8041237113402062,0.8125
0,baseline,18,False,1,0.82,0.8541666666666666
0,baseline,19,False,1,0.7222222222222222,0.8125
0,baseline,20,False,2,0.7735849056603774,0.8541666666666666
0,baseline,21,False,2,0.8958333333333334,0.8958333333333334
0,baseline,22,True,2,0.5135135135135135,0.3958333333333333
0,baseline,23,False,2,0.8653846153846154,0.9375
0,baseline,24,False,2,0.8888888888888888,0.9166666666666666
0,baseline,25,False,2,0.7326732673267327,0.7708333333333334
0,baseline,26,False,2,0.9894736842105263,0.9791666666666666
0,baseline,27,False,2,0.7692307692307693,0.7291666666666666
0,baseline,28,False,2,1.0,1.0
0,baseline,29,False,2,0.8712871287128713,0.9166666666666666
0,baseline,30,False,2,0.6078431372549019,0.6458333333333334
0,baseline,31,False,2,0.9494949494949495,0.9791666666666666
0,baseline,32,False,2,0.946236559139785,0.9166666666666666
0,baseline,33,False,2,0.7021276595744681,0.6875
0,baseline,34,False,3,0.6607142857142857,0.7708333333333334
0,baseline,35,False,3,0.9320388349514563,1.0
0,baseline,36,False,3,0.9361702127659575,0.9166666666666666
0,baseline,37,False,3,0.6666666666666666,0.6875
0,baseline,38,True,3,0.022222222222222223,0.020833333333333332
0,baseline,39,False,3,0.7476635514018691,0.8333333333333334
0,baseline,40,False,3,0.7764705882352941,0.6875
0,baseline,41,False,3,0.4444444444444444,0.375
0,baseline,42,False,3,0.7128712871287128,0.75
0,baseline,43,False,4,0.581081081081081,0.8958333333333334
0,baseline,44,False,4,0.88,0.9166666666666666
0,baseline,45,True,4,0.15873015873015872,0.10638297872340426
0,baseline,46,False,4,0.8210526315789474,0.8125
0,baseline,47,False,4,0.9019607843137255,0.9583333333333334
0,baseline,48,False,4,0.9565217391304348,0.9166666666666666
0,baseline,49,False,4,0.2736842105263158,0.2708333333333333
0,baseline,50,False,4,0.9361702127659575,0.9166666666666666
0,baseline,51,False,4,0.21568627450980393,0.22916666666666666
0,baseline,52,False,4,0.41739130434782606,0.5
0,baseline,53,False,4,0.9,0.9782608695652174
0,baseline,54,False,4,0.6,0.5625
0,baseline,55,False,4,0.8181818181818182,0.75
0,baseline,56,False,4,0.875,0.875
0,baseline,57,False,5,0.8888888888888888,0.9166666666666666
0,baseline,58,False,5,0.7476635514018691,0.8333333333333334
0,baseline,59,True,5,0.5070422535211268,0.375
0,baseline,60,True,5,0.56,0.4375
0,baseline,61,True,8,0.23076923076923078,0.1875
0,baseline,62,False,5,0.7142857142857143,0.7291666666666666
0,baseline,63,True,8,0.04878048780487805,0.041666666666666664
0,baseline,64,True,5,0.4473684210526316,0.3541666666666667
0,baseline,65,True,5,0.25,0.16666666666666666
0,baseline,66,True,5,0.07272727272727272,0.041666666666666664
0,baseline,67,False,5,0.9215686274509803,0.9791666666666666
0,baseline,68,False,5,0.9896907216494846,1.0
0,baseline,69,False,5,0.84,0.875
0,baseline,70,True,5,0.3333333333333333,0.25
0,baseline,71,True,5,0.0,0.0
0,baseline,72,False,6,0.7522935779816514,0.8541666666666666
0,baseline,73,False,6,0.5853658536585366,0.75
0,baseline,74,False,6,0.9306930693069307,0.9791666666666666
0,baseline,75,False,6,0.7207207207207207,0.8333333333333334
0,baseline,76,False,6,0.865979381443299,0.875
0,baseline,77,False,7,0.8571428571428571,0.875
0,baseline,78,True,7,0.8387096774193549,0.8125
0,baseline,79,True,8,0.6923076923076923,0.5625
0,baseline,80,False,7,0.42857142857142855,0.4375
0,baseline,81,False,7,0.556390977443609,0.8043478260869565
0,baseline,82,False,8,0.8269230769230769,0.8958333333333334
0,baseline,83,False,8,0.9090909090909091,0.8333333333333334
0,baseline,84,False,8,0.8045977011494253,0.7291666666666666
0,baseline,85,False,8,0.8141592920353983,0.9583333333333334
0,baseline,86,False,8,0.84,0.875
0,baseline,87,False,8,0.9320388349514563,1.0
0,baseline,88,False,8,0.6285714285714286,0.9166666666666666
0,baseline,89,False,8,0.72,0.9375
0,tri,0,False,0,0.5567010309278351,0.5625
0,tri,1,False,0,0.9166666666666666,0.9166666666666666
0,tri,2,False,0,0.9791666666666666,0.9791666666666666
0,tri,3,False,0,1.0,1.0
0,tri,4,True,8,0.7469879518072289,0.6458333333333334
0,tri,5,False,1,0.946236559139785,0.9565217391304348
0,tri,6,False,1,0.6947368421052632,0.6875
0,tri,7,True,8,0.0,0.0
0,tri,8,False,1,0.8979591836734694,0.9166666666666666
0,tri,9,False,1,0.8349514563106796,0.8958333333333334
0,tri,10,False,1,0.6601941747572816,0.7083333333333334
0,tri,11,False,1,0.6808510638297872,0.6666666666666666
0,tri,12,True,8,0.3389830508474576,0.20833333333333334
0,tri,13,False,1,0.851063829787234,0.8333333333333334
0,tri,14,False,1,0.8979591836734694,0.9166666666666666
0,tri,15,False,1,0.8867924528301887,0.9791666666666666
0,tri,16,False,1,0.8775510204081632,0.8958333333333334
0,tri,17,False,1,0.8484848484848485,0.875
0,tri,18,False,1,0.7850467289719626,0.875
0,tri,19,False,1,0.7321428571428571,0.8541666666666666
0,tri,20,False,2,0.75,0.8125
0,tri,21,False,2,0.8910891089108911,0.9375
0,tri,22,True,2,0.5070422535211268,0.375
0,tri,23,False,2,0.8514851485148515,0.8958333333333334
0,tri,24,False,2,0.8910891089108911,0.9375
0,tri,25,False,2,0.8235294117647058,0.875
0,tri,26,False,2,0.9484536082474226,0.9583333333333334
0,tri,27,False,2,0.7954545454545454,0.7291666666666666
0,tri,28,False,2,1.0,1.0
0,tri,29,False,2,0.8761904761904762,0.9583333333333334
0,tri,30,False,2,0.6326530612244898,0.6458333333333334
0,tri,31,False,2,0.9494949494949495,0.9791666666666666
0,tri,32,False,2,0.9247311827956989,0.8958333333333334
0,tri,33,False,2,0.7157894736842105,0.7083333333333334
0,tri,34,False,3,0.625,0.7291666666666666
0,tri,35,False,3,0.9795918367346939,1.0
0,tri,36,False,3,0.9361702127659575,0.9166666666666666
0,tri,37,False,3,0.6868686868686869,0.7083333333333334
0,tri,38,True,3,0.02127659574468085,0.020833333333333332
0,tri,39,False,3,0.7387387387387387,0.8541666666666666
0,tri,40,False,3,0.7294117647058823,0.6458333333333334
0,tri,41,False,3,0.47191011235955055,0.4375
0,tri,42,False,3,0.7289719626168224,0.8125
0,tri,43,False,4,0.6216216216216216,0.9583333333333334
0,tri,44,False,4,0.8958333333333334,0.8958333333333334
0,tri,45,True,4,0.18181818181818182,0.1276595744680851
0,tri,46,False,4,0.8125,0.8125
0,tri,47,False,4,0.9583333333333334,0.9583333333333334
0,tri,48,False,4,0.9387755102040817,0.9583333333333334
0,tri,49,False,4,0.27956989247311825,0.2708333333333333
0,tri,50,False,4,0.8764044943820225,0.8125
0,tri,51,False,4,0.3302752293577982,0.375
0,tri,52,False,4,0.4496124031007752,0.6041666666666666
0,tri,53,False,4,0.8080808080808081,0.8695652173913043
0,tri,54,False,4,0.6666666666666666,0.625
0,tri,55,False,4,0.7727272727272727,0.7083333333333334
0,tri,56,False,4,0.8571428571428571,0.875
0,tri,57,False,5,0.8888888888888888,0.9166666666666666
0,tri,58,False,5,0.7678571428571429,0.8958333333333334
0,tri,59,True,5,0.5507246376811594,0.3958333333333333
0,tri,60,True,5,0.5217391304347826,0.375
0,tri,61,True,8,0.24096385542168675,0.20833333333333334
0,tri,62,False,5,0.6605504587155964,0.75
0,tri,63,True,8,0.06741573033707865,0.0625
0,tri,64,True,5,0.3235294117647059,0.22916666666666666
0,tri,65,True,5,0.27692307692307694,0.1875
0,tri,66,True,5,0.07407407407407407,0.041666666666666664
0,tri,67,False,5,0.96,1.0
0,tri,68,False,5,0.9894736842105263,0.9791666666666666
0,tri,69,False,5,0.8571428571428571,0.875
0,tri,70,True,5,0.3287671232876712,0.25
0,tri,71,True,5,0.0,0.0
0,tri,72,False,6,0.7478260869565218,0.8958333333333334
0,tri,73,False,6,0.6666666666666666,0.7708333333333334
0,tri,74,False,6,0.94,0.9791666666666666
0,tri,75,False,6,0.5833333333333334,0.5833333333333334
0,tri,76,False,6,0.865979381443299,0.875
0,tri,77,False,7,0.865979381443299,0.875
0,tri,78,True,7,0.7954545454545454,0.7291666666666666
0,tri,79,True,8,0.6829268292682927,0.5833333333333334
0,tri,80,False,7,0.5376344086021505,0.5208333333333334
0,tri,81,False,7,0.5692307692307692,0.8043478260869565
0,tri,82,False,8,0.8490566037735849,0.9375
0,tri,83,False,8,0.8837209302325582,0.7916666666666666
0,tri,84,False,8,0.8571428571428571,0.8125
0,tri,85,False,8,0.8070175438596491,0.9583333333333334
0,tri,86,False,8,0.8723404255319149,0.8541666666666666
0,tri,87,False,8,0.9411764705882353,1.0
0,tri,88,False,8,0.6285714285714286,0.9166666666666666
0,tri,89,False,8,0.7666666666666667,0.9583333333333334
0,hsi_snvmean214_own,0,False,0,0.4,0.3333333333333333
0,hsi_snvmean214_own,1,False,0,0.6136363636363636,0.5625
0,hsi_snvmean214_own,2,False,0,0.66,0.6875
0,hsi_snvmean214_own,3,False,0,0.845360824742268,0.8541666666666666
0,hsi_snvmean214_own,4,True,8,0.3125,0.20833333333333334
0,hsi_snvmean214_own,5,False,1,0.7472527472527473,0.7391304347826086
0,hsi_snvmean214_own,6,False,1,0.45454545454545453,0.4166666666666667
0,hsi_snvmean214_own,7,True,8,0.0,0.0
0,hsi_snvmean214_own,8,False,1,0.5287356321839081,0.4791666666666667
0,hsi_snvmean214_own,9,False,1,0.6862745098039216,0.7291666666666666
0,hsi_snvmean214_own,10,False,1,0.42990654205607476,0.4791666666666667
0,hsi_snvmean214_own,11,False,1,0.4838709677419355,0.625
0,hsi_snvmean214_own,12,True,8,0.0,0.0
0,hsi_snvmean214_own,13,False,1,0.8,0.7916666666666666
0,hsi_snvmean214_own,14,False,1,0.6428571428571429,0.75
0,hsi_snvmean214_own,15,False,1,0.6935483870967742,0.8958333333333334
0,hsi_snvmean214_own,16,False,1,0.8421052631578947,0.8333333333333334
0,hsi_snvmean214_own,17,False,1,0.4444444444444444,0.5833333333333334
0,hsi_snvmean214_own,18,False,1,0.49557522123893805,0.5833333333333334
0,hsi_snvmean214_own,19,False,1,0.5384615384615384,0.5833333333333334
0,hsi_snvmean214_own,20,False,2,0.7083333333333334,0.7083333333333334
0,hsi_snvmean214_own,21,False,2,0.7872340425531915,0.7708333333333334
0,hsi_snvmean214_own,22,True,2,0.14285714285714285,0.08333333333333333
0,hsi_snvmean214_own,23,False,2,0.7916666666666666,0.7916666666666666
0,hsi_snvmean214_own,24,False,2,0.822429906542056,0.9166666666666666
0,hsi_snvmean214_own,25,False,2,0.7912087912087912,0.75
0,hsi_snvmean214_own,26,False,2,0.44,0.4583333333333333
0,hsi_snvmean214_own,27,False,2,0.3898305084745763,0.4791666666666667
0,hsi_snvmean214_own,28,False,2,0.9896907216494846,1.0
0,hsi_snvmean214_own,29,False,2,0.8686868686868687,0.8958333333333334
0,hsi_snvmean214_own,30,False,2,0.3669724770642202,0.4166666666666667
0,hsi_snvmean214_own,31,False,2,0.8316831683168316,0.875
0,hsi_snvmean214_own,32,False,2,0.851063829787234,0.8333333333333334
0,hsi_snvmean214_own,33,False,2,0.7254901960784313,0.7708333333333334
0,hsi_snvmean214_own,34,False,3,0.5660377358490566,0.625
0,hsi_snvmean214_own,35,False,3,0.9375,0.9375
0,hsi_snvmean214_own,36,False,3,0.8478260869565217,0.8125
0,hsi_snvmean214_own,37,False,3,0.37383177570093457,0.4166666666666667
0,hsi_snvmean214_own,38,True,3,0.0,0.0
0,hsi_snvmean214_own,39,False,3,0.463768115942029,0.6666666666666666
0,hsi_snvmean214_own,40,False,3,0.45977011494252873,0.4166666666666667
0,hsi_snvmean214_own,41,False,3,0.24793388429752067,0.3125
0,hsi_snvmean214_own,42,False,3,0.4424778761061947,0.5208333333333334
0,hsi_snvmean214_own,43,False,4,0.5528455284552846,0.7083333333333334
0,hsi_snvmean214_own,44,False,4,0.4883720930232558,0.4375
0,hsi_snvmean214_own,45,True,4,0.05714285714285714,0.0425531914893617
0,hsi_snvmean214_own,46,False,4,0.4166666666666667,0.4166666666666667
0,hsi_snvmean214_own,47,False,4,0.6915887850467289,0.7708333333333334
0,hsi_snvmean214_own,48,False,4,0.7706422018348624,0.875
0,hsi_snvmean214_own,49,False,4,0.1568627450980392,0.16666666666666666
0,hsi_snvmean214_own,50,False,4,0.5,0.3333333333333333
0,hsi_snvmean214_own,51,False,4,0.11214953271028037,0.125
0,hsi_snvmean214_own,52,False,4,0.10309278350515463,0.10416666666666667
0,hsi_snvmean214_own,53,False,4,0.7529411764705882,0.6956521739130435
0,hsi_snvmean214_own,54,False,4,0.44,0.4583333333333333
0,hsi_snvmean214_own,55,False,4,0.33663366336633666,0.3541666666666667
0,hsi_snvmean214_own,56,False,4,0.6608695652173913,0.7916666666666666
0,hsi_snvmean214_own,57,False,5,0.6813186813186813,0.6458333333333334
0,hsi_snvmean214_own,58,False,5,0.6065573770491803,0.7708333333333334
0,hsi_snvmean214_own,59,True,5,0.16901408450704225,0.125
0,hsi_snvmean214_own,60,True,5,0.3783783783783784,0.2916666666666667
0,hsi_snvmean214_own,61,True,8,0.2,0.20833333333333334
0,hsi_snvmean214_own,62,False,5,0.4375,0.5833333333333334
0,hsi_snvmean214_own,63,True,8,0.0625,0.041666666666666664
0,hsi_snvmean214_own,64,True,5,0.06349206349206349,0.041666666666666664
0,hsi_snvmean214_own,65,True,5,0.08955223880597014,0.0625
0,hsi_snvmean214_own,66,True,5,0.0,0.0
0,hsi_snvmean214_own,67,False,5,0.8823529411764706,0.9375
0,hsi_snvmean214_own,68,False,5,0.9090909090909091,0.8333333333333334
0,hsi_snvmean214_own,69,False,5,0.0,0.0
0,hsi_snvmean214_own,70,True,5,0.0,0.0
0,hsi_snvmean214_own,71,True,5,0.19718309859154928,0.14583333333333334
0,hsi_snvmean214_own,72,False,6,0.7628865979381443,0.7708333333333334
0,hsi_snvmean214_own,73,False,6,0.375,0.4375
0,hsi_snvmean214_own,74,False,6,0.822429906542056,0.9166666666666666
0,hsi_snvmean214_own,75,False,6,0.07272727272727272,0.08333333333333333
0,hsi_snvmean214_own,76,False,6,0.7920792079207921,0.8333333333333334
0,hsi_snvmean214_own,77,False,7,0.782608695652174,0.75
0,hsi_snvmean214_own,78,True,7,0.6373626373626373,0.6041666666666666
0,hsi_snvmean214_own,79,True,8,0.0,0.0
0,hsi_snvmean214_own,80,False,7,0.45,0.375
0,hsi_snvmean214_own,81,False,7,0.5982905982905983,0.7608695652173914
0,hsi_snvmean214_own,82,False,8,0.693069306930693,0.7291666666666666
0,hsi_snvmean214_own,83,False,8,0.6521739130434783,0.625
0,hsi_snvmean214_own,84,False,8,0.5494505494505495,0.5208333333333334
0,hsi_snvmean214_own,85,False,8,0.8316831683168316,0.875
0,hsi_snvmean214_own,86,False,8,0.3448275862068966,0.3125
0,hsi_snvmean214_own,87,False,8,0.8297872340425532,0.8125
0,hsi_snvmean214_own,88,False,8,0.55,0.6875
0,hsi_snvmean214_own,89,False,8,0.6846846846846847,0.7916666666666666
0,role_hsi_snvmean214_own,0,False,0,0.5625,0.5625
0,role_hsi_snvmean214_own,1,False,0,0.9148936170212766,0.8958333333333334
0,role_hsi_snvmean214_own,2,False,0,0.9690721649484536,0.9791666666666666
0,role_hsi_snvmean214_own,3,False,0,0.9690721649484536,0.9791666666666666
0,role_hsi_snvmean214_own,4,True,8,0.7160493827160493,0.6041666666666666
0,role_hsi_snvmean214_own,5,False,1,0.9130434782608695,0.9130434782608695
0,role_hsi_snvmean214_own,6,False,1,0.6595744680851063,0.6458333333333334
0,role_hsi_snvmean214_own,7,True,8,0.0,0.0
0,role_hsi_snvmean214_own,8,False,1,0.8712871287128713,0.9166666666666666
0,role_hsi_snvmean214_own,9,False,1,0.8679245283018868,0.9583333333333334
0,role_hsi_snvmean214_own,10,False,1,0.6804123711340206,0.6875
0,role_hsi_snvmean214_own,11,False,1,0.6122448979591837,0.625
0,role_hsi_snvmean214_own,12,True,8,0.0784313725490196,0.041666666666666664
0,role_hsi_snvmean214_own,13,False,1,0.851063829787234,0.8333333333333334
0,role_hsi_snvmean214_own,14,False,1,0.8686868686868687,0.8958333333333334
0,role_hsi_snvmean214_own,15,False,1,0.752,0.9791666666666666
0,role_hsi_snvmean214_own,16,False,1,0.9166666666666666,0.9166666666666666
0,role_hsi_snvmean214_own,17,False,1,0.7272727272727273,0.8333333333333334
0,role_hsi_snvmean214_own,18,False,1,0.6551724137931034,0.7916666666666666
0,role_hsi_snvmean214_own,19,False,1,0.7454545454545455,0.8541666666666666
0,role_hsi_snvmean214_own,20,False,2,0.7307692307692307,0.7916666666666666
0,role_hsi_snvmean214_own,21,False,2,0.8349514563106796,0.8958333333333334
0,role_hsi_snvmean214_own,22,True,2,0.45454545454545453,0.3125
0,role_hsi_snvmean214_own,23,False,2,0.8686868686868687,0.8958333333333334
0,role_hsi_snvmean214_own,24,False,2,0.92,0.9583333333333334
0,role_hsi_snvmean214_own,25,False,2,0.8543689320388349,0.9166666666666666
0,role_hsi_snvmean214_own,26,False,2,0.5591397849462365,0.5416666666666666
0,role_hsi_snvmean214_own,27,False,2,0.7368421052631579,0.7291666666666666
0,role_hsi_snvmean214_own,28,False,2,1.0,1.0
0,role_hsi_snvmean214_own,29,False,2,0.9019607843137255,0.9583333333333334
0,role_hsi_snvmean214_own,30,False,2,0.6597938144329897,0.6666666666666666
0,role_hsi_snvmean214_own,31,False,2,0.9591836734693877,0.9791666666666666
0,role_hsi_snvmean214_own,32,False,2,0.9247311827956989,0.8958333333333334
0,role_hsi_snvmean214_own,33,False,2,0.7450980392156863,0.7916666666666666
0,role_hsi_snvmean214_own,34,False,3,0.6666666666666666,0.7083333333333334
0,role_hsi_snvmean214_own,35,False,3,0.9690721649484536,0.9791666666666666
0,role_hsi_snvmean214_own,36,False,3,0.9148936170212766,0.8958333333333334
0,role_hsi_snvmean214_own,37,False,3,0.6732673267326733,0.7083333333333334
0,role_hsi_snvmean214_own,38,True,3,0.02127659574468085,0.020833333333333332
0,role_hsi_snvmean214_own,39,False,3,0.6722689075630253,0.8333333333333334
0,role_hsi_snvmean214_own,40,False,3,0.7058823529411765,0.625
0,role_hsi_snvmean214_own,41,False,3,0.43956043956043955,0.4166666666666667
0,role_hsi_snvmean214_own,42,False,3,0.7547169811320755,0.8333333333333334
0,role_hsi_snvmean214_own,43,False,4,0.6433566433566433,0.9583333333333334
0,role_hsi_snvmean214_own,44,False,4,0.8695652173913043,0.8333333333333334
0,role_hsi_snvmean214_own,45,True,4,0.15625,0.10638297872340426
0,role_hsi_snvmean214_own,46,False,4,0.8,0.7916666666666666
0,role_hsi_snvmean214_own,47,False,4,0.9473684210526315,0.9375
0,role_hsi_snvmean214_own,48,False,4,0.8737864077669902,0.9375
0,role_hsi_snvmean214_own,49,False,4,0.28865979381443296,0.2916666666666667
0,role_hsi_snvmean214_own,50,False,4,0.5454545454545454,0.375
0,role_hsi_snvmean214_own,51,False,4,0.34951456310679613,0.375
0,role_hsi_snvmean214_own,52,False,4,0.4375,0.5833333333333334
0,role_hsi_snvmean214_own,53,False,4,0.7741935483870968,0.782608695652174
0,role_hsi_snvmean214_own,54,False,4,0.6741573033707865,0.625
0,role_hsi_snvmean214_own,55,False,4,0.7692307692307693,0.7291666666666666
0,role_hsi_snvmean214_own,56,False,4,0.8282828282828283,0.8541666666666666
0,role_hsi_snvmean214_own,57,False,5,0.8958333333333334,0.8958333333333334
0,role_hsi_snvmean214_own,58,False,5,0.7478260869565218,0.8958333333333334
0,role_hsi_snvmean214_own,59,True,5,0.5,0.3958333333333333
0,role_hsi_snvmean214_own,60,True,5,0.4788732394366197,0.3541666666666667
0,role_hsi_snvmean214_own,61,True,8,0.2391304347826087,0.22916666666666666
0,role_hsi_snvmean214_own,62,False,5,0.6238532110091743,0.7083333333333334
0,role_hsi_snvmean214_own,63,True,8,0.05194805194805195,0.041666666666666664
0,role_hsi_snvmean214_own,64,True,5,0.2222222222222222,0.14583333333333334
0,role_hsi_snvmean214_own,65,True,5,0.3142857142857143,0.22916666666666666
0,role_hsi_snvmean214_own,66,True,5,0.07407407407407407,0.041666666666666664
0,role_hsi_snvmean214_own,67,False,5,0.94,0.9791666666666666
0,role_hsi_snvmean214_own,68,False,5,0.9894736842105263,0.9791666666666666
0,role_hsi_snvmean214_own,69,False,5,0.82,0.8541666666666666
0,role_hsi_snvmean214_own,70,True,5,0.20588235294117646,0.14583333333333334
0,role_hsi_snvmean214_own,71,True,5,0.12307692307692308,0.08333333333333333
0,role_hsi_snvmean214_own,72,False,6,0.7478260869565218,0.8958333333333334
0,role_hsi_snvmean214_own,73,False,6,0.6601941747572816,0.7083333333333334
0,role_hsi_snvmean214_own,74,False,6,0.8148148148148148,0.9166666666666666
0,role_hsi_snvmean214_own,75,False,6,0.1732283464566929,0.22916666666666666
0,role_hsi_snvmean214_own,76,False,6,0.865979381443299,0.875
0,role_hsi_snvmean214_own,77,False,7,0.9072164948453608,0.9166666666666666
0,role_hsi_snvmean214_own,78,True,7,0.6888888888888889,0.6458333333333334
0,role_hsi_snvmean214_own,79,True,8,0.4807692307692308,0.5208333333333334
0,role_hsi_snvmean214_own,80,False,7,0.6588235294117647,0.5833333333333334
0,role_hsi_snvmean214_own,81,False,7,0.6779661016949152,0.8695652173913043
0,role_hsi_snvmean214_own,82,False,8,0.8514851485148515,0.8958333333333334
0,role_hsi_snvmean214_own,83,False,8,0.7906976744186046,0.7083333333333334
0,role_hsi_snvmean214_own,84,False,8,0.8541666666666666,0.8541666666666666
0,role_hsi_snvmean214_own,85,False,8,0.9090909090909091,0.9375
0,role_hsi_snvmean214_own,86,False,8,0.8089887640449438,0.75
0,role_hsi_snvmean214_own,87,False,8,0.9320388349514563,1.0
0,role_hsi_snvmean214_own,88,False,8,0.6323529411764706,0.8958333333333334
0,role_hsi_snvmean214_own,89,False,8,0.8288288288288288,0.9583333333333334
0,hsi_snvmean32,0,False,0,0.17307692307692307,0.1875
0,hsi_snvmean32,1,False,0,0.4421052631578947,0.4375
0,hsi_snvmean32,2,False,0,0.5981308411214953,0.6666666666666666
0,hsi_snvmean32,3,False,0,0.76,0.7916666666666666
0,hsi_snvmean32,4,True,8,0.38095238095238093,0.3333333333333333
0,hsi_snvmean32,5,False,1,0.5869565217391305,0.5869565217391305
0,hsi_snvmean32,6,False,1,0.27906976744186046,0.25
0,hsi_snvmean32,7,True,8,0.13513513513513514,0.10416666666666667
0,hsi_snvmean32,8,False,1,0.48,0.5
0,hsi_snvmean32,9,False,1,0.38596491228070173,0.4583333333333333
0,hsi_snvmean32,10,False,1,0.1834862385321101,0.20833333333333334
0,hsi_snvmean32,11,False,1,0.288,0.375
0,hsi_snvmean32,12,True,8,0.29545454545454547,0.2708333333333333
0,hsi_snvmean32,13,False,1,0.5,0.4791666666666667
0,hsi_snvmean32,14,False,1,0.5904761904761905,0.6458333333333334
0,hsi_snvmean32,15,False,1,0.6526315789473685,0.6458333333333334
0,hsi_snvmean32,16,False,1,0.6326530612244898,0.6458333333333334
0,hsi_snvmean32,17,False,1,0.2909090909090909,0.3333333333333333
0,hsi_snvmean32,18,False,1,0.5789473684210527,0.6875
0,hsi_snvmean32,19,False,1,0.21153846153846154,0.22916666666666666
0,hsi_snvmean32,20,False,2,0.34146341463414637,0.2916666666666667
0,hsi_snvmean32,21,False,2,0.6352941176470588,0.5625
0,hsi_snvmean32,22,True,2,0.3492063492063492,0.22916666666666666
0,hsi_snvmean32,23,False,2,0.42105263157894735,0.4166666666666667
0,hsi_snvmean32,24,False,2,0.6407766990291263,0.6875
0,hsi_snvmean32,25,False,2,0.5,0.4375
0,hsi_snvmean32,26,False,2,0.7961165048543689,0.8541666666666666
0,hsi_snvmean32,27,False,2,0.26373626373626374,0.25
0,hsi_snvmean32,28,False,2,0.9791666666666666,0.9791666666666666
0,hsi_snvmean32,29,False,2,0.6804123711340206,0.6875
0,hsi_snvmean32,30,False,2,0.2857142857142857,0.2916666666666667
0,hsi_snvmean32,31,False,2,0.6915887850467289,0.7708333333333334
0,hsi_snvmean32,32,False,2,0.7959183673469388,0.8125
0,hsi_snvmean32,33,False,2,0.5686274509803921,0.6041666666666666
0,hsi_snvmean32,34,False,3,0.2826086956521739,0.2708333333333333
0,hsi_snvmean32,35,False,3,0.865979381443299,0.875
0,hsi_snvmean32,36,False,3,0.6739130434782609,0.6458333333333334
0,hsi_snvmean32,37,False,3,0.20202020202020202,0.20833333333333334
0,hsi_snvmean32,38,True,3,0.0,0.0
0,hsi_snvmean32,39,False,3,0.3434343434343434,0.3541666666666667
0,hsi_snvmean32,40,False,3,0.42424242424242425,0.4375
0,hsi_snvmean32,41,False,3,0.17699115044247787,0.20833333333333334
0,hsi_snvmean32,42,False,3,0.28346456692913385,0.375
0,hsi_snvmean32,43,False,4,0.4697986577181208,0.7291666666666666
0,hsi_snvmean32,44,False,4,0.40404040404040403,0.4166666666666667
0,hsi_snvmean32,45,True,4,0.12903225806451613,0.1276595744680851
0,hsi_snvmean32,46,False,4,0.25806451612903225,0.25
0,hsi_snvmean32,47,False,4,0.6326530612244898,0.6458333333333334
0,hsi_snvmean32,48,False,4,0.7226890756302521,0.8958333333333334
0,hsi_snvmean32,49,False,4,0.04819277108433735,0.041666666666666664
0,hsi_snvmean32,50,False,4,0.8785046728971962,0.9791666666666666
0,hsi_snvmean32,51,False,4,0.0,0.0
0,hsi_snvmean32,52,False,4,0.10204081632653061,0.10416666666666667
0,hsi_snvmean32,53,False,4,0.6956521739130435,0.6956521739130435
0,hsi_snvmean32,54,False,4,0.25,0.22916666666666666
0,hsi_snvmean32,55,False,4,0.23157894736842105,0.22916666666666666
0,hsi_snvmean32,56,False,4,0.49557522123893805,0.5833333333333334
0,hsi_snvmean32,57,False,5,0.42857142857142855,0.375
0,hsi_snvmean32,58,False,5,0.4036697247706422,0.4583333333333333
0,hsi_snvmean32,59,True,5,0.21333333333333335,0.16666666666666666
0,hsi_snvmean32,60,True,5,0.37894736842105264,0.375
0,hsi_snvmean32,61,True,8,0.12371134020618557,0.125
0,hsi_snvmean32,62,False,5,0.3888888888888889,0.4375
0,hsi_snvmean32,63,True,8,0.1038961038961039,0.08333333333333333
0,hsi_snvmean32,64,True,5,0.15151515151515152,0.10416666666666667
0,hsi_snvmean32,65,True,5,0.08695652173913043,0.0625
0,hsi_snvmean32,66,True,5,0.029850746268656716,0.020833333333333332
0,hsi_snvmean32,67,False,5,0.8148148148148148,0.9166666666666666
0,hsi_snvmean32,68,False,5,0.7640449438202247,0.7083333333333334
0,hsi_snvmean32,69,False,5,0.1794871794871795,0.14583333333333334
0,hsi_snvmean32,70,True,5,0.0,0.0
0,hsi_snvmean32,71,True,5,0.024096385542168676,0.020833333333333332
0,hsi_snvmean32,72,False,6,0.5535714285714286,0.6458333333333334
0,hsi_snvmean32,73,False,6,0.1188118811881188,0.125
0,hsi_snvmean32,74,False,6,0.6666666666666666,0.6875
0,hsi_snvmean32,75,False,6,0.33766233766233766,0.2708333333333333
0,hsi_snvmean32,76,False,6,0.4375,0.5833333333333334
0,hsi_snvmean32,77,False,7,0.42105263157894735,0.4166666666666667
0,hsi_snvmean32,78,True,7,0.6304347826086957,0.6041666666666666
0,hsi_snvmean32,79,True,8,0.0,0.0
0,hsi_snvmean32,80,False,7,0.25,0.22916666666666666
0,hsi_snvmean32,81,False,7,0.2975206611570248,0.391304347826087
0,hsi_snvmean32,82,False,8,0.6391752577319587,0.6458333333333334
0,hsi_snvmean32,83,False,8,0.5416666666666666,0.5416666666666666
0,hsi_snvmean32,84,False,8,0.3013698630136986,0.22916666666666666
0,hsi_snvmean32,85,False,8,0.7676767676767676,0.7916666666666666
0,hsi_snvmean32,86,False,8,0.24299065420560748,0.2708333333333333
0,hsi_snvmean32,87,False,8,0.68,0.7083333333333334
0,hsi_snvmean32,88,False,8,0.5299145299145299,0.6458333333333334
0,hsi_snvmean32,89,False,8,0.5102040816326531,0.5208333333333334
0,role_hsi_snvmean32,0,False,0,0.5531914893617021,0.5416666666666666
0,role_hsi_snvmean32,1,False,0,0.8888888888888888,0.9166666666666666
0,role_hsi_snvmean32,2,False,0,0.9791666666666666,0.9791666666666666
0,role_hsi_snvmean32,3,False,0,0.9484536082474226,0.9583333333333334
0,role_hsi_snvmean32,4,True,8,0.8314606741573034,0.7708333333333334
0,role_hsi_snvmean32,5,False,1,0.8979591836734694,0.9565217391304348
0,role_hsi_snvmean32,6,False,1,0.6304347826086957,0.6041666666666666
0,role_hsi_snvmean32,7,True,8,0.06666666666666667,0.041666666666666664
0,role_hsi_snvmean32,8,False,1,0.8461538461538461,0.9166666666666666
0,role_hsi_snvmean32,9,False,1,0.7777777777777778,0.875
0,role_hsi_snvmean32,10,False,1,0.6464646464646465,0.6666666666666666
0,role_hsi_snvmean32,11,False,1,0.5714285714285714,0.5416666666666666
0,role_hsi_snvmean32,12,True,8,0.3389830508474576,0.20833333333333334
0,role_hsi_snvmean32,13,False,1,0.7252747252747253,0.6875
0,role_hsi_snvmean32,14,False,1,0.7956989247311828,0.7708333333333334
0,role_hsi_snvmean32,15,False,1,0.9108910891089109,0.9583333333333334
0,role_hsi_snvmean32,16,False,1,0.865979381443299,0.875
0,role_hsi_snvmean32,17,False,1,0.7628865979381443,0.7708333333333334
0,role_hsi_snvmean32,18,False,1,0.7647058823529411,0.8125
0,role_hsi_snvmean32,19,False,1,0.6181818181818182,0.7083333333333334
0,role_hsi_snvmean32,20,False,2,0.7326732673267327,0.7708333333333334
0,role_hsi_snvmean32,21,False,2,0.8269230769230769,0.8958333333333334
0,role_hsi_snvmean32,22,True,2,0.5428571428571428,0.3958333333333333
0,role_hsi_snvmean32,23,False,2,0.82,0.8541666666666666
0,role_hsi_snvmean32,24,False,2,0.86,0.8958333333333334
0,role_hsi_snvmean32,25,False,2,0.66,0.6875
0,role_hsi_snvmean32,26,False,2,0.9591836734693877,0.9791666666666666
0,role_hsi_snvmean32,27,False,2,0.7252747252747253,0.6875
0,role_hsi_snvmean32,28,False,2,0.9896907216494846,1.0
0,role_hsi_snvmean32,29,False,2,0.8080808080808081,0.8333333333333334
0,role_hsi_snvmean32,30,False,2,0.5957446808510638,0.5833333333333334
0,role_hsi_snvmean32,31,False,2,0.9183673469387755,0.9375
0,role_hsi_snvmean32,32,False,2,0.9148936170212766,0.8958333333333334
0,role_hsi_snvmean32,33,False,2,0.6530612244897959,0.6666666666666666
0,role_hsi_snvmean32,34,False,3,0.5309734513274337,0.625
0,role_hsi_snvmean32,35,False,3,0.9696969696969697,1.0
0,role_hsi_snvmean32,36,False,3,0.8936170212765957,0.875
0,role_hsi_snvmean32,37,False,3,0.6666666666666666,0.6875
0,role_hsi_snvmean32,38,True,3,0.02,0.020833333333333332
0,role_hsi_snvmean32,39,False,3,0.7547169811320755,0.8333333333333334
0,role_hsi_snvmean32,40,False,3,0.7073170731707317,0.6041666666666666
0,role_hsi_snvmean32,41,False,3,0.4318181818181818,0.3958333333333333
0,role_hsi_snvmean32,42,False,3,0.6792452830188679,0.75
0,role_hsi_snvmean32,43,False,4,0.625,0.9375
0,role_hsi_snvmean32,44,False,4,0.8865979381443299,0.8958333333333334
0,role_hsi_snvmean32,45,True,4,0.23880597014925373,0.1702127659574468
0,role_hsi_snvmean32,46,False,4,0.8043478260869565,0.7708333333333334
0,role_hsi_snvmean32,47,False,4,0.9375,0.9375
0,role_hsi_snvmean32,48,False,4,0.8846153846153846,0.9583333333333334
0,role_hsi_snvmean32,49,False,4,0.30927835051546393,0.3125
0,role_hsi_snvmean32,50,False,4,0.9306930693069307,0.9791666666666666
0,role_hsi_snvmean32,51,False,4,0.3669724770642202,0.4166666666666667
0,role_hsi_snvmean32,52,False,4,0.4393939393939394,0.6041666666666666
0,role_hsi_snvmean32,53,False,4,0.76,0.8260869565217391
0,role_hsi_snvmean32,54,False,4,0.5747126436781609,0.5208333333333334
0,role_hsi_snvmean32,55,False,4,0.7415730337078652,0.6875
0,role_hsi_snvmean32,56,False,4,0.7878787878787878,0.8125
0,role_hsi_snvmean32,57,False,5,0.8297872340425532,0.8125
0,role_hsi_snvmean32,58,False,5,0.6226415094339622,0.6875
0,role_hsi_snvmean32,59,True,5,0.6,0.5
0,role_hsi_snvmean32,60,True,5,0.525,0.4375
0,role_hsi_snvmean32,61,True,8,0.20253164556962025,0.16666666666666666
0,role_hsi_snvmean32,62,False,5,0.693069306930693,0.7291666666666666
0,role_hsi_snvmean32,63,True,8,0.0449438202247191,0.041666666666666664
0,role_hsi_snvmean32,64,True,5,0.25806451612903225,0.16666666666666666
0,role_hsi_snvmean32,65,True,5,0.2898550724637681,0.20833333333333334
0,role_hsi_snvmean32,66,True,5,0.07692307692307693,0.041666666666666664
0,role_hsi_snvmean32,67,False,5,0.9292929292929293,0.9583333333333334
0,role_hsi_snvmean32,68,False,5,0.9894736842105263,0.9791666666666666
0,role_hsi_snvmean32,69,False,5,0.8118811881188119,0.8541666666666666
0,role_hsi_snvmean32,70,True,5,0.3287671232876712,0.25
0,role_hsi_snvmean32,71,True,5,0.0,0.0
0,role_hsi_snvmean32,72,False,6,0.672,0.875
0,role_hsi_snvmean32,73,False,6,0.7142857142857143,0.7291666666666666
0,role_hsi_snvmean32,74,False,6,0.8490566037735849,0.9375
0,role_hsi_snvmean32,75,False,6,0.5094339622641509,0.5625
0,role_hsi_snvmean32,76,False,6,0.8431372549019608,0.8958333333333334
0,role_hsi_snvmean32,77,False,7,0.865979381443299,0.875
0,role_hsi_snvmean32,78,True,7,0.6956521739130435,0.6666666666666666
0,role_hsi_snvmean32,79,True,8,0.6428571428571429,0.5625
0,role_hsi_snvmean32,80,False,7,0.44680851063829785,0.4375
0,role_hsi_snvmean32,81,False,7,0.5128205128205128,0.6521739130434783
0,role_hsi_snvmean32,82,False,8,0.8269230769230769,0.8958333333333334
0,role_hsi_snvmean32,83,False,8,0.8275862068965517,0.75
0,role_hsi_snvmean32,84,False,8,0.8444444444444444,0.7916666666666666
0,role_hsi_snvmean32,85,False,8,0.8440366972477065,0.9583333333333334
0,role_hsi_snvmean32,86,False,8,0.8172043010752689,0.7916666666666666
0,role_hsi_snvmean32,87,False,8,0.9504950495049505,1.0
0,role_hsi_snvmean32,88,False,8,0.6029411764705882,0.8541666666666666
0,role_hsi_snvmean32,89,False,8,0.7457627118644068,0.9166666666666666
0,hsi_mean214_own,0,False,0,0.2857142857142857,0.25
0,hsi_mean214_own,1,False,0,0.5833333333333334,0.5833333333333334
0,hsi_mean214_own,2,False,0,0.6857142857142857,0.75
0,hsi_mean214_own,3,False,0,0.9072164948453608,0.9166666666666666
0,hsi_mean214_own,4,True,8,0.17543859649122806,0.10416666666666667
0,hsi_mean214_own,5,False,1,0.8089887640449438,0.782608695652174
0,hsi_mean214_own,6,False,1,0.46511627906976744,0.4166666666666667
0,hsi_mean214_own,7,True,8,0.0,0.0
0,hsi_mean214_own,8,False,1,0.8514851485148515,0.8958333333333334
0,hsi_mean214_own,9,False,1,0.8163265306122449,0.8333333333333334
0,hsi_mean214_own,10,False,1,0.5,0.5208333333333334
0,hsi_mean214_own,11,False,1,0.47692307692307695,0.6458333333333334
0,hsi_mean214_own,12,True,8,0.0,0.0
0,hsi_mean214_own,13,False,1,0.8172043010752689,0.7916666666666666
0,hsi_mean214_own,14,False,1,0.6346153846153846,0.6875
0,hsi_mean214_own,15,False,1,0.7521367521367521,0.9166666666666666
0,hsi_mean214_own,16,False,1,0.8333333333333334,0.8333333333333334
0,hsi_mean214_own,17,False,1,0.5299145299145299,0.6458333333333334
0,hsi_mean214_own,18,False,1,0.3389830508474576,0.4166666666666667
0,hsi_mean214_own,19,False,1,0.6607142857142857,0.7708333333333334
0,hsi_mean214_own,20,False,2,0.75,0.75
0,hsi_mean214_own,21,False,2,0.7835051546391752,0.7916666666666666
0,hsi_mean214_own,22,True,2,0.10909090909090909,0.0625
0,hsi_mean214_own,23,False,2,0.7142857142857143,0.7291666666666666
0,hsi_mean214_own,24,False,2,0.75,0.875
0,hsi_mean214_own,25,False,2,0.8387096774193549,0.8125
0,hsi_mean214_own,26,False,2,0.5185185185185185,0.4375
0,hsi_mean214_own,27,False,2,0.4576271186440678,0.5625
0,hsi_mean214_own,28,False,2,0.9896907216494846,1.0
0,hsi_mean214_own,29,False,2,0.8888888888888888,0.9166666666666666
0,hsi_mean214_own,30,False,2,0.43548387096774194,0.5625
0,hsi_mean214_own,31,False,2,0.8411214953271028,0.9375
0,hsi_mean214_own,32,False,2,0.851063829787234,0.8333333333333334
0,hsi_mean214_own,33,False,2,0.7407407407407407,0.8333333333333334
0,hsi_mean214_own,34,False,3,0.62,0.6458333333333334
0,hsi_mean214_own,35,False,3,0.8842105263157894,0.875
0,hsi_mean214_own,36,False,3,0.8571428571428571,0.875
0,hsi_mean214_own,37,False,3,0.28346456692913385,0.375
0,hsi_mean214_own,38,True,3,0.0,0.0
0,hsi_mean214_own,39,False,3,0.5641025641025641,0.6875
0,hsi_mean214_own,40,False,3,0.5686274509803921,0.6041666666666666
0,hsi_mean214_own,41,False,3,0.2376237623762376,0.25
0,hsi_mean214_own,42,False,3,0.3063063063063063,0.3541666666666667
0,hsi_mean214_own,43,False,4,0.4426229508196721,0.5625
0,hsi_mean214_own,44,False,4,0.3888888888888889,0.2916666666666667
0,hsi_mean214_own,45,True,4,0.0,0.0
0,hsi_mean214_own,46,False,4,0.3764705882352941,0.3333333333333333
0,hsi_mean214_own,47,False,4,0.8113207547169812,0.8958333333333334
0,hsi_mean214_own,48,False,4,0.84,0.875
0,hsi_mean214_own,49,False,4,0.1875,0.1875
0,hsi_mean214_own,50,False,4,0.1111111111111111,0.0625
0,hsi_mean214_own,51,False,4,0.17204301075268819,0.16666666666666666
0,hsi_mean214_own,52,False,4,0.11494252873563218,0.10416666666666667
0,hsi_mean214_own,53,False,4,0.5434782608695652,0.5434782608695652
0,hsi_mean214_own,54,False,4,0.5148514851485149,0.5416666666666666
0,hsi_mean214_own,55,False,4,0.5591397849462365,0.5416666666666666
0,hsi_mean214_own,56,False,4,0.7289719626168224,0.8125
0,hsi_mean214_own,57,False,5,0.7191011235955056,0.6666666666666666
0,hsi_mean214_own,58,False,5,0.7017543859649122,0.8333333333333334
0,hsi_mean214_own,59,True,5,0.11764705882352941,0.08333333333333333
0,hsi_mean214_own,60,True,5,0.3582089552238806,0.25
0,hsi_mean214_own,61,True,8,0.28888888888888886,0.2708333333333333
0,hsi_mean214_own,62,False,5,0.46875,0.625
0,hsi_mean214_own,63,True,8,0.0,0.0
0,hsi_mean214_own,64,True,5,0.1,0.08333333333333333
0,hsi_mean214_own,65,True,5,0.05714285714285714,0.041666666666666664
0,hsi_mean214_own,66,True,5,0.0,0.0
0,hsi_mean214_own,67,False,5,0.8913043478260869,0.8541666666666666
0,hsi_mean214_own,68,False,5,0.9111111111111111,0.8541666666666666
0,hsi_mean214_own,69,False,5,0.0,0.0
0,hsi_mean214_own,70,True,5,0.0,0.0
0,hsi_mean214_own,71,True,5,0.06060606060606061,0.041666666666666664
0,hsi_mean214_own,72,False,6,0.7017543859649122,0.8333333333333334
0,hsi_mean214_own,73,False,6,0.3392857142857143,0.3958333333333333
0,hsi_mean214_own,74,False,6,0.7894736842105263,0.9375
0,hsi_mean214_own,75,False,6,0.0,0.0
0,hsi_mean214_own,76,False,6,0.7524752475247525,0.7916666666666666
0,hsi_mean214_own,77,False,7,0.6373626373626373,0.6041666666666666
0,hsi_mean214_own,78,True,7,0.3146067415730337,0.2916666666666667
0,hsi_mean214_own,79,True,8,0.0,0.0
0,hsi_mean214_own,80,False,7,0.5208333333333334,0.5208333333333334
0,hsi_mean214_own,81,False,7,0.5507246376811594,0.8260869565217391
0,hsi_mean214_own,82,False,8,0.6938775510204082,0.7083333333333334
0,hsi_mean214_own,83,False,8,0.6744186046511628,0.6041666666666666
0,hsi_mean214_own,84,False,8,0.4691358024691358,0.3958333333333333
0,hsi_mean214_own,85,False,8,0.822429906542056,0.9166666666666666
0,hsi_mean214_own,86,False,8,0.3695652173913043,0.3541666666666667
0,hsi_mean214_own,87,False,8,0.7169811320754716,0.7916666666666666
0,hsi_mean214_own,88,False,8,0.48695652173913045,0.5833333333333334
0,hsi_mean214_own,89,False,8,0.6949152542372882,0.8541666666666666
0,role_hsi_mean214_own,0,False,0,0.5052631578947369,0.5
0,role_hsi_mean214_own,1,False,0,0.9090909090909091,0.9375
0,role_hsi_mean214_own,2,False,0,0.9278350515463918,0.9375
0,role_hsi_mean214_own,3,False,0,0.9690721649484536,0.9791666666666666
0,role_hsi_mean214_own,4,True,8,0.5217391304347826,0.375
0,role_hsi_mean214_own,5,False,1,0.8936170212765957,0.9130434782608695
0,role_hsi_mean214_own,6,False,1,0.6170212765957447,0.6041666666666666
0,role_hsi_mean214_own,7,True,8,0.0,0.0
0,role_hsi_mean214_own,8,False,1,0.9142857142857143,1.0
0,role_hsi_mean214_own,9,False,1,0.8932038834951457,0.9583333333333334
0,role_hsi_mean214_own,10,False,1,0.6666666666666666,0.7083333333333334
0,role_hsi_mean214_own,11,False,1,0.5742574257425742,0.6041666666666666
0,role_hsi_mean214_own,12,True,8,0.11538461538461539,0.0625
0,role_hsi_mean214_own,13,False,1,0.845360824742268,0.8541666666666666
0,role_hsi_mean214_own,14,False,1,0.8541666666666666,0.8541666666666666
0,role_hsi_mean214_own,15,False,1,0.8347826086956521,1.0
0,role_hsi_mean214_own,16,False,1,0.9148936170212766,0.8958333333333334
0,role_hsi_mean214_own,17,False,1,0.7889908256880734,0.8958333333333334
0,role_hsi_mean214_own,18,False,1,0.6238532110091743,0.7083333333333334
0,role_hsi_mean214_own,19,False,1,0.7478260869565218,0.8958333333333334
0,role_hsi_mean214_own,20,False,2,0.7961165048543689,0.8541666666666666
0,role_hsi_mean214_own,21,False,2,0.86,0.8958333333333334
0,role_hsi_mean214_own,22,True,2,0.45454545454545453,0.3125
0,role_hsi_mean214_own,23,False,2,0.88,0.9166666666666666
0,role_hsi_mean214_own,24,False,2,0.9019607843137255,0.9583333333333334
0,role_hsi_mean214_own,25,False,2,0.8712871287128713,0.9166666666666666
0,role_hsi_mean214_own,26,False,2,0.7252747252747253,0.6875
0,role_hsi_mean214_own,27,False,2,0.8210526315789474,0.8125
0,role_hsi_mean214_own,28,False,2,1.0,1.0
0,role_hsi_mean214_own,29,False,2,0.9183673469387755,0.9375
0,role_hsi_mean214_own,30,False,2,0.6185567010309279,0.625
0,role_hsi_mean214_own,31,False,2,0.9504950495049505,1.0
0,role_hsi_mean214_own,32,False,2,0.9361702127659575,0.9166666666666666
0,role_hsi_mean214_own,33,False,2,0.7722772277227723,0.8125
0,role_hsi_mean214_own,34,False,3,0.6728971962616822,0.75
0,role_hsi_mean214_own,35,False,3,0.9791666666666666,0.9791666666666666
0,role_hsi_mean214_own,36,False,3,0.9052631578947369,0.8958333333333334
0,role_hsi_mean214_own,37,False,3,0.6601941747572816,0.7083333333333334
0,role_hsi_mean214_own,38,True,3,0.020833333333333332,0.020833333333333332
0,role_hsi_mean214_own,39,False,3,0.7142857142857143,0.8333333333333334
0,role_hsi_mean214_own,40,False,3,0.6976744186046512,0.625
0,role_hsi_mean214_own,41,False,3,0.46153846153846156,0.4375
0,role_hsi_mean214_own,42,False,3,0.75,0.8125
0,role_hsi_mean214_own,43,False,4,0.6258503401360545,0.9583333333333334
0,role_hsi_mean214_own,44,False,4,0.875,0.875
0,role_hsi_mean214_own,45,True,4,0.14492753623188406,0.10638297872340426
0,role_hsi_mean214_own,46,False,4,0.782608695652174,0.75
0,role_hsi_mean214_own,47,False,4,0.9484536082474226,0.9583333333333334
0,role_hsi_mean214_own,48,False,4,0.9183673469387755,0.9375
0,role_hsi_mean214_own,49,False,4,0.32653061224489793,0.3333333333333333
0,role_hsi_mean214_own,50,False,4,0.1111111111111111,0.0625
0,role_hsi_mean214_own,51,False,4,0.297029702970297,0.3125
0,role_hsi_mean214_own,52,False,4,0.512396694214876,0.6458333333333334
0,role_hsi_mean214_own,53,False,4,0.7254901960784313,0.8043478260869565
0,role_hsi_mean214_own,54,False,4,0.6153846153846154,0.5833333333333334
0,role_hsi_mean214_own,55,False,4,0.8275862068965517,0.75
0,role_hsi_mean214_own,56,False,4,0.86,0.8958333333333334
0,role_hsi_mean214_own,57,False,5,0.875,0.875
0,role_hsi_mean214_own,58,False,5,0.7777777777777778,0.875
0,role_hsi_mean214_own,59,True,5,0.4507042253521127,0.3333333333333333
0,role_hsi_mean214_own,60,True,5,0.4,0.2708333333333333
0,role_hsi_mean214_own,61,True,8,0.2891566265060241,0.25
0,role_hsi_mean214_own,62,False,5,0.6666666666666666,0.75
0,role_hsi_mean214_own,63,True,8,0.047058823529411764,0.041666666666666664
0,role_hsi_mean214_own,64,True,5,0.23376623376623376,0.1875
0,role_hsi_mean214_own,65,True,5,0.30985915492957744,0.22916666666666666
0,role_hsi_mean214_own,66,True,5,0.07547169811320754,0.041666666666666664
0,role_hsi_mean214_own,67,False,5,0.9494949494949495,0.9791666666666666
0,role_hsi_mean214_own,68,False,5,0.9787234042553191,0.9583333333333334
0,role_hsi_mean214_own,69,False,5,0.8571428571428571,0.875
0,role_hsi_mean214_own,70,True,5,0.2631578947368421,0.20833333333333334
0,role_hsi_mean214_own,71,True,5,0.06349206349206349,0.041666666666666664
0,role_hsi_mean214_own,72,False,6,0.7226890756302521,0.8958333333333334
0,role_hsi_mean214_own,73,False,6,0.7142857142857143,0.7291666666666666
0,role_hsi_mean214_own,74,False,6,0.7931034482758621,0.9583333333333334
0,role_hsi_mean214_own,75,False,6,0.09090909090909091,0.125
0,role_hsi_mean214_own,76,False,6,0.865979381443299,0.875
0,role_hsi_mean214_own,77,False,7,0.9148936170212766,0.8958333333333334
0,role_hsi_mean214_own,78,True,7,0.5454545454545454,0.5
0,role_hsi_mean214_own,79,True,8,0.30927835051546393,0.3125
0,role_hsi_mean214_own,80,False,7,0.6373626373626373,0.6041666666666666
0,role_hsi_mean214_own,81,False,7,0.6446280991735537,0.8478260869565217
0,role_hsi_mean214_own,82,False,8,0.8461538461538461,0.9166666666666666
0,role_hsi_mean214_own,83,False,8,0.8333333333333334,0.7291666666666666
0,role_hsi_mean214_own,84,False,8,0.8387096774193549,0.8125
0,role_hsi_mean214_own,85,False,8,0.8440366972477065,0.9583333333333334
0,role_hsi_mean214_own,86,False,8,0.8043478260869565,0.7708333333333334
0,role_hsi_mean214_own,87,False,8,0.8888888888888888,1.0
0,role_hsi_mean214_own,88,False,8,0.6106870229007634,0.8333333333333334
0,role_hsi_mean214_own,89,False,8,0.7796610169491526,0.9583333333333334
0,hsi_q214_own,0,False,0,0.4594594594594595,0.3541666666666667
0,hsi_q214_own,1,False,0,0.9090909090909091,0.8333333333333334
0,hsi_q214_own,2,False,0,0.8723404255319149,0.8541666666666666
0,hsi_q214_own,3,False,0,0.946236559139785,0.9166666666666666
0,hsi_q214_own,4,True,8,0.0,0.0
0,hsi_q214_own,5,False,1,0.9777777777777777,0.9565217391304348
0,hsi_q214_own,6,False,1,0.7058823529411765,0.875
0,hsi_q214_own,7,True,8,0.0,0.0
0,hsi_q214_own,8,False,1,0.9072164948453608,0.9166666666666666
0,hsi_q214_own,9,False,1,0.88,0.9166666666666666
0,hsi_q214_own,10,False,1,0.8041237113402062,0.8125
0,hsi_q214_own,11,False,1,0.5806451612903226,0.75
0,hsi_q214_own,12,True,8,0.0,0.0
0,hsi_q214_own,13,False,1,0.8260869565217391,0.7916666666666666
0,hsi_q214_own,14,False,1,0.8490566037735849,0.9375
0,hsi_q214_own,15,False,1,0.734375,0.9791666666666666
0,hsi_q214_own,16,False,1,0.8235294117647058,0.875
0,hsi_q214_own,17,False,1,0.7476635514018691,0.8333333333333334
0,hsi_q214_own,18,False,1,0.5409836065573771,0.6875
0,hsi_q214_own,19,False,1,0.7872340425531915,0.7708333333333334
0,hsi_q214_own,20,False,2,0.7241379310344828,0.875
0,hsi_q214_own,21,False,2,0.8,0.7916666666666666
0,hsi_q214_own,22,True,2,0.0,0.0
0,hsi_q214_own,23,False,2,0.7407407407407407,0.8333333333333334
0,hsi_q214_own,24,False,2,0.8349514563106796,0.8958333333333334
0,hsi_q214_own,25,False,2,0.819047619047619,0.8958333333333334
0,hsi_q214_own,26,False,2,0.425,0.3541666666666667
0,hsi_q214_own,27,False,2,0.7191011235955056,0.6666666666666666
0,hsi_q214_own,28,False,2,1.0,1.0
0,hsi_q214_own,29,False,2,0.8842105263157894,0.875
0,hsi_q214_own,30,False,2,0.4864864864864865,0.75
0,hsi_q214_own,31,False,2,0.8495575221238938,1.0
0,hsi_q214_own,32,False,2,0.9247311827956989,0.8958333333333334
0,hsi_q214_own,33,False,2,0.9278350515463918,0.9375
0,hsi_q214_own,34,False,3,0.7916666666666666,0.7916666666666666
0,hsi_q214_own,35,False,3,0.6086956521739131,0.5833333333333334
0,hsi_q214_own,36,False,3,0.9166666666666666,0.9166666666666666
0,hsi_q214_own,37,False,3,0.4864864864864865,0.5625
0,hsi_q214_own,38,True,3,0.0,0.0
0,hsi_q214_own,39,False,3,0.592,0.7708333333333334
0,hsi_q214_own,40,False,3,0.6530612244897959,0.6666666666666666
0,hsi_q214_own,41,False,3,0.3684210526315789,0.2916666666666667
0,hsi_q214_own,42,False,3,0.5945945945945946,0.6875
0,hsi_q214_own,43,False,4,0.24299065420560748,0.2708333333333333
0,hsi_q214_own,44,False,4,0.5675675675675675,0.4375
0,hsi_q214_own,45,True,4,0.0,0.0
0,hsi_q214_own,46,False,4,0.4339622641509434,0.4791666666666667
0,hsi_q214_own,47,False,4,0.8490566037735849,0.9375
0,hsi_q214_own,48,False,4,0.9052631578947369,0.8958333333333334
0,hsi_q214_own,49,False,4,0.2391304347826087,0.22916666666666666
0,hsi_q214_own,50,False,4,0.0,0.0
0,hsi_q214_own,51,False,4,0.15053763440860216,0.14583333333333334
0,hsi_q214_own,52,False,4,0.12345679012345678,0.10416666666666667
0,hsi_q214_own,53,False,4,0.2903225806451613,0.1956521739130435
0,hsi_q214_own,54,False,4,0.5555555555555556,0.625
0,hsi_q214_own,55,False,4,0.627906976744186,0.5625
0,hsi_q214_own,56,False,4,0.822429906542056,0.9166666666666666
0,hsi_q214_own,57,False,5,0.7787610619469026,0.9166666666666666
0,hsi_q214_own,58,False,5,0.6376811594202898,0.9166666666666666
0,hsi_q214_own,59,True,5,0.0,0.0
0,hsi_q214_own,60,True,5,0.0,0.0
0,hsi_q214_own,61,True,8,0.0,0.0
0,hsi_q214_own,62,False,5,0.5271317829457365,0.7083333333333334
0,hsi_q214_own,63,True,8,0.0,0.0
0,hsi_q214_own,64,True,5,0.0,0.0
0,hsi_q214_own,65,True,5,0.0,0.0
0,hsi_q214_own,66,True,5,0.0,0.0
0,hsi_q214_own,67,False,5,0.9111111111111111,0.8541666666666666
0,hsi_q214_own,68,False,5,0.9894736842105263,0.9791666666666666
0,hsi_q214_own,69,False,5,0.0,0.0
0,hsi_q214_own,70,True,5,0.0,0.0
0,hsi_q214_own,71,True,5,0.0,0.0
0,hsi_q214_own,72,False,6,0.7964601769911505,0.9375
0,hsi_q214_own,73,False,6,0.43373493975903615,0.75
0,hsi_q214_own,74,False,6,0.8545454545454545,0.9791666666666666
0,hsi_q214_own,75,False,6,0.0,0.0
0,hsi_q214_own,76,False,6,0.8431372549019608,0.8958333333333334
0,hsi_q214_own,77,False,7,0.851063829787234,0.8333333333333334
0,hsi_q214_own,78,True,7,0.72,0.5625
0,hsi_q214_own,79,True,8,0.0,0.0
0,hsi_q214_own,80,False,7,0.6796116504854369,0.7291666666666666
0,hsi_q214_own,81,False,7,0.5153374233128835,0.9130434782608695
0,hsi_q214_own,82,False,8,0.6464646464646465,0.6666666666666666
0,hsi_q214_own,83,False,8,0.6888888888888889,0.6458333333333334
0,hsi_q214_own,84,False,8,0.5581395348837209,0.5
0,hsi_q214_own,85,False,8,0.8775510204081632,0.8958333333333334
0,hsi_q214_own,86,False,8,0.5060240963855421,0.4375
0,hsi_q214_own,87,False,8,0.803921568627451,0.8541666666666666
0,hsi_q214_own,88,False,8,0.6391752577319587,0.6458333333333334
0,hsi_q214_own,89,False,8,0.6618705035971223,0.9583333333333334
0,role_hsi_q214_own,0,False,0,0.6666666666666666,0.7083333333333334
0,role_hsi_q214_own,1,False,0,0.9583333333333334,0.9583333333333334
0,role_hsi_q214_own,2,False,0,0.9591836734693877,0.9791666666666666
0,role_hsi_q214_own,3,False,0,0.9894736842105263,0.9791666666666666
0,role_hsi_q214_own,4,True,8,0.5633802816901409,0.4166666666666667
0,role_hsi_q214_own,5,False,1,0.967032967032967,0.9565217391304348
0,role_hsi_q214_own,6,False,1,0.7551020408163265,0.7708333333333334
0,role_hsi_q214_own,7,True,8,0.0,0.0
0,role_hsi_q214_own,8,False,1,0.9306930693069307,0.9791666666666666
0,role_hsi_q214_own,9,False,1,0.8846153846153846,0.9583333333333334
0,role_hsi_q214_own,10,False,1,0.7843137254901961,0.8333333333333334
0,role_hsi_q214_own,11,False,1,0.6741573033707865,0.625
0,role_hsi_q214_own,12,True,8,0.08,0.041666666666666664
0,role_hsi_q214_own,13,False,1,0.8791208791208791,0.8333333333333334
0,role_hsi_q214_own,14,False,1,0.9166666666666666,0.9166666666666666
0,role_hsi_q214_own,15,False,1,0.7619047619047619,1.0
0,role_hsi_q214_own,16,False,1,0.9375,0.9375
0,role_hsi_q214_own,17,False,1,0.8686868686868687,0.8958333333333334
0,role_hsi_q214_own,18,False,1,0.6666666666666666,0.8333333333333334
0,role_hsi_q214_own,19,False,1,0.8543689320388349,0.9166666666666666
0,role_hsi_q214_own,20,False,2,0.8,0.9166666666666666
0,role_hsi_q214_own,21,False,2,0.8865979381443299,0.8958333333333334
0,role_hsi_q214_own,22,True,2,0.44776119402985076,0.3125
0,role_hsi_q214_own,23,False,2,0.8888888888888888,0.9166666666666666
0,role_hsi_q214_own,24,False,2,0.9,0.9375
0,role_hsi_q214_own,25,False,2,0.8490566037735849,0.9375
0,role_hsi_q214_own,26,False,2,0.5194805194805194,0.4166666666666667
0,role_hsi_q214_own,27,False,2,0.8666666666666667,0.8125
0,role_hsi_q214_own,28,False,2,1.0,1.0
0,role_hsi_q214_own,29,False,2,0.9484536082474226,0.9583333333333334
0,role_hsi_q214_own,30,False,2,0.660377358490566,0.7291666666666666
0,role_hsi_q214_own,31,False,2,0.96,1.0
0,role_hsi_q214_own,32,False,2,0.9565217391304348,0.9166666666666666
0,role_hsi_q214_own,33,False,2,0.8888888888888888,0.9166666666666666
0,role_hsi_q214_own,34,False,3,0.76,0.7916666666666666
0,role_hsi_q214_own,35,False,3,0.9183673469387755,0.9375
0,role_hsi_q214_own,36,False,3,0.9263157894736842,0.9166666666666666
0,role_hsi_q214_own,37,False,3,0.7254901960784313,0.7708333333333334
0,role_hsi_q214_own,38,True,3,0.0,0.0
0,role_hsi_q214_own,39,False,3,0.7256637168141593,0.8541666666666666
0,role_hsi_q214_own,40,False,3,0.7586206896551724,0.6875
0,role_hsi_q214_own,41,False,3,0.4819277108433735,0.4166666666666667
0,role_hsi_q214_own,42,False,3,0.7663551401869159,0.8541666666666666
0,role_hsi_q214_own,43,False,4,0.6122448979591837,0.9375
0,role_hsi_q214_own,44,False,4,0.9263157894736842,0.9166666666666666
0,role_hsi_q214_own,45,True,4,0.12121212121212122,0.0851063829787234
0,role_hsi_q214_own,46,False,4,0.7956989247311828,0.7708333333333334
0,role_hsi_q214_own,47,False,4,0.9494949494949495,0.9791666666666666
0,role_hsi_q214_own,48,False,4,0.9583333333333334,0.9583333333333334
0,role_hsi_q214_own,49,False,4,0.32653061224489793,0.3333333333333333
0,role_hsi_q214_own,50,False,4,0.0,0.0
0,role_hsi_q214_own,51,False,4,0.3300970873786408,0.3541666666666667
0,role_hsi_q214_own,52,False,4,0.46551724137931033,0.5625
0,role_hsi_q214_own,53,False,4,0.7252747252747253,0.717391304347826
0,role_hsi_q214_own,54,False,4,0.6741573033707865,0.625
0,role_hsi_q214_own,55,False,4,0.8235294117647058,0.7291666666666666
0,role_hsi_q214_own,56,False,4,0.9183673469387755,0.9375
0,role_hsi_q214_own,57,False,5,0.8846153846153846,0.9583333333333334
0,role_hsi_q214_own,58,False,5,0.6875,0.9166666666666666
0,role_hsi_q214_own,59,True,5,0.4411764705882353,0.3125
0,role_hsi_q214_own,60,True,5,0.21428571428571427,0.125
0,role_hsi_q214_own,61,True,8,0.09090909090909091,0.08333333333333333
0,role_hsi_q214_own,62,False,5,0.6554621848739496,0.8125
0,role_hsi_q214_own,63,True,8,0.04878048780487805,0.041666666666666664
0,role_hsi_q214_own,64,True,5,0.18461538461538463,0.125
0,role_hsi_q214_own,65,True,5,0.11428571428571428,0.08333333333333333
0,role_hsi_q214_own,66,True,5,0.06896551724137931,0.041666666666666664
0,role_hsi_q214_own,67,False,5,0.9387755102040817,0.9583333333333334
0,role_hsi_q214_own,68,False,5,1.0,1.0
0,role_hsi_q214_own,69,False,5,0.8421052631578947,0.8333333333333334
0,role_hsi_q214_own,70,True,5,0.3333333333333333,0.25
0,role_hsi_q214_own,71,True,5,0.0,0.0
0,role_hsi_q214_own,72,False,6,0.8,0.9583333333333334
0,role_hsi_q214_own,73,False,6,0.6016260162601627,0.7708333333333334
0,role_hsi_q214_own,74,False,6,0.8392857142857143,0.9791666666666666
0,role_hsi_q214_own,75,False,6,0.029197080291970802,0.041666666666666664
0,role_hsi_q214_own,76,False,6,0.8823529411764706,0.9375
0,role_hsi_q214_own,77,False,7,0.9247311827956989,0.8958333333333334
0,role_hsi_q214_own,78,True,7,0.7710843373493976,0.6666666666666666
0,role_hsi_q214_own,79,True,8,0.3185840707964602,0.375
0,role_hsi_q214_own,80,False,7,0.7640449438202247,0.7083333333333334
0,role_hsi_q214_own,81,False,7,0.6027397260273972,0.9565217391304348
0,role_hsi_q214_own,82,False,8,0.8155339805825242,0.875
0,role_hsi_q214_own,83,False,8,0.8235294117647058,0.7291666666666666
0,role_hsi_q214_own,84,False,8,0.7659574468085106,0.75
0,role_hsi_q214_own,85,False,8,0.92,0.9583333333333334
0,role_hsi_q214_own,86,False,8,0.8314606741573034,0.7708333333333334
0,role_hsi_q214_own,87,False,8,0.9056603773584906,1.0
0,role_hsi_q214_own,88,False,8,0.6212121212121212,0.8541666666666666
0,role_hsi_q214_own,89,False,8,0.7704918032786885,0.9791666666666666
0,hsi_q32,0,False,0,0.275,0.22916666666666666
0,hsi_q32,1,False,0,0.7272727272727273,0.75
0,hsi_q32,2,False,0,0.7474747474747475,0.7708333333333334
0,hsi_q32,3,False,0,0.9,0.9375
0,hsi_q32,4,True,8,0.26229508196721313,0.16666666666666666
0,hsi_q32,5,False,1,0.9230769230769231,0.9130434782608695
0,hsi_q32,6,False,1,0.6268656716417911,0.875
0,hsi_q32,7,True,8,0.0,0.0
0,hsi_q32,8,False,1,0.8118811881188119,0.8541666666666666
0,hsi_q32,9,False,1,0.6605504587155964,0.75
0,hsi_q32,10,False,1,0.3409090909090909,0.3125
0,hsi_q32,11,False,1,0.43333333333333335,0.5416666666666666
0,hsi_q32,12,True,8,0.0,0.0
0,hsi_q32,13,False,1,0.7865168539325843,0.7291666666666666
0,hsi_q32,14,False,1,0.7311827956989247,0.7083333333333334
0,hsi_q32,15,False,1,0.7647058823529411,0.8125
0,hsi_q32,16,False,1,0.6355140186915887,0.7083333333333334
0,hsi_q32,17,False,1,0.6476190476190476,0.7083333333333334
0,hsi_q32,18,False,1,0.624113475177305,0.9166666666666666
0,hsi_q32,19,False,1,0.5333333333333333,0.5833333333333334
0,hsi_q32,20,False,2,0.7252747252747253,0.6875
0,hsi_q32,21,False,2,0.7333333333333333,0.6875
0,hsi_q32,22,True,2,0.0,0.0
0,hsi_q32,23,False,2,0.5894736842105263,0.5833333333333334
0,hsi_q32,24,False,2,0.8108108108108109,0.9375
0,hsi_q32,25,False,2,0.6336633663366337,0.6666666666666666
0,hsi_q32,26,False,2,0.9896907216494846,1.0
0,hsi_q32,27,False,2,0.391304347826087,0.375
0,hsi_q32,28,False,2,0.9791666666666666,0.9791666666666666
0,hsi_q32,29,False,2,0.8349514563106796,0.8958333333333334
0,hsi_q32,30,False,2,0.4807692307692308,0.5208333333333334
0,hsi_q32,31,False,2,0.96,1.0
0,hsi_q32,32,False,2,0.8421052631578947,0.8333333333333334
0,hsi_q32,33,False,2,0.7692307692307693,0.8333333333333334
0,hsi_q32,34,False,3,0.6153846153846154,0.5833333333333334
0,hsi_q32,35,False,3,0.8785046728971962,0.9791666666666666
0,hsi_q32,36,False,3,0.851063829787234,0.8333333333333334
0,hsi_q32,37,False,3,0.35514018691588783,0.3958333333333333
0,hsi_q32,38,True,3,0.0,0.0
0,hsi_q32,39,False,3,0.559322033898305,0.6875
0,hsi_q32,40,False,3,0.6373626373626373,0.6041666666666666
0,hsi_q32,41,False,3,0.3448275862068966,0.3125
0,hsi_q32,42,False,3,0.32989690721649484,0.3333333333333333
0,hsi_q32,43,False,4,0.1864406779661017,0.22916666666666666
0,hsi_q32,44,False,4,0.5111111111111111,0.4791666666666667
0,hsi_q32,45,True,4,0.0,0.0
0,hsi_q32,46,False,4,0.3956043956043956,0.375
0,hsi_q32,47,False,4,0.8846153846153846,0.9583333333333334
0,hsi_q32,48,False,4,0.8775510204081632,0.8958333333333334
0,hsi_q32,49,False,4,0.21176470588235294,0.1875
0,hsi_q32,50,False,4,0.9896907216494846,1.0
0,hsi_q32,51,False,4,0.12962962962962962,0.14583333333333334
0,hsi_q32,52,False,4,0.0,0.0
0,hsi_q32,53,False,4,0.8461538461538461,0.9565217391304348
0,hsi_q32,54,False,4,0.46808510638297873,0.4583333333333333
0,hsi_q32,55,False,4,0.6888888888888889,0.6458333333333334
0,hsi_q32,56,False,4,0.7387387387387387,0.8541666666666666
0,hsi_q32,57,False,5,0.6071428571428571,0.7083333333333334
0,hsi_q32,58,False,5,0.6612903225806451,0.8541666666666666
0,hsi_q32,59,True,5,0.0,0.0
0,hsi_q32,60,True,5,0.19672131147540983,0.125
0,hsi_q32,61,True,8,0.12,0.125
0,hsi_q32,62,False,5,0.5354330708661418,0.7083333333333334
0,hsi_q32,63,True,8,0.0,0.0
0,hsi_q32,64,True,5,0.05714285714285714,0.041666666666666664
0,hsi_q32,65,True,5,0.027777777777777776,0.020833333333333332
0,hsi_q32,66,True,5,0.07407407407407407,0.0625
0,hsi_q32,67,False,5,0.945054945054945,0.8958333333333334
0,hsi_q32,68,False,5,0.9247311827956989,0.8958333333333334
0,hsi_q32,69,False,5,0.03225806451612903,0.020833333333333332
0,hsi_q32,70,True,5,0.0,0.0
0,hsi_q32,71,True,5,0.030303030303030304,0.020833333333333332
0,hsi_q32,72,False,6,0.7256637168141593,0.8541666666666666
0,hsi_q32,73,False,6,0.29577464788732394,0.4375
0,hsi_q32,74,False,6,0.96,1.0
0,hsi_q32,75,False,6,0.647887323943662,0.4791666666666667
0,hsi_q32,76,False,6,0.7692307692307693,0.8333333333333334
0,hsi_q32,77,False,7,0.7647058823529411,0.8125
0,hsi_q32,78,True,7,0.5294117647058824,0.375
0,hsi_q32,79,True,8,0.0,0.0
0,hsi_q32,80,False,7,0.3888888888888889,0.4375
0,hsi_q32,81,False,7,0.42857142857142855,0.8478260869565217
0,hsi_q32,82,False,8,0.5217391304347826,0.5
0,hsi_q32,83,False,8,0.6739130434782609,0.6458333333333334
0,hsi_q32,84,False,8,0.40860215053763443,0.3958333333333333
0,hsi_q32,85,False,8,0.8380952380952381,0.9166666666666666
0,hsi_q32,86,False,8,0.5263157894736842,0.4166666666666667
0,hsi_q32,87,False,8,0.7647058823529411,0.8125
0,hsi_q32,88,False,8,0.5555555555555556,0.625
0,hsi_q32,89,False,8,0.6027397260273972,0.9166666666666666
0,role_hsi_q32,0,False,0,0.5263157894736842,0.5208333333333334
0,role_hsi_q32,1,False,0,0.9,0.9375
0,role_hsi_q32,2,False,0,0.9306930693069307,0.9791666666666666
0,role_hsi_q32,3,False,0,1.0,1.0
0,role_hsi_q32,4,True,8,0.6111111111111112,0.4583333333333333
0,role_hsi_q32,5,False,1,0.9278350515463918,0.9782608695652174
0,role_hsi_q32,6,False,1,0.7450980392156863,0.7916666666666666
0,role_hsi_q32,7,True,8,0.0,0.0
0,role_hsi_q32,8,False,1,0.9056603773584906,1.0
0,role_hsi_q32,9,False,1,0.8301886792452831,0.9166666666666666
0,role_hsi_q32,10,False,1,0.6530612244897959,0.6666666666666666
0,role_hsi_q32,11,False,1,0.625,0.625
0,role_hsi_q32,12,True,8,0.15384615384615385,0.08333333333333333
0,role_hsi_q32,13,False,1,0.8602150537634409,0.8333333333333334
0,role_hsi_q32,14,False,1,0.8387096774193549,0.8125
0,role_hsi_q32,15,False,1,0.897196261682243,1.0
0,role_hsi_q32,16,False,1,0.8775510204081632,0.8958333333333334
0,role_hsi_q32,17,False,1,0.8155339805825242,0.875
0,role_hsi_q32,18,False,1,0.7258064516129032,0.9375
0,role_hsi_q32,19,False,1,0.7102803738317757,0.7916666666666666
0,role_hsi_q32,20,False,2,0.7551020408163265,0.7708333333333334
0,role_hsi_q32,21,False,2,0.9032258064516129,0.875
0,role_hsi_q32,22,True,2,0.41935483870967744,0.2708333333333333
0,role_hsi_q32,23,False,2,0.8297872340425532,0.8125
0,role_hsi_q32,24,False,2,0.8823529411764706,0.9375
0,role_hsi_q32,25,False,2,0.7608695652173914,0.7291666666666666
0,role_hsi_q32,26,False,2,0.9896907216494846,1.0
0,role_hsi_q32,27,False,2,0.7640449438202247,0.7083333333333334
0,role_hsi_q32,28,False,2,1.0,1.0
0,role_hsi_q32,29,False,2,0.8686868686868687,0.8958333333333334
0,role_hsi_q32,30,False,2,0.7126436781609196,0.6458333333333334
0,role_hsi_q32,31,False,2,0.9795918367346939,1.0
0,role_hsi_q32,32,False,2,0.9230769230769231,0.875
0,role_hsi_q32,33,False,2,0.8080808080808081,0.8333333333333334
0,role_hsi_q32,34,False,3,0.6730769230769231,0.7291666666666666
0,role_hsi_q32,35,False,3,0.9504950495049505,1.0
0,role_hsi_q32,36,False,3,0.9473684210526315,0.9375
0,role_hsi_q32,37,False,3,0.7032967032967034,0.6666666666666666
0,role_hsi_q32,38,True,3,0.02127659574468085,0.020833333333333332
0,role_hsi_q32,39,False,3,0.7289719626168224,0.8125
0,role_hsi_q32,40,False,3,0.7126436781609196,0.6458333333333334
0,role_hsi_q32,41,False,3,0.4666666666666667,0.4375
0,role_hsi_q32,42,False,3,0.6990291262135923,0.75
0,role_hsi_q32,43,False,4,0.5616438356164384,0.8541666666666666
0,role_hsi_q32,44,False,4,0.865979381443299,0.875
0,role_hsi_q32,45,True,4,0.12345679012345678,0.10638297872340426
0,role_hsi_q32,46,False,4,0.7872340425531915,0.7708333333333334
0,role_hsi_q32,47,False,4,0.9591836734693877,0.9791666666666666
0,role_hsi_q32,48,False,4,0.9375,0.9375
0,role_hsi_q32,49,False,4,0.3404255319148936,0.3333333333333333
0,role_hsi_q32,50,False,4,0.9896907216494846,1.0
0,role_hsi_q32,51,False,4,0.3333333333333333,0.3541666666666667
0,role_hsi_q32,52,False,4,0.4628099173553719,0.5833333333333334
0,role_hsi_q32,53,False,4,0.8380952380952381,0.9565217391304348
0,role_hsi_q32,54,False,4,0.5813953488372093,0.5208333333333334
0,role_hsi_q32,55,False,4,0.8444444444444444,0.7916666666666666
0,role_hsi_q32,56,False,4,0.8514851485148515,0.8958333333333334
0,role_hsi_q32,57,False,5,0.7927927927927928,0.9166666666666666
0,role_hsi_q32,58,False,5,0.6942148760330579,0.875
0,role_hsi_q32,59,True,5,0.3880597014925373,0.2708333333333333
0,role_hsi_q32,60,True,5,0.36065573770491804,0.22916666666666666
0,role_hsi_q32,61,True,8,0.1978021978021978,0.1875
0,role_hsi_q32,62,False,5,0.6545454545454545,0.75
0,role_hsi_q32,63,True,8,0.023809523809523808,0.020833333333333332
0,role_hsi_q32,64,True,5,0.19718309859154928,0.14583333333333334
0,role_hsi_q32,65,True,5,0.2028985507246377,0.14583333333333334
0,role_hsi_q32,66,True,5,0.1,0.0625
0,role_hsi_q32,67,False,5,0.9494949494949495,0.9791666666666666
0,role_hsi_q32,68,False,5,1.0,1.0
0,role_hsi_q32,69,False,5,0.75,0.75
0,role_hsi_q32,70,True,5,0.2191780821917808,0.16666666666666666
0,role_hsi_q32,71,True,5,0.0,0.0
0,role_hsi_q32,72,False,6,0.7563025210084033,0.9375
0,role_hsi_q32,73,False,6,0.5641025641025641,0.6875
0,role_hsi_q32,74,False,6,0.9411764705882353,1.0
0,role_hsi_q32,75,False,6,0.6526315789473685,0.6458333333333334
0,role_hsi_q32,76,False,6,0.8823529411764706,0.9375
0,role_hsi_q32,77,False,7,0.9072164948453608,0.9166666666666666
0,role_hsi_q32,78,True,7,0.6933333333333334,0.5416666666666666
0,role_hsi_q32,79,True,8,0.31746031746031744,0.20833333333333334
0,role_hsi_q32,80,False,7,0.5494505494505495,0.5208333333333334
0,role_hsi_q32,81,False,7,0.5185185185185185,0.9130434782608695
0,role_hsi_q32,82,False,8,0.76,0.7916666666666666
0,role_hsi_q32,83,False,8,0.8275862068965517,0.75
0,role_hsi_q32,84,False,8,0.6881720430107527,0.6666666666666666
0,role_hsi_q32,85,False,8,0.8440366972477065,0.9583333333333334
0,role_hsi_q32,86,False,8,0.8539325842696629,0.7916666666666666
0,role_hsi_q32,87,False,8,0.897196261682243,1.0
0,role_hsi_q32,88,False,8,0.6106870229007634,0.8333333333333334
0,role_hsi_q32,89,False,8,0.6962962962962963,0.9791666666666666
1,rgb_trained,0,False,0,0.41237113402061853,0.4166666666666667
1,rgb_trained,1,False,0,0.8888888888888888,0.9166666666666666
1,rgb_trained,2,False,0,0.9574468085106383,0.9375
1,rgb_trained,3,False,0,0.94,0.9791666666666666
1,rgb_trained,4,True,0,0.8131868131868132,0.7708333333333334
1,rgb_trained,5,False,1,0.8863636363636364,0.8666666666666667
1,rgb_trained,6,False,1,0.5934065934065934,0.5625
1,rgb_trained,7,True,1,0.06818181818181818,0.0625
1,rgb_trained,8,False,1,0.9183673469387755,0.9375
1,rgb_trained,9,False,1,0.8505747126436781,0.7708333333333334
1,rgb_trained,10,False,1,0.6055045871559633,0.6875
1,rgb_trained,11,False,1,0.6262626262626263,0.6458333333333334
1,rgb_trained,12,True,1,0.5,0.375
1,rgb_trained,13,False,1,0.7428571428571429,0.8125
1,rgb_trained,14,False,1,0.8842105263157894,0.8936170212765957
1,rgb_trained,15,False,1,0.7868852459016393,1.0
1,rgb_trained,16,False,1,0.8269230769230769,0.8958333333333334
1,rgb_trained,17,False,1,0.7169811320754716,0.7916666666666666
1,rgb_trained,18,False,1,0.8085106382978723,0.7916666666666666
1,rgb_trained,19,False,1,0.574468085106383,0.5625
1,rgb_trained,20,False,2,0.6875,0.6875
1,rgb_trained,21,False,2,0.7865168539325843,0.7291666666666666
1,rgb_trained,22,True,8,0.6410256410256411,0.5555555555555556
1,rgb_trained,23,False,2,0.8627450980392157,0.9166666666666666
1,rgb_trained,24,False,2,0.8627450980392157,0.9166666666666666
1,rgb_trained,25,False,2,0.6534653465346535,0.6875
1,rgb_trained,26,False,2,0.968421052631579,0.9583333333333334
1,rgb_trained,27,False,2,0.594059405940594,0.625
1,rgb_trained,28,False,2,0.9787234042553191,0.9583333333333334
1,rgb_trained,29,False,2,0.7551020408163265,0.7708333333333334
1,rgb_trained,30,False,2,0.45977011494252873,0.4166666666666667
1,rgb_trained,31,False,2,0.9052631578947369,0.8958333333333334
1,rgb_trained,32,False,2,0.7045454545454546,0.6458333333333334
1,rgb_trained,33,False,2,0.7010309278350515,0.7083333333333334
1,rgb_trained,34,False,3,0.5106382978723404,0.5
1,rgb_trained,35,False,3,0.9052631578947369,0.8958333333333334
1,rgb_trained,36,False,3,0.8842105263157894,0.875
1,rgb_trained,37,False,3,0.7142857142857143,0.7291666666666666
1,rgb_trained,38,True,8,0.0,0.0
1,rgb_trained,39,False,3,0.7010309278350515,0.7083333333333334
1,rgb_trained,40,False,3,0.6349206349206349,0.8333333333333334
1,rgb_trained,41,False,3,0.34782608695652173,0.4166666666666667
1,rgb_trained,42,False,3,0.6526315789473685,0.6458333333333334
1,rgb_trained,43,False,4,0.7254901960784313,0.7708333333333334
1,rgb_trained,44,False,4,0.9591836734693877,0.9791666666666666
1,rgb_trained,45,True,8,0.5185185185185185,0.4375
1,rgb_trained,46,False,4,0.7608695652173914,0.7291666666666666
1,rgb_trained,47,False,4,0.8723404255319149,0.8541666666666666
1,rgb_trained,48,False,4,0.9504950495049505,1.0
1,rgb_trained,49,False,4,0.19047619047619047,0.20833333333333334
1,rgb_trained,50,False,4,0.8514851485148515,0.8958333333333334
1,rgb_trained,51,False,4,0.3191489361702128,0.3125
1,rgb_trained,52,False,4,0.3076923076923077,0.2916666666666667
1,rgb_trained,53,False,4,0.8775510204081632,0.8958333333333334
1,rgb_trained,54,False,4,0.7111111111111111,0.6666666666666666
1,rgb_trained,55,False,4,0.7521367521367521,0.9166666666666666
1,rgb_trained,56,False,4,0.8444444444444444,0.7916666666666666
1,rgb_trained,57,False,5,0.8095238095238095,0.7391304347826086
1,rgb_trained,58,False,5,0.6964285714285714,0.8125
1,rgb_trained,59,True,8,0.5070422535211268,0.375
1,rgb_trained,60,True,8,0.5352112676056338,0.3958333333333333
1,rgb_trained,61,True,5,0.0,0.0
1,rgb_trained,62,False,5,0.8316831683168316,0.875
1,rgb_trained,63,True,5,0.058823529411764705,0.08333333333333333
1,rgb_trained,64,True,8,0.6024096385542169,0.5208333333333334
1,rgb_trained,65,True,8,0.325,0.2708333333333333
1,rgb_trained,66,True,8,0.0625,0.041666666666666664
1,rgb_trained,67,False,5,0.8761904761904762,0.9583333333333334
1,rgb_trained,68,False,5,0.9894736842105263,0.9791666666666666
1,rgb_trained,69,False,5,0.8269230769230769,0.8958333333333334
1,rgb_trained,70,True,8,0.4878048780487805,0.4166666666666667
1,rgb_trained,71,True,8,0.2727272727272727,0.1875
1,rgb_trained,72,False,6,0.6956521739130435,0.6666666666666666
1,rgb_trained,73,False,6,0.5504587155963303,0.625
1,rgb_trained,74,False,6,0.9166666666666666,0.9166666666666666
1,rgb_trained,75,False,6,0.5918367346938775,0.6041666666666666
1,rgb_trained,76,False,6,0.8076923076923077,0.875
1,rgb_trained,77,False,7,0.8333333333333334,0.8333333333333334
1,rgb_trained,78,True,8,0.5675675675675675,0.4375
1,rgb_trained,79,True,7,0.2972972972972973,0.22916666666666666
1,rgb_trained,80,False,7,0.3877551020408163,0.3958333333333333
1,rgb_trained,81,False,7,0.5161290322580645,0.5
1,rgb_trained,82,False,8,0.7289719626168224,0.8125
1,rgb_trained,83,False,8,0.9090909090909091,0.9375
1,rgb_trained,84,False,8,0.6530612244897959,0.6666666666666666
1,rgb_trained,85,False,8,0.9130434782608695,0.875
1,rgb_trained,86,False,8,0.7377049180327869,0.9375
1,rgb_trained,87,False,8,0.8712871287128713,0.9166666666666666
1,rgb_trained,88,False,8,0.5401459854014599,0.7708333333333334
1,rgb_trained,89,False,8,0.9375,0.9375
1,v5_tta,0,False,0,0.25165562913907286,0.3958333333333333
1,v5_tta,1,False,0,0.7663551401869159,0.8541666666666666
1,v5_tta,2,False,0,0.7555555555555555,0.7083333333333334
1,v5_tta,3,False,0,0.8141592920353983,0.9583333333333334
1,v5_tta,4,True,0,0.47619047619047616,0.4166666666666667
1,v5_tta,5,False,1,0.9213483146067416,0.9111111111111111
1,v5_tta,6,False,1,0.6111111111111112,0.4583333333333333
1,v5_tta,7,True,1,0.0,0.0
1,v5_tta,8,False,1,0.7191011235955056,0.6666666666666666
1,v5_tta,9,False,1,0.7865168539325843,0.7291666666666666
1,v5_tta,10,False,1,0.23076923076923078,0.1875
1,v5_tta,11,False,1,0.25806451612903225,0.16666666666666666
1,v5_tta,12,True,1,0.0,0.0
1,v5_tta,13,False,1,0.7407407407407407,0.8333333333333334
1,v5_tta,14,False,1,0.6888888888888889,0.6595744680851063
1,v5_tta,15,False,1,0.7317073170731707,0.9375
1,v5_tta,16,False,1,0.7326732673267327,0.7708333333333334
1,v5_tta,17,False,1,0.5132743362831859,0.6041666666666666
1,v5_tta,18,False,1,0.6075949367088608,0.5
1,v5_tta,19,False,1,0.4943820224719101,0.4583333333333333
1,v5_tta,20,False,2,0.594059405940594,0.625
1,v5_tta,21,False,2,0.7321428571428571,0.8541666666666666
1,v5_tta,22,True,8,0.5526315789473685,0.4666666666666667
1,v5_tta,23,False,2,0.6851851851851852,0.7708333333333334
1,v5_tta,24,False,2,0.7032967032967034,0.6666666666666666
1,v5_tta,25,False,2,0.43956043956043955,0.4166666666666667
1,v5_tta,26,False,2,0.96,1.0
1,v5_tta,27,False,2,0.46511627906976744,0.625
1,v5_tta,28,False,2,0.9787234042553191,0.9583333333333334
1,v5_tta,29,False,2,0.8288288288288288,0.9583333333333334
1,v5_tta,30,False,2,0.2962962962962963,0.3333333333333333
1,v5_tta,31,False,2,0.9019607843137255,0.9583333333333334
1,v5_tta,32,False,2,0.6904761904761905,0.6041666666666666
1,v5_tta,33,False,2,0.5161290322580645,0.5
1,v5_tta,34,False,3,0.5309734513274337,0.625
1,v5_tta,35,False,3,0.8842105263157894,0.875
1,v5_tta,36,False,3,0.7706422018348624,0.875
1,v5_tta,37,False,3,0.3013698630136986,0.22916666666666666
1,v5_tta,38,True,8,0.0,0.0
1,v5_tta,39,False,3,0.5591397849462365,0.5416666666666666
1,v5_tta,40,False,3,0.6796116504854369,0.7291666666666666
1,v5_tta,41,False,3,0.43478260869565216,0.4166666666666667
1,v5_tta,42,False,3,0.4897959183673469,0.5
1,v5_tta,43,False,4,0.175,0.14583333333333334
1,v5_tta,44,False,4,0.5869565217391305,0.5625
1,v5_tta,45,True,8,0.020833333333333332,0.020833333333333332
1,v5_tta,46,False,4,0.4225352112676056,0.3125
1,v5_tta,47,False,4,0.7311827956989247,0.7083333333333334
1,v5_tta,48,False,4,0.8952380952380953,0.9791666666666666
1,v5_tta,49,False,4,0.18867924528301888,0.20833333333333334
1,v5_tta,50,False,4,0.9484536082474226,0.9583333333333334
1,v5_tta,51,False,4,0.09615384615384616,0.10416666666666667
1,v5_tta,52,False,4,0.06779661016949153,0.041666666666666664
1,v5_tta,53,False,4,0.8817204301075269,0.8541666666666666
1,v5_tta,54,False,4,0.6292134831460674,0.5833333333333334
1,v5_tta,55,False,4,0.5777777777777777,0.5416666666666666
1,v5_tta,56,False,4,0.594059405940594,0.625
1,v5_tta,57,False,5,0.8314606741573034,0.8043478260869565
1,v5_tta,58,False,5,0.7126436781609196,0.6458333333333334
1,v5_tta,59,True,8,0.2564102564102564,0.20833333333333334
1,v5_tta,60,True,8,0.7368421052631579,0.7291666666666666
1,v5_tta,61,True,5,0.12844036697247707,0.14583333333333334
1,v5_tta,62,False,5,0.7722772277227723,0.8125
1,v5_tta,63,True,5,0.1553398058252427,0.16666666666666666
1,v5_tta,64,True,8,0.5242718446601942,0.5625
1,v5_tta,65,True,8,0.35,0.2916666666666667
1,v5_tta,66,True,8,0.06779661016949153,0.041666666666666664
1,v5_tta,67,False,5,0.8073394495412844,0.9166666666666666
1,v5_tta,68,False,5,0.8653846153846154,0.9375
1,v5_tta,69,False,5,0.43478260869565216,0.4166666666666667
1,v5_tta,70,True,8,0.1917808219178082,0.14583333333333334
1,v5_tta,71,True,8,0.1927710843373494,0.16666666666666666
1,v5_tta,72,False,6,0.7722772277227723,0.8125
1,v5_tta,73,False,6,0.35,0.2916666666666667
1,v5_tta,74,False,6,0.7543859649122807,0.8958333333333334
1,v5_tta,75,False,6,0.8,0.9166666666666666
1,v5_tta,76,False,6,0.7835051546391752,0.7916666666666666
1,v5_tta,77,False,7,0.7288135593220338,0.8958333333333334
1,v5_tta,78,True,8,0.8932038834951457,0.9583333333333334
1,v5_tta,79,True,7,0.0,0.0
1,v5_tta,80,False,7,0.42990654205607476,0.4791666666666667
1,v5_tta,81,False,7,0.43564356435643564,0.4583333333333333
1,v5_tta,82,False,8,0.7450980392156863,0.7916666666666666
1,v5_tta,83,False,8,0.6902654867256637,0.8125
1,v5_tta,84,False,8,0.5736434108527132,0.7708333333333334
1,v5_tta,85,False,8,0.9263157894736842,0.9166666666666666
1,v5_tta,86,False,8,0.5238095238095238,0.6875
1,v5_tta,87,False,8,0.696969696969697,0.9583333333333334
1,v5_tta,88,False,8,0.509090909090909,0.5833333333333334
1,v5_tta,89,False,8,0.8636363636363636,0.7916666666666666
1,baseline,0,False,0,0.31496062992125984,0.4166666666666667
1,baseline,1,False,0,0.9,0.9375
1,baseline,2,False,0,0.9574468085106383,0.9375
1,baseline,3,False,0,0.9019607843137255,0.9583333333333334
1,baseline,4,True,0,0.7555555555555555,0.7083333333333334
1,baseline,5,False,1,0.9425287356321839,0.9111111111111111
1,baseline,6,False,1,0.7446808510638298,0.7291666666666666
1,baseline,7,True,1,0.05263157894736842,0.041666666666666664
1,baseline,8,False,1,0.9183673469387755,0.9375
1,baseline,9,False,1,0.898876404494382,0.8333333333333334
1,baseline,10,False,1,0.6336633663366337,0.6666666666666666
1,baseline,11,False,1,0.6097560975609756,0.5208333333333334
1,baseline,12,True,1,0.36666666666666664,0.22916666666666666
1,baseline,13,False,1,0.7777777777777778,0.875
1,baseline,14,False,1,0.9130434782608695,0.8936170212765957
1,baseline,15,False,1,0.7868852459016393,1.0
1,baseline,16,False,1,0.8571428571428571,0.875
1,baseline,17,False,1,0.7962962962962963,0.8958333333333334
1,baseline,18,False,1,0.8571428571428571,0.8125
1,baseline,19,False,1,0.7032967032967034,0.6666666666666666
1,baseline,20,False,2,0.7422680412371134,0.75
1,baseline,21,False,2,0.8602150537634409,0.8333333333333334
1,baseline,22,True,8,0.6585365853658537,0.6
1,baseline,23,False,2,0.8431372549019608,0.8958333333333334
1,baseline,24,False,2,0.9183673469387755,0.9375
1,baseline,25,False,2,0.6464646464646465,0.6666666666666666
1,baseline,26,False,2,0.9896907216494846,1.0
1,baseline,27,False,2,0.6371681415929203,0.75
1,baseline,28,False,2,0.9787234042553191,0.9583333333333334
1,baseline,29,False,2,0.8080808080808081,0.8333333333333334
1,baseline,30,False,2,0.41304347826086957,0.3958333333333333
1,baseline,31,False,2,0.9484536082474226,0.9583333333333334
1,baseline,32,False,2,0.8539325842696629,0.7916666666666666
1,baseline,33,False,2,0.7555555555555555,0.7083333333333334
1,baseline,34,False,3,0.5979381443298969,0.6041666666666666
1,baseline,35,False,3,0.9583333333333334,0.9583333333333334
1,baseline,36,False,3,0.9148936170212766,0.8958333333333334
1,baseline,37,False,3,0.7126436781609196,0.6458333333333334
1,baseline,38,True,8,0.0,0.0
1,baseline,39,False,3,0.7676767676767676,0.7916666666666666
1,baseline,40,False,3,0.676923076923077,0.9166666666666666
1,baseline,41,False,3,0.4444444444444444,0.4583333333333333
1,baseline,42,False,3,0.6262626262626263,0.6458333333333334
1,baseline,43,False,4,0.6938775510204082,0.7083333333333334
1,baseline,44,False,4,0.92,0.9583333333333334
1,baseline,45,True,8,0.35443037974683544,0.2916666666666667
1,baseline,46,False,4,0.7608695652173914,0.7291666666666666
1,baseline,47,False,4,0.8631578947368421,0.8541666666666666
1,baseline,48,False,4,0.9690721649484536,0.9791666666666666
1,baseline,49,False,4,0.25263157894736843,0.25
1,baseline,50,False,4,0.9387755102040817,0.9583333333333334
1,baseline,51,False,4,0.25742574257425743,0.2708333333333333
1,baseline,52,False,4,0.2564102564102564,0.20833333333333334
1,baseline,53,False,4,0.9690721649484536,0.9791666666666666
1,baseline,54,False,4,0.7608695652173914,0.7291666666666666
1,baseline,55,False,4,0.7747747747747747,0.8958333333333334
1,baseline,56,False,4,0.75,0.75
1,baseline,57,False,5,0.8764044943820225,0.8478260869565217
1,baseline,58,False,5,0.8,0.875
1,baseline,59,True,8,0.4225352112676056,0.3125
1,baseline,60,True,8,0.7906976744186046,0.7083333333333334
1,baseline,61,True,5,0.06521739130434782,0.0625
1,baseline,62,False,5,0.8775510204081632,0.8958333333333334
1,baseline,63,True,5,0.0975609756097561,0.125
1,baseline,64,True,8,0.6593406593406593,0.625
1,baseline,65,True,8,0.345679012345679,0.2916666666666667
1,baseline,66,True,8,0.034482758620689655,0.020833333333333332
1,baseline,67,False,5,0.8679245283018868,0.9583333333333334
1,baseline,68,False,5,0.96,1.0
1,baseline,69,False,5,0.8073394495412844,0.9166666666666666
1,baseline,70,True,8,0.4444444444444444,0.375
1,baseline,71,True,8,0.24615384615384617,0.16666666666666666
1,baseline,72,False,6,0.8,0.7916666666666666
1,baseline,73,False,6,0.5591397849462365,0.5416666666666666
1,baseline,74,False,6,0.9,0.9375
1,baseline,75,False,6,0.8113207547169812,0.8958333333333334
1,baseline,76,False,6,0.8712871287128713,0.9166666666666666
1,baseline,77,False,7,0.8627450980392157,0.9166666666666666
1,baseline,78,True,8,0.8235294117647058,0.7291666666666666
1,baseline,79,True,7,0.2608695652173913,0.1875
1,baseline,80,False,7,0.5473684210526316,0.5416666666666666
1,baseline,81,False,7,0.6067415730337079,0.5625
1,baseline,82,False,8,0.8076923076923077,0.875
1,baseline,83,False,8,0.9038461538461539,0.9791666666666666
1,baseline,84,False,8,0.7115384615384616,0.7708333333333334
1,baseline,85,False,8,0.9375,0.9375
1,baseline,86,False,8,0.7619047619047619,1.0
1,baseline,87,False,8,0.7894736842105263,0.9375
1,baseline,88,False,8,0.5777777777777777,0.8125
1,baseline,89,False,8,0.9787234042553191,0.9583333333333334
1,tri,0,False,0,0.4339622641509434,0.4791666666666667
1,tri,1,False,0,0.9278350515463918,0.9375
1,tri,2,False,0,0.9574468085106383,0.9375
1,tri,3,False,0,0.9306930693069307,0.9791666666666666
1,tri,4,True,0,0.82,0.8541666666666666
1,tri,5,False,1,0.9662921348314607,0.9555555555555556
1,tri,6,False,1,0.7608695652173914,0.7291666666666666
1,tri,7,True,1,0.075,0.0625
1,tri,8,False,1,0.8910891089108911,0.9375
1,tri,9,False,1,0.9111111111111111,0.8541666666666666
1,tri,10,False,1,0.6730769230769231,0.7291666666666666
1,tri,11,False,1,0.7391304347826086,0.7083333333333334
1,tri,12,True,1,0.2807017543859649,0.16666666666666666
1,tri,13,False,1,0.7884615384615384,0.8541666666666666
1,tri,14,False,1,0.9347826086956522,0.9148936170212766
1,tri,15,False,1,0.8,1.0
1,tri,16,False,1,0.8571428571428571,0.9375
1,tri,17,False,1,0.7592592592592593,0.8541666666666666
1,tri,18,False,1,0.8351648351648352,0.7916666666666666
1,tri,19,False,1,0.7311827956989247,0.7083333333333334
1,tri,20,False,2,0.76,0.7916666666666666
1,tri,21,False,2,0.8478260869565217,0.8125
1,tri,22,True,8,0.717948717948718,0.6222222222222222
1,tri,23,False,2,0.8910891089108911,0.9375
1,tri,24,False,2,0.9292929292929293,0.9583333333333334
1,tri,25,False,2,0.7142857142857143,0.7291666666666666
1,tri,26,False,2,0.9494949494949495,0.9791666666666666
1,tri,27,False,2,0.66,0.6875
1,tri,28,False,2,0.9787234042553191,0.9583333333333334
1,tri,29,False,2,0.8367346938775511,0.8541666666666666
1,tri,30,False,2,0.5217391304347826,0.5
1,tri,31,False,2,0.9387755102040817,0.9583333333333334
1,tri,32,False,2,0.8602150537634409,0.8333333333333334
1,tri,33,False,2,0.8131868131868132,0.7708333333333334
1,tri,34,False,3,0.673469387755102,0.6875
1,tri,35,False,3,0.9690721649484536,0.9791666666666666
1,tri,36,False,3,0.9278350515463918,0.9375
1,tri,37,False,3,0.7578947368421053,0.75
1,tri,38,True,8,0.0,0.0
1,tri,39,False,3,0.7835051546391752,0.7916666666666666
1,tri,40,False,3,0.6821705426356589,0.9166666666666666
1,tri,41,False,3,0.4380952380952381,0.4791666666666667
1,tri,42,False,3,0.7472527472527473,0.7083333333333334
1,tri,43,False,4,0.74,0.7708333333333334
1,tri,44,False,4,0.9494949494949495,0.9791666666666666
1,tri,45,True,8,0.40540540540540543,0.3125
1,tri,46,False,4,0.8089887640449438,0.75
1,tri,47,False,4,0.8958333333333334,0.8958333333333334
1,tri,48,False,4,0.9795918367346939,1.0
1,tri,49,False,4,0.25742574257425743,0.2708333333333333
1,tri,50,False,4,0.9292929292929293,0.9583333333333334
1,tri,51,False,4,0.3146067415730337,0.2916666666666667
1,tri,52,False,4,0.30952380952380953,0.2708333333333333
1,tri,53,False,4,0.9591836734693877,0.9791666666666666
1,tri,54,False,4,0.782608695652174,0.75
1,tri,55,False,4,0.7927927927927928,0.9166666666666666
1,tri,56,False,4,0.8125,0.8125
1,tri,57,False,5,0.8837209302325582,0.8260869565217391
1,tri,58,False,5,0.7407407407407407,0.8333333333333334
1,tri,59,True,8,0.4927536231884058,0.3541666666666667
1,tri,60,True,8,0.7951807228915663,0.6875
1,tri,61,True,5,0.0425531914893617,0.041666666666666664
1,tri,62,False,5,0.8686868686868687,0.8958333333333334
1,tri,63,True,5,0.07874015748031496,0.10416666666666667
1,tri,64,True,8,0.6813186813186813,0.6458333333333334
1,tri,65,True,8,0.2972972972972973,0.22916666666666666
1,tri,66,True,8,0.0625,0.041666666666666664
1,tri,67,False,5,0.9320388349514563,1.0
1,tri,68,False,5,0.9795918367346939,1.0
1,tri,69,False,5,0.8349514563106796,0.8958333333333334
1,tri,70,True,8,0.47368421052631576,0.375
1,tri,71,True,8,0.21212121212121213,0.14583333333333334
1,tri,72,False,6,0.8080808080808081,0.8333333333333334
1,tri,73,False,6,0.6274509803921569,0.6666666666666666
1,tri,74,False,6,0.9583333333333334,0.9583333333333334
1,tri,75,False,6,0.6551724137931034,0.7916666666666666
1,tri,76,False,6,0.88,0.9166666666666666
1,tri,77,False,7,0.8775510204081632,0.8958333333333334
1,tri,78,True,8,0.7857142857142857,0.6875
1,tri,79,True,7,0.1875,0.125
1,tri,80,False,7,0.5591397849462365,0.5416666666666666
1,tri,81,False,7,0.7142857142857143,0.7291666666666666
1,tri,82,False,8,0.7962962962962963,0.8958333333333334
1,tri,83,False,8,0.9494949494949495,0.9791666666666666
1,tri,84,False,8,0.7047619047619048,0.7708333333333334
1,tri,85,False,8,0.9090909090909091,0.9375
1,tri,86,False,8,0.7833333333333333,0.9791666666666666
1,tri,87,False,8,0.8440366972477065,0.9583333333333334
1,tri,88,False,8,0.5797101449275363,0.8333333333333334
1,tri,89,False,8,0.967741935483871,0.9375
1,hsi_snvmean214_own,0,False,0,0.3275862068965517,0.3958333333333333
1,hsi_snvmean214_own,1,False,0,0.7735849056603774,0.8541666666666666
1,hsi_snvmean214_own,2,False,0,0.6956521739130435,0.6666666666666666
1,hsi_snvmean214_own,3,False,0,0.7476635514018691,0.8333333333333334
1,hsi_snvmean214_own,4,True,0,0.4375,0.5833333333333334
1,hsi_snvmean214_own,5,False,1,0.7924528301886793,0.9333333333333333
1,hsi_snvmean214_own,6,False,1,0.43956043956043955,0.4166666666666667
1,hsi_snvmean214_own,7,True,1,0.08695652173913043,0.08333333333333333
1,hsi_snvmean214_own,8,False,1,0.5,0.5208333333333334
1,hsi_snvmean214_own,9,False,1,0.7628865979381443,0.7708333333333334
1,hsi_snvmean214_own,10,False,1,0.3655913978494624,0.3541666666666667
1,hsi_snvmean214_own,11,False,1,0.5416666666666666,0.5416666666666666
1,hsi_snvmean214_own,12,True,1,0.0,0.0
1,hsi_snvmean214_own,13,False,1,0.7636363636363637,0.875
1,hsi_snvmean214_own,14,False,1,0.625,0.6382978723404256
1,hsi_snvmean214_own,15,False,1,0.9387755102040817,0.9583333333333334
1,hsi_snvmean214_own,16,False,1,0.8073394495412844,0.9166666666666666
1,hsi_snvmean214_own,17,False,1,0.5528455284552846,0.7083333333333334
1,hsi_snvmean214_own,18,False,1,0.1935483870967742,0.125
1,hsi_snvmean214_own,19,False,1,0.6170212765957447,0.6041666666666666
1,hsi_snvmean214_own,20,False,2,0.6238532110091743,0.7083333333333334
1,hsi_snvmean214_own,21,False,2,0.6605504587155964,0.75
1,hsi_snvmean214_own,22,True,8,0.4375,0.3111111111111111
1,hsi_snvmean214_own,23,False,2,0.7446808510638298,0.7291666666666666
1,hsi_snvmean214_own,24,False,2,0.7422680412371134,0.75
1,hsi_snvmean214_own,25,False,2,0.6788990825688074,0.7708333333333334
1,hsi_snvmean214_own,26,False,2,0.25,0.25
1,hsi_snvmean214_own,27,False,2,0.35135135135135137,0.2708333333333333
1,hsi_snvmean214_own,28,False,2,0.9583333333333334,0.9583333333333334
1,hsi_snvmean214_own,29,False,2,0.8631578947368421,0.8541666666666666
1,hsi_snvmean214_own,30,False,2,0.35789473684210527,0.3541666666666667
1,hsi_snvmean214_own,31,False,2,0.8461538461538461,0.9166666666666666
1,hsi_snvmean214_own,32,False,2,0.7441860465116279,0.6666666666666666
1,hsi_snvmean214_own,33,False,2,0.49612403100775193,0.6666666666666666
1,hsi_snvmean214_own,34,False,3,0.5660377358490566,0.625
1,hsi_snvmean214_own,35,False,3,0.9375,0.9375
1,hsi_snvmean214_own,36,False,3,0.8333333333333334,0.8333333333333334
1,hsi_snvmean214_own,37,False,3,0.4144144144144144,0.4791666666666667
1,hsi_snvmean214_own,38,True,8,0.0,0.0
1,hsi_snvmean214_own,39,False,3,0.49411764705882355,0.4375
1,hsi_snvmean214_own,40,False,3,0.6122448979591837,0.625
1,hsi_snvmean214_own,41,False,3,0.3269230769230769,0.3541666666666667
1,hsi_snvmean214_own,42,False,3,0.5057471264367817,0.4583333333333333
1,hsi_snvmean214_own,43,False,4,0.2696629213483146,0.25
1,hsi_snvmean214_own,44,False,4,0.6086956521739131,0.5833333333333334
1,hsi_snvmean214_own,45,True,8,0.024390243902439025,0.020833333333333332
1,hsi_snvmean214_own,46,False,4,0.3181818181818182,0.2916666666666667
1,hsi_snvmean214_own,47,False,4,0.7083333333333334,0.7083333333333334
1,hsi_snvmean214_own,48,False,4,0.8865979381443299,0.8958333333333334
1,hsi_snvmean214_own,49,False,4,0.30303030303030304,0.3125
1,hsi_snvmean214_own,50,False,4,0.2711864406779661,0.16666666666666666
1,hsi_snvmean214_own,51,False,4,0.07317073170731707,0.0625
1,hsi_snvmean214_own,52,False,4,0.1282051282051282,0.10416666666666667
1,hsi_snvmean214_own,53,False,4,0.8653846153846154,0.9375
1,hsi_snvmean214_own,54,False,4,0.4948453608247423,0.5
1,hsi_snvmean214_own,55,False,4,0.42857142857142855,0.375
1,hsi_snvmean214_own,56,False,4,0.6153846153846154,0.5833333333333334
1,hsi_snvmean214_own,57,False,5,0.6823529411764706,0.6304347826086957
1,hsi_snvmean214_own,58,False,5,0.6947368421052632,0.6875
1,hsi_snvmean214_own,59,True,8,0.23255813953488372,0.20833333333333334
1,hsi_snvmean214_own,60,True,8,0.5176470588235295,0.4583333333333333
1,hsi_snvmean214_own,61,True,5,0.047619047619047616,0.0625
1,hsi_snvmean214_own,62,False,5,0.3902439024390244,0.3333333333333333
1,hsi_snvmean214_own,63,True,5,0.06201550387596899,0.08333333333333333
1,hsi_snvmean214_own,64,True,8,0.43373493975903615,0.375
1,hsi_snvmean214_own,65,True,8,0.04819277108433735,0.041666666666666664
1,hsi_snvmean214_own,66,True,8,0.0,0.0
1,hsi_snvmean214_own,67,False,5,0.8979591836734694,0.9166666666666666
1,hsi_snvmean214_own,68,False,5,0.8490566037735849,0.9375
1,hsi_snvmean214_own,69,False,5,0.0,0.0
1,hsi_snvmean214_own,70,True,8,0.0759493670886076,0.0625
1,hsi_snvmean214_own,71,True,8,0.26506024096385544,0.22916666666666666
1,hsi_snvmean214_own,72,False,6,0.7878787878787878,0.8125
1,hsi_snvmean214_own,73,False,6,0.43564356435643564,0.4583333333333333
1,hsi_snvmean214_own,74,False,6,0.8108108108108109,0.9375
1,hsi_snvmean214_own,75,False,6,0.23076923076923078,0.25
1,hsi_snvmean214_own,76,False,6,0.75,0.875
1,hsi_snvmean214_own,77,False,7,0.7710843373493976,0.6666666666666666
1,hsi_snvmean214_own,78,True,8,0.6868686868686869,0.7083333333333334
1,hsi_snvmean214_own,79,True,7,0.0,0.0
1,hsi_snvmean214_own,80,False,7,0.5348837209302325,0.4791666666666667
1,hsi_snvmean214_own,81,False,7,0.7764705882352941,0.6875
1,hsi_snvmean214_own,82,False,8,0.6875,0.6875
1,hsi_snvmean214_own,83,False,8,0.7722772277227723,0.8125
1,hsi_snvmean214_own,84,False,8,0.42962962962962964,0.6041666666666666
1,hsi_snvmean214_own,85,False,8,0.7872340425531915,0.7708333333333334
1,hsi_snvmean214_own,86,False,8,0.3669724770642202,0.4166666666666667
1,hsi_snvmean214_own,87,False,8,0.567741935483871,0.9166666666666666
1,hsi_snvmean214_own,88,False,8,0.5111111111111111,0.4791666666666667
1,hsi_snvmean214_own,89,False,8,0.5526315789473685,0.4375
1,role_hsi_snvmean214_own,0,False,0,0.45098039215686275,0.4791666666666667
1,role_hsi_snvmean214_own,1,False,0,0.9375,0.9375
1,role_hsi_snvmean214_own,2,False,0,0.9375,0.9375
1,role_hsi_snvmean214_own,3,False,0,0.8181818181818182,0.9375
1,role_hsi_snvmean214_own,4,True,0,0.6296296296296297,0.7083333333333334
1,role_hsi_snvmean214_own,5,False,1,0.8979591836734694,0.9777777777777777
1,role_hsi_snvmean214_own,6,False,1,0.6896551724137931,0.625
1,role_hsi_snvmean214_own,7,True,1,0.11627906976744186,0.10416666666666667
1,role_hsi_snvmean214_own,8,False,1,0.8256880733944955,0.9375
1,role_hsi_snvmean214_own,9,False,1,0.9032258064516129,0.875
1,role_hsi_snvmean214_own,10,False,1,0.6601941747572816,0.7083333333333334
1,role_hsi_snvmean214_own,11,False,1,0.7474747474747475,0.7708333333333334
1,role_hsi_snvmean214_own,12,True,1,0.0967741935483871,0.0625
1,role_hsi_snvmean214_own,13,False,1,0.8,0.875
1,role_hsi_snvmean214_own,14,False,1,0.9230769230769231,0.8936170212765957
1,role_hsi_snvmean214_own,15,False,1,0.8703703703703703,0.9791666666666666
1,role_hsi_snvmean214_own,16,False,1,0.8301886792452831,0.9166666666666666
1,role_hsi_snvmean214_own,17,False,1,0.7735849056603774,0.8541666666666666
1,role_hsi_snvmean214_own,18,False,1,0.7294117647058823,0.6458333333333334
1,role_hsi_snvmean214_own,19,False,1,0.7608695652173914,0.7291666666666666
1,role_hsi_snvmean214_own,20,False,2,0.8080808080808081,0.8333333333333334
1,role_hsi_snvmean214_own,21,False,2,0.8478260869565217,0.8125
1,role_hsi_snvmean214_own,22,True,8,0.6753246753246753,0.5777777777777777
1,role_hsi_snvmean214_own,23,False,2,0.88,0.9166666666666666
1,role_hsi_snvmean214_own,24,False,2,0.8932038834951457,0.9583333333333334
1,role_hsi_snvmean214_own,25,False,2,0.7476635514018691,0.8333333333333334
1,role_hsi_snvmean214_own,26,False,2,0.6890756302521008,0.8541666666666666
1,role_hsi_snvmean214_own,27,False,2,0.6373626373626373,0.6041666666666666
1,role_hsi_snvmean214_own,28,False,2,0.9583333333333334,0.9583333333333334
1,role_hsi_snvmean214_own,29,False,2,0.8571428571428571,0.875
1,role_hsi_snvmean214_own,30,False,2,0.49411764705882355,0.4375
1,role_hsi_snvmean214_own,31,False,2,0.9038461538461539,0.9791666666666666
1,role_hsi_snvmean214_own,32,False,2,0.8571428571428571,0.8125
1,role_hsi_snvmean214_own,33,False,2,0.6666666666666666,0.75
1,role_hsi_snvmean214_own,34,False,3,0.6444444444444445,0.6041666666666666
1,role_hsi_snvmean214_own,35,False,3,0.9690721649484536,0.9791666666666666
1,role_hsi_snvmean214_own,36,False,3,0.9375,0.9375
1,role_hsi_snvmean214_own,37,False,3,0.7708333333333334,0.7708333333333334
1,role_hsi_snvmean214_own,38,True,8,0.0,0.0
1,role_hsi_snvmean214_own,39,False,3,0.75,0.6875
1,role_hsi_snvmean214_own,40,False,3,0.7086614173228346,0.9375
1,role_hsi_snvmean214_own,41,False,3,0.4117647058823529,0.4375
1,role_hsi_snvmean214_own,42,False,3,0.7608695652173914,0.7291666666666666
1,role_hsi_snvmean214_own,43,False,4,0.7,0.7291666666666666
1,role_hsi_snvmean214_own,44,False,4,0.912621359223301,0.9791666666666666
1,role_hsi_snvmean214_own,45,True,8,0.38961038961038963,0.3125
1,role_hsi_snvmean214_own,46,False,4,0.7865168539325843,0.7291666666666666
1,role_hsi_snvmean214_own,47,False,4,0.9130434782608695,0.875
1,role_hsi_snvmean214_own,48,False,4,0.96,1.0
1,role_hsi_snvmean214_own,49,False,4,0.3076923076923077,0.3333333333333333
1,role_hsi_snvmean214_own,50,False,4,0.6027397260273972,0.4583333333333333
1,role_hsi_snvmean214_own,51,False,4,0.3181818181818182,0.2916666666666667
1,role_hsi_snvmean214_own,52,False,4,0.2891566265060241,0.25
1,role_hsi_snvmean214_own,53,False,4,0.9306930693069307,0.9791666666666666
1,role_hsi_snvmean214_own,54,False,4,0.7741935483870968,0.75
1,role_hsi_snvmean214_own,55,False,4,0.8627450980392157,0.9166666666666666
1,role_hsi_snvmean214_own,56,False,4,0.8210526315789474,0.8125
1,role_hsi_snvmean214_own,57,False,5,0.8837209302325582,0.8260869565217391
1,role_hsi_snvmean214_own,58,False,5,0.7378640776699029,0.7916666666666666
1,role_hsi_snvmean214_own,59,True,8,0.4927536231884058,0.3541666666666667
1,role_hsi_snvmean214_own,60,True,8,0.6835443037974683,0.5625
1,role_hsi_snvmean214_own,61,True,5,0.019230769230769232,0.020833333333333332
1,role_hsi_snvmean214_own,62,False,5,0.8316831683168316,0.875
1,role_hsi_snvmean214_own,63,True,5,0.04918032786885246,0.0625
1,role_hsi_snvmean214_own,64,True,8,0.6352941176470588,0.5625
1,role_hsi_snvmean214_own,65,True,8,0.275,0.22916666666666666
1,role_hsi_snvmean214_own,66,True,8,0.06060606060606061,0.041666666666666664
1,role_hsi_snvmean214_own,67,False,5,0.9795918367346939,1.0
1,role_hsi_snvmean214_own,68,False,5,0.94,0.9791666666666666
1,role_hsi_snvmean214_own,69,False,5,0.6363636363636364,0.5833333333333334
1,role_hsi_snvmean214_own,70,True,8,0.3783783783783784,0.2916666666666667
1,role_hsi_snvmean214_own,71,True,8,0.3188405797101449,0.22916666666666666
1,role_hsi_snvmean214_own,72,False,6,0.82,0.8541666666666666
1,role_hsi_snvmean214_own,73,False,6,0.62,0.6458333333333334
1,role_hsi_snvmean214_own,74,False,6,0.8679245283018868,0.9583333333333334
1,role_hsi_snvmean214_own,75,False,6,0.2982456140350877,0.3541666666666667
1,role_hsi_snvmean214_own,76,False,6,0.8461538461538461,0.9166666666666666
1,role_hsi_snvmean214_own,77,False,7,0.8936170212765957,0.875
1,role_hsi_snvmean214_own,78,True,8,0.7472527472527473,0.7083333333333334
1,role_hsi_snvmean214_own,79,True,7,0.06896551724137931,0.041666666666666664
1,role_hsi_snvmean214_own,80,False,7,0.5909090909090909,0.5416666666666666
1,role_hsi_snvmean214_own,81,False,7,0.8,0.7916666666666666
1,role_hsi_snvmean214_own,82,False,8,0.8037383177570093,0.8958333333333334
1,role_hsi_snvmean214_own,83,False,8,0.94,0.9791666666666666
1,role_hsi_snvmean214_own,84,False,8,0.6346153846153846,0.6875
1,role_hsi_snvmean214_own,85,False,8,0.8775510204081632,0.8958333333333334
1,role_hsi_snvmean214_own,86,False,8,0.7863247863247863,0.9583333333333334
1,role_hsi_snvmean214_own,87,False,8,0.7580645161290323,0.9791666666666666
1,role_hsi_snvmean214_own,88,False,8,0.6065573770491803,0.7708333333333334
1,role_hsi_snvmean214_own,89,False,8,0.8735632183908046,0.7916666666666666
1,hsi_snvmean32,0,False,0,0.19047619047619047,0.20833333333333334
1,hsi_snvmean32,1,False,0,0.6373626373626373,0.6041666666666666
1,hsi_snvmean32,2,False,0,0.5106382978723404,0.5
1,hsi_snvmean32,3,False,0,0.7222222222222222,0.8125
1,hsi_snvmean32,4,True,0,0.3697478991596639,0.4583333333333333
1,hsi_snvmean32,5,False,1,0.5714285714285714,0.7111111111111111
1,hsi_snvmean32,6,False,1,0.2891566265060241,0.25
1,hsi_snvmean32,7,True,1,0.2222222222222222,0.22916666666666666
1,hsi_snvmean32,8,False,1,0.2782608695652174,0.3333333333333333
1,hsi_snvmean32,9,False,1,0.4731182795698925,0.4583333333333333
1,hsi_snvmean32,10,False,1,0.1927710843373494,0.16666666666666666
1,hsi_snvmean32,11,False,1,0.43548387096774194,0.5625
1,hsi_snvmean32,12,True,1,0.06896551724137931,0.041666666666666664
1,hsi_snvmean32,13,False,1,0.48,0.5
1,hsi_snvmean32,14,False,1,0.5178571428571429,0.6170212765957447
1,hsi_snvmean32,15,False,1,0.74,0.7708333333333334
1,hsi_snvmean32,16,False,1,0.7184466019417476,0.7708333333333334
1,hsi_snvmean32,17,False,1,0.3826086956521739,0.4583333333333333
1,hsi_snvmean32,18,False,1,0.5609756097560976,0.4791666666666667
1,hsi_snvmean32,19,False,1,0.1927710843373494,0.16666666666666666
1,hsi_snvmean32,20,False,2,0.3488372093023256,0.3125
1,hsi_snvmean32,21,False,2,0.6095238095238096,0.6666666666666666
1,hsi_snvmean32,22,True,8,0.6292134831460674,0.6222222222222222
1,hsi_snvmean32,23,False,2,0.36363636363636365,0.3333333333333333
1,hsi_snvmean32,24,False,2,0.5714285714285714,0.5833333333333334
1,hsi_snvmean32,25,False,2,0.449438202247191,0.4166666666666667
1,hsi_snvmean32,26,False,2,0.6236559139784946,0.6041666666666666
1,hsi_snvmean32,27,False,2,0.1728395061728395,0.14583333333333334
1,hsi_snvmean32,28,False,2,0.9263157894736842,0.9166666666666666
1,hsi_snvmean32,29,False,2,0.515625,0.6875
1,hsi_snvmean32,30,False,2,0.18947368421052632,0.1875
1,hsi_snvmean32,31,False,2,0.6956521739130435,0.8333333333333334
1,hsi_snvmean32,32,False,2,0.7032967032967034,0.6666666666666666
1,hsi_snvmean32,33,False,2,0.5904761904761905,0.6458333333333334
1,hsi_snvmean32,34,False,3,0.20512820512820512,0.25
1,hsi_snvmean32,35,False,3,0.75,0.8125
1,hsi_snvmean32,36,False,3,0.6336633663366337,0.6666666666666666
1,hsi_snvmean32,37,False,3,0.2826086956521739,0.2708333333333333
1,hsi_snvmean32,38,True,8,0.0,0.0
1,hsi_snvmean32,39,False,3,0.35051546391752575,0.3541666666666667
1,hsi_snvmean32,40,False,3,0.4,0.5208333333333334
1,hsi_snvmean32,41,False,3,0.16,0.16666666666666666
1,hsi_snvmean32,42,False,3,0.2608695652173913,0.25
1,hsi_snvmean32,43,False,4,0.22429906542056074,0.25
1,hsi_snvmean32,44,False,4,0.42857142857142855,0.4375
1,hsi_snvmean32,45,True,8,0.2631578947368421,0.3125
1,hsi_snvmean32,46,False,4,0.34782608695652173,0.3333333333333333
1,hsi_snvmean32,47,False,4,0.5555555555555556,0.625
1,hsi_snvmean32,48,False,4,0.86,0.8958333333333334
1,hsi_snvmean32,49,False,4,0.16279069767441862,0.14583333333333334
1,hsi_snvmean32,50,False,4,0.7532467532467533,0.6041666666666666
1,hsi_snvmean32,51,False,4,0.08333333333333333,0.08333333333333333
1,hsi_snvmean32,52,False,4,0.0547945205479452,0.041666666666666664
1,hsi_snvmean32,53,False,4,0.7454545454545455,0.8541666666666666
1,hsi_snvmean32,54,False,4,0.2894736842105263,0.22916666666666666
1,hsi_snvmean32,55,False,4,0.21978021978021978,0.20833333333333334
1,hsi_snvmean32,56,False,4,0.5106382978723404,0.5
1,hsi_snvmean32,57,False,5,0.3333333333333333,0.32608695652173914
1,hsi_snvmean32,58,False,5,0.3142857142857143,0.22916666666666666
1,hsi_snvmean32,59,True,8,0.24096385542168675,0.20833333333333334
1,hsi_snvmean32,60,True,8,0.46808510638297873,0.4583333333333333
1,hsi_snvmean32,61,True,5,0.0594059405940594,0.0625
1,hsi_snvmean32,62,False,5,0.3170731707317073,0.2708333333333333
1,hsi_snvmean32,63,True,5,0.017699115044247787,0.020833333333333332
1,hsi_snvmean32,64,True,8,0.3925233644859813,0.4375
1,hsi_snvmean32,65,True,8,0.1518987341772152,0.125
1,hsi_snvmean32,66,True,8,0.08695652173913043,0.0625
1,hsi_snvmean32,67,False,5,0.7027027027027027,0.8125
1,hsi_snvmean32,68,False,5,0.7619047619047619,0.8333333333333334
1,hsi_snvmean32,69,False,5,0.1728395061728395,0.14583333333333334
1,hsi_snvmean32,70,True,8,0.04819277108433735,0.041666666666666664
1,hsi_snvmean32,71,True,8,0.09876543209876543,0.08333333333333333
1,hsi_snvmean32,72,False,6,0.5862068965517241,0.7083333333333334
1,hsi_snvmean32,73,False,6,0.11267605633802817,0.08333333333333333
1,hsi_snvmean32,74,False,6,0.6122448979591837,0.625
1,hsi_snvmean32,75,False,6,0.5287356321839081,0.4791666666666667
1,hsi_snvmean32,76,False,6,0.39285714285714285,0.4583333333333333
1,hsi_snvmean32,77,False,7,0.5176470588235295,0.4583333333333333
1,hsi_snvmean32,78,True,8,0.6190476190476191,0.5416666666666666
1,hsi_snvmean32,79,True,7,0.0,0.0
1,hsi_snvmean32,80,False,7,0.14736842105263157,0.14583333333333334
1,hsi_snvmean32,81,False,7,0.38636363636363635,0.3541666666666667
1,hsi_snvmean32,82,False,8,0.6666666666666666,0.625
1,hsi_snvmean32,83,False,8,0.6491228070175439,0.7708333333333334
1,hsi_snvmean32,84,False,8,0.38461538461538464,0.4166666666666667
1,hsi_snvmean32,85,False,8,0.723404255319149,0.7083333333333334
1,hsi_snvmean32,86,False,8,0.30927835051546393,0.3125
1,hsi_snvmean32,87,False,8,0.592,0.7708333333333334
1,hsi_snvmean32,88,False,8,0.3111111111111111,0.2916666666666667
1,hsi_snvmean32,89,False,8,0.4146341463414634,0.3541666666666667
1,role_hsi_snvmean32,0,False,0,0.425531914893617,0.4166666666666667
1,role_hsi_snvmean32,1,False,0,0.8979591836734694,0.9166666666666666
1,role_hsi_snvmean32,2,False,0,0.9375,0.9375
1,role_hsi_snvmean32,3,False,0,0.8653846153846154,0.9375
1,role_hsi_snvmean32,4,True,0,0.6470588235294118,0.6875
1,role_hsi_snvmean32,5,False,1,0.8631578947368421,0.9111111111111111
1,role_hsi_snvmean32,6,False,1,0.6444444444444445,0.6041666666666666
1,role_hsi_snvmean32,7,True,1,0.1411764705882353,0.125
1,role_hsi_snvmean32,8,False,1,0.8411214953271028,0.9375
1,role_hsi_snvmean32,9,False,1,0.8636363636363636,0.7916666666666666
1,role_hsi_snvmean32,10,False,1,0.6037735849056604,0.6666666666666666
1,role_hsi_snvmean32,11,False,1,0.7216494845360825,0.7291666666666666
1,role_hsi_snvmean32,12,True,1,0.32786885245901637,0.20833333333333334
1,role_hsi_snvmean32,13,False,1,0.7428571428571429,0.8125
1,role_hsi_snvmean32,14,False,1,0.9052631578947369,0.9148936170212766
1,role_hsi_snvmean32,15,False,1,0.782608695652174,0.9375
1,role_hsi_snvmean32,16,False,1,0.8653846153846154,0.9375
1,role_hsi_snvmean32,17,False,1,0.7238095238095238,0.7916666666666666
1,role_hsi_snvmean32,18,False,1,0.8043478260869565,0.7708333333333334
1,role_hsi_snvmean32,19,False,1,0.6206896551724138,0.5625
1,role_hsi_snvmean32,20,False,2,0.7472527472527473,0.7083333333333334
1,role_hsi_snvmean32,21,False,2,0.8444444444444444,0.7916666666666666
1,role_hsi_snvmean32,22,True,8,0.7529411764705882,0.7111111111111111
1,role_hsi_snvmean32,23,False,2,0.8979591836734694,0.9166666666666666
1,role_hsi_snvmean32,24,False,2,0.8653846153846154,0.9375
1,role_hsi_snvmean32,25,False,2,0.6666666666666666,0.7083333333333334
1,role_hsi_snvmean32,26,False,2,0.8952380952380953,0.9791666666666666
1,role_hsi_snvmean32,27,False,2,0.6458333333333334,0.6458333333333334
1,role_hsi_snvmean32,28,False,2,0.9473684210526315,0.9375
1,role_hsi_snvmean32,29,False,2,0.7572815533980582,0.8125
1,role_hsi_snvmean32,30,False,2,0.449438202247191,0.4166666666666667
1,role_hsi_snvmean32,31,False,2,0.8865979381443299,0.8958333333333334
1,role_hsi_snvmean32,32,False,2,0.8125,0.8125
1,role_hsi_snvmean32,33,False,2,0.7843137254901961,0.8333333333333334
1,role_hsi_snvmean32,34,False,3,0.5168539325842697,0.4791666666666667
1,role_hsi_snvmean32,35,False,3,0.9263157894736842,0.9166666666666666
1,role_hsi_snvmean32,36,False,3,0.9278350515463918,0.9375
1,role_hsi_snvmean32,37,False,3,0.7368421052631579,0.7291666666666666
1,role_hsi_snvmean32,38,True,8,0.0,0.0
1,role_hsi_snvmean32,39,False,3,0.7422680412371134,0.75
1,role_hsi_snvmean32,40,False,3,0.6614173228346457,0.875
1,role_hsi_snvmean32,41,False,3,0.4,0.4583333333333333
1,role_hsi_snvmean32,42,False,3,0.6956521739130435,0.6666666666666666
1,role_hsi_snvmean32,43,False,4,0.6981132075471698,0.7708333333333334
1,role_hsi_snvmean32,44,False,4,0.9306930693069307,0.9791666666666666
1,role_hsi_snvmean32,45,True,8,0.4675324675324675,0.375
1,role_hsi_snvmean32,46,False,4,0.7865168539325843,0.7291666666666666
1,role_hsi_snvmean32,47,False,4,0.8723404255319149,0.8541666666666666
1,role_hsi_snvmean32,48,False,4,0.9411764705882353,1.0
1,role_hsi_snvmean32,49,False,4,0.26262626262626265,0.2708333333333333
1,role_hsi_snvmean32,50,False,4,0.8695652173913043,0.8333333333333334
1,role_hsi_snvmean32,51,False,4,0.3225806451612903,0.3125
1,role_hsi_snvmean32,52,False,4,0.2857142857142857,0.2708333333333333
1,role_hsi_snvmean32,53,False,4,0.9142857142857143,1.0
1,role_hsi_snvmean32,54,False,4,0.717391304347826,0.6875
1,role_hsi_snvmean32,55,False,4,0.7586206896551724,0.9166666666666666
1,role_hsi_snvmean32,56,False,4,0.8172043010752689,0.7916666666666666
1,role_hsi_snvmean32,57,False,5,0.8045977011494253,0.7608695652173914
1,role_hsi_snvmean32,58,False,5,0.6415094339622641,0.7083333333333334
1,role_hsi_snvmean32,59,True,8,0.47058823529411764,0.3333333333333333
1,role_hsi_snvmean32,60,True,8,0.7341772151898734,0.6041666666666666
1,role_hsi_snvmean32,61,True,5,0.0,0.0
1,role_hsi_snvmean32,62,False,5,0.84,0.875
1,role_hsi_snvmean32,63,True,5,0.047244094488188976,0.0625
1,role_hsi_snvmean32,64,True,8,0.6172839506172839,0.5208333333333334
1,role_hsi_snvmean32,65,True,8,0.35,0.2916666666666667
1,role_hsi_snvmean32,66,True,8,0.06451612903225806,0.041666666666666664
1,role_hsi_snvmean32,67,False,5,0.8468468468468469,0.9791666666666666
1,role_hsi_snvmean32,68,False,5,1.0,1.0
1,role_hsi_snvmean32,69,False,5,0.7747747747747747,0.8958333333333334
1,role_hsi_snvmean32,70,True,8,0.47368421052631576,0.375
1,role_hsi_snvmean32,71,True,8,0.27692307692307694,0.1875
1,role_hsi_snvmean32,72,False,6,0.76,0.7916666666666666
1,role_hsi_snvmean32,73,False,6,0.5825242718446602,0.625
1,role_hsi_snvmean32,74,False,6,0.9166666666666666,0.9166666666666666
1,role_hsi_snvmean32,75,False,6,0.6601941747572816,0.7083333333333334
1,role_hsi_snvmean32,76,False,6,0.8269230769230769,0.8958333333333334
1,role_hsi_snvmean32,77,False,7,0.8602150537634409,0.8333333333333334
1,role_hsi_snvmean32,78,True,8,0.6585365853658537,0.5625
1,role_hsi_snvmean32,79,True,7,0.14925373134328357,0.10416666666666667
1,role_hsi_snvmean32,80,False,7,0.4827586206896552,0.4375
1,role_hsi_snvmean32,81,False,7,0.6086956521739131,0.5833333333333334
1,role_hsi_snvmean32,82,False,8,0.7850467289719626,0.875
1,role_hsi_snvmean32,83,False,8,0.94,0.9791666666666666
1,role_hsi_snvmean32,84,False,8,0.68,0.7083333333333334
1,role_hsi_snvmean32,85,False,8,0.8979591836734694,0.9166666666666666
1,role_hsi_snvmean32,86,False,8,0.7796610169491526,0.9583333333333334
1,role_hsi_snvmean32,87,False,8,0.8411214953271028,0.9375
1,role_hsi_snvmean32,88,False,8,0.6015037593984962,0.8333333333333334
1,role_hsi_snvmean32,89,False,8,0.8695652173913043,0.8333333333333334
1,hsi_mean214_own,0,False,0,0.19607843137254902,0.20833333333333334
1,hsi_mean214_own,1,False,0,0.7956989247311828,0.7708333333333334
1,hsi_mean214_own,2,False,0,0.7368421052631579,0.7291666666666666
1,hsi_mean214_own,3,False,0,0.7407407407407407,0.8333333333333334
1,hsi_mean214_own,4,True,0,0.44,0.4583333333333333
1,hsi_mean214_own,5,False,1,0.75,0.8666666666666667
1,hsi_mean214_own,6,False,1,0.5348837209302325,0.4791666666666667
1,hsi_mean214_own,7,True,1,0.0,0.0
1,hsi_mean214_own,8,False,1,0.8631578947368421,0.8541666666666666
1,hsi_mean214_own,9,False,1,0.7924528301886793,0.875
1,hsi_mean214_own,10,False,1,0.4367816091954023,0.3958333333333333
1,hsi_mean214_own,11,False,1,0.38095238095238093,0.3333333333333333
1,hsi_mean214_own,12,True,1,0.0,0.0
1,hsi_mean214_own,13,False,1,0.7692307692307693,0.9375
1,hsi_mean214_own,14,False,1,0.6415094339622641,0.723404255319149
1,hsi_mean214_own,15,False,1,0.9583333333333334,0.9583333333333334
1,hsi_mean214_own,16,False,1,0.8076923076923077,0.875
1,hsi_mean214_own,17,False,1,0.5932203389830508,0.7291666666666666
1,hsi_mean214_own,18,False,1,0.1016949152542373,0.0625
1,hsi_mean214_own,19,False,1,0.7228915662650602,0.625
1,hsi_mean214_own,20,False,2,0.64,0.6666666666666666
1,hsi_mean214_own,21,False,2,0.7428571428571429,0.8125
1,hsi_mean214_own,22,True,8,0.3389830508474576,0.2222222222222222
1,hsi_mean214_own,23,False,2,0.7021276595744681,0.6875
1,hsi_mean214_own,24,False,2,0.7128712871287128,0.75
1,hsi_mean214_own,25,False,2,0.6972477064220184,0.7916666666666666
1,hsi_mean214_own,26,False,2,0.2545454545454545,0.2916666666666667
1,hsi_mean214_own,27,False,2,0.4883720930232558,0.4375
1,hsi_mean214_own,28,False,2,0.9583333333333334,0.9583333333333334
1,hsi_mean214_own,29,False,2,0.8865979381443299,0.8958333333333334
1,hsi_mean214_own,30,False,2,0.411214953271028,0.4583333333333333
1,hsi_mean214_own,31,False,2,0.9052631578947369,0.8958333333333334
1,hsi_mean214_own,32,False,2,0.813953488372093,0.7291666666666666
1,hsi_mean214_own,33,False,2,0.44274809160305345,0.6041666666666666
1,hsi_mean214_own,34,False,3,0.6601941747572816,0.7083333333333334
1,hsi_mean214_own,35,False,3,0.945054945054945,0.8958333333333334
1,hsi_mean214_own,36,False,3,0.8478260869565217,0.8125
1,hsi_mean214_own,37,False,3,0.4,0.3333333333333333
1,hsi_mean214_own,38,True,8,0.0,0.0
1,hsi_mean214_own,39,False,3,0.6588235294117647,0.5833333333333334
1,hsi_mean214_own,40,False,3,0.6274509803921569,0.6666666666666666
1,hsi_mean214_own,41,False,3,0.3185840707964602,0.375
1,hsi_mean214_own,42,False,3,0.5454545454545454,0.5625
1,hsi_mean214_own,43,False,4,0.3076923076923077,0.2916666666666667
1,hsi_mean214_own,44,False,4,0.6,0.5625
1,hsi_mean214_own,45,True,8,0.0,0.0
1,hsi_mean214_own,46,False,4,0.2716049382716049,0.22916666666666666
1,hsi_mean214_own,47,False,4,0.8210526315789474,0.8125
1,hsi_mean214_own,48,False,4,0.9183673469387755,0.9375
1,hsi_mean214_own,49,False,4,0.2702702702702703,0.3125
1,hsi_mean214_own,50,False,4,0.11320754716981132,0.0625
1,hsi_mean214_own,51,False,4,0.10256410256410256,0.08333333333333333
1,hsi_mean214_own,52,False,4,0.09090909090909091,0.08333333333333333
1,hsi_mean214_own,53,False,4,0.7083333333333334,0.7083333333333334
1,hsi_mean214_own,54,False,4,0.52,0.5416666666666666
1,hsi_mean214_own,55,False,4,0.5617977528089888,0.5208333333333334
1,hsi_mean214_own,56,False,4,0.574468085106383,0.5625
1,hsi_mean214_own,57,False,5,0.7674418604651163,0.717391304347826
1,hsi_mean214_own,58,False,5,0.7096774193548387,0.6875
1,hsi_mean214_own,59,True,8,0.056338028169014086,0.041666666666666664
1,hsi_mean214_own,60,True,8,0.5208333333333334,0.5208333333333334
1,hsi_mean214_own,61,True,5,0.10606060606060606,0.14583333333333334
1,hsi_mean214_own,62,False,5,0.4691358024691358,0.3958333333333333
1,hsi_mean214_own,63,True,5,0.04918032786885246,0.0625
1,hsi_mean214_own,64,True,8,0.37037037037037035,0.3125
1,hsi_mean214_own,65,True,8,0.0898876404494382,0.08333333333333333
1,hsi_mean214_own,66,True,8,0.0,0.0
1,hsi_mean214_own,67,False,5,0.9484536082474226,0.9583333333333334
1,hsi_mean214_own,68,False,5,0.8108108108108109,0.9375
1,hsi_mean214_own,69,False,5,0.0,0.0
1,hsi_mean214_own,70,True,8,0.025974025974025976,0.020833333333333332
1,hsi_mean214_own,71,True,8,0.3291139240506329,0.2708333333333333
1,hsi_mean214_own,72,False,6,0.75,0.75
1,hsi_mean214_own,73,False,6,0.4166666666666667,0.4166666666666667
1,hsi_mean214_own,74,False,6,0.9583333333333334,0.9583333333333334
1,hsi_mean214_own,75,False,6,0.014925373134328358,0.020833333333333332
1,hsi_mean214_own,76,False,6,0.6607142857142857,0.7708333333333334
1,hsi_mean214_own,77,False,7,0.7441860465116279,0.6666666666666666
1,hsi_mean214_own,78,True,8,0.5233644859813084,0.5833333333333334
1,hsi_mean214_own,79,True,7,0.0,0.0
1,hsi_mean214_own,80,False,7,0.627906976744186,0.5625
1,hsi_mean214_own,81,False,7,0.6666666666666666,0.6041666666666666
1,hsi_mean214_own,82,False,8,0.6666666666666666,0.6458333333333334
1,hsi_mean214_own,83,False,8,0.7272727272727273,0.8333333333333334
1,hsi_mean214_own,84,False,8,0.43795620437956206,0.625
1,hsi_mean214_own,85,False,8,0.8631578947368421,0.8541666666666666
1,hsi_mean214_own,86,False,8,0.390625,0.5208333333333334
1,hsi_mean214_own,87,False,8,0.5,0.8958333333333334
1,hsi_mean214_own,88,False,8,0.509090909090909,0.5833333333333334
1,hsi_mean214_own,89,False,8,0.5894736842105263,0.5833333333333334
1,role_hsi_mean214_own,0,False,0,0.4175824175824176,0.3958333333333333
1,role_hsi_mean214_own,1,False,0,0.9183673469387755,0.9375
1,role_hsi_mean214_own,2,False,0,0.9473684210526315,0.9375
1,role_hsi_mean214_own,3,False,0,0.8214285714285714,0.9583333333333334
1,role_hsi_mean214_own,4,True,0,0.6666666666666666,0.6458333333333334
1,role_hsi_mean214_own,5,False,1,0.8686868686868687,0.9555555555555556
1,role_hsi_mean214_own,6,False,1,0.7272727272727273,0.6666666666666666
1,role_hsi_mean214_own,7,True,1,0.05333333333333334,0.041666666666666664
1,role_hsi_mean214_own,8,False,1,0.9278350515463918,0.9375
1,role_hsi_mean214_own,9,False,1,0.9230769230769231,0.875
1,role_hsi_mean214_own,10,False,1,0.72,0.75
1,role_hsi_mean214_own,11,False,1,0.6666666666666666,0.625
1,role_hsi_mean214_own,12,True,1,0.12658227848101267,0.10416666666666667
1,role_hsi_mean214_own,13,False,1,0.8411214953271028,0.9375
1,role_hsi_mean214_own,14,False,1,0.9130434782608695,0.8936170212765957
1,role_hsi_mean214_own,15,False,1,0.8785046728971962,0.9791666666666666
1,role_hsi_mean214_own,16,False,1,0.8823529411764706,0.9375
1,role_hsi_mean214_own,17,False,1,0.8,0.875
1,role_hsi_mean214_own,18,False,1,0.7380952380952381,0.6458333333333334
1,role_hsi_mean214_own,19,False,1,0.8314606741573034,0.7708333333333334
1,role_hsi_mean214_own,20,False,2,0.8,0.7916666666666666
1,role_hsi_mean214_own,21,False,2,0.8602150537634409,0.8333333333333334
1,role_hsi_mean214_own,22,True,8,0.6486486486486487,0.5333333333333333
1,role_hsi_mean214_own,23,False,2,0.9090909090909091,0.9375
1,role_hsi_mean214_own,24,False,2,0.9,0.9375
1,role_hsi_mean214_own,25,False,2,0.7592592592592593,0.8541666666666666
1,role_hsi_mean214_own,26,False,2,0.6060606060606061,0.8333333333333334
1,role_hsi_mean214_own,27,False,2,0.6956521739130435,0.6666666666666666
1,role_hsi_mean214_own,28,False,2,0.968421052631579,0.9583333333333334
1,role_hsi_mean214_own,29,False,2,0.8775510204081632,0.8958333333333334
1,role_hsi_mean214_own,30,False,2,0.4731182795698925,0.4583333333333333
1,role_hsi_mean214_own,31,False,2,0.9292929292929293,0.9583333333333334
1,role_hsi_mean214_own,32,False,2,0.8913043478260869,0.8541666666666666
1,role_hsi_mean214_own,33,False,2,0.5619834710743802,0.7083333333333334
1,role_hsi_mean214_own,34,False,3,0.7142857142857143,0.7291666666666666
1,role_hsi_mean214_own,35,False,3,0.9791666666666666,0.9791666666666666
1,role_hsi_mean214_own,36,False,3,0.9583333333333334,0.9583333333333334
1,role_hsi_mean214_own,37,False,3,0.7526881720430108,0.7291666666666666
1,role_hsi_mean214_own,38,True,8,0.0,0.0
1,role_hsi_mean214_own,39,False,3,0.7692307692307693,0.7291666666666666
1,role_hsi_mean214_own,40,False,3,0.6935483870967742,0.8958333333333334
1,role_hsi_mean214_own,41,False,3,0.4528301886792453,0.5
1,role_hsi_mean214_own,42,False,3,0.717391304347826,0.6875
1,role_hsi_mean214_own,43,False,4,0.6538461538461539,0.7083333333333334
1,role_hsi_mean214_own,44,False,4,0.94,0.9791666666666666
1,role_hsi_mean214_own,45,True,8,0.37333333333333335,0.2916666666666667
1,role_hsi_mean214_own,46,False,4,0.7954545454545454,0.7291666666666666
1,role_hsi_mean214_own,47,False,4,0.9148936170212766,0.8958333333333334
1,role_hsi_mean214_own,48,False,4,0.9795918367346939,1.0
1,role_hsi_mean214_own,49,False,4,0.2830188679245283,0.3125
1,role_hsi_mean214_own,50,False,4,0.32786885245901637,0.20833333333333334
1,role_hsi_mean214_own,51,False,4,0.3181818181818182,0.2916666666666667
1,role_hsi_mean214_own,52,False,4,0.3023255813953488,0.2708333333333333
1,role_hsi_mean214_own,53,False,4,0.9,0.9375
1,role_hsi_mean214_own,54,False,4,0.7446808510638298,0.7291666666666666
1,role_hsi_mean214_own,55,False,4,0.875,0.875
1,role_hsi_mean214_own,56,False,4,0.7755102040816326,0.7916666666666666
1,role_hsi_mean214_own,57,False,5,0.9438202247191011,0.9130434782608695
1,role_hsi_mean214_own,58,False,5,0.7047619047619048,0.7708333333333334
1,role_hsi_mean214_own,59,True,8,0.3492063492063492,0.22916666666666666
1,role_hsi_mean214_own,60,True,8,0.6835443037974683,0.5625
1,role_hsi_mean214_own,61,True,5,0.01834862385321101,0.020833333333333332
1,role_hsi_mean214_own,62,False,5,0.8333333333333334,0.8333333333333334
1,role_hsi_mean214_own,63,True,5,0.05128205128205128,0.0625
1,role_hsi_mean214_own,64,True,8,0.6046511627906976,0.5416666666666666
1,role_hsi_mean214_own,65,True,8,0.25,0.20833333333333334
1,role_hsi_mean214_own,66,True,8,0.029850746268656716,0.020833333333333332
1,role_hsi_mean214_own,67,False,5,0.9696969696969697,1.0
1,role_hsi_mean214_own,68,False,5,0.9320388349514563,1.0
1,role_hsi_mean214_own,69,False,5,0.40540540540540543,0.3125
1,role_hsi_mean214_own,70,True,8,0.37333333333333335,0.2916666666666667
1,role_hsi_mean214_own,71,True,8,0.3188405797101449,0.22916666666666666
1,role_hsi_mean214_own,72,False,6,0.8172043010752689,0.7916666666666666
1,role_hsi_mean214_own,73,False,6,0.6226415094339622,0.6875
1,role_hsi_mean214_own,74,False,6,0.968421052631579,0.9583333333333334
1,role_hsi_mean214_own,75,False,6,0.0916030534351145,0.125
1,role_hsi_mean214_own,76,False,6,0.8301886792452831,0.9166666666666666
1,role_hsi_mean214_own,77,False,7,0.9072164948453608,0.9166666666666666
1,role_hsi_mean214_own,78,True,8,0.6741573033707865,0.625
1,role_hsi_mean214_own,79,True,7,0.0,0.0
1,role_hsi_mean214_own,80,False,7,0.6292134831460674,0.5833333333333334
1,role_hsi_mean214_own,81,False,7,0.7391304347826086,0.7083333333333334
1,role_hsi_mean214_own,82,False,8,0.7924528301886793,0.875
1,role_hsi_mean214_own,83,False,8,0.8785046728971962,0.9791666666666666
1,role_hsi_mean214_own,84,False,8,0.6194690265486725,0.7291666666666666
1,role_hsi_mean214_own,85,False,8,0.9072164948453608,0.9166666666666666
1,role_hsi_mean214_own,86,False,8,0.7666666666666667,0.9583333333333334
1,role_hsi_mean214_own,87,False,8,0.6865671641791045,0.9583333333333334
1,role_hsi_mean214_own,88,False,8,0.5606060606060606,0.7708333333333334
1,role_hsi_mean214_own,89,False,8,0.8210526315789474,0.8125
1,hsi_q214_own,0,False,0,0.5641025641025641,0.6875
1,hsi_q214_own,1,False,0,0.9230769230769231,1.0
1,hsi_q214_own,2,False,0,0.9230769230769231,0.875
1,hsi_q214_own,3,False,0,0.6764705882352942,0.9583333333333334
1,hsi_q214_own,4,True,0,0.0,0.0
1,hsi_q214_own,5,False,1,0.945054945054945,0.9555555555555556
1,hsi_q214_own,6,False,1,0.8048780487804879,0.6875
1,hsi_q214_own,7,True,1,0.0,0.0
1,hsi_q214_own,8,False,1,0.9,0.9375
1,hsi_q214_own,9,False,1,0.8686868686868687,0.8958333333333334
1,hsi_q214_own,10,False,1,0.5742574257425742,0.6041666666666666
1,hsi_q214_own,11,False,1,0.4,0.2916666666666667
1,hsi_q214_own,12,True,1,0.0,0.0
1,hsi_q214_own,13,False,1,0.6865671641791045,0.9583333333333334
1,hsi_q214_own,14,False,1,0.8604651162790697,0.7872340425531915
1,hsi_q214_own,15,False,1,1.0,1.0
1,hsi_q214_own,16,False,1,0.9108910891089109,0.9583333333333334
1,hsi_q214_own,17,False,1,0.7317073170731707,0.9375
1,hsi_q214_own,18,False,1,0.0,0.0
1,hsi_q214_own,19,False,1,0.8571428571428571,0.8125
1,hsi_q214_own,20,False,2,0.8627450980392157,0.9166666666666666
1,hsi_q214_own,21,False,2,0.8155339805825242,0.875
1,hsi_q214_own,22,True,8,0.0,0.0
1,hsi_q214_own,23,False,2,0.7878787878787878,0.8125
1,hsi_q214_own,24,False,2,0.7450980392156863,0.7916666666666666
1,hsi_q214_own,25,False,2,0.8113207547169812,0.8958333333333334
1,hsi_q214_own,26,False,2,0.10869565217391304,0.10416666666666667
1,hsi_q214_own,27,False,2,0.7916666666666666,0.7916666666666666
1,hsi_q214_own,28,False,2,0.9787234042553191,0.9583333333333334
1,hsi_q214_own,29,False,2,0.8910891089108911,0.9375
1,hsi_q214_own,30,False,2,0.5869565217391305,0.5625
1,hsi_q214_own,31,False,2,0.9791666666666666,0.9791666666666666
1,hsi_q214_own,32,False,2,0.896551724137931,0.8125
1,hsi_q214_own,33,False,2,0.4827586206896552,0.7291666666666666
1,hsi_q214_own,34,False,3,0.7047619047619048,0.7708333333333334
1,hsi_q214_own,35,False,3,0.896551724137931,0.8125
1,hsi_q214_own,36,False,3,0.9791666666666666,0.9791666666666666
1,hsi_q214_own,37,False,3,0.42857142857142855,0.4375
1,hsi_q214_own,38,True,8,0.0,0.0
1,hsi_q214_own,39,False,3,0.7777777777777778,0.7291666666666666
1,hsi_q214_own,40,False,3,0.8282828282828283,0.8541666666666666
1,hsi_q214_own,41,False,3,0.45714285714285713,0.6666666666666666
1,hsi_q214_own,42,False,3,0.8041237113402062,0.8125
1,hsi_q214_own,43,False,4,0.03389830508474576,0.020833333333333332
1,hsi_q214_own,44,False,4,0.6136363636363636,0.5625
1,hsi_q214_own,45,True,8,0.0,0.0
1,hsi_q214_own,46,False,4,0.39080459770114945,0.3541666666666667
1,hsi_q214_own,47,False,4,0.8723404255319149,0.8541666666666666
1,hsi_q214_own,48,False,4,0.968421052631579,0.9583333333333334
1,hsi_q214_own,49,False,4,0.35772357723577236,0.4583333333333333
1,hsi_q214_own,50,False,4,0.0,0.0
1,hsi_q214_own,51,False,4,0.2926829268292683,0.25
1,hsi_q214_own,52,False,4,0.12658227848101267,0.10416666666666667
1,hsi_q214_own,53,False,4,0.5714285714285714,0.4583333333333333
1,hsi_q214_own,54,False,4,0.6881720430107527,0.6666666666666666
1,hsi_q214_own,55,False,4,0.78,0.8125
1,hsi_q214_own,56,False,4,0.7446808510638298,0.7291666666666666
1,hsi_q214_own,57,False,5,0.8409090909090909,0.8043478260869565
1,hsi_q214_own,58,False,5,0.72,0.75
1,hsi_q214_own,59,True,8,0.0,0.0
1,hsi_q214_own,60,True,8,0.03125,0.020833333333333332
1,hsi_q214_own,61,True,5,0.0,0.0
1,hsi_q214_own,62,False,5,0.6495726495726496,0.7916666666666666
1,hsi_q214_own,63,True,5,0.0,0.0
1,hsi_q214_own,64,True,8,0.0,0.0
1,hsi_q214_own,65,True,8,0.0,0.0
1,hsi_q214_own,66,True,8,0.0,0.0
1,hsi_q214_own,67,False,5,0.9787234042553191,0.9583333333333334
1,hsi_q214_own,68,False,5,0.912621359223301,0.9791666666666666
1,hsi_q214_own,69,False,5,0.0,0.0
1,hsi_q214_own,70,True,8,0.0,0.0
1,hsi_q214_own,71,True,8,0.0,0.0
1,hsi_q214_own,72,False,6,0.9148936170212766,0.8958333333333334
1,hsi_q214_own,73,False,6,0.6181818181818182,0.7083333333333334
1,hsi_q214_own,74,False,6,0.9787234042553191,0.9583333333333334
1,hsi_q214_own,75,False,6,0.0,0.0
1,hsi_q214_own,76,False,6,0.8288288288288288,0.9583333333333334
1,hsi_q214_own,77,False,7,0.7027027027027027,0.5416666666666666
1,hsi_q214_own,78,True,8,0.8421052631578947,1.0
1,hsi_q214_own,79,True,7,0.0,0.0
1,hsi_q214_own,80,False,7,0.5789473684210527,0.4583333333333333
1,hsi_q214_own,81,False,7,0.8314606741573034,0.7708333333333334
1,hsi_q214_own,82,False,8,0.7032967032967034,0.6666666666666666
1,hsi_q214_own,83,False,8,0.7192982456140351,0.8541666666666666
1,hsi_q214_own,84,False,8,0.4927536231884058,0.7083333333333334
1,hsi_q214_own,85,False,8,0.9484536082474226,0.9583333333333334
1,hsi_q214_own,86,False,8,0.5289256198347108,0.6666666666666666
1,hsi_q214_own,87,False,8,0.42790697674418604,0.9583333333333334
1,hsi_q214_own,88,False,8,0.5882352941176471,0.8333333333333334
1,hsi_q214_own,89,False,8,0.7654320987654321,0.6458333333333334
1,role_hsi_q214_own,0,False,0,0.6788990825688074,0.7708333333333334
1,role_hsi_q214_own,1,False,0,0.92,0.9583333333333334
1,role_hsi_q214_own,2,False,0,0.9583333333333334,0.9583333333333334
1,role_hsi_q214_own,3,False,0,0.736,0.9583333333333334
1,role_hsi_q214_own,4,True,0,0.40625,0.2708333333333333
1,role_hsi_q214_own,5,False,1,0.9887640449438202,0.9777777777777777
1,role_hsi_q214_own,6,False,1,0.8089887640449438,0.75
1,role_hsi_q214_own,7,True,1,0.04819277108433735,0.041666666666666664
1,role_hsi_q214_own,8,False,1,0.9591836734693877,0.9791666666666666
1,role_hsi_q214_own,9,False,1,0.9148936170212766,0.8958333333333334
1,role_hsi_q214_own,10,False,1,0.7272727272727273,0.8333333333333334
1,role_hsi_q214_own,11,False,1,0.7674418604651163,0.6875
1,role_hsi_q214_own,12,True,1,0.2222222222222222,0.125
1,role_hsi_q214_own,13,False,1,0.7478260869565218,0.8958333333333334
1,role_hsi_q214_own,14,False,1,0.946236559139785,0.9361702127659575
1,role_hsi_q214_own,15,False,1,0.897196261682243,1.0
1,role_hsi_q214_own,16,False,1,0.8761904761904762,0.9583333333333334
1,role_hsi_q214_own,17,False,1,0.8514851485148515,0.8958333333333334
1,role_hsi_q214_own,18,False,1,0.5569620253164557,0.4583333333333333
1,role_hsi_q214_own,19,False,1,0.8172043010752689,0.7916666666666666
1,role_hsi_q214_own,20,False,2,0.8979591836734694,0.9166666666666666
1,role_hsi_q214_own,21,False,2,0.9052631578947369,0.8958333333333334
1,role_hsi_q214_own,22,True,8,0.6,0.4666666666666667
1,role_hsi_q214_own,23,False,2,0.9183673469387755,0.9375
1,role_hsi_q214_own,24,False,2,0.9292929292929293,0.9583333333333334
1,role_hsi_q214_own,25,False,2,0.7777777777777778,0.875
1,role_hsi_q214_own,26,False,2,0.6166666666666667,0.7708333333333334
1,role_hsi_q214_own,27,False,2,0.8,0.7916666666666666
1,role_hsi_q214_own,28,False,2,0.9787234042553191,0.9583333333333334
1,role_hsi_q214_own,29,False,2,0.8431372549019608,0.8958333333333334
1,role_hsi_q214_own,30,False,2,0.6304347826086957,0.6041666666666666
1,role_hsi_q214_own,31,False,2,0.9791666666666666,0.9791666666666666
1,role_hsi_q214_own,32,False,2,0.8666666666666667,0.8125
1,role_hsi_q214_own,33,False,2,0.5669291338582677,0.75
1,role_hsi_q214_own,34,False,3,0.7789473684210526,0.7708333333333334
1,role_hsi_q214_own,35,False,3,0.9787234042553191,0.9583333333333334
1,role_hsi_q214_own,36,False,3,0.9583333333333334,0.9583333333333334
1,role_hsi_q214_own,37,False,3,0.782608695652174,0.75
1,role_hsi_q214_own,38,True,8,0.0,0.0
1,role_hsi_q214_own,39,False,3,0.8936170212765957,0.875
1,role_hsi_q214_own,40,False,3,0.7076923076923077,0.9583333333333334
1,role_hsi_q214_own,41,False,3,0.43636363636363634,0.5
1,role_hsi_q214_own,42,False,3,0.7472527472527473,0.7083333333333334
1,role_hsi_q214_own,43,False,4,0.6739130434782609,0.6458333333333334
1,role_hsi_q214_own,44,False,4,0.9494949494949495,0.9791666666666666
1,role_hsi_q214_own,45,True,8,0.32,0.25
1,role_hsi_q214_own,46,False,4,0.8089887640449438,0.75
1,role_hsi_q214_own,47,False,4,0.9361702127659575,0.9166666666666666
1,role_hsi_q214_own,48,False,4,0.9795918367346939,1.0
1,role_hsi_q214_own,49,False,4,0.2857142857142857,0.3125
1,role_hsi_q214_own,50,False,4,0.42105263157894735,0.3333333333333333
1,role_hsi_q214_own,51,False,4,0.3291139240506329,0.2708333333333333
1,role_hsi_q214_own,52,False,4,0.379746835443038,0.3125
1,role_hsi_q214_own,53,False,4,0.8817204301075269,0.8541666666666666
1,role_hsi_q214_own,54,False,4,0.8210526315789474,0.8125
1,role_hsi_q214_own,55,False,4,0.8823529411764706,0.9375
1,role_hsi_q214_own,56,False,4,0.8541666666666666,0.8541666666666666
1,role_hsi_q214_own,57,False,5,0.9425287356321839,0.8913043478260869
1,role_hsi_q214_own,58,False,5,0.7663551401869159,0.8541666666666666
1,role_hsi_q214_own,59,True,8,0.36065573770491804,0.22916666666666666
1,role_hsi_q214_own,60,True,8,0.3548387096774194,0.22916666666666666
1,role_hsi_q214_own,61,True,5,0.0,0.0
1,role_hsi_q214_own,62,False,5,0.8,0.9166666666666666
1,role_hsi_q214_own,63,True,5,0.048,0.0625
1,role_hsi_q214_own,64,True,8,0.47058823529411764,0.3333333333333333
1,role_hsi_q214_own,65,True,8,0.208955223880597,0.14583333333333334
1,role_hsi_q214_own,66,True,8,0.0,0.0
1,role_hsi_q214_own,67,False,5,0.9791666666666666,0.9791666666666666
1,role_hsi_q214_own,68,False,5,0.9411764705882353,1.0
1,role_hsi_q214_own,69,False,5,0.4657534246575342,0.3541666666666667
1,role_hsi_q214_own,70,True,8,0.2727272727272727,0.1875
1,role_hsi_q214_own,71,True,8,0.037037037037037035,0.020833333333333332
1,role_hsi_q214_own,72,False,6,0.8282828282828283,0.8541666666666666
1,role_hsi_q214_own,73,False,6,0.6422018348623854,0.7291666666666666
1,role_hsi_q214_own,74,False,6,0.9791666666666666,0.9791666666666666
1,role_hsi_q214_own,75,False,6,0.0821917808219178,0.125
1,role_hsi_q214_own,76,False,6,0.8785046728971962,0.9791666666666666
1,role_hsi_q214_own,77,False,7,0.8478260869565217,0.8125
1,role_hsi_q214_own,78,True,8,0.9494949494949495,0.9791666666666666
1,role_hsi_q214_own,79,True,7,0.0,0.0
1,role_hsi_q214_own,80,False,7,0.611764705882353,0.5416666666666666
1,role_hsi_q214_own,81,False,7,0.7956989247311828,0.7708333333333334
1,role_hsi_q214_own,82,False,8,0.86,0.8958333333333334
1,role_hsi_q214_own,83,False,8,0.8888888888888888,1.0
1,role_hsi_q214_own,84,False,8,0.6666666666666666,0.7916666666666666
1,role_hsi_q214_own,85,False,8,0.9484536082474226,0.9583333333333334
1,role_hsi_q214_own,86,False,8,0.8108108108108109,0.9375
1,role_hsi_q214_own,87,False,8,0.562874251497006,0.9791666666666666
1,role_hsi_q214_own,88,False,8,0.6029411764705882,0.8541666666666666
1,role_hsi_q214_own,89,False,8,0.9361702127659575,0.9166666666666666
1,hsi_q32,0,False,0,0.23529411764705882,0.2916666666666667
1,hsi_q32,1,False,0,0.88,0.9166666666666666
1,hsi_q32,2,False,0,0.8222222222222222,0.7708333333333334
1,hsi_q32,3,False,0,0.7522935779816514,0.8541666666666666
1,hsi_q32,4,True,0,0.21333333333333335,0.16666666666666666
1,hsi_q32,5,False,1,0.9777777777777777,0.9777777777777777
1,hsi_q32,6,False,1,0.6590909090909091,0.6041666666666666
1,hsi_q32,7,True,1,0.0,0.0
1,hsi_q32,8,False,1,0.8514851485148515,0.8958333333333334
1,hsi_q32,9,False,1,0.7450980392156863,0.7916666666666666
1,hsi_q32,10,False,1,0.25287356321839083,0.22916666666666666
1,hsi_q32,11,False,1,0.3902439024390244,0.3333333333333333
1,hsi_q32,12,True,1,0.0,0.0
1,hsi_q32,13,False,1,0.7454545454545455,0.8541666666666666
1,hsi_q32,14,False,1,0.7865168539325843,0.7446808510638298
1,hsi_q32,15,False,1,0.7272727272727273,0.9166666666666666
1,hsi_q32,16,False,1,0.8163265306122449,0.8333333333333334
1,hsi_q32,17,False,1,0.5891472868217055,0.7916666666666666
1,hsi_q32,18,False,1,0.7105263157894737,0.5625
1,hsi_q32,19,False,1,0.5473684210526316,0.5416666666666666
1,hsi_q32,20,False,2,0.6804123711340206,0.6875
1,hsi_q32,21,False,2,0.7,0.875
1,hsi_q32,22,True,8,0.11764705882352941,0.06666666666666667
1,hsi_q32,23,False,2,0.5742574257425742,0.6041666666666666
1,hsi_q32,24,False,2,0.7722772277227723,0.8125
1,hsi_q32,25,False,2,0.5046728971962616,0.5625
1,hsi_q32,26,False,2,0.8571428571428571,0.875
1,hsi_q32,27,False,2,0.46601941747572817,0.5
1,hsi_q32,28,False,2,0.9375,0.9375
1,hsi_q32,29,False,2,0.7766990291262136,0.8333333333333334
1,hsi_q32,30,False,2,0.4742268041237113,0.4791666666666667
1,hsi_q32,31,False,2,0.9583333333333334,0.9583333333333334
1,hsi_q32,32,False,2,0.631578947368421,0.5
1,hsi_q32,33,False,2,0.6105263157894737,0.6041666666666666
1,hsi_q32,34,False,3,0.6111111111111112,0.6875
1,hsi_q32,35,False,3,0.967741935483871,0.9375
1,hsi_q32,36,False,3,0.8979591836734694,0.9166666666666666
1,hsi_q32,37,False,3,0.3157894736842105,0.25
1,hsi_q32,38,True,8,0.0,0.0
1,hsi_q32,39,False,3,0.6153846153846154,0.5833333333333334
1,hsi_q32,40,False,3,0.6915887850467289,0.7708333333333334
1,hsi_q32,41,False,3,0.3448275862068966,0.4166666666666667
1,hsi_q32,42,False,3,0.5384615384615384,0.5833333333333334
1,hsi_q32,43,False,4,0.0625,0.041666666666666664
1,hsi_q32,44,False,4,0.5869565217391305,0.5625
1,hsi_q32,45,True,8,0.0,0.0
1,hsi_q32,46,False,4,0.345679012345679,0.2916666666666667
1,hsi_q32,47,False,4,0.8085106382978723,0.7916666666666666
1,hsi_q32,48,False,4,0.88,0.9166666666666666
1,hsi_q32,49,False,4,0.16071428571428573,0.1875
1,hsi_q32,50,False,4,0.9787234042553191,0.9583333333333334
1,hsi_q32,51,False,4,0.21505376344086022,0.20833333333333334
1,hsi_q32,52,False,4,0.13636363636363635,0.125
1,hsi_q32,53,False,4,0.9142857142857143,1.0
1,hsi_q32,54,False,4,0.6595744680851063,0.6458333333333334
1,hsi_q32,55,False,4,0.6947368421052632,0.6875
1,hsi_q32,56,False,4,0.6138613861386139,0.6458333333333334
1,hsi_q32,57,False,5,0.7954545454545454,0.7608695652173914
1,hsi_q32,58,False,5,0.7021276595744681,0.6875
1,hsi_q32,59,True,8,0.03278688524590164,0.020833333333333332
1,hsi_q32,60,True,8,0.35294117647058826,0.25
1,hsi_q32,61,True,5,0.0821917808219178,0.125
1,hsi_q32,62,False,5,0.6545454545454545,0.75
1,hsi_q32,63,True,5,0.072992700729927,0.10416666666666667
1,hsi_q32,64,True,8,0.09523809523809523,0.0625
1,hsi_q32,65,True,8,0.03333333333333333,0.020833333333333332
1,hsi_q32,66,True,8,0.030303030303030304,0.020833333333333332
1,hsi_q32,67,False,5,0.9361702127659575,0.9166666666666666
1,hsi_q32,68,False,5,0.8363636363636363,0.9583333333333334
1,hsi_q32,69,False,5,0.3,0.25
1,hsi_q32,70,True,8,0.0,0.0
1,hsi_q32,71,True,8,0.031746031746031744,0.020833333333333332
1,hsi_q32,72,False,6,0.8260869565217391,0.7916666666666666
1,hsi_q32,73,False,6,0.42718446601941745,0.4583333333333333
1,hsi_q32,74,False,6,0.7962962962962963,0.8958333333333334
1,hsi_q32,75,False,6,0.6106870229007634,0.8333333333333334
1,hsi_q32,76,False,6,0.7787610619469026,0.9166666666666666
1,hsi_q32,77,False,7,0.8314606741573034,0.7708333333333334
1,hsi_q32,78,True,8,0.845360824742268,0.8541666666666666
1,hsi_q32,79,True,7,0.0,0.0
1,hsi_q32,80,False,7,0.5227272727272727,0.4791666666666667
1,hsi_q32,81,False,7,0.5142857142857142,0.375
1,hsi_q32,82,False,8,0.7045454545454546,0.6458333333333334
1,hsi_q32,83,False,8,0.7058823529411765,0.875
1,hsi_q32,84,False,8,0.47619047619047616,0.625
1,hsi_q32,85,False,8,0.9166666666666666,0.9166666666666666
1,hsi_q32,86,False,8,0.5423728813559322,0.6666666666666666
1,hsi_q32,87,False,8,0.41545893719806765,0.8958333333333334
1,hsi_q32,88,False,8,0.5736434108527132,0.7708333333333334
1,hsi_q32,89,False,8,0.7407407407407407,0.625
1,role_hsi_q32,0,False,0,0.4536082474226804,0.4583333333333333
1,role_hsi_q32,1,False,0,0.9292929292929293,0.9583333333333334
1,role_hsi_q32,2,False,0,0.9574468085106383,0.9375
1,role_hsi_q32,3,False,0,0.8288288288288288,0.9583333333333334
1,role_hsi_q32,4,True,0,0.5405405405405406,0.4166666666666667
1,role_hsi_q32,5,False,1,0.9777777777777777,0.9777777777777777
1,role_hsi_q32,6,False,1,0.7912087912087912,0.75
1,role_hsi_q32,7,True,1,0.02531645569620253,0.020833333333333332
1,role_hsi_q32,8,False,1,0.9375,0.9375
1,role_hsi_q32,9,False,1,0.8936170212765957,0.875
1,role_hsi_q32,10,False,1,0.6862745098039216,0.7291666666666666
1,role_hsi_q32,11,False,1,0.717391304347826,0.6875
1,role_hsi_q32,12,True,1,0.18867924528301888,0.10416666666666667
1,role_hsi_q32,13,False,1,0.8155339805825242,0.875
1,role_hsi_q32,14,False,1,0.9230769230769231,0.8936170212765957
1,role_hsi_q32,15,False,1,0.7804878048780488,1.0
1,role_hsi_q32,16,False,1,0.8653846153846154,0.9375
1,role_hsi_q32,17,False,1,0.7777777777777778,0.875
1,role_hsi_q32,18,False,1,0.8666666666666667,0.8125
1,role_hsi_q32,19,False,1,0.7096774193548387,0.6875
1,role_hsi_q32,20,False,2,0.8817204301075269,0.8541666666666666
1,role_hsi_q32,21,False,2,0.8686868686868687,0.8958333333333334
1,role_hsi_q32,22,True,8,0.6111111111111112,0.4888888888888889
1,role_hsi_q32,23,False,2,0.8823529411764706,0.9375
1,role_hsi_q32,24,False,2,0.9306930693069307,0.9791666666666666
1,role_hsi_q32,25,False,2,0.693069306930693,0.7291666666666666
1,role_hsi_q32,26,False,2,0.92,0.9583333333333334
1,role_hsi_q32,27,False,2,0.6666666666666666,0.7083333333333334
1,role_hsi_q32,28,False,2,0.968421052631579,0.9583333333333334
1,role_hsi_q32,29,False,2,0.7878787878787878,0.8125
1,role_hsi_q32,30,False,2,0.5116279069767442,0.4583333333333333
1,role_hsi_q32,31,False,2,0.9791666666666666,0.9791666666666666
1,role_hsi_q32,32,False,2,0.8,0.7083333333333334
1,role_hsi_q32,33,False,2,0.8080808080808081,0.8333333333333334
1,role_hsi_q32,34,False,3,0.723404255319149,0.7083333333333334
1,role_hsi_q32,35,False,3,0.9583333333333334,0.9583333333333334
1,role_hsi_q32,36,False,3,0.968421052631579,0.9583333333333334
1,role_hsi_q32,37,False,3,0.7333333333333333,0.6875
1,role_hsi_q32,38,True,8,0.0,0.0
1,role_hsi_q32,39,False,3,0.7872340425531915,0.7708333333333334
1,role_hsi_q32,40,False,3,0.7022900763358778,0.9583333333333334
1,role_hsi_q32,41,False,3,0.42201834862385323,0.4791666666666667
1,role_hsi_q32,42,False,3,0.7252747252747253,0.6875
1,role_hsi_q32,43,False,4,0.6739130434782609,0.6458333333333334
1,role_hsi_q32,44,False,4,0.94,0.9791666666666666
1,role_hsi_q32,45,True,8,0.325,0.2708333333333333
1,role_hsi_q32,46,False,4,0.8235294117647058,0.7291666666666666
1,role_hsi_q32,47,False,4,0.9148936170212766,0.8958333333333334
1,role_hsi_q32,48,False,4,0.9504950495049505,1.0
1,role_hsi_q32,49,False,4,0.22,0.22916666666666666
1,role_hsi_q32,50,False,4,0.9583333333333334,0.9583333333333334
1,role_hsi_q32,51,False,4,0.3333333333333333,0.3125
1,role_hsi_q32,52,False,4,0.3614457831325301,0.3125
1,role_hsi_q32,53,False,4,0.9142857142857143,1.0
1,role_hsi_q32,54,False,4,0.7920792079207921,0.8333333333333334
1,role_hsi_q32,55,False,4,0.8627450980392157,0.9166666666666666
1,role_hsi_q32,56,False,4,0.78,0.8125
1,role_hsi_q32,57,False,5,0.8888888888888888,0.8695652173913043
1,role_hsi_q32,58,False,5,0.7722772277227723,0.8125
1,role_hsi_q32,59,True,8,0.3,0.1875
1,role_hsi_q32,60,True,8,0.48484848484848486,0.3333333333333333
1,role_hsi_q32,61,True,5,0.0,0.0
1,role_hsi_q32,62,False,5,0.8113207547169812,0.8958333333333334
1,role_hsi_q32,63,True,5,0.12030075187969924,0.16666666666666666
1,role_hsi_q32,64,True,8,0.4507042253521127,0.3333333333333333
1,role_hsi_q32,65,True,8,0.26865671641791045,0.1875
1,role_hsi_q32,66,True,8,0.031746031746031744,0.020833333333333332
1,role_hsi_q32,67,False,5,0.9795918367346939,1.0
1,role_hsi_q32,68,False,5,0.9230769230769231,1.0
1,role_hsi_q32,69,False,5,0.7722772277227723,0.8125
1,role_hsi_q32,70,True,8,0.3582089552238806,0.25
1,role_hsi_q32,71,True,8,0.10526315789473684,0.0625
1,role_hsi_q32,72,False,6,0.8,0.8333333333333334
1,role_hsi_q32,73,False,6,0.6060606060606061,0.625
1,role_hsi_q32,74,False,6,0.8288288288288288,0.9583333333333334
1,role_hsi_q32,75,False,6,0.6131386861313869,0.875
1,role_hsi_q32,76,False,6,0.822429906542056,0.9166666666666666
1,role_hsi_q32,77,False,7,0.9148936170212766,0.8958333333333334
1,role_hsi_q32,78,True,8,0.8409090909090909,0.7708333333333334
1,role_hsi_q32,79,True,7,0.03389830508474576,0.020833333333333332
1,role_hsi_q32,80,False,7,0.5957446808510638,0.5833333333333334
1,role_hsi_q32,81,False,7,0.7045454545454546,0.6458333333333334
1,role_hsi_q32,82,False,8,0.8118811881188119,0.8541666666666666
1,role_hsi_q32,83,False,8,0.8623853211009175,0.9791666666666666
1,role_hsi_q32,84,False,8,0.6607142857142857,0.7708333333333334
1,role_hsi_q32,85,False,8,0.9375,0.9375
1,role_hsi_q32,86,False,8,0.782608695652174,0.9375
1,role_hsi_q32,87,False,8,0.5732484076433121,0.9375
1,role_hsi_q32,88,False,8,0.5857142857142857,0.8541666666666666
1,role_hsi_q32,89,False,8,0.9247311827956989,0.8958333333333334
