cell,epoch,sched/lr,sched/mixup,sched/label_smooth,sched/aux_weight_applied,train/loss,train/loss_main,train/acc_plain,train/epoch_s,val/f1_live,val/f1_ema,val/acc_live,val/acc_ema,val/f1_best,fit/clean_train_acc_live,fit/clean_train_acc_ema,grad_norm/clip_fraction,grad_norm/preclip_backbone,grad_norm/nonfinite_steps,grad_norm/stem,grad_norm/tail,grad_norm/fuse,influence/branch_spatial,influence/branch_spectral,grad_norm/spectral
Y1/spatial_only__f0_s0,1,0.0002,1,0.1,0.647725,8.78672,5.87142,0.0139509,16.868,0.00883538,0.00727032,0.0190476,0.0222222,0.00883538,0.024,0.026,0.130952,64.7315,8,53.9821,33.0401,8.34211,100,0,
Y1/spatial_only__f0_s0,2,0.0003,1,0.0996985,0.64545,7.74123,4.83862,0.0139509,5.24188,0.00759895,0.00333039,0.0253968,0.0222222,0.00883538,,,0.0119048,23.3668,0,15.866,14.467,6.20443,,,
Y1/spatial_only__f0_s0,3,0.0004,1,0.099397,0.643175,7.37743,4.49957,0.0167411,5.34522,0.0168089,0.0245567,0.0396825,0.0539683,0.0245567,0.048,0.038,0,10.1519,0,5.16379,6.7179,4.426,100,0,
Y1/spatial_only__f0_s0,4,0.0005,1,0.0990955,0.6409,7.19911,4.41181,0.0206473,5.25024,0.018055,0.0245062,0.0460317,0.0412698,0.0245567,,,0,7.66668,0,3.97061,4.8118,3.75931,,,
Y1/spatial_only__f0_s0,5,0.000499968,1,0.098794,0.638625,7.05297,4.33662,0.0290179,5.20757,0.0219018,0.0302729,0.0571429,0.0650794,0.0302729,0.049,0.066,0,7.085,0,3.65676,4.3436,3.62202,100,0,
Y1/spatial_only__f0_s0,6,0.000499872,1,0.0984925,0.63635,6.97203,4.28221,0.0323661,5.19533,0.0242204,0.0407484,0.0634921,0.0825397,0.0407484,0.078,0.076,0,6.41652,0,3.5246,3.77412,3.27768,100,0,
Y1/spatial_only__f0_s0,7,0.000499711,1,0.098191,0.634075,6.69606,4.0961,0.030692,5.13255,0.0440802,0.0429862,0.0857143,0.0761905,0.0440802,0.08,0.091,0,8.67747,0,6.35059,4.33901,3.28889,100,0,
Y1/spatial_only__f0_s0,8,0.000499486,1,0.0978894,0.6318,6.64749,4.09824,0.0290179,5.19671,0.0359522,0.0484447,0.0746032,0.0904762,0.0484447,0.093,0.101,0,6.50599,0,4.14834,3.51254,2.9939,100,0,
Y1/spatial_only__f0_s0,9,0.000499197,1,0.0975879,0.629525,6.44633,3.9814,0.0390625,5.23591,0.0390526,0.0575036,0.0873016,0.103175,0.0575036,0.102,0.113,0,7.09287,0,4.75883,3.84443,2.99267,100,0,
Y1/spatial_only__f0_s0,10,0.000498845,1,0.0972864,0.62725,6.60901,4.10857,0.0418527,5.24691,0.0224705,0.049883,0.0539683,0.0952381,0.0575036,,,0,8.33373,0,6.39248,4.03911,2.83753,,,
Y1/spatial_only__f0_s0,11,0.000498428,1,0.0969849,0.624975,6.45219,4.01078,0.0507813,5.24316,0.0391702,0.0660953,0.084127,0.109524,0.0660953,0.084,0.116,0,6.756,0,4.86628,3.38566,2.66977,100,0,
Y1/spatial_only__f0_s0,12,0.000497947,1,0.0966834,0.6227,6.40188,3.9779,0.0429688,5.20683,0.0518737,0.0609583,0.0920635,0.111111,0.0660953,,,0,7.20652,0,5.07018,3.76949,2.60971,,,
Y1/spatial_only__f0_s0,13,0.000497403,1,0.0963819,0.620425,6.12758,3.80918,0.0591518,5.22134,0.0701242,0.0737065,0.122222,0.12381,0.0737065,0.102,0.13,0,6.51547,0,4.70913,3.15631,2.68097,100,0,
Y1/spatial_only__f0_s0,14,0.000496795,1,0.0960804,0.61815,6.36521,3.96428,0.0507813,5.19447,0.0574074,0.0776125,0.104762,0.128571,0.0776125,0.106,0.123,0,6.23284,0,4.29234,3.41314,2.50743,100,0,
Y1/spatial_only__f0_s0,15,0.000496124,1,0.0957789,0.615875,6.25425,3.90488,0.0518973,5.21213,0.0554467,0.082409,0.103175,0.128571,0.082409,0.107,0.127,0,6.87404,0,5.173,3.41752,2.4822,100,0,
Y1/spatial_only__f0_s0,16,0.000495389,1,0.0954774,0.6136,6.01466,3.76231,0.0585938,5.11428,0.0856392,0.0991842,0.133333,0.147619,0.0991842,0.116,0.146,0,7.32271,0,5.81822,3.21865,2.55326,100,0,
Y1/spatial_only__f0_s0,17,0.000494592,1,0.0951759,0.611325,6.00585,3.75927,0.0613839,5.28197,0.0699157,0.0957056,0.120635,0.142857,0.0991842,,,0,6.58947,0,4.96534,3.10668,2.45538,,,
Y1/spatial_only__f0_s0,18,0.000493731,1,0.0948744,0.60905,5.9181,3.71332,0.0546875,5.26394,0.0703055,0.0988797,0.11746,0.138095,0.0991842,,,0,6.99202,0,5.25893,3.39562,2.51742,,,
Y1/spatial_only__f0_s0,19,0.000492808,1,0.0945729,0.606775,6.15331,3.86529,0.0591518,5.16087,0.0584464,0.106633,0.1,0.144444,0.106633,0.101,0.151,0,6.77785,0,5.22401,3.22066,2.33382,100,0,
Y1/spatial_only__f0_s0,20,0.000491823,1,0.0942714,0.6045,6.07032,3.81931,0.0703125,5.19756,0.0697297,0.11388,0.119048,0.157143,0.11388,0.124,0.159,0,7.054,0,5.73228,2.96928,2.26708,100,0,
Y1/spatial_only__f0_s0,21,0.000490775,1,0.0939698,0.602225,5.99325,3.77076,0.0697545,5.22985,0.0840305,0.116731,0.131746,0.157143,0.116731,0.133,0.158,0,6.78971,0,5.32542,3.08945,2.30508,100,0,
Y1/spatial_only__f0_s0,22,0.000489666,1,0.0936683,0.59995,5.93344,3.74278,0.0669643,5.1579,0.0862024,0.102064,0.126984,0.144444,0.116731,,,0,6.27893,0,4.97663,2.63667,2.23588,,,
Y1/spatial_only__f0_s0,23,0.000488495,1,0.0933668,0.597675,5.9357,3.74492,0.0530134,5.13746,0.0849735,0.108501,0.139683,0.153968,0.116731,,,0,6.7005,0,5.49684,2.69324,2.13075,,,
Y1/spatial_only__f0_s0,24,0.000487263,1,0.0930653,0.5954,5.90872,3.73359,0.0440848,5.29369,0.12058,0.123839,0.163492,0.169841,0.123839,0.148,0.19,0,6.28511,0,5.07994,2.68758,2.11978,100,0,
Y1/spatial_only__f0_s0,25,0.00048597,1,0.0927638,0.593125,5.93382,3.75079,0.0770089,5.33562,0.107266,0.134526,0.157143,0.174603,0.134526,0.153,0.188,0,8.51449,0,7.11803,3.65175,2.19581,100,0,
Y1/spatial_only__f0_s0,26,0.000484616,1,0.0924623,0.59085,5.8322,3.69539,0.0770089,5.27422,0.12254,0.138125,0.168254,0.179365,0.138125,0.175,0.191,0,6.86063,0,5.67788,2.7699,2.15753,100,0,
Y1/spatial_only__f0_s0,27,0.000483202,1,0.0921608,0.588575,5.60674,3.5483,0.0636161,5.26833,0.106439,0.158561,0.147619,0.195238,0.158561,0.168,0.212,0,9.30544,0,8.13017,3.39644,2.18909,100,0,
Y1/spatial_only__f0_s0,28,0.000481728,1,0.0918593,0.5863,5.85417,3.71353,0.101004,5.32206,0.137091,0.150513,0.17619,0.190476,0.158561,,,0,8.58075,0,7.24874,3.57984,2.09993,,,
Y1/spatial_only__f0_s0,29,0.000480195,1,0.0915578,0.584025,5.73446,3.63786,0.0825893,5.17969,0.113811,0.156456,0.165079,0.2,0.158561,,,0,7.96623,0,6.8963,2.91848,2.06676,,,
Y1/spatial_only__f0_s0,30,0.000478603,1,0.0912563,0.58175,5.68641,3.61199,0.0703125,5.32525,0.132091,0.178953,0.177778,0.219048,0.178953,0.208,0.253,0,8.30524,0,7.17342,3.07172,2.14415,100,0,
Y1/spatial_only__f0_s0,31,0.000476951,0,0.0909548,0.579475,5.00664,3.18434,0.199219,5.19939,0.135484,0.171424,0.179365,0.204762,0.178953,,,0,12.301,0,11.3159,3.75238,2.42136,,,
Y1/spatial_only__f0_s0,32,0.000475242,0,0.0906533,0.5772,4.9937,3.18518,0.200335,5.16823,0.15024,0.195436,0.192063,0.231746,0.195436,0.206,0.247,0,12.3925,0,11.251,4.05083,2.42641,100,0,
Y1/spatial_only__f0_s0,33,0.000473475,0,0.0903518,0.574925,4.96858,3.17548,0.188058,5.14098,0.11973,0.205773,0.161905,0.249206,0.205773,0.17,0.271,0,13.765,0,12.5768,4.49648,2.40632,100,0,
Y1/spatial_only__f0_s0,34,0.00047165,0,0.0900503,0.57265,4.83728,3.09643,0.204799,5.11519,0.122872,0.207567,0.153968,0.250794,0.207567,0.182,0.282,0,11.9588,0,10.8686,3.83467,2.37678,100,0,
Y1/spatial_only__f0_s0,35,0.000469769,0,0.0897487,0.570375,4.76147,3.06138,0.228237,5.14719,0.177185,0.223887,0.21746,0.261905,0.223887,0.221,0.286,0,11.1622,0,10.0433,3.6899,2.35921,100,0,
Y1/spatial_only__f0_s0,36,0.000467831,0,0.0894472,0.5681,4.63312,2.96786,0.242746,5.25229,0.174199,0.253336,0.206349,0.285714,0.253336,0.233,0.29,0,12.8275,0,11.7305,4.10881,2.34497,100,0,
Y1/spatial_only__f0_s0,37,0.000465837,0,0.0891457,0.565825,4.6661,2.99818,0.24442,5.08335,0.146137,0.229128,0.184127,0.268254,0.253336,,,0,12.5929,0,11.3812,4.27158,2.324,,,
Y1/spatial_only__f0_s0,38,0.000463788,0,0.0888442,0.56355,4.57643,2.94785,0.265625,5.24484,0.214992,0.230854,0.25873,0.273016,0.253336,,,0,15.8725,0,14.9648,4.22652,2.32035,,,
Y1/spatial_only__f0_s0,39,0.000461685,0,0.0885427,0.561275,4.45205,2.86868,0.275112,5.17527,0.215163,0.23326,0.252381,0.277778,0.253336,,,0,14.7372,0,13.7386,4.36579,2.2982,,,
Y1/spatial_only__f0_s0,40,0.000459526,0,0.0882412,0.559,4.39271,2.8288,0.28125,5.05508,0.184419,0.228059,0.222222,0.271429,0.253336,,,0,15.9189,0,14.9485,4.40559,2.27084,,,
Y1/spatial_only__f0_s0,41,0.000457314,0,0.0879397,0.556725,4.46075,2.88524,0.266741,5.28129,0.238254,0.217039,0.280952,0.265079,0.253336,,,0,17.3065,0,16.3202,4.72117,2.32803,,,
Y1/spatial_only__f0_s0,42,0.000455049,0,0.0876382,0.55445,4.45937,2.8904,0.261719,5.22933,0.253827,0.265491,0.301587,0.303175,0.265491,0.294,0.334,0.0119048,16.0301,0,14.7676,5.2404,2.28019,100,0,
Y1/spatial_only__f0_s0,43,0.000452732,0,0.0873367,0.552175,4.3258,2.80741,0.28404,5.22711,0.250587,0.255907,0.303175,0.287302,0.265491,,,0,13.8096,0,12.8507,4.04297,2.2449,,,
Y1/spatial_only__f0_s0,44,0.000450362,0,0.0870352,0.5499,4.23668,2.74827,0.304688,5.21741,0.27476,0.292781,0.31746,0.328571,0.292781,0.351,0.348,0,14.6088,0,13.6637,4.22477,2.25633,100,0,
Y1/spatial_only__f0_s0,45,0.000447941,0,0.0867337,0.547625,4.1511,2.69694,0.319196,5.1495,0.163519,0.312586,0.198413,0.34127,0.312586,0.219,0.397,0.0119048,16.6437,0,15.6948,4.63637,2.22927,100,0,
Y1/spatial_only__f0_s0,46,0.000445469,0,0.0864322,0.54535,4.24462,2.76858,0.297991,5.15603,0.197139,0.333444,0.246032,0.357143,0.333444,0.26,0.387,0,16.269,0,15.3195,4.55777,2.20617,100,0,
Y1/spatial_only__f0_s0,47,0.000442948,0,0.0861307,0.543075,4.03199,2.62459,0.339844,5.12512,0.197658,0.344834,0.230159,0.365079,0.344834,0.251,0.387,0,14.506,0,13.5992,4.07498,2.1747,100,0,
Y1/spatial_only__f0_s0,48,0.000440376,0,0.0858291,0.5408,4.02575,2.63054,0.34096,5.13063,0.274459,0.356744,0.315873,0.373016,0.356744,0.337,0.425,0,14.8293,0,13.9827,3.99256,2.21448,100,0,
Y1/spatial_only__f0_s0,49,0.000437756,0,0.0855276,0.538525,3.94347,2.5757,0.347656,5.16089,0.31499,0.367673,0.349206,0.390476,0.367673,0.393,0.433,0,16.5013,0,15.6865,4.17147,2.14799,100,0,
Y1/spatial_only__f0_s0,50,0.000435088,0,0.0852261,0.53625,3.77273,2.46056,0.386719,5.24265,0.275421,0.37665,0.325397,0.404762,0.37665,0.357,0.439,0,15.534,0,14.6984,4.11946,2.13106,100,0,
Y1/spatial_only__f0_s0,51,0.000432373,0,0.0849246,0.533975,3.83469,2.50695,0.382813,5.2386,0.198267,0.395652,0.247619,0.415873,0.395652,0.296,0.442,0,17.373,0,16.5783,4.37688,2.14455,100,0,
Y1/spatial_only__f0_s0,52,0.000429611,0,0.0846231,0.5317,3.73504,2.44157,0.387277,5.24567,0.37783,0.385616,0.404762,0.414286,0.395652,,,0,18.1906,0,17.3877,4.45548,2.10096,,,
Y1/spatial_only__f0_s0,53,0.000426803,0,0.0843216,0.529425,3.72979,2.4425,0.390625,5.24383,0.34419,0.407413,0.37619,0.438095,0.407413,0.43,0.464,0,17.4515,0,16.6705,4.27903,2.04265,100,0,
Y1/spatial_only__f0_s0,54,0.000423949,0,0.0840201,0.52715,3.65716,2.40135,0.406808,5.17181,0.375003,0.391935,0.406349,0.430159,0.407413,,,0,17.5211,0,16.7581,4.28564,2.04526,,,
Y1/spatial_only__f0_s0,55,0.000421051,0,0.0837186,0.524875,3.60439,2.36496,0.416295,5.21419,0.358546,0.411734,0.37619,0.442857,0.411734,0.433,0.48,0,18.2474,0,17.5385,4.16724,2.03343,100,0,
Y1/spatial_only__f0_s0,56,0.00041811,0,0.0834171,0.5226,3.61111,2.37758,0.412946,5.29371,0.383372,0.407649,0.411111,0.434921,0.411734,,,0,18.6224,0,17.92,4.18791,2.06039,,,
Y1/spatial_only__f0_s0,57,0.000415125,0,0.0831156,0.520325,3.54581,2.32906,0.425781,5.39168,0.397528,0.413179,0.426984,0.446032,0.413179,0.455,0.51,0,18.9518,0,18.2026,4.50308,2.00735,100,0,
Y1/spatial_only__f0_s0,58,0.000412098,0,0.0828141,0.51805,3.41952,2.2531,0.449219,5.35541,0.350526,0.436036,0.37619,0.466667,0.436036,0.424,0.505,0,15.3786,0,14.5635,4.16732,1.99813,100,0,
Y1/spatial_only__f0_s0,59,0.00040903,0,0.0825126,0.515775,3.42352,2.26207,0.433594,5.21343,0.384609,0.407764,0.41746,0.446032,0.436036,,,0,19.0757,0,18.3416,4.41223,2.01484,,,
Y1/spatial_only__f0_s0,60,0.000405921,0,0.0822111,0.5135,3.38989,2.23876,0.450335,5.3234,0.390887,0.412426,0.430159,0.439683,0.436036,,,0,17.309,0,16.5447,4.26132,2.00174,,,
Y1/spatial_only__f0_s0,61,0.000402773,0,0.0819095,0.511225,3.3842,2.24331,0.453125,5.25859,0.428531,0.447946,0.452381,0.466667,0.447946,0.521,0.554,0,19.1346,0,18.3525,4.6908,1.99761,100,0,
Y1/spatial_only__f0_s0,62,0.000399585,0,0.081608,0.50895,3.28059,2.17248,0.484375,5.29365,0.37385,0.464953,0.4,0.487302,0.464953,0.487,0.549,0,16.7694,0,16.0431,4.10084,1.93137,100,0,
Y1/spatial_only__f0_s0,63,0.000396359,0,0.0813065,0.506675,3.29521,2.19072,0.47154,5.25967,0.36447,0.463712,0.398413,0.485714,0.464953,,,0,21.6402,0,20.9029,4.89425,1.98509,,,
Y1/spatial_only__f0_s0,64,0.000393096,0,0.081005,0.5044,3.16117,2.1032,0.508371,5.24838,0.432355,0.478674,0.453968,0.498413,0.478674,0.501,0.564,0,16.8906,0,16.0933,4.44236,1.92732,100,0,
Y1/spatial_only__f0_s0,65,0.000389796,0,0.0807035,0.502125,3.18677,2.11815,0.483259,5.14847,0.440073,0.462766,0.468254,0.474603,0.478674,,,0,20.4271,0,19.506,5.19198,1.94447,,,
Y1/spatial_only__f0_s0,66,0.000386461,0,0.080402,0.49985,3.10509,2.06989,0.501674,5.12927,0.416884,0.487885,0.44127,0.509524,0.487885,0.529,0.595,0,18.1498,0,17.4375,4.19846,1.88169,100,0,
Y1/spatial_only__f0_s0,67,0.000383091,0,0.0801005,0.497575,3.13122,2.09709,0.501674,5.17152,0.418146,0.476354,0.444444,0.488889,0.487885,,,0,19.4777,0,18.642,4.83571,1.91844,,,
Y1/spatial_only__f0_s0,68,0.000379687,0,0.079799,0.4953,3.07672,2.06376,0.508929,5.28988,0.482151,0.485822,0.503175,0.506349,0.487885,,,0,18.263,0,17.5152,4.43474,1.91057,,,
Y1/spatial_only__f0_s0,69,0.00037625,0,0.0794975,0.493025,3.10933,2.0889,0.493862,5.23217,0.445816,0.478643,0.473016,0.509524,0.487885,,,0.0119048,21.4077,0,20.4494,5.58361,1.92477,,,
Y1/spatial_only__f0_s0,70,0.000372781,0,0.079196,0.49075,3.00883,2.02317,0.526228,5.15687,0.357248,0.476801,0.392063,0.509524,0.487885,,,0,16.1893,0,15.3871,4.34499,1.89044,,,
Y1/spatial_only__f0_s0,71,0.000369281,0,0.0788945,0.488475,3.00669,2.02084,0.521763,5.22437,0.478633,0.469437,0.487302,0.5,0.487885,,,0,17.099,0,16.3716,4.21538,1.89503,,,
Y1/spatial_only__f0_s0,72,0.00036575,0,0.078593,0.4862,2.90211,1.95464,0.550781,5.17722,0.438623,0.486806,0.461905,0.514286,0.487885,,,0,16.5057,0,15.678,4.37919,1.85427,,,
Y1/spatial_only__f0_s0,73,0.00036219,0,0.0782915,0.483925,2.93422,1.97804,0.543527,5.36277,0.447288,0.491836,0.477778,0.515873,0.491836,0.527,0.611,0,19.5596,0,18.855,4.54501,1.81501,100,0,
Y1/spatial_only__f0_s0,74,0.000358601,0,0.0779899,0.48165,2.86223,1.93406,0.554129,5.19221,0.393821,0.50705,0.426984,0.526984,0.50705,0.485,0.618,0,18.3672,0,17.6481,4.27078,1.81737,100,0,
Y1/spatial_only__f0_s0,75,0.000354985,0,0.0776884,0.479375,2.8566,1.93292,0.553013,5.1728,0.518053,0.527533,0.534921,0.542857,0.527533,0.606,0.637,0,16.3301,0,15.61,4.13611,1.76101,100,0,
Y1/spatial_only__f0_s0,76,0.000351343,0,0.0773869,0.4771,2.80639,1.89984,0.566964,5.23616,0.391525,0.524636,0.411111,0.54127,0.527533,,,0,18.5209,0,17.8334,4.35756,1.75322,,,
Y1/spatial_only__f0_s0,77,0.000347674,0,0.0770854,0.474825,2.83933,1.92962,0.540179,5.30632,0.415359,0.537883,0.433333,0.555556,0.537883,0.515,0.651,0,20.8966,0,20.1811,4.78564,1.84279,100,0,
Y1/spatial_only__f0_s0,78,0.000343981,0,0.0767839,0.47255,2.78454,1.89507,0.563616,5.22695,0.471673,0.520872,0.495238,0.531746,0.537883,,,0,16.0865,0,15.3378,4.2163,1.74925,,,
Y1/spatial_only__f0_s0,79,0.000340265,0,0.0764824,0.470275,2.72644,1.85659,0.56529,5.17551,0.490271,0.528519,0.498413,0.534921,0.537883,,,0,18.5844,0,17.8866,4.3712,1.73713,,,
Y1/spatial_only__f0_s0,80,0.000336525,0,0.0761809,0.468,2.63604,1.79547,0.587054,5.24271,0.551222,0.537555,0.569841,0.547619,0.551222,0.66,0.662,0,15.0784,0,14.2927,4.15112,1.724,100,0,
Y1/spatial_only__f0_s0,81,0.000332764,0,0.0758794,0.465725,2.70549,1.84309,0.581473,5.21365,0.412677,0.530275,0.433333,0.549206,0.551222,,,0,20.483,0,19.7412,4.84287,1.76348,,,
Y1/spatial_only__f0_s0,82,0.000328982,0,0.0755779,0.46345,2.70014,1.84644,0.577567,5.24322,0.456277,0.521548,0.474603,0.534921,0.551222,,,0,19.9834,0,19.2275,4.84584,1.7698,,,
Y1/spatial_only__f0_s0,83,0.00032518,0,0.0752764,0.461175,2.63795,1.80476,0.601004,5.09283,0.495385,0.555357,0.514286,0.563492,0.555357,0.645,0.689,0,15.2081,0,14.5462,3.75804,1.67493,100,0,
Y1/spatial_only__f0_s0,84,0.000321359,0,0.0749749,0.4589,2.58843,1.77488,0.59933,5.12082,0.456262,0.544781,0.477778,0.557143,0.555357,,,0,18.849,0,18.1518,4.42735,1.74804,,,
Y1/spatial_only__f0_s0,85,0.00031752,0,0.0746734,0.456625,2.548,1.75395,0.611049,5.30645,0.460107,0.551171,0.469841,0.565079,0.555357,,,0,19.8156,0,19.1259,4.55344,1.728,,,
Y1/spatial_only__f0_s0,86,0.000313664,0,0.0743719,0.45435,2.59659,1.78735,0.583705,5.20571,0.545639,0.54635,0.563492,0.561905,0.555357,,,0,17.4639,0,16.6571,4.51888,1.69811,,,
Y1/spatial_only__f0_s0,87,0.000309793,0,0.0740704,0.452075,2.45652,1.69187,0.628906,5.13264,0.519036,0.562148,0.528571,0.573016,0.562148,0.662,0.698,0,18.6785,0,17.9816,4.41673,1.68402,100,0,
Y1/spatial_only__f0_s0,88,0.000305907,0,0.0737688,0.4498,2.41902,1.66084,0.645647,5.24756,0.522944,0.561032,0.54127,0.57619,0.562148,,,0,18.6118,0,17.8808,4.56855,1.64877,,,
Y1/spatial_only__f0_s0,89,0.000302006,0,0.0734673,0.447525,2.43708,1.67946,0.626674,5.16764,0.524747,0.573294,0.544444,0.58254,0.573294,0.661,0.712,0,17.1461,0,16.4213,4.30121,1.66483,100,0,
Y1/spatial_only__f0_s0,90,0.000298093,0,0.0731658,0.44525,2.38218,1.64646,0.645647,5.21739,0.531697,0.568357,0.555556,0.579365,0.573294,,,0,18.44,0,17.7042,4.60891,1.64288,,,
Y1/spatial_only__f0_s0,91,0.000294168,0,0.0728643,0.442975,2.40443,1.65995,0.632254,5.18009,0.403527,0.565216,0.414286,0.57619,0.573294,,,0,20.5793,0,19.7909,5.10502,1.64408,,,
Y1/spatial_only__f0_s0,92,0.000290233,0,0.0725628,0.4407,2.42569,1.68345,0.633371,5.12501,0.580837,0.561298,0.588889,0.573016,0.580837,0.723,0.715,0,17.7332,0,16.9786,4.53131,1.62552,100,0,
Y1/spatial_only__f0_s0,93,0.000286287,0,0.0722613,0.438425,2.26736,1.57197,0.659598,5.03033,0.505038,0.574469,0.522222,0.585714,0.580837,,,0,19.454,0,18.7874,4.43788,1.59131,,,
Y1/spatial_only__f0_s0,94,0.000282333,0,0.0719598,0.43615,2.33577,1.62563,0.641741,5.25606,0.537963,0.577327,0.547619,0.590476,0.580837,,,0,19.1576,1,18.3803,4.83832,1.62371,,,
Y1/spatial_only__f0_s0,95,0.000278371,0,0.0716583,0.433875,2.29809,1.59506,0.656808,5.17368,0.529739,0.584832,0.539683,0.598413,0.584832,0.657,0.743,0,16.746,0,15.931,4.60876,1.61007,100,0,
Y1/spatial_only__f0_s0,96,0.000274402,0,0.0713568,0.4316,2.26241,1.57648,0.658482,5.16223,0.480841,0.575208,0.492063,0.585714,0.584832,,,0,19.4645,0,18.6959,4.91486,1.62129,,,
Y1/spatial_only__f0_s0,97,0.000270428,0,0.0710553,0.429325,2.24873,1.56686,0.645647,5.2336,0.530263,0.585736,0.547619,0.595238,0.585736,0.666,0.739,0,20.7543,0,20.036,4.88531,1.6051,100,0,
Y1/spatial_only__f0_s0,98,0.000266449,0,0.0707538,0.42705,2.27094,1.58862,0.667411,5.2353,0.58021,0.568986,0.593651,0.584127,0.585736,,,0,18.1822,0,17.411,4.69674,1.60437,,,
Y1/spatial_only__f0_s0,99,0.000262466,0,0.0704523,0.424775,2.20829,1.54356,0.671875,5.28216,0.546503,0.564345,0.561905,0.57619,0.585736,,,0,19.3819,0,18.6936,4.54558,1.57656,,,
Y1/spatial_only__f0_s0,100,0.000258481,0,0.0701508,0.4225,2.23258,1.56403,0.647879,5.1792,0.521662,0.550212,0.528571,0.560317,0.585736,0.666,0.724,0,23.1393,0,22.3853,5.23028,1.6525,100,0,
Y1/spatial_only__f0_s0,101,0.000254494,0,0.0698492,0.420225,2.28417,1.60854,0.651786,5.28007,0.533115,0.56866,0.550794,0.57619,0.585736,,,0,21.1597,0,20.2771,5.42094,1.65223,,,
Y1/spatial_only__f0_s0,102,0.000250506,0,0.0695477,0.41795,2.21342,1.56012,0.651786,5.21716,0.526829,0.56651,0.552381,0.577778,0.585736,,,0,20.3554,0,19.5987,4.95747,1.61562,,,
Y1/spatial_only__f0_s0,103,0.000246519,0,0.0692462,0.415675,2.13252,1.49868,0.6875,5.23201,0.528308,0.554878,0.544444,0.566667,0.585736,,,0,17.1724,0,16.4041,4.54621,1.57554,,,
Y1/spatial_only__f0_s0,104,0.000242534,0,0.0689447,0.4134,2.08469,1.47125,0.695871,5.05783,0.557055,0.591913,0.566667,0.598413,0.591913,0.755,0.761,0,18.346,0,17.614,4.60298,1.55988,100,0,
Y1/spatial_only__f0_s0,105,0.000238551,0,0.0686432,0.411125,2.03372,1.4318,0.707589,5.14326,0.597983,0.582074,0.606349,0.588889,0.597983,0.746,0.755,0,15.234,0,14.4235,4.40863,1.50565,100,0,
Y1/spatial_only__f0_s0,106,0.000234572,0,0.0683417,0.40885,2.13591,1.51107,0.683594,5.20962,0.476731,0.57613,0.504762,0.585714,0.597983,,,0.0119048,22.7346,0,21.6194,6.33241,1.5878,,,
Y1/spatial_only__f0_s0,107,0.000230598,0,0.0680402,0.406575,2.0611,1.45939,0.686942,5.16296,0.568335,0.599278,0.577778,0.606349,0.599278,0.741,0.773,0,19.1285,0,18.3895,4.67386,1.57475,100,0,
Y1/spatial_only__f0_s0,108,0.000226629,0,0.0677387,0.4043,2.09561,1.48979,0.691406,5.13937,0.560434,0.600265,0.573016,0.607937,0.600265,0.738,0.774,0,18.8729,0,18.0589,5.02027,1.54714,100,0,
Y1/spatial_only__f0_s0,109,0.000222667,0,0.0674372,0.402025,2.00723,1.42805,0.698661,5.1262,0.586953,0.600303,0.595238,0.609524,0.600303,0.766,0.779,0,18.1243,0,17.3107,4.82325,1.54037,100,0,
Y1/spatial_only__f0_s0,110,0.000218713,0,0.0671357,0.39975,1.9758,1.40625,0.717634,5.12819,0.589286,0.596591,0.596825,0.604762,0.600303,,,0,19.1586,0,18.3994,4.81855,1.47065,,,
Y1/spatial_only__f0_s0,111,0.000214767,0,0.0668342,0.397475,1.97229,1.39859,0.720982,5.17894,0.560772,0.605142,0.57619,0.614286,0.605142,0.745,0.804,0,20.8194,0,20.102,4.86436,1.48114,100,0,
Y1/spatial_only__f0_s0,112,0.000210832,0,0.0665327,0.3952,1.96103,1.39921,0.72154,5.0693,0.534125,0.594164,0.550794,0.604762,0.605142,,,0,16.1749,0,15.3235,4.68584,1.51065,,,
Y1/spatial_only__f0_s0,113,0.000206907,0,0.0662312,0.392925,1.95625,1.39882,0.712054,5.10646,0.5673,0.615309,0.580952,0.622222,0.615309,0.78,0.799,0,19.2865,0,18.5289,4.874,1.49704,100,0,
Y1/spatial_only__f0_s0,114,0.000202994,0,0.0659296,0.39065,1.92742,1.37935,0.726004,5.20173,0.566577,0.595597,0.580952,0.604762,0.615309,,,0,21.3474,0,20.5912,5.08885,1.52027,,,
Y1/spatial_only__f0_s0,115,0.000199093,0,0.0656281,0.388375,1.8746,1.34114,0.738281,5.17626,0.590389,0.615702,0.6,0.622222,0.615702,0.785,0.803,0,20.9001,0,20.1653,5.05581,1.49511,100,0,
Y1/spatial_only__f0_s0,116,0.000195207,0,0.0653266,0.3861,1.89504,1.36117,0.727121,5.1966,0.587462,0.61411,0.596825,0.622222,0.615702,,,0,18.6484,0,17.7944,5.14034,1.46905,,,
Y1/spatial_only__f0_s0,117,0.000191336,0,0.0650251,0.383825,1.83827,1.31487,0.747768,5.23019,0.588562,0.604143,0.596825,0.612698,0.615702,,,0,18.1767,0,17.4024,4.71388,1.42296,,,
Y1/spatial_only__f0_s0,118,0.00018748,0,0.0647236,0.38155,1.84103,1.32607,0.742188,5.28682,0.589872,0.606517,0.603175,0.615873,0.615702,,,0,18.0853,0,17.2744,4.87799,1.50104,,,
Y1/spatial_only__f0_s0,119,0.000183641,0,0.0644221,0.379275,1.84106,1.32961,0.729911,5.32684,0.536398,0.611059,0.542857,0.620635,0.615702,,,0,19.3047,0,18.3917,5.4181,1.5031,,,
Y1/spatial_only__f0_s0,120,0.00017982,0,0.0641206,0.377,1.77519,1.28206,0.746094,5.08673,0.595514,0.609676,0.611111,0.615873,0.615702,,,0,19.6957,0,18.9965,4.75637,1.45909,,,
Y1/spatial_only__f0_s0,121,0.000176018,0,0.0638191,0.374725,1.7119,1.23531,0.773438,5.10942,0.581555,0.609783,0.590476,0.61746,0.615702,,,0,16.8774,0,16.1849,4.35216,1.38482,,,
Y1/spatial_only__f0_s0,122,0.000172236,0,0.0635176,0.37245,1.76948,1.27976,0.737723,5.18852,0.53526,0.617069,0.552381,0.62381,0.617069,0.764,0.835,0,20.714,0,19.9159,5.11733,1.44903,100,0,
Y1/spatial_only__f0_s0,123,0.000168475,0,0.0632161,0.370175,1.75045,1.26874,0.757254,5.13444,0.559166,0.607161,0.566667,0.615873,0.617069,,,0,19.4243,0,18.5412,5.3059,1.45636,,,
Y1/spatial_only__f0_s0,124,0.000164735,0,0.0629146,0.3679,1.75633,1.27397,0.747768,5.28586,0.591561,0.615679,0.590476,0.62381,0.617069,,,0,19.0125,0,18.1972,5.00848,1.4685,,,
Y1/spatial_only__f0_s0,125,0.000161019,0,0.0626131,0.365625,1.73157,1.257,0.756138,5.06005,0.609898,0.61295,0.614286,0.619048,0.617069,0.837,0.844,0,17.4035,0,16.6342,4.72471,1.39889,100,0,
Y1/spatial_only__f0_s0,126,0.000157326,0,0.0623116,0.36335,1.6898,1.22771,0.764509,5.2724,0.596563,0.621731,0.601587,0.628571,0.621731,0.815,0.842,0,19.7758,0,19.0805,4.71645,1.40813,100,0,
Y1/spatial_only__f0_s0,127,0.000153657,0,0.0620101,0.361075,1.69059,1.23115,0.768415,5.19637,0.598338,0.613383,0.612698,0.620635,0.621731,,,0,20.7971,0,19.9655,5.40517,1.40548,,,
Y1/spatial_only__f0_s0,128,0.000150015,0,0.0617085,0.3588,1.6953,1.23826,0.763393,5.12692,0.571641,0.605826,0.573016,0.612698,0.621731,,,0,20.9665,0,20.1593,5.32553,1.40936,,,
Y1/spatial_only__f0_s0,129,0.000146399,0,0.061407,0.356525,1.68199,1.22968,0.769531,5.23667,0.590157,0.624357,0.596825,0.631746,0.624357,0.827,0.852,0,18.6929,0,17.876,4.98403,1.41155,100,0,
Y1/spatial_only__f0_s0,130,0.00014281,0,0.0611055,0.35425,1.61474,1.18084,0.78125,5.15279,0.59094,0.616494,0.603175,0.622222,0.624357,,,0,18.9133,0,18.1406,4.91957,1.39546,,,
Y1/spatial_only__f0_s0,131,0.00013925,0,0.060804,0.351975,1.65191,1.20979,0.773438,5.1975,0.584471,0.62165,0.590476,0.626984,0.624357,,,0,18.1653,0,17.4058,4.76487,1.35786,,,
Y1/spatial_only__f0_s0,132,0.000135719,0,0.0605025,0.3497,1.60607,1.1765,0.789063,5.16226,0.588322,0.6201,0.603175,0.62381,0.624357,,,0,14.9552,0,14.1245,4.54787,1.32265,,,
Y1/spatial_only__f0_s0,133,0.000132219,0,0.060201,0.347425,1.58365,1.16343,0.784598,5.21848,0.579465,0.624604,0.593651,0.631746,0.624604,0.859,0.858,0,18.4633,0,17.6611,4.96028,1.35516,100,0,
Y1/spatial_only__f0_s0,134,0.00012875,0,0.0598995,0.34515,1.53714,1.13154,0.799665,5.12214,0.615552,0.615537,0.625397,0.622222,0.624604,,,0,14.8474,0,13.9831,4.60002,1.35576,,,
Y1/spatial_only__f0_s0,135,0.000125313,0,0.059598,0.342875,1.5512,1.1429,0.795759,5.14472,0.633973,0.634489,0.64127,0.639683,0.634489,0.878,0.859,0,16.722,0,15.926,4.66311,1.34546,100,0,
Y1/spatial_only__f0_s0,136,0.000121909,0,0.0592965,0.3406,1.49871,1.10507,0.810268,5.0369,0.600022,0.616896,0.603175,0.626984,0.634489,,,0,19.3343,0,18.5526,4.97396,1.30725,,,
Y1/spatial_only__f0_s0,137,0.000118539,0,0.058995,0.338325,1.53655,1.13312,0.797433,5.22,0.613171,0.621092,0.622222,0.626984,0.634489,,,0,17.9794,0,17.2092,4.80294,1.34701,,,
Y1/spatial_only__f0_s0,138,0.000115204,0,0.0586935,0.33605,1.50681,1.11847,0.811384,5.1395,0.58998,0.640378,0.606349,0.646032,0.640378,0.855,0.873,0,17.4344,0,16.5302,5.17173,1.30415,100,0,
Y1/spatial_only__f0_s0,139,0.000111904,0,0.058392,0.333775,1.50998,1.11733,0.810268,5.17226,0.637111,0.642603,0.642857,0.647619,0.642603,0.868,0.876,0,19.2748,0,18.5475,4.79636,1.34059,100,0,
Y1/spatial_only__f0_s0,140,0.000108641,0,0.0580905,0.3315,1.46495,1.08785,0.807478,5.13221,0.609581,0.638308,0.615873,0.642857,0.642603,,,0,15.9722,0,15.1313,4.67803,1.30922,,,
Y1/spatial_only__f0_s0,141,0.000105415,0,0.0577889,0.329225,1.48453,1.10463,0.803013,5.14877,0.599749,0.628534,0.615873,0.634921,0.642603,,,0,18.8955,0,17.9738,5.4239,1.33518,,,
Y1/spatial_only__f0_s0,142,0.000102227,0,0.0574874,0.32695,1.45649,1.08566,0.814732,5.20284,0.630912,0.640146,0.64127,0.644444,0.642603,,,0,16.7894,0,15.9677,4.8365,1.29037,,,
Y1/spatial_only__f0_s0,143,9.90786e-05,0,0.0571859,0.324675,1.40774,1.05053,0.825893,5.13585,0.612199,0.623813,0.622222,0.633333,0.642603,,,0,16.5109,0,15.7274,4.64638,1.31212,,,
Y1/spatial_only__f0_s0,144,9.59698e-05,0,0.0568844,0.3224,1.3835,1.03328,0.834821,5.02128,0.626278,0.630456,0.631746,0.638095,0.642603,,,0,17.2709,0,16.474,4.73015,1.22791,,,
Y1/spatial_only__f0_s0,145,9.29016e-05,0,0.0565829,0.320125,1.41439,1.05944,0.827009,5.32354,0.641952,0.635944,0.649206,0.646032,0.642603,,,0,17.0423,0,16.198,4.90531,1.27215,,,
Y1/spatial_only__f0_s0,146,8.98748e-05,0,0.0562814,0.31785,1.46777,1.10062,0.814732,5.22088,0.649587,0.642702,0.655556,0.646032,0.649587,0.907,0.894,0.0119048,18.9931,0,18.1018,5.34104,1.2877,100,0,
Y1/spatial_only__f0_s0,147,8.68902e-05,0,0.0559799,0.315575,1.41885,1.06811,0.816406,5.1086,0.618118,0.642189,0.626984,0.649206,0.649587,,,0,16.6675,0,15.8718,4.70092,1.27259,,,
Y1/spatial_only__f0_s0,148,8.39486e-05,0,0.0556784,0.3133,1.38467,1.04165,0.816406,5.18494,0.628925,0.644811,0.638095,0.652381,0.649587,,,0,15.9702,0,15.1602,4.67871,1.25141,,,
Y1/spatial_only__f0_s0,149,8.10507e-05,0,0.0553769,0.311025,1.38136,1.04196,0.826451,5.18134,0.615014,0.632061,0.625397,0.642857,0.649587,,,0,17.1056,0,16.3101,4.76752,1.25748,,,
Y1/spatial_only__f0_s0,150,7.81974e-05,0,0.0550754,0.30875,1.31764,0.9935,0.856585,5.17879,0.614627,0.639379,0.622222,0.647619,0.649587,0.908,0.902,0,16.2336,0,15.4494,4.5923,1.22243,100,0,
Y1/spatial_only__f0_s0,151,7.53893e-05,0,0.0547739,0.306475,1.35207,1.02193,0.829799,5.09234,0.629358,0.637545,0.638095,0.644444,0.649587,,,0,17.5321,0,16.6645,5.07547,1.25273,,,
Y1/spatial_only__f0_s0,152,7.26271e-05,0,0.0544724,0.3042,1.34379,1.01928,0.825893,5.19204,0.636482,0.649436,0.649206,0.655556,0.649587,,,0,13.4926,0,12.6686,4.30947,1.23423,,,
Y1/spatial_only__f0_s0,153,6.99117e-05,0,0.0541709,0.301925,1.27664,0.967122,0.840402,5.17594,0.630038,0.635922,0.64127,0.644444,0.649587,,,0,14.1202,0,13.3075,4.35207,1.21793,,,
Y1/spatial_only__f0_s0,154,6.72436e-05,0,0.0538693,0.29965,1.30281,0.987406,0.851004,5.18003,0.630969,0.639954,0.638095,0.647619,0.649587,,,0,16.9594,0,16.1878,4.7066,1.23937,,,
Y1/spatial_only__f0_s0,155,6.46236e-05,0,0.0535678,0.297375,1.27521,0.966504,0.839844,5.28621,0.627611,0.634741,0.638095,0.644444,0.649587,,,0,15.9511,0,15.1597,4.62837,1.24352,,,
Y1/spatial_only__f0_s0,156,6.20524e-05,0,0.0532663,0.2951,1.28302,0.978746,0.841518,5.20128,0.639342,0.64227,0.646032,0.649206,0.649587,,,0,17.6912,0,16.8949,4.92319,1.2202,,,
Y1/spatial_only__f0_s0,157,5.95306e-05,0,0.0529648,0.292825,1.27041,0.966672,0.840402,5.07038,0.632192,0.640179,0.642857,0.647619,0.649587,,,0,17.1435,0,16.3548,4.79209,1.21765,,,
Y1/spatial_only__f0_s0,158,5.70589e-05,0,0.0526633,0.29055,1.24795,0.950731,0.852121,5.20605,0.639996,0.635011,0.646032,0.642857,0.649587,,,0,17.7689,0,16.9396,5.05763,1.23566,,,
Y1/spatial_only__f0_s0,159,5.46379e-05,0,0.0523618,0.288275,1.22283,0.935725,0.860491,5.17905,0.636346,0.636487,0.644444,0.644444,0.649587,,,0,13.8919,0,13.1029,4.25853,1.16257,,,
Y1/spatial_only__f0_s0,160,5.22683e-05,0,0.0520603,0.286,1.21239,0.930034,0.857701,5.27002,0.61969,0.638347,0.628571,0.644444,0.649587,,,0,17.271,0,16.4671,4.83302,1.24404,,,
Y1/spatial_only__f0_s0,161,4.99506e-05,0,0.0517588,0.283725,1.26347,0.971019,0.830915,5.21998,0.615069,0.627145,0.625397,0.634921,0.649587,,,0.0119048,19.2715,0,18.3046,5.66705,1.199,,,
Y1/spatial_only__f0_s0,162,4.76856e-05,0,0.0514573,0.28145,1.288,0.989476,0.827009,5.19039,0.617577,0.632373,0.628571,0.639683,0.649587,,,0,19.9985,0,19.1562,5.35918,1.23952,,,
Y1/spatial_only__f0_s0,163,4.54736e-05,0,0.0511558,0.279175,1.20553,0.929691,0.851563,5.1537,0.646077,0.633457,0.652381,0.642857,0.649587,,,0,18.5456,0,17.6948,5.17161,1.20987,,,
Y1/spatial_only__f0_s0,164,4.33155e-05,0,0.0508543,0.2769,1.22004,0.943627,0.848214,5.21892,0.612722,0.64049,0.622222,0.647619,0.649587,,,0,19.2268,0,18.4727,4.89043,1.22418,,,
Y1/spatial_only__f0_s0,165,4.12116e-05,0,0.0505528,0.274625,1.17535,0.90682,0.872768,5.17149,0.634689,0.633699,0.646032,0.642857,0.649587,,,0,16.3067,0,15.5367,4.62495,1.1696,,,
Y1/spatial_only__f0_s0,166,3.91625e-05,0,0.0502513,0.27235,1.18026,0.91237,0.866071,5.21017,0.619548,0.639123,0.628571,0.647619,0.649587,,,0,17.4544,0,16.6833,4.7058,1.17854,,,
Y1/spatial_only__f0_s0,167,3.71688e-05,0,0.0499497,0.270075,1.16639,0.902344,0.861049,5.26395,0.637789,0.626322,0.646032,0.634921,0.649587,,,0,15.0994,0,14.2727,4.57172,1.1825,,,
Y1/spatial_only__f0_s0,168,3.5231e-05,0,0.0496482,0.2678,1.2118,0.946803,0.844866,5.14405,0.642287,0.641433,0.647619,0.650794,0.649587,,,0.0238095,20.9963,0,19.915,6.337,1.18222,,,
Y1/spatial_only__f0_s0,169,3.33496e-05,0,0.0493467,0.265525,1.15351,0.8968,0.863281,5.24486,0.635928,0.638245,0.642857,0.647619,0.649587,,,0,14.9837,0,14.1679,4.53932,1.15467,,,
Y1/spatial_only__f0_s0,170,3.15251e-05,0,0.0490452,0.26325,1.14826,0.89636,0.867746,5.24444,0.637856,0.64511,0.646032,0.653968,0.649587,,,0,15.5428,0,14.6922,4.73572,1.16624,,,
Y1/spatial_only__f0_s0,171,2.97579e-05,0,0.0487437,0.260975,1.16649,0.912318,0.857143,5.11144,0.645591,0.642565,0.653968,0.650794,0.649587,,,0,16.6269,0,15.8219,4.77634,1.20004,,,
Y1/spatial_only__f0_s0,172,2.80486e-05,0,0.0484422,0.2587,1.12497,0.878716,0.867188,5.2367,0.64507,0.641165,0.650794,0.649206,0.649587,,,0,16.0673,0,15.3166,4.55894,1.1491,,,
Y1/spatial_only__f0_s0,173,2.63975e-05,0,0.0481407,0.256425,1.14838,0.900912,0.857701,5.13469,0.639119,0.644514,0.646032,0.652381,0.649587,,,0,14.4616,0,13.5942,4.57863,1.13748,,,
Y1/spatial_only__f0_s0,174,2.48051e-05,0,0.0478392,0.25415,1.14177,0.895344,0.865513,5.16639,0.652727,0.646855,0.65873,0.655556,0.652727,0.929,0.928,0,16.5,0,15.697,4.70184,1.16391,100,0,
Y1/spatial_only__f0_s0,175,2.32718e-05,0,0.0475377,0.251875,1.093,0.857038,0.876674,5.17886,0.629625,0.643277,0.636508,0.650794,0.652727,0.938,0.928,0,15.8142,0,15.0314,4.56151,1.13288,100,0,
Y1/spatial_only__f0_s0,176,2.1798e-05,0,0.0472362,0.25,1.08941,0.857027,0.879464,5.20544,0.636879,0.650556,0.642857,0.65873,0.652727,,,0,15.271,0,14.5442,4.31605,1.13269,,,
Y1/spatial_only__f0_s0,177,2.0384e-05,0,0.0469347,0.25,1.08494,0.851682,0.872768,5.30595,0.632698,0.644856,0.638095,0.652381,0.652727,,,0,14.7007,0,13.9276,4.36789,1.14104,,,
Y1/spatial_only__f0_s0,178,1.90303e-05,0,0.0466332,0.25,1.09296,0.860693,0.862165,5.20588,0.637715,0.638964,0.644444,0.647619,0.652727,,,0,15.9296,0,15.1187,4.65622,1.18119,,,
Y1/spatial_only__f0_s0,179,1.77372e-05,0,0.0463317,0.25,1.0822,0.850901,0.868862,5.2059,0.647016,0.647189,0.652381,0.653968,0.652727,,,0,15.4818,0,14.6856,4.52509,1.14578,,,
Y1/spatial_only__f0_s0,180,1.65051e-05,0,0.0460302,0.25,1.08031,0.849854,0.867746,5.1719,0.641174,0.641502,0.649206,0.649206,0.652727,,,0,15.5628,0,14.6598,4.84484,1.13725,,,
Y1/spatial_only__f0_s0,181,1.53342e-05,0,0.0457286,0.25,1.05612,0.831412,0.871094,5.07076,0.632383,0.641132,0.639683,0.649206,0.652727,,,0,13.7523,0,12.9883,4.17206,1.13237,,,
Y1/spatial_only__f0_s0,182,1.42248e-05,0,0.0454271,0.25,1.05632,0.830314,0.881696,5.15974,0.651047,0.643431,0.657143,0.650794,0.652727,,,0,13.3956,0,12.5715,4.28433,1.14837,,,
Y1/spatial_only__f0_s0,183,1.31773e-05,0,0.0451256,0.25,1.03418,0.811588,0.879464,5.18662,0.642629,0.651696,0.652381,0.660317,0.652727,,,0.0119048,15.9317,0,14.7211,5.63028,1.13776,,,
Y1/spatial_only__f0_s0,184,1.21919e-05,0,0.0448241,0.25,1.04163,0.818298,0.872768,5.25415,0.65558,0.650363,0.661905,0.657143,0.65558,0.941,0.932,0,13.9333,0,13.1272,4.3201,1.13132,100,0,
Y1/spatial_only__f0_s0,185,1.12689e-05,0,0.0445226,0.25,1.06528,0.838809,0.865513,5.1381,0.649218,0.649468,0.657143,0.657143,0.65558,,,0,15.2942,0,14.4773,4.57888,1.15579,,,
Y1/spatial_only__f0_s0,186,1.04085e-05,0,0.0442211,0.25,1.03801,0.816785,0.877232,5.24888,0.649419,0.649427,0.657143,0.657143,0.65558,,,0,14.8223,0,14.0335,4.42051,1.14427,,,
Y1/spatial_only__f0_s0,187,9.61089e-06,0,0.0439196,0.25,1.05202,0.826741,0.878906,5.2189,0.647447,0.646195,0.653968,0.653968,0.65558,,,0,14.239,0,13.4894,4.26317,1.13238,,,
Y1/spatial_only__f0_s0,188,8.87636e-06,0,0.0436181,0.25,1.05176,0.828796,0.869978,5.29708,0.639442,0.650296,0.647619,0.65873,0.65558,,,0,15.668,0,14.8471,4.64145,1.15905,,,
Y1/spatial_only__f0_s0,189,8.20506e-06,0,0.0433166,0.25,1.08353,0.85486,0.858817,5.36864,0.64485,0.642803,0.650794,0.650794,0.65558,,,0,15.3072,0,14.4471,4.71356,1.1517,,,
Y1/spatial_only__f0_s0,190,7.59717e-06,0,0.0430151,0.25,1.0561,0.83236,0.87779,5.23083,0.642314,0.644406,0.650794,0.652381,0.65558,,,0,14.233,0,13.4459,4.35818,1.10936,,,
Y1/spatial_only__f0_s0,191,7.05284e-06,0,0.0427136,0.25,1.00022,0.785246,0.895089,5.18118,0.635657,0.650228,0.644444,0.65873,0.65558,,,0,14.1463,0,13.3721,4.24266,1.08083,,,
Y1/spatial_only__f0_s0,192,6.57221e-06,0,0.0424121,0.25,1.01377,0.795199,0.88058,5.19806,0.642497,0.64665,0.650794,0.655556,0.65558,,,0,14.5989,0,13.807,4.36399,1.10537,,,
Y1/spatial_only__f0_s0,193,6.15542e-06,0,0.0421106,0.25,1.04209,0.820122,0.864397,5.08133,0.65058,0.647283,0.657143,0.655556,0.65558,,,0,13.782,0,12.9448,4.43158,1.15505,,,
Y1/spatial_only__f0_s0,194,5.80257e-06,0,0.041809,0.25,1.01921,0.798628,0.878348,5.1912,0.644242,0.64696,0.650794,0.655556,0.65558,,,0.0119048,16.6301,0,15.7448,5.03359,1.10561,,,
Y1/spatial_only__f0_s0,195,5.51374e-06,0,0.0415075,0.25,1.05246,0.827211,0.865513,5.24838,0.646075,0.643046,0.653968,0.650794,0.65558,,,0,14.3826,0,13.5669,4.47018,1.12166,,,
Y1/spatial_only__f0_s0,196,5.28902e-06,0,0.041206,0.25,1.04947,0.824868,0.872768,5.18084,0.654121,0.647485,0.660317,0.655556,0.65558,,,0,14.0244,0,13.2287,4.27251,1.13235,,,
Y1/spatial_only__f0_s0,197,5.12847e-06,0,0.0409045,0.25,1.01637,0.798339,0.88058,5.13832,0.650135,0.651765,0.657143,0.65873,0.65558,,,0,13.646,0,12.8061,4.39116,1.13071,,,
Y1/spatial_only__f0_s0,198,5.03212e-06,0,0.040603,0.25,0.98403,0.770575,0.891183,5.1643,0.646351,0.644939,0.653968,0.653968,0.65558,,,0,13.7714,0,13.017,4.15301,1.07476,,,
Y1/spatial_only__f0_s0,199,5e-06,0,0.0403015,0.25,1.01821,0.801222,0.873884,5.21073,0.649522,0.64493,0.657143,0.652381,0.65558,,,0,13.954,0,13.1334,4.36704,1.12192,,,
Y1/spatial_only__f0_s0,200,5e-06,0,0.04,0.25,1.02005,0.803311,0.875558,5.11657,0.640389,0.647634,0.647619,0.655556,0.65558,0.945,0.941,0,13.6159,0,12.8376,4.24831,1.1343,100,0,
Y1/spatial_only__f1_s0,1,0.0002,1,0.1,0.647725,8.80149,5.88631,0.0133929,16.5028,0.00982232,0.0101078,0.0238095,0.0253968,0.0101078,0.022,0.025,0.154762,53.1011,6,43.6818,27.5484,8.35837,100,0,
Y1/spatial_only__f1_s0,2,0.0003,1,0.0996985,0.64545,7.69604,4.79394,0.0217634,5.1496,0.0123987,0.0146752,0.031746,0.0301587,0.0146752,0.03,0.023,0,20.4997,1,12.06,14.1845,6.14512,100,0,
Y1/spatial_only__f1_s0,3,0.0004,1,0.099397,0.643175,7.38186,4.50351,0.0251116,5.15023,0.0109311,0.0173477,0.0380952,0.0333333,0.0173477,0.037,0.045,0,10.8258,0,5.97122,7.03114,4.60831,100,0,
Y1/spatial_only__f1_s0,4,0.0005,1,0.0990955,0.6409,7.21567,4.41954,0.0234375,5.26531,0.0101146,0.0183252,0.0396825,0.0396825,0.0183252,0.032,0.04,0,6.70309,0,2.85847,4.24178,3.78597,100,0,
Y1/spatial_only__f1_s0,5,0.000499968,1,0.098794,0.638625,7.00473,4.3025,0.0334821,5.20748,0.0149571,0.0232901,0.0396825,0.0539683,0.0232901,0.04,0.059,0,6.10259,0,2.63786,3.62765,3.60676,100,0,
Y1/spatial_only__f1_s0,6,0.000499872,1,0.0984925,0.63635,7.00012,4.3064,0.03125,5.17733,0.0225654,0.0452688,0.0571429,0.0793651,0.0452688,0.065,0.084,0,6.91147,0,4.13752,3.89689,3.31971,100,0,
Y1/spatial_only__f1_s0,7,0.000499711,1,0.098191,0.634075,6.73365,4.12751,0.0357143,5.28605,0.0218255,0.0579667,0.0555556,0.0873016,0.0579667,0.065,0.099,0,7.99267,0,5.3677,4.33035,3.31418,100,0,
Y1/spatial_only__f1_s0,8,0.000499486,1,0.0978894,0.6318,6.68728,4.12824,0.0295759,5.18995,0.0264679,0.0491935,0.0714286,0.0793651,0.0579667,,,0,9.0034,0,6.99744,4.24825,3.01576,,,
Y1/spatial_only__f1_s0,9,0.000499197,1,0.0975879,0.629525,6.45952,3.98904,0.0290179,5.27962,0.0391485,0.0608474,0.0952381,0.111111,0.0608474,0.096,0.112,0,7.23754,0,5.07967,3.66052,2.97498,100,0,
Y1/spatial_only__f1_s0,10,0.000498845,1,0.0972864,0.62725,6.606,4.09806,0.0424107,5.26098,0.0437291,0.0549914,0.0888889,0.0984127,0.0608474,,,0,8.33998,0,6.56176,3.82234,2.78366,,,
Y1/spatial_only__f1_s0,11,0.000498428,1,0.0969849,0.624975,6.38872,3.96487,0.0535714,5.2699,0.0548946,0.056854,0.0984127,0.0968254,0.0608474,,,0,6.21506,0,4.53833,2.82369,2.65952,,,
Y1/spatial_only__f1_s0,12,0.000497947,1,0.0966834,0.6227,6.35815,3.94761,0.0457589,5.32697,0.042368,0.0520297,0.0730159,0.0952381,0.0608474,,,0,8.1968,0,6.60964,3.48556,2.64476,,,
Y1/spatial_only__f1_s0,13,0.000497403,1,0.0963819,0.620425,6.18553,3.85335,0.0569196,5.22644,0.07256,0.0617095,0.119048,0.103175,0.07256,0.112,0.139,0,7.10011,0,5.38741,3.27848,2.70496,100,0,
Y1/spatial_only__f1_s0,14,0.000496795,1,0.0960804,0.61815,6.34551,3.95651,0.061942,5.2127,0.0520064,0.0703171,0.103175,0.120635,0.07256,,,0,6.4776,0,4.85138,3.00418,2.53377,,,
Y1/spatial_only__f1_s0,15,0.000496124,1,0.0957789,0.615875,6.22168,3.88677,0.0513393,5.26454,0.0350107,0.0839481,0.0714286,0.128571,0.0839481,0.093,0.153,0,7.15795,0,5.62726,3.11177,2.49107,100,0,
Y1/spatial_only__f1_s0,16,0.000495389,1,0.0954774,0.6136,6.00365,3.75475,0.0541295,5.22738,0.0729115,0.0955142,0.109524,0.138095,0.0955142,0.122,0.151,0,7.2912,0,5.66933,3.29774,2.56994,100,0,
Y1/spatial_only__f1_s0,17,0.000494592,1,0.0951759,0.611325,5.99327,3.7524,0.0546875,5.38751,0.0718933,0.0824428,0.115873,0.120635,0.0955142,,,0,6.81049,0,5.26383,3.12013,2.43701,,,
Y1/spatial_only__f1_s0,18,0.000493731,1,0.0948744,0.60905,5.8688,3.67587,0.0491071,5.34325,0.0717076,0.0914866,0.111111,0.126984,0.0955142,,,0,8.40445,0,6.86113,3.67811,2.58318,,,
Y1/spatial_only__f1_s0,19,0.000492808,1,0.0945729,0.606775,6.10706,3.8366,0.0625,5.33655,0.0673569,0.0837378,0.11746,0.115873,0.0955142,,,0,6.87347,0,5.35656,3.23016,2.31031,,,
Y1/spatial_only__f1_s0,20,0.000491823,1,0.0942714,0.6045,6.02431,3.78944,0.0764509,5.37375,0.0708621,0.0863892,0.119048,0.134921,0.0955142,,,0,8.25515,0,7.05938,3.22283,2.27499,,,
Y1/spatial_only__f1_s0,21,0.000490775,1,0.0939698,0.602225,6.02399,3.79243,0.063058,5.41194,0.0656307,0.103865,0.119048,0.155556,0.103865,0.127,0.177,0,6.96321,0,5.62394,2.94927,2.32544,100,0,
Y1/spatial_only__f1_s0,22,0.000489666,1,0.0936683,0.59995,5.91663,3.7342,0.0647321,5.38987,0.104202,0.11096,0.153968,0.15873,0.11096,0.157,0.162,0,6.98979,0,5.77517,2.73347,2.27624,100,0,
Y1/spatial_only__f1_s0,23,0.000488495,1,0.0933668,0.597675,5.92019,3.73506,0.0513393,5.36271,0.0889473,0.110089,0.144444,0.157143,0.11096,,,0,7.69901,0,6.45987,3.02719,2.20974,,,
Y1/spatial_only__f1_s0,24,0.000487263,1,0.0930653,0.5954,5.94806,3.76023,0.0446429,5.49141,0.0874557,0.125191,0.131746,0.171429,0.125191,0.145,0.187,0,7.25116,0,6.11952,2.87719,2.16347,100,0,
Y1/spatial_only__f1_s0,25,0.00048597,1,0.0927638,0.593125,5.93385,3.75623,0.0697545,5.37897,0.051237,0.119549,0.084127,0.157143,0.125191,0.086,0.194,0,8.97875,0,7.84006,3.29717,2.1489,100,0,
Y1/spatial_only__f1_s0,26,0.000484616,1,0.0924623,0.59085,5.92108,3.75786,0.0675223,5.39362,0.108118,0.117419,0.150794,0.153968,0.125191,,,0,7.42554,0,5.97401,3.19883,2.21069,,,
Y1/spatial_only__f1_s0,27,0.000483202,1,0.0921608,0.588575,5.62938,3.57473,0.0708705,5.3448,0.0854992,0.0973554,0.136508,0.138095,0.125191,,,0,6.92347,0,5.74496,2.77965,2.19793,,,
Y1/spatial_only__f1_s0,28,0.000481728,1,0.0918593,0.5863,5.88582,3.7388,0.0887277,5.52374,0.089752,0.103958,0.128571,0.147619,0.125191,,,0,9.20411,0,8.06071,3.43478,2.13039,,,
Y1/spatial_only__f1_s0,29,0.000480195,1,0.0915578,0.584025,5.84103,3.71554,0.0714286,5.3475,0.11309,0.129787,0.153968,0.169841,0.129787,0.159,0.2,0,7.42365,0,6.27879,2.9554,2.13618,100,0,
Y1/spatial_only__f1_s0,30,0.000478603,1,0.0912563,0.58175,5.69789,3.62101,0.0608259,5.31738,0.147411,0.125539,0.179365,0.163492,0.147411,0.186,0.195,0,6.94911,0,5.62813,3.02804,2.16472,100,0,
Y1/spatial_only__f1_s0,31,0.000476951,0,0.0909548,0.579475,5.10856,3.24204,0.175223,5.427,0.134546,0.123125,0.180952,0.166667,0.147411,,,0,8.90154,0,7.41282,3.90128,2.41195,,,
Y1/spatial_only__f1_s0,32,0.000475242,0,0.0906533,0.5772,5.0391,3.20798,0.174107,5.43047,0.135939,0.129385,0.168254,0.168254,0.147411,,,0,12.0583,0,10.6391,4.47571,2.55826,,,
Y1/spatial_only__f1_s0,33,0.000473475,0,0.0903518,0.574925,4.92004,3.12863,0.210938,5.46292,0.158699,0.165765,0.2,0.196825,0.165765,0.209,0.222,0,11.1908,0,9.95208,4.01388,2.47086,100,0,
Y1/spatial_only__f1_s0,34,0.00047165,0,0.0900503,0.57265,4.81234,3.06938,0.233817,5.32867,0.150078,0.196142,0.188889,0.228571,0.196142,0.208,0.251,0,11.057,0,9.74194,4.20625,2.48217,100,0,
Y1/spatial_only__f1_s0,35,0.000469769,0,0.0897487,0.570375,4.74567,3.04012,0.228795,5.34435,0.163525,0.203147,0.203175,0.238095,0.203147,0.247,0.273,0,10.9029,0,9.52114,4.2325,2.4343,100,0,
Y1/spatial_only__f1_s0,36,0.000467831,0,0.0894472,0.5681,4.70077,3.01967,0.235491,5.34191,0.180951,0.217264,0.233333,0.253968,0.217264,0.255,0.278,0,13.2627,0,12.0021,4.56642,2.50586,100,0,
Y1/spatial_only__f1_s0,37,0.000465837,0,0.0891457,0.565825,4.63029,2.98074,0.243862,5.36467,0.180978,0.245711,0.225397,0.273016,0.245711,0.252,0.301,0,12.6109,0,11.4602,4.33777,2.33321,100,0,
Y1/spatial_only__f1_s0,38,0.000463788,0,0.0888442,0.56355,4.5727,2.94034,0.267299,5.27894,0.219842,0.25177,0.25873,0.277778,0.25177,0.265,0.321,0,10.5465,0,9.3203,3.96285,2.35805,100,0,
Y1/spatial_only__f1_s0,39,0.000461685,0,0.0885427,0.561275,4.45833,2.87476,0.268973,5.397,0.183968,0.26433,0.22381,0.285714,0.26433,0.25,0.341,0,13.1441,0,12.0393,4.31658,2.34649,100,0,
Y1/spatial_only__f1_s0,40,0.000459526,0,0.0882412,0.559,4.40238,2.83893,0.280134,5.37695,0.219346,0.266676,0.25873,0.295238,0.266676,0.263,0.333,0,14.6591,0,13.5706,4.60389,2.306,100,0,
Y1/spatial_only__f1_s0,41,0.000457314,0,0.0879397,0.556725,4.36427,2.81888,0.296875,5.269,0.266594,0.277719,0.301587,0.301587,0.277719,0.312,0.355,0,13.3515,0,12.3317,4.18652,2.29799,100,0,
Y1/spatial_only__f1_s0,42,0.000455049,0,0.0876382,0.55445,4.2156,2.71847,0.322545,5.36573,0.204768,0.284705,0.242857,0.307937,0.284705,0.277,0.346,0,13.2373,0,12.1709,4.31834,2.23123,100,0,
Y1/spatial_only__f1_s0,43,0.000452732,0,0.0873367,0.552175,4.20097,2.72149,0.303571,5.25567,0.222147,0.299153,0.253968,0.330159,0.299153,0.284,0.36,0,12.8304,0,11.7203,4.31617,2.28463,100,0,
Y1/spatial_only__f1_s0,44,0.000450362,0,0.0870352,0.5499,4.13434,2.68134,0.326451,5.37616,0.230329,0.312979,0.249206,0.333333,0.312979,0.269,0.382,0,16.1602,0,14.9597,5.13995,2.33379,100,0,
Y1/spatial_only__f1_s0,45,0.000447941,0,0.0867337,0.547625,4.16617,2.71339,0.316406,5.24666,0.301211,0.326912,0.334921,0.349206,0.326912,0.391,0.387,0,16.3627,0,15.4584,4.4439,2.30164,100,0,
Y1/spatial_only__f1_s0,46,0.000445469,0,0.0864322,0.54535,3.98766,2.58895,0.347098,5.49621,0.0952116,0.325481,0.112698,0.347619,0.326912,,,0,13.8456,0,12.8063,4.29064,2.18305,,,
Y1/spatial_only__f1_s0,47,0.000442948,0,0.0861307,0.543075,4.04399,2.63983,0.339844,5.29816,0.293104,0.354711,0.320635,0.374603,0.354711,0.358,0.41,0,14.2886,0,13.3162,4.31392,2.2184,100,0,
Y1/spatial_only__f1_s0,48,0.000440376,0,0.0858291,0.5408,3.96078,2.58517,0.357701,5.28138,0.296287,0.365623,0.319048,0.387302,0.365623,0.343,0.415,0,14.0245,0,13.0884,4.13235,2.16473,100,0,
Y1/spatial_only__f1_s0,49,0.000437756,0,0.0855276,0.538525,3.88846,2.54317,0.363281,5.31347,0.316003,0.355008,0.342857,0.385714,0.365623,,,0,14.583,0,13.6362,4.24225,2.20683,,,
Y1/spatial_only__f1_s0,50,0.000435088,0,0.0852261,0.53625,3.88846,2.5396,0.348772,5.39291,0.240689,0.367679,0.277778,0.395238,0.367679,0.316,0.443,0,14.6114,0,13.6158,4.45558,2.17932,100,0,
Y1/spatial_only__f1_s0,51,0.000432373,0,0.0849246,0.533975,3.81469,2.50294,0.370536,5.31491,0.274844,0.379174,0.314286,0.396825,0.379174,0.314,0.431,0,14.6525,0,13.6679,4.44887,2.15601,100,0,
Y1/spatial_only__f1_s0,52,0.000429611,0,0.0846231,0.5317,3.78591,2.48521,0.376674,5.35393,0.345553,0.388694,0.384127,0.412698,0.388694,0.395,0.455,0,14.6928,0,13.6775,4.63231,2.11477,100,0,
Y1/spatial_only__f1_s0,53,0.000426803,0,0.0843216,0.529425,3.73898,2.45689,0.386161,5.43601,0.310204,0.35776,0.342857,0.380952,0.388694,,,0,16.9245,0,16.1415,4.19377,2.10406,,,
Y1/spatial_only__f1_s0,54,0.000423949,0,0.0840201,0.52715,3.819,2.51744,0.373326,5.47221,0.326116,0.35891,0.35873,0.388889,0.388694,,,0.0119048,16.2385,0,15.1691,4.97514,2.14091,,,
Y1/spatial_only__f1_s0,55,0.000421051,0,0.0837186,0.524875,3.57501,2.3516,0.416853,5.35361,0.374162,0.378335,0.4,0.401587,0.388694,,,0,14.1178,0,13.2788,4.00927,2.034,,,
Y1/spatial_only__f1_s0,56,0.00041811,0,0.0834171,0.5226,3.55652,2.34238,0.407366,5.42902,0.380037,0.414681,0.407937,0.431746,0.414681,0.445,0.476,0,17.1384,0,16.3472,4.369,2.06466,100,0,
Y1/spatial_only__f1_s0,57,0.000415125,0,0.0831156,0.520325,3.52614,2.32475,0.416295,5.35937,0.316615,0.433692,0.349206,0.446032,0.433692,0.382,0.501,0,13.9921,0,12.9253,4.58433,1.99263,100,0,
Y1/spatial_only__f1_s0,58,0.000412098,0,0.0828141,0.51805,3.49022,2.30478,0.430804,5.28932,0.321351,0.453641,0.342857,0.469841,0.453641,0.379,0.523,0,14.206,0,13.3637,4.02704,1.97695,100,0,
Y1/spatial_only__f1_s0,59,0.00040903,0,0.0825126,0.515775,3.35755,2.21204,0.465402,5.36801,0.345569,0.444035,0.374603,0.460317,0.453641,,,0,15.953,0,15.1283,4.29574,1.95367,,,
Y1/spatial_only__f1_s0,60,0.000405921,0,0.0822111,0.5135,3.39314,2.24707,0.4375,5.39675,0.397073,0.448875,0.426984,0.469841,0.453641,,,0,15.6434,0,14.8122,4.2815,1.99258,,,
Y1/spatial_only__f1_s0,61,0.000402773,0,0.0819095,0.511225,3.3889,2.24741,0.429129,5.40262,0.407808,0.450124,0.431746,0.47619,0.453641,,,0,15.5967,0,14.7959,4.14804,2.00592,,,
Y1/spatial_only__f1_s0,62,0.000399585,0,0.081608,0.50895,3.31719,2.20036,0.469308,5.55734,0.374613,0.454919,0.393651,0.477778,0.454919,0.483,0.524,0,16.9293,0,16.065,4.5809,1.97402,100,0,
Y1/spatial_only__f1_s0,63,0.000396359,0,0.0813065,0.506675,3.3494,2.22709,0.455915,5.35187,0.332224,0.470372,0.357143,0.487302,0.470372,0.385,0.507,0,16.095,0,15.202,4.56474,1.94512,100,0,
Y1/spatial_only__f1_s0,64,0.000393096,0,0.081005,0.5044,3.21628,2.13932,0.467076,5.39603,0.426674,0.432164,0.450794,0.452381,0.470372,,,0,14.956,0,14.1238,4.21743,1.92942,,,
Y1/spatial_only__f1_s0,65,0.000389796,0,0.0807035,0.502125,3.19023,2.12815,0.483817,5.30813,0.374309,0.485661,0.404762,0.492063,0.485661,0.477,0.549,0,13.5162,0,12.624,4.12229,1.88121,100,0,
Y1/spatial_only__f1_s0,66,0.000386461,0,0.080402,0.49985,3.08721,2.06284,0.505022,5.35886,0.439228,0.494694,0.474603,0.503175,0.494694,0.517,0.557,0,14.5066,0,13.6307,4.25918,1.90233,100,0,
Y1/spatial_only__f1_s0,67,0.000383091,0,0.0801005,0.497575,3.08602,2.05814,0.502232,5.25659,0.320315,0.454152,0.352381,0.474603,0.494694,,,0,14.8788,0,13.9867,4.42992,1.85059,,,
Y1/spatial_only__f1_s0,68,0.000379687,0,0.079799,0.4953,3.12086,2.08467,0.485491,5.29069,0.439309,0.444321,0.45873,0.47619,0.494694,,,0,15.7833,0,14.8677,4.60788,1.89897,,,
Y1/spatial_only__f1_s0,69,0.00037625,0,0.0794975,0.493025,3.04057,2.04013,0.507254,5.344,0.44801,0.464557,0.465079,0.484127,0.494694,,,0,16.6793,0,15.835,4.56713,1.88008,,,
Y1/spatial_only__f1_s0,70,0.000372781,0,0.079196,0.49075,3.04296,2.04219,0.498326,5.44236,0.425844,0.47301,0.453968,0.496825,0.494694,,,0,18.9117,0,18.0718,4.93651,1.88283,,,
Y1/spatial_only__f1_s0,71,0.000369281,0,0.0788945,0.488475,3.01777,2.02628,0.514509,5.29914,0.454378,0.474332,0.47619,0.492063,0.494694,,,0,18.2047,0,17.343,4.90152,1.83521,,,
Y1/spatial_only__f1_s0,72,0.00036575,0,0.078593,0.4862,2.96433,1.9934,0.532366,5.38999,0.454396,0.478717,0.480952,0.493651,0.494694,,,0,15.0917,0,14.3304,4.08716,1.813,,,
Y1/spatial_only__f1_s0,73,0.00036219,0,0.0782915,0.483925,2.97591,2.00888,0.517857,5.34059,0.436579,0.468604,0.453968,0.479365,0.494694,,,0,17.6252,0,16.6915,5.03552,1.89039,,,
Y1/spatial_only__f1_s0,74,0.000358601,0,0.0779899,0.48165,2.91684,1.9678,0.53404,5.22653,0.473196,0.486211,0.492063,0.5,0.494694,,,0,16.5846,0,15.7349,4.59258,1.85512,,,
Y1/spatial_only__f1_s0,75,0.000354985,0,0.0776884,0.479375,2.83997,1.92096,0.547433,5.34756,0.405462,0.535229,0.434921,0.547619,0.535229,0.528,0.635,0,17.0042,0,16.1445,4.71738,1.83485,100,0,
Y1/spatial_only__f1_s0,76,0.000351343,0,0.0773869,0.4771,2.94125,1.9947,0.517857,5.36865,0.449869,0.53232,0.463492,0.549206,0.535229,,,0,16.786,0,15.8878,4.76146,1.90635,,,
Y1/spatial_only__f1_s0,77,0.000347674,0,0.0770854,0.474825,2.78934,1.8839,0.558594,5.32563,0.456685,0.522475,0.477778,0.539683,0.535229,,,0,16.5699,0,15.6748,4.72808,1.77924,,,
Y1/spatial_only__f1_s0,78,0.000343981,0,0.0767839,0.47255,2.72576,1.84912,0.579799,5.3113,0.489043,0.547426,0.503175,0.55873,0.547426,0.627,0.647,0,15.1495,0,14.3063,4.35922,1.78557,100,0,
Y1/spatial_only__f1_s0,79,0.000340265,0,0.0764824,0.470275,2.77676,1.88456,0.561384,5.35943,0.456594,0.528454,0.484127,0.539683,0.547426,,,0.0119048,21.2803,0,20.4496,5.23163,1.80877,,,
Y1/spatial_only__f1_s0,80,0.000336525,0,0.0761809,0.468,2.73923,1.86748,0.568638,5.42613,0.522286,0.536537,0.542857,0.546032,0.547426,,,0,17.0066,0,16.116,4.80075,1.82357,,,
Y1/spatial_only__f1_s0,81,0.000332764,0,0.0758794,0.465725,2.68307,1.82931,0.571987,5.3394,0.459762,0.552067,0.471429,0.560317,0.552067,0.551,0.653,0,15.9087,0,15.122,4.28189,1.78467,100,0,
Y1/spatial_only__f1_s0,82,0.000328982,0,0.0755779,0.46345,2.63742,1.79901,0.567522,5.23024,0.508971,0.544065,0.530159,0.555556,0.552067,,,0,16.158,0,15.2917,4.62282,1.75959,,,
Y1/spatial_only__f1_s0,83,0.00032518,0,0.0752764,0.461175,2.64145,1.80486,0.59375,5.34828,0.520718,0.555105,0.522222,0.566667,0.555105,0.647,0.663,0,16.4364,0,15.6318,4.46859,1.75476,100,0,
Y1/spatial_only__f1_s0,84,0.000321359,0,0.0749749,0.4589,2.61912,1.79505,0.592076,5.16438,0.500028,0.551077,0.512698,0.565079,0.555105,,,0.0119048,19.4656,0,18.2129,6.22559,1.78888,,,
Y1/spatial_only__f1_s0,85,0.00031752,0,0.0746734,0.456625,2.59116,1.77338,0.589286,5.34777,0.46402,0.563863,0.48254,0.577778,0.563863,0.599,0.679,0,18.6194,0,17.663,5.31993,1.77574,100,0,
Y1/spatial_only__f1_s0,86,0.000313664,0,0.0743719,0.45435,2.5515,1.74969,0.593192,5.38969,0.541061,0.563989,0.553968,0.58254,0.563989,0.672,0.658,0,17.274,0,16.4491,4.68379,1.74692,100,0,
Y1/spatial_only__f1_s0,87,0.000309793,0,0.0740704,0.452075,2.4534,1.68202,0.623884,5.4083,0.522608,0.556627,0.547619,0.571429,0.563989,,,0,16.7351,1,15.6748,5.21373,1.68492,,,
Y1/spatial_only__f1_s0,88,0.000305907,0,0.0737688,0.4498,2.46612,1.6914,0.613839,5.44012,0.501452,0.544753,0.514286,0.55873,0.563989,,,0,17.9277,0,17.0652,4.88934,1.74126,,,
Y1/spatial_only__f1_s0,89,0.000302006,0,0.0734673,0.447525,2.37863,1.63649,0.643415,5.31626,0.537803,0.559919,0.542857,0.571429,0.563989,,,0,16.1305,0,15.2722,4.63466,1.64385,,,
Y1/spatial_only__f1_s0,90,0.000298093,0,0.0731658,0.44525,2.39085,1.65153,0.637835,5.368,0.547946,0.558341,0.560317,0.569841,0.563989,,,0,16.1328,0,15.3596,4.39669,1.65846,,,
Y1/spatial_only__f1_s0,91,0.000294168,0,0.0728643,0.442975,2.24807,1.55373,0.676339,5.32329,0.542987,0.572095,0.552381,0.58254,0.572095,0.667,0.711,0,15.6959,0,14.8853,4.42923,1.67033,100,0,
Y1/spatial_only__f1_s0,92,0.000290233,0,0.0725628,0.4407,2.25977,1.56122,0.674665,5.32869,0.507164,0.573366,0.514286,0.579365,0.573366,0.711,0.722,0,16.4106,0,15.5334,4.78118,1.61077,100,0,
Y1/spatial_only__f1_s0,93,0.000286287,0,0.0722613,0.438425,2.34139,1.62274,0.641741,5.26184,0.532837,0.57214,0.553968,0.580952,0.573366,,,0,19.5119,0,18.596,5.39573,1.67803,,,
Y1/spatial_only__f1_s0,94,0.000282333,0,0.0719598,0.43615,2.24679,1.55411,0.65904,5.29508,0.569045,0.555952,0.579365,0.563492,0.573366,,,0,19.1048,0,18.1509,5.39669,1.64883,,,
Y1/spatial_only__f1_s0,95,0.000278371,0,0.0716583,0.433875,2.25284,1.56249,0.668527,5.31291,0.516524,0.585724,0.520635,0.588889,0.585724,0.637,0.734,0,17.8808,0,16.9727,5.06857,1.66823,100,0,
Y1/spatial_only__f1_s0,96,0.000274402,0,0.0713568,0.4316,2.25767,1.57042,0.656808,5.25971,0.54367,0.58345,0.552381,0.590476,0.585724,,,0,17.8793,0,16.874,5.37775,1.65604,,,
Y1/spatial_only__f1_s0,97,0.000270428,0,0.0710553,0.429325,2.16815,1.50785,0.685268,5.31424,0.579022,0.594777,0.593651,0.596825,0.594777,0.738,0.755,0,17.1294,0,16.2623,4.82487,1.60965,100,0,
Y1/spatial_only__f1_s0,98,0.000266449,0,0.0707538,0.42705,2.17626,1.51914,0.672991,5.30948,0.532245,0.611555,0.547619,0.614286,0.611555,0.694,0.745,0,18.6244,0,17.7977,5.00006,1.61648,100,0,
Y1/spatial_only__f1_s0,99,0.000262466,0,0.0704523,0.424775,2.11049,1.47302,0.705357,5.30702,0.57916,0.603528,0.592063,0.606349,0.611555,,,0,17.382,0,16.5284,4.84212,1.59051,,,
Y1/spatial_only__f1_s0,100,0.000258481,0,0.0701508,0.4225,2.05551,1.44042,0.704241,5.34146,0.543894,0.596079,0.55873,0.603175,0.611555,0.719,0.764,0,18.8148,0,18.0163,4.94617,1.564,100,0,
Y1/spatial_only__f1_s0,101,0.000254494,0,0.0698492,0.420225,2.06514,1.44511,0.704799,5.22013,0.57967,0.611955,0.595238,0.61746,0.611955,0.722,0.78,0,19.8664,0,18.9474,5.46407,1.57962,100,0,
Y1/spatial_only__f1_s0,102,0.000250506,0,0.0695477,0.41795,2.13499,1.49655,0.684152,5.20133,0.52881,0.620277,0.536508,0.628571,0.620277,0.712,0.783,0,20.4476,0,19.5903,5.37719,1.66498,100,0,
Y1/spatial_only__f1_s0,103,0.000246519,0,0.0692462,0.415675,2.04819,1.43752,0.705915,5.31453,0.535206,0.628092,0.552381,0.631746,0.628092,0.674,0.79,0,22.442,0,21.6514,5.38705,1.58915,100,0,
Y1/spatial_only__f1_s0,104,0.000242534,0,0.0689447,0.4134,2.00401,1.41187,0.709821,5.27915,0.552977,0.601847,0.55873,0.603175,0.628092,,,0,18.9678,0,18.0437,5.24394,1.59086,,,
Y1/spatial_only__f1_s0,105,0.000238551,0,0.0686432,0.411125,1.99691,1.40759,0.727679,5.34673,0.570605,0.594349,0.57619,0.596825,0.628092,,,0,18.4086,0,17.5763,5.0299,1.54014,,,
Y1/spatial_only__f1_s0,106,0.000234572,0,0.0683417,0.40885,1.98664,1.40235,0.722656,5.26912,0.594885,0.6212,0.606349,0.620635,0.628092,,,0,16.5991,0,15.7602,4.6908,1.51314,,,
Y1/spatial_only__f1_s0,107,0.000230598,0,0.0680402,0.406575,1.95345,1.37776,0.736607,5.28467,0.560576,0.607418,0.571429,0.611111,0.628092,,,0,17.5736,0,16.727,4.90054,1.51296,,,
Y1/spatial_only__f1_s0,108,0.000226629,0,0.0677387,0.4043,1.95047,1.38111,0.729911,5.39079,0.600986,0.619092,0.609524,0.62381,0.628092,,,0,19.9302,0,19.174,4.97998,1.53227,,,
Y1/spatial_only__f1_s0,109,0.000222667,0,0.0674372,0.402025,1.88579,1.3379,0.737165,5.35679,0.56898,0.620816,0.58254,0.62381,0.628092,,,0,20.716,0,19.9606,5.05635,1.52618,,,
Y1/spatial_only__f1_s0,110,0.000218713,0,0.0671357,0.39975,1.89636,1.34568,0.730469,5.29108,0.605016,0.622252,0.615873,0.626984,0.628092,,,0,17.8207,0,16.9058,5.15137,1.49968,,,
Y1/spatial_only__f1_s0,111,0.000214767,0,0.0668342,0.397475,1.92712,1.37011,0.728237,5.37591,0.60642,0.621453,0.612698,0.625397,0.628092,,,0,18.8144,0,17.9456,5.14997,1.50824,,,
Y1/spatial_only__f1_s0,112,0.000210832,0,0.0665327,0.3952,1.8416,1.30828,0.762277,5.37199,0.594795,0.624156,0.6,0.631746,0.628092,,,0,17.7414,0,16.8829,5.04433,1.47278,,,
Y1/spatial_only__f1_s0,113,0.000206907,0,0.0662312,0.392925,1.7772,1.26524,0.761719,5.28026,0.612766,0.63186,0.615873,0.636508,0.63186,0.81,0.834,0,15.4893,0,14.6151,4.72958,1.41657,100,0,
Y1/spatial_only__f1_s0,114,0.000202994,0,0.0659296,0.39065,1.78413,1.27134,0.761161,5.27341,0.611421,0.638801,0.622222,0.642857,0.638801,0.801,0.84,0,16.7996,0,15.8784,5.03452,1.44092,100,0,
Y1/spatial_only__f1_s0,115,0.000199093,0,0.0656281,0.388375,1.73534,1.23862,0.784598,5.22578,0.523902,0.638852,0.542857,0.642857,0.638852,0.718,0.835,0,16.1811,0,15.2763,4.90358,1.43616,100,0,
Y1/spatial_only__f1_s0,116,0.000195207,0,0.0653266,0.3861,1.83446,1.31595,0.735491,5.2381,0.576338,0.636729,0.585714,0.639683,0.638852,,,0,21.7078,0,20.7589,5.95492,1.50533,,,
Y1/spatial_only__f1_s0,117,0.000191336,0,0.0650251,0.383825,1.78108,1.27965,0.768415,5.34587,0.589974,0.629955,0.598413,0.634921,0.638852,,,0,19.3008,0,18.5293,4.93873,1.44217,,,
Y1/spatial_only__f1_s0,118,0.00018748,0,0.0647236,0.38155,1.74066,1.25073,0.771205,5.36816,0.542391,0.643216,0.555556,0.647619,0.643216,0.736,0.838,0,19.6097,0,18.5933,5.78319,1.47462,100,0,
Y1/spatial_only__f1_s0,119,0.000183641,0,0.0644221,0.379275,1.722,1.24004,0.768973,5.35367,0.623942,0.639153,0.631746,0.642857,0.643216,,,0,20.7445,0,19.8702,5.48827,1.48804,,,
Y1/spatial_only__f1_s0,120,0.00017982,0,0.0641206,0.377,1.66948,1.20297,0.785156,5.34507,0.608704,0.63631,0.615873,0.636508,0.643216,,,0,19.5781,0,18.7849,5.07197,1.40273,,,
Y1/spatial_only__f1_s0,121,0.000176018,0,0.0638191,0.374725,1.64264,1.18026,0.790737,5.3446,0.597668,0.656612,0.607937,0.660317,0.656612,0.836,0.857,0,16.2979,0,15.4279,4.83117,1.39626,100,0,
Y1/spatial_only__f1_s0,122,0.000172236,0,0.0635176,0.37245,1.62909,1.17485,0.791853,5.39377,0.581525,0.641033,0.593651,0.644444,0.656612,,,0,18.0084,0,17.0833,5.27686,1.37912,,,
Y1/spatial_only__f1_s0,123,0.000168475,0,0.0632161,0.370175,1.61557,1.16715,0.804688,5.31475,0.628642,0.637382,0.631746,0.642857,0.656612,,,0,16.5695,0,15.7677,4.67729,1.34328,,,
Y1/spatial_only__f1_s0,124,0.000164735,0,0.0629146,0.3679,1.59455,1.14911,0.801897,5.28921,0.638338,0.629868,0.646032,0.636508,0.656612,,,0,15.5356,0,14.6295,4.86681,1.34221,,,
Y1/spatial_only__f1_s0,125,0.000161019,0,0.0626131,0.365625,1.58709,1.15366,0.798549,5.39882,0.608426,0.645107,0.61746,0.652381,0.656612,0.811,0.866,0,16.9041,0,16.0597,4.85136,1.33853,100,0,
Y1/spatial_only__f1_s0,126,0.000157326,0,0.0623116,0.36335,1.6397,1.19182,0.782366,5.36291,0.620676,0.656481,0.628571,0.663492,0.656612,,,0,18.8334,0,17.9096,5.38367,1.40455,,,
Y1/spatial_only__f1_s0,127,0.000153657,0,0.0620101,0.361075,1.65301,1.20432,0.786272,5.26575,0.628163,0.644854,0.633333,0.652381,0.656612,,,0.0119048,23.8223,0,22.8642,6.27355,1.40348,,,
Y1/spatial_only__f1_s0,128,0.000150015,0,0.0617085,0.3588,1.52711,1.11231,0.810826,5.30981,0.624641,0.645636,0.628571,0.655556,0.656612,,,0,16.8455,0,15.9613,5.0174,1.32313,,,
Y1/spatial_only__f1_s0,129,0.000146399,0,0.061407,0.356525,1.5378,1.11989,0.811942,5.34092,0.634171,0.649815,0.644444,0.657143,0.656612,,,0,18.6625,0,17.7423,5.35553,1.3556,,,
Y1/spatial_only__f1_s0,130,0.00014281,0,0.0611055,0.35425,1.51935,1.11065,0.809152,5.33717,0.641128,0.666764,0.647619,0.674603,0.666764,0.866,0.869,0,17.2666,0,16.4446,4.83651,1.32691,100,0,
Y1/spatial_only__f1_s0,131,0.00013925,0,0.060804,0.351975,1.51955,1.11333,0.80971,5.33871,0.622449,0.668056,0.633333,0.674603,0.668056,0.881,0.876,0,18.3758,0,17.5664,5.02091,1.32192,100,0,
Y1/spatial_only__f1_s0,132,0.000135719,0,0.0605025,0.3497,1.47316,1.0797,0.831473,5.29396,0.642855,0.674012,0.652381,0.679365,0.674012,0.871,0.892,0,15.7982,0,14.9098,4.8517,1.30935,100,0,
Y1/spatial_only__f1_s0,133,0.000132219,0,0.060201,0.347425,1.44651,1.06026,0.823661,5.33181,0.622554,0.668927,0.628571,0.674603,0.674012,,,0,16.0374,0,15.2254,4.69863,1.29508,,,
Y1/spatial_only__f1_s0,134,0.00012875,0,0.0598995,0.34515,1.41794,1.03834,0.823103,5.21744,0.625196,0.674076,0.631746,0.680952,0.674076,0.876,0.893,0,17.0764,0,16.1913,5.0898,1.26961,100,0,
Y1/spatial_only__f1_s0,135,0.000125313,0,0.059598,0.342875,1.41472,1.04071,0.833147,5.30272,0.645521,0.668079,0.650794,0.674603,0.674076,,,0,20.2855,0,19.4497,5.27353,1.29973,,,
Y1/spatial_only__f1_s0,136,0.000121909,0,0.0592965,0.3406,1.41206,1.0418,0.836496,5.32573,0.623036,0.663002,0.633333,0.671429,0.674076,,,0,16.0604,0,15.1938,4.86663,1.24778,,,
Y1/spatial_only__f1_s0,137,0.000118539,0,0.058995,0.338325,1.39277,1.02782,0.833705,5.30105,0.631648,0.668515,0.639683,0.677778,0.674076,,,0,16.5801,0,15.7466,4.84178,1.2624,,,
Y1/spatial_only__f1_s0,138,0.000115204,0,0.0586935,0.33605,1.39861,1.03417,0.84096,5.30506,0.647895,0.659234,0.652381,0.666667,0.674076,,,0,16.9609,0,16.1883,4.72208,1.25992,,,
Y1/spatial_only__f1_s0,139,0.000111904,0,0.058392,0.333775,1.37644,1.01999,0.837612,5.38628,0.64059,0.665302,0.649206,0.673016,0.674076,,,0,16.4039,0,15.5344,4.90913,1.25272,,,
Y1/spatial_only__f1_s0,140,0.000108641,0,0.0580905,0.3315,1.33922,0.990289,0.845982,5.33541,0.626426,0.66817,0.634921,0.67619,0.674076,,,0.0119048,19.0453,0,18.0937,5.58659,1.2823,,,
Y1/spatial_only__f1_s0,141,0.000105415,0,0.0577889,0.329225,1.33735,0.991543,0.850446,5.21427,0.634698,0.676716,0.639683,0.684127,0.676716,0.909,0.916,0,16.7424,0,15.941,4.73134,1.24106,100,0,
Y1/spatial_only__f1_s0,142,0.000102227,0,0.0574874,0.32695,1.32107,0.981334,0.844308,5.25453,0.662123,0.670474,0.669841,0.67619,0.676716,,,0,16.4229,0,15.5413,4.96578,1.22887,,,
Y1/spatial_only__f1_s0,143,9.90786e-05,0,0.0571859,0.324675,1.29284,0.962794,0.851563,5.32055,0.642542,0.668622,0.649206,0.674603,0.676716,,,0,16.245,0,15.3556,4.98428,1.20883,,,
Y1/spatial_only__f1_s0,144,9.59698e-05,0,0.0568844,0.3224,1.30729,0.975612,0.842634,5.31649,0.644215,0.662504,0.653968,0.666667,0.676716,,,0,15.8173,0,14.8924,5.0032,1.22629,,,
Y1/spatial_only__f1_s0,145,9.29016e-05,0,0.0565829,0.320125,1.26291,0.946022,0.858817,5.32709,0.639048,0.66509,0.646032,0.668254,0.676716,,,0,17.3328,0,16.5614,4.75609,1.19678,,,
Y1/spatial_only__f1_s0,146,8.98748e-05,0,0.0562814,0.31785,1.27412,0.952619,0.859375,5.34685,0.653641,0.67239,0.65873,0.677778,0.676716,,,0,18.3829,0,17.6007,4.96009,1.19628,,,
Y1/spatial_only__f1_s0,147,8.68902e-05,0,0.0559799,0.315575,1.26347,0.94557,0.851004,5.35545,0.644857,0.667566,0.649206,0.673016,0.676716,,,0,15.1521,0,14.2471,4.85821,1.17294,,,
Y1/spatial_only__f1_s0,148,8.39486e-05,0,0.0556784,0.3133,1.23378,0.925402,0.86942,5.36195,0.598715,0.667076,0.603175,0.671429,0.676716,,,0,15.9519,0,15.0858,4.86484,1.18117,,,
Y1/spatial_only__f1_s0,149,8.10507e-05,0,0.0553769,0.311025,1.24156,0.934086,0.864955,5.35254,0.654172,0.671008,0.657143,0.677778,0.676716,,,0,15.2588,0,14.45,4.58893,1.15317,,,
Y1/spatial_only__f1_s0,150,7.81974e-05,0,0.0550754,0.30875,1.26934,0.96079,0.848772,5.364,0.643999,0.663263,0.650794,0.671429,0.676716,0.929,0.925,0,15.5007,0,14.6548,4.71678,1.20348,100,0,
Y1/spatial_only__f1_s0,151,7.53893e-05,0,0.0547739,0.306475,1.23206,0.931363,0.864397,5.24082,0.646856,0.663511,0.653968,0.669841,0.676716,,,0,17.8381,0,17.0367,4.93501,1.18322,,,
Y1/spatial_only__f1_s0,152,7.26271e-05,0,0.0544724,0.3042,1.20333,0.908188,0.87779,5.22926,0.661276,0.675936,0.668254,0.684127,0.676716,,,0,16.5653,0,15.6985,4.9675,1.15145,,,
Y1/spatial_only__f1_s0,153,6.99117e-05,0,0.0541709,0.301925,1.18934,0.90092,0.875,5.27154,0.648274,0.671524,0.652381,0.677778,0.676716,,,0,15.6887,0,14.9101,4.54047,1.14122,,,
Y1/spatial_only__f1_s0,154,6.72436e-05,0,0.0538693,0.29965,1.16223,0.877665,0.885045,5.42302,0.659012,0.675998,0.663492,0.68254,0.676716,,,0,15.056,0,14.2434,4.5738,1.14424,,,
Y1/spatial_only__f1_s0,155,6.46236e-05,0,0.0535678,0.297375,1.16556,0.884606,0.879464,5.29037,0.658624,0.67382,0.663492,0.680952,0.676716,,,0,16.0976,0,15.2663,4.75437,1.14643,,,
Y1/spatial_only__f1_s0,156,6.20524e-05,0,0.0532663,0.2951,1.17634,0.895443,0.871652,5.33613,0.640211,0.675517,0.649206,0.68254,0.676716,,,0,16.9064,0,15.8485,5.56397,1.18149,,,
Y1/spatial_only__f1_s0,157,5.95306e-05,0,0.0529648,0.292825,1.15067,0.875825,0.87779,5.29448,0.662845,0.674101,0.669841,0.680952,0.676716,,,0,14.9777,0,14.0849,4.72107,1.16737,,,
Y1/spatial_only__f1_s0,158,5.70589e-05,0,0.0526633,0.29055,1.14084,0.870689,0.884487,5.24156,0.64992,0.676441,0.653968,0.684127,0.676716,,,0,15.1712,0,14.3379,4.62048,1.12162,,,
Y1/spatial_only__f1_s0,159,5.46379e-05,0,0.0523618,0.288275,1.1543,0.884494,0.876674,5.40115,0.645606,0.673488,0.652381,0.680952,0.676716,,,0,15.7995,0,14.9193,4.83686,1.13785,,,
Y1/spatial_only__f1_s0,160,5.22683e-05,0,0.0520603,0.286,1.15872,0.888471,0.871094,5.28612,0.657021,0.671076,0.665079,0.677778,0.676716,,,0,16.4509,0,15.5018,5.16402,1.17248,,,
Y1/spatial_only__f1_s0,161,4.99506e-05,0,0.0517588,0.283725,1.15244,0.886458,0.878348,5.22777,0.657139,0.672126,0.661905,0.679365,0.676716,,,0,14.317,0,13.4395,4.62018,1.14409,,,
Y1/spatial_only__f1_s0,162,4.76856e-05,0,0.0514573,0.28145,1.13331,0.874666,0.882254,5.41242,0.669179,0.675594,0.679365,0.680952,0.676716,,,0,15.3448,0,14.5068,4.6846,1.13504,,,
Y1/spatial_only__f1_s0,163,4.54736e-05,0,0.0511558,0.279175,1.09849,0.848074,0.883371,5.27338,0.655079,0.670606,0.661905,0.674603,0.676716,,,0,14.0748,0,13.1768,4.63726,1.10291,,,
Y1/spatial_only__f1_s0,164,4.33155e-05,0,0.0508543,0.2769,1.09644,0.845966,0.879464,5.36852,0.664697,0.675837,0.674603,0.680952,0.676716,,,0,15.7286,0,14.768,5.1234,1.11887,,,
Y1/spatial_only__f1_s0,165,4.12116e-05,0,0.0505528,0.274625,1.08023,0.833099,0.896763,5.34127,0.664423,0.665284,0.668254,0.671429,0.676716,,,0,14.1766,0,13.2335,4.78704,1.103,,,
Y1/spatial_only__f1_s0,166,3.91625e-05,0,0.0502513,0.27235,1.09105,0.844302,0.882254,5.30486,0.647403,0.674928,0.652381,0.680952,0.676716,,,0,14.8953,0,14.0727,4.58756,1.12323,,,
Y1/spatial_only__f1_s0,167,3.71688e-05,0,0.0499497,0.270075,1.06099,0.821808,0.890625,5.24241,0.655903,0.666798,0.665079,0.671429,0.676716,,,0,13.3475,0,12.4461,4.48416,1.10995,,,
Y1/spatial_only__f1_s0,168,3.5231e-05,0,0.0496482,0.2678,1.07839,0.839255,0.87779,5.3068,0.669479,0.663605,0.67619,0.668254,0.676716,,,0,14.5577,0,13.6784,4.69195,1.09738,,,
Y1/spatial_only__f1_s0,169,3.33496e-05,0,0.0493467,0.265525,1.01221,0.785691,0.897321,5.35961,0.665054,0.666924,0.671429,0.673016,0.676716,,,0,13.4589,0,12.6459,4.33448,1.04285,,,
Y1/spatial_only__f1_s0,170,3.15251e-05,0,0.0490452,0.26325,1.07113,0.833343,0.888393,5.32852,0.66366,0.669358,0.668254,0.67619,0.676716,,,0,14.1354,0,13.2926,4.53507,1.09317,,,
Y1/spatial_only__f1_s0,171,2.97579e-05,0,0.0487437,0.260975,1.08302,0.847188,0.872768,5.32681,0.647044,0.670698,0.652381,0.67619,0.676716,,,0,13.9975,0,13.1489,4.48118,1.10889,,,
Y1/spatial_only__f1_s0,172,2.80486e-05,0,0.0484422,0.2587,1.04025,0.813096,0.890067,5.29508,0.662268,0.671499,0.668254,0.67619,0.676716,,,0,14.5153,0,13.4756,5.06079,1.08398,,,
Y1/spatial_only__f1_s0,173,2.63975e-05,0,0.0481407,0.256425,1.03769,0.812016,0.891741,5.28759,0.664564,0.670227,0.668254,0.674603,0.676716,,,0,13.7532,0,12.9255,4.4207,1.11272,,,
Y1/spatial_only__f1_s0,174,2.48051e-05,0,0.0478392,0.25415,1.00425,0.788569,0.901786,5.42416,0.654428,0.665647,0.65873,0.669841,0.676716,,,0,12.7273,0,11.8696,4.25575,1.07186,,,
Y1/spatial_only__f1_s0,175,2.32718e-05,0,0.0475377,0.251875,0.992831,0.78135,0.898996,5.26828,0.659099,0.669277,0.663492,0.674603,0.676716,0.96,0.959,0,13.8039,0,13.0123,4.30437,1.03573,100,0,
Y1/spatial_only__f1_s0,176,2.1798e-05,0,0.0472362,0.25,0.979364,0.771454,0.90067,5.37572,0.662917,0.664697,0.668254,0.669841,0.676716,,,0,14.1199,0,13.2868,4.44132,1.08433,,,
Y1/spatial_only__f1_s0,177,2.0384e-05,0,0.0469347,0.25,0.962187,0.756906,0.905692,5.35181,0.66574,0.67018,0.674603,0.674603,0.676716,,,0,14.9625,0,14.0492,4.77281,1.08183,,,
Y1/spatial_only__f1_s0,178,1.90303e-05,0,0.0466332,0.25,0.963888,0.757534,0.904018,5.27816,0.653276,0.670255,0.65873,0.674603,0.676716,,,0,13.2147,0,12.4755,4.06815,1.02203,,,
Y1/spatial_only__f1_s0,179,1.77372e-05,0,0.0463317,0.25,0.97066,0.762903,0.897879,5.34553,0.660381,0.672672,0.665079,0.677778,0.676716,,,0,12.4371,0,11.6414,4.1005,1.03929,,,
Y1/spatial_only__f1_s0,180,1.65051e-05,0,0.0460302,0.25,1.0018,0.788126,0.897321,5.19558,0.662699,0.663331,0.669841,0.668254,0.676716,,,0,13.0286,0,12.249,4.13617,1.04122,,,
Y1/spatial_only__f1_s0,181,1.53342e-05,0,0.0457286,0.25,0.949019,0.746457,0.90346,5.23756,0.658042,0.667194,0.665079,0.671429,0.676716,0.963,0.959,0,13.4603,0,12.7329,4.07107,1.03384,,,
Y1/spectral_only__f0_s0,1,0.0002,1,0.1,0.647725,5.16895,5.16895,0.0206473,5.88011,0.0146274,0.0169395,0.0412698,0.0444444,0.0169395,0.062,0.059,0.0238095,14.9323,2,,,9.71352,0,100,11.8487
Y1/spectral_only__f0_s0,2,0.0003,1,0.0996985,0.64545,4.3397,4.3397,0.0435268,3.84931,0.0301095,0.0462018,0.0777778,0.0793651,0.0462018,0.085,0.102,0,8.80007,0,,,5.86416,0,100,6.55774
Y1/spectral_only__f0_s0,3,0.0004,1,0.099397,0.643175,4.04617,4.04617,0.0574777,3.88991,0.0622033,0.094243,0.107937,0.138095,0.094243,0.12,0.161,0,7.31813,0,,,4.8937,0,100,5.43622
Y1/spectral_only__f0_s0,4,0.0005,1,0.0990955,0.6409,4.01642,4.01642,0.0530134,3.89643,0.0907296,0.101278,0.142857,0.139683,0.101278,0.144,0.173,0,6.71182,0,,,4.41776,0,100,5.04936
Y1/spectral_only__f0_s0,5,0.000499968,1,0.098794,0.638625,3.8372,3.8372,0.0887277,3.86196,0.0870425,0.134949,0.138095,0.185714,0.134949,0.142,0.204,0,6.42628,0,,,4.14831,0,100,4.90325
Y1/spectral_only__f0_s0,6,0.000499872,1,0.0984925,0.63635,3.83082,3.83082,0.0870536,3.82054,0.101698,0.121314,0.150794,0.173016,0.134949,,,0,5.80319,0,,,3.68061,,,4.47584
Y1/spectral_only__f0_s0,7,0.000499711,1,0.098191,0.634075,3.6641,3.6641,0.0758929,3.98701,0.11625,0.148756,0.171429,0.187302,0.148756,0.204,0.241,0,6.18353,0,,,3.63912,0,100,4.98499
Y1/spectral_only__f0_s0,8,0.000499486,1,0.0978894,0.6318,3.73146,3.73146,0.0608259,3.9785,0.114633,0.156646,0.165079,0.201587,0.156646,0.213,0.236,0,6.11967,0,,,3.48182,0,100,5.02143
Y1/spectral_only__f0_s0,9,0.000499197,1,0.0975879,0.629525,3.60812,3.60812,0.0697545,3.76774,0.128158,0.181282,0.179365,0.230159,0.181282,0.237,0.263,0,6.06748,0,,,3.33782,0,100,5.04798
Y1/spectral_only__f0_s0,10,0.000498845,1,0.0972864,0.62725,3.78753,3.78753,0.0998884,3.78456,0.122254,0.183533,0.177778,0.226984,0.183533,0.225,0.26,0,5.95685,0,,,3.18267,0,100,5.01278
Y1/spectral_only__f0_s0,11,0.000498428,1,0.0969849,0.624975,3.63134,3.63134,0.114955,3.92757,0.144675,0.193774,0.198413,0.242857,0.193774,0.236,0.273,0,5.40961,0,,,3.04175,0,100,4.46362
Y1/spectral_only__f0_s0,12,0.000497947,1,0.0966834,0.6227,3.65172,3.65173,0.0859375,3.90737,0.166633,0.215505,0.212698,0.261905,0.215505,0.23,0.279,0,6.40258,0,,,2.9928,0,100,5.63978
Y1/spectral_only__f0_s0,13,0.000497403,1,0.0963819,0.620425,3.46325,3.46325,0.120536,3.78549,0.1589,0.217772,0.201587,0.25873,0.217772,0.27,0.287,0,6.15548,0,,,3.03034,0,100,5.34331
Y1/spectral_only__f0_s0,14,0.000496795,1,0.0960804,0.61815,3.62368,3.62368,0.109933,3.9778,0.159417,0.216616,0.203175,0.261905,0.217772,,,0,6.11596,0,,,2.81054,,,5.41129
Y1/spectral_only__f0_s0,15,0.000496124,1,0.0957789,0.615875,3.51986,3.51986,0.0998884,4.17623,0.170542,0.229707,0.220635,0.269841,0.229707,0.276,0.299,0,6.89192,0,,,2.87915,0,100,6.23611
Y1/spectral_only__f0_s0,16,0.000495389,1,0.0954774,0.6136,3.38389,3.38389,0.102679,3.90518,0.208559,0.241705,0.250794,0.279365,0.241705,0.289,0.321,0,6.37541,0,,,2.87333,0,100,5.67298
Y1/spectral_only__f0_s0,17,0.000494592,1,0.0951759,0.611325,3.41593,3.41593,0.115513,3.7506,0.198513,0.254977,0.236508,0.288889,0.254977,0.301,0.342,0,6.51235,0,,,2.77768,0,100,5.87822
Y1/spectral_only__f0_s0,18,0.000493731,1,0.0948744,0.60905,3.31264,3.31264,0.0970982,3.90345,0.231458,0.262904,0.268254,0.295238,0.262904,0.314,0.343,0,6.67109,0,,,2.80182,0,100,6.03537
Y1/spectral_only__f0_s0,19,0.000492808,1,0.0945729,0.606775,3.49692,3.49692,0.110491,3.92361,0.200384,0.258845,0.236508,0.298413,0.262904,,,0,6.01867,0,,,2.62741,,,5.40258
Y1/spectral_only__f0_s0,20,0.000491823,1,0.0942714,0.6045,3.43363,3.43363,0.143415,4.04432,0.234307,0.263524,0.273016,0.3,0.263524,0.315,0.352,0,6.42446,0,,,2.57418,0,100,5.87017
Y1/spectral_only__f0_s0,21,0.000490775,1,0.0939698,0.602225,3.4382,3.4382,0.133371,3.83615,0.18506,0.26928,0.231746,0.303175,0.26928,0.305,0.356,0,7.39243,0,,,2.67677,0,100,6.86528
Y1/spectral_only__f0_s0,22,0.000489666,1,0.0936683,0.59995,3.41748,3.41748,0.112723,3.8556,0.20196,0.278283,0.247619,0.314286,0.278283,0.325,0.365,0,7.07399,0,,,2.65087,0,100,6.54447
Y1/spectral_only__f0_s0,23,0.000488495,1,0.0933668,0.597675,3.4268,3.4268,0.093192,3.87284,0.22868,0.28779,0.265079,0.322222,0.28779,0.319,0.37,0,6.76649,0,,,2.47883,0,100,6.27635
Y1/spectral_only__f0_s0,24,0.000487263,1,0.0930653,0.5954,3.43287,3.43287,0.0831473,3.95635,0.252792,0.286586,0.280952,0.320635,0.28779,,,0,6.5754,0,,,2.49652,,,6.07537
Y1/spectral_only__f0_s0,25,0.00048597,1,0.0927638,0.593125,3.38559,3.38559,0.136719,3.87954,0.226381,0.293015,0.273016,0.325397,0.293015,0.341,0.38,0,6.47759,0,,,2.47777,0,100,5.97255
Y1/spectral_only__f0_s0,26,0.000484616,1,0.0924623,0.59085,3.35133,3.35133,0.150112,3.92857,0.274237,0.285437,0.307937,0.31746,0.293015,,,0,6.48291,0,,,2.39853,,,6.0164
Y1/spectral_only__f0_s0,27,0.000483202,1,0.0921608,0.588575,3.21283,3.21283,0.135045,3.73827,0.240938,0.291744,0.273016,0.32381,0.293015,,,0,7.59631,0,,,2.42582,,,7.18703
Y1/spectral_only__f0_s0,28,0.000481728,1,0.0918593,0.5863,3.36409,3.36409,0.172433,4.00757,0.272123,0.290707,0.319048,0.322222,0.293015,,,0,7.69587,0,,,2.40915,,,7.28764
Y1/spectral_only__f0_s0,29,0.000480195,1,0.0915578,0.584025,3.336,3.336,0.137277,4.07103,0.261854,0.298475,0.301587,0.330159,0.298475,0.37,0.4,0,6.87603,0,,,2.36154,0,100,6.44153
Y1/spectral_only__f0_s0,30,0.000478603,1,0.0912563,0.58175,3.32771,3.32771,0.112165,3.80443,0.254898,0.307543,0.292063,0.34127,0.307543,0.372,0.414,0,7.66241,0,,,2.42808,0,100,7.25459
Y1/spectral_only__f0_s0,31,0.000476951,0,0.0909548,0.579475,2.79014,2.79014,0.323103,3.93644,0.285671,0.337013,0.322222,0.365079,0.337013,0.398,0.43,0,8.15215,0,,,2.60816,0,100,7.71353
Y1/spectral_only__f0_s0,32,0.000475242,0,0.0906533,0.5772,2.73731,2.73731,0.352121,3.79172,0.299542,0.342454,0.330159,0.366667,0.342454,0.393,0.437,0,8.18137,0,,,2.58382,0,100,7.75072
Y1/spectral_only__f0_s0,33,0.000473475,0,0.0903518,0.574925,2.73432,2.73432,0.330357,4.00444,0.320212,0.343572,0.34127,0.366667,0.343572,0.408,0.448,0,9.53794,0,,,2.60673,0,100,9.15186
Y1/spectral_only__f0_s0,34,0.00047165,0,0.0900503,0.57265,2.70795,2.70795,0.349888,3.84933,0.336515,0.353821,0.355556,0.37619,0.353821,0.433,0.459,0,8.9619,0,,,2.60277,0,100,8.5673
Y1/spectral_only__f0_s0,35,0.000469769,0,0.0897487,0.570375,2.68733,2.68733,0.345982,3.75457,0.306669,0.359872,0.336508,0.379365,0.359872,0.444,0.473,0,10.1095,0,,,2.56859,0,100,9.76827
Y1/spectral_only__f0_s0,36,0.000467831,0,0.0894472,0.5681,2.64673,2.64673,0.356585,4.0134,0.329371,0.364541,0.350794,0.385714,0.364541,0.463,0.479,0,9.62611,0,,,2.56056,0,100,9.26237
Y1/spectral_only__f0_s0,37,0.000465837,0,0.0891457,0.565825,2.61589,2.61589,0.385603,4.09467,0.312674,0.37178,0.339683,0.390476,0.37178,0.424,0.481,0,11.1436,0,,,2.56725,0,100,10.8199
Y1/spectral_only__f0_s0,38,0.000463788,0,0.0888442,0.56355,2.59348,2.59348,0.376116,3.74937,0.327522,0.37545,0.35873,0.395238,0.37545,0.462,0.488,0,10.4666,0,,,2.51319,0,100,10.1498
Y1/spectral_only__f0_s0,39,0.000461685,0,0.0885427,0.561275,2.55202,2.55202,0.387277,3.63432,0.33526,0.372407,0.366667,0.390476,0.37545,,,0,11.1543,0,,,2.56509,,,10.8361
Y1/spectral_only__f0_s0,40,0.000459526,0,0.0882412,0.559,2.55883,2.55883,0.375558,3.86425,0.328269,0.378343,0.35873,0.396825,0.378343,0.478,0.511,0,9.67023,0,,,2.4665,0,100,9.33931
Y1/spectral_only__f0_s0,41,0.000457314,0,0.0879397,0.556725,2.46734,2.46734,0.416295,3.85752,0.35006,0.375301,0.385714,0.393651,0.378343,,,0,11.3932,0,,,2.50017,,,11.0994
Y1/spectral_only__f0_s0,42,0.000455049,0,0.0876382,0.55445,2.48514,2.48514,0.408482,3.78459,0.380915,0.375923,0.401587,0.396825,0.380915,0.516,0.525,0,10.9993,0,,,2.49312,0,100,10.6979
Y1/spectral_only__f0_s0,43,0.000452732,0,0.0873367,0.552175,2.52166,2.52166,0.397321,3.96508,0.366649,0.38219,0.396825,0.401587,0.38219,0.519,0.538,0,11.2359,0,,,2.48562,0,100,10.9425
Y1/spectral_only__f0_s0,44,0.000450362,0,0.0870352,0.5499,2.49345,2.49345,0.415179,3.97366,0.347219,0.383126,0.363492,0.401587,0.383126,0.524,0.545,0,10.9212,0,,,2.51196,0,100,10.6189
Y1/spectral_only__f0_s0,45,0.000447941,0,0.0867337,0.547625,2.46778,2.46778,0.407924,3.86359,0.344517,0.387676,0.373016,0.406349,0.387676,0.537,0.557,0,13.2164,0,,,2.51107,0,100,12.9541
Y1/spectral_only__f0_s0,46,0.000445469,0,0.0864322,0.54535,2.43139,2.43139,0.410156,3.78042,0.372772,0.392549,0.395238,0.409524,0.392549,0.531,0.568,0,11.5287,0,,,2.39171,0,100,11.2679
Y1/spectral_only__f0_s0,47,0.000442948,0,0.0861307,0.543075,2.39116,2.39116,0.434152,3.89451,0.359569,0.39097,0.387302,0.406349,0.392549,,,0,11.0984,0,,,2.39874,,,10.8233
Y1/spectral_only__f0_s0,48,0.000440376,0,0.0858291,0.5408,2.39025,2.39025,0.432478,3.71679,0.33697,0.393168,0.363492,0.409524,0.393168,0.512,0.591,0,13.9784,0,,,2.48045,0,100,13.734
Y1/spectral_only__f0_s0,49,0.000437756,0,0.0855276,0.538525,2.31408,2.31408,0.470424,3.74813,0.4036,0.402898,0.419048,0.419048,0.4036,0.544,0.596,0,11.7185,0,,,2.3636,0,100,11.4618
Y1/spectral_only__f0_s0,50,0.000435088,0,0.0852261,0.53625,2.26474,2.26474,0.459821,3.89425,0.39501,0.414455,0.42381,0.430159,0.414455,0.553,0.599,0,11.5651,0,,,2.37432,0,100,11.3034
Y1/spectral_only__f0_s0,51,0.000432373,0,0.0849246,0.533975,2.35858,2.35858,0.446429,3.94013,0.394974,0.424358,0.422222,0.439683,0.424358,0.559,0.603,0,13.7622,0,,,2.37174,0,100,13.543
Y1/spectral_only__f0_s0,52,0.000429611,0,0.0846231,0.5317,2.29721,2.29721,0.459821,3.94727,0.423869,0.426451,0.442857,0.442857,0.426451,0.589,0.61,0.0119048,14.604,1,,,2.35892,0,100,14.3884
Y1/spectral_only__f0_s0,53,0.000426803,0,0.0843216,0.529425,2.28509,2.28509,0.462612,3.85906,0.399167,0.430751,0.42381,0.447619,0.430751,0.59,0.618,0,11.8836,0,,,2.32426,0,100,11.6395
Y1/spectral_only__f0_s0,54,0.000423949,0,0.0840201,0.52715,2.27792,2.27792,0.46875,3.9479,0.378557,0.430204,0.4,0.446032,0.430751,,,0,14.1255,0,,,2.36897,,,13.9068
Y1/spectral_only__f0_s0,55,0.000421051,0,0.0837186,0.524875,2.2193,2.2193,0.487723,4.00141,0.4161,0.440042,0.428571,0.455556,0.440042,0.585,0.631,0,14.4201,0,,,2.31894,0,100,14.2154
Y1/spectral_only__f0_s0,56,0.00041811,0,0.0834171,0.5226,2.28794,2.28794,0.455915,3.93119,0.444204,0.446334,0.463492,0.460317,0.446334,0.621,0.628,0,12.4392,0,,,2.34979,0,100,12.2035
Y1/spectral_only__f0_s0,57,0.000415125,0,0.0831156,0.520325,2.20381,2.20381,0.496094,3.97455,0.437428,0.449017,0.455556,0.461905,0.449017,0.618,0.639,0,11.9255,0,,,2.28543,0,100,11.6907
Y1/spectral_only__f0_s0,58,0.000412098,0,0.0828141,0.51805,2.20172,2.20172,0.500558,3.77116,0.433994,0.452246,0.444444,0.466667,0.452246,0.619,0.645,0,12.2667,0,,,2.30227,0,100,12.0299
Y1/spectral_only__f0_s0,59,0.00040903,0,0.0825126,0.515775,2.19392,2.19392,0.495536,3.78734,0.40571,0.452266,0.42381,0.465079,0.452266,0.612,0.655,0,12.5837,0,,,2.30693,0,100,12.3548
Y1/spectral_only__f0_s0,60,0.000405921,0,0.0822111,0.5135,2.21254,2.21254,0.477679,4.05526,0.433813,0.460831,0.452381,0.474603,0.460831,0.606,0.657,0,16.7521,0,,,2.36889,0,100,16.5674
Y1/spectral_only__f0_s0,61,0.000402773,0,0.0819095,0.511225,2.15119,2.15119,0.501674,3.85514,0.435226,0.469251,0.457143,0.48254,0.469251,0.627,0.664,0,14.7891,0,,,2.32727,0,100,14.5843
Y1/spectral_only__f0_s0,62,0.000399585,0,0.081608,0.50895,2.13557,2.13557,0.511161,3.99229,0.466893,0.470698,0.48254,0.48254,0.470698,0.654,0.668,0,13.881,0,,,2.28755,0,100,13.6746
Y1/spectral_only__f0_s0,63,0.000396359,0,0.0813065,0.506675,2.10527,2.10527,0.516183,3.90669,0.433439,0.46757,0.447619,0.479365,0.470698,,,0,11.641,0,,,2.25187,,,11.4079
Y1/spectral_only__f0_s0,64,0.000393096,0,0.081005,0.5044,2.06192,2.06192,0.53683,4.02849,0.450012,0.473588,0.463492,0.485714,0.473588,0.677,0.68,0,13.2032,0,,,2.26638,0,100,12.9959
Y1/spectral_only__f0_s0,65,0.000389796,0,0.0807035,0.502125,2.06494,2.06494,0.536272,3.7382,0.471529,0.474248,0.488889,0.487302,0.474248,0.671,0.684,0,13.4695,0,,,2.25463,0,100,13.2661
Y1/spectral_only__f0_s0,66,0.000386461,0,0.080402,0.49985,2.10208,2.10208,0.507254,3.97086,0.434069,0.47152,0.457143,0.484127,0.474248,,,0,14.4652,0,,,2.32544,,,14.2573
Y1/spectral_only__f0_s0,67,0.000383091,0,0.0801005,0.497575,2.05669,2.05669,0.527344,3.86616,0.429425,0.479255,0.460317,0.490476,0.479255,0.66,0.708,0,13.4615,0,,,2.27915,0,100,13.2479
Y1/spectral_only__f0_s0,68,0.000379687,0,0.079799,0.4953,2.06543,2.06543,0.53404,3.91628,0.454472,0.483083,0.473016,0.495238,0.483083,0.668,0.713,0,13.8948,0,,,2.24293,0,100,13.699
Y1/spectral_only__f0_s0,69,0.00037625,0,0.0794975,0.493025,1.99223,1.99223,0.55971,4.02914,0.46816,0.487842,0.48254,0.5,0.487842,0.664,0.724,0,12.6885,0,,,2.21455,0,100,12.4796
Y1/spectral_only__f0_s0,70,0.000372781,0,0.079196,0.49075,2.01116,2.01116,0.554688,4.02136,0.474774,0.485418,0.493651,0.498413,0.487842,,,0,14.6497,0,,,2.25996,,,14.4577
Y1/spectral_only__f0_s0,71,0.000369281,0,0.0788945,0.488475,2.02639,2.02639,0.551897,3.77675,0.447201,0.492579,0.465079,0.504762,0.492579,0.693,0.738,0,14.0625,0,,,2.23763,0,100,13.8714
Y1/spectral_only__f0_s0,72,0.00036575,0,0.078593,0.4862,1.95352,1.95352,0.568638,3.76378,0.488549,0.498349,0.496825,0.509524,0.498349,0.723,0.739,0,12.8482,0,,,2.19557,0,100,12.6471
Y1/spectral_only__f0_s0,73,0.00036219,0,0.0782915,0.483925,1.97959,1.97959,0.555246,3.73712,0.45103,0.501777,0.471429,0.512698,0.501777,0.714,0.746,0,13.7081,0,,,2.20862,0,100,13.5139
Y1/spectral_only__f0_s0,74,0.000358601,0,0.0779899,0.48165,1.9486,1.9486,0.573103,3.80106,0.476193,0.503445,0.492063,0.514286,0.503445,0.689,0.746,0,13.7244,0,,,2.23675,0,100,13.5287
Y1/spectral_only__f0_s0,75,0.000354985,0,0.0776884,0.479375,2.00646,2.00646,0.53404,3.83217,0.471676,0.511649,0.488889,0.522222,0.511649,0.692,0.751,0,13.4363,0,,,2.2254,0,100,13.2357
Y1/spectral_only__f0_s0,76,0.000351343,0,0.0773869,0.4771,1.9144,1.9144,0.570871,3.99002,0.489666,0.508093,0.503175,0.51746,0.511649,,,0,12.0908,0,,,2.1547,,,11.8866
Y1/spectral_only__f0_s0,77,0.000347674,0,0.0770854,0.474825,1.88309,1.88309,0.581473,3.84883,0.480309,0.502116,0.495238,0.511111,0.511649,,,0,16.2249,0,,,2.28776,,,16.0433
Y1/spectral_only__f0_s0,78,0.000343981,0,0.0767839,0.47255,1.90915,1.90915,0.571429,3.83339,0.470961,0.505871,0.484127,0.514286,0.511649,,,0,15.0264,0,,,2.20233,,,14.8437
Y1/spectral_only__f0_s0,79,0.000340265,0,0.0764824,0.470275,1.92916,1.92916,0.560826,3.89596,0.47411,0.504765,0.48254,0.514286,0.511649,,,0,14.8882,0,,,2.21864,,,14.7038
Y1/spectral_only__f0_s0,80,0.000336525,0,0.0761809,0.468,1.91153,1.91153,0.555246,3.92567,0.489989,0.509735,0.509524,0.519048,0.511649,,,0,13.0429,0,,,2.2084,,,12.8462
Y1/spectral_only__f0_s0,81,0.000332764,0,0.0758794,0.465725,1.86701,1.86701,0.576451,4.00443,0.486461,0.507063,0.498413,0.515873,0.511649,,,0,12.6398,0,,,2.17111,,,12.4408
Y1/spectral_only__f0_s0,82,0.000328982,0,0.0755779,0.46345,1.8804,1.8804,0.583147,3.91151,0.486242,0.504512,0.501587,0.514286,0.511649,,,0,14.3872,0,,,2.20043,,,14.2069
Y1/spectral_only__f0_s0,83,0.00032518,0,0.0752764,0.461175,1.90452,1.90452,0.578683,3.94952,0.500433,0.510368,0.509524,0.519048,0.511649,,,0,15.215,0,,,2.2154,,,15.0363
Y1/spectral_only__f0_s0,84,0.000321359,0,0.0749749,0.4589,1.85183,1.85183,0.582031,3.76352,0.475973,0.51211,0.484127,0.520635,0.51211,0.771,0.788,0,14.1845,0,,,2.15452,0,100,14.0095
Y1/spectral_only__f0_s0,85,0.00031752,0,0.0746734,0.456625,1.78266,1.78266,0.612723,3.83963,0.468319,0.518428,0.480952,0.526984,0.518428,0.752,0.787,0,14.4598,0,,,2.19334,0,100,14.2789
Y1/spectral_only__f0_s0,86,0.000313664,0,0.0743719,0.45435,1.80751,1.80751,0.591518,3.86267,0.464308,0.515464,0.47619,0.52381,0.518428,,,0,14.1694,0,,,2.17268,,,13.9912
Y1/spectral_only__f0_s0,87,0.000309793,0,0.0740704,0.452075,1.85529,1.85529,0.583147,3.8125,0.490816,0.515755,0.506349,0.525397,0.518428,,,0,14.621,0,,,2.19633,,,14.4397
Y1/spectral_only__f0_s0,88,0.000305907,0,0.0737688,0.4498,1.77363,1.77363,0.616071,3.74454,0.478385,0.51461,0.496825,0.52381,0.518428,,,0,15.3272,0,,,2.1811,,,15.1583
Y1/spectral_only__f0_s0,89,0.000302006,0,0.0734673,0.447525,1.77573,1.77573,0.606585,3.81137,0.472214,0.513133,0.484127,0.522222,0.518428,,,0,14.8554,0,,,2.18876,,,14.68
Y1/spectral_only__f0_s0,90,0.000298093,0,0.0731658,0.44525,1.76391,1.76392,0.613839,3.81493,0.492765,0.515221,0.503175,0.525397,0.518428,,,0,12.4205,0,,,2.1486,,,12.2204
Y1/spectral_only__f0_s0,91,0.000294168,0,0.0728643,0.442975,1.73086,1.73086,0.634487,3.81698,0.481653,0.51539,0.493651,0.525397,0.518428,,,0,13.9517,0,,,2.12014,,,13.775
Y1/spectral_only__f0_s0,92,0.000290233,0,0.0725628,0.4407,1.76,1.76,0.608817,3.8812,0.483547,0.517347,0.490476,0.526984,0.518428,,,0,12.4449,0,,,2.10764,,,12.2551
Y1/spectral_only__f0_s0,93,0.000286287,0,0.0722613,0.438425,1.68276,1.68276,0.654018,3.89924,0.489764,0.515921,0.501587,0.525397,0.518428,,,0,13.4272,0,,,2.14028,,,13.2448
Y1/spectral_only__f0_s0,94,0.000282333,0,0.0719598,0.43615,1.70931,1.70931,0.640067,3.73746,0.48336,0.517125,0.490476,0.526984,0.518428,,,0,13.4914,0,,,2.12244,,,13.3102
Y1/spectral_only__f0_s0,95,0.000278371,0,0.0716583,0.433875,1.69517,1.69517,0.647321,3.98511,0.480592,0.519317,0.487302,0.528571,0.519317,0.806,0.828,0,13.4952,0,,,2.17746,0,100,13.3054
Y1/spectral_only__f0_s0,96,0.000274402,0,0.0713568,0.4316,1.72767,1.72767,0.618304,3.94981,0.516348,0.518999,0.525397,0.526984,0.519317,,,0,13.0229,0,,,2.15031,,,12.833
Y1/spectral_only__f0_s0,97,0.000270428,0,0.0710553,0.429325,1.62627,1.62627,0.670759,3.98693,0.514689,0.518094,0.525397,0.525397,0.519317,,,0,14.5892,0,,,2.09027,,,14.4223
Y1/spectral_only__f0_s0,98,0.000266449,0,0.0707538,0.42705,1.65065,1.65065,0.657366,3.80836,0.503047,0.522667,0.512698,0.530159,0.522667,0.828,0.842,0,13.1005,0,,,2.11256,0,100,12.9193
Y1/spectral_only__f0_s0,99,0.000262466,0,0.0704523,0.424775,1.69003,1.69003,0.66183,3.96527,0.49859,0.522934,0.515873,0.531746,0.522934,0.842,0.842,0,14.5253,0,,,2.16148,0,100,14.3496
Y1/spectral_only__f0_s0,100,0.000258481,0,0.0701508,0.4225,1.64981,1.64981,0.650112,3.93262,0.491607,0.523546,0.506349,0.531746,0.523546,0.818,0.852,0,14.4278,0,,,2.13647,0,100,14.2541
Y1/spectral_only__f0_s0,101,0.000254494,0,0.0698492,0.420225,1.644,1.644,0.645089,3.92583,0.50529,0.52288,0.515873,0.531746,0.523546,,,0,14.3506,0,,,2.11188,,,14.1819
Y1/spectral_only__f0_s0,102,0.000250506,0,0.0695477,0.41795,1.68915,1.68915,0.643973,3.89443,0.52479,0.521498,0.533333,0.530159,0.52479,0.858,0.859,0,13.5528,0,,,2.11112,0,100,13.3733
Y1/spectral_only__f0_s0,103,0.000246519,0,0.0692462,0.415675,1.62665,1.62665,0.647321,3.96842,0.494258,0.519642,0.5,0.528571,0.52479,,,0,15.323,0,,,2.1857,,,15.1481
Y1/spectral_only__f0_s0,104,0.000242534,0,0.0689447,0.4134,1.64827,1.64827,0.649554,4.04874,0.503134,0.519642,0.511111,0.528571,0.52479,,,0,13.3971,0,,,2.1488,,,13.2088
Y1/spectral_only__f0_s0,105,0.000238551,0,0.0686432,0.411125,1.61834,1.61834,0.652902,3.84983,0.505715,0.52421,0.515873,0.533333,0.52479,,,0,14.0536,0,,,2.13375,,,13.8762
Y1/spectral_only__f0_s0,106,0.000234572,0,0.0683417,0.40885,1.60339,1.60339,0.672433,3.82599,0.508462,0.522458,0.51746,0.531746,0.52479,,,0,13.7893,0,,,2.11172,,,13.6087
Y1/spectral_only__f0_s0,107,0.000230598,0,0.0680402,0.406575,1.55699,1.55699,0.68192,3.97583,0.49411,0.523584,0.506349,0.533333,0.52479,,,0,13.0089,0,,,2.12045,,,12.8241
Y1/spectral_only__f0_s0,108,0.000226629,0,0.0677387,0.4043,1.55334,1.55334,0.669643,4.03206,0.524732,0.523708,0.534921,0.533333,0.52479,,,0,13.3229,0,,,2.07448,,,13.151
Y1/spectral_only__f0_s0,109,0.000222667,0,0.0674372,0.402025,1.5483,1.5483,0.66183,3.80434,0.511055,0.525483,0.51746,0.534921,0.525483,0.866,0.878,0,14.6093,0,,,2.12256,0,100,14.4405
Y1/spectral_only__f0_s0,110,0.000218713,0,0.0671357,0.39975,1.54857,1.54857,0.682478,3.81342,0.526737,0.524618,0.533333,0.533333,0.526737,0.887,0.883,0,13.4674,0,,,2.06949,0,100,13.2916
Y1/spectral_only__f0_s0,111,0.000214767,0,0.0668342,0.397475,1.54012,1.54012,0.686942,3.87578,0.497599,0.533437,0.509524,0.542857,0.533437,0.852,0.885,0,13.3285,0,,,2.11571,0,100,13.1504
Y1/spectral_only__f0_s0,112,0.000210832,0,0.0665327,0.3952,1.53927,1.53927,0.695313,3.94025,0.498253,0.533991,0.507937,0.542857,0.533991,0.866,0.887,0,15.658,0,,,2.15146,0,100,15.4966
Y1/spectral_only__f0_s0,113,0.000206907,0,0.0662312,0.392925,1.5217,1.5217,0.699777,3.88126,0.513665,0.532081,0.520635,0.54127,0.533991,,,0,13.7781,0,,,2.09714,,,13.6049
Y1/spectral_only__f0_s0,114,0.000202994,0,0.0659296,0.39065,1.50423,1.50423,0.696987,3.84321,0.505422,0.532215,0.519048,0.54127,0.533991,,,0,14.7954,0,,,2.06543,,,14.6368
Y1/spectral_only__f0_s0,115,0.000199093,0,0.0656281,0.388375,1.51823,1.51823,0.686384,3.79765,0.493579,0.527391,0.506349,0.534921,0.533991,,,0,13.4558,0,,,2.08696,,,13.2843
Y1/spectral_only__f0_s0,116,0.000195207,0,0.0653266,0.3861,1.53818,1.53818,0.685826,3.84732,0.505437,0.527208,0.512698,0.534921,0.533991,,,0,13.4954,0,,,2.09953,,,13.3191
Y1/spectral_only__f0_s0,117,0.000191336,0,0.0650251,0.383825,1.46268,1.46268,0.709263,3.9003,0.493779,0.52741,0.506349,0.534921,0.533991,,,0,15.1821,0,,,2.06167,,,15.0279
Y1/spectral_only__f0_s0,118,0.00018748,0,0.0647236,0.38155,1.5433,1.5433,0.694196,3.84209,0.501343,0.525339,0.509524,0.533333,0.533991,,,0,13.6291,0,,,2.11021,,,13.4453
Y1/spectral_only__f0_s0,119,0.000183641,0,0.0644221,0.379275,1.52718,1.52718,0.686384,3.78905,0.524635,0.523689,0.534921,0.531746,0.533991,,,0,14.9251,0,,,2.1127,,,14.7646
Y1/spectral_only__f0_s0,120,0.00017982,0,0.0641206,0.377,1.45019,1.45019,0.71875,4.02019,0.484625,0.523487,0.5,0.531746,0.533991,,,0,14.4116,0,,,2.07755,,,14.2481
Y1/spectral_only__f0_s0,121,0.000176018,0,0.0638191,0.374725,1.46281,1.46281,0.716518,3.82662,0.508106,0.523487,0.519048,0.531746,0.533991,,,0,15.6186,0,,,2.11316,,,15.4614
Y1/spectral_only__f0_s0,122,0.000172236,0,0.0635176,0.37245,1.49588,1.49588,0.696987,3.82852,0.519841,0.525121,0.528571,0.533333,0.533991,,,0,13.8518,0,,,2.09531,,,13.6838
Y1/spectral_only__f0_s0,123,0.000168475,0,0.0632161,0.370175,1.44183,1.44183,0.703125,3.77388,0.530354,0.524789,0.539683,0.533333,0.533991,,,0,12.3551,0,,,2.04576,,,12.1765
Y1/spectral_only__f0_s0,124,0.000164735,0,0.0629146,0.3679,1.44002,1.44002,0.71317,4.06031,0.511018,0.524164,0.522222,0.533333,0.533991,,,0,12.8657,0,,,2.05003,,,12.6923
Y1/spectral_only__f0_s0,125,0.000161019,0,0.0626131,0.365625,1.46646,1.46646,0.714844,3.88795,0.516128,0.525785,0.526984,0.534921,0.533991,0.921,0.915,0,12.5305,0,,,2.08179,0,100,12.3488
Y1/spectral_only__f0_s0,126,0.000157326,0,0.0623116,0.36335,1.46288,1.46288,0.715402,3.85765,0.508785,0.525591,0.522222,0.534921,0.533991,,,0,13.4374,1,,,2.05985,,,13.2693
Y1/spectral_only__f0_s0,127,0.000153657,0,0.0620101,0.361075,1.42324,1.42324,0.71317,3.9196,0.521393,0.527156,0.528571,0.536508,0.533991,,,0,13.4333,0,,,2.07692,,,13.2599
Y1/spectral_only__f0_s0,128,0.000150015,0,0.0617085,0.3588,1.38623,1.38623,0.741071,3.89128,0.508875,0.526018,0.52381,0.534921,0.533991,,,0,12.4752,0,,,2.0531,,,12.2929
Y1/spectral_only__f0_s0,129,0.000146399,0,0.061407,0.356525,1.41367,1.41367,0.723214,3.90901,0.508566,0.527434,0.519048,0.536508,0.533991,,,0,13.3146,0,,,2.0643,,,13.1408
Y1/spectral_only__f0_s0,130,0.00014281,0,0.0611055,0.35425,1.40447,1.40447,0.723772,3.84047,0.501778,0.526297,0.519048,0.534921,0.533991,,,0,13.0728,0,,,2.06463,,,12.8974
Y1/spectral_only__f0_s0,131,0.00013925,0,0.060804,0.351975,1.41277,1.41277,0.725446,3.95779,0.529955,0.524627,0.536508,0.533333,0.533991,,,0,13.0872,0,,,2.0684,,,12.91
Y1/spectral_only__f0_s0,132,0.000135719,0,0.0605025,0.3497,1.45299,1.45299,0.712054,3.90619,0.522693,0.526326,0.533333,0.534921,0.533991,,,0,12.5908,0,,,2.06727,,,12.4098
Y1/spectral_only__f0_s0,133,0.000132219,0,0.060201,0.347425,1.36869,1.36869,0.739955,4.02438,0.505125,0.52284,0.514286,0.531746,0.533991,,,0,12.4213,0,,,2.02578,,,12.2443
Y1/spectral_only__f0_s0,134,0.00012875,0,0.0598995,0.34515,1.39458,1.39458,0.729353,3.77494,0.514107,0.525203,0.526984,0.533333,0.533991,,,0,13.1319,0,,,2.04784,,,12.9613
Y1/spectral_only__f0_s0,135,0.000125313,0,0.059598,0.342875,1.4195,1.4195,0.719866,3.83564,0.527636,0.524926,0.534921,0.533333,0.533991,,,0,13.6212,0,,,2.05285,,,13.4522
Y1/spectral_only__f0_s0,136,0.000121909,0,0.0592965,0.3406,1.36754,1.36754,0.731027,3.91566,0.515095,0.521999,0.530159,0.531746,0.533991,,,0,14.2765,0,,,2.07588,,,14.1089
Y1/spectral_only__f0_s0,137,0.000118539,0,0.058995,0.338325,1.36716,1.36716,0.737165,3.77027,0.525504,0.522627,0.533333,0.531746,0.533991,,,0,12.7591,0,,,2.05001,,,12.5798
Y1/spectral_only__f0_s0,138,0.000115204,0,0.0586935,0.33605,1.34757,1.34757,0.744978,3.77544,0.506087,0.520671,0.519048,0.530159,0.533991,,,0,12.1946,0,,,2.0249,,,12.0121
Y1/spectral_only__f0_s0,139,0.000111904,0,0.058392,0.333775,1.37413,1.37413,0.727121,3.97395,0.520255,0.523908,0.528571,0.533333,0.533991,,,0,12.7058,0,,,2.02066,,,12.5318
Y1/spectral_only__f0_s0,140,0.000108641,0,0.0580905,0.3315,1.3421,1.3421,0.743862,3.84605,0.523126,0.52239,0.528571,0.531746,0.533991,,,0,11.5959,0,,,2.01825,,,11.4095
Y1/spectral_only__f0_s0,141,0.000105415,0,0.0577889,0.329225,1.33373,1.33373,0.741071,3.90016,0.513455,0.521119,0.52381,0.530159,0.533991,,,0,11.8224,0,,,2.03527,,,11.637
Y1/spectral_only__f0_s0,142,0.000102227,0,0.0574874,0.32695,1.34034,1.34034,0.753348,3.7167,0.520001,0.521567,0.530159,0.530159,0.533991,,,0,12.3515,0,,,2.01688,,,12.1773
Y1/spectral_only__f0_s0,143,9.90786e-05,0,0.0571859,0.324675,1.2909,1.2909,0.758371,3.78734,0.537394,0.523336,0.54127,0.531746,0.537394,0.941,0.942,0,12.5648,0,,,2.03597,0,100,12.3912
Y1/spectral_only__f0_s0,144,9.59698e-05,0,0.0568844,0.3224,1.26281,1.26281,0.775112,3.92229,0.533034,0.524509,0.539683,0.533333,0.537394,,,0,12.4899,0,,,1.97912,,,12.3217
Y1/spectral_only__f0_s0,145,9.29016e-05,0,0.0565829,0.320125,1.34241,1.34241,0.744978,3.75228,0.534903,0.526318,0.54127,0.534921,0.537394,,,0,14.2631,0,,,2.0494,,,14.0994
Y1/spectral_only__f0_s0,146,8.98748e-05,0,0.0562814,0.31785,1.2994,1.2994,0.74721,3.90962,0.535229,0.526939,0.54127,0.534921,0.537394,,,0,12.4048,0,,,2.00871,,,12.2354
Y1/spectral_only__f0_s0,147,8.68902e-05,0,0.0559799,0.315575,1.34947,1.34947,0.738281,3.85574,0.519783,0.523595,0.534921,0.531746,0.537394,,,0,12.9362,0,,,2.05209,,,12.7614
Y1/spectral_only__f0_s0,148,8.39486e-05,0,0.0556784,0.3133,1.26835,1.26835,0.770089,3.87515,0.525127,0.525119,0.534921,0.533333,0.537394,,,0,13.0394,0,,,2.01835,,,12.869
Y1/spectral_only__f0_s0,149,8.10507e-05,0,0.0553769,0.311025,1.30946,1.30946,0.738281,3.94611,0.518292,0.524825,0.526984,0.533333,0.537394,,,0,11.8381,0,,,2.06342,,,11.6504
Y1/spectral_only__f0_s0,150,7.81974e-05,0,0.0550754,0.30875,1.28068,1.28068,0.750558,3.82873,0.527496,0.527977,0.533333,0.536508,0.537394,0.943,0.948,0,12.6458,0,,,2.04035,0,100,12.4723
Y1/spectral_only__f0_s0,151,7.53893e-05,0,0.0547739,0.306475,1.27173,1.27173,0.770089,3.84386,0.526559,0.526552,0.536508,0.534921,0.537394,,,0,11.9233,0,,,2.02904,,,11.7407
Y1/spectral_only__f0_s0,152,7.26271e-05,0,0.0544724,0.3042,1.30314,1.30314,0.753348,3.89736,0.525423,0.525103,0.534921,0.533333,0.537394,,,0,12.3954,0,,,2.03628,,,12.2165
Y1/spectral_only__f0_s0,153,6.99117e-05,0,0.0541709,0.301925,1.26461,1.26461,0.764509,3.88118,0.514222,0.525103,0.525397,0.533333,0.537394,,,0,12.1836,0,,,2.00332,,,12.007
Y1/spectral_only__f0_s0,154,6.72436e-05,0,0.0538693,0.29965,1.27379,1.27379,0.757813,3.77779,0.524381,0.526959,0.536508,0.534921,0.537394,,,0,11.4695,0,,,2.01578,,,11.2822
Y1/spectral_only__f0_s0,155,6.46236e-05,0,0.0535678,0.297375,1.26421,1.26421,0.765067,3.8639,0.528699,0.526959,0.536508,0.534921,0.537394,,,0,14.053,0,,,2.03399,,,13.8939
Y1/spectral_only__f0_s0,156,6.20524e-05,0,0.0532663,0.2951,1.31621,1.31621,0.761161,3.84177,0.527315,0.525419,0.536508,0.533333,0.537394,,,0,12.1871,0,,,2.04709,,,12.0028
Y1/spectral_only__f0_s0,157,5.95306e-05,0,0.0529648,0.292825,1.31077,1.31077,0.753348,3.85622,0.536997,0.525419,0.542857,0.533333,0.537394,,,0,11.3261,0,,,2.02254,,,11.1373
Y1/spectral_only__f0_s0,158,5.70589e-05,0,0.0526633,0.29055,1.24013,1.24013,0.770647,3.95735,0.538361,0.526879,0.546032,0.534921,0.538361,0.957,0.951,0,11.1108,0,,,1.99319,0,100,10.924
Y1/spectral_only__f0_s0,159,5.46379e-05,0,0.0523618,0.288275,1.24627,1.24627,0.777902,3.88646,0.526229,0.526597,0.536508,0.534921,0.538361,,,0,11.313,0,,,1.99466,,,11.1283
Y1/spectral_only__f0_s0,160,5.22683e-05,0,0.0520603,0.286,1.24762,1.24762,0.761719,3.8214,0.521055,0.526487,0.531746,0.534921,0.538361,,,0,11.983,0,,,2.02428,,,11.8038
Y1/spectral_only__f0_s0,161,4.99506e-05,0,0.0517588,0.283725,1.22814,1.22814,0.775112,3.85352,0.530193,0.526632,0.538095,0.534921,0.538361,,,0,11.9267,0,,,2.00058,,,11.7507
Y1/spectral_only__f0_s0,162,4.76856e-05,0,0.0514573,0.28145,1.25897,1.25897,0.759487,3.79054,0.541336,0.526517,0.549206,0.534921,0.541336,0.961,0.952,0,11.8424,0,,,2.00555,0,100,11.6602
Y1/spectral_only__f0_s0,163,4.54736e-05,0,0.0511558,0.279175,1.22976,1.22976,0.771205,3.83559,0.525603,0.528354,0.536508,0.536508,0.541336,,,0,10.6438,0,,,1.96373,,,10.4531
Y1/spectral_only__f0_s0,164,4.33155e-05,0,0.0508543,0.2769,1.22607,1.22607,0.772879,4.03978,0.534786,0.530188,0.542857,0.538095,0.541336,,,0,11.3902,0,,,2.00208,,,11.2027
Y1/spectral_only__f0_s0,165,4.12116e-05,0,0.0505528,0.274625,1.21809,1.21809,0.765625,3.83043,0.533909,0.530169,0.542857,0.538095,0.541336,,,0,11.3698,0,,,2.00021,,,11.1824
Y1/spectral_only__f0_s0,166,3.91625e-05,0,0.0502513,0.27235,1.21172,1.21172,0.772321,4.06735,0.52357,0.528609,0.530159,0.536508,0.541336,,,0,11.723,0,,,2.01671,,,11.5395
Y1/spectral_only__f0_s0,167,3.71688e-05,0,0.0499497,0.270075,1.18417,1.18417,0.786272,3.82222,0.530463,0.530331,0.538095,0.538095,0.541336,,,0,11.4234,0,,,2.02317,,,11.2372
Y1/spectral_only__f0_s0,168,3.5231e-05,0,0.0496482,0.2678,1.18096,1.18096,0.774554,4.06048,0.535351,0.530413,0.542857,0.538095,0.541336,,,0,11.2335,0,,,2.00364,,,11.0458
Y1/spectral_only__f0_s0,169,3.33496e-05,0,0.0493467,0.265525,1.18774,1.18774,0.767299,3.85858,0.534276,0.529984,0.544444,0.538095,0.541336,,,0,11.9791,0,,,1.97342,,,11.8063
Y1/spectral_only__f0_s0,170,3.15251e-05,0,0.0490452,0.26325,1.1972,1.1972,0.78404,3.97014,0.522169,0.529984,0.530159,0.538095,0.541336,,,0,11.6664,0,,,2.00712,,,11.4832
Y1/spectral_only__f0_s0,171,2.97579e-05,0,0.0487437,0.260975,1.20863,1.20863,0.771763,3.87787,0.526694,0.530534,0.531746,0.538095,0.541336,,,0,11.4173,0,,,2.01068,,,11.2305
Y1/spectral_only__f0_s0,172,2.80486e-05,0,0.0484422,0.2587,1.22741,1.22741,0.770089,3.97366,0.524902,0.531875,0.533333,0.539683,0.541336,,,0,11.0122,0,,,2.00675,,,10.8211
Y1/spectral_only__f0_s0,173,2.63975e-05,0,0.0481407,0.256425,1.17592,1.17592,0.785714,3.82084,0.53661,0.531856,0.544444,0.539683,0.541336,,,0,10.8651,0,,,1.97335,,,10.677
Y1/spectral_only__f0_s0,174,2.48051e-05,0,0.0478392,0.25415,1.20723,1.20723,0.771763,3.744,0.531218,0.531732,0.54127,0.539683,0.541336,,,0,10.7932,0,,,1.99369,,,10.6025
Y1/spectral_only__f0_s0,175,2.32718e-05,0,0.0475377,0.251875,1.14533,1.14533,0.783482,3.82909,0.535576,0.531688,0.542857,0.539683,0.541336,0.964,0.956,0,11.1785,0,,,1.9851,0,100,10.9954
Y1/spectral_only__f0_s0,176,2.1798e-05,0,0.0472362,0.25,1.15839,1.15839,0.78683,3.81526,0.52689,0.530646,0.536508,0.538095,0.541336,,,0,11.2108,0,,,1.98316,,,11.0289
Y1/spectral_only__f0_s0,177,2.0384e-05,0,0.0469347,0.25,1.13187,1.13187,0.795201,3.80489,0.53955,0.530646,0.546032,0.538095,0.541336,,,0,11.3737,0,,,1.98805,,,11.1917
Y1/spectral_only__f0_s0,178,1.90303e-05,0,0.0466332,0.25,1.18738,1.18738,0.773438,3.74753,0.523668,0.530435,0.534921,0.538095,0.541336,,,0,11.3657,0,,,2.00653,,,11.1797
Y1/spectral_only__f0_s0,179,1.77372e-05,0,0.0463317,0.25,1.14455,1.14455,0.794643,3.84808,0.532562,0.530646,0.54127,0.538095,0.541336,,,0,11.0716,0,,,1.97908,,,10.8878
Y1/spectral_only__f0_s0,180,1.65051e-05,0,0.0460302,0.25,1.18209,1.18209,0.771763,3.74553,0.525075,0.530843,0.534921,0.538095,0.541336,,,0,11.7186,0,,,1.99693,,,11.5366
Y1/spectral_only__f0_s0,181,1.53342e-05,0,0.0457286,0.25,1.13937,1.13937,0.798549,3.86326,0.519413,0.530843,0.528571,0.538095,0.541336,,,0,11.1729,0,,,1.97836,,,10.9895
Y1/spectral_only__f0_s0,182,1.42248e-05,0,0.0454271,0.25,1.12802,1.12802,0.781808,3.8379,0.523649,0.530843,0.531746,0.538095,0.541336,,,0,11.1245,0,,,1.97656,,,10.9411
Y1/spectral_only__f0_s0,183,1.31773e-05,0,0.0451256,0.25,1.14168,1.14169,0.775112,3.82885,0.52926,0.530843,0.538095,0.538095,0.541336,,,0,11.6594,0,,,1.99151,,,11.4801
Y1/spectral_only__f0_s0,184,1.21919e-05,0,0.0448241,0.25,1.19147,1.19147,0.760603,3.86653,0.534579,0.530843,0.542857,0.538095,0.541336,,,0,11.1105,0,,,2.00061,,,10.9219
Y1/spectral_only__f0_s0,185,1.12689e-05,0,0.0445226,0.25,1.14591,1.14591,0.790737,3.91802,0.531115,0.529769,0.539683,0.536508,0.541336,,,0,10.9477,0,,,1.98826,,,10.7587
Y1/spectral_only__f0_s0,186,1.04085e-05,0,0.0442211,0.25,1.14472,1.14472,0.780692,3.84876,0.534121,0.529769,0.542857,0.536508,0.541336,,,0,10.8934,0,,,2.0104,,,10.6982
Y1/spectral_only__f0_s0,187,9.61089e-06,0,0.0439196,0.25,1.17718,1.17718,0.774554,3.83406,0.527972,0.529674,0.536508,0.536508,0.541336,,,0,11.2647,0,,,1.99579,,,11.0783
Y1/spectral_only__f0_s0,188,8.87636e-06,0,0.0436181,0.25,1.15031,1.15031,0.770089,3.78987,0.529566,0.529533,0.538095,0.536508,0.541336,,,0,11.4537,0,,,2.00339,,,11.2688
Y1/spectral_only__f0_s0,189,8.20506e-06,0,0.0433166,0.25,1.13884,1.13885,0.776786,3.85792,0.520578,0.529533,0.530159,0.536508,0.541336,,,0,11.254,0,,,1.98039,,,11.0705
Y1/spectral_only__f0_s0,190,7.59717e-06,0,0.0430151,0.25,1.11281,1.11281,0.784598,3.7672,0.520252,0.529533,0.530159,0.536508,0.541336,,,0,10.9186,0,,,1.97005,,,10.7325
Y1/spectral_only__f0_s0,191,7.05284e-06,0,0.0427136,0.25,1.07982,1.07982,0.800781,4.00101,0.528385,0.529533,0.538095,0.536508,0.541336,,,0,10.9403,0,,,1.92433,,,10.7644
Y1/spectral_only__f0_s0,192,6.57221e-06,0,0.0424121,0.25,1.13063,1.13063,0.783482,3.77023,0.525412,0.531431,0.534921,0.538095,0.541336,,,0,10.4693,0,,,1.98208,,,10.275
Y1/spectral_only__f0_s0,193,6.15542e-06,0,0.0421106,0.25,1.13407,1.13407,0.783482,3.97178,0.527355,0.531431,0.536508,0.538095,0.541336,,,0,11.2322,0,,,2.03303,,,11.0397
Y1/spectral_only__f0_s0,194,5.80257e-06,0,0.041809,0.25,1.09268,1.09268,0.790179,3.76444,0.527217,0.531431,0.536508,0.538095,0.541336,,,0,12.0638,0,,,2.00729,,,11.8851
Y1/spectral_only__f0_s0,195,5.51374e-06,0,0.0415075,0.25,1.15528,1.15528,0.776786,3.80913,0.525348,0.533132,0.534921,0.539683,0.541336,,,0,10.7361,0,,,1.97138,,,10.5493
Y1/spectral_only__f0_s0,196,5.28902e-06,0,0.041206,0.25,1.11762,1.11762,0.785156,3.96529,0.526604,0.534609,0.536508,0.54127,0.541336,,,0,10.7855,0,,,1.97437,,,10.5969
Y1/spectral_only__f0_s0,197,5.12847e-06,0,0.0409045,0.25,1.0951,1.0951,0.78404,4.01226,0.522943,0.534455,0.531746,0.54127,0.541336,,,0,10.8544,0,,,1.98485,,,10.6656
Y1/spectral_only__f0_s0,198,5.03212e-06,0,0.040603,0.25,1.10178,1.10178,0.794643,3.82236,0.527243,0.530384,0.536508,0.538095,0.541336,,,0,11.5352,0,,,2.00038,,,11.3532
Y1/spectral_only__f0_s0,199,5e-06,0,0.0403015,0.25,1.11855,1.11855,0.783482,3.92668,0.522701,0.530538,0.531746,0.538095,0.541336,,,0,10.9283,0,,,2.0009,,,10.7383
Y1/spectral_only__f0_s0,200,5e-06,0,0.04,0.25,1.10296,1.10296,0.779018,3.70149,0.526977,0.527356,0.536508,0.534921,0.541336,0.967,0.964,0,11.0217,0,,,2.00171,0,100,10.8324
Y1/spectral_only__f1_s0,1,0.0002,1,0.1,0.647725,5.17184,5.17184,0.0234375,5.24491,0.022374,0.0271393,0.0619048,0.0587302,0.0271393,0.057,0.056,0.0238095,14.4455,2,,,9.28672,0,100,11.5566
Y1/spectral_only__f1_s0,2,0.0003,1,0.0996985,0.64545,4.35277,4.35277,0.0418527,3.96316,0.0442131,0.0395861,0.1,0.0857143,0.0442131,0.081,0.081,0,8.66551,0,,,5.73233,0,100,6.49299
Y1/spectral_only__f1_s0,3,0.0004,1,0.099397,0.643175,4.09809,4.09809,0.0546875,3.80795,0.0640955,0.0806167,0.112698,0.131746,0.0806167,0.125,0.154,0,7.3947,0,,,4.98916,0,100,5.45211
Y1/spectral_only__f1_s0,4,0.0005,1,0.0990955,0.6409,3.96254,3.96254,0.0513393,3.87625,0.0609993,0.113107,0.107937,0.153968,0.113107,0.128,0.174,0,6.60299,0,,,4.42828,0,100,4.89384
Y1/spectral_only__f1_s0,5,0.000499968,1,0.098794,0.638625,3.87337,3.87337,0.0641741,3.83222,0.102566,0.14539,0.155556,0.180952,0.14539,0.157,0.208,0,6.18048,0,,,4.12983,0,100,4.59138
Y1/spectral_only__f1_s0,6,0.000499872,1,0.0984925,0.63635,3.91215,3.91215,0.0675223,3.92224,0.0950184,0.161619,0.153968,0.207937,0.161619,0.159,0.211,0,6.18155,0,,,3.83523,0,100,4.83182
Y1/spectral_only__f1_s0,7,0.000499711,1,0.098191,0.634075,3.68205,3.68205,0.0758929,3.89072,0.143756,0.162224,0.2,0.207937,0.162224,0.208,0.232,0,6.15961,0,,,3.66381,0,100,4.9417
Y1/spectral_only__f1_s0,8,0.000499486,1,0.0978894,0.6318,3.76446,3.76446,0.0664062,3.85104,0.11763,0.167371,0.17619,0.214286,0.167371,0.208,0.251,0,6.18788,0,,,3.40818,0,100,5.13749
Y1/spectral_only__f1_s0,9,0.000499197,1,0.0975879,0.629525,3.67836,3.67837,0.0714286,3.84836,0.172736,0.200805,0.220635,0.246032,0.200805,0.225,0.266,0,5.76355,0,,,3.35395,0,100,4.68023
Y1/spectral_only__f1_s0,10,0.000498845,1,0.0972864,0.62725,3.79707,3.79707,0.0948661,3.89764,0.156858,0.199862,0.207937,0.247619,0.200805,,,0,5.51784,0,,,3.12335,,,4.53091
Y1/spectral_only__f1_s0,11,0.000498428,1,0.0969849,0.624975,3.64629,3.64629,0.109933,3.90607,0.193926,0.20275,0.246032,0.249206,0.20275,0.263,0.284,0,6.09879,0,,,3.08256,0,100,5.24685
Y1/spectral_only__f1_s0,12,0.000497947,1,0.0966834,0.6227,3.65363,3.65363,0.0848214,3.75132,0.184095,0.231609,0.228571,0.273016,0.231609,0.237,0.283,0,6.11037,0,,,3.01372,0,100,5.28742
Y1/spectral_only__f1_s0,13,0.000497403,1,0.0963819,0.620425,3.48919,3.48919,0.107143,3.78219,0.190266,0.226396,0.238095,0.271429,0.231609,,,0,6.20939,0,,,3.0183,,,5.40607
Y1/spectral_only__f1_s0,14,0.000496795,1,0.0960804,0.61815,3.69368,3.69368,0.106027,3.89377,0.212368,0.234535,0.263492,0.27619,0.234535,0.252,0.309,0,5.65203,0,,,2.82126,0,100,4.88799
Y1/spectral_only__f1_s0,15,0.000496124,1,0.0957789,0.615875,3.55538,3.55538,0.0976563,3.81201,0.222803,0.245903,0.266667,0.288889,0.245903,0.258,0.303,0,6.14096,0,,,2.79902,0,100,5.45596
Y1/spectral_only__f1_s0,16,0.000495389,1,0.0954774,0.6136,3.40943,3.40943,0.114397,3.9358,0.230422,0.244442,0.279365,0.287302,0.245903,,,0,6.47533,0,,,2.88948,,,5.77258
Y1/spectral_only__f1_s0,17,0.000494592,1,0.0951759,0.611325,3.45939,3.4594,0.104911,3.83321,0.237049,0.247491,0.273016,0.287302,0.247491,0.288,0.316,0,6.74372,0,,,2.72668,0,100,6.13654
Y1/spectral_only__f1_s0,18,0.000493731,1,0.0948744,0.60905,3.34694,3.34694,0.105469,3.76386,0.234066,0.25293,0.273016,0.293651,0.25293,0.299,0.326,0,6.58693,0,,,2.79807,0,100,5.95272
Y1/spectral_only__f1_s0,19,0.000492808,1,0.0945729,0.606775,3.52505,3.52505,0.117188,3.74356,0.228735,0.264184,0.28254,0.301587,0.264184,0.293,0.331,0,6.14895,0,,,2.65654,0,100,5.52909
Y1/spectral_only__f1_s0,20,0.000491823,1,0.0942714,0.6045,3.48594,3.48594,0.131138,3.71183,0.222189,0.263598,0.263492,0.301587,0.264184,,,0,6.48057,0,,,2.63237,,,5.9006
Y1/spectral_only__f1_s0,21,0.000490775,1,0.0939698,0.602225,3.50108,3.50108,0.112723,3.63372,0.179772,0.271056,0.239683,0.306349,0.271056,0.279,0.338,0,7.33615,0,,,2.69693,0,100,6.80479
Y1/spectral_only__f1_s0,22,0.000489666,1,0.0936683,0.59995,3.43073,3.43073,0.109375,3.70516,0.214485,0.27364,0.266667,0.312698,0.27364,0.293,0.345,0,7.14711,0,,,2.66175,0,100,6.61694
Y1/spectral_only__f1_s0,23,0.000488495,1,0.0933668,0.597675,3.43397,3.43397,0.0948661,3.8191,0.270273,0.282205,0.307937,0.319048,0.282205,0.341,0.347,0,6.4207,0,,,2.50422,0,100,5.88798
Y1/spectral_only__f1_s0,24,0.000487263,1,0.0930653,0.5954,3.46012,3.46012,0.0926339,3.85599,0.262824,0.287957,0.307937,0.32381,0.287957,0.349,0.35,0,7.18763,0,,,2.51722,0,100,6.71721
Y1/spectral_only__f1_s0,25,0.00048597,1,0.0927638,0.593125,3.40587,3.40587,0.138393,3.9263,0.255215,0.297432,0.3,0.336508,0.297432,0.305,0.359,0,6.94427,0,,,2.45937,0,100,6.48358
Y1/spectral_only__f1_s0,26,0.000484616,1,0.0924623,0.59085,3.38628,3.38628,0.138951,3.78048,0.282739,0.2898,0.315873,0.328571,0.297432,,,0,6.67015,0,,,2.44118,,,6.19719
Y1/spectral_only__f1_s0,27,0.000483202,1,0.0921608,0.588575,3.18181,3.18181,0.125,3.72058,0.269403,0.299714,0.306349,0.334921,0.299714,0.356,0.384,0,7.487,0,,,2.47229,0,100,7.05507
Y1/spectral_only__f1_s0,28,0.000481728,1,0.0918593,0.5863,3.41263,3.41263,0.16183,3.91927,0.281634,0.304101,0.311111,0.339683,0.304101,0.353,0.385,0,7.0143,0,,,2.40452,0,100,6.57504
Y1/spectral_only__f1_s0,29,0.000480195,1,0.0915578,0.584025,3.36826,3.36826,0.138393,3.73195,0.285348,0.312581,0.309524,0.347619,0.312581,0.369,0.385,0,7.57792,0,,,2.39203,0,100,7.17713
Y1/spectral_only__f1_s0,30,0.000478603,1,0.0912563,0.58175,3.34597,3.34597,0.0920759,3.84914,0.270878,0.319001,0.309524,0.355556,0.319001,0.346,0.39,0,7.68831,0,,,2.4028,0,100,7.28982
Y1/spectral_only__f1_s0,31,0.000476951,0,0.0909548,0.579475,2.86665,2.86665,0.308036,3.77669,0.263399,0.325845,0.298413,0.357143,0.325845,0.363,0.401,0,7.75015,0,,,2.5682,0,100,7.30557
Y1/spectral_only__f1_s0,32,0.000475242,0,0.0906533,0.5772,2.78644,2.78645,0.321429,3.7594,0.298912,0.33154,0.328571,0.35873,0.33154,0.397,0.41,0,8.4699,0,,,2.60848,0,100,8.04172
Y1/spectral_only__f1_s0,33,0.000473475,0,0.0903518,0.574925,2.75206,2.75206,0.33817,3.72456,0.325771,0.349263,0.353968,0.377778,0.349263,0.412,0.428,0,9.11592,0,,,2.5449,0,100,8.74311
Y1/spectral_only__f1_s0,34,0.00047165,0,0.0900503,0.57265,2.69593,2.69594,0.353237,3.80987,0.321627,0.352136,0.347619,0.380952,0.352136,0.421,0.436,0,8.77991,0,,,2.58972,0,100,8.37671
Y1/spectral_only__f1_s0,35,0.000469769,0,0.0897487,0.570375,2.65911,2.65911,0.357143,3.92061,0.333993,0.358331,0.363492,0.385714,0.358331,0.415,0.448,0,8.44729,0,,,2.49525,0,100,8.06006
Y1/spectral_only__f1_s0,36,0.000467831,0,0.0894472,0.5681,2.69066,2.69066,0.364955,3.91707,0.311626,0.368262,0.355556,0.393651,0.368262,0.409,0.459,0,10.0168,0,,,2.5517,0,100,9.67168
Y1/spectral_only__f1_s0,37,0.000465837,0,0.0891457,0.565825,2.63532,2.63532,0.378906,3.7826,0.344946,0.372452,0.380952,0.396825,0.372452,0.415,0.469,0,9.91368,0,,,2.49019,0,100,9.58603
Y1/spectral_only__f1_s0,38,0.000463788,0,0.0888442,0.56355,2.62608,2.62608,0.370536,3.75266,0.356011,0.387459,0.379365,0.412698,0.387459,0.447,0.475,0,10.9197,0,,,2.54358,0,100,10.6083
Y1/spectral_only__f1_s0,39,0.000461685,0,0.0885427,0.561275,2.62759,2.62759,0.372768,3.72721,0.361399,0.386765,0.379365,0.412698,0.387459,,,0,10.3653,0,,,2.43889,,,10.0587
Y1/spectral_only__f1_s0,40,0.000459526,0,0.0882412,0.559,2.58004,2.58004,0.378348,3.82921,0.350067,0.390924,0.379365,0.41746,0.390924,0.461,0.5,0,12.4202,0,,,2.45228,0,100,12.159
Y1/spectral_only__f1_s0,41,0.000457314,0,0.0879397,0.556725,2.5226,2.5226,0.41183,3.80518,0.353429,0.396715,0.38254,0.422222,0.396715,0.445,0.514,0.0119048,11.5895,1,,,2.45872,0,100,11.3086
Y1/spectral_only__f1_s0,42,0.000455049,0,0.0876382,0.55445,2.55856,2.55856,0.389509,3.75069,0.383678,0.396294,0.409524,0.422222,0.396715,,,0,11.539,0,,,2.47179,,,11.2599
Y1/spectral_only__f1_s0,43,0.000452732,0,0.0873367,0.552175,2.5205,2.5205,0.391183,3.81833,0.366107,0.397169,0.390476,0.419048,0.397169,0.479,0.522,0,10.9565,0,,,2.45023,0,100,10.6678
Y1/spectral_only__f1_s0,44,0.000450362,0,0.0870352,0.5499,2.46081,2.46081,0.418527,3.85251,0.364268,0.410172,0.388889,0.430159,0.410172,0.507,0.532,0,11.1073,0,,,2.45642,0,100,10.8194
Y1/spectral_only__f1_s0,45,0.000447941,0,0.0867337,0.547625,2.48516,2.48516,0.401228,3.97697,0.406858,0.410826,0.428571,0.431746,0.410826,0.531,0.536,0,10.3117,0,,,2.38451,0,100,10.0181
Y1/spectral_only__f1_s0,46,0.000445469,0,0.0864322,0.54535,2.4474,2.4474,0.432478,3.84093,0.389025,0.422617,0.411111,0.44127,0.422617,0.538,0.542,0,12.386,0,,,2.3647,0,100,12.1375
Y1/spectral_only__f1_s0,47,0.000442948,0,0.0861307,0.543075,2.43164,2.43164,0.435826,3.81677,0.407422,0.429192,0.430159,0.447619,0.429192,0.523,0.558,0,10.0537,0,,,2.36537,0,100,9.75868
Y1/spectral_only__f1_s0,48,0.000440376,0,0.0858291,0.5408,2.43445,2.43445,0.418527,3.87244,0.420586,0.432648,0.439683,0.450794,0.432648,0.556,0.563,0,12.7644,0,,,2.40571,0,100,12.5207
Y1/spectral_only__f1_s0,49,0.000437756,0,0.0855276,0.538525,2.37519,2.37519,0.441964,3.86661,0.395374,0.431964,0.414286,0.450794,0.432648,,,0,10.7369,0,,,2.37911,,,10.4576
Y1/spectral_only__f1_s0,50,0.000435088,0,0.0852261,0.53625,2.34661,2.34661,0.467076,3.81184,0.418841,0.432416,0.438095,0.450794,0.432648,0.531,0.576,0,13.6314,0,,,2.3423,0,100,13.4106
Y1/spectral_only__f1_s0,51,0.000432373,0,0.0849246,0.533975,2.35062,2.35062,0.451451,3.89767,0.403307,0.437071,0.42381,0.455556,0.437071,0.538,0.579,0,12.4162,0,,,2.38456,0,100,12.1733
Y1/spectral_only__f1_s0,52,0.000429611,0,0.0846231,0.5317,2.31536,2.31536,0.459821,3.82006,0.427884,0.43066,0.444444,0.450794,0.437071,,,0,12.0203,0,,,2.32567,,,11.7813
Y1/spectral_only__f1_s0,53,0.000426803,0,0.0843216,0.529425,2.31942,2.31942,0.455357,3.781,0.420778,0.439835,0.447619,0.45873,0.439835,0.569,0.593,0,14.9098,0,,,2.3682,0,100,14.7
Y1/spectral_only__f1_s0,54,0.000423949,0,0.0840201,0.52715,2.31321,2.31321,0.461496,3.83623,0.442964,0.442275,0.45873,0.460317,0.442964,0.595,0.602,0,12.4557,0,,,2.33709,0,100,12.2203
Y1/spectral_only__f1_s0,55,0.000421051,0,0.0837186,0.524875,2.22851,2.22851,0.493862,3.81201,0.439125,0.441674,0.461905,0.45873,0.442964,,,0,11.2478,0,,,2.25742,,,11.0083
Y1/spectral_only__f1_s0,56,0.00041811,0,0.0834171,0.5226,2.32413,2.32413,0.459821,3.81087,0.423892,0.452232,0.447619,0.466667,0.452232,0.563,0.614,0,13.8475,0,,,2.3666,0,100,13.6247
Y1/spectral_only__f1_s0,57,0.000415125,0,0.0831156,0.520325,2.26336,2.26336,0.472656,3.89992,0.434421,0.447542,0.45873,0.463492,0.452232,,,0,11.8449,0,,,2.2931,,,11.6077
Y1/spectral_only__f1_s0,58,0.000412098,0,0.0828141,0.51805,2.23714,2.23714,0.481585,3.596,0.443678,0.455846,0.45873,0.471429,0.455846,0.609,0.626,0,12.2664,0,,,2.27402,0,100,12.0418
Y1/spectral_only__f1_s0,59,0.00040903,0,0.0825126,0.515775,2.21012,2.21012,0.487165,3.89105,0.442006,0.453666,0.460317,0.468254,0.455846,,,0,12.3941,0,,,2.2626,,,12.1691
Y1/spectral_only__f1_s0,60,0.000405921,0,0.0822111,0.5135,2.21774,2.21774,0.488281,3.59403,0.447129,0.462708,0.465079,0.47619,0.462708,0.593,0.633,0,15.4194,0,,,2.31698,0,100,15.2187
Y1/spectral_only__f1_s0,61,0.000402773,0,0.0819095,0.511225,2.16659,2.16659,0.493862,3.62735,0.461458,0.46626,0.474603,0.480952,0.46626,0.62,0.639,0,12.146,0,,,2.31383,0,100,11.9068
Y1/spectral_only__f1_s0,62,0.000399585,0,0.081608,0.50895,2.19737,2.19737,0.494978,3.94821,0.437623,0.475148,0.463492,0.490476,0.475148,0.615,0.642,0,12.807,0,,,2.25513,0,100,12.5921
Y1/spectral_only__f1_s0,63,0.000396359,0,0.0813065,0.506675,2.16584,2.16584,0.491071,3.76199,0.449832,0.477965,0.45873,0.493651,0.477965,0.639,0.651,0,13.5272,0,,,2.29138,0,100,13.3168
Y1/spectral_only__f1_s0,64,0.000393096,0,0.081005,0.5044,2.14525,2.14525,0.506696,3.74174,0.458412,0.482814,0.479365,0.498413,0.482814,0.644,0.659,0,16.0359,0,,,2.3099,0,100,15.8476
Y1/spectral_only__f1_s0,65,0.000389796,0,0.0807035,0.502125,2.169,2.169,0.5,3.84712,0.442491,0.486205,0.452381,0.503175,0.486205,0.611,0.667,0,15.1722,0,,,2.28025,0,100,14.9842
Y1/spectral_only__f1_s0,66,0.000386461,0,0.080402,0.49985,2.12562,2.12562,0.512835,3.92031,0.45697,0.487118,0.480952,0.503175,0.487118,0.648,0.666,0,14.0691,0,,,2.33074,0,100,13.8531
Y1/spectral_only__f1_s0,67,0.000383091,0,0.0801005,0.497575,2.11393,2.11393,0.517857,3.70846,0.426365,0.4874,0.44127,0.503175,0.4874,0.621,0.675,0,16.4405,0,,,2.27529,0,100,16.262
Y1/spectral_only__f1_s0,68,0.000379687,0,0.079799,0.4953,2.14171,2.14171,0.516183,3.84063,0.461274,0.48767,0.474603,0.503175,0.48767,0.651,0.68,0,12.9,0,,,2.24029,0,100,12.6867
Y1/spectral_only__f1_s0,69,0.00037625,0,0.0794975,0.493025,2.02358,2.02358,0.547991,3.79931,0.458008,0.493479,0.47619,0.507937,0.493479,0.654,0.686,0,14.7031,0,,,2.26518,0,100,14.5096
Y1/spectral_only__f1_s0,70,0.000372781,0,0.079196,0.49075,2.08271,2.08271,0.532366,3.91372,0.502635,0.495883,0.520635,0.511111,0.502635,0.669,0.692,0,14.8983,0,,,2.29709,0,100,14.7072
Y1/spectral_only__f1_s0,71,0.000369281,0,0.0788945,0.488475,2.00633,2.00633,0.553571,3.95259,0.477186,0.50111,0.490476,0.514286,0.502635,,,0,12.6591,0,,,2.17106,,,12.4564
Y1/spectral_only__f1_s0,72,0.00036575,0,0.078593,0.4862,2.02782,2.02782,0.548549,3.82629,0.483642,0.498558,0.506349,0.512698,0.502635,,,0,12.7913,0,,,2.20608,,,12.5876
Y1/spectral_only__f1_s0,73,0.00036219,0,0.0782915,0.483925,2.0697,2.0697,0.532366,3.86164,0.470886,0.502936,0.484127,0.515873,0.502936,0.672,0.699,0,13.9663,0,,,2.21772,0,100,13.7724
Y1/spectral_only__f1_s0,74,0.000358601,0,0.0779899,0.48165,2.0332,2.0332,0.546875,3.9807,0.473486,0.506993,0.490476,0.520635,0.506993,0.674,0.7,0,15.2043,0,,,2.27727,0,100,15.0188
Y1/spectral_only__f1_s0,75,0.000354985,0,0.0776884,0.479375,1.99469,1.99469,0.541853,3.75452,0.495943,0.508916,0.509524,0.522222,0.508916,0.725,0.706,0,14.0601,0,,,2.25546,0,100,13.8587
Y1/spectral_only__f1_s0,76,0.000351343,0,0.0773869,0.4771,2.01082,2.01082,0.553013,3.84237,0.461873,0.514185,0.47619,0.526984,0.514185,0.692,0.71,0,14.197,0,,,2.2211,0,100,14.0002
Y1/spectral_only__f1_s0,77,0.000347674,0,0.0770854,0.474825,1.92534,1.92534,0.573661,3.90537,0.474953,0.510338,0.495238,0.52381,0.514185,,,0,15.3238,0,,,2.2086,,,15.1479
Y1/spectral_only__f1_s0,78,0.000343981,0,0.0767839,0.47255,1.93251,1.93251,0.570312,3.81694,0.503661,0.514784,0.514286,0.528571,0.514784,0.709,0.716,0,16.2492,0,,,2.23373,0,100,16.0792
Y1/spectral_only__f1_s0,79,0.000340265,0,0.0764824,0.470275,1.90262,1.90262,0.570871,3.80907,0.490089,0.514113,0.511111,0.526984,0.514784,,,0,12.0987,0,,,2.1801,,,11.8915
Y1/spectral_only__f1_s0,80,0.000336525,0,0.0761809,0.468,1.94654,1.94654,0.56808,3.91831,0.484425,0.520639,0.498413,0.531746,0.520639,0.696,0.727,0,13.9896,0,,,2.17394,0,100,13.8055
Y1/spectral_only__f1_s0,81,0.000332764,0,0.0758794,0.465725,1.96438,1.96438,0.56529,3.77184,0.497058,0.521429,0.511111,0.531746,0.521429,0.733,0.733,0,14.176,0,,,2.22472,0,100,13.9849
Y1/spectral_only__f1_s0,82,0.000328982,0,0.0755779,0.46345,1.92707,1.92707,0.575335,3.80012,0.474163,0.522033,0.495238,0.533333,0.522033,0.719,0.741,0,14.7755,0,,,2.24383,0,100,14.59
Y1/spectral_only__f1_s0,83,0.00032518,0,0.0752764,0.461175,1.93202,1.93202,0.564732,3.80633,0.481726,0.522424,0.496825,0.533333,0.522424,0.722,0.738,0,17.0821,0,,,2.21791,0,100,16.9234
Y1/spectral_only__f1_s0,84,0.000321359,0,0.0749749,0.4589,1.86367,1.86367,0.599888,3.94019,0.505803,0.519549,0.51746,0.530159,0.522424,,,0,12.5505,0,,,2.15133,,,12.3549
Y1/spectral_only__f1_s0,85,0.00031752,0,0.0746734,0.456625,1.85638,1.85638,0.592076,3.8741,0.533141,0.518355,0.544444,0.528571,0.533141,0.741,0.745,0,13.6885,0,,,2.18477,0,100,13.4993
Y1/spectral_only__f1_s0,86,0.000313664,0,0.0743719,0.45435,1.87849,1.87849,0.591518,3.84114,0.484508,0.523064,0.503175,0.533333,0.533141,,,0,15.3242,0,,,2.19337,,,15.1466
Y1/spectral_only__f1_s0,87,0.000309793,0,0.0740704,0.452075,1.83995,1.83995,0.587054,3.92354,0.507606,0.520174,0.511111,0.530159,0.533141,,,0,14.1348,0,,,2.17432,,,13.9515
Y1/spectral_only__f1_s0,88,0.000305907,0,0.0737688,0.4498,1.85952,1.85952,0.579799,3.75243,0.498519,0.522726,0.509524,0.533333,0.533141,,,0,16.9104,0,,,2.24654,,,16.741
Y1/spectral_only__f1_s0,89,0.000302006,0,0.0734673,0.447525,1.79813,1.79813,0.604353,3.55882,0.513716,0.523582,0.530159,0.533333,0.533141,,,0,14.8046,0,,,2.18143,,,14.6331
Y1/spectral_only__f1_s0,90,0.000298093,0,0.0731658,0.44525,1.80058,1.80058,0.59654,3.84554,0.505261,0.524758,0.519048,0.534921,0.533141,,,0,16.3408,0,,,2.22305,,,16.1749
Y1/spectral_only__f1_s0,91,0.000294168,0,0.0728643,0.442975,1.74828,1.74828,0.62779,3.79746,0.477419,0.526807,0.492063,0.536508,0.533141,,,0,15.6899,0,,,2.22187,,,15.5158
Y1/spectral_only__f1_s0,92,0.000290233,0,0.0725628,0.4407,1.79692,1.79692,0.606585,3.76605,0.512806,0.525561,0.530159,0.534921,0.533141,,,0,15.4801,0,,,2.21885,,,15.3009
Y1/spectral_only__f1_s0,93,0.000286287,0,0.0722613,0.438425,1.80042,1.80042,0.59933,3.86833,0.515794,0.525908,0.528571,0.534921,0.533141,,,0,14.9029,0,,,2.17675,,,14.7278
Y1/spectral_only__f1_s0,94,0.000282333,0,0.0719598,0.43615,1.80147,1.80147,0.594866,3.70602,0.536492,0.529432,0.546032,0.538095,0.536492,0.791,0.794,0,14.1279,0,,,2.18063,0,100,13.9476
Y1/spectral_only__f1_s0,95,0.000278371,0,0.0716583,0.433875,1.76446,1.76446,0.612723,3.68833,0.509731,0.53291,0.52381,0.54127,0.536492,,,0,14.645,0,,,2.18203,,,14.4661
Y1/spectral_only__f1_s0,96,0.000274402,0,0.0713568,0.4316,1.77248,1.77248,0.613839,3.81262,0.541934,0.532572,0.555556,0.54127,0.541934,0.806,0.801,0,15.3133,0,,,2.1676,0,100,15.1465
Y1/spectral_only__f1_s0,97,0.000270428,0,0.0710553,0.429325,1.73289,1.73289,0.614955,3.66722,0.499783,0.533063,0.512698,0.54127,0.541934,,,0,13.6088,0,,,2.17005,,,13.4227
Y1/spectral_only__f1_s0,98,0.000266449,0,0.0707538,0.42705,1.70248,1.70248,0.633371,3.7688,0.49694,0.530424,0.51746,0.538095,0.541934,,,0,13.4961,0,,,2.14149,,,13.3116
Y1/spectral_only__f1_s0,99,0.000262466,0,0.0704523,0.424775,1.75652,1.75652,0.59933,3.78289,0.518308,0.532004,0.533333,0.539683,0.541934,,,0,14.8445,0,,,2.19432,,,14.6651
Y1/spectral_only__f1_s0,100,0.000258481,0,0.0701508,0.4225,1.65216,1.65216,0.65346,3.79371,0.518865,0.535495,0.530159,0.544444,0.541934,0.812,0.814,0,13.7455,0,,,2.15036,0,100,13.5638
Y1/spectral_only__f1_s0,101,0.000254494,0,0.0698492,0.420225,1.68689,1.68689,0.631696,3.7158,0.522945,0.53424,0.536508,0.542857,0.541934,,,0,14.3127,0,,,2.15721,,,14.14
Y1/spectral_only__f1_s0,102,0.000250506,0,0.0695477,0.41795,1.68954,1.68954,0.639509,3.79244,0.532682,0.53167,0.539683,0.54127,0.541934,,,0,14.7886,0,,,2.19098,,,14.6113
Y1/spectral_only__f1_s0,103,0.000246519,0,0.0692462,0.415675,1.67029,1.67029,0.654018,3.71218,0.527285,0.534896,0.534921,0.544444,0.541934,,,0,15.002,0,,,2.14736,,,14.8304
Y1/spectral_only__f1_s0,104,0.000242534,0,0.0689447,0.4134,1.63749,1.63749,0.665179,3.70098,0.538919,0.538689,0.547619,0.547619,0.541934,,,0,13.4637,0,,,2.15737,,,13.2778
Y1/spectral_only__f1_s0,105,0.000238551,0,0.0686432,0.411125,1.6463,1.6463,0.65625,3.68782,0.51874,0.542483,0.530159,0.550794,0.542483,0.84,0.833,0,16.5939,0,,,2.18385,0,100,16.4307
Y1/spectral_only__f1_s0,106,0.000234572,0,0.0683417,0.40885,1.63163,1.63163,0.650112,3.88287,0.534886,0.543042,0.546032,0.550794,0.543042,0.824,0.834,0,13.7173,0,,,2.1651,0,100,13.5326
Y1/spectral_only__f1_s0,107,0.000230598,0,0.0680402,0.406575,1.6061,1.60611,0.660714,3.93968,0.531508,0.549045,0.542857,0.557143,0.549045,0.841,0.836,0,14.4418,0,,,2.17686,0,100,14.2668
Y1/spectral_only__f1_s0,108,0.000226629,0,0.0677387,0.4043,1.65375,1.65375,0.645089,3.72564,0.505396,0.548236,0.526984,0.557143,0.549045,,,0,15.6879,0,,,2.17774,,,15.5186
Y1/spectral_only__f1_s0,109,0.000222667,0,0.0674372,0.402025,1.62244,1.62244,0.650112,3.75677,0.504976,0.545166,0.514286,0.553968,0.549045,,,0,15.6776,0,,,2.15356,,,15.5117
Y1/spectral_only__f1_s0,110,0.000218713,0,0.0671357,0.39975,1.62835,1.62835,0.670201,3.75212,0.513018,0.548427,0.528571,0.557143,0.549045,,,0,15.1417,0,,,2.11501,,,14.9813
Y1/spectral_only__f1_s0,111,0.000214767,0,0.0668342,0.397475,1.60933,1.60933,0.676339,3.84191,0.537313,0.546898,0.547619,0.555556,0.549045,,,0,14.3885,0,,,2.15305,,,14.2131
Y1/spectral_only__f1_s0,112,0.000210832,0,0.0665327,0.3952,1.54754,1.54754,0.676897,3.84081,0.522263,0.541654,0.530159,0.552381,0.549045,,,0.0119048,13.9689,1,,,2.09459,,,13.7932
Y1/spectral_only__f1_s0,113,0.000206907,0,0.0662312,0.392925,1.57971,1.57971,0.680804,3.61316,0.51927,0.542921,0.528571,0.553968,0.549045,,,0,12.9072,0,,,2.06766,,,12.7303
Y1/spectral_only__f1_s0,114,0.000202994,0,0.0659296,0.39065,1.58106,1.58106,0.671875,3.86857,0.544535,0.542066,0.55873,0.553968,0.549045,,,0,12.9399,0,,,2.13141,,,12.7498
Y1/spectral_only__f1_s0,115,0.000199093,0,0.0656281,0.388375,1.53301,1.53301,0.680246,3.88725,0.525296,0.543748,0.534921,0.555556,0.549045,,,0,12.9669,0,,,2.12057,,,12.7813
Y1/spectral_only__f1_s0,116,0.000195207,0,0.0653266,0.3861,1.52177,1.52177,0.691406,3.68255,0.53505,0.541099,0.54127,0.552381,0.549045,,,0,14.0614,0,,,2.14525,,,13.8849
Y1/spectral_only__f1_s0,117,0.000191336,0,0.0650251,0.383825,1.52434,1.52434,0.671317,3.75402,0.522948,0.538562,0.531746,0.549206,0.549045,,,0,15.6032,0,,,2.14816,,,15.4367
Y1/spectral_only__f1_s0,118,0.00018748,0,0.0647236,0.38155,1.60426,1.60426,0.670759,3.8519,0.519794,0.538302,0.531746,0.549206,0.549045,,,0,16.738,0,,,2.22535,,,16.5758
Y1/spectral_only__f1_s0,119,0.000183641,0,0.0644221,0.379275,1.55235,1.55235,0.685268,3.76922,0.537828,0.541191,0.544444,0.552381,0.549045,,,0,14.3173,0,,,2.16018,,,14.1403
Y1/spectral_only__f1_s0,120,0.00017982,0,0.0641206,0.377,1.50343,1.50343,0.698103,3.78339,0.503798,0.539225,0.511111,0.550794,0.549045,,,0,16.228,0,,,2.14068,,,16.0735
Y1/spectral_only__f1_s0,121,0.000176018,0,0.0638191,0.374725,1.4762,1.4762,0.708705,3.7266,0.520549,0.54123,0.533333,0.552381,0.549045,,,0,14.253,0,,,2.13275,,,14.0804
Y1/spectral_only__f1_s0,122,0.000172236,0,0.0635176,0.37245,1.46667,1.46667,0.71317,3.81152,0.533223,0.540983,0.54127,0.552381,0.549045,,,0,14.6388,0,,,2.13091,,,14.4657
Y1/spectral_only__f1_s0,123,0.000168475,0,0.0632161,0.370175,1.49315,1.49315,0.690848,3.76573,0.5251,0.539436,0.533333,0.550794,0.549045,,,0,14.3469,0,,,2.11105,,,14.1775
Y1/spectral_only__f1_s0,124,0.000164735,0,0.0629146,0.3679,1.47492,1.47492,0.691406,3.75456,0.539941,0.541158,0.550794,0.552381,0.549045,,,0,14.2713,0,,,2.13216,,,14.0995
Y1/spectral_only__f1_s0,125,0.000161019,0,0.0626131,0.365625,1.47218,1.47218,0.71596,3.93015,0.540255,0.542764,0.549206,0.553968,0.549045,0.903,0.893,0,13.3876,0,,,2.14287,0,100,13.2019
Y1/spectral_only__f1_s0,126,0.000157326,0,0.0623116,0.36335,1.50542,1.50542,0.681362,3.89079,0.53745,0.544234,0.546032,0.555556,0.549045,,,0,13.5373,0,,,2.11478,,,13.3593
Y1/spectral_only__f1_s0,127,0.000153657,0,0.0620101,0.361075,1.46434,1.46434,0.704799,3.82311,0.535776,0.545862,0.542857,0.557143,0.549045,,,0,16.329,0,,,2.15373,,,16.1698
Y1/spectral_only__f1_s0,128,0.000150015,0,0.0617085,0.3588,1.45758,1.45758,0.717076,3.77074,0.520041,0.546229,0.533333,0.557143,0.549045,,,0,16.113,0,,,2.15498,,,15.9556
Y1/spectral_only__f1_s0,129,0.000146399,0,0.061407,0.356525,1.47605,1.47605,0.699777,3.72709,0.537628,0.545027,0.546032,0.555556,0.549045,,,0,14.4722,0,,,2.16606,,,14.2993
Y1/spectral_only__f1_s0,130,0.00014281,0,0.0611055,0.35425,1.43757,1.43757,0.701451,3.96132,0.554592,0.545071,0.560317,0.555556,0.554592,0.914,0.902,0,12.6071,0,,,2.10426,0,100,12.4188
Y1/spectral_only__f1_s0,131,0.00013925,0,0.060804,0.351975,1.41703,1.41704,0.731585,3.79694,0.543215,0.548522,0.550794,0.55873,0.554592,,,0,13.9791,0,,,2.06116,,,13.8126
Y1/spectral_only__f1_s0,132,0.000135719,0,0.0605025,0.3497,1.43567,1.43567,0.71317,3.95426,0.544818,0.549765,0.555556,0.560317,0.554592,,,0,14.7752,0,,,2.14824,,,14.6074
Y1/spectral_only__f1_s0,133,0.000132219,0,0.060201,0.347425,1.42352,1.42352,0.716518,3.88229,0.534665,0.550331,0.542857,0.560317,0.554592,,,0,16.7786,0,,,2.14029,,,16.6282
Y1/spectral_only__f1_s0,134,0.00012875,0,0.0598995,0.34515,1.4314,1.4314,0.71317,3.69763,0.524751,0.548933,0.533333,0.55873,0.554592,,,0,13.9371,0,,,2.10287,,,13.7643
Y1/spectral_only__f1_s0,135,0.000125313,0,0.059598,0.342875,1.43921,1.43921,0.703683,3.86189,0.537842,0.55143,0.546032,0.560317,0.554592,,,0,13.7075,0,,,2.12042,,,13.5298
Y1/spectral_only__f1_s0,136,0.000121909,0,0.0592965,0.3406,1.39672,1.39672,0.730469,3.91995,0.520899,0.549072,0.536508,0.557143,0.554592,,,0,14.655,0,,,2.09591,,,14.4923
Y1/spectral_only__f1_s0,137,0.000118539,0,0.058995,0.338325,1.42261,1.42261,0.72433,3.8182,0.533748,0.549822,0.542857,0.55873,0.554592,,,0,14.4522,0,,,2.12678,,,14.2825
Y1/spectral_only__f1_s0,138,0.000115204,0,0.0586935,0.33605,1.38791,1.38791,0.727121,3.73879,0.541299,0.546744,0.547619,0.555556,0.554592,,,0,14.1883,0,,,2.05914,,,14.0261
Y1/spectral_only__f1_s0,139,0.000111904,0,0.058392,0.333775,1.35682,1.35682,0.733817,3.68984,0.527898,0.546744,0.538095,0.555556,0.554592,,,0,13.743,0,,,2.10785,,,13.566
Y1/spectral_only__f1_s0,140,0.000108641,0,0.0580905,0.3315,1.36347,1.36347,0.728237,3.94423,0.538628,0.548254,0.549206,0.557143,0.554592,,,0,13.8141,0,,,2.13238,,,13.6383
Y1/spectral_only__f1_s0,141,0.000105415,0,0.0577889,0.329225,1.34677,1.34677,0.74442,3.79749,0.547219,0.549583,0.557143,0.55873,0.554592,,,0,13.0081,0,,,2.0817,,,12.829
Y1/spectral_only__f1_s0,142,0.000102227,0,0.0574874,0.32695,1.35004,1.35004,0.738839,3.76132,0.551201,0.551023,0.560317,0.560317,0.554592,,,0,12.0975,0,,,2.06756,,,11.9138
Y1/spectral_only__f1_s0,143,9.90786e-05,0,0.0571859,0.324675,1.33318,1.33318,0.753348,3.74846,0.544957,0.549859,0.555556,0.55873,0.554592,,,0,12.4549,0,,,2.0656,,,12.2728
Y1/spectral_only__f1_s0,144,9.59698e-05,0,0.0568844,0.3224,1.28588,1.28588,0.767857,3.71343,0.542901,0.551321,0.552381,0.560317,0.554592,,,0,12.4714,0,,,2.03535,,,12.2943
Y1/spectral_only__f1_s0,145,9.29016e-05,0,0.0565829,0.320125,1.33983,1.33983,0.737723,3.90921,0.545831,0.552551,0.557143,0.563492,0.554592,,,0,12.663,0,,,2.07332,,,12.4837
Y1/spectral_only__f1_s0,146,8.98748e-05,0,0.0562814,0.31785,1.33318,1.33318,0.746094,3.84373,0.544692,0.55128,0.552381,0.561905,0.554592,,,0,14.3792,0,,,2.1161,,,14.21
Y1/spectral_only__f1_s0,147,8.68902e-05,0,0.0559799,0.315575,1.33282,1.33282,0.737165,3.79534,0.566432,0.549865,0.569841,0.560317,0.566432,0.944,0.937,0,13.2139,0,,,2.1194,0,100,13.0327
Y1/spectral_only__f1_s0,148,8.39486e-05,0,0.0556784,0.3133,1.29189,1.29189,0.758929,3.74241,0.532995,0.555071,0.539683,0.565079,0.566432,,,0,13.5614,0,,,2.05091,,,13.3949
Y1/spectral_only__f1_s0,149,8.10507e-05,0,0.0553769,0.311025,1.33614,1.33614,0.734375,3.8328,0.54459,0.555071,0.552381,0.565079,0.566432,,,0,12.9855,0,,,2.09053,,,12.8058
Y1/spectral_only__f1_s0,150,7.81974e-05,0,0.0550754,0.30875,1.32869,1.32869,0.741071,3.812,0.549201,0.555402,0.557143,0.565079,0.566432,0.953,0.941,0,13.4002,0,,,2.11715,0,100,13.2194
Y1/spectral_only__f1_s0,151,7.53893e-05,0,0.0547739,0.306475,1.31966,1.31966,0.75,3.78982,0.535945,0.555071,0.549206,0.565079,0.566432,,,0,11.6609,0,,,2.03059,,,11.4735
Y1/spectral_only__f1_s0,152,7.26271e-05,0,0.0544724,0.3042,1.34538,1.34538,0.746652,3.72312,0.553742,0.557931,0.55873,0.566667,0.566432,,,0,12.546,0,,,2.02754,,,12.3707
Y1/spectral_only__f1_s0,153,6.99117e-05,0,0.0541709,0.301925,1.28232,1.28232,0.752232,3.63433,0.538203,0.558183,0.547619,0.566667,0.566432,,,0,12.8635,0,,,2.06357,,,12.6817
Y1/spectral_only__f1_s0,154,6.72436e-05,0,0.0538693,0.29965,1.3004,1.3004,0.747768,3.80869,0.543591,0.554905,0.555556,0.563492,0.566432,,,0,14.1703,0,,,2.09707,,,13.9948
Y1/spectral_only__f1_s0,155,6.46236e-05,0,0.0535678,0.297375,1.25641,1.25641,0.757813,3.66272,0.539967,0.553952,0.553968,0.561905,0.566432,,,0,11.5526,0,,,2.00334,,,11.3709
Y1/spectral_only__f1_s0,156,6.20524e-05,0,0.0532663,0.2951,1.3017,1.3017,0.756138,3.79208,0.563573,0.553952,0.569841,0.561905,0.566432,,,0,11.9189,0,,,2.07132,,,11.7285
Y1/spectral_only__f1_s0,157,5.95306e-05,0,0.0529648,0.292825,1.2932,1.2932,0.759487,3.78141,0.55123,0.553822,0.560317,0.561905,0.566432,,,0,11.9561,0,,,2.05894,,,11.7693
Y1/spectral_only__f1_s0,158,5.70589e-05,0,0.0526633,0.29055,1.28137,1.28137,0.755022,3.60003,0.550979,0.552009,0.561905,0.560317,0.566432,,,0,12.3598,0,,,2.05792,,,12.1787
Y1/spectral_only__f1_s0,159,5.46379e-05,0,0.0523618,0.288275,1.27109,1.27109,0.753348,3.63613,0.561194,0.552061,0.566667,0.560317,0.566432,,,0,12.9494,0,,,2.08252,,,12.7694
Y1/spectral_only__f1_s0,160,5.22683e-05,0,0.0520603,0.286,1.26293,1.26293,0.766741,3.86588,0.54388,0.552097,0.553968,0.560317,0.566432,,,0,12.5008,0,,,2.04458,,,12.3231
Y1/spectral_only__f1_s0,161,4.99506e-05,0,0.0517588,0.283725,1.26506,1.26506,0.765067,3.93438,0.535553,0.55349,0.546032,0.561905,0.566432,,,0,11.9426,0,,,2.03765,,,11.7599
Y1/spectral_only__f1_s0,162,4.76856e-05,0,0.0514573,0.28145,1.29581,1.29581,0.748326,3.81884,0.550001,0.552211,0.55873,0.560317,0.566432,,,0,11.5308,0,,,2.02675,,,11.3453
Y1/spectral_only__f1_s0,163,4.54736e-05,0,0.0511558,0.279175,1.2502,1.2502,0.761719,3.69388,0.562691,0.552284,0.569841,0.560317,0.566432,,,0,13.7415,0,,,2.07691,,,13.5712
Y1/spectral_only__f1_s0,164,4.33155e-05,0,0.0508543,0.2769,1.29109,1.29109,0.740513,3.78075,0.550566,0.555173,0.560317,0.563492,0.566432,,,0,12.1281,0,,,2.08564,,,11.9378
Y1/spectral_only__f1_s0,165,4.12116e-05,0,0.0505528,0.274625,1.24799,1.24799,0.769531,3.7585,0.54562,0.553452,0.552381,0.561905,0.566432,,,0,13.0405,0,,,2.0488,,,12.8688
Y1/spectral_only__f1_s0,166,3.91625e-05,0,0.0502513,0.27235,1.27802,1.27802,0.747768,3.86618,0.542739,0.552507,0.550794,0.560317,0.566432,,,0,12.3357,0,,,2.04249,,,12.157
Y1/spectral_only__f1_s0,167,3.71688e-05,0,0.0499497,0.270075,1.22761,1.22761,0.764509,3.75563,0.55337,0.552738,0.55873,0.560317,0.566432,,,0,13.0208,0,,,2.07804,,,12.8442
Y1/spectral_only__f1_s0,168,3.5231e-05,0,0.0496482,0.2678,1.24357,1.24357,0.755022,3.81757,0.547155,0.551422,0.555556,0.55873,0.566432,,,0,13.1975,0,,,2.06328,,,13.0279
Y1/spectral_only__f1_s0,169,3.33496e-05,0,0.0493467,0.265525,1.22037,1.22037,0.775112,3.94241,0.552509,0.550853,0.557143,0.55873,0.566432,,,0,12.8152,0,,,2.02717,,,12.6456
Y1/spectral_only__f1_s0,170,3.15251e-05,0,0.0490452,0.26325,1.23269,1.23269,0.766741,3.7901,0.552693,0.54946,0.560317,0.557143,0.566432,,,0,11.9893,0,,,2.0359,,,11.8077
Y1/spectral_only__f1_s0,171,2.97579e-05,0,0.0487437,0.260975,1.23073,1.23073,0.761719,3.70693,0.544328,0.5478,0.552381,0.555556,0.566432,,,0,12.7871,0,,,2.03006,,,12.615
Y1/spectral_only__f1_s0,172,2.80486e-05,0,0.0484422,0.2587,1.22423,1.22423,0.767857,3.70341,0.552515,0.54756,0.55873,0.555556,0.566432,,,0,11.6148,0,,,2.03304,,,11.426
Y1/spectral_only__f1_s0,173,2.63975e-05,0,0.0481407,0.256425,1.20945,1.20945,0.760045,3.65787,0.539323,0.545291,0.549206,0.552381,0.566432,,,0,11.902,0,,,2.02038,,,11.7195
Y1/spectral_only__f1_s0,174,2.48051e-05,0,0.0478392,0.25415,1.22649,1.22649,0.773438,3.64366,0.533923,0.545291,0.54127,0.552381,0.566432,,,0,12.33,0,,,2.04502,,,12.1501
Y1/spectral_only__f1_s0,175,2.32718e-05,0,0.0475377,0.251875,1.16874,1.16874,0.786272,3.67264,0.543809,0.546768,0.550794,0.553968,0.566432,0.962,0.957,0,11.4215,0,,,1.9799,0,100,11.2412
Y1/spectral_only__f1_s0,176,2.1798e-05,0,0.0472362,0.25,1.17891,1.17891,0.784598,4.01147,0.548762,0.548428,0.557143,0.555556,0.566432,,,0,11.5827,0,,,1.99815,,,11.4001
Y1/spectral_only__f1_s0,177,2.0384e-05,0,0.0469347,0.25,1.18528,1.18528,0.77567,3.90549,0.555889,0.549938,0.563492,0.557143,0.566432,,,0,12.1491,0,,,2.05556,,,11.9636
Y1/spectral_only__f1_s0,178,1.90303e-05,0,0.0466332,0.25,1.19753,1.19753,0.774554,3.86169,0.549722,0.549551,0.557143,0.557143,0.566432,,,0,12.055,0,,,2.01945,,,11.8755
Y1/spectral_only__f1_s0,179,1.77372e-05,0,0.0463317,0.25,1.18653,1.18653,0.753906,3.5433,0.556218,0.551033,0.563492,0.55873,0.566432,,,0,11.5722,0,,,2.04326,,,11.3837
Y1/spectral_only__f1_s0,180,1.65051e-05,0,0.0460302,0.25,1.20823,1.20823,0.768415,3.74274,0.554637,0.551033,0.563492,0.55873,0.566432,,,0,11.2241,0,,,2.01353,,,11.0345
Y1/spectral_only__f1_s0,181,1.53342e-05,0,0.0457286,0.25,1.17119,1.17119,0.777344,3.82397,0.555294,0.552754,0.561905,0.560317,0.566432,,,0,10.8236,0,,,1.99665,,,10.6324
Y1/spectral_only__f1_s0,182,1.42248e-05,0,0.0454271,0.25,1.16242,1.16242,0.77846,3.88557,0.553734,0.552754,0.561905,0.560317,0.566432,,,0,11.7731,0,,,2.02084,,,11.592
Y1/spectral_only__f1_s0,183,1.31773e-05,0,0.0451256,0.25,1.19406,1.19406,0.77567,3.75868,0.55291,0.552754,0.561905,0.560317,0.566432,,,0,11.3689,0,,,2.00181,,,11.182
Y1/spectral_only__f1_s0,184,1.21919e-05,0,0.0448241,0.25,1.1967,1.1967,0.762835,3.79334,0.553179,0.552754,0.561905,0.560317,0.566432,,,0,11.5255,0,,,2.05676,,,11.3324
Y1/spectral_only__f1_s0,185,1.12689e-05,0,0.0445226,0.25,1.21111,1.21111,0.758371,3.78993,0.549514,0.5512,0.557143,0.55873,0.566432,,,0,11.669,0,,,2.04894,,,11.4773
Y1/spectral_only__f1_s0,186,1.04085e-05,0,0.0442211,0.25,1.17005,1.17005,0.766741,3.73214,0.555579,0.551778,0.563492,0.560317,0.566432,,,0,12.0881,0,,,2.0369,,,11.9078
Y1/spectral_only__f1_s0,187,9.61089e-06,0,0.0439196,0.25,1.16079,1.16079,0.777902,3.80451,0.547045,0.551783,0.555556,0.560317,0.566432,0.97,0.965,0,11.4164,0,,,2.05613,,,11.2223
Y2/mixstyle__f0_s0,1,0.0002,1,0.1,0.647725,8.4226,5.5078,0.0184152,17.6745,0.0151267,0.0129874,0.0460317,0.0428571,0.0151267,0.045,0.055,0.0238095,33.1423,6,25.474,16.1107,9.43415,0.0990531,99.9009,9.95551
Y2/mixstyle__f0_s0,2,0.0003,1,0.0996985,0.64545,7.36818,4.46535,0.031808,5.98838,0.0260778,0.0288816,0.0714286,0.068254,0.0288816,0.082,0.079,0,13.7477,0,7.18009,8.35467,5.54795,1.68888,98.3111,5.05672
Y2/mixstyle__f0_s0,3,0.0004,1,0.099397,0.643175,6.99403,4.11227,0.0502232,6.12973,0.0455485,0.0849575,0.0888889,0.126984,0.0849575,0.103,0.13,0,9.01217,0,3.44022,5.17609,4.36702,12.4694,87.5306,4.12616
Y2/mixstyle__f0_s0,4,0.0005,1,0.0990955,0.6409,6.87873,4.06097,0.046875,6.09767,0.070161,0.0875507,0.112698,0.128571,0.0875507,0.14,0.135,0,7.036,0,2.28494,3.28196,3.84555,19.7649,80.2351,3.97613
Y2/mixstyle__f0_s0,5,0.000499968,1,0.098794,0.638625,6.59931,3.86193,0.0870536,6.23911,0.0829428,0.124153,0.14127,0.166667,0.124153,0.131,0.184,0,6.13403,0,1.48848,2.42456,3.52923,19.5964,80.4036,3.87172
Y2/mixstyle__f0_s0,6,0.000499872,1,0.0984925,0.63635,6.57497,3.86407,0.0820312,6.10619,0.0879908,0.123608,0.147619,0.177778,0.124153,,,0,5.48025,0,1.24313,2.00859,3.13978,,,3.61092
Y2/mixstyle__f0_s0,7,0.000499711,1,0.098191,0.634075,6.35194,3.68196,0.077567,5.98355,0.107349,0.134741,0.15873,0.180952,0.134741,0.195,0.215,0,5.70833,0,1.14925,2.01083,3.11645,18.2205,81.7795,3.99788
Y2/mixstyle__f0_s0,8,0.000499486,1,0.0978894,0.6318,6.38869,3.72465,0.0675223,6.00688,0.111629,0.165097,0.161905,0.211111,0.165097,0.199,0.235,0,5.66318,0,1.19644,1.77571,2.90635,13.4594,86.5406,4.20293
Y2/mixstyle__f0_s0,9,0.000499197,1,0.0975879,0.629525,6.22792,3.61019,0.0691964,6.026,0.119568,0.158743,0.163492,0.206349,0.165097,,,0,5.71656,0,1.37186,1.74393,2.82076,,,4.28116
Y2/mixstyle__f0_s0,10,0.000498845,1,0.0972864,0.62725,6.41681,3.7721,0.0998884,6.16841,0.112117,0.174616,0.165079,0.21746,0.174616,0.209,0.25,0,5.61929,0,1.23066,1.63882,2.6643,18.9378,81.0622,4.35428
Y2/mixstyle__f0_s0,11,0.000498428,1,0.0969849,0.624975,6.23188,3.63146,0.115513,6.09079,0.141697,0.184215,0.198413,0.234921,0.184215,0.244,0.269,0,5.27344,0,1.60897,1.77391,2.5316,16.5056,83.4944,3.76049
Y2/mixstyle__f0_s0,12,0.000497947,1,0.0966834,0.6227,6.22951,3.64324,0.0881696,6.14287,0.159631,0.196758,0.203175,0.246032,0.196758,0.244,0.275,0,6.04478,0,1.45923,1.65016,2.5,19.4048,80.5952,4.87917
Y2/mixstyle__f0_s0,13,0.000497403,1,0.0963819,0.620425,5.96776,3.44534,0.130022,6.11863,0.156169,0.213331,0.206349,0.257143,0.213331,0.275,0.298,0,5.5553,0,1.34838,1.43822,2.53214,17.7688,82.2312,4.40156
Y2/mixstyle__f0_s0,14,0.000496795,1,0.0960804,0.61815,6.18689,3.62337,0.108259,6.28351,0.179768,0.216385,0.226984,0.25873,0.216385,0.275,0.298,0,5.49572,0,1.18008,1.52977,2.3373,17.7539,82.2461,4.47004
Y2/mixstyle__f0_s0,15,0.000496124,1,0.0957789,0.615875,6.02378,3.50753,0.108817,6.16578,0.148212,0.219588,0.203175,0.257143,0.219588,0.264,0.318,0,6.18934,0,1.38738,1.53881,2.37841,18.5918,81.4082,5.19618
Y2/mixstyle__f0_s0,16,0.000495389,1,0.0954774,0.6136,5.83838,3.37481,0.114397,6.04866,0.188018,0.234067,0.236508,0.274603,0.234067,0.279,0.319,0,5.76393,0,1.28835,1.54501,2.37931,17.2621,82.7379,4.72131
Y2/mixstyle__f0_s0,17,0.000494592,1,0.0951759,0.611325,5.84585,3.39149,0.120536,6.10967,0.23132,0.240963,0.263492,0.284127,0.240963,0.31,0.339,0,5.97273,0,1.2389,1.38885,2.29458,19.8563,80.1437,5.08678
Y2/mixstyle__f0_s0,18,0.000493731,1,0.0948744,0.60905,5.72996,3.29775,0.105469,6.23942,0.20989,0.26085,0.261905,0.296825,0.26085,0.312,0.343,0,6.14653,0,1.36399,1.50999,2.2979,19.9414,80.0586,5.20116
Y2/mixstyle__f0_s0,19,0.000492808,1,0.0945729,0.606775,5.95566,3.48514,0.113839,5.97368,0.201761,0.268549,0.246032,0.306349,0.268549,0.315,0.355,0,5.68531,0,1.32797,1.58727,2.16051,20.8953,79.1047,4.69615
Y2/mixstyle__f0_s0,20,0.000491823,1,0.0942714,0.6045,5.85252,3.40421,0.160156,6.132,0.230313,0.273117,0.274603,0.311111,0.273117,0.308,0.351,0,5.92104,0,1.2922,1.44371,2.10896,20.4525,79.5475,5.08463
Y2/mixstyle__f0_s0,21,0.000490775,1,0.0939698,0.602225,5.86517,3.41944,0.133371,6.14913,0.188672,0.275979,0.24127,0.314286,0.275979,0.298,0.35,0,6.65526,0,1.34995,1.55854,2.17911,18.876,81.124,5.8364
Y2/mixstyle__f0_s0,22,0.000489666,1,0.0936683,0.59995,5.7915,3.3878,0.122768,5.9794,0.200592,0.292451,0.249206,0.326984,0.292451,0.332,0.365,0,6.26571,0,1.42039,1.41841,2.12492,16.6989,83.3011,5.43262
Y2/mixstyle__f0_s0,23,0.000488495,1,0.0933668,0.597675,5.79259,3.38084,0.103795,5.99979,0.227005,0.288226,0.27619,0.32381,0.292451,,,0,6.36696,0,1.4647,1.53167,1.98782,,,5.53873
Y2/mixstyle__f0_s0,24,0.000487263,1,0.0930653,0.5954,5.79207,3.39611,0.0892857,6.173,0.250304,0.285888,0.28254,0.322222,0.292451,,,0,6.06365,0,1.54572,1.42587,2.0124,,,5.22328
Y2/mixstyle__f0_s0,25,0.00048597,1,0.0927638,0.593125,5.72927,3.33771,0.149554,6.14375,0.239787,0.292495,0.279365,0.330159,0.292495,0.357,0.386,0,5.82362,0,1.37585,1.36298,1.97324,18.3987,81.6013,5.04108
Y2/mixstyle__f0_s0,26,0.000484616,1,0.0924623,0.59085,5.65868,3.30815,0.15625,6.00102,0.268279,0.288083,0.309524,0.325397,0.292495,,,0,6.06682,0,1.54221,1.62879,1.93114,,,5.14641
Y2/mixstyle__f0_s0,27,0.000483202,1,0.0921608,0.588575,5.50918,3.17703,0.132812,6.16415,0.228511,0.286289,0.265079,0.322222,0.292495,,,0,7.33852,0,1.79332,1.58611,1.9886,,,6.55177
Y2/mixstyle__f0_s0,28,0.000481728,1,0.0918593,0.5863,5.67272,3.32396,0.18471,6.1712,0.257969,0.305249,0.298413,0.334921,0.305249,0.372,0.412,0,7.46505,0,1.84876,1.67322,1.9339,26.2062,73.7938,6.62854
Y2/mixstyle__f0_s0,29,0.000480195,1,0.0915578,0.584025,5.63252,3.29298,0.144531,6.13176,0.285612,0.300806,0.326984,0.336508,0.305249,,,0,6.70646,0,1.69032,1.69286,1.894,,,5.87594
Y2/mixstyle__f0_s0,30,0.000478603,1,0.0912563,0.58175,5.59695,3.27523,0.108259,6.18601,0.28767,0.320137,0.32381,0.352381,0.320137,0.394,0.428,0,7.24631,0,1.94269,1.64265,1.93131,23.6041,76.3959,6.40316
Y2/mixstyle__f0_s0,31,0.000476951,0,0.0909548,0.579475,4.87877,2.71401,0.354353,6.12983,0.291837,0.328408,0.328571,0.357143,0.328408,0.42,0.446,0,8.20465,0,2.8518,2.29652,2.12805,19.5357,80.4643,6.69344
Y2/mixstyle__f0_s0,32,0.000475242,0,0.0906533,0.5772,4.85933,2.69101,0.356027,6.1885,0.278108,0.328867,0.306349,0.35873,0.328867,0.376,0.454,0,8.5719,0,2.63606,2.06337,2.16061,19.6814,80.3186,7.4632
Y2/mixstyle__f0_s0,33,0.000473475,0,0.0903518,0.574925,4.80149,2.65635,0.351004,5.9154,0.36195,0.333275,0.388889,0.365079,0.36195,0.467,0.446,0,9.37682,0,3.36581,2.2369,2.13411,21.4467,78.5533,7.92858
Y2/mixstyle__f0_s0,34,0.00047165,0,0.0900503,0.57265,4.68123,2.57778,0.390067,5.83241,0.376576,0.36427,0.398413,0.387302,0.376576,0.472,0.488,0,9.46791,0,4.28092,2.22918,2.12624,20.8838,79.1162,7.7141
Y2/mixstyle__f0_s0,35,0.000469769,0,0.0897487,0.570375,4.64778,2.56283,0.381138,5.94384,0.347274,0.375483,0.377778,0.398413,0.376576,,,0,10.2193,0,4.58738,2.23878,2.09292,,,8.31238
Y2/mixstyle__f0_s0,36,0.000467831,0,0.0894472,0.5681,4.56047,2.50684,0.40346,6.11099,0.353941,0.382624,0.373016,0.409524,0.382624,0.48,0.499,0,10.9902,0,5.21806,2.51935,2.09585,20.8583,79.1417,8.62989
Y2/mixstyle__f0_s0,37,0.000465837,0,0.0891457,0.565825,4.47534,2.45719,0.426339,6.09313,0.393132,0.402466,0.425397,0.425397,0.402466,0.518,0.526,0,12.0715,0,3.83675,2.1806,2.09702,21.2618,78.7382,10.7692
Y2/mixstyle__f0_s0,38,0.000463788,0,0.0888442,0.56355,4.4125,2.41074,0.438058,6.04774,0.35215,0.406501,0.377778,0.425397,0.406501,0.496,0.533,0,11.0981,0,4.23811,1.87872,2.02655,21.35,78.65,9.69845
Y2/mixstyle__f0_s0,39,0.000461685,0,0.0885427,0.561275,4.3156,2.34076,0.469866,5.79482,0.400083,0.418917,0.41746,0.434921,0.418917,0.527,0.563,0,10.9346,0,5.98181,2.33058,2.02728,19.367,80.633,8.28726
Y2/mixstyle__f0_s0,40,0.000459526,0,0.0882412,0.559,4.3649,2.38287,0.448661,6.00458,0.420194,0.428557,0.450794,0.449206,0.428557,0.529,0.573,0,9.47795,0,4.38842,2.05337,2.0124,19.1578,80.8422,7.743
Y2/mixstyle__f0_s0,41,0.000457314,0,0.0879397,0.556725,4.22706,2.28499,0.457589,5.90314,0.41129,0.425637,0.447619,0.447619,0.428557,,,0,9.63501,0,4.15019,2.30077,2.0287,,,7.9204
Y2/mixstyle__f0_s0,42,0.000455049,0,0.0876382,0.55445,4.20557,2.2834,0.463728,6.2611,0.42264,0.435615,0.447619,0.463492,0.435615,0.537,0.572,0,10.2031,0,4.07105,2.11685,2.01523,25.6775,74.3225,8.76219
Y2/mixstyle__f0_s0,43,0.000452732,0,0.0873367,0.552175,4.16877,2.27374,0.469866,5.93883,0.421003,0.445233,0.442857,0.465079,0.445233,0.565,0.581,0,9.60514,0,4.60739,1.77849,1.98644,28.2201,71.7799,7.80579
Y2/mixstyle__f0_s0,44,0.000450362,0,0.0870352,0.5499,4.13721,2.23773,0.468192,5.9702,0.411322,0.42866,0.438095,0.449206,0.445233,,,0,10.2499,0,4.33981,1.82672,2.02076,,,8.70665
Y2/mixstyle__f0_s0,45,0.000447941,0,0.0867337,0.547625,4.06147,2.18713,0.496652,5.95748,0.421862,0.457776,0.444444,0.473016,0.457776,0.6,0.607,0,10.1666,0,4.96939,1.87753,1.98154,26.9258,73.0742,8.25365
Y2/mixstyle__f0_s0,46,0.000445469,0,0.0864322,0.54535,4.03608,2.18154,0.483817,5.99014,0.430433,0.461075,0.449206,0.471429,0.461075,0.565,0.61,0,10.699,0,5.97994,1.96721,1.92516,31.6034,68.3966,8.12375
Y2/mixstyle__f0_s0,47,0.000442948,0,0.0861307,0.543075,3.99872,2.16082,0.511161,6.04116,0.442711,0.479345,0.468254,0.498413,0.479345,0.601,0.64,0,10.7762,0,4.9002,2.11534,1.96715,22.3981,77.6019,8.88085
Y2/mixstyle__f0_s0,48,0.000440376,0,0.0858291,0.5408,3.97406,2.14123,0.503906,5.96811,0.410804,0.473325,0.428571,0.490476,0.479345,,,0,11.6055,0,4.93429,2.07306,1.98373,,,9.83898
Y2/mixstyle__f0_s0,49,0.000437756,0,0.0855276,0.538525,3.89206,2.08198,0.532366,6.1208,0.45694,0.471807,0.474603,0.492063,0.479345,,,0,11.5809,0,4.98049,2.07319,1.90928,,,9.80971
Y2/mixstyle__f0_s0,50,0.000435088,0,0.0852261,0.53625,3.80658,2.02719,0.541295,6.00726,0.447235,0.495018,0.47619,0.507937,0.495018,0.644,0.651,0,11.3522,0,5.90051,2.18374,1.89929,29.2494,70.7506,8.97452
Y2/mixstyle__f0_s0,51,0.000432373,0,0.0849246,0.533975,3.85286,2.08456,0.521763,6.11489,0.466653,0.490612,0.480952,0.504762,0.495018,,,0,11.8152,0,5.12363,1.89614,1.90078,,,10.0467
Y2/mixstyle__f0_s0,52,0.000429611,0,0.0846231,0.5317,3.74434,2.01889,0.542969,6.20404,0.349604,0.485536,0.380952,0.498413,0.495018,,,0,13.1275,1,6.79602,2.02203,1.89785,,,10.4436
Y2/mixstyle__f0_s0,53,0.000426803,0,0.0843216,0.529425,3.84341,2.07922,0.519531,5.96336,0.43487,0.499628,0.465079,0.515873,0.499628,0.594,0.656,0,12.5206,0,6.30435,2.22757,1.90072,31.6441,68.3559,10.1087
Y2/mixstyle__f0_s0,54,0.000423949,0,0.0840201,0.52715,3.68739,2.0046,0.548549,5.84523,0.464296,0.501906,0.487302,0.514286,0.501906,0.645,0.683,0,10.8049,0,5.20719,1.84806,1.84873,25.6601,74.3399,8.87879
Y2/mixstyle__f0_s0,55,0.000421051,0,0.0837186,0.524875,3.62707,1.94625,0.573103,5.97823,0.474348,0.490502,0.495238,0.504762,0.501906,,,0,11.2546,0,5.55234,2.17838,1.81625,,,9.1499
Y2/mixstyle__f0_s0,56,0.00041811,0,0.0834171,0.5226,3.65928,1.99056,0.561942,6.09299,0.500668,0.51954,0.512698,0.536508,0.51954,0.691,0.693,0,10.1109,0,4.99725,2.00754,1.83973,30.3136,69.6864,8.14388
Y2/mixstyle__f0_s0,57,0.000415125,0,0.0831156,0.520325,3.56701,1.92237,0.586496,6.14337,0.527638,0.533746,0.538095,0.546032,0.533746,0.706,0.708,0,9.81186,0,5.29627,1.98396,1.79968,24.23,75.77,7.62576
Y2/mixstyle__f0_s0,58,0.000412098,0,0.0828141,0.51805,3.56999,1.93983,0.558594,6.14211,0.460912,0.512297,0.48254,0.533333,0.533746,,,0,11.4538,0,6.21736,2.21635,1.82998,,,8.93105
Y2/mixstyle__f0_s0,59,0.00040903,0,0.0825126,0.515775,3.53047,1.9188,0.560826,6.04403,0.500418,0.498436,0.525397,0.522222,0.533746,,,0,12.0974,0,6.14249,2.31065,1.86899,,,9.55669
Y2/mixstyle__f0_s0,60,0.000405921,0,0.0822111,0.5135,3.47,1.8646,0.59654,6.14956,0.418676,0.513389,0.447619,0.534921,0.533746,,,0,11.2275,0,6.08206,1.9629,1.78948,,,8.85348
Y2/mixstyle__f0_s0,61,0.000402773,0,0.0819095,0.511225,3.4735,1.87962,0.584263,6.06957,0.511008,0.527273,0.52381,0.547619,0.533746,,,0,11.2786,0,5.61078,2.10586,1.79441,,,9.09702
Y2/mixstyle__f0_s0,62,0.000399585,0,0.081608,0.50895,3.39915,1.83789,0.604353,6.09185,0.528949,0.53929,0.550794,0.552381,0.53929,0.725,0.751,0,10.3,0,5.43432,2.04817,1.7525,27.7828,72.2172,8.14269
Y2/mixstyle__f0_s0,63,0.000396359,0,0.0813065,0.506675,3.39021,1.84601,0.603237,6.03821,0.510119,0.54767,0.531746,0.563492,0.54767,0.728,0.752,0,11.1979,0,5.7776,1.9912,1.78079,29.3166,70.6834,8.98584
Y2/mixstyle__f0_s0,64,0.000393096,0,0.081005,0.5044,3.23122,1.74312,0.635045,5.97451,0.546705,0.5468,0.555556,0.561905,0.54767,,,0,10.0249,0,5.08724,1.93315,1.74598,,,8.07152
Y2/mixstyle__f0_s0,65,0.000389796,0,0.0807035,0.502125,3.23741,1.74924,0.635603,6.03297,0.488469,0.552716,0.501587,0.568254,0.552716,0.704,0.762,0,11.6784,0,5.73272,2.02304,1.75951,30.3341,69.6659,9.5877
Y2/mixstyle__f0_s0,66,0.000386461,0,0.080402,0.49985,3.28103,1.79724,0.607701,5.95901,0.516412,0.541511,0.538095,0.561905,0.552716,,,0,11.9359,0,5.97672,2.13158,1.81113,,,9.7461
Y2/mixstyle__f0_s0,67,0.000383091,0,0.0801005,0.497575,3.16732,1.71021,0.640625,6.06082,0.527634,0.559862,0.547619,0.573016,0.559862,0.741,0.781,0,10.0216,0,5.21773,1.93657,1.72446,28.1663,71.8337,8.02378
Y2/mixstyle__f0_s0,68,0.000379687,0,0.079799,0.4953,3.17639,1.74292,0.62221,6.0414,0.525466,0.56714,0.54127,0.57619,0.56714,0.729,0.763,0,11.0317,0,6.46916,2.08368,1.76323,30.3559,69.6441,8.30533
Y2/mixstyle__f0_s0,69,0.00037625,0,0.0794975,0.493025,3.17153,1.73392,0.65067,5.94036,0.526565,0.541416,0.538095,0.557143,0.56714,,,0,11.0256,0,6.10825,1.99515,1.76544,,,8.58348
Y2/mixstyle__f0_s0,70,0.000372781,0,0.079196,0.49075,3.14006,1.70781,0.632812,6.0232,0.542893,0.552041,0.553968,0.566667,0.56714,,,0,10.5154,0,5.60368,2.01703,1.71766,,,8.32795
Y2/mixstyle__f0_s0,71,0.000369281,0,0.0788945,0.488475,3.11354,1.70996,0.623884,6.02036,0.471205,0.52238,0.495238,0.54127,0.56714,,,0,10.8452,0,6.3085,2.32173,1.73102,,,8.12036
Y2/mixstyle__f0_s0,72,0.00036575,0,0.078593,0.4862,3.07665,1.67149,0.643973,6.05914,0.554286,0.56664,0.563492,0.57619,0.56714,,,0,11.6446,0,6.83997,2.02409,1.737,,,8.77007
Y2/mixstyle__f0_s0,73,0.00036219,0,0.0782915,0.483925,3.0028,1.6466,0.662388,6.19384,0.549366,0.575579,0.566667,0.585714,0.575579,0.771,0.802,0,11.1897,0,6.84148,1.98245,1.70005,31.3478,68.6522,8.2597
Y2/mixstyle__f0_s0,74,0.000358601,0,0.0779899,0.48165,2.96973,1.63626,0.674665,5.96879,0.526686,0.591,0.542857,0.601587,0.591,0.769,0.805,0,10.432,0,6.09829,1.95275,1.69899,33.2135,66.7865,7.93006
Y2/mixstyle__f0_s0,75,0.000354985,0,0.0776884,0.479375,3.01399,1.67187,0.643973,5.96275,0.53772,0.579073,0.557143,0.587302,0.591,0.781,0.817,0,11.1475,0,6.41781,2.09262,1.66469,32.273,67.727,8.45529
Y2/mixstyle__f0_s0,76,0.000351343,0,0.0773869,0.4771,2.95994,1.61364,0.652902,6.06948,0.579068,0.585887,0.590476,0.592063,0.591,,,0,10.6707,0,5.7438,2.01127,1.69679,,,8.44531
Y2/mixstyle__f0_s0,77,0.000347674,0,0.0770854,0.474825,2.90723,1.58339,0.683594,6.05998,0.555627,0.582061,0.569841,0.595238,0.591,,,0,13.9283,0,7.12708,2.25853,1.75602,,,11.36
Y2/mixstyle__f0_s0,78,0.000343981,0,0.0767839,0.47255,2.89881,1.59287,0.675223,6.01804,0.585813,0.577148,0.601587,0.588889,0.591,,,0,11.1657,0,6.28472,2.08636,1.68285,,,8.52598
Y2/mixstyle__f0_s0,79,0.000340265,0,0.0764824,0.470275,2.85963,1.57093,0.672991,5.87951,0.508842,0.605289,0.522222,0.614286,0.605289,0.74,0.831,0,10.4414,0,6.11645,2.0734,1.65886,32.8156,67.1844,7.84002
Y2/mixstyle__f0_s0,80,0.000336525,0,0.0761809,0.468,2.84877,1.56773,0.686942,5.88647,0.556448,0.609623,0.573016,0.619048,0.609623,0.802,0.833,0,11.0475,0,6.87184,1.99506,1.68824,29.7443,70.2557,7.98666
Y2/mixstyle__f0_s0,81,0.000332764,0,0.0758794,0.465725,2.83086,1.56085,0.680246,6.02462,0.448208,0.596703,0.469841,0.606349,0.609623,,,0,11.4825,0,6.7882,2.01587,1.6793,,,8.50691
Y2/mixstyle__f0_s0,82,0.000328982,0,0.0755779,0.46345,2.86945,1.58496,0.674107,6.22406,0.540371,0.599084,0.550794,0.609524,0.609623,,,0,12.7401,0,7.34169,2.45856,1.70512,,,9.63042
Y2/mixstyle__f0_s0,83,0.00032518,0,0.0752764,0.461175,2.80928,1.56339,0.681362,5.9619,0.578639,0.617386,0.588889,0.626984,0.617386,0.825,0.853,0,10.7981,0,6.48453,2.00411,1.68552,35.4483,64.5517,8.00404
Y2/mixstyle__f0_s0,84,0.000321359,0,0.0749749,0.4589,2.7921,1.55031,0.679129,6.18387,0.572413,0.607853,0.580952,0.619048,0.617386,,,0,12.2195,0,7.66646,2.1446,1.69161,,,8.86966
Y2/mixstyle__f0_s0,85,0.00031752,0,0.0746734,0.456625,2.6854,1.47129,0.700335,5.98693,0.582187,0.595641,0.587302,0.609524,0.617386,,,0,10.6084,0,6.54868,2.05251,1.64025,,,7.58084
Y2/mixstyle__f0_s0,86,0.000313664,0,0.0743719,0.45435,2.74354,1.51565,0.704241,6.06952,0.577229,0.606796,0.587302,0.619048,0.617386,,,0,11.0654,0,6.51749,2.05427,1.69882,,,8.37117
Y2/mixstyle__f0_s0,87,0.000309793,0,0.0740704,0.452075,2.71908,1.52094,0.695871,5.99827,0.568229,0.605018,0.57619,0.614286,0.617386,,,0,10.9342,0,6.57585,2.05841,1.66269,,,8.15528
Y2/mixstyle__f0_s0,88,0.000305907,0,0.0737688,0.4498,2.63921,1.46138,0.716518,6.24484,0.555396,0.608957,0.573016,0.615873,0.617386,,,0,10.5083,0,6.15316,1.89466,1.60053,,,8.01795
Y2/mixstyle__f0_s0,89,0.000302006,0,0.0734673,0.447525,2.65709,1.47716,0.710379,6.08524,0.56268,0.599586,0.571429,0.611111,0.617386,,,0,11.5154,0,7.53408,2.16598,1.66475,,,7.98649
Y2/mixstyle__f0_s0,90,0.000298093,0,0.0731658,0.44525,2.63125,1.46931,0.704241,6.04973,0.598961,0.606188,0.604762,0.614286,0.617386,,,0,10.8062,0,7.11284,1.99071,1.66429,,,7.44353
Y2/mixstyle__f0_s0,91,0.000294168,0,0.0728643,0.442975,2.56936,1.40824,0.738281,6.12266,0.596736,0.60765,0.604762,0.619048,0.617386,,,0,10.1982,0,6.81779,2.05541,1.56985,,,6.91482
Y2/mixstyle__f0_s0,92,0.000290233,0,0.0725628,0.4407,2.59035,1.43889,0.727679,6.18309,0.552298,0.609405,0.566667,0.620635,0.617386,,,0,11.0557,0,7.70192,2.18028,1.59047,,,7.21606
Y2/mixstyle__f0_s0,93,0.000286287,0,0.0722613,0.438425,2.50648,1.37671,0.74721,6.25657,0.586436,0.61334,0.593651,0.62381,0.617386,,,0,10.7797,0,6.26726,2.01381,1.58823,,,8.19998
Y2/mixstyle__f0_s0,94,0.000282333,0,0.0719598,0.43615,2.53478,1.41368,0.733259,6.13985,0.579715,0.603677,0.588889,0.619048,0.617386,,,0,11.4294,0,7.67254,2.31687,1.61834,,,7.57896
Y2/mixstyle__f0_s0,95,0.000278371,0,0.0716583,0.433875,2.46071,1.36675,0.743862,6.11343,0.553109,0.615791,0.568254,0.626984,0.617386,,,0,10.3822,0,6.26633,2.09921,1.61938,,,7.61385
Y2/mixstyle__f0_s0,96,0.000274402,0,0.0713568,0.4316,2.49387,1.37962,0.746094,5.98867,0.605602,0.614728,0.615873,0.62381,0.617386,,,0,10.8503,0,7.31762,2.08563,1.61571,,,7.31008
Y2/mixstyle__f0_s0,97,0.000270428,0,0.0710553,0.429325,2.40721,1.32974,0.75279,6.21084,0.590383,0.612577,0.606349,0.620635,0.617386,,,0,10.2989,0,6.72741,2.0123,1.576,,,7.10956
Y2/mixstyle__f0_s0,98,0.000266449,0,0.0707538,0.42705,2.40201,1.33625,0.757813,6.03561,0.554574,0.621674,0.566667,0.626984,0.621674,0.839,0.883,0,10.9985,0,7.52688,2.26418,1.56531,39.4381,60.5619,7.10854
Y2/mixstyle__f0_s0,99,0.000262466,0,0.0704523,0.424775,2.42775,1.35632,0.75558,6.157,0.582289,0.628961,0.595238,0.630159,0.628961,0.891,0.876,0,11.0473,0,7.18092,2.16867,1.58609,41.9999,58.0001,7.71431
Y2/mixstyle__f0_s0,100,0.000258481,0,0.0701508,0.4225,2.38711,1.32845,0.75558,6.06592,0.5905,0.623579,0.604762,0.628571,0.628961,0.843,0.891,0,11.3373,0,6.76689,2.06814,1.60922,40.0782,59.9218,8.45042
Y2/mixstyle__f0_s0,101,0.000254494,0,0.0698492,0.420225,2.3622,1.32906,0.748326,6.09603,0.600832,0.626428,0.614286,0.631746,0.628961,,,0,12.0715,0,6.89971,1.95323,1.60706,,,9.34683
Y2/mixstyle__f0_s0,102,0.000250506,0,0.0695477,0.41795,2.37397,1.34267,0.748326,6.1317,0.595637,0.641519,0.595238,0.646032,0.641519,0.875,0.902,0,11.3974,0,7.86807,2.12987,1.58793,37.2015,62.7985,7.51003
Y2/mixstyle__f0_s0,103,0.000246519,0,0.0692462,0.415675,2.31769,1.29803,0.776228,5.98396,0.583335,0.631558,0.584127,0.636508,0.641519,,,0,10.6627,0,6.8976,1.97886,1.57835,,,7.52545
Y2/mixstyle__f0_s0,104,0.000242534,0,0.0689447,0.4134,2.29741,1.29789,0.752232,6.04385,0.601337,0.642164,0.609524,0.646032,0.642164,0.897,0.914,0,10.2548,0,6.32365,2.10916,1.56247,37.9552,62.0448,7.4852
Y2/mixstyle__f0_s0,105,0.000238551,0,0.0686432,0.411125,2.28507,1.29088,0.772879,5.8693,0.603097,0.644988,0.611111,0.652381,0.644988,0.901,0.919,0,10.3292,0,6.86889,2.11388,1.56756,35.0142,64.9858,7.06351
Y2/mixstyle__f0_s0,106,0.000234572,0,0.0683417,0.40885,2.24979,1.2749,0.777344,5.79471,0.604909,0.639807,0.612698,0.647619,0.644988,,,0,9.90924,0,6.39354,2.05342,1.53164,,,6.8863
Y2/mixstyle__f0_s0,107,0.000230598,0,0.0680402,0.406575,2.21264,1.23637,0.791295,5.92018,0.616863,0.628935,0.620635,0.636508,0.644988,,,0,10.0524,0,6.90947,2.0846,1.52079,,,6.6
Y2/mixstyle__f0_s0,108,0.000226629,0,0.0677387,0.4043,2.23169,1.25071,0.763951,6.21979,0.618333,0.638891,0.622222,0.644444,0.644988,,,0,10.399,0,7.01271,2.16149,1.5474,,,7.05376
Y2/mixstyle__f0_s0,109,0.000222667,0,0.0674372,0.402025,2.19378,1.23251,0.784598,6.19305,0.606665,0.645602,0.612698,0.650794,0.645602,0.902,0.924,0,10.9742,0,7.04656,2.07181,1.55885,34.792,65.208,7.79472
Y2/mixstyle__f0_s0,110,0.000218713,0,0.0671357,0.39975,2.18992,1.22403,0.796317,6.02577,0.613129,0.643961,0.619048,0.647619,0.645602,,,0,10.7082,0,7.19825,2.09519,1.50499,,,7.26358
Y2/mixstyle__f0_s0,111,0.000214767,0,0.0668342,0.397475,2.14534,1.21739,0.795759,5.92464,0.601508,0.631388,0.609524,0.636508,0.645602,,,0,10.3674,0,6.85815,2.10077,1.51741,,,7.08349
Y2/mixstyle__f0_s0,112,0.000210832,0,0.0665327,0.3952,2.14157,1.21058,0.790737,5.96104,0.469904,0.635428,0.48254,0.639683,0.645602,,,0,11.1156,0,7.7452,2.27729,1.51813,,,7.27567
Y2/mixstyle__f0_s0,113,0.000206907,0,0.0662312,0.392925,2.1198,1.20806,0.795201,5.89505,0.62679,0.63456,0.633333,0.639683,0.645602,,,0,11.2789,0,7.39117,2.32403,1.53259,,,7.78962
Y2/mixstyle__f0_s0,114,0.000202994,0,0.0659296,0.39065,2.1041,1.19335,0.805804,5.87044,0.596698,0.624958,0.598413,0.634921,0.645602,,,0,10.4565,0,7.08739,2.30826,1.49779,,,6.9431
Y2/mixstyle__f0_s0,115,0.000199093,0,0.0656281,0.388375,2.12224,1.20639,0.801339,6.05004,0.606244,0.628089,0.614286,0.633333,0.645602,,,0,9.91978,0,6.5405,2.32579,1.50052,,,6.59116
Y2/mixstyle__f0_s0,116,0.000195207,0,0.0653266,0.3861,2.11756,1.21817,0.794643,5.87294,0.595456,0.634967,0.609524,0.638095,0.645602,,,0,10.6161,0,7.12414,2.26042,1.55659,,,7.14811
Y2/mixstyle__f0_s0,117,0.000191336,0,0.0650251,0.383825,2.04943,1.1686,0.806362,6.04361,0.580944,0.633862,0.588889,0.638095,0.645602,,,0,10.4439,0,6.8979,2.04765,1.50632,,,7.13912
Y2/mixstyle__f0_s0,118,0.00018748,0,0.0647236,0.38155,2.07359,1.19575,0.795759,6.10109,0.617939,0.646145,0.619048,0.649206,0.646145,0.913,0.938,0,10.1379,0,7.04041,2.04745,1.53757,38.9143,61.0857,6.5806
Y2/mixstyle__f0_s0,119,0.000183641,0,0.0644221,0.379275,2.07793,1.19612,0.794085,5.98732,0.483804,0.616043,0.498413,0.628571,0.646145,,,0.0119048,12.8579,0,9.60644,3.13796,1.54014,,,6.80858
Y2/mixstyle__f0_s0,120,0.00017982,0,0.0641206,0.377,2.00382,1.13595,0.816406,5.84348,0.612751,0.622007,0.626984,0.633333,0.646145,,,0,9.78532,0,6.11572,2.12534,1.48138,,,7.0063
Y2/mixstyle__f0_s0,121,0.000176018,0,0.0638191,0.374725,1.9682,1.12138,0.81529,5.96152,0.608523,0.633964,0.62381,0.639683,0.646145,,,0,9.41766,0,6.1033,2.03056,1.47674,,,6.54051
Y2/mixstyle__f0_s0,122,0.000172236,0,0.0635176,0.37245,2.05846,1.19515,0.787388,6.21123,0.593177,0.635055,0.601587,0.642857,0.646145,,,0,9.997,0,6.72218,2.14894,1.5514,,,6.73177
Y2/mixstyle__f0_s0,123,0.000168475,0,0.0632161,0.370175,1.95218,1.11508,0.830915,5.94294,0.638292,0.638256,0.642857,0.646032,0.646145,,,0,10.0999,0,6.44019,2.10556,1.47266,,,7.20213
Y2/mixstyle__f0_s0,124,0.000164735,0,0.0629146,0.3679,1.93809,1.10339,0.826451,5.97854,0.615363,0.641366,0.619048,0.647619,0.646145,,,0,9.5374,0,6.42475,2.03415,1.44077,,,6.3381
Y2/mixstyle__f0_s0,125,0.000161019,0,0.0626131,0.365625,1.94737,1.12336,0.817522,6.02429,0.610417,0.643792,0.614286,0.649206,0.646145,0.937,0.945,0,9.41315,0,6.39693,2.12764,1.46762,36.2699,63.7301,6.16528
Y2/mixstyle__f0_s0,126,0.000157326,0,0.0623116,0.36335,1.94409,1.13399,0.816406,5.96635,0.603513,0.637554,0.607937,0.644444,0.646145,,,0,9.92234,0,6.64365,2.14475,1.47477,,,6.70771
Y2/mixstyle__f0_s0,127,0.000153657,0,0.0620101,0.361075,1.93716,1.1153,0.823661,6.16466,0.598894,0.646348,0.607937,0.650794,0.646348,0.94,0.945,0,10.9654,0,6.94673,2.27096,1.52142,38.3357,61.6643,7.70662
Y2/mixstyle__f0_s0,128,0.000150015,0,0.0617085,0.3588,1.88041,1.08474,0.824219,5.961,0.629525,0.649114,0.634921,0.652381,0.649114,0.932,0.945,0,9.45243,0,6.56276,2.15074,1.43767,37.9547,62.0453,6.14048
Y2/mixstyle__f0_s0,129,0.000146399,0,0.061407,0.356525,1.85031,1.07181,0.833147,6.04743,0.633584,0.634055,0.64127,0.642857,0.649114,,,0,9.67649,0,6.32898,2.09957,1.45669,,,6.64261
Y2/mixstyle__f0_s0,130,0.00014281,0,0.0611055,0.35425,1.81702,1.05007,0.837612,6.00319,0.630265,0.647601,0.638095,0.652381,0.649114,,,0,9.82749,0,6.3169,2.12124,1.43219,,,6.83054
Y2/mixstyle__f0_s0,131,0.00013925,0,0.060804,0.351975,1.86518,1.07418,0.837612,6.14638,0.634073,0.642029,0.638095,0.649206,0.649114,,,0,9.86905,0,6.57801,2.19878,1.44997,,,6.56418
Y2/mixstyle__f0_s0,132,0.000135719,0,0.0605025,0.3497,1.85285,1.08283,0.833147,6.30981,0.628849,0.641537,0.630159,0.649206,0.649114,,,0,10.3624,0,7.18928,2.21436,1.45627,,,6.80562
Y2/mixstyle__f0_s0,133,0.000132219,0,0.060201,0.347425,1.78964,1.03712,0.838728,6.05087,0.614786,0.639096,0.620635,0.644444,0.649114,,,0,9.0113,0,6.1375,2.01934,1.40952,,,5.95377
Y2/mixstyle__f0_s0,134,0.00012875,0,0.0598995,0.34515,1.7975,1.05961,0.834263,6.29021,0.614307,0.640071,0.62381,0.647619,0.649114,,,0,9.62368,0,6.90867,2.18119,1.43374,,,5.98284
Y2/mixstyle__f0_s0,135,0.000125313,0,0.059598,0.342875,1.77584,1.03388,0.848214,5.87804,0.630878,0.634778,0.633333,0.642857,0.649114,,,0,9.78148,0,6.6681,2.18343,1.42115,,,6.4007
Y2/mixstyle__f0_s0,136,0.000121909,0,0.0592965,0.3406,1.80971,1.06355,0.830915,6.23298,0.635516,0.633331,0.639683,0.638095,0.649114,,,0,9.82088,0,6.82752,2.24641,1.44535,,,6.32625
Y2/mixstyle__f0_s0,137,0.000118539,0,0.058995,0.338325,1.75653,1.02619,0.845982,6.02924,0.633621,0.635459,0.636508,0.639683,0.649114,,,0,9.43207,0,6.44404,2.16591,1.42309,,,6.07639
Y2/mixstyle__f0_s0,138,0.000115204,0,0.0586935,0.33605,1.7292,1.01873,0.848772,5.99606,0.633485,0.641536,0.64127,0.647619,0.649114,,,0,9.43843,0,6.33423,2.2499,1.40712,,,6.22674
Y2/mixstyle__f0_s0,139,0.000111904,0,0.058392,0.333775,1.74125,1.03623,0.837054,6.11716,0.610107,0.639147,0.619048,0.646032,0.649114,,,0,10.1894,0,6.99023,2.2444,1.46817,,,6.60457
Y2/mixstyle__f0_s0,140,0.000108641,0,0.0580905,0.3315,1.69239,0.983183,0.856027,6.04305,0.612257,0.639512,0.619048,0.646032,0.649114,,,0,9.73279,0,7.00218,2.23861,1.40908,,,6.06113
Y2/mixstyle__f0_s0,141,0.000105415,0,0.0577889,0.329225,1.71372,1.00782,0.854353,6.01465,0.642756,0.639688,0.650794,0.646032,0.649114,,,0,9.61891,0,6.34013,2.26483,1.41571,,,6.50354
Y2/mixstyle__f0_s0,142,0.000102227,0,0.0574874,0.32695,1.67237,0.987785,0.864955,5.98655,0.640996,0.641968,0.647619,0.649206,0.649114,,,0,9.49719,0,6.65355,2.22074,1.4057,,,6.0399
Y2/mixstyle__f0_s0,143,9.90786e-05,0,0.0571859,0.324675,1.65574,0.976122,0.861049,6.08061,0.640422,0.632092,0.647619,0.639683,0.649114,,,0,8.96256,0,6.07014,2.19229,1.38749,,,5.8919
Y2/mixstyle__f0_s0,144,9.59698e-05,0,0.0568844,0.3224,1.61136,0.950375,0.864955,6.01677,0.62546,0.638523,0.631746,0.646032,0.649114,,,0,8.96851,0,6.16416,2.10103,1.34853,,,5.81946
Y2/mixstyle__f0_s0,145,9.29016e-05,0,0.0565829,0.320125,1.68796,1.00021,0.853795,6.16469,0.632962,0.650512,0.639683,0.653968,0.650512,0.96,0.965,0,10.8403,0,7.84896,2.37013,1.42299,40.7021,59.2979,6.73596
Y2/mixstyle__f0_s0,146,8.98748e-05,0,0.0562814,0.31785,1.64868,0.985349,0.853237,5.9641,0.638252,0.645519,0.646032,0.650794,0.650512,,,0,9.44947,0,6.41932,2.0957,1.37829,,,6.22553
Y2/mixstyle__f0_s0,147,8.68902e-05,0,0.0559799,0.315575,1.64174,0.981792,0.854353,6.09353,0.627265,0.64096,0.633333,0.647619,0.650512,,,0,9.36664,0,6.69435,2.2316,1.39072,,,5.79477
Y2/mixstyle__f0_s0,148,8.39486e-05,0,0.0556784,0.3133,1.59523,0.947542,0.865513,5.84761,0.659355,0.640318,0.663492,0.646032,0.659355,0.978,0.965,0,8.96444,0,6.01184,2.43529,1.36261,41.8499,58.1501,5.74061
Y2/mixstyle__f0_s0,149,8.10507e-05,0,0.0553769,0.311025,1.5966,0.950433,0.859933,5.97698,0.62891,0.644077,0.638095,0.650794,0.659355,,,0,8.95969,0,6.14941,2.09662,1.37774,,,5.78106
Y2/mixstyle__f0_s0,150,7.81974e-05,0,0.0550754,0.30875,1.57534,0.940185,0.861049,6.05172,0.639032,0.639124,0.647619,0.647619,0.659355,0.975,0.969,0,9.33129,0,6.33029,2.19082,1.3949,40.4147,59.5853,6.14363
Y2/mixstyle__f0_s0,151,7.53893e-05,0,0.0547739,0.306475,1.54813,0.920687,0.873326,6.01164,0.642972,0.63913,0.647619,0.646032,0.659355,,,0,8.86866,0,6.18629,2.19819,1.39503,,,5.60026
Y2/mixstyle__f0_s0,152,7.26271e-05,0,0.0544724,0.3042,1.56202,0.935997,0.86942,5.95523,0.653622,0.634232,0.660317,0.64127,0.659355,,,0,8.93406,0,6.43572,2.16226,1.37117,,,5.40973
Y2/mixstyle__f0_s0,153,6.99117e-05,0,0.0541709,0.301925,1.51531,0.903893,0.885603,5.96746,0.64562,0.641231,0.649206,0.647619,0.659355,,,0,9.32196,0,6.40927,2.2108,1.34948,,,6.00079
Y2/mixstyle__f0_s0,154,6.72436e-05,0,0.0538693,0.29965,1.55863,0.947798,0.864397,5.99131,0.638913,0.645109,0.646032,0.649206,0.659355,,,0,9.69976,0,6.93624,2.42354,1.40184,,,5.94786
Y2/mixstyle__f0_s0,155,6.46236e-05,0,0.0535678,0.297375,1.50527,0.912388,0.87779,6.0331,0.656266,0.649682,0.661905,0.653968,0.659355,,,0,8.97614,0,5.95924,2.10784,1.36574,,,6.09691
Y2/mixstyle__f0_s0,156,6.20524e-05,0,0.0532663,0.2951,1.52971,0.939775,0.858817,5.92203,0.6423,0.651841,0.647619,0.653968,0.659355,,,0,8.83096,0,6.18954,2.21469,1.37418,,,5.53831
Y2/mixstyle__f0_s0,157,5.95306e-05,0,0.0529648,0.292825,1.54333,0.946511,0.863839,6.13551,0.623939,0.641217,0.631746,0.642857,0.659355,,,0,9.38066,0,6.80274,2.32317,1.40985,,,5.61809
Y2/mixstyle__f0_s0,158,5.70589e-05,0,0.0526633,0.29055,1.48225,0.905161,0.878348,5.95653,0.648678,0.64144,0.653968,0.642857,0.659355,,,0,8.93304,0,6.01385,2.20182,1.38324,,,5.8914
Y2/mixstyle__f0_s0,159,5.46379e-05,0,0.0523618,0.288275,1.49888,0.924285,0.868862,6.02732,0.625236,0.648664,0.631746,0.652381,0.659355,,,0,9.11889,0,6.64894,2.15789,1.37838,,,5.50775
Y2/mixstyle__f0_s0,160,5.22683e-05,0,0.0520603,0.286,1.47176,0.906305,0.873884,6.07236,0.637334,0.637866,0.646032,0.64127,0.659355,,,0,9.22817,0,6.4815,2.28831,1.39172,,,5.80517
Y2/mixstyle__f0_s0,161,4.99506e-05,0,0.0517588,0.283725,1.463,0.897562,0.885045,5.98001,0.635541,0.643204,0.64127,0.647619,0.659355,,,0,8.71762,0,6.24101,2.17377,1.35266,,,5.30607
Y2/mixstyle__f0_s0,162,4.76856e-05,0,0.0514573,0.28145,1.44256,0.888882,0.882813,6.01797,0.649943,0.649139,0.655556,0.652381,0.659355,,,0,8.64399,0,6.0039,2.2056,1.34593,,,5.48181
Y2/mixstyle__f0_s0,163,4.54736e-05,0,0.0511558,0.279175,1.44543,0.885923,0.884487,6.16019,0.645941,0.641319,0.655556,0.644444,0.659355,,,0,9.43439,0,6.96958,2.25068,1.35816,,,5.55118
Y2/mixstyle__f0_s0,164,4.33155e-05,0,0.0508543,0.2769,1.43135,0.882428,0.873884,6.03148,0.639667,0.646235,0.646032,0.649206,0.659355,,,0,8.41533,0,5.90206,2.1852,1.36597,,,5.27534
Y2/mixstyle__f0_s0,165,4.12116e-05,0,0.0505528,0.274625,1.43267,0.894445,0.872768,6.2332,0.649485,0.64011,0.653968,0.646032,0.659355,,,0,8.8024,0,6.39175,2.31915,1.34747,,,5.20816
Y2/mixstyle__f0_s0,166,3.91625e-05,0,0.0502513,0.27235,1.42058,0.877737,0.873326,6.02299,0.655657,0.649928,0.663492,0.653968,0.659355,,,0,9.1337,0,6.6699,2.22867,1.36076,,,5.45725
Y2/mixstyle__f0_s0,167,3.71688e-05,0,0.0499497,0.270075,1.41179,0.872303,0.881138,5.9932,0.639596,0.652108,0.646032,0.655556,0.659355,,,0,8.71501,0,6.06718,2.15486,1.34885,,,5.50079
Y2/mixstyle__f0_s0,168,3.5231e-05,0,0.0496482,0.2678,1.39784,0.864538,0.879464,6.00972,0.6384,0.647472,0.642857,0.652381,0.659355,,,0,8.64052,0,6.10576,2.18647,1.3364,,,5.39716
Y2/mixstyle__f0_s0,169,3.33496e-05,0,0.0493467,0.265525,1.3627,0.842852,0.889509,6.21392,0.648036,0.650499,0.652381,0.655556,0.659355,,,0,8.74495,0,6.14507,2.17581,1.29985,,,5.42372
Y2/mixstyle__f0_s0,170,3.15251e-05,0,0.0490452,0.26325,1.36144,0.851306,0.889509,6.00621,0.650459,0.655119,0.652381,0.660317,0.659355,,,0,8.30698,0,5.69807,2.16386,1.3419,,,5.34416
Y2/mixstyle__f0_s0,171,2.97579e-05,0,0.0487437,0.260975,1.35106,0.849275,0.885045,5.96668,0.645308,0.653755,0.650794,0.65873,0.659355,,,0,8.43507,0,5.9734,2.19394,1.33335,,,5.21119
Y2/mixstyle__f0_s0,172,2.80486e-05,0,0.0484422,0.2587,1.36153,0.856498,0.87779,5.96321,0.645665,0.653017,0.650794,0.65873,0.659355,,,0,8.15162,0,5.72945,2.10301,1.31374,,,5.13626
Y2/mixstyle__f0_s0,173,2.63975e-05,0,0.0481407,0.256425,1.32814,0.837557,0.888393,5.94517,0.662066,0.65032,0.665079,0.657143,0.662066,0.986,0.975,0,8.62484,0,6.09778,2.17625,1.29447,42.2167,57.7833,5.32574
Y2/mixstyle__f0_s0,174,2.48051e-05,0,0.0478392,0.25415,1.35832,0.864564,0.879464,5.9049,0.649028,0.647299,0.652381,0.653968,0.662066,,,0,8.29207,0,5.68004,2.23976,1.36572,,,5.28358
Y2/mixstyle__f0_s0,175,2.32718e-05,0,0.0475377,0.251875,1.29331,0.809762,0.887277,5.97441,0.650507,0.643886,0.653968,0.650794,0.662066,0.985,0.977,0,8.04926,0,5.71837,2.08485,1.30181,42.2391,57.7609,4.94725
Y2/mixstyle__f0_s0,176,2.1798e-05,0,0.0472362,0.25,1.28978,0.820284,0.891183,6.12115,0.649708,0.648795,0.655556,0.653968,0.662066,,,0,8.03276,0,5.69985,2.05328,1.30489,,,4.97066
Y2/mixstyle__f0_s0,177,2.0384e-05,0,0.0469347,0.25,1.316,0.82178,0.888393,6.04772,0.662386,0.657578,0.666667,0.661905,0.662386,0.988,0.981,0,8.53586,0,6.11249,2.22908,1.31373,42.3289,57.6711,5.14671
Y2/mixstyle__f0_s0,178,1.90303e-05,0,0.0466332,0.25,1.29667,0.826541,0.885603,5.87964,0.655827,0.652656,0.660317,0.65873,0.662386,,,0,8.41965,0,6.06211,2.14568,1.32691,,,5.09305
Y2/mixstyle__f0_s0,179,1.77372e-05,0,0.0463317,0.25,1.28998,0.808357,0.894531,5.90848,0.652648,0.652526,0.657143,0.657143,0.662386,,,0,8.45321,1,6.04451,2.11644,1.29822,,,5.15382
Y2/mixstyle__f0_s0,180,1.65051e-05,0,0.0460302,0.25,1.29227,0.815755,0.885603,5.9792,0.656772,0.653149,0.661905,0.65873,0.662386,,,0,7.99822,0,5.73234,2.11896,1.30588,,,4.82277
Y2/mixstyle__f0_s0,181,1.53342e-05,0,0.0457286,0.25,1.28742,0.812596,0.883929,6.04505,0.644832,0.658013,0.649206,0.663492,0.662386,,,0,7.90974,0,5.45023,2.01283,1.28597,,,5.05789
Y2/mixstyle__f0_s0,182,1.42248e-05,0,0.0454271,0.25,1.28304,0.797668,0.895647,6.15917,0.649581,0.655582,0.653968,0.660317,0.662386,,,0,8.46698,0,6.19059,2.21777,1.30161,,,4.97731
Y2/mixstyle__f0_s0,183,1.31773e-05,0,0.0451256,0.25,1.24063,0.777146,0.895089,6.04969,0.650742,0.65485,0.655556,0.660317,0.662386,,,0,8.26726,0,5.94589,2.22536,1.30097,,,4.88592
Y2/mixstyle__f0_s0,184,1.21919e-05,0,0.0448241,0.25,1.28081,0.810512,0.890067,6.18441,0.650442,0.654199,0.653968,0.660317,0.662386,,,0,8.14898,0,5.64354,2.17637,1.32688,,,5.08097
Y2/mixstyle__f0_s0,185,1.12689e-05,0,0.0445226,0.25,1.26848,0.803564,0.893973,6.08883,0.644685,0.656913,0.650794,0.663492,0.662386,,,0,8.02777,0,5.84004,2.11961,1.31007,,,4.73116
Y2/mixstyle__f0_s0,186,1.04085e-05,0,0.0442211,0.25,1.24101,0.77463,0.90067,6.14772,0.646884,0.656219,0.652381,0.660317,0.662386,,,0,8.40628,0,6.22421,2.23924,1.28344,,,4.78714
Y2/mixstyle__f0_s0,187,9.61089e-06,0,0.0439196,0.25,1.27249,0.801669,0.887835,5.87725,0.645542,0.656403,0.650794,0.661905,0.662386,,,0,7.9574,0,5.52856,2.03437,1.30971,,,5.06034
Y2/mixstyle__f0_s0,188,8.87636e-06,0,0.0436181,0.25,1.2726,0.79756,0.885603,6.14868,0.644033,0.657529,0.649206,0.663492,0.662386,,,0,8.4781,0,6.18041,2.18885,1.33333,,,5.04635
Y2/mixstyle__f0_s0,189,8.20506e-06,0,0.0433166,0.25,1.23865,0.773604,0.897321,6.03332,0.645863,0.654981,0.652381,0.660317,0.662386,,,0,7.97635,0,5.5522,2.13056,1.29857,,,5.00747
Y2/mixstyle__f0_s0,190,7.59717e-06,0,0.0430151,0.25,1.24116,0.775878,0.892299,5.95864,0.649979,0.654204,0.653968,0.65873,0.662386,,,0,8.19526,0,5.81835,2.13271,1.28957,,,5.02916
Y2/mixstyle__f0_s0,191,7.05284e-06,0,0.0427136,0.25,1.25644,0.782012,0.894531,6.09682,0.650427,0.651708,0.657143,0.65873,0.662386,,,0,8.35419,0,6.01484,2.20949,1.30927,,,5.06549
Y2/mixstyle__f0_s0,192,6.57221e-06,0,0.0424121,0.25,1.25703,0.786959,0.891741,6.1025,0.65026,0.660142,0.655556,0.665079,0.662386,,,0,8.27578,0,5.9032,2.25448,1.32923,,,4.99104
Y2/mixstyle__f0_s0,193,6.15542e-06,0,0.0421106,0.25,1.23708,0.773577,0.899554,5.92403,0.648823,0.65593,0.655556,0.661905,0.662386,,,0,8.42299,0,6.24979,2.30891,1.31992,,,4.69524
Y2/mixstyle__f0_s0,194,5.80257e-06,0,0.041809,0.25,1.20899,0.747286,0.897879,5.93456,0.656315,0.652796,0.660317,0.657143,0.662386,,,0,8.39765,0,5.904,2.0974,1.29899,,,5.28705
Y2/mixstyle__f0_s0,195,5.51374e-06,0,0.0415075,0.25,1.27356,0.801778,0.87779,5.96432,0.657907,0.655113,0.661905,0.661905,0.662386,,,0,7.91882,0,5.81697,2.12913,1.31408,,,4.62931
Y2/mixstyle__f0_s0,196,5.28902e-06,0,0.041206,0.25,1.23768,0.774393,0.889509,6.15827,0.658058,0.655241,0.661905,0.660317,0.662386,,,0,8.14976,0,5.96798,2.1181,1.3011,,,4.81768
Y2/mixstyle__f0_s0,197,5.12847e-06,0,0.0409045,0.25,1.20709,0.750102,0.901228,6.14248,0.654163,0.657201,0.65873,0.661905,0.662386,,,0,8.74329,0,6.31292,2.32757,1.30829,,,5.09053
Y2/mixstyle__f0_s0,198,5.03212e-06,0,0.040603,0.25,1.19374,0.736215,0.898996,5.99523,0.651452,0.657102,0.657143,0.661905,0.662386,,,0,7.99493,0,5.74547,2.07691,1.2926,,,4.81072
Y2/mixstyle__f0_s0,199,5e-06,0,0.0403015,0.25,1.2337,0.762024,0.891741,5.99398,0.654476,0.660359,0.65873,0.665079,0.662386,,,0,8.20877,0,5.84446,2.26533,1.31699,,,4.93863
Y2/mixstyle__f0_s0,200,5e-06,0,0.04,0.25,1.20272,0.743241,0.895089,6.15326,0.649652,0.655541,0.653968,0.660317,0.662386,0.99,0.986,0,8.39921,0,6.22228,2.33511,1.34193,41.614,58.386,4.80965
Y2/mixstyle__f1_s0,1,0.0002,1,0.1,0.647725,8.52166,5.60687,0.016183,17.889,0.0184838,0.018008,0.0571429,0.0539683,0.0184838,0.043,0.043,0.0833333,47.9345,6,41.2446,19.9387,9.63288,0.112637,99.8874,10.3838
Y2/mixstyle__f1_s0,2,0.0003,1,0.0996985,0.64545,7.41906,4.51652,0.0334821,6.11745,0.0258389,0.0265378,0.0746032,0.0793651,0.0265378,0.059,0.062,0,17.7677,0,12.291,9.64032,5.38219,1.13422,98.8658,4.8453
Y2/mixstyle__f1_s0,3,0.0004,1,0.099397,0.643175,7.05023,4.16945,0.0530134,6.28832,0.0592913,0.0468708,0.104762,0.0904762,0.0592913,0.103,0.115,0,9.63694,0,4.87751,5.18406,4.23689,8.81466,91.1853,3.87034
Y2/mixstyle__f1_s0,4,0.0005,1,0.0990955,0.6409,6.80757,3.99322,0.0491071,6.18576,0.0535546,0.0957899,0.0920635,0.131746,0.0957899,0.108,0.16,0,7.01623,0,2.729,3.34576,3.73748,17.0706,82.9294,3.68097
Y2/mixstyle__f1_s0,5,0.000499968,1,0.098794,0.638625,6.6494,3.91376,0.0669643,6.30734,0.0896105,0.115898,0.134921,0.15873,0.115898,0.168,0.19,0,6.2902,0,1.79129,3.03137,3.49128,15.2878,84.7122,3.55704
Y2/mixstyle__f1_s0,6,0.000499872,1,0.0984925,0.63635,6.68965,3.9555,0.0725446,6.08846,0.0852338,0.1426,0.134921,0.192063,0.1426,0.157,0.203,0,6.53247,0,1.89099,3.12034,3.18979,15.1352,84.8648,3.8362
Y2/mixstyle__f1_s0,7,0.000499711,1,0.098191,0.634075,6.38002,3.70024,0.0758929,6.05105,0.137902,0.163078,0.188889,0.201587,0.163078,0.185,0.229,0,5.8834,0,1.40288,2.22104,3.0456,12.6134,87.3866,4.06164
Y2/mixstyle__f1_s0,8,0.000499486,1,0.0978894,0.6318,6.45596,3.77581,0.0625,6.10973,0.106057,0.164746,0.166667,0.203175,0.164746,0.196,0.232,0,5.57931,0,1.16692,1.82071,2.80137,11.2859,88.7141,4.13233
Y2/mixstyle__f1_s0,9,0.000499197,1,0.0975879,0.629525,6.32166,3.68267,0.0708705,6.08134,0.146487,0.170273,0.195238,0.220635,0.170273,0.204,0.245,0,5.31846,0,1.03601,1.7331,2.78549,11.9337,88.0663,3.87854
Y2/mixstyle__f1_s0,10,0.000498845,1,0.0972864,0.62725,6.47757,3.80972,0.094308,6.15849,0.156579,0.20374,0.207937,0.252381,0.20374,0.221,0.25,0,5.72404,0,1.4725,2.43374,2.57868,17.3021,82.6979,3.82931
Y2/mixstyle__f1_s0,11,0.000498428,1,0.0969849,0.624975,6.25696,3.6387,0.111049,6.03181,0.181631,0.202609,0.233333,0.253968,0.20374,,,0,5.50644,0,0.893743,1.79841,2.52456,,,4.29829
Y2/mixstyle__f1_s0,12,0.000497947,1,0.0966834,0.6227,6.2631,3.6505,0.0853795,6.11992,0.18465,0.178384,0.234921,0.22381,0.20374,,,0,5.625,0,1.00732,1.67597,2.43742,,,4.51818
Y2/mixstyle__f1_s0,13,0.000497403,1,0.0963819,0.620425,6.04539,3.4925,0.109375,6.10418,0.180462,0.21006,0.225397,0.252381,0.21006,0.258,0.289,0,5.85878,0,1.29637,1.75876,2.45532,13.5135,86.4865,4.69281
Y2/mixstyle__f1_s0,14,0.000496795,1,0.0960804,0.61815,6.26539,3.68544,0.115513,6.25258,0.197293,0.198908,0.253968,0.246032,0.21006,,,0,5.24127,0,1.10341,1.58308,2.30637,,,4.16668
Y2/mixstyle__f1_s0,15,0.000496124,1,0.0957789,0.615875,6.08465,3.54828,0.101563,6.27669,0.171064,0.225019,0.209524,0.268254,0.225019,0.227,0.306,0,5.68023,0,1.3473,1.78424,2.25674,12.6106,87.3894,4.5264
Y2/mixstyle__f1_s0,16,0.000495389,1,0.0954774,0.6136,5.88331,3.39743,0.108817,6.16322,0.221391,0.23143,0.266667,0.277778,0.23143,0.293,0.307,0,5.71442,0,1.23993,1.73826,2.30854,11.9702,88.0297,4.61884
Y2/mixstyle__f1_s0,17,0.000494592,1,0.0951759,0.611325,5.91964,3.44568,0.0970982,6.34337,0.2147,0.253467,0.257143,0.298413,0.253467,0.283,0.312,0,6.33065,0,1.18372,1.58927,2.21853,10.761,89.239,5.44001
Y2/mixstyle__f1_s0,18,0.000493731,1,0.0948744,0.60905,5.77742,3.34078,0.0965402,6.37096,0.216554,0.250806,0.261905,0.293651,0.253467,,,0,5.91306,0,1.21089,1.75486,2.26956,,,4.91443
Y2/mixstyle__f1_s0,19,0.000492808,1,0.0945729,0.606775,5.98945,3.51184,0.116071,6.11883,0.22602,0.261068,0.27619,0.303175,0.261068,0.309,0.311,0,5.44496,0,0.998128,1.4268,2.12329,13.7822,86.2178,4.60454
Y2/mixstyle__f1_s0,20,0.000491823,1,0.0942714,0.6045,5.90814,3.45598,0.127232,6.28687,0.204741,0.275263,0.255556,0.319048,0.275263,0.301,0.328,0,5.88374,0,1.27332,1.6395,2.11033,12.7018,87.2982,4.9799
Y2/mixstyle__f1_s0,21,0.000490775,1,0.0939698,0.602225,5.9157,3.4655,0.128906,6.10365,0.175932,0.27545,0.236508,0.314286,0.27545,0.273,0.336,0,6.4133,0,1.33545,1.61625,2.13687,13.0221,86.9779,5.56345
Y2/mixstyle__f1_s0,22,0.000489666,1,0.0936683,0.59995,5.81742,3.40712,0.116071,6.11828,0.224328,0.263024,0.273016,0.301587,0.27545,,,0,6.57712,0,1.17046,1.50145,2.1162,,,5.82894
Y2/mixstyle__f1_s0,23,0.000488495,1,0.0933668,0.597675,5.81862,3.40855,0.0970982,6.16521,0.238622,0.269801,0.287302,0.309524,0.27545,,,0,5.7468,0,1.18099,1.48551,1.97671,,,4.94415
Y2/mixstyle__f1_s0,24,0.000487263,1,0.0930653,0.5954,5.82099,3.42078,0.0959821,6.17342,0.23332,0.279488,0.280952,0.320635,0.279488,0.336,0.363,0,6.34035,0,1.43557,1.54412,1.99516,10.5243,89.4757,5.53609
Y2/mixstyle__f1_s0,25,0.00048597,1,0.0927638,0.593125,5.75002,3.3607,0.139509,6.14903,0.251204,0.271994,0.295238,0.31746,0.279488,0.333,0.366,0,6.09675,0,1.28602,1.57598,1.93407,11.9162,88.0838,5.3148
Y2/mixstyle__f1_s0,26,0.000484616,1,0.0924623,0.59085,5.69349,3.3373,0.155692,6.05913,0.265162,0.299548,0.307937,0.339683,0.299548,0.381,0.379,0,6.13434,0,1.33361,1.56403,1.96227,10.723,89.277,5.32663
Y2/mixstyle__f1_s0,27,0.000483202,1,0.0921608,0.588575,5.48023,3.14693,0.12779,6.14113,0.283344,0.293428,0.314286,0.333333,0.299548,,,0,6.86958,0,1.67872,1.83196,1.9587,,,5.97623
Y2/mixstyle__f1_s0,28,0.000481728,1,0.0918593,0.5863,5.71374,3.35728,0.179688,6.25135,0.260488,0.301021,0.298413,0.336508,0.301021,0.348,0.391,0,6.34117,0,1.39164,1.52788,1.90171,15.2609,84.7391,5.59245
Y2/mixstyle__f1_s0,29,0.000480195,1,0.0915578,0.584025,5.67996,3.32669,0.146205,6.04578,0.270901,0.282152,0.307937,0.314286,0.301021,,,0,7.00329,0,1.74576,2.08778,1.8859,,,5.99407
Y2/mixstyle__f1_s0,30,0.000478603,1,0.0912563,0.58175,5.61667,3.28668,0.101563,6.14824,0.271338,0.298721,0.312698,0.330159,0.301021,,,0,7.29367,0,1.09436,1.56666,1.92744,,,6.67514
Y2/mixstyle__f1_s0,31,0.000476951,0,0.0909548,0.579475,5.00712,2.81231,0.31529,6.24234,0.274606,0.308891,0.312698,0.342857,0.308891,0.366,0.407,0,7.3654,0,1.48815,2.00178,2.10143,17.7647,82.2354,6.50044
Y2/mixstyle__f1_s0,32,0.000475242,0,0.0906533,0.5772,4.919,2.7551,0.338728,6.16364,0.296755,0.309245,0.326984,0.346032,0.309245,0.399,0.415,0,8.38007,0,1.82799,1.9148,2.15141,14.4521,85.5479,7.52765
Y2/mixstyle__f1_s0,33,0.000473475,0,0.0903518,0.574925,4.8219,2.68591,0.349888,5.97749,0.325841,0.333634,0.346032,0.363492,0.333634,0.421,0.427,0,8.41078,0,1.75182,1.88658,2.06846,13.8162,86.1838,7.64048
Y2/mixstyle__f1_s0,34,0.00047165,0,0.0900503,0.57265,4.75595,2.63139,0.369978,5.91659,0.285323,0.335413,0.315873,0.365079,0.335413,0.374,0.442,0,8.4139,0,1.97736,1.86624,2.11615,16.3261,83.6739,7.57891
Y2/mixstyle__f1_s0,35,0.000469769,0,0.0897487,0.570375,4.68713,2.58621,0.378906,6.02191,0.345136,0.339144,0.373016,0.368254,0.345136,0.442,0.445,0,8.26699,0,2.59791,2.0065,2.04163,15.9987,84.0013,7.18424
Y2/mixstyle__f1_s0,36,0.000467831,0,0.0894472,0.5681,4.68132,2.59057,0.387835,6.04772,0.31484,0.355613,0.352381,0.380952,0.355613,0.434,0.471,0,9.39398,0,2.97056,2.26898,2.08154,11.9379,88.0621,8.26245
Y2/mixstyle__f1_s0,37,0.000465837,0,0.0891457,0.565825,4.59728,2.52879,0.397321,6.03633,0.343212,0.355538,0.37619,0.385714,0.355613,,,0,9.9062,0,4.09474,2.72493,2.03463,,,8.10329
Y2/mixstyle__f1_s0,38,0.000463788,0,0.0888442,0.56355,4.5854,2.52066,0.395647,6.16062,0.385783,0.37308,0.411111,0.4,0.385783,0.492,0.481,0,9.80357,0,3.90616,2.29003,2.06639,12.8688,87.1312,8.28644
Y2/mixstyle__f1_s0,39,0.000461685,0,0.0885427,0.561275,4.50359,2.48126,0.425781,5.83632,0.378794,0.368843,0.403175,0.4,0.385783,,,0,9.86621,0,4.16492,2.15189,2.00493,,,8.21962
Y2/mixstyle__f1_s0,40,0.000459526,0,0.0882412,0.559,4.51685,2.49157,0.405692,6.05185,0.335907,0.398259,0.355556,0.422222,0.398259,0.448,0.524,0,12.4474,0,5.86678,2.45556,2.01247,10.2906,89.7094,10.1833
Y2/mixstyle__f1_s0,41,0.000457314,0,0.0879397,0.556725,4.39675,2.41601,0.451451,5.93113,0.399536,0.399995,0.425397,0.425397,0.399995,0.509,0.525,0,11.6419,0,5.10716,2.51282,2.02748,9.35419,90.6458,9.64062
Y2/mixstyle__f1_s0,42,0.000455049,0,0.0876382,0.55445,4.34428,2.39223,0.4375,6.15255,0.420046,0.41852,0.452381,0.44127,0.420046,0.54,0.538,0,9.9851,0,4.63202,2.26682,2.00744,10.2623,89.7377,8.1653
Y2/mixstyle__f1_s0,43,0.000452732,0,0.0873367,0.552175,4.22773,2.31848,0.453683,5.92401,0.400804,0.410713,0.426984,0.436508,0.420046,,,0,10.93,0,5.49634,2.19379,1.99817,,,8.72353
Y2/mixstyle__f1_s0,44,0.000450362,0,0.0870352,0.5499,4.12612,2.25492,0.478237,6.08405,0.442307,0.429326,0.461905,0.452381,0.442307,0.559,0.568,0,12.0889,0,6.09135,2.28219,2.02586,12.9554,87.0446,9.73091
Y2/mixstyle__f1_s0,45,0.000447941,0,0.0867337,0.547625,4.07661,2.22219,0.49721,6.09182,0.378795,0.438225,0.409524,0.461905,0.442307,,,0,10.2843,0,6.08596,2.37116,1.9437,,,7.46082
Y2/mixstyle__f1_s0,46,0.000445469,0,0.0864322,0.54535,4.06484,2.20236,0.508929,6.15034,0.405438,0.447042,0.428571,0.468254,0.447042,0.497,0.593,0,10.9699,0,6.30963,2.57486,1.92288,20.3563,79.6437,8.11146
Y2/mixstyle__f1_s0,47,0.000442948,0,0.0861307,0.543075,4.00189,2.18712,0.508929,6.08946,0.407397,0.445057,0.422222,0.465079,0.447042,,,0,10.3228,0,6.46847,2.35781,1.93045,,,7.20324
Y2/mixstyle__f1_s0,48,0.000440376,0,0.0858291,0.5408,3.93449,2.15253,0.501116,5.99979,0.445903,0.458396,0.455556,0.480952,0.458396,0.589,0.622,0,11.6033,0,7.03715,2.37622,1.96192,19.8768,80.1232,8.38315
Y2/mixstyle__f1_s0,49,0.000437756,0,0.0855276,0.538525,3.88497,2.1167,0.522879,6.10181,0.375579,0.471472,0.398413,0.495238,0.471472,0.512,0.634,0,10.5211,0,6.18101,2.42957,1.94568,20.5798,79.4202,7.70494
Y2/mixstyle__f1_s0,50,0.000435088,0,0.0852261,0.53625,3.83658,2.09204,0.521763,6.04202,0.457406,0.467222,0.479365,0.488889,0.471472,0.595,0.64,0,12.0976,0,7.36491,2.50051,1.91892,24.5883,75.4117,8.78689
Y2/mixstyle__f1_s0,51,0.000432373,0,0.0849246,0.533975,3.80838,2.09012,0.517299,6.20489,0.38711,0.496932,0.404762,0.515873,0.496932,0.54,0.666,0,12.1996,0,7.09568,2.43084,1.93635,22.9455,77.0545,9.14028
Y2/mixstyle__f1_s0,52,0.000429611,0,0.0846231,0.5317,3.69459,2.01234,0.55971,6.16014,0.423549,0.49928,0.442857,0.520635,0.49928,0.568,0.681,0,11.0596,0,6.64558,2.22019,1.87967,22.1889,77.8111,8.12198
Y2/mixstyle__f1_s0,53,0.000426803,0,0.0843216,0.529425,3.71106,2.04219,0.545201,6.04242,0.431342,0.529018,0.463492,0.544444,0.529018,0.575,0.693,0,13.3377,0,7.39989,2.47608,1.93555,19.67,80.33,10.3336
Y2/mixstyle__f1_s0,54,0.000423949,0,0.0840201,0.52715,3.62869,2.00289,0.550781,5.91215,0.505678,0.495529,0.514286,0.514286,0.529018,,,0,11.227,0,6.39746,2.20519,1.87523,,,8.54957
Y2/mixstyle__f1_s0,55,0.000421051,0,0.0837186,0.524875,3.51435,1.92673,0.582589,6.16493,0.495432,0.497492,0.509524,0.514286,0.529018,,,0,11.1177,0,6.45747,2.14454,1.84504,,,8.40734
Y2/mixstyle__f1_s0,56,0.00041811,0,0.0834171,0.5226,3.57474,1.97915,0.557478,6.12493,0.508557,0.528314,0.52381,0.542857,0.529018,,,0,11.9269,0,8.28839,2.51223,1.88498,,,7.61774
Y2/mixstyle__f1_s0,57,0.000415125,0,0.0831156,0.520325,3.52123,1.93528,0.570312,6.09619,0.548446,0.540614,0.561905,0.555556,0.548446,0.716,0.691,0,10.9762,0,6.48132,2.20905,1.8595,22.3196,77.6804,8.16963
Y2/mixstyle__f1_s0,58,0.000412098,0,0.0828141,0.51805,3.46705,1.90857,0.587612,6.09537,0.472796,0.521492,0.490476,0.534921,0.548446,,,0,11.9542,0,8.19673,2.64131,1.84256,,,7.78972
Y2/mixstyle__f1_s0,59,0.00040903,0,0.0825126,0.515775,3.39946,1.87105,0.610491,6.08732,0.501029,0.538264,0.522222,0.550794,0.548446,,,0,10.2677,0,6.32817,2.31168,1.82334,,,7.2551
Y2/mixstyle__f1_s0,60,0.000405921,0,0.0822111,0.5135,3.38901,1.86664,0.585938,6.18858,0.501472,0.566108,0.526984,0.57619,0.566108,0.644,0.738,0,11.3412,0,7.09114,2.34478,1.85625,21.8676,78.1324,8.10015
Y2/mixstyle__f1_s0,61,0.000402773,0,0.0819095,0.511225,3.33327,1.83666,0.605469,6.15277,0.488383,0.5632,0.506349,0.57619,0.566108,,,0,11.1297,0,7.21735,2.47796,1.85347,,,7.54212
Y2/mixstyle__f1_s0,62,0.000399585,0,0.081608,0.50895,3.32232,1.84733,0.597098,6.15885,0.481943,0.565851,0.498413,0.574603,0.566108,,,0,11.4724,0,7.73004,2.45575,1.83391,,,7.67237
Y2/mixstyle__f1_s0,63,0.000396359,0,0.0813065,0.506675,3.281,1.82056,0.612723,6.21165,0.508614,0.56331,0.519048,0.571429,0.566108,,,0,11.0334,0,6.59032,2.13698,1.79316,,,8.17683
Y2/mixstyle__f1_s0,64,0.000393096,0,0.081005,0.5044,3.15185,1.73426,0.63058,6.12949,0.491159,0.552193,0.507937,0.566667,0.566108,,,0,11.2601,0,7.84924,2.44136,1.75112,,,7.24538
Y2/mixstyle__f1_s0,65,0.000389796,0,0.0807035,0.502125,3.24041,1.80636,0.604911,6.12601,0.385445,0.561339,0.414286,0.577778,0.566108,,,0,12.1313,0,6.91718,2.41927,1.8309,,,9.15838
Y2/mixstyle__f1_s0,66,0.000386461,0,0.080402,0.49985,3.11794,1.73049,0.638393,6.05025,0.438661,0.559153,0.468254,0.574603,0.566108,,,0,11.4294,0,7.81519,2.61712,1.82708,,,7.35388
Y2/mixstyle__f1_s0,67,0.000383091,0,0.0801005,0.497575,3.10693,1.71549,0.645089,6.04059,0.501142,0.549603,0.522222,0.566667,0.566108,,,0,10.9486,0,6.55744,2.29822,1.78397,,,7.89512
Y2/mixstyle__f1_s0,68,0.000379687,0,0.079799,0.4953,3.15544,1.7748,0.625558,6.12344,0.558948,0.574575,0.579365,0.590476,0.574575,0.746,0.768,0,11.7521,0,6.92385,2.43601,1.84533,28.167,71.833,8.64962
Y2/mixstyle__f1_s0,69,0.00037625,0,0.0794975,0.493025,3.03703,1.67009,0.649554,5.84794,0.500948,0.550157,0.51746,0.566667,0.574575,,,0,11.413,0,7.73442,2.8692,1.78832,,,7.25389
Y2/mixstyle__f1_s0,70,0.000372781,0,0.079196,0.49075,3.05802,1.6946,0.660156,6.11633,0.552057,0.5559,0.574603,0.566667,0.574575,,,0,10.6079,0,6.59719,2.43392,1.79424,,,7.57176
Y2/mixstyle__f1_s0,71,0.000369281,0,0.0788945,0.488475,2.9691,1.62889,0.664062,6.18792,0.584953,0.592417,0.598413,0.601587,0.592417,0.783,0.787,0,11.2852,0,7.94511,2.31328,1.70639,30.4995,69.5005,7.18374
Y2/mixstyle__f1_s0,72,0.00036575,0,0.078593,0.4862,3.00212,1.66647,0.655134,6.16259,0.584172,0.568719,0.598413,0.579365,0.592417,,,0,11.9037,0,7.46662,2.32829,1.77896,,,8.51572
Y2/mixstyle__f1_s0,73,0.00036219,0,0.0782915,0.483925,2.99061,1.66437,0.65067,6.21439,0.585397,0.567387,0.6,0.584127,0.592417,,,0,10.8346,0,7.36509,2.3193,1.73105,,,7.15189
Y2/mixstyle__f1_s0,74,0.000358601,0,0.0779899,0.48165,2.96004,1.65784,0.648996,5.88168,0.523881,0.591468,0.54127,0.606349,0.592417,,,0,12.2448,0,7.72475,2.39909,1.81658,,,8.70986
Y2/mixstyle__f1_s0,75,0.000354985,0,0.0776884,0.479375,2.87548,1.60243,0.664062,6.0142,0.551502,0.591901,0.566667,0.604762,0.592417,0.769,0.799,0,10.6577,0,7.21219,2.27408,1.72649,29.6393,70.3607,7.03531
Y2/mixstyle__f1_s0,76,0.000351343,0,0.0773869,0.4771,2.90687,1.63316,0.670201,6.04976,0.571965,0.583423,0.587302,0.598413,0.592417,,,0,10.9773,0,7.47451,2.30609,1.74278,,,7.14423
Y2/mixstyle__f1_s0,77,0.000347674,0,0.0770854,0.474825,2.81561,1.56049,0.693638,6.12148,0.584099,0.596312,0.601587,0.607937,0.596312,0.798,0.815,0,11.0126,0,7.16436,2.53686,1.73074,32.9979,67.0021,7.49166
Y2/mixstyle__f1_s0,78,0.000343981,0,0.0767839,0.47255,2.76886,1.54123,0.69308,5.96173,0.564131,0.589088,0.580952,0.6,0.596312,,,0,10.3439,0,7.32441,2.485,1.67595,,,6.45042
Y2/mixstyle__f1_s0,79,0.000340265,0,0.0764824,0.470275,2.75715,1.5335,0.695313,6.07357,0.570156,0.586857,0.590476,0.596825,0.596312,,,0,11.2807,0,7.99028,2.30111,1.69341,,,7.15913
Y2/mixstyle__f1_s0,80,0.000336525,0,0.0761809,0.468,2.79313,1.57697,0.676339,5.92025,0.558122,0.594532,0.565079,0.604762,0.596312,,,0,11.8662,0,8.21869,2.54952,1.72502,,,7.71013
Y2/mixstyle__f1_s0,81,0.000332764,0,0.0758794,0.465725,2.8419,1.59419,0.675781,6.08314,0.462432,0.505251,0.471429,0.520635,0.596312,,,0,12.7205,0,8.60736,2.8202,1.75767,,,8.42614
Y2/mixstyle__f1_s0,82,0.000328982,0,0.0755779,0.46345,2.79981,1.57447,0.680804,6.2249,0.586899,0.54525,0.601587,0.563492,0.596312,,,0,12.068,0,8.15852,2.50193,1.76439,,,8.17973
Y2/mixstyle__f1_s0,83,0.00032518,0,0.0752764,0.461175,2.73162,1.55056,0.681362,6.03968,0.599593,0.575877,0.607937,0.593651,0.599593,0.818,0.818,0,10.4186,0,6.12838,2.19029,1.70583,37.9363,62.0637,7.75179
Y2/mixstyle__f1_s0,84,0.000321359,0,0.0749749,0.4589,2.66428,1.50231,0.702009,6.14012,0.597739,0.565689,0.611111,0.580952,0.599593,,,0,11.1024,0,7.62381,2.39571,1.70337,,,7.24362
Y2/mixstyle__f1_s0,85,0.00031752,0,0.0746734,0.456625,2.59406,1.44947,0.734375,5.83759,0.598891,0.6002,0.612698,0.611111,0.6002,0.833,0.844,0,10.7936,0,7.41277,2.24289,1.64884,36.3247,63.6753,7.00691
Y2/mixstyle__f1_s0,86,0.000313664,0,0.0743719,0.45435,2.62623,1.48076,0.722656,6.02696,0.590831,0.58749,0.607937,0.601587,0.6002,,,0,11.3778,0,7.90604,2.37143,1.67083,,,7.39573
Y2/mixstyle__f1_s0,87,0.000309793,0,0.0740704,0.452075,2.59744,1.46021,0.71317,6.13013,0.564064,0.604627,0.579365,0.614286,0.604627,0.82,0.851,0,12.5395,0,8.29269,2.41783,1.70252,34.9667,65.0333,8.66526
Y2/mixstyle__f1_s0,88,0.000305907,0,0.0737688,0.4498,2.60232,1.47484,0.72154,6.02621,0.594648,0.61021,0.598413,0.620635,0.61021,0.818,0.869,0,11.3609,0,7.98065,2.34583,1.70504,33.1301,66.8699,7.34498
Y2/mixstyle__f1_s0,89,0.000302006,0,0.0734673,0.447525,2.53226,1.42993,0.729911,6.03722,0.621649,0.625365,0.628571,0.633333,0.625365,0.845,0.878,0,10.4862,0,7.63729,2.39475,1.62364,34.0686,65.9314,6.39696
Y2/mixstyle__f1_s0,90,0.000298093,0,0.0731658,0.44525,2.51995,1.42027,0.715402,6.16433,0.591267,0.62045,0.606349,0.628571,0.625365,,,0,10.6157,0,7.53053,2.45088,1.67098,,,6.65837
Y2/mixstyle__f1_s0,91,0.000294168,0,0.0728643,0.442975,2.43473,1.36324,0.744978,6.13787,0.613986,0.63166,0.625397,0.638095,0.63166,0.849,0.875,0,10.5168,0,7.46617,2.37846,1.6224,30.9437,69.0563,6.5848
Y2/mixstyle__f1_s0,92,0.000290233,0,0.0725628,0.4407,2.42309,1.36571,0.746094,6.13955,0.582986,0.614742,0.592063,0.622222,0.63166,,,0,10.7719,0,7.38245,2.38971,1.63598,,,7.01188
Y2/mixstyle__f1_s0,93,0.000286287,0,0.0722613,0.438425,2.50909,1.42677,0.730469,6.39205,0.569037,0.627189,0.579365,0.634921,0.63166,,,0,11.4824,0,8.22566,2.50778,1.67006,,,7.08077
Y2/mixstyle__f1_s0,94,0.000282333,0,0.0719598,0.43615,2.45973,1.39041,0.741071,6.26333,0.603052,0.634294,0.619048,0.642857,0.634294,0.863,0.891,0,11.5217,0,8.10891,2.53942,1.68143,31.7448,68.2552,7.36446
Y2/mixstyle__f1_s0,95,0.000278371,0,0.0716583,0.433875,2.42963,1.37365,0.75279,6.15642,0.603295,0.606747,0.604762,0.61746,0.634294,,,0,11.373,0,8.0138,2.56289,1.64392,,,7.20972
Y2/mixstyle__f1_s0,96,0.000274402,0,0.0713568,0.4316,2.42084,1.3774,0.753348,6.16887,0.593144,0.629174,0.611111,0.636508,0.634294,,,0,11.0303,0,7.7474,2.46208,1.66272,,,7.05199
Y2/mixstyle__f1_s0,97,0.000270428,0,0.0710553,0.429325,2.39778,1.36802,0.746652,6.07197,0.575039,0.63857,0.593651,0.642857,0.63857,0.84,0.897,0,11.5144,0,8.3842,2.36364,1.65405,33.0925,66.9075,7.05297
Y2/mixstyle__f1_s0,98,0.000266449,0,0.0707538,0.42705,2.37009,1.3477,0.747768,5.97285,0.581152,0.615195,0.592063,0.620635,0.63857,,,0,10.8021,0,7.7323,2.48925,1.63219,,,6.6597
Y2/mixstyle__f1_s0,99,0.000262466,0,0.0704523,0.424775,2.34386,1.33475,0.763951,6.10881,0.612895,0.627752,0.625397,0.634921,0.63857,,,0,11.1238,0,8.23639,2.389,1.624,,,6.67331
Y2/mixstyle__f1_s0,100,0.000258481,0,0.0701508,0.4225,2.26709,1.27617,0.785156,6.02439,0.606121,0.614511,0.61746,0.620635,0.63857,0.894,0.897,0,10.4583,0,7.13379,2.41288,1.58042,36.5642,63.4358,6.76545
Y2/mixstyle__f1_s0,101,0.000254494,0,0.0698492,0.420225,2.2689,1.29847,0.761161,6.11896,0.599047,0.646582,0.611111,0.655556,0.646582,0.888,0.902,0,11.3391,0,7.84103,2.51535,1.64579,35.0458,64.9542,7.34885
Y2/mixstyle__f1_s0,102,0.000250506,0,0.0695477,0.41795,2.32523,1.33184,0.754464,6.10232,0.62065,0.640119,0.626984,0.646032,0.646582,,,0,12.2004,0,9.08463,2.66958,1.68655,,,7.1561
Y2/mixstyle__f1_s0,103,0.000246519,0,0.0692462,0.415675,2.27864,1.29917,0.768415,6.11669,0.585497,0.633364,0.598413,0.64127,0.646582,,,0,10.7563,0,7.69428,2.38373,1.57425,,,6.74008
Y2/mixstyle__f1_s0,104,0.000242534,0,0.0689447,0.4134,2.19386,1.24231,0.797991,6.11627,0.63664,0.629031,0.650794,0.636508,0.646582,,,0,11.1802,1,8.69494,2.59346,1.58079,,,6.0085
Y2/mixstyle__f1_s0,105,0.000238551,0,0.0686432,0.411125,2.17858,1.23535,0.795201,6.08123,0.607589,0.633522,0.614286,0.638095,0.646582,,,0,10.7846,0,7.90738,2.41304,1.56467,,,6.47539
Y2/mixstyle__f1_s0,106,0.000234572,0,0.0683417,0.40885,2.21159,1.26953,0.784598,5.98644,0.633987,0.650995,0.639683,0.657143,0.650995,0.914,0.925,0,10.782,0,7.60708,2.56371,1.60991,35.6362,64.3638,6.72004
Y2/mixstyle__f1_s0,107,0.000230598,0,0.0680402,0.406575,2.17949,1.25116,0.790179,6.00398,0.647125,0.64931,0.649206,0.652381,0.650995,,,0,10.2145,0,6.97211,2.36279,1.57509,,,6.63335
Y2/mixstyle__f1_s0,108,0.000226629,0,0.0677387,0.4043,2.14772,1.22878,0.784598,6.29367,0.608538,0.644494,0.62381,0.647619,0.650995,,,0,10.2801,0,7.13611,2.3254,1.57761,,,6.60349
Y2/mixstyle__f1_s0,109,0.000222667,0,0.0674372,0.402025,2.10448,1.20582,0.803013,6.2814,0.621021,0.649567,0.628571,0.657143,0.650995,,,0,10.5056,0,7.34677,2.44047,1.57688,,,6.72051
Y2/mixstyle__f1_s0,110,0.000218713,0,0.0671357,0.39975,2.10795,1.21371,0.793527,6.14193,0.594899,0.648905,0.603175,0.657143,0.650995,,,0,10.1588,0,7.41964,2.41945,1.52589,,,6.10396
Y2/mixstyle__f1_s0,111,0.000214767,0,0.0668342,0.397475,2.13006,1.24303,0.788504,5.96693,0.655981,0.655672,0.663492,0.661905,0.655981,0.937,0.934,0,10.6879,0,7.73248,2.53818,1.61569,35.933,64.067,6.41435
Y2/mixstyle__f1_s0,112,0.000210832,0,0.0665327,0.3952,2.06578,1.1745,0.811942,6.01542,0.635145,0.661133,0.642857,0.666667,0.661133,0.912,0.937,0,10.2739,0,7.685,2.51573,1.52073,33.5709,66.4291,5.94479
Y2/mixstyle__f1_s0,113,0.000206907,0,0.0662312,0.392925,2.09105,1.21438,0.787946,5.87501,0.622464,0.674207,0.630159,0.679365,0.674207,0.907,0.941,0,10.0664,0,7.42915,2.56552,1.53812,36.2002,63.7998,5.83788
Y2/mixstyle__f1_s0,114,0.000202994,0,0.0659296,0.39065,2.05357,1.18996,0.796875,5.84673,0.641407,0.667383,0.652381,0.673016,0.674207,,,0,10.9122,0,8.32891,2.70642,1.5599,,,6.10986
Y2/mixstyle__f1_s0,115,0.000199093,0,0.0656281,0.388375,2.0218,1.16625,0.811384,6.08704,0.570113,0.658923,0.580952,0.665079,0.674207,,,0,10.5674,0,7.71472,2.65889,1.56458,,,6.25582
Y2/mixstyle__f1_s0,116,0.000195207,0,0.0653266,0.3861,2.06578,1.18976,0.802455,6.14396,0.624471,0.647137,0.630159,0.652381,0.674207,,,0,11.9068,0,8.82093,3.28772,1.61357,,,6.62374
Y2/mixstyle__f1_s0,117,0.000191336,0,0.0650251,0.383825,1.9553,1.1214,0.831473,6.05761,0.651801,0.628773,0.65873,0.636508,0.674207,,,0,9.84232,0,6.87063,2.36419,1.53735,,,6.23716
Y2/mixstyle__f1_s0,118,0.00018748,0,0.0647236,0.38155,2.01682,1.18086,0.8125,6.11981,0.549001,0.637101,0.553968,0.646032,0.674207,,,0,11.0853,0,8.35876,2.82648,1.60808,,,6.17769
Y2/mixstyle__f1_s0,119,0.000183641,0,0.0644221,0.379275,1.98183,1.15342,0.8125,5.96604,0.5984,0.639361,0.607937,0.649206,0.674207,,,0,10.236,0,7.32895,2.5453,1.57035,,,6.23179
Y2/mixstyle__f1_s0,120,0.00017982,0,0.0641206,0.377,1.89537,1.11322,0.828125,5.9122,0.63389,0.64681,0.642857,0.653968,0.674207,,,0,9.46212,0,6.51805,2.27572,1.50718,,,6.06764
Y2/mixstyle__f1_s0,121,0.000176018,0,0.0638191,0.374725,1.89868,1.10293,0.819196,6.06895,0.645175,0.654344,0.657143,0.661905,0.674207,,,0,9.98607,0,7.32387,2.54723,1.50621,,,5.91512
Y2/mixstyle__f1_s0,122,0.000172236,0,0.0635176,0.37245,1.91452,1.1175,0.824777,6.12509,0.616146,0.652991,0.620635,0.660317,0.674207,,,0,10.4556,0,7.76739,2.47484,1.53952,,,6.09632
Y2/mixstyle__f1_s0,123,0.000168475,0,0.0632161,0.370175,1.90604,1.11664,0.823103,5.96531,0.650193,0.655178,0.657143,0.663492,0.674207,,,0,9.71055,0,6.98681,2.35131,1.49736,,,5.94304
Y2/mixstyle__f1_s0,124,0.000164735,0,0.0629146,0.3679,1.81605,1.0579,0.849888,6.16199,0.636476,0.657374,0.644444,0.666667,0.674207,,,0,10.4543,0,7.76256,2.35448,1.51269,,,6.15942
Y2/mixstyle__f1_s0,125,0.000161019,0,0.0626131,0.365625,1.86764,1.10545,0.824219,6.02366,0.596931,0.652645,0.6,0.665079,0.674207,0.926,0.962,0,10.5527,0,7.95831,2.50572,1.53089,40.2236,59.7763,5.95151
Y2/mixstyle__f1_s0,126,0.000157326,0,0.0623116,0.36335,1.88817,1.11825,0.813616,6.05405,0.640201,0.655176,0.652381,0.665079,0.674207,,,0,10.0527,0,7.59731,2.54946,1.54071,,,5.586
Y2/mixstyle__f1_s0,127,0.000153657,0,0.0620101,0.361075,1.85174,1.10452,0.824777,6.10849,0.640546,0.653732,0.650794,0.660317,0.674207,,,0,10.6493,1,7.74529,2.38931,1.52675,,,6.43438
Y2/mixstyle__f1_s0,128,0.000150015,0,0.0617085,0.3588,1.79018,1.04829,0.852121,6.01828,0.654997,0.662576,0.665079,0.668254,0.674207,,,0,9.9677,0,7.31451,2.32201,1.44332,,,5.98139
Y2/mixstyle__f1_s0,129,0.000146399,0,0.061407,0.356525,1.81571,1.07476,0.835379,5.99797,0.658975,0.661958,0.665079,0.669841,0.674207,,,0,10.1605,0,7.8145,2.49943,1.5044,,,5.59757
Y2/mixstyle__f1_s0,130,0.00014281,0,0.0611055,0.35425,1.75754,1.03555,0.842634,6.02271,0.65405,0.65248,0.660317,0.661905,0.674207,,,0,9.32233,0,6.65143,2.39001,1.49789,,,5.71039
Y2/mixstyle__f1_s0,131,0.00013925,0,0.060804,0.351975,1.80405,1.07038,0.835379,6.26392,0.654903,0.658093,0.65873,0.666667,0.674207,,,0,9.95143,0,7.60583,2.5097,1.49283,,,5.44788
Y2/mixstyle__f1_s0,132,0.000135719,0,0.0605025,0.3497,1.78284,1.0543,0.852679,6.20499,0.654507,0.670992,0.665079,0.677778,0.674207,,,0,10.2505,0,7.75547,2.47169,1.50241,,,5.80255
Y2/mixstyle__f1_s0,133,0.000132219,0,0.060201,0.347425,1.75705,1.03853,0.848214,6.08183,0.660658,0.669634,0.666667,0.67619,0.674207,,,0,10.0149,0,7.46459,2.41151,1.49146,,,5.76378
Y2/mixstyle__f1_s0,134,0.00012875,0,0.0598995,0.34515,1.71594,1.01315,0.863281,6.26107,0.66994,0.674847,0.673016,0.679365,0.674847,0.974,0.973,0,9.57829,0,7.31796,2.34303,1.41043,38.814,61.186,5.34168
Y2/mixstyle__f1_s0,135,0.000125313,0,0.059598,0.342875,1.71589,1.0208,0.842076,5.93968,0.634783,0.679267,0.646032,0.684127,0.679267,0.953,0.97,0,9.84211,0,7.54535,2.52771,1.46801,38.4105,61.5895,5.39641
Y2/mixstyle__f1_s0,136,0.000121909,0,0.0592965,0.3406,1.70281,1.01668,0.847656,6.15746,0.650691,0.665881,0.65873,0.671429,0.679267,,,0,10.3968,0,7.80603,2.57746,1.47235,,,5.91828
Y2/mixstyle__f1_s0,137,0.000118539,0,0.058995,0.338325,1.72031,1.03175,0.834821,6.08927,0.67519,0.663679,0.677778,0.668254,0.679267,,,0,9.79022,0,7.24204,2.44932,1.49433,,,5.71392
Y2/mixstyle__f1_s0,138,0.000115204,0,0.0586935,0.33605,1.67611,1.00611,0.858259,5.79779,0.657068,0.674122,0.668254,0.677778,0.679267,,,0,10.3949,0,7.45158,2.58546,1.4844,,,6.38777
Y2/mixstyle__f1_s0,139,0.000111904,0,0.058392,0.333775,1.64847,0.989552,0.866629,6.05429,0.658717,0.673101,0.669841,0.677778,0.679267,,,0,9.24338,0,6.96466,2.41395,1.41844,,,5.21737
Y2/mixstyle__f1_s0,140,0.000108641,0,0.0580905,0.3315,1.64478,0.985213,0.857701,6.07064,0.656318,0.667684,0.665079,0.674603,0.679267,,,0,9.75001,0,7.39271,2.43847,1.45702,,,5.44012
Y2/mixstyle__f1_s0,141,0.000105415,0,0.0577889,0.329225,1.60183,0.953009,0.868862,6.05589,0.667472,0.673318,0.673016,0.679365,0.679267,,,0,9.31668,0,6.85058,2.45678,1.4083,,,5.4168
Y2/mixstyle__f1_s0,142,0.000102227,0,0.0574874,0.32695,1.58776,0.95616,0.874442,5.99773,0.670678,0.672572,0.674603,0.677778,0.679267,,,0,9.26933,0,6.98486,2.38953,1.43337,,,5.2427
Y2/mixstyle__f1_s0,143,9.90786e-05,0,0.0571859,0.324675,1.57238,0.942642,0.875,6.13378,0.676179,0.670142,0.68254,0.67619,0.679267,,,0,9.04757,0,6.81578,2.2966,1.40068,,,5.05879
Y2/mixstyle__f1_s0,144,9.59698e-05,0,0.0568844,0.3224,1.56258,0.940922,0.873326,6.04003,0.679402,0.671431,0.684127,0.677778,0.679402,0.986,0.978,0,9.12859,0,6.94317,2.31832,1.36368,41.0765,58.9235,5.05419
Y2/mixstyle__f1_s0,145,9.29016e-05,0,0.0565829,0.320125,1.59006,0.958978,0.865513,6.22494,0.669734,0.677305,0.677778,0.684127,0.679402,,,0,9.39908,0,7.23619,2.46554,1.42698,,,5.07567
Y2/mixstyle__f1_s0,146,8.98748e-05,0,0.0562814,0.31785,1.5485,0.931926,0.881696,6.09864,0.677348,0.682472,0.677778,0.687302,0.682472,0.984,0.985,0,9.88323,0,7.48294,2.52985,1.44968,42.138,57.862,5.51279
Y2/mixstyle__f1_s0,147,8.68902e-05,0,0.0559799,0.315575,1.56832,0.953041,0.866629,6.06931,0.678841,0.678589,0.679365,0.684127,0.682472,,,0,9.772,0,7.4341,2.52615,1.4351,,,5.39325
Y2/mixstyle__f1_s0,148,8.39486e-05,0,0.0556784,0.3133,1.52198,0.923703,0.880022,5.88665,0.670786,0.677032,0.67619,0.684127,0.682472,,,0,8.77105,0,6.39734,2.37113,1.36636,,,5.12807
Y2/mixstyle__f1_s0,149,8.10507e-05,0,0.0553769,0.311025,1.54653,0.947504,0.866629,6.04985,0.684172,0.680488,0.690476,0.687302,0.684172,0.989,0.985,0,9.60821,0,7.44014,2.5195,1.44388,41.0343,58.9657,5.12801
Y2/mixstyle__f1_s0,150,7.81974e-05,0,0.0550754,0.30875,1.51143,0.912461,0.872768,5.98238,0.679211,0.677792,0.685714,0.684127,0.684172,0.986,0.984,0,9.55525,0,7.39686,2.54756,1.40857,41.0999,58.9001,5.1372
Y2/mixstyle__f1_s0,151,7.53893e-05,0,0.0547739,0.306475,1.53166,0.943709,0.866629,6.04213,0.685087,0.679644,0.688889,0.684127,0.685087,0.985,0.986,0,9.70203,0,7.48627,2.61951,1.40182,41.4617,58.5383,5.14712
Y2/mixstyle__f1_s0,152,7.26271e-05,0,0.0544724,0.3042,1.53177,0.943398,0.875558,5.98812,0.68308,0.68262,0.687302,0.688889,0.685087,,,0,9.22108,0,7.15931,2.41434,1.40731,,,4.88375
Y2/mixstyle__f1_s0,153,6.99117e-05,0,0.0541709,0.301925,1.45837,0.898377,0.881696,5.87657,0.683756,0.676813,0.690476,0.684127,0.685087,,,0,9.23996,0,6.98853,2.35615,1.38957,,,5.11843
Y2/mixstyle__f1_s0,154,6.72436e-05,0,0.0538693,0.29965,1.46788,0.905828,0.886161,6.04942,0.692032,0.686254,0.698413,0.692063,0.692032,0.983,0.986,0,9.23951,0,7.06642,2.4256,1.3901,42.0185,57.9815,5.00127
Y2/mixstyle__f1_s0,155,6.46236e-05,0,0.0535678,0.297375,1.44808,0.884288,0.884487,6.03381,0.680533,0.676172,0.688889,0.684127,0.692032,,,0,9.07708,0,6.7898,2.42792,1.37563,,,5.12515
Y2/mixstyle__f1_s0,156,6.20524e-05,0,0.0532663,0.2951,1.44614,0.895339,0.877232,5.95876,0.686606,0.685594,0.688889,0.692063,0.692032,,,0,9.11399,0,6.93624,2.42354,1.37764,,,5.01529
Y2/mixstyle__f1_s0,157,5.95306e-05,0,0.0529648,0.292825,1.46603,0.90723,0.878906,6.0131,0.663568,0.697724,0.665079,0.703175,0.697724,0.986,0.987,0,8.98596,0,6.7831,2.48133,1.40366,42.4612,57.5388,4.89463
Y2/mixstyle__f1_s0,158,5.70589e-05,0,0.0526633,0.29055,1.40347,0.874449,0.90067,5.84952,0.68057,0.681716,0.684127,0.687302,0.697724,,,0,8.69298,0,6.47257,2.40824,1.34403,,,4.90602
Y2/mixstyle__f1_s0,159,5.46379e-05,0,0.0523618,0.288275,1.40839,0.877417,0.877232,6.19224,0.688179,0.689743,0.695238,0.695238,0.697724,,,0,8.96829,0,7.03763,2.32423,1.36483,,,4.63596
Y2/mixstyle__f1_s0,160,5.22683e-05,0,0.0520603,0.286,1.39889,0.86556,0.888951,6.13034,0.681075,0.683749,0.685714,0.688889,0.697724,,,0,9.52101,0,7.28257,2.53143,1.39509,,,5.09081
Y2/mixstyle__f1_s0,161,4.99506e-05,0,0.0517588,0.283725,1.41999,0.87808,0.879464,5.98743,0.678477,0.685396,0.680952,0.690476,0.697724,,,0,9.17113,0,7.15683,2.58181,1.38059,,,4.73198
Y2/mixstyle__f1_s0,162,4.76856e-05,0,0.0514573,0.28145,1.36409,0.857703,0.893415,6.04917,0.674808,0.686541,0.680952,0.692063,0.697724,,,0,9.7375,0,7.91902,2.41548,1.37847,,,4.68413
Y2/mixstyle__f1_s0,163,4.54736e-05,0,0.0511558,0.279175,1.36341,0.83993,0.901228,6.15122,0.680746,0.695559,0.685714,0.701587,0.697724,,,0,8.55227,0,6.53471,2.39184,1.33766,,,4.60126
Y2/mixstyle__f1_s0,164,4.33155e-05,0,0.0508543,0.2769,1.38448,0.86918,0.878906,6.21334,0.689077,0.684048,0.693651,0.688889,0.697724,,,0,9.12458,0,7.18883,2.5529,1.38558,,,4.56649
Y2/mixstyle__f1_s0,165,4.12116e-05,0,0.0505528,0.274625,1.38243,0.865926,0.888393,6.2017,0.688314,0.689609,0.692063,0.695238,0.697724,,,0,9.45882,0,7.16881,2.66561,1.41002,,,5.08017
Y2/mixstyle__f1_s0,166,3.91625e-05,0,0.0502513,0.27235,1.36933,0.87093,0.886161,5.93096,0.682208,0.682956,0.684127,0.687302,0.697724,,,0,8.8094,0,6.57813,2.4273,1.39088,,,4.91651
Y2/mixstyle__f1_s0,167,3.71688e-05,0,0.0499497,0.270075,1.34645,0.85388,0.878348,6.02801,0.684126,0.688908,0.688889,0.693651,0.697724,,,0,8.94713,0,6.72763,2.50752,1.40836,,,4.90709
Y2/mixstyle__f1_s0,168,3.5231e-05,0,0.0496482,0.2678,1.34842,0.855817,0.879464,6.23282,0.685197,0.688233,0.690476,0.693651,0.697724,,,0,8.99255,0,6.7737,2.40767,1.37807,,,4.93515
Y2/mixstyle__f1_s0,169,3.33496e-05,0,0.0493467,0.265525,1.29897,0.815274,0.892299,6.13521,0.686649,0.685038,0.693651,0.690476,0.697724,,,0,9.58129,0,7.73487,2.64293,1.33855,,,4.42371
Y2/mixstyle__f1_s0,170,3.15251e-05,0,0.0490452,0.26325,1.31339,0.836596,0.895089,6.11543,0.690715,0.687245,0.693651,0.693651,0.697724,,,0,8.54533,0,6.51761,2.35884,1.34935,,,4.63628
Y2/mixstyle__f1_s0,171,2.97579e-05,0,0.0487437,0.260975,1.31155,0.834829,0.886161,5.95246,0.687772,0.689639,0.693651,0.695238,0.697724,,,0,8.5859,0,6.49059,2.40473,1.33822,,,4.64356
Y2/mixstyle__f1_s0,172,2.80486e-05,0,0.0484422,0.2587,1.29793,0.835909,0.889509,6.03967,0.697332,0.694728,0.701587,0.698413,0.697724,,,0,8.29897,0,6.30785,2.25462,1.35726,,,4.44495
Y2/mixstyle__f1_s0,173,2.63975e-05,0,0.0481407,0.256425,1.26831,0.81452,0.90067,6.01072,0.686915,0.696972,0.690476,0.701587,0.697724,,,0,8.57018,0,6.53818,2.3711,1.32736,,,4.68254
Y2/mixstyle__f1_s0,174,2.48051e-05,0,0.0478392,0.25415,1.29698,0.837323,0.888393,6.04775,0.689482,0.694992,0.693651,0.7,0.697724,,,0,8.19991,0,6.05105,2.35872,1.36597,,,4.65905
Y2/mixstyle__f1_s0,175,2.32718e-05,0,0.0475377,0.251875,1.21809,0.773964,0.919085,5.95085,0.682436,0.701029,0.687302,0.706349,0.701029,0.992,0.99,0,7.7958,0,5.73991,2.20998,1.27024,43.828,56.172,4.40406
Y2/mixstyle__f1_s0,176,2.1798e-05,0,0.0472362,0.25,1.24254,0.796319,0.90067,5.99096,0.691774,0.696329,0.696825,0.701587,0.701029,,,0,8.01408,0,5.96396,2.28636,1.33531,,,4.47034
Y2/mixstyle__f1_s0,177,2.0384e-05,0,0.0469347,0.25,1.26679,0.822518,0.895647,6.31669,0.695684,0.691369,0.701587,0.696825,0.701029,,,0,8.69731,0,6.72319,2.18962,1.35338,,,4.63365
Y2/mixstyle__f1_s0,178,1.90303e-05,0,0.0466332,0.25,1.24183,0.800253,0.90067,6.00239,0.692032,0.695812,0.698413,0.7,0.701029,,,0,8.07361,0,5.96631,2.35877,1.33776,,,4.46691
Y2/mixstyle__f1_s0,179,1.77372e-05,0,0.0463317,0.25,1.23948,0.804698,0.892857,5.97143,0.689343,0.695759,0.695238,0.7,0.701029,,,0,8.06088,0,6.01614,2.33978,1.31939,,,4.44319
Y2/mixstyle__f1_s0,180,1.65051e-05,0,0.0460302,0.25,1.24376,0.798973,0.892299,6.02262,0.683094,0.694485,0.688889,0.698413,0.701029,,,0,8.27888,0,6.50087,2.30665,1.32899,,,4.19657
Y2/mixstyle__f1_s0,181,1.53342e-05,0,0.0457286,0.25,1.23492,0.797194,0.892857,6.07314,0.685462,0.693106,0.690476,0.696825,0.701029,,,0,8.66626,0,6.58193,2.30776,1.343,,,4.77144
Y2/mixstyle__f1_s0,182,1.42248e-05,0,0.0454271,0.25,1.21673,0.775237,0.896763,6.14021,0.686306,0.694474,0.692063,0.7,0.701029,,,0,8.60323,0,6.51922,2.33218,1.34078,,,4.72416
Y2/mixstyle__f1_s0,183,1.31773e-05,0,0.0451256,0.25,1.21264,0.766639,0.90625,6.00246,0.684055,0.68703,0.690476,0.692063,0.701029,,,0,8.34371,0,6.23629,2.21879,1.29643,,,4.65233
Y2/mixstyle__f1_s0,184,1.21919e-05,0,0.0448241,0.25,1.19993,0.76735,0.905134,6.04685,0.68264,0.685937,0.688889,0.692063,0.701029,,,0,7.9863,0,6.07328,2.19329,1.3265,,,4.36501
Y2/mixstyle__f1_s0,185,1.12689e-05,0,0.0445226,0.25,1.23554,0.794456,0.898438,6.13826,0.684954,0.69205,0.690476,0.696825,0.701029,,,0,8.17907,0,6.27768,2.28038,1.34142,,,4.3876
Y2/mixstyle__f1_s0,186,1.04085e-05,0,0.0442211,0.25,1.2145,0.777036,0.901786,6.08073,0.688441,0.693596,0.693651,0.698413,0.701029,,,0,7.99104,0,6.08637,2.3686,1.31089,,,4.21099
Y2/mixstyle__f1_s0,187,9.61089e-06,0,0.0439196,0.25,1.17964,0.746367,0.90625,5.91579,0.690036,0.694723,0.695238,0.7,0.701029,,,0,8.23784,0,6.18386,2.30172,1.3172,,,4.5528
Y2/mixstyle__f1_s0,188,8.87636e-06,0,0.0436181,0.25,1.21436,0.771274,0.896763,6.12246,0.69233,0.692884,0.696825,0.698413,0.701029,,,0,8.21974,0,6.26565,2.32753,1.34145,,,4.40188
Y2/mixstyle__f1_s0,189,8.20506e-06,0,0.0433166,0.25,1.17793,0.750863,0.902902,6.03472,0.687471,0.688503,0.693651,0.693651,0.701029,,,0,8.28771,0,6.19715,2.35962,1.37079,,,4.61969
Y2/mixstyle__f1_s0,190,7.59717e-06,0,0.0430151,0.25,1.20297,0.76062,0.905134,5.9369,0.690231,0.693939,0.695238,0.698413,0.701029,,,0,8.15244,0,6.21662,2.44588,1.33277,,,4.25567
Y2/mixstyle__f1_s0,191,7.05284e-06,0,0.0427136,0.25,1.19205,0.754624,0.904018,6.12089,0.687482,0.688635,0.692063,0.695238,0.701029,,,0,8.80162,0,6.86649,2.34677,1.34217,,,4.55063
Y2/mixstyle__f1_s0,192,6.57221e-06,0,0.0424121,0.25,1.1791,0.748458,0.901786,6.03205,0.686577,0.690049,0.692063,0.695238,0.701029,,,0,8.67465,0,6.97154,2.33369,1.31664,,,4.2006
Y2/mixstyle__f1_s0,193,6.15542e-06,0,0.0421106,0.25,1.1751,0.745146,0.892857,6.02245,0.691553,0.692531,0.696825,0.698413,0.701029,,,0,8.08943,0,6.05964,2.3182,1.32129,,,4.40428
Y2/mixstyle__f1_s0,194,5.80257e-06,0,0.041809,0.25,1.14783,0.725114,0.910714,5.94726,0.690548,0.689767,0.695238,0.695238,0.701029,,,0,8.05301,0,6.03872,2.25183,1.29435,,,4.50184
Y2/mixstyle__f1_s0,195,5.51374e-06,0,0.0415075,0.25,1.17937,0.751814,0.904576,6.18934,0.68972,0.696711,0.695238,0.701587,0.701029,,,0,8.82535,0,7.03602,2.4765,1.32724,,,4.34678
Y2/mixstyle__f1_s0,196,5.28902e-06,0,0.041206,0.25,1.19201,0.749094,0.902902,6.06792,0.691558,0.694359,0.696825,0.698413,0.701029,,,0,8.518,0,6.69885,2.36729,1.35796,,,4.24791
Y2/mixstyle__f1_s0,197,5.12847e-06,0,0.0409045,0.25,1.1897,0.751074,0.900112,6.17542,0.692678,0.692299,0.698413,0.698413,0.701029,,,0,8.59306,0,6.67969,2.39474,1.32446,,,4.45148
Y2/mixstyle__f1_s0,198,5.03212e-06,0,0.040603,0.25,1.17747,0.742038,0.90625,6.09609,0.692599,0.694778,0.698413,0.7,0.701029,,,0,8.50316,0,6.49643,2.35265,1.34377,,,4.55785
Y2/mixstyle__f1_s0,199,5e-06,0,0.0403015,0.25,1.1655,0.724431,0.90346,6.02691,0.693066,0.694279,0.698413,0.7,0.701029,,,0,8.30556,0,6.58875,2.26571,1.30245,,,4.1306
Y2/mixstyle__f1_s0,200,5e-06,0,0.04,0.25,1.1147,0.69574,0.920201,6.13171,0.689245,0.694519,0.695238,0.7,0.701029,0.992,0.992,0,7.60464,0,5.64547,2.26799,1.30254,43.6188,56.3812,4.2161
Y3/lean_grouped__f0_s0,1,0.0002,1,0.1,0.647725,8.37512,5.46062,0.0139509,15.0624,0.00735408,0.00768725,0.031746,0.0301587,0.00768725,0.04,0.039,0.047619,34.406,4,25.8619,17.6914,9.23193,0.0173282,99.9827,9.81961
Y3/lean_grouped__f0_s0,2,0.0003,1,0.0996985,0.64545,7.38926,4.48607,0.0334821,5.34817,0.0261071,0.0231588,0.0650794,0.0539683,0.0261071,0.078,0.068,0,15.4936,0,10.3139,8.2083,5.47275,0.172863,99.8271,4.78664
Y3/lean_grouped__f0_s0,3,0.0004,1,0.099397,0.643175,7.0027,4.11453,0.0424107,5.25974,0.0550761,0.0535982,0.0952381,0.0952381,0.0550761,0.116,0.112,0,9.5058,0,5.20572,4.81865,4.271,2.48966,97.5103,3.92027
Y3/lean_grouped__f0_s0,4,0.0005,1,0.0990955,0.6409,6.84977,3.99905,0.0435268,5.33103,0.0768431,0.102546,0.120635,0.14127,0.102546,0.149,0.159,0,7.38839,0,3.33476,3.25577,3.83599,8.14154,91.8585,3.78527
Y3/lean_grouped__f0_s0,5,0.000499968,1,0.098794,0.638625,6.57565,3.81949,0.0859375,5.41258,0.102566,0.136987,0.160317,0.195238,0.136987,0.179,0.215,0,7.40653,0,3.93096,3.19415,3.59214,16.6261,83.3739,3.59501
Y3/lean_grouped__f0_s0,6,0.000499872,1,0.0984925,0.63635,6.43153,3.76858,0.105469,5.35522,0.119128,0.157908,0.180952,0.219048,0.157908,0.206,0.243,0,8.02766,0,5.51379,2.92954,3.14335,24.1157,75.8843,3.23257
Y3/lean_grouped__f0_s0,7,0.000499711,1,0.098191,0.634075,6.11338,3.57219,0.0837054,5.53676,0.118702,0.189543,0.185714,0.233333,0.189543,0.221,0.281,0,9.05409,0,6.52023,2.97679,3.07067,29.2715,70.7285,3.34178
Y3/lean_grouped__f0_s0,8,0.000499486,1,0.0978894,0.6318,6.11657,3.5986,0.0753348,5.29303,0.100657,0.192065,0.138095,0.236508,0.192065,0.163,0.288,0,6.84019,0,4.24696,2.3237,2.87348,31.0461,68.9539,3.36331
Y3/lean_grouped__f0_s0,9,0.000499197,1,0.0975879,0.629525,5.93086,3.46103,0.0870536,5.39001,0.149513,0.20114,0.188889,0.246032,0.20114,0.236,0.296,0,6.85722,0,4.32037,2.30399,2.76186,30.2044,69.7956,3.32878
Y3/lean_grouped__f0_s0,10,0.000498845,1,0.0972864,0.62725,6.15528,3.65478,0.117188,5.41218,0.146498,0.215791,0.203175,0.253968,0.215791,0.269,0.311,0,6.94692,0,4.36376,2.41774,2.61305,32.0501,67.9499,3.51151
Y3/lean_grouped__f0_s0,11,0.000498428,1,0.0969849,0.624975,5.94217,3.50171,0.126116,5.47551,0.138723,0.206962,0.190476,0.25873,0.215791,,,0,6.32267,0,4.02265,2.04904,2.48469,,,3.28233
Y3/lean_grouped__f0_s0,12,0.000497947,1,0.0966834,0.6227,5.92378,3.5017,0.108259,5.3372,0.190221,0.227565,0.238095,0.274603,0.227565,0.297,0.344,0,6.18617,0,3.70921,2.19621,2.4267,31.3639,68.6361,3.39937
Y3/lean_grouped__f0_s0,13,0.000497403,1,0.0963819,0.620425,5.60308,3.28519,0.150112,5.33764,0.20567,0.228171,0.257143,0.269841,0.228171,0.325,0.363,0,7.18073,0,4.70443,2.17719,2.49683,32.8393,67.1607,3.89196
Y3/lean_grouped__f0_s0,14,0.000496795,1,0.0960804,0.61815,5.84403,3.45811,0.128348,5.40041,0.200271,0.239059,0.252381,0.279365,0.239059,0.299,0.358,0,6.62245,0,3.95668,2.37273,2.36452,33.2664,66.7336,3.67635
Y3/lean_grouped__f0_s0,15,0.000496124,1,0.0957789,0.615875,5.69612,3.36798,0.11942,5.40197,0.175944,0.257756,0.222222,0.298413,0.257756,0.279,0.371,0,7.39781,0,4.58955,2.09883,2.37901,34.8222,65.1778,4.41809
Y3/lean_grouped__f0_s0,16,0.000495389,1,0.0954774,0.6136,5.4158,3.17734,0.140625,5.34733,0.235767,0.283957,0.268254,0.322222,0.283957,0.31,0.378,0,7.36914,0,5.10073,2.19038,2.31278,34.0167,65.9834,3.83027
Y3/lean_grouped__f0_s0,17,0.000494592,1,0.0951759,0.611325,5.43637,3.20926,0.13058,5.39876,0.235066,0.290692,0.274603,0.325397,0.290692,0.341,0.397,0,8.29798,0,5.77565,2.28286,2.31628,34.1016,65.8984,4.34836
Y3/lean_grouped__f0_s0,18,0.000493731,1,0.0948744,0.60905,5.28996,3.09603,0.118304,5.47859,0.265993,0.297981,0.301587,0.328571,0.297981,0.37,0.414,0,8.69845,0,6.57474,2.41619,2.27851,35.5876,64.4124,4.1377
Y3/lean_grouped__f0_s0,19,0.000492808,1,0.0945729,0.606775,5.56997,3.3118,0.12779,5.40482,0.290683,0.311635,0.319048,0.349206,0.311635,0.382,0.409,0,8.10839,0,5.93476,1.99563,2.16637,34.9039,65.0961,4.1232
Y3/lean_grouped__f0_s0,20,0.000491823,1,0.0942714,0.6045,5.41999,3.20111,0.182478,5.37003,0.271871,0.327757,0.307937,0.361905,0.327757,0.389,0.424,0,9.51483,0,7.77833,2.35071,2.08831,32.9816,67.0184,3.84002
Y3/lean_grouped__f0_s0,21,0.000490775,1,0.0939698,0.602225,5.36173,3.17691,0.179129,5.35451,0.240662,0.326432,0.298413,0.35873,0.327757,,,0,7.96656,0,5.75104,2.18759,2.18122,,,4.23834
Y3/lean_grouped__f0_s0,22,0.000489666,1,0.0936683,0.59995,5.29901,3.14303,0.151786,5.4528,0.267061,0.326505,0.31746,0.35873,0.327757,,,0,7.81226,0,5.8867,2.15504,2.14652,,,3.6851
Y3/lean_grouped__f0_s0,23,0.000488495,1,0.0933668,0.597675,5.29976,3.16614,0.126674,5.35559,0.305487,0.325279,0.34127,0.360317,0.327757,,,0,8.38363,0,6.7383,1.99732,2.02179,,,3.70658
Y3/lean_grouped__f0_s0,24,0.000487263,1,0.0930653,0.5954,5.25024,3.14379,0.125558,5.47161,0.287634,0.321218,0.326984,0.355556,0.327757,,,0,7.62701,0,5.68555,1.90703,1.98731,,,3.92057
Y3/lean_grouped__f0_s0,25,0.00048597,1,0.0927638,0.593125,5.18623,3.10348,0.183036,5.49953,0.3334,0.350377,0.371429,0.387302,0.350377,0.452,0.483,0,8.14313,0,6.35486,2.12256,2.00318,39.0678,60.9322,3.69837
Y3/lean_grouped__f0_s0,26,0.000484616,1,0.0924623,0.59085,5.11292,3.06286,0.189174,5.55295,0.332877,0.347498,0.38254,0.387302,0.350377,,,0,8.72706,0,6.95145,1.96921,1.97212,,,3.92448
Y3/lean_grouped__f0_s0,27,0.000483202,1,0.0921608,0.588575,4.77303,2.8289,0.165737,5.38107,0.308588,0.352528,0.339683,0.390476,0.352528,0.441,0.496,0,9.29906,0,7.50907,2.20818,1.95747,37.8886,62.1114,4.07312
Y3/lean_grouped__f0_s0,28,0.000481728,1,0.0918593,0.5863,5.06302,3.03705,0.251116,5.3142,0.379366,0.360532,0.409524,0.4,0.379366,0.461,0.511,0,8.86916,0,7.06273,2.3652,1.93504,36.3875,63.6125,3.9083
Y3/lean_grouped__f0_s0,29,0.000480195,1,0.0915578,0.584025,4.9989,2.99439,0.195871,5.29259,0.317936,0.385914,0.355556,0.420635,0.385914,0.418,0.512,0,9.29522,0,7.5497,2.20658,1.89753,35.6782,64.3218,4.1522
Y3/lean_grouped__f0_s0,30,0.000478603,1,0.0912563,0.58175,4.97196,2.99079,0.132254,5.32192,0.366995,0.409867,0.403175,0.446032,0.409867,0.485,0.529,0,9.5563,0,7.64901,2.44064,1.99355,37.644,62.356,4.2552
Y3/lean_grouped__f0_s0,31,0.000476951,0,0.0909548,0.579475,4.00408,2.3152,0.454799,5.27156,0.252121,0.413914,0.303175,0.444444,0.413914,0.357,0.556,0,12.2145,0,10.6912,3.02586,2.11247,37.9598,62.0403,4.12263
Y3/lean_grouped__f0_s0,32,0.000475242,0,0.0906533,0.5772,3.92543,2.26288,0.46317,5.29859,0.357413,0.416565,0.390476,0.444444,0.416565,0.468,0.546,0,11.7002,0,10.101,3.02651,2.07631,37.7353,62.2647,4.12143
Y3/lean_grouped__f0_s0,33,0.000473475,0,0.0903518,0.574925,3.9016,2.24448,0.47154,5.36788,0.418272,0.420478,0.44127,0.452381,0.420478,0.529,0.558,0,12.2893,0,10.8153,3.23561,2.08663,39.3895,60.6105,3.94828
Y3/lean_grouped__f0_s0,34,0.00047165,0,0.0900503,0.57265,3.79809,2.19823,0.477121,5.33851,0.406802,0.435277,0.430159,0.463492,0.435277,0.531,0.57,0,12.8245,0,11.3968,3.16471,2.08106,40.9978,59.0022,4.07645
Y3/lean_grouped__f0_s0,35,0.000469769,0,0.0897487,0.570375,3.69816,2.13471,0.508371,5.35174,0.40657,0.440817,0.433333,0.469841,0.440817,0.551,0.595,0,10.5315,0,8.82519,2.93061,2.05944,42.4541,57.5459,4.09088
Y3/lean_grouped__f0_s0,36,0.000467831,0,0.0894472,0.5681,3.58713,2.06689,0.541853,5.29759,0.410716,0.466144,0.433333,0.490476,0.466144,0.512,0.62,0,11.8918,0,10.3289,3.08585,1.99177,46.0439,53.9562,4.1078
Y3/lean_grouped__f0_s0,37,0.000465837,0,0.0891457,0.565825,3.57005,2.06202,0.534598,5.28589,0.418098,0.473265,0.450794,0.498413,0.473265,0.553,0.634,0,11.8483,0,10.3527,2.92557,2.00796,43.0539,56.9461,4.08361
Y3/lean_grouped__f0_s0,38,0.000463788,0,0.0888442,0.56355,3.48202,2.00124,0.552455,5.26005,0.467025,0.477908,0.488889,0.501587,0.477908,0.607,0.652,0,10.8569,0,9.32774,2.93128,1.94076,45.0474,54.9526,3.85038
Y3/lean_grouped__f0_s0,39,0.000461685,0,0.0885427,0.561275,3.37486,1.94789,0.566406,5.29518,0.501855,0.511784,0.526984,0.531746,0.511784,0.614,0.666,0,11.1947,0,9.79946,2.87509,1.94715,48.567,51.433,3.75729
Y3/lean_grouped__f0_s0,40,0.000459526,0,0.0882412,0.559,3.36242,1.96368,0.560268,5.4148,0.490441,0.534902,0.520635,0.549206,0.534902,0.648,0.663,0,11.1904,0,9.59694,2.85283,1.92468,51.3451,48.6549,4.26395
Y3/lean_grouped__f0_s0,41,0.000457314,0,0.0879397,0.556725,3.30519,1.91512,0.589844,5.30381,0.38181,0.552792,0.414286,0.565079,0.552792,0.523,0.681,0,11.8578,0,10.5172,3.03792,1.93836,49.2536,50.7464,3.77862
Y3/lean_grouped__f0_s0,42,0.000455049,0,0.0876382,0.55445,3.29439,1.91369,0.576451,5.26967,0.423408,0.536009,0.449206,0.553968,0.552792,,,0,14.8583,0,13.6527,3.20773,1.95812,,,3.99959
Y3/lean_grouped__f0_s0,43,0.000452732,0,0.0873367,0.552175,3.1993,1.86331,0.58817,5.4038,0.526221,0.551627,0.552381,0.569841,0.552792,,,0,12.6051,0,11.4248,2.88049,1.8524,,,3.65125
Y3/lean_grouped__f0_s0,44,0.000450362,0,0.0870352,0.5499,3.19473,1.85754,0.594866,5.53005,0.496108,0.544982,0.51746,0.566667,0.552792,,,0,12.1734,0,10.9225,2.87109,1.86248,,,3.79371
Y3/lean_grouped__f0_s0,45,0.000447941,0,0.0867337,0.547625,3.05612,1.76792,0.62779,5.34911,0.462639,0.54609,0.477778,0.561905,0.552792,,,0,10.8857,0,9.63817,2.75439,1.80888,,,3.45185
Y3/lean_grouped__f0_s0,46,0.000445469,0,0.0864322,0.54535,3.11859,1.82777,0.609375,5.4048,0.454432,0.544985,0.477778,0.565079,0.552792,,,0,13.5819,0,12.4152,3.07763,1.83265,,,3.78815
Y3/lean_grouped__f0_s0,47,0.000442948,0,0.0861307,0.543075,3.00884,1.75546,0.640067,5.36303,0.497672,0.563992,0.514286,0.584127,0.563992,0.672,0.741,0,12.6646,0,11.4765,2.98697,1.80752,52.6367,47.3632,3.5167
Y3/lean_grouped__f0_s0,48,0.000440376,0,0.0858291,0.5408,2.9514,1.73291,0.639509,5.39559,0.48918,0.553509,0.522222,0.573016,0.563992,,,0,11.6662,0,10.363,2.91872,1.81093,,,3.77623
Y3/lean_grouped__f0_s0,49,0.000437756,0,0.0855276,0.538525,2.88046,1.6725,0.666295,5.24091,0.520204,0.556626,0.533333,0.57619,0.563992,,,0,12.04,0,10.9774,2.74582,1.74943,,,3.26425
Y3/lean_grouped__f0_s0,50,0.000435088,0,0.0852261,0.53625,2.80285,1.63556,0.685826,5.37601,0.487394,0.574137,0.522222,0.593651,0.574137,0.669,0.763,0,13.1701,0,12.089,2.94582,1.73244,54.9651,45.0349,3.53408
Y3/lean_grouped__f0_s0,51,0.000432373,0,0.0849246,0.533975,2.88676,1.69559,0.652344,5.38513,0.56041,0.585037,0.579365,0.598413,0.585037,0.747,0.769,0,13.1758,0,12.1303,2.90321,1.74953,57.4924,42.5076,3.45877
Y3/lean_grouped__f0_s0,52,0.000429611,0,0.0846231,0.5317,2.75091,1.61185,0.677455,5.35887,0.568485,0.594782,0.585714,0.609524,0.594782,0.787,0.788,0,12.4976,0,11.4633,2.87144,1.69515,56.543,43.457,3.23984
Y3/lean_grouped__f0_s0,53,0.000426803,0,0.0843216,0.529425,2.72863,1.58099,0.701451,5.36777,0.573806,0.591865,0.58254,0.607937,0.594782,,,0,11.6056,0,10.5066,2.92401,1.65099,,,3.12947
Y3/lean_grouped__f0_s0,54,0.000423949,0,0.0840201,0.52715,2.65249,1.55791,0.701451,5.29937,0.54125,0.593372,0.563492,0.606349,0.594782,,,0,11.5794,0,10.4195,2.8806,1.64291,,,3.36456
Y3/lean_grouped__f0_s0,55,0.000421051,0,0.0837186,0.524875,2.6646,1.55968,0.704799,5.37058,0.574771,0.602629,0.580952,0.612698,0.602629,0.748,0.78,0,10.8686,0,9.74818,2.6983,1.67123,61.1339,38.8661,3.23734
Y3/lean_grouped__f0_s0,56,0.00041811,0,0.0834171,0.5226,2.66549,1.57496,0.696429,5.26086,0.556828,0.597452,0.563492,0.611111,0.602629,,,0,12.2345,0,11.2557,2.79067,1.6663,,,3.02576
Y3/lean_grouped__f0_s0,57,0.000415125,0,0.0831156,0.520325,2.65877,1.57552,0.685826,5.34118,0.489677,0.612278,0.503175,0.630159,0.612278,0.699,0.813,0,13.7261,0,12.7893,2.96244,1.67104,61.5728,38.4272,3.21138
Y3/lean_grouped__f0_s0,58,0.000412098,0,0.0828141,0.51805,2.58018,1.5283,0.702567,5.3887,0.59944,0.605658,0.604762,0.622222,0.612278,,,0,13.4024,0,12.4458,2.94761,1.66739,,,3.17627
Y3/lean_grouped__f0_s0,59,0.00040903,0,0.0825126,0.515775,2.53294,1.50219,0.719866,5.31557,0.553652,0.622906,0.57619,0.634921,0.622906,0.749,0.827,0,13.1765,0,12.1966,2.95704,1.63422,63.2352,36.7649,3.1863
Y3/lean_grouped__f0_s0,60,0.000405921,0,0.0822111,0.5135,2.4941,1.47338,0.72154,5.37346,0.531448,0.637738,0.553968,0.647619,0.637738,0.725,0.838,0,12.3069,0,11.3486,2.94098,1.61713,62.0282,37.9718,2.96524
Y3/lean_grouped__f0_s0,61,0.000402773,0,0.0819095,0.511225,2.48528,1.48079,0.731027,5.25099,0.608675,0.647959,0.62381,0.655556,0.647959,0.81,0.849,0,11.9404,0,10.9683,2.82383,1.60314,63.2824,36.7176,2.93897
Y3/lean_grouped__f0_s0,62,0.000399585,0,0.081608,0.50895,2.40615,1.4242,0.745536,5.23014,0.565043,0.633379,0.588889,0.642857,0.647959,,,0,11.5008,0,10.5678,2.62547,1.53935,,,2.9672
Y3/lean_grouped__f0_s0,63,0.000396359,0,0.0813065,0.506675,2.38741,1.42105,0.742188,5.38044,0.599952,0.628461,0.607937,0.64127,0.647959,,,0,14.1477,0,13.3647,2.98761,1.57973,,,2.73394
Y3/lean_grouped__f0_s0,64,0.000393096,0,0.081005,0.5044,2.28015,1.36078,0.779576,5.51905,0.623729,0.647957,0.636508,0.650794,0.647959,,,0,11.4879,0,10.5931,2.63735,1.50256,,,2.87795
Y3/lean_grouped__f0_s0,65,0.000389796,0,0.0807035,0.502125,2.276,1.35071,0.777902,5.43663,0.632881,0.634021,0.64127,0.642857,0.647959,,,0,12.4185,0,11.5171,2.84182,1.50912,,,2.95171
Y3/lean_grouped__f0_s0,66,0.000386461,0,0.080402,0.49985,2.2496,1.34563,0.763951,5.23312,0.56519,0.631157,0.577778,0.64127,0.647959,,,0,12.5724,0,11.7349,2.75937,1.51269,,,2.86523
Y3/lean_grouped__f0_s0,67,0.000383091,0,0.0801005,0.497575,2.19638,1.30454,0.788504,5.35408,0.606525,0.644624,0.622222,0.652381,0.647959,,,0,12.5305,0,11.6653,2.79313,1.47194,,,2.8802
Y3/lean_grouped__f0_s0,68,0.000379687,0,0.079799,0.4953,2.23103,1.33634,0.782366,5.33463,0.639436,0.649209,0.653968,0.653968,0.649209,0.867,0.874,0,11.6089,0,10.6271,2.87244,1.52282,67.2279,32.7721,2.87306
Y3/lean_grouped__f0_s0,69,0.00037625,0,0.0794975,0.493025,2.21183,1.32588,0.791853,5.32109,0.588935,0.650081,0.603175,0.655556,0.650081,0.828,0.884,0,12.2823,0,11.3613,2.84991,1.50642,66.216,33.784,2.96574
Y3/lean_grouped__f0_s0,70,0.000372781,0,0.079196,0.49075,2.14777,1.286,0.808594,5.32411,0.621589,0.656139,0.628571,0.661905,0.656139,0.844,0.89,0,12.0571,0,11.2403,2.77404,1.4337,66.8301,33.1699,2.57045
Y3/lean_grouped__f0_s0,71,0.000369281,0,0.0788945,0.488475,2.12224,1.27563,0.799665,5.28856,0.62396,0.679187,0.631746,0.685714,0.679187,0.864,0.898,0,12.2138,0,11.347,2.76099,1.50777,66.3577,33.6423,2.85557
Y3/lean_grouped__f0_s0,72,0.00036575,0,0.078593,0.4862,2.13563,1.29512,0.78683,5.47171,0.621487,0.654012,0.630159,0.660317,0.679187,,,0,13.0235,0,12.1579,2.93112,1.50159,,,2.80878
Y3/lean_grouped__f0_s0,73,0.00036219,0,0.0782915,0.483925,2.06941,1.24278,0.805246,5.31781,0.613439,0.650482,0.630159,0.661905,0.679187,,,0,13.4267,0,12.6562,2.78986,1.44113,,,2.70298
Y3/lean_grouped__f0_s0,74,0.000358601,0,0.0779899,0.48165,2.04757,1.2398,0.805804,5.36376,0.597904,0.650372,0.612698,0.65873,0.679187,,,0,11.1242,0,10.2623,2.68526,1.41962,,,2.65661
Y3/lean_grouped__f0_s0,75,0.000354985,0,0.0776884,0.479375,2.03688,1.23769,0.805246,5.27919,0.632718,0.660604,0.64127,0.666667,0.679187,0.858,0.905,0,10.4471,0,9.48111,2.71439,1.44106,64.0614,35.9386,2.7789
Y3/lean_grouped__f0_s0,76,0.000351343,0,0.0773869,0.4771,2.01069,1.21473,0.821987,5.28656,0.626711,0.650424,0.636508,0.660317,0.679187,,,0,12.9185,0,12.0954,3.03806,1.42501,,,2.62694
Y3/lean_grouped__f0_s0,77,0.000347674,0,0.0770854,0.474825,1.96601,1.18483,0.825335,5.34604,0.637028,0.67501,0.653968,0.680952,0.679187,,,0,12.9325,0,12.151,2.79435,1.39885,,,2.69721
Y3/lean_grouped__f0_s0,78,0.000343981,0,0.0767839,0.47255,1.94918,1.1812,0.828683,5.40368,0.665602,0.659928,0.677778,0.668254,0.679187,,,0,11.5898,0,10.7778,2.81416,1.36629,,,2.51145
Y3/lean_grouped__f0_s0,79,0.000340265,0,0.0764824,0.470275,1.92067,1.16745,0.837612,5.34673,0.664664,0.671074,0.668254,0.679365,0.679187,,,0,10.3863,0,9.54134,2.5353,1.34147,,,2.5319
Y3/lean_grouped__f0_s0,80,0.000336525,0,0.0761809,0.468,1.91294,1.16718,0.834263,5.30223,0.609878,0.655714,0.622222,0.666667,0.679187,,,0,10.9918,0,10.1137,2.94534,1.34438,,,2.34261
Y3/lean_grouped__f0_s0,81,0.000332764,0,0.0758794,0.465725,1.92655,1.18086,0.826451,5.37884,0.614238,0.668695,0.62381,0.67619,0.679187,,,0,12.3419,0,11.5738,2.8436,1.3567,,,2.53804
Y3/lean_grouped__f0_s0,82,0.000328982,0,0.0755779,0.46345,1.84348,1.11978,0.852121,5.45671,0.649487,0.677416,0.65873,0.685714,0.679187,,,0,10.95,0,10.17,2.54018,1.31216,,,2.48718
Y3/lean_grouped__f0_s0,83,0.00032518,0,0.0752764,0.461175,1.8407,1.11933,0.845424,5.36435,0.636353,0.671413,0.649206,0.679365,0.679187,,,0,10.5762,0,9.74078,2.76539,1.35719,,,2.36214
Y3/lean_grouped__f0_s0,84,0.000321359,0,0.0749749,0.4589,1.80598,1.1085,0.847656,5.24869,0.671771,0.677997,0.674603,0.684127,0.679187,,,0,11.3944,0,10.6192,2.71906,1.32119,,,2.374
Y3/lean_grouped__f0_s0,85,0.00031752,0,0.0746734,0.456625,1.74928,1.07469,0.867188,5.37171,0.611535,0.687534,0.62381,0.695238,0.687534,0.892,0.944,0,10.346,0,9.54664,2.69253,1.26935,66.3711,33.6289,2.28287
Y3/lean_grouped__f0_s0,86,0.000313664,0,0.0743719,0.45435,1.80738,1.11232,0.856027,5.29557,0.637341,0.670953,0.642857,0.677778,0.687534,,,0,11.9725,0,11.2454,2.68883,1.29369,,,2.47498
Y3/lean_grouped__f0_s0,87,0.000309793,0,0.0740704,0.452075,1.78815,1.10839,0.84933,5.40825,0.641341,0.660036,0.647619,0.671429,0.687534,,,0,10.1538,0,9.28039,2.77803,1.29025,,,2.34606
Y3/lean_grouped__f0_s0,88,0.000305907,0,0.0737688,0.4498,1.68251,1.0367,0.872768,5.41217,0.679158,0.66194,0.685714,0.671429,0.687534,,,0,9.73437,0,8.92139,2.54099,1.23062,,,2.34607
Y3/lean_grouped__f0_s0,89,0.000302006,0,0.0734673,0.447525,1.72741,1.06327,0.864955,5.28292,0.655452,0.6692,0.668254,0.677778,0.687534,,,0,9.83502,0,9.06685,2.5826,1.24925,,,2.14092
Y3/lean_grouped__f0_s0,90,0.000298093,0,0.0731658,0.44525,1.66942,1.03048,0.885045,5.2771,0.661839,0.667927,0.673016,0.673016,0.687534,,,0,10.6423,0,9.86287,2.68618,1.23452,,,2.24012
Y3/lean_grouped__f0_s0,91,0.000294168,0,0.0728643,0.442975,1.64488,1.01309,0.883929,5.22647,0.657678,0.668226,0.668254,0.674603,0.687534,,,0,11.3146,1,10.6544,2.61981,1.17706,,,2.06761
Y3/lean_grouped__f0_s0,92,0.000290233,0,0.0725628,0.4407,1.66112,1.03454,0.877232,5.38627,0.67796,0.672043,0.687302,0.679365,0.687534,,,0,11.0488,0,10.3089,2.7103,1.24179,,,2.23846
Y3/lean_grouped__f0_s0,93,0.000286287,0,0.0722613,0.438425,1.61484,1.00815,0.883929,5.23528,0.631296,0.67011,0.639683,0.674603,0.687534,,,0,11.2272,0,10.5674,2.51928,1.18101,,,2.20746
Y3/lean_grouped__f0_s0,94,0.000282333,0,0.0719598,0.43615,1.58444,0.993508,0.888393,5.21698,0.68941,0.674369,0.696825,0.679365,0.68941,0.958,0.964,0,10.5667,0,9.88768,2.4998,1.17801,68.0861,31.9139,2.10812
Y3/lean_grouped__f0_s0,95,0.000278371,0,0.0716583,0.433875,1.5601,0.968894,0.900112,5.28094,0.6475,0.672102,0.653968,0.677778,0.68941,,,0,11.1045,0,10.4265,2.67245,1.18535,,,2.09002
Y3/lean_grouped__f0_s0,96,0.000274402,0,0.0713568,0.4316,1.59709,1.00091,0.88058,5.44788,0.658777,0.687141,0.668254,0.688889,0.68941,,,0,12.7706,0,12.0517,3.02078,1.23773,,,2.25538
Y3/lean_grouped__f0_s0,97,0.000270428,0,0.0710553,0.429325,1.58289,0.994966,0.895647,5.27559,0.640063,0.67548,0.639683,0.679365,0.68941,,,0,9.79397,0,9.02568,2.64519,1.19016,,,2.08496
Y3/lean_grouped__f0_s0,98,0.000266449,0,0.0707538,0.42705,1.54986,0.970451,0.900112,5.23936,0.673017,0.674867,0.677778,0.680952,0.68941,,,0,11.2734,0,10.5662,2.81515,1.15483,,,2.02447
Y3/lean_grouped__f0_s0,99,0.000262466,0,0.0704523,0.424775,1.4828,0.933463,0.905692,5.29384,0.68922,0.683499,0.696825,0.687302,0.68941,,,0,10.9158,0,10.2992,2.53965,1.11341,,,1.90693
Y3/lean_grouped__f0_s0,100,0.000258481,0,0.0701508,0.4225,1.52898,0.966044,0.893973,5.12717,0.676815,0.67846,0.680952,0.68254,0.68941,0.955,0.974,0,10.3537,0,9.58364,2.75251,1.18377,69.4472,30.5528,2.1052
Y3/lean_grouped__f0_s0,101,0.000254494,0,0.0698492,0.420225,1.50059,0.944507,0.904018,5.14356,0.670083,0.683942,0.674603,0.688889,0.68941,,,0,11.1206,0,10.406,2.71977,1.12661,,,2.05993
Y3/lean_grouped__f0_s0,102,0.000250506,0,0.0695477,0.41795,1.47197,0.936613,0.90346,5.3306,0.662858,0.683854,0.665079,0.690476,0.68941,,,0,11.6522,0,11.0336,2.70815,1.10335,,,1.90455
Y3/lean_grouped__f0_s0,103,0.000246519,0,0.0692462,0.415675,1.47087,0.939756,0.901228,5.25631,0.659301,0.687585,0.663492,0.693651,0.68941,,,0,9.30283,0,8.58046,2.53713,1.11118,,,1.95292
Y3/lean_grouped__f0_s0,104,0.000242534,0,0.0689447,0.4134,1.42174,0.907463,0.907366,5.14557,0.656691,0.697176,0.666667,0.701587,0.697176,0.953,0.978,0,10.4005,0,9.78328,2.47656,1.08351,72.0817,27.9183,1.92555
Y3/lean_grouped__f0_s0,105,0.000238551,0,0.0686432,0.411125,1.40304,0.891421,0.916853,5.27633,0.696723,0.702209,0.698413,0.706349,0.702209,0.976,0.984,0,9.3671,0,8.73919,2.40281,1.03336,71.3186,28.6813,1.78032
Y3/lean_grouped__f0_s0,106,0.000234572,0,0.0683417,0.40885,1.40857,0.895242,0.922433,5.12238,0.667329,0.695441,0.671429,0.7,0.702209,,,0,10.4584,0,9.83982,2.47843,1.0639,,,1.88777
Y3/lean_grouped__f0_s0,107,0.000230598,0,0.0680402,0.406575,1.35667,0.872124,0.920201,5.2442,0.64947,0.689808,0.655556,0.695238,0.702209,,,0,10.0962,0,9.40328,2.64932,1.06622,,,1.947
Y3/lean_grouped__f0_s0,108,0.000226629,0,0.0677387,0.4043,1.35757,0.866719,0.927455,5.20097,0.682448,0.689251,0.684127,0.693651,0.702209,,,0,10.0182,0,9.38705,2.60007,1.0154,,,1.71674
Y3/lean_grouped__f0_s0,109,0.000222667,0,0.0674372,0.402025,1.34835,0.863277,0.924107,5.09232,0.664959,0.688682,0.673016,0.695238,0.702209,,,0,10.1117,0,9.47078,2.61961,1.01594,,,1.80128
Y3/lean_grouped__f0_s0,110,0.000218713,0,0.0671357,0.39975,1.33359,0.858708,0.924107,5.23661,0.649303,0.690802,0.655556,0.693651,0.702209,,,0,11.5165,0,10.9829,2.49298,1.01738,,,1.81407
Y3/lean_grouped__f0_s0,111,0.000214767,0,0.0668342,0.397475,1.32514,0.854445,0.931362,5.29617,0.672913,0.688266,0.68254,0.692063,0.702209,,,0,10.3505,0,9.77402,2.47843,1.02142,,,1.7413
Y3/lean_grouped__f0_s0,112,0.000210832,0,0.0665327,0.3952,1.31319,0.846555,0.927455,5.20483,0.629686,0.686898,0.636508,0.690476,0.702209,,,0,9.63013,0,8.99086,2.53398,1.03367,,,1.70769
Y3/lean_grouped__f0_s0,113,0.000206907,0,0.0662312,0.392925,1.34064,0.865529,0.920759,5.30208,0.68123,0.695957,0.684127,0.698413,0.702209,,,0,10.7791,0,10.1107,2.79591,1.05573,,,1.84572
Y3/lean_grouped__f0_s0,114,0.000202994,0,0.0659296,0.39065,1.27817,0.828503,0.930804,5.21716,0.677526,0.692436,0.684127,0.695238,0.702209,,,0,9.46306,0,8.80466,2.52832,0.994162,,,1.72576
Y3/lean_grouped__f0_s0,115,0.000199093,0,0.0656281,0.388375,1.29022,0.837551,0.936384,5.21914,0.69022,0.685758,0.696825,0.690476,0.702209,,,0,9.54154,0,8.98579,2.35549,0.953921,,,1.60239
Y3/lean_grouped__f0_s0,116,0.000195207,0,0.0653266,0.3861,1.26146,0.818396,0.936942,5.29255,0.67766,0.685732,0.680952,0.690476,0.702209,,,0,8.87417,0,8.307,2.32516,0.933078,,,1.53183
Y3/lean_grouped__f0_s0,117,0.000191336,0,0.0650251,0.383825,1.24055,0.812881,0.9375,5.21357,0.674787,0.693092,0.67619,0.693651,0.702209,,,0,9.21578,0,8.64896,2.35093,0.949253,,,1.54045
Y3/lean_grouped__f0_s0,118,0.00018748,0,0.0647236,0.38155,1.24426,0.815007,0.933036,5.10819,0.646307,0.701349,0.653968,0.701587,0.702209,,,0,8.76056,0,8.11832,2.42031,0.984553,,,1.69117
Y3/lean_grouped__f0_s0,119,0.000183641,0,0.0644221,0.379275,1.22222,0.804129,0.9375,5.19129,0.681076,0.699534,0.687302,0.7,0.702209,,,0,8.68026,0,8.04901,2.37643,0.952607,,,1.68861
Y3/lean_grouped__f0_s0,120,0.00017982,0,0.0641206,0.377,1.18702,0.783806,0.949777,5.16375,0.670726,0.698836,0.680952,0.7,0.702209,,,0,8.79914,0,8.20485,2.45045,0.907408,,,1.47164
Y3/lean_grouped__f0_s0,121,0.000176018,0,0.0638191,0.374725,1.17415,0.777236,0.946987,5.2173,0.677573,0.690267,0.685714,0.692063,0.702209,,,0,8.4004,0,7.85068,2.21361,0.903326,,,1.50258
Y3/lean_grouped__f0_s0,122,0.000172236,0,0.0635176,0.37245,1.19285,0.788435,0.934152,5.24278,0.669299,0.686384,0.674603,0.688889,0.702209,,,0,8.95646,0,8.29154,2.60153,0.947855,,,1.53046
Y3/lean_grouped__f0_s0,123,0.000168475,0,0.0632161,0.370175,1.1488,0.754285,0.958705,5.25682,0.684151,0.704048,0.692063,0.704762,0.704048,0.99,0.996,0,8.124,0,7.50713,2.29503,0.869594,74.1855,25.8145,1.54954
Y3/lean_grouped__f0_s0,124,0.000164735,0,0.0629146,0.3679,1.18697,0.788035,0.941406,5.18171,0.671903,0.695743,0.674603,0.696825,0.704048,,,0,8.71707,0,8.10537,2.37803,0.930998,,,1.65336
Y3/lean_grouped__f0_s0,125,0.000161019,0,0.0626131,0.365625,1.16504,0.773354,0.945871,5.13567,0.661403,0.700143,0.668254,0.701587,0.704048,0.991,0.994,0,8.30911,0,7.69243,2.38078,0.912521,74.4063,25.5937,1.49445
Y3/lean_grouped__f0_s0,126,0.000157326,0,0.0623116,0.36335,1.17395,0.783756,0.940848,5.30113,0.688689,0.693981,0.693651,0.695238,0.704048,,,0,9.91044,0,9.3411,2.50727,0.927723,,,1.60542
Y3/lean_grouped__f0_s0,127,0.000153657,0,0.0620101,0.361075,1.13353,0.751981,0.951451,5.26789,0.684398,0.696389,0.685714,0.696825,0.704048,,,0,9.0538,0,8.51092,2.33068,0.875164,,,1.47803
Y3/lean_grouped__f0_s0,128,0.000150015,0,0.0617085,0.3588,1.10605,0.732987,0.953683,5.20209,0.677136,0.70208,0.68254,0.703175,0.704048,,,0,8.01188,0,7.4714,2.17496,0.800911,,,1.38505
Y3/lean_grouped__f0_s0,129,0.000146399,0,0.061407,0.356525,1.09801,0.736951,0.952009,5.25338,0.684893,0.703826,0.690476,0.704762,0.704048,,,0,7.90085,0,7.32194,2.25558,0.871798,,,1.41819
Y3/lean_grouped__f0_s0,130,0.00014281,0,0.0611055,0.35425,1.10226,0.744491,0.952009,5.19063,0.705594,0.70289,0.707937,0.706349,0.705594,0.997,0.996,0,8.5775,0,8.00669,2.33674,0.882439,74.9751,25.0249,1.46026
Y3/lean_grouped__f0_s0,131,0.00013925,0,0.060804,0.351975,1.10959,0.749513,0.946429,5.21304,0.673154,0.709239,0.679365,0.709524,0.709239,0.993,0.998,0,8.02649,0,7.41315,2.312,0.890641,74.7069,25.2931,1.53043
Y3/lean_grouped__f0_s0,132,0.000135719,0,0.0605025,0.3497,1.10055,0.746986,0.953683,5.14967,0.644273,0.700228,0.657143,0.7,0.709239,,,0,8.39051,0,7.86374,2.23477,0.819244,,,1.36705
Y3/lean_grouped__f0_s0,133,0.000132219,0,0.060201,0.347425,1.08137,0.731405,0.950335,5.18401,0.700171,0.692117,0.7,0.692063,0.709239,,,0,8.39778,0,7.85111,2.27157,0.841924,,,1.34886
Y3/lean_grouped__f0_s0,134,0.00012875,0,0.0598995,0.34515,1.07034,0.728076,0.949219,5.25146,0.687618,0.698356,0.693651,0.701587,0.709239,,,0,8.64345,0,8.09628,2.38627,0.831442,,,1.27666
Y3/lean_grouped__f0_s0,135,0.000125313,0,0.059598,0.342875,1.07655,0.737901,0.948661,5.24756,0.686994,0.699819,0.688889,0.701587,0.709239,,,0,8.04155,0,7.42749,2.3542,0.856417,,,1.4723
Y3/lean_grouped__f0_s0,136,0.000121909,0,0.0592965,0.3406,1.03988,0.706705,0.958147,5.21954,0.687219,0.703568,0.693651,0.706349,0.709239,,,0,8.98659,0,8.50304,2.19203,0.831656,,,1.37523
Y3/lean_grouped__f0_s0,137,0.000118539,0,0.058995,0.338325,1.0382,0.701664,0.96317,5.28698,0.672339,0.712605,0.677778,0.714286,0.712605,0.997,0.999,0,8.97513,0,8.43951,2.383,0.83994,75.0828,24.9172,1.37211
Y3/lean_grouped__f0_s0,138,0.000115204,0,0.0586935,0.33605,1.0247,0.696585,0.957589,5.19004,0.693167,0.70491,0.698413,0.707937,0.712605,,,0,7.96009,0,7.40347,2.22601,0.818924,,,1.34148
Y3/lean_grouped__f0_s0,139,0.000111904,0,0.058392,0.333775,1.01705,0.702317,0.960938,5.23101,0.689094,0.70343,0.692063,0.704762,0.712605,,,0,7.3067,0,6.65885,2.35085,0.799465,,,1.30824
Y3/lean_grouped__f0_s0,140,0.000108641,0,0.0580905,0.3315,1.0163,0.701493,0.955915,5.29968,0.680521,0.704657,0.687302,0.704762,0.712605,,,0,8.01587,0,7.47958,2.16998,0.836789,,,1.38364
Y3/lean_grouped__f0_s0,141,0.000105415,0,0.0577889,0.329225,0.995388,0.685369,0.958147,5.31452,0.676632,0.702551,0.688889,0.704762,0.712605,,,0,7.80302,0,7.24821,2.24219,0.769318,,,1.32746
Y3/lean_grouped__f0_s0,142,0.000102227,0,0.0574874,0.32695,0.990102,0.686169,0.958705,5.11801,0.679887,0.70235,0.685714,0.704762,0.712605,,,0,7.31085,0,6.75629,2.1507,0.77913,,,1.28373
Y3/lean_grouped__f0_s0,143,9.90786e-05,0,0.0571859,0.324675,0.986928,0.687244,0.955915,5.18541,0.698225,0.693355,0.706349,0.696825,0.712605,,,0,8.01466,0,7.48268,2.21105,0.804521,,,1.33223
Y3/lean_grouped__f0_s0,144,9.59698e-05,0,0.0568844,0.3224,0.954736,0.666437,0.963728,5.21476,0.702565,0.697234,0.706349,0.7,0.712605,,,0,7.19346,0,6.66349,2.13166,0.756105,,,1.20745
Y3/lean_grouped__f0_s0,145,9.29016e-05,0,0.0565829,0.320125,0.980685,0.682211,0.962612,5.26775,0.706671,0.694322,0.706349,0.696825,0.712605,,,0,7.23385,0,6.69363,2.16733,0.752929,,,1.19678
Y3/lean_grouped__f0_s0,146,8.98748e-05,0,0.0562814,0.31785,0.961984,0.67074,0.955915,5.13919,0.703095,0.698132,0.709524,0.701587,0.712605,,,0,7.35369,0,6.8408,2.10924,0.760167,,,1.24242
Y3/lean_grouped__f0_s0,147,8.68902e-05,0,0.0559799,0.315575,0.940501,0.659103,0.961496,5.33914,0.704513,0.693241,0.711111,0.696825,0.712605,,,0,7.43035,0,6.80467,2.34728,0.761666,,,1.27958
Y3/lean_grouped__f0_s0,148,8.39486e-05,0,0.0556784,0.3133,0.932322,0.651736,0.973214,5.20752,0.69535,0.697167,0.698413,0.7,0.712605,,,0,6.75293,0,6.24711,1.97655,0.708855,,,1.1361
Y3/lean_grouped__f0_s0,149,8.10507e-05,0,0.0553769,0.311025,0.932959,0.654764,0.962054,5.14721,0.705752,0.697495,0.707937,0.701587,0.712605,,,0,6.59751,0,6.0574,2.05835,0.735436,,,1.14195
Y3/lean_grouped__f0_s0,150,7.81974e-05,0,0.0550754,0.30875,0.919424,0.645384,0.96875,5.31628,0.695333,0.701583,0.701587,0.706349,0.712605,1,1,0,6.77609,0,6.22497,2.10841,0.74298,77.2915,22.7085,1.23925
Y3/lean_grouped__f0_s0,151,7.53893e-05,0,0.0547739,0.306475,0.892778,0.630483,0.965402,5.16362,0.692106,0.70588,0.7,0.709524,0.712605,,,0,7.49972,0,6.9946,2.1249,0.751348,,,1.21014
Y3/lean_grouped__f0_s0,152,7.26271e-05,0,0.0544724,0.3042,0.893033,0.631003,0.969866,5.14645,0.689689,0.707575,0.696825,0.711111,0.712605,,,0,6.93195,0,6.44122,2.0018,0.699742,,,1.08561
Y3/lean_grouped__f0_s0,153,6.99117e-05,0,0.0541709,0.301925,0.859986,0.612674,0.973214,5.22988,0.682618,0.694307,0.685714,0.7,0.712605,,,0,6.19394,0,5.67125,1.99813,0.681004,,,1.0532
Y3/lean_grouped__f0_s0,154,6.72436e-05,0,0.0538693,0.29965,0.905419,0.644257,0.961496,5.19497,0.699083,0.703072,0.701587,0.706349,0.712605,,,0,7.82369,0,7.16031,2.5986,0.754717,,,1.16082
Y3/lean_grouped__f0_s0,155,6.46236e-05,0,0.0535678,0.297375,0.880372,0.623801,0.97154,5.2411,0.703954,0.698215,0.707937,0.704762,0.712605,,,0,7.71238,0,7.2392,2.07065,0.743716,,,1.16348
Y3/lean_grouped__f0_s0,156,6.20524e-05,0,0.0532663,0.2951,0.87735,0.624989,0.96317,5.19999,0.699335,0.699694,0.704762,0.704762,0.712605,,,0,6.7543,0,6.25886,2.00732,0.705596,,,1.1209
Y3/lean_grouped__f0_s0,157,5.95306e-05,0,0.0529648,0.292825,0.888814,0.635166,0.962054,5.23942,0.698773,0.700611,0.701587,0.704762,0.712605,,,0,7.33914,0,6.7018,2.37069,0.753431,,,1.19407
Y3/lean_grouped__f0_s0,158,5.70589e-05,0,0.0526633,0.29055,0.855873,0.613743,0.972656,5.20217,0.700857,0.700201,0.703175,0.704762,0.712605,,,0,6.60342,0,6.07914,2.04119,0.714626,,,1.14946
Y3/lean_grouped__f0_s0,159,5.46379e-05,0,0.0523618,0.288275,0.874435,0.62771,0.963728,5.26681,0.694921,0.696618,0.7,0.703175,0.712605,,,0,6.51004,0,5.98777,1.95137,0.709489,,,1.18024
Y3/lean_grouped__f0_s0,160,5.22683e-05,0,0.0520603,0.286,0.830056,0.600264,0.974888,5.33366,0.682962,0.697941,0.688889,0.703175,0.712605,,,0,6.29771,0,5.76001,1.99504,0.695459,,,1.11575
Y3/lean_grouped__f0_s0,161,4.99506e-05,0,0.0517588,0.283725,0.860875,0.623867,0.966518,5.07719,0.688752,0.702208,0.693651,0.707937,0.712605,,,0,6.76159,0,6.2486,2.08945,0.729147,,,1.10481
Y3/lean_grouped__f0_s0,162,4.76856e-05,0,0.0514573,0.28145,0.846042,0.609257,0.970424,5.3763,0.693343,0.69999,0.696825,0.704762,0.712605,,,0,7.76524,0,7.28924,2.15477,0.73419,,,1.12886
Y3/lean_grouped__f0_s0,163,4.54736e-05,0,0.0511558,0.279175,0.828201,0.60283,0.964286,5.16597,0.701374,0.705067,0.703175,0.707937,0.712605,,,0,7.19741,0,6.71793,2.10134,0.693962,,,1.05435
Y3/lean_grouped__f0_s0,164,4.33155e-05,0,0.0508543,0.2769,0.816769,0.590988,0.97433,5.13058,0.69282,0.707072,0.696825,0.711111,0.712605,,,0,5.97885,0,5.47084,1.87777,0.695488,,,1.09245
Y3/lean_grouped__f0_s0,165,4.12116e-05,0,0.0505528,0.274625,0.813068,0.592524,0.97154,5.28152,0.695528,0.704983,0.698413,0.706349,0.712605,,,0,6.41071,0,5.86773,2.02874,0.714951,,,1.17729
Y3/lean_grouped__f0_s0,166,3.91625e-05,0,0.0502513,0.27235,0.809494,0.591042,0.965402,5.14274,0.701628,0.706007,0.704762,0.707937,0.712605,,,0,6.65772,0,6.16371,1.99912,0.703505,,,1.09419
Y3/lean_grouped__f0_s0,167,3.71688e-05,0,0.0499497,0.270075,0.800997,0.588656,0.970982,5.17552,0.696978,0.699612,0.7,0.701587,0.712605,,,0,6.70659,0,6.22743,1.97982,0.682304,,,1.04973
Y3/lean_grouped__f0_s0,168,3.5231e-05,0,0.0496482,0.2678,0.785065,0.575084,0.972656,5.18945,0.704632,0.702345,0.707937,0.703175,0.712605,,,0,6.39732,0,5.89354,1.96946,0.688569,,,1.11004
Y3/lean_grouped__f0_s0,169,3.33496e-05,0,0.0493467,0.265525,0.791629,0.583012,0.964844,5.17669,0.693215,0.703289,0.698413,0.706349,0.712605,,,0,6.11354,0,5.59362,1.97252,0.680754,,,1.03316
Y3/lean_grouped__f0_s0,170,3.15251e-05,0,0.0490452,0.26325,0.78977,0.581585,0.964844,5.27211,0.697071,0.70171,0.701587,0.704762,0.712605,,,0,6.34753,0,5.80758,1.99009,0.720947,,,1.17858
Y3/lean_grouped__f0_s0,171,2.97579e-05,0,0.0487437,0.260975,0.792464,0.584047,0.967076,5.14063,0.705548,0.702955,0.707937,0.706349,0.712605,,,0,6.28403,0,5.76743,1.96235,0.692114,,,1.09984
Y3/lean_grouped__f0_s0,172,2.80486e-05,0,0.0484422,0.2587,0.755652,0.559249,0.97433,5.18498,0.702317,0.705697,0.707937,0.706349,0.712605,,,0,5.78011,0,5.25197,1.9247,0.635493,,,1.02718
Y3/lean_grouped__f0_s0,173,2.63975e-05,0,0.0481407,0.256425,0.749518,0.55764,0.972098,5.21209,0.709168,0.702302,0.714286,0.704762,0.712605,,,0,6.36579,0,5.90879,1.87039,0.645462,,,1.03626
Y3/lean_grouped__f0_s0,174,2.48051e-05,0,0.0478392,0.25415,0.776923,0.580249,0.967634,5.18427,0.702196,0.698212,0.706349,0.701587,0.712605,,,0,6.45765,0,5.98065,1.94347,0.705341,,,1.03576
Y3/lean_grouped__f0_s0,175,2.32718e-05,0,0.0475377,0.251875,0.751091,0.559024,0.972656,5.20984,0.698804,0.700253,0.704762,0.703175,0.712605,1,1,0,5.81643,0,5.30435,1.90626,0.662632,77.7743,22.2257,1.0315
Y3/lean_grouped__f0_s0,176,2.1798e-05,0,0.0472362,0.25,0.776012,0.580244,0.967634,5.16374,0.702349,0.694908,0.707937,0.698413,0.712605,,,0,6.29806,0,5.83932,1.85188,0.677021,,,1.02032
Y3/lean_grouped__f0_s0,177,2.0384e-05,0,0.0469347,0.25,0.726633,0.539544,0.977679,5.14926,0.701298,0.696905,0.706349,0.7,0.712605,1,1,0,6.01742,0,5.58326,1.78927,0.623372,,,0.929706
Y3/lean_grouped__f1_s0,1,0.0002,1,0.1,0.647725,8.37285,5.45828,0.0200893,14.7342,0.0137822,0.0104921,0.047619,0.0333333,0.0137822,0.04,0.035,0.107143,41.073,5,31.4254,23.7801,9.19547,0.0164698,99.9835,9.86058
Y3/lean_grouped__f1_s0,2,0.0003,1,0.0996985,0.64545,7.39538,4.49192,0.0334821,5.26876,0.0208787,0.0290026,0.068254,0.0714286,0.0290026,0.069,0.076,0,14.8743,0,8.83148,8.73998,5.46429,0.149343,99.8507,4.86575
Y3/lean_grouped__f1_s0,3,0.0004,1,0.099397,0.643175,7.02937,4.14079,0.0563616,5.34494,0.0567475,0.0783192,0.1,0.128571,0.0783192,0.105,0.127,0,9.02009,0,4.38649,4.67095,4.33299,2.23032,97.7697,4.03413
Y3/lean_grouped__f1_s0,4,0.0005,1,0.0990955,0.6409,6.83372,3.97334,0.0558036,5.36312,0.0939017,0.108398,0.157143,0.150794,0.108398,0.145,0.181,0,7.63605,0,3.52828,3.71963,3.79951,10.0071,89.9929,3.76724
Y3/lean_grouped__f1_s0,5,0.000499968,1,0.098794,0.638625,6.57065,3.8102,0.0842634,5.22602,0.114055,0.165338,0.173016,0.215873,0.165338,0.184,0.201,0,7.59346,0,4.23587,3.17323,3.54495,18.43,81.57,3.56153
Y3/lean_grouped__f1_s0,6,0.000499872,1,0.0984925,0.63635,6.46744,3.81451,0.0876116,5.3405,0.087027,0.164798,0.128571,0.209524,0.165338,,,0,8.6506,0,6.19339,3.1642,3.17561,,,3.43117
Y3/lean_grouped__f1_s0,7,0.000499711,1,0.098191,0.634075,6.11316,3.57459,0.0842634,5.33871,0.151028,0.188355,0.2,0.226984,0.188355,0.212,0.244,0,7.68765,0,4.85084,3.28116,3.03394,23.2633,76.7367,3.226
Y3/lean_grouped__f1_s0,8,0.000499486,1,0.0978894,0.6318,6.12246,3.59729,0.0725446,5.2606,0.142221,0.207017,0.204762,0.250794,0.207017,0.229,0.277,0,6.25772,0,3.60791,2.40134,2.81327,25.9674,74.0326,3.19884
Y3/lean_grouped__f1_s0,9,0.000499197,1,0.0975879,0.629525,5.98756,3.51411,0.078125,5.26185,0.177236,0.234685,0.238095,0.288889,0.234685,0.234,0.284,0,6.01392,0,3.28485,2.18139,2.75045,24.6924,75.3076,3.19852
Y3/lean_grouped__f1_s0,10,0.000498845,1,0.0972864,0.62725,6.16657,3.67547,0.110491,5.22573,0.156444,0.255298,0.211111,0.298413,0.255298,0.238,0.3,0,5.85656,0,3.13551,2.08812,2.63673,28.4532,71.5468,3.33689
Y3/lean_grouped__f1_s0,11,0.000498428,1,0.0969849,0.624975,5.87168,3.45633,0.125558,5.28892,0.246835,0.255107,0.285714,0.304762,0.255298,,,0,6.2375,0,3.88337,2.06311,2.44814,,,3.34799
Y3/lean_grouped__f1_s0,12,0.000497947,1,0.0966834,0.6227,5.91217,3.50162,0.107701,5.21577,0.211639,0.254053,0.265079,0.306349,0.255298,,,0,6.87889,0,4.48488,2.27456,2.4568,,,3.6319
Y3/lean_grouped__f1_s0,13,0.000497403,1,0.0963819,0.620425,5.65503,3.32359,0.128906,5.39818,0.209438,0.258246,0.265079,0.304762,0.258246,0.313,0.347,0,7.1104,0,4.7776,2.35053,2.47565,26.6645,73.3355,3.5129
Y3/lean_grouped__f1_s0,14,0.000496795,1,0.0960804,0.61815,5.87764,3.5016,0.128348,5.32498,0.227619,0.27223,0.279365,0.319048,0.27223,0.306,0.35,0,6.17085,0,3.84616,2.09817,2.31488,28.1888,71.8112,3.34749
Y3/lean_grouped__f1_s0,15,0.000496124,1,0.0957789,0.615875,5.67636,3.3607,0.118304,5.36782,0.222295,0.264387,0.271429,0.304762,0.27223,,,0,6.08689,0,3.55059,2.02935,2.27761,,,3.57865
Y3/lean_grouped__f1_s0,16,0.000495389,1,0.0954774,0.6136,5.39772,3.16688,0.149554,5.32067,0.264867,0.275842,0.319048,0.325397,0.275842,0.331,0.366,0,6.75519,0,4.20185,2.10674,2.30942,29.4022,70.5978,3.93982
Y3/lean_grouped__f1_s0,17,0.000494592,1,0.0951759,0.611325,5.46182,3.22414,0.131696,5.28017,0.265388,0.321396,0.306349,0.360317,0.321396,0.338,0.375,0,7.28625,0,4.69199,2.33367,2.27957,31.2402,68.7598,4.15539
Y3/lean_grouped__f1_s0,18,0.000493731,1,0.0948744,0.60905,5.26481,3.09729,0.126674,5.19506,0.256192,0.329055,0.307937,0.369841,0.329055,0.351,0.392,0,7.94051,0,5.37631,2.50822,2.31501,32.5385,67.4615,4.36771
Y3/lean_grouped__f1_s0,19,0.000492808,1,0.0945729,0.606775,5.54938,3.3004,0.15346,5.17549,0.293814,0.317186,0.331746,0.357143,0.329055,,,0,8.41965,0,6.37186,2.41361,2.1418,,,3.90335
Y3/lean_grouped__f1_s0,20,0.000491823,1,0.0942714,0.6045,5.47187,3.25081,0.154576,5.32113,0.304076,0.325023,0.347619,0.363492,0.329055,,,0,7.78261,0,5.41395,2.15479,2.12965,,,4.21092
Y3/lean_grouped__f1_s0,21,0.000490775,1,0.0939698,0.602225,5.45724,3.25045,0.15904,5.42301,0.255107,0.328107,0.315873,0.368254,0.329055,,,0,9.03697,0,6.84645,2.51118,2.15508,,,4.28916
Y3/lean_grouped__f1_s0,22,0.000489666,1,0.0936683,0.59995,5.28737,3.14879,0.150112,5.28516,0.332717,0.328085,0.385714,0.373016,0.332717,0.407,0.439,0,7.91992,0,5.43768,2.24663,2.12571,33.8681,66.1319,4.52315
Y3/lean_grouped__f1_s0,23,0.000488495,1,0.0933668,0.597675,5.30558,3.16505,0.134487,5.1805,0.322032,0.341576,0.361905,0.38254,0.341576,0.391,0.431,0,8.9305,0,7.07975,2.38298,2.05626,35.1888,64.8112,3.96416
Y3/lean_grouped__f1_s0,24,0.000487263,1,0.0930653,0.5954,5.32761,3.20249,0.112165,5.11579,0.298443,0.343637,0.342857,0.384127,0.343637,0.371,0.432,0,7.42329,0,5.25453,2.27496,2.00863,36.0997,63.9003,3.91883
Y3/lean_grouped__f1_s0,25,0.00048597,1,0.0927638,0.593125,5.26456,3.15361,0.178571,5.19746,0.354926,0.359083,0.384127,0.404762,0.359083,0.417,0.448,0,8.76439,0,6.7153,2.54197,1.98274,39.7866,60.2134,3.99685
Y3/lean_grouped__f1_s0,26,0.000484616,1,0.0924623,0.59085,5.15038,3.08008,0.1875,5.21305,0.364125,0.362909,0.395238,0.404762,0.364125,0.479,0.468,0,7.88944,0,6.07359,2.11039,1.94947,37.1584,62.8416,3.73433
Y3/lean_grouped__f1_s0,27,0.000483202,1,0.0921608,0.588575,4.80544,2.84228,0.167411,5.331,0.314338,0.373641,0.35873,0.412698,0.373641,0.409,0.487,0,8.95848,0,7.08246,2.34877,1.99669,35.5709,64.4291,4.10246
Y3/lean_grouped__f1_s0,28,0.000481728,1,0.0918593,0.5863,5.14151,3.09876,0.230469,5.31319,0.365177,0.369824,0.390476,0.407937,0.373641,,,0,9.29317,0,7.68956,2.32867,1.92649,,,3.86967
Y3/lean_grouped__f1_s0,29,0.000480195,1,0.0915578,0.584025,5.14154,3.09398,0.174665,5.27309,0.361059,0.393416,0.390476,0.426984,0.393416,0.448,0.491,0,10.5429,0,8.73817,2.76415,1.95416,38.8158,61.1842,4.22768
Y3/lean_grouped__f1_s0,30,0.000478603,1,0.0912563,0.58175,4.96325,2.98862,0.125,5.27011,0.370244,0.411547,0.414286,0.44127,0.411547,0.471,0.502,0,8.00245,0,5.91318,2.18327,1.93261,38.1689,61.8311,4.1495
Y3/lean_grouped__f1_s0,31,0.000476951,0,0.0909548,0.579475,4.11033,2.39069,0.438616,5.30382,0.37655,0.424259,0.415873,0.455556,0.424259,0.476,0.509,0,10.604,0,8.79645,2.6489,2.08568,37.2646,62.7354,4.25461
Y3/lean_grouped__f1_s0,32,0.000475242,0,0.0906533,0.5772,4.00662,2.30852,0.456473,5.22107,0.378041,0.430558,0.401587,0.455556,0.430558,0.497,0.538,0,10.9105,0,9.18685,2.98135,2.07715,36.2778,63.7222,4.10552
Y3/lean_grouped__f1_s0,33,0.000473475,0,0.0903518,0.574925,3.94992,2.28474,0.46596,5.18975,0.409558,0.444762,0.438095,0.466667,0.444762,0.51,0.536,0,11.2849,0,9.67555,2.89763,2.03737,36.9327,63.0673,4.25227
Y3/lean_grouped__f1_s0,34,0.00047165,0,0.0900503,0.57265,3.88481,2.24628,0.472656,5.23017,0.421801,0.439273,0.446032,0.460317,0.444762,,,0,12.0181,0,10.236,2.96329,2.07526,,,4.79465
Y3/lean_grouped__f1_s0,35,0.000469769,0,0.0897487,0.570375,3.77273,2.17321,0.509487,5.31734,0.464795,0.445289,0.47619,0.473016,0.464795,0.535,0.553,0,10.8179,0,9.08484,3.01064,2.01644,39.7016,60.2984,4.09037
Y3/lean_grouped__f1_s0,36,0.000467831,0,0.0894472,0.5681,3.78486,2.19475,0.504464,5.26348,0.396476,0.459375,0.41746,0.485714,0.464795,,,0,12.4731,0,10.8577,3.02717,2.0746,,,4.45945
Y3/lean_grouped__f1_s0,37,0.000465837,0,0.0891457,0.565825,3.72405,2.15395,0.506696,5.3081,0.45819,0.452961,0.477778,0.480952,0.464795,,,0,11.4869,0,9.8515,2.96989,1.97766,,,4.22922
Y3/lean_grouped__f1_s0,38,0.000463788,0,0.0888442,0.56355,3.67011,2.11691,0.516183,5.17809,0.471846,0.478927,0.490476,0.503175,0.478927,0.55,0.591,0,12.0373,0,10.5658,2.82308,1.95736,42.1642,57.8358,4.20075
Y3/lean_grouped__f1_s0,39,0.000461685,0,0.0885427,0.561275,3.56833,2.06342,0.536272,5.22216,0.503951,0.488374,0.51746,0.511111,0.503951,0.591,0.61,0,10.9448,0,9.47,2.79976,1.93266,41.2525,58.7475,3.95384
Y3/lean_grouped__f1_s0,40,0.000459526,0,0.0882412,0.559,3.48185,2.01124,0.549107,5.13963,0.485232,0.498891,0.511111,0.519048,0.503951,,,0,12.4585,0,11.1058,2.99578,1.92017,,,3.88256
Y3/lean_grouped__f1_s0,41,0.000457314,0,0.0879397,0.556725,3.46103,2.00282,0.56529,5.11233,0.471624,0.501208,0.488889,0.522222,0.503951,,,0,13.214,0,11.8144,3.15287,1.9337,,,4.06484
Y3/lean_grouped__f1_s0,42,0.000455049,0,0.0876382,0.55445,3.39745,1.96827,0.557478,5.20456,0.490489,0.526767,0.519048,0.546032,0.526767,0.589,0.649,0,11.189,0,9.4983,2.82494,1.9201,45.1357,54.8643,4.46985
Y3/lean_grouped__f1_s0,43,0.000452732,0,0.0873367,0.552175,3.35431,1.95589,0.552455,5.21585,0.512795,0.517929,0.530159,0.542857,0.526767,,,0,11.0613,0,9.36849,2.79988,1.91495,,,4.40323
Y3/lean_grouped__f1_s0,44,0.000450362,0,0.0870352,0.5499,3.28303,1.90335,0.575335,5.31684,0.464742,0.558828,0.488889,0.574603,0.558828,0.61,0.674,0,13.0774,0,11.6559,3.03982,1.97261,49.6297,50.3703,4.19354
Y3/lean_grouped__f1_s0,45,0.000447941,0,0.0867337,0.547625,3.25615,1.88645,0.587612,5.1788,0.538556,0.517622,0.555556,0.544444,0.558828,,,0,13.1319,0,11.918,2.98485,1.86846,,,3.80149
Y3/lean_grouped__f1_s0,46,0.000445469,0,0.0864322,0.54535,3.16928,1.84619,0.609933,5.30966,0.540744,0.539654,0.550794,0.560317,0.558828,,,0,12.015,0,10.6361,2.95019,1.86477,,,3.86509
Y3/lean_grouped__f1_s0,47,0.000442948,0,0.0861307,0.543075,3.1666,1.85173,0.611049,5.20317,0.473737,0.538161,0.495238,0.55873,0.558828,,,0,12.3068,0,10.9907,3.11166,1.84264,,,3.82324
Y3/lean_grouped__f1_s0,48,0.000440376,0,0.0858291,0.5408,3.10123,1.80936,0.611049,5.22894,0.493024,0.560217,0.496825,0.577778,0.560217,0.612,0.702,0,12.4427,0,11.2153,2.89464,1.82709,48.4555,51.5445,3.67894
Y3/lean_grouped__f1_s0,49,0.000437756,0,0.0855276,0.538525,3.08775,1.79665,0.605469,5.19875,0.510702,0.550448,0.526984,0.568254,0.560217,,,0,11.2951,0,9.92971,2.79973,1.83459,,,3.8032
Y3/lean_grouped__f1_s0,50,0.000435088,0,0.0852261,0.53625,3.0028,1.75861,0.626116,5.22525,0.50802,0.571589,0.533333,0.587302,0.571589,0.664,0.711,0,12.1437,0,10.8195,2.92556,1.78985,50.6743,49.3257,3.88143
Y3/lean_grouped__f1_s0,51,0.000432373,0,0.0849246,0.533975,2.9511,1.71927,0.641183,5.20822,0.503107,0.578918,0.530159,0.588889,0.578918,0.646,0.728,0,12.0464,0,10.8391,2.84751,1.78239,53.9886,46.0114,3.6493
Y3/lean_grouped__f1_s0,52,0.000429611,0,0.0846231,0.5317,2.8545,1.67077,0.666295,5.22734,0.549898,0.586739,0.571429,0.595238,0.586739,0.732,0.736,0,11.0394,0,9.69028,2.65465,1.74501,54.7763,45.2237,3.70682
Y3/lean_grouped__f1_s0,53,0.000426803,0,0.0843216,0.529425,2.83614,1.65584,0.676897,5.20473,0.539914,0.567039,0.557143,0.574603,0.586739,,,0,11.3976,0,10.1188,2.70101,1.75687,,,3.78237
Y3/lean_grouped__f1_s0,54,0.000423949,0,0.0840201,0.52715,2.8519,1.66683,0.675781,5.21914,0.49031,0.582778,0.511111,0.596825,0.586739,,,0,14.1784,0,13.1252,2.90744,1.72983,,,3.63671
Y3/lean_grouped__f1_s0,55,0.000421051,0,0.0837186,0.524875,2.74316,1.59731,0.688058,5.11601,0.60624,0.590202,0.61746,0.603175,0.60624,0.756,0.77,0,12.7219,0,11.6961,2.82935,1.71362,55.2214,44.7786,3.33905
Y3/lean_grouped__f1_s0,56,0.00041811,0,0.0834171,0.5226,2.76423,1.62922,0.680804,5.14564,0.534085,0.599676,0.553968,0.606349,0.60624,,,0,11.2068,0,9.80527,2.79755,1.747,,,3.81426
Y3/lean_grouped__f1_s0,57,0.000415125,0,0.0831156,0.520325,2.70191,1.57889,0.697545,5.32864,0.579337,0.610089,0.595238,0.620635,0.610089,0.734,0.763,0,12.8005,0,11.6838,2.87272,1.69367,55.5953,44.4047,3.53574
Y3/lean_grouped__f1_s0,58,0.000412098,0,0.0828141,0.51805,2.67906,1.574,0.690848,5.19067,0.543462,0.606102,0.550794,0.61746,0.610089,,,0,13.5325,0,12.5641,2.78387,1.69769,,,3.35483
Y3/lean_grouped__f1_s0,59,0.00040903,0,0.0825126,0.515775,2.56186,1.48738,0.736607,5.23579,0.543046,0.623937,0.557143,0.634921,0.623937,0.723,0.8,0,13.1736,0,12.1312,2.94305,1.64386,56.8515,43.1485,3.24208
Y3/lean_grouped__f1_s0,60,0.000405921,0,0.0822111,0.5135,2.55378,1.49571,0.724888,5.18281,0.575757,0.620411,0.592063,0.634921,0.623937,,,0,11.4277,0,10.2677,2.70194,1.67585,,,3.49507
Y3/lean_grouped__f1_s0,61,0.000402773,0,0.0819095,0.511225,2.5447,1.48483,0.731585,5.42121,0.550644,0.60818,0.569841,0.620635,0.623937,,,0,12.9816,0,11.9738,2.7675,1.68685,,,3.31942
Y3/lean_grouped__f1_s0,62,0.000399585,0,0.081608,0.50895,2.47483,1.45707,0.730469,5.2054,0.570259,0.600226,0.592063,0.611111,0.623937,,,0,11.6796,0,10.5327,2.85552,1.66179,,,3.38721
Y3/lean_grouped__f1_s0,63,0.000396359,0,0.0813065,0.506675,2.46667,1.44887,0.733817,5.19589,0.574237,0.606912,0.592063,0.612698,0.623937,,,0,12.3431,0,11.3506,2.825,1.63495,,,3.14156
Y3/lean_grouped__f1_s0,64,0.000393096,0,0.081005,0.5044,2.42505,1.4406,0.743304,5.2607,0.606669,0.628832,0.61746,0.638095,0.628832,0.783,0.836,0,11.9697,0,10.961,2.71581,1.58344,57.7335,42.2665,3.23163
Y3/lean_grouped__f1_s0,65,0.000389796,0,0.0807035,0.502125,2.45058,1.45036,0.733817,5.31029,0.607206,0.631616,0.622222,0.64127,0.631616,0.847,0.843,0,11.4594,0,10.4274,2.82897,1.62564,58.1676,41.8324,3.0992
Y3/lean_grouped__f1_s0,66,0.000386461,0,0.080402,0.49985,2.36206,1.39411,0.753906,5.19459,0.596744,0.628552,0.612698,0.639683,0.631616,,,0,13.1114,0,12.2043,2.70791,1.59843,,,3.09845
Y3/lean_grouped__f1_s0,67,0.000383091,0,0.0801005,0.497575,2.29273,1.35154,0.773438,5.16016,0.575716,0.617914,0.588889,0.630159,0.631616,,,0,12.1764,0,11.2798,2.77771,1.53628,,,2.88913
Y3/lean_grouped__f1_s0,68,0.000379687,0,0.079799,0.4953,2.34191,1.38684,0.756138,5.31871,0.657076,0.62544,0.665079,0.636508,0.657076,0.866,0.863,0,12.8954,0,12.0901,2.73147,1.53982,57.8827,42.1173,2.7849
Y3/lean_grouped__f1_s0,69,0.00037625,0,0.0794975,0.493025,2.22576,1.31859,0.78125,5.29689,0.585049,0.639894,0.596825,0.649206,0.657076,,,0,12.3453,0,11.3682,2.8449,1.5438,,,3.17228
Y3/lean_grouped__f1_s0,70,0.000372781,0,0.079196,0.49075,2.24788,1.33602,0.777344,5.44309,0.613616,0.644938,0.62381,0.652381,0.657076,,,0,12.7988,0,11.8495,2.90434,1.56176,,,3.00294
Y3/lean_grouped__f1_s0,71,0.000369281,0,0.0788945,0.488475,2.18991,1.28891,0.802455,5.29955,0.622598,0.645996,0.630159,0.655556,0.657076,,,0,13.4892,0,12.6568,2.80096,1.46631,,,2.92444
Y3/lean_grouped__f1_s0,72,0.00036575,0,0.078593,0.4862,2.1521,1.28451,0.807478,5.31018,0.61281,0.639487,0.620635,0.649206,0.657076,,,0,11.8905,0,10.9758,2.72288,1.46901,,,2.96143
Y3/lean_grouped__f1_s0,73,0.00036219,0,0.0782915,0.483925,2.15304,1.28745,0.794085,5.52165,0.597053,0.625678,0.611111,0.633333,0.657076,,,0,12.0577,0,11.1881,2.77512,1.45972,,,2.83773
Y3/lean_grouped__f1_s0,74,0.000358601,0,0.0779899,0.48165,2.13504,1.26945,0.797433,5.36457,0.622866,0.624841,0.625397,0.633333,0.657076,,,0,14.6944,0,13.9283,2.93184,1.52035,,,2.89842
Y3/lean_grouped__f1_s0,75,0.000354985,0,0.0776884,0.479375,2.03891,1.21004,0.834821,5.49119,0.610763,0.640654,0.615873,0.650794,0.657076,0.858,0.894,0,11.9981,0,11.1039,2.85358,1.42956,60.4562,39.5438,2.82369
Y3/lean_grouped__f1_s0,76,0.000351343,0,0.0773869,0.4771,2.08411,1.24161,0.813058,5.32643,0.634223,0.638892,0.650794,0.647619,0.657076,,,0,11.518,0,10.5868,2.74101,1.43239,,,2.84902
Y3/lean_grouped__f1_s0,77,0.000347674,0,0.0770854,0.474825,2.01983,1.20569,0.81808,5.46414,0.591793,0.643111,0.596825,0.653968,0.657076,,,0,12.387,0,11.5624,2.72772,1.39624,,,2.74105
Y3/lean_grouped__f1_s0,78,0.000343981,0,0.0767839,0.47255,2.00404,1.20141,0.828125,5.41079,0.643374,0.632457,0.650794,0.646032,0.657076,,,0,12.1705,0,11.3066,2.76324,1.38128,,,2.80609
Y3/lean_grouped__f1_s0,79,0.000340265,0,0.0764824,0.470275,1.96,1.1697,0.84096,5.36115,0.633862,0.644076,0.646032,0.655556,0.657076,,,0,11.1338,0,10.2456,2.72372,1.4011,,,2.68367
Y3/lean_grouped__f1_s0,80,0.000336525,0,0.0761809,0.468,2.00552,1.20938,0.816964,5.54646,0.593688,0.644681,0.604762,0.653968,0.657076,,,0,15.1104,0,14.3722,2.9917,1.42979,,,2.70383
Y3/lean_grouped__f1_s0,81,0.000332764,0,0.0758794,0.465725,1.97277,1.19386,0.819754,5.37816,0.624554,0.653717,0.631746,0.661905,0.657076,,,0,13.1586,0,12.337,2.85284,1.46461,,,2.84811
Y3/lean_grouped__f1_s0,82,0.000328982,0,0.0755779,0.46345,1.93147,1.16954,0.833147,5.29389,0.648974,0.656736,0.660317,0.65873,0.657076,,,0,12.2985,0,11.5478,2.70651,1.37217,,,2.57318
Y3/lean_grouped__f1_s0,83,0.00032518,0,0.0752764,0.461175,1.89432,1.15045,0.848772,5.31948,0.643529,0.656203,0.647619,0.661905,0.657076,,,0,9.9318,0,9.00601,2.72382,1.32495,,,2.48585
Y3/lean_grouped__f1_s0,84,0.000321359,0,0.0749749,0.4589,1.85149,1.12785,0.852679,5.35301,0.653087,0.658784,0.657143,0.663492,0.658784,0.916,0.938,0,12.5121,0,11.7537,2.80358,1.35156,63.5604,36.4396,2.58932
Y3/lean_grouped__f1_s0,85,0.00031752,0,0.0746734,0.456625,1.83695,1.11314,0.857701,5.35839,0.648879,0.66957,0.657143,0.673016,0.66957,0.934,0.934,0,11.833,0,10.9917,2.75114,1.35408,63.0302,36.9698,2.70352
Y3/lean_grouped__f1_s0,86,0.000313664,0,0.0743719,0.45435,1.83085,1.11848,0.851563,5.34942,0.645397,0.677178,0.655556,0.68254,0.677178,0.926,0.945,0,11.7529,0,10.9652,2.78799,1.32479,63.8996,36.1004,2.42641
Y3/lean_grouped__f1_s0,87,0.000309793,0,0.0740704,0.452075,1.77782,1.07664,0.869978,5.37001,0.643013,0.669489,0.646032,0.673016,0.677178,,,0,10.682,0,9.88525,2.66315,1.28466,,,2.35653
Y3/lean_grouped__f1_s0,88,0.000305907,0,0.0737688,0.4498,1.80007,1.09874,0.853795,5.31555,0.640956,0.690398,0.644444,0.695238,0.690398,0.907,0.949,0,12.1726,0,11.4429,2.735,1.30436,63.7684,36.2316,2.39625
Y3/lean_grouped__f1_s0,89,0.000302006,0,0.0734673,0.447525,1.7359,1.06266,0.872768,5.34153,0.64585,0.686493,0.65873,0.690476,0.690398,,,0,10.8676,0,10.0674,2.72239,1.26853,,,2.34101
Y3/lean_grouped__f1_s0,90,0.000298093,0,0.0731658,0.44525,1.72718,1.05353,0.870536,5.37461,0.644576,0.686486,0.649206,0.690476,0.690398,,,0,11.1732,0,10.4297,2.71043,1.24431,,,2.26737
Y3/lean_grouped__f1_s0,91,0.000294168,0,0.0728643,0.442975,1.68807,1.03726,0.880022,5.43561,0.653142,0.683622,0.65873,0.688889,0.690398,,,0,12.2644,0,11.563,2.71052,1.24636,,,2.3557
Y3/lean_grouped__f1_s0,92,0.000290233,0,0.0725628,0.4407,1.66913,1.02606,0.872768,5.30327,0.637502,0.688142,0.646032,0.692063,0.690398,,,0,12.2029,0,11.4981,2.68964,1.24711,,,2.4248
Y3/lean_grouped__f1_s0,93,0.000286287,0,0.0722613,0.438425,1.65698,1.017,0.892299,5.23161,0.636388,0.696979,0.647619,0.7,0.696979,0.935,0.958,0,11.8519,0,11.0927,2.85802,1.24038,64.3298,35.6702,2.35225
Y3/lean_grouped__f1_s0,94,0.000282333,0,0.0719598,0.43615,1.61885,1.00213,0.888393,5.32196,0.665724,0.692434,0.67619,0.696825,0.696979,,,0,11.6396,0,10.9626,2.67663,1.19466,,,2.18283
Y3/lean_grouped__f1_s0,95,0.000278371,0,0.0716583,0.433875,1.62468,0.999245,0.885603,5.30526,0.674989,0.687796,0.67619,0.692063,0.696979,,,0,12.1875,0,11.49,2.88157,1.23612,,,2.15202
Y3/lean_grouped__f1_s0,96,0.000274402,0,0.0713568,0.4316,1.59133,0.984312,0.897321,5.36134,0.667087,0.689524,0.674603,0.692063,0.696979,,,0,11.6329,0,10.964,2.69399,1.18813,,,2.17263
Y3/lean_grouped__f1_s0,97,0.000270428,0,0.0710553,0.429325,1.54544,0.957345,0.90904,5.25006,0.692555,0.695452,0.696825,0.698413,0.696979,,,0,10.0446,0,9.3118,2.61887,1.1384,,,2.10144
Y3/lean_grouped__f1_s0,98,0.000266449,0,0.0707538,0.42705,1.53004,0.951245,0.90904,5.40661,0.684031,0.702662,0.690476,0.706349,0.702662,0.954,0.958,0,9.4058,0,8.71619,2.41077,1.11628,66.5434,33.4566,1.96703
Y3/lean_grouped__f1_s0,99,0.000262466,0,0.0704523,0.424775,1.54906,0.966208,0.898438,5.40927,0.673951,0.701132,0.674603,0.706349,0.702662,,,0,11.2894,0,10.6149,2.69358,1.15862,,,2.06784
Y3/lean_grouped__f1_s0,100,0.000258481,0,0.0701508,0.4225,1.50542,0.938243,0.902344,5.34177,0.602116,0.69001,0.606349,0.695238,0.702662,0.923,0.97,0,12.3442,0,11.6564,2.80776,1.19135,66.599,33.401,2.21447
Y3/lean_grouped__f1_s0,101,0.000254494,0,0.0698492,0.420225,1.50938,0.946956,0.90904,5.38668,0.664814,0.702803,0.677778,0.707937,0.702803,0.939,0.969,0,12.5882,0,11.9671,2.70008,1.14848,67.1455,32.8545,2.08715
Y3/lean_grouped__f1_s0,102,0.000250506,0,0.0695477,0.41795,1.50618,0.939909,0.910156,5.25376,0.649456,0.707863,0.650794,0.712698,0.707863,0.954,0.972,0,12.314,0,11.7135,2.60617,1.10036,66.2562,33.7438,2.00753
Y3/lean_grouped__f1_s0,103,0.000246519,0,0.0692462,0.415675,1.46303,0.915635,0.919643,5.3454,0.654853,0.698852,0.660317,0.701587,0.707863,,,0,10.1251,0,9.46471,2.55261,1.07437,,,1.93439
Y3/lean_grouped__f1_s0,104,0.000242534,0,0.0689447,0.4134,1.41902,0.900668,0.921317,5.34281,0.670837,0.697873,0.67619,0.7,0.707863,,,0,10.3333,0,9.66162,2.62053,1.09328,,,1.93429
Y3/lean_grouped__f1_s0,105,0.000238551,0,0.0686432,0.411125,1.42055,0.89658,0.922433,5.41874,0.679199,0.692455,0.687302,0.696825,0.707863,,,0,10.4886,0,9.87105,2.54448,1.09074,,,1.84625
Y3/lean_grouped__f1_s0,106,0.000234572,0,0.0683417,0.40885,1.448,0.918719,0.914063,5.29214,0.661891,0.698363,0.671429,0.7,0.707863,,,0,11.3302,0,10.566,3.02367,1.08828,,,2.01231
Y3/lean_grouped__f1_s0,107,0.000230598,0,0.0680402,0.406575,1.43799,0.910569,0.914621,5.38207,0.677685,0.69902,0.685714,0.701587,0.707863,,,0,11.3391,0,10.708,2.67723,1.1084,,,1.96254
Y3/lean_grouped__f1_s0,108,0.000226629,0,0.0677387,0.4043,1.40095,0.889589,0.922991,5.53805,0.684881,0.698402,0.693651,0.703175,0.707863,,,0,10.3773,0,9.72715,2.61771,1.06582,,,1.84165
Y3/lean_grouped__f1_s0,109,0.000222667,0,0.0674372,0.402025,1.36719,0.872073,0.924665,5.30849,0.689037,0.704183,0.692063,0.707937,0.707863,,,0,10.2521,0,9.60989,2.56126,1.0708,,,1.89775
Y3/lean_grouped__f1_s0,110,0.000218713,0,0.0671357,0.39975,1.33869,0.858727,0.932478,5.26402,0.680398,0.700689,0.688889,0.703175,0.707863,,,0,9.29067,0,8.66742,2.37997,0.981135,,,1.70937
Y3/lean_grouped__f1_s0,111,0.000214767,0,0.0668342,0.397475,1.332,0.847446,0.934152,5.28721,0.674982,0.703283,0.680952,0.707937,0.707863,,,0,9.43754,0,8.80935,2.39817,0.987956,,,1.83442
Y3/lean_grouped__f1_s0,112,0.000210832,0,0.0665327,0.3952,1.34256,0.858418,0.932478,5.27254,0.685492,0.71225,0.688889,0.715873,0.71225,0.981,0.989,0,10.3344,0,9.73252,2.5374,1.00089,69.9188,30.0812,1.75293
Y3/lean_grouped__f1_s0,113,0.000206907,0,0.0662312,0.392925,1.28995,0.828424,0.936942,5.38999,0.687992,0.719167,0.690476,0.72381,0.719167,0.986,0.991,0,9.83188,0,9.25858,2.34596,0.935331,70.0564,29.9436,1.70549
Y3/lean_grouped__f1_s0,114,0.000202994,0,0.0659296,0.39065,1.29826,0.832958,0.94029,5.26788,0.663791,0.720196,0.671429,0.726984,0.720196,0.98,0.991,0,9.71404,0,9.08445,2.56528,0.983283,68.2393,31.7607,1.68491
Y3/lean_grouped__f1_s0,115,0.000199093,0,0.0656281,0.388375,1.28445,0.82831,0.939174,5.26738,0.678488,0.707582,0.679365,0.714286,0.720196,,,0,10.3528,0,9.76675,2.58229,0.995805,,,1.62449
Y3/lean_grouped__f1_s0,116,0.000195207,0,0.0653266,0.3861,1.28313,0.825889,0.935268,5.24705,0.681125,0.709123,0.684127,0.715873,0.720196,,,0,10.1186,0,9.49036,2.65473,1.00183,,,1.69453
Y3/lean_grouped__f1_s0,117,0.000191336,0,0.0650251,0.383825,1.25221,0.812362,0.948103,5.45923,0.686858,0.705246,0.680952,0.711111,0.720196,,,0,8.85855,0,8.29365,2.26943,0.92156,,,1.58588
Y3/lean_grouped__f1_s0,118,0.00018748,0,0.0647236,0.38155,1.25031,0.815741,0.941406,5.33238,0.676722,0.71179,0.673016,0.714286,0.720196,,,0,8.84557,0,8.22086,2.47624,0.937131,,,1.58042
Y3/lean_grouped__f1_s0,119,0.000183641,0,0.0644221,0.379275,1.24832,0.816317,0.93192,5.29254,0.697507,0.71157,0.703175,0.715873,0.720196,,,0,10.1092,0,9.51082,2.56237,0.986156,,,1.66558
Y3/lean_grouped__f1_s0,120,0.00017982,0,0.0641206,0.377,1.20607,0.798195,0.94029,5.20176,0.679838,0.711196,0.685714,0.714286,0.720196,,,0,10.2799,0,9.73987,2.45384,0.947089,,,1.64678
Y3/lean_grouped__f1_s0,121,0.000176018,0,0.0638191,0.374725,1.20972,0.790928,0.946429,5.2695,0.689835,0.715628,0.695238,0.719048,0.720196,,,0,9.15885,0,8.58105,2.38046,0.90427,,,1.61805
Y3/lean_grouped__f1_s0,122,0.000172236,0,0.0635176,0.37245,1.19762,0.788524,0.946429,5.42728,0.697292,0.717225,0.701587,0.720635,0.720196,,,0,9.65757,0,9.09735,2.41428,0.908357,,,1.62465
Y3/lean_grouped__f1_s0,123,0.000168475,0,0.0632161,0.370175,1.17498,0.776358,0.940848,5.25535,0.680632,0.715809,0.687302,0.720635,0.720196,,,0,9.81656,0,9.2859,2.32675,0.897093,,,1.58337
Y3/lean_grouped__f1_s0,124,0.000164735,0,0.0629146,0.3679,1.18615,0.785934,0.940848,5.33724,0.707126,0.721199,0.712698,0.725397,0.721199,0.989,0.992,0,9.25445,0,8.66004,2.41128,0.92765,69.4652,30.5348,1.58902
Y3/lean_grouped__f1_s0,125,0.000161019,0,0.0626131,0.365625,1.16385,0.770693,0.948661,5.2632,0.695518,0.716747,0.696825,0.720635,0.721199,0.994,0.993,0,10.3856,0,9.84451,2.51616,0.905224,70.1225,29.8775,1.53874
Y3/lean_grouped__f1_s0,126,0.000157326,0,0.0623116,0.36335,1.16486,0.767457,0.953125,5.32647,0.68301,0.721918,0.688889,0.726984,0.721918,0.993,0.994,0,9.36808,0,8.78728,2.46505,0.906616,70.4903,29.5097,1.55076
Y3/lean_grouped__f1_s0,127,0.000153657,0,0.0620101,0.361075,1.15391,0.767608,0.951451,5.18932,0.696528,0.716743,0.7,0.720635,0.721918,,,0,8.81158,0,8.23857,2.36461,0.884596,,,1.4675
Y3/lean_grouped__f1_s0,128,0.000150015,0,0.0617085,0.3588,1.13222,0.762783,0.944754,5.29564,0.698791,0.717553,0.698413,0.722222,0.721918,,,0,8.79745,0,8.23492,2.31671,0.875958,,,1.50072
Y3/lean_grouped__f1_s0,129,0.000146399,0,0.061407,0.356525,1.12084,0.750056,0.944196,5.24783,0.696754,0.718617,0.701587,0.72381,0.721918,,,0,8.91054,0,8.35259,2.33825,0.874515,,,1.4837
Y3/lean_grouped__f1_s0,130,0.00014281,0,0.0611055,0.35425,1.12016,0.756308,0.952009,5.37152,0.70453,0.72262,0.707937,0.726984,0.72262,0.994,0.995,0,9.13896,0,8.58118,2.44988,0.862845,70.7426,29.2574,1.44382
Y3/lean_grouped__f1_s0,131,0.00013925,0,0.060804,0.351975,1.119,0.751234,0.948103,5.21689,0.699732,0.722134,0.706349,0.726984,0.72262,,,0,8.91268,0,8.39031,2.25728,0.862402,,,1.45813
Y3/lean_grouped__f1_s0,132,0.000135719,0,0.0605025,0.3497,1.08008,0.727328,0.959821,5.32028,0.717322,0.718839,0.71746,0.72381,0.72262,,,0,8.05492,0,7.51839,2.20374,0.838583,,,1.35356
Y3/lean_grouped__f1_s0,133,0.000132219,0,0.060201,0.347425,1.06995,0.725383,0.955357,5.36658,0.702224,0.722558,0.712698,0.728571,0.72262,,,0,8.2642,0,7.7319,2.21425,0.827306,,,1.44187
Y3/lean_grouped__f1_s0,134,0.00012875,0,0.0598995,0.34515,1.04149,0.706267,0.961496,5.33009,0.699343,0.724101,0.707937,0.728571,0.724101,0.996,0.996,0,8.33683,0,7.78347,2.3271,0.803731,71.3057,28.6943,1.35469
Y3/lean_grouped__f1_s0,135,0.000125313,0,0.059598,0.342875,1.04402,0.712215,0.957589,5.27313,0.705889,0.725636,0.707937,0.730159,0.725636,0.996,0.997,0,7.95001,0,7.40972,2.25771,0.806573,71.6575,28.3425,1.29555
Y3/lean_grouped__f1_s0,136,0.000121909,0,0.0592965,0.3406,1.0383,0.710289,0.959821,5.14653,0.701525,0.721569,0.709524,0.72381,0.725636,,,0,8.16097,0,7.62668,2.2344,0.828294,,,1.3313
Y3/lean_grouped__f1_s0,137,0.000118539,0,0.058995,0.338325,1.04737,0.712063,0.954799,5.2988,0.714171,0.72186,0.722222,0.725397,0.725636,,,0,7.57808,0,7.03576,2.15708,0.802738,,,1.33024
Y3/lean_grouped__f1_s0,138,0.000115204,0,0.0586935,0.33605,1.04444,0.715542,0.953683,5.15247,0.712791,0.727527,0.719048,0.730159,0.727527,0.997,0.996,0,8.85596,0,8.32091,2.36343,0.814987,72.4836,27.5164,1.31626
Y3/lean_grouped__f1_s0,139,0.000111904,0,0.058392,0.333775,1.02229,0.702773,0.958147,5.22931,0.701451,0.722568,0.707937,0.726984,0.727527,,,0,8.1117,0,7.56359,2.28171,0.807642,,,1.29282
Y3/lean_grouped__f1_s0,140,0.000108641,0,0.0580905,0.3315,1.01064,0.687054,0.958705,5.2859,0.683823,0.720197,0.685714,0.725397,0.727527,,,0,8.68283,0,8.16593,2.28366,0.819953,,,1.29496
Y3/lean_grouped__f1_s0,141,0.000105415,0,0.0577889,0.329225,0.981156,0.671455,0.966518,5.245,0.706712,0.71298,0.712698,0.71746,0.727527,,,0,8.11052,0,7.61082,2.21483,0.769089,,,1.19165
Y3/lean_grouped__f1_s0,142,0.000102227,0,0.0574874,0.32695,0.977905,0.676867,0.96596,5.25891,0.688041,0.711921,0.695238,0.715873,0.727527,,,0,7.78267,0,7.25189,2.21505,0.771274,,,1.23232
Y3/lean_grouped__f1_s0,143,9.90786e-05,0,0.0571859,0.324675,0.966275,0.667315,0.961496,5.16396,0.707197,0.720247,0.709524,0.725397,0.727527,,,0,7.51853,0,7.00876,2.13489,0.752533,,,1.19628
Y3/lean_grouped__f1_s0,144,9.59698e-05,0,0.0568844,0.3224,0.960218,0.665631,0.968192,5.35516,0.714728,0.71991,0.715873,0.725397,0.727527,,,0,6.38786,0,5.85428,1.98088,0.714647,,,1.15524
Y3/lean_grouped__f1_s0,145,9.29016e-05,0,0.0565829,0.320125,0.95359,0.661705,0.96596,5.15373,0.703759,0.715245,0.711111,0.720635,0.727527,,,0,7.15579,0,6.67919,1.99224,0.713552,,,1.11294
Y3/lean_grouped__f1_s0,146,8.98748e-05,0,0.0562814,0.31785,0.931004,0.644802,0.969308,5.22625,0.707367,0.716931,0.712698,0.722222,0.727527,,,0,8.01442,0,7.52424,2.17964,0.740232,,,1.25328
Y3/lean_grouped__f1_s0,147,8.68902e-05,0,0.0559799,0.315575,0.926421,0.642955,0.967634,5.24335,0.711814,0.724568,0.71746,0.730159,0.727527,,,0,7.31885,0,6.78153,2.11379,0.747074,,,1.28003
Y3/lean_grouped__f1_s0,148,8.39486e-05,0,0.0556784,0.3133,0.922909,0.649225,0.96875,5.23352,0.701982,0.714947,0.707937,0.720635,0.727527,,,0,7.53604,0,7.03451,2.10713,0.736778,,,1.22906
Y3/lean_grouped__f1_s0,149,8.10507e-05,0,0.0553769,0.311025,0.928313,0.653945,0.96317,5.24968,0.70099,0.725102,0.703175,0.730159,0.727527,,,0,7.03578,0,6.54142,2.04474,0.729249,,,1.14406
Y3/lean_grouped__f1_s0,150,7.81974e-05,0,0.0550754,0.30875,0.921437,0.650392,0.964286,5.25258,0.714992,0.716772,0.71746,0.720635,0.727527,0.998,0.999,0,7.19969,0,6.67422,2.11097,0.757805,73.0509,26.9491,1.1998
Y3/lean_grouped__f1_s0,151,7.53893e-05,0,0.0547739,0.306475,0.934921,0.659547,0.962612,5.20104,0.697329,0.716955,0.706349,0.720635,0.727527,,,0,7.44027,0,6.89,2.26044,0.763543,,,1.19709
Y3/lean_grouped__f1_s0,152,7.26271e-05,0,0.0544724,0.3042,0.928994,0.6579,0.957031,5.26131,0.714239,0.713064,0.722222,0.715873,0.727527,,,0,7.83245,0,7.32348,2.17866,0.765471,,,1.21577
Y3/lean_grouped__f1_s0,153,6.99117e-05,0,0.0541709,0.301925,0.890749,0.630153,0.970424,5.22115,0.715149,0.719363,0.71746,0.72381,0.727527,,,0,7.30391,0,6.78033,2.17377,0.725943,,,1.16988
Y3/lean_grouped__f1_s0,154,6.72436e-05,0,0.0538693,0.29965,0.887088,0.628772,0.96596,5.46674,0.728243,0.715913,0.731746,0.720635,0.728243,1,0.999,0,6.88638,0,6.34781,2.05887,0.74952,73.3714,26.6286,1.2342
Y3/lean_grouped__f1_s0,155,6.46236e-05,0,0.0535678,0.297375,0.844093,0.600758,0.978795,5.23384,0.704203,0.725652,0.709524,0.730159,0.728243,,,0,6.75533,0,6.30296,1.91438,0.654732,,,1.0524
Y3/lean_grouped__f1_s0,156,6.20524e-05,0,0.0532663,0.2951,0.874347,0.624136,0.967076,5.1668,0.726065,0.727653,0.730159,0.733333,0.728243,,,0,6.89951,0,6.3705,2.04135,0.724639,,,1.17332
Y3/lean_grouped__f1_s0,157,5.95306e-05,0,0.0529648,0.292825,0.887577,0.6312,0.964844,5.31042,0.713248,0.722441,0.719048,0.726984,0.728243,,,0,7.37432,0,6.82439,2.27077,0.763683,,,1.16703
Y3/lean_grouped__f1_s0,158,5.70589e-05,0,0.0526633,0.29055,0.861187,0.615222,0.970424,5.29312,0.707874,0.71589,0.712698,0.719048,0.728243,,,0,7.15596,0,6.62451,2.13493,0.718084,,,1.14377
Y3/lean_grouped__f1_s0,159,5.46379e-05,0,0.0523618,0.288275,0.879346,0.63118,0.959821,5.32139,0.719331,0.718079,0.719048,0.722222,0.728243,,,0,7.86724,0,7.36572,2.1604,0.727241,,,1.2311
Y3/lean_grouped__f1_s0,160,5.22683e-05,0,0.0520603,0.286,0.867276,0.622771,0.966518,5.30684,0.721913,0.718375,0.72381,0.722222,0.728243,,,0,7.22186,0,6.73283,2.0711,0.726116,,,1.15831
Y3/lean_grouped__f1_s0,161,4.99506e-05,0,0.0517588,0.283725,0.865057,0.6265,0.967076,5.26721,0.735222,0.70922,0.739683,0.712698,0.735222,0.999,0.999,0,7.34179,0,6.82972,2.12853,0.744685,73.6899,26.3101,1.21324
Y3/lean_grouped__f1_s0,162,4.76856e-05,0,0.0514573,0.28145,0.832422,0.605111,0.96875,5.21439,0.721318,0.724952,0.725397,0.728571,0.735222,,,0,6.92638,0,6.41716,2.0834,0.698202,,,1.05014
Y3/lean_grouped__f1_s0,163,4.54736e-05,0,0.0511558,0.279175,0.826859,0.603586,0.969866,5.19941,0.719626,0.717252,0.725397,0.720635,0.735222,,,0,6.79037,0,6.29985,1.98414,0.684775,,,1.13665
Y3/lean_grouped__f1_s0,164,4.33155e-05,0,0.0508543,0.2769,0.812348,0.590325,0.97433,5.37977,0.724614,0.726804,0.730159,0.730159,0.735222,,,0,7.10558,0,6.62019,2.10787,0.706059,,,1.05755
Y3/lean_grouped__f1_s0,165,4.12116e-05,0,0.0505528,0.274625,0.807748,0.587588,0.972098,5.24138,0.726154,0.715529,0.730159,0.720635,0.735222,,,0,6.36671,0,5.87301,1.98042,0.70244,,,1.04761
Y3/lean_grouped__f1_s0,166,3.91625e-05,0,0.0502513,0.27235,0.816559,0.60031,0.965402,5.05784,0.714883,0.71613,0.71746,0.720635,0.735222,,,0,6.32044,0,5.81172,1.99555,0.687289,,,1.02431
Y3/lean_grouped__f1_s0,167,3.71688e-05,0,0.0499497,0.270075,0.801525,0.586922,0.968192,5.29595,0.736344,0.71911,0.739683,0.722222,0.736344,0.999,0.999,0,7.04499,0,6.55743,2.06999,0.718808,73.7867,26.2133,1.07998
Y3/lean_grouped__f1_s0,168,3.5231e-05,0,0.0496482,0.2678,0.799882,0.584603,0.96875,5.28351,0.726272,0.720554,0.730159,0.72381,0.736344,,,0,6.61702,0,6.12115,1.95749,0.713831,,,1.15457
Y3/lean_grouped__f1_s0,169,3.33496e-05,0,0.0493467,0.265525,0.78666,0.577832,0.96875,5.24686,0.713209,0.7212,0.715873,0.725397,0.736344,,,0,6.37997,0,5.90207,1.92249,0.670547,,,1.07186
Y3/lean_grouped__f1_s0,170,3.15251e-05,0,0.0490452,0.26325,0.787002,0.577003,0.972656,5.14679,0.72065,0.716357,0.725397,0.720635,0.736344,,,0,6.02212,0,5.5106,1.9329,0.661292,,,1.09579
Y3/lean_grouped__f1_s0,171,2.97579e-05,0,0.0487437,0.260975,0.768623,0.565195,0.972098,5.29317,0.725746,0.728465,0.731746,0.731746,0.736344,,,0,5.84948,0,5.37511,1.84893,0.65763,,,1.00094
Y3/lean_grouped__f1_s0,172,2.80486e-05,0,0.0484422,0.2587,0.780831,0.577915,0.969308,5.19588,0.719358,0.721355,0.72381,0.725397,0.736344,,,0,6.12385,0,5.64264,1.88299,0.680697,,,1.04735
Y3/lean_grouped__f1_s0,173,2.63975e-05,0,0.0481407,0.256425,0.767191,0.566778,0.973772,5.11522,0.719557,0.718,0.72381,0.722222,0.736344,,,0,6.43377,0,5.94751,1.96824,0.665438,,,1.06405
Y3/lean_grouped__f1_s0,174,2.48051e-05,0,0.0478392,0.25415,0.749707,0.556655,0.973772,5.43707,0.721309,0.724093,0.726984,0.728571,0.736344,,,0,6.56055,0,6.08568,1.95771,0.695066,,,1.06144
Y3/lean_grouped__f1_s0,175,2.32718e-05,0,0.0475377,0.251875,0.72539,0.537501,0.978237,5.20758,0.716776,0.722862,0.722222,0.726984,0.736344,1,0.999,0,6.17544,0,5.6752,2.00787,0.589791,74.1909,25.8091,0.913667
Y3/lean_grouped__f1_s0,176,2.1798e-05,0,0.0472362,0.25,0.734331,0.546425,0.976563,5.17963,0.714464,0.726008,0.71746,0.730159,0.736344,,,0,5.9499,0,5.50347,1.78097,0.626999,,,1.01978
Y3/lean_grouped__f1_s0,177,2.0384e-05,0,0.0469347,0.25,0.728024,0.541811,0.980469,5.22487,0.717265,0.724026,0.72381,0.726984,0.736344,,,0,6.23279,0,5.71288,2.0305,0.662094,,,1.03624
Y3/lean_grouped__f1_s0,178,1.90303e-05,0,0.0466332,0.25,0.741713,0.553429,0.972098,5.28753,0.719298,0.725574,0.725397,0.728571,0.736344,,,0,6.08578,0,5.59296,1.93507,0.655795,,,1.02443
Y3/lean_grouped__f1_s0,179,1.77372e-05,0,0.0463317,0.25,0.743863,0.555887,0.968192,5.33586,0.722763,0.711821,0.726984,0.715873,0.736344,,,0,5.83944,0,5.33885,1.87759,0.65533,,,1.05089
Y3/lean_grouped__f1_s0,180,1.65051e-05,0,0.0460302,0.25,0.725765,0.538585,0.972098,5.17428,0.727019,0.724021,0.730159,0.726984,0.736344,,,0,6.6631,0,6.12918,2.12094,0.668916,,,1.06414
Y3/lean_grouped__f1_s0,181,1.53342e-05,0,0.0457286,0.25,0.731131,0.54555,0.970424,5.2544,0.722211,0.719856,0.725397,0.72381,0.736344,,,0,6.47532,0,5.9838,2.00725,0.653482,,,1.03167
Y3/lean_grouped__f1_s0,182,1.42248e-05,0,0.0454271,0.25,0.755103,0.563448,0.963728,5.18447,0.720652,0.718334,0.726984,0.722222,0.736344,,,0,6.35656,0,5.83722,2.01975,0.711788,,,1.11741
Y3/lean_grouped__f1_s0,183,1.31773e-05,0,0.0451256,0.25,0.731696,0.547319,0.970982,5.2146,0.723465,0.718998,0.728571,0.722222,0.736344,,,0,6.06389,0,5.58964,1.86995,0.664096,,,1.01292
Y3/lean_grouped__f1_s0,184,1.21919e-05,0,0.0448241,0.25,0.700482,0.521607,0.974888,5.36063,0.719754,0.718254,0.725397,0.722222,0.736344,,,0,5.5848,0,5.144,1.73857,0.60126,,,0.931864
Y3/lean_grouped__f1_s0,185,1.12689e-05,0,0.0445226,0.25,0.713497,0.530052,0.973214,5.32032,0.722564,0.72264,0.725397,0.725397,0.736344,,,0,5.71112,0,5.20323,1.8549,0.665425,,,1.06974
Y3/lean_grouped__f1_s0,186,1.04085e-05,0,0.0442211,0.25,0.707944,0.524493,0.973772,5.20372,0.721166,0.724231,0.726984,0.728571,0.736344,,,0,6.27541,0,5.80661,1.86171,0.644298,,,1.01727
Y3/lean_grouped__f1_s0,187,9.61089e-06,0,0.0439196,0.25,0.693777,0.5178,0.977121,5.27993,0.717992,0.723312,0.722222,0.726984,0.736344,,,0,5.79767,0,5.30508,1.8914,0.62697,,,0.934208
Y3/lean_grouped__f1_s0,188,8.87636e-06,0,0.0436181,0.25,0.704242,0.523655,0.973772,5.2404,0.72589,0.728338,0.730159,0.731746,0.736344,,,0,6.11305,0,5.62509,1.92583,0.656453,,,1.04677
Y3/lean_grouped__f1_s0,189,8.20506e-06,0,0.0433166,0.25,0.695528,0.516849,0.977121,5.43673,0.719123,0.72183,0.72381,0.725397,0.736344,,,0,6.02467,0,5.51637,1.95649,0.656189,,,1.01154
Y3/lean_grouped__f1_s0,190,7.59717e-06,0,0.0430151,0.25,0.705495,0.519702,0.972656,5.224,0.717565,0.72518,0.722222,0.728571,0.736344,,,0,6.03613,0,5.55333,1.90065,0.637643,,,1.01312
Y3/lean_grouped__f1_s0,191,7.05284e-06,0,0.0427136,0.25,0.695418,0.515578,0.969308,5.15993,0.731884,0.718801,0.734921,0.722222,0.736344,,,0,5.76889,0,5.31564,1.77681,0.617174,,,0.955892
Y3/lean_grouped__f1_s0,192,6.57221e-06,0,0.0424121,0.25,0.676019,0.501815,0.976004,5.316,0.719568,0.718148,0.72381,0.722222,0.736344,,,0,5.60637,0,5.14105,1.78965,0.627033,,,0.96236
Y3/lean_grouped__f1_s0,193,6.15542e-06,0,0.0421106,0.25,0.686377,0.511536,0.970424,5.36194,0.723354,0.723855,0.726984,0.726984,0.736344,,,0,5.85525,0,5.34896,1.8695,0.669654,,,1.05301
Y3/lean_grouped__f1_s0,194,5.80257e-06,0,0.041809,0.25,0.685458,0.509344,0.969308,5.38259,0.730857,0.722435,0.734921,0.725397,0.736344,,,0,6.12679,0,5.60532,1.98745,0.661568,,,1.05935
Y3/lean_grouped__f1_s0,195,5.51374e-06,0,0.0415075,0.25,0.664835,0.49366,0.976563,5.21608,0.723418,0.720263,0.726984,0.72381,0.736344,,,0,5.24962,0,4.82741,1.62978,0.589245,,,0.931974
Y3/lean_grouped__f1_s0,196,5.28902e-06,0,0.041206,0.25,0.662603,0.488968,0.979911,5.35275,0.725377,0.722768,0.730159,0.725397,0.736344,,,0,5.21725,0,4.76659,1.67314,0.59841,,,0.944303
Y3/lean_grouped__f1_s0,197,5.12847e-06,0,0.0409045,0.25,0.677913,0.506603,0.970424,5.39935,0.720795,0.717219,0.72381,0.720635,0.736344,,,0,5.85498,0,5.3676,1.8273,0.647858,,,1.05049
Y3/lean_grouped__f1_s0,198,5.03212e-06,0,0.040603,0.25,0.664156,0.493395,0.974888,5.28985,0.720989,0.720371,0.725397,0.72381,0.736344,,,0,5.43239,0,4.9667,1.72847,0.621981,,,0.99911
Y3/lean_grouped__f1_s0,199,5e-06,0,0.0403015,0.25,0.657072,0.484176,0.980469,5.51404,0.722178,0.720889,0.725397,0.72381,0.736344,,,0,6.24535,0,5.79544,1.85894,0.617314,,,0.932276
Y3/lean_grouped__f1_s0,200,5e-06,0,0.04,0.25,0.675078,0.503596,0.969866,5.36465,0.726192,0.722308,0.730159,0.725397,0.736344,1,1,0,6.64759,0,6.1541,2.0433,0.662096,75.0717,24.9283,0.993966
Y3/lean_stratified__f0_s0,1,0.0002,1,0.1,0.647725,8.10926,5.1949,0.0210938,17.5537,0.0257364,0.0210299,0.0584989,0.0496689,0.0257364,0.054,0.052,0.0333333,28.606,3,21.7479,14.2685,8.11538,0.0539832,99.946,8.29617
Y3/lean_stratified__f0_s0,2,0.0003,1,0.0996985,0.64545,7.21932,4.31907,0.0375,7.59379,0.068473,0.0614701,0.129139,0.104857,0.068473,0.12,0.104,0,12.4076,0,7.51203,6.78527,4.84814,2.0964,97.9036,4.42395
Y3/lean_stratified__f0_s0,3,0.0004,1,0.099397,0.643175,6.8968,4.03715,0.0464844,7.48289,0.102586,0.108746,0.152318,0.14128,0.108746,0.148,0.166,0,8.43201,0,3.80062,4.53129,3.99372,12.6513,87.3487,3.8458
Y3/lean_stratified__f0_s0,4,0.0005,1,0.0990955,0.6409,6.57273,3.82238,0.0792969,7.41786,0.13604,0.143916,0.182119,0.183223,0.143916,0.181,0.21,0,7.93123,0,4.42494,3.42684,3.61869,16.037,83.963,3.68606
Y3/lean_stratified__f0_s0,5,0.000499968,1,0.098794,0.638625,6.30826,3.69102,0.0800781,7.62027,0.117073,0.20203,0.181015,0.238411,0.20203,0.204,0.256,0,7.66655,0,4.91368,2.96562,3.17918,23.8011,76.1989,3.18259
Y3/lean_stratified__f0_s0,6,0.000499872,1,0.0984925,0.63635,6.19004,3.6408,0.0738281,7.47111,0.147498,0.220816,0.197572,0.266004,0.220816,0.211,0.279,0,7.09202,0,4.40135,2.45314,2.96331,28.0119,71.9881,3.31093
Y3/lean_stratified__f0_s0,7,0.000499711,1,0.098191,0.634075,6.17827,3.64733,0.0953125,7.51202,0.174399,0.245463,0.222958,0.281457,0.245463,0.243,0.292,0,6.58651,0,4.01752,2.46734,2.77546,34.2198,65.7802,3.11298
Y3/lean_stratified__f0_s0,8,0.000499486,1,0.0978894,0.6318,6.06586,3.58037,0.107813,7.52881,0.187625,0.226218,0.240618,0.272627,0.245463,,,0,5.89859,1,3.33517,2.09468,2.5626,,,3.14524
Y3/lean_stratified__f0_s0,9,0.000499197,1,0.0975879,0.629525,5.85343,3.43746,0.123828,7.56465,0.209384,0.252432,0.252759,0.290287,0.252432,0.259,0.308,0,7.06325,0,4.48672,2.56198,2.5026,30.5074,69.4926,3.36451
Y3/lean_stratified__f0_s0,10,0.000498845,1,0.0972864,0.62725,5.94419,3.51681,0.133203,7.59733,0.184782,0.264327,0.232892,0.303532,0.264327,0.27,0.324,0,6.58961,0,4.21277,2.06984,2.37912,29.894,70.106,3.42919
Y3/lean_stratified__f0_s0,11,0.000498428,1,0.0969849,0.624975,5.67463,3.3275,0.0996094,7.58863,0.198351,0.275335,0.247241,0.311258,0.275335,0.246,0.345,0,7.91271,0,5.45077,3.05231,2.29992,30.5145,69.4855,3.30386
Y3/lean_stratified__f0_s0,12,0.000497947,1,0.0966834,0.6227,5.64812,3.29612,0.129297,7.44697,0.14117,0.284162,0.182119,0.318985,0.284162,0.205,0.338,0,7.04336,0,4.26577,2.49617,2.35039,29.6695,70.3305,3.82343
Y3/lean_stratified__f0_s0,13,0.000497403,1,0.0963819,0.620425,5.62431,3.3091,0.102344,7.53706,0.222336,0.281557,0.270419,0.316777,0.284162,,,0,7.56973,0,5.14366,2.2656,2.23833,,,3.8672
Y3/lean_stratified__f0_s0,14,0.000496795,1,0.0960804,0.61815,5.61378,3.31212,0.167578,7.50298,0.233261,0.302386,0.262693,0.334437,0.302386,0.269,0.368,0,6.31075,0,3.94083,1.8865,2.10472,29.9152,70.0848,3.60521
Y3/lean_stratified__f0_s0,15,0.000496124,1,0.0957789,0.615875,5.57991,3.2939,0.139844,7.49827,0.249044,0.307962,0.300221,0.339956,0.307962,0.311,0.363,0,6.59689,0,4.13095,2.04947,2.15058,34.2472,65.7528,3.7917
Y3/lean_stratified__f0_s0,16,0.000495389,1,0.0954774,0.6136,5.58434,3.30815,0.121094,7.53463,0.269964,0.31296,0.313466,0.344371,0.31296,0.342,0.372,0,6.08946,0,3.33608,1.79858,2.01146,34.1106,65.8894,4.10795
Y3/lean_stratified__f0_s0,17,0.000494592,1,0.0951759,0.611325,5.59738,3.32415,0.0996094,7.46856,0.256456,0.316259,0.306843,0.34989,0.316259,0.323,0.37,0,6.77413,0,3.9787,1.97391,2.04183,36.523,63.477,4.31023
Y3/lean_stratified__f0_s0,18,0.000493731,1,0.0948744,0.60905,5.53928,3.29474,0.160938,7.69877,0.291877,0.338871,0.34106,0.36755,0.338871,0.366,0.381,0,6.67109,0,3.90701,1.86649,1.96643,36.2378,63.7622,4.28668
Y3/lean_stratified__f0_s0,19,0.000492808,1,0.0945729,0.606775,5.24631,3.08487,0.130469,7.49434,0.24566,0.356261,0.274834,0.387417,0.356261,0.305,0.397,0,6.73922,0,4.32572,2.04771,1.97524,35.8442,64.1558,3.996
Y3/lean_stratified__f0_s0,20,0.000491823,1,0.0942714,0.6045,5.39062,3.1923,0.182812,7.51018,0.33391,0.351708,0.355408,0.379691,0.356261,,,0,6.98594,0,4.54479,2.18591,1.93187,,,4.09501
Y3/lean_stratified__f0_s0,21,0.000490775,1,0.0939698,0.602225,5.33535,3.16548,0.134766,7.48397,0.329785,0.365944,0.363135,0.39404,0.365944,0.389,0.415,0,7.155,0,4.79758,2.07509,1.90848,39.3611,60.6389,4.07486
Y3/lean_stratified__f0_s0,22,0.000489666,1,0.0936683,0.59995,5.10672,3.01185,0.186719,7.46289,0.362188,0.397607,0.397351,0.422737,0.397607,0.433,0.451,0,8.22606,0,6.20658,2.14449,1.89162,37.5114,62.4886,4.21774
Y3/lean_stratified__f0_s0,23,0.000488495,1,0.0933668,0.597675,5.32472,3.18024,0.214062,7.57779,0.346326,0.39964,0.378587,0.423841,0.39964,0.41,0.437,0,7.2691,0,5.21711,2.09958,1.8235,37.0124,62.9876,3.86402
Y3/lean_stratified__f0_s0,24,0.000487263,1,0.0930653,0.5954,5.09354,3.02632,0.183984,7.54293,0.386587,0.412837,0.423841,0.443709,0.412837,0.473,0.459,0,7.09865,0,5.11578,2.03235,1.79978,34.639,65.361,3.73508
Y3/lean_stratified__f0_s0,25,0.00048597,1,0.0927638,0.593125,5.1868,3.10077,0.178125,7.53204,0.329996,0.414385,0.362031,0.443709,0.414385,0.387,0.487,0,7.18621,0,5.27936,2.04484,1.76269,34.4706,65.5294,3.67733
Y3/lean_stratified__f0_s0,26,0.000484616,1,0.0924623,0.59085,4.91327,2.916,0.182031,7.3478,0.298054,0.419943,0.3234,0.444812,0.419943,0.398,0.486,0,7.46709,0,5.59352,2.11142,1.73926,35.0242,64.9758,3.78482
Y3/lean_stratified__f0_s0,27,0.000483202,1,0.0921608,0.588575,4.87855,2.90051,0.163281,7.55931,0.378665,0.417784,0.403974,0.445916,0.419943,,,0,8.59033,0,6.46276,2.35492,1.81534,,,4.24349
Y3/lean_stratified__f0_s0,28,0.000481728,1,0.0918593,0.5863,4.98609,2.98882,0.193359,7.62287,0.377518,0.418048,0.406181,0.44702,0.419943,,,0,7.95808,0,6.15456,2.19945,1.77247,,,3.7939
Y3/lean_stratified__f0_s0,29,0.000480195,1,0.0915578,0.584025,4.99232,2.99234,0.242578,7.56203,0.386777,0.455219,0.415011,0.483444,0.455219,0.457,0.519,0,7.60768,0,5.96202,2.08803,1.66499,39.0325,60.9675,3.46027
Y3/lean_stratified__f0_s0,30,0.000478603,1,0.0912563,0.58175,4.80567,2.87296,0.260156,7.51499,0.425166,0.451118,0.45585,0.472406,0.455219,,,0,7.90994,0,6.19952,2.17807,1.71532,,,3.73205
Y3/lean_stratified__f0_s0,31,0.000476951,0,0.0909548,0.579475,3.96972,2.29379,0.467187,7.54399,0.406706,0.475462,0.430464,0.494481,0.475462,0.476,0.523,0,9.56736,0,7.77258,2.7586,1.8485,38.0941,61.9059,4.03864
Y3/lean_stratified__f0_s0,32,0.000475242,0,0.0906533,0.5772,3.89008,2.25312,0.46875,7.35034,0.410631,0.492053,0.427152,0.511038,0.492053,0.468,0.557,0,10.3497,0,8.73692,2.87059,1.84693,43.5828,56.4172,3.93905
Y3/lean_stratified__f0_s0,33,0.000473475,0,0.0903518,0.574925,3.88588,2.24716,0.463281,7.37331,0.440496,0.482971,0.456954,0.503311,0.492053,,,0,10.2685,0,8.63224,2.96558,1.84944,,,3.9015
Y3/lean_stratified__f0_s0,34,0.00047165,0,0.0900503,0.57265,3.74296,2.16905,0.489844,7.42088,0.43214,0.503295,0.452539,0.514349,0.503295,0.529,0.579,0,10.1549,0,8.41807,2.86045,1.7975,44.3773,55.6227,4.10634
Y3/lean_stratified__f0_s0,35,0.000469769,0,0.0897487,0.570375,3.63342,2.09465,0.526563,7.43319,0.494567,0.511822,0.514349,0.525386,0.511822,0.593,0.604,0,11.2344,0,9.87461,2.89209,1.75996,44.9919,55.0081,3.67009
Y3/lean_stratified__f0_s0,36,0.000467831,0,0.0894472,0.5681,3.56481,2.05174,0.526563,7.46052,0.52558,0.514018,0.533113,0.529801,0.52558,0.613,0.614,0,11.7795,0,10.3889,3.05449,1.75665,44.5701,55.4299,3.90753
Y3/lean_stratified__f0_s0,37,0.000465837,0,0.0891457,0.565825,3.42299,1.97315,0.567969,7.27317,0.510236,0.53298,0.528698,0.54415,0.53298,0.596,0.622,0,10.2503,0,8.95452,2.68297,1.71585,46.117,53.883,3.42535
Y3/lean_stratified__f0_s0,38,0.000463788,0,0.0888442,0.56355,3.41217,1.98083,0.558984,7.31232,0.492244,0.533673,0.509934,0.546358,0.533673,0.618,0.627,0,10.2432,0,8.9202,2.7901,1.7031,46.8979,53.1021,3.42173
Y3/lean_stratified__f0_s0,39,0.000461685,0,0.0885427,0.561275,3.40116,1.98192,0.560547,7.37531,0.490702,0.548587,0.50883,0.557395,0.548587,0.618,0.641,0,12.0954,0,10.9028,2.91229,1.70361,49.306,50.694,3.4078
Y3/lean_stratified__f0_s0,40,0.000459526,0,0.0882412,0.559,3.2522,1.89909,0.583203,7.47028,0.518135,0.557032,0.525386,0.566225,0.557032,0.647,0.677,0,10.2105,0,8.94801,2.64263,1.6561,48.6403,51.3597,3.40758
Y3/lean_stratified__f0_s0,41,0.000457314,0,0.0879397,0.556725,3.18534,1.8539,0.594922,7.36715,0.520404,0.572466,0.534216,0.576159,0.572466,0.623,0.681,0,10.879,0,9.67624,2.83199,1.62639,49.7589,50.2411,3.29372
Y3/lean_stratified__f0_s0,42,0.000455049,0,0.0876382,0.55445,3.14564,1.82692,0.617969,7.23265,0.562494,0.579591,0.576159,0.584989,0.579591,0.673,0.71,0,11.2774,0,10.1377,2.84561,1.62947,51.3884,48.6116,3.25185
Y3/lean_stratified__f0_s0,43,0.000452732,0,0.0873367,0.552175,3.10277,1.8146,0.614844,7.17524,0.540613,0.579023,0.559603,0.5883,0.579591,,,0,11.4833,0,10.4249,2.7285,1.60841,,,3.21085
Y3/lean_stratified__f0_s0,44,0.000450362,0,0.0870352,0.5499,3.07999,1.80611,0.61875,7.17644,0.600166,0.588696,0.615894,0.598234,0.600166,0.715,0.694,0,12.0775,0,11.0662,2.77098,1.60098,53.4233,46.5767,3.20585
Y3/lean_stratified__f0_s0,45,0.000447941,0,0.0867337,0.547625,3.04079,1.78955,0.626563,7.23045,0.589169,0.572946,0.600442,0.577263,0.600166,,,0,12.2955,0,11.3047,2.77459,1.58767,,,3.11792
Y3/lean_stratified__f0_s0,46,0.000445469,0,0.0864322,0.54535,2.96291,1.73353,0.651172,7.29719,0.524989,0.606328,0.539735,0.612583,0.606328,0.657,0.747,0,11.6968,0,10.7362,2.64697,1.54908,55.4974,44.5026,3.0435
Y3/lean_stratified__f0_s0,47,0.000442948,0,0.0861307,0.543075,2.93577,1.72479,0.644922,7.26133,0.483581,0.615195,0.515453,0.615894,0.615195,0.614,0.748,0,11.1505,0,10.1641,2.75012,1.51261,57.2243,42.7757,2.90296
Y3/lean_stratified__f0_s0,48,0.000440376,0,0.0858291,0.5408,2.8788,1.69138,0.649219,7.30932,0.566085,0.617286,0.576159,0.619205,0.617286,0.724,0.751,0,10.3445,0,9.29674,2.71793,1.51671,57.3024,42.6976,2.88683
Y3/lean_stratified__f0_s0,49,0.000437756,0,0.0855276,0.538525,2.8519,1.67695,0.671484,7.23323,0.582285,0.637013,0.59713,0.639073,0.637013,0.735,0.765,0,11.9608,0,11.0179,2.80049,1.52955,59.9679,40.0321,2.92209
Y3/lean_stratified__f0_s0,50,0.000435088,0,0.0852261,0.53625,2.74091,1.61495,0.685938,7.23273,0.590652,0.627042,0.602649,0.630243,0.637013,0.75,0.757,0,10.7846,0,9.77515,2.74105,1.50325,59.4339,40.5661,2.8952
Y3/lean_stratified__f0_s0,51,0.000432373,0,0.0849246,0.533975,2.71217,1.59979,0.691406,7.35407,0.55079,0.637871,0.569536,0.640177,0.637871,0.707,0.772,0,11.3536,0,10.3995,2.70929,1.52768,60.1706,39.8294,2.89162
Y3/lean_stratified__f0_s0,52,0.000429611,0,0.0846231,0.5317,2.70172,1.59978,0.691797,7.22572,0.595855,0.641763,0.608168,0.640177,0.641763,0.772,0.776,0,11.4358,0,10.5522,2.68984,1.47666,61.5877,38.4123,2.66899
Y3/lean_stratified__f0_s0,53,0.000426803,0,0.0843216,0.529425,2.66042,1.57989,0.689063,7.25117,0.575383,0.627905,0.586093,0.624724,0.641763,,,0,11.8641,0,10.9764,2.7643,1.47055,,,2.78294
Y3/lean_stratified__f0_s0,54,0.000423949,0,0.0840201,0.52715,2.58099,1.53395,0.710938,7.24534,0.604409,0.630806,0.611479,0.633554,0.641763,,,0,10.9076,0,9.90873,2.77222,1.424,,,2.85608
Y3/lean_stratified__f0_s0,55,0.000421051,0,0.0837186,0.524875,2.54432,1.51412,0.710547,7.35862,0.613164,0.637998,0.625828,0.642384,0.641763,,,0,11.5021,0,10.6635,2.7012,1.41277,,,2.58654
Y3/lean_stratified__f0_s0,56,0.00041811,0,0.0834171,0.5226,2.48772,1.48305,0.732813,7.27482,0.645601,0.642134,0.65011,0.645695,0.645601,0.816,0.823,0,10.2624,0,9.31521,2.71966,1.41135,64.0263,35.9737,2.61077
Y3/lean_stratified__f0_s0,57,0.000415125,0,0.0831156,0.520325,2.50348,1.49701,0.721094,7.26772,0.561003,0.644836,0.578366,0.644592,0.645601,,,0,10.7378,0,9.843,2.68503,1.40038,,,2.61921
Y3/lean_stratified__f0_s0,58,0.000412098,0,0.0828141,0.51805,2.51275,1.50208,0.717578,7.39575,0.645961,0.655187,0.649007,0.653422,0.655187,0.825,0.824,0,11.8519,0,11.0302,2.7552,1.41379,63.5157,36.4843,2.56745
Y3/lean_stratified__f0_s0,59,0.00040903,0,0.0825126,0.515775,2.39553,1.43858,0.740625,7.2948,0.615416,0.661349,0.618102,0.664459,0.661349,0.8,0.833,0,11.1313,0,10.2933,2.67881,1.36095,62.884,37.116,2.59744
Y3/lean_stratified__f0_s0,60,0.000405921,0,0.0822111,0.5135,2.41255,1.44448,0.739453,7.26561,0.626814,0.647857,0.633554,0.647903,0.661349,,,0,11.6767,0,10.8828,2.73271,1.37317,,,2.44283
Y3/lean_stratified__f0_s0,61,0.000402773,0,0.0819095,0.511225,2.35619,1.40543,0.751563,7.36629,0.599588,0.667917,0.61479,0.668874,0.667917,0.776,0.848,0,10.2439,0,9.41941,2.59139,1.32831,65.287,34.713,2.37187
Y3/lean_stratified__f0_s0,62,0.000399585,0,0.081608,0.50895,2.2893,1.36961,0.762891,7.30457,0.591163,0.655108,0.599338,0.655629,0.667917,,,0,13.1795,0,12.4517,2.81166,1.34719,,,2.45814
Y3/lean_stratified__f0_s0,63,0.000396359,0,0.0813065,0.506675,2.29467,1.37934,0.764063,7.24303,0.612924,0.657501,0.61479,0.657837,0.667917,,,0,11.3184,0,10.5119,2.78806,1.32307,,,2.39199
Y3/lean_stratified__f0_s0,64,0.000393096,0,0.081005,0.5044,2.2453,1.35884,0.76875,7.35146,0.641474,0.667327,0.657837,0.666667,0.667917,,,0,12.2787,0,11.4995,2.77965,1.35919,,,2.46226
Y3/lean_stratified__f0_s0,65,0.000389796,0,0.0807035,0.502125,2.19698,1.33065,0.783203,7.20476,0.637087,0.652166,0.639073,0.656733,0.667917,,,0,10.6854,0,9.90533,2.59479,1.29755,,,2.36417
Y3/lean_stratified__f0_s0,66,0.000386461,0,0.080402,0.49985,2.18367,1.3192,0.776563,7.24518,0.631845,0.660226,0.636865,0.665563,0.667917,,,0,12.2562,0,11.517,2.82437,1.29974,,,2.37499
Y3/lean_stratified__f0_s0,67,0.000383091,0,0.0801005,0.497575,2.19289,1.33108,0.769922,7.21985,0.638641,0.66332,0.654525,0.666667,0.667917,,,0,11.2787,0,10.5303,2.62909,1.29539,,,2.28516
Y3/lean_stratified__f0_s0,68,0.000379687,0,0.079799,0.4953,2.11903,1.28071,0.794922,7.36307,0.610641,0.687762,0.61479,0.688742,0.687762,0.797,0.889,0,11.3444,0,10.6134,2.78797,1.24375,67.6973,32.3027,2.182
Y3/lean_stratified__f0_s0,69,0.00037625,0,0.0794975,0.493025,2.09605,1.2785,0.796484,7.16321,0.605513,0.679802,0.609272,0.684327,0.687762,,,0,12.2912,0,11.5741,2.75514,1.28302,,,2.3712
Y3/lean_stratified__f0_s0,70,0.000372781,0,0.079196,0.49075,2.09101,1.26283,0.794922,7.29259,0.662344,0.681896,0.665563,0.684327,0.687762,,,0,12.0249,0,11.303,2.73797,1.27376,,,2.32108
Y3/lean_stratified__f0_s0,71,0.000369281,0,0.0788945,0.488475,2.01123,1.21944,0.817578,7.37299,0.636179,0.689182,0.651214,0.690949,0.689182,0.855,0.896,0,11.3519,0,10.6158,2.72254,1.23323,69.0763,30.9237,2.24919
Y3/lean_stratified__f0_s0,72,0.00036575,0,0.078593,0.4862,2.04462,1.25138,0.797266,7.22427,0.634001,0.692333,0.640177,0.687638,0.692333,0.848,0.893,0,10.6738,0,9.89435,2.76813,1.23635,69.9975,30.0025,2.19769
Y3/lean_stratified__f0_s0,73,0.00036219,0,0.0782915,0.483925,1.98246,1.21556,0.813672,7.22509,0.600727,0.683826,0.609272,0.681015,0.692333,,,0,11.4001,0,10.6505,2.78802,1.23125,,,2.19106
Y3/lean_stratified__f0_s0,74,0.000358601,0,0.0779899,0.48165,1.99253,1.21373,0.822656,7.45683,0.636964,0.680434,0.652318,0.681015,0.692333,,,0,12.0589,0,11.3065,2.88741,1.25632,,,2.25619
Y3/lean_stratified__f0_s0,75,0.000354985,0,0.0776884,0.479375,1.95505,1.20216,0.820312,7.17542,0.673804,0.688923,0.681015,0.687638,0.692333,0.906,0.91,0,10.2898,0,9.53989,2.68367,1.20347,70.4688,29.5312,2.07901
Y3/lean_stratified__f0_s0,76,0.000351343,0,0.0773869,0.4771,1.92722,1.18226,0.833984,7.08074,0.649054,0.691982,0.656733,0.688742,0.692333,,,0,10.6553,0,9.89906,2.74457,1.20595,,,2.15527
Y3/lean_stratified__f0_s0,77,0.000347674,0,0.0770854,0.474825,1.92038,1.17733,0.832422,7.19604,0.6527,0.694474,0.661148,0.695364,0.694474,0.901,0.917,0,11.3305,0,10.6158,2.82672,1.18468,70.8626,29.1374,2.05394
Y3/lean_stratified__f0_s0,78,0.000343981,0,0.0767839,0.47255,1.86526,1.15032,0.843359,7.17255,0.65958,0.691949,0.662252,0.692053,0.694474,,,0,10.4777,0,9.80015,2.62222,1.12295,,,1.96393
Y3/lean_stratified__f0_s0,79,0.000340265,0,0.0764824,0.470275,1.82812,1.12345,0.848828,7.18448,0.651597,0.688183,0.657837,0.686534,0.694474,,,0,9.90913,0,9.11295,2.74915,1.14501,,,2.07916
Y3/lean_stratified__f0_s0,80,0.000336525,0,0.0761809,0.468,1.82665,1.12966,0.844531,7.23027,0.666534,0.699248,0.674393,0.696468,0.699248,0.917,0.925,0,10.0496,0,9.2989,2.71702,1.12816,71.1719,28.8281,2.03867
Y3/lean_stratified__f0_s0,81,0.000332764,0,0.0758794,0.465725,1.81152,1.1298,0.840234,7.26091,0.676594,0.704612,0.683223,0.704194,0.704612,0.918,0.926,0,11.2225,0,10.5051,2.87254,1.16673,70.0871,29.9129,2.05796
Y3/lean_stratified__f0_s0,82,0.000328982,0,0.0755779,0.46345,1.73266,1.06625,0.867188,7.29728,0.677732,0.702413,0.687638,0.703091,0.704612,,,0,9.55685,0,8.86731,2.56933,1.07378,,,1.85974
Y3/lean_stratified__f0_s0,83,0.00032518,0,0.0752764,0.461175,1.77624,1.10082,0.858984,7.31475,0.666728,0.706573,0.666667,0.707506,0.706573,0.924,0.931,0,10.8344,0,10.1829,2.66067,1.11706,72.3908,27.6092,1.91665
Y3/lean_stratified__f0_s0,84,0.000321359,0,0.0749749,0.4589,1.69727,1.05736,0.870313,7.2428,0.670703,0.714221,0.682119,0.715232,0.714221,0.928,0.94,0,9.75131,0,9.05588,2.59488,1.07596,71.0823,28.9177,1.90571
Y3/lean_stratified__f0_s0,85,0.00031752,0,0.0746734,0.456625,1.69985,1.06379,0.866797,7.2153,0.672343,0.709566,0.673289,0.710817,0.714221,,,0,11.1433,0,10.4721,2.77161,1.06929,,,1.93828
Y3/lean_stratified__f0_s0,86,0.000313664,0,0.0743719,0.45435,1.69458,1.05849,0.869141,7.19542,0.673678,0.703625,0.6766,0.706402,0.714221,,,0,11.6348,0,11.0123,2.76304,1.08982,,,1.84944
Y3/lean_stratified__f0_s0,87,0.000309793,0,0.0740704,0.452075,1.67075,1.04369,0.873047,7.38777,0.700198,0.714311,0.706402,0.718543,0.714311,0.936,0.942,0,9.76394,0,9.06311,2.60054,1.06891,72.503,27.497,1.84054
Y3/lean_stratified__f0_s0,88,0.000305907,0,0.0737688,0.4498,1.67501,1.04937,0.870313,7.21712,0.696097,0.716812,0.698675,0.720751,0.716812,0.933,0.951,0,10.3651,0,9.71849,2.67241,1.05638,72.6377,27.3623,1.79877
Y3/lean_stratified__f0_s0,89,0.000302006,0,0.0734673,0.447525,1.64215,1.03454,0.882812,7.23332,0.69652,0.721459,0.700883,0.724062,0.721459,0.939,0.945,0,9.53628,0,8.82821,2.64386,1.05529,73.7866,26.2134,1.8081
Y3/lean_stratified__f0_s0,90,0.000298093,0,0.0731658,0.44525,1.59922,1.01328,0.880078,7.36547,0.680243,0.707112,0.689845,0.710817,0.721459,,,0,9.1232,0,8.44283,2.52866,1.04111,,,1.79254
Y3/lean_stratified__f0_s0,91,0.000294168,0,0.0728643,0.442975,1.56819,0.992014,0.897266,7.29938,0.692951,0.720333,0.697572,0.720751,0.721459,,,0,8.62082,1,7.94551,3.12243,0.995903,,,1.67697
Y3/lean_stratified__f0_s0,92,0.000290233,0,0.0725628,0.4407,1.53535,0.974595,0.898047,7.32239,0.673974,0.72412,0.684327,0.726269,0.72412,0.945,0.957,0,9.56536,0,8.92167,2.54983,1.02002,74.2219,25.7781,1.71022
Y3/lean_stratified__f0_s0,93,0.000286287,0,0.0722613,0.438425,1.53975,0.977693,0.894141,7.2511,0.71016,0.707011,0.711921,0.714128,0.72412,,,0,9.33704,0,8.6904,2.50517,0.970199,,,1.69709
Y3/lean_stratified__f0_s0,94,0.000282333,0,0.0719598,0.43615,1.56628,0.999318,0.883203,7.34666,0.684441,0.702626,0.693157,0.710817,0.72412,,,0,10.9282,0,10.3081,2.77627,1.04076,,,1.68816
Y3/lean_stratified__f0_s0,95,0.000278371,0,0.0716583,0.433875,1.50763,0.964171,0.900391,7.2022,0.690245,0.703964,0.696468,0.710817,0.72412,,,0,10.231,0,9.60135,2.64867,0.987472,,,1.65061
Y3/lean_stratified__f0_s0,96,0.000274402,0,0.0713568,0.4316,1.49727,0.960499,0.892188,7.28416,0.690243,0.711241,0.692053,0.719647,0.72412,,,0,10.8257,0,10.2055,2.72734,1.00366,,,1.76185
Y3/lean_stratified__f0_s0,97,0.000270428,0,0.0710553,0.429325,1.48995,0.951462,0.903906,7.36953,0.703029,0.717815,0.700883,0.720751,0.72412,,,0,10.529,0,9.89171,2.7257,0.973012,,,1.69014
Y3/lean_stratified__f0_s0,98,0.000266449,0,0.0707538,0.42705,1.49163,0.956358,0.897656,7.21599,0.689765,0.711328,0.695364,0.715232,0.72412,,,0,9.2586,0,8.56662,2.62109,1.00486,,,1.73977
Y3/lean_stratified__f0_s0,99,0.000262466,0,0.0704523,0.424775,1.44112,0.921435,0.914844,7.24319,0.704243,0.724019,0.709713,0.725166,0.72412,,,0,8.53774,0,7.83278,2.55321,0.93656,,,1.60081
Y3/lean_stratified__f0_s0,100,0.000258481,0,0.0701508,0.4225,1.44145,0.929091,0.909375,7.24049,0.676215,0.716339,0.678808,0.719647,0.72412,0.946,0.973,0,9.3579,0,8.69015,2.6846,0.956566,75.8611,24.1389,1.66091
Y3/lean_stratified__f0_s0,101,0.000254494,0,0.0698492,0.420225,1.4017,0.897778,0.912891,7.21115,0.698838,0.719427,0.696468,0.721854,0.72412,,,0,8.49319,0,7.82821,2.53297,0.913341,,,1.55604
Y3/lean_stratified__f0_s0,102,0.000250506,0,0.0695477,0.41795,1.38349,0.890199,0.913281,7.29556,0.695463,0.721629,0.698675,0.722958,0.72412,,,0,9.14799,0,8.43566,2.78239,0.918919,,,1.59192
Y3/lean_stratified__f0_s0,103,0.000246519,0,0.0692462,0.415675,1.4018,0.910043,0.907813,7.28305,0.674081,0.717265,0.677704,0.722958,0.72412,,,0,9.08445,0,8.4042,2.64735,0.939569,,,1.62646
Y3/lean_stratified__f0_s0,104,0.000242534,0,0.0689447,0.4134,1.35979,0.884943,0.922266,7.18771,0.711864,0.724236,0.715232,0.727373,0.724236,0.978,0.982,0,9.70157,0,9.10448,2.61784,0.914632,78.4686,21.5314,1.4903
Y3/lean_stratified__f0_s0,105,0.000238551,0,0.0686432,0.411125,1.34562,0.871955,0.921484,7.21926,0.717903,0.722441,0.718543,0.725166,0.724236,,,0,9.23636,0,8.61193,2.58079,0.892859,,,1.53029
Y3/lean_stratified__f0_s0,106,0.000234572,0,0.0683417,0.40885,1.35063,0.881262,0.917578,7.26387,0.701084,0.716305,0.703091,0.720751,0.724236,,,0,10.1992,0,9.56356,2.76176,0.910037,,,1.51881
Y3/lean_stratified__f0_s0,107,0.000230598,0,0.0680402,0.406575,1.33349,0.866582,0.919141,7.21845,0.709109,0.718974,0.713024,0.721854,0.724236,,,0,10.5789,0,10.0217,2.65952,0.893577,,,1.48811
Y3/lean_stratified__f0_s0,108,0.000226629,0,0.0677387,0.4043,1.34482,0.87249,0.919531,7.24051,0.695716,0.715854,0.699779,0.716336,0.724236,,,0,10.8036,0,10.1871,2.87343,0.908654,,,1.51757
Y3/lean_stratified__f0_s0,109,0.000222667,0,0.0674372,0.402025,1.31507,0.862989,0.918359,7.3347,0.695314,0.722511,0.699779,0.724062,0.724236,,,0,9.22952,0,8.62016,2.51303,0.90542,,,1.52785
Y3/lean_stratified__f0_s0,110,0.000218713,0,0.0671357,0.39975,1.31106,0.859241,0.926562,7.25518,0.690564,0.724169,0.693157,0.727373,0.724236,,,0,9.77074,0,9.17504,2.62951,0.898806,,,1.53412
Y3/lean_stratified__f0_s0,111,0.000214767,0,0.0668342,0.397475,1.28374,0.842195,0.932422,7.17125,0.717399,0.725123,0.720751,0.727373,0.725123,0.986,0.987,0,9.02635,0,8.41831,2.5804,0.852286,78.2256,21.7744,1.42442
Y3/lean_stratified__f0_s0,112,0.000210832,0,0.0665327,0.3952,1.26326,0.834592,0.925781,7.16819,0.71806,0.73425,0.724062,0.736203,0.73425,0.981,0.989,0,8.75425,0,8.21845,2.3701,0.817476,78.009,21.991,1.32768
Y3/lean_stratified__f0_s0,113,0.000206907,0,0.0662312,0.392925,1.23966,0.823004,0.932813,7.11776,0.710389,0.732253,0.711921,0.735099,0.73425,,,0,8.39515,0,7.75015,2.53582,0.828268,,,1.39119
Y3/lean_stratified__f0_s0,114,0.000202994,0,0.0659296,0.39065,1.25397,0.822942,0.933594,7.23783,0.70911,0.728904,0.710817,0.730684,0.73425,,,0,9.08846,0,8.49344,2.51564,0.855804,,,1.44541
Y3/lean_stratified__f0_s0,115,0.000199093,0,0.0656281,0.388375,1.26138,0.839242,0.925391,7.18976,0.707259,0.72669,0.708609,0.727373,0.73425,,,0,8.81879,0,8.21123,2.53866,0.869946,,,1.47121
Y3/lean_stratified__f0_s0,116,0.000195207,0,0.0653266,0.3861,1.22701,0.817898,0.933203,7.23508,0.718671,0.729693,0.721854,0.731788,0.73425,,,0,8.02135,0,7.42286,2.40228,0.814307,,,1.35747
Y3/lean_stratified__f0_s0,117,0.000191336,0,0.0650251,0.383825,1.22345,0.818907,0.929297,7.38454,0.706902,0.723541,0.708609,0.729581,0.73425,,,0,7.61899,0,6.99904,2.38383,0.797712,,,1.33119
Y3/lean_stratified__f0_s0,118,0.00018748,0,0.0647236,0.38155,1.19091,0.795646,0.9375,7.30352,0.710494,0.727039,0.711921,0.729581,0.73425,,,0,8.08131,0,7.51402,2.33473,0.784938,,,1.34403
Y3/lean_stratified__f0_s0,119,0.000183641,0,0.0644221,0.379275,1.20144,0.806689,0.939844,7.45111,0.71975,0.728126,0.721854,0.731788,0.73425,,,0,8.25259,0,7.68796,2.34842,0.799977,,,1.33344
Y3/lean_stratified__f0_s0,120,0.00017982,0,0.0641206,0.377,1.15946,0.773647,0.946484,7.29533,0.717043,0.730706,0.722958,0.732892,0.73425,,,0,7.62188,0,7.05552,2.29493,0.76341,,,1.27594
Y3/lean_stratified__f0_s0,121,0.000176018,0,0.0638191,0.374725,1.14999,0.771829,0.945703,7.34865,0.710676,0.734899,0.711921,0.735099,0.734899,0.987,0.993,0,8.17822,0,7.49924,2.63742,0.767644,79.1166,20.8834,1.25189
Y3/lean_stratified__f0_s0,122,0.000172236,0,0.0635176,0.37245,1.1409,0.767587,0.944531,7.36055,0.708806,0.735032,0.708609,0.735099,0.735032,0.986,0.996,0,8.17485,0,7.62579,2.36828,0.772201,79.1796,20.8204,1.2379
Y3/lean_stratified__f0_s0,123,0.000168475,0,0.0632161,0.370175,1.12708,0.762619,0.948047,7.26457,0.715827,0.736341,0.721854,0.737307,0.736341,0.991,0.997,0,7.66552,0,7.11303,2.26714,0.76261,79.2342,20.7658,1.25464
Y3/lean_stratified__f0_s0,124,0.000164735,0,0.0629146,0.3679,1.09165,0.740413,0.956641,7.26856,0.713908,0.735849,0.718543,0.736203,0.736341,,,0,8.23982,0,7.69438,2.36145,0.747121,,,1.23831
Y3/lean_stratified__f0_s0,125,0.000161019,0,0.0626131,0.365625,1.11566,0.759119,0.94375,7.41883,0.712846,0.735272,0.714128,0.735099,0.736341,0.995,0.996,0,8.05497,0,7.5286,2.33497,0.75668,78.799,21.201,1.1819
Y3/lean_stratified__f0_s0,126,0.000157326,0,0.0623116,0.36335,1.08191,0.733312,0.95625,7.50674,0.70875,0.723661,0.713024,0.725166,0.736341,,,0,7.34136,0,6.7947,2.23302,0.707424,,,1.13848
Y3/lean_stratified__f0_s0,127,0.000153657,0,0.0620101,0.361075,1.09357,0.749361,0.948438,7.61856,0.707809,0.718672,0.710817,0.721854,0.736341,,,0,7.43868,0,6.87485,2.31845,0.727654,,,1.12077
Y3/lean_stratified__f0_s0,128,0.000150015,0,0.0617085,0.3588,1.0685,0.730733,0.95625,7.45263,0.701377,0.730181,0.706402,0.731788,0.736341,,,0,8.5044,0,7.93932,2.48946,0.742146,,,1.18184
Y3/lean_stratified__f0_s0,129,0.000146399,0,0.061407,0.356525,1.08402,0.741601,0.947266,7.34978,0.722477,0.736782,0.728477,0.738411,0.736782,0.988,0.995,0,8.20166,0,7.61758,2.4855,0.756089,79.0106,20.9894,1.23394
Y3/lean_stratified__f0_s0,130,0.00014281,0,0.0611055,0.35425,1.06528,0.727361,0.955469,7.62114,0.70801,0.732921,0.715232,0.733996,0.736782,,,0,8.05056,0,7.56454,2.2723,0.703929,,,1.07975
Y3/lean_stratified__f0_s0,131,0.00013925,0,0.060804,0.351975,1.04902,0.722728,0.953125,7.50527,0.721143,0.734924,0.724062,0.736203,0.736782,,,0,7.3799,0,6.84473,2.2326,0.714817,,,1.10335
Y3/lean_stratified__f0_s0,132,0.000135719,0,0.0605025,0.3497,1.0391,0.71321,0.95625,7.55625,0.726694,0.735374,0.726269,0.737307,0.736782,,,0,7.90639,0,7.36457,2.38318,0.71332,,,1.12775
Y3/lean_stratified__f0_s0,133,0.000132219,0,0.060201,0.347425,1.04131,0.720444,0.947656,7.49109,0.731144,0.732135,0.730684,0.733996,0.736782,,,0,7.12496,0,6.57061,2.25461,0.711859,,,1.13157
Y3/lean_stratified__f0_s0,134,0.00012875,0,0.0598995,0.34515,1.02035,0.704917,0.955859,7.60456,0.722675,0.734769,0.724062,0.736203,0.736782,,,0,7.53688,0,7.01715,2.25454,0.682901,,,1.08774
Y3/lean_stratified__f0_s0,135,0.000125313,0,0.059598,0.342875,1.00639,0.70124,0.960547,7.46879,0.723495,0.734691,0.724062,0.736203,0.736782,,,0,7.08401,0,6.59423,2.13297,0.658518,,,1.01629
Y3/lean_stratified__f0_s0,136,0.000121909,0,0.0592965,0.3406,0.976769,0.68139,0.962109,7.42996,0.729603,0.743835,0.731788,0.745033,0.743835,0.997,0.997,0,6.60431,0,6.09898,2.04515,0.6571,79.8114,20.1886,1.0876
Y3/lean_stratified__f0_s0,137,0.000118539,0,0.058995,0.338325,0.992743,0.693895,0.958203,7.55698,0.716341,0.73365,0.716336,0.735099,0.743835,,,0,7.62552,0,7.10821,2.24844,0.683695,,,1.13907
Y3/lean_stratified__f0_s0,138,0.000115204,0,0.0586935,0.33605,0.984453,0.687007,0.959375,7.35969,0.714311,0.736466,0.719647,0.737307,0.743835,,,0,6.88067,0,6.34402,2.21827,0.678736,,,1.04685
Y3/lean_stratified__f0_s0,139,0.000111904,0,0.058392,0.333775,0.966838,0.678402,0.960547,7.4373,0.716969,0.742983,0.722958,0.745033,0.743835,,,0,6.96087,0,6.46618,2.10939,0.639753,,,1.01328
Y3/lean_stratified__f0_s0,140,0.000108641,0,0.0580905,0.3315,0.982517,0.695143,0.956641,7.44463,0.729731,0.743094,0.733996,0.745033,0.743835,,,0,7.50708,0,6.99713,2.22182,0.690358,,,1.06974
Y3/lean_stratified__f0_s0,141,0.000105415,0,0.0577889,0.329225,0.962037,0.67702,0.960938,7.59665,0.712701,0.735278,0.713024,0.738411,0.743835,,,0,7.66144,0,7.16656,2.26909,0.675322,,,1.04658
Y3/lean_stratified__f0_s0,142,0.000102227,0,0.0574874,0.32695,0.959669,0.677195,0.953906,7.41835,0.715076,0.737837,0.719647,0.739514,0.743835,,,0,7.64003,0,7.10181,2.33838,0.685831,,,1.04906
Y3/lean_stratified__f0_s0,143,9.90786e-05,0,0.0571859,0.324675,0.941777,0.666747,0.963281,7.37633,0.729328,0.742343,0.733996,0.745033,0.743835,,,0,7.12566,0,6.64077,2.10763,0.65347,,,1.01666
Y3/lean_stratified__f0_s0,144,9.59698e-05,0,0.0568844,0.3224,0.916998,0.648001,0.969141,7.44935,0.71919,0.734249,0.724062,0.736203,0.743835,,,0,6.50878,0,5.97556,2.12977,0.636359,,,1.03903
Y3/lean_stratified__f0_s0,145,9.29016e-05,0,0.0565829,0.320125,0.940901,0.667733,0.9625,7.54249,0.723402,0.728797,0.728477,0.731788,0.743835,,,0,6.98293,0,6.46698,2.1873,0.657726,,,1.00406
Y3/lean_stratified__f0_s0,146,8.98748e-05,0,0.0562814,0.31785,0.923781,0.653579,0.960156,7.32592,0.719271,0.735148,0.720751,0.737307,0.743835,,,0,7.45952,0,7.00165,2.12472,0.663576,,,0.991028
Y3/lean_stratified__f0_s0,147,8.68902e-05,0,0.0559799,0.315575,0.922322,0.65996,0.962109,7.35048,0.735029,0.735431,0.739514,0.737307,0.743835,,,0,6.68721,0,6.15699,2.14915,0.658917,,,1.00217
Y3/lean_stratified__f0_s0,148,8.39486e-05,0,0.0556784,0.3133,0.912028,0.652383,0.9625,7.3809,0.735157,0.739785,0.740618,0.741722,0.743835,,,0,7.05729,0,6.56958,2.13227,0.645664,,,0.972787
Y3/lean_stratified__f0_s0,149,8.10507e-05,0,0.0553769,0.311025,0.885553,0.635813,0.962109,7.46428,0.726947,0.738095,0.730684,0.741722,0.743835,,,0,5.95408,0,5.4633,1.93463,0.624178,,,0.973106
Y3/lean_stratified__f0_s0,150,7.81974e-05,0,0.0550754,0.30875,0.880016,0.629251,0.968359,7.44653,0.726488,0.738308,0.726269,0.741722,0.743835,0.998,0.999,0,7.77238,0,7.33222,2.16678,0.642721,80.8274,19.1726,0.974351
Y3/lean_stratified__f0_s0,151,7.53893e-05,0,0.0547739,0.306475,0.860042,0.620387,0.96875,7.34918,0.742821,0.737105,0.743929,0.740618,0.743835,,,0,6.63364,0,6.19134,2.00244,0.59846,,,0.885298
Y3/lean_stratified__f0_s0,152,7.26271e-05,0,0.0544724,0.3042,0.870659,0.62506,0.966797,7.50229,0.72923,0.740067,0.733996,0.742826,0.743835,,,0,6.33666,0,5.85794,2.01263,0.605753,,,0.933188
Y3/lean_stratified__f0_s0,153,6.99117e-05,0,0.0541709,0.301925,0.869428,0.626333,0.966406,7.43498,0.72676,0.742811,0.729581,0.746137,0.743835,,,0,6.21394,0,5.71417,2.01542,0.614302,,,0.972822
Y3/lean_stratified__f0_s0,154,6.72436e-05,0,0.0538693,0.29965,0.852526,0.614208,0.96875,7.36826,0.728439,0.730872,0.731788,0.733996,0.743835,,,0,6.36434,0,5.86397,2.06185,0.611877,,,0.947003
Y3/lean_stratified__f0_s0,155,6.46236e-05,0,0.0535678,0.297375,0.855036,0.619878,0.967578,7.4205,0.740727,0.735939,0.741722,0.739514,0.743835,,,0,6.31098,0,5.81667,2.00561,0.613362,,,0.983038
Y3/lean_stratified__f0_s0,156,6.20524e-05,0,0.0532663,0.2951,0.839959,0.60641,0.970313,7.55316,0.734836,0.740965,0.736203,0.743929,0.743835,,,0,6.2978,0,5.79578,2.06762,0.598452,,,0.897732
Y3/lean_stratified__f0_s0,157,5.95306e-05,0,0.0529648,0.292825,0.838697,0.610443,0.967969,7.42542,0.728455,0.728607,0.732892,0.731788,0.743835,,,0,6.30852,0,5.82465,2.03416,0.611639,,,0.895519
Y3/lean_stratified__f0_s0,158,5.70589e-05,0,0.0526633,0.29055,0.844745,0.615127,0.964844,7.33125,0.733894,0.733115,0.738411,0.737307,0.743835,,,0,5.90575,0,5.38047,2.03379,0.6111,,,0.930155
Y3/lean_stratified__f0_s0,159,5.46379e-05,0,0.0523618,0.288275,0.8322,0.607466,0.968359,7.3669,0.727718,0.733254,0.731788,0.737307,0.743835,,,0,5.75363,0,5.24437,1.97237,0.58858,,,0.941746
Y3/lean_stratified__f0_s0,160,5.22683e-05,0,0.0520603,0.286,0.812416,0.591907,0.969141,7.51594,0.732079,0.732831,0.736203,0.736203,0.743835,,,0,6.232,0,5.74851,1.99784,0.613974,,,0.928981
Y3/lean_stratified__f0_s0,161,4.99506e-05,0,0.0517588,0.283725,0.80145,0.586888,0.971484,7.28038,0.721495,0.733216,0.726269,0.737307,0.743835,,,0,6.01359,0,5.55623,1.92811,0.564368,,,0.86438
Y3/lean_stratified__f0_s0,162,4.76856e-05,0,0.0514573,0.28145,0.800049,0.587666,0.971484,7.20589,0.732077,0.729134,0.735099,0.732892,0.743835,,,0,5.86643,0,5.37375,1.95335,0.580235,,,0.924737
Y3/lean_stratified__f0_s0,163,4.54736e-05,0,0.0511558,0.279175,0.796475,0.584466,0.96875,7.34828,0.736667,0.737005,0.741722,0.741722,0.743835,,,0,5.91852,0,5.41228,2.00188,0.593469,,,0.920602
Y3/lean_stratified__f0_s0,164,4.33155e-05,0,0.0508543,0.2769,0.774358,0.572786,0.973828,7.64492,0.731109,0.729863,0.732892,0.733996,0.743835,,,0,5.71929,0,5.24314,1.87984,0.5818,,,0.926869
Y3/lean_stratified__f0_s0,165,4.12116e-05,0,0.0505528,0.274625,0.79105,0.588462,0.964063,7.30364,0.719947,0.732222,0.722958,0.735099,0.743835,,,0,5.96335,0,5.48606,1.98593,0.565998,,,0.861135
Y3/lean_stratified__f0_s0,166,3.91625e-05,0,0.0502513,0.27235,0.796151,0.593181,0.967578,7.40294,0.733983,0.735937,0.737307,0.738411,0.743835,,,0,6.36548,0,5.86877,2.08249,0.578645,,,0.914762
Y3/lean_stratified__f0_s0,167,3.71688e-05,0,0.0499497,0.270075,0.758885,0.568173,0.972266,7.40778,0.730013,0.736501,0.731788,0.738411,0.743835,,,0,5.79557,0,5.32498,1.90407,0.567532,,,0.898489
Y3/lean_stratified__f0_s0,168,3.5231e-05,0,0.0496482,0.2678,0.77828,0.581528,0.966797,7.5208,0.733683,0.736121,0.737307,0.738411,0.743835,,,0,5.99571,0,5.4995,1.99234,0.586062,,,0.901215
Y3/lean_stratified__f0_s0,169,3.33496e-05,0,0.0493467,0.265525,0.761468,0.568534,0.972656,7.47974,0.740807,0.736151,0.746137,0.738411,0.743835,,,0,5.96857,0,5.49409,1.95334,0.576624,,,0.884058
Y3/lean_stratified__f0_s0,170,3.15251e-05,0,0.0490452,0.26325,0.744935,0.557967,0.975781,7.38211,0.728799,0.731954,0.733996,0.735099,0.743835,,,0,5.58464,0,5.1541,1.81503,0.532933,,,0.773632
Y3/lean_stratified__f0_s0,171,2.97579e-05,0,0.0487437,0.260975,0.757504,0.568394,0.969531,7.34859,0.731928,0.736531,0.736203,0.738411,0.743835,,,0,6.11079,0,5.63134,1.95343,0.588001,,,0.923199
Y3/lean_stratified__f0_s0,172,2.80486e-05,0,0.0484422,0.2587,0.740796,0.557257,0.969922,7.50542,0.733999,0.730663,0.737307,0.732892,0.743835,,,0,5.65141,0,5.14815,1.96877,0.557546,,,0.829592
Y3/lean_stratified__f0_s0,173,2.63975e-05,0,0.0481407,0.256425,0.740223,0.556969,0.970703,7.35226,0.728296,0.738446,0.730684,0.741722,0.743835,,,0,5.64808,0,5.14899,1.95849,0.566941,,,0.861452
Y3/lean_stratified__f0_s0,174,2.48051e-05,0,0.0478392,0.25415,0.727574,0.549691,0.972266,7.36785,0.731381,0.735128,0.736203,0.737307,0.743835,,,0,4.92134,0,4.42794,1.80311,0.550042,,,0.80637
Y3/lean_stratified__f0_s0,175,2.32718e-05,0,0.0475377,0.251875,0.740472,0.558772,0.968359,7.32234,0.733911,0.731377,0.736203,0.733996,0.743835,1,0.999,0,5.50992,0,5.00048,1.94105,0.587805,81.7429,18.2571,0.892942
Y3/lean_stratified__f0_s0,176,2.1798e-05,0,0.0472362,0.25,0.724834,0.551633,0.967188,7.38505,0.724541,0.73227,0.729581,0.733996,0.743835,1,0.999,0,5.5806,0,5.11763,1.85257,0.550138,,,0.888385
Y4/within_8020__f0_s0,1,0.0002,1,0.1,0.647725,8.07549,5.16075,0.0190972,20.1693,0.0367845,0.0270968,0.0772947,0.0657005,0.0367845,0.082,0.07,0.0296296,33.9692,5,27.2088,16.3412,8.15491,0.535175,99.4648,8.31291
Y4/within_8020__f0_s0,2,0.0003,1,0.0996985,0.64545,7.16876,4.26964,0.0402778,8.65951,0.0568544,0.0642962,0.0956522,0.0888889,0.0642962,0.088,0.105,0,14.8788,1,8.69338,9.35313,4.70543,11.4697,88.5303,4.37926
Y4/within_8020__f0_s0,3,0.0004,1,0.099397,0.643175,6.80619,3.96781,0.0538194,8.76462,0.0774522,0.106767,0.124638,0.145894,0.106767,0.134,0.139,0,7.40438,0,2.46474,3.68472,3.87994,14.7733,85.2267,3.98361
Y4/within_8020__f0_s0,4,0.0005,1,0.0990955,0.6409,6.69929,3.93942,0.0649306,8.54167,0.107385,0.132052,0.161353,0.173913,0.132052,0.172,0.192,0,6.35344,0,1.86278,2.84098,3.38779,11.5261,88.4739,3.8473
Y4/within_8020__f0_s0,5,0.000499968,1,0.098794,0.638625,6.5483,3.82776,0.0697917,8.52421,0.116795,0.155584,0.183575,0.197101,0.155584,0.165,0.214,0,5.89135,0,1.13506,2.11127,3.15095,16.6621,83.3379,4.16396
Y4/within_8020__f0_s0,6,0.000499872,1,0.0984925,0.63635,6.44421,3.74597,0.0746528,8.58275,0.112859,0.178506,0.160386,0.213527,0.178506,0.175,0.247,0,5.70456,0,1.10074,1.96298,2.8611,14.6275,85.3725,4.15431
Y4/within_8020__f0_s0,7,0.000499711,1,0.098191,0.634075,6.37892,3.7095,0.0972222,8.71751,0.154877,0.177797,0.210628,0.227053,0.178506,,,0,5.35493,1,0.961494,1.67485,2.62062,,,4.0394
Y4/within_8020__f0_s0,8,0.000499486,1,0.0978894,0.6318,6.21374,3.60076,0.1125,8.69568,0.168591,0.194954,0.205797,0.238647,0.194954,0.249,0.275,0,5.53056,0,1.0429,1.6048,2.5368,12.4562,87.5438,4.38314
Y4/within_8020__f0_s0,9,0.000499197,1,0.0975879,0.629525,6.24291,3.63946,0.115972,8.62798,0.171388,0.20389,0.228019,0.250242,0.20389,0.23,0.276,0,5.36573,0,1.21934,1.63037,2.42038,11.0805,88.9195,4.18994
Y4/within_8020__f0_s0,10,0.000498845,1,0.0972864,0.62725,6.06305,3.5068,0.0864583,8.57458,0.174054,0.224462,0.225121,0.263768,0.224462,0.243,0.3,0,5.59037,0,1.76858,1.68645,2.35896,14.1618,85.8382,4.29696
Y4/within_8020__f0_s0,11,0.000498428,1,0.0969849,0.624975,5.95464,3.41902,0.1125,8.82083,0.190205,0.238611,0.249275,0.275362,0.238611,0.274,0.299,0,6.0309,0,1.85721,2.0945,2.34501,25.587,74.413,4.58086
Y4/within_8020__f0_s0,12,0.000497947,1,0.0966834,0.6227,6.12394,3.56748,0.0993056,8.49815,0.204549,0.246597,0.258937,0.284058,0.246597,0.272,0.305,0,5.94406,0,1.41742,1.60115,2.20155,18.2168,81.7831,4.96896
Y4/within_8020__f0_s0,13,0.000497403,1,0.0963819,0.620425,6.0087,3.48031,0.116319,8.60415,0.213735,0.272463,0.263768,0.312077,0.272463,0.285,0.309,0,5.8893,0,1.64186,1.73673,2.10938,15.1979,84.8021,4.80181
Y4/within_8020__f0_s0,14,0.000496795,1,0.0960804,0.61815,5.97577,3.47329,0.110069,8.54147,0.252563,0.284217,0.297585,0.322705,0.284217,0.311,0.327,0,5.72488,0,1.5247,1.49186,2.05456,16.1185,83.8815,4.79226
Y4/within_8020__f0_s0,15,0.000496124,1,0.0957789,0.615875,5.95704,3.45446,0.0864583,8.66391,0.234787,0.296844,0.277295,0.332367,0.296844,0.291,0.334,0,5.68947,0,1.70209,1.49489,1.95643,17.2686,82.7314,4.71489
Y4/within_8020__f0_s0,16,0.000495389,1,0.0954774,0.6136,5.90354,3.43272,0.142708,8.68555,0.250403,0.294673,0.292754,0.333333,0.296844,,,0,5.82569,1,1.73374,1.59112,1.91212,,,4.86675
Y4/within_8020__f0_s0,17,0.000494592,1,0.0951759,0.611325,5.80003,3.35013,0.113194,8.63525,0.217625,0.31075,0.270531,0.342995,0.31075,0.301,0.367,0,6.85649,0,2.5084,1.81697,1.955,20.1817,79.8183,5.61903
Y4/within_8020__f0_s0,18,0.000493731,1,0.0948744,0.60905,5.80636,3.36292,0.161806,8.61399,0.248886,0.317468,0.302415,0.347826,0.317468,0.311,0.369,0,6.6008,0,2.02103,1.60433,1.87181,14.8859,85.1141,5.64291
Y4/within_8020__f0_s0,19,0.000492808,1,0.0945729,0.606775,5.74333,3.31051,0.114931,8.59684,0.248283,0.293434,0.292754,0.329469,0.317468,,,0,7.44232,0,2.75404,2.45263,1.89483,,,5.7069
Y4/within_8020__f0_s0,20,0.000491823,1,0.0942714,0.6045,5.66874,3.25185,0.185069,8.77354,0.239349,0.312244,0.295652,0.349758,0.317468,,,0,6.58324,0,2.56247,1.73064,1.82981,,,5.38362
Y4/within_8020__f0_s0,21,0.000490775,1,0.0939698,0.602225,5.74546,3.33974,0.153472,8.65256,0.261818,0.318789,0.307246,0.35942,0.318789,0.337,0.387,0,6.8796,0,3.00718,1.57071,1.77751,20.5674,79.4326,5.51574
Y4/within_8020__f0_s0,22,0.000489666,1,0.0936683,0.59995,5.61934,3.26075,0.128472,8.61115,0.280406,0.326684,0.323671,0.356522,0.326684,0.359,0.408,0,7.392,0,2.70357,1.61918,1.78692,16.5906,83.4094,6.29337
Y4/within_8020__f0_s0,23,0.000488495,1,0.0933668,0.597675,5.43979,3.13299,0.178819,8.54854,0.282629,0.335532,0.324638,0.366184,0.335532,0.363,0.41,0,7.14064,0,3.43183,1.70394,1.70517,15.4448,84.5553,5.5457
Y4/within_8020__f0_s0,24,0.000487263,1,0.0930653,0.5954,5.34676,3.08377,0.130556,8.71538,0.335449,0.365653,0.380676,0.394203,0.365653,0.42,0.424,0,7.8186,0,3.9643,1.83238,1.78359,16.901,83.099,6.00419
Y4/within_8020__f0_s0,25,0.00048597,1,0.0927638,0.593125,5.28096,3.05219,0.174653,8.59871,0.345639,0.374618,0.392271,0.404831,0.374618,0.428,0.44,0,6.95519,0,3.50078,1.65468,1.67947,17.7573,82.2427,5.32465
Y4/within_8020__f0_s0,26,0.000484616,1,0.0924623,0.59085,5.36239,3.14054,0.20625,8.6759,0.348571,0.394189,0.380676,0.42029,0.394189,0.403,0.452,0,7.64948,0,3.87063,1.66221,1.6552,16.4193,83.5807,5.92564
Y4/within_8020__f0_s0,27,0.000483202,1,0.0921608,0.588575,5.16137,2.99773,0.219444,8.53419,0.387504,0.422558,0.410628,0.446377,0.422558,0.446,0.451,0,7.65909,0,4.13206,1.83461,1.66632,21.6514,78.3486,5.70279
Y4/within_8020__f0_s0,28,0.000481728,1,0.0918593,0.5863,5.1382,2.98678,0.215625,8.52158,0.382947,0.420958,0.411594,0.450242,0.422558,,,0,8.25514,0,4.81909,1.7645,1.68262,,,5.83168
Y4/within_8020__f0_s0,29,0.000480195,1,0.0915578,0.584025,4.95956,2.8595,0.19375,8.63189,0.415161,0.431914,0.434783,0.456039,0.431914,0.489,0.496,0,8.48164,0,4.74559,1.7282,1.64909,26.6424,73.3576,6.31282
Y4/within_8020__f0_s0,30,0.000478603,1,0.0912563,0.58175,4.91463,2.85045,0.207986,8.47539,0.418382,0.432386,0.438647,0.451208,0.432386,0.463,0.487,0,7.83056,0,4.77061,1.69754,1.59765,25.9288,74.0712,5.28985
Y4/within_8020__f0_s0,31,0.000476951,0,0.0909548,0.579475,4.21924,2.33668,0.447222,8.554,0.344017,0.47712,0.377778,0.495652,0.47712,0.409,0.517,0,9.37537,0,5.90094,2.44443,1.76863,21.2955,78.7045,6.32982
Y4/within_8020__f0_s0,32,0.000475242,0,0.0906533,0.5772,4.08643,2.26201,0.479167,8.67848,0.360895,0.466606,0.391304,0.48599,0.47712,,,0,10.0124,0,6.74378,2.4372,1.74328,,,6.47668
Y4/within_8020__f0_s0,33,0.000473475,0,0.0903518,0.574925,4.02687,2.23138,0.477083,8.41551,0.460976,0.477697,0.491787,0.492754,0.477697,0.526,0.529,0,10.2305,0,6.84999,2.20447,1.75243,27.3839,72.6161,6.60553
Y4/within_8020__f0_s0,34,0.00047165,0,0.0900503,0.57265,3.91537,2.15103,0.503819,8.53883,0.464908,0.501914,0.485024,0.522705,0.501914,0.578,0.581,0,10.2181,0,6.82826,2.42494,1.70864,32.7509,67.2491,6.56106
Y4/within_8020__f0_s0,35,0.000469769,0,0.0897487,0.570375,3.94495,2.19885,0.490625,8.62238,0.485727,0.508986,0.508213,0.528502,0.508986,0.583,0.596,0,10.5191,0,7.42212,2.38068,1.70588,31.3575,68.6425,6.46337
Y4/within_8020__f0_s0,36,0.000467831,0,0.0894472,0.5681,3.77011,2.07373,0.543403,8.61751,0.474769,0.519826,0.490821,0.536232,0.519826,0.551,0.612,0,10.3601,0,7.16051,2.26036,1.67001,32.7424,67.2576,6.48361
Y4/within_8020__f0_s0,37,0.000465837,0,0.0891457,0.565825,3.74693,2.06901,0.543403,8.69945,0.498456,0.530445,0.515942,0.545894,0.530445,0.585,0.617,0,9.79287,0,6.75749,2.13081,1.6341,25.8084,74.1916,6.22696
Y4/within_8020__f0_s0,38,0.000463788,0,0.0888442,0.56355,3.70036,2.05191,0.534028,8.57577,0.50656,0.541823,0.523671,0.558454,0.541823,0.6,0.628,0,10.8436,0,7.89877,2.19525,1.62114,31.1063,68.8937,6.5554
Y4/within_8020__f0_s0,39,0.000461685,0,0.0885427,0.561275,3.61294,2.00685,0.538889,8.50866,0.414608,0.549586,0.436715,0.560386,0.549586,0.529,0.633,0,10.9358,0,7.92965,2.33612,1.61555,37.8507,62.1493,6.58431
Y4/within_8020__f0_s0,40,0.000459526,0,0.0882412,0.559,3.57419,1.98556,0.559375,8.44864,0.541896,0.558121,0.558454,0.572947,0.558121,0.624,0.67,0,10.5106,0,7.15822,2.08713,1.59911,32.7421,67.2579,6.93374
Y4/within_8020__f0_s0,41,0.000457314,0,0.0879397,0.556725,3.5237,1.94438,0.577431,8.61297,0.524632,0.529834,0.542029,0.541063,0.558121,,,0,11.8033,0,8.45576,2.36311,1.59332,,,7.2262
Y4/within_8020__f0_s0,42,0.000455049,0,0.0876382,0.55445,3.50881,1.94948,0.579514,8.55828,0.513507,0.544736,0.537198,0.558454,0.558121,,,0,10.8224,0,8.10626,2.09178,1.57438,,,6.28243
Y4/within_8020__f0_s0,43,0.000452732,0,0.0873367,0.552175,3.44875,1.9174,0.571528,8.69796,0.545361,0.56975,0.556522,0.582609,0.56975,0.661,0.664,0,10.4398,0,7.88807,2.0925,1.54734,37.5345,62.4655,6.03381
Y4/within_8020__f0_s0,44,0.000450362,0,0.0870352,0.5499,3.5323,1.95421,0.566667,8.60698,0.477822,0.546837,0.490821,0.558454,0.56975,,,0.00740741,12.3054,0,9.43702,2.74528,1.56147,,,6.50751
Y4/within_8020__f0_s0,45,0.000447941,0,0.0867337,0.547625,3.40023,1.90132,0.584028,8.49115,0.548569,0.559781,0.562319,0.573913,0.56975,,,0,11.4591,0,8.55702,1.92985,1.51057,,,6.68278
Y4/within_8020__f0_s0,46,0.000445469,0,0.0864322,0.54535,3.33804,1.86301,0.599653,8.62499,0.558855,0.542921,0.571981,0.558454,0.56975,,,0,10.3613,0,7.93606,1.91116,1.48059,,,5.85781
Y4/within_8020__f0_s0,47,0.000442948,0,0.0861307,0.543075,3.26119,1.82086,0.605556,8.57079,0.572267,0.588711,0.588406,0.6,0.588711,0.7,0.709,0,10.0812,0,7.86568,1.87292,1.44213,38.1774,61.8226,5.4373
Y4/within_8020__f0_s0,48,0.000440376,0,0.0858291,0.5408,3.22486,1.80158,0.619097,8.59609,0.588522,0.585679,0.597101,0.593237,0.588711,,,0,10.5951,0,7.91629,1.99597,1.46494,,,6.14063
Y4/within_8020__f0_s0,49,0.000437756,0,0.0855276,0.538525,3.18533,1.78062,0.613889,8.80171,0.578816,0.594066,0.592271,0.601932,0.594066,0.706,0.71,0,9.99187,0,7.48488,1.94959,1.44095,40.6874,59.3126,5.80555
Y4/within_8020__f0_s0,50,0.000435088,0,0.0852261,0.53625,3.18904,1.77816,0.623958,8.55491,0.573625,0.604357,0.584541,0.614493,0.604357,0.677,0.728,0,11.4738,0,8.91779,2.11194,1.46629,42.4837,57.5163,6.2487
Y4/within_8020__f0_s0,51,0.000432373,0,0.0849246,0.533975,3.14938,1.76689,0.618403,8.54017,0.571551,0.597291,0.585507,0.604831,0.604357,,,0,10.7246,0,8.11251,2.15111,1.46767,,,6.14877
Y4/within_8020__f0_s0,52,0.000429611,0,0.0846231,0.5317,3.12085,1.74207,0.621181,8.7303,0.490084,0.614013,0.514976,0.62029,0.614013,0.629,0.738,0,11.6782,0,9.31469,2.24609,1.45316,40.4327,59.5673,6.16022
Y4/within_8020__f0_s0,53,0.000426803,0,0.0843216,0.529425,3.08462,1.75584,0.622222,8.59779,0.601737,0.605966,0.609662,0.616425,0.614013,,,0,10.6234,0,8.17467,2.03398,1.43125,,,5.85928
Y4/within_8020__f0_s0,54,0.000423949,0,0.0840201,0.52715,3.02537,1.71208,0.644792,8.62584,0.557863,0.59904,0.572947,0.608696,0.614013,,,0,11.4676,0,8.71451,1.99589,1.44285,,,6.66278
Y4/within_8020__f0_s0,55,0.000421051,0,0.0837186,0.524875,3.01616,1.69297,0.647222,8.70167,0.573286,0.607723,0.588406,0.616425,0.614013,,,0,11.7794,0,9.39766,2.3491,1.41551,,,5.97168
Y4/within_8020__f0_s0,56,0.00041811,0,0.0834171,0.5226,2.95762,1.68737,0.637153,8.52359,0.541731,0.611336,0.553623,0.618357,0.614013,,,0,10.8125,0,8.2502,2.00272,1.4255,,,6.15814
Y4/within_8020__f0_s0,57,0.000415125,0,0.0831156,0.520325,2.88158,1.6335,0.671528,8.57978,0.508171,0.619236,0.521739,0.628986,0.619236,0.641,0.764,0,10.0765,0,7.99237,1.95784,1.36803,46.3561,53.6439,5.37699
Y4/within_8020__f0_s0,58,0.000412098,0,0.0828141,0.51805,2.89591,1.65313,0.657639,8.53375,0.567008,0.61253,0.584541,0.62029,0.619236,,,0,10.8576,0,8.52718,1.98745,1.3964,,,5.9828
Y4/within_8020__f0_s0,59,0.00040903,0,0.0825126,0.515775,2.86424,1.63906,0.653472,8.51294,0.598967,0.616388,0.610628,0.625121,0.619236,,,0,10.3105,0,8.31427,1.93753,1.34852,,,5.30578
Y4/within_8020__f0_s0,60,0.000405921,0,0.0822111,0.5135,2.84039,1.63085,0.653819,8.57753,0.557898,0.606374,0.571014,0.618357,0.619236,,,0,10.5432,0,8.22458,2.0483,1.35712,,,5.75433
Y4/within_8020__f0_s0,61,0.000402773,0,0.0819095,0.511225,2.7956,1.59452,0.672222,8.67682,0.568963,0.60325,0.580676,0.614493,0.619236,,,0,10.9256,0,8.55296,2.09443,1.37263,,,5.89192
Y4/within_8020__f0_s0,62,0.000399585,0,0.081608,0.50895,2.80572,1.60594,0.663889,8.50852,0.579788,0.60565,0.590338,0.613527,0.619236,,,0,11.2259,0,9.10338,2.35234,1.36849,,,5.56668
Y4/within_8020__f0_s0,63,0.000396359,0,0.0813065,0.506675,2.80659,1.62073,0.658681,8.58008,0.56438,0.626523,0.573913,0.63285,0.626523,0.709,0.779,0,11.3899,0,8.61601,2.18005,1.38657,52.3995,47.6005,6.55314
Y4/within_8020__f0_s0,64,0.000393096,0,0.081005,0.5044,2.74531,1.58913,0.681944,8.59746,0.592923,0.627207,0.61256,0.636715,0.627207,0.766,0.804,0,10.2016,0,7.93282,2.02633,1.33466,52.4446,47.5554,5.5869
Y4/within_8020__f0_s0,65,0.000389796,0,0.0807035,0.502125,2.70255,1.56502,0.684375,8.65817,0.568209,0.626974,0.588406,0.633816,0.627207,,,0,9.87735,0,7.75895,2.06576,1.31299,,,5.26954
Y4/within_8020__f0_s0,66,0.000386461,0,0.080402,0.49985,2.63289,1.51947,0.696181,8.61689,0.604244,0.617771,0.619324,0.625121,0.627207,,,0,10.1237,0,8.18638,2.03698,1.30572,,,5.14405
Y4/within_8020__f0_s0,67,0.000383091,0,0.0801005,0.497575,2.65755,1.53869,0.695139,8.71539,0.573956,0.616739,0.581643,0.627053,0.627207,,,0,10.1415,0,7.98046,2.29722,1.32157,,,5.33474
Y4/within_8020__f0_s0,68,0.000379687,0,0.079799,0.4953,2.56044,1.48326,0.706597,8.59513,0.606842,0.619781,0.618357,0.627053,0.627207,,,0,10.1784,0,8.40564,1.99198,1.2842,,,4.96419
Y4/within_8020__f0_s0,69,0.00037625,0,0.0794975,0.493025,2.56145,1.49447,0.7,8.63668,0.59726,0.629347,0.607729,0.637681,0.629347,0.774,0.82,0,10.1115,0,7.97322,2.08265,1.304,52.9379,47.0621,5.44914
Y4/within_8020__f0_s0,70,0.000372781,0,0.079196,0.49075,2.5194,1.47914,0.712847,8.5845,0.621897,0.632582,0.634783,0.64058,0.632582,0.803,0.823,0,10.0262,0,8.05309,1.97408,1.28566,54.9338,45.0662,5.17223
Y4/within_8020__f0_s0,71,0.000369281,0,0.0788945,0.488475,2.50624,1.45994,0.720486,8.48465,0.596941,0.620032,0.613527,0.631884,0.632582,,,0,10.6464,0,8.76123,2.17501,1.29415,,,5.18677
Y4/within_8020__f0_s0,72,0.00036575,0,0.078593,0.4862,2.55832,1.49552,0.70625,8.53648,0.586749,0.634304,0.596135,0.642512,0.634304,0.768,0.844,0,11.8694,0,9.89509,2.47422,1.2897,56.8796,43.1205,5.53916
Y4/within_8020__f0_s0,73,0.00036219,0,0.0782915,0.483925,2.48364,1.45101,0.718403,8.45735,0.61958,0.630813,0.627053,0.636715,0.634304,,,0,11.3092,0,9.42451,2.25293,1.28496,,,5.35374
Y4/within_8020__f0_s0,74,0.000358601,0,0.0779899,0.48165,2.48661,1.47145,0.706944,8.69742,0.622638,0.649278,0.63285,0.656039,0.649278,0.815,0.853,0,10.6615,0,8.486,2.14821,1.27821,57.7391,42.2609,5.53045
Y4/within_8020__f0_s0,75,0.000354985,0,0.0776884,0.479375,2.42205,1.41798,0.735764,8.56673,0.628097,0.641595,0.634783,0.646377,0.649278,0.815,0.849,0,10.2134,0,8.56169,2.18172,1.23757,60.7887,39.2113,4.70353
Y4/within_8020__f0_s0,76,0.000351343,0,0.0773869,0.4771,2.38775,1.40844,0.720486,8.64681,0.636179,0.651892,0.643478,0.657005,0.651892,0.833,0.849,0,9.83232,0,8.05564,2.05912,1.22551,59.0695,40.9305,4.82363
Y4/within_8020__f0_s0,77,0.000347674,0,0.0770854,0.474825,2.35262,1.38874,0.739236,8.48999,0.620685,0.652223,0.636715,0.659903,0.652223,0.817,0.852,0,10.2143,0,8.53806,2.19151,1.23242,59.1011,40.8989,4.65108
Y4/within_8020__f0_s0,78,0.000343981,0,0.0767839,0.47255,2.33792,1.37306,0.740625,8.78342,0.601886,0.645883,0.616425,0.655072,0.652223,,,0,9.95973,0,8.03583,2.20879,1.24801,,,5.07438
Y4/within_8020__f0_s0,79,0.000340265,0,0.0764824,0.470275,2.3214,1.36251,0.746875,8.65283,0.622368,0.64522,0.631884,0.654106,0.652223,,,0,9.87449,0,8.15618,2.15288,1.22238,,,4.74376
Y4/within_8020__f0_s0,80,0.000336525,0,0.0761809,0.468,2.36636,1.38412,0.739583,8.59658,0.574331,0.534541,0.596135,0.551691,0.652223,,,0,11.5217,0,9.77037,2.67648,1.26682,,,4.89467
Y4/within_8020__f0_s0,81,0.000332764,0,0.0758794,0.465725,2.30626,1.36275,0.748611,8.65659,0.633605,0.625542,0.642512,0.637681,0.652223,,,0,9.91054,0,7.95074,2.14628,1.24512,,,5.04828
Y4/within_8020__f0_s0,82,0.000328982,0,0.0755779,0.46345,2.23002,1.32535,0.767361,8.47499,0.620552,0.635153,0.633816,0.646377,0.652223,,,0,9.68361,0,8.15809,2.15803,1.19233,,,4.37045
Y4/within_8020__f0_s0,83,0.00032518,0,0.0752764,0.461175,2.24162,1.33014,0.759722,8.52988,0.613496,0.645938,0.622222,0.655072,0.652223,,,0,10.1271,0,8.32519,2.16813,1.21253,,,4.93565
Y4/within_8020__f0_s0,84,0.000321359,0,0.0749749,0.4589,2.20519,1.30867,0.769792,8.65759,0.569248,0.648905,0.578744,0.657005,0.652223,,,0,9.7118,0,8.0543,2.22138,1.19914,,,4.52677
Y4/within_8020__f0_s0,85,0.00031752,0,0.0746734,0.456625,2.15706,1.27813,0.772917,8.58011,0.635387,0.651711,0.643478,0.658937,0.652223,,,0,9.44064,0,7.83583,2.15226,1.1981,,,4.43894
Y4/within_8020__f0_s0,86,0.000313664,0,0.0743719,0.45435,2.19222,1.30287,0.767014,8.54941,0.582366,0.652054,0.599034,0.659903,0.652223,,,0,10.3375,0,8.7388,2.26504,1.2186,,,4.6279
Y4/within_8020__f0_s0,87,0.000309793,0,0.0740704,0.452075,2.13446,1.27329,0.771181,8.75522,0.642381,0.659625,0.652174,0.668599,0.659625,0.872,0.885,0,9.68041,0,8.1166,2.16687,1.18384,59.8589,40.1411,4.40283
Y4/within_8020__f0_s0,88,0.000305907,0,0.0737688,0.4498,2.15882,1.28907,0.772917,8.50129,0.626677,0.635076,0.637681,0.646377,0.659625,,,0,10.2829,0,8.55201,2.3772,1.1964,,,4.75819
Y4/within_8020__f0_s0,89,0.000302006,0,0.0734673,0.447525,2.09453,1.25966,0.773611,8.46401,0.612675,0.660535,0.62029,0.669565,0.660535,0.791,0.891,0,10.2052,0,8.70177,2.27499,1.18586,62.4798,37.5202,4.42146
Y4/within_8020__f0_s0,90,0.000298093,0,0.0731658,0.44525,2.03738,1.21475,0.795139,8.47788,0.625002,0.656578,0.635749,0.664734,0.660535,,,0,10.2961,0,8.92875,2.25585,1.14945,,,4.19378
Y4/within_8020__f0_s0,91,0.000294168,0,0.0728643,0.442975,2.05563,1.24797,0.778125,8.64007,0.674966,0.664153,0.679227,0.670531,0.674966,0.887,0.889,0,9.98688,0,8.08382,2.28942,1.18379,62.2511,37.7489,4.97679
Y4/within_8020__f0_s0,92,0.000290233,0,0.0725628,0.4407,2.03129,1.22771,0.789583,8.45636,0.607875,0.667909,0.62029,0.676329,0.674966,,,0,9.91132,0,8.25282,2.3986,1.13827,,,4.52277
Y4/within_8020__f0_s0,93,0.000286287,0,0.0722613,0.438425,2.03549,1.22272,0.798264,8.59185,0.656931,0.670732,0.663768,0.680193,0.674966,,,0,10.0458,0,8.59665,2.34415,1.13655,,,4.21294
Y4/within_8020__f0_s0,94,0.000282333,0,0.0719598,0.43615,1.9529,1.1723,0.8125,8.51645,0.641732,0.668657,0.654106,0.676329,0.674966,,,0,9.43046,0,8.09054,2.35365,1.11109,,,3.86094
Y4/within_8020__f0_s0,95,0.000278371,0,0.0716583,0.433875,1.95363,1.17726,0.810417,8.51274,0.640295,0.662937,0.645411,0.670531,0.674966,,,0,9.6552,0,8.13206,2.29044,1.13294,,,4.24791
Y4/within_8020__f0_s0,96,0.000274402,0,0.0713568,0.4316,1.98139,1.20917,0.800347,8.37975,0.622821,0.666145,0.636715,0.674396,0.674966,,,0,10.3964,0,8.99919,2.49068,1.1704,,,4.17308
Y4/within_8020__f0_s0,97,0.000270428,0,0.0710553,0.429325,1.91634,1.16072,0.816667,8.32002,0.611927,0.656053,0.621256,0.666667,0.674966,,,0,9.98633,0,8.58526,2.31355,1.13604,,,4.18713
Y4/within_8020__f0_s0,98,0.000266449,0,0.0707538,0.42705,1.88104,1.14666,0.814236,8.28572,0.643629,0.667268,0.650242,0.676329,0.674966,,,0,9.47066,0,8.09757,2.21275,1.12149,,,3.99716
Y4/within_8020__f0_s0,99,0.000262466,0,0.0704523,0.424775,1.91038,1.16199,0.816319,8.47821,0.661912,0.674458,0.669565,0.682126,0.674966,,,0,10.7249,0,9.37481,2.53464,1.15506,,,4.09645
Y4/within_8020__f0_s0,100,0.000258481,0,0.0701508,0.4225,1.91605,1.17561,0.803819,8.40077,0.634031,0.677598,0.64058,0.684058,0.677598,0.876,0.929,0,9.72434,0,8.36921,2.37227,1.12869,64.5877,35.4123,3.96412
Y4/within_8020__f0_s0,101,0.000254494,0,0.0698492,0.420225,1.87717,1.14053,0.811458,8.41491,0.608228,0.675599,0.618357,0.683092,0.677598,,,0,10.9747,0,9.5092,2.56124,1.13297,,,4.40483
Y4/within_8020__f0_s0,102,0.000250506,0,0.0695477,0.41795,1.88607,1.14945,0.81875,8.64395,0.626965,0.662512,0.634783,0.670531,0.677598,,,0,10.1582,0,8.72238,2.47715,1.12029,,,4.1514
Y4/within_8020__f0_s0,103,0.000246519,0,0.0692462,0.415675,1.84135,1.13312,0.826042,8.5449,0.651289,0.668442,0.659903,0.677295,0.677598,,,0,9.81346,0,8.42587,2.50926,1.11168,,,3.97357
Y4/within_8020__f0_s0,104,0.000242534,0,0.0689447,0.4134,1.8138,1.10809,0.832292,8.50342,0.655335,0.679379,0.663768,0.686957,0.679379,0.897,0.938,0,9.70813,0,8.40862,2.41282,1.08873,65.3168,34.6832,3.81269
Y4/within_8020__f0_s0,105,0.000238551,0,0.0686432,0.411125,1.79872,1.09691,0.838889,8.47058,0.615476,0.683284,0.628019,0.690821,0.683284,0.846,0.934,0,10.2607,0,8.95802,2.47374,1.10453,65.8635,34.1365,3.9194
Y4/within_8020__f0_s0,106,0.000234572,0,0.0683417,0.40885,1.75572,1.07942,0.842708,8.57464,0.646105,0.677685,0.657971,0.68599,0.683284,,,0,9.53272,0,8.16019,2.3656,1.09999,,,3.94961
Y4/within_8020__f0_s0,107,0.000230598,0,0.0680402,0.406575,1.72447,1.06554,0.845486,8.71948,0.602915,0.677281,0.61256,0.685024,0.683284,,,0,9.44639,0,8.09194,2.31602,1.06203,,,3.92078
Y4/within_8020__f0_s0,108,0.000226629,0,0.0677387,0.4043,1.73058,1.07055,0.842361,8.83437,0.656999,0.671564,0.6657,0.678261,0.683284,,,0,10.1631,0,8.7733,2.50012,1.08654,,,4.08526
Y4/within_8020__f0_s0,109,0.000222667,0,0.0674372,0.402025,1.77151,1.09852,0.832639,8.70721,0.67089,0.670149,0.67343,0.676329,0.683284,,,0,10.2823,0,8.97594,2.48715,1.09506,,,3.97575
Y4/within_8020__f0_s0,110,0.000218713,0,0.0671357,0.39975,1.68577,1.04605,0.846181,8.67516,0.674909,0.666756,0.678261,0.67343,0.683284,,,0,9.74147,0,8.36449,2.38888,1.05556,,,3.99476
Y4/within_8020__f0_s0,111,0.000214767,0,0.0668342,0.397475,1.68041,1.04596,0.846181,8.79266,0.677869,0.671439,0.681159,0.678261,0.683284,,,0,9.78384,1,8.58609,2.37245,1.05472,,,3.61807
Y4/within_8020__f0_s0,112,0.000210832,0,0.0665327,0.3952,1.67046,1.0359,0.852083,8.62175,0.663915,0.67622,0.672464,0.683092,0.683284,,,0,10.2649,0,9.02619,2.53838,1.05061,,,3.72999
Y4/within_8020__f0_s0,113,0.000206907,0,0.0662312,0.392925,1.633,1.02046,0.857986,8.66161,0.681153,0.67918,0.688889,0.686957,0.683284,,,0,9.45867,0,8.2942,2.32656,1.01309,,,3.50914
Y4/within_8020__f0_s0,114,0.000202994,0,0.0659296,0.39065,1.62478,1.01955,0.851736,8.7301,0.679075,0.686905,0.687923,0.692754,0.686905,0.938,0.95,0,9.61821,0,8.36472,2.52688,1.04409,69.8091,30.191,3.66522
Y4/within_8020__f0_s0,115,0.000199093,0,0.0656281,0.388375,1.63644,1.01853,0.852083,8.6469,0.676161,0.691388,0.682126,0.697585,0.691388,0.948,0.954,0,10.0209,0,8.77929,2.60635,1.03825,68.6233,31.3767,3.66288
Y4/within_8020__f0_s0,116,0.000195207,0,0.0653266,0.3861,1.58389,0.992017,0.869792,8.74483,0.674931,0.68066,0.679227,0.688889,0.691388,,,0,9.60072,0,8.42337,2.47404,1.03178,,,3.55474
Y4/within_8020__f0_s0,117,0.000191336,0,0.0650251,0.383825,1.57476,0.984853,0.870833,8.87133,0.649929,0.687402,0.66087,0.694686,0.691388,,,0,9.86664,0,8.64337,2.57571,1.00873,,,3.62418
Y4/within_8020__f0_s0,118,0.00018748,0,0.0647236,0.38155,1.59791,1.00336,0.855903,8.61052,0.679991,0.684673,0.684058,0.69372,0.691388,,,0,10.9262,0,9.82235,2.65474,1.05164,,,3.57306
Y4/within_8020__f0_s0,119,0.000183641,0,0.0644221,0.379275,1.54855,0.969358,0.869444,8.67599,0.658137,0.683834,0.666667,0.692754,0.691388,,,0,9.45831,0,8.21888,2.56906,1.0175,,,3.53285
Y4/within_8020__f0_s0,120,0.00017982,0,0.0641206,0.377,1.52229,0.959253,0.870139,8.85082,0.670947,0.698545,0.677295,0.70628,0.698545,0.938,0.959,0,9.46987,0,8.27485,2.48145,1.0214,67.8635,32.1365,3.48361
Y4/within_8020__f0_s0,121,0.000176018,0,0.0638191,0.374725,1.53175,0.971424,0.866667,8.57602,0.660652,0.691455,0.663768,0.700483,0.698545,,,0,9.78158,0,8.64159,2.48475,0.993677,,,3.47641
Y4/within_8020__f0_s0,122,0.000172236,0,0.0635176,0.37245,1.51168,0.959573,0.875694,8.5874,0.678596,0.704023,0.685024,0.711111,0.704023,0.943,0.958,0,9.42028,0,8.31702,2.56728,1.01707,68.9494,31.0506,3.22169
Y4/within_8020__f0_s0,123,0.000168475,0,0.0632161,0.370175,1.51024,0.963031,0.868056,8.67256,0.675954,0.692544,0.683092,0.701449,0.704023,,,0,9.58635,0,8.35758,2.47569,1.01726,,,3.64271
Y4/within_8020__f0_s0,124,0.000164735,0,0.0629146,0.3679,1.50068,0.956794,0.876042,8.663,0.684564,0.694977,0.689855,0.704348,0.704023,,,0,9.47977,0,8.35683,2.48512,0.987572,,,3.38583
Y4/within_8020__f0_s0,125,0.000161019,0,0.0626131,0.365625,1.47212,0.938122,0.875694,8.64252,0.692444,0.696076,0.700483,0.702415,0.704023,0.962,0.969,0,8.8968,0,7.7184,2.47633,0.9956,68.0738,31.9262,3.28127
Y4/within_8020__f0_s0,126,0.000157326,0,0.0623116,0.36335,1.43338,0.921708,0.882986,8.74272,0.689665,0.694179,0.695652,0.702415,0.704023,,,0,9.33046,0,8.08625,2.7675,0.962895,,,3.29353
Y4/within_8020__f0_s0,127,0.000153657,0,0.0620101,0.361075,1.40823,0.902202,0.890278,8.60405,0.670868,0.690456,0.680193,0.697585,0.704023,,,0,9.37859,0,8.23554,2.51043,0.990429,,,3.38016
Y4/within_8020__f0_s0,128,0.000150015,0,0.0617085,0.3588,1.40232,0.90179,0.893056,8.6745,0.686414,0.691971,0.695652,0.699517,0.704023,,,0,8.83623,0,7.73776,2.33238,0.950511,,,3.23977
Y4/within_8020__f0_s0,129,0.000146399,0,0.061407,0.356525,1.41045,0.911965,0.885417,8.74086,0.675891,0.69527,0.680193,0.702415,0.704023,,,0,10.1351,0,9.12278,2.59191,0.980791,,,3.15622
Y4/within_8020__f0_s0,130,0.00014281,0,0.0611055,0.35425,1.38533,0.896011,0.890972,8.68058,0.692731,0.689616,0.698551,0.698551,0.704023,,,0,9.11485,0,8.05746,2.46584,0.95825,,,3.07719
Y4/within_8020__f0_s0,131,0.00013925,0,0.060804,0.351975,1.34364,0.867461,0.902778,8.7659,0.675043,0.699019,0.685024,0.70628,0.704023,,,0,8.65743,0,7.55688,2.32765,0.935061,,,3.1872
Y4/within_8020__f0_s0,132,0.000135719,0,0.0605025,0.3497,1.34437,0.871032,0.892361,8.89701,0.699243,0.703855,0.70628,0.710145,0.704023,,,0,9.25653,0,8.15693,2.45945,0.942594,,,3.24024
Y4/within_8020__f0_s0,133,0.000132219,0,0.060201,0.347425,1.36513,0.887149,0.890972,8.58373,0.673162,0.691963,0.680193,0.700483,0.704023,,,0,9.36006,0,8.23809,2.62764,0.947282,,,3.18126
Y4/within_8020__f0_s0,134,0.00012875,0,0.0598995,0.34515,1.3492,0.875247,0.896181,8.62335,0.666425,0.699278,0.676329,0.70628,0.704023,,,0,9.33206,0,8.3034,2.48112,0.937121,,,3.10956
Y4/within_8020__f0_s0,135,0.000125313,0,0.059598,0.342875,1.31748,0.862412,0.900694,8.71777,0.688549,0.698018,0.694686,0.705314,0.704023,,,0,8.94054,0,7.95696,2.38871,0.908415,,,2.89259
Y4/within_8020__f0_s0,136,0.000121909,0,0.0592965,0.3406,1.31334,0.854924,0.903472,8.65435,0.674987,0.693497,0.682126,0.700483,0.704023,,,0,9.21511,0,8.23217,2.46694,0.913032,,,2.99918
Y4/within_8020__f0_s0,137,0.000118539,0,0.058995,0.338325,1.30406,0.851561,0.905208,8.68936,0.668874,0.700995,0.676329,0.707246,0.704023,,,0,9.66276,0,8.56007,2.77604,0.955925,,,3.04739
Y4/within_8020__f0_s0,138,0.000115204,0,0.0586935,0.33605,1.2723,0.835169,0.907292,8.75467,0.692395,0.700395,0.701449,0.707246,0.704023,,,0,8.5727,0,7.56761,2.40399,0.90393,,,2.88084
Y4/within_8020__f0_s0,139,0.000111904,0,0.058392,0.333775,1.27964,0.839821,0.901736,8.71666,0.680938,0.699817,0.692754,0.707246,0.704023,,,0,8.95862,0,7.97929,2.42421,0.903374,,,2.92341
Y4/within_8020__f0_s0,140,0.000108641,0,0.0580905,0.3315,1.28172,0.848685,0.898958,8.67652,0.676305,0.700927,0.684058,0.708213,0.704023,,,0,8.80321,0,7.75855,2.45267,0.922536,,,3.01069
Y4/within_8020__f0_s0,141,0.000105415,0,0.0577889,0.329225,1.25187,0.827246,0.90625,8.77907,0.68118,0.708814,0.688889,0.714976,0.708814,0.975,0.984,0,8.65013,0,7.58741,2.45025,0.904363,71.1513,28.8487,3.01046
Y4/within_8020__f0_s0,142,0.000102227,0,0.0574874,0.32695,1.2359,0.81634,0.9125,8.71075,0.704102,0.706172,0.707246,0.712077,0.708814,,,0,8.6497,0,7.66997,2.40683,0.885868,,,2.82638
Y4/within_8020__f0_s0,143,9.90786e-05,0,0.0571859,0.324675,1.22764,0.815493,0.911806,8.68162,0.706333,0.705697,0.713043,0.710145,0.708814,,,0,9.19058,0,8.16665,2.59256,0.904887,,,2.9628
Y4/within_8020__f0_s0,144,9.59698e-05,0,0.0568844,0.3224,1.21512,0.811854,0.913194,8.81534,0.704172,0.709594,0.709179,0.715942,0.709594,0.992,0.982,0,9.0879,0,8.03543,2.68691,0.882719,71.6805,28.3195,2.87955
Y4/within_8020__f0_s0,145,9.29016e-05,0,0.0565829,0.320125,1.19711,0.793607,0.921181,8.5174,0.702035,0.708664,0.707246,0.713043,0.709594,,,0,8.03044,0,7.04536,2.34021,0.851217,,,2.7071
Y4/within_8020__f0_s0,146,8.98748e-05,0,0.0562814,0.31785,1.18077,0.790783,0.921181,8.76902,0.694289,0.713413,0.700483,0.717874,0.713413,0.98,0.987,0,8.73541,0,7.78763,2.45867,0.893841,71.6706,28.3294,2.74612
Y4/within_8020__f0_s0,147,8.68902e-05,0,0.0559799,0.315575,1.1993,0.807334,0.913889,8.65479,0.689062,0.703192,0.69372,0.708213,0.713413,,,0,9.07599,0,8.13013,2.50201,0.901667,,,2.80621
Y4/within_8020__f0_s0,148,8.39486e-05,0,0.0556784,0.3133,1.17272,0.787022,0.917708,8.62807,0.683778,0.703045,0.692754,0.708213,0.713413,,,0,9.24027,0,8.31947,2.55384,0.879278,,,2.71906
Y4/within_8020__f0_s0,149,8.10507e-05,0,0.0553769,0.311025,1.1819,0.796548,0.913542,8.53065,0.693367,0.702743,0.700483,0.708213,0.713413,,,0,8.6992,0,7.77374,2.41986,0.885597,,,2.71999
Y4/within_8020__f0_s0,150,7.81974e-05,0,0.0550754,0.30875,1.14451,0.769095,0.924653,8.78912,0.693495,0.709431,0.700483,0.71401,0.713413,0.992,0.987,0,8.36957,0,7.46645,2.4024,0.834752,70.8788,29.1212,2.58284
Y4/within_8020__f0_s0,151,7.53893e-05,0,0.0547739,0.306475,1.15371,0.776552,0.916319,8.53982,0.689415,0.704436,0.697585,0.710145,0.713413,,,0,8.91042,0,7.9778,2.40855,0.872666,,,2.7524
Y4/within_8020__f0_s0,152,7.26271e-05,0,0.0544724,0.3042,1.12095,0.756325,0.922917,8.59267,0.685596,0.70987,0.694686,0.714976,0.713413,,,0,8.03337,0,7.10441,2.37348,0.846521,,,2.58376
Y4/within_8020__f0_s0,153,6.99117e-05,0,0.0541709,0.301925,1.12904,0.765135,0.921528,8.61435,0.696312,0.706505,0.703382,0.713043,0.713413,,,0,9.73219,0,8.81466,2.59227,0.878438,,,2.73279
Y4/within_8020__f0_s0,154,6.72436e-05,0,0.0538693,0.29965,1.12001,0.761265,0.920833,8.44332,0.702609,0.711122,0.710145,0.716908,0.713413,,,0,8.7368,0,7.82588,2.44494,0.861092,,,2.62227
Y4/within_8020__f0_s0,155,6.46236e-05,0,0.0535678,0.297375,1.11152,0.757829,0.923611,8.37161,0.696379,0.712002,0.703382,0.716908,0.713413,,,0,8.00503,0,6.9635,2.46746,0.871793,,,2.74105
Y4/within_8020__f0_s0,156,6.20524e-05,0,0.0532663,0.2951,1.10697,0.760886,0.919792,8.55579,0.694938,0.711782,0.702415,0.716908,0.713413,,,0,8.74561,0,7.88932,2.38644,0.856069,,,2.58019
Y4/within_8020__f0_s0,157,5.95306e-05,0,0.0529648,0.292825,1.0812,0.742348,0.920833,8.35947,0.700459,0.713925,0.707246,0.717874,0.713925,0.991,0.989,0,8.51217,0,7.57323,2.38761,0.844032,72.2498,27.7502,2.68676
Y4/within_8020__f0_s0,158,5.70589e-05,0,0.0526633,0.29055,1.09638,0.751414,0.928472,8.44805,0.684715,0.707522,0.692754,0.713043,0.713925,,,0,9.68,0,8.69273,2.88065,0.864916,,,2.63118
Y4/within_8020__f0_s0,159,5.46379e-05,0,0.0523618,0.288275,1.0454,0.718129,0.934722,8.52873,0.691236,0.716247,0.694686,0.720773,0.716247,0.991,0.99,0,8.12129,0,7.18717,2.3613,0.82457,72.3044,27.6956,2.6366
Y4/within_8020__f0_s0,160,5.22683e-05,0,0.0520603,0.286,1.08459,0.747094,0.926042,8.49685,0.696066,0.712987,0.703382,0.717874,0.716247,,,0,8.08157,0,7.18542,2.42129,0.855178,,,2.43332
Y4/within_8020__f0_s0,161,4.99506e-05,0,0.0517588,0.283725,1.04495,0.721475,0.931944,8.3728,0.692253,0.712816,0.701449,0.716908,0.716247,,,0,8.07772,0,7.16741,2.28598,0.826865,,,2.64416
Y4/within_8020__f0_s0,162,4.76856e-05,0,0.0514573,0.28145,1.02451,0.707171,0.932639,8.45208,0.688859,0.708173,0.697585,0.713043,0.716247,,,0,8.64458,0,7.79551,2.33271,0.823299,,,2.60411
Y4/within_8020__f0_s0,163,4.54736e-05,0,0.0511558,0.279175,1.03963,0.722372,0.923958,8.3415,0.703855,0.714208,0.710145,0.718841,0.716247,,,0,7.86802,0,6.94979,2.29597,0.820054,,,2.53793
Y4/within_8020__f0_s0,164,4.33155e-05,0,0.0508543,0.2769,1.03645,0.719149,0.930208,8.24971,0.69716,0.706111,0.703382,0.711111,0.716247,,,0,7.63848,0,6.68041,2.33288,0.837459,,,2.55761
Y4/within_8020__f0_s0,165,4.12116e-05,0,0.0505528,0.274625,1.00669,0.702214,0.936458,8.45667,0.704965,0.713201,0.711111,0.717874,0.716247,,,0,7.66322,0,6.7971,2.21345,0.819811,,,2.46193
Y4/within_8020__f0_s0,166,3.91625e-05,0,0.0502513,0.27235,0.999531,0.696269,0.939236,8.37976,0.701644,0.705469,0.709179,0.712077,0.716247,,,0,7.74421,0,6.89007,2.25985,0.809072,,,2.40397
Y4/within_8020__f0_s0,167,3.71688e-05,0,0.0499497,0.270075,0.990226,0.687886,0.9375,8.38751,0.692048,0.707652,0.701449,0.713043,0.716247,,,0,8.04516,0,7.17466,2.26211,0.81378,,,2.49787
Y4/within_8020__f0_s0,168,3.5231e-05,0,0.0496482,0.2678,1.00095,0.704983,0.926736,8.29098,0.691444,0.708565,0.699517,0.71401,0.716247,,,0.00740741,8.80975,0,7.84003,2.70724,0.833407,,,2.49049
Y4/within_8020__f0_s0,169,3.33496e-05,0,0.0493467,0.265525,0.988571,0.696814,0.929167,8.53711,0.703304,0.704535,0.708213,0.711111,0.716247,,,0,7.66301,0,6.73918,2.38048,0.82931,,,2.44754
Y4/within_8020__f0_s0,170,3.15251e-05,0,0.0490452,0.26325,0.978678,0.691321,0.933333,8.45431,0.714607,0.709055,0.719807,0.714976,0.716247,,,0,8.53491,0,7.64338,2.44912,0.841269,,,2.53892
Y4/within_8020__f0_s0,171,2.97579e-05,0,0.0487437,0.260975,0.9705,0.684272,0.932639,8.41015,0.706471,0.706069,0.712077,0.712077,0.716247,,,0,8.08621,0,7.21515,2.2776,0.816216,,,2.52415
Y4/within_8020__f0_s0,172,2.80486e-05,0,0.0484422,0.2587,0.964706,0.684771,0.935417,8.45507,0.695608,0.702564,0.702415,0.708213,0.716247,,,0,7.82041,0,7.01632,2.23522,0.807737,,,2.27771
Y4/within_8020__f0_s0,173,2.63975e-05,0,0.0481407,0.256425,0.953437,0.676468,0.940278,8.41121,0.689508,0.70193,0.695652,0.708213,0.716247,,,0,7.50311,0,6.61734,2.24671,0.811521,,,2.39998
Y4/within_8020__f0_s0,174,2.48051e-05,0,0.0478392,0.25415,0.939496,0.666755,0.935069,8.44834,0.704431,0.70578,0.709179,0.711111,0.716247,,,0,7.27293,0,6.43687,2.19524,0.794602,,,2.29887
Y4/within_8020__f0_s0,175,2.32718e-05,0,0.0475377,0.251875,0.930013,0.663185,0.933681,8.51767,0.696804,0.703396,0.702415,0.709179,0.716247,0.995,0.995,0,8.07366,0,7.24767,2.35128,0.784383,72.9349,27.0651,2.32868
Y4/within_8020__f0_s0,176,2.1798e-05,0,0.0472362,0.25,0.931706,0.664997,0.932639,8.45423,0.699091,0.703228,0.704348,0.708213,0.716247,,,0,7.77978,0,6.89827,2.37589,0.818028,,,2.36199
Y4/within_8020__f0_s0,177,2.0384e-05,0,0.0469347,0.25,0.946143,0.678062,0.934375,8.25187,0.701169,0.705954,0.705314,0.711111,0.716247,,,0,7.79466,0,6.92972,2.22551,0.806193,,,2.42826
Y4/within_8020__f0_s0,178,1.90303e-05,0,0.0466332,0.25,0.924912,0.658211,0.934722,8.71416,0.698921,0.704619,0.705314,0.710145,0.716247,,,0,7.58043,0,6.69342,2.28262,0.806542,,,2.42057
Y4/within_8020__f0_s0,179,1.77372e-05,0,0.0463317,0.25,0.915222,0.654794,0.932292,8.42316,0.701577,0.705883,0.705314,0.712077,0.716247,,,0,8.12486,0,7.25353,2.41043,0.810833,,,2.37749
Y4/within_8020__f0_s0,180,1.65051e-05,0,0.0460302,0.25,0.925615,0.657571,0.939236,8.29709,0.712241,0.70501,0.718841,0.710145,0.716247,,,0,7.39061,0,6.48938,2.30158,0.808764,,,2.37187
Y4/within_8020__f0_s0,181,1.53342e-05,0,0.0457286,0.25,0.90555,0.644368,0.943056,8.44279,0.700423,0.703381,0.708213,0.709179,0.716247,,,0,7.42514,0,6.52491,2.32563,0.809133,,,2.35082
Y4/within_8020__f0_s0,182,1.42248e-05,0,0.0454271,0.25,0.897885,0.636306,0.938542,8.44774,0.695856,0.702623,0.703382,0.709179,0.716247,,,0,7.15721,0,6.2752,2.22278,0.789858,,,2.31981
Y4/within_8020__f0_s0,183,1.31773e-05,0,0.0451256,0.25,0.909634,0.649066,0.935764,8.40943,0.702479,0.701638,0.707246,0.708213,0.716247,,,0,7.4294,0,6.50891,2.32114,0.836218,,,2.42978
Y4/within_8020__f0_s0,184,1.21919e-05,0,0.0448241,0.25,0.886555,0.63259,0.940625,8.51412,0.698231,0.705657,0.703382,0.711111,0.716247,,,0,6.88341,0,6.03036,2.08818,0.785231,,,2.30502
Y4/within_8020__f0_s0,185,1.12689e-05,0,0.0445226,0.25,0.887155,0.628712,0.944792,8.38067,0.69459,0.70315,0.700483,0.709179,0.716247,,,0,7.88472,0,7.05122,2.41229,0.79526,,,2.25147
Y4/within_8020__f0_s0,186,1.04085e-05,0,0.0442211,0.25,0.894247,0.63609,0.938194,8.35219,0.698342,0.694775,0.703382,0.701449,0.716247,,,0,7.57137,0,6.70579,2.29516,0.805651,,,2.33522
Y4/within_8020__f0_s0,187,9.61089e-06,0,0.0439196,0.25,0.886982,0.628805,0.939931,8.38125,0.701884,0.702098,0.708213,0.708213,0.716247,,,0,7.72151,0,6.84421,2.34188,0.797267,,,2.33399
Y4/within_8020__f0_s0,188,8.87636e-06,0,0.0436181,0.25,0.879414,0.626062,0.940625,8.57189,0.706363,0.703339,0.713043,0.709179,0.716247,,,0,7.44836,0,6.54834,2.27879,0.806571,,,2.37381
Y4/within_8020__f0_s0,189,8.20506e-06,0,0.0433166,0.25,0.880503,0.626636,0.942014,8.3125,0.702228,0.703529,0.707246,0.709179,0.716247,,,0,7.28497,0,6.43455,2.18039,0.800767,,,2.34954
Y4/within_8020__f0_s0,190,7.59717e-06,0,0.0430151,0.25,0.883792,0.626695,0.939931,8.36423,0.703448,0.70176,0.711111,0.708213,0.716247,,,0,7.43209,0,6.51141,2.33517,0.817977,,,2.41665
Y4/within_8020__f0_s0,191,7.05284e-06,0,0.0427136,0.25,0.860063,0.609288,0.941319,8.56848,0.703671,0.698959,0.711111,0.705314,0.716247,,,0,6.99729,0,6.10734,2.18547,0.797165,,,2.33372
Y4/within_8020__f0_s0,192,6.57221e-06,0,0.0424121,0.25,0.855925,0.603387,0.941667,8.42462,0.705414,0.699373,0.713043,0.70628,0.716247,,,0,7.13643,0,6.32358,2.17748,0.778734,,,2.16905
Y4/within_8020__f0_s0,193,6.15542e-06,0,0.0421106,0.25,0.849947,0.602406,0.944444,8.28341,0.70465,0.701371,0.710145,0.707246,0.716247,,,0,7.54509,0,6.73999,2.28065,0.760679,,,2.15227
Y4/within_8020__f0_s0,194,5.80257e-06,0,0.041809,0.25,0.88066,0.624322,0.937153,8.30418,0.698481,0.703524,0.704348,0.710145,0.716247,,,0,7.66107,0,6.82372,2.21215,0.796804,,,2.32671
Y4/within_8020__f0_s0,195,5.51374e-06,0,0.0415075,0.25,0.838651,0.590225,0.948264,8.55378,0.704153,0.701652,0.711111,0.708213,0.716247,,,0,7.20748,0,6.37526,2.17065,0.770474,,,2.28283
Y4/within_8020__f0_s0,196,5.28902e-06,0,0.041206,0.25,0.852516,0.60911,0.9375,8.46508,0.707055,0.702636,0.712077,0.709179,0.716247,,,0,7.51543,0,6.6226,2.30028,0.810552,,,2.38108
Y4/within_8020__f0_s0,197,5.12847e-06,0,0.0409045,0.25,0.87091,0.617283,0.937847,8.29818,0.70133,0.70459,0.70628,0.711111,0.716247,,,0,7.38421,0,6.50266,2.2388,0.802223,,,2.38907
Y4/within_8020__f0_s0,198,5.03212e-06,0,0.040603,0.25,0.849971,0.59919,0.941667,8.47764,0.69754,0.702082,0.703382,0.708213,0.716247,,,0,6.97559,0,6.15813,2.02862,0.761265,,,2.27195
Y4/within_8020__f0_s0,199,5e-06,0,0.0403015,0.25,0.850205,0.601853,0.936458,8.37189,0.702313,0.702563,0.708213,0.709179,0.716247,0.997,0.996,0,7.46381,0,6.53824,2.33762,0.80842,,,2.40522
