fold,arm,label,cross,destination,f1,recall
0,hsi_tta,0,False,0,0.29906542056074764,0.3333333333333333
0,hsi_tta,1,False,0,0.7524752475247525,0.7916666666666666
0,hsi_tta,2,False,0,0.7878787878787878,0.8125
0,hsi_tta,3,False,0,0.8979591836734694,0.9166666666666666
0,hsi_tta,4,True,8,0.23333333333333334,0.14583333333333334
0,hsi_tta,5,False,1,0.8888888888888888,0.8695652173913043
0,hsi_tta,6,False,1,0.5142857142857142,0.5625
0,hsi_tta,7,True,8,0.0,0.0
0,hsi_tta,8,False,1,0.6923076923076923,0.75
0,hsi_tta,9,False,1,0.5714285714285714,0.5416666666666666
0,hsi_tta,10,False,1,0.3669724770642202,0.4166666666666667
0,hsi_tta,11,False,1,0.5957446808510638,0.5833333333333334
0,hsi_tta,12,True,8,0.03773584905660377,0.020833333333333332
0,hsi_tta,13,False,1,0.8131868131868132,0.7708333333333334
0,hsi_tta,14,False,1,0.78,0.8125
0,hsi_tta,15,False,1,0.7478260869565218,0.8958333333333334
0,hsi_tta,16,False,1,0.5818181818181818,0.6666666666666666
0,hsi_tta,17,False,1,0.5517241379310345,0.5
0,hsi_tta,18,False,1,0.6792452830188679,0.75
0,hsi_tta,19,False,1,0.5740740740740741,0.6458333333333334
0,hsi_tta,20,False,2,0.5858585858585859,0.6041666666666666
0,hsi_tta,21,False,2,0.782608695652174,0.75
0,hsi_tta,22,True,2,0.4411764705882353,0.3125
0,hsi_tta,23,False,2,0.6896551724137931,0.8333333333333334
0,hsi_tta,24,False,2,0.8333333333333334,0.8333333333333334
0,hsi_tta,25,False,2,0.528,0.6875
0,hsi_tta,26,False,2,0.9696969696969697,1.0
0,hsi_tta,27,False,2,0.4842105263157895,0.4791666666666667
0,hsi_tta,28,False,2,0.9690721649484536,0.9791666666666666
0,hsi_tta,29,False,2,0.9183673469387755,0.9375
0,hsi_tta,30,False,2,0.4485981308411215,0.5
0,hsi_tta,31,False,2,0.8867924528301887,0.9791666666666666
0,hsi_tta,32,False,2,0.9,0.9375
0,hsi_tta,33,False,2,0.5909090909090909,0.5416666666666666
0,hsi_tta,34,False,3,0.6804123711340206,0.6875
0,hsi_tta,35,False,3,0.6917293233082706,0.9583333333333334
0,hsi_tta,36,False,3,0.8842105263157894,0.875
0,hsi_tta,37,False,3,0.34951456310679613,0.375
0,hsi_tta,38,True,3,0.0,0.0
0,hsi_tta,39,False,3,0.47706422018348627,0.5416666666666666
0,hsi_tta,40,False,3,0.5747126436781609,0.5208333333333334
0,hsi_tta,41,False,3,0.2988505747126437,0.2708333333333333
0,hsi_tta,42,False,3,0.2857142857142857,0.22916666666666666
0,hsi_tta,43,False,4,0.3893805309734513,0.4583333333333333
0,hsi_tta,44,False,4,0.5957446808510638,0.5833333333333334
0,hsi_tta,45,True,4,0.0,0.0
0,hsi_tta,46,False,4,0.6222222222222222,0.5833333333333334
0,hsi_tta,47,False,4,0.7719298245614035,0.9166666666666666
0,hsi_tta,48,False,4,0.8979591836734694,0.9166666666666666
0,hsi_tta,49,False,4,0.1518987341772152,0.125
0,hsi_tta,50,False,4,0.9795918367346939,1.0
0,hsi_tta,51,False,4,0.023809523809523808,0.020833333333333332
0,hsi_tta,52,False,4,0.13333333333333333,0.125
0,hsi_tta,53,False,4,0.84,0.9130434782608695
0,hsi_tta,54,False,4,0.4835164835164835,0.4583333333333333
0,hsi_tta,55,False,4,0.6170212765957447,0.6041666666666666
0,hsi_tta,56,False,4,0.82,0.8541666666666666
0,hsi_tta,57,False,5,0.6666666666666666,0.7291666666666666
0,hsi_tta,58,False,5,0.6126126126126126,0.7083333333333334
0,hsi_tta,59,True,5,0.136986301369863,0.10416666666666667
0,hsi_tta,60,True,5,0.4810126582278481,0.3958333333333333
0,hsi_tta,61,True,8,0.3170731707317073,0.2708333333333333
0,hsi_tta,62,False,5,0.6206896551724138,0.75
0,hsi_tta,63,True,8,0.05194805194805195,0.041666666666666664
0,hsi_tta,64,True,5,0.3870967741935484,0.375
0,hsi_tta,65,True,5,0.17543859649122806,0.10416666666666667
0,hsi_tta,66,True,5,0.21621621621621623,0.16666666666666666
0,hsi_tta,67,False,5,0.8936170212765957,0.875
0,hsi_tta,68,False,5,0.8514851485148515,0.8958333333333334
0,hsi_tta,69,False,5,0.2571428571428571,0.1875
0,hsi_tta,70,True,5,0.07407407407407407,0.041666666666666664
0,hsi_tta,71,True,5,0.0,0.0
0,hsi_tta,72,False,6,0.7,0.7291666666666666
0,hsi_tta,73,False,6,0.39436619718309857,0.5833333333333334
0,hsi_tta,74,False,6,0.9038461538461539,0.9791666666666666
0,hsi_tta,75,False,6,0.8936170212765957,0.875
0,hsi_tta,76,False,6,0.7766990291262136,0.8333333333333334
0,hsi_tta,77,False,7,0.7272727272727273,0.75
0,hsi_tta,78,True,7,0.8539325842696629,0.7916666666666666
0,hsi_tta,79,True,8,0.0,0.0
0,hsi_tta,80,False,7,0.32786885245901637,0.4166666666666667
0,hsi_tta,81,False,7,0.4046242774566474,0.7608695652173914
0,hsi_tta,82,False,8,0.6526315789473685,0.6458333333333334
0,hsi_tta,83,False,8,0.8085106382978723,0.7916666666666666
0,hsi_tta,84,False,8,0.5569620253164557,0.4583333333333333
0,hsi_tta,85,False,8,0.8148148148148148,0.9166666666666666
0,hsi_tta,86,False,8,0.6,0.625
0,hsi_tta,87,False,8,0.865979381443299,0.875
0,hsi_tta,88,False,8,0.6119402985074627,0.8541666666666666
0,hsi_tta,89,False,8,0.625,0.8333333333333334
0,cls,0,False,0,0.2608695652173913,0.25
0,cls,1,False,0,0.7157894736842105,0.7083333333333334
0,cls,2,False,0,0.9473684210526315,0.9375
0,cls,3,False,0,0.9230769230769231,0.875
0,cls,4,True,8,0.7317073170731707,0.625
0,cls,5,False,1,0.7529411764705882,0.6956521739130435
0,cls,6,False,1,0.3695652173913043,0.3541666666666667
0,cls,7,True,8,0.0,0.0
0,cls,8,False,1,0.6730769230769231,0.7291666666666666
0,cls,9,False,1,0.6915887850467289,0.7708333333333334
0,cls,10,False,1,0.3389830508474576,0.4166666666666667
0,cls,11,False,1,0.25210084033613445,0.3125
0,cls,12,True,8,0.4444444444444444,0.375
0,cls,13,False,1,0.43373493975903615,0.375
0,cls,14,False,1,0.5192307692307693,0.5625
0,cls,15,False,1,0.7640449438202247,0.7083333333333334
0,cls,16,False,1,0.6739130434782609,0.6458333333333334
0,cls,17,False,1,0.5294117647058824,0.5625
0,cls,18,False,1,0.5376344086021505,0.5208333333333334
0,cls,19,False,1,0.4307692307692308,0.5833333333333334
0,cls,20,False,2,0.3853211009174312,0.4375
0,cls,21,False,2,0.7608695652173914,0.7291666666666666
0,cls,22,True,2,0.5675675675675675,0.4375
0,cls,23,False,2,0.5957446808510638,0.5833333333333334
0,cls,24,False,2,0.6530612244897959,0.6666666666666666
0,cls,25,False,2,0.2736842105263158,0.2708333333333333
0,cls,26,False,2,0.9263157894736842,0.9166666666666666
0,cls,27,False,2,0.4943820224719101,0.4583333333333333
0,cls,28,False,2,0.9278350515463918,0.9375
0,cls,29,False,2,0.42105263157894735,0.5
0,cls,30,False,2,0.2459016393442623,0.3125
0,cls,31,False,2,0.8037383177570093,0.8958333333333334
0,cls,32,False,2,0.5625,0.5625
0,cls,33,False,2,0.38461538461538464,0.4166666666666667
0,cls,34,False,3,0.4339622641509434,0.4791666666666667
0,cls,35,False,3,0.7422680412371134,0.75
0,cls,36,False,3,0.7692307692307693,0.7291666666666666
0,cls,37,False,3,0.5142857142857142,0.5625
0,cls,38,True,3,0.0,0.0
0,cls,39,False,3,0.5294117647058824,0.5625
0,cls,40,False,3,0.5365853658536586,0.4583333333333333
0,cls,41,False,3,0.1836734693877551,0.1875
0,cls,42,False,3,0.4482758620689655,0.5416666666666666
0,cls,43,False,4,0.5272727272727272,0.6041666666666666
0,cls,44,False,4,0.6024096385542169,0.5208333333333334
0,cls,45,True,4,0.16129032258064516,0.10638297872340426
0,cls,46,False,4,0.4842105263157895,0.4791666666666667
0,cls,47,False,4,0.8080808080808081,0.8333333333333334
0,cls,48,False,4,0.9247311827956989,0.8958333333333334
0,cls,49,False,4,0.18181818181818182,0.1875
0,cls,50,False,4,0.41975308641975306,0.3541666666666667
0,cls,51,False,4,0.1523809523809524,0.16666666666666666
0,cls,52,False,4,0.27586206896551724,0.4166666666666667
0,cls,53,False,4,0.6067415730337079,0.5869565217391305
0,cls,54,False,4,0.3877551020408163,0.3958333333333333
0,cls,55,False,4,0.574468085106383,0.5625
0,cls,56,False,4,0.5833333333333334,0.5833333333333334
0,cls,57,False,5,0.7126436781609196,0.6458333333333334
0,cls,58,False,5,0.3673469387755102,0.375
0,cls,59,True,5,0.08695652173913043,0.0625
0,cls,60,True,5,0.1694915254237288,0.10416666666666667
0,cls,61,True,8,0.044444444444444446,0.041666666666666664
0,cls,62,False,5,0.5625,0.5625
0,cls,63,True,8,0.09009009009009009,0.10416666666666667
0,cls,64,True,5,0.07894736842105263,0.0625
0,cls,65,True,5,0.022727272727272728,0.020833333333333332
0,cls,66,True,5,0.0,0.0
0,cls,67,False,5,0.8235294117647058,0.875
0,cls,68,False,5,0.9574468085106383,0.9375
0,cls,69,False,5,0.6966292134831461,0.6458333333333334
0,cls,70,True,5,0.14285714285714285,0.10416666666666667
0,cls,71,True,5,0.027777777777777776,0.020833333333333332
0,cls,72,False,6,0.4716981132075472,0.5208333333333334
0,cls,73,False,6,0.4423076923076923,0.4791666666666667
0,cls,74,False,6,0.7920792079207921,0.8333333333333334
0,cls,75,False,6,0.24778761061946902,0.2916666666666667
0,cls,76,False,6,0.5454545454545454,0.5625
0,cls,77,False,7,0.6730769230769231,0.7291666666666666
0,cls,78,True,7,0.28205128205128205,0.22916666666666666
0,cls,79,True,8,0.32432432432432434,0.25
0,cls,80,False,7,0.22535211267605634,0.3333333333333333
0,cls,81,False,7,0.3448275862068966,0.32608695652173914
0,cls,82,False,8,0.5094339622641509,0.5625
0,cls,83,False,8,0.3448275862068966,0.20833333333333334
0,cls,84,False,8,0.5517241379310345,0.5
0,cls,85,False,8,0.7238095238095238,0.7916666666666666
0,cls,86,False,8,0.5777777777777777,0.5416666666666666
0,cls,87,False,8,0.7254901960784313,0.7708333333333334
0,cls,88,False,8,0.46153846153846156,0.5625
0,cls,89,False,8,0.746031746031746,0.9791666666666666
0,equal_cls,0,False,0,0.3564356435643564,0.375
0,equal_cls,1,False,0,0.8,0.7916666666666666
0,equal_cls,2,False,0,0.9019607843137255,0.9583333333333334
0,equal_cls,3,False,0,0.9574468085106383,0.9375
0,equal_cls,4,True,8,0.717948717948718,0.5833333333333334
0,equal_cls,5,False,1,0.9375,0.9782608695652174
0,equal_cls,6,False,1,0.56,0.5833333333333334
0,equal_cls,7,True,8,0.0,0.0
0,equal_cls,8,False,1,0.7567567567567568,0.875
0,equal_cls,9,False,1,0.7446808510638298,0.7291666666666666
0,equal_cls,10,False,1,0.4485981308411215,0.5
0,equal_cls,11,False,1,0.5882352941176471,0.625
0,equal_cls,12,True,8,0.46153846153846156,0.3125
0,equal_cls,13,False,1,0.7906976744186046,0.7083333333333334
0,equal_cls,14,False,1,0.7706422018348624,0.875
0,equal_cls,15,False,1,0.9090909090909091,0.9375
0,equal_cls,16,False,1,0.7476635514018691,0.8333333333333334
0,equal_cls,17,False,1,0.6538461538461539,0.7083333333333334
0,equal_cls,18,False,1,0.7843137254901961,0.8333333333333334
0,equal_cls,19,False,1,0.5981308411214953,0.6666666666666666
0,equal_cls,20,False,2,0.6526315789473685,0.6458333333333334
0,equal_cls,21,False,2,0.875,0.875
0,equal_cls,22,True,2,0.6133333333333333,0.4791666666666667
0,equal_cls,23,False,2,0.7428571428571429,0.8125
0,equal_cls,24,False,2,0.8932038834951457,0.9583333333333334
0,equal_cls,25,False,2,0.6296296296296297,0.7083333333333334
0,equal_cls,26,False,2,0.9696969696969697,1.0
0,equal_cls,27,False,2,0.5934065934065934,0.5625
0,equal_cls,28,False,2,1.0,1.0
0,equal_cls,29,False,2,0.8888888888888888,0.9166666666666666
0,equal_cls,30,False,2,0.49504950495049505,0.5208333333333334
0,equal_cls,31,False,2,0.8846153846153846,0.9583333333333334
0,equal_cls,32,False,2,0.9072164948453608,0.9166666666666666
0,equal_cls,33,False,2,0.6292134831460674,0.5833333333333334
0,equal_cls,34,False,3,0.5871559633027523,0.6666666666666666
0,equal_cls,35,False,3,0.7868852459016393,1.0
0,equal_cls,36,False,3,0.9263157894736842,0.9166666666666666
0,equal_cls,37,False,3,0.58,0.6041666666666666
0,equal_cls,38,True,3,0.0,0.0
0,equal_cls,39,False,3,0.6534653465346535,0.6875
0,equal_cls,40,False,3,0.6987951807228916,0.6041666666666666
0,equal_cls,41,False,3,0.38095238095238093,0.3333333333333333
0,equal_cls,42,False,3,0.5348837209302325,0.4791666666666667
0,equal_cls,43,False,4,0.5573770491803278,0.7083333333333334
0,equal_cls,44,False,4,0.717391304347826,0.6875
0,equal_cls,45,True,4,0.034482758620689655,0.02127659574468085
0,equal_cls,46,False,4,0.717391304347826,0.6875
0,equal_cls,47,False,4,0.8653846153846154,0.9375
0,equal_cls,48,False,4,0.9591836734693877,0.9791666666666666
0,equal_cls,49,False,4,0.14634146341463414,0.125
0,equal_cls,50,False,4,0.9690721649484536,0.9791666666666666
0,equal_cls,51,False,4,0.06741573033707865,0.0625
0,equal_cls,52,False,4,0.2830188679245283,0.3125
0,equal_cls,53,False,4,0.9108910891089109,1.0
0,equal_cls,54,False,4,0.5274725274725275,0.5
0,equal_cls,55,False,4,0.7578947368421053,0.75
0,equal_cls,56,False,4,0.8349514563106796,0.8958333333333334
0,equal_cls,57,False,5,0.7920792079207921,0.8333333333333334
0,equal_cls,58,False,5,0.6181818181818182,0.7083333333333334
0,equal_cls,59,True,5,0.125,0.08333333333333333
0,equal_cls,60,True,5,0.5066666666666667,0.3958333333333333
0,equal_cls,61,True,8,0.23076923076923078,0.1875
0,equal_cls,62,False,5,0.6915887850467289,0.7708333333333334
0,equal_cls,63,True,8,0.07894736842105263,0.0625
0,equal_cls,64,True,5,0.26506024096385544,0.22916666666666666
0,equal_cls,65,True,5,0.08108108108108109,0.0625
0,equal_cls,66,True,5,0.25,0.16666666666666666
0,equal_cls,67,False,5,0.9292929292929293,0.9583333333333334
0,equal_cls,68,False,5,0.9787234042553191,0.9583333333333334
0,equal_cls,69,False,5,0.5647058823529412,0.5
0,equal_cls,70,True,5,0.12698412698412698,0.08333333333333333
0,equal_cls,71,True,5,0.0,0.0
0,equal_cls,72,False,6,0.74,0.7708333333333334
0,equal_cls,73,False,6,0.4492753623188406,0.6458333333333334
0,equal_cls,74,False,6,0.9019607843137255,0.9583333333333334
0,equal_cls,75,False,6,0.8080808080808081,0.8333333333333334
0,equal_cls,76,False,6,0.8431372549019608,0.8958333333333334
0,equal_cls,77,False,7,0.8,0.8333333333333334
0,equal_cls,78,True,7,0.6741573033707865,0.625
0,equal_cls,79,True,8,0.38095238095238093,0.25
0,equal_cls,80,False,7,0.359375,0.4791666666666667
0,equal_cls,81,False,7,0.4966442953020134,0.8043478260869565
0,equal_cls,82,False,8,0.6915887850467289,0.7708333333333334
0,equal_cls,83,False,8,0.8148148148148148,0.6875
0,equal_cls,84,False,8,0.6506024096385542,0.5625
0,equal_cls,85,False,8,0.8037383177570093,0.8958333333333334
0,equal_cls,86,False,8,0.6666666666666666,0.625
0,equal_cls,87,False,8,0.8653846153846154,0.9375
0,equal_cls,88,False,8,0.5522388059701493,0.7708333333333334
0,equal_cls,89,False,8,0.7384615384615385,1.0
0,cls_fg,0,False,0,0.2696629213483146,0.25
0,cls_fg,1,False,0,0.7311827956989247,0.7083333333333334
0,cls_fg,2,False,0,0.9473684210526315,0.9375
0,cls_fg,3,False,0,0.9347826086956522,0.8958333333333334
0,cls_fg,4,True,8,0.7560975609756098,0.6458333333333334
0,cls_fg,5,False,1,0.8235294117647058,0.7608695652173914
0,cls_fg,6,False,1,0.3333333333333333,0.3333333333333333
0,cls_fg,7,True,8,0.0,0.0
0,cls_fg,8,False,1,0.7378640776699029,0.7916666666666666
0,cls_fg,9,False,1,0.7476635514018691,0.8333333333333334
0,cls_fg,10,False,1,0.384,0.5
0,cls_fg,11,False,1,0.3793103448275862,0.4583333333333333
0,cls_fg,12,True,8,0.475,0.3958333333333333
0,cls_fg,13,False,1,0.47058823529411764,0.4166666666666667
0,cls_fg,14,False,1,0.62,0.6458333333333334
0,cls_fg,15,False,1,0.8636363636363636,0.7916666666666666
0,cls_fg,16,False,1,0.75,0.75
0,cls_fg,17,False,1,0.5510204081632653,0.5625
0,cls_fg,18,False,1,0.6304347826086957,0.6041666666666666
0,cls_fg,19,False,1,0.4496124031007752,0.6041666666666666
0,cls_fg,20,False,2,0.36507936507936506,0.4791666666666667
0,cls_fg,21,False,2,0.8085106382978723,0.7916666666666666
0,cls_fg,22,True,2,0.5675675675675675,0.4375
0,cls_fg,23,False,2,0.6382978723404256,0.625
0,cls_fg,24,False,2,0.6947368421052632,0.6875
0,cls_fg,25,False,2,0.37209302325581395,0.3333333333333333
0,cls_fg,26,False,2,0.9052631578947369,0.8958333333333334
0,cls_fg,27,False,2,0.4888888888888889,0.4583333333333333
0,cls_fg,28,False,2,0.9791666666666666,0.9791666666666666
0,cls_fg,29,False,2,0.49557522123893805,0.5833333333333334
0,cls_fg,30,False,2,0.3380281690140845,0.5
0,cls_fg,31,False,2,0.8301886792452831,0.9166666666666666
0,cls_fg,32,False,2,0.6105263157894737,0.6041666666666666
0,cls_fg,33,False,2,0.42424242424242425,0.4375
0,cls_fg,34,False,3,0.4036697247706422,0.4583333333333333
0,cls_fg,35,False,3,0.7551020408163265,0.7708333333333334
0,cls_fg,36,False,3,0.8,0.75
0,cls_fg,37,False,3,0.58,0.6041666666666666
0,cls_fg,38,True,3,0.0,0.0
0,cls_fg,39,False,3,0.6792452830188679,0.75
0,cls_fg,40,False,3,0.5822784810126582,0.4791666666666667
0,cls_fg,41,False,3,0.2222222222222222,0.22916666666666666
0,cls_fg,42,False,3,0.544,0.7083333333333334
0,cls_fg,43,False,4,0.5254237288135594,0.6458333333333334
0,cls_fg,44,False,4,0.6582278481012658,0.5416666666666666
0,cls_fg,45,True,4,0.13333333333333333,0.0851063829787234
0,cls_fg,46,False,4,0.5510204081632653,0.5625
0,cls_fg,47,False,4,0.8247422680412371,0.8333333333333334
0,cls_fg,48,False,4,0.9263157894736842,0.9166666666666666
0,cls_fg,49,False,4,0.24719101123595505,0.22916666666666666
0,cls_fg,50,False,4,0.46153846153846156,0.375
0,cls_fg,51,False,4,0.16822429906542055,0.1875
0,cls_fg,52,False,4,0.2978723404255319,0.4375
0,cls_fg,53,False,4,0.6436781609195402,0.6086956521739131
0,cls_fg,54,False,4,0.4,0.3958333333333333
0,cls_fg,55,False,4,0.6292134831460674,0.5833333333333334
0,cls_fg,56,False,4,0.6538461538461539,0.7083333333333334
0,cls_fg,57,False,5,0.6746987951807228,0.5833333333333334
0,cls_fg,58,False,5,0.3888888888888889,0.4375
0,cls_fg,59,True,5,0.11594202898550725,0.08333333333333333
0,cls_fg,60,True,5,0.1724137931034483,0.10416666666666667
0,cls_fg,61,True,8,0.046511627906976744,0.041666666666666664
0,cls_fg,62,False,5,0.6041666666666666,0.6041666666666666
0,cls_fg,63,True,8,0.07936507936507936,0.10416666666666667
0,cls_fg,64,True,5,0.058823529411764705,0.041666666666666664
0,cls_fg,65,True,5,0.022988505747126436,0.020833333333333332
0,cls_fg,66,True,5,0.0,0.0
0,cls_fg,67,False,5,0.8571428571428571,0.9375
0,cls_fg,68,False,5,0.968421052631579,0.9583333333333334
0,cls_fg,69,False,5,0.7674418604651163,0.6875
0,cls_fg,70,True,5,0.15151515151515152,0.10416666666666667
0,cls_fg,71,True,5,0.0,0.0
0,cls_fg,72,False,6,0.5333333333333333,0.5833333333333334
0,cls_fg,73,False,6,0.47058823529411764,0.5
0,cls_fg,74,False,6,0.8037383177570093,0.8958333333333334
0,cls_fg,75,False,6,0.29357798165137616,0.3333333333333333
0,cls_fg,76,False,6,0.6185567010309279,0.625
0,cls_fg,77,False,7,0.76,0.7916666666666666
0,cls_fg,78,True,7,0.21333333333333335,0.16666666666666666
0,cls_fg,79,True,8,0.41025641025641024,0.3333333333333333
0,cls_fg,80,False,7,0.2923076923076923,0.3958333333333333
0,cls_fg,81,False,7,0.40404040404040403,0.43478260869565216
0,cls_fg,82,False,8,0.5656565656565656,0.5833333333333334
0,cls_fg,83,False,8,0.4262295081967213,0.2708333333333333
0,cls_fg,84,False,8,0.5617977528089888,0.5208333333333334
0,cls_fg,85,False,8,0.7777777777777778,0.875
0,cls_fg,86,False,8,0.6222222222222222,0.5833333333333334
0,cls_fg,87,False,8,0.7920792079207921,0.8333333333333334
0,cls_fg,88,False,8,0.512,0.6666666666666666
0,cls_fg,89,False,8,0.7580645161290323,0.9791666666666666
0,equal_cls_fg,0,False,0,0.32653061224489793,0.3333333333333333
0,equal_cls_fg,1,False,0,0.8247422680412371,0.8333333333333334
0,equal_cls_fg,2,False,0,0.9292929292929293,0.9583333333333334
0,equal_cls_fg,3,False,0,0.945054945054945,0.8958333333333334
0,equal_cls_fg,4,True,8,0.7407407407407407,0.625
0,equal_cls_fg,5,False,1,0.967741935483871,0.9782608695652174
0,equal_cls_fg,6,False,1,0.5510204081632653,0.5625
0,equal_cls_fg,7,True,8,0.0,0.0
0,equal_cls_fg,8,False,1,0.7735849056603774,0.8541666666666666
0,equal_cls_fg,9,False,1,0.7878787878787878,0.8125
0,equal_cls_fg,10,False,1,0.49557522123893805,0.5833333333333334
0,equal_cls_fg,11,False,1,0.6060606060606061,0.625
0,equal_cls_fg,12,True,8,0.5151515151515151,0.3541666666666667
0,equal_cls_fg,13,False,1,0.7906976744186046,0.7083333333333334
0,equal_cls_fg,14,False,1,0.8235294117647058,0.875
0,equal_cls_fg,15,False,1,0.9494949494949495,0.9791666666666666
0,equal_cls_fg,16,False,1,0.8073394495412844,0.9166666666666666
0,equal_cls_fg,17,False,1,0.7184466019417476,0.7708333333333334
0,equal_cls_fg,18,False,1,0.8282828282828283,0.8541666666666666
0,equal_cls_fg,19,False,1,0.5945945945945946,0.6875
0,equal_cls_fg,20,False,2,0.6538461538461539,0.7083333333333334
0,equal_cls_fg,21,False,2,0.8936170212765957,0.875
0,equal_cls_fg,22,True,2,0.6027397260273972,0.4583333333333333
0,equal_cls_fg,23,False,2,0.7476635514018691,0.8333333333333334
0,equal_cls_fg,24,False,2,0.8571428571428571,0.9375
0,equal_cls_fg,25,False,2,0.6857142857142857,0.75
0,equal_cls_fg,26,False,2,0.9795918367346939,1.0
0,equal_cls_fg,27,False,2,0.6222222222222222,0.5833333333333334
0,equal_cls_fg,28,False,2,1.0,1.0
0,equal_cls_fg,29,False,2,0.8888888888888888,0.9166666666666666
0,equal_cls_fg,30,False,2,0.5137614678899083,0.5833333333333334
0,equal_cls_fg,31,False,2,0.8846153846153846,0.9583333333333334
0,equal_cls_fg,32,False,2,0.8865979381443299,0.8958333333333334
0,equal_cls_fg,33,False,2,0.6593406593406593,0.625
0,equal_cls_fg,34,False,3,0.6111111111111112,0.6875
0,equal_cls_fg,35,False,3,0.8347826086956521,1.0
0,equal_cls_fg,36,False,3,0.9247311827956989,0.8958333333333334
0,equal_cls_fg,37,False,3,0.6526315789473685,0.6458333333333334
0,equal_cls_fg,38,True,3,0.0,0.0
0,equal_cls_fg,39,False,3,0.7058823529411765,0.75
0,equal_cls_fg,40,False,3,0.6746987951807228,0.5833333333333334
0,equal_cls_fg,41,False,3,0.367816091954023,0.3333333333333333
0,equal_cls_fg,42,False,3,0.5869565217391305,0.5625
0,equal_cls_fg,43,False,4,0.5873015873015873,0.7708333333333334
0,equal_cls_fg,44,False,4,0.7692307692307693,0.7291666666666666
0,equal_cls_fg,45,True,4,0.0,0.0
0,equal_cls_fg,46,False,4,0.7252747252747253,0.6875
0,equal_cls_fg,47,False,4,0.8737864077669902,0.9375
0,equal_cls_fg,48,False,4,0.9791666666666666,0.9791666666666666
0,equal_cls_fg,49,False,4,0.1927710843373494,0.16666666666666666
0,equal_cls_fg,50,False,4,0.9583333333333334,0.9583333333333334
0,equal_cls_fg,51,False,4,0.022222222222222223,0.020833333333333332
0,equal_cls_fg,52,False,4,0.32142857142857145,0.375
0,equal_cls_fg,53,False,4,0.8910891089108911,0.9782608695652174
0,equal_cls_fg,54,False,4,0.5934065934065934,0.5625
0,equal_cls_fg,55,False,4,0.7578947368421053,0.75
0,equal_cls_fg,56,False,4,0.8349514563106796,0.8958333333333334
0,equal_cls_fg,57,False,5,0.7446808510638298,0.7291666666666666
0,equal_cls_fg,58,False,5,0.6,0.6875
0,equal_cls_fg,59,True,5,0.15625,0.10416666666666667
0,equal_cls_fg,60,True,5,0.4358974358974359,0.3541666666666667
0,equal_cls_fg,61,True,8,0.1282051282051282,0.10416666666666667
0,equal_cls_fg,62,False,5,0.7238095238095238,0.7916666666666666
0,equal_cls_fg,63,True,8,0.07058823529411765,0.0625
0,equal_cls_fg,64,True,5,0.2564102564102564,0.20833333333333334
0,equal_cls_fg,65,True,5,0.075,0.0625
0,equal_cls_fg,66,True,5,0.1875,0.125
0,equal_cls_fg,67,False,5,0.9387755102040817,0.9583333333333334
0,equal_cls_fg,68,False,5,0.9791666666666666,0.9791666666666666
0,equal_cls_fg,69,False,5,0.7111111111111111,0.6666666666666666
0,equal_cls_fg,70,True,5,0.13114754098360656,0.08333333333333333
0,equal_cls_fg,71,True,5,0.0,0.0
0,equal_cls_fg,72,False,6,0.74,0.7708333333333334
0,equal_cls_fg,73,False,6,0.47692307692307695,0.6458333333333334
0,equal_cls_fg,74,False,6,0.8846153846153846,0.9583333333333334
0,equal_cls_fg,75,False,6,0.7619047619047619,0.8333333333333334
0,equal_cls_fg,76,False,6,0.8431372549019608,0.8958333333333334
0,equal_cls_fg,77,False,7,0.8235294117647058,0.875
0,equal_cls_fg,78,True,7,0.6739130434782609,0.6458333333333334
0,equal_cls_fg,79,True,8,0.4,0.2708333333333333
0,equal_cls_fg,80,False,7,0.3779527559055118,0.5
0,equal_cls_fg,81,False,7,0.5074626865671642,0.7391304347826086
0,equal_cls_fg,82,False,8,0.7,0.7291666666666666
0,equal_cls_fg,83,False,8,0.8292682926829268,0.7083333333333334
0,equal_cls_fg,84,False,8,0.6,0.5
0,equal_cls_fg,85,False,8,0.8256880733944955,0.9375
0,equal_cls_fg,86,False,8,0.7157894736842105,0.7083333333333334
0,equal_cls_fg,87,False,8,0.8543689320388349,0.9166666666666666
0,equal_cls_fg,88,False,8,0.5441176470588235,0.7708333333333334
0,equal_cls_fg,89,False,8,0.75,1.0
0,last4,0,False,0,0.3146067415730337,0.2916666666666667
0,last4,1,False,0,0.8125,0.8125
0,last4,2,False,0,0.9787234042553191,0.9583333333333334
0,last4,3,False,0,0.946236559139785,0.9166666666666666
0,last4,4,True,8,0.7654320987654321,0.6458333333333334
0,last4,5,False,1,0.8571428571428571,0.782608695652174
0,last4,6,False,1,0.42990654205607476,0.4791666666666667
0,last4,7,True,8,0.0,0.0
0,last4,8,False,1,0.803921568627451,0.8541666666666666
0,last4,9,False,1,0.8431372549019608,0.8958333333333334
0,last4,10,False,1,0.46774193548387094,0.6041666666666666
0,last4,11,False,1,0.42990654205607476,0.4791666666666667
0,last4,12,True,8,0.5,0.375
0,last4,13,False,1,0.5842696629213483,0.5416666666666666
0,last4,14,False,1,0.8,0.8333333333333334
0,last4,15,False,1,0.946236559139785,0.9166666666666666
0,last4,16,False,1,0.8686868686868687,0.8958333333333334
0,last4,17,False,1,0.717391304347826,0.6875
0,last4,18,False,1,0.782608695652174,0.75
0,last4,19,False,1,0.4881889763779528,0.6458333333333334
0,last4,20,False,2,0.4132231404958678,0.5208333333333334
0,last4,21,False,2,0.8936170212765957,0.875
0,last4,22,True,2,0.6,0.4375
0,last4,23,False,2,0.7640449438202247,0.7083333333333334
0,last4,24,False,2,0.8316831683168316,0.875
0,last4,25,False,2,0.4421052631578947,0.4375
0,last4,26,False,2,0.968421052631579,0.9583333333333334
0,last4,27,False,2,0.723404255319149,0.7083333333333334
0,last4,28,False,2,0.9894736842105263,0.9791666666666666
0,last4,29,False,2,0.5378151260504201,0.6666666666666666
0,last4,30,False,2,0.36764705882352944,0.5208333333333334
0,last4,31,False,2,0.9072164948453608,0.9166666666666666
0,last4,32,False,2,0.8,0.7083333333333334
0,last4,33,False,2,0.5376344086021505,0.5208333333333334
0,last4,34,False,3,0.3968253968253968,0.5208333333333334
0,last4,35,False,3,0.8260869565217391,0.7916666666666666
0,last4,36,False,3,0.8888888888888888,0.8333333333333334
0,last4,37,False,3,0.6262626262626263,0.6458333333333334
0,last4,38,True,3,0.0,0.0
0,last4,39,False,3,0.75,0.875
0,last4,40,False,3,0.6588235294117647,0.5833333333333334
0,last4,41,False,3,0.2616822429906542,0.2916666666666667
0,last4,42,False,3,0.6218487394957983,0.7708333333333334
0,last4,43,False,4,0.6141732283464567,0.8125
0,last4,44,False,4,0.8705882352941177,0.7708333333333334
0,last4,45,True,4,0.0,0.0
0,last4,46,False,4,0.7216494845360825,0.7291666666666666
0,last4,47,False,4,0.968421052631579,0.9583333333333334
0,last4,48,False,4,0.968421052631579,0.9583333333333334
0,last4,49,False,4,0.2268041237113402,0.22916666666666666
0,last4,50,False,4,0.4657534246575342,0.3541666666666667
0,last4,51,False,4,0.18487394957983194,0.22916666666666666
0,last4,52,False,4,0.3357664233576642,0.4791666666666667
0,last4,53,False,4,0.7317073170731707,0.6521739130434783
0,last4,54,False,4,0.5,0.5208333333333334
0,last4,55,False,4,0.8,0.7916666666666666
0,last4,56,False,4,0.7835051546391752,0.7916666666666666
0,last4,57,False,5,0.7901234567901234,0.6666666666666666
0,last4,58,False,5,0.6153846153846154,0.6666666666666666
0,last4,59,True,5,0.09230769230769231,0.0625
0,last4,60,True,5,0.07547169811320754,0.041666666666666664
0,last4,61,True,8,0.05,0.041666666666666664
0,last4,62,False,5,0.7115384615384616,0.7708333333333334
0,last4,63,True,8,0.05,0.0625
0,last4,64,True,5,0.03125,0.020833333333333332
0,last4,65,True,5,0.020833333333333332,0.020833333333333332
0,last4,66,True,5,0.0,0.0
0,last4,67,False,5,0.9278350515463918,0.9375
0,last4,68,False,5,0.9894736842105263,0.9791666666666666
0,last4,69,False,5,0.8260869565217391,0.7916666666666666
0,last4,70,True,5,0.16129032258064516,0.10416666666666667
0,last4,71,True,5,0.0,0.0
0,last4,72,False,6,0.6608695652173913,0.7916666666666666
0,last4,73,False,6,0.5740740740740741,0.6458333333333334
0,last4,74,False,6,0.8979591836734694,0.9166666666666666
0,last4,75,False,6,0.3486238532110092,0.3958333333333333
0,last4,76,False,6,0.7254901960784313,0.7708333333333334
0,last4,77,False,7,0.845360824742268,0.8541666666666666
0,last4,78,True,7,0.08571428571428572,0.0625
0,last4,79,True,8,0.4788732394366197,0.3541666666666667
0,last4,80,False,7,0.3968253968253968,0.5208333333333334
0,last4,81,False,7,0.5132743362831859,0.6304347826086957
0,last4,82,False,8,0.6055045871559633,0.6875
0,last4,83,False,8,0.4262295081967213,0.2708333333333333
0,last4,84,False,8,0.6382978723404256,0.625
0,last4,85,False,8,0.7889908256880734,0.8958333333333334
0,last4,86,False,8,0.6966292134831461,0.6458333333333334
0,last4,87,False,8,0.9166666666666666,0.9166666666666666
0,last4,88,False,8,0.5409836065573771,0.6875
0,last4,89,False,8,0.7559055118110236,1.0
0,equal_last4,0,False,0,0.3617021276595745,0.3541666666666667
0,equal_last4,1,False,0,0.8297872340425532,0.8125
0,equal_last4,2,False,0,0.9387755102040817,0.9583333333333334
0,equal_last4,3,False,0,0.967741935483871,0.9375
0,equal_last4,4,True,8,0.717948717948718,0.5833333333333334
0,equal_last4,5,False,1,0.967032967032967,0.9565217391304348
0,equal_last4,6,False,1,0.6,0.625
0,equal_last4,7,True,8,0.0,0.0
0,equal_last4,8,False,1,0.8,0.875
0,equal_last4,9,False,1,0.8627450980392157,0.9166666666666666
0,equal_last4,10,False,1,0.5087719298245614,0.6041666666666666
0,equal_last4,11,False,1,0.6122448979591837,0.625
0,equal_last4,12,True,8,0.46875,0.3125
0,equal_last4,13,False,1,0.813953488372093,0.7291666666666666
0,equal_last4,14,False,1,0.8543689320388349,0.9166666666666666
0,equal_last4,15,False,1,0.94,0.9791666666666666
0,equal_last4,16,False,1,0.8490566037735849,0.9375
0,equal_last4,17,False,1,0.76,0.7916666666666666
0,equal_last4,18,False,1,0.86,0.8958333333333334
0,equal_last4,19,False,1,0.6355140186915887,0.7083333333333334
0,equal_last4,20,False,2,0.7169811320754716,0.7916666666666666
0,equal_last4,21,False,2,0.9247311827956989,0.8958333333333334
0,equal_last4,22,True,2,0.6027397260273972,0.4583333333333333
0,equal_last4,23,False,2,0.8431372549019608,0.8958333333333334
0,equal_last4,24,False,2,0.94,0.9791666666666666
0,equal_last4,25,False,2,0.6476190476190476,0.7083333333333334
0,equal_last4,26,False,2,0.9795918367346939,1.0
0,equal_last4,27,False,2,0.6938775510204082,0.7083333333333334
0,equal_last4,28,False,2,1.0,1.0
0,equal_last4,29,False,2,0.88,0.9166666666666666
0,equal_last4,30,False,2,0.5128205128205128,0.625
0,equal_last4,31,False,2,0.9215686274509803,0.9791666666666666
0,equal_last4,32,False,2,0.9183673469387755,0.9375
0,equal_last4,33,False,2,0.6292134831460674,0.5833333333333334
0,equal_last4,34,False,3,0.6495726495726496,0.7916666666666666
0,equal_last4,35,False,3,0.8347826086956521,1.0
0,equal_last4,36,False,3,0.9574468085106383,0.9375
0,equal_last4,37,False,3,0.5979381443298969,0.6041666666666666
0,equal_last4,38,True,3,0.0,0.0
0,equal_last4,39,False,3,0.7428571428571429,0.8125
0,equal_last4,40,False,3,0.7073170731707317,0.6041666666666666
0,equal_last4,41,False,3,0.4090909090909091,0.375
0,equal_last4,42,False,3,0.6868686868686869,0.7083333333333334
0,equal_last4,43,False,4,0.562962962962963,0.7916666666666666
0,equal_last4,44,False,4,0.8478260869565217,0.8125
0,equal_last4,45,True,4,0.0,0.0
0,equal_last4,46,False,4,0.7727272727272727,0.7083333333333334
0,equal_last4,47,False,4,0.8846153846153846,0.9583333333333334
0,equal_last4,48,False,4,0.968421052631579,0.9583333333333334
0,equal_last4,49,False,4,0.17721518987341772,0.14583333333333334
0,equal_last4,50,False,4,0.9896907216494846,1.0
0,equal_last4,51,False,4,0.041666666666666664,0.041666666666666664
0,equal_last4,52,False,4,0.3130434782608696,0.375
0,equal_last4,53,False,4,0.9387755102040817,1.0
0,equal_last4,54,False,4,0.6153846153846154,0.5833333333333334
0,equal_last4,55,False,4,0.782608695652174,0.75
0,equal_last4,56,False,4,0.88,0.9166666666666666
0,equal_last4,57,False,5,0.8125,0.8125
0,equal_last4,58,False,5,0.6724137931034483,0.8125
0,equal_last4,59,True,5,0.12698412698412698,0.08333333333333333
0,equal_last4,60,True,5,0.4383561643835616,0.3333333333333333
0,equal_last4,61,True,8,0.10526315789473684,0.08333333333333333
0,equal_last4,62,False,5,0.7321428571428571,0.8541666666666666
0,equal_last4,63,True,8,0.05194805194805195,0.041666666666666664
0,equal_last4,64,True,5,0.25316455696202533,0.20833333333333334
0,equal_last4,65,True,5,0.0759493670886076,0.0625
0,equal_last4,66,True,5,0.1935483870967742,0.125
0,equal_last4,67,False,5,0.9473684210526315,0.9375
0,equal_last4,68,False,5,0.9894736842105263,0.9791666666666666
0,equal_last4,69,False,5,0.7659574468085106,0.75
0,equal_last4,70,True,5,0.13559322033898305,0.08333333333333333
0,equal_last4,71,True,5,0.0,0.0
0,equal_last4,72,False,6,0.7884615384615384,0.8541666666666666
0,equal_last4,73,False,6,0.47692307692307695,0.6458333333333334
0,equal_last4,74,False,6,0.9484536082474226,0.9583333333333334
0,equal_last4,75,False,6,0.8316831683168316,0.875
0,equal_last4,76,False,6,0.8842105263157894,0.875
0,equal_last4,77,False,7,0.88,0.9166666666666666
0,equal_last4,78,True,7,0.6741573033707865,0.625
0,equal_last4,79,True,8,0.46875,0.3125
0,equal_last4,80,False,7,0.4409448818897638,0.5833333333333334
0,equal_last4,81,False,7,0.5103448275862069,0.8043478260869565
0,equal_last4,82,False,8,0.6972477064220184,0.7916666666666666
0,equal_last4,83,False,8,0.8048780487804879,0.6875
0,equal_last4,84,False,8,0.6744186046511628,0.6041666666666666
0,equal_last4,85,False,8,0.7927927927927928,0.9166666666666666
0,equal_last4,86,False,8,0.7586206896551724,0.6875
0,equal_last4,87,False,8,0.9183673469387755,0.9375
0,equal_last4,88,False,8,0.5294117647058824,0.75
0,equal_last4,89,False,8,0.7441860465116279,1.0
0,cls_fg_tta,0,False,0,0.32323232323232326,0.3333333333333333
0,cls_fg_tta,1,False,0,0.7741935483870968,0.75
0,cls_fg_tta,2,False,0,0.9787234042553191,0.9583333333333334
0,cls_fg_tta,3,False,0,0.9565217391304348,0.9166666666666666
0,cls_fg_tta,4,True,8,0.7469879518072289,0.6458333333333334
0,cls_fg_tta,5,False,1,0.8333333333333334,0.7608695652173914
0,cls_fg_tta,6,False,1,0.4222222222222222,0.3958333333333333
0,cls_fg_tta,7,True,8,0.0,0.0
0,cls_fg_tta,8,False,1,0.76,0.7916666666666666
0,cls_fg_tta,9,False,1,0.803921568627451,0.8541666666666666
0,cls_fg_tta,10,False,1,0.48148148148148145,0.5416666666666666
0,cls_fg_tta,11,False,1,0.38095238095238093,0.4166666666666667
0,cls_fg_tta,12,True,8,0.4594594594594595,0.3541666666666667
0,cls_fg_tta,13,False,1,0.5217391304347826,0.5
0,cls_fg_tta,14,False,1,0.7128712871287128,0.75
0,cls_fg_tta,15,False,1,0.9230769230769231,0.875
0,cls_fg_tta,16,False,1,0.7872340425531915,0.7708333333333334
0,cls_fg_tta,17,False,1,0.5981308411214953,0.6666666666666666
0,cls_fg_tta,18,False,1,0.7083333333333334,0.7083333333333334
0,cls_fg_tta,19,False,1,0.4857142857142857,0.7083333333333334
0,cls_fg_tta,20,False,2,0.46153846153846156,0.5625
0,cls_fg_tta,21,False,2,0.9166666666666666,0.9166666666666666
0,cls_fg_tta,22,True,2,0.5866666666666667,0.4583333333333333
0,cls_fg_tta,23,False,2,0.6804123711340206,0.6875
0,cls_fg_tta,24,False,2,0.6956521739130435,0.6666666666666666
0,cls_fg_tta,25,False,2,0.449438202247191,0.4166666666666667
0,cls_fg_tta,26,False,2,0.9375,0.9375
0,cls_fg_tta,27,False,2,0.6666666666666666,0.6041666666666666
0,cls_fg_tta,28,False,2,0.9791666666666666,0.9791666666666666
0,cls_fg_tta,29,False,2,0.5046728971962616,0.5625
0,cls_fg_tta,30,False,2,0.34108527131782945,0.4583333333333333
0,cls_fg_tta,31,False,2,0.8301886792452831,0.9166666666666666
0,cls_fg_tta,32,False,2,0.7083333333333334,0.7083333333333334
0,cls_fg_tta,33,False,2,0.5217391304347826,0.5
0,cls_fg_tta,34,False,3,0.42857142857142855,0.5625
0,cls_fg_tta,35,False,3,0.7368421052631579,0.7291666666666666
0,cls_fg_tta,36,False,3,0.7956989247311828,0.7708333333333334
0,cls_fg_tta,37,False,3,0.6947368421052632,0.6875
0,cls_fg_tta,38,True,3,0.0,0.0
0,cls_fg_tta,39,False,3,0.6833333333333333,0.8541666666666666
0,cls_fg_tta,40,False,3,0.5679012345679012,0.4791666666666667
0,cls_fg_tta,41,False,3,0.3047619047619048,0.3333333333333333
0,cls_fg_tta,42,False,3,0.608,0.7916666666666666
0,cls_fg_tta,43,False,4,0.5333333333333333,0.6666666666666666
0,cls_fg_tta,44,False,4,0.7906976744186046,0.7083333333333334
0,cls_fg_tta,45,True,4,0.07407407407407407,0.0425531914893617
0,cls_fg_tta,46,False,4,0.6862745098039216,0.7291666666666666
0,cls_fg_tta,47,False,4,0.9032258064516129,0.875
0,cls_fg_tta,48,False,4,0.9787234042553191,0.9583333333333334
0,cls_fg_tta,49,False,4,0.23655913978494625,0.22916666666666666
0,cls_fg_tta,50,False,4,0.45569620253164556,0.375
0,cls_fg_tta,51,False,4,0.21153846153846154,0.22916666666666666
0,cls_fg_tta,52,False,4,0.2706766917293233,0.375
0,cls_fg_tta,53,False,4,0.6904761904761905,0.6304347826086957
0,cls_fg_tta,54,False,4,0.4044943820224719,0.375
0,cls_fg_tta,55,False,4,0.7,0.7291666666666666
0,cls_fg_tta,56,False,4,0.6601941747572816,0.7083333333333334
0,cls_fg_tta,57,False,5,0.7640449438202247,0.7083333333333334
0,cls_fg_tta,58,False,5,0.46938775510204084,0.4791666666666667
0,cls_fg_tta,59,True,5,0.17391304347826086,0.125
0,cls_fg_tta,60,True,5,0.10714285714285714,0.0625
0,cls_fg_tta,61,True,8,0.11235955056179775,0.10416666666666667
0,cls_fg_tta,62,False,5,0.6346153846153846,0.6875
0,cls_fg_tta,63,True,8,0.08196721311475409,0.10416666666666667
0,cls_fg_tta,64,True,5,0.02666666666666667,0.020833333333333332
0,cls_fg_tta,65,True,5,0.023529411764705882,0.020833333333333332
0,cls_fg_tta,66,True,5,0.0,0.0
0,cls_fg_tta,67,False,5,0.8627450980392157,0.9166666666666666
0,cls_fg_tta,68,False,5,0.9787234042553191,0.9583333333333334
0,cls_fg_tta,69,False,5,0.8210526315789474,0.8125
0,cls_fg_tta,70,True,5,0.13114754098360656,0.08333333333333333
0,cls_fg_tta,71,True,5,0.02702702702702703,0.020833333333333332
0,cls_fg_tta,72,False,6,0.5981308411214953,0.6666666666666666
0,cls_fg_tta,73,False,6,0.5,0.5
0,cls_fg_tta,74,False,6,0.819047619047619,0.8958333333333334
0,cls_fg_tta,75,False,6,0.3853211009174312,0.4375
0,cls_fg_tta,76,False,6,0.7216494845360825,0.7291666666666666
0,cls_fg_tta,77,False,7,0.8080808080808081,0.8333333333333334
0,cls_fg_tta,78,True,7,0.25,0.20833333333333334
0,cls_fg_tta,79,True,8,0.3235294117647059,0.22916666666666666
0,cls_fg_tta,80,False,7,0.32116788321167883,0.4583333333333333
0,cls_fg_tta,81,False,7,0.5048543689320388,0.5652173913043478
0,cls_fg_tta,82,False,8,0.6078431372549019,0.6458333333333334
0,cls_fg_tta,83,False,8,0.4262295081967213,0.2708333333333333
0,cls_fg_tta,84,False,8,0.6818181818181818,0.625
0,cls_fg_tta,85,False,8,0.8,0.9166666666666666
0,cls_fg_tta,86,False,8,0.627906976744186,0.5625
0,cls_fg_tta,87,False,8,0.8349514563106796,0.8958333333333334
0,cls_fg_tta,88,False,8,0.532258064516129,0.6875
0,cls_fg_tta,89,False,8,0.7642276422764228,0.9791666666666666
0,equal_cls_fg_tta,0,False,0,0.3137254901960784,0.3333333333333333
0,equal_cls_fg_tta,1,False,0,0.8041237113402062,0.8125
0,equal_cls_fg_tta,2,False,0,0.9494949494949495,0.9791666666666666
0,equal_cls_fg_tta,3,False,0,0.9565217391304348,0.9166666666666666
0,equal_cls_fg_tta,4,True,8,0.75,0.625
0,equal_cls_fg_tta,5,False,1,0.9361702127659575,0.9565217391304348
0,equal_cls_fg_tta,6,False,1,0.5979381443298969,0.6041666666666666
0,equal_cls_fg_tta,7,True,8,0.0,0.0
0,equal_cls_fg_tta,8,False,1,0.8,0.875
0,equal_cls_fg_tta,9,False,1,0.86,0.8958333333333334
0,equal_cls_fg_tta,10,False,1,0.5794392523364486,0.6458333333333334
0,equal_cls_fg_tta,11,False,1,0.625,0.625
0,equal_cls_fg_tta,12,True,8,0.48484848484848486,0.3333333333333333
0,equal_cls_fg_tta,13,False,1,0.813953488372093,0.7291666666666666
0,equal_cls_fg_tta,14,False,1,0.8118811881188119,0.8541666666666666
0,equal_cls_fg_tta,15,False,1,0.9591836734693877,0.9791666666666666
0,equal_cls_fg_tta,16,False,1,0.803921568627451,0.8541666666666666
0,equal_cls_fg_tta,17,False,1,0.7027027027027027,0.8125
0,equal_cls_fg_tta,18,False,1,0.8431372549019608,0.8958333333333334
0,equal_cls_fg_tta,19,False,1,0.6727272727272727,0.7708333333333334
0,equal_cls_fg_tta,20,False,2,0.6909090909090909,0.7916666666666666
0,equal_cls_fg_tta,21,False,2,0.9361702127659575,0.9166666666666666
0,equal_cls_fg_tta,22,True,2,0.5945945945945946,0.4583333333333333
0,equal_cls_fg_tta,23,False,2,0.8113207547169812,0.8958333333333334
0,equal_cls_fg_tta,24,False,2,0.8514851485148515,0.8958333333333334
0,equal_cls_fg_tta,25,False,2,0.7010309278350515,0.7083333333333334
0,equal_cls_fg_tta,26,False,2,0.9696969696969697,1.0
0,equal_cls_fg_tta,27,False,2,0.6739130434782609,0.6458333333333334
0,equal_cls_fg_tta,28,False,2,1.0,1.0
0,equal_cls_fg_tta,29,False,2,0.875,0.875
0,equal_cls_fg_tta,30,False,2,0.5094339622641509,0.5625
0,equal_cls_fg_tta,31,False,2,0.8846153846153846,0.9583333333333334
0,equal_cls_fg_tta,32,False,2,0.8842105263157894,0.875
0,equal_cls_fg_tta,33,False,2,0.6451612903225806,0.625
0,equal_cls_fg_tta,34,False,3,0.5789473684210527,0.6875
0,equal_cls_fg_tta,35,False,3,0.8288288288288288,0.9583333333333334
0,equal_cls_fg_tta,36,False,3,0.9473684210526315,0.9375
0,equal_cls_fg_tta,37,False,3,0.6170212765957447,0.6041666666666666
0,equal_cls_fg_tta,38,True,3,0.0,0.0
0,equal_cls_fg_tta,39,False,3,0.7272727272727273,0.8333333333333334
0,equal_cls_fg_tta,40,False,3,0.6829268292682927,0.5833333333333334
0,equal_cls_fg_tta,41,False,3,0.3870967741935484,0.375
0,equal_cls_fg_tta,42,False,3,0.6595744680851063,0.6458333333333334
0,equal_cls_fg_tta,43,False,4,0.5271317829457365,0.7083333333333334
0,equal_cls_fg_tta,44,False,4,0.8571428571428571,0.8125
0,equal_cls_fg_tta,45,True,4,0.0,0.0
0,equal_cls_fg_tta,46,False,4,0.7916666666666666,0.7916666666666666
0,equal_cls_fg_tta,47,False,4,0.9108910891089109,0.9583333333333334
0,equal_cls_fg_tta,48,False,4,0.9894736842105263,0.9791666666666666
0,equal_cls_fg_tta,49,False,4,0.18823529411764706,0.16666666666666666
0,equal_cls_fg_tta,50,False,4,0.9494949494949495,0.9791666666666666
0,equal_cls_fg_tta,51,False,4,0.06976744186046512,0.0625
0,equal_cls_fg_tta,52,False,4,0.2909090909090909,0.3333333333333333
0,equal_cls_fg_tta,53,False,4,0.9183673469387755,0.9782608695652174
0,equal_cls_fg_tta,54,False,4,0.5393258426966292,0.5
0,equal_cls_fg_tta,55,False,4,0.7640449438202247,0.7083333333333334
0,equal_cls_fg_tta,56,False,4,0.8653846153846154,0.9375
0,equal_cls_fg_tta,57,False,5,0.8163265306122449,0.8333333333333334
0,equal_cls_fg_tta,58,False,5,0.6422018348623854,0.7291666666666666
0,equal_cls_fg_tta,59,True,5,0.125,0.08333333333333333
0,equal_cls_fg_tta,60,True,5,0.4444444444444444,0.3333333333333333
0,equal_cls_fg_tta,61,True,8,0.15384615384615385,0.125
0,equal_cls_fg_tta,62,False,5,0.6964285714285714,0.8125
0,equal_cls_fg_tta,63,True,8,0.04878048780487805,0.041666666666666664
0,equal_cls_fg_tta,64,True,5,0.22988505747126436,0.20833333333333334
0,equal_cls_fg_tta,65,True,5,0.05405405405405406,0.041666666666666664
0,equal_cls_fg_tta,66,True,5,0.1875,0.125
0,equal_cls_fg_tta,67,False,5,0.9484536082474226,0.9583333333333334
0,equal_cls_fg_tta,68,False,5,0.9791666666666666,0.9791666666666666
0,equal_cls_fg_tta,69,False,5,0.75,0.75
0,equal_cls_fg_tta,70,True,5,0.13559322033898305,0.08333333333333333
0,equal_cls_fg_tta,71,True,5,0.0,0.0
0,equal_cls_fg_tta,72,False,6,0.76,0.7916666666666666
0,equal_cls_fg_tta,73,False,6,0.46153846153846156,0.625
0,equal_cls_fg_tta,74,False,6,0.9108910891089109,0.9583333333333334
0,equal_cls_fg_tta,75,False,6,0.7777777777777778,0.875
0,equal_cls_fg_tta,76,False,6,0.8571428571428571,0.875
0,equal_cls_fg_tta,77,False,7,0.8865979381443299,0.8958333333333334
0,equal_cls_fg_tta,78,True,7,0.6813186813186813,0.6458333333333334
0,equal_cls_fg_tta,79,True,8,0.36065573770491804,0.22916666666666666
0,equal_cls_fg_tta,80,False,7,0.3968253968253968,0.5208333333333334
0,equal_cls_fg_tta,81,False,7,0.4861111111111111,0.7608695652173914
0,equal_cls_fg_tta,82,False,8,0.6909090909090909,0.7916666666666666
0,equal_cls_fg_tta,83,False,8,0.8,0.6666666666666666
0,equal_cls_fg_tta,84,False,8,0.6829268292682927,0.5833333333333334
0,equal_cls_fg_tta,85,False,8,0.8108108108108109,0.9375
0,equal_cls_fg_tta,86,False,8,0.6966292134831461,0.6458333333333334
0,equal_cls_fg_tta,87,False,8,0.8888888888888888,0.9166666666666666
0,equal_cls_fg_tta,88,False,8,0.5882352941176471,0.8333333333333334
0,equal_cls_fg_tta,89,False,8,0.7619047619047619,1.0
0,last4_tta,0,False,0,0.35294117647058826,0.3125
0,last4_tta,1,False,0,0.7956989247311828,0.7708333333333334
0,last4_tta,2,False,0,0.9787234042553191,0.9583333333333334
0,last4_tta,3,False,0,0.9565217391304348,0.9166666666666666
0,last4_tta,4,True,8,0.7804878048780488,0.6666666666666666
0,last4_tta,5,False,1,0.9047619047619048,0.8260869565217391
0,last4_tta,6,False,1,0.5050505050505051,0.5208333333333334
0,last4_tta,7,True,8,0.0,0.0
0,last4_tta,8,False,1,0.78,0.8125
0,last4_tta,9,False,1,0.8737864077669902,0.9375
0,last4_tta,10,False,1,0.5714285714285714,0.7083333333333334
0,last4_tta,11,False,1,0.5046728971962616,0.5625
0,last4_tta,12,True,8,0.4788732394366197,0.3541666666666667
0,last4_tta,13,False,1,0.6451612903225806,0.625
0,last4_tta,14,False,1,0.7835051546391752,0.7916666666666666
0,last4_tta,15,False,1,0.9574468085106383,0.9375
0,last4_tta,16,False,1,0.8932038834951457,0.9583333333333334
0,last4_tta,17,False,1,0.7474747474747475,0.7708333333333334
0,last4_tta,18,False,1,0.7789473684210526,0.7708333333333334
0,last4_tta,19,False,1,0.5806451612903226,0.75
0,last4_tta,20,False,2,0.5691056910569106,0.7291666666666666
0,last4_tta,21,False,2,0.9148936170212766,0.8958333333333334
0,last4_tta,22,True,2,0.5714285714285714,0.4166666666666667
0,last4_tta,23,False,2,0.8260869565217391,0.7916666666666666
0,last4_tta,24,False,2,0.7872340425531915,0.7708333333333334
0,last4_tta,25,False,2,0.5806451612903226,0.5625
0,last4_tta,26,False,2,0.9574468085106383,0.9375
0,last4_tta,27,False,2,0.7708333333333334,0.7708333333333334
0,last4_tta,28,False,2,1.0,1.0
0,last4_tta,29,False,2,0.5535714285714286,0.6458333333333334
0,last4_tta,30,False,2,0.42962962962962964,0.6041666666666666
0,last4_tta,31,False,2,0.9019607843137255,0.9583333333333334
0,last4_tta,32,False,2,0.8421052631578947,0.8333333333333334
0,last4_tta,33,False,2,0.5274725274725275,0.5
0,last4_tta,34,False,3,0.5076923076923077,0.6875
0,last4_tta,35,False,3,0.8695652173913043,0.8333333333333334
0,last4_tta,36,False,3,0.8478260869565217,0.8125
0,last4_tta,37,False,3,0.7157894736842105,0.7083333333333334
0,last4_tta,38,True,3,0.0,0.0
0,last4_tta,39,False,3,0.7706422018348624,0.875
0,last4_tta,40,False,3,0.6746987951807228,0.5833333333333334
0,last4_tta,41,False,3,0.2956521739130435,0.3541666666666667
0,last4_tta,42,False,3,0.6923076923076923,0.9375
0,last4_tta,43,False,4,0.5671641791044776,0.7916666666666666
0,last4_tta,44,False,4,0.9213483146067416,0.8541666666666666
0,last4_tta,45,True,4,0.0,0.0
0,last4_tta,46,False,4,0.7474747474747475,0.7708333333333334
0,last4_tta,47,False,4,0.9574468085106383,0.9375
0,last4_tta,48,False,4,0.9894736842105263,0.9791666666666666
0,last4_tta,49,False,4,0.1956521739130435,0.1875
0,last4_tta,50,False,4,0.4383561643835616,0.3333333333333333
0,last4_tta,51,False,4,0.24528301886792453,0.2708333333333333
0,last4_tta,52,False,4,0.3401360544217687,0.5208333333333334
0,last4_tta,53,False,4,0.8604651162790697,0.8043478260869565
0,last4_tta,54,False,4,0.5454545454545454,0.5
0,last4_tta,55,False,4,0.7959183673469388,0.8125
0,last4_tta,56,False,4,0.8431372549019608,0.8958333333333334
0,last4_tta,57,False,5,0.8505747126436781,0.7708333333333334
0,last4_tta,58,False,5,0.6981132075471698,0.7708333333333334
0,last4_tta,59,True,5,0.15151515151515152,0.10416666666666667
0,last4_tta,60,True,5,0.0784313725490196,0.041666666666666664
0,last4_tta,61,True,8,0.05263157894736842,0.041666666666666664
0,last4_tta,62,False,5,0.6851851851851852,0.7708333333333334
0,last4_tta,63,True,8,0.036036036036036036,0.041666666666666664
0,last4_tta,64,True,5,0.029850746268656716,0.020833333333333332
0,last4_tta,65,True,5,0.02197802197802198,0.020833333333333332
0,last4_tta,66,True,5,0.0,0.0
0,last4_tta,67,False,5,0.9183673469387755,0.9375
0,last4_tta,68,False,5,0.9894736842105263,0.9791666666666666
0,last4_tta,69,False,5,0.8478260869565217,0.8125
0,last4_tta,70,True,5,0.14035087719298245,0.08333333333333333
0,last4_tta,71,True,5,0.0,0.0
0,last4_tta,72,False,6,0.7592592592592593,0.8541666666666666
0,last4_tta,73,False,6,0.5098039215686274,0.5416666666666666
0,last4_tta,74,False,6,0.9090909090909091,0.9375
0,last4_tta,75,False,6,0.3783783783783784,0.4375
0,last4_tta,76,False,6,0.7578947368421053,0.75
0,last4_tta,77,False,7,0.8163265306122449,0.8333333333333334
0,last4_tta,78,True,7,0.11594202898550725,0.08333333333333333
0,last4_tta,79,True,8,0.3880597014925373,0.2708333333333333
0,last4_tta,80,False,7,0.40298507462686567,0.5625
0,last4_tta,81,False,7,0.5210084033613446,0.6739130434782609
0,last4_tta,82,False,8,0.6601941747572816,0.7083333333333334
0,last4_tta,83,False,8,0.5230769230769231,0.3541666666666667
0,last4_tta,84,False,8,0.717391304347826,0.6875
0,last4_tta,85,False,8,0.7962962962962963,0.8958333333333334
0,last4_tta,86,False,8,0.735632183908046,0.6666666666666666
0,last4_tta,87,False,8,0.9387755102040817,0.9583333333333334
0,last4_tta,88,False,8,0.5303030303030303,0.7291666666666666
0,last4_tta,89,False,8,0.75,1.0
0,equal_last4_tta,0,False,0,0.3368421052631579,0.3333333333333333
0,equal_last4_tta,1,False,0,0.8602150537634409,0.8333333333333334
0,equal_last4_tta,2,False,0,0.9387755102040817,0.9583333333333334
0,equal_last4_tta,3,False,0,0.9565217391304348,0.9166666666666666
0,equal_last4_tta,4,True,8,0.759493670886076,0.625
0,equal_last4_tta,5,False,1,0.967032967032967,0.9565217391304348
0,equal_last4_tta,6,False,1,0.6326530612244898,0.6458333333333334
0,equal_last4_tta,7,True,8,0.0,0.0
0,equal_last4_tta,8,False,1,0.819047619047619,0.8958333333333334
0,equal_last4_tta,9,False,1,0.8712871287128713,0.9166666666666666
0,equal_last4_tta,10,False,1,0.5636363636363636,0.6458333333333334
0,equal_last4_tta,11,False,1,0.6597938144329897,0.6666666666666666
0,equal_last4_tta,12,True,8,0.5074626865671642,0.3541666666666667
0,equal_last4_tta,13,False,1,0.8095238095238095,0.7083333333333334
0,equal_last4_tta,14,False,1,0.8543689320388349,0.9166666666666666
0,equal_last4_tta,15,False,1,0.9696969696969697,1.0
0,equal_last4_tta,16,False,1,0.8490566037735849,0.9375
0,equal_last4_tta,17,False,1,0.7843137254901961,0.8333333333333334
0,equal_last4_tta,18,False,1,0.8380952380952381,0.9166666666666666
0,equal_last4_tta,19,False,1,0.6055045871559633,0.6875
0,equal_last4_tta,20,False,2,0.7547169811320755,0.8333333333333334
0,equal_last4_tta,21,False,2,0.946236559139785,0.9166666666666666
0,equal_last4_tta,22,True,2,0.5714285714285714,0.4166666666666667
0,equal_last4_tta,23,False,2,0.8301886792452831,0.9166666666666666
0,equal_last4_tta,24,False,2,0.8910891089108911,0.9375
0,equal_last4_tta,25,False,2,0.6796116504854369,0.7291666666666666
0,equal_last4_tta,26,False,2,0.9795918367346939,1.0
0,equal_last4_tta,27,False,2,0.7083333333333334,0.7083333333333334
0,equal_last4_tta,28,False,2,1.0,1.0
0,equal_last4_tta,29,False,2,0.8627450980392157,0.9166666666666666
0,equal_last4_tta,30,False,2,0.5517241379310345,0.6666666666666666
0,equal_last4_tta,31,False,2,0.92,0.9583333333333334
0,equal_last4_tta,32,False,2,0.8958333333333334,0.8958333333333334
0,equal_last4_tta,33,False,2,0.6808510638297872,0.6666666666666666
0,equal_last4_tta,34,False,3,0.6551724137931034,0.7916666666666666
0,equal_last4_tta,35,False,3,0.8571428571428571,1.0
0,equal_last4_tta,36,False,3,0.9473684210526315,0.9375
0,equal_last4_tta,37,False,3,0.6881720430107527,0.6666666666666666
0,equal_last4_tta,38,True,3,0.0,0.0
0,equal_last4_tta,39,False,3,0.7592592592592593,0.8541666666666666
0,equal_last4_tta,40,False,3,0.6976744186046512,0.625
0,equal_last4_tta,41,False,3,0.43478260869565216,0.4166666666666667
0,equal_last4_tta,42,False,3,0.7291666666666666,0.7291666666666666
0,equal_last4_tta,43,False,4,0.5588235294117647,0.7916666666666666
0,equal_last4_tta,44,False,4,0.8888888888888888,0.8333333333333334
0,equal_last4_tta,45,True,4,0.0,0.0
0,equal_last4_tta,46,False,4,0.8602150537634409,0.8333333333333334
0,equal_last4_tta,47,False,4,0.92,0.9583333333333334
0,equal_last4_tta,48,False,4,0.9690721649484536,0.9791666666666666
0,equal_last4_tta,49,False,4,0.15,0.125
0,equal_last4_tta,50,False,4,0.9690721649484536,0.9791666666666666
0,equal_last4_tta,51,False,4,0.06451612903225806,0.0625
0,equal_last4_tta,52,False,4,0.2689075630252101,0.3333333333333333
0,equal_last4_tta,53,False,4,0.9484536082474226,1.0
0,equal_last4_tta,54,False,4,0.6292134831460674,0.5833333333333334
0,equal_last4_tta,55,False,4,0.8,0.75
0,equal_last4_tta,56,False,4,0.9090909090909091,0.9375
0,equal_last4_tta,57,False,5,0.8349514563106796,0.8958333333333334
0,equal_last4_tta,58,False,5,0.7368421052631579,0.875
0,equal_last4_tta,59,True,5,0.15625,0.10416666666666667
0,equal_last4_tta,60,True,5,0.463768115942029,0.3333333333333333
0,equal_last4_tta,61,True,8,0.1095890410958904,0.08333333333333333
0,equal_last4_tta,62,False,5,0.6964285714285714,0.8125
0,equal_last4_tta,63,True,8,0.07407407407407407,0.0625
0,equal_last4_tta,64,True,5,0.25882352941176473,0.22916666666666666
0,equal_last4_tta,65,True,5,0.05333333333333334,0.041666666666666664
0,equal_last4_tta,66,True,5,0.19047619047619047,0.125
0,equal_last4_tta,67,False,5,0.9473684210526315,0.9375
0,equal_last4_tta,68,False,5,0.9894736842105263,0.9791666666666666
0,equal_last4_tta,69,False,5,0.8131868131868132,0.7708333333333334
0,equal_last4_tta,70,True,5,0.10714285714285714,0.0625
0,equal_last4_tta,71,True,5,0.0,0.0
0,equal_last4_tta,72,False,6,0.8316831683168316,0.875
0,equal_last4_tta,73,False,6,0.464,0.6041666666666666
0,equal_last4_tta,74,False,6,0.9484536082474226,0.9583333333333334
0,equal_last4_tta,75,False,6,0.780952380952381,0.8541666666666666
0,equal_last4_tta,76,False,6,0.9052631578947369,0.8958333333333334
0,equal_last4_tta,77,False,7,0.8571428571428571,0.875
0,equal_last4_tta,78,True,7,0.6966292134831461,0.6458333333333334
0,equal_last4_tta,79,True,8,0.36065573770491804,0.22916666666666666
0,equal_last4_tta,80,False,7,0.4393939393939394,0.6041666666666666
0,equal_last4_tta,81,False,7,0.5241379310344828,0.8260869565217391
0,equal_last4_tta,82,False,8,0.7428571428571429,0.8125
0,equal_last4_tta,83,False,8,0.775,0.6458333333333334
0,equal_last4_tta,84,False,8,0.75,0.6875
0,equal_last4_tta,85,False,8,0.8256880733944955,0.9375
0,equal_last4_tta,86,False,8,0.8045977011494253,0.7291666666666666
0,equal_last4_tta,87,False,8,0.9292929292929293,0.9583333333333334
0,equal_last4_tta,88,False,8,0.5857142857142857,0.8541666666666666
0,equal_last4_tta,89,False,8,0.7441860465116279,1.0
0,morph,0,False,0,0.10989010989010989,0.10416666666666667
0,morph,1,False,0,0.12030075187969924,0.16666666666666666
0,morph,2,False,0,0.46875,0.625
0,morph,3,False,0,0.7115384615384616,0.7708333333333334
0,morph,4,True,8,0.21052631578947367,0.125
0,morph,5,False,1,0.4835164835164835,0.4782608695652174
0,morph,6,False,1,0.0,0.0
0,morph,7,True,8,0.034782608695652174,0.041666666666666664
0,morph,8,False,1,0.3969465648854962,0.5416666666666666
0,morph,9,False,1,0.1518987341772152,0.125
0,morph,10,False,1,0.05194805194805195,0.041666666666666664
0,morph,11,False,1,0.0,0.0
0,morph,12,True,8,0.19642857142857142,0.22916666666666666
0,morph,13,False,1,0.3076923076923077,0.2916666666666667
0,morph,14,False,1,0.10989010989010989,0.10416666666666667
0,morph,15,False,1,0.3614457831325301,0.3125
0,morph,16,False,1,0.6,0.75
0,morph,17,False,1,0.1391304347826087,0.16666666666666666
0,morph,18,False,1,0.0,0.0
0,morph,19,False,1,0.1437908496732026,0.22916666666666666
0,morph,20,False,2,0.08108108108108109,0.0625
0,morph,21,False,2,0.3855421686746988,0.3333333333333333
0,morph,22,True,2,0.3132530120481928,0.2708333333333333
0,morph,23,False,2,0.02666666666666667,0.020833333333333332
0,morph,24,False,2,0.3310344827586207,0.5
0,morph,25,False,2,0.029411764705882353,0.020833333333333332
0,morph,26,False,2,0.1610738255033557,0.25
0,morph,27,False,2,0.08,0.0625
0,morph,28,False,2,0.9263157894736842,0.9166666666666666
0,morph,29,False,2,0.13953488372093023,0.125
0,morph,30,False,2,0.09174311926605505,0.10416666666666667
0,morph,31,False,2,0.08771929824561403,0.10416666666666667
0,morph,32,False,2,0.5818181818181818,0.6666666666666666
0,morph,33,False,2,0.10526315789473684,0.10416666666666667
0,morph,34,False,3,0.0625,0.0625
0,morph,35,False,3,0.05970149253731343,0.041666666666666664
0,morph,36,False,3,0.3238095238095238,0.3541666666666667
0,morph,37,False,3,0.0,0.0
0,morph,38,True,3,0.02040816326530612,0.020833333333333332
0,morph,39,False,3,0.24,0.3125
0,morph,40,False,3,0.14736842105263157,0.14583333333333334
0,morph,41,False,3,0.06382978723404255,0.0625
0,morph,42,False,3,0.07407407407407407,0.0625
0,morph,43,False,4,0.2184873949579832,0.2708333333333333
0,morph,44,False,4,0.0898876404494382,0.08333333333333333
0,morph,45,True,4,0.02,0.02127659574468085
0,morph,46,False,4,0.0,0.0
0,morph,47,False,4,0.1875,0.1875
0,morph,48,False,4,0.58,0.6041666666666666
0,morph,49,False,4,0.03076923076923077,0.020833333333333332
0,morph,50,False,4,0.45714285714285713,0.5
0,morph,51,False,4,0.09174311926605505,0.10416666666666667
0,morph,52,False,4,0.06060606060606061,0.041666666666666664
0,morph,53,False,4,0.23931623931623933,0.30434782608695654
0,morph,54,False,4,0.03225806451612903,0.041666666666666664
0,morph,55,False,4,0.07407407407407407,0.0625
0,morph,56,False,4,0.15789473684210525,0.1875
0,morph,57,False,5,0.031746031746031744,0.020833333333333332
0,morph,58,False,5,0.06382978723404255,0.0625
0,morph,59,True,5,0.02127659574468085,0.020833333333333332
0,morph,60,True,5,0.03333333333333333,0.041666666666666664
0,morph,61,True,8,0.0,0.0
0,morph,62,False,5,0.15,0.1875
0,morph,63,True,8,0.0,0.0
0,morph,64,True,5,0.112,0.14583333333333334
0,morph,65,True,5,0.0392156862745098,0.041666666666666664
0,morph,66,True,5,0.0,0.0
0,morph,67,False,5,0.1686746987951807,0.14583333333333334
0,morph,68,False,5,0.23809523809523808,0.20833333333333334
0,morph,69,False,5,0.06818181818181818,0.0625
0,morph,70,True,5,0.06315789473684211,0.0625
0,morph,71,True,5,0.02857142857142857,0.020833333333333332
0,morph,72,False,6,0.08791208791208792,0.08333333333333333
0,morph,73,False,6,0.05714285714285714,0.041666666666666664
0,morph,74,False,6,0.4122137404580153,0.5625
0,morph,75,False,6,0.0,0.0
0,morph,76,False,6,0.06060606060606061,0.0625
0,morph,77,False,7,0.02531645569620253,0.020833333333333332
0,morph,78,True,7,0.06382978723404255,0.0625
0,morph,79,True,8,0.047058823529411764,0.041666666666666664
0,morph,80,False,7,0.15,0.125
0,morph,81,False,7,0.02857142857142857,0.021739130434782608
0,morph,82,False,8,0.14285714285714285,0.14583333333333334
0,morph,83,False,8,0.025,0.020833333333333332
0,morph,84,False,8,0.0759493670886076,0.0625
0,morph,85,False,8,0.559322033898305,0.6875
0,morph,86,False,8,0.11764705882352941,0.08333333333333333
0,morph,87,False,8,0.39490445859872614,0.6458333333333334
0,morph,88,False,8,0.31932773109243695,0.3958333333333333
0,morph,89,False,8,0.46296296296296297,0.5208333333333334
0,equal_morph,0,False,0,0.2912621359223301,0.3125
0,equal_morph,1,False,0,0.76,0.7916666666666666
0,equal_morph,2,False,0,0.7777777777777778,0.875
0,equal_morph,3,False,0,0.8113207547169812,0.8958333333333334
0,equal_morph,4,True,8,0.3,0.1875
0,equal_morph,5,False,1,0.8631578947368421,0.8913043478260869
0,equal_morph,6,False,1,0.5384615384615384,0.5833333333333334
0,equal_morph,7,True,8,0.0,0.0
0,equal_morph,8,False,1,0.6779661016949152,0.8333333333333334
0,equal_morph,9,False,1,0.5681818181818182,0.5208333333333334
0,equal_morph,10,False,1,0.37383177570093457,0.4166666666666667
0,equal_morph,11,False,1,0.5957446808510638,0.5833333333333334
0,equal_morph,12,True,8,0.22580645161290322,0.14583333333333334
0,equal_morph,13,False,1,0.8131868131868132,0.7708333333333334
0,equal_morph,14,False,1,0.78,0.8125
0,equal_morph,15,False,1,0.7636363636363637,0.875
0,equal_morph,16,False,1,0.6551724137931034,0.7916666666666666
0,equal_morph,17,False,1,0.5348837209302325,0.4791666666666667
0,equal_morph,18,False,1,0.6923076923076923,0.75
0,equal_morph,19,False,1,0.5892857142857143,0.6875
0,equal_morph,20,False,2,0.5773195876288659,0.5833333333333334
0,equal_morph,21,False,2,0.7659574468085106,0.75
0,equal_morph,22,True,2,0.4927536231884058,0.3541666666666667
0,equal_morph,23,False,2,0.6956521739130435,0.8333333333333334
0,equal_morph,24,False,2,0.8282828282828283,0.8541666666666666
0,equal_morph,25,False,2,0.5081967213114754,0.6458333333333334
0,equal_morph,26,False,2,0.9320388349514563,1.0
0,equal_morph,27,False,2,0.4782608695652174,0.4583333333333333
0,equal_morph,28,False,2,0.9263157894736842,0.9166666666666666
0,equal_morph,29,False,2,0.9166666666666666,0.9166666666666666
0,equal_morph,30,False,2,0.4672897196261682,0.5208333333333334
0,equal_morph,31,False,2,0.8867924528301887,0.9791666666666666
0,equal_morph,32,False,2,0.8775510204081632,0.8958333333333334
0,equal_morph,33,False,2,0.5652173913043478,0.5416666666666666
0,equal_morph,34,False,3,0.6947368421052632,0.6875
0,equal_morph,35,False,3,0.7022900763358778,0.9583333333333334
0,equal_morph,36,False,3,0.8817204301075269,0.8541666666666666
0,equal_morph,37,False,3,0.3564356435643564,0.375
0,equal_morph,38,True,3,0.0,0.0
0,equal_morph,39,False,3,0.48148148148148145,0.5416666666666666
0,equal_morph,40,False,3,0.5882352941176471,0.5208333333333334
0,equal_morph,41,False,3,0.2619047619047619,0.22916666666666666
0,equal_morph,42,False,3,0.2857142857142857,0.22916666666666666
0,equal_morph,43,False,4,0.3865546218487395,0.4791666666666667
0,equal_morph,44,False,4,0.6,0.5625
0,equal_morph,45,True,4,0.0,0.0
0,equal_morph,46,False,4,0.6,0.5625
0,equal_morph,47,False,4,0.7719298245614035,0.9166666666666666
0,equal_morph,48,False,4,0.9,0.9375
0,equal_morph,49,False,4,0.1282051282051282,0.10416666666666667
0,equal_morph,50,False,4,0.9504950495049505,1.0
0,equal_morph,51,False,4,0.022727272727272728,0.020833333333333332
0,equal_morph,52,False,4,0.1348314606741573,0.125
0,equal_morph,53,False,4,0.8235294117647058,0.9130434782608695
0,equal_morph,54,False,4,0.4666666666666667,0.4375
0,equal_morph,55,False,4,0.6041666666666666,0.6041666666666666
0,equal_morph,56,False,4,0.7961165048543689,0.8541666666666666
0,equal_morph,57,False,5,0.6732673267326733,0.7083333333333334
0,equal_morph,58,False,5,0.6238532110091743,0.7083333333333334
0,equal_morph,59,True,5,0.1643835616438356,0.125
0,equal_morph,60,True,5,0.49382716049382713,0.4166666666666667
0,equal_morph,61,True,8,0.2564102564102564,0.20833333333333334
0,equal_morph,62,False,5,0.6371681415929203,0.75
0,equal_morph,63,True,8,0.05194805194805195,0.041666666666666664
0,equal_morph,64,True,5,0.3333333333333333,0.3125
0,equal_morph,65,True,5,0.17543859649122806,0.10416666666666667
0,equal_morph,66,True,5,0.19444444444444445,0.14583333333333334
0,equal_morph,67,False,5,0.9130434782608695,0.875
0,equal_morph,68,False,5,0.8686868686868687,0.8958333333333334
0,equal_morph,69,False,5,0.2028985507246377,0.14583333333333334
0,equal_morph,70,True,5,0.07547169811320754,0.041666666666666664
0,equal_morph,71,True,5,0.0,0.0
0,equal_morph,72,False,6,0.7058823529411765,0.75
0,equal_morph,73,False,6,0.4142857142857143,0.6041666666666666
0,equal_morph,74,False,6,0.8623853211009175,0.9791666666666666
0,equal_morph,75,False,6,0.8723404255319149,0.8541666666666666
0,equal_morph,76,False,6,0.7920792079207921,0.8333333333333334
0,equal_morph,77,False,7,0.7578947368421053,0.75
0,equal_morph,78,True,7,0.7916666666666666,0.7916666666666666
0,equal_morph,79,True,8,0.04,0.020833333333333332
0,equal_morph,80,False,7,0.31932773109243695,0.3958333333333333
0,equal_morph,81,False,7,0.40476190476190477,0.7391304347826086
0,equal_morph,82,False,8,0.6595744680851063,0.6458333333333334
0,equal_morph,83,False,8,0.8043478260869565,0.7708333333333334
0,equal_morph,84,False,8,0.5641025641025641,0.4583333333333333
0,equal_morph,85,False,8,0.8148148148148148,0.9166666666666666
0,equal_morph,86,False,8,0.6,0.625
0,equal_morph,87,False,8,0.8282828282828283,0.8541666666666666
0,equal_morph,88,False,8,0.6119402985074627,0.8541666666666666
0,equal_morph,89,False,8,0.6271186440677966,0.7708333333333334
0,colour,0,False,0,0.031746031746031744,0.020833333333333332
0,colour,1,False,0,0.2318840579710145,0.3333333333333333
0,colour,2,False,0,0.175,0.14583333333333334
0,colour,3,False,0,0.21568627450980393,0.22916666666666666
0,colour,4,True,8,0.0,0.0
0,colour,5,False,1,0.15151515151515152,0.10869565217391304
0,colour,6,False,1,0.08888888888888889,0.08333333333333333
0,colour,7,True,8,0.0,0.0
0,colour,8,False,1,0.08823529411764706,0.0625
0,colour,9,False,1,0.08108108108108109,0.0625
0,colour,10,False,1,0.0,0.0
0,colour,11,False,1,0.049586776859504134,0.0625
0,colour,12,True,8,0.0,0.0
0,colour,13,False,1,0.08080808080808081,0.08333333333333333
0,colour,14,False,1,0.047619047619047616,0.041666666666666664
0,colour,15,False,1,0.21428571428571427,0.25
0,colour,16,False,1,0.112,0.14583333333333334
0,colour,17,False,1,0.12962962962962962,0.14583333333333334
0,colour,18,False,1,0.06896551724137931,0.0625
0,colour,19,False,1,0.0,0.0
0,colour,20,False,2,0.17699115044247787,0.20833333333333334
0,colour,21,False,2,0.1,0.08333333333333333
0,colour,22,True,2,0.0,0.0
0,colour,23,False,2,0.16058394160583941,0.22916666666666666
0,colour,24,False,2,0.17582417582417584,0.16666666666666666
0,colour,25,False,2,0.045454545454545456,0.041666666666666664
0,colour,26,False,2,0.23076923076923078,0.25
0,colour,27,False,2,0.05172413793103448,0.0625
0,colour,28,False,2,0.3308270676691729,0.4583333333333333
0,colour,29,False,2,0.18666666666666668,0.2916666666666667
0,colour,30,False,2,0.0,0.0
0,colour,31,False,2,0.41134751773049644,0.6041666666666666
0,colour,32,False,2,0.2765957446808511,0.2708333333333333
0,colour,33,False,2,0.0,0.0
0,colour,34,False,3,0.1,0.08333333333333333
0,colour,35,False,3,0.5544554455445545,0.5833333333333334
0,colour,36,False,3,0.14953271028037382,0.16666666666666666
0,colour,37,False,3,0.10416666666666667,0.10416666666666667
0,colour,38,True,3,0.0,0.0
0,colour,39,False,3,0.0979020979020979,0.14583333333333334
0,colour,40,False,3,0.024691358024691357,0.020833333333333332
0,colour,41,False,3,0.05714285714285714,0.041666666666666664
0,colour,42,False,3,0.16071428571428573,0.1875
0,colour,43,False,4,0.06060606060606061,0.041666666666666664
0,colour,44,False,4,0.05660377358490566,0.0625
0,colour,45,True,4,0.0,0.0
0,colour,46,False,4,0.09929078014184398,0.14583333333333334
0,colour,47,False,4,0.3409090909090909,0.3125
0,colour,48,False,4,0.35,0.5833333333333334
0,colour,49,False,4,0.11842105263157894,0.1875
0,colour,50,False,4,0.22018348623853212,0.25
0,colour,51,False,4,0.03389830508474576,0.020833333333333332
0,colour,52,False,4,0.0,0.0
0,colour,53,False,4,0.02702702702702703,0.021739130434782608
0,colour,54,False,4,0.034782608695652174,0.041666666666666664
0,colour,55,False,4,0.29310344827586204,0.3541666666666667
0,colour,56,False,4,0.0,0.0
0,colour,57,False,5,0.14388489208633093,0.20833333333333334
0,colour,58,False,5,0.06818181818181818,0.0625
0,colour,59,True,5,0.0,0.0
0,colour,60,True,5,0.0,0.0
0,colour,61,True,8,0.0,0.0
0,colour,62,False,5,0.22033898305084745,0.2708333333333333
0,colour,63,True,8,0.0,0.0
0,colour,64,True,5,0.0,0.0
0,colour,65,True,5,0.0,0.0
0,colour,66,True,5,0.0,0.0
0,colour,67,False,5,0.304,0.3958333333333333
0,colour,68,False,5,0.24561403508771928,0.2916666666666667
0,colour,69,False,5,0.10526315789473684,0.125
0,colour,70,True,5,0.041237113402061855,0.041666666666666664
0,colour,71,True,5,0.0,0.0
0,colour,72,False,6,0.09917355371900827,0.125
0,colour,73,False,6,0.17204301075268819,0.16666666666666666
0,colour,74,False,6,0.2909090909090909,0.3333333333333333
0,colour,75,False,6,0.06060606060606061,0.0625
0,colour,76,False,6,0.11764705882352941,0.14583333333333334
0,colour,77,False,7,0.3076923076923077,0.2916666666666667
0,colour,78,True,7,0.0,0.0
0,colour,79,True,8,0.0,0.0
0,colour,80,False,7,0.028169014084507043,0.020833333333333332
0,colour,81,False,7,0.0,0.0
0,colour,82,False,8,0.45454545454545453,0.4166666666666667
0,colour,83,False,8,0.3125,0.20833333333333334
0,colour,84,False,8,0.4489795918367347,0.4583333333333333
0,colour,85,False,8,0.34,0.3541666666666667
0,colour,86,False,8,0.33707865168539325,0.3125
0,colour,87,False,8,0.28169014084507044,0.20833333333333334
0,colour,88,False,8,0.21052631578947367,0.25
0,colour,89,False,8,0.2830188679245283,0.3125
0,equal_colour,0,False,0,0.29906542056074764,0.3333333333333333
0,equal_colour,1,False,0,0.7169811320754716,0.7916666666666666
0,equal_colour,2,False,0,0.7959183673469388,0.8125
0,equal_colour,3,False,0,0.84,0.875
0,equal_colour,4,True,8,0.20689655172413793,0.125
0,equal_colour,5,False,1,0.8735632183908046,0.8260869565217391
0,equal_colour,6,False,1,0.5242718446601942,0.5625
0,equal_colour,7,True,8,0.0,0.0
0,equal_colour,8,False,1,0.6666666666666666,0.6875
0,equal_colour,9,False,1,0.5777777777777777,0.5416666666666666
0,equal_colour,10,False,1,0.3853211009174312,0.4375
0,equal_colour,11,False,1,0.5957446808510638,0.5833333333333334
0,equal_colour,12,True,8,0.0392156862745098,0.020833333333333332
0,equal_colour,13,False,1,0.8045977011494253,0.7291666666666666
0,equal_colour,14,False,1,0.7722772277227723,0.8125
0,equal_colour,15,False,1,0.7107438016528925,0.8958333333333334
0,equal_colour,16,False,1,0.5981308411214953,0.6666666666666666
0,equal_colour,17,False,1,0.5617977528089888,0.5208333333333334
0,equal_colour,18,False,1,0.6796116504854369,0.7291666666666666
0,equal_colour,19,False,1,0.5471698113207547,0.6041666666666666
0,equal_colour,20,False,2,0.6105263157894737,0.6041666666666666
0,equal_colour,21,False,2,0.7865168539325843,0.7291666666666666
0,equal_colour,22,True,2,0.4117647058823529,0.2916666666666667
0,equal_colour,23,False,2,0.6896551724137931,0.8333333333333334
0,equal_colour,24,False,2,0.8210526315789474,0.8125
0,equal_colour,25,False,2,0.512396694214876,0.6458333333333334
0,equal_colour,26,False,2,0.9320388349514563,1.0
0,equal_colour,27,False,2,0.5106382978723404,0.5
0,equal_colour,28,False,2,0.9038461538461539,0.9791666666666666
0,equal_colour,29,False,2,0.9183673469387755,0.9375
0,equal_colour,30,False,2,0.45098039215686275,0.4791666666666667
0,equal_colour,31,False,2,0.7833333333333333,0.9791666666666666
0,equal_colour,32,False,2,0.88,0.9166666666666666
0,equal_colour,33,False,2,0.5977011494252874,0.5416666666666666
0,equal_colour,34,False,3,0.673469387755102,0.6875
0,equal_colour,35,False,3,0.6716417910447762,0.9375
0,equal_colour,36,False,3,0.8817204301075269,0.8541666666666666
0,equal_colour,37,False,3,0.4117647058823529,0.4375
0,equal_colour,38,True,3,0.0,0.0
0,equal_colour,39,False,3,0.45045045045045046,0.5208333333333334
0,equal_colour,40,False,3,0.5882352941176471,0.5208333333333334
0,equal_colour,41,False,3,0.3058823529411765,0.2708333333333333
0,equal_colour,42,False,3,0.29333333333333333,0.22916666666666666
0,equal_colour,43,False,4,0.38596491228070173,0.4583333333333333
0,equal_colour,44,False,4,0.6222222222222222,0.5833333333333334
0,equal_colour,45,True,4,0.0,0.0
0,equal_colour,46,False,4,0.6304347826086957,0.6041666666666666
0,equal_colour,47,False,4,0.7927927927927928,0.9166666666666666
0,equal_colour,48,False,4,0.72,0.9375
0,equal_colour,49,False,4,0.15,0.125
0,equal_colour,50,False,4,0.9696969696969697,1.0
0,equal_colour,51,False,4,0.022988505747126436,0.020833333333333332
0,equal_colour,52,False,4,0.11764705882352941,0.10416666666666667
0,equal_colour,53,False,4,0.865979381443299,0.9130434782608695
0,equal_colour,54,False,4,0.45652173913043476,0.4375
0,equal_colour,55,False,4,0.6595744680851063,0.6458333333333334
0,equal_colour,56,False,4,0.8282828282828283,0.8541666666666666
0,equal_colour,57,False,5,0.6296296296296297,0.7083333333333334
0,equal_colour,58,False,5,0.6238532110091743,0.7083333333333334
0,equal_colour,59,True,5,0.06060606060606061,0.041666666666666664
0,equal_colour,60,True,5,0.5,0.3958333333333333
0,equal_colour,61,True,8,0.18421052631578946,0.14583333333333334
0,equal_colour,62,False,5,0.6434782608695652,0.7708333333333334
0,equal_colour,63,True,8,0.05194805194805195,0.041666666666666664
0,equal_colour,64,True,5,0.3902439024390244,0.3333333333333333
0,equal_colour,65,True,5,0.10714285714285714,0.0625
0,equal_colour,66,True,5,0.2191780821917808,0.16666666666666666
0,equal_colour,67,False,5,0.8723404255319149,0.8541666666666666
0,equal_colour,68,False,5,0.8712871287128713,0.9166666666666666
0,equal_colour,69,False,5,0.22857142857142856,0.16666666666666666
0,equal_colour,70,True,5,0.10526315789473684,0.0625
0,equal_colour,71,True,5,0.0,0.0
0,equal_colour,72,False,6,0.72,0.75
0,equal_colour,73,False,6,0.40559440559440557,0.6041666666666666
0,equal_colour,74,False,6,0.9056603773584906,1.0
0,equal_colour,75,False,6,0.8541666666666666,0.8541666666666666
0,equal_colour,76,False,6,0.8118811881188119,0.8541666666666666
0,equal_colour,77,False,7,0.6947368421052632,0.6875
0,equal_colour,78,True,7,0.8539325842696629,0.7916666666666666
0,equal_colour,79,True,8,0.0,0.0
0,equal_colour,80,False,7,0.3418803418803419,0.4166666666666667
0,equal_colour,81,False,7,0.4166666666666667,0.7608695652173914
0,equal_colour,82,False,8,0.6464646464646465,0.6666666666666666
0,equal_colour,83,False,8,0.7674418604651163,0.6875
0,equal_colour,84,False,8,0.5238095238095238,0.4583333333333333
0,equal_colour,85,False,8,0.7927927927927928,0.9166666666666666
0,equal_colour,86,False,8,0.5714285714285714,0.5833333333333334
0,equal_colour,87,False,8,0.8865979381443299,0.8958333333333334
0,equal_colour,88,False,8,0.5815602836879432,0.8541666666666666
0,equal_colour,89,False,8,0.6153846153846154,0.8333333333333334
0,cls_fg_tta_morph,0,False,0,0.35789473684210527,0.3541666666666667
0,cls_fg_tta_morph,1,False,0,0.7741935483870968,0.75
0,cls_fg_tta_morph,2,False,0,0.9787234042553191,0.9583333333333334
0,cls_fg_tta_morph,3,False,0,0.9565217391304348,0.9166666666666666
0,cls_fg_tta_morph,4,True,8,0.7560975609756098,0.6458333333333334
0,cls_fg_tta_morph,5,False,1,0.896551724137931,0.8478260869565217
0,cls_fg_tta_morph,6,False,1,0.4536082474226804,0.4583333333333333
0,cls_fg_tta_morph,7,True,8,0.03333333333333333,0.020833333333333332
0,cls_fg_tta_morph,8,False,1,0.7916666666666666,0.7916666666666666
0,cls_fg_tta_morph,9,False,1,0.8037383177570093,0.8958333333333334
0,cls_fg_tta_morph,10,False,1,0.46153846153846156,0.5625
0,cls_fg_tta_morph,11,False,1,0.4158415841584158,0.4375
0,cls_fg_tta_morph,12,True,8,0.4722222222222222,0.3541666666666667
0,cls_fg_tta_morph,13,False,1,0.5517241379310345,0.5
0,cls_fg_tta_morph,14,False,1,0.7474747474747475,0.7708333333333334
0,cls_fg_tta_morph,15,False,1,0.9247311827956989,0.8958333333333334
0,cls_fg_tta_morph,16,False,1,0.8817204301075269,0.8541666666666666
0,cls_fg_tta_morph,17,False,1,0.6476190476190476,0.7083333333333334
0,cls_fg_tta_morph,18,False,1,0.7446808510638298,0.7291666666666666
0,cls_fg_tta_morph,19,False,1,0.5,0.75
0,cls_fg_tta_morph,20,False,2,0.4666666666666667,0.5833333333333334
0,cls_fg_tta_morph,21,False,2,0.9387755102040817,0.9583333333333334
0,cls_fg_tta_morph,22,True,2,0.6216216216216216,0.4791666666666667
0,cls_fg_tta_morph,23,False,2,0.7142857142857143,0.7291666666666666
0,cls_fg_tta_morph,24,False,2,0.7272727272727273,0.75
0,cls_fg_tta_morph,25,False,2,0.5,0.4375
0,cls_fg_tta_morph,26,False,2,0.9361702127659575,0.9166666666666666
0,cls_fg_tta_morph,27,False,2,0.7555555555555555,0.7083333333333334
0,cls_fg_tta_morph,28,False,2,1.0,1.0
0,cls_fg_tta_morph,29,False,2,0.5370370370370371,0.6041666666666666
0,cls_fg_tta_morph,30,False,2,0.3333333333333333,0.4375
0,cls_fg_tta_morph,31,False,2,0.8627450980392157,0.9166666666666666
0,cls_fg_tta_morph,32,False,2,0.8666666666666667,0.8125
0,cls_fg_tta_morph,33,False,2,0.5217391304347826,0.5
0,cls_fg_tta_morph,34,False,3,0.4251968503937008,0.5625
0,cls_fg_tta_morph,35,False,3,0.7628865979381443,0.7708333333333334
0,cls_fg_tta_morph,36,False,3,0.8351648351648352,0.7916666666666666
0,cls_fg_tta_morph,37,False,3,0.7021276595744681,0.6875
0,cls_fg_tta_morph,38,True,3,0.0,0.0
0,cls_fg_tta_morph,39,False,3,0.6829268292682927,0.875
0,cls_fg_tta_morph,40,False,3,0.5925925925925926,0.5
0,cls_fg_tta_morph,41,False,3,0.2692307692307692,0.2916666666666667
0,cls_fg_tta_morph,42,False,3,0.5967741935483871,0.7708333333333334
0,cls_fg_tta_morph,43,False,4,0.5555555555555556,0.7291666666666666
0,cls_fg_tta_morph,44,False,4,0.8735632183908046,0.7916666666666666
0,cls_fg_tta_morph,45,True,4,0.1111111111111111,0.06382978723404255
0,cls_fg_tta_morph,46,False,4,0.7070707070707071,0.7291666666666666
0,cls_fg_tta_morph,47,False,4,0.9148936170212766,0.8958333333333334
0,cls_fg_tta_morph,48,False,4,0.9787234042553191,0.9583333333333334
0,cls_fg_tta_morph,49,False,4,0.2608695652173913,0.25
0,cls_fg_tta_morph,50,False,4,0.5063291139240507,0.4166666666666667
0,cls_fg_tta_morph,51,False,4,0.25,0.2708333333333333
0,cls_fg_tta_morph,52,False,4,0.26277372262773724,0.375
0,cls_fg_tta_morph,53,False,4,0.7640449438202247,0.7391304347826086
0,cls_fg_tta_morph,54,False,4,0.40860215053763443,0.3958333333333333
0,cls_fg_tta_morph,55,False,4,0.7070707070707071,0.7291666666666666
0,cls_fg_tta_morph,56,False,4,0.7102803738317757,0.7916666666666666
0,cls_fg_tta_morph,57,False,5,0.7727272727272727,0.7083333333333334
0,cls_fg_tta_morph,58,False,5,0.5825242718446602,0.625
0,cls_fg_tta_morph,59,True,5,0.17647058823529413,0.125
0,cls_fg_tta_morph,60,True,5,0.14285714285714285,0.08333333333333333
0,cls_fg_tta_morph,61,True,8,0.1927710843373494,0.16666666666666666
0,cls_fg_tta_morph,62,False,5,0.6538461538461539,0.7083333333333334
0,cls_fg_tta_morph,63,True,8,0.08547008547008547,0.10416666666666667
0,cls_fg_tta_morph,64,True,5,0.08,0.0625
0,cls_fg_tta_morph,65,True,5,0.024096385542168676,0.020833333333333332
0,cls_fg_tta_morph,66,True,5,0.0,0.0
0,cls_fg_tta_morph,67,False,5,0.8712871287128713,0.9166666666666666
0,cls_fg_tta_morph,68,False,5,0.9894736842105263,0.9791666666666666
0,cls_fg_tta_morph,69,False,5,0.8571428571428571,0.875
0,cls_fg_tta_morph,70,True,5,0.1935483870967742,0.125
0,cls_fg_tta_morph,71,True,5,0.0273972602739726,0.020833333333333332
0,cls_fg_tta_morph,72,False,6,0.6851851851851852,0.7708333333333334
0,cls_fg_tta_morph,73,False,6,0.5154639175257731,0.5208333333333334
0,cls_fg_tta_morph,74,False,6,0.8349514563106796,0.8958333333333334
0,cls_fg_tta_morph,75,False,6,0.35398230088495575,0.4166666666666667
0,cls_fg_tta_morph,76,False,6,0.7526881720430108,0.7291666666666666
0,cls_fg_tta_morph,77,False,7,0.8155339805825242,0.875
0,cls_fg_tta_morph,78,True,7,0.23684210526315788,0.1875
0,cls_fg_tta_morph,79,True,8,0.35294117647058826,0.25
0,cls_fg_tta_morph,80,False,7,0.36363636363636365,0.5
0,cls_fg_tta_morph,81,False,7,0.5098039215686274,0.5652173913043478
0,cls_fg_tta_morph,82,False,8,0.6213592233009708,0.6666666666666666
0,cls_fg_tta_morph,83,False,8,0.4262295081967213,0.2708333333333333
0,cls_fg_tta_morph,84,False,8,0.6956521739130435,0.6666666666666666
0,cls_fg_tta_morph,85,False,8,0.822429906542056,0.9166666666666666
0,cls_fg_tta_morph,86,False,8,0.6352941176470588,0.5625
0,cls_fg_tta_morph,87,False,8,0.8269230769230769,0.8958333333333334
0,cls_fg_tta_morph,88,False,8,0.56,0.7291666666666666
0,cls_fg_tta_morph,89,False,8,0.7301587301587301,0.9583333333333334
0,equal_cls_fg_tta_morph,0,False,0,0.32,0.3333333333333333
0,equal_cls_fg_tta_morph,1,False,0,0.8080808080808081,0.8333333333333334
0,equal_cls_fg_tta_morph,2,False,0,0.9494949494949495,0.9791666666666666
0,equal_cls_fg_tta_morph,3,False,0,0.967741935483871,0.9375
0,equal_cls_fg_tta_morph,4,True,8,0.775,0.6458333333333334
0,equal_cls_fg_tta_morph,5,False,1,0.9777777777777777,0.9565217391304348
0,equal_cls_fg_tta_morph,6,False,1,0.6105263157894737,0.6041666666666666
0,equal_cls_fg_tta_morph,7,True,8,0.0,0.0
0,equal_cls_fg_tta_morph,8,False,1,0.8155339805825242,0.875
0,equal_cls_fg_tta_morph,9,False,1,0.8888888888888888,0.9166666666666666
0,equal_cls_fg_tta_morph,10,False,1,0.5585585585585585,0.6458333333333334
0,equal_cls_fg_tta_morph,11,False,1,0.6382978723404256,0.625
0,equal_cls_fg_tta_morph,12,True,8,0.5,0.3333333333333333
0,equal_cls_fg_tta_morph,13,False,1,0.8,0.7083333333333334
0,equal_cls_fg_tta_morph,14,False,1,0.8076923076923077,0.875
0,equal_cls_fg_tta_morph,15,False,1,0.9696969696969697,1.0
0,equal_cls_fg_tta_morph,16,False,1,0.8431372549019608,0.8958333333333334
0,equal_cls_fg_tta_morph,17,False,1,0.7090909090909091,0.8125
0,equal_cls_fg_tta_morph,18,False,1,0.86,0.8958333333333334
0,equal_cls_fg_tta_morph,19,False,1,0.603448275862069,0.7291666666666666
0,equal_cls_fg_tta_morph,20,False,2,0.6981132075471698,0.7708333333333334
0,equal_cls_fg_tta_morph,21,False,2,0.9565217391304348,0.9166666666666666
0,equal_cls_fg_tta_morph,22,True,2,0.64,0.5
0,equal_cls_fg_tta_morph,23,False,2,0.8269230769230769,0.8958333333333334
0,equal_cls_fg_tta_morph,24,False,2,0.8823529411764706,0.9375
0,equal_cls_fg_tta_morph,25,False,2,0.72,0.75
0,equal_cls_fg_tta_morph,26,False,2,0.9696969696969697,1.0
0,equal_cls_fg_tta_morph,27,False,2,0.6808510638297872,0.6666666666666666
0,equal_cls_fg_tta_morph,28,False,2,1.0,1.0
0,equal_cls_fg_tta_morph,29,False,2,0.865979381443299,0.875
0,equal_cls_fg_tta_morph,30,False,2,0.5137614678899083,0.5833333333333334
0,equal_cls_fg_tta_morph,31,False,2,0.8932038834951457,0.9583333333333334
0,equal_cls_fg_tta_morph,32,False,2,0.9148936170212766,0.8958333333333334
0,equal_cls_fg_tta_morph,33,False,2,0.6521739130434783,0.625
0,equal_cls_fg_tta_morph,34,False,3,0.5663716814159292,0.6666666666666666
0,equal_cls_fg_tta_morph,35,False,3,0.8392857142857143,0.9791666666666666
0,equal_cls_fg_tta_morph,36,False,3,0.9375,0.9375
0,equal_cls_fg_tta_morph,37,False,3,0.6808510638297872,0.6666666666666666
0,equal_cls_fg_tta_morph,38,True,3,0.0,0.0
0,equal_cls_fg_tta_morph,39,False,3,0.7304347826086957,0.875
0,equal_cls_fg_tta_morph,40,False,3,0.6829268292682927,0.5833333333333334
0,equal_cls_fg_tta_morph,41,False,3,0.391304347826087,0.375
0,equal_cls_fg_tta_morph,42,False,3,0.673469387755102,0.6875
0,equal_cls_fg_tta_morph,43,False,4,0.5714285714285714,0.7916666666666666
0,equal_cls_fg_tta_morph,44,False,4,0.8791208791208791,0.8333333333333334
0,equal_cls_fg_tta_morph,45,True,4,0.03636363636363636,0.02127659574468085
0,equal_cls_fg_tta_morph,46,False,4,0.7789473684210526,0.7708333333333334
0,equal_cls_fg_tta_morph,47,False,4,0.9108910891089109,0.9583333333333334
0,equal_cls_fg_tta_morph,48,False,4,0.9894736842105263,0.9791666666666666
0,equal_cls_fg_tta_morph,49,False,4,0.1839080459770115,0.16666666666666666
0,equal_cls_fg_tta_morph,50,False,4,0.9494949494949495,0.9791666666666666
0,equal_cls_fg_tta_morph,51,False,4,0.06818181818181818,0.0625
0,equal_cls_fg_tta_morph,52,False,4,0.2807017543859649,0.3333333333333333
0,equal_cls_fg_tta_morph,53,False,4,0.9484536082474226,1.0
0,equal_cls_fg_tta_morph,54,False,4,0.5348837209302325,0.4791666666666667
0,equal_cls_fg_tta_morph,55,False,4,0.7816091954022989,0.7083333333333334
0,equal_cls_fg_tta_morph,56,False,4,0.8571428571428571,0.9375
0,equal_cls_fg_tta_morph,57,False,5,0.8282828282828283,0.8541666666666666
0,equal_cls_fg_tta_morph,58,False,5,0.6666666666666666,0.7916666666666666
0,equal_cls_fg_tta_morph,59,True,5,0.15151515151515152,0.10416666666666667
0,equal_cls_fg_tta_morph,60,True,5,0.4411764705882353,0.3125
0,equal_cls_fg_tta_morph,61,True,8,0.21621621621621623,0.16666666666666666
0,equal_cls_fg_tta_morph,62,False,5,0.6902654867256637,0.8125
0,equal_cls_fg_tta_morph,63,True,8,0.04819277108433735,0.041666666666666664
0,equal_cls_fg_tta_morph,64,True,5,0.1686746987951807,0.14583333333333334
0,equal_cls_fg_tta_morph,65,True,5,0.05714285714285714,0.041666666666666664
0,equal_cls_fg_tta_morph,66,True,5,0.17647058823529413,0.125
0,equal_cls_fg_tta_morph,67,False,5,0.9583333333333334,0.9583333333333334
0,equal_cls_fg_tta_morph,68,False,5,0.9791666666666666,0.9791666666666666
0,equal_cls_fg_tta_morph,69,False,5,0.7551020408163265,0.7708333333333334
0,equal_cls_fg_tta_morph,70,True,5,0.16666666666666666,0.10416666666666667
0,equal_cls_fg_tta_morph,71,True,5,0.0,0.0
0,equal_cls_fg_tta_morph,72,False,6,0.78,0.8125
0,equal_cls_fg_tta_morph,73,False,6,0.4881889763779528,0.6458333333333334
0,equal_cls_fg_tta_morph,74,False,6,0.9019607843137255,0.9583333333333334
0,equal_cls_fg_tta_morph,75,False,6,0.7777777777777778,0.875
0,equal_cls_fg_tta_morph,76,False,6,0.8913043478260869,0.8541666666666666
0,equal_cls_fg_tta_morph,77,False,7,0.8775510204081632,0.8958333333333334
0,equal_cls_fg_tta_morph,78,True,7,0.6813186813186813,0.6458333333333334
0,equal_cls_fg_tta_morph,79,True,8,0.38095238095238093,0.25
0,equal_cls_fg_tta_morph,80,False,7,0.3968253968253968,0.5208333333333334
0,equal_cls_fg_tta_morph,81,False,7,0.5072463768115942,0.7608695652173914
0,equal_cls_fg_tta_morph,82,False,8,0.7222222222222222,0.8125
0,equal_cls_fg_tta_morph,83,False,8,0.8,0.6666666666666666
0,equal_cls_fg_tta_morph,84,False,8,0.7142857142857143,0.625
0,equal_cls_fg_tta_morph,85,False,8,0.8333333333333334,0.9375
0,equal_cls_fg_tta_morph,86,False,8,0.7272727272727273,0.6666666666666666
0,equal_cls_fg_tta_morph,87,False,8,0.8823529411764706,0.9375
0,equal_cls_fg_tta_morph,88,False,8,0.5797101449275363,0.8333333333333334
0,equal_cls_fg_tta_morph,89,False,8,0.734375,0.9791666666666666
1,hsi_tta,0,False,0,0.25165562913907286,0.3958333333333333
1,hsi_tta,1,False,0,0.7663551401869159,0.8541666666666666
1,hsi_tta,2,False,0,0.7555555555555555,0.7083333333333334
1,hsi_tta,3,False,0,0.8141592920353983,0.9583333333333334
1,hsi_tta,4,True,0,0.47619047619047616,0.4166666666666667
1,hsi_tta,5,False,1,0.9213483146067416,0.9111111111111111
1,hsi_tta,6,False,1,0.6111111111111112,0.4583333333333333
1,hsi_tta,7,True,1,0.0,0.0
1,hsi_tta,8,False,1,0.7191011235955056,0.6666666666666666
1,hsi_tta,9,False,1,0.7865168539325843,0.7291666666666666
1,hsi_tta,10,False,1,0.23076923076923078,0.1875
1,hsi_tta,11,False,1,0.25806451612903225,0.16666666666666666
1,hsi_tta,12,True,1,0.0,0.0
1,hsi_tta,13,False,1,0.7407407407407407,0.8333333333333334
1,hsi_tta,14,False,1,0.6888888888888889,0.6595744680851063
1,hsi_tta,15,False,1,0.7317073170731707,0.9375
1,hsi_tta,16,False,1,0.7326732673267327,0.7708333333333334
1,hsi_tta,17,False,1,0.5132743362831859,0.6041666666666666
1,hsi_tta,18,False,1,0.6075949367088608,0.5
1,hsi_tta,19,False,1,0.4943820224719101,0.4583333333333333
1,hsi_tta,20,False,2,0.594059405940594,0.625
1,hsi_tta,21,False,2,0.7321428571428571,0.8541666666666666
1,hsi_tta,22,True,8,0.5526315789473685,0.4666666666666667
1,hsi_tta,23,False,2,0.6851851851851852,0.7708333333333334
1,hsi_tta,24,False,2,0.7032967032967034,0.6666666666666666
1,hsi_tta,25,False,2,0.43956043956043955,0.4166666666666667
1,hsi_tta,26,False,2,0.96,1.0
1,hsi_tta,27,False,2,0.46511627906976744,0.625
1,hsi_tta,28,False,2,0.9787234042553191,0.9583333333333334
1,hsi_tta,29,False,2,0.8288288288288288,0.9583333333333334
1,hsi_tta,30,False,2,0.2962962962962963,0.3333333333333333
1,hsi_tta,31,False,2,0.9019607843137255,0.9583333333333334
1,hsi_tta,32,False,2,0.6904761904761905,0.6041666666666666
1,hsi_tta,33,False,2,0.5161290322580645,0.5
1,hsi_tta,34,False,3,0.5309734513274337,0.625
1,hsi_tta,35,False,3,0.8842105263157894,0.875
1,hsi_tta,36,False,3,0.7706422018348624,0.875
1,hsi_tta,37,False,3,0.3013698630136986,0.22916666666666666
1,hsi_tta,38,True,8,0.0,0.0
1,hsi_tta,39,False,3,0.5591397849462365,0.5416666666666666
1,hsi_tta,40,False,3,0.6796116504854369,0.7291666666666666
1,hsi_tta,41,False,3,0.43478260869565216,0.4166666666666667
1,hsi_tta,42,False,3,0.4897959183673469,0.5
1,hsi_tta,43,False,4,0.175,0.14583333333333334
1,hsi_tta,44,False,4,0.5869565217391305,0.5625
1,hsi_tta,45,True,8,0.020833333333333332,0.020833333333333332
1,hsi_tta,46,False,4,0.4225352112676056,0.3125
1,hsi_tta,47,False,4,0.7311827956989247,0.7083333333333334
1,hsi_tta,48,False,4,0.8952380952380953,0.9791666666666666
1,hsi_tta,49,False,4,0.18867924528301888,0.20833333333333334
1,hsi_tta,50,False,4,0.9484536082474226,0.9583333333333334
1,hsi_tta,51,False,4,0.09615384615384616,0.10416666666666667
1,hsi_tta,52,False,4,0.06779661016949153,0.041666666666666664
1,hsi_tta,53,False,4,0.8817204301075269,0.8541666666666666
1,hsi_tta,54,False,4,0.6292134831460674,0.5833333333333334
1,hsi_tta,55,False,4,0.5777777777777777,0.5416666666666666
1,hsi_tta,56,False,4,0.594059405940594,0.625
1,hsi_tta,57,False,5,0.8314606741573034,0.8043478260869565
1,hsi_tta,58,False,5,0.7126436781609196,0.6458333333333334
1,hsi_tta,59,True,8,0.2564102564102564,0.20833333333333334
1,hsi_tta,60,True,8,0.7368421052631579,0.7291666666666666
1,hsi_tta,61,True,5,0.12844036697247707,0.14583333333333334
1,hsi_tta,62,False,5,0.7722772277227723,0.8125
1,hsi_tta,63,True,5,0.1553398058252427,0.16666666666666666
1,hsi_tta,64,True,8,0.5242718446601942,0.5625
1,hsi_tta,65,True,8,0.35,0.2916666666666667
1,hsi_tta,66,True,8,0.06779661016949153,0.041666666666666664
1,hsi_tta,67,False,5,0.8073394495412844,0.9166666666666666
1,hsi_tta,68,False,5,0.8653846153846154,0.9375
1,hsi_tta,69,False,5,0.43478260869565216,0.4166666666666667
1,hsi_tta,70,True,8,0.1917808219178082,0.14583333333333334
1,hsi_tta,71,True,8,0.1927710843373494,0.16666666666666666
1,hsi_tta,72,False,6,0.7722772277227723,0.8125
1,hsi_tta,73,False,6,0.35,0.2916666666666667
1,hsi_tta,74,False,6,0.7543859649122807,0.8958333333333334
1,hsi_tta,75,False,6,0.8,0.9166666666666666
1,hsi_tta,76,False,6,0.7835051546391752,0.7916666666666666
1,hsi_tta,77,False,7,0.7288135593220338,0.8958333333333334
1,hsi_tta,78,True,8,0.8932038834951457,0.9583333333333334
1,hsi_tta,79,True,7,0.0,0.0
1,hsi_tta,80,False,7,0.42990654205607476,0.4791666666666667
1,hsi_tta,81,False,7,0.43564356435643564,0.4583333333333333
1,hsi_tta,82,False,8,0.7450980392156863,0.7916666666666666
1,hsi_tta,83,False,8,0.6902654867256637,0.8125
1,hsi_tta,84,False,8,0.5736434108527132,0.7708333333333334
1,hsi_tta,85,False,8,0.9263157894736842,0.9166666666666666
1,hsi_tta,86,False,8,0.5238095238095238,0.6875
1,hsi_tta,87,False,8,0.696969696969697,0.9583333333333334
1,hsi_tta,88,False,8,0.509090909090909,0.5833333333333334
1,hsi_tta,89,False,8,0.8636363636363636,0.7916666666666666
1,cls,0,False,0,0.16161616161616163,0.16666666666666666
1,cls,1,False,0,0.6923076923076923,0.75
1,cls,2,False,0,0.8666666666666667,0.8125
1,cls,3,False,0,0.7735849056603774,0.8541666666666666
1,cls,4,True,0,0.5333333333333333,0.4166666666666667
1,cls,5,False,1,0.7857142857142857,0.7333333333333333
1,cls,6,False,1,0.3157894736842105,0.3125
1,cls,7,True,1,0.0,0.0
1,cls,8,False,1,0.7659574468085106,0.75
1,cls,9,False,1,0.5714285714285714,0.625
1,cls,10,False,1,0.42424242424242425,0.4375
1,cls,11,False,1,0.2905982905982906,0.3541666666666667
1,cls,12,True,1,0.11428571428571428,0.08333333333333333
1,cls,13,False,1,0.5192307692307693,0.5625
1,cls,14,False,1,0.5882352941176471,0.5319148936170213
1,cls,15,False,1,0.6554621848739496,0.8125
1,cls,16,False,1,0.6593406593406593,0.625
1,cls,17,False,1,0.49019607843137253,0.5208333333333334
1,cls,18,False,1,0.6236559139784946,0.6041666666666666
1,cls,19,False,1,0.45977011494252873,0.4166666666666667
1,cls,20,False,2,0.42424242424242425,0.4375
1,cls,21,False,2,0.6086956521739131,0.5833333333333334
1,cls,22,True,8,0.6829268292682927,0.6222222222222222
1,cls,23,False,2,0.6542056074766355,0.7291666666666666
1,cls,24,False,2,0.7676767676767676,0.7916666666666666
1,cls,25,False,2,0.4090909090909091,0.375
1,cls,26,False,2,0.9052631578947369,0.8958333333333334
1,cls,27,False,2,0.4166666666666667,0.4166666666666667
1,cls,28,False,2,0.9052631578947369,0.8958333333333334
1,cls,29,False,2,0.54,0.5625
1,cls,30,False,2,0.16091954022988506,0.14583333333333334
1,cls,31,False,2,0.8260869565217391,0.7916666666666666
1,cls,32,False,2,0.5909090909090909,0.5416666666666666
1,cls,33,False,2,0.39622641509433965,0.4375
1,cls,34,False,3,0.32653061224489793,0.3333333333333333
1,cls,35,False,3,0.7032967032967034,0.6666666666666666
1,cls,36,False,3,0.7659574468085106,0.75
1,cls,37,False,3,0.5054945054945055,0.4791666666666667
1,cls,38,True,8,0.0,0.0
1,cls,39,False,3,0.5116279069767442,0.4583333333333333
1,cls,40,False,3,0.5,0.5833333333333334
1,cls,41,False,3,0.22857142857142856,0.25
1,cls,42,False,3,0.4791666666666667,0.4791666666666667
1,cls,43,False,4,0.64,0.6666666666666666
1,cls,44,False,4,0.7216494845360825,0.7291666666666666
1,cls,45,True,8,0.4057971014492754,0.2916666666666667
1,cls,46,False,4,0.5416666666666666,0.5416666666666666
1,cls,47,False,4,0.8080808080808081,0.8333333333333334
1,cls,48,False,4,0.9,0.9375
1,cls,49,False,4,0.19047619047619047,0.25
1,cls,50,False,4,0.6078431372549019,0.6458333333333334
1,cls,51,False,4,0.2222222222222222,0.25
1,cls,52,False,4,0.20224719101123595,0.1875
1,cls,53,False,4,0.6153846153846154,0.5833333333333334
1,cls,54,False,4,0.6078431372549019,0.6458333333333334
1,cls,55,False,4,0.5737704918032787,0.7291666666666666
1,cls,56,False,4,0.594059405940594,0.625
1,cls,57,False,5,0.6136363636363636,0.5869565217391305
1,cls,58,False,5,0.5,0.5416666666666666
1,cls,59,True,8,0.3055555555555556,0.22916666666666666
1,cls,60,True,8,0.48717948717948717,0.3958333333333333
1,cls,61,True,5,0.0,0.0
1,cls,62,False,5,0.6666666666666666,0.625
1,cls,63,True,5,0.0,0.0
1,cls,64,True,8,0.2,0.1875
1,cls,65,True,8,0.18604651162790697,0.16666666666666666
1,cls,66,True,8,0.2736842105263158,0.2708333333333333
1,cls,67,False,5,0.8571428571428571,0.8125
1,cls,68,False,5,0.9130434782608695,0.875
1,cls,69,False,5,0.7555555555555555,0.7083333333333334
1,cls,70,True,8,0.3409090909090909,0.3125
1,cls,71,True,8,0.058823529411764705,0.041666666666666664
1,cls,72,False,6,0.5252525252525253,0.5416666666666666
1,cls,73,False,6,0.41379310344827586,0.375
1,cls,74,False,6,0.7547169811320755,0.8333333333333334
1,cls,75,False,6,0.2857142857142857,0.2916666666666667
1,cls,76,False,6,0.7021276595744681,0.6875
1,cls,77,False,7,0.6,0.5625
1,cls,78,True,8,0.3888888888888889,0.2916666666666667
1,cls,79,True,7,0.16216216216216217,0.125
1,cls,80,False,7,0.21153846153846154,0.22916666666666666
1,cls,81,False,7,0.36363636363636365,0.3333333333333333
1,cls,82,False,8,0.5192307692307693,0.5625
1,cls,83,False,8,0.7111111111111111,0.6666666666666666
1,cls,84,False,8,0.37735849056603776,0.4166666666666667
1,cls,85,False,8,0.6746987951807228,0.5833333333333334
1,cls,86,False,8,0.5151515151515151,0.7083333333333334
1,cls,87,False,8,0.6379310344827587,0.7708333333333334
1,cls,88,False,8,0.40718562874251496,0.7083333333333334
1,cls,89,False,8,0.8539325842696629,0.7916666666666666
1,equal_cls,0,False,0,0.2517482517482518,0.375
1,equal_cls,1,False,0,0.8846153846153846,0.9583333333333334
1,equal_cls,2,False,0,0.9072164948453608,0.9166666666666666
1,equal_cls,3,False,0,0.8148148148148148,0.9166666666666666
1,equal_cls,4,True,0,0.5454545454545454,0.4375
1,equal_cls,5,False,1,0.9213483146067416,0.9111111111111111
1,equal_cls,6,False,1,0.5526315789473685,0.4375
1,equal_cls,7,True,1,0.0,0.0
1,equal_cls,8,False,1,0.9032258064516129,0.875
1,equal_cls,9,False,1,0.7920792079207921,0.8333333333333334
1,equal_cls,10,False,1,0.4418604651162791,0.3958333333333333
1,equal_cls,11,False,1,0.45714285714285713,0.3333333333333333
1,equal_cls,12,True,1,0.06896551724137931,0.041666666666666664
1,equal_cls,13,False,1,0.7326732673267327,0.7708333333333334
1,equal_cls,14,False,1,0.7777777777777778,0.7446808510638298
1,equal_cls,15,False,1,0.6825396825396826,0.8958333333333334
1,equal_cls,16,False,1,0.7291666666666666,0.7291666666666666
1,equal_cls,17,False,1,0.584070796460177,0.6875
1,equal_cls,18,False,1,0.6896551724137931,0.625
1,equal_cls,19,False,1,0.5783132530120482,0.5
1,equal_cls,20,False,2,0.6476190476190476,0.7083333333333334
1,equal_cls,21,False,2,0.7850467289719626,0.875
1,equal_cls,22,True,8,0.6506024096385542,0.6
1,equal_cls,23,False,2,0.7619047619047619,0.8333333333333334
1,equal_cls,24,False,2,0.8155339805825242,0.875
1,equal_cls,25,False,2,0.4835164835164835,0.4583333333333333
1,equal_cls,26,False,2,0.9504950495049505,1.0
1,equal_cls,27,False,2,0.5645161290322581,0.7291666666666666
1,equal_cls,28,False,2,0.9484536082474226,0.9583333333333334
1,equal_cls,29,False,2,0.76,0.7916666666666666
1,equal_cls,30,False,2,0.30612244897959184,0.3125
1,equal_cls,31,False,2,0.9108910891089109,0.9583333333333334
1,equal_cls,32,False,2,0.7816091954022989,0.7083333333333334
1,equal_cls,33,False,2,0.6122448979591837,0.625
1,equal_cls,34,False,3,0.5660377358490566,0.625
1,equal_cls,35,False,3,0.9072164948453608,0.9166666666666666
1,equal_cls,36,False,3,0.8888888888888888,0.9166666666666666
1,equal_cls,37,False,3,0.55,0.4583333333333333
1,equal_cls,38,True,8,0.0,0.0
1,equal_cls,39,False,3,0.6593406593406593,0.625
1,equal_cls,40,False,3,0.6949152542372882,0.8541666666666666
1,equal_cls,41,False,3,0.4,0.3541666666666667
1,equal_cls,42,False,3,0.5684210526315789,0.5625
1,equal_cls,43,False,4,0.4827586206896552,0.4375
1,equal_cls,44,False,4,0.7708333333333334,0.7708333333333334
1,equal_cls,45,True,8,0.18181818181818182,0.16666666666666666
1,equal_cls,46,False,4,0.5925925925925926,0.5
1,equal_cls,47,False,4,0.8351648351648352,0.7916666666666666
1,equal_cls,48,False,4,0.9494949494949495,0.9791666666666666
1,equal_cls,49,False,4,0.21568627450980393,0.22916666666666666
1,equal_cls,50,False,4,0.8737864077669902,0.9375
1,equal_cls,51,False,4,0.17543859649122806,0.20833333333333334
1,equal_cls,52,False,4,0.09836065573770492,0.0625
1,equal_cls,53,False,4,0.8936170212765957,0.875
1,equal_cls,54,False,4,0.7692307692307693,0.7291666666666666
1,equal_cls,55,False,4,0.6730769230769231,0.7291666666666666
1,equal_cls,56,False,4,0.6346153846153846,0.6875
1,equal_cls,57,False,5,0.8085106382978723,0.8260869565217391
1,equal_cls,58,False,5,0.7727272727272727,0.7083333333333334
1,equal_cls,59,True,8,0.3380281690140845,0.25
1,equal_cls,60,True,8,0.7741935483870968,0.75
1,equal_cls,61,True,5,0.09900990099009901,0.10416666666666667
1,equal_cls,62,False,5,0.8421052631578947,0.8333333333333334
1,equal_cls,63,True,5,0.08196721311475409,0.10416666666666667
1,equal_cls,64,True,8,0.5,0.5416666666666666
1,equal_cls,65,True,8,0.2222222222222222,0.16666666666666666
1,equal_cls,66,True,8,0.18181818181818182,0.125
1,equal_cls,67,False,5,0.9183673469387755,0.9375
1,equal_cls,68,False,5,0.9090909090909091,0.9375
1,equal_cls,69,False,5,0.7070707070707071,0.7291666666666666
1,equal_cls,70,True,8,0.3466666666666667,0.2708333333333333
1,equal_cls,71,True,8,0.057971014492753624,0.041666666666666664
1,equal_cls,72,False,6,0.74,0.7708333333333334
1,equal_cls,73,False,6,0.43037974683544306,0.3541666666666667
1,equal_cls,74,False,6,0.8035714285714286,0.9375
1,equal_cls,75,False,6,0.8737864077669902,0.9375
1,equal_cls,76,False,6,0.851063829787234,0.8333333333333334
1,equal_cls,77,False,7,0.7850467289719626,0.875
1,equal_cls,78,True,8,0.75,0.6875
1,equal_cls,79,True,7,0.14705882352941177,0.10416666666666667
1,equal_cls,80,False,7,0.46938775510204084,0.4791666666666667
1,equal_cls,81,False,7,0.5617977528089888,0.5208333333333334
1,equal_cls,82,False,8,0.7547169811320755,0.8333333333333334
1,equal_cls,83,False,8,0.84,0.875
1,equal_cls,84,False,8,0.6554621848739496,0.8125
1,equal_cls,85,False,8,0.8936170212765957,0.875
1,equal_cls,86,False,8,0.5873015873015873,0.7708333333333334
1,equal_cls,87,False,8,0.7014925373134329,0.9791666666666666
1,equal_cls,88,False,8,0.46808510638297873,0.6875
1,equal_cls,89,False,8,0.9010989010989011,0.8541666666666666
1,cls_fg,0,False,0,0.2222222222222222,0.22916666666666666
1,cls_fg,1,False,0,0.8,0.8333333333333334
1,cls_fg,2,False,0,0.8764044943820225,0.8125
1,cls_fg,3,False,0,0.8037383177570093,0.8958333333333334
1,cls_fg,4,True,0,0.6027397260273972,0.4583333333333333
1,cls_fg,5,False,1,0.825,0.7333333333333333
1,cls_fg,6,False,1,0.32989690721649484,0.3333333333333333
1,cls_fg,7,True,1,0.0,0.0
1,cls_fg,8,False,1,0.8505747126436781,0.7708333333333334
1,cls_fg,9,False,1,0.6990291262135923,0.75
1,cls_fg,10,False,1,0.4827586206896552,0.5833333333333334
1,cls_fg,11,False,1,0.33663366336633666,0.3541666666666667
1,cls_fg,12,True,1,0.19444444444444445,0.14583333333333334
1,cls_fg,13,False,1,0.5490196078431373,0.5833333333333334
1,cls_fg,14,False,1,0.611764705882353,0.5531914893617021
1,cls_fg,15,False,1,0.7068965517241379,0.8541666666666666
1,cls_fg,16,False,1,0.7391304347826086,0.7083333333333334
1,cls_fg,17,False,1,0.5833333333333334,0.5833333333333334
1,cls_fg,18,False,1,0.7111111111111111,0.6666666666666666
1,cls_fg,19,False,1,0.4470588235294118,0.3958333333333333
1,cls_fg,20,False,2,0.48,0.5
1,cls_fg,21,False,2,0.6813186813186813,0.6458333333333334
1,cls_fg,22,True,8,0.675,0.6
1,cls_fg,23,False,2,0.7184466019417476,0.7708333333333334
1,cls_fg,24,False,2,0.8,0.7916666666666666
1,cls_fg,25,False,2,0.5319148936170213,0.5208333333333334
1,cls_fg,26,False,2,0.9247311827956989,0.8958333333333334
1,cls_fg,27,False,2,0.4375,0.4375
1,cls_fg,28,False,2,0.9473684210526315,0.9375
1,cls_fg,29,False,2,0.5252525252525253,0.5416666666666666
1,cls_fg,30,False,2,0.1956521739130435,0.1875
1,cls_fg,31,False,2,0.8863636363636364,0.8125
1,cls_fg,32,False,2,0.7472527472527473,0.7083333333333334
1,cls_fg,33,False,2,0.4117647058823529,0.4375
1,cls_fg,34,False,3,0.3673469387755102,0.375
1,cls_fg,35,False,3,0.7333333333333333,0.6875
1,cls_fg,36,False,3,0.8,0.7916666666666666
1,cls_fg,37,False,3,0.5842696629213483,0.5416666666666666
1,cls_fg,38,True,8,0.020618556701030927,0.020833333333333332
1,cls_fg,39,False,3,0.6,0.5625
1,cls_fg,40,False,3,0.4838709677419355,0.625
1,cls_fg,41,False,3,0.22448979591836735,0.22916666666666666
1,cls_fg,42,False,3,0.5052631578947369,0.5
1,cls_fg,43,False,4,0.6796116504854369,0.7291666666666666
1,cls_fg,44,False,4,0.8333333333333334,0.8333333333333334
1,cls_fg,45,True,8,0.4166666666666667,0.3125
1,cls_fg,46,False,4,0.5686274509803921,0.6041666666666666
1,cls_fg,47,False,4,0.8484848484848485,0.875
1,cls_fg,48,False,4,0.9215686274509803,0.9791666666666666
1,cls_fg,49,False,4,0.2,0.2916666666666667
1,cls_fg,50,False,4,0.6851851851851852,0.7708333333333334
1,cls_fg,51,False,4,0.2037037037037037,0.22916666666666666
1,cls_fg,52,False,4,0.2553191489361702,0.25
1,cls_fg,53,False,4,0.7311827956989247,0.7083333333333334
1,cls_fg,54,False,4,0.6078431372549019,0.6458333333333334
1,cls_fg,55,False,4,0.6153846153846154,0.75
1,cls_fg,56,False,4,0.6153846153846154,0.6666666666666666
1,cls_fg,57,False,5,0.6966292134831461,0.6739130434782609
1,cls_fg,58,False,5,0.5714285714285714,0.5833333333333334
1,cls_fg,59,True,8,0.34285714285714286,0.25
1,cls_fg,60,True,8,0.4578313253012048,0.3958333333333333
1,cls_fg,61,True,5,0.0,0.0
1,cls_fg,62,False,5,0.7628865979381443,0.7708333333333334
1,cls_fg,63,True,5,0.0,0.0
1,cls_fg,64,True,8,0.22988505747126436,0.20833333333333334
1,cls_fg,65,True,8,0.25882352941176473,0.22916666666666666
1,cls_fg,66,True,8,0.29213483146067415,0.2708333333333333
1,cls_fg,67,False,5,0.8764044943820225,0.8125
1,cls_fg,68,False,5,0.9263157894736842,0.9166666666666666
1,cls_fg,69,False,5,0.7640449438202247,0.7083333333333334
1,cls_fg,70,True,8,0.37209302325581395,0.3333333333333333
1,cls_fg,71,True,8,0.06060606060606061,0.041666666666666664
1,cls_fg,72,False,6,0.5714285714285714,0.5833333333333334
1,cls_fg,73,False,6,0.43010752688172044,0.4166666666666667
1,cls_fg,74,False,6,0.8155339805825242,0.875
1,cls_fg,75,False,6,0.4,0.4583333333333333
1,cls_fg,76,False,6,0.723404255319149,0.7083333333333334
1,cls_fg,77,False,7,0.6,0.5625
1,cls_fg,78,True,8,0.38235294117647056,0.2708333333333333
1,cls_fg,79,True,7,0.14925373134328357,0.10416666666666667
1,cls_fg,80,False,7,0.24074074074074073,0.2708333333333333
1,cls_fg,81,False,7,0.4146341463414634,0.3541666666666667
1,cls_fg,82,False,8,0.5510204081632653,0.5625
1,cls_fg,83,False,8,0.8131868131868132,0.7708333333333334
1,cls_fg,84,False,8,0.4528301886792453,0.5
1,cls_fg,85,False,8,0.6904761904761905,0.6041666666666666
1,cls_fg,86,False,8,0.5625,0.75
1,cls_fg,87,False,8,0.6554621848739496,0.8125
1,cls_fg,88,False,8,0.41916167664670656,0.7291666666666666
1,cls_fg,89,False,8,0.8636363636363636,0.7916666666666666
1,equal_cls_fg,0,False,0,0.2463768115942029,0.3541666666666667
1,equal_cls_fg,1,False,0,0.8823529411764706,0.9375
1,equal_cls_fg,2,False,0,0.9052631578947369,0.8958333333333334
1,equal_cls_fg,3,False,0,0.8301886792452831,0.9166666666666666
1,equal_cls_fg,4,True,0,0.5714285714285714,0.4583333333333333
1,equal_cls_fg,5,False,1,0.9318181818181818,0.9111111111111111
1,equal_cls_fg,6,False,1,0.5301204819277109,0.4583333333333333
1,equal_cls_fg,7,True,1,0.0,0.0
1,equal_cls_fg,8,False,1,0.8913043478260869,0.8541666666666666
1,equal_cls_fg,9,False,1,0.8235294117647058,0.875
1,equal_cls_fg,10,False,1,0.5416666666666666,0.5416666666666666
1,equal_cls_fg,11,False,1,0.41025641025641024,0.3333333333333333
1,equal_cls_fg,12,True,1,0.16666666666666666,0.10416666666666667
1,equal_cls_fg,13,False,1,0.7450980392156863,0.7916666666666666
1,equal_cls_fg,14,False,1,0.8043478260869565,0.7872340425531915
1,equal_cls_fg,15,False,1,0.7226890756302521,0.8958333333333334
1,equal_cls_fg,16,False,1,0.7755102040816326,0.7916666666666666
1,equal_cls_fg,17,False,1,0.6238532110091743,0.7083333333333334
1,equal_cls_fg,18,False,1,0.7586206896551724,0.6875
1,equal_cls_fg,19,False,1,0.611764705882353,0.5416666666666666
1,equal_cls_fg,20,False,2,0.673469387755102,0.6875
1,equal_cls_fg,21,False,2,0.8076923076923077,0.875
1,equal_cls_fg,22,True,8,0.691358024691358,0.6222222222222222
1,equal_cls_fg,23,False,2,0.7920792079207921,0.8333333333333334
1,equal_cls_fg,24,False,2,0.8316831683168316,0.875
1,equal_cls_fg,25,False,2,0.4782608695652174,0.4583333333333333
1,equal_cls_fg,26,False,2,0.96,1.0
1,equal_cls_fg,27,False,2,0.5641025641025641,0.6875
1,equal_cls_fg,28,False,2,0.9583333333333334,0.9583333333333334
1,equal_cls_fg,29,False,2,0.7843137254901961,0.8333333333333334
1,equal_cls_fg,30,False,2,0.3125,0.3125
1,equal_cls_fg,31,False,2,0.9375,0.9375
1,equal_cls_fg,32,False,2,0.7912087912087912,0.75
1,equal_cls_fg,33,False,2,0.6373626373626373,0.6041666666666666
1,equal_cls_fg,34,False,3,0.5346534653465347,0.5625
1,equal_cls_fg,35,False,3,0.8865979381443299,0.8958333333333334
1,equal_cls_fg,36,False,3,0.8958333333333334,0.8958333333333334
1,equal_cls_fg,37,False,3,0.6,0.5
1,equal_cls_fg,38,True,8,0.0,0.0
1,equal_cls_fg,39,False,3,0.7368421052631579,0.7291666666666666
1,equal_cls_fg,40,False,3,0.6722689075630253,0.8333333333333334
1,equal_cls_fg,41,False,3,0.40476190476190477,0.3541666666666667
1,equal_cls_fg,42,False,3,0.6185567010309279,0.625
1,equal_cls_fg,43,False,4,0.5681818181818182,0.5208333333333334
1,equal_cls_fg,44,False,4,0.8210526315789474,0.8125
1,equal_cls_fg,45,True,8,0.27586206896551724,0.25
1,equal_cls_fg,46,False,4,0.6666666666666666,0.625
1,equal_cls_fg,47,False,4,0.8723404255319149,0.8541666666666666
1,equal_cls_fg,48,False,4,0.9306930693069307,0.9791666666666666
1,equal_cls_fg,49,False,4,0.2018348623853211,0.22916666666666666
1,equal_cls_fg,50,False,4,0.8543689320388349,0.9166666666666666
1,equal_cls_fg,51,False,4,0.19298245614035087,0.22916666666666666
1,equal_cls_fg,52,False,4,0.09090909090909091,0.0625
1,equal_cls_fg,53,False,4,0.8958333333333334,0.8958333333333334
1,equal_cls_fg,54,False,4,0.7789473684210526,0.7708333333333334
1,equal_cls_fg,55,False,4,0.7184466019417476,0.7708333333333334
1,equal_cls_fg,56,False,4,0.6909090909090909,0.7916666666666666
1,equal_cls_fg,57,False,5,0.8,0.8260869565217391
1,equal_cls_fg,58,False,5,0.75,0.6875
1,equal_cls_fg,59,True,8,0.3235294117647059,0.22916666666666666
1,equal_cls_fg,60,True,8,0.7555555555555555,0.7083333333333334
1,equal_cls_fg,61,True,5,0.0851063829787234,0.08333333333333333
1,equal_cls_fg,62,False,5,0.8484848484848485,0.875
1,equal_cls_fg,63,True,5,0.06451612903225806,0.08333333333333333
1,equal_cls_fg,64,True,8,0.5,0.5208333333333334
1,equal_cls_fg,65,True,8,0.25,0.1875
1,equal_cls_fg,66,True,8,0.19047619047619047,0.125
1,equal_cls_fg,67,False,5,0.9278350515463918,0.9375
1,equal_cls_fg,68,False,5,0.9278350515463918,0.9375
1,equal_cls_fg,69,False,5,0.72,0.75
1,equal_cls_fg,70,True,8,0.39473684210526316,0.3125
1,equal_cls_fg,71,True,8,0.06153846153846154,0.041666666666666664
1,equal_cls_fg,72,False,6,0.7766990291262136,0.8333333333333334
1,equal_cls_fg,73,False,6,0.4691358024691358,0.3958333333333333
1,equal_cls_fg,74,False,6,0.8035714285714286,0.9375
1,equal_cls_fg,75,False,6,0.8518518518518519,0.9583333333333334
1,equal_cls_fg,76,False,6,0.851063829787234,0.8333333333333334
1,equal_cls_fg,77,False,7,0.7889908256880734,0.8958333333333334
1,equal_cls_fg,78,True,8,0.7160493827160493,0.6041666666666666
1,equal_cls_fg,79,True,7,0.125,0.08333333333333333
1,equal_cls_fg,80,False,7,0.48,0.5
1,equal_cls_fg,81,False,7,0.6153846153846154,0.5833333333333334
1,equal_cls_fg,82,False,8,0.7476635514018691,0.8333333333333334
1,equal_cls_fg,83,False,8,0.88,0.9166666666666666
1,equal_cls_fg,84,False,8,0.6260869565217392,0.75
1,equal_cls_fg,85,False,8,0.8695652173913043,0.8333333333333334
1,equal_cls_fg,86,False,8,0.6341463414634146,0.8125
1,equal_cls_fg,87,False,8,0.7131782945736435,0.9583333333333334
1,equal_cls_fg,88,False,8,0.49673202614379086,0.7916666666666666
1,equal_cls_fg,89,False,8,0.9247311827956989,0.8958333333333334
1,last4,0,False,0,0.28888888888888886,0.2708333333333333
1,last4,1,False,0,0.8235294117647058,0.875
1,last4,2,False,0,0.9213483146067416,0.8541666666666666
1,last4,3,False,0,0.8490566037735849,0.9375
1,last4,4,True,0,0.6486486486486487,0.5
1,last4,5,False,1,0.85,0.7555555555555555
1,last4,6,False,1,0.449438202247191,0.4166666666666667
1,last4,7,True,1,0.0,0.0
1,last4,8,False,1,0.898876404494382,0.8333333333333334
1,last4,9,False,1,0.7961165048543689,0.8541666666666666
1,last4,10,False,1,0.49612403100775193,0.6666666666666666
1,last4,11,False,1,0.4235294117647059,0.375
1,last4,12,True,1,0.2318840579710145,0.16666666666666666
1,last4,13,False,1,0.5714285714285714,0.5833333333333334
1,last4,14,False,1,0.6976744186046512,0.6382978723404256
1,last4,15,False,1,0.7272727272727273,0.9166666666666666
1,last4,16,False,1,0.8571428571428571,0.8125
1,last4,17,False,1,0.6521739130434783,0.625
1,last4,18,False,1,0.7777777777777778,0.7291666666666666
1,last4,19,False,1,0.5517241379310345,0.5
1,last4,20,False,2,0.6538461538461539,0.7083333333333334
1,last4,21,False,2,0.7209302325581395,0.6458333333333334
1,last4,22,True,8,0.7105263157894737,0.6
1,last4,23,False,2,0.84,0.875
1,last4,24,False,2,0.845360824742268,0.8541666666666666
1,last4,25,False,2,0.6021505376344086,0.5833333333333334
1,last4,26,False,2,0.9347826086956522,0.8958333333333334
1,last4,27,False,2,0.5376344086021505,0.5208333333333334
1,last4,28,False,2,0.9787234042553191,0.9583333333333334
1,last4,29,False,2,0.5591397849462365,0.5416666666666666
1,last4,30,False,2,0.3191489361702128,0.3125
1,last4,31,False,2,0.9347826086956522,0.8958333333333334
1,last4,32,False,2,0.8210526315789474,0.8125
1,last4,33,False,2,0.4948453608247423,0.5
1,last4,34,False,3,0.46,0.4791666666666667
1,last4,35,False,3,0.8045977011494253,0.7291666666666666
1,last4,36,False,3,0.8602150537634409,0.8333333333333334
1,last4,37,False,3,0.625,0.625
1,last4,38,True,8,0.0,0.0
1,last4,39,False,3,0.7835051546391752,0.7916666666666666
1,last4,40,False,3,0.6299212598425197,0.8333333333333334
1,last4,41,False,3,0.23529411764705882,0.25
1,last4,42,False,3,0.6373626373626373,0.6041666666666666
1,last4,43,False,4,0.7272727272727273,0.8333333333333334
1,last4,44,False,4,0.8958333333333334,0.8958333333333334
1,last4,45,True,8,0.47058823529411764,0.3333333333333333
1,last4,46,False,4,0.6888888888888889,0.6458333333333334
1,last4,47,False,4,0.9292929292929293,0.9583333333333334
1,last4,48,False,4,0.9320388349514563,1.0
1,last4,49,False,4,0.2111801242236025,0.3541666666666667
1,last4,50,False,4,0.7207207207207207,0.8333333333333334
1,last4,51,False,4,0.25925925925925924,0.2916666666666667
1,last4,52,False,4,0.3191489361702128,0.3125
1,last4,53,False,4,0.8351648351648352,0.7916666666666666
1,last4,54,False,4,0.6868686868686869,0.7083333333333334
1,last4,55,False,4,0.7241379310344828,0.875
1,last4,56,False,4,0.7,0.7291666666666666
1,last4,57,False,5,0.8,0.782608695652174
1,last4,58,False,5,0.5660377358490566,0.625
1,last4,59,True,8,0.4444444444444444,0.3333333333333333
1,last4,60,True,8,0.5063291139240507,0.4166666666666667
1,last4,61,True,5,0.0,0.0
1,last4,62,False,5,0.8163265306122449,0.8333333333333334
1,last4,63,True,5,0.0,0.0
1,last4,64,True,8,0.225,0.1875
1,last4,65,True,8,0.10810810810810811,0.08333333333333333
1,last4,66,True,8,0.3023255813953488,0.2708333333333333
1,last4,67,False,5,0.9361702127659575,0.9166666666666666
1,last4,68,False,5,0.9574468085106383,0.9375
1,last4,69,False,5,0.7956989247311828,0.7708333333333334
1,last4,70,True,8,0.4878048780487805,0.4166666666666667
1,last4,71,True,8,0.0625,0.041666666666666664
1,last4,72,False,6,0.6796116504854369,0.7291666666666666
1,last4,73,False,6,0.5094339622641509,0.5625
1,last4,74,False,6,0.803921568627451,0.8541666666666666
1,last4,75,False,6,0.43243243243243246,0.5
1,last4,76,False,6,0.898876404494382,0.8333333333333334
1,last4,77,False,7,0.7191011235955056,0.6666666666666666
1,last4,78,True,8,0.3225806451612903,0.20833333333333334
1,last4,79,True,7,0.057971014492753624,0.041666666666666664
1,last4,80,False,7,0.32075471698113206,0.3541666666666667
1,last4,81,False,7,0.5365853658536586,0.4583333333333333
1,last4,82,False,8,0.6534653465346535,0.6875
1,last4,83,False,8,0.8936170212765957,0.875
1,last4,84,False,8,0.5490196078431373,0.5833333333333334
1,last4,85,False,8,0.7674418604651163,0.6875
1,last4,86,False,8,0.6187050359712231,0.8958333333333334
1,last4,87,False,8,0.7627118644067796,0.9375
1,last4,88,False,8,0.425531914893617,0.8333333333333334
1,last4,89,False,8,0.9111111111111111,0.8541666666666666
1,equal_last4,0,False,0,0.28776978417266186,0.4166666666666667
1,equal_last4,1,False,0,0.8910891089108911,0.9375
1,equal_last4,2,False,0,0.9263157894736842,0.9166666666666666
1,equal_last4,3,False,0,0.8571428571428571,0.9375
1,equal_last4,4,True,0,0.65,0.5416666666666666
1,equal_last4,5,False,1,0.9318181818181818,0.9111111111111111
1,equal_last4,6,False,1,0.625,0.5208333333333334
1,equal_last4,7,True,1,0.0,0.0
1,equal_last4,8,False,1,0.8602150537634409,0.8333333333333334
1,equal_last4,9,False,1,0.8543689320388349,0.9166666666666666
1,equal_last4,10,False,1,0.6105263157894737,0.6041666666666666
1,equal_last4,11,False,1,0.48,0.375
1,equal_last4,12,True,1,0.20689655172413793,0.125
1,equal_last4,13,False,1,0.7692307692307693,0.8333333333333334
1,equal_last4,14,False,1,0.8314606741573034,0.7872340425531915
1,equal_last4,15,False,1,0.7580645161290323,0.9791666666666666
1,equal_last4,16,False,1,0.7835051546391752,0.7916666666666666
1,equal_last4,17,False,1,0.6964285714285714,0.8125
1,equal_last4,18,False,1,0.7674418604651163,0.6875
1,equal_last4,19,False,1,0.6046511627906976,0.5416666666666666
1,equal_last4,20,False,2,0.7184466019417476,0.7708333333333334
1,equal_last4,21,False,2,0.8571428571428571,0.875
1,equal_last4,22,True,8,0.6582278481012658,0.5777777777777777
1,equal_last4,23,False,2,0.780952380952381,0.8541666666666666
1,equal_last4,24,False,2,0.9166666666666666,0.9166666666666666
1,equal_last4,25,False,2,0.5934065934065934,0.5625
1,equal_last4,26,False,2,0.9696969696969697,1.0
1,equal_last4,27,False,2,0.5982905982905983,0.7291666666666666
1,equal_last4,28,False,2,0.9787234042553191,0.9583333333333334
1,equal_last4,29,False,2,0.7878787878787878,0.8125
1,equal_last4,30,False,2,0.3655913978494624,0.3541666666666667
1,equal_last4,31,False,2,0.9387755102040817,0.9583333333333334
1,equal_last4,32,False,2,0.8817204301075269,0.8541666666666666
1,equal_last4,33,False,2,0.6222222222222222,0.5833333333333334
1,equal_last4,34,False,3,0.5660377358490566,0.625
1,equal_last4,35,False,3,0.9247311827956989,0.8958333333333334
1,equal_last4,36,False,3,0.9278350515463918,0.9375
1,equal_last4,37,False,3,0.6987951807228916,0.6041666666666666
1,equal_last4,38,True,8,0.0,0.0
1,equal_last4,39,False,3,0.7789473684210526,0.7708333333333334
1,equal_last4,40,False,3,0.704,0.9166666666666666
1,equal_last4,41,False,3,0.4578313253012048,0.3958333333333333
1,equal_last4,42,False,3,0.6458333333333334,0.6458333333333334
1,equal_last4,43,False,4,0.5494505494505495,0.5208333333333334
1,equal_last4,44,False,4,0.8842105263157894,0.875
1,equal_last4,45,True,8,0.27586206896551724,0.25
1,equal_last4,46,False,4,0.7529411764705882,0.6666666666666666
1,equal_last4,47,False,4,0.9052631578947369,0.8958333333333334
1,equal_last4,48,False,4,0.9494949494949495,0.9791666666666666
1,equal_last4,49,False,4,0.26785714285714285,0.3125
1,equal_last4,50,False,4,0.9019607843137255,0.9583333333333334
1,equal_last4,51,False,4,0.205607476635514,0.22916666666666666
1,equal_last4,52,False,4,0.1791044776119403,0.125
1,equal_last4,53,False,4,0.9292929292929293,0.9583333333333334
1,equal_last4,54,False,4,0.8131868131868132,0.7708333333333334
1,equal_last4,55,False,4,0.7524752475247525,0.7916666666666666
1,equal_last4,56,False,4,0.6727272727272727,0.7708333333333334
1,equal_last4,57,False,5,0.8541666666666666,0.8913043478260869
1,equal_last4,58,False,5,0.7555555555555555,0.7083333333333334
1,equal_last4,59,True,8,0.4225352112676056,0.3125
1,equal_last4,60,True,8,0.7415730337078652,0.6875
1,equal_last4,61,True,5,0.1,0.10416666666666667
1,equal_last4,62,False,5,0.8936170212765957,0.875
1,equal_last4,63,True,5,0.0975609756097561,0.125
1,equal_last4,64,True,8,0.4946236559139785,0.4791666666666667
1,equal_last4,65,True,8,0.17142857142857143,0.125
1,equal_last4,66,True,8,0.24242424242424243,0.16666666666666666
1,equal_last4,67,False,5,0.9690721649484536,0.9791666666666666
1,equal_last4,68,False,5,0.9292929292929293,0.9583333333333334
1,equal_last4,69,False,5,0.780952380952381,0.8541666666666666
1,equal_last4,70,True,8,0.43373493975903615,0.375
1,equal_last4,71,True,8,0.03076923076923077,0.020833333333333332
1,equal_last4,72,False,6,0.7766990291262136,0.8333333333333334
1,equal_last4,73,False,6,0.4444444444444444,0.375
1,equal_last4,74,False,6,0.8181818181818182,0.9375
1,equal_last4,75,False,6,0.8269230769230769,0.8958333333333334
1,equal_last4,76,False,6,0.8913043478260869,0.8541666666666666
1,equal_last4,77,False,7,0.8113207547169812,0.8958333333333334
1,equal_last4,78,True,8,0.7317073170731707,0.625
1,equal_last4,79,True,7,0.058823529411764705,0.041666666666666664
1,equal_last4,80,False,7,0.5192307692307693,0.5625
1,equal_last4,81,False,7,0.6976744186046512,0.625
1,equal_last4,82,False,8,0.7766990291262136,0.8333333333333334
1,equal_last4,83,False,8,0.92,0.9583333333333334
1,equal_last4,84,False,8,0.6846846846846847,0.7916666666666666
1,equal_last4,85,False,8,0.9072164948453608,0.9166666666666666
1,equal_last4,86,False,8,0.696969696969697,0.9583333333333334
1,equal_last4,87,False,8,0.7419354838709677,0.9583333333333334
1,equal_last4,88,False,8,0.48484848484848486,0.8333333333333334
1,equal_last4,89,False,8,0.9213483146067416,0.8541666666666666
1,cls_fg_tta,0,False,0,0.2553191489361702,0.25
1,cls_fg_tta,1,False,0,0.8155339805825242,0.875
1,cls_fg_tta,2,False,0,0.9130434782608695,0.875
1,cls_fg_tta,3,False,0,0.819047619047619,0.8958333333333334
1,cls_fg_tta,4,True,0,0.5,0.3541666666666667
1,cls_fg_tta,5,False,1,0.8433734939759037,0.7777777777777778
1,cls_fg_tta,6,False,1,0.42105263157894735,0.4166666666666667
1,cls_fg_tta,7,True,1,0.0,0.0
1,cls_fg_tta,8,False,1,0.8470588235294118,0.75
1,cls_fg_tta,9,False,1,0.7339449541284404,0.8333333333333334
1,cls_fg_tta,10,False,1,0.6055045871559633,0.6875
1,cls_fg_tta,11,False,1,0.375,0.375
1,cls_fg_tta,12,True,1,0.25,0.1875
1,cls_fg_tta,13,False,1,0.5825242718446602,0.625
1,cls_fg_tta,14,False,1,0.6363636363636364,0.5957446808510638
1,cls_fg_tta,15,False,1,0.6935483870967742,0.8958333333333334
1,cls_fg_tta,16,False,1,0.7912087912087912,0.75
1,cls_fg_tta,17,False,1,0.6666666666666666,0.6666666666666666
1,cls_fg_tta,18,False,1,0.7640449438202247,0.7083333333333334
1,cls_fg_tta,19,False,1,0.5333333333333333,0.5
1,cls_fg_tta,20,False,2,0.5504587155963303,0.625
1,cls_fg_tta,21,False,2,0.7216494845360825,0.7291666666666666
1,cls_fg_tta,22,True,8,0.6666666666666666,0.5777777777777777
1,cls_fg_tta,23,False,2,0.7924528301886793,0.875
1,cls_fg_tta,24,False,2,0.7878787878787878,0.8125
1,cls_fg_tta,25,False,2,0.5934065934065934,0.5625
1,cls_fg_tta,26,False,2,0.9574468085106383,0.9375
1,cls_fg_tta,27,False,2,0.5625,0.5625
1,cls_fg_tta,28,False,2,0.9375,0.9375
1,cls_fg_tta,29,False,2,0.4842105263157895,0.4791666666666667
1,cls_fg_tta,30,False,2,0.2916666666666667,0.2916666666666667
1,cls_fg_tta,31,False,2,0.9148936170212766,0.8958333333333334
1,cls_fg_tta,32,False,2,0.7865168539325843,0.7291666666666666
1,cls_fg_tta,33,False,2,0.4375,0.4375
1,cls_fg_tta,34,False,3,0.49019607843137253,0.5208333333333334
1,cls_fg_tta,35,False,3,0.7692307692307693,0.7291666666666666
1,cls_fg_tta,36,False,3,0.8125,0.8125
1,cls_fg_tta,37,False,3,0.7,0.7291666666666666
1,cls_fg_tta,38,True,8,0.025,0.020833333333333332
1,cls_fg_tta,39,False,3,0.6593406593406593,0.625
1,cls_fg_tta,40,False,3,0.6101694915254238,0.75
1,cls_fg_tta,41,False,3,0.26548672566371684,0.3125
1,cls_fg_tta,42,False,3,0.5625,0.5625
1,cls_fg_tta,43,False,4,0.78,0.8125
1,cls_fg_tta,44,False,4,0.88,0.9166666666666666
1,cls_fg_tta,45,True,8,0.4594594594594595,0.3541666666666667
1,cls_fg_tta,46,False,4,0.6153846153846154,0.5833333333333334
1,cls_fg_tta,47,False,4,0.86,0.8958333333333334
1,cls_fg_tta,48,False,4,0.912621359223301,0.9791666666666666
1,cls_fg_tta,49,False,4,0.12598425196850394,0.16666666666666666
1,cls_fg_tta,50,False,4,0.6534653465346535,0.6875
1,cls_fg_tta,51,False,4,0.205607476635514,0.22916666666666666
1,cls_fg_tta,52,False,4,0.2708333333333333,0.2708333333333333
1,cls_fg_tta,53,False,4,0.6956521739130435,0.6666666666666666
1,cls_fg_tta,54,False,4,0.673469387755102,0.6875
1,cls_fg_tta,55,False,4,0.7155963302752294,0.8125
1,cls_fg_tta,56,False,4,0.6981132075471698,0.7708333333333334
1,cls_fg_tta,57,False,5,0.7157894736842105,0.7391304347826086
1,cls_fg_tta,58,False,5,0.6470588235294118,0.6875
1,cls_fg_tta,59,True,8,0.46153846153846156,0.375
1,cls_fg_tta,60,True,8,0.4810126582278481,0.3958333333333333
1,cls_fg_tta,61,True,5,0.02564102564102564,0.020833333333333332
1,cls_fg_tta,62,False,5,0.693069306930693,0.7291666666666666
1,cls_fg_tta,63,True,5,0.01680672268907563,0.020833333333333332
1,cls_fg_tta,64,True,8,0.23255813953488372,0.20833333333333334
1,cls_fg_tta,65,True,8,0.18604651162790697,0.16666666666666666
1,cls_fg_tta,66,True,8,0.2564102564102564,0.20833333333333334
1,cls_fg_tta,67,False,5,0.8913043478260869,0.8541666666666666
1,cls_fg_tta,68,False,5,0.9166666666666666,0.9166666666666666
1,cls_fg_tta,69,False,5,0.8131868131868132,0.7708333333333334
1,cls_fg_tta,70,True,8,0.4772727272727273,0.4375
1,cls_fg_tta,71,True,8,0.03278688524590164,0.020833333333333332
1,cls_fg_tta,72,False,6,0.5979381443298969,0.6041666666666666
1,cls_fg_tta,73,False,6,0.43564356435643564,0.4583333333333333
1,cls_fg_tta,74,False,6,0.8155339805825242,0.875
1,cls_fg_tta,75,False,6,0.43636363636363634,0.5
1,cls_fg_tta,76,False,6,0.7311827956989247,0.7083333333333334
1,cls_fg_tta,77,False,7,0.6341463414634146,0.5416666666666666
1,cls_fg_tta,78,True,8,0.3611111111111111,0.2708333333333333
1,cls_fg_tta,79,True,7,0.136986301369863,0.10416666666666667
1,cls_fg_tta,80,False,7,0.25287356321839083,0.22916666666666666
1,cls_fg_tta,81,False,7,0.5531914893617021,0.5416666666666666
1,cls_fg_tta,82,False,8,0.6296296296296297,0.7083333333333334
1,cls_fg_tta,83,False,8,0.8865979381443299,0.8958333333333334
1,cls_fg_tta,84,False,8,0.49019607843137253,0.5208333333333334
1,cls_fg_tta,85,False,8,0.7619047619047619,0.6666666666666666
1,cls_fg_tta,86,False,8,0.5826771653543307,0.7708333333333334
1,cls_fg_tta,87,False,8,0.7636363636363637,0.875
1,cls_fg_tta,88,False,8,0.4367816091954023,0.7916666666666666
1,cls_fg_tta,89,False,8,0.8888888888888888,0.8333333333333334
1,equal_cls_fg_tta,0,False,0,0.24615384615384617,0.3333333333333333
1,equal_cls_fg_tta,1,False,0,0.8823529411764706,0.9375
1,equal_cls_fg_tta,2,False,0,0.9263157894736842,0.9166666666666666
1,equal_cls_fg_tta,3,False,0,0.8380952380952381,0.9166666666666666
1,equal_cls_fg_tta,4,True,0,0.6052631578947368,0.4791666666666667
1,equal_cls_fg_tta,5,False,1,0.9425287356321839,0.9111111111111111
1,equal_cls_fg_tta,6,False,1,0.5542168674698795,0.4791666666666667
1,equal_cls_fg_tta,7,True,1,0.0,0.0
1,equal_cls_fg_tta,8,False,1,0.8913043478260869,0.8541666666666666
1,equal_cls_fg_tta,9,False,1,0.8316831683168316,0.875
1,equal_cls_fg_tta,10,False,1,0.6105263157894737,0.6041666666666666
1,equal_cls_fg_tta,11,False,1,0.46153846153846156,0.375
1,equal_cls_fg_tta,12,True,1,0.23333333333333334,0.14583333333333334
1,equal_cls_fg_tta,13,False,1,0.75,0.8125
1,equal_cls_fg_tta,14,False,1,0.7777777777777778,0.7446808510638298
1,equal_cls_fg_tta,15,False,1,0.704,0.9166666666666666
1,equal_cls_fg_tta,16,False,1,0.8333333333333334,0.8333333333333334
1,equal_cls_fg_tta,17,False,1,0.6792452830188679,0.75
1,equal_cls_fg_tta,18,False,1,0.75,0.6875
1,equal_cls_fg_tta,19,False,1,0.651685393258427,0.6041666666666666
1,equal_cls_fg_tta,20,False,2,0.6938775510204082,0.7083333333333334
1,equal_cls_fg_tta,21,False,2,0.8118811881188119,0.8541666666666666
1,equal_cls_fg_tta,22,True,8,0.6666666666666666,0.6
1,equal_cls_fg_tta,23,False,2,0.780952380952381,0.8541666666666666
1,equal_cls_fg_tta,24,False,2,0.8958333333333334,0.8958333333333334
1,equal_cls_fg_tta,25,False,2,0.5894736842105263,0.5833333333333334
1,equal_cls_fg_tta,26,False,2,0.9696969696969697,1.0
1,equal_cls_fg_tta,27,False,2,0.6016260162601627,0.7708333333333334
1,equal_cls_fg_tta,28,False,2,0.968421052631579,0.9583333333333334
1,equal_cls_fg_tta,29,False,2,0.8163265306122449,0.8333333333333334
1,equal_cls_fg_tta,30,False,2,0.30303030303030304,0.3125
1,equal_cls_fg_tta,31,False,2,0.9583333333333334,0.9583333333333334
1,equal_cls_fg_tta,32,False,2,0.8351648351648352,0.7916666666666666
1,equal_cls_fg_tta,33,False,2,0.6086956521739131,0.5833333333333334
1,equal_cls_fg_tta,34,False,3,0.6551724137931034,0.7916666666666666
1,equal_cls_fg_tta,35,False,3,0.9278350515463918,0.9375
1,equal_cls_fg_tta,36,False,3,0.9019607843137255,0.9583333333333334
1,equal_cls_fg_tta,37,False,3,0.6521739130434783,0.625
1,equal_cls_fg_tta,38,True,8,0.0,0.0
1,equal_cls_fg_tta,39,False,3,0.7252747252747253,0.6875
1,equal_cls_fg_tta,40,False,3,0.7154471544715447,0.9166666666666666
1,equal_cls_fg_tta,41,False,3,0.4175824175824176,0.3958333333333333
1,equal_cls_fg_tta,42,False,3,0.6060606060606061,0.625
1,equal_cls_fg_tta,43,False,4,0.6808510638297872,0.6666666666666666
1,equal_cls_fg_tta,44,False,4,0.8571428571428571,0.875
1,equal_cls_fg_tta,45,True,8,0.2926829268292683,0.25
1,equal_cls_fg_tta,46,False,4,0.6823529411764706,0.6041666666666666
1,equal_cls_fg_tta,47,False,4,0.8842105263157894,0.875
1,equal_cls_fg_tta,48,False,4,0.9306930693069307,0.9791666666666666
1,equal_cls_fg_tta,49,False,4,0.25,0.25
1,equal_cls_fg_tta,50,False,4,0.9183673469387755,0.9375
1,equal_cls_fg_tta,51,False,4,0.16216216216216217,0.1875
1,equal_cls_fg_tta,52,False,4,0.15151515151515152,0.10416666666666667
1,equal_cls_fg_tta,53,False,4,0.8842105263157894,0.875
1,equal_cls_fg_tta,54,False,4,0.7777777777777778,0.7291666666666666
1,equal_cls_fg_tta,55,False,4,0.7647058823529411,0.8125
1,equal_cls_fg_tta,56,False,4,0.6486486486486487,0.75
1,equal_cls_fg_tta,57,False,5,0.7835051546391752,0.8260869565217391
1,equal_cls_fg_tta,58,False,5,0.7659574468085106,0.75
1,equal_cls_fg_tta,59,True,8,0.43243243243243246,0.3333333333333333
1,equal_cls_fg_tta,60,True,8,0.7446808510638298,0.7291666666666666
1,equal_cls_fg_tta,61,True,5,0.08602150537634409,0.08333333333333333
1,equal_cls_fg_tta,62,False,5,0.8571428571428571,0.875
1,equal_cls_fg_tta,63,True,5,0.08695652173913043,0.10416666666666667
1,equal_cls_fg_tta,64,True,8,0.4742268041237113,0.4791666666666667
1,equal_cls_fg_tta,65,True,8,0.18421052631578946,0.14583333333333334
1,equal_cls_fg_tta,66,True,8,0.13333333333333333,0.08333333333333333
1,equal_cls_fg_tta,67,False,5,0.9072164948453608,0.9166666666666666
1,equal_cls_fg_tta,68,False,5,0.9387755102040817,0.9583333333333334
1,equal_cls_fg_tta,69,False,5,0.8163265306122449,0.8333333333333334
1,equal_cls_fg_tta,70,True,8,0.5,0.4166666666666667
1,equal_cls_fg_tta,71,True,8,0.03125,0.020833333333333332
1,equal_cls_fg_tta,72,False,6,0.7766990291262136,0.8333333333333334
1,equal_cls_fg_tta,73,False,6,0.4819277108433735,0.4166666666666667
1,equal_cls_fg_tta,74,False,6,0.8141592920353983,0.9583333333333334
1,equal_cls_fg_tta,75,False,6,0.822429906542056,0.9166666666666666
1,equal_cls_fg_tta,76,False,6,0.8260869565217391,0.7916666666666666
1,equal_cls_fg_tta,77,False,7,0.7961165048543689,0.8541666666666666
1,equal_cls_fg_tta,78,True,8,0.75,0.6875
1,equal_cls_fg_tta,79,True,7,0.11764705882352941,0.08333333333333333
1,equal_cls_fg_tta,80,False,7,0.4842105263157895,0.4791666666666667
1,equal_cls_fg_tta,81,False,7,0.6,0.5625
1,equal_cls_fg_tta,82,False,8,0.7572815533980582,0.8125
1,equal_cls_fg_tta,83,False,8,0.9038461538461539,0.9791666666666666
1,equal_cls_fg_tta,84,False,8,0.672566371681416,0.7916666666666666
1,equal_cls_fg_tta,85,False,8,0.8913043478260869,0.8541666666666666
1,equal_cls_fg_tta,86,False,8,0.6507936507936508,0.8541666666666666
1,equal_cls_fg_tta,87,False,8,0.7603305785123967,0.9583333333333334
1,equal_cls_fg_tta,88,False,8,0.5064935064935064,0.8125
1,equal_cls_fg_tta,89,False,8,0.9361702127659575,0.9166666666666666
1,last4_tta,0,False,0,0.32967032967032966,0.3125
1,last4_tta,1,False,0,0.9108910891089109,0.9583333333333334
1,last4_tta,2,False,0,0.9213483146067416,0.8541666666666666
1,last4_tta,3,False,0,0.8761904761904762,0.9583333333333334
1,last4_tta,4,True,0,0.5915492957746479,0.4375
1,last4_tta,5,False,1,0.8780487804878049,0.8
1,last4_tta,6,False,1,0.5,0.5208333333333334
1,last4_tta,7,True,1,0.0,0.0
1,last4_tta,8,False,1,0.9111111111111111,0.8541666666666666
1,last4_tta,9,False,1,0.7961165048543689,0.8541666666666666
1,last4_tta,10,False,1,0.6229508196721312,0.7916666666666666
1,last4_tta,11,False,1,0.4888888888888889,0.4583333333333333
1,last4_tta,12,True,1,0.2727272727272727,0.1875
1,last4_tta,13,False,1,0.6736842105263158,0.6666666666666666
1,last4_tta,14,False,1,0.8372093023255814,0.7659574468085106
1,last4_tta,15,False,1,0.703125,0.9375
1,last4_tta,16,False,1,0.8631578947368421,0.8541666666666666
1,last4_tta,17,False,1,0.7311827956989247,0.7083333333333334
1,last4_tta,18,False,1,0.8045977011494253,0.7291666666666666
1,last4_tta,19,False,1,0.5909090909090909,0.5416666666666666
1,last4_tta,20,False,2,0.68,0.7083333333333334
1,last4_tta,21,False,2,0.8172043010752689,0.7916666666666666
1,last4_tta,22,True,8,0.6388888888888888,0.5111111111111111
1,last4_tta,23,False,2,0.9,0.9375
1,last4_tta,24,False,2,0.8723404255319149,0.8541666666666666
1,last4_tta,25,False,2,0.6741573033707865,0.625
1,last4_tta,26,False,2,0.9574468085106383,0.9375
1,last4_tta,27,False,2,0.6464646464646465,0.6666666666666666
1,last4_tta,28,False,2,0.9787234042553191,0.9583333333333334
1,last4_tta,29,False,2,0.5161290322580645,0.5
1,last4_tta,30,False,2,0.3695652173913043,0.3541666666666667
1,last4_tta,31,False,2,0.9347826086956522,0.8958333333333334
1,last4_tta,32,False,2,0.8571428571428571,0.8125
1,last4_tta,33,False,2,0.5360824742268041,0.5416666666666666
1,last4_tta,34,False,3,0.5242718446601942,0.5625
1,last4_tta,35,False,3,0.8764044943820225,0.8125
1,last4_tta,36,False,3,0.9166666666666666,0.9166666666666666
1,last4_tta,37,False,3,0.7326732673267327,0.7708333333333334
1,last4_tta,38,True,8,0.0,0.0
1,last4_tta,39,False,3,0.8222222222222222,0.7708333333333334
1,last4_tta,40,False,3,0.6666666666666666,0.8958333333333334
1,last4_tta,41,False,3,0.336283185840708,0.3958333333333333
1,last4_tta,42,False,3,0.6170212765957447,0.6041666666666666
1,last4_tta,43,False,4,0.8,0.875
1,last4_tta,44,False,4,0.9791666666666666,0.9791666666666666
1,last4_tta,45,True,8,0.4857142857142857,0.3541666666666667
1,last4_tta,46,False,4,0.7252747252747253,0.6875
1,last4_tta,47,False,4,0.9375,0.9375
1,last4_tta,48,False,4,0.9230769230769231,1.0
1,last4_tta,49,False,4,0.23129251700680273,0.3541666666666667
1,last4_tta,50,False,4,0.6851851851851852,0.7708333333333334
1,last4_tta,51,False,4,0.22,0.22916666666666666
1,last4_tta,52,False,4,0.3516483516483517,0.3333333333333333
1,last4_tta,53,False,4,0.8478260869565217,0.8125
1,last4_tta,54,False,4,0.8125,0.8125
1,last4_tta,55,False,4,0.7317073170731707,0.9375
1,last4_tta,56,False,4,0.7547169811320755,0.8333333333333334
1,last4_tta,57,False,5,0.8247422680412371,0.8695652173913043
1,last4_tta,58,False,5,0.625,0.7291666666666666
1,last4_tta,59,True,8,0.39436619718309857,0.2916666666666667
1,last4_tta,60,True,8,0.5063291139240507,0.4166666666666667
1,last4_tta,61,True,5,0.0,0.0
1,last4_tta,62,False,5,0.7663551401869159,0.8541666666666666
1,last4_tta,63,True,5,0.016,0.020833333333333332
1,last4_tta,64,True,8,0.4,0.3125
1,last4_tta,65,True,8,0.11764705882352941,0.08333333333333333
1,last4_tta,66,True,8,0.24324324324324326,0.1875
1,last4_tta,67,False,5,0.9574468085106383,0.9375
1,last4_tta,68,False,5,0.9583333333333334,0.9583333333333334
1,last4_tta,69,False,5,0.8817204301075269,0.8541666666666666
1,last4_tta,70,True,8,0.5116279069767442,0.4583333333333333
1,last4_tta,71,True,8,0.03389830508474576,0.020833333333333332
1,last4_tta,72,False,6,0.75,0.8125
1,last4_tta,73,False,6,0.48484848484848486,0.5
1,last4_tta,74,False,6,0.8235294117647058,0.875
1,last4_tta,75,False,6,0.4727272727272727,0.5416666666666666
1,last4_tta,76,False,6,0.8602150537634409,0.8333333333333334
1,last4_tta,77,False,7,0.6823529411764706,0.6041666666666666
1,last4_tta,78,True,8,0.36619718309859156,0.2708333333333333
1,last4_tta,79,True,7,0.05714285714285714,0.041666666666666664
1,last4_tta,80,False,7,0.3125,0.3125
1,last4_tta,81,False,7,0.6373626373626373,0.6041666666666666
1,last4_tta,82,False,8,0.6346153846153846,0.6875
1,last4_tta,83,False,8,0.8936170212765957,0.875
1,last4_tta,84,False,8,0.5773195876288659,0.5833333333333334
1,last4_tta,85,False,8,0.8505747126436781,0.7708333333333334
1,last4_tta,86,False,8,0.625,0.9375
1,last4_tta,87,False,8,0.7964601769911505,0.9375
1,last4_tta,88,False,8,0.43243243243243246,0.8333333333333334
1,last4_tta,89,False,8,0.9565217391304348,0.9166666666666666
1,equal_last4_tta,0,False,0,0.27692307692307694,0.375
1,equal_last4_tta,1,False,0,0.8737864077669902,0.9375
1,equal_last4_tta,2,False,0,0.9263157894736842,0.9166666666666666
1,equal_last4_tta,3,False,0,0.8653846153846154,0.9375
1,equal_last4_tta,4,True,0,0.5974025974025974,0.4791666666666667
1,equal_last4_tta,5,False,1,0.9425287356321839,0.9111111111111111
1,equal_last4_tta,6,False,1,0.5853658536585366,0.5
1,equal_last4_tta,7,True,1,0.0,0.0
1,equal_last4_tta,8,False,1,0.9247311827956989,0.8958333333333334
1,equal_last4_tta,9,False,1,0.8514851485148515,0.8958333333333334
1,equal_last4_tta,10,False,1,0.6326530612244898,0.6458333333333334
1,equal_last4_tta,11,False,1,0.5526315789473685,0.4375
1,equal_last4_tta,12,True,1,0.21052631578947367,0.125
1,equal_last4_tta,13,False,1,0.7647058823529411,0.8125
1,equal_last4_tta,14,False,1,0.8539325842696629,0.8085106382978723
1,equal_last4_tta,15,False,1,0.7121212121212122,0.9791666666666666
1,equal_last4_tta,16,False,1,0.8842105263157894,0.875
1,equal_last4_tta,17,False,1,0.7155963302752294,0.8125
1,equal_last4_tta,18,False,1,0.7906976744186046,0.7083333333333334
1,equal_last4_tta,19,False,1,0.6741573033707865,0.625
1,equal_last4_tta,20,False,2,0.7326732673267327,0.7708333333333334
1,equal_last4_tta,21,False,2,0.8723404255319149,0.8541666666666666
1,equal_last4_tta,22,True,8,0.631578947368421,0.5333333333333333
1,equal_last4_tta,23,False,2,0.8333333333333334,0.9375
1,equal_last4_tta,24,False,2,0.9166666666666666,0.9166666666666666
1,equal_last4_tta,25,False,2,0.651685393258427,0.6041666666666666
1,equal_last4_tta,26,False,2,0.9696969696969697,1.0
1,equal_last4_tta,27,False,2,0.631578947368421,0.75
1,equal_last4_tta,28,False,2,0.9787234042553191,0.9583333333333334
1,equal_last4_tta,29,False,2,0.8163265306122449,0.8333333333333334
1,equal_last4_tta,30,False,2,0.3829787234042553,0.375
1,equal_last4_tta,31,False,2,0.9583333333333334,0.9583333333333334
1,equal_last4_tta,32,False,2,0.8817204301075269,0.8541666666666666
1,equal_last4_tta,33,False,2,0.6666666666666666,0.6666666666666666
1,equal_last4_tta,34,False,3,0.672566371681416,0.7916666666666666
1,equal_last4_tta,35,False,3,0.9473684210526315,0.9375
1,equal_last4_tta,36,False,3,0.94,0.9791666666666666
1,equal_last4_tta,37,False,3,0.6593406593406593,0.625
1,equal_last4_tta,38,True,8,0.0,0.0
1,equal_last4_tta,39,False,3,0.8043478260869565,0.7708333333333334
1,equal_last4_tta,40,False,3,0.7419354838709677,0.9583333333333334
1,equal_last4_tta,41,False,3,0.4318181818181818,0.3958333333333333
1,equal_last4_tta,42,False,3,0.6530612244897959,0.6666666666666666
1,equal_last4_tta,43,False,4,0.6382978723404256,0.625
1,equal_last4_tta,44,False,4,0.9278350515463918,0.9375
1,equal_last4_tta,45,True,8,0.32558139534883723,0.2916666666666667
1,equal_last4_tta,46,False,4,0.7469879518072289,0.6458333333333334
1,equal_last4_tta,47,False,4,0.9148936170212766,0.8958333333333334
1,equal_last4_tta,48,False,4,0.9306930693069307,0.9791666666666666
1,equal_last4_tta,49,False,4,0.2830188679245283,0.3125
1,equal_last4_tta,50,False,4,0.92,0.9583333333333334
1,equal_last4_tta,51,False,4,0.1509433962264151,0.16666666666666666
1,equal_last4_tta,52,False,4,0.2857142857142857,0.20833333333333334
1,equal_last4_tta,53,False,4,0.9278350515463918,0.9375
1,equal_last4_tta,54,False,4,0.8444444444444444,0.7916666666666666
1,equal_last4_tta,55,False,4,0.7619047619047619,0.8333333333333334
1,equal_last4_tta,56,False,4,0.7090909090909091,0.8125
1,equal_last4_tta,57,False,5,0.8631578947368421,0.8913043478260869
1,equal_last4_tta,58,False,5,0.7474747474747475,0.7708333333333334
1,equal_last4_tta,59,True,8,0.39436619718309857,0.2916666666666667
1,equal_last4_tta,60,True,8,0.7608695652173914,0.7291666666666666
1,equal_last4_tta,61,True,5,0.10526315789473684,0.10416666666666667
1,equal_last4_tta,62,False,5,0.8686868686868687,0.8958333333333334
1,equal_last4_tta,63,True,5,0.11666666666666667,0.14583333333333334
1,equal_last4_tta,64,True,8,0.4943820224719101,0.4583333333333333
1,equal_last4_tta,65,True,8,0.1643835616438356,0.125
1,equal_last4_tta,66,True,8,0.22950819672131148,0.14583333333333334
1,equal_last4_tta,67,False,5,0.9484536082474226,0.9583333333333334
1,equal_last4_tta,68,False,5,0.9484536082474226,0.9583333333333334
1,equal_last4_tta,69,False,5,0.7920792079207921,0.8333333333333334
1,equal_last4_tta,70,True,8,0.5287356321839081,0.4791666666666667
1,equal_last4_tta,71,True,8,0.0,0.0
1,equal_last4_tta,72,False,6,0.7766990291262136,0.8333333333333334
1,equal_last4_tta,73,False,6,0.4878048780487805,0.4166666666666667
1,equal_last4_tta,74,False,6,0.8108108108108109,0.9375
1,equal_last4_tta,75,False,6,0.8073394495412844,0.9166666666666666
1,equal_last4_tta,76,False,6,0.8888888888888888,0.8333333333333334
1,equal_last4_tta,77,False,7,0.8235294117647058,0.875
1,equal_last4_tta,78,True,8,0.7906976744186046,0.7083333333333334
1,equal_last4_tta,79,True,7,0.0547945205479452,0.041666666666666664
1,equal_last4_tta,80,False,7,0.5102040816326531,0.5208333333333334
1,equal_last4_tta,81,False,7,0.6739130434782609,0.6458333333333334
1,equal_last4_tta,82,False,8,0.803921568627451,0.8541666666666666
1,equal_last4_tta,83,False,8,0.9230769230769231,1.0
1,equal_last4_tta,84,False,8,0.6728971962616822,0.75
1,equal_last4_tta,85,False,8,0.9361702127659575,0.9166666666666666
1,equal_last4_tta,86,False,8,0.7121212121212122,0.9791666666666666
1,equal_last4_tta,87,False,8,0.7796610169491526,0.9583333333333334
1,equal_last4_tta,88,False,8,0.5207100591715976,0.9166666666666666
1,equal_last4_tta,89,False,8,0.9565217391304348,0.9166666666666666
1,morph,0,False,0,0.1348314606741573,0.125
1,morph,1,False,0,0.16494845360824742,0.16666666666666666
1,morph,2,False,0,0.44642857142857145,0.5208333333333334
1,morph,3,False,0,0.6065573770491803,0.7708333333333334
1,morph,4,True,0,0.36036036036036034,0.4166666666666667
1,morph,5,False,1,0.5769230769230769,0.6666666666666666
1,morph,6,False,1,0.056338028169014086,0.041666666666666664
1,morph,7,True,1,0.06060606060606061,0.08333333333333333
1,morph,8,False,1,0.38333333333333336,0.4791666666666667
1,morph,9,False,1,0.19148936170212766,0.1875
1,morph,10,False,1,0.06315789473684211,0.0625
1,morph,11,False,1,0.14814814814814814,0.16666666666666666
1,morph,12,True,1,0.20224719101123595,0.1875
1,morph,13,False,1,0.11904761904761904,0.10416666666666667
1,morph,14,False,1,0.10101010101010101,0.10638297872340426
1,morph,15,False,1,0.5161290322580645,0.5
1,morph,16,False,1,0.5736434108527132,0.7708333333333334
1,morph,17,False,1,0.06153846153846154,0.041666666666666664
1,morph,18,False,1,0.03389830508474576,0.020833333333333332
1,morph,19,False,1,0.03389830508474576,0.020833333333333332
1,morph,20,False,2,0.08,0.0625
1,morph,21,False,2,0.4954128440366973,0.5625
1,morph,22,True,8,0.2318840579710145,0.17777777777777778
1,morph,23,False,2,0.0,0.0
1,morph,24,False,2,0.14285714285714285,0.22916666666666666
1,morph,25,False,2,0.07058823529411765,0.0625
1,morph,26,False,2,0.14754098360655737,0.1875
1,morph,27,False,2,0.020833333333333332,0.020833333333333332
1,morph,28,False,2,0.9361702127659575,0.9166666666666666
1,morph,29,False,2,0.1282051282051282,0.10416666666666667
1,morph,30,False,2,0.16176470588235295,0.22916666666666666
1,morph,31,False,2,0.2,0.25
1,morph,32,False,2,0.5360824742268041,0.5416666666666666
1,morph,33,False,2,0.12941176470588237,0.22916666666666666
1,morph,34,False,3,0.06611570247933884,0.08333333333333333
1,morph,35,False,3,0.027777777777777776,0.020833333333333332
1,morph,36,False,3,0.31343283582089554,0.4375
1,morph,37,False,3,0.03278688524590164,0.020833333333333332
1,morph,38,True,8,0.0,0.0
1,morph,39,False,3,0.22556390977443608,0.3125
1,morph,40,False,3,0.14736842105263157,0.14583333333333334
1,morph,41,False,3,0.13333333333333333,0.10416666666666667
1,morph,42,False,3,0.029850746268656716,0.020833333333333332
1,morph,43,False,4,0.11494252873563218,0.10416666666666667
1,morph,44,False,4,0.23423423423423423,0.2708333333333333
1,morph,45,True,8,0.04,0.041666666666666664
1,morph,46,False,4,0.03571428571428571,0.020833333333333332
1,morph,47,False,4,0.24742268041237114,0.25
1,morph,48,False,4,0.5858585858585859,0.6041666666666666
1,morph,49,False,4,0.06896551724137931,0.041666666666666664
1,morph,50,False,4,0.47619047619047616,0.625
1,morph,51,False,4,0.057971014492753624,0.041666666666666664
1,morph,52,False,4,0.05128205128205128,0.041666666666666664
1,morph,53,False,4,0.2153846153846154,0.2916666666666667
1,morph,54,False,4,0.13043478260869565,0.125
1,morph,55,False,4,0.06451612903225806,0.0625
1,morph,56,False,4,0.16666666666666666,0.125
1,morph,57,False,5,0.07692307692307693,0.06521739130434782
1,morph,58,False,5,0.075,0.0625
1,morph,59,True,8,0.0,0.0
1,morph,60,True,8,0.03389830508474576,0.020833333333333332
1,morph,61,True,5,0.0,0.0
1,morph,62,False,5,0.06451612903225806,0.0625
1,morph,63,True,5,0.044444444444444446,0.0625
1,morph,64,True,8,0.0392156862745098,0.041666666666666664
1,morph,65,True,8,0.12173913043478261,0.14583333333333334
1,morph,66,True,8,0.02702702702702703,0.020833333333333332
1,morph,67,False,5,0.22608695652173913,0.2708333333333333
1,morph,68,False,5,0.2028985507246377,0.14583333333333334
1,morph,69,False,5,0.09411764705882353,0.08333333333333333
1,morph,70,True,8,0.0,0.0
1,morph,71,True,8,0.0,0.0
1,morph,72,False,6,0.04878048780487805,0.041666666666666664
1,morph,73,False,6,0.0,0.0
1,morph,74,False,6,0.4426229508196721,0.5625
1,morph,75,False,6,0.06896551724137931,0.041666666666666664
1,morph,76,False,6,0.03636363636363636,0.020833333333333332
1,morph,77,False,7,0.03571428571428571,0.041666666666666664
1,morph,78,True,8,0.25,0.3333333333333333
1,morph,79,True,7,0.16666666666666666,0.16666666666666666
1,morph,80,False,7,0.0425531914893617,0.041666666666666664
1,morph,81,False,7,0.03508771929824561,0.020833333333333332
1,morph,82,False,8,0.0821917808219178,0.0625
1,morph,83,False,8,0.13675213675213677,0.16666666666666666
1,morph,84,False,8,0.06557377049180328,0.041666666666666664
1,morph,85,False,8,0.4883720930232558,0.4375
1,morph,86,False,8,0.2698412698412698,0.3541666666666667
1,morph,87,False,8,0.422360248447205,0.7083333333333334
1,morph,88,False,8,0.18840579710144928,0.2708333333333333
1,morph,89,False,8,0.43037974683544306,0.3541666666666667
1,equal_morph,0,False,0,0.23776223776223776,0.3541666666666667
1,equal_morph,1,False,0,0.7961165048543689,0.8541666666666666
1,equal_morph,2,False,0,0.7708333333333334,0.7708333333333334
1,equal_morph,3,False,0,0.7154471544715447,0.9166666666666666
1,equal_morph,4,True,0,0.4421052631578947,0.4375
1,equal_morph,5,False,1,0.8817204301075269,0.9111111111111111
1,equal_morph,6,False,1,0.5915492957746479,0.4375
1,equal_morph,7,True,1,0.0,0.0
1,equal_morph,8,False,1,0.6428571428571429,0.75
1,equal_morph,9,False,1,0.8131868131868132,0.7708333333333334
1,equal_morph,10,False,1,0.25316455696202533,0.20833333333333334
1,equal_morph,11,False,1,0.2857142857142857,0.1875
1,equal_morph,12,True,1,0.0392156862745098,0.020833333333333332
1,equal_morph,13,False,1,0.7959183673469388,0.8125
1,equal_morph,14,False,1,0.6666666666666666,0.6382978723404256
1,equal_morph,15,False,1,0.7619047619047619,0.8333333333333334
1,equal_morph,16,False,1,0.7647058823529411,0.8125
1,equal_morph,17,False,1,0.5225225225225225,0.6041666666666666
1,equal_morph,18,False,1,0.5897435897435898,0.4791666666666667
1,equal_morph,19,False,1,0.47619047619047616,0.4166666666666667
1,equal_morph,20,False,2,0.6019417475728155,0.6458333333333334
1,equal_morph,21,False,2,0.7522935779816514,0.8541666666666666
1,equal_morph,22,True,8,0.5454545454545454,0.4666666666666667
1,equal_morph,23,False,2,0.6915887850467289,0.7708333333333334
1,equal_morph,24,False,2,0.6875,0.6875
1,equal_morph,25,False,2,0.38636363636363635,0.3541666666666667
1,equal_morph,26,False,2,0.9038461538461539,0.9791666666666666
1,equal_morph,27,False,2,0.47619047619047616,0.625
1,equal_morph,28,False,2,0.9361702127659575,0.9166666666666666
1,equal_morph,29,False,2,0.8461538461538461,0.9166666666666666
1,equal_morph,30,False,2,0.3119266055045872,0.3541666666666667
1,equal_morph,31,False,2,0.8932038834951457,0.9583333333333334
1,equal_morph,32,False,2,0.6904761904761905,0.6041666666666666
1,equal_morph,33,False,2,0.3963963963963964,0.4583333333333333
1,equal_morph,34,False,3,0.5405405405405406,0.625
1,equal_morph,35,False,3,0.8936170212765957,0.875
1,equal_morph,36,False,3,0.7192982456140351,0.8541666666666666
1,equal_morph,37,False,3,0.3055555555555556,0.22916666666666666
1,equal_morph,38,True,8,0.0,0.0
1,equal_morph,39,False,3,0.5869565217391305,0.5625
1,equal_morph,40,False,3,0.6538461538461539,0.7083333333333334
1,equal_morph,41,False,3,0.43956043956043955,0.4166666666666667
1,equal_morph,42,False,3,0.5052631578947369,0.5
1,equal_morph,43,False,4,0.15789473684210525,0.125
1,equal_morph,44,False,4,0.5842696629213483,0.5416666666666666
1,equal_morph,45,True,8,0.021052631578947368,0.020833333333333332
1,equal_morph,46,False,4,0.4225352112676056,0.3125
1,equal_morph,47,False,4,0.7368421052631579,0.7291666666666666
1,equal_morph,48,False,4,0.8468468468468469,0.9791666666666666
1,equal_morph,49,False,4,0.19230769230769232,0.20833333333333334
1,equal_morph,50,False,4,0.9090909090909091,0.9375
1,equal_morph,51,False,4,0.0970873786407767,0.10416666666666667
1,equal_morph,52,False,4,0.06779661016949153,0.041666666666666664
1,equal_morph,53,False,4,0.7142857142857143,0.8333333333333334
1,equal_morph,54,False,4,0.6428571428571429,0.5625
1,equal_morph,55,False,4,0.5909090909090909,0.5416666666666666
1,equal_morph,56,False,4,0.5742574257425742,0.6041666666666666
1,equal_morph,57,False,5,0.8181818181818182,0.782608695652174
1,equal_morph,58,False,5,0.6976744186046512,0.625
1,equal_morph,59,True,8,0.275,0.22916666666666666
1,equal_morph,60,True,8,0.723404255319149,0.7083333333333334
1,equal_morph,61,True,5,0.11214953271028037,0.125
1,equal_morph,62,False,5,0.7755102040816326,0.7916666666666666
1,equal_morph,63,True,5,0.12244897959183673,0.125
1,equal_morph,64,True,8,0.5252525252525253,0.5416666666666666
1,equal_morph,65,True,8,0.3291139240506329,0.2708333333333333
1,equal_morph,66,True,8,0.034482758620689655,0.020833333333333332
1,equal_morph,67,False,5,0.8035714285714286,0.9375
1,equal_morph,68,False,5,0.8316831683168316,0.875
1,equal_morph,69,False,5,0.3953488372093023,0.3541666666666667
1,equal_morph,70,True,8,0.11940298507462686,0.08333333333333333
1,equal_morph,71,True,8,0.1951219512195122,0.16666666666666666
1,equal_morph,72,False,6,0.7835051546391752,0.7916666666666666
1,equal_morph,73,False,6,0.35443037974683544,0.2916666666666667
1,equal_morph,74,False,6,0.75,0.9375
1,equal_morph,75,False,6,0.8571428571428571,0.9375
1,equal_morph,76,False,6,0.7916666666666666,0.7916666666666666
1,equal_morph,77,False,7,0.711864406779661,0.875
1,equal_morph,78,True,8,0.8679245283018868,0.9583333333333334
1,equal_morph,79,True,7,0.08955223880597014,0.0625
1,equal_morph,80,False,7,0.41818181818181815,0.4791666666666667
1,equal_morph,81,False,7,0.4444444444444444,0.4583333333333333
1,equal_morph,82,False,8,0.72,0.75
1,equal_morph,83,False,8,0.7090909090909091,0.8125
1,equal_morph,84,False,8,0.592,0.7708333333333334
1,equal_morph,85,False,8,0.9247311827956989,0.8958333333333334
1,equal_morph,86,False,8,0.5573770491803278,0.7083333333333334
1,equal_morph,87,False,8,0.6917293233082706,0.9583333333333334
1,equal_morph,88,False,8,0.45161290322580644,0.5833333333333334
1,equal_morph,89,False,8,0.8372093023255814,0.75
1,colour,0,False,0,0.05555555555555555,0.041666666666666664
1,colour,1,False,0,0.2975206611570248,0.375
1,colour,2,False,0,0.14705882352941177,0.10416666666666667
1,colour,3,False,0,0.125,0.16666666666666666
1,colour,4,True,0,0.0,0.0
1,colour,5,False,1,0.15151515151515152,0.1111111111111111
1,colour,6,False,1,0.05825242718446602,0.0625
1,colour,7,True,1,0.0,0.0
1,colour,8,False,1,0.04819277108433735,0.041666666666666664
1,colour,9,False,1,0.14,0.14583333333333334
1,colour,10,False,1,0.10256410256410256,0.08333333333333333
1,colour,11,False,1,0.0,0.0
1,colour,12,True,1,0.0,0.0
1,colour,13,False,1,0.03508771929824561,0.020833333333333332
1,colour,14,False,1,0.18666666666666668,0.14893617021276595
1,colour,15,False,1,0.20634920634920634,0.2708333333333333
1,colour,16,False,1,0.0,0.0
1,colour,17,False,1,0.1935483870967742,0.1875
1,colour,18,False,1,0.05405405405405406,0.041666666666666664
1,colour,19,False,1,0.06578947368421052,0.10416666666666667
1,colour,20,False,2,0.20202020202020202,0.20833333333333334
1,colour,21,False,2,0.024096385542168676,0.020833333333333332
1,colour,22,True,8,0.0,0.0
1,colour,23,False,2,0.0641025641025641,0.10416666666666667
1,colour,24,False,2,0.08,0.0625
1,colour,25,False,2,0.0,0.0
1,colour,26,False,2,0.2689075630252101,0.3333333333333333
1,colour,27,False,2,0.05194805194805195,0.041666666666666664
1,colour,28,False,2,0.20588235294117646,0.2916666666666667
1,colour,29,False,2,0.09375,0.125
1,colour,30,False,2,0.02702702702702703,0.020833333333333332
1,colour,31,False,2,0.6,0.5625
1,colour,32,False,2,0.08791208791208792,0.08333333333333333
1,colour,33,False,2,0.0821917808219178,0.0625
1,colour,34,False,3,0.09230769230769231,0.0625
1,colour,35,False,3,0.6111111111111112,0.6875
1,colour,36,False,3,0.17777777777777778,0.16666666666666666
1,colour,37,False,3,0.03773584905660377,0.041666666666666664
1,colour,38,True,8,0.0,0.0
1,colour,39,False,3,0.04580152671755725,0.0625
1,colour,40,False,3,0.0,0.0
1,colour,41,False,3,0.0,0.0
1,colour,42,False,3,0.08130081300813008,0.10416666666666667
1,colour,43,False,4,0.0,0.0
1,colour,44,False,4,0.05,0.041666666666666664
1,colour,45,True,8,0.0,0.0
1,colour,46,False,4,0.04878048780487805,0.041666666666666664
1,colour,47,False,4,0.3333333333333333,0.3958333333333333
1,colour,48,False,4,0.40764331210191085,0.6666666666666666
1,colour,49,False,4,0.07058823529411765,0.0625
1,colour,50,False,4,0.11235955056179775,0.10416666666666667
1,colour,51,False,4,0.0,0.0
1,colour,52,False,4,0.03278688524590164,0.020833333333333332
1,colour,53,False,4,0.075,0.0625
1,colour,54,False,4,0.0,0.0
1,colour,55,False,4,0.25675675675675674,0.3958333333333333
1,colour,56,False,4,0.0,0.0
1,colour,57,False,5,0.15873015873015872,0.21739130434782608
1,colour,58,False,5,0.037383177570093455,0.041666666666666664
1,colour,59,True,8,0.04395604395604396,0.041666666666666664
1,colour,60,True,8,0.0,0.0
1,colour,61,True,5,0.0,0.0
1,colour,62,False,5,0.20454545454545456,0.1875
1,colour,63,True,5,0.0,0.0
1,colour,64,True,8,0.0,0.0
1,colour,65,True,8,0.0,0.0
1,colour,66,True,8,0.0,0.0
1,colour,67,False,5,0.34146341463414637,0.2916666666666667
1,colour,68,False,5,0.4028776978417266,0.5833333333333334
1,colour,69,False,5,0.07894736842105263,0.0625
1,colour,70,True,8,0.0,0.0
1,colour,71,True,8,0.0,0.0
1,colour,72,False,6,0.09009009009009009,0.10416666666666667
1,colour,73,False,6,0.11650485436893204,0.125
1,colour,74,False,6,0.24528301886792453,0.2708333333333333
1,colour,75,False,6,0.13636363636363635,0.125
1,colour,76,False,6,0.20512820512820512,0.16666666666666666
1,colour,77,False,7,0.3111111111111111,0.2916666666666667
1,colour,78,True,8,0.0,0.0
1,colour,79,True,7,0.0,0.0
1,colour,80,False,7,0.0,0.0
1,colour,81,False,7,0.024390243902439025,0.020833333333333332
1,colour,82,False,8,0.41935483870967744,0.5416666666666666
1,colour,83,False,8,0.6258503401360545,0.9583333333333334
1,colour,84,False,8,0.18556701030927836,0.1875
1,colour,85,False,8,0.2875,0.4791666666666667
1,colour,86,False,8,0.2926829268292683,0.375
1,colour,87,False,8,0.1782178217821782,0.1875
1,colour,88,False,8,0.2676056338028169,0.3958333333333333
1,colour,89,False,8,0.13559322033898305,0.08333333333333333
1,equal_colour,0,False,0,0.25333333333333335,0.3958333333333333
1,equal_colour,1,False,0,0.7192982456140351,0.8541666666666666
1,equal_colour,2,False,0,0.7692307692307693,0.7291666666666666
1,equal_colour,3,False,0,0.8108108108108109,0.9375
1,equal_colour,4,True,0,0.4418604651162791,0.3958333333333333
1,equal_colour,5,False,1,0.9318181818181818,0.9111111111111111
1,equal_colour,6,False,1,0.6197183098591549,0.4583333333333333
1,equal_colour,7,True,1,0.0,0.0
1,equal_colour,8,False,1,0.7272727272727273,0.6666666666666666
1,equal_colour,9,False,1,0.7865168539325843,0.7291666666666666
1,equal_colour,10,False,1,0.23684210526315788,0.1875
1,equal_colour,11,False,1,0.26666666666666666,0.16666666666666666
1,equal_colour,12,True,1,0.0,0.0
1,equal_colour,13,False,1,0.7407407407407407,0.8333333333333334
1,equal_colour,14,False,1,0.6813186813186813,0.6595744680851063
1,equal_colour,15,False,1,0.6616541353383458,0.9166666666666666
1,equal_colour,16,False,1,0.7128712871287128,0.75
1,equal_colour,17,False,1,0.5309734513274337,0.625
1,equal_colour,18,False,1,0.6153846153846154,0.5
1,equal_colour,19,False,1,0.44680851063829785,0.4375
1,equal_colour,20,False,2,0.6060606060606061,0.625
1,equal_colour,21,False,2,0.6972477064220184,0.7916666666666666
1,equal_colour,22,True,8,0.4,0.28888888888888886
1,equal_colour,23,False,2,0.6538461538461539,0.7083333333333334
1,equal_colour,24,False,2,0.6818181818181818,0.625
1,equal_colour,25,False,2,0.39080459770114945,0.3541666666666667
1,equal_colour,26,False,2,0.8392857142857143,0.9791666666666666
1,equal_colour,27,False,2,0.47244094488188976,0.625
1,equal_colour,28,False,2,0.8288288288288288,0.9583333333333334
1,equal_colour,29,False,2,0.8148148148148148,0.9166666666666666
1,equal_colour,30,False,2,0.28846153846153844,0.3125
1,equal_colour,31,False,2,0.9215686274509803,0.9791666666666666
1,equal_colour,32,False,2,0.6904761904761905,0.6041666666666666
1,equal_colour,33,False,2,0.5274725274725275,0.5
1,equal_colour,34,False,3,0.509090909090909,0.5833333333333334
1,equal_colour,35,False,3,0.9052631578947369,0.8958333333333334
1,equal_colour,36,False,3,0.7663551401869159,0.8541666666666666
1,equal_colour,37,False,3,0.28169014084507044,0.20833333333333334
1,equal_colour,38,True,8,0.0,0.0
1,equal_colour,39,False,3,0.5106382978723404,0.5
1,equal_colour,40,False,3,0.66,0.6875
1,equal_colour,41,False,3,0.41304347826086957,0.3958333333333333
1,equal_colour,42,False,3,0.5050505050505051,0.5208333333333334
1,equal_colour,43,False,4,0.13333333333333333,0.10416666666666667
1,equal_colour,44,False,4,0.5934065934065934,0.5625
1,equal_colour,45,True,8,0.0,0.0
1,equal_colour,46,False,4,0.43478260869565216,0.3125
1,equal_colour,47,False,4,0.6947368421052632,0.6875
1,equal_colour,48,False,4,0.7833333333333333,0.9791666666666666
1,equal_colour,49,False,4,0.17647058823529413,0.1875
1,equal_colour,50,False,4,0.968421052631579,0.9583333333333334
1,equal_colour,51,False,4,0.09615384615384616,0.10416666666666667
1,equal_colour,52,False,4,0.0967741935483871,0.0625
1,equal_colour,53,False,4,0.8817204301075269,0.8541666666666666
1,equal_colour,54,False,4,0.6352941176470588,0.5625
1,equal_colour,55,False,4,0.6041666666666666,0.6041666666666666
1,equal_colour,56,False,4,0.6185567010309279,0.625
1,equal_colour,57,False,5,0.8181818181818182,0.782608695652174
1,equal_colour,58,False,5,0.7317073170731707,0.625
1,equal_colour,59,True,8,0.08450704225352113,0.0625
1,equal_colour,60,True,8,0.6352941176470588,0.5625
1,equal_colour,61,True,5,0.10344827586206896,0.125
1,equal_colour,62,False,5,0.7708333333333334,0.7708333333333334
1,equal_colour,63,True,5,0.11570247933884298,0.14583333333333334
1,equal_colour,64,True,8,0.5360824742268041,0.5416666666666666
1,equal_colour,65,True,8,0.14084507042253522,0.10416666666666667
1,equal_colour,66,True,8,0.03571428571428571,0.020833333333333332
1,equal_colour,67,False,5,0.8073394495412844,0.9166666666666666
1,equal_colour,68,False,5,0.8518518518518519,0.9583333333333334
1,equal_colour,69,False,5,0.449438202247191,0.4166666666666667
1,equal_colour,70,True,8,0.11594202898550725,0.08333333333333333
1,equal_colour,71,True,8,0.12345679012345678,0.10416666666666667
1,equal_colour,72,False,6,0.7647058823529411,0.8125
1,equal_colour,73,False,6,0.36585365853658536,0.3125
1,equal_colour,74,False,6,0.7787610619469026,0.9166666666666666
1,equal_colour,75,False,6,0.822429906542056,0.9166666666666666
1,equal_colour,76,False,6,0.7916666666666666,0.7916666666666666
1,equal_colour,77,False,7,0.7610619469026548,0.8958333333333334
1,equal_colour,78,True,8,0.8387096774193549,0.8125
1,equal_colour,79,True,7,0.0,0.0
1,equal_colour,80,False,7,0.4423076923076923,0.4791666666666667
1,equal_colour,81,False,7,0.4835164835164835,0.4583333333333333
1,equal_colour,82,False,8,0.6915887850467289,0.7708333333333334
1,equal_colour,83,False,8,0.6814814814814815,0.9583333333333334
1,equal_colour,84,False,8,0.5409836065573771,0.6875
1,equal_colour,85,False,8,0.7107438016528925,0.8958333333333334
1,equal_colour,86,False,8,0.5,0.625
1,equal_colour,87,False,8,0.6714285714285714,0.9791666666666666
1,equal_colour,88,False,8,0.46551724137931033,0.5625
1,equal_colour,89,False,8,0.8764044943820225,0.8125
1,cls_fg_tta_morph,0,False,0,0.2826086956521739,0.2708333333333333
1,cls_fg_tta_morph,1,False,0,0.8269230769230769,0.8958333333333334
1,cls_fg_tta_morph,2,False,0,0.9230769230769231,0.875
1,cls_fg_tta_morph,3,False,0,0.8269230769230769,0.8958333333333334
1,cls_fg_tta_morph,4,True,0,0.64,0.5
1,cls_fg_tta_morph,5,False,1,0.9176470588235294,0.8666666666666667
1,cls_fg_tta_morph,6,False,1,0.4444444444444444,0.4166666666666667
1,cls_fg_tta_morph,7,True,1,0.0,0.0
1,cls_fg_tta_morph,8,False,1,0.9213483146067416,0.8541666666666666
1,cls_fg_tta_morph,9,False,1,0.7428571428571429,0.8125
1,cls_fg_tta_morph,10,False,1,0.6055045871559633,0.6875
1,cls_fg_tta_morph,11,False,1,0.4329896907216495,0.4375
1,cls_fg_tta_morph,12,True,1,0.32432432432432434,0.25
1,cls_fg_tta_morph,13,False,1,0.6326530612244898,0.6458333333333334
1,cls_fg_tta_morph,14,False,1,0.651685393258427,0.6170212765957447
1,cls_fg_tta_morph,15,False,1,0.7096774193548387,0.9166666666666666
1,cls_fg_tta_morph,16,False,1,0.8541666666666666,0.8541666666666666
1,cls_fg_tta_morph,17,False,1,0.7128712871287128,0.75
1,cls_fg_tta_morph,18,False,1,0.7816091954022989,0.7083333333333334
1,cls_fg_tta_morph,19,False,1,0.5348837209302325,0.4791666666666667
1,cls_fg_tta_morph,20,False,2,0.5871559633027523,0.6666666666666666
1,cls_fg_tta_morph,21,False,2,0.8571428571428571,0.875
1,cls_fg_tta_morph,22,True,8,0.72,0.6
1,cls_fg_tta_morph,23,False,2,0.8316831683168316,0.875
1,cls_fg_tta_morph,24,False,2,0.8421052631578947,0.8333333333333334
1,cls_fg_tta_morph,25,False,2,0.6170212765957447,0.6041666666666666
1,cls_fg_tta_morph,26,False,2,0.968421052631579,0.9583333333333334
1,cls_fg_tta_morph,27,False,2,0.6666666666666666,0.6666666666666666
1,cls_fg_tta_morph,28,False,2,0.9787234042553191,0.9583333333333334
1,cls_fg_tta_morph,29,False,2,0.5111111111111111,0.4791666666666667
1,cls_fg_tta_morph,30,False,2,0.2978723404255319,0.2916666666666667
1,cls_fg_tta_morph,31,False,2,0.9247311827956989,0.8958333333333334
1,cls_fg_tta_morph,32,False,2,0.8837209302325582,0.7916666666666666
1,cls_fg_tta_morph,33,False,2,0.43137254901960786,0.4583333333333333
1,cls_fg_tta_morph,34,False,3,0.46153846153846156,0.5
1,cls_fg_tta_morph,35,False,3,0.8,0.75
1,cls_fg_tta_morph,36,False,3,0.8723404255319149,0.8541666666666666
1,cls_fg_tta_morph,37,False,3,0.7474747474747475,0.7708333333333334
1,cls_fg_tta_morph,38,True,8,0.025,0.020833333333333332
1,cls_fg_tta_morph,39,False,3,0.7272727272727273,0.75
1,cls_fg_tta_morph,40,False,3,0.65,0.8125
1,cls_fg_tta_morph,41,False,3,0.27184466019417475,0.2916666666666667
1,cls_fg_tta_morph,42,False,3,0.5957446808510638,0.5833333333333334
1,cls_fg_tta_morph,43,False,4,0.8163265306122449,0.8333333333333334
1,cls_fg_tta_morph,44,False,4,0.9,0.9375
1,cls_fg_tta_morph,45,True,8,0.4155844155844156,0.3333333333333333
1,cls_fg_tta_morph,46,False,4,0.6236559139784946,0.6041666666666666
1,cls_fg_tta_morph,47,False,4,0.8514851485148515,0.8958333333333334
1,cls_fg_tta_morph,48,False,4,0.9215686274509803,0.9791666666666666
1,cls_fg_tta_morph,49,False,4,0.14173228346456693,0.1875
1,cls_fg_tta_morph,50,False,4,0.6923076923076923,0.75
1,cls_fg_tta_morph,51,False,4,0.20952380952380953,0.22916666666666666
1,cls_fg_tta_morph,52,False,4,0.2708333333333333,0.2708333333333333
1,cls_fg_tta_morph,53,False,4,0.8723404255319149,0.8541666666666666
1,cls_fg_tta_morph,54,False,4,0.7368421052631579,0.7291666666666666
1,cls_fg_tta_morph,55,False,4,0.75,0.875
1,cls_fg_tta_morph,56,False,4,0.7307692307692307,0.7916666666666666
1,cls_fg_tta_morph,57,False,5,0.7096774193548387,0.717391304347826
1,cls_fg_tta_morph,58,False,5,0.6666666666666666,0.7291666666666666
1,cls_fg_tta_morph,59,True,8,0.4675324675324675,0.375
1,cls_fg_tta_morph,60,True,8,0.4935064935064935,0.3958333333333333
1,cls_fg_tta_morph,61,True,5,0.04938271604938271,0.041666666666666664
1,cls_fg_tta_morph,62,False,5,0.7422680412371134,0.75
1,cls_fg_tta_morph,63,True,5,0.01652892561983471,0.020833333333333332
1,cls_fg_tta_morph,64,True,8,0.2631578947368421,0.20833333333333334
1,cls_fg_tta_morph,65,True,8,0.18181818181818182,0.16666666666666666
1,cls_fg_tta_morph,66,True,8,0.2857142857142857,0.22916666666666666
1,cls_fg_tta_morph,67,False,5,0.9230769230769231,0.875
1,cls_fg_tta_morph,68,False,5,0.9166666666666666,0.9166666666666666
1,cls_fg_tta_morph,69,False,5,0.8172043010752689,0.7916666666666666
1,cls_fg_tta_morph,70,True,8,0.45454545454545453,0.4166666666666667
1,cls_fg_tta_morph,71,True,8,0.09523809523809523,0.0625
1,cls_fg_tta_morph,72,False,6,0.6346153846153846,0.6875
1,cls_fg_tta_morph,73,False,6,0.4842105263157895,0.4791666666666667
1,cls_fg_tta_morph,74,False,6,0.8155339805825242,0.875
1,cls_fg_tta_morph,75,False,6,0.4247787610619469,0.5
1,cls_fg_tta_morph,76,False,6,0.7708333333333334,0.7708333333333334
1,cls_fg_tta_morph,77,False,7,0.6666666666666666,0.5833333333333334
1,cls_fg_tta_morph,78,True,8,0.3466666666666667,0.2708333333333333
1,cls_fg_tta_morph,79,True,7,0.1388888888888889,0.10416666666666667
1,cls_fg_tta_morph,80,False,7,0.25263157894736843,0.25
1,cls_fg_tta_morph,81,False,7,0.5591397849462365,0.5416666666666666
1,cls_fg_tta_morph,82,False,8,0.6415094339622641,0.7083333333333334
1,cls_fg_tta_morph,83,False,8,0.88,0.9166666666666666
1,cls_fg_tta_morph,84,False,8,0.49504950495049505,0.5208333333333334
1,cls_fg_tta_morph,85,False,8,0.8275862068965517,0.75
1,cls_fg_tta_morph,86,False,8,0.5846153846153846,0.7916666666666666
1,cls_fg_tta_morph,87,False,8,0.7627118644067796,0.9375
1,cls_fg_tta_morph,88,False,8,0.475,0.7916666666666666
1,cls_fg_tta_morph,89,False,8,0.8913043478260869,0.8541666666666666
1,equal_cls_fg_tta_morph,0,False,0,0.26356589147286824,0.3541666666666667
1,equal_cls_fg_tta_morph,1,False,0,0.8823529411764706,0.9375
1,equal_cls_fg_tta_morph,2,False,0,0.9263157894736842,0.9166666666666666
1,equal_cls_fg_tta_morph,3,False,0,0.8301886792452831,0.9166666666666666
1,equal_cls_fg_tta_morph,4,True,0,0.6233766233766234,0.5
1,equal_cls_fg_tta_morph,5,False,1,0.9425287356321839,0.9111111111111111
1,equal_cls_fg_tta_morph,6,False,1,0.6024096385542169,0.5208333333333334
1,equal_cls_fg_tta_morph,7,True,1,0.0,0.0
1,equal_cls_fg_tta_morph,8,False,1,0.9347826086956522,0.8958333333333334
1,equal_cls_fg_tta_morph,9,False,1,0.8235294117647058,0.875
1,equal_cls_fg_tta_morph,10,False,1,0.6666666666666666,0.6875
1,equal_cls_fg_tta_morph,11,False,1,0.49382716049382713,0.4166666666666667
1,equal_cls_fg_tta_morph,12,True,1,0.2903225806451613,0.1875
1,equal_cls_fg_tta_morph,13,False,1,0.7878787878787878,0.8125
1,equal_cls_fg_tta_morph,14,False,1,0.8043478260869565,0.7872340425531915
1,equal_cls_fg_tta_morph,15,False,1,0.6976744186046512,0.9375
1,equal_cls_fg_tta_morph,16,False,1,0.8936170212765957,0.875
1,equal_cls_fg_tta_morph,17,False,1,0.6915887850467289,0.7708333333333334
1,equal_cls_fg_tta_morph,18,False,1,0.7906976744186046,0.7083333333333334
1,equal_cls_fg_tta_morph,19,False,1,0.6593406593406593,0.625
1,equal_cls_fg_tta_morph,20,False,2,0.7184466019417476,0.7708333333333334
1,equal_cls_fg_tta_morph,21,False,2,0.9090909090909091,0.9375
1,equal_cls_fg_tta_morph,22,True,8,0.717948717948718,0.6222222222222222
1,equal_cls_fg_tta_morph,23,False,2,0.803921568627451,0.8541666666666666
1,equal_cls_fg_tta_morph,24,False,2,0.8958333333333334,0.8958333333333334
1,equal_cls_fg_tta_morph,25,False,2,0.5833333333333334,0.5833333333333334
1,equal_cls_fg_tta_morph,26,False,2,0.9696969696969697,1.0
1,equal_cls_fg_tta_morph,27,False,2,0.6178861788617886,0.7916666666666666
1,equal_cls_fg_tta_morph,28,False,2,0.9787234042553191,0.9583333333333334
1,equal_cls_fg_tta_morph,29,False,2,0.8080808080808081,0.8333333333333334
1,equal_cls_fg_tta_morph,30,False,2,0.3469387755102041,0.3541666666666667
1,equal_cls_fg_tta_morph,31,False,2,0.9591836734693877,0.9791666666666666
1,equal_cls_fg_tta_morph,32,False,2,0.9010989010989011,0.8541666666666666
1,equal_cls_fg_tta_morph,33,False,2,0.6170212765957447,0.6041666666666666
1,equal_cls_fg_tta_morph,34,False,3,0.6610169491525424,0.8125
1,equal_cls_fg_tta_morph,35,False,3,0.9166666666666666,0.9166666666666666
1,equal_cls_fg_tta_morph,36,False,3,0.94,0.9791666666666666
1,equal_cls_fg_tta_morph,37,False,3,0.6521739130434783,0.625
1,equal_cls_fg_tta_morph,38,True,8,0.0,0.0
1,equal_cls_fg_tta_morph,39,False,3,0.7446808510638298,0.7291666666666666
1,equal_cls_fg_tta_morph,40,False,3,0.704,0.9166666666666666
1,equal_cls_fg_tta_morph,41,False,3,0.4222222222222222,0.3958333333333333
1,equal_cls_fg_tta_morph,42,False,3,0.6336633663366337,0.6666666666666666
1,equal_cls_fg_tta_morph,43,False,4,0.6947368421052632,0.6875
1,equal_cls_fg_tta_morph,44,False,4,0.8865979381443299,0.8958333333333334
1,equal_cls_fg_tta_morph,45,True,8,0.2891566265060241,0.25
1,equal_cls_fg_tta_morph,46,False,4,0.6818181818181818,0.625
1,equal_cls_fg_tta_morph,47,False,4,0.8842105263157894,0.875
1,equal_cls_fg_tta_morph,48,False,4,0.9494949494949495,0.9791666666666666
1,equal_cls_fg_tta_morph,49,False,4,0.22448979591836735,0.22916666666666666
1,equal_cls_fg_tta_morph,50,False,4,0.9183673469387755,0.9375
1,equal_cls_fg_tta_morph,51,False,4,0.18181818181818182,0.20833333333333334
1,equal_cls_fg_tta_morph,52,False,4,0.14705882352941177,0.10416666666666667
1,equal_cls_fg_tta_morph,53,False,4,0.9072164948453608,0.9166666666666666
1,equal_cls_fg_tta_morph,54,False,4,0.7816091954022989,0.7083333333333334
1,equal_cls_fg_tta_morph,55,False,4,0.7722772277227723,0.8125
1,equal_cls_fg_tta_morph,56,False,4,0.6724137931034483,0.8125
1,equal_cls_fg_tta_morph,57,False,5,0.8247422680412371,0.8695652173913043
1,equal_cls_fg_tta_morph,58,False,5,0.7789473684210526,0.7708333333333334
1,equal_cls_fg_tta_morph,59,True,8,0.48,0.375
1,equal_cls_fg_tta_morph,60,True,8,0.7294117647058823,0.6458333333333334
1,equal_cls_fg_tta_morph,61,True,5,0.08421052631578947,0.08333333333333333
1,equal_cls_fg_tta_morph,62,False,5,0.8571428571428571,0.875
1,equal_cls_fg_tta_morph,63,True,5,0.08849557522123894,0.10416666666666667
1,equal_cls_fg_tta_morph,64,True,8,0.4444444444444444,0.4166666666666667
1,equal_cls_fg_tta_morph,65,True,8,0.18666666666666668,0.14583333333333334
1,equal_cls_fg_tta_morph,66,True,8,0.16666666666666666,0.10416666666666667
1,equal_cls_fg_tta_morph,67,False,5,0.9375,0.9375
1,equal_cls_fg_tta_morph,68,False,5,0.9484536082474226,0.9583333333333334
1,equal_cls_fg_tta_morph,69,False,5,0.7920792079207921,0.8333333333333334
1,equal_cls_fg_tta_morph,70,True,8,0.4691358024691358,0.3958333333333333
1,equal_cls_fg_tta_morph,71,True,8,0.03225806451612903,0.020833333333333332
1,equal_cls_fg_tta_morph,72,False,6,0.7572815533980582,0.8125
1,equal_cls_fg_tta_morph,73,False,6,0.4819277108433735,0.4166666666666667
1,equal_cls_fg_tta_morph,74,False,6,0.8288288288288288,0.9583333333333334
1,equal_cls_fg_tta_morph,75,False,6,0.8301886792452831,0.9166666666666666
1,equal_cls_fg_tta_morph,76,False,6,0.8351648351648352,0.7916666666666666
1,equal_cls_fg_tta_morph,77,False,7,0.803921568627451,0.8541666666666666
1,equal_cls_fg_tta_morph,78,True,8,0.75,0.6875
1,equal_cls_fg_tta_morph,79,True,7,0.14492753623188406,0.10416666666666667
1,equal_cls_fg_tta_morph,80,False,7,0.5106382978723404,0.5
1,equal_cls_fg_tta_morph,81,False,7,0.6206896551724138,0.5625
1,equal_cls_fg_tta_morph,82,False,8,0.7692307692307693,0.8333333333333334
1,equal_cls_fg_tta_morph,83,False,8,0.8932038834951457,0.9583333333333334
1,equal_cls_fg_tta_morph,84,False,8,0.6842105263157895,0.8125
1,equal_cls_fg_tta_morph,85,False,8,0.8913043478260869,0.8541666666666666
1,equal_cls_fg_tta_morph,86,False,8,0.6507936507936508,0.8541666666666666
1,equal_cls_fg_tta_morph,87,False,8,0.7603305785123967,0.9583333333333334
1,equal_cls_fg_tta_morph,88,False,8,0.5131578947368421,0.8125
1,equal_cls_fg_tta_morph,89,False,8,0.9361702127659575,0.9166666666666666
