cell,epoch,sched/lr,sched/mixup,sched/arcface_m,sched/label_smooth,sched/aux_weight_applied,train/loss,train/loss_main,train/acc_plain,train/acc_dominant,train/skipped_batches,train/steps,val/f1_live,val/f1_ema,val/acc_live,val/acc_ema,val/f1_best,fit/clean_train_acc_live,fit/clean_train_acc_ema,fit/clean_train_ce_live,fit/clean_train_ce_ema,grad_norm/clip_fraction,grad_norm/preclip_backbone,grad_norm/nonfinite_steps,grad_norm/stem,grad_norm/tail,grad_norm/spectral,grad_norm/fuse,grad_norm/head,grad_norm/aux,loss/branch_spatial_weighted,influence/branch_spatial,influence/branch_spectral
X1/grouped__f0_s0,1,0.0002,1,0,0.1,0.647725,8.46537,5.55021,0.0178571,0.0239955,0,28,0.0177864,0.0232175,0.047619,0.0507937,0.0232175,0.049,0.053,4.31492,4.3439,0.0595238,38.6859,7,29.9014,19.618,10.3363,9.69444,2.64106,0.0926398,4.50061,0.0991686,99.9008
X1/grouped__f0_s0,2,0.0003,1,0,0.0996985,0.64545,7.37703,4.47546,0.0373884,0.0502232,0,28,0.0332239,0.0274281,0.0730159,0.0634921,0.0332239,0.073,0.077,3.79236,3.81566,0,15.8245,0,9.04962,9.97289,5.05674,5.53621,2.22689,0.0977918,4.49543,1.39445,98.6055
X1/grouped__f0_s0,3,0.0004,1,0,0.099397,0.643175,6.97838,4.10251,0.0530134,0.0831473,0,28,0.045616,0.0808248,0.0825397,0.130159,0.0808248,0.099,0.126,3.47752,3.4786,0,9.38202,0,4.3428,5.3136,4.02333,4.30404,2.16868,0.12565,4.47137,12.3304,87.6696
X1/grouped__f0_s0,4,0.0005,1,0,0.0990955,0.6409,6.84022,4.04972,0.046317,0.0837054,0,28,0.0691231,0.0969324,0.112698,0.138095,0.0969324,0.142,0.157,3.38559,3.33674,0,7.30578,0,2.53925,3.6503,3.87833,3.79302,2.22116,0.238095,4.35404,17.6812,82.3188
X1/grouped__f0_s0,5,0.000499968,1,0,0.098794,0.638625,6.59617,3.8744,0.0820312,0.118304,0,28,0.0951333,0.121661,0.147619,0.177778,0.121661,0.138,0.189,3.25072,3.16591,0,6.34633,0,1.62455,2.89336,3.80575,3.49825,2.25101,0.377374,4.26193,16.2232,83.7767
X1/grouped__f0_s0,6,0.000499872,1,0,0.0984925,0.63635,6.57073,3.85933,0.0837054,0.124442,0,28,0.098142,0.118923,0.147619,0.163492,0.121661,,,,,0,5.58887,0,1.3546,2.30025,3.58397,3.09205,2.19635,0.356514,4.26086,,
X1/grouped__f0_s0,7,0.000499711,1,0,0.098191,0.634075,6.34386,3.67467,0.0731027,0.148438,0,28,0.118202,0.15108,0.174603,0.196825,0.15108,0.198,0.231,3.0242,2.93325,0,5.92629,0,1.21442,2.35312,4.01137,3.09054,2.22613,0.393946,4.20958,14.3752,85.6248
X1/grouped__f0_s0,8,0.000499486,1,0,0.0978894,0.6318,6.39468,3.72385,0.0625,0.155134,0,28,0.100454,0.164496,0.144444,0.214286,0.164496,0.209,0.24,3.01849,2.88896,0,5.9661,0,1.3739,2.27595,4.16159,2.9009,2.21921,0.398569,4.22733,16.1142,83.8858
X1/grouped__f0_s0,9,0.000499197,1,0,0.0975879,0.629525,6.24299,3.61082,0.0658482,0.167411,0,28,0.142313,0.170682,0.179365,0.220635,0.170682,0.232,0.268,2.90188,2.82204,0,5.91221,0,1.44516,2.0518,4.23031,2.80117,2.20323,0.43889,4.18121,14.2535,85.7465
X1/grouped__f0_s0,10,0.000498845,1,0,0.0972864,0.62725,6.43492,3.78516,0.0982143,0.15346,0,28,0.145651,0.157284,0.187302,0.2,0.170682,,,,,0,5.82402,0,1.26955,1.85104,4.47468,2.65607,2.20456,0.434323,4.2244,,
X1/grouped__f0_s0,11,0.000498428,1,0,0.0969849,0.624975,6.23348,3.63113,0.109933,0.170201,0,28,0.149907,0.173792,0.209524,0.220635,0.173792,0.246,0.275,2.78687,2.78615,0,5.19268,0,1.46301,1.62903,3.83011,2.52172,2.13548,0.428206,4.16393,17.3866,82.6134
X1/grouped__f0_s0,12,0.000497947,1,0,0.0966834,0.6227,6.22811,3.64106,0.0926339,0.182478,0,28,0.167485,0.20389,0.21746,0.247619,0.20389,0.252,0.284,2.80715,2.72295,0,5.87563,0,1.34651,1.49452,4.79161,2.48672,2.11262,0.443401,4.15458,18.2989,81.7011
X1/grouped__f0_s0,13,0.000497403,1,0,0.0963819,0.620425,5.95432,3.43852,0.134487,0.209821,0,28,0.177581,0.212544,0.226984,0.253968,0.212544,0.276,0.291,2.63592,2.68087,0,5.6627,0,1.60609,1.79149,4.32025,2.50861,2.1413,0.477459,4.05497,20.0201,79.9799
X1/grouped__f0_s0,14,0.000496795,1,0,0.0960804,0.61815,6.15442,3.604,0.111607,0.194196,0,28,0.182773,0.221547,0.231746,0.260317,0.221547,0.267,0.301,2.74405,2.70586,0,5.82123,0,1.87225,1.93467,4.39133,2.34053,2.10619,0.457574,4.12589,26.5993,73.4007
X1/grouped__f0_s0,15,0.000496124,1,0,0.0957789,0.615875,6.04212,3.51221,0.108817,0.210379,0,28,0.153897,0.232312,0.207937,0.268254,0.232312,0.253,0.311,2.76213,2.62928,0,6.49204,0,2.20548,2.07383,5.04323,2.36302,2.17573,0.481443,4.10784,22.7378,77.2622
X1/grouped__f0_s0,16,0.000495389,1,0,0.0954774,0.6136,5.80218,3.34763,0.109375,0.222098,0,28,0.204249,0.235808,0.25873,0.274603,0.235808,0.283,0.328,2.51373,2.5101,0,6.19331,0,2.43793,1.85957,4.63304,2.38465,2.17329,0.497545,4.00024,17.051,82.949
X1/grouped__f0_s0,17,0.000494592,1,0,0.0951759,0.611325,5.71452,3.30859,0.12221,0.25,0,28,0.245569,0.257281,0.279365,0.295238,0.257281,0.327,0.335,2.44469,2.41147,0,7.64176,0,4.71854,2.01618,4.6592,2.33708,2.10533,0.538311,3.9356,16.1115,83.8885
X1/grouped__f0_s0,18,0.000493731,1,0,0.0948744,0.60905,5.49606,3.16858,0.120536,0.27846,0,28,0.269874,0.28118,0.314286,0.319048,0.28118,0.364,0.384,2.27531,2.29109,0,6.66427,0,3.30081,1.94555,4.68561,2.33572,2.10997,0.594519,3.82149,16.8346,83.1654
X1/grouped__f0_s0,19,0.000492808,1,0,0.0945729,0.606775,5.68525,3.3367,0.137835,0.268973,0,28,0.286761,0.297265,0.31746,0.333333,0.297265,0.384,0.416,2.21204,2.2479,0,6.39289,0,3.36545,1.86419,4.39691,2.18055,2.07947,0.580107,3.87055,21.6226,78.3774
X1/grouped__f0_s0,20,0.000491823,1,0,0.0942714,0.6045,5.53116,3.22455,0.183594,0.291853,0,28,0.273794,0.319604,0.331746,0.357143,0.319604,0.364,0.423,2.20611,2.16203,0,7.1763,0,4.37189,1.96171,4.58235,2.13521,2.04072,0.590476,3.81574,19.3342,80.6658
X1/grouped__f0_s0,21,0.000490775,1,0,0.0939698,0.602225,5.5411,3.23717,0.160156,0.290179,0,28,0.264358,0.321109,0.314286,0.352381,0.321109,0.397,0.444,2.31456,2.11309,0,8.16979,0,4.95375,2.14813,5.28363,2.22428,2.12992,0.64853,3.8257,23.8357,76.1643
X1/grouped__f0_s0,22,0.000489666,1,0,0.0936683,0.59995,5.41714,3.16997,0.150112,0.301897,0,28,0.284117,0.344114,0.326984,0.374603,0.344114,0.389,0.461,2.13673,2.05838,0,6.97684,0,3.8891,1.89355,4.74211,2.15287,2.09306,0.626079,3.7456,26.9254,73.0746
X1/grouped__f0_s0,23,0.000488495,1,0,0.0933668,0.597675,5.42481,3.18045,0.133371,0.309152,0,28,0.193997,0.326003,0.242857,0.361905,0.344114,,,,,0,7.90655,0,4.84892,1.92144,5.20254,2.03424,2.0607,0.610089,3.75515,,
X1/grouped__f0_s0,24,0.000487263,1,0,0.0930653,0.5954,5.41076,3.18933,0.105469,0.288504,0,28,0.318776,0.350799,0.357143,0.385714,0.350799,0.435,0.477,2.07514,2.00448,0,6.78096,0,3.85937,1.8602,4.55156,2.03054,2.03402,0.618099,3.73098,30.3627,69.6373
X1/grouped__f0_s0,25,0.00048597,1,0,0.0927638,0.593125,5.33737,3.12798,0.179129,0.328125,0,28,0.289705,0.359211,0.330159,0.388889,0.359211,0.408,0.492,2.15337,1.96568,0,6.79772,0,3.98362,1.81213,4.40162,2.00481,2.04224,0.630441,3.725,31.0337,68.9663
X1/grouped__f0_s0,26,0.000484616,1,0,0.0924623,0.59085,5.29266,3.11323,0.197545,0.337612,0,28,0.331013,0.35675,0.373016,0.385714,0.359211,,,,,0,7.22363,0,4.23541,1.97543,4.86343,1.97635,2.06579,0.648472,3.68864,,
X1/grouped__f0_s0,27,0.000483202,1,0,0.0921608,0.588575,5.01662,2.91699,0.164621,0.385045,0,28,0.342267,0.377154,0.374603,0.407937,0.377154,0.485,0.497,1.89687,1.90944,0,7.59134,0,4.29503,1.97177,5.32175,1.97946,1.9784,0.648583,3.56731,32.5897,67.4103
X1/grouped__f0_s0,28,0.000481728,1,0,0.0918593,0.5863,5.25827,3.101,0.234375,0.337612,0,28,0.367296,0.378382,0.396825,0.409524,0.378382,0.494,0.512,1.87037,1.86957,0,7.30858,0,3.82342,1.8147,5.36357,1.93531,2.02606,0.63153,3.67947,30.7881,69.2119
X1/grouped__f0_s0,29,0.000480195,1,0,0.0915578,0.584025,5.25801,3.09894,0.176339,0.327009,0,28,0.173693,0.366726,0.211111,0.4,0.378382,,,,,0,8.48841,0,5.45681,2.32395,5.19803,1.91681,1.98633,0.613884,3.69688,,
X1/grouped__f0_s0,30,0.000478603,1,0,0.0912563,0.58175,5.24802,3.09589,0.131138,0.343192,0,28,0.360236,0.359602,0.395238,0.396825,0.378382,,,,,0,7.68827,0,3.54005,1.82657,5.96019,1.9753,2.04199,0.624106,3.69941,,
X1/grouped__f0_s0,31,0.000476951,0,0,0.0909548,0.579475,4.37076,2.46942,0.397321,0.397321,0,28,0.354702,0.395711,0.387302,0.428571,0.395711,0.491,0.531,1.71897,1.81881,0,9.04883,0,5.88077,2.24498,5.75138,2.12937,2.01044,0.735451,3.28115,33.919,66.081
X1/grouped__f0_s0,32,0.000475242,0,0,0.0906533,0.5772,4.28048,2.39657,0.444754,0.444754,0,28,0.359199,0.417937,0.387302,0.444444,0.417937,0.494,0.539,1.79861,1.72022,0,9.61422,0,6.52348,2.51997,5.72192,2.13404,1.92912,0.77545,3.26388,30.805,69.195
X1/grouped__f0_s0,33,0.000473475,0,0,0.0903518,0.574925,4.253,2.37811,0.43192,0.43192,0,28,0.395667,0.412644,0.42381,0.438095,0.417937,,,,,0,9.29592,0,5.79278,2.39543,6.19016,2.11036,1.95058,0.798006,3.2611,,
X1/grouped__f0_s0,34,0.00047165,0,0,0.0900503,0.57265,4.21124,2.3664,0.438058,0.438058,0,28,0.391744,0.425003,0.41746,0.447619,0.425003,0.527,0.56,1.59531,1.61677,0,10.3922,0,7.59148,2.62539,5.82321,2.13912,1.96211,0.82847,3.22159,35.7031,64.2969
X1/grouped__f0_s0,35,0.000469769,0,0,0.0897487,0.570375,4.1901,2.35588,0.44029,0.44029,0,28,0.39164,0.440655,0.404762,0.461905,0.440655,0.511,0.573,1.71404,1.56556,0,11.5401,0,7.89167,2.44128,7.24625,2.10715,1.92957,0.81843,3.21581,34.2666,65.7334
X1/grouped__f0_s0,36,0.000467831,0,0,0.0894472,0.5681,4.05641,2.25966,0.467634,0.467634,0,28,0.38565,0.453937,0.401587,0.474603,0.453937,0.512,0.587,1.65827,1.50957,0,10.6276,0,7.46195,2.57653,6.19715,2.06238,1.86626,0.808794,3.16274,31.2406,68.7594
X1/grouped__f0_s0,37,0.000465837,0,0,0.0891457,0.565825,4.03481,2.25007,0.485491,0.485491,0,28,0.383595,0.43978,0.403175,0.461905,0.453937,,,,,0,11.2573,0,6.56409,2.75639,7.83654,2.08731,1.89851,0.803988,3.15424,,
X1/grouped__f0_s0,38,0.000463788,0,0,0.0888442,0.56355,3.95422,2.2034,0.49442,0.49442,0,28,0.419338,0.459319,0.446032,0.479365,0.459319,0.545,0.598,1.55478,1.42752,0,10.391,0,6.53647,2.52349,7.0988,1.99866,1.82194,0.80388,3.10678,31.9158,68.0842
X1/grouped__f0_s0,39,0.000461685,0,0,0.0885427,0.561275,3.87287,2.16024,0.520647,0.520647,0,28,0.396397,0.467317,0.425397,0.485714,0.467317,0.541,0.615,1.56906,1.38643,0,11.1384,0,7.82762,3.04456,6.45673,2.01743,1.80871,0.828516,3.05133,32.5886,67.4114
X1/grouped__f0_s0,40,0.000459526,0,0,0.0882412,0.559,3.88476,2.16574,0.509487,0.509487,0,28,0.434749,0.475203,0.460317,0.493651,0.475203,0.608,0.639,1.36175,1.34519,0,11.6664,0,8.94047,2.94976,6.07558,1.99529,1.79484,0.81602,3.07517,34.1166,65.8834
X1/grouped__f0_s0,41,0.000457314,0,0,0.0879397,0.556725,3.78999,2.09405,0.519531,0.519531,0,28,0.458688,0.49171,0.485714,0.503175,0.49171,0.563,0.626,1.43008,1.33413,0,10.4847,0,7.82333,3.00479,5.61907,2.00411,1.7858,0.828694,3.04629,36.6485,63.3515
X1/grouped__f0_s0,42,0.000455049,0,0,0.0876382,0.55445,3.70543,2.0687,0.544085,0.544085,0,28,0.463217,0.489292,0.492063,0.509524,0.49171,,,,,0,11.1727,0,8.37077,2.64265,6.27762,1.98188,1.78573,0.824368,2.95201,,
X1/grouped__f0_s0,43,0.000452732,0,0,0.0873367,0.552175,3.65408,2.05461,0.532924,0.532924,0,28,0.486538,0.505379,0.520635,0.525397,0.505379,0.62,0.657,1.19985,1.22383,0,11.284,0,8.86245,2.76405,5.76091,1.97958,1.78599,0.849478,2.89669,35.9556,64.0444
X1/grouped__f0_s0,44,0.000450362,0,0,0.0870352,0.5499,3.67618,2.05615,0.549107,0.549107,0,28,0.483353,0.512721,0.504762,0.526984,0.512721,0.625,0.679,1.26142,1.18057,0,11.1656,0,8.325,2.80442,6.23363,1.97014,1.776,0.867658,2.94604,34.6446,65.3554
X1/grouped__f0_s0,45,0.000447941,0,0,0.0867337,0.547625,3.50854,1.94818,0.561384,0.561384,0,28,0.505863,0.509777,0.522222,0.522222,0.512721,,,,,0,10.3315,0,7.83236,2.52075,5.70435,1.89538,1.72593,0.857173,2.84933,,
X1/grouped__f0_s0,46,0.000445469,0,0,0.0864322,0.54535,3.50208,1.96253,0.56529,0.56529,0,28,0.456813,0.531271,0.474603,0.542857,0.531271,0.602,0.689,1.28042,1.10432,0,11.4012,0,9.05604,2.68556,5.7926,1.87804,1.68545,0.839883,2.82305,37.1748,62.8252
X1/grouped__f0_s0,47,0.000442948,0,0,0.0861307,0.543075,3.47485,1.94956,0.566964,0.566964,0,28,0.497467,0.532779,0.51746,0.547619,0.532779,0.662,0.695,1.14588,1.08133,0,11.4646,0,8.92945,2.81646,6.02907,1.90618,1.72195,0.864764,2.80861,39.7307,60.2693
X1/grouped__f0_s0,48,0.000440376,0,0,0.0858291,0.5408,3.48144,1.94917,0.570871,0.570871,0,28,0.475201,0.535397,0.488889,0.552381,0.535397,0.639,0.693,1.20124,1.05227,0,12.9454,0,10.2187,3.03677,6.44927,1.92869,1.78564,0.896241,2.83335,39.5257,60.4743
X1/grouped__f0_s0,49,0.000437756,0,0,0.0855276,0.538525,3.36955,1.8779,0.597098,0.597098,0,28,0.490327,0.539746,0.507937,0.55873,0.539746,0.65,0.708,1.10403,1.00498,0,12.1812,0,9.39014,2.82539,6.4846,1.83569,1.67096,0.856304,2.76988,37.7947,62.2053
X1/grouped__f0_s0,50,0.000435088,0,0,0.0852261,0.53625,3.25782,1.81222,0.611607,0.611607,0,28,0.476281,0.549593,0.5,0.560317,0.549593,0.62,0.71,1.18105,0.990493,0,12.2335,0,9.3013,2.53057,6.79177,1.82512,1.65965,0.863291,2.69577,40.2385,59.7615
X1/grouped__f0_s0,51,0.000432373,0,0,0.0849246,0.533975,3.30823,1.86264,0.589286,0.589286,0,28,0.518429,0.557556,0.531746,0.569841,0.557556,0.694,0.727,1.02806,0.96215,0,12.7219,0,10.1408,2.79234,6.17018,1.81457,1.6501,0.88639,2.70723,39.45,60.55
X1/grouped__f0_s0,52,0.000429611,0,0,0.0846231,0.5317,3.28635,1.85346,0.591518,0.591518,0,28,0.546578,0.568209,0.561905,0.58254,0.568209,0.717,0.731,0.954688,0.933859,0,12.7518,0,10.2003,2.86538,6.4637,1.81072,1.64978,0.865394,2.69491,39.5756,60.4244
X1/grouped__f0_s0,53,0.000426803,0,0,0.0843216,0.529425,3.23264,1.80698,0.605469,0.605469,0,28,0.495827,0.573358,0.525397,0.587302,0.573358,0.673,0.74,1.0394,0.910831,0,11.4068,0,9.01213,2.40841,5.94554,1.76135,1.59323,0.86311,2.69285,37.8109,62.189
X1/grouped__f0_s0,54,0.000423949,0,0,0.0840201,0.52715,3.17365,1.78588,0.610491,0.610491,0,28,0.499727,0.575973,0.519048,0.587302,0.575973,0.696,0.74,1.01931,0.896328,0,12.9047,0,10.3429,2.75795,6.52804,1.7475,1.57448,0.849662,2.6326,41.2185,58.7815
X1/grouped__f0_s0,55,0.000421051,0,0,0.0837186,0.524875,3.10289,1.72637,0.642857,0.642857,0,28,0.508623,0.579733,0.519048,0.592063,0.579733,0.684,0.741,1.04713,0.880751,0,12.4758,0,9.99311,2.69092,6.29363,1.71372,1.53822,0.869161,2.62257,43.2423,56.7577
X1/grouped__f0_s0,56,0.00041811,0,0,0.0834171,0.5226,3.13158,1.75727,0.623884,0.623884,0,28,0.517313,0.587904,0.520635,0.595238,0.587904,0.717,0.75,0.966355,0.878018,0,12.4928,0,10.1064,2.73559,6.01607,1.76087,1.5783,0.869183,2.62976,43.242,56.758
X1/grouped__f0_s0,57,0.000415125,0,0,0.0831156,0.520325,3.0759,1.72591,0.640625,0.640625,0,28,0.547077,0.591684,0.555556,0.598413,0.591684,0.71,0.765,0.94674,0.848956,0,11.8839,0,9.79282,2.65688,5.56707,1.75393,1.53765,0.863453,2.59451,42.1872,57.8128
X1/grouped__f0_s0,58,0.000412098,0,0,0.0828141,0.51805,3.00429,1.67883,0.659598,0.659598,0,28,0.56373,0.592734,0.580952,0.603175,0.592734,0.762,0.766,0.839271,0.839833,0,10.3785,0,8.00113,2.67491,5.48044,1.7011,1.51076,0.850378,2.55856,43.2289,56.7711
X1/grouped__f0_s0,59,0.00040903,0,0,0.0825126,0.515775,2.9824,1.67414,0.642299,0.642299,0,28,0.562299,0.615478,0.579365,0.620635,0.615478,0.752,0.784,0.83879,0.82638,0,13.0679,0,11.0841,2.92357,5.62083,1.72667,1.52665,0.885274,2.5365,44.7655,55.2345
X1/grouped__f0_s0,60,0.000405921,0,0,0.0822111,0.5135,2.982,1.67775,0.645647,0.645647,0,28,0.425793,0.605805,0.449206,0.614286,0.615478,,,,,0,14.2881,0,12.1312,3.07001,6.16723,1.75573,1.56062,0.896347,2.53992,,
X1/grouped__f0_s0,61,0.000402773,0,0,0.0819095,0.511225,2.97406,1.69362,0.643415,0.643415,0,28,0.527305,0.610553,0.533333,0.61746,0.615478,,,,,0,11.5817,0,9.5376,2.59098,5.28979,1.70405,1.51891,0.86394,2.50464,,
X1/grouped__f0_s0,62,0.000399585,0,0,0.081608,0.50895,2.88479,1.63646,0.664062,0.664062,0,28,0.556899,0.598447,0.569841,0.606349,0.615478,,,,,0,12.537,0,10.2221,2.64998,6.01813,1.68139,1.49787,0.865808,2.45274,,
X1/grouped__f0_s0,63,0.000396359,0,0,0.0813065,0.506675,2.85633,1.62845,0.676897,0.676897,0,28,0.529923,0.613781,0.546032,0.62381,0.615478,,,,,0,12.7937,0,10.5519,2.89698,5.95592,1.68998,1.49843,0.876717,2.42341,,
X1/grouped__f0_s0,64,0.000393096,0,0,0.081005,0.5044,2.75956,1.57791,0.681362,0.681362,0,28,0.555262,0.608221,0.574603,0.61746,0.615478,,,,,0,11.8115,0,9.47761,2.72157,5.90992,1.67245,1.46077,0.855536,2.34267,,
X1/grouped__f0_s0,65,0.000389796,0,0,0.0807035,0.502125,2.72796,1.55351,0.691406,0.691406,0,28,0.590346,0.583939,0.6,0.592063,0.615478,,,,,0,12.4612,0,10.3816,2.87911,5.63451,1.62441,1.42577,0.86203,2.33897,,
X1/grouped__f0_s0,66,0.000386461,0,0,0.080402,0.49985,2.75815,1.58472,0.678013,0.678013,0,28,0.563187,0.603197,0.580952,0.612698,0.615478,,,,,0,11.9352,1,9.94541,2.79221,5.46653,1.64116,1.4269,0.868969,2.34757,,
X1/grouped__f0_s0,67,0.000383091,0,0,0.0801005,0.497575,2.67984,1.53397,0.689174,0.689174,0,28,0.585716,0.601796,0.604762,0.609524,0.615478,,,,,0,12.9454,0,10.5606,2.83961,6.17639,1.66378,1.42957,0.875911,2.30291,,
X1/grouped__f0_s0,68,0.000379687,0,0,0.079799,0.4953,2.67843,1.54742,0.697545,0.697545,0,28,0.566858,0.615252,0.587302,0.620635,0.615478,,,,,0,12.0349,0,9.88422,2.72629,5.70049,1.66456,1.43273,0.866942,2.28347,,
X1/grouped__f0_s0,69,0.00037625,0,0,0.0794975,0.493025,2.63829,1.51518,0.710379,0.710379,0,28,0.556376,0.624892,0.571429,0.630159,0.624892,0.751,0.827,0.816233,0.648519,0,12.6398,0,10.7462,2.95055,5.39901,1.63489,1.41127,0.882621,2.27801,51.7355,48.2645
X1/grouped__f0_s0,70,0.000372781,0,0,0.079196,0.49075,2.62001,1.50368,0.714286,0.714286,0,28,0.572538,0.618425,0.585714,0.622222,0.624892,,,,,0,11.9047,0,10.1187,2.77879,5.15101,1.6268,1.40409,0.891832,2.27473,,
X1/grouped__f0_s0,71,0.000369281,0,0,0.0788945,0.488475,2.62616,1.51552,0.703683,0.703683,0,28,0.608571,0.633343,0.619048,0.636508,0.633343,0.808,0.823,0.667707,0.620585,0,11.8184,0,9.69342,2.68572,5.59032,1.65006,1.42588,0.880793,2.27369,52.4446,47.5554
X1/grouped__f0_s0,72,0.00036575,0,0,0.078593,0.4862,2.54093,1.47086,0.717634,0.717634,0,28,0.60681,0.628329,0.611111,0.633333,0.633343,,,,,0,11.4197,0,9.47828,2.65691,5.19196,1.59913,1.39538,0.861646,2.20089,,
X1/grouped__f0_s0,73,0.00036219,0,0,0.0782915,0.483925,2.52629,1.46214,0.720982,0.720982,0,28,0.606813,0.622573,0.619048,0.628571,0.633343,,,,,0,11.5856,0,9.67049,2.84207,5.07745,1.57298,1.36477,0.868879,2.199,,
X1/grouped__f0_s0,74,0.000358601,0,0,0.0779899,0.48165,2.52787,1.47088,0.733817,0.733817,0,28,0.527288,0.604606,0.549206,0.619048,0.633343,,,,,0.0119048,14.3215,0,12.2801,3.47532,5.42574,1.60689,1.37665,0.875852,2.19452,,
X1/grouped__f0_s0,75,0.000354985,0,0,0.0776884,0.479375,2.56799,1.4955,0.696429,0.696429,0,28,0.57865,0.615613,0.593651,0.626984,0.633343,0.816,0.851,0.656272,0.605649,0,12.0497,0,10.0629,2.86851,5.32852,1.60884,1.40257,0.875742,2.23726,50.3234,49.6766
X1/grouped__f0_s0,76,0.000351343,0,0,0.0773869,0.4771,2.48127,1.43706,0.726004,0.726004,0,28,0.602592,0.639263,0.609524,0.647619,0.639263,0.836,0.859,0.607152,0.560803,0,11.9528,0,9.9437,3.22011,5.18506,1.5864,1.36797,0.851823,2.18865,52.9714,47.0286
X1/grouped__f0_s0,77,0.000347674,0,0,0.0770854,0.474825,2.40533,1.38921,0.75,0.75,0,28,0.605617,0.635781,0.619048,0.642857,0.639263,,,,,0,12.8758,0,9.95535,2.94372,6.7536,1.59974,1.34521,0.877417,2.13997,,
X1/grouped__f0_s0,78,0.000343981,0,0,0.0767839,0.47255,2.43325,1.41479,0.739397,0.739397,0,28,0.600457,0.640938,0.612698,0.646032,0.640938,0.819,0.856,0.623398,0.544262,0,10.7088,0,8.60405,2.59006,5.36758,1.56024,1.3263,0.858589,2.15525,53.2348,46.7652
X1/grouped__f0_s0,79,0.000340265,0,0,0.0764824,0.470275,2.4041,1.40302,0.737723,0.737723,0,28,0.589586,0.652432,0.604762,0.657143,0.652432,0.837,0.871,0.567947,0.520328,0,11.6864,0,9.99566,2.79303,4.8343,1.54511,1.31304,0.849688,2.12871,54.4594,45.5406
X1/grouped__f0_s0,80,0.000336525,0,0,0.0761809,0.468,2.37022,1.38513,0.748326,0.748326,0,28,0.605609,0.64928,0.614286,0.653968,0.652432,,,,,0,11.8204,0,9.84014,2.89838,5.25254,1.56515,1.32923,0.85916,2.10489,,
X1/grouped__f0_s0,81,0.000332764,0,0,0.0758794,0.465725,2.38966,1.39829,0.727679,0.727679,0,28,0.607005,0.644474,0.622222,0.650794,0.652432,,,,,0,12.4138,0,10.6417,3.03744,5.04581,1.55869,1.30667,0.844029,2.12865,,
X1/grouped__f0_s0,82,0.000328982,0,0,0.0755779,0.46345,2.28729,1.33885,0.771205,0.771205,0,28,0.602522,0.653735,0.604762,0.65873,0.653735,0.846,0.888,0.541872,0.489604,0,10.1275,0,7.79661,2.43252,5.45088,1.53606,1.29863,0.821485,2.04648,54.3601,45.6399
X1/grouped__f0_s0,83,0.00032518,0,0,0.0752764,0.461175,2.3209,1.3666,0.739955,0.739955,0,28,0.560239,0.657066,0.563492,0.660317,0.657066,0.805,0.891,0.672563,0.475445,0,12.6434,0,10.999,2.86104,4.91856,1.55365,1.29914,0.843263,2.06929,54.6587,45.3413
X1/grouped__f0_s0,84,0.000321359,0,0,0.0749749,0.4589,2.29443,1.34983,0.751116,0.751116,0,28,0.550438,0.6574,0.557143,0.661905,0.6574,0.8,0.889,0.656145,0.468283,0,13.1667,0,11.2349,3.06991,5.63132,1.56318,1.29584,0.83694,2.05841,56.6306,43.3693
X1/grouped__f0_s0,85,0.00031752,0,0,0.0746734,0.456625,2.2106,1.3001,0.774554,0.774554,0,28,0.607266,0.64348,0.611111,0.650794,0.6574,,,,,0,11.9822,0,9.96309,2.83876,5.40266,1.528,1.2649,0.850011,1.99399,,
X1/grouped__f0_s0,86,0.000313664,0,0,0.0743719,0.45435,2.29403,1.35871,0.755022,0.755022,0,28,0.591773,0.650093,0.606349,0.65873,0.6574,,,,,0,13.2582,0,11.4778,2.99342,5.26501,1.56626,1.2767,0.844058,2.0586,,
X1/grouped__f0_s0,87,0.000309793,0,0,0.0740704,0.452075,2.2093,1.31672,0.762277,0.762277,0,28,0.635688,0.648715,0.638095,0.653968,0.6574,,,,,0,10.9842,0,9.05766,2.8078,5.00282,1.5005,1.24412,0.826945,1.9744,,
X1/grouped__f0_s0,88,0.000305907,0,0,0.0737688,0.4498,2.12757,1.25146,0.791853,0.791853,0,28,0.634188,0.656598,0.639683,0.661905,0.6574,,,,,0,10.4027,0,8.59334,2.62656,4.67133,1.46181,1.19679,0.804747,1.94779,,
X1/grouped__f0_s0,89,0.000302006,0,0,0.0734673,0.447525,2.11626,1.2413,0.799107,0.799107,0,28,0.633263,0.652011,0.633333,0.65873,0.6574,,,,,0,9.84965,0,7.93413,2.48245,4.89242,1.44605,1.1862,0.815348,1.95511,,
X1/grouped__f0_s0,90,0.000298093,0,0,0.0731658,0.44525,2.10679,1.25606,0.787388,0.787388,0,28,0.627452,0.663051,0.631746,0.668254,0.663051,0.903,0.913,0.412721,0.405569,0,10.8145,0,9.0725,2.76744,4.70981,1.49508,1.24597,0.829028,1.91068,56.5509,43.4491
X1/grouped__f0_s0,91,0.000294168,0,0,0.0728643,0.442975,2.09009,1.22747,0.804688,0.804688,0,28,0.598376,0.667286,0.612698,0.671429,0.667286,0.846,0.915,0.541942,0.404273,0,10.9566,0,9.30016,2.7572,4.60402,1.42478,1.17856,0.797375,1.94735,57.3497,42.6503
X1/grouped__f0_s0,92,0.000290233,0,0,0.0725628,0.4407,2.09659,1.25029,0.78683,0.78683,0,28,0.619599,0.668724,0.620635,0.673016,0.668724,0.883,0.91,0.444088,0.396553,0,12.6646,0,11.0105,3.10188,4.84897,1.46934,1.17341,0.79642,1.92036,58.6605,41.3394
X1/grouped__f0_s0,93,0.000286287,0,0,0.0722613,0.438425,1.99612,1.17402,0.805804,0.805804,0,28,0.635731,0.660335,0.642857,0.665079,0.668724,,,,,0,11.4124,0,9.71482,2.74844,4.79951,1.41336,1.14305,0.800662,1.87513,,
X1/grouped__f0_s0,94,0.000282333,0,0,0.0719598,0.43615,2.01207,1.20362,0.80971,0.80971,0,28,0.646385,0.664991,0.655556,0.669841,0.668724,,,,,0,9.66538,0,7.78484,2.55196,4.66227,1.4274,1.15386,0.788441,1.85359,,
X1/grouped__f0_s0,95,0.000278371,0,0,0.0716583,0.433875,2.00335,1.19199,0.80971,0.80971,0,28,0.613856,0.670288,0.614286,0.67619,0.670288,0.887,0.924,0.448603,0.371478,0,11.5213,0,9.97541,2.91289,4.46052,1.41252,1.14277,0.802102,1.87003,58.9501,41.0499
X1/grouped__f0_s0,96,0.000274402,0,0,0.0713568,0.4316,1.98836,1.18053,0.814732,0.814732,0,28,0.625652,0.660204,0.631746,0.665079,0.670288,,,,,0,11.3207,0,9.64374,2.81663,4.63919,1.44082,1.16428,0.799364,1.8717,,
X1/grouped__f0_s0,97,0.000270428,0,0,0.0710553,0.429325,1.9605,1.16071,0.81808,0.81808,0,28,0.619802,0.678454,0.62381,0.680952,0.678454,0.891,0.927,0.398962,0.354489,0,12.2947,0,10.9833,2.91657,4.14144,1.40937,1.13589,0.795056,1.86289,60.3641,39.6359
X1/grouped__f0_s0,98,0.000266449,0,0,0.0707538,0.42705,1.931,1.14902,0.827567,0.827567,0,28,0.64543,0.676147,0.652381,0.679365,0.678454,,,,,0,10.7177,0,9.14177,2.77215,4.3133,1.37939,1.11401,0.789905,1.83114,,
X1/grouped__f0_s0,99,0.000262466,0,0,0.0704523,0.424775,1.92487,1.15043,0.829799,0.829799,0,28,0.629097,0.668178,0.638095,0.669841,0.678454,,,,,0,11.0111,0,9.4236,2.69352,4.52777,1.37751,1.10151,0.788241,1.82319,,
X1/grouped__f0_s0,100,0.000258481,0,0,0.0701508,0.4225,1.91625,1.14564,0.821429,0.821429,0,28,0.628392,0.666544,0.631746,0.668254,0.678454,0.903,0.929,0.397443,0.341861,0,11.7189,0,10.066,3.1451,4.50951,1.42417,1.13543,0.809439,1.82394,61.0161,38.9839
X1/grouped__f0_s0,101,0.000254494,0,0,0.0698492,0.420225,1.94005,1.16435,0.815848,0.815848,0,28,0.633336,0.666738,0.644444,0.669841,0.678454,,,,,0,10.4172,0,8.69872,2.79941,4.53562,1.42418,1.12229,0.772051,1.8459,,
X1/grouped__f0_s0,102,0.000250506,0,0,0.0695477,0.41795,1.88777,1.13809,0.819754,0.819754,0,28,0.659368,0.652196,0.663492,0.657143,0.678454,,,,,0,11.6875,0,10.2318,2.80649,4.37069,1.36276,1.0789,0.757603,1.79371,,
X1/grouped__f0_s0,103,0.000246519,0,0,0.0692462,0.415675,1.87956,1.12435,0.833705,0.833705,0,28,0.574737,0.662636,0.577778,0.665079,0.678454,,,,,0,13.2105,0,11.9005,3.29662,3.98718,1.37268,1.07286,0.779128,1.81682,,
X1/grouped__f0_s0,104,0.000242534,0,0,0.0689447,0.4134,1.83912,1.10372,0.831473,0.831473,0,28,0.57229,0.665445,0.585714,0.669841,0.678454,,,,,0,11.4607,0,9.98209,3.05468,4.14691,1.36857,1.07161,0.765726,1.77892,,
X1/grouped__f0_s0,105,0.000238551,0,0,0.0686432,0.411125,1.88848,1.13915,0.81529,0.81529,0,28,0.611291,0.668397,0.622222,0.671429,0.678454,,,,,0,13.8593,0,12.4803,3.33984,4.4289,1.42117,1.1007,0.764431,1.82265,,
X1/grouped__f0_s0,106,0.000234572,0,0,0.0683417,0.40885,1.81282,1.09615,0.851563,0.851563,0,28,0.640204,0.670873,0.646032,0.671429,0.678454,,,,,0,12.4095,0,11.0362,3.03132,4.19533,1.3669,1.06775,0.766305,1.7529,,
X1/grouped__f0_s0,107,0.000230598,0,0,0.0680402,0.406575,1.77624,1.06972,0.848772,0.848772,0,28,0.568621,0.661027,0.571429,0.663492,0.678454,,,,,0.0119048,13.3888,0,11.7203,3.98026,4.19245,1.37975,1.07039,0.759799,1.73775,,
X1/grouped__f0_s0,108,0.000226629,0,0,0.0677387,0.4043,1.87085,1.13455,0.821429,0.821429,0,28,0.641942,0.666909,0.647619,0.669841,0.678454,,,,,0,14.8506,0,13.3742,3.52465,4.71479,1.44809,1.12534,0.786658,1.82116,,
X1/grouped__f0_s0,109,0.000222667,0,0,0.0674372,0.402025,1.77373,1.06899,0.84096,0.84096,0,28,0.63782,0.674741,0.639683,0.673016,0.678454,,,,,0,10.8738,0,9.33131,2.8529,4.25492,1.36049,1.06114,0.779353,1.75297,,
X1/grouped__f0_s0,110,0.000218713,0,0,0.0671357,0.39975,1.74383,1.0489,0.853237,0.853237,0,28,0.621249,0.669383,0.625397,0.669841,0.678454,,,,,0,11.7426,0,10.3328,2.91162,4.27316,1.31307,0.996419,0.737893,1.73842,,
X1/grouped__f0_s0,111,0.000214767,0,0,0.0668342,0.397475,1.72989,1.04893,0.858259,0.858259,0,28,0.640452,0.664666,0.644444,0.666667,0.678454,,,,,0,10.1885,0,8.80234,2.62642,3.94288,1.31453,1.01837,0.722785,1.7132,,
X1/grouped__f0_s0,112,0.000210832,0,0,0.0665327,0.3952,1.67262,1.00899,0.873326,0.873326,0,28,0.583191,0.670057,0.588889,0.668254,0.678454,,,,,0,10.0464,0,8.507,2.72111,4.12104,1.29345,1.01068,0.73229,1.67923,,
X1/grouped__f0_s0,113,0.000206907,0,0,0.0662312,0.392925,1.70131,1.03277,0.868304,0.868304,0,28,0.634184,0.673988,0.639683,0.673016,0.678454,,,,,0,11.3484,0,9.9537,2.97964,4.03239,1.30703,0.997918,0.718966,1.70144,,
X1/grouped__f0_s0,114,0.000202994,0,0,0.0659296,0.39065,1.66224,1.00416,0.87779,0.87779,0,28,0.647254,0.676218,0.652381,0.67619,0.678454,,,,,0,11.1099,0,9.7952,2.82458,3.74948,1.25669,0.949689,0.734047,1.68457,,
X1/grouped__f0_s0,115,0.000199093,0,0,0.0656281,0.388375,1.63848,1.00315,0.876116,0.876116,0,28,0.651648,0.671953,0.653968,0.673016,0.678454,,,,,0,10.2201,0,8.86731,2.64329,3.9407,1.27754,0.971033,0.72575,1.63588,,
X1/grouped__f0_s0,116,0.000195207,0,0,0.0653266,0.3861,1.66389,1.01713,0.866071,0.866071,0,28,0.659992,0.680376,0.665079,0.680952,0.680376,0.944,0.956,0.289201,0.241152,0,11.536,0,10.2446,3.03513,3.77571,1.27148,0.959723,0.702725,1.6751,59.0028,40.9972
X1/grouped__f0_s0,117,0.000191336,0,0,0.0650251,0.383825,1.63561,0.995495,0.863281,0.863281,0,28,0.643053,0.673809,0.644444,0.673016,0.680376,,,,,0,11.0195,0,9.66747,2.80868,4.03907,1.26808,0.958488,0.700621,1.66773,,
X1/grouped__f0_s0,118,0.00018748,0,0,0.0647236,0.38155,1.65421,1.02538,0.862723,0.862723,0,28,0.642029,0.677397,0.642857,0.67619,0.680376,,,,,0,11.8525,0,10.5989,2.90421,3.91517,1.32498,1.00171,0.728759,1.64809,,
X1/grouped__f0_s0,119,0.000183641,0,0,0.0644221,0.379275,1.5816,0.978831,0.875,0.875,0,28,0.652338,0.688601,0.649206,0.687302,0.688601,0.966,0.957,0.222471,0.230694,0,9.89217,0,8.40228,2.70053,3.9791,1.25818,0.933587,0.690552,1.58927,60.426,39.574
X1/grouped__f0_s0,120,0.00017982,0,0,0.0641206,0.377,1.57047,0.967303,0.87221,0.87221,0,28,0.655141,0.688758,0.65873,0.685714,0.688758,0.956,0.957,0.224944,0.227822,0,10.7887,0,9.50939,2.9138,3.69807,1.24055,0.943213,0.694488,1.59991,60.3457,39.6543
X1/grouped__f0_s0,121,0.000176018,0,0,0.0638191,0.374725,1.55572,0.96782,0.882254,0.882254,0,28,0.657152,0.686038,0.65873,0.684127,0.688758,,,,,0,10.6523,0,9.39854,2.62355,3.81463,1.23519,0.935144,0.67577,1.56889,,
X1/grouped__f0_s0,122,0.000172236,0,0,0.0635176,0.37245,1.60018,0.998478,0.858817,0.858817,0,28,0.663188,0.682883,0.661905,0.68254,0.688758,,,,,0,11.2413,0,9.96519,2.94668,3.78996,1.28916,0.953037,0.692316,1.61551,,
X1/grouped__f0_s0,123,0.000168475,0,0,0.0632161,0.370175,1.53995,0.95391,0.875558,0.875558,0,28,0.659496,0.681909,0.665079,0.680952,0.688758,,,,,0,10.5551,0,9.22323,2.84134,3.83049,1.23851,0.919033,0.672247,1.58314,,
X1/grouped__f0_s0,124,0.000164735,0,0,0.0629146,0.3679,1.52007,0.940744,0.886161,0.886161,0,28,0.675169,0.685765,0.674603,0.685714,0.688758,,,,,0,9.93964,0,8.60874,2.74866,3.73177,1.21571,0.90436,0.665252,1.57468,,
X1/grouped__f0_s0,125,0.000161019,0,0,0.0626131,0.365625,1.53318,0.957973,0.876116,0.876116,0,28,0.66448,0.685712,0.669841,0.684127,0.688758,0.965,0.965,0.215039,0.216798,0,9.88994,0,8.64992,2.73518,3.465,1.21238,0.904801,0.666534,1.57323,60.6217,39.3783
X1/grouped__f0_s0,126,0.000157326,0,0,0.0623116,0.36335,1.49694,0.934758,0.889509,0.889509,0,28,0.647848,0.683436,0.649206,0.684127,0.688758,,,,,0,11.048,0,9.70325,2.82807,3.98572,1.26064,0.945329,0.656388,1.54723,,
X1/grouped__f0_s0,127,0.000153657,0,0,0.0620101,0.361075,1.47943,0.919536,0.889509,0.889509,0,28,0.656841,0.683443,0.65873,0.684127,0.688758,,,,,0,11.0292,0,9.80846,2.86362,3.67775,1.19602,0.875058,0.658648,1.55064,,
X1/grouped__f0_s0,128,0.000150015,0,0,0.0617085,0.3588,1.46908,0.912988,0.892857,0.892857,0,28,0.619837,0.678922,0.619048,0.680952,0.688758,,,,,0,10.3528,0,9.10648,2.89632,3.45868,1.17164,0.853475,0.660101,1.54987,,
X1/grouped__f0_s0,129,0.000146399,0,0,0.061407,0.356525,1.44891,0.913835,0.890067,0.890067,0,28,0.677604,0.679086,0.677778,0.680952,0.688758,,,,,0,9.56981,0,8.26539,2.63598,3.59419,1.20592,0.874868,0.649556,1.50081,,
X1/grouped__f0_s0,130,0.00014281,0,0,0.0611055,0.35425,1.42481,0.891688,0.897879,0.897879,0,28,0.659029,0.689618,0.65873,0.692063,0.689618,0.976,0.975,0.17179,0.18489,0,10.6585,0,9.48821,2.88277,3.49756,1.17733,0.869563,0.653437,1.50494,60.0197,39.9803
X1/grouped__f0_s0,131,0.00013925,0,0,0.060804,0.351975,1.45176,0.917427,0.887835,0.887835,0,28,0.665546,0.677803,0.666667,0.677778,0.689618,,,,,0,9.39118,0,8.10786,2.5632,3.54642,1.19074,0.866361,0.633893,1.51809,,
X1/grouped__f0_s0,132,0.000135719,0,0,0.0605025,0.3497,1.43803,0.905888,0.895089,0.895089,0,28,0.664106,0.687215,0.668254,0.687302,0.689618,,,,,0,10.6583,0,9.36158,3.17135,3.423,1.16953,0.850797,0.633173,1.5217,,
X1/grouped__f0_s0,133,0.000132219,0,0,0.060201,0.347425,1.42241,0.897287,0.896205,0.896205,0,28,0.677291,0.67836,0.680952,0.679365,0.689618,,,,,0,10.2629,0,9.03194,2.7511,3.59022,1.20014,0.873067,0.63672,1.51147,,
X1/grouped__f0_s0,134,0.00012875,0,0,0.0598995,0.34515,1.39163,0.878158,0.901228,0.901228,0,28,0.656778,0.679812,0.65873,0.680952,0.689618,,,,,0,9.38569,0,8.17936,2.61288,3.39618,1.13872,0.824333,0.63941,1.48768,,
X1/grouped__f0_s0,135,0.000125313,0,0,0.059598,0.342875,1.39012,0.882093,0.891741,0.891741,0,28,0.654682,0.686801,0.65873,0.687302,0.689618,,,,,0,10.1268,0,8.94401,2.84399,3.25965,1.14637,0.845906,0.626061,1.48167,,
X1/grouped__f0_s0,136,0.000121909,0,0,0.0592965,0.3406,1.38219,0.878396,0.892299,0.892299,0,28,0.678596,0.688864,0.679365,0.687302,0.689618,,,,,0,10.7648,0,9.58325,2.87544,3.46267,1.16303,0.846843,0.635593,1.47914,,
X1/grouped__f0_s0,137,0.000118539,0,0,0.058995,0.338325,1.36265,0.861229,0.898996,0.898996,0,28,0.626823,0.68039,0.633333,0.680952,0.689618,,,,,0,10.4826,0,9.336,2.71446,3.40712,1.17409,0.845134,0.617235,1.48205,,
X1/grouped__f0_s0,138,0.000115204,0,0,0.0586935,0.33605,1.37313,0.875909,0.90067,0.90067,0,28,0.657094,0.684098,0.660317,0.685714,0.689618,,,,,0,11.0011,0,9.84559,2.83945,3.44962,1.16366,0.853789,0.612779,1.47959,,
X1/grouped__f0_s0,139,0.000111904,0,0,0.058392,0.333775,1.34142,0.862251,0.902902,0.902902,0,28,0.644447,0.698438,0.649206,0.7,0.698438,0.974,0.982,0.180328,0.163245,0,9.29546,0,8.01983,2.73345,3.34689,1.18347,0.849551,0.602967,1.43559,61.6796,38.3204
X1/grouped__f0_s0,140,0.000108641,0,0,0.0580905,0.3315,1.34866,0.857747,0.904018,0.904018,0,28,0.676914,0.697596,0.67619,0.698413,0.698438,,,,,0,11.197,0,10.0533,3.14756,3.28522,1.14883,0.831774,0.601139,1.48087,,
X1/grouped__f0_s0,141,0.000105415,0,0,0.0577889,0.329225,1.33239,0.854106,0.90067,0.90067,0,28,0.668511,0.693661,0.671429,0.695238,0.698438,,,,,0,9.71244,0,8.60218,2.73313,3.16978,1.13918,0.816852,0.587381,1.45274,,
X1/grouped__f0_s0,142,0.000102227,0,0,0.0574874,0.32695,1.31678,0.846654,0.905692,0.905692,0,28,0.672832,0.682329,0.674603,0.684127,0.698438,,,,,0,12.1437,0,11.1104,3.12277,3.20216,1.13325,0.808777,0.594943,1.43792,,
X1/grouped__f0_s0,143,9.90786e-05,0,0,0.0571859,0.324675,1.29407,0.837532,0.907924,0.907924,0,28,0.672457,0.680374,0.679365,0.68254,0.698438,,,,,0,9.27731,0,8.12831,2.70224,3.1554,1.11704,0.797458,0.599827,1.40613,,
X1/grouped__f0_s0,144,9.59698e-05,0,0,0.0568844,0.3224,1.25244,0.802788,0.918527,0.918527,0,28,0.683153,0.685785,0.684127,0.688889,0.698438,,,,,0,9.13414,0,8.05806,2.58651,3.00485,1.04465,0.744028,0.559024,1.3947,,
X1/grouped__f0_s0,145,9.29016e-05,0,0,0.0565829,0.320125,1.25861,0.820847,0.916853,0.916853,0,28,0.66457,0.692481,0.668254,0.695238,0.698438,,,,,0,9.54305,0,8.44,2.68832,3.1779,1.08382,0.773063,0.56226,1.36748,,
X1/grouped__f0_s0,146,8.98748e-05,0,0,0.0562814,0.31785,1.27493,0.821324,0.910714,0.910714,0,28,0.671133,0.691304,0.668254,0.693651,0.698438,,,,,0,8.98218,0,7.87904,2.58764,3.05188,1.09647,0.788628,0.565617,1.42711,,
X1/grouped__f0_s0,147,8.68902e-05,0,0,0.0559799,0.315575,1.27622,0.83142,0.898996,0.898996,0,28,0.684637,0.688353,0.684127,0.690476,0.698438,,,,,0,9.17663,0,8.01709,2.70435,3.13193,1.11505,0.790657,0.562722,1.40949,,
X1/grouped__f0_s0,148,8.39486e-05,0,0,0.0556784,0.3133,1.22352,0.790729,0.919085,0.919085,0,28,0.679501,0.679176,0.684127,0.680952,0.698438,,,,,0,8.87045,0,7.75243,2.57878,3.02959,1.0629,0.745221,0.552781,1.3814,,
X1/grouped__f0_s0,149,8.10507e-05,0,0,0.0553769,0.311025,1.24277,0.810511,0.90904,0.90904,0,28,0.654236,0.678046,0.655556,0.680952,0.698438,,,,,0,9.23259,0,8.15848,2.65046,3.01447,1.11195,0.782233,0.556342,1.38979,,
X1/grouped__f0_s0,150,7.81974e-05,0,0,0.0550754,0.30875,1.20669,0.78941,0.915737,0.915737,0,28,0.680427,0.680125,0.680952,0.68254,0.698438,0.985,0.986,0.117649,0.133784,0,9.97607,0,8.91657,2.82432,3.04447,1.09898,0.763322,0.538231,1.35152,61.3182,38.6818
X1/grouped__f0_s0,151,7.53893e-05,0,0,0.0547739,0.306475,1.21171,0.796335,0.912388,0.912388,0,28,0.679157,0.682372,0.677778,0.684127,0.698438,,,,,0,9.37252,0,8.28603,2.60047,3.1141,1.10715,0.777554,0.530089,1.35533,,
X1/grouped__f0_s0,152,7.26271e-05,0,0,0.0544724,0.3042,1.18324,0.770723,0.924107,0.924107,0,28,0.678069,0.684102,0.680952,0.687302,0.698438,,,,,0,8.4762,0,7.41431,2.44508,2.92697,1.04978,0.752527,0.522456,1.35608,,
X1/grouped__f0_s0,153,6.99117e-05,0,0,0.0541709,0.301925,1.15526,0.757762,0.930246,0.930246,0,28,0.673082,0.687431,0.674603,0.688889,0.698438,,,,,0,9.1958,0,8.14703,2.57373,3.03044,1.04179,0.730856,0.531364,1.31656,,
X1/grouped__f0_s0,154,6.72436e-05,0,0,0.0538693,0.29965,1.16507,0.76972,0.922433,0.922433,0,28,0.669299,0.682918,0.669841,0.684127,0.698438,,,,,0,9.02071,0,7.973,2.61346,2.93864,1.06539,0.748399,0.530364,1.31936,,
X1/grouped__f0_s0,155,6.46236e-05,0,0,0.0535678,0.297375,1.14723,0.75458,0.929688,0.929688,0,28,0.680864,0.68385,0.68254,0.685714,0.698438,,,,,0,9.62301,0,8.6087,2.65696,2.90815,1.04349,0.729238,0.526488,1.32038,,
X1/grouped__f0_s0,156,6.20524e-05,0,0,0.0532663,0.2951,1.18744,0.791048,0.909598,0.909598,0,28,0.67625,0.689464,0.679365,0.688889,0.698438,,,,,0,9.31471,0,8.21332,2.78775,2.98597,1.10612,0.776358,0.54109,1.34325,,
X1/grouped__f0_s0,157,5.95306e-05,0,0,0.0529648,0.292825,1.17275,0.780863,0.914621,0.914621,0,28,0.667697,0.688277,0.671429,0.688889,0.698438,,,,,0,8.40131,0,7.20705,2.56872,3.04081,1.07871,0.75874,0.520104,1.3383,,
X1/grouped__f0_s0,158,5.70589e-05,0,0,0.0526633,0.29055,1.13765,0.757048,0.924107,0.924107,0,28,0.685955,0.68835,0.684127,0.688889,0.698438,,,,,0,9.0183,0,7.91624,2.68795,2.91159,1.06593,0.74109,0.500966,1.30993,,
X1/grouped__f0_s0,159,5.46379e-05,0,0,0.0523618,0.288275,1.10683,0.738763,0.924665,0.924665,0,28,0.676753,0.688564,0.677778,0.688889,0.698438,,,,,0,8.0595,0,6.99939,2.60175,2.6179,1.01747,0.701361,0.500798,1.27679,,
X1/grouped__f0_s0,160,5.22683e-05,0,0,0.0520603,0.286,1.09898,0.736116,0.922433,0.922433,0,28,0.680455,0.689881,0.679365,0.690476,0.698438,,,,,0,8.90356,0,7.87596,2.56314,2.83971,1.07118,0.743398,0.508871,1.26875,,
X1/grouped__f0_s0,161,4.99506e-05,0,0,0.0517588,0.283725,1.12746,0.754961,0.923549,0.923549,0,28,0.68902,0.691049,0.685714,0.692063,0.698438,,,,,0,8.99274,0,7.91819,2.72879,2.79816,1.03638,0.718894,0.495687,1.3129,,
X1/grouped__f0_s0,162,4.76856e-05,0,0,0.0514573,0.28145,1.1148,0.747101,0.924107,0.924107,0,28,0.688869,0.692951,0.685714,0.693651,0.698438,,,,,0,9.51389,0,8.48366,2.79211,2.83977,1.0329,0.711956,0.501411,1.30643,,
X1/grouped__f0_s0,163,4.54736e-05,0,0,0.0511558,0.279175,1.09954,0.744507,0.924665,0.924665,0,28,0.670709,0.693687,0.669841,0.693651,0.698438,,,,,0,9.5061,0,8.49123,2.67948,2.85213,1.0393,0.719911,0.49663,1.27173,,
X1/grouped__f0_s0,164,4.33155e-05,0,0,0.0508543,0.2769,1.07051,0.72215,0.938058,0.938058,0,28,0.666972,0.690214,0.666667,0.692063,0.698438,,,,,0,9.17288,0,8.1657,2.73147,2.7046,1.04301,0.73239,0.493516,1.25807,,
X1/grouped__f0_s0,165,4.12116e-05,0,0,0.0505528,0.274625,1.08903,0.735683,0.929688,0.929688,0,28,0.673737,0.687379,0.67619,0.688889,0.698438,,,,,0,8.24811,0,7.18174,2.59945,2.67859,1.01766,0.706783,0.480422,1.28665,,
X1/grouped__f0_s0,166,3.91625e-05,0,0,0.0502513,0.27235,1.06738,0.721957,0.928571,0.928571,0,28,0.671023,0.689142,0.669841,0.690476,0.698438,,,,,0,9.52606,0,8.48712,2.71929,2.88865,1.04377,0.714097,0.466762,1.26832,,
X1/grouped__f0_s0,167,3.71688e-05,0,0,0.0499497,0.270075,1.04941,0.710514,0.938616,0.938616,0,28,0.67795,0.693672,0.67619,0.695238,0.698438,,,,,0,8.64183,0,7.56697,2.56285,2.90274,1.03961,0.704783,0.463124,1.2548,,
X1/grouped__f0_s0,168,3.5231e-05,0,0,0.0496482,0.2678,1.04899,0.710552,0.929688,0.929688,0,28,0.671956,0.684786,0.669841,0.685714,0.698438,,,,,0,8.90326,0,7.84869,2.61724,2.84759,1.01423,0.69094,0.453193,1.26379,,
X1/grouped__f0_s0,169,3.33496e-05,0,0,0.0493467,0.265525,1.03385,0.702992,0.93471,0.93471,0,28,0.680087,0.685947,0.680952,0.685714,0.698438,,,,,0,7.96344,0,6.96518,2.44617,2.61223,0.972333,0.661232,0.451992,1.24604,,
X1/grouped__f0_s0,170,3.15251e-05,0,0,0.0490452,0.26325,1.02536,0.69281,0.935268,0.935268,0,28,0.690469,0.685907,0.688889,0.685714,0.698438,,,,,0,8.80133,0,7.81134,2.42168,2.86315,1.01001,0.684993,0.460439,1.26327,,
X1/grouped__f0_s0,171,2.97579e-05,0,0,0.0487437,0.260975,1.0246,0.703002,0.932478,0.932478,0,28,0.689353,0.690607,0.687302,0.690476,0.698438,,,,,0,9.25471,0,8.31209,2.4529,2.77807,1.01248,0.708118,0.463773,1.23231,,
X1/grouped__f0_s0,172,2.80486e-05,0,0,0.0484422,0.2587,1.01831,0.699686,0.9375,0.9375,0,28,0.679018,0.687831,0.677778,0.687302,0.698438,,,,,0,8.04173,0,6.98426,2.55161,2.70234,1.01124,0.696895,0.451601,1.23165,,
X1/grouped__f0_s0,173,2.63975e-05,0,0,0.0481407,0.256425,1.01468,0.696629,0.930804,0.930804,0,28,0.687496,0.687886,0.687302,0.687302,0.698438,,,,,0,8.7773,0,7.85349,2.51561,2.5288,0.98419,0.683798,0.445849,1.24034,,
X1/grouped__f0_s0,174,2.48051e-05,0,0,0.0478392,0.25415,1.02828,0.713059,0.932478,0.932478,0,28,0.688352,0.687172,0.687302,0.687302,0.698438,,,,,0,8.27621,0,7.34292,2.38903,2.55828,1.00748,0.696744,0.44038,1.2403,,
X1/grouped__f0_s0,175,2.32718e-05,0,0,0.0475377,0.251875,0.976979,0.667803,0.94029,0.94029,0,28,0.684118,0.690976,0.68254,0.692063,0.698438,0.991,0.992,0.0884855,0.0977291,0,8.89555,0,7.97687,2.5278,2.62728,0.999001,0.685448,0.429198,1.2275,61.588,38.412
X1/grouped__f0_s0,176,2.1798e-05,0,0,0.0472362,0.25,0.998359,0.695131,0.929129,0.929129,0,28,0.688141,0.689459,0.688889,0.690476,0.698438,,,,,0,8.39976,0,7.47228,2.42084,2.55732,0.984496,0.675275,0.427757,1.21291,,
X1/grouped__f0_s0,177,2.0384e-05,0,0,0.0469347,0.25,0.949055,0.647352,0.952567,0.952567,0,28,0.684546,0.688802,0.68254,0.690476,0.698438,,,,,0,8.31926,0,7.42219,2.42923,2.51712,0.9326,0.639176,0.434408,1.20681,,
X1/grouped__f0_s0,178,1.90303e-05,0,0,0.0466332,0.25,0.997473,0.693026,0.930804,0.930804,0,28,0.685914,0.687912,0.684127,0.688889,0.698438,,,,,0,7.99897,0,6.98109,2.54986,2.56727,1.0019,0.69108,0.438684,1.21779,,
X1/grouped__f0_s0,179,1.77372e-05,0,0,0.0463317,0.25,0.996652,0.685155,0.930246,0.930246,0,28,0.68265,0.690961,0.680952,0.690476,0.698438,0.993,0.991,0.0854378,0.0955953,0,8.16496,0,7.22415,2.3981,2.58165,0.988696,0.679018,0.433832,1.24599,,
X1/grouped__f0_s1,1,0.0002,1,0,0.1,0.647725,8.29531,5.37988,0.0206473,0.0234375,0,28,0.0146322,0.0141683,0.052381,0.052381,0.0146322,0.049,0.046,4.30899,4.36847,0.0833333,38.4968,4,30.1877,20.1175,8.82651,8.33596,2.38964,0.0958235,4.50103,0.120175,99.8798
X1/grouped__f0_s1,2,0.0003,1,0,0.0996985,0.64545,7.39159,4.48805,0.0262277,0.0452009,0,28,0.0442542,0.0278412,0.0936508,0.0761905,0.0442542,0.081,0.079,3.8373,3.86647,0,16.0755,0,10.2317,9.63247,4.53728,5.27574,2.144,0.0947047,4.49847,1.13316,98.8668
X1/grouped__f0_s1,3,0.0004,1,0,0.099397,0.643175,6.96027,4.07443,0.0435268,0.0697545,0,28,0.059501,0.0767877,0.103175,0.111111,0.0767877,0.113,0.121,3.48453,3.46938,0,10.0595,0,4.83829,5.97236,4.08216,4.33411,2.17469,0.109314,4.48686,9.41974,90.5803
X1/grouped__f0_s1,4,0.0005,1,0,0.0990955,0.6409,6.90624,4.06106,0.0334821,0.0859375,0,28,0.0731714,0.109734,0.122222,0.144444,0.109734,0.117,0.147,3.44621,3.3724,0,8.92006,0,4.18168,4.93451,3.85898,3.85814,2.28058,0.166196,4.43935,19.4002,80.5998
X1/grouped__f0_s1,5,0.000499968,1,0,0.098794,0.638625,6.73677,3.97994,0.0719866,0.114397,0,28,0.099552,0.125539,0.157143,0.166667,0.125539,0.155,0.175,3.24038,3.25329,0,6.30896,0,2.26691,3.1294,3.42038,3.29164,2.26392,0.292054,4.31682,15.9535,84.0465
X1/grouped__f0_s1,6,0.000499872,1,0,0.0984925,0.63635,6.50856,3.80924,0.0814732,0.128348,0,28,0.105234,0.139488,0.152381,0.174603,0.139488,0.174,0.192,3.12905,3.12658,0,6.3466,0,2.10886,2.97735,3.80174,3.15766,2.25971,0.351361,4.24188,16.1151,83.8849
X1/grouped__f0_s1,7,0.000499711,1,0,0.098191,0.634075,6.47754,3.7822,0.0691964,0.12221,0,28,0.118016,0.152291,0.171429,0.196825,0.152291,0.19,0.217,3.09591,2.99602,0,6.13972,0,1.77157,2.52824,4.09216,3.02002,2.26958,0.348984,4.25083,12.7388,87.2612
X1/grouped__f0_s1,8,0.000499486,1,0,0.0978894,0.6318,6.36397,3.70212,0.120536,0.152902,0,28,0.131755,0.191274,0.177778,0.234921,0.191274,0.199,0.234,2.99621,2.87474,0,5.74603,0,1.24647,1.90203,4.22741,2.87936,2.23607,0.401216,4.21313,12.397,87.603
X1/grouped__f0_s1,9,0.000499197,1,0,0.0975879,0.629525,6.4083,3.76065,0.0948661,0.135603,0,28,0.121222,0.191039,0.177778,0.234921,0.191274,,,,,0,6.17081,0,1.27335,1.98636,4.85051,2.70857,2.27033,0.399866,4.20578,,
X1/grouped__f0_s1,10,0.000498845,1,0,0.0972864,0.62725,6.23972,3.63087,0.0876116,0.170759,0,28,0.144473,0.18055,0.193651,0.228571,0.191274,,,,,0,5.21672,0,1.08601,1.64908,3.93884,2.56591,2.15734,0.419458,4.15918,,
X1/grouped__f0_s1,11,0.000498428,1,0,0.0969849,0.624975,6.07127,3.50987,0.121652,0.188058,0,28,0.151648,0.211348,0.206349,0.253968,0.211348,0.219,0.264,2.87341,2.72012,0,5.968,0,1.4048,2.12418,4.5629,2.56534,2.12765,0.452128,4.09842,16.6181,83.3819
X1/grouped__f0_s1,12,0.000497947,1,0,0.0966834,0.6227,6.11054,3.56508,0.114955,0.178013,0,28,0.165009,0.216584,0.212698,0.253968,0.216584,0.269,0.272,2.71803,2.67694,0,5.74887,0,1.40048,2.21747,4.16349,2.47058,2.18209,0.464325,4.08779,16.6342,83.3658
X1/grouped__f0_s1,13,0.000497403,1,0,0.0963819,0.620425,6.04573,3.50341,0.138951,0.204799,0,28,0.138687,0.206299,0.188889,0.24127,0.216584,,,,,0,6.74211,0,1.92648,3.07693,4.49896,2.3754,2.10043,0.445332,4.0977,,
X1/grouped__f0_s1,14,0.000496795,1,0,0.0960804,0.61815,6.09511,3.53424,0.131696,0.196429,0,28,0.155392,0.187023,0.214286,0.230159,0.216584,,,,,0,6.36797,0,1.36871,2.43587,4.94046,2.40344,2.18863,0.433191,4.1428,,
X1/grouped__f0_s1,15,0.000496124,1,0,0.0957789,0.615875,6.0135,3.49955,0.116071,0.201451,0,28,0.184389,0.205451,0.230159,0.257143,0.216584,,,,,0,6.11558,0,1.32107,2.01183,4.95639,2.33898,2.14574,0.429446,4.0819,,
X1/grouped__f0_s1,16,0.000495389,1,0,0.0954774,0.6136,5.96521,3.46884,0.0976563,0.236607,0,28,0.156522,0.228681,0.198413,0.277778,0.228681,0.278,0.288,2.70429,2.55712,0,5.96217,0,1.59134,2.01072,4.67063,2.22621,2.09492,0.450605,4.0684,12.1784,87.8216
X1/grouped__f0_s1,17,0.000494592,1,0,0.0951759,0.611325,5.79075,3.33084,0.0976563,0.229911,0,28,0.18033,0.241246,0.225397,0.279365,0.241246,0.304,0.319,2.57992,2.5078,0,6.81954,0,1.71971,2.04996,5.65402,2.35037,2.15561,0.490789,4.0239,13.2574,86.7426
X1/grouped__f0_s1,18,0.000493731,1,0,0.0948744,0.60905,5.83179,3.37202,0.111607,0.237723,0,28,0.196715,0.245737,0.244444,0.284127,0.245737,0.308,0.348,2.54606,2.46596,0,6.7204,0,1.67646,1.94329,5.57124,2.27569,2.16813,0.471466,4.03869,15.9655,84.0345
X1/grouped__f0_s1,19,0.000492808,1,0,0.0945729,0.606775,5.84534,3.39803,0.116071,0.219866,0,28,0.246012,0.25371,0.292063,0.292063,0.25371,0.314,0.347,2.4196,2.40004,0,6.13481,0,1.76756,1.54088,5.11732,2.1603,2.1055,0.463623,4.03331,12.2298,87.7702
X1/grouped__f0_s1,20,0.000491823,1,0,0.0942714,0.6045,5.84387,3.39288,0.101004,0.233817,0,28,0.202408,0.276094,0.25873,0.312698,0.276094,0.327,0.377,2.48018,2.36297,0,6.95759,0,2.21547,1.78954,5.81445,2.1608,2.16052,0.470713,4.05458,12.0863,87.9137
X1/grouped__f0_s1,21,0.000490775,1,0,0.0939698,0.602225,5.87929,3.44775,0.136161,0.236049,0,28,0.223042,0.281673,0.277778,0.31746,0.281673,0.336,0.384,2.52239,2.36831,0,6.35082,0,2.28019,1.7575,5.11913,2.10718,2.14415,0.45208,4.0376,12.7129,87.2871
X1/grouped__f0_s1,22,0.000489666,1,0,0.0936683,0.59995,5.66871,3.28176,0.131696,0.260045,0,28,0.263401,0.27451,0.325397,0.320635,0.281673,,,,,0,7.27803,0,3.25782,1.92166,5.46994,2.11778,2.11929,0.467777,3.97859,,
X1/grouped__f0_s1,23,0.000488495,1,0,0.0933668,0.597675,5.55055,3.20143,0.155692,0.299107,0,28,0.306778,0.298223,0.334921,0.338095,0.306778,0.351,0.404,2.27005,2.25046,0,8.31959,0,4.68912,2.18148,5.90302,2.09233,2.05846,0.490287,3.93043,13.4495,86.5505
X1/grouped__f0_s1,24,0.000487263,1,0,0.0930653,0.5954,5.4596,3.13996,0.219308,0.316406,0,28,0.280254,0.310721,0.322222,0.346032,0.310721,0.375,0.407,2.32086,2.23158,0,8.41806,0,4.91235,2.19218,5.85132,2.03926,2.06279,0.508545,3.89594,13.3185,86.6815
X1/grouped__f0_s1,25,0.00048597,1,0,0.0927638,0.593125,5.56307,3.24508,0.129464,0.272879,0,28,0.288181,0.330003,0.330159,0.365079,0.330003,0.388,0.421,2.21765,2.18681,0,9.74153,0,6.53166,2.3966,6.02508,2.03836,2.11873,0.520358,3.9081,14.4688,85.5312
X1/grouped__f0_s1,26,0.000484616,1,0,0.0924623,0.59085,5.47279,3.18028,0.11942,0.296875,0,28,0.278175,0.330618,0.333333,0.377778,0.330618,0.364,0.412,2.32092,2.2229,0,11.009,0,7.5751,2.55998,6.58962,2.02791,2.07782,0.523746,3.88003,18.383,81.617
X1/grouped__f0_s1,27,0.000483202,1,0,0.0921608,0.588575,5.41202,3.14799,0.117188,0.310268,0,28,0.30948,0.332374,0.349206,0.374603,0.332374,0.376,0.412,2.30371,2.16502,0,9.21564,0,6.29649,2.12616,5.70314,1.97198,2.03475,0.5206,3.84663,16.2971,83.7029
X1/grouped__f0_s1,28,0.000481728,1,0,0.0918593,0.5863,5.32801,3.09839,0.206473,0.34654,0,28,0.309933,0.345795,0.361905,0.38254,0.345795,0.411,0.435,2.16913,2.14725,0,11.1671,0,8.57044,2.65798,5.56748,1.94013,1.96516,0.540181,3.80287,22.7201,77.2799
X1/grouped__f0_s1,29,0.000480195,1,0,0.0915578,0.584025,5.24463,3.06442,0.200893,0.344866,0,28,0.3724,0.360728,0.419048,0.390476,0.3724,0.497,0.447,1.89965,2.08914,0,8.6737,0,4.79856,1.96594,6.4061,1.93567,2.01376,0.571451,3.73309,20.9994,79.0006
X1/grouped__f0_s1,30,0.000478603,1,0,0.0912563,0.58175,5.13301,2.99236,0.169643,0.37221,0,28,0.341918,0.345191,0.365079,0.380952,0.3724,,,,,0,11.7828,0,9.29108,2.4583,5.72276,1.91441,1.9981,0.600887,3.67967,,
X1/grouped__f0_s1,31,0.000476951,0,0,0.0909548,0.579475,4.23401,2.33239,0.459821,0.459821,0,28,0.414015,0.426571,0.447619,0.452381,0.426571,0.526,0.524,1.63785,1.79122,0,11.9627,0,8.86112,2.52029,6.69114,2.14881,1.95373,0.724019,3.28162,15.8864,84.1136
X1/grouped__f0_s1,32,0.000475242,0,0,0.0906533,0.5772,4.17199,2.30851,0.448103,0.448103,0,28,0.422879,0.427602,0.452381,0.450794,0.427602,0.543,0.571,1.54489,1.65176,0,11.8939,0,9.03786,2.79712,6.49793,2.12049,1.9333,0.811962,3.22847,13.5236,86.4764
X1/grouped__f0_s1,33,0.000473475,0,0,0.0903518,0.574925,4.02384,2.23583,0.479353,0.479353,0,28,0.430797,0.453161,0.455556,0.474603,0.453161,0.606,0.585,1.41066,1.5182,0,12.222,0,9.88708,2.71119,5.81836,2.09905,1.89508,0.840767,3.11,13.216,86.784
X1/grouped__f0_s1,34,0.00047165,0,0,0.0900503,0.57265,3.92923,2.17051,0.520647,0.520647,0,28,0.410979,0.437921,0.428571,0.466667,0.453161,,,,,0,11.8919,0,9.03217,2.65665,6.47714,2.06211,1.85274,0.8408,3.07118,,
X1/grouped__f0_s1,35,0.000469769,0,0,0.0897487,0.570375,3.89117,2.16368,0.503348,0.503348,0,28,0.471737,0.458055,0.504762,0.484127,0.471737,0.591,0.572,1.32947,1.52304,0,14.5599,0,12.2894,3.15785,6.31338,2.04948,1.85048,0.870027,3.0287,20.4966,79.5034
X1/grouped__f0_s1,36,0.000467831,0,0,0.0894472,0.5681,3.82165,2.10974,0.526786,0.526786,0,28,0.489417,0.491547,0.511111,0.509524,0.491547,0.611,0.643,1.31195,1.41854,0,13.9569,0,11.4369,2.78034,6.53102,2.01514,1.81393,0.863748,3.0134,31.6082,68.3918
X1/grouped__f0_s1,37,0.000465837,0,0,0.0891457,0.565825,3.72544,2.0529,0.537388,0.537388,0,28,0.497193,0.506546,0.514286,0.522222,0.506546,0.656,0.634,1.23868,1.37619,0,12.2678,0,8.78939,2.3653,7.35299,1.92799,1.71918,0.85334,2.95593,33.5627,66.4373
X1/grouped__f0_s1,38,0.000463788,0,0,0.0888442,0.56355,3.62563,2.00794,0.559152,0.559152,0,28,0.473388,0.512439,0.488889,0.51746,0.512439,0.575,0.639,1.37321,1.37625,0,14.38,0,11.9998,2.49935,6.47667,1.97376,1.76162,0.894008,2.87053,37.2178,62.7822
X1/grouped__f0_s1,39,0.000461685,0,0,0.0885427,0.561275,3.68098,2.0753,0.536272,0.536272,0,28,0.427618,0.531549,0.463492,0.54127,0.531549,0.586,0.655,1.36548,1.24583,0,11.9741,0,9.81066,2.23886,5.88857,1.89732,1.72245,0.862008,2.86077,35.3234,64.6766
X1/grouped__f0_s1,40,0.000459526,0,0,0.0882412,0.559,3.54046,1.9642,0.5625,0.5625,0,28,0.441489,0.546102,0.463492,0.55873,0.546102,0.582,0.671,1.42758,1.17932,0,12.7219,0,10.557,2.45822,5.93871,1.9279,1.75097,0.901167,2.81979,33.7452,66.2548
X1/grouped__f0_s1,41,0.000457314,0,0,0.0879397,0.556725,3.47496,1.93538,0.574777,0.574777,0,28,0.535357,0.542083,0.560317,0.555556,0.546102,,,,,0,12.2898,0,10.1946,2.21288,5.80142,1.91711,1.73965,0.89206,2.76541,,
X1/grouped__f0_s1,42,0.000455049,0,0,0.0876382,0.55445,3.45442,1.92663,0.586496,0.586496,0,28,0.508277,0.553228,0.519048,0.565079,0.553228,0.598,0.702,1.32938,1.06622,0,12.4017,0,10.5138,2.29294,5.4886,1.88634,1.69497,0.911314,2.7555,35.3377,64.6623
X1/grouped__f0_s1,43,0.000452732,0,0,0.0873367,0.552175,3.40382,1.88719,0.598214,0.598214,0,28,0.528809,0.576119,0.550794,0.587302,0.576119,0.694,0.724,1.066,1.01928,0,12.6447,0,10.5695,2.39778,5.781,1.8623,1.66687,0.912613,2.74664,36.9882,63.0118
X1/grouped__f0_s1,44,0.000450362,0,0,0.0870352,0.5499,3.31011,1.83219,0.617188,0.617188,0,28,0.548282,0.552371,0.566667,0.561905,0.576119,,,,,0,13.1088,0,11.1802,2.23916,5.78897,1.82754,1.64512,0.927691,2.68761,,
X1/grouped__f0_s1,45,0.000447941,0,0,0.0867337,0.547625,3.29483,1.82923,0.609375,0.609375,0,28,0.522822,0.543583,0.542857,0.555556,0.576119,,,,,0,15.1316,0,13.3131,2.68232,5.85869,1.82745,1.62553,0.920633,2.67629,,
X1/grouped__f0_s1,46,0.000445469,0,0,0.0864322,0.54535,3.31002,1.8467,0.609375,0.609375,0,28,0.408674,0.57422,0.425397,0.587302,0.576119,,,,,0,15.0289,0,12.8243,2.621,6.49622,1.84039,1.64543,0.919376,2.68326,,
X1/grouped__f0_s1,47,0.000442948,0,0,0.0861307,0.543075,3.27281,1.83508,0.614397,0.614397,0,28,0.524614,0.552606,0.546032,0.566667,0.576119,,,,,0,11.9318,0,9.18896,2.37342,6.39109,1.8978,1.72145,0.946358,2.64739,,
X1/grouped__f0_s1,48,0.000440376,0,0,0.0858291,0.5408,3.21224,1.79207,0.629464,0.629464,0,28,0.539851,0.586026,0.565079,0.596825,0.586026,0.683,0.727,1.01272,0.974866,0,12.3959,0,10.137,2.37839,6.06301,1.83095,1.62318,0.932364,2.62606,42.3496,57.6504
X1/grouped__f0_s1,49,0.000437756,0,0,0.0855276,0.538525,3.18647,1.77636,0.623884,0.623884,0,28,0.526866,0.593653,0.546032,0.604762,0.593653,0.695,0.754,0.999772,0.897685,0,15.0829,0,12.9176,2.69764,6.36442,1.84697,1.63134,0.923384,2.61848,41.663,58.337
X1/grouped__f0_s1,50,0.000435088,0,0,0.0852261,0.53625,3.13102,1.75124,0.62779,0.62779,0,28,0.536724,0.613308,0.555556,0.62381,0.613308,0.716,0.767,0.900779,0.87101,0,11.7193,0,9.66685,2.25219,5.59218,1.76315,1.57528,0.934679,2.57302,39.5399,60.4601
X1/grouped__f0_s1,51,0.000432373,0,0,0.0849246,0.533975,3.07969,1.72155,0.641183,0.641183,0,28,0.597857,0.606487,0.611111,0.614286,0.613308,,,,,0,13.7113,0,11.5088,2.39951,6.2229,1.78815,1.59063,0.9099,2.54345,,
X1/grouped__f0_s1,52,0.000429611,0,0,0.0846231,0.5317,3.10891,1.72926,0.642299,0.642299,0,28,0.519112,0.598294,0.546032,0.604762,0.613308,,,,,0,14.012,0,12.2483,2.46343,5.56661,1.76334,1.56604,0.921238,2.59479,,
X1/grouped__f0_s1,53,0.000426803,0,0,0.0843216,0.529425,3.05422,1.71207,0.650112,0.650112,0,28,0.562927,0.604258,0.577778,0.615873,0.613308,,,,,0,12.022,0,9.58334,2.40699,6.15653,1.75362,1.54848,0.898603,2.53511,,
X1/grouped__f0_s1,54,0.000423949,0,0,0.0840201,0.52715,3.01162,1.68292,0.648438,0.648438,0,28,0.515058,0.598169,0.533333,0.609524,0.613308,,,,,0,12.8954,0,10.3059,2.5281,6.58064,1.74894,1.529,0.935741,2.52054,,
X1/grouped__f0_s1,55,0.000421051,0,0,0.0837186,0.524875,2.98894,1.66349,0.670759,0.670759,0,28,0.555236,0.605179,0.569841,0.614286,0.613308,,,,,0,11.6734,0,9.40681,2.52687,5.76916,1.72245,1.52221,0.932449,2.52526,,
X1/grouped__f0_s1,56,0.00041811,0,0,0.0834171,0.5226,2.92989,1.6232,0.672433,0.672433,0,28,0.590251,0.614164,0.593651,0.622222,0.614164,0.759,0.79,0.820843,0.791245,0,12.6992,0,10.4558,2.3569,6.01575,1.66853,1.44805,0.917552,2.50037,45.5219,54.4781
X1/grouped__f0_s1,57,0.000415125,0,0,0.0831156,0.520325,2.8772,1.61174,0.672433,0.672433,0,28,0.573224,0.612869,0.584127,0.620635,0.614164,,,,,0,13.1362,0,11.0213,2.45254,5.99885,1.69051,1.46038,0.902476,2.43205,,
X1/grouped__f0_s1,58,0.000412098,0,0,0.0828141,0.51805,2.90083,1.62948,0.672991,0.672991,0,28,0.542586,0.628019,0.553968,0.630159,0.628019,0.716,0.799,0.909645,0.768631,0,14.8112,0,13.0182,2.54099,5.7747,1.7059,1.47838,0.934327,2.4541,46.2118,53.7882
X1/grouped__f0_s1,59,0.00040903,0,0,0.0825126,0.515775,2.90285,1.61902,0.675223,0.675223,0,28,0.537797,0.639976,0.550794,0.649206,0.639976,0.712,0.808,0.943094,0.723632,0,14.7433,0,12.8109,2.47811,6.03947,1.73403,1.54256,0.942556,2.48912,47.8327,52.1673
X1/grouped__f0_s1,60,0.000405921,0,0,0.0822111,0.5135,2.83753,1.5975,0.670201,0.670201,0,28,0.60349,0.639013,0.615873,0.642857,0.639976,,,,,0,12.7937,0,10.4894,2.32038,6.33596,1.68717,1.4862,0.939953,2.41486,,
X1/grouped__f0_s1,61,0.000402773,0,0,0.0819095,0.511225,2.82525,1.60087,0.682478,0.682478,0,28,0.560143,0.62852,0.577778,0.633333,0.639976,,,,,0,12.527,0,9.86613,2.87328,6.26688,1.70015,1.47581,0.931049,2.395,,
X1/grouped__f0_s1,62,0.000399585,0,0,0.081608,0.50895,2.74707,1.5461,0.694754,0.694754,0,28,0.577371,0.621151,0.585714,0.633333,0.639976,,,,,0,13.54,0,11.6888,2.54647,5.66236,1.66387,1.44889,0.934148,2.35971,,
X1/grouped__f0_s1,63,0.000396359,0,0,0.0813065,0.506675,2.70964,1.52923,0.698661,0.698661,0,28,0.472409,0.61126,0.487302,0.620635,0.639976,,,,,0,15.2097,0,13.6801,2.97614,4.97572,1.6411,1.42984,0.929073,2.32971,,
X1/grouped__f0_s1,64,0.000393096,0,0,0.081005,0.5044,2.73268,1.53952,0.698661,0.698661,0,28,0.551886,0.599324,0.55873,0.615873,0.639976,,,,,0,14.7864,0,12.6954,2.57192,6.158,1.66844,1.43577,0.906794,2.36551,,
X1/grouped__f0_s1,65,0.000389796,0,0,0.0807035,0.502125,2.685,1.52395,0.702567,0.702567,0,28,0.60366,0.605112,0.615873,0.620635,0.639976,,,,,0,11.5688,0,9.74856,2.35859,5.14904,1.64895,1.42646,0.916075,2.31228,,
X1/grouped__f0_s1,66,0.000386461,0,0,0.080402,0.49985,2.72173,1.56323,0.691406,0.691406,0,28,0.485143,0.604978,0.515873,0.614286,0.639976,,,,,0,13.1697,0,10.9541,2.62769,6.05269,1.64866,1.40578,0.912972,2.31769,,
X1/grouped__f0_s1,67,0.000383091,0,0,0.0801005,0.497575,2.60559,1.47503,0.717076,0.717076,0,28,0.583756,0.613527,0.595238,0.62381,0.639976,,,,,0,11.5914,0,9.79579,2.48949,5.14516,1.60408,1.38887,0.901588,2.27212,,
X1/grouped__f0_s1,68,0.000379687,0,0,0.079799,0.4953,2.61014,1.49326,0.714286,0.714286,0,28,0.57129,0.634673,0.58254,0.646032,0.639976,,,,,0,12.3289,0,10.0169,2.53181,6.00136,1.60267,1.39239,0.935167,2.25495,,
X1/grouped__f0_s1,69,0.00037625,0,0,0.0794975,0.493025,2.60345,1.47469,0.717076,0.717076,0,28,0.599604,0.615607,0.612698,0.628571,0.639976,,,,,0,15.9249,0,14.0927,2.70645,5.77267,1.64677,1.42628,0.959857,2.28945,,
X1/grouped__f0_s1,70,0.000372781,0,0,0.079196,0.49075,2.58507,1.48427,0.720424,0.720424,0,28,0.600197,0.6277,0.609524,0.638095,0.639976,,,,,0,12.4871,0,9.46046,2.39738,6.94686,1.65128,1.42271,0.923901,2.24308,,
X1/grouped__f0_s1,71,0.000369281,0,0,0.0788945,0.488475,2.52111,1.44432,0.71596,0.71596,0,28,0.629555,0.627582,0.636508,0.636508,0.639976,,,,,0,11.1658,0,9.0411,2.3479,5.62489,1.57922,1.35703,0.901741,2.20438,,
X1/grouped__f0_s1,72,0.00036575,0,0,0.078593,0.4862,2.43974,1.386,0.757813,0.757813,0,28,0.611353,0.648244,0.62381,0.652381,0.648244,0.829,0.851,0.595202,0.567516,0,12.4317,0,10.6665,2.45057,5.25463,1.55195,1.30493,0.887287,2.16729,53.9426,46.0574
X1/grouped__f0_s1,73,0.00036219,0,0,0.0782915,0.483925,2.39082,1.37595,0.770089,0.770089,0,28,0.593758,0.641117,0.611111,0.649206,0.648244,,,,,0,11.3943,0,9.55603,2.3903,5.11765,1.53664,1.30984,0.895527,2.09717,,
X1/grouped__f0_s1,74,0.000358601,0,0,0.0779899,0.48165,2.44513,1.41454,0.742188,0.742188,0,28,0.599575,0.651857,0.612698,0.657143,0.651857,0.826,0.871,0.607378,0.535815,0,12.3175,0,10.6566,2.40203,5.04147,1.56053,1.33295,0.893948,2.13971,53.7222,46.2778
X1/grouped__f0_s1,75,0.000354985,0,0,0.0776884,0.479375,2.41288,1.38852,0.74442,0.74442,0,28,0.620015,0.65559,0.631746,0.661905,0.65559,0.838,0.867,0.602769,0.545074,0,12.5915,0,10.8293,2.72335,5.1373,1.55927,1.33196,0.891747,2.13686,52.3672,47.6328
X1/grouped__f0_s1,76,0.000351343,0,0,0.0773869,0.4771,2.37922,1.37025,0.75,0.75,0,28,0.632554,0.656414,0.646032,0.665079,0.656414,0.841,0.876,0.556507,0.507613,0,12.9147,0,10.925,2.67476,5.57176,1.59731,1.33921,0.899744,2.11479,52.8482,47.1518
X1/grouped__f0_s1,77,0.000347674,0,0,0.0770854,0.474825,2.33713,1.33593,0.769531,0.769531,0,28,0.609696,0.653627,0.62381,0.657143,0.656414,,,,,0,13.0604,0,11.2171,2.53892,5.31373,1.53057,1.28346,0.889361,2.10856,,
X1/grouped__f0_s1,78,0.000343981,0,0,0.0767839,0.47255,2.34059,1.35495,0.752232,0.752232,0,28,0.616459,0.679253,0.626984,0.68254,0.679253,0.858,0.881,0.536613,0.496781,0,13.0196,0,10.8842,2.82708,5.8035,1.52793,1.27294,0.893599,2.08579,52.6117,47.3883
X1/grouped__f0_s1,79,0.000340265,0,0,0.0764824,0.470275,2.3433,1.36057,0.758371,0.758371,0,28,0.629819,0.658329,0.639683,0.65873,0.679253,,,,,0,13.2378,0,11.4374,2.56093,5.35024,1.54448,1.29944,0.886365,2.08969,,
X1/grouped__f0_s1,80,0.000336525,0,0,0.0761809,0.468,2.28982,1.34371,0.772879,0.772879,0,28,0.58021,0.672914,0.598413,0.673016,0.679253,,,,,0,11.0891,0,8.52061,2.452,6.03855,1.52347,1.25434,0.862053,2.0216,,
X1/grouped__f0_s1,81,0.000332764,0,0,0.0758794,0.465725,2.28698,1.33949,0.762835,0.762835,0,28,0.632353,0.67496,0.64127,0.67619,0.679253,,,,,0,13.0452,0,11.2586,2.50325,5.47394,1.55115,1.30822,0.877306,2.03445,,
X1/grouped__f0_s1,82,0.000328982,0,0,0.0755779,0.46345,2.28499,1.3321,0.772879,0.772879,0,28,0.610589,0.67436,0.619048,0.67619,0.679253,,,,,0,13.6598,0,12.0749,2.79547,4.94626,1.51798,1.2607,0.874076,2.05607,,
X1/grouped__f0_s1,83,0.00032518,0,0,0.0752764,0.461175,2.21496,1.29502,0.774554,0.774554,0,28,0.587979,0.654451,0.603175,0.660317,0.679253,,,,,0,11.7844,0,9.89786,2.51935,5.33411,1.52459,1.27138,0.873357,1.99476,,
X1/grouped__f0_s1,84,0.000321359,0,0,0.0749749,0.4589,2.20259,1.29205,0.784598,0.784598,0,28,0.580842,0.665034,0.592063,0.671429,0.679253,,,,,0,12.113,0,10.6086,2.4089,4.60854,1.4774,1.24374,0.882951,1.98417,,
X1/grouped__f0_s1,85,0.00031752,0,0,0.0746734,0.456625,2.21044,1.28885,0.783482,0.783482,0,28,0.625755,0.671613,0.64127,0.677778,0.679253,,,,,0,13.8386,0,12.0184,2.67218,5.62264,1.53016,1.25517,0.862518,2.01826,,
X1/grouped__f0_s1,86,0.000313664,0,0,0.0743719,0.45435,2.15048,1.2728,0.785156,0.785156,0,28,0.613683,0.654936,0.619048,0.660317,0.679253,,,,,0,12.5707,0,10.8393,2.38409,5.30362,1.48151,1.21727,0.853691,1.93172,,
X1/grouped__f0_s1,87,0.000309793,0,0,0.0740704,0.452075,2.1037,1.22498,0.801339,0.801339,0,28,0.645426,0.668403,0.657143,0.671429,0.679253,,,,,0,12.2546,0,10.7603,2.35861,4.75822,1.43899,1.18776,0.849782,1.94374,,
X1/grouped__f0_s1,88,0.000305907,0,0,0.0737688,0.4498,2.10476,1.23787,0.801339,0.801339,0,28,0.581522,0.642431,0.593651,0.652381,0.679253,,,,,0,12.3203,0,10.7644,2.64736,4.84314,1.43945,1.19068,0.863144,1.92727,,
X1/grouped__f0_s1,89,0.000302006,0,0,0.0734673,0.447525,2.0719,1.2237,0.798549,0.798549,0,28,0.637974,0.633757,0.644444,0.646032,0.679253,,,,,0,11.5812,0,9.84273,2.50456,4.93502,1.45606,1.19517,0.865657,1.89531,,
X1/grouped__f0_s1,90,0.000298093,0,0,0.0731658,0.44525,2.08862,1.22834,0.800781,0.800781,0,28,0.57052,0.670476,0.585714,0.67619,0.679253,,,,,0,13.1283,0,11.6182,2.58543,4.96162,1.45344,1.19236,0.838463,1.93213,,
X1/grouped__f0_s1,91,0.000294168,0,0,0.0728643,0.442975,2.0681,1.22397,0.805804,0.805804,0,28,0.64743,0.684664,0.653968,0.690476,0.684664,0.907,0.916,0.376883,0.373842,0,13.1383,0,11.543,2.45379,5.10105,1.40826,1.12608,0.820896,1.90558,57.1271,42.8729
X1/grouped__f0_s1,92,0.000290233,0,0,0.0725628,0.4407,2.02001,1.19919,0.804129,0.804129,0,28,0.644689,0.676979,0.661905,0.680952,0.684664,,,,,0,14.5973,0,13.0331,2.90424,5.3331,1.46351,1.18289,0.838734,1.86255,,
X1/grouped__f0_s1,93,0.000286287,0,0,0.0722613,0.438425,1.98044,1.16832,0.813616,0.813616,0,28,0.655932,0.679123,0.657143,0.687302,0.684664,,,,,0,12.9938,0,11.2894,2.50726,5.08008,1.40565,1.13713,0.819678,1.85238,,
X1/grouped__f0_s1,94,0.000282333,0,0,0.0719598,0.43615,1.94602,1.14719,0.828683,0.828683,0,28,0.590068,0.678731,0.609524,0.687302,0.684664,,,,,0,11.9512,0,10.278,2.64494,4.88965,1.37678,1.09582,0.827007,1.83155,,
X1/grouped__f0_s1,95,0.000278371,0,0,0.0716583,0.433875,1.97416,1.17281,0.819754,0.819754,0,28,0.641714,0.675222,0.647619,0.684127,0.684664,,,,,0,12.6597,0,11.2651,2.57513,4.44547,1.37919,1.1166,0.828523,1.84696,,
X1/grouped__f0_s1,96,0.000274402,0,0,0.0713568,0.4316,1.95194,1.16468,0.817522,0.817522,0,28,0.603935,0.676862,0.614286,0.685714,0.684664,,,,,0,13.3682,0,11.5145,2.77248,5.53231,1.43248,1.15036,0.82906,1.82405,,
X1/grouped__f0_s1,97,0.000270428,0,0,0.0710553,0.429325,1.89683,1.13705,0.843192,0.843192,0,28,0.630236,0.678438,0.644444,0.684127,0.684664,,,,,0,11.3547,0,9.85409,2.51284,4.44785,1.35883,1.0959,0.823383,1.76971,,
X1/grouped__f0_s1,98,0.000266449,0,0,0.0707538,0.42705,1.98707,1.1795,0.819196,0.819196,0,28,0.615179,0.637192,0.634921,0.647619,0.684664,,,,,0,15.4293,0,13.7367,3.33607,5.30551,1.44165,1.16784,0.845515,1.89105,,
X1/grouped__f0_s1,99,0.000262466,0,0,0.0704523,0.424775,1.91061,1.14653,0.821987,0.821987,0,28,0.660848,0.655993,0.663492,0.663492,0.684664,,,,,0,10.9097,0,9.35593,2.5093,4.49018,1.379,1.12827,0.837499,1.79878,,
X1/grouped__f0_s1,100,0.000258481,0,0,0.0701508,0.4225,1.90241,1.15014,0.819196,0.819196,0,28,0.637524,0.668159,0.646032,0.67619,0.684664,0.894,0.932,0.421773,0.322843,0,11.6045,0,10.1298,2.68373,4.42302,1.38854,1.10647,0.795662,1.78053,53.8374,46.1626
X1/grouped__f0_s1,101,0.000254494,0,0,0.0698492,0.420225,1.87463,1.12864,0.827567,0.827567,0,28,0.616024,0.674163,0.61746,0.684127,0.684664,,,,,0,11.6966,0,10.3217,2.55992,4.22842,1.34052,1.05759,0.780742,1.7752,,
X1/grouped__f0_s1,102,0.000250506,0,0,0.0695477,0.41795,1.84322,1.11242,0.84375,0.84375,0,28,0.653596,0.684645,0.665079,0.690476,0.684664,,,,,0,12.1795,0,10.9342,2.67836,4.05943,1.35243,1.07456,0.801606,1.74852,,
X1/grouped__f0_s1,103,0.000246519,0,0,0.0692462,0.415675,1.79874,1.08764,0.840402,0.840402,0,28,0.609623,0.672935,0.619048,0.677778,0.684664,,,,,0,11.5072,0,10.2744,2.50546,4.03004,1.31017,1.04362,0.786673,1.71072,,
X1/grouped__f0_s1,104,0.000242534,0,0,0.0689447,0.4134,1.77066,1.06221,0.842634,0.842634,0,28,0.655595,0.674022,0.665079,0.679365,0.684664,,,,,0,13.3458,0,12.0919,2.83183,4.29585,1.33154,1.04189,0.77711,1.7137,,
X1/grouped__f0_s1,105,0.000238551,0,0,0.0686432,0.411125,1.74682,1.05924,0.857143,0.857143,0,28,0.655315,0.681184,0.663492,0.688889,0.684664,,,,,0,12.0511,0,10.7169,2.82173,4.1169,1.31742,1.03511,0.777734,1.67244,,
X1/grouped__f0_s1,106,0.000234572,0,0,0.0683417,0.40885,1.71067,1.03377,0.865513,0.865513,0,28,0.633741,0.677688,0.642857,0.684127,0.684664,,,,,0,11.8699,1,10.5367,2.52721,4.25368,1.25675,0.985307,0.76181,1.65561,,
X1/grouped__f0_s1,107,0.000230598,0,0,0.0680402,0.406575,1.73201,1.05355,0.859933,0.859933,0,28,0.642098,0.68246,0.647619,0.688889,0.684664,,,,,0,11.2787,0,10.0321,2.56393,3.95466,1.26454,0.99104,0.750394,1.66871,,
X1/grouped__f0_s1,108,0.000226629,0,0,0.0677387,0.4043,1.70284,1.03639,0.856027,0.856027,0,28,0.612144,0.683423,0.62381,0.688889,0.684664,,,,,0,11.7697,0,10.2728,2.71096,4.40969,1.31997,1.03492,0.789161,1.6484,,
X1/grouped__f0_s1,109,0.000222667,0,0,0.0674372,0.402025,1.7141,1.04586,0.858259,0.858259,0,28,0.652456,0.673135,0.660317,0.679365,0.684664,,,,,0,11.2071,0,9.91166,2.5974,3.99827,1.26615,0.950093,0.731827,1.66217,,
X1/grouped__f0_s1,110,0.000218713,0,0,0.0671357,0.39975,1.68125,1.02576,0.865513,0.865513,0,28,0.63149,0.683175,0.634921,0.688889,0.684664,,,,,0,12.3202,0,11.1704,2.63623,3.88062,1.27565,1.0006,0.732242,1.63975,,
X1/grouped__f0_s1,111,0.000214767,0,0,0.0668342,0.397475,1.65261,1.01386,0.862723,0.862723,0,28,0.60262,0.655147,0.612698,0.65873,0.684664,,,,,0,12.0146,0,10.8482,2.62084,3.93988,1.26675,0.974955,0.754048,1.60702,,
X1/grouped__f0_s1,112,0.000210832,0,0,0.0665327,0.3952,1.63978,1.00184,0.861607,0.861607,0,28,0.660508,0.661375,0.663492,0.663492,0.684664,,,,,0,12.9353,0,11.7274,2.68443,4.26182,1.26509,0.951339,0.74072,1.6142,,
X1/grouped__f0_s1,113,0.000206907,0,0,0.0662312,0.392925,1.67162,1.02505,0.867188,0.867188,0,28,0.638379,0.660589,0.647619,0.663492,0.684664,,,,,0,14.6707,0,13.4902,2.98907,4.18011,1.29823,0.97486,0.747148,1.64553,,
X1/grouped__f0_s1,114,0.000202994,0,0,0.0659296,0.39065,1.63008,1.00306,0.878348,0.878348,0,28,0.630428,0.668688,0.64127,0.669841,0.684664,,,,,0,12.2076,0,10.8537,2.7035,4.29019,1.27648,0.971861,0.748376,1.60507,,
X1/grouped__f0_s1,115,0.000199093,0,0,0.0656281,0.388375,1.62386,0.99954,0.865513,0.865513,0,28,0.654382,0.674952,0.65873,0.67619,0.684664,,,,,0,10.6755,0,9.27423,2.60734,3.99178,1.25888,0.95417,0.719402,1.60752,,
X1/grouped__f0_s1,116,0.000195207,0,0,0.0653266,0.3861,1.57759,0.971896,0.887277,0.887277,0,28,0.624275,0.662607,0.631746,0.663492,0.684664,,,,,0,13.246,0,12.0081,2.8807,4.17619,1.24177,0.932343,0.712731,1.56874,,
X1/grouped__f0_s1,117,0.000191336,0,0,0.0650251,0.383825,1.57251,0.977387,0.881138,0.881138,0,28,0.661422,0.655388,0.666667,0.655556,0.684664,,,,,0,10.8251,0,9.53492,2.51096,3.9892,1.25808,0.971804,0.752423,1.5505,,
X1/grouped__f0_s1,118,0.00018748,0,0,0.0647236,0.38155,1.50419,0.924248,0.892857,0.892857,0,28,0.651948,0.668457,0.655556,0.671429,0.684664,,,,,0,10.7469,0,9.5176,2.51062,3.71038,1.18278,0.886801,0.702694,1.51995,,
X1/grouped__f0_s1,119,0.000183641,0,0,0.0644221,0.379275,1.55268,0.968365,0.866629,0.866629,0,28,0.664559,0.668499,0.671429,0.671429,0.684664,,,,,0,11.3304,0,10.1293,2.69958,3.80944,1.23019,0.932356,0.720792,1.5406,,
X1/grouped__f0_s1,120,0.00017982,0,0,0.0641206,0.377,1.53161,0.960893,0.881138,0.881138,0,28,0.671936,0.656724,0.674603,0.65873,0.684664,,,,,0,10.3947,0,9.17439,2.58732,3.68715,1.21518,0.918157,0.70269,1.51383,,
X1/grouped__f0_s1,121,0.000176018,0,0,0.0638191,0.374725,1.49588,0.928855,0.895089,0.895089,0,28,0.650471,0.671636,0.657143,0.671429,0.684664,,,,,0,12.2439,0,11.0358,2.75063,3.81575,1.20405,0.899168,0.705083,1.51318,,
X1/grouped__f0_s1,122,0.000172236,0,0,0.0635176,0.37245,1.52445,0.959371,0.883371,0.883371,0,28,0.666148,0.675163,0.665079,0.674603,0.684664,,,,,0,10.9326,0,9.85705,2.52034,3.49102,1.20464,0.905297,0.686478,1.5172,,
X1/grouped__f0_s1,123,0.000168475,0,0,0.0632161,0.370175,1.46287,0.905438,0.90625,0.90625,0,28,0.667379,0.673483,0.669841,0.67619,0.684664,,,,,0,10.9901,0,9.72657,2.62246,3.93024,1.1532,0.847816,0.678062,1.50586,,
X1/grouped__f0_s1,124,0.000164735,0,0,0.0629146,0.3679,1.49404,0.93345,0.888393,0.888393,0,28,0.646442,0.671717,0.653968,0.671429,0.684664,,,,,0,11.3561,0,10.0585,2.81318,3.81209,1.20037,0.891111,0.687041,1.52377,,
X1/grouped__f0_s1,125,0.000161019,0,0,0.0626131,0.365625,1.4573,0.912142,0.899554,0.899554,0,28,0.664448,0.659512,0.666667,0.661905,0.684664,0.956,0.962,0.221755,0.221298,0,12.7524,0,11.8196,2.66615,3.33395,1.16765,0.879657,0.662632,1.49102,63.0295,36.9705
X1/grouped__f0_s1,126,0.000157326,0,0,0.0623116,0.36335,1.49441,0.943269,0.882813,0.882813,0,28,0.643588,0.65679,0.650794,0.660317,0.684664,,,,,0,11.4891,0,10.3531,2.82525,3.53322,1.23154,0.930999,0.670185,1.51684,,
X1/grouped__f0_s1,127,0.000153657,0,0,0.0620101,0.361075,1.43184,0.897402,0.897879,0.897879,0,28,0.659687,0.673256,0.665079,0.67619,0.684664,,,,,0,10.6506,0,9.38198,2.69996,3.6625,1.14544,0.846843,0.660889,1.48012,,
X1/grouped__f0_s1,128,0.000150015,0,0,0.0617085,0.3588,1.39543,0.88468,0.895647,0.895647,0,28,0.679823,0.671599,0.687302,0.673016,0.684664,,,,,0,9.89276,0,8.63749,2.49275,3.68949,1.16648,0.860617,0.648876,1.4235,,
X1/grouped__f0_s1,129,0.000146399,0,0,0.061407,0.356525,1.40842,0.890032,0.902902,0.902902,0,28,0.658568,0.669907,0.661905,0.674603,0.684664,,,,,0,10.2939,0,9.12971,2.50817,3.50029,1.16703,0.860856,0.668251,1.454,,
X1/grouped__f0_s1,130,0.00014281,0,0,0.0611055,0.35425,1.41107,0.890108,0.896205,0.896205,0,28,0.660316,0.678272,0.666667,0.680952,0.684664,,,,,0,12.6467,0,11.6009,2.98381,3.37394,1.148,0.855011,0.643731,1.4706,,
X1/grouped__f0_s1,131,0.00013925,0,0,0.060804,0.351975,1.38205,0.872495,0.907924,0.907924,0,28,0.635847,0.675126,0.639683,0.67619,0.684664,0.968,0.974,0.185124,0.190024,0,10.4111,0,9.28899,2.66417,3.41132,1.14055,0.833613,0.650819,1.4477,,
X1/grouped__f0_s2,1,0.0002,1,0,0.1,0.647725,8.28645,5.37151,0.0167411,0.0172991,0,28,0.018162,0.00985657,0.0365079,0.0253968,0.018162,0.052,0.044,4.26121,4.31434,0.0952381,44.2193,4,38.9003,20.5411,8.52695,8.19172,2.42897,0.0925403,4.50028,0.0585004,99.9415
X1/grouped__f0_s2,2,0.0003,1,0,0.0996985,0.64545,7.39152,4.48783,0.0273438,0.0440848,0,28,0.0340477,0.0417604,0.084127,0.0730159,0.0417604,0.077,0.081,3.77058,3.81756,0,20.73,0,15.1304,11.9059,4.32851,4.90885,2.17938,0.0908685,4.49872,0.442305,99.5577
X1/grouped__f0_s2,3,0.0004,1,0,0.099397,0.643175,7.07058,4.1797,0.0452009,0.0708705,0,28,0.0505487,0.0700797,0.0936508,0.112698,0.0700797,0.107,0.128,3.45957,3.48148,0,11.9468,0,6.36794,7.7635,3.9134,4.06211,2.22273,0.0927558,4.49471,4.11422,95.8858
X1/grouped__f0_s2,4,0.0005,1,0,0.0990955,0.6409,6.87153,4.00116,0.0625,0.0959821,0,28,0.0600704,0.0784473,0.104762,0.12381,0.0784473,0.143,0.15,3.3735,3.31807,0,8.65847,0,4.11539,5.1027,3.56243,3.53708,2.21619,0.109084,4.47865,5.76083,94.2392
X1/grouped__f0_s2,5,0.000499968,1,0,0.098794,0.638625,6.69924,3.89869,0.0591518,0.102679,0,28,0.0719064,0.103629,0.130159,0.149206,0.103629,0.156,0.172,3.26179,3.18951,0,6.80123,0,2.09934,3.61164,3.73388,3.31884,2.28277,0.214874,4.38528,11.1605,88.8395
X1/grouped__f0_s2,6,0.000499872,1,0,0.0984925,0.63635,6.50884,3.76899,0.0524554,0.127232,0,28,0.0927269,0.114497,0.134921,0.15873,0.114497,0.182,0.202,3.15017,3.06818,0,6.16316,0,1.85878,2.64289,3.94686,3.08167,2.27263,0.289724,4.30558,10.1133,89.8867
X1/grouped__f0_s2,7,0.000499711,1,0,0.098191,0.634075,6.49759,3.78548,0.0580357,0.128348,0,28,0.0831303,0.127909,0.131746,0.188889,0.127909,0.186,0.229,3.1184,2.9468,0,6.16529,0,1.36044,2.15938,4.49847,2.95707,2.26967,0.314176,4.27727,8.23511,91.7649
X1/grouped__f0_s2,8,0.000499486,1,0,0.0978894,0.6318,6.35434,3.69504,0.0580357,0.142857,0,28,0.124512,0.185672,0.15873,0.222222,0.185672,0.206,0.259,3.01751,2.87902,0,5.83582,0,1.27548,1.60553,4.56399,2.77651,2.23478,0.315959,4.20909,9.3633,90.6367
X1/grouped__f0_s2,9,0.000499197,1,0,0.0975879,0.629525,6.30339,3.65096,0.09375,0.166295,0,28,0.148466,0.183107,0.204762,0.231746,0.185672,,,,,0,5.61555,0,1.34896,1.70745,4.27541,2.68896,2.17938,0.339039,4.21339,,
X1/grouped__f0_s2,10,0.000498845,1,0,0.0972864,0.62725,6.23582,3.60258,0.0887277,0.186384,0,28,0.168274,0.191923,0.22381,0.239683,0.191923,0.26,0.277,2.8072,2.73263,0,5.69843,0,1.37627,1.8052,4.36309,2.53443,2.10643,0.328622,4.19807,8.75567,91.2443
X1/grouped__f0_s2,11,0.000498428,1,0,0.0969849,0.624975,6.1798,3.58369,0.108817,0.191406,0,28,0.163764,0.204504,0.212698,0.263492,0.204504,0.276,0.279,2.73934,2.69603,0,5.9397,0,1.55007,1.62688,4.70672,2.57107,2.18731,0.351575,4.15395,9.52511,90.4749
X1/grouped__f0_s2,12,0.000497947,1,0,0.0966834,0.6227,6.01387,3.46528,0.0976563,0.214286,0,28,0.217475,0.229984,0.274603,0.274603,0.229984,0.298,0.332,2.59642,2.57178,0,7.01202,0,3.13891,2.05213,5.10203,2.54973,2.16561,0.413456,4.09281,8.23468,91.7653
X1/grouped__f0_s2,13,0.000497403,1,0,0.0963819,0.620425,5.84784,3.37239,0.152902,0.258929,0,28,0.232882,0.268663,0.288889,0.309524,0.268663,0.323,0.353,2.41204,2.48505,0,6.59868,0,3.11724,1.81561,4.66157,2.46794,2.15669,0.4628,3.98993,8.97705,91.0229
X1/grouped__f0_s2,14,0.000496795,1,0,0.0960804,0.61815,5.6991,3.30125,0.157924,0.255022,0,28,0.095755,0.246205,0.150794,0.290476,0.268663,,,,,0,9.18263,0,5.95202,3.31105,4.61636,2.50086,2.16167,0.566956,3.87907,,
X1/grouped__f0_s2,15,0.000496124,1,0,0.0957789,0.615875,5.56072,3.18849,0.122768,0.286272,0,28,0.262823,0.280213,0.319048,0.331746,0.280213,0.364,0.367,2.4013,2.40561,0,7.38228,0,3.87851,2.80399,4.53863,2.46428,2.08463,0.538912,3.8518,19.5013,80.4987
X1/grouped__f0_s2,16,0.000495389,1,0,0.0954774,0.6136,5.60702,3.25423,0.135045,0.280134,0,28,0.279905,0.292679,0.330159,0.338095,0.292679,0.374,0.398,2.2694,2.30036,0,6.85135,0,3.30177,2.10277,4.82592,2.31769,2.11085,0.572808,3.83442,18.1112,81.8888
X1/grouped__f0_s2,17,0.000494592,1,0,0.0951759,0.611325,5.55893,3.24642,0.195871,0.308036,0,28,0.26101,0.298806,0.3,0.350794,0.298806,0.386,0.414,2.27088,2.23919,0,7.79031,0,3.84325,1.92161,5.79966,2.35931,2.13685,0.587179,3.78278,21.3854,78.6146
X1/grouped__f0_s2,18,0.000493731,1,0,0.0948744,0.60905,5.31421,3.05361,0.165179,0.317522,0,28,0.284241,0.345103,0.331746,0.392063,0.345103,0.394,0.436,2.18812,2.11659,0,7.52239,0,4.1126,2.0096,5.13086,2.31553,2.05386,0.62705,3.71168,19.4503,80.5497
X1/grouped__f0_s2,19,0.000492808,1,0,0.0945729,0.606775,5.19889,2.99586,0.143973,0.334263,0,28,0.310034,0.358195,0.360317,0.403175,0.358195,0.415,0.447,2.03613,2.05942,0,6.98784,0,3.51598,1.90581,5.02987,2.29629,2.10994,0.627887,3.63073,21.9966,78.0034
X1/grouped__f0_s2,20,0.000491823,1,0,0.0942714,0.6045,5.38425,3.14445,0.180246,0.303013,0,28,0.301901,0.337449,0.350794,0.380952,0.358195,,,,,0,8.62388,0,5.19417,2.44768,5.36019,2.28738,2.14898,0.633905,3.7052,,
X1/grouped__f0_s2,21,0.000490775,1,0,0.0939698,0.602225,5.31997,3.1167,0.185826,0.30692,0,28,0.26155,0.35515,0.319048,0.396825,0.358195,,,,,0,7.38405,0,3.64758,1.93452,5.48352,2.1622,2.0677,0.620736,3.65855,,
X1/grouped__f0_s2,22,0.000489666,1,0,0.0936683,0.59995,5.20434,3.03697,0.146763,0.324219,0,28,0.333673,0.373653,0.365079,0.414286,0.373653,0.448,0.497,1.97036,1.91488,0,7.88337,0,5.21299,1.97698,4.64662,2.11659,2.04235,0.617263,3.61258,19.6967,80.3033
X1/grouped__f0_s2,23,0.000488495,1,0,0.0933668,0.597675,4.92849,2.82698,0.233817,0.376116,0,28,0.379031,0.405107,0.412698,0.436508,0.405107,0.489,0.516,1.87449,1.85115,0,8.37435,0,5.61725,2.03068,5.02696,2.1489,1.97943,0.663321,3.51615,21.1229,78.8771
X1/grouped__f0_s2,24,0.000487263,1,0,0.0930653,0.5954,5.07696,2.95105,0.252232,0.364397,0,28,0.362121,0.412887,0.390476,0.444444,0.412887,0.462,0.512,1.85239,1.82163,0,9.05647,0,6.14663,2.25573,5.26256,2.07616,2.02615,0.656407,3.57055,21.7094,78.2906
X1/grouped__f0_s2,25,0.00048597,1,0,0.0927638,0.593125,5.11927,2.99895,0.185268,0.37221,0,28,0.307376,0.407511,0.350794,0.444444,0.412887,0.399,0.51,2.14255,1.82654,0,10.4016,0,7.17882,2.40194,6.28012,2.10114,2.03222,0.639424,3.57483,19.1135,80.8865
X1/grouped__f0_s2,26,0.000484616,1,0,0.0924623,0.59085,5.14901,3.02079,0.164621,0.355469,0,28,0.372112,0.416234,0.415873,0.450794,0.416234,0.492,0.524,1.86651,1.804,0,9.23312,0,6.23704,2.33291,5.74305,2.0487,2.03068,0.633947,3.60196,21.1905,78.8095
X1/grouped__f0_s2,27,0.000483202,1,0,0.0921608,0.588575,5.02242,2.93912,0.169085,0.359933,0,28,0.376056,0.417676,0.420635,0.447619,0.417676,0.469,0.547,1.85877,1.74405,0,8.91324,0,6.64614,2.27398,4.79353,1.94924,1.94197,0.629739,3.53957,23.1386,76.8614
X1/grouped__f0_s2,28,0.000481728,1,0,0.0918593,0.5863,5.18028,3.0641,0.242746,0.373884,0,28,0.371382,0.405686,0.422222,0.434921,0.417676,,,,,0,9.67345,0,7.17991,2.21452,5.12365,1.91168,1.9805,0.629606,3.60938,,
X1/grouped__f0_s2,29,0.000480195,1,0,0.0915578,0.584025,4.75421,2.76219,0.184152,0.422433,0,28,0.363463,0.44839,0.407937,0.477778,0.44839,0.494,0.552,1.82987,1.68661,0,11.397,0,9.21259,2.58202,5.35335,1.97662,1.93897,0.672675,3.41086,26.772,73.228
X1/grouped__f0_s2,30,0.000478603,1,0,0.0912563,0.58175,4.90795,2.88399,0.154018,0.392857,0,28,0.415858,0.454551,0.446032,0.488889,0.454551,0.53,0.556,1.65206,1.68409,0,10.1454,0,7.83119,2.37251,5.02181,2.01173,2.0016,0.653421,3.47908,28.0612,71.9388
X1/grouped__f0_s2,31,0.000476951,0,0,0.0909548,0.579475,4.01545,2.23625,0.481585,0.481585,0,28,0.457237,0.441343,0.484127,0.469841,0.457237,0.56,0.579,1.51971,1.60194,0,12.5272,0,10.3999,2.70198,5.60283,2.06296,1.86193,0.789033,3.07037,28.1617,71.8383
X1/grouped__f0_s2,32,0.000475242,0,0,0.0906533,0.5772,3.95463,2.20673,0.490513,0.490513,0,28,0.382995,0.478135,0.411111,0.496825,0.478135,0.519,0.588,1.63663,1.5206,0,13.2718,0,11.1743,2.87733,5.76887,2.11894,1.87119,0.85675,3.02824,31.2586,68.7414
X1/grouped__f0_s2,33,0.000473475,0,0,0.0903518,0.574925,3.84082,2.13555,0.527344,0.527344,0,28,0.43932,0.496713,0.465079,0.511111,0.496713,0.575,0.602,1.464,1.46353,0,12.2966,0,10.5256,2.64732,5.00898,2.04325,1.81702,0.849392,2.96607,31.9973,68.0027
X1/grouped__f0_s2,34,0.00047165,0,0,0.0900503,0.57265,3.75624,2.09671,0.523438,0.523438,0,28,0.412622,0.497325,0.434921,0.515873,0.497325,0.509,0.602,1.61155,1.43246,0,12.8206,0,10.843,2.75035,5.55128,2.06475,1.81211,0.86366,2.898,31.9783,68.0217
X1/grouped__f0_s2,35,0.000469769,0,0,0.0897487,0.570375,3.79609,2.11313,0.521763,0.521763,0,28,0.42421,0.488829,0.452381,0.511111,0.497325,,,,,0,13.6028,0,11.6457,3.16192,5.51134,2.05922,1.82373,0.872262,2.95062,,
X1/grouped__f0_s2,36,0.000467831,0,0,0.0894472,0.5681,3.674,2.03486,0.547433,0.547433,0,28,0.451064,0.505368,0.477778,0.522222,0.505368,0.577,0.597,1.42938,1.44816,0,11.691,0,9.66617,2.5669,5.22709,1.97523,1.73912,0.841285,2.88531,44.2427,55.7573
X1/grouped__f0_s2,37,0.000465837,0,0,0.0891457,0.565825,3.641,2.02437,0.545201,0.545201,0,28,0.442601,0.506235,0.479365,0.520635,0.506235,0.545,0.627,1.44911,1.34314,0,14.3126,0,12.2706,3.26794,5.70193,2.0128,1.80188,0.887194,2.85711,34.5069,65.4931
X1/grouped__f0_s2,38,0.000463788,0,0,0.0888442,0.56355,3.62403,2.04424,0.544085,0.544085,0,28,0.459789,0.516695,0.496825,0.530159,0.516695,0.622,0.651,1.2449,1.27352,0,11.7248,0,9.58334,2.58102,5.49144,1.97143,1.72522,0.863782,2.80329,34.3751,65.6249
X1/grouped__f0_s2,39,0.000461685,0,0,0.0885427,0.561275,3.54161,1.99201,0.549107,0.549107,0,28,0.509428,0.495456,0.531746,0.509524,0.516695,,,,,0,12.2321,0,10.0691,2.78725,5.69211,2.0062,1.75475,0.891975,2.76087,,
X1/grouped__f0_s2,40,0.000459526,0,0,0.0882412,0.559,3.41147,1.91148,0.577567,0.577567,0,28,0.452036,0.503859,0.477778,0.522222,0.516695,,,,,0,12.547,0,10.7516,2.56666,5.11617,1.96098,1.72806,0.881264,2.68335,,
X1/grouped__f0_s2,41,0.000457314,0,0,0.0879397,0.556725,3.36036,1.89589,0.586496,0.586496,0,28,0.512436,0.533221,0.522222,0.552381,0.533221,0.625,0.678,1.23196,1.14796,0,12.1722,0,10.5031,2.41481,4.95869,1.88853,1.65838,0.876305,2.63052,41.2705,58.7295
X1/grouped__f0_s2,42,0.000455049,0,0,0.0876382,0.55445,3.32132,1.86802,0.607701,0.607701,0,28,0.530298,0.532698,0.549206,0.547619,0.533221,,,,,0,13.3334,0,11.4726,2.82862,5.20097,1.90476,1.65669,0.900054,2.62117,,
X1/grouped__f0_s2,43,0.000452732,0,0,0.0873367,0.552175,3.23723,1.82283,0.614955,0.614955,0,28,0.539414,0.514717,0.557143,0.534921,0.539414,0.677,0.644,1.04624,1.17944,0,12.0007,0,10.0566,2.43588,5.43975,1.91064,1.67607,0.905176,2.56152,43.5127,56.4873
X1/grouped__f0_s2,44,0.000450362,0,0,0.0870352,0.5499,3.21484,1.81869,0.609933,0.609933,0,28,0.504001,0.552572,0.525397,0.569841,0.552572,0.659,0.709,1.15014,1.02729,0,14.285,0,12.5305,2.74938,5.45294,1.8713,1.62146,0.899503,2.53891,43.0678,56.9322
X1/grouped__f0_s2,45,0.000447941,0,0,0.0867337,0.547625,3.16359,1.798,0.630022,0.630022,0,28,0.528863,0.55503,0.549206,0.57619,0.55503,0.682,0.707,1.08051,1.00686,0,12.2409,0,10.5344,2.54329,4.98932,1.82347,1.59233,0.911516,2.49365,38.7684,61.2316
X1/grouped__f0_s2,46,0.000445469,0,0,0.0864322,0.54535,3.13339,1.78794,0.621094,0.621094,0,28,0.470276,0.561829,0.488889,0.58254,0.561829,0.62,0.723,1.23035,0.971347,0,12.6969,0,10.988,2.60557,5.11253,1.89296,1.69946,0.947005,2.46714,36.8649,63.1351
X1/grouped__f0_s2,47,0.000442948,0,0,0.0861307,0.543075,3.05281,1.73274,0.645089,0.645089,0,28,0.457443,0.592392,0.47619,0.609524,0.592392,0.591,0.746,1.29907,0.923118,0,13.4203,0,11.8796,2.75203,4.81335,1.76918,1.53666,0.915851,2.43074,38.9534,61.0466
X1/grouped__f0_s2,48,0.000440376,0,0,0.0858291,0.5408,3.02123,1.72603,0.634487,0.634487,0,28,0.510494,0.599386,0.533333,0.614286,0.599386,0.632,0.765,1.17019,0.888258,0,14.1013,0,12.6479,2.74163,4.90049,1.79807,1.57938,0.92193,2.39497,39.6383,60.3617
X1/grouped__f0_s2,49,0.000437756,0,0,0.0855276,0.538525,3.07288,1.76662,0.623326,0.623326,0,28,0.534335,0.578675,0.55873,0.596825,0.599386,,,,,0,16.1116,0,14.6205,2.84774,5.34992,1.77946,1.55328,0.934727,2.42561,,
X1/grouped__f0_s2,50,0.000435088,0,0,0.0852261,0.53625,2.98356,1.71218,0.645089,0.645089,0,28,0.532937,0.580978,0.550794,0.596825,0.599386,0.673,0.77,1.09593,0.869054,0,12.7384,0,10.9368,2.7989,5.16691,1.79391,1.58384,0.916447,2.37087,44.5906,55.4093
X1/grouped__f0_s2,51,0.000432373,0,0,0.0849246,0.533975,2.99955,1.71648,0.650112,0.650112,0,28,0.555762,0.58094,0.574603,0.598413,0.599386,,,,,0,15.497,0,14.1076,2.89335,4.8735,1.76353,1.54258,0.932607,2.40285,,
X1/grouped__f0_s2,52,0.000429611,0,0,0.0846231,0.5317,2.92475,1.67924,0.664621,0.664621,0,28,0.534653,0.59301,0.553968,0.607937,0.599386,,,,,0,13.0971,0,11.2229,2.53479,5.63748,1.74902,1.50425,0.906703,2.34251,,
X1/grouped__f0_s2,53,0.000426803,0,0,0.0843216,0.529425,2.82957,1.60516,0.68471,0.68471,0,28,0.512,0.596788,0.51746,0.612698,0.599386,,,,,0,12.845,0,11.3971,2.60643,4.62813,1.69691,1.47456,0.91001,2.31272,,
X1/grouped__f0_s2,54,0.000423949,0,0,0.0840201,0.52715,2.83401,1.63657,0.678571,0.678571,0,28,0.533429,0.611783,0.536508,0.622222,0.611783,0.742,0.787,0.909658,0.798358,0,13.2063,0,11.541,2.52696,5.21341,1.69937,1.47898,0.880688,2.27154,51.2904,48.7096
X1/grouped__f0_s2,55,0.000421051,0,0,0.0837186,0.524875,2.84862,1.64158,0.670201,0.670201,0,28,0.562008,0.619738,0.565079,0.631746,0.619738,0.746,0.776,0.859394,0.778086,0,15.4601,0,14.1196,2.83841,4.81933,1.70687,1.46088,0.893843,2.29967,49.6353,50.3647
X1/grouped__f0_s2,56,0.00041811,0,0,0.0834171,0.5226,2.82368,1.64194,0.657366,0.657366,0,28,0.577061,0.603317,0.590476,0.61746,0.619738,,,,,0,13.0928,0,11.6106,2.5132,4.72948,1.71166,1.4639,0.902787,2.26127,,
X1/grouped__f0_s2,57,0.000415125,0,0,0.0831156,0.520325,2.74851,1.5972,0.681362,0.681362,0,28,0.50802,0.596145,0.52381,0.607937,0.619738,,,,,0,14.657,0,13.3635,2.68038,4.64214,1.66814,1.45095,0.909325,2.21268,,
X1/grouped__f0_s2,58,0.000412098,0,0,0.0828141,0.51805,2.73849,1.5853,0.679688,0.679688,0,28,0.587903,0.622649,0.604762,0.631746,0.622649,0.78,0.786,0.74545,0.770126,0,14.8574,0,13.4814,2.83448,4.85151,1.76457,1.53343,0.928935,2.22602,50.3656,49.6344
X1/grouped__f0_s2,59,0.00040903,0,0,0.0825126,0.515775,2.69236,1.56702,0.679688,0.679688,0,28,0.482519,0.613706,0.498413,0.62381,0.622649,,,,,0,14.0877,0,12.925,2.78644,4.14951,1.68625,1.47149,0.926979,2.18183,,
X1/grouped__f0_s2,60,0.000405921,0,0,0.0822111,0.5135,2.67433,1.55075,0.702009,0.702009,0,28,0.595966,0.623591,0.609524,0.631746,0.623591,0.789,0.813,0.714136,0.713814,0,12.8729,0,11.4575,2.60761,4.56287,1.64442,1.43411,0.908961,2.18808,51.2351,48.7649
X1/grouped__f0_s2,61,0.000402773,0,0,0.0819095,0.511225,2.68941,1.5679,0.692522,0.692522,0,28,0.568243,0.642617,0.585714,0.650794,0.642617,0.77,0.823,0.785304,0.670593,0,15.9545,0,14.8193,2.85681,4.41827,1.66813,1.4219,0.918562,2.19376,52.9078,47.0922
X1/grouped__f0_s2,62,0.000399585,0,0,0.081608,0.50895,2.52353,1.46686,0.737723,0.737723,0,28,0.586441,0.647135,0.603175,0.650794,0.647135,0.769,0.822,0.759813,0.658436,0,13.1889,0,11.9279,2.54786,4.37871,1.57622,1.35902,0.884297,2.07617,52.2756,47.7244
X1/grouped__f0_s2,63,0.000396359,0,0,0.0813065,0.506675,2.56808,1.49667,0.72433,0.72433,0,28,0.546566,0.637991,0.568254,0.646032,0.647135,,,,,0,13.2896,0,11.982,2.71228,4.36959,1.62566,1.40218,0.894223,2.11458,,
X1/grouped__f0_s2,64,0.000393096,0,0,0.081005,0.5044,2.49417,1.44515,0.72433,0.72433,0,28,0.599612,0.628414,0.620635,0.638095,0.647135,,,,,0,12.9294,0,11.6332,2.53882,4.44386,1.60069,1.36891,0.901786,2.07975,,
X1/grouped__f0_s2,65,0.000389796,0,0,0.0807035,0.502125,2.5344,1.4877,0.714286,0.714286,0,28,0.5265,0.641983,0.550794,0.649206,0.647135,,,,,0,14.9618,0,13.6056,2.93302,4.64719,1.60695,1.35671,0.904474,2.08454,,
X1/grouped__f0_s2,66,0.000386461,0,0,0.080402,0.49985,2.49024,1.46814,0.72154,0.72154,0,28,0.5705,0.635862,0.574603,0.644444,0.647135,,,,,0,13.5488,0,12.1081,2.70043,4.7904,1.61587,1.3886,0.880911,2.0448,,
X1/grouped__f0_s2,67,0.000383091,0,0,0.0801005,0.497575,2.4986,1.46418,0.726563,0.726563,0,28,0.613784,0.652756,0.626984,0.655556,0.652756,0.784,0.864,0.696678,0.562232,0,14.9568,0,13.756,2.77942,4.56726,1.58881,1.36537,0.900015,2.07894,57.4833,42.5167
X1/grouped__f0_s2,68,0.000379687,0,0,0.079799,0.4953,2.39381,1.38992,0.758371,0.758371,0,28,0.622249,0.638274,0.631746,0.650794,0.652756,,,,,0,13.6267,0,12.3533,2.58556,4.46853,1.52939,1.30826,0.907538,2.02684,,
X1/grouped__f0_s2,69,0.00037625,0,0,0.0794975,0.493025,2.39078,1.39383,0.741629,0.741629,0,28,0.606453,0.627868,0.612698,0.639683,0.652756,,,,,0,15.1119,0,13.9742,2.91075,4.20921,1.55841,1.3344,0.917412,2.0221,,
X1/grouped__f0_s2,70,0.000372781,0,0,0.079196,0.49075,2.36673,1.39415,0.738839,0.738839,0,28,0.486288,0.63346,0.501587,0.649206,0.652756,,,,,0,14.1427,0,12.9879,2.59886,4.31229,1.51263,1.27087,0.875396,1.98182,,
X1/grouped__f0_s2,71,0.000369281,0,0,0.0788945,0.488475,2.34979,1.37387,0.748884,0.748884,0,28,0.48441,0.667342,0.515873,0.674603,0.667342,0.658,0.88,1.05668,0.515145,0,14.2815,0,13.068,2.82706,4.32789,1.51515,1.28115,0.879984,1.99789,58.7458,41.2542
X1/grouped__f0_s2,72,0.00036575,0,0,0.078593,0.4862,2.38101,1.4131,0.747768,0.747768,0,28,0.61225,0.662659,0.62381,0.671429,0.667342,,,,,0,15.9091,0,14.7191,3.007,4.54051,1.60429,1.36026,0.884267,1.99076,,
X1/grouped__f0_s2,73,0.00036219,0,0,0.0782915,0.483925,2.30559,1.3672,0.761161,0.761161,0,28,0.566481,0.658484,0.585714,0.669841,0.667342,,,,,0,13.1364,0,12.0226,2.73975,3.90356,1.49675,1.28423,0.877029,1.93913,,
X1/grouped__f0_s2,74,0.000358601,0,0,0.0779899,0.48165,2.31976,1.37403,0.74442,0.74442,0,28,0.617812,0.667631,0.622222,0.674603,0.667631,0.844,0.883,0.583545,0.489473,0,13.76,0,12.5323,2.76155,4.32875,1.53404,1.29037,0.846653,1.96353,59.9068,40.0932
X1/grouped__f0_s2,75,0.000354985,0,0,0.0776884,0.479375,2.2154,1.30472,0.768973,0.768973,0,28,0.628758,0.675884,0.646032,0.68254,0.675884,0.826,0.883,0.576403,0.481934,0,14.8059,0,13.6501,2.85757,4.26243,1.51085,1.27089,0.867032,1.89971,58.6339,41.3661
X1/grouped__f0_s2,76,0.000351343,0,0,0.0773869,0.4771,2.23243,1.3096,0.774554,0.774554,0,28,0.638808,0.662246,0.650794,0.665079,0.675884,,,,,0,15.2219,0,14.0615,3.05118,4.20525,1.50733,1.2541,0.872675,1.93427,,
X1/grouped__f0_s2,77,0.000347674,0,0,0.0770854,0.474825,2.28325,1.3626,0.742746,0.742746,0,28,0.640443,0.671829,0.647619,0.671429,0.675884,,,,,0,14.215,0,12.9851,2.85309,4.37401,1.5362,1.28279,0.859758,1.93892,,
X1/grouped__f0_s2,78,0.000343981,0,0,0.0767839,0.47255,2.18486,1.30046,0.769531,0.769531,0,28,0.505522,0.655503,0.520635,0.653968,0.675884,,,,,0,14.7831,0,13.6998,2.82502,4.05268,1.47713,1.23307,0.850363,1.87155,,
X1/grouped__f0_s2,79,0.000340265,0,0,0.0764824,0.470275,2.25877,1.32833,0.770647,0.770647,0,28,0.572898,0.59702,0.590476,0.609524,0.675884,,,,,0,14.6039,0,13.273,3.40525,4.22453,1.5266,1.2767,0.880572,1.97851,,
X1/grouped__f0_s2,80,0.000336525,0,0,0.0761809,0.468,2.14151,1.26495,0.791295,0.791295,0,28,0.649558,0.595791,0.655556,0.601587,0.675884,,,,,0,12.4552,0,11.2367,2.71299,4.0734,1.47113,1.23597,0.862738,1.87299,,
X1/grouped__f0_s2,81,0.000332764,0,0,0.0758794,0.465725,2.11887,1.2604,0.796317,0.796317,0,28,0.607214,0.611648,0.620635,0.615873,0.675884,,,,,0,11.966,0,10.7921,2.5616,3.88691,1.43773,1.19893,0.836709,1.8433,,
X1/grouped__f0_s2,82,0.000328982,0,0,0.0755779,0.46345,2.08332,1.24576,0.791853,0.791853,0,28,0.600558,0.657085,0.611111,0.65873,0.675884,,,,,0,15.3825,0,14.3384,3.0611,3.88451,1.41691,1.15551,0.849222,1.80722,,
X1/grouped__f0_s2,83,0.00032518,0,0,0.0752764,0.461175,2.08742,1.25148,0.791295,0.791295,0,28,0.621222,0.670054,0.633333,0.673016,0.675884,,,,,0,14.191,0,13.0424,2.87061,4.10691,1.47185,1.2145,0.848935,1.81262,,
X1/grouped__f0_s2,84,0.000321359,0,0,0.0749749,0.4589,2.08523,1.2517,0.796875,0.796875,0,28,0.609337,0.666849,0.619048,0.673016,0.675884,,,,,0,14.3851,0,13.2708,2.89017,4.18287,1.47071,1.20967,0.82107,1.81635,,
X1/grouped__f0_s2,85,0.00031752,0,0,0.0746734,0.456625,2.00235,1.20238,0.810826,0.810826,0,28,0.673194,0.662489,0.674603,0.668254,0.675884,,,,,0,11.8649,0,10.7442,2.71104,3.64924,1.36725,1.12622,0.820826,1.75192,,
X1/grouped__f0_s2,86,0.000313664,0,0,0.0743719,0.45435,1.93785,1.15191,0.833705,0.833705,0,28,0.645919,0.662613,0.655556,0.669841,0.675884,,,,,0,11.839,0,10.7577,2.60219,3.4558,1.3307,1.09113,0.813484,1.72979,,
X1/grouped__f0_s2,87,0.000309793,0,0,0.0740704,0.452075,1.98767,1.18252,0.824777,0.824777,0,28,0.620164,0.663905,0.631746,0.669841,0.675884,,,,,0,14.3071,0,13.2863,3.0048,3.81854,1.38136,1.12496,0.833435,1.78101,,
X1/grouped__f0_s2,88,0.000305907,0,0,0.0737688,0.4498,1.94018,1.17218,0.81529,0.81529,0,28,0.646164,0.67071,0.650794,0.67619,0.675884,,,,,0,12.5827,0,11.4664,2.68629,3.79983,1.40315,1.15121,0.825232,1.70741,,
X1/grouped__f0_s2,89,0.000302006,0,0,0.0734673,0.447525,1.95501,1.17958,0.813058,0.813058,0,28,0.626595,0.67756,0.628571,0.684127,0.67756,0.875,0.926,0.4797,0.359982,0,12.9686,0,11.9557,2.70344,3.65452,1.387,1.11731,0.794268,1.73271,61.2901,38.71
X1/grouped__f0_s2,90,0.000298093,0,0,0.0731658,0.44525,1.94699,1.17184,0.826451,0.826451,0,28,0.658864,0.668263,0.666667,0.677778,0.67756,,,,,0,13.4722,0,12.4503,2.81607,3.75658,1.35075,1.07488,0.793651,1.74092,,
X1/grouped__f0_s2,91,0.000294168,0,0,0.0728643,0.442975,1.9442,1.18681,0.809152,0.809152,0,28,0.645292,0.689894,0.65873,0.695238,0.689894,0.886,0.929,0.429907,0.333092,0,14.8351,0,13.6885,3.02636,3.96592,1.40766,1.13774,0.795158,1.70978,63.0084,36.9916
X1/grouped__f0_s2,92,0.000290233,0,0,0.0725628,0.4407,1.87056,1.1366,0.836496,0.836496,0,28,0.670768,0.696723,0.680952,0.701587,0.696723,0.911,0.927,0.362792,0.332151,0,11.9921,0,10.7962,2.6976,3.88651,1.35155,1.08848,0.775705,1.66544,60.7445,39.2555
X1/grouped__f0_s2,93,0.000286287,0,0,0.0722613,0.438425,1.86626,1.13765,0.823661,0.823661,0,28,0.659638,0.698851,0.666667,0.704762,0.698851,0.918,0.927,0.335099,0.358986,0,12.1849,0,11.0815,2.74247,3.71575,1.34146,1.0846,0.787855,1.66187,60.6565,39.3435
X1/grouped__f0_s2,94,0.000282333,0,0,0.0719598,0.43615,1.82987,1.11018,0.836496,0.836496,0,28,0.611132,0.700051,0.615873,0.704762,0.700051,0.877,0.942,0.461277,0.317475,0,14.8486,0,13.8106,2.8818,3.9112,1.34748,1.07629,0.790714,1.65009,59.9231,40.0769
X1/grouped__f0_s2,95,0.000278371,0,0,0.0716583,0.433875,1.87848,1.14448,0.843192,0.843192,0,28,0.646302,0.699263,0.652381,0.706349,0.700051,,,,,0,16.4718,0,15.6002,3.00987,3.73151,1.36335,1.08346,0.806082,1.69173,,
X1/grouped__f0_s2,96,0.000274402,0,0,0.0713568,0.4316,1.84086,1.1271,0.837054,0.837054,0,28,0.692361,0.700135,0.698413,0.707937,0.700135,0.918,0.938,0.357535,0.306627,0,13.7006,0,12.6792,2.91223,3.58789,1.32627,1.06274,0.783402,1.65375,61.3464,38.6536
X1/grouped__f0_s2,97,0.000270428,0,0,0.0710553,0.429325,1.78562,1.08202,0.859375,0.859375,0,28,0.662684,0.694841,0.673016,0.701587,0.700135,,,,,0,12.9123,0,11.88,2.88478,3.60662,1.29462,1.03358,0.784432,1.63885,,
X1/grouped__f0_s2,98,0.000266449,0,0,0.0707538,0.42705,1.83838,1.12224,0.830357,0.830357,0,28,0.612962,0.700912,0.622222,0.706349,0.700912,0.869,0.942,0.450112,0.304027,0,14.9443,0,13.942,3.19276,3.59228,1.40574,1.13238,0.804454,1.67694,65.4138,34.5862
X1/grouped__f0_s2,99,0.000262466,0,0,0.0704523,0.424775,1.80394,1.09969,0.848772,0.848772,0,28,0.648973,0.69919,0.65873,0.706349,0.700912,,,,,0,12.857,0,11.8171,2.85306,3.57345,1.28464,1.01371,0.757718,1.65794,,
X1/grouped__f0_s2,100,0.000258481,0,0,0.0701508,0.4225,1.74551,1.06775,0.84933,0.84933,0,28,0.654831,0.699524,0.663492,0.704762,0.700912,0.922,0.941,0.32147,0.291126,0,13.0373,0,12.0054,2.69872,3.79041,1.28125,1.0025,0.745271,1.60416,65.0781,34.9219
X1/grouped__f0_s2,101,0.000254494,0,0,0.0698492,0.420225,1.77262,1.08492,0.84933,0.84933,0,28,0.509113,0.7053,0.526984,0.707937,0.7053,0.718,0.947,0.889557,0.30034,0,14.344,0,13.3814,3.04346,3.52957,1.329,1.03582,0.782836,1.6365,63.1922,36.8078
X1/grouped__f0_s2,102,0.000250506,0,0,0.0695477,0.41795,1.78253,1.0882,0.836496,0.836496,0,28,0.652772,0.712742,0.657143,0.712698,0.712742,0.933,0.949,0.32898,0.278667,0,12.8739,0,11.804,2.96858,3.70488,1.36008,1.07422,0.767423,1.66126,67.4457,32.5543
X1/grouped__f0_s2,103,0.000246519,0,0,0.0692462,0.415675,1.72126,1.05335,0.853237,0.853237,0,28,0.668124,0.70769,0.674603,0.712698,0.712742,,,,,0,13.273,0,12.2793,2.79593,3.60681,1.28202,1.0048,0.745211,1.60681,,
X1/grouped__f0_s2,104,0.000242534,0,0,0.0689447,0.4134,1.65686,1.01768,0.874442,0.874442,0,28,0.633856,0.701972,0.642857,0.707937,0.712742,,,,,0,12.6766,0,11.5176,2.73854,3.99553,1.24912,0.967678,0.72466,1.54614,,
X1/grouped__f0_s2,105,0.000238551,0,0,0.0686432,0.411125,1.66259,1.0189,0.875558,0.875558,0,28,0.678879,0.703702,0.68254,0.709524,0.712742,,,,,0,12.7044,0,11.8167,2.75237,3.2303,1.22181,0.940463,0.725421,1.56568,,
X1/grouped__f0_s2,106,0.000234572,0,0,0.0683417,0.40885,1.64894,1.00998,0.876116,0.876116,0,28,0.68841,0.698682,0.695238,0.706349,0.712742,,,,,0,12.1797,0,11.2347,2.79094,3.30791,1.2262,0.953294,0.720796,1.56281,,
X1/grouped__f0_s2,107,0.000230598,0,0,0.0680402,0.406575,1.63633,1.01874,0.862165,0.862165,0,28,0.66391,0.701256,0.674603,0.709524,0.712742,,,,,0,11.0195,0,9.97535,2.81177,3.27099,1.22846,0.960952,0.745253,1.51899,,
X1/grouped__f0_s2,108,0.000226629,0,0,0.0677387,0.4043,1.5998,0.991199,0.877232,0.877232,0,28,0.61317,0.678858,0.619048,0.687302,0.712742,,,,,0,12.0484,0,10.9852,2.96652,3.30514,1.21722,0.925077,0.706082,1.50533,,
X1/grouped__f0_s2,109,0.000222667,0,0,0.0674372,0.402025,1.58538,0.982049,0.885045,0.885045,0,28,0.674808,0.685288,0.677778,0.695238,0.712742,,,,,0,12.3346,0,11.4152,2.69411,3.30083,1.21257,0.921939,0.691297,1.50073,,
X1/grouped__f0_s2,110,0.000218713,0,0,0.0671357,0.39975,1.5818,0.984345,0.875558,0.875558,0,28,0.612252,0.684641,0.61746,0.692063,0.712742,,,,,0,14.3916,0,13.5955,2.81746,3.10214,1.19989,0.911129,0.713086,1.49456,,
X1/grouped__f0_s2,111,0.000214767,0,0,0.0668342,0.397475,1.58878,0.985517,0.87779,0.87779,0,28,0.669374,0.67864,0.673016,0.687302,0.712742,,,,,0,12.4865,0,11.5068,3.06364,3.30371,1.22105,0.9362,0.715433,1.51774,,
X1/grouped__f0_s2,112,0.000210832,0,0,0.0665327,0.3952,1.60601,1.01058,0.864955,0.864955,0,28,0.659937,0.697688,0.665079,0.703175,0.712742,,,,,0,13.6116,0,12.7113,2.97639,3.29029,1.27244,0.959693,0.701165,1.50665,,
X1/grouped__f0_s2,113,0.000206907,0,0,0.0662312,0.392925,1.53429,0.960172,0.886161,0.886161,0,28,0.666472,0.693219,0.673016,0.698413,0.712742,,,,,0,11.1623,1,10.2441,2.58754,3.14023,1.20783,0.926691,0.702816,1.46113,,
X1/grouped__f0_s2,114,0.000202994,0,0,0.0659296,0.39065,1.53894,0.969598,0.883371,0.883371,0,28,0.655924,0.691604,0.668254,0.698413,0.712742,,,,,0,11.9546,0,11.0845,2.63941,3.09576,1.14936,0.870463,0.669508,1.45743,,
X1/grouped__f0_s2,115,0.000199093,0,0,0.0656281,0.388375,1.48363,0.931566,0.890067,0.890067,0,28,0.670096,0.692402,0.67619,0.695238,0.712742,,,,,0,11.5126,0,10.5309,2.68068,3.28235,1.17473,0.88664,0.653526,1.42147,,
X1/grouped__f0_s2,116,0.000195207,0,0,0.0653266,0.3861,1.46002,0.91748,0.897321,0.897321,0,28,0.661253,0.683441,0.668254,0.690476,0.712742,,,,,0,11.761,0,10.9309,2.83057,2.81487,1.17208,0.889972,0.692761,1.40517,,
X1/grouped__f0_s2,117,0.000191336,0,0,0.0650251,0.383825,1.44991,0.914625,0.898438,0.898438,0,28,0.682699,0.697258,0.687302,0.703175,0.712742,,,,,0,11.339,0,10.4986,2.70722,2.82203,1.1303,0.855998,0.65717,1.3946,,
X1/grouped__f0_s2,118,0.00018748,0,0,0.0647236,0.38155,1.45836,0.914477,0.900112,0.900112,0,28,0.672494,0.693377,0.677778,0.698413,0.712742,,,,,0,13.6758,0,12.8828,2.99844,2.87877,1.16406,0.882403,0.680109,1.42546,,
X1/grouped__f0_s2,119,0.000183641,0,0,0.0644221,0.379275,1.41097,0.889261,0.90067,0.90067,0,28,0.681631,0.696524,0.687302,0.703175,0.712742,,,,,0,11.923,0,11.1012,2.77105,2.81079,1.12537,0.849924,0.649511,1.37554,,
X1/grouped__f0_s2,120,0.00017982,0,0,0.0641206,0.377,1.4507,0.917295,0.898438,0.898438,0,28,0.672815,0.697987,0.677778,0.704762,0.712742,,,,,0,12.0204,0,11.2509,2.72893,2.70134,1.11062,0.835582,0.656593,1.41487,,
X1/grouped__f0_s2,121,0.000176018,0,0,0.0638191,0.374725,1.41241,0.895476,0.904018,0.904018,0,28,0.682821,0.695255,0.684127,0.703175,0.712742,,,,,0,11.5278,0,10.6466,2.77499,2.99968,1.1214,0.844372,0.639124,1.3795,,
X1/grouped__f0_s2,122,0.000172236,0,0,0.0635176,0.37245,1.4275,0.904473,0.898438,0.898438,0,28,0.669806,0.693144,0.677778,0.701587,0.712742,,,,,0,11.5205,0,10.672,2.69082,2.92069,1.15198,0.855509,0.638924,1.40428,,
X1/grouped__f0_s2,123,0.000168475,0,0,0.0632161,0.370175,1.4447,0.922066,0.895089,0.895089,0,28,0.664609,0.696766,0.668254,0.703175,0.712742,,,,,0,11.3648,0,10.5018,2.75457,2.87179,1.1526,0.866385,0.651566,1.41186,,
X1/grouped__f0_s2,124,0.000164735,0,0,0.0629146,0.3679,1.35616,0.856412,0.916853,0.916853,0,28,0.678368,0.697121,0.685714,0.703175,0.712742,,,,,0,13.5361,0,12.8632,2.60937,2.715,1.06371,0.799053,0.615871,1.35838,,
X1/grouped__f0_s2,125,0.000161019,0,0,0.0626131,0.365625,1.37238,0.873999,0.917969,0.917969,0,28,0.685903,0.699313,0.693651,0.704762,0.712742,0.971,0.984,0.161902,0.15953,0,11.0642,0,10.259,2.49694,2.85118,1.08782,0.809446,0.619369,1.36309,66.247,33.753
X1/grouped__f0_s2,126,0.000157326,0,0,0.0623116,0.36335,1.34593,0.856817,0.911272,0.911272,0,28,0.698107,0.701112,0.698413,0.707937,0.712742,,,,,0,11.9196,0,11.1146,2.74595,2.80113,1.08371,0.801412,0.620144,1.34613,,
X1/grouped__f0_s2,127,0.000153657,0,0,0.0620101,0.361075,1.33427,0.855658,0.915737,0.915737,0,28,0.682375,0.703771,0.690476,0.707937,0.712742,,,,,0,10.894,0,10.0672,2.68234,2.70327,1.09687,0.814223,0.605862,1.32551,,
X1/grouped__f0_s2,128,0.000150015,0,0,0.0617085,0.3588,1.32571,0.850459,0.90904,0.90904,0,28,0.679203,0.69193,0.68254,0.698413,0.712742,,,,,0,11.313,0,10.4848,2.59396,2.85784,1.07482,0.789258,0.626431,1.32456,,
X1/grouped__f0_s2,129,0.000146399,0,0,0.061407,0.356525,1.33543,0.866633,0.906808,0.906808,0,28,0.669285,0.698356,0.679365,0.704762,0.712742,,,,,0,12.8521,0,12.0653,2.85614,2.91177,1.1038,0.808415,0.59383,1.31492,,
X1/grouped__f0_s2,130,0.00014281,0,0,0.0611055,0.35425,1.29088,0.838315,0.915179,0.915179,0,28,0.693411,0.704255,0.698413,0.707937,0.712742,,,,,0,11.6112,0,10.9134,2.58735,2.58269,1.04243,0.772491,0.582625,1.27754,,
X1/grouped__f0_s2,131,0.00013925,0,0,0.060804,0.351975,1.30951,0.849313,0.914063,0.914063,0,28,0.687119,0.708138,0.690476,0.712698,0.712742,,,,,0,12.2292,0,11.4259,2.90971,2.68936,1.08166,0.797016,0.59138,1.30746,,
X1/grouped__f0_s2,132,0.000135719,0,0,0.0605025,0.3497,1.29042,0.840041,0.911272,0.911272,0,28,0.681636,0.703948,0.685714,0.709524,0.712742,,,,,0,10.9642,0,10.1475,2.6872,2.69102,1.08176,0.798269,0.599343,1.28789,,
X1/grouped__f0_s2,133,0.000132219,0,0,0.060201,0.347425,1.31528,0.858557,0.90346,0.90346,0,28,0.686806,0.696128,0.690476,0.703175,0.712742,,,,,0,11.7883,0,10.9831,2.75428,2.74675,1.10929,0.818025,0.592659,1.3146,,
X1/grouped__f0_s2,134,0.00012875,0,0,0.0598995,0.34515,1.25099,0.817445,0.925781,0.925781,0,28,0.704693,0.702177,0.709524,0.707937,0.712742,,,,,0,10.5605,0,9.74891,2.68744,2.57294,1.03033,0.750572,0.589337,1.2561,,
X1/grouped__f0_s2,135,0.000125313,0,0,0.059598,0.342875,1.26044,0.820216,0.921317,0.921317,0,28,0.665403,0.700723,0.67619,0.706349,0.712742,,,,,0,11.5815,0,10.791,2.80064,2.61336,1.0709,0.783124,0.583775,1.28393,,
X1/grouped__f0_s2,136,0.000121909,0,0,0.0592965,0.3406,1.22382,0.799738,0.917411,0.917411,0,28,0.678572,0.701227,0.685714,0.706349,0.712742,,,,,0,11.693,0,10.894,2.91104,2.59627,1.04001,0.762409,0.576857,1.24511,,
X1/grouped__f0_s2,137,0.000118539,0,0,0.058995,0.338325,1.21456,0.791775,0.929688,0.929688,0,28,0.675961,0.713194,0.684127,0.71746,0.713194,0.981,0.984,0.134155,0.13633,0,11.3269,0,10.5897,2.73479,2.47373,0.979535,0.709084,0.563802,1.24964,67.4167,32.5833
X1/grouped__f0_s2,138,0.000115204,0,0,0.0586935,0.33605,1.2021,0.793379,0.926897,0.926897,0,28,0.676447,0.699847,0.680952,0.704762,0.713194,,,,,0,10.5114,0,9.71233,2.61857,2.54012,1.01938,0.743489,0.555908,1.21626,,
X1/grouped__f0_s2,139,0.000111904,0,0,0.058392,0.333775,1.21262,0.795652,0.924665,0.924665,0,28,0.668152,0.699564,0.67619,0.704762,0.713194,,,,,0,13.3648,0,12.7292,2.65919,2.59224,1.00906,0.738285,0.551514,1.24924,,
X1/grouped__f0_s2,140,0.000108641,0,0,0.0580905,0.3315,1.19862,0.787408,0.929129,0.929129,0,28,0.611795,0.701697,0.620635,0.706349,0.713194,,,,,0,14.1936,0,13.5199,3.11581,2.42308,1.01798,0.744112,0.561088,1.24045,,
X1/grouped__f0_s2,141,0.000105415,0,0,0.0577889,0.329225,1.22807,0.809945,0.912946,0.912946,0,28,0.675528,0.699195,0.68254,0.704762,0.713194,,,,,0,14.0741,0,13.3393,2.95462,2.75702,1.08604,0.77922,0.56683,1.27004,,
X1/grouped__f0_s2,142,0.000102227,0,0,0.0574874,0.32695,1.18557,0.791975,0.922991,0.922991,0,28,0.668664,0.702889,0.671429,0.707937,0.713194,,,,,0,11.4024,0,10.7081,2.66524,2.37309,1.0025,0.723078,0.523512,1.20384,,
X1/grouped__f0_s2,143,9.90786e-05,0,0,0.0571859,0.324675,1.18352,0.787771,0.920759,0.920759,0,28,0.682233,0.703172,0.687302,0.707937,0.713194,,,,,0,12.4259,0,11.5497,3.23594,2.68355,1.04935,0.762223,0.538663,1.21892,,
X1/grouped__f0_s2,144,9.59698e-05,0,0,0.0568844,0.3224,1.21609,0.805133,0.924665,0.924665,0,28,0.676188,0.697352,0.680952,0.703175,0.713194,,,,,0,12.7121,0,11.8864,3.20336,2.51506,1.0418,0.741798,0.535784,1.27469,,
X1/grouped__f0_s2,145,9.29016e-05,0,0,0.0565829,0.320125,1.19385,0.788994,0.920201,0.920201,0,28,0.686981,0.69787,0.693651,0.703175,0.713194,,,,,0,13.0201,0,12.3715,2.73241,2.5032,1.02089,0.731602,0.52428,1.26468,,
X1/grouped__f0_s2,146,8.98748e-05,0,0,0.0562814,0.31785,1.13059,0.754499,0.934152,0.934152,0,28,0.699107,0.690751,0.707937,0.696825,0.713194,,,,,0,10.2,0,9.4856,2.45857,2.37242,0.985091,0.703312,0.519313,1.18323,,
X1/grouped__f0_s2,147,8.68902e-05,0,0,0.0559799,0.315575,1.15168,0.771804,0.924665,0.924665,0,28,0.69008,0.698969,0.696825,0.704762,0.713194,,,,,0,11.9961,0,11.3926,2.59117,2.25692,0.98004,0.708026,0.511246,1.20376,,
X1/grouped__f0_s2,148,8.39486e-05,0,0,0.0556784,0.3133,1.12384,0.75005,0.932478,0.932478,0,28,0.699165,0.699561,0.706349,0.704762,0.713194,,,,,0,10.4908,0,9.70458,2.65292,2.47345,0.966114,0.683409,0.508372,1.19306,,
X1/grouped__f0_s2,149,8.10507e-05,0,0,0.0553769,0.311025,1.11523,0.751103,0.926897,0.926897,0,28,0.696635,0.703991,0.701587,0.709524,0.713194,,,,,0,9.40712,0,8.62051,2.70345,2.18179,0.987213,0.709337,0.497829,1.17075,,
X1/grouped__f0_s2,150,7.81974e-05,0,0,0.0550754,0.30875,1.08427,0.729564,0.930804,0.930804,0,28,0.704659,0.699406,0.711111,0.704762,0.713194,0.993,0.99,0.0990111,0.114096,0,10.6905,0,9.98984,2.63695,2.28676,0.945038,0.667791,0.486219,1.14886,68.3362,31.6638
X1/grouped__f0_s2,151,7.53893e-05,0,0,0.0547739,0.306475,1.09644,0.741927,0.929129,0.929129,0,28,0.712159,0.704121,0.71746,0.711111,0.713194,,,,,0,9.35108,0,8.58115,2.56006,2.30176,0.957604,0.683297,0.508824,1.15675,,
X1/grouped__f0_s2,152,7.26271e-05,0,0,0.0544724,0.3042,1.08419,0.735419,0.935268,0.935268,0,28,0.683381,0.701282,0.687302,0.706349,0.713194,,,,,0,10.7354,0,10.0088,2.63341,2.26675,0.959468,0.692934,0.493092,1.14651,,
X1/grouped__f0_s2,153,6.99117e-05,0,0,0.0541709,0.301925,1.04723,0.703906,0.944196,0.944196,0,28,0.700002,0.700784,0.704762,0.706349,0.713194,,,,,0,9.26722,0,8.53907,2.56157,2.11339,0.910229,0.653189,0.495818,1.13712,,
X1/grouped__f0_s2,154,6.72436e-05,0,0,0.0538693,0.29965,1.06765,0.725898,0.939732,0.939732,0,28,0.707612,0.705033,0.712698,0.709524,0.713194,,,,,0,9.54616,0,8.8233,2.47425,2.22269,0.939952,0.670538,0.486694,1.14051,,
X1/grouped__f0_s2,155,6.46236e-05,0,0,0.0535678,0.297375,1.06949,0.727657,0.938616,0.938616,0,28,0.690277,0.698195,0.693651,0.703175,0.713194,,,,,0,9.85745,0,9.13465,2.53857,2.25933,0.965783,0.684034,0.47152,1.14951,,
X1/grouped__f0_s2,156,6.20524e-05,0,0,0.0532663,0.2951,1.04569,0.718791,0.936942,0.936942,0,28,0.679028,0.703735,0.684127,0.709524,0.713194,,,,,0,12.0197,0,11.3976,2.65651,2.15223,0.940438,0.666234,0.467194,1.10776,,
X1/grouped__f0_s2,157,5.95306e-05,0,0,0.0529648,0.292825,1.05284,0.728172,0.927455,0.927455,0,28,0.716836,0.705673,0.720635,0.711111,0.716836,0.994,0.991,0.0831711,0.0943912,0,9.55501,0,8.81777,2.41703,2.31823,0.979355,0.702368,0.461258,1.10875,67.5446,32.4554
X1/grouped__f0_s2,158,5.70589e-05,0,0,0.0526633,0.29055,1.0116,0.696382,0.936942,0.936942,0,28,0.698346,0.699218,0.703175,0.704762,0.716836,,,,,0,9.77552,0,9.14326,2.31605,2.19746,0.932936,0.661879,0.464658,1.0849,,
X1/grouped__f0_s2,159,5.46379e-05,0,0,0.0523618,0.288275,1.03452,0.708842,0.939732,0.939732,0,28,0.694341,0.704842,0.7,0.709524,0.716836,,,,,0,9.60786,0,8.89906,2.45354,2.23927,0.916182,0.650084,0.457638,1.12974,,
X1/grouped__f0_s2,160,5.22683e-05,0,0,0.0520603,0.286,1.03817,0.712687,0.934152,0.934152,0,28,0.701229,0.697784,0.706349,0.703175,0.716836,,,,,0,10.2005,0,9.48507,2.64346,2.23004,0.940035,0.660535,0.452604,1.13805,,
X1/grouped__f0_s2,161,4.99506e-05,0,0,0.0517588,0.283725,1.0073,0.70067,0.9375,0.9375,0,28,0.70963,0.702423,0.714286,0.707937,0.716836,,,,,0,9.4304,0,8.73888,2.41636,2.21112,0.927799,0.658085,0.452311,1.08074,,
X1/grouped__f0_s2,162,4.76856e-05,0,0,0.0514573,0.28145,0.988391,0.683532,0.944196,0.944196,0,28,0.698288,0.702194,0.703175,0.707937,0.716836,,,,,0,8.90863,0,8.23008,2.26314,2.14119,0.87435,0.624294,0.434553,1.08317,,
X1/grouped__f0_s2,163,4.54736e-05,0,0,0.0511558,0.279175,0.974199,0.674165,0.949219,0.949219,0,28,0.700521,0.69678,0.703175,0.701587,0.716836,,,,,0,9.18351,0,8.51199,2.32616,2.09868,0.901926,0.630242,0.443474,1.07472,,
X1/grouped__f0_s2,164,4.33155e-05,0,0,0.0508543,0.2769,0.98349,0.682076,0.944196,0.944196,0,28,0.70107,0.693774,0.704762,0.698413,0.716836,,,,,0,9.86831,0,9.16276,2.62223,2.12299,0.908787,0.635364,0.43303,1.08853,,
X1/grouped__f0_s2,165,4.12116e-05,0,0,0.0505528,0.274625,0.957547,0.665141,0.944754,0.944754,0,28,0.69727,0.699856,0.701587,0.704762,0.716836,,,,,0,9.78012,0,9.13844,2.42044,2.01965,0.9029,0.638692,0.438319,1.06475,,
X1/grouped__f0_s2,166,3.91625e-05,0,0,0.0502513,0.27235,0.937083,0.651028,0.946429,0.946429,0,28,0.705145,0.696053,0.709524,0.7,0.716836,,,,,0,8.8886,0,8.21772,2.35146,1.96922,0.865519,0.607427,0.426478,1.05032,,
X1/grouped__f0_s2,167,3.71688e-05,0,0,0.0499497,0.270075,0.948156,0.664186,0.944196,0.944196,0,28,0.707267,0.704001,0.712698,0.707937,0.716836,,,,,0,8.87274,0,8.21566,2.31835,2.02974,0.870241,0.607496,0.418347,1.05145,,
X1/grouped__f0_s2,168,3.5231e-05,0,0,0.0496482,0.2678,0.965329,0.676538,0.942522,0.942522,0,28,0.709077,0.696896,0.711111,0.701587,0.716836,,,,,0,9.51769,0,8.85757,2.4816,2.01006,0.922775,0.635483,0.419158,1.07838,,
X1/grouped__f0_s2,169,3.33496e-05,0,0,0.0493467,0.265525,0.978679,0.692427,0.936384,0.936384,0,28,0.702758,0.703202,0.707937,0.707937,0.716836,,,,,0,10.0578,0,9.32501,2.62286,2.25643,0.963098,0.672631,0.427221,1.07806,,
X1/grouped__f0_s2,170,3.15251e-05,0,0,0.0490452,0.26325,0.942302,0.663395,0.94308,0.94308,0,28,0.710195,0.704203,0.715873,0.709524,0.716836,,,,,0.0119048,9.61284,1,8.97538,3.0946,2.019,0.917912,0.646468,0.413281,1.05948,,
X1/grouped__f0_s2,171,2.97579e-05,0,0,0.0487437,0.260975,0.90578,0.640369,0.946987,0.946987,0,28,0.707449,0.698244,0.712698,0.703175,0.716836,,,,,0,9.04349,0,8.35454,2.42153,2.00305,0.86537,0.612034,0.403439,1.017,,
X1/grouped__f0_s2,172,2.80486e-05,0,0,0.0484422,0.2587,0.916908,0.651395,0.946987,0.946987,0,28,0.70492,0.697048,0.709524,0.703175,0.716836,,,,,0,8.38743,0,7.74438,2.2869,1.90496,0.866623,0.606419,0.399961,1.02634,,
X1/grouped__f0_s2,173,2.63975e-05,0,0,0.0481407,0.256425,0.895846,0.632275,0.954799,0.954799,0,28,0.700639,0.707215,0.704762,0.712698,0.716836,,,,,0,8.56511,0,7.94474,2.23718,1.94962,0.854275,0.595609,0.399501,1.02787,,
X1/grouped__f0_s2,174,2.48051e-05,0,0,0.0478392,0.25415,0.900864,0.641562,0.944754,0.944754,0,28,0.70529,0.701383,0.709524,0.706349,0.716836,,,,,0,8.92638,0,8.30127,2.20918,1.95025,0.882504,0.624368,0.391167,1.02027,,
X1/grouped__f0_s2,175,2.32718e-05,0,0,0.0475377,0.251875,0.888382,0.62895,0.950335,0.950335,0,28,0.704105,0.702845,0.709524,0.707937,0.716836,0.996,0.996,0.0671772,0.0760186,0,9.40584,0,8.78294,2.42539,1.96507,0.876694,0.617621,0.387032,1.03,67.9873,32.0127
X1/grouped__f0_s2,176,2.1798e-05,0,0,0.0472362,0.25,0.909924,0.651609,0.946987,0.946987,0,28,0.702974,0.697735,0.707937,0.703175,0.716836,,,,,0,9.07974,0,8.36803,2.49144,2.08594,0.907336,0.620849,0.383106,1.03326,,
X1/grouped__f0_s2,177,2.0384e-05,0,0,0.0469347,0.25,0.9156,0.64952,0.943638,0.943638,0,28,0.704877,0.709213,0.707937,0.714286,0.716836,,,,,0,8.93305,0,8.25712,2.39241,2.0268,0.890051,0.616851,0.388414,1.06432,,
X1/grouped__f0_s2,178,1.90303e-05,0,0,0.0466332,0.25,0.873839,0.621725,0.948103,0.948103,0,28,0.700306,0.703861,0.704762,0.709524,0.716836,,,,,0,8.89014,0,8.17184,2.57428,1.95032,0.898353,0.626627,0.392628,1.00846,,
X1/grouped__f0_s2,179,1.77372e-05,0,0,0.0463317,0.25,0.88563,0.633241,0.942522,0.942522,0,28,0.704135,0.70559,0.709524,0.711111,0.716836,,,,,0,8.70114,0,8.01731,2.39577,2.0093,0.882945,0.615971,0.386811,1.00956,,
X1/grouped__f0_s2,180,1.65051e-05,0,0,0.0460302,0.25,0.889818,0.632094,0.948661,0.948661,0,28,0.69766,0.705432,0.703175,0.711111,0.716836,,,,,0,8.76392,0,8.12156,2.25569,1.97654,0.880639,0.614036,0.388267,1.03089,,
X1/grouped__f0_s2,181,1.53342e-05,0,0,0.0457286,0.25,0.847593,0.602912,0.952567,0.952567,0,28,0.703331,0.700775,0.706349,0.706349,0.716836,,,,,0,8.38608,0,7.73967,2.28131,1.90511,0.854875,0.588653,0.391044,0.978722,,
X1/grouped__f0_s2,182,1.42248e-05,0,0,0.0454271,0.25,0.872379,0.622269,0.947545,0.947545,0,28,0.707874,0.701501,0.712698,0.706349,0.716836,,,,,0,8.74199,0,8.03752,2.42118,2.00061,0.8854,0.612798,0.38221,1.00044,,
X1/grouped__f0_s2,183,1.31773e-05,0,0,0.0451256,0.25,0.850284,0.601368,0.953125,0.953125,0,28,0.706856,0.700835,0.711111,0.706349,0.716836,,,,,0,8.12519,0,7.36919,2.42534,1.97278,0.860102,0.589732,0.379612,0.995665,,
X1/grouped__f0_s2,184,1.21919e-05,0,0,0.0448241,0.25,0.850597,0.602549,0.951451,0.951451,0,28,0.706908,0.699067,0.711111,0.704762,0.716836,,,,,0,9.41083,0,8.81251,2.4196,1.84252,0.850762,0.591294,0.389902,0.99219,,
X1/grouped__f0_s2,185,1.12689e-05,0,0,0.0445226,0.25,0.865292,0.62007,0.948661,0.948661,0,28,0.702101,0.702489,0.704762,0.707937,0.716836,,,,,0,8.16574,0,7.46356,2.34175,1.9786,0.875728,0.596804,0.37847,0.98089,,
X1/grouped__f0_s2,186,1.04085e-05,0,0,0.0442211,0.25,0.849495,0.606891,0.950335,0.950335,0,28,0.704342,0.706409,0.707937,0.711111,0.716836,,,,,0,8.88754,0,8.27442,2.3424,1.85007,0.868602,0.603304,0.388523,0.970417,,
X1/grouped__f0_s2,187,9.61089e-06,0,0,0.0439196,0.25,0.82909,0.58454,0.954241,0.954241,0,28,0.699535,0.701803,0.703175,0.706349,0.716836,,,,,0,8.47358,0,7.83339,2.30117,1.92313,0.836423,0.571513,0.378167,0.9782,,
X1/grouped__f0_s2,188,8.87636e-06,0,0,0.0436181,0.25,0.859105,0.606239,0.945871,0.945871,0,28,0.702559,0.703576,0.706349,0.707937,0.716836,,,,,0,8.38485,0,7.7373,2.24243,1.9657,0.878369,0.606917,0.392468,1.01147,,
X1/grouped__f0_s2,189,8.20506e-06,0,0,0.0433166,0.25,0.813396,0.574208,0.954799,0.954799,0,28,0.698906,0.703273,0.703175,0.707937,0.716836,,,,,0,9.02481,0,8.4457,2.22823,1.90444,0.825304,0.568425,0.373073,0.956751,,
X1/grouped__f0_s2,190,7.59717e-06,0,0,0.0430151,0.25,0.811719,0.571451,0.952009,0.952009,0,28,0.701381,0.701593,0.704762,0.706349,0.716836,,,,,0.0119048,12.1607,0,11.3164,3.54999,1.79755,0.813303,0.558053,0.374652,0.961069,,
X1/grouped__f0_s2,191,7.05284e-06,0,0,0.0427136,0.25,0.83764,0.595626,0.953125,0.953125,0,28,0.691737,0.698144,0.695238,0.703175,0.716836,,,,,0,8.63571,0,7.97583,2.38663,1.89448,0.871267,0.594958,0.377535,0.968056,,
X1/grouped__f0_s2,192,6.57221e-06,0,0,0.0424121,0.25,0.821199,0.584901,0.950893,0.950893,0,28,0.703133,0.700251,0.706349,0.704762,0.716836,,,,,0,9.99336,0,9.13242,3.09758,1.88752,0.861253,0.593039,0.378111,0.945194,,
X1/grouped__f0_s2,193,6.15542e-06,0,0,0.0421106,0.25,0.842067,0.598954,0.945871,0.945871,0,28,0.702278,0.700242,0.706349,0.704762,0.716836,,,,,0,9.54157,0,8.90918,2.43142,1.99564,0.889264,0.609807,0.381339,0.972449,,
X1/grouped__f0_s2,194,5.80257e-06,0,0,0.041809,0.25,0.844904,0.598515,0.947545,0.947545,0,28,0.695843,0.701039,0.7,0.704762,0.716836,,,,,0,7.76625,0,7.06457,2.25946,1.97543,0.879399,0.608143,0.377066,0.985557,,
X1/grouped__f0_s2,195,5.51374e-06,0,0,0.0415075,0.25,0.801158,0.572017,0.953683,0.953683,0,28,0.696594,0.697559,0.7,0.701587,0.716836,,,,,0,8.63639,0,7.97806,2.31904,1.96787,0.837686,0.562959,0.371034,0.916561,,
X1/grouped__f0_s2,196,5.28902e-06,0,0,0.041206,0.25,0.83911,0.591545,0.94029,0.94029,0,28,0.698029,0.699196,0.701587,0.703175,0.716836,,,,,0,9.44891,0,8.80428,2.39353,2.05559,0.887714,0.599515,0.374541,0.990262,,
X1/grouped__f0_s2,197,5.12847e-06,0,0,0.0409045,0.25,0.804111,0.564277,0.953125,0.953125,0,28,0.697146,0.701061,0.701587,0.704762,0.716836,0.997,0.997,0.0576766,0.0636175,0,8.6785,0,8.00743,2.43669,1.87634,0.851518,0.579522,0.378308,0.959336,,
X1/grouped__f1_s0,1,0.0002,1,0,0.1,0.647725,8.5317,5.61705,0.0178571,0.0206473,0,28,0.015657,0.0223364,0.0507937,0.052381,0.0223364,0.039,0.046,4.30584,4.35067,0.0714286,43.5094,7,35.542,20.3468,10.3469,9.53839,2.63587,0.0922906,4.49982,0.0945902,99.9054
X1/grouped__f1_s0,2,0.0003,1,0,0.0996985,0.64545,7.40183,4.4989,0.0223214,0.03125,0,28,0.0307624,0.0375753,0.0761905,0.0888889,0.0375753,0.058,0.07,3.80532,3.81442,0,15.4005,0,8.94692,9.50493,4.87599,5.39749,2.20095,0.0943516,4.49753,0.821162,99.1788
X1/grouped__f1_s0,3,0.0004,1,0,0.099397,0.643175,7.05361,4.16921,0.0507813,0.0736607,0,28,0.0568351,0.0629944,0.107937,0.107937,0.0629944,0.106,0.12,3.51307,3.50411,0.0119048,10.7717,0,4.67404,6.61914,3.9422,4.31673,2.21975,0.109512,4.48463,9.51786,90.4821
X1/grouped__f1_s0,4,0.0005,1,0,0.0990955,0.6409,6.8348,4.00823,0.0435268,0.0915179,0,28,0.0443514,0.0872464,0.0904762,0.125397,0.0872464,0.104,0.152,3.4584,3.35626,0,7.06537,0,2.36498,3.72633,3.62445,3.74691,2.1967,0.209557,4.41031,13.9284,86.0716
X1/grouped__f1_s0,5,0.000499968,1,0,0.098794,0.638625,6.62815,3.89685,0.0669643,0.105469,0,28,0.0777283,0.13171,0.138095,0.173016,0.13171,0.142,0.191,3.29628,3.22092,0,6.19192,0,1.71827,2.94965,3.47375,3.46232,2.26381,0.340259,4.27685,13.6665,86.3335
X1/grouped__f1_s0,6,0.000499872,1,0,0.0984925,0.63635,6.67325,3.95021,0.0691964,0.100446,0,28,0.0770166,0.149702,0.125397,0.198413,0.149702,0.144,0.196,3.31249,3.14506,0,5.96764,0,1.57745,2.51458,3.81482,3.18065,2.28208,0.365032,4.27917,12.4175,87.5825
X1/grouped__f1_s0,7,0.000499711,1,0,0.098191,0.634075,6.37015,3.7022,0.0664062,0.135603,0,28,0.116293,0.165757,0.168254,0.206349,0.165757,0.174,0.212,3.16524,3.01926,0,5.83728,0,1.16223,2.20224,4.0668,3.06115,2.26209,0.404928,4.20763,11.7339,88.2661
X1/grouped__f1_s0,8,0.000499486,1,0,0.0978894,0.6318,6.45289,3.77748,0.0569196,0.133929,0,28,0.102093,0.17206,0.157143,0.214286,0.17206,0.19,0.24,3.09404,2.9777,0,6.0678,0,1.09638,2.48997,4.15835,2.80529,2.17885,0.405813,4.23459,13.7645,86.2355
X1/grouped__f1_s0,9,0.000499197,1,0,0.0975879,0.629525,6.32982,3.68841,0.0669643,0.160156,0,28,0.146179,0.159882,0.2,0.212698,0.17206,,,,,0,5.49406,0,1.03431,2.12682,3.83634,2.77329,2.2477,0.418643,4.19589,,
X1/grouped__f1_s0,10,0.000498845,1,0,0.0972864,0.62725,6.4682,3.81653,0.0909598,0.147321,0,28,0.168455,0.17721,0.225397,0.231746,0.17721,0.241,0.271,3.00873,2.88962,0,5.08081,0,0.891766,1.60559,3.82427,2.56147,2.22485,0.432967,4.22747,13.7903,86.2097
X1/grouped__f1_s0,11,0.000498428,1,0,0.0969849,0.624975,6.24032,3.63407,0.108817,0.166853,0,28,0.191391,0.20152,0.242857,0.250794,0.20152,0.252,0.269,2.84139,2.83516,0,5.21971,0,0.904924,1.44283,4.12393,2.50767,2.17943,0.415694,4.17017,13.8204,86.1796
X1/grouped__f1_s0,12,0.000497947,1,0,0.0966834,0.6227,6.2662,3.66053,0.0881696,0.18471,0,28,0.180167,0.202851,0.226984,0.252381,0.202851,0.227,0.279,2.86033,2.79285,0,5.49266,0,1.04741,1.49507,4.40423,2.43625,2.17516,0.43227,4.18447,14.5187,85.4813
X1/grouped__f1_s0,13,0.000497403,1,0,0.0963819,0.620425,6.01773,3.48541,0.109375,0.190848,0,28,0.160511,0.213776,0.204762,0.255556,0.213776,0.252,0.291,2.8034,2.75831,0,5.52239,0,1.02921,1.61511,4.40182,2.45537,2.1838,0.463576,4.08158,16.8281,83.172
X1/grouped__f1_s0,14,0.000496795,1,0,0.0960804,0.61815,6.24698,3.68298,0.112165,0.171875,0,28,0.195266,0.226612,0.252381,0.269841,0.226612,0.264,0.296,2.8575,2.72881,0,5.18176,0,1.07308,1.4915,4.14278,2.32219,2.17738,0.452344,4.14786,14.7675,85.2325
X1/grouped__f1_s0,15,0.000496124,1,0,0.0957789,0.615875,6.06398,3.54409,0.0982143,0.18192,0,28,0.179543,0.241226,0.225397,0.28254,0.241226,0.235,0.314,2.84435,2.68224,0,5.57414,0,1.37757,1.68075,4.45345,2.25384,2.16237,0.449694,4.09157,13.764,86.236
X1/grouped__f1_s0,16,0.000495389,1,0,0.0954774,0.6136,5.86546,3.39577,0.107143,0.208705,0,28,0.205118,0.24328,0.247619,0.284127,0.24328,0.286,0.312,2.64318,2.64294,0,5.60562,0,1.38866,1.6664,4.48923,2.33456,2.13318,0.475345,4.02492,14.341,85.659
X1/grouped__f1_s0,17,0.000494592,1,0,0.0951759,0.611325,5.90738,3.44874,0.0993304,0.207031,0,28,0.200876,0.241211,0.246032,0.28254,0.24328,,,,,0,6.32462,0,1.22391,1.72206,5.37727,2.23461,2.11653,0.48869,4.02183,,
X1/grouped__f1_s0,18,0.000493731,1,0,0.0948744,0.60905,5.75926,3.33993,0.0976563,0.229911,0,28,0.228023,0.26053,0.271429,0.298413,0.26053,0.32,0.324,2.55683,2.60858,0,6.05191,0,1.41958,1.78764,4.98781,2.28547,2.13439,0.524744,3.9723,18.5744,81.4256
X1/grouped__f1_s0,19,0.000492808,1,0,0.0945729,0.606775,5.98765,3.51375,0.121094,0.216518,0,28,0.223261,0.260426,0.269841,0.296825,0.26053,,,,,0,5.65818,0,1.52326,1.99195,4.44323,2.12945,2.13481,0.491475,4.07713,,
X1/grouped__f1_s0,20,0.000491823,1,0,0.0942714,0.6045,5.90483,3.45714,0.133929,0.214844,0,28,0.204276,0.263009,0.255556,0.301587,0.263009,0.289,0.341,2.56376,2.53553,0,5.82981,0,1.37256,1.619,4.88506,2.12233,2.11971,0.457062,4.04911,18.5269,81.4731
X1/grouped__f1_s0,21,0.000490775,1,0,0.0939698,0.602225,5.91277,3.46748,0.121652,0.219308,0,28,0.162338,0.262056,0.230159,0.303175,0.263009,,,,,0,6.28727,0,1.65395,1.58701,5.33435,2.14665,2.15622,0.492675,4.06041,,
X1/grouped__f1_s0,22,0.000489666,1,0,0.0936683,0.59995,5.80441,3.3985,0.123884,0.229353,0,28,0.228624,0.268965,0.279365,0.312698,0.268965,0.309,0.361,2.53134,2.47566,0,6.65365,0,1.61122,1.57342,5.78364,2.11685,2.22057,0.489027,4.01018,20.0581,79.9419
X1/grouped__f1_s0,23,0.000488495,1,0,0.0933668,0.597675,5.81265,3.40684,0.101004,0.238839,0,28,0.260275,0.281706,0.307937,0.325397,0.281706,0.348,0.368,2.4363,2.48942,0,6.23885,0,2.31391,1.85006,4.93787,1.99921,2.13267,0.478991,4.02528,26.2453,73.7547
X1/grouped__f1_s0,24,0.000487263,1,0,0.0930653,0.5954,5.79027,3.41305,0.102679,0.24442,0,28,0.257992,0.292936,0.303175,0.330159,0.292936,0.353,0.356,2.42624,2.44069,0,6.78688,0,2.69825,1.70732,5.46909,2.00527,2.1125,0.476368,3.99264,24.3568,75.6432
X1/grouped__f1_s0,25,0.00048597,1,0,0.0927638,0.593125,5.65119,3.31626,0.149554,0.267299,0,28,0.27862,0.28622,0.322222,0.325397,0.292936,0.362,0.376,2.4142,2.36929,0,6.20293,0,2.39919,1.69903,4.92581,1.95777,2.03688,0.494073,3.93666,18.885,81.115
X1/grouped__f1_s0,26,0.000484616,1,0,0.0924623,0.59085,5.57471,3.28059,0.162388,0.272321,0,28,0.293915,0.287927,0.333333,0.334921,0.293915,0.391,0.38,2.2401,2.37043,0,7.78273,0,4.24205,2.17322,5.28696,1.99268,2.08762,0.524919,3.88275,23.8038,76.1962
X1/grouped__f1_s0,27,0.000483202,1,0,0.0921608,0.588575,5.20768,3.0061,0.146763,0.339844,0,28,0.291837,0.303991,0.333333,0.347619,0.303991,0.402,0.406,2.21715,2.28521,0,7.15039,0,3.10684,1.87176,5.63916,1.99804,1.99655,0.573573,3.74053,19.1789,80.8211
X1/grouped__f1_s0,28,0.000481728,1,0,0.0918593,0.5863,5.49227,3.25253,0.193638,0.282924,0,28,0.324698,0.323786,0.347619,0.365079,0.324698,0.403,0.421,2.17663,2.17705,0,7.18224,0,3.62976,1.87234,5.3014,1.94073,2.07514,0.574473,3.82012,19.2899,80.7101
X1/grouped__f1_s0,29,0.000480195,1,0,0.0915578,0.584025,5.37184,3.17249,0.176339,0.327567,0,28,0.338894,0.356318,0.369841,0.388889,0.356318,0.412,0.438,2.13753,2.11144,0,6.85449,0,3.00797,1.93359,5.34328,1.91429,2.10361,0.594047,3.76586,20.7412,79.2588
X1/grouped__f1_s0,30,0.000478603,1,0,0.0912563,0.58175,5.27178,3.10405,0.117746,0.327009,0,28,0.342439,0.380882,0.380952,0.409524,0.380882,0.44,0.452,2.07878,2.06774,0,6.99791,0,3.26055,1.74733,5.37672,1.94798,2.09912,0.605691,3.72623,20.579,79.421
X1/grouped__f1_s0,31,0.000476951,0,0,0.0909548,0.579475,4.54725,2.5638,0.382254,0.382254,0,28,0.303307,0.373632,0.338095,0.403175,0.380882,,,,,0,8.1245,0,4.24068,2.2314,5.8625,2.09253,2.03506,0.711543,3.42283,,
X1/grouped__f1_s0,32,0.000475242,0,0,0.0906533,0.5772,4.47195,2.51663,0.410714,0.410714,0,28,0.256367,0.383603,0.304762,0.414286,0.383603,0.353,0.49,2.31966,1.9102,0,10.8923,0,6.96955,3.04536,6.60838,2.15446,2.02106,0.780138,3.38761,22.5977,77.4023
X1/grouped__f1_s0,33,0.000473475,0,0,0.0903518,0.574925,4.45952,2.4888,0.408482,0.408482,0,28,0.396004,0.350698,0.430159,0.379365,0.396004,0.481,0.442,1.78541,2.0704,0,9.0504,0,3.45334,2.52245,7.50926,2.10123,1.97944,0.749776,3.42778,34.0237,65.9763
X1/grouped__f1_s0,34,0.00047165,0,0,0.0900503,0.57265,4.30965,2.39966,0.432478,0.432478,0,28,0.393639,0.412281,0.426984,0.438095,0.412281,0.511,0.478,1.69577,1.93022,0,8.57745,0,4.38127,2.46369,6.31018,2.10137,1.97023,0.774932,3.33535,30.5347,69.4653
X1/grouped__f1_s0,35,0.000469769,0,0,0.0897487,0.570375,4.21427,2.34249,0.46596,0.46596,0,28,0.416013,0.418423,0.434921,0.447619,0.418423,0.502,0.52,1.75507,1.75345,0,8.06489,0,4.50352,2.23001,5.71054,2.0237,1.90511,0.781608,3.28167,27.1881,72.8119
X1/grouped__f1_s0,36,0.000467831,0,0,0.0894472,0.5681,4.27096,2.38725,0.435826,0.435826,0,28,0.305305,0.428271,0.339683,0.455556,0.428271,0.401,0.514,2.09177,1.7121,0,10.5525,0,6.5468,2.46683,6.98155,2.081,1.96387,0.796912,3.3158,28.6351,71.3649
X1/grouped__f1_s0,37,0.000465837,0,0,0.0891457,0.565825,4.20178,2.34642,0.459263,0.459263,0,28,0.361757,0.440949,0.395238,0.466667,0.440949,0.481,0.541,1.78175,1.61558,0,8.47998,0,4.51464,2.01097,6.41073,1.99305,1.86726,0.772305,3.27903,24.2295,75.7705
X1/grouped__f1_s0,38,0.000463788,0,0,0.0888442,0.56355,4.16568,2.31334,0.458147,0.458147,0,28,0.403487,0.42684,0.430159,0.452381,0.440949,,,,,0,9.63633,0,5.42816,2.28946,7.00379,2.01539,1.90314,0.798759,3.28692,,
X1/grouped__f1_s0,39,0.000461685,0,0,0.0885427,0.561275,4.10491,2.29224,0.480469,0.480469,0,28,0.368549,0.437167,0.384127,0.461905,0.440949,,,,,0,8.9318,0,4.54155,2.15478,6.8235,1.97039,1.84404,0.779734,3.22956,,
X1/grouped__f1_s0,40,0.000459526,0,0,0.0882412,0.559,4.0068,2.23564,0.478237,0.478237,0,28,0.434909,0.44864,0.446032,0.474603,0.44864,0.552,0.571,1.53094,1.50844,0,9.76423,0,5.06492,2.08459,7.44592,1.94455,1.82152,0.764022,3.16844,22.0643,77.9357
X1/grouped__f1_s0,41,0.000457314,0,0,0.0879397,0.556725,3.96405,2.19143,0.50558,0.50558,0,28,0.408884,0.482655,0.44127,0.501587,0.482655,0.534,0.594,1.5717,1.43127,0,9.57574,0,5.89584,2.12207,6.61377,1.94418,1.7835,0.79439,3.18401,23.2329,76.7671
X1/grouped__f1_s0,42,0.000455049,0,0,0.0876382,0.55445,3.95253,2.19272,0.493304,0.493304,0,28,0.394312,0.480914,0.430159,0.501587,0.482655,,,,,0,9.67531,0,5.58469,2.1951,6.96359,1.95407,1.81911,0.780695,3.17397,,
X1/grouped__f1_s0,43,0.000452732,0,0,0.0873367,0.552175,3.9014,2.16917,0.492188,0.492188,0,28,0.447045,0.482211,0.471429,0.511111,0.482655,,,,,0,10.7219,0,6.9017,2.52704,7.1694,1.99836,1.81099,0.796458,3.1371,,
X1/grouped__f1_s0,44,0.000450362,0,0,0.0870352,0.5499,3.80566,2.10624,0.52567,0.52567,0,28,0.381891,0.500711,0.404762,0.520635,0.500711,0.518,0.631,1.59496,1.32647,0,10.545,0,6.19676,2.15831,7.67089,1.98778,1.85893,0.818696,3.09042,25.2406,74.7594
X1/grouped__f1_s0,45,0.000447941,0,0,0.0867337,0.547625,3.82711,2.12067,0.523996,0.523996,0,28,0.432279,0.492842,0.457143,0.506349,0.500711,,,,,0,10.638,0,6.12419,2.21689,7.80512,1.94959,1.79559,0.795906,3.11607,,
X1/grouped__f1_s0,46,0.000445469,0,0,0.0864322,0.54535,3.73224,2.06542,0.551897,0.551897,0,28,0.433213,0.504448,0.453968,0.526984,0.504448,0.566,0.644,1.46654,1.28924,0,11.7319,0,7.90067,2.33029,7.56357,1.917,1.74538,0.807335,3.05642,26.5363,73.4637
X1/grouped__f1_s0,47,0.000442948,0,0,0.0861307,0.543075,3.71914,2.0748,0.523438,0.523438,0,28,0.461817,0.519111,0.47619,0.536508,0.519111,0.627,0.65,1.26344,1.22822,0,10.3127,0,6.71934,2.39809,6.8113,1.92698,1.74232,0.805656,3.02784,28.2817,71.7183
X1/grouped__f1_s0,48,0.000440376,0,0,0.0858291,0.5408,3.67695,2.05804,0.538504,0.538504,0,28,0.495422,0.525074,0.512698,0.546032,0.525074,0.651,0.647,1.18559,1.23287,0,10.9562,0,7.3973,2.33398,7.16696,1.87894,1.73707,0.818467,2.99355,28.4877,71.5123
X1/grouped__f1_s0,49,0.000437756,0,0,0.0855276,0.538525,3.58948,1.99038,0.555804,0.555804,0,28,0.454586,0.529884,0.480952,0.549206,0.529884,0.589,0.666,1.40168,1.1756,0,10.3478,0,6.82769,2.45573,6.80966,1.91298,1.72055,0.821546,2.96941,29.1331,70.8669
X1/grouped__f1_s0,50,0.000435088,0,0,0.0852261,0.53625,3.59006,2.00046,0.555246,0.555246,0,28,0.487196,0.528507,0.509524,0.544444,0.529884,0.609,0.677,1.259,1.14257,0,11.1862,0,7.39411,2.41394,7.34611,1.89478,1.7065,0.82606,2.96429,28.2486,71.7514
X1/grouped__f1_s0,51,0.000432373,0,0,0.0849246,0.533975,3.54273,1.99352,0.574777,0.574777,0,28,0.42425,0.533546,0.455556,0.553968,0.533546,0.563,0.679,1.40677,1.11702,0,11.2717,0,7.78221,2.47731,7.19307,1.90216,1.75736,0.838121,2.90128,27.8197,72.1803
X1/grouped__f1_s0,52,0.000429611,0,0,0.0846231,0.5317,3.40239,1.88344,0.587054,0.587054,0,28,0.488012,0.53042,0.506349,0.552381,0.533546,,,,,0,11.3259,0,7.76736,2.43828,7.24176,1.84233,1.66638,0.846553,2.85677,,
X1/grouped__f1_s0,53,0.000426803,0,0,0.0843216,0.529425,3.45184,1.93209,0.590402,0.590402,0,28,0.426208,0.520902,0.461905,0.539683,0.533546,,,,,0,12.7403,0,8.63423,2.56049,8.18583,1.88797,1.71368,0.859662,2.87056,,
X1/grouped__f1_s0,54,0.000423949,0,0,0.0840201,0.52715,3.4598,1.93147,0.575893,0.575893,0,28,0.400022,0.45905,0.41746,0.48254,0.533546,,,,,0,13.3423,0,9.80609,3.2799,7.41931,1.87016,1.69138,0.853743,2.89924,,
X1/grouped__f1_s0,55,0.000421051,0,0,0.0837186,0.524875,3.46882,1.92181,0.571429,0.571429,0,28,0.429865,0.488529,0.461905,0.512698,0.533546,,,,,0,12.5741,0,8.77778,3.17075,7.81528,1.88413,1.70961,0.843216,2.94738,,
X1/grouped__f1_s0,56,0.00041811,0,0,0.0834171,0.5226,3.38074,1.90376,0.578683,0.578683,0,28,0.507464,0.519344,0.528571,0.54127,0.533546,,,,,0,9.50924,0,5.94,2.22809,6.64074,1.81651,1.65925,0.83912,2.82623,,
X1/grouped__f1_s0,57,0.000415125,0,0,0.0831156,0.520325,3.25726,1.81781,0.608259,0.608259,0,28,0.510556,0.537445,0.522222,0.553968,0.537445,0.663,0.691,1.10875,1.10431,0,9.7087,0,6.68154,2.04053,6.28196,1.75354,1.59388,0.829477,2.76645,39.9469,60.0531
X1/grouped__f1_s0,58,0.000412098,0,0,0.0828141,0.51805,3.22469,1.80714,0.611607,0.611607,0,28,0.440766,0.532611,0.463492,0.550794,0.537445,,,,,0,10.537,0,7.52601,2.24124,6.41463,1.72735,1.55725,0.835861,2.73633,,
X1/grouped__f1_s0,59,0.00040903,0,0,0.0825126,0.515775,3.14561,1.755,0.626674,0.626674,0,28,0.546714,0.551266,0.561905,0.566667,0.551266,0.685,0.704,1.0005,1.0431,0,10.8214,0,7.82005,2.17522,6.65387,1.76326,1.58739,0.828658,2.69616,40.0405,59.9595
X1/grouped__f1_s0,60,0.000405921,0,0,0.0822111,0.5135,3.14232,1.75996,0.624442,0.624442,0,28,0.510863,0.562978,0.539683,0.57619,0.562978,0.705,0.715,0.947595,0.989829,0,11.0772,0,8.06812,2.18206,6.75178,1.77998,1.59212,0.862837,2.69203,40.061,59.939
X1/grouped__f1_s0,61,0.000402773,0,0,0.0819095,0.511225,3.10322,1.74451,0.632812,0.632812,0,28,0.496008,0.580646,0.522222,0.596825,0.580646,0.664,0.739,1.072,0.929484,0,11.4663,0,8.51986,2.42581,6.67539,1.80622,1.62294,0.864688,2.65776,38.4914,61.5086
X1/grouped__f1_s0,62,0.000399585,0,0,0.081608,0.50895,3.07463,1.74516,0.629464,0.629464,0,28,0.393635,0.557884,0.426984,0.573016,0.580646,,,,,0,11.718,0,8.95747,2.31419,6.39168,1.73769,1.55296,0.853137,2.61218,,
X1/grouped__f1_s0,63,0.000396359,0,0,0.0813065,0.506675,3.07158,1.74017,0.628348,0.628348,0,28,0.557616,0.568849,0.571429,0.587302,0.580646,,,,,0,11.7804,0,8.79075,2.30541,6.84253,1.75177,1.55645,0.848622,2.62775,,
X1/grouped__f1_s0,64,0.000393096,0,0,0.081005,0.5044,2.98449,1.68552,0.655134,0.655134,0,28,0.541835,0.562332,0.55873,0.580952,0.580646,,,,,0,11.1101,0,8.54007,2.41235,5.96118,1.69305,1.50405,0.854827,2.57528,,
X1/grouped__f1_s0,65,0.000389796,0,0,0.0807035,0.502125,2.96058,1.67209,0.652344,0.652344,0,28,0.553087,0.568439,0.568254,0.585714,0.580646,,,,,0,11.5962,0,9.0886,2.34461,6.04574,1.68634,1.50133,0.850062,2.56607,,
X1/grouped__f1_s0,66,0.000386461,0,0,0.080402,0.49985,2.8831,1.63846,0.686384,0.686384,0,28,0.540285,0.589384,0.560317,0.603175,0.589384,0.73,0.772,0.896058,0.81492,0,11.055,0,8.02791,2.38011,6.64238,1.73057,1.52353,0.859031,2.49003,42.0767,57.9233
X1/grouped__f1_s0,67,0.000383091,0,0,0.0801005,0.497575,2.85498,1.60611,0.678013,0.678013,0,28,0.521353,0.593805,0.544444,0.609524,0.593805,0.709,0.79,0.974247,0.797895,0,11.0299,0,8.28499,2.27074,6.26093,1.65705,1.45063,0.862025,2.50992,42.2297,57.7703
X1/grouped__f1_s0,68,0.000379687,0,0,0.079799,0.4953,2.93035,1.67212,0.640067,0.640067,0,28,0.507383,0.574276,0.534921,0.590476,0.593805,,,,,0,12.3511,0,9.68104,2.29381,6.56786,1.74996,1.52486,0.879994,2.54034,,
X1/grouped__f1_s0,69,0.00037625,0,0,0.0794975,0.493025,2.75005,1.55086,0.693638,0.693638,0,28,0.50181,0.599351,0.526984,0.614286,0.599351,0.689,0.785,0.972936,0.763865,0,10.1649,0,7.38677,2.11991,6.07719,1.68157,1.47372,0.870339,2.43229,41.8755,58.1245
X1/grouped__f1_s0,70,0.000372781,0,0,0.079196,0.49075,2.77983,1.58238,0.674665,0.674665,0,28,0.582291,0.572381,0.588889,0.588889,0.599351,,,,,0,11.6986,0,9.17812,2.29291,6.47264,1.71698,1.4859,0.86559,2.44003,,
X1/grouped__f1_s0,71,0.000369281,0,0,0.0788945,0.488475,2.74124,1.55321,0.696429,0.696429,0,28,0.597783,0.596163,0.614286,0.609524,0.599351,,,,,0,12.5781,0,10.2117,2.42548,6.44491,1.63141,1.39612,0.867927,2.43212,,
X1/grouped__f1_s0,72,0.00036575,0,0,0.078593,0.4862,2.68481,1.52922,0.69308,0.69308,0,28,0.588725,0.59385,0.595238,0.611111,0.599351,,,,,0,11.0295,0,8.42552,2.08947,6.32006,1.64501,1.42194,0.849377,2.37679,,
X1/grouped__f1_s0,73,0.00036219,0,0,0.0782915,0.483925,2.68602,1.53782,0.689174,0.689174,0,28,0.573191,0.593733,0.585714,0.607937,0.599351,,,,,0,11.6921,0,9.6515,2.22014,5.55503,1.6315,1.39565,0.849603,2.37266,,
X1/grouped__f1_s0,74,0.000358601,0,0,0.0779899,0.48165,2.66211,1.528,0.696987,0.696987,0,28,0.587612,0.59836,0.596825,0.614286,0.599351,,,,,0,11.3967,0,8.90815,2.34583,6.21044,1.67495,1.42664,0.87386,2.35462,,
X1/grouped__f1_s0,75,0.000354985,0,0,0.0776884,0.479375,2.59356,1.47704,0.719866,0.719866,0,28,0.58449,0.598289,0.596825,0.614286,0.599351,0.79,0.815,0.702148,0.712518,0,11.3412,0,9.60622,2.19178,5.04177,1.59007,1.34802,0.854494,2.32912,46.0173,53.9827
X1/grouped__f1_s0,76,0.000351343,0,0,0.0773869,0.4771,2.6126,1.50005,0.714844,0.714844,0,28,0.596643,0.607249,0.604762,0.622222,0.607249,0.804,0.826,0.682624,0.64682,0,12.5801,0,10.558,2.375,5.78354,1.62379,1.37406,0.873204,2.3319,41.9433,58.0567
X1/grouped__f1_s0,77,0.000347674,0,0,0.0770854,0.474825,2.50635,1.43371,0.731027,0.731027,0,28,0.550288,0.613591,0.573016,0.625397,0.613591,0.772,0.839,0.75836,0.61982,0,12.2613,0,10.45,2.31009,5.44566,1.59471,1.33361,0.856438,2.25901,38.3007,61.6993
X1/grouped__f1_s0,78,0.000343981,0,0,0.0767839,0.47255,2.49267,1.427,0.735491,0.735491,0,28,0.453214,0.614598,0.487302,0.62381,0.614598,0.614,0.837,1.1834,0.623247,0,11.8689,0,10.0707,2.32524,5.3384,1.58056,1.33506,0.856273,2.25513,44.7293,55.2707
X1/grouped__f1_s0,79,0.000340265,0,0,0.0764824,0.470275,2.49852,1.43405,0.737165,0.737165,0,28,0.603715,0.622025,0.61746,0.631746,0.622025,0.813,0.829,0.629872,0.631541,0,11.7755,0,9.67143,2.42315,5.7854,1.59731,1.33563,0.851388,2.2635,47.6521,52.3479
X1/grouped__f1_s0,80,0.000336525,0,0,0.0761809,0.468,2.47893,1.44499,0.726004,0.726004,0,28,0.59071,0.626833,0.604762,0.638095,0.626833,0.809,0.838,0.675899,0.614465,0,11.6344,0,9.39716,2.36153,5.95716,1.60013,1.33916,0.846646,2.20928,49.1413,50.8587
X1/grouped__f1_s0,81,0.000332764,0,0,0.0758794,0.465725,2.49395,1.44502,0.730469,0.730469,0,28,0.543322,0.625449,0.557143,0.638095,0.626833,,,,,0,12.0487,0,9.90187,2.50611,5.90849,1.6323,1.3581,0.856514,2.25224,,
X1/grouped__f1_s0,82,0.000328982,0,0,0.0755779,0.46345,2.4475,1.40753,0.743862,0.743862,0,28,0.576639,0.609225,0.588889,0.625397,0.626833,,,,,0,13.6702,0,11.918,2.80989,5.40727,1.62431,1.38248,0.865182,2.24398,,
X1/grouped__f1_s0,83,0.00032518,0,0,0.0752764,0.461175,2.45121,1.42689,0.72433,0.72433,0,28,0.600657,0.632288,0.614286,0.64127,0.632288,0.828,0.866,0.589058,0.539491,0,10.8736,0,8.72803,2.14536,5.61528,1.5641,1.30837,0.833274,2.2211,47.6541,52.3459
X1/grouped__f1_s0,84,0.000321359,0,0,0.0749749,0.4589,2.33159,1.35869,0.757813,0.757813,0,28,0.635842,0.633057,0.644444,0.639683,0.635842,0.828,0.867,0.569912,0.523537,0,11.735,0,9.7204,2.28984,5.67026,1.60017,1.34629,0.834754,2.12008,45.97,54.03
X1/grouped__f1_s0,85,0.00031752,0,0,0.0746734,0.456625,2.31275,1.34551,0.760045,0.760045,0,28,0.619268,0.626139,0.630159,0.634921,0.635842,,,,,0,12.0462,0,9.91949,2.38606,5.7792,1.58215,1.31493,0.851726,2.11823,,
X1/grouped__f1_s0,86,0.000313664,0,0,0.0743719,0.45435,2.38319,1.3985,0.739397,0.739397,0,28,0.628652,0.632807,0.639683,0.642857,0.635842,,,,,0,13.2944,0,11.0771,2.66567,6.08611,1.60905,1.31708,0.847441,2.16724,,
X1/grouped__f1_s0,87,0.000309793,0,0,0.0740704,0.452075,2.27132,1.32423,0.767857,0.767857,0,28,0.608914,0.6232,0.619048,0.631746,0.635842,,,,,0,12.1498,0,10.391,2.42497,5.21665,1.52924,1.27427,0.826784,2.09498,,
X1/grouped__f1_s0,88,0.000305907,0,0,0.0737688,0.4498,2.2886,1.33546,0.767857,0.767857,0,28,0.637544,0.626711,0.639683,0.638095,0.637544,0.859,0.872,0.507093,0.515113,0,11.4534,0,9.59502,2.40705,5.28291,1.53594,1.25693,0.849553,2.11901,45.3222,54.6778
X1/grouped__f1_s0,89,0.000302006,0,0,0.0734673,0.447525,2.19097,1.27393,0.790737,0.790737,0,28,0.636989,0.62615,0.644444,0.636508,0.637544,,,,,0,11.1226,0,9.5231,2.31088,4.74366,1.45096,1.18512,0.799328,2.04914,,
X1/grouped__f1_s0,90,0.000298093,0,0,0.0731658,0.44525,2.20634,1.28879,0.771763,0.771763,0,28,0.644953,0.625524,0.653968,0.634921,0.644953,0.882,0.863,0.454959,0.516083,0,11.6202,0,10.021,2.41674,4.7455,1.50415,1.22101,0.837299,2.06077,47.417,52.583
X1/grouped__f1_s0,91,0.000294168,0,0,0.0728643,0.442975,2.11121,1.22841,0.802455,0.802455,0,28,0.629124,0.633008,0.644444,0.642857,0.644953,,,,,0,10.9393,0,9.19591,2.39345,4.84887,1.48817,1.21037,0.827033,1.99287,,
X1/grouped__f1_s0,92,0.000290233,0,0,0.0725628,0.4407,2.12317,1.24743,0.790179,0.790179,0,28,0.60572,0.639015,0.61746,0.649206,0.644953,,,,,0,12.5012,0,10.6038,2.43316,5.51597,1.51787,1.20559,0.824746,1.98717,,
X1/grouped__f1_s0,93,0.000286287,0,0,0.0722613,0.438425,2.14415,1.26288,0.779018,0.779018,0,28,0.595068,0.655698,0.609524,0.663492,0.655698,0.835,0.9,0.542514,0.446706,0,11.65,0,9.77673,2.35225,5.20481,1.52101,1.22806,0.831022,2.01007,47.9061,52.0939
X1/grouped__f1_s0,94,0.000282333,0,0,0.0719598,0.43615,2.11733,1.2456,0.792969,0.792969,0,28,0.612712,0.649141,0.620635,0.657143,0.655698,,,,,0,12.668,0,11.1208,2.50056,4.89688,1.51489,1.22479,0.840378,1.9987,,
X1/grouped__f1_s0,95,0.000278371,0,0,0.0716583,0.433875,2.10411,1.22982,0.795201,0.795201,0,28,0.639607,0.651531,0.642857,0.65873,0.655698,,,,,0,12.4842,0,10.7722,2.54271,5.17692,1.49342,1.1848,0.828125,2.01507,,
X1/grouped__f1_s0,96,0.000274402,0,0,0.0713568,0.4316,2.11851,1.24968,0.784598,0.784598,0,28,0.627788,0.644912,0.638095,0.657143,0.655698,,,,,0,10.9632,0,9.17665,2.495,4.97226,1.50233,1.19076,0.801898,2.01306,,
X1/grouped__f1_s0,97,0.000270428,0,0,0.0710553,0.429325,2.04705,1.20899,0.813058,0.813058,0,28,0.616818,0.644109,0.633333,0.653968,0.655698,,,,,0,10.7397,0,8.95375,2.24606,5.00625,1.46242,1.17465,0.810303,1.95204,,
X1/grouped__f1_s0,98,0.000266449,0,0,0.0707538,0.42705,2.03187,1.20261,0.795759,0.795759,0,28,0.577885,0.647399,0.593651,0.657143,0.655698,,,,,0,10.6203,0,8.92896,2.25892,4.78787,1.45068,1.13088,0.805226,1.94184,,
X1/grouped__f1_s0,99,0.000262466,0,0,0.0704523,0.424775,2.01126,1.19292,0.813058,0.813058,0,28,0.639095,0.641054,0.649206,0.647619,0.655698,,,,,0,13.114,0,11.5748,2.63872,4.92938,1.44675,1.13376,0.812872,1.92651,,
X1/grouped__f1_s0,100,0.000258481,0,0,0.0701508,0.4225,1.9288,1.13687,0.831473,0.831473,0,28,0.606751,0.661505,0.620635,0.669841,0.661505,0.872,0.929,0.464574,0.365545,0,11.1309,0,9.62405,2.24413,4.62679,1.41482,1.11072,0.777706,1.8744,50.3811,49.6189
X1/grouped__f1_s0,101,0.000254494,0,0,0.0698492,0.420225,1.92854,1.14555,0.832031,0.832031,0,28,0.581672,0.66517,0.601587,0.673016,0.66517,0.83,0.926,0.557112,0.349734,0,11.1502,0,9.4967,2.31883,4.8682,1.41785,1.10717,0.775314,1.86326,51.5418,48.4582
X1/grouped__f1_s0,102,0.000250506,0,0,0.0695477,0.41795,1.98557,1.17933,0.804129,0.804129,0,28,0.623848,0.665348,0.628571,0.673016,0.665348,0.891,0.93,0.410005,0.334726,0,13.4615,0,11.7981,2.73142,5.23423,1.48846,1.15896,0.810889,1.92904,51.247,48.753
X1/grouped__f1_s0,103,0.000246519,0,0,0.0692462,0.415675,1.93444,1.15437,0.815848,0.815848,0,28,0.655103,0.663496,0.663492,0.669841,0.665348,,,,,0,12.5701,0,10.7946,2.43353,5.42497,1.43239,1.11857,0.792838,1.87664,,
X1/grouped__f1_s0,104,0.000242534,0,0,0.0689447,0.4134,1.8659,1.10679,0.847098,0.847098,0,28,0.607864,0.662792,0.61746,0.668254,0.665348,,,,,0,11.0271,0,9.40368,2.51596,4.65285,1.41882,1.09145,0.785544,1.83625,,
X1/grouped__f1_s0,105,0.000238551,0,0,0.0686432,0.411125,1.86488,1.11544,0.833147,0.833147,0,28,0.644965,0.657161,0.653968,0.663492,0.665348,,,,,0,11.0027,0,9.4123,2.43551,4.65371,1.40409,1.07361,0.759389,1.82289,,
X1/grouped__f1_s0,106,0.000234572,0,0,0.0683417,0.40885,1.86082,1.11678,0.833705,0.833705,0,28,0.663468,0.66476,0.673016,0.671429,0.665348,,,,,0,10.1055,0,8.49031,2.34452,4.49698,1.37651,1.066,0.770471,1.81983,,
X1/grouped__f1_s0,107,0.000230598,0,0,0.0680402,0.406575,1.84691,1.10898,0.836496,0.836496,0,28,0.6637,0.670535,0.669841,0.677778,0.670535,0.931,0.946,0.31657,0.302666,0,10.8432,0,9.18115,2.35087,4.82384,1.40683,1.08705,0.770228,1.81497,53.2457,46.7543
X1/grouped__f1_s0,108,0.000226629,0,0,0.0677387,0.4043,1.80881,1.08137,0.84654,0.84654,0,28,0.646719,0.677331,0.65873,0.684127,0.677331,0.906,0.95,0.350647,0.293519,0,10.1128,0,8.65456,2.339,4.22765,1.3452,1.03858,0.764642,1.79927,53.5849,46.4151
X1/grouped__f1_s0,109,0.000222667,0,0,0.0674372,0.402025,1.7924,1.08194,0.845982,0.845982,0,28,0.57418,0.681962,0.580952,0.688889,0.681962,0.838,0.941,0.556077,0.294163,0,14.6264,0,13.4352,2.73503,4.50038,1.37236,1.06053,0.77109,1.76722,55.3892,44.6108
X1/grouped__f1_s0,110,0.000218713,0,0,0.0671357,0.39975,1.77604,1.06811,0.854911,0.854911,0,28,0.645339,0.685281,0.660317,0.692063,0.685281,0.923,0.942,0.333012,0.292318,0,10.2379,0,8.57772,2.28242,4.64718,1.33489,1.02959,0.742141,1.77092,56.0585,43.9415
X1/grouped__f1_s0,111,0.000214767,0,0,0.0668342,0.397475,1.77946,1.07825,0.853795,0.853795,0,28,0.684447,0.691644,0.690476,0.696825,0.691644,0.936,0.943,0.290527,0.283761,0,11.155,0,9.70782,2.46449,4.46145,1.36805,1.04916,0.766665,1.76416,55.8393,44.1607
X1/grouped__f1_s0,112,0.000210832,0,0,0.0665327,0.3952,1.73549,1.04246,0.857143,0.857143,0,28,0.619756,0.689041,0.630159,0.695238,0.691644,,,,,0,10.6524,0,9.19684,2.50518,4.32061,1.31662,0.9892,0.750032,1.75363,,
X1/grouped__f1_s0,113,0.000206907,0,0,0.0662312,0.392925,1.72514,1.047,0.858817,0.858817,0,28,0.65747,0.692258,0.668254,0.698413,0.692258,0.938,0.947,0.283468,0.270153,0,10.6553,0,9.35068,2.37281,4.03134,1.30017,0.992827,0.725024,1.72588,55.8457,44.1543
X1/grouped__f1_s0,114,0.000202994,0,0,0.0659296,0.39065,1.74453,1.06088,0.844308,0.844308,0,28,0.666786,0.684138,0.669841,0.688889,0.692258,,,,,0,11.3258,0,9.99095,2.43777,4.23146,1.32501,0.977126,0.750316,1.75001,,
X1/grouped__f1_s0,115,0.000199093,0,0,0.0656281,0.388375,1.68216,1.01806,0.871652,0.871652,0,28,0.642424,0.692359,0.647619,0.698413,0.692359,0.91,0.951,0.335976,0.257499,0,10.1897,0,8.91139,2.45571,3.86402,1.3193,1.00127,0.765915,1.70996,56.7236,43.2764
X1/grouped__f1_s0,116,0.000195207,0,0,0.0653266,0.3861,1.69471,1.02273,0.864397,0.864397,0,28,0.636157,0.693522,0.639683,0.698413,0.693522,0.917,0.954,0.343356,0.247572,0,11.9514,0,10.6766,2.81679,4.00274,1.33738,1.00425,0.734811,1.74043,55.5813,44.4187
X1/grouped__f1_s0,117,0.000191336,0,0,0.0650251,0.383825,1.66255,1.01179,0.864955,0.864955,0,28,0.655205,0.6791,0.661905,0.687302,0.693522,,,,,0,11.7066,0,10.4671,2.45302,4.07708,1.31515,0.982428,0.74545,1.69546,,
X1/grouped__f1_s0,118,0.00018748,0,0,0.0647236,0.38155,1.6561,1.01184,0.861607,0.861607,0,28,0.684233,0.685478,0.692063,0.692063,0.693522,,,,,0,11.9153,0,10.8077,2.49784,3.84391,1.31507,0.977264,0.7194,1.68854,,
X1/grouped__f1_s0,119,0.000183641,0,0,0.0644221,0.379275,1.6382,1.00648,0.863839,0.863839,0,28,0.655972,0.685854,0.668254,0.692063,0.693522,,,,,0,11.9211,0,10.6879,2.67239,4.10781,1.32415,0.969641,0.727559,1.6656,,
X1/grouped__f1_s0,120,0.00017982,0,0,0.0641206,0.377,1.60471,0.98289,0.878348,0.878348,0,28,0.578138,0.678457,0.592063,0.685714,0.693522,,,,,0,12.2379,0,10.8611,3.10615,4.00886,1.26993,0.935081,0.713293,1.64938,,
X1/grouped__f1_s0,121,0.000176018,0,0,0.0638191,0.374725,1.66377,1.01289,0.856585,0.856585,0,28,0.682092,0.658234,0.684127,0.669841,0.693522,,,,,0,11.7773,0,10.4048,2.79429,4.19169,1.33357,0.973793,0.735765,1.73695,,
X1/grouped__f1_s0,122,0.000172236,0,0,0.0635176,0.37245,1.60684,0.99398,0.863839,0.863839,0,28,0.556946,0.667209,0.569841,0.674603,0.693522,,,,,0,11.2093,0,9.84376,2.70221,4.08994,1.31592,0.962738,0.697852,1.64549,,
X1/grouped__f1_s0,123,0.000168475,0,0,0.0632161,0.370175,1.62575,0.992169,0.868304,0.868304,0,28,0.683749,0.670825,0.687302,0.679365,0.693522,,,,,0,10.3121,0,9.00266,2.36902,3.99122,1.2944,0.946726,0.704305,1.71157,,
X1/grouped__f1_s0,124,0.000164735,0,0,0.0629146,0.3679,1.56019,0.960724,0.881696,0.881696,0,28,0.659924,0.669794,0.669841,0.677778,0.693522,,,,,0,9.67118,0,8.20743,2.28976,4.14103,1.25199,0.90437,0.692793,1.62943,,
X1/grouped__f1_s0,125,0.000161019,0,0,0.0626131,0.365625,1.53185,0.950536,0.871094,0.871094,0,28,0.671369,0.680101,0.679365,0.688889,0.693522,0.959,0.966,0.210634,0.212009,0,10.4336,0,9.21973,2.40799,3.79803,1.27131,0.933678,0.697042,1.58993,57.6928,42.3072
X1/grouped__f1_s0,126,0.000157326,0,0,0.0623116,0.36335,1.55172,0.965904,0.87779,0.87779,0,28,0.651856,0.68891,0.661905,0.695238,0.693522,,,,,0,11.0758,0,9.83421,2.59823,3.89694,1.27383,0.925442,0.688274,1.61228,,
X1/grouped__f1_s0,127,0.000153657,0,0,0.0620101,0.361075,1.5379,0.962885,0.878348,0.878348,0,28,0.683831,0.695525,0.687302,0.7,0.695525,0.969,0.975,0.195726,0.202445,0,10.5142,0,9.2298,2.42979,3.9228,1.27955,0.933422,0.682916,1.5925,58.9339,41.0662
X1/grouped__f1_s0,128,0.000150015,0,0,0.0617085,0.3588,1.46216,0.907358,0.895647,0.895647,0,28,0.685681,0.69494,0.685714,0.7,0.695525,,,,,0,9.95664,0,8.74309,2.30325,3.56455,1.19558,0.867567,0.66385,1.54628,,
X1/grouped__f1_s0,129,0.000146399,0,0,0.061407,0.356525,1.52289,0.950839,0.87221,0.87221,0,28,0.673465,0.688507,0.68254,0.693651,0.695525,,,,,0,10.6482,1,9.40461,2.70721,3.6857,1.26804,0.908703,0.678458,1.60452,,
X1/grouped__f1_s0,130,0.00014281,0,0,0.0611055,0.35425,1.47296,0.920989,0.889509,0.889509,0,28,0.674129,0.694585,0.677778,0.701587,0.695525,,,,,0,9.7732,0,8.59465,2.38783,3.55736,1.22251,0.873846,0.654658,1.55813,,
X1/grouped__f1_s0,131,0.00013925,0,0,0.060804,0.351975,1.48432,0.928336,0.900112,0.900112,0,28,0.667356,0.68486,0.677778,0.693651,0.695525,,,,,0,10.7755,0,9.74374,2.39654,3.50064,1.21295,0.878282,0.667468,1.57962,,
X1/grouped__f1_s0,132,0.000135719,0,0,0.0605025,0.3497,1.45905,0.92081,0.890625,0.890625,0,28,0.686876,0.68496,0.692063,0.692063,0.695525,,,,,0,10.948,0,9.91236,2.4649,3.46722,1.24421,0.894054,0.65292,1.53914,,
X1/grouped__f1_s0,133,0.000132219,0,0,0.060201,0.347425,1.39204,0.869201,0.908482,0.908482,0,28,0.675165,0.693976,0.68254,0.7,0.695525,,,,,0,9.34625,0,8.24767,2.28137,3.35095,1.15358,0.823745,0.634311,1.5049,,
X1/grouped__f1_s0,134,0.00012875,0,0,0.0598995,0.34515,1.39943,0.878414,0.90904,0.90904,0,28,0.690109,0.689837,0.693651,0.696825,0.695525,,,,,0,9.45811,0,8.33309,2.30954,3.39303,1.17551,0.843311,0.644579,1.50954,,
X1/grouped__f1_s0,135,0.000125313,0,0,0.059598,0.342875,1.40269,0.88236,0.902902,0.902902,0,28,0.645296,0.700062,0.657143,0.706349,0.700062,0.964,0.984,0.221877,0.174173,0,11.1204,0,10.0239,2.58399,3.48961,1.18728,0.839782,0.650603,1.51756,60.9165,39.0835
X1/grouped__f1_s0,136,0.000121909,0,0,0.0592965,0.3406,1.37617,0.875526,0.899554,0.899554,0,28,0.683051,0.688146,0.690476,0.695238,0.700062,,,,,0,9.69608,0,8.56184,2.32256,3.49603,1.20518,0.855009,0.610802,1.46988,,
X1/grouped__f1_s0,137,0.000118539,0,0,0.058995,0.338325,1.38173,0.876361,0.898438,0.898438,0,28,0.6735,0.686128,0.680952,0.692063,0.700062,,,,,0,9.92625,0,8.77055,2.47386,3.52117,1.17932,0.840052,0.616164,1.49375,,
X1/grouped__f1_s0,138,0.000115204,0,0,0.0586935,0.33605,1.3554,0.86088,0.902902,0.902902,0,28,0.684713,0.690533,0.696825,0.696825,0.700062,,,,,0,10.181,0,9.11734,2.53416,3.26639,1.16962,0.824236,0.632219,1.47157,,
X1/grouped__f1_s0,139,0.000111904,0,0,0.058392,0.333775,1.33674,0.8543,0.90346,0.90346,0,28,0.66527,0.690466,0.67619,0.696825,0.700062,,,,,0,9.75835,0,8.73176,2.37965,3.23795,1.1164,0.785912,0.610342,1.44541,,
X1/grouped__f1_s0,140,0.000108641,0,0,0.0580905,0.3315,1.32709,0.846564,0.917969,0.917969,0,28,0.691884,0.689485,0.695238,0.696825,0.700062,,,,,0,11.3455,0,10.324,2.64627,3.31549,1.18838,0.842542,0.617339,1.44954,,
X1/grouped__f1_s0,141,0.000105415,0,0,0.0577889,0.329225,1.32688,0.850644,0.904576,0.904576,0,28,0.672989,0.694795,0.684127,0.701587,0.700062,,,,,0,9.82612,0,8.63511,2.48469,3.50705,1.18123,0.829985,0.609084,1.44654,,
X1/grouped__f1_s0,142,0.000102227,0,0,0.0574874,0.32695,1.28808,0.827708,0.915179,0.915179,0,28,0.689873,0.699844,0.696825,0.706349,0.700062,,,,,0,9.57234,0,8.56222,2.32944,3.14659,1.15216,0.813594,0.600873,1.40809,,
X1/grouped__f1_s0,143,9.90786e-05,0,0,0.0571859,0.324675,1.27805,0.817219,0.916295,0.916295,0,28,0.650321,0.703107,0.661905,0.709524,0.703107,0.963,0.986,0.21463,0.148009,0,9.91458,0,8.91884,2.34858,3.19542,1.10134,0.765717,0.596367,1.41936,61.8135,38.1865
X1/grouped__f1_s0,144,9.59698e-05,0,0,0.0568844,0.3224,1.27266,0.809233,0.915179,0.915179,0,28,0.684662,0.700191,0.692063,0.706349,0.703107,,,,,0,9.77617,0,8.80134,2.20585,3.1424,1.08828,0.766228,0.592948,1.43742,,
X1/grouped__f1_s0,145,9.29016e-05,0,0,0.0565829,0.320125,1.23994,0.799643,0.920201,0.920201,0,28,0.699341,0.705135,0.709524,0.711111,0.705135,0.984,0.989,0.134893,0.143719,0,9.36358,0,8.38091,2.26996,3.07057,1.11694,0.775964,0.587514,1.3754,62.2545,37.7455
X1/grouped__f1_s0,146,8.98748e-05,0,0,0.0562814,0.31785,1.27738,0.820784,0.913504,0.913504,0,28,0.688839,0.705147,0.695238,0.711111,0.705147,0.985,0.987,0.12684,0.140911,0,10.5716,0,9.50268,2.44144,3.4473,1.16245,0.799658,0.579178,1.43652,62.28,37.72
X1/grouped__f1_s0,147,8.68902e-05,0,0,0.0559799,0.315575,1.2594,0.81441,0.912388,0.912388,0,28,0.695145,0.707609,0.698413,0.712698,0.707609,0.986,0.987,0.132321,0.13883,0,9.81329,0,8.75885,2.45745,3.18458,1.10562,0.76822,0.581461,1.41009,62.2356,37.7644
X1/grouped__f1_s0,148,8.39486e-05,0,0,0.0556784,0.3133,1.23369,0.799142,0.920759,0.920759,0,28,0.669964,0.697571,0.679365,0.701587,0.707609,,,,,0,10.8431,0,9.89643,2.45474,3.2368,1.12898,0.773727,0.560952,1.38701,,
X1/grouped__f1_s0,149,8.10507e-05,0,0,0.0553769,0.311025,1.24335,0.817044,0.914063,0.914063,0,28,0.69666,0.701601,0.7,0.706349,0.707609,,,,,0,9.60306,0,8.57707,2.42928,3.15645,1.13087,0.789446,0.560614,1.37065,,
X1/grouped__f1_s0,150,7.81974e-05,0,0,0.0550754,0.30875,1.21138,0.783104,0.920759,0.920759,0,28,0.681079,0.703067,0.687302,0.707937,0.707609,0.985,0.988,0.132431,0.135103,0,9.63835,0,8.66471,2.29799,3.04166,1.09865,0.761293,0.569922,1.38714,62.5835,37.4165
X1/grouped__f1_s0,151,7.53893e-05,0,0,0.0547739,0.306475,1.22515,0.795487,0.916853,0.916853,0,28,0.695574,0.70216,0.701587,0.707937,0.707609,,,,,0,10.6872,0,9.7155,2.46826,3.35937,1.13473,0.780057,0.564869,1.40196,,
X1/grouped__f1_s0,152,7.26271e-05,0,0,0.0544724,0.3042,1.21408,0.799899,0.922433,0.922433,0,28,0.686184,0.704302,0.693651,0.709524,0.707609,,,,,0,10.621,0,9.74266,2.39471,3.06833,1.10763,0.75381,0.547658,1.36154,,
X1/grouped__f1_s0,153,6.99117e-05,0,0,0.0541709,0.301925,1.18084,0.775527,0.930246,0.930246,0,28,0.704484,0.709409,0.704762,0.714286,0.709409,0.989,0.99,0.119349,0.12424,0,9.52001,0,8.50472,2.34636,3.18422,1.1142,0.751572,0.540167,1.34244,63.3205,36.6795
X1/grouped__f1_s0,154,6.72436e-05,0,0,0.0538693,0.29965,1.17928,0.776018,0.921317,0.921317,0,28,0.692888,0.704534,0.698413,0.711111,0.709409,,,,,0,10.2686,0,9.28854,2.4403,3.13059,1.12303,0.766776,0.544589,1.34576,,
X1/grouped__f1_s0,155,6.46236e-05,0,0,0.0535678,0.297375,1.13382,0.743678,0.930804,0.930804,0,28,0.7061,0.714966,0.711111,0.719048,0.714966,0.995,0.992,0.105461,0.120011,0,8.47619,0,7.4638,2.18401,3.01795,1.07477,0.732472,0.52977,1.31194,62.9331,37.0669
X1/grouped__f1_s0,156,6.20524e-05,0,0,0.0532663,0.2951,1.17118,0.776461,0.924665,0.924665,0,28,0.708938,0.705457,0.714286,0.711111,0.714966,,,,,0,10.3463,0,9.35944,2.72775,2.92487,1.06962,0.735882,0.522529,1.33757,,
X1/grouped__f1_s0,157,5.95306e-05,0,0,0.0529648,0.292825,1.14433,0.746887,0.932478,0.932478,0,28,0.695533,0.713524,0.7,0.71746,0.714966,,,,,0,9.59685,0,8.70155,2.37954,2.84644,1.06463,0.729317,0.534571,1.35726,,
X1/grouped__f1_s0,158,5.70589e-05,0,0,0.0526633,0.29055,1.13921,0.756381,0.926339,0.926339,0,28,0.690642,0.713805,0.7,0.71746,0.714966,,,,,0,10.2116,0,9.28781,2.31133,3.09092,1.06232,0.715563,0.511876,1.31761,,
X1/grouped__f1_s0,159,5.46379e-05,0,0,0.0523618,0.288275,1.14561,0.762623,0.917969,0.917969,0,28,0.711197,0.716984,0.715873,0.720635,0.716984,0.995,0.991,0.100722,0.114849,0,10.5624,0,9.70721,2.37902,2.98433,1.08531,0.742433,0.517749,1.32854,64.1157,35.8843
X1/grouped__f1_s0,160,5.22683e-05,0,0,0.0520603,0.286,1.13561,0.755684,0.924665,0.924665,0,28,0.695836,0.710036,0.7,0.714286,0.716984,,,,,0,8.95199,0,7.96252,2.33159,2.91183,1.10022,0.748377,0.535167,1.32841,,
X1/grouped__f1_s0,161,4.99506e-05,0,0,0.0517588,0.283725,1.13189,0.755302,0.924107,0.924107,0,28,0.700556,0.704182,0.704762,0.709524,0.716984,,,,,0,9.70039,0,8.76635,2.38312,2.96627,1.08565,0.74743,0.510642,1.3273,,
X1/grouped__f1_s0,162,4.76856e-05,0,0,0.0514573,0.28145,1.10868,0.747098,0.922433,0.922433,0,28,0.698233,0.716845,0.706349,0.720635,0.716984,,,,,0,9.18113,0,8.27411,2.2332,2.84625,1.05733,0.716281,0.497186,1.28471,,
X1/grouped__f1_s0,163,4.54736e-05,0,0,0.0511558,0.279175,1.09237,0.728165,0.938616,0.938616,0,28,0.701703,0.717705,0.706349,0.722222,0.717705,0.991,0.994,0.104931,0.107817,0,8.79751,0,7.75877,2.4222,2.94098,1.05118,0.712623,0.491525,1.30458,63.7943,36.2057
X1/grouped__f1_s0,164,4.33155e-05,0,0,0.0508543,0.2769,1.10719,0.751548,0.921875,0.921875,0,28,0.699697,0.709908,0.703175,0.714286,0.717705,,,,,0,8.39719,0,7.43904,2.21269,2.8253,1.06153,0.731053,0.498252,1.28435,,
X1/grouped__f1_s0,165,4.12116e-05,0,0,0.0505528,0.274625,1.07837,0.726082,0.934152,0.934152,0,28,0.717764,0.708151,0.720635,0.712698,0.717764,0.991,0.994,0.0965968,0.106009,0,9.20963,0,8.23748,2.32538,2.96367,1.06003,0.724032,0.492458,1.28279,63.9348,36.0652
X1/grouped__f1_s0,166,3.91625e-05,0,0,0.0502513,0.27235,1.09073,0.73641,0.925781,0.925781,0,28,0.697832,0.711871,0.701587,0.715873,0.717764,,,,,0,8.74745,0,7.79228,2.26341,2.84422,1.07644,0.723807,0.488169,1.30096,,
X1/grouped__f1_s0,167,3.71688e-05,0,0,0.0499497,0.270075,1.07481,0.727299,0.928571,0.928571,0,28,0.699742,0.7206,0.703175,0.725397,0.7206,0.993,0.996,0.09371,0.103255,0,9.50698,0,8.62771,2.3926,2.80158,1.06546,0.726057,0.497633,1.28674,64.0789,35.9211
X1/grouped__f1_s0,168,3.5231e-05,0,0,0.0496482,0.2678,1.04482,0.707915,0.93192,0.93192,0,28,0.708742,0.714908,0.714286,0.720635,0.7206,,,,,0,8.73444,0,7.76289,2.3882,2.83918,1.02933,0.69631,0.484226,1.25805,,
X1/grouped__f1_s0,169,3.33496e-05,0,0,0.0493467,0.265525,1.02235,0.690642,0.939174,0.939174,0,28,0.708439,0.718011,0.714286,0.722222,0.7206,,,,,0,8.93375,0,8.02666,2.26858,2.81689,1.02026,0.681893,0.470179,1.24926,,
X1/grouped__f1_s0,170,3.15251e-05,0,0,0.0490452,0.26325,1.05041,0.71651,0.929129,0.929129,0,28,0.702479,0.717508,0.707937,0.722222,0.7206,,,,,0,8.90738,0,7.97733,2.31135,2.8369,1.05394,0.703737,0.459542,1.26838,,
X1/grouped__f1_s0,171,2.97579e-05,0,0,0.0487437,0.260975,1.04447,0.711605,0.93471,0.93471,0,28,0.697975,0.715921,0.703175,0.720635,0.7206,,,,,0,8.57401,0,7.66836,2.32785,2.65153,1.04463,0.695318,0.470103,1.27547,,
X1/grouped__f1_s0,172,2.80486e-05,0,0,0.0484422,0.2587,1.04647,0.721661,0.929688,0.929688,0,28,0.711805,0.714841,0.715873,0.719048,0.7206,,,,,0,8.46723,0,7.62113,2.12604,2.63509,1.03624,0.694021,0.459441,1.25554,,
X1/grouped__f1_s0,173,2.63975e-05,0,0,0.0481407,0.256425,1.02876,0.703688,0.921875,0.921875,0,28,0.716154,0.706517,0.722222,0.711111,0.7206,,,,,0,9.01768,0,8.11725,2.19196,2.83249,1.0323,0.688085,0.469399,1.26772,,
X1/grouped__f1_s0,174,2.48051e-05,0,0,0.0478392,0.25415,1.01321,0.698345,0.933594,0.933594,0,28,0.715585,0.715136,0.720635,0.719048,0.7206,,,,,0,8.16015,0,7.24249,2.16241,2.66718,1.04874,0.71334,0.452843,1.23889,,
X1/grouped__f1_s0,175,2.32718e-05,0,0,0.0475377,0.251875,0.975747,0.667225,0.948103,0.948103,0,28,0.723483,0.714729,0.728571,0.719048,0.723483,0.997,0.995,0.0815403,0.0948576,0,8.03101,0,7.18642,2.00432,2.5834,0.966743,0.64042,0.44933,1.2249,64.1816,35.8184
X1/grouped__f1_s0,176,2.1798e-05,0,0,0.0472362,0.25,0.97051,0.66416,0.944196,0.944196,0,28,0.702,0.718058,0.706349,0.722222,0.723483,,,,,0,7.90887,0,6.95635,2.1471,2.72165,1.00275,0.670275,0.447317,1.2254,,
X1/grouped__f1_s0,177,2.0384e-05,0,0,0.0469347,0.25,0.964527,0.664777,0.938616,0.938616,0,28,0.707984,0.71344,0.712698,0.71746,0.723483,,,,,0,8.11392,0,7.20203,2.13985,2.65134,1.01379,0.678473,0.444283,1.199,,
X1/grouped__f1_s0,178,1.90303e-05,0,0,0.0466332,0.25,0.980996,0.68061,0.94029,0.94029,0,28,0.714865,0.71874,0.720635,0.722222,0.723483,,,,,0,8.10523,0,7.22701,2.0824,2.63117,0.998367,0.65921,0.430713,1.20155,,
X1/grouped__f1_s0,179,1.77372e-05,0,0,0.0463317,0.25,0.965033,0.66417,0.933036,0.933036,0,28,0.709967,0.719691,0.715873,0.72381,0.723483,,,,,0,8.12052,0,7.20375,2.17282,2.63366,0.990374,0.670955,0.429789,1.20345,,
X1/grouped__f1_s0,180,1.65051e-05,0,0,0.0460302,0.25,0.971427,0.668972,0.938616,0.938616,0,28,0.711286,0.718446,0.715873,0.722222,0.723483,,,,,0,8.44795,0,7.55318,2.17345,2.74612,1.03358,0.697433,0.447822,1.20982,,
X1/grouped__f1_s0,181,1.53342e-05,0,0,0.0457286,0.25,0.974048,0.67213,0.934152,0.934152,0,28,0.71197,0.716768,0.715873,0.720635,0.723483,,,,,0,9.0382,0,8.10496,2.44142,2.7025,1.01761,0.673972,0.442472,1.20767,,
X1/grouped__f1_s0,182,1.42248e-05,0,0,0.0454271,0.25,0.971624,0.666612,0.9375,0.9375,0,28,0.707095,0.713724,0.712698,0.71746,0.723483,,,,,0,8.41585,0,7.51463,2.2017,2.70379,1.00415,0.667654,0.445167,1.22005,,
X1/grouped__f1_s0,183,1.31773e-05,0,0,0.0451256,0.25,0.952881,0.653186,0.939174,0.939174,0,28,0.714407,0.716708,0.719048,0.720635,0.723483,,,,,0,7.52575,0,6.54113,2.1077,2.73573,0.965732,0.641111,0.437827,1.19878,,
X1/grouped__f1_s0,184,1.21919e-05,0,0,0.0448241,0.25,0.94292,0.647383,0.946429,0.946429,0,28,0.720128,0.719934,0.72381,0.72381,0.723483,,,,,0,8.04678,0,7.19906,2.15738,2.53521,0.989193,0.655825,0.431264,1.18215,,
X1/grouped__f1_s0,185,1.12689e-05,0,0,0.0445226,0.25,0.984313,0.682522,0.921317,0.921317,0,28,0.712325,0.713506,0.71746,0.71746,0.723483,,,,,0,8.8156,0,7.95166,2.28791,2.66642,1.03108,0.688962,0.442721,1.20716,,
X1/grouped__f1_s0,186,1.04085e-05,0,0,0.0442211,0.25,0.964246,0.664813,0.935268,0.935268,0,28,0.719667,0.718462,0.72381,0.722222,0.723483,,,,,0,8.58885,0,7.72554,2.25291,2.59071,1.02503,0.679759,0.443035,1.19773,,
X1/grouped__f1_s0,187,9.61089e-06,0,0,0.0439196,0.25,0.958618,0.656385,0.936384,0.936384,0,28,0.711754,0.71708,0.715873,0.720635,0.723483,,,,,0,8.96721,0,8.10144,2.307,2.61976,1.03847,0.684585,0.445495,1.20893,,
X1/grouped__f1_s0,188,8.87636e-06,0,0,0.0436181,0.25,0.93189,0.633075,0.946429,0.946429,0,28,0.715998,0.722048,0.720635,0.725397,0.723483,,,,,0,7.87631,0,7.01009,2.08844,2.59163,0.978565,0.651975,0.433765,1.19526,,
X1/grouped__f1_s0,189,8.20506e-06,0,0,0.0433166,0.25,0.923642,0.632071,0.941406,0.941406,0,28,0.712903,0.717317,0.715873,0.722222,0.723483,,,,,0,7.9756,0,6.99941,2.13868,2.83218,1.01675,0.662642,0.444558,1.16628,,
X1/grouped__f1_s0,190,7.59717e-06,0,0,0.0430151,0.25,0.953457,0.649912,0.933594,0.933594,0,28,0.720324,0.720215,0.72381,0.72381,0.723483,,,,,0,8.48975,0,7.59427,2.28514,2.6559,1.02392,0.679248,0.441405,1.21418,,
X1/grouped__f1_s0,191,7.05284e-06,0,0,0.0427136,0.25,0.933306,0.637199,0.9375,0.9375,0,28,0.719872,0.714461,0.72381,0.719048,0.723483,,,,,0,8.87858,0,7.99784,2.30959,2.63725,1.00855,0.66332,0.453334,1.18443,,
X1/grouped__f1_s0,192,6.57221e-06,0,0,0.0424121,0.25,0.92833,0.638271,0.940848,0.940848,0,28,0.714594,0.714794,0.719048,0.719048,0.723483,,,,,0,7.88588,0,7.00865,2.11117,2.58889,0.98513,0.640693,0.431293,1.16023,,
X1/grouped__f1_s0,193,6.15542e-06,0,0,0.0421106,0.25,0.914856,0.627475,0.940848,0.940848,0,28,0.710388,0.719205,0.715873,0.72381,0.723483,,,,,0,8.32577,0,7.45911,2.19839,2.60169,1.00972,0.657197,0.441726,1.14952,,
X1/grouped__f1_s0,194,5.80257e-06,0,0,0.041809,0.25,0.910435,0.62542,0.935826,0.935826,0,28,0.713904,0.720729,0.719048,0.72381,0.723483,,,,,0,8.26315,0,7.40187,2.13212,2.63036,1.00153,0.661731,0.431893,1.14006,,
X1/grouped__f1_s0,195,5.51374e-06,0,0,0.0415075,0.25,0.93156,0.640506,0.930246,0.930246,0,28,0.718315,0.717029,0.72381,0.720635,0.723483,,,,,0,8.18165,0,7.36502,2.11271,2.51781,0.992459,0.652547,0.429314,1.16422,,
X1/grouped__f1_s0,196,5.28902e-06,0,0,0.041206,0.25,0.92974,0.630439,0.943638,0.943638,0,28,0.70892,0.719439,0.714286,0.72381,0.723483,,,,,0,7.92387,0,7.05986,2.10607,2.54409,0.987533,0.649768,0.447694,1.19721,,
X1/grouped__f1_s0,197,5.12847e-06,0,0,0.0409045,0.25,0.916192,0.623912,0.939732,0.939732,0,28,0.71077,0.716962,0.715873,0.720635,0.723483,,,,,0,8.09751,0,7.15319,2.36225,2.59867,0.989577,0.641908,0.433902,1.16912,,
X1/grouped__f1_s0,198,5.03212e-06,0,0,0.040603,0.25,0.903272,0.611028,0.948103,0.948103,0,28,0.710169,0.719103,0.715873,0.722222,0.723483,,,,,0,7.68379,0,6.70229,2.10103,2.73531,0.98591,0.660897,0.446481,1.16897,,
X1/grouped__f1_s0,199,5e-06,0,0,0.0403015,0.25,0.888083,0.597077,0.946429,0.946429,0,28,0.718071,0.718083,0.722222,0.720635,0.723483,,,,,0,7.77894,0,6.91763,2.04813,2.49943,0.945271,0.620966,0.440383,1.16402,,
X1/grouped__f1_s0,200,5e-06,0,0,0.04,0.25,0.877567,0.599348,0.941964,0.941964,0,28,0.717561,0.717036,0.722222,0.720635,0.723483,0.997,0.997,0.0705804,0.0786931,0,7.6629,0,6.74416,2.10149,2.60538,0.987438,0.642428,0.450081,1.11288,63.9869,36.0131
X1/grouped__f1_s1,1,0.0002,1,0,0.1,0.647725,8.37431,5.45949,0.015625,0.0167411,0,28,0.0124827,0.0103092,0.0444444,0.0412698,0.0124827,0.052,0.048,4.3714,4.42537,0.142857,49.4399,5,40.6436,25.9479,8.81957,8.41395,2.39835,0.0954673,4.50009,0.104722,99.8953
X1/grouped__f1_s1,2,0.0003,1,0,0.0996985,0.64545,7.417,4.51243,0.0217634,0.0407366,0,28,0.0341202,0.0260174,0.0809524,0.0730159,0.0341202,0.085,0.078,3.88773,3.91457,0.0119048,20.5529,0,14.0632,12.4333,4.51339,5.31054,2.17374,0.0930223,4.50008,0.706014,99.294
X1/grouped__f1_s1,3,0.0004,1,0,0.099397,0.643175,7.0335,4.14242,0.046875,0.0731027,0,28,0.0706982,0.0646694,0.109524,0.0952381,0.0706982,0.11,0.112,3.51086,3.52731,0,11.4464,0,5.14778,7.82982,4.00444,4.25351,2.19245,0.097806,4.495,6.11069,93.8893
X1/grouped__f1_s1,4,0.0005,1,0,0.0990955,0.6409,6.93529,4.06769,0.0385045,0.0797991,0,28,0.070195,0.104553,0.104762,0.136508,0.104553,0.117,0.142,3.49276,3.41613,0,7.21081,0,2.01842,4.03964,3.746,3.69765,2.24701,0.12564,4.47433,12.6584,87.3416
X1/grouped__f1_s1,5,0.000499968,1,0,0.098794,0.638625,6.83892,4.04369,0.0530134,0.0920759,0,28,0.0888377,0.117002,0.122222,0.15873,0.117002,0.134,0.169,3.39635,3.31149,0,6.10007,0,1.66576,3.16915,3.32918,3.28433,2.32938,0.237794,4.37695,12.2627,87.7373
X1/grouped__f1_s1,6,0.000499872,1,0,0.0984925,0.63635,6.53763,3.83077,0.0747768,0.116629,0,28,0.118153,0.130525,0.168254,0.17619,0.130525,0.186,0.184,3.23257,3.19464,0,6.69986,0,1.81182,3.61414,3.78816,3.14587,2.28598,0.351925,4.25373,11.8025,88.1975
X1/grouped__f1_s1,7,0.000499711,1,0,0.098191,0.634075,6.49139,3.79617,0.0842634,0.137277,0,28,0.109115,0.156118,0.155556,0.195238,0.156118,0.193,0.204,3.13366,3.08407,0,5.9615,0,1.3776,2.80312,3.89298,2.91268,2.18107,0.347718,4.25063,12.1832,87.8168
X1/grouped__f1_s1,8,0.000499486,1,0,0.0978894,0.6318,6.40074,3.72987,0.101563,0.142299,0,28,0.163595,0.157416,0.215873,0.198413,0.163595,0.214,0.243,3.00441,2.96973,0,5.61715,0,1.09507,2.1983,3.9327,2.86629,2.26824,0.375277,4.2274,12.2385,87.7615
X1/grouped__f1_s1,9,0.000499197,1,0,0.0975879,0.629525,6.37328,3.71701,0.0970982,0.141183,0,28,0.151374,0.191661,0.190476,0.234921,0.191661,0.212,0.249,2.98827,2.92134,0,5.42169,0,1.0426,1.99128,3.88829,2.71114,2.24265,0.396606,4.21948,11.9695,88.0305
X1/grouped__f1_s1,10,0.000498845,1,0,0.0972864,0.62725,6.25567,3.6389,0.077567,0.15904,0,28,0.176302,0.185329,0.226984,0.228571,0.191661,,,,,0,5.84869,0,1.01539,2.00869,4.52846,2.63685,2.195,0.423987,4.17181,,
X1/grouped__f1_s1,11,0.000498428,1,0,0.0969849,0.624975,6.14661,3.56745,0.111049,0.175781,0,28,0.174413,0.200061,0.219048,0.242857,0.200061,0.246,0.29,2.90499,2.77279,0,6.01321,0,1.06389,2.15931,4.61929,2.60219,2.20995,0.465468,4.12681,9.74192,90.2581
X1/grouped__f1_s1,12,0.000497947,1,0,0.0966834,0.6227,6.15427,3.58317,0.0976563,0.182478,0,28,0.186087,0.227803,0.233333,0.265079,0.227803,0.256,0.287,2.80086,2.74419,0,5.82679,0,1.08676,2.1089,4.50467,2.46359,2.21353,0.457082,4.12896,10.6805,89.3195
X1/grouped__f1_s1,13,0.000497403,1,0,0.0963819,0.620425,6.12453,3.58644,0.117188,0.186384,0,28,0.219543,0.222877,0.261905,0.266667,0.227803,,,,,0,5.73147,0,1.10556,1.83834,4.57794,2.44136,2.19375,0.473653,4.09088,,
X1/grouped__f1_s1,14,0.000496795,1,0,0.0960804,0.61815,6.1465,3.59049,0.126674,0.184152,0,28,0.199976,0.207299,0.246032,0.25873,0.227803,,,,,0,6.13967,0,1.46536,2.62323,4.3705,2.36627,2.19068,0.46579,4.13494,,
X1/grouped__f1_s1,15,0.000496124,1,0,0.0957789,0.615875,6.03686,3.51882,0.116071,0.204241,0,28,0.202659,0.256415,0.246032,0.293651,0.256415,0.269,0.311,2.74969,2.66567,0,5.50115,0,1.2038,2.05496,4.22139,2.29535,2.11697,0.443818,4.08856,12.1533,87.8467
X1/grouped__f1_s1,16,0.000495389,1,0,0.0954774,0.6136,5.97122,3.47167,0.0881696,0.228237,0,28,0.180868,0.263638,0.233333,0.304762,0.263638,0.258,0.309,2.75854,2.65284,0,6.20819,0,1.26932,2.19126,5.00897,2.2237,2.11203,0.446727,4.07357,15.5885,84.4115
X1/grouped__f1_s1,17,0.000494592,1,0,0.0951759,0.611325,5.79493,3.34665,0.105469,0.222656,0,28,0.22606,0.267503,0.269841,0.304762,0.267503,0.319,0.334,2.61052,2.56699,0,6.57315,0,1.73965,2.19401,5.3018,2.31187,2.13425,0.496013,4.00486,12.9239,87.0761
X1/grouped__f1_s1,18,0.000493731,1,0,0.0948744,0.60905,5.82963,3.39129,0.117188,0.230469,0,28,0.225845,0.2636,0.27619,0.303175,0.267503,,,,,0,6.47766,0,1.66356,1.85353,5.37379,2.24779,2.14319,0.498215,4.00353,,
X1/grouped__f1_s1,19,0.000492808,1,0,0.0945729,0.606775,5.87034,3.42319,0.118862,0.229911,0,28,0.235889,0.28071,0.28254,0.319048,0.28071,0.316,0.347,2.47502,2.46672,0,6.23735,0,2.28242,2.13325,4.78202,2.16156,2.11795,0.47975,4.03304,11.732,88.2681
X1/grouped__f1_s1,20,0.000491823,1,0,0.0942714,0.6045,5.8778,3.43832,0.104353,0.228237,0,28,0.24469,0.267656,0.295238,0.312698,0.28071,,,,,0,7.19375,0,2.97003,2.18267,5.54511,2.18057,2.14773,0.488578,4.03554,,
X1/grouped__f1_s1,21,0.000490775,1,0,0.0939698,0.602225,5.88452,3.45433,0.126116,0.233817,0,28,0.251084,0.283731,0.309524,0.322222,0.283731,0.341,0.366,2.51313,2.45006,0,7.59984,0,3.75833,2.11529,5.48893,2.11759,2.19253,0.496433,4.03535,17.8434,82.1566
X1/grouped__f1_s1,22,0.000489666,1,0,0.0936683,0.59995,5.65321,3.28726,0.145089,0.260045,0,28,0.278489,0.29461,0.309524,0.326984,0.29461,0.354,0.379,2.37862,2.45241,0,7.34648,0,3.68663,2.10668,5.43788,2.1087,2.16371,0.50749,3.94358,20.8279,79.1721
X1/grouped__f1_s1,23,0.000488495,1,0,0.0933668,0.597675,5.56661,3.25107,0.138393,0.263951,0,28,0.231777,0.283711,0.269841,0.326984,0.29461,,,,,0,9.15703,0,5.31294,2.50015,6.21296,2.1474,2.14763,0.545017,3.87425,,
X1/grouped__f1_s1,24,0.000487263,1,0,0.0930653,0.5954,5.48506,3.19602,0.200893,0.292969,0,28,0.306349,0.292043,0.34127,0.333333,0.306349,0.374,0.367,2.29383,2.38159,0,7.5508,0,4.26708,2.36068,5.11428,1.97769,2.01717,0.548838,3.84455,18.4304,81.5696
X1/grouped__f1_s1,25,0.00048597,1,0,0.0927638,0.593125,5.47958,3.21383,0.139509,0.300223,0,28,0.275712,0.296137,0.330159,0.338095,0.306349,0.383,0.372,2.2761,2.35324,0,7.36493,0,3.65285,2.05207,5.46506,2.02294,2.07431,0.582378,3.82002,21.279,78.721
X1/grouped__f1_s1,26,0.000484616,1,0,0.0924623,0.59085,5.37053,3.12431,0.130022,0.317522,0,28,0.3322,0.283586,0.37619,0.32381,0.3322,0.437,0.376,2.09821,2.36036,0,7.54467,0,3.9574,2.17727,5.46549,2.0035,2.03178,0.572797,3.80168,24.2601,75.7399
X1/grouped__f1_s1,27,0.000483202,1,0,0.0921608,0.588575,5.37523,3.15994,0.121094,0.324777,0,28,0.338185,0.315854,0.377778,0.355556,0.338185,0.421,0.399,2.17414,2.2334,0,7.43354,0,4.32826,2.05358,5.12247,1.94914,2.0112,0.59612,3.76381,20.5763,79.4237
X1/grouped__f1_s1,28,0.000481728,1,0,0.0918593,0.5863,5.25503,3.07987,0.203125,0.334821,0,28,0.382271,0.338829,0.41746,0.379365,0.382271,0.451,0.398,2.05552,2.20734,0,8.05896,0,4.94397,1.95816,5.39987,1.98551,2.06755,0.627395,3.70998,23.6094,76.3906
X1/grouped__f1_s1,29,0.000480195,1,0,0.0915578,0.584025,5.26792,3.09641,0.198661,0.348214,0,28,0.332947,0.33939,0.366667,0.379365,0.382271,,,,,0,7.97026,0,5.02458,2.01034,5.21849,1.92653,2.03815,0.607233,3.71818,,
X1/grouped__f1_s1,30,0.000478603,1,0,0.0912563,0.58175,5.25127,3.09628,0.163504,0.336496,0,28,0.362757,0.346914,0.403175,0.390476,0.382271,,,,,0,8.30438,0,5.47202,2.04886,5.22908,1.9442,2.04858,0.615917,3.70433,,
X1/grouped__f1_s1,31,0.000476951,0,0,0.0909548,0.579475,4.29695,2.40273,0.4375,0.4375,0,28,0.284813,0.370799,0.303175,0.409524,0.382271,,,,,0,9.45634,0,6.77439,2.4821,5.38352,2.14659,1.9856,0.734066,3.26885,,
X1/grouped__f1_s1,32,0.000475242,0,0,0.0906533,0.5772,4.25519,2.37518,0.452567,0.452567,0,28,0.403532,0.422937,0.431746,0.450794,0.422937,0.528,0.541,1.62659,1.75265,0,11.1606,0,8.67931,3.03137,5.4695,2.11567,1.903,0.798157,3.25713,19.9161,80.0839
X1/grouped__f1_s1,33,0.000473475,0,0,0.0903518,0.574925,4.12915,2.30675,0.468192,0.468192,0,28,0.414357,0.414177,0.439683,0.442857,0.422937,,,,,0,14.9691,0,13.0643,2.98206,5.59746,2.13403,1.93956,0.844619,3.16981,,
X1/grouped__f1_s1,34,0.00047165,0,0,0.0900503,0.57265,4.01464,2.22912,0.493862,0.493862,0,28,0.383427,0.412463,0.41746,0.446032,0.422937,,,,,0,12.1598,0,9.81429,2.8606,5.576,2.07483,1.86933,0.845394,3.11799,,
X1/grouped__f1_s1,35,0.000469769,0,0,0.0897487,0.570375,4.01061,2.24016,0.486049,0.486049,0,28,0.411221,0.455142,0.431746,0.480952,0.455142,0.519,0.583,1.63908,1.56227,0,14.2918,0,11.8125,3.03504,6.14742,2.09499,1.89093,0.857253,3.10401,22.1344,77.8656
X1/grouped__f1_s1,36,0.000467831,0,0,0.0894472,0.5681,3.88582,2.16617,0.511719,0.511719,0,28,0.432926,0.466348,0.468254,0.492063,0.466348,0.546,0.581,1.52187,1.51913,0,12.6414,0,10.5746,2.87707,5.47036,1.97754,1.7569,0.839823,3.02702,23.2347,76.7653
X1/grouped__f1_s1,37,0.000465837,0,0,0.0891457,0.565825,3.84898,2.14248,0.510045,0.510045,0,28,0.481433,0.459218,0.506349,0.484127,0.481433,0.587,0.577,1.39884,1.49847,0,13.8574,0,11.8574,2.77376,5.52327,2.02538,1.8402,0.872957,3.01595,22.6147,77.3853
X1/grouped__f1_s1,38,0.000463788,0,0,0.0888442,0.56355,3.79687,2.13208,0.523996,0.523996,0,28,0.455129,0.47558,0.48254,0.498413,0.481433,,,,,0,13.4135,0,11.3347,2.81327,5.46155,1.98844,1.8058,0.881296,2.9541,,
X1/grouped__f1_s1,39,0.000461685,0,0,0.0885427,0.561275,3.66664,2.05935,0.544085,0.544085,0,28,0.373566,0.493576,0.396825,0.509524,0.493576,0.462,0.609,1.68684,1.38717,0,14.1461,0,12.0042,2.60579,5.79286,1.93443,1.73016,0.859194,2.86363,28.0462,71.9538
X1/grouped__f1_s1,40,0.000459526,0,0,0.0882412,0.559,3.66301,2.05611,0.555246,0.555246,0,28,0.366485,0.502214,0.385714,0.51746,0.502214,0.489,0.629,1.74801,1.34949,0,14.8946,0,12.6367,3.08031,5.90513,1.95936,1.75461,0.891682,2.87459,35.1977,64.8023
X1/grouped__f1_s1,41,0.000457314,0,0,0.0879397,0.556725,3.59579,2.01747,0.550781,0.550781,0,28,0.442713,0.518798,0.457143,0.536508,0.518798,0.539,0.643,1.53499,1.28497,0,13.2383,0,10.8899,2.70395,6.20044,1.93945,1.76678,0.888197,2.83501,32.0534,67.9466
X1/grouped__f1_s1,42,0.000455049,0,0,0.0876382,0.55445,3.5541,1.99218,0.555246,0.555246,0,28,0.332135,0.532031,0.371429,0.546032,0.532031,0.41,0.656,2.02095,1.21868,0,14.9192,0,12.8156,3.07401,6.2638,1.94746,1.75688,0.898357,2.81706,30.4754,69.5246
X1/grouped__f1_s1,43,0.000452732,0,0,0.0873367,0.552175,3.49595,1.97131,0.555246,0.555246,0,28,0.429285,0.536415,0.466667,0.547619,0.536415,0.518,0.664,1.59009,1.21818,0,12.489,0,9.64762,2.81117,6.68048,1.96587,1.79979,0.920872,2.76114,33.5998,66.4002
X1/grouped__f1_s1,44,0.000450362,0,0,0.0870352,0.5499,3.44261,1.93797,0.577567,0.577567,0,28,0.548748,0.504114,0.561905,0.51746,0.548748,0.686,0.652,1.114,1.27677,0,11.9788,0,9.92892,2.66126,5.37803,1.86559,1.6703,0.90426,2.7362,32.8079,67.1921
X1/grouped__f1_s1,45,0.000447941,0,0,0.0867337,0.547625,3.40012,1.91145,0.589286,0.589286,0,28,0.49332,0.511458,0.506349,0.526984,0.548748,,,,,0,12.0186,0,9.89222,2.95371,5.42115,1.85712,1.66831,0.896698,2.71841,,
X1/grouped__f1_s1,46,0.000445469,0,0,0.0864322,0.54535,3.37572,1.89884,0.576451,0.576451,0,28,0.414595,0.441153,0.431746,0.468254,0.548748,,,,,0,14.061,0,12.0911,2.89795,5.61692,1.85893,1.67849,0.907021,2.70814,,
X1/grouped__f1_s1,47,0.000442948,0,0,0.0861307,0.543075,3.36628,1.90321,0.576451,0.576451,0,28,0.486257,0.497225,0.509524,0.512698,0.548748,,,,,0,13.4874,0,11.1564,2.84358,6.18868,1.9029,1.71301,0.910011,2.69405,,
X1/grouped__f1_s1,48,0.000440376,0,0,0.0858291,0.5408,3.28375,1.84524,0.59654,0.59654,0,28,0.519963,0.567652,0.522222,0.577778,0.567652,0.648,0.713,1.14949,1.0408,0,13.1414,0,11.2521,2.67262,5.51264,1.87534,1.67898,0.911287,2.65997,37.618,62.382
X1/grouped__f1_s1,49,0.000437756,0,0,0.0855276,0.538525,3.3229,1.88857,0.578683,0.578683,0,28,0.377096,0.578969,0.41746,0.585714,0.578969,0.495,0.711,1.62335,1.01331,0,15.7582,0,13.6802,2.98745,6.14939,1.83672,1.66003,0.915145,2.66344,38.4671,61.5329
X1/grouped__f1_s1,50,0.000435088,0,0,0.0852261,0.53625,3.21741,1.82919,0.603237,0.603237,0,28,0.550648,0.558257,0.568254,0.574603,0.578969,0.694,0.706,1.0275,1.05842,0,12.7992,0,10.709,2.68934,5.55124,1.83883,1.66306,0.908153,2.58876,36.8338,63.1662
X1/grouped__f1_s1,51,0.000432373,0,0,0.0849246,0.533975,3.15676,1.79469,0.625,0.625,0,28,0.555105,0.583837,0.573016,0.590476,0.583837,0.704,0.726,0.982101,1.0017,0,12.3866,0,10.5385,2.5993,5.1674,1.76242,1.59973,0.899638,2.55081,41.5686,58.4314
X1/grouped__f1_s1,52,0.000429611,0,0,0.0846231,0.5317,3.13238,1.7717,0.627232,0.627232,0,28,0.546444,0.567437,0.566667,0.573016,0.583837,,,,,0,12.4095,0,10.7114,2.67946,4.79651,1.78358,1.60162,0.914724,2.55912,,
X1/grouped__f1_s1,53,0.000426803,0,0,0.0843216,0.529425,3.06087,1.73365,0.639509,0.639509,0,28,0.525143,0.559896,0.539683,0.566667,0.583837,,,,,0,11.1906,0,9.17493,2.68197,5.20605,1.76482,1.58971,0.914601,2.5069,,
X1/grouped__f1_s1,54,0.000423949,0,0,0.0840201,0.52715,3.01957,1.70923,0.640625,0.640625,0,28,0.486439,0.58491,0.507937,0.595238,0.58491,0.621,0.725,1.23533,0.943585,0,12.0074,0,10.4323,2.89546,4.54493,1.74842,1.55392,0.925639,2.48571,44.1109,55.8891
X1/grouped__f1_s1,55,0.000421051,0,0,0.0837186,0.524875,2.99424,1.71032,0.648438,0.648438,0,28,0.460357,0.58746,0.487302,0.596825,0.58746,0.588,0.741,1.31035,0.916758,0,12.6171,0,10.7667,2.84773,5.35222,1.75697,1.55741,0.939907,2.44615,40.728,59.272
X1/grouped__f1_s1,56,0.00041811,0,0,0.0834171,0.5226,2.97324,1.69411,0.65625,0.65625,0,28,0.54681,0.583516,0.557143,0.596825,0.58746,,,,,0,12.1142,0,10.0569,2.65369,5.42075,1.7176,1.54241,0.899658,2.44762,,
X1/grouped__f1_s1,57,0.000415125,0,0,0.0831156,0.520325,2.92653,1.66353,0.654576,0.654576,0,28,0.516312,0.615547,0.530159,0.62381,0.615547,0.682,0.767,0.995181,0.824519,0,14.0788,0,12.4618,2.91679,4.85438,1.71638,1.51508,0.905197,2.42732,42.1031,57.8969
X1/grouped__f1_s1,58,0.000412098,0,0,0.0828141,0.51805,2.84857,1.62595,0.670201,0.670201,0,28,0.508578,0.60385,0.531746,0.614286,0.615547,,,,,0,11.3855,0,8.95998,2.65252,5.93147,1.73282,1.50437,0.892489,2.36003,,
X1/grouped__f1_s1,59,0.00040903,0,0,0.0825126,0.515775,2.84797,1.63862,0.665737,0.665737,0,28,0.54467,0.617179,0.560317,0.622222,0.617179,0.71,0.782,0.919061,0.791124,0,12.8418,0,11.1082,2.85545,4.94799,1.70593,1.51082,0.924345,2.34471,44.1368,55.8632
X1/grouped__f1_s1,60,0.000405921,0,0,0.0822111,0.5135,2.80608,1.6069,0.669643,0.669643,0,28,0.514922,0.597772,0.538095,0.606349,0.617179,,,,,0,12.1299,0,10.0578,2.82718,5.44183,1.7232,1.52981,0.94691,2.33531,,
X1/grouped__f1_s1,61,0.000402773,0,0,0.0819095,0.511225,2.74482,1.56863,0.691406,0.691406,0,28,0.592094,0.623025,0.612698,0.628571,0.623025,0.747,0.775,0.796152,0.821535,0,11.9993,0,10.1576,2.79196,5.06165,1.68772,1.46834,0.922469,2.30073,46.8634,53.1366
X1/grouped__f1_s1,62,0.000399585,0,0,0.081608,0.50895,2.86654,1.6461,0.65625,0.65625,0,28,0.576355,0.617854,0.592063,0.62381,0.623025,,,,,0,15.56,0,13.6949,3.49516,5.66989,1.74305,1.51289,0.943346,2.39796,,
X1/grouped__f1_s1,63,0.000396359,0,0,0.0813065,0.506675,2.74411,1.59061,0.689732,0.689732,0,28,0.572224,0.6235,0.585714,0.633333,0.6235,0.746,0.783,0.837241,0.760697,0,12.2796,0,10.1663,2.72693,5.53165,1.72818,1.49642,0.91541,2.27659,50.1977,49.8023
X1/grouped__f1_s1,64,0.000393096,0,0,0.081005,0.5044,2.77087,1.6025,0.685268,0.685268,0,28,0.58963,0.624921,0.606349,0.631746,0.624921,0.741,0.793,0.793592,0.718414,0,12.9288,0,11.0041,2.59185,5.65652,1.69188,1.49779,0.930063,2.31637,45.4393,54.5607
X1/grouped__f1_s1,65,0.000389796,0,0,0.0807035,0.502125,2.69818,1.58991,0.676897,0.676897,0,28,0.588077,0.631371,0.606349,0.64127,0.631371,0.754,0.802,0.780081,0.694842,0,12.8821,0,10.9327,2.72305,5.57288,1.7328,1.53542,0.92758,2.20716,44.2482,55.7518
X1/grouped__f1_s1,66,0.000386461,0,0,0.080402,0.49985,2.65385,1.52935,0.695313,0.695313,0,28,0.567267,0.633239,0.584127,0.639683,0.633239,0.723,0.814,0.89835,0.690551,0,14.2775,0,12.5817,2.98352,5.27679,1.61677,1.40232,0.928695,2.24967,45.8889,54.1111
X1/grouped__f1_s1,67,0.000383091,0,0,0.0801005,0.497575,2.64168,1.53027,0.700893,0.700893,0,28,0.588208,0.632837,0.595238,0.64127,0.633239,,,,,0,14.1856,0,12.3939,2.70866,5.48135,1.63552,1.45153,0.920973,2.23366,,
X1/grouped__f1_s1,68,0.000379687,0,0,0.079799,0.4953,2.57153,1.48226,0.72433,0.72433,0,28,0.495843,0.615739,0.519048,0.62381,0.633239,,,,,0,12.651,0,10.9763,2.75542,4.80951,1.62994,1.41058,0.919672,2.19921,,
X1/grouped__f1_s1,69,0.00037625,0,0,0.0794975,0.493025,2.58628,1.49942,0.723214,0.723214,0,28,0.609018,0.638848,0.622222,0.649206,0.638848,0.769,0.822,0.718183,0.637834,0,15.0528,0,13.2466,2.95209,5.60784,1.65469,1.43139,0.921387,2.20448,47.7226,52.2774
X1/grouped__f1_s1,70,0.000372781,0,0,0.079196,0.49075,2.58127,1.50022,0.71596,0.71596,0,28,0.614598,0.647811,0.619048,0.653968,0.647811,0.786,0.813,0.711203,0.676349,0,14.2404,0,12.7377,3.23169,4.70622,1.588,1.35402,0.902104,2.20284,50.8443,49.1557
X1/grouped__f1_s1,71,0.000369281,0,0,0.0788945,0.488475,2.50961,1.45412,0.728237,0.728237,0,28,0.615869,0.627062,0.628571,0.638095,0.647811,,,,,0,12.0257,0,10.2285,2.7848,4.97757,1.56871,1.34735,0.889605,2.16079,,
X1/grouped__f1_s1,72,0.00036575,0,0,0.078593,0.4862,2.47369,1.43482,0.737723,0.737723,0,28,0.615005,0.627821,0.62381,0.633333,0.647811,,,,,0,13.9247,0,12.5513,2.72933,4.67944,1.5809,1.33961,0.889394,2.13672,,
X1/grouped__f1_s1,73,0.00036219,0,0,0.0782915,0.483925,2.45612,1.42929,0.729353,0.729353,0,28,0.60288,0.61088,0.609524,0.622222,0.647811,,,,,0,12.0661,0,9.77654,3.06482,5.85274,1.60655,1.34975,0.904135,2.12188,,
X1/grouped__f1_s1,74,0.000358601,0,0,0.0779899,0.48165,2.40776,1.39547,0.734933,0.734933,0,28,0.549091,0.601402,0.565079,0.61746,0.647811,,,,,0,12.3451,0,10.5903,2.97977,4.97457,1.56505,1.31966,0.89313,2.10171,,
X1/grouped__f1_s1,75,0.000354985,0,0,0.0776884,0.479375,2.52119,1.46466,0.724888,0.724888,0,28,0.591443,0.525224,0.607937,0.546032,0.647811,0.807,0.704,0.6379,1.00967,0,16.2747,0,14.6336,3.51855,5.3284,1.64072,1.39571,0.936654,2.20398,61.5577,38.4423
X1/grouped__f1_s1,76,0.000351343,0,0,0.0773869,0.4771,2.39029,1.39748,0.738281,0.738281,0,28,0.625825,0.642436,0.630159,0.650794,0.647811,,,,,0,12.8226,0,11.2432,2.92484,4.65826,1.57325,1.32143,0.884569,2.08092,,
X1/grouped__f1_s1,77,0.000347674,0,0,0.0770854,0.474825,2.31139,1.35636,0.756696,0.756696,0,28,0.648081,0.650963,0.650794,0.655556,0.650963,0.836,0.838,0.539938,0.569454,0,12.1948,0,10.6107,2.72786,4.57078,1.50964,1.29246,0.881063,2.01134,49.2093,50.7907
X1/grouped__f1_s1,78,0.000343981,0,0,0.0767839,0.47255,2.26618,1.31554,0.780134,0.780134,0,28,0.539199,0.654535,0.549206,0.661905,0.654535,0.753,0.85,0.761692,0.526839,0,12.572,0,10.9531,2.53315,4.84326,1.46699,1.21266,0.862109,2.01171,51.0547,48.9453
X1/grouped__f1_s1,79,0.000340265,0,0,0.0764824,0.470275,2.30151,1.35262,0.755022,0.755022,0,28,0.636196,0.659925,0.649206,0.666667,0.659925,0.842,0.867,0.562296,0.503,0,12.3946,0,10.578,3.13784,4.99545,1.59135,1.33301,0.903321,2.01774,50.2274,49.7726
X1/grouped__f1_s1,80,0.000336525,0,0,0.0761809,0.468,2.26743,1.32174,0.758929,0.758929,0,28,0.600402,0.644497,0.607937,0.652381,0.659925,,,,,0,12.69,0,10.8267,2.61954,5.46885,1.54242,1.2841,0.888855,2.0207,,
X1/grouped__f1_s1,81,0.000332764,0,0,0.0758794,0.465725,2.26149,1.33935,0.759487,0.759487,0,28,0.640551,0.647001,0.649206,0.655556,0.659925,,,,,0,13.5173,0,12.1123,2.75055,4.70887,1.53351,1.28167,0.882795,1.98002,,
X1/grouped__f1_s1,82,0.000328982,0,0,0.0755779,0.46345,2.1789,1.27269,0.798549,0.798549,0,28,0.531776,0.651358,0.54127,0.660317,0.659925,,,,,0,12.3844,0,10.9902,2.72489,4.294,1.45604,1.2047,0.862682,1.95536,,
X1/grouped__f1_s1,83,0.00032518,0,0,0.0752764,0.461175,2.21793,1.31247,0.78404,0.78404,0,28,0.644967,0.679131,0.652381,0.684127,0.679131,0.857,0.878,0.501966,0.464696,0,13.3669,0,11.65,3.01531,5.10057,1.53239,1.27708,0.883058,1.96338,51.8467,48.1533
X1/grouped__f1_s1,84,0.000321359,0,0,0.0749749,0.4589,2.17086,1.2822,0.779576,0.779576,0,28,0.653541,0.672048,0.665079,0.677778,0.679131,,,,,0,13.807,0,12.5488,2.72986,4.41447,1.50697,1.25704,0.885562,1.93651,,
X1/grouped__f1_s1,85,0.00031752,0,0,0.0746734,0.456625,2.13149,1.26352,0.782924,0.782924,0,28,0.601456,0.673109,0.612698,0.680952,0.679131,,,,,0,12.2215,0,10.6757,2.73873,4.62674,1.48678,1.22002,0.852546,1.90084,,
X1/grouped__f1_s1,86,0.000313664,0,0,0.0743719,0.45435,2.09177,1.23392,0.803013,0.803013,0,28,0.650757,0.673282,0.655556,0.679365,0.679131,,,,,0,12.2564,0,10.8665,2.60898,4.52073,1.4657,1.21288,0.842477,1.88809,,
X1/grouped__f1_s1,87,0.000309793,0,0,0.0740704,0.452075,2.0813,1.23835,0.806362,0.806362,0,28,0.614103,0.668206,0.61746,0.671429,0.679131,,,,,0,10.7991,0,9.03116,2.57107,4.76645,1.43573,1.17746,0.869628,1.86464,,
X1/grouped__f1_s1,88,0.000305907,0,0,0.0737688,0.4498,2.04,1.21258,0.814732,0.814732,0,28,0.661787,0.67254,0.674603,0.677778,0.679131,,,,,0,12.0992,0,10.4551,2.86762,4.84857,1.4045,1.14397,0.812661,1.83953,,
X1/grouped__f1_s1,89,0.000302006,0,0,0.0734673,0.447525,2.02849,1.19847,0.81529,0.81529,0,28,0.587283,0.669293,0.595238,0.673016,0.679131,,,,,0,13.5827,0,12.2694,2.9864,4.28363,1.41562,1.14381,0.849136,1.8547,,
X1/grouped__f1_s1,90,0.000298093,0,0,0.0731658,0.44525,2.03196,1.21819,0.803013,0.803013,0,28,0.652916,0.674304,0.663492,0.679365,0.679131,,,,,0,13.2613,0,11.8098,2.91728,4.66507,1.46278,1.17962,0.85899,1.82766,,
X1/grouped__f1_s1,91,0.000294168,0,0,0.0728643,0.442975,2.00515,1.2019,0.819754,0.819754,0,28,0.570911,0.68867,0.585714,0.695238,0.68867,0.789,0.903,0.658308,0.388196,0,12.4628,0,11.0055,2.96735,4.48069,1.44539,1.17603,0.828662,1.81331,54.9597,45.0403
X1/grouped__f1_s1,92,0.000290233,0,0,0.0725628,0.4407,2.01004,1.20021,0.804688,0.804688,0,28,0.617865,0.680714,0.630159,0.687302,0.68867,,,,,0,13.0109,0,11.2976,2.74883,5.27395,1.46726,1.172,0.836261,1.83762,,
X1/grouped__f1_s1,93,0.000286287,0,0,0.0722613,0.438425,1.99673,1.1882,0.813616,0.813616,0,28,0.65539,0.678547,0.666667,0.685714,0.68867,,,,,0,13.167,0,11.8643,3.00568,4.27295,1.44348,1.15756,0.8587,1.84417,,
X1/grouped__f1_s1,94,0.000282333,0,0,0.0719598,0.43615,1.93816,1.16519,0.825335,0.825335,0,28,0.590701,0.684654,0.588889,0.690476,0.68867,,,,,0,13.2076,0,11.9069,2.85631,4.30148,1.41077,1.13432,0.810379,1.77225,,
X1/grouped__f1_s1,95,0.000278371,0,0,0.0716583,0.433875,1.99038,1.18922,0.795759,0.795759,0,28,0.467301,0.680573,0.490476,0.685714,0.68867,,,,,0,17.4056,0,15.8091,4.05468,4.91231,1.44571,1.14721,0.838529,1.84654,,
X1/grouped__f1_s1,96,0.000274402,0,0,0.0713568,0.4316,2.00197,1.19474,0.813616,0.813616,0,28,0.648951,0.598262,0.665079,0.612698,0.68867,,,,,0,12.4469,0,10.8441,2.80118,4.87006,1.4683,1.17391,0.83291,1.87032,,
X1/grouped__f1_s1,97,0.000270428,0,0,0.0710553,0.429325,1.89933,1.14229,0.825893,0.825893,0,28,0.574203,0.628037,0.595238,0.644444,0.68867,,,,,0,10.8319,0,9.48627,2.48784,4.10018,1.37725,1.09011,0.806116,1.76332,,
X1/grouped__f1_s1,98,0.000266449,0,0,0.0707538,0.42705,1.87449,1.12911,0.831473,0.831473,0,28,0.669041,0.67329,0.677778,0.685714,0.68867,,,,,0,10.6144,0,9.07966,2.57174,4.37905,1.35318,1.05949,0.803523,1.74542,,
X1/grouped__f1_s1,99,0.000262466,0,0,0.0704523,0.424775,1.80278,1.08054,0.845424,0.845424,0,28,0.637312,0.680812,0.655556,0.692063,0.68867,,,,,0,10.6033,0,9.31204,2.55206,3.86839,1.35269,1.07287,0.789459,1.7003,,
X1/grouped__f1_s1,100,0.000258481,0,0,0.0701508,0.4225,1.83442,1.11031,0.851563,0.851563,0,28,0.663403,0.6736,0.67619,0.685714,0.68867,0.919,0.92,0.335081,0.368536,0,11.5703,0,10.1016,2.73067,4.34344,1.35216,1.06906,0.784019,1.71386,56.4036,43.5964
X1/grouped__f1_s1,101,0.000254494,0,0,0.0698492,0.420225,1.87424,1.12682,0.835379,0.835379,0,28,0.661127,0.636888,0.666667,0.650794,0.68867,,,,,0,13.7996,0,12.4283,3.13469,4.37001,1.40779,1.09847,0.813107,1.77863,,
X1/grouped__f1_s1,102,0.000250506,0,0,0.0695477,0.41795,1.83387,1.10424,0.845982,0.845982,0,28,0.638557,0.641724,0.649206,0.657143,0.68867,,,,,0,11.3111,0,9.95524,2.53744,4.19105,1.34748,1.0483,0.777867,1.74575,,
X1/grouped__f1_s1,103,0.000246519,0,0,0.0692462,0.415675,1.79557,1.08828,0.838728,0.838728,0,28,0.653611,0.672967,0.661905,0.684127,0.68867,,,,,0,12.9649,0,11.6007,2.83248,4.31613,1.38185,1.07581,0.795713,1.70155,,
X1/grouped__f1_s1,104,0.000242534,0,0,0.0689447,0.4134,1.73206,1.04388,0.862165,0.862165,0,28,0.647771,0.684074,0.657143,0.693651,0.68867,,,,,0,10.3616,0,8.99793,2.65126,3.9442,1.27484,0.990642,0.762064,1.66467,,
X1/grouped__f1_s1,105,0.000238551,0,0,0.0686432,0.411125,1.76023,1.07334,0.849888,0.849888,0,28,0.659389,0.684474,0.660317,0.695238,0.68867,,,,,0,11.4244,0,10.1768,2.71668,3.8951,1.31756,1.01769,0.770369,1.67077,,
X1/grouped__f1_s1,106,0.000234572,0,0,0.0683417,0.40885,1.67034,1.01028,0.869978,0.869978,0,28,0.65285,0.69881,0.653968,0.709524,0.69881,0.929,0.941,0.297666,0.291688,0,10.273,0,8.98072,2.43946,3.87267,1.25876,0.984696,0.752415,1.61443,60.4881,39.5119
X1/grouped__f1_s1,107,0.000230598,0,0,0.0680402,0.406575,1.68561,1.02291,0.864955,0.864955,0,28,0.645906,0.688343,0.661905,0.696825,0.69881,,,,,0,11.1205,0,9.89868,2.6786,3.76009,1.27132,0.975673,0.764119,1.62996,,
X1/grouped__f1_s1,108,0.000226629,0,0,0.0677387,0.4043,1.6742,1.02381,0.861049,0.861049,0,28,0.624525,0.687024,0.631746,0.696825,0.69881,,,,,0,13.3106,0,12.0608,3.01453,4.13381,1.33428,1.02446,0.783034,1.60867,,
X1/grouped__f1_s1,109,0.000222667,0,0,0.0674372,0.402025,1.70433,1.05053,0.849888,0.849888,0,28,0.684754,0.691216,0.692063,0.7,0.69881,,,,,0,11.9519,0,10.7259,2.89456,3.91605,1.31978,1.02075,0.753982,1.62627,,
X1/grouped__f1_s1,110,0.000218713,0,0,0.0671357,0.39975,1.67835,1.02537,0.863839,0.863839,0,28,0.672537,0.692667,0.679365,0.7,0.69881,,,,,0,11.8811,0,10.5654,2.82399,4.02626,1.30706,1.00935,0.760118,1.63348,,
X1/grouped__f1_s1,111,0.000214767,0,0,0.0668342,0.397475,1.64977,1.01048,0.857701,0.857701,0,28,0.619144,0.685531,0.634921,0.693651,0.69881,,,,,0,12.8678,0,11.5796,2.63645,4.28262,1.28122,0.990792,0.754588,1.60839,,
X1/grouped__f1_s1,112,0.000210832,0,0,0.0665327,0.3952,1.64942,1.01249,0.864955,0.864955,0,28,0.655576,0.691064,0.668254,0.698413,0.69881,,,,,0,13.4482,0,12.3599,3.15392,3.74595,1.2581,0.955636,0.721588,1.61166,,
X1/grouped__f1_s1,113,0.000206907,0,0,0.0662312,0.392925,1.6359,1.0088,0.860491,0.860491,0,28,0.672798,0.687566,0.68254,0.695238,0.69881,,,,,0,11.7405,0,10.5575,2.95408,3.69666,1.30014,0.978219,0.749922,1.59598,,
X1/grouped__f1_s1,114,0.000202994,0,0,0.0659296,0.39065,1.62091,1.01166,0.864955,0.864955,0,28,0.653577,0.684948,0.660317,0.690476,0.69881,,,,,0,10.7071,0,9.27828,2.69088,4.13804,1.34653,1.03471,0.75982,1.55959,,
X1/grouped__f1_s1,115,0.000199093,0,0,0.0656281,0.388375,1.59311,0.985065,0.868862,0.868862,0,28,0.635392,0.664939,0.639683,0.671429,0.69881,,,,,0,9.81941,0,8.57772,2.56801,3.57362,1.24316,0.945425,0.724367,1.56562,,
X1/grouped__f1_s1,116,0.000195207,0,0,0.0653266,0.3861,1.54865,0.954403,0.888393,0.888393,0,28,0.671234,0.688311,0.677778,0.693651,0.69881,,,,,0,11.7047,0,10.6734,2.63804,3.50934,1.2204,0.913777,0.732435,1.53909,,
X1/grouped__f1_s1,117,0.000191336,0,0,0.0650251,0.383825,1.55281,0.964348,0.881138,0.881138,0,28,0.656564,0.681529,0.65873,0.690476,0.69881,,,,,0,11.3549,0,10.2167,2.76192,3.57669,1.23668,0.933687,0.717737,1.53314,,
X1/grouped__f1_s1,118,0.00018748,0,0,0.0647236,0.38155,1.51568,0.940783,0.888393,0.888393,0,28,0.66478,0.672663,0.674603,0.68254,0.69881,,,,,0,11.555,0,10.504,2.71607,3.48743,1.20943,0.908889,0.713067,1.50674,,
X1/grouped__f1_s1,119,0.000183641,0,0,0.0644221,0.379275,1.53364,0.954751,0.881138,0.881138,0,28,0.653108,0.680038,0.665079,0.687302,0.69881,,,,,0,10.5233,0,9.40752,2.62168,3.46327,1.23672,0.917998,0.715112,1.5263,,
X1/grouped__f1_s1,120,0.00017982,0,0,0.0641206,0.377,1.5129,0.948484,0.883929,0.883929,0,28,0.673527,0.6865,0.674603,0.693651,0.69881,,,,,0,11.2806,0,10.1682,2.73327,3.48883,1.24287,0.934823,0.705278,1.49714,,
X1/grouped__f1_s1,121,0.000176018,0,0,0.0638191,0.374725,1.44422,0.902115,0.90625,0.90625,0,28,0.667301,0.68234,0.666667,0.688889,0.69881,,,,,0,10.4983,0,9.49763,2.41004,3.29873,1.17816,0.877512,0.6782,1.44667,,
X1/grouped__f1_s1,122,0.000172236,0,0,0.0635176,0.37245,1.51273,0.947824,0.888951,0.888951,0,28,0.652674,0.684386,0.649206,0.690476,0.69881,,,,,0,12.5355,0,11.437,2.79464,3.82355,1.23653,0.924124,0.696309,1.51673,,
X1/grouped__f1_s1,123,0.000168475,0,0,0.0632161,0.370175,1.47227,0.928423,0.892299,0.892299,0,28,0.683282,0.689686,0.690476,0.693651,0.69881,,,,,0,11.6494,0,10.4656,2.83503,3.69636,1.22382,0.902306,0.699954,1.46917,,
X1/grouped__f1_s1,124,0.000164735,0,0,0.0629146,0.3679,1.44475,0.905189,0.901786,0.901786,0,28,0.678251,0.68469,0.679365,0.690476,0.69881,,,,,0,10.3965,0,9.21066,2.54421,3.61131,1.16675,0.867216,0.676383,1.46659,,
X1/grouped__f1_s1,125,0.000161019,0,0,0.0626131,0.365625,1.43517,0.90019,0.900112,0.900112,0,28,0.681459,0.684818,0.688889,0.692063,0.69881,0.968,0.976,0.181099,0.200931,0,10.3662,0,9.13729,2.69143,3.62447,1.18063,0.865106,0.672121,1.46319,59.5897,40.4103
X1/grouped__f1_s1,126,0.000157326,0,0,0.0623116,0.36335,1.42644,0.89512,0.910714,0.910714,0,28,0.675752,0.686482,0.677778,0.692063,0.69881,,,,,0,10.5273,0,9.54235,2.51153,3.22078,1.15269,0.848628,0.67019,1.46227,,
X1/grouped__f1_s1,127,0.000153657,0,0,0.0620101,0.361075,1.36628,0.862179,0.916295,0.916295,0,28,0.69534,0.692665,0.7,0.7,0.69881,,,,,0,10.6319,0,9.65107,2.53558,3.17518,1.12874,0.818963,0.651098,1.39612,,
X1/grouped__f1_s1,128,0.000150015,0,0,0.0617085,0.3588,1.42787,0.905945,0.896763,0.896763,0,28,0.694122,0.700926,0.7,0.709524,0.700926,0.979,0.978,0.170051,0.178714,0,11.411,0,10.3439,2.68976,3.51049,1.17543,0.860543,0.653974,1.45465,62.2208,37.7792
X1/grouped__f1_s1,129,0.000146399,0,0,0.061407,0.356525,1.40621,0.894113,0.901228,0.901228,0,28,0.686891,0.696771,0.690476,0.704762,0.700926,,,,,0,9.55596,0,8.35517,2.65049,3.35266,1.18102,0.875043,0.654655,1.43635,,
X1/grouped__f1_s1,130,0.00014281,0,0,0.0611055,0.35425,1.4227,0.91097,0.893415,0.893415,0,28,0.68275,0.697183,0.688889,0.7,0.700926,,,,,0,11.4819,0,10.411,2.94536,3.30774,1.18731,0.87618,0.663276,1.44454,,
X1/grouped__f1_s1,131,0.00013925,0,0,0.060804,0.351975,1.36292,0.869795,0.896205,0.896205,0,28,0.688131,0.693698,0.693651,0.696825,0.700926,,,,,0,10.187,0,9.09816,2.67915,3.2945,1.16532,0.853506,0.637811,1.40103,,
X1/grouped__f1_s1,132,0.000135719,0,0,0.0605025,0.3497,1.34959,0.859653,0.909598,0.909598,0,28,0.683167,0.689635,0.685714,0.693651,0.700926,,,,,0,9.52341,0,8.41982,2.3758,3.33629,1.11658,0.813713,0.621344,1.40101,,
X1/grouped__f1_s1,133,0.000132219,0,0,0.060201,0.347425,1.31727,0.841764,0.915179,0.915179,0,28,0.69906,0.693517,0.703175,0.696825,0.700926,,,,,0,9.37942,0,8.35635,2.42932,3.07995,1.10663,0.813732,0.632469,1.36866,,
X1/grouped__f1_s1,134,0.00012875,0,0,0.0598995,0.34515,1.32094,0.846756,0.914621,0.914621,0,28,0.691439,0.698162,0.693651,0.701587,0.700926,,,,,0,10.051,0,9.08083,2.55568,3.03058,1.09589,0.800904,0.627272,1.37384,,
X1/grouped__f1_s1,135,0.000125313,0,0,0.059598,0.342875,1.3089,0.83294,0.914621,0.914621,0,28,0.674066,0.695407,0.68254,0.698413,0.700926,,,,,0.0119048,12.7187,0,11.7354,3.33962,2.9144,1.11534,0.796643,0.619027,1.38815,,
X1/grouped__f1_s1,136,0.000121909,0,0,0.0592965,0.3406,1.30394,0.834465,0.918527,0.918527,0,28,0.68024,0.683582,0.684127,0.684127,0.700926,,,,,0,9.79232,0,8.75388,2.66465,3.01315,1.09018,0.785613,0.614615,1.37837,,
X1/grouped__f1_s1,137,0.000118539,0,0,0.058995,0.338325,1.3171,0.846193,0.915737,0.915737,0,28,0.692955,0.685708,0.692063,0.688889,0.700926,,,,,0,9.72094,0,8.63745,2.68868,3.10177,1.12182,0.805812,0.625195,1.39187,,
X1/grouped__f1_s1,138,0.000115204,0,0,0.0586935,0.33605,1.28082,0.832742,0.904576,0.904576,0,28,0.677054,0.690684,0.688889,0.693651,0.700926,,,,,0,10.6162,0,9.56965,2.90438,3.01985,1.09743,0.784834,0.607629,1.33338,,
X1/grouped__f1_s1,139,0.000111904,0,0,0.058392,0.333775,1.27395,0.825796,0.917411,0.917411,0,28,0.68563,0.693083,0.688889,0.7,0.700926,,,,,0,11.0514,0,10.0654,2.73825,3.14335,1.11688,0.800367,0.604393,1.34268,,
X1/grouped__f1_s1,140,0.000108641,0,0,0.0580905,0.3315,1.28393,0.835143,0.913504,0.913504,0,28,0.680619,0.691031,0.685714,0.696825,0.700926,,,,,0,9.30937,0,8.28485,2.54541,2.91094,1.08713,0.785486,0.595133,1.35381,,
X1/grouped__f1_s1,141,0.000105415,0,0,0.0577889,0.329225,1.2365,0.810264,0.922991,0.922991,0,28,0.6895,0.693404,0.695238,0.7,0.700926,,,,,0,9.82045,0,8.807,2.70693,2.95022,1.09496,0.775798,0.579578,1.29465,,
X1/grouped__f1_s1,142,0.000102227,0,0,0.0574874,0.32695,1.23051,0.796314,0.926897,0.926897,0,28,0.703402,0.692571,0.711111,0.696825,0.703402,0.987,0.99,0.133046,0.134344,0,9.28358,0,8.27707,2.464,2.93663,1.05553,0.755315,0.585834,1.32802,63.4978,36.5022
X1/grouped__f1_s1,143,9.90786e-05,0,0,0.0571859,0.324675,1.23251,0.799731,0.918527,0.918527,0,28,0.695423,0.701434,0.698413,0.706349,0.703402,,,,,0,9.89859,0,9.03483,2.46872,2.77313,1.06062,0.75673,0.581705,1.33297,,
X1/grouped__f1_s1,144,9.59698e-05,0,0,0.0568844,0.3224,1.19893,0.790074,0.924665,0.924665,0,28,0.683648,0.703378,0.685714,0.709524,0.703402,,,,,0,9.90164,0,8.9149,2.7465,2.82796,1.07494,0.763464,0.56389,1.26817,,
X1/grouped__f1_s1,145,9.29016e-05,0,0,0.0565829,0.320125,1.23556,0.809996,0.919085,0.919085,0,28,0.695077,0.70183,0.698413,0.704762,0.703402,,,,,0,9.192,0,8.15864,2.57992,2.92199,1.05755,0.747357,0.568492,1.32938,,
X1/grouped__f1_s1,146,8.98748e-05,0,0,0.0562814,0.31785,1.19194,0.782397,0.921317,0.921317,0,28,0.674823,0.709867,0.677778,0.711111,0.709867,0.993,0.99,0.11107,0.122842,0,9.56684,0,8.67306,2.5124,2.75192,1.03848,0.735386,0.567052,1.28848,64.1967,35.8033
X1/grouped__f1_s1,147,8.68902e-05,0,0,0.0559799,0.315575,1.18611,0.777878,0.924665,0.924665,0,28,0.685581,0.705851,0.690476,0.709524,0.709867,,,,,0,9.74249,0,8.80577,2.5167,2.87811,1.06337,0.743476,0.550973,1.29362,,
X1/grouped__f1_s1,148,8.39486e-05,0,0,0.0556784,0.3133,1.21712,0.807231,0.918527,0.918527,0,28,0.684479,0.702278,0.687302,0.706349,0.709867,,,,,0,10.2275,0,9.24492,2.68438,2.94493,1.08483,0.76559,0.553061,1.30829,,
X1/grouped__f1_s1,149,8.10507e-05,0,0,0.0553769,0.311025,1.17348,0.774163,0.931362,0.931362,0,28,0.682151,0.703343,0.684127,0.707937,0.709867,,,,,0,11.6711,0,10.8008,2.81707,2.86161,1.05676,0.744619,0.540695,1.28387,,
X1/grouped__f1_s1,150,7.81974e-05,0,0,0.0550754,0.30875,1.1408,0.750099,0.935268,0.935268,0,28,0.677838,0.703102,0.687302,0.707937,0.709867,0.987,0.991,0.135782,0.117193,0,10.5167,0,9.51987,2.82339,2.97132,1.03238,0.72295,0.530123,1.26543,63.8224,36.1776
X1/grouped__f1_s1,151,7.53893e-05,0,0,0.0547739,0.306475,1.13733,0.756334,0.929688,0.929688,0,28,0.695442,0.696886,0.701587,0.7,0.709867,,,,,0,9.53052,0,8.52659,2.49835,3.0071,1.03046,0.720561,0.531113,1.24316,,
X1/grouped__f1_s1,152,7.26271e-05,0,0,0.0544724,0.3042,1.09913,0.732892,0.939732,0.939732,0,28,0.692646,0.698954,0.695238,0.704762,0.709867,,,,,0,9.56734,0,8.79025,2.31119,2.54939,0.982499,0.687406,0.522497,1.20394,,
X1/grouped__f1_s1,153,6.99117e-05,0,0,0.0541709,0.301925,1.12814,0.761056,0.928013,0.928013,0,28,0.695169,0.697118,0.7,0.703175,0.709867,,,,,0,9.10128,0,8.11317,2.47077,2.84547,1.02183,0.709303,0.518834,1.21581,,
X1/grouped__f1_s1,154,6.72436e-05,0,0,0.0538693,0.29965,1.12463,0.755053,0.926897,0.926897,0,28,0.702447,0.699436,0.706349,0.704762,0.709867,,,,,0,9.0335,0,8.11236,2.45689,2.69339,1.03626,0.722772,0.511633,1.23336,,
X1/grouped__f1_s1,155,6.46236e-05,0,0,0.0535678,0.297375,1.09603,0.733318,0.93192,0.93192,0,28,0.708368,0.699087,0.712698,0.704762,0.709867,,,,,0,9.22243,0,8.34564,2.36221,2.71933,0.995284,0.692757,0.498609,1.21972,,
X1/grouped__f1_s1,156,6.20524e-05,0,0,0.0532663,0.2951,1.10026,0.73951,0.934152,0.934152,0,28,0.704515,0.690761,0.709524,0.695238,0.709867,,,,,0,9.40263,0,8.54894,2.42954,2.67844,1.00604,0.712318,0.520818,1.22246,,
X1/grouped__f1_s1,157,5.95306e-05,0,0,0.0529648,0.292825,1.06801,0.718163,0.938058,0.938058,0,28,0.704672,0.690783,0.706349,0.696825,0.709867,,,,,0,8.51599,0,7.65803,2.23108,2.61644,0.965185,0.661778,0.4958,1.19473,,
X1/grouped__f1_s1,158,5.70589e-05,0,0,0.0526633,0.29055,1.05805,0.716718,0.938616,0.938616,0,28,0.701953,0.702552,0.706349,0.706349,0.709867,,,,,0,8.75538,0,7.83853,2.38583,2.66347,0.977431,0.674251,0.492973,1.17479,,
X1/grouped__f1_s1,159,5.46379e-05,0,0,0.0523618,0.288275,1.09668,0.743733,0.924665,0.924665,0,28,0.688058,0.695673,0.692063,0.7,0.709867,,,,,0,8.93477,0,8.04056,2.4104,2.6521,1.01326,0.694509,0.507891,1.22434,,
X1/grouped__f1_s1,160,5.22683e-05,0,0,0.0520603,0.286,1.06354,0.721516,0.929688,0.929688,0,28,0.69367,0.707617,0.698413,0.712698,0.709867,,,,,0,9.40453,0,8.49807,2.79086,2.52124,0.992612,0.684694,0.491032,1.19588,,
X1/grouped__f1_s1,161,4.99506e-05,0,0,0.0517588,0.283725,1.0612,0.72257,0.932478,0.932478,0,28,0.69214,0.707117,0.698413,0.707937,0.709867,,,,,0,8.65392,0,7.68504,2.42365,2.72382,1.04383,0.717003,0.491111,1.1935,,
X1/grouped__f1_s1,162,4.76856e-05,0,0,0.0514573,0.28145,1.0364,0.709888,0.938058,0.938058,0,28,0.710648,0.702637,0.712698,0.706349,0.710648,0.996,0.995,0.086511,0.0979837,0,8.00681,0,7.09118,2.29097,2.5331,0.963519,0.659974,0.473001,1.16009,64.3002,35.6998
X1/grouped__f1_s1,163,4.54736e-05,0,0,0.0511558,0.279175,1.06381,0.731753,0.931362,0.931362,0,28,0.705371,0.697565,0.707937,0.701587,0.710648,,,,,0,9.27093,0,8.40013,2.4862,2.62608,1.0426,0.724236,0.497998,1.18942,,
X1/grouped__f1_s1,164,4.33155e-05,0,0,0.0508543,0.2769,1.02019,0.695426,0.942522,0.942522,0,28,0.7052,0.702239,0.704762,0.706349,0.710648,,,,,0,8.95244,0,8.06064,2.48089,2.5736,0.952998,0.651527,0.474036,1.17284,,
X1/grouped__f1_s1,165,4.12116e-05,0,0,0.0505528,0.274625,1.01142,0.690739,0.940848,0.940848,0,28,0.702499,0.702724,0.704762,0.707937,0.710648,,,,,0,8.26838,0,7.40121,2.25445,2.50722,0.981619,0.675878,0.471861,1.1677,,
X1/grouped__f1_s1,166,3.91625e-05,0,0,0.0502513,0.27235,0.982858,0.671672,0.947545,0.947545,0,28,0.703392,0.701461,0.707937,0.706349,0.710648,,,,,0,7.82093,0,6.87491,2.38909,2.42877,0.958489,0.664357,0.481219,1.14259,,
X1/grouped__f1_s1,167,3.71688e-05,0,0,0.0499497,0.270075,0.975388,0.666361,0.94029,0.94029,0,28,0.703265,0.693992,0.704762,0.698413,0.710648,,,,,0,8.71223,0,7.84442,2.26686,2.58264,0.948772,0.645557,0.461136,1.14423,,
X1/grouped__f1_s1,168,3.5231e-05,0,0,0.0496482,0.2678,0.976306,0.667847,0.945871,0.945871,0,28,0.704376,0.70813,0.703175,0.712698,0.710648,,,,,0,8.0638,0,7.21211,2.353,2.35028,0.95015,0.657704,0.45192,1.15183,,
X1/grouped__f1_s1,169,3.33496e-05,0,0,0.0493467,0.265525,1.00512,0.695644,0.933594,0.933594,0,28,0.70794,0.703452,0.709524,0.707937,0.710648,,,,,0,8.24397,0,7.3256,2.37992,2.52782,0.989693,0.671294,0.44992,1.16554,,
X1/grouped__f1_s1,170,3.15251e-05,0,0,0.0490452,0.26325,0.980461,0.677527,0.944754,0.944754,0,28,0.708913,0.708551,0.712698,0.712698,0.710648,,,,,0,9.43118,0,8.66655,2.48611,2.33993,0.966578,0.657769,0.44733,1.15075,,
X1/grouped__f1_s1,171,2.97579e-05,0,0,0.0487437,0.260975,0.962987,0.669684,0.945313,0.945313,0,28,0.702273,0.706031,0.703175,0.709524,0.710648,,,,,0,7.9415,0,7.01734,2.3343,2.45247,0.941084,0.641038,0.438049,1.12388,,
X1/grouped__f1_s1,172,2.80486e-05,0,0,0.0484422,0.2587,0.933112,0.644999,0.953125,0.953125,0,28,0.707657,0.705338,0.711111,0.709524,0.710648,,,,,0,8.58886,0,7.75706,2.33505,2.45479,0.910155,0.623658,0.44066,1.1137,,
X1/grouped__f1_s1,173,2.63975e-05,0,0,0.0481407,0.256425,0.948417,0.658443,0.941964,0.941964,0,28,0.701029,0.702611,0.703175,0.706349,0.710648,,,,,0,8.42103,0,7.4761,2.4847,2.57906,0.973151,0.656215,0.433616,1.13083,,
X1/grouped__f1_s1,174,2.48051e-05,0,0,0.0478392,0.25415,0.95279,0.663093,0.938616,0.938616,0,28,0.711436,0.708774,0.712698,0.712698,0.711436,0.998,0.996,0.079349,0.0873754,0,9.00321,0,8.14378,2.67903,2.25572,0.953674,0.657791,0.431767,1.13987,65.7293,34.2707
X1/grouped__f1_s1,175,2.32718e-05,0,0,0.0475377,0.251875,0.927348,0.645458,0.945871,0.945871,0,28,0.700211,0.711081,0.703175,0.714286,0.711436,0.998,0.997,0.0746023,0.0855327,0,8.30961,0,7.4792,2.29261,2.39302,0.945372,0.633432,0.425666,1.11917,65.5758,34.4242
X1/grouped__f1_s1,176,2.1798e-05,0,0,0.0472362,0.25,0.926625,0.652106,0.944196,0.944196,0,28,0.695448,0.712824,0.698413,0.714286,0.712824,1,0.997,0.0730941,0.0856069,0,7.58364,0,6.6931,2.28677,2.41332,0.954628,0.648928,0.417706,1.09808,65.8801,34.1199
X1/grouped__f1_s1,177,2.0384e-05,0,0,0.0469347,0.25,0.930349,0.651099,0.948103,0.948103,0,28,0.70762,0.705404,0.711111,0.707937,0.712824,,,,,0,8.31301,0,7.45074,2.27447,2.547,0.983077,0.666795,0.413632,1.117,,
X1/grouped__f1_s1,178,1.90303e-05,0,0,0.0466332,0.25,0.925451,0.64973,0.942522,0.942522,0,28,0.705636,0.713549,0.706349,0.715873,0.713549,0.998,0.997,0.0720101,0.0810486,0,8.42157,0,7.60586,2.40352,2.32523,0.935678,0.634197,0.416866,1.10289,65.7058,34.2942
X1/grouped__f1_s1,179,1.77372e-05,0,0,0.0463317,0.25,0.929644,0.65341,0.941406,0.941406,0,28,0.700014,0.70758,0.703175,0.711111,0.713549,,,,,0,8.43197,0,7.58438,2.28356,2.4593,0.993203,0.681066,0.430627,1.10494,,
X1/grouped__f1_s1,180,1.65051e-05,0,0,0.0460302,0.25,0.93372,0.657146,0.938058,0.938058,0,28,0.708031,0.704313,0.709524,0.706349,0.713549,,,,,0,9.04771,0,8.20434,2.48043,2.49679,0.977031,0.657906,0.429071,1.1063,,
X1/grouped__f1_s1,181,1.53342e-05,0,0,0.0457286,0.25,0.916828,0.643111,0.944754,0.944754,0,28,0.708543,0.698557,0.712698,0.701587,0.713549,,,,,0,8.15878,0,7.34973,2.18809,2.39511,0.948982,0.642834,0.416275,1.09487,,
X1/grouped__f1_s1,182,1.42248e-05,0,0,0.0454271,0.25,0.893515,0.61947,0.956473,0.956473,0,28,0.711073,0.705817,0.712698,0.707937,0.713549,,,,,0,7.55232,0,6.75321,2.12605,2.22244,0.86267,0.577492,0.412638,1.09618,,
X1/grouped__f1_s1,183,1.31773e-05,0,0,0.0451256,0.25,0.903734,0.629509,0.94029,0.94029,0,28,0.709989,0.711321,0.711111,0.712698,0.713549,,,,,0,7.75064,0,6.91668,2.26781,2.28624,0.921122,0.616537,0.420414,1.0969,,
X1/grouped__f1_s1,184,1.21919e-05,0,0,0.0448241,0.25,0.918829,0.642774,0.94308,0.94308,0,28,0.699973,0.710268,0.704762,0.712698,0.713549,,,,,0,7.66456,0,6.7929,2.25319,2.3658,0.919541,0.621941,0.423593,1.10422,,
X1/grouped__f1_s1,185,1.12689e-05,0,0,0.0445226,0.25,0.929001,0.652447,0.929129,0.929129,0,28,0.710069,0.709634,0.712698,0.711111,0.713549,,,,,0,8.44491,0,7.61557,2.33717,2.39764,0.946972,0.636013,0.414945,1.10621,,
X1/grouped__f1_s1,186,1.04085e-05,0,0,0.0442211,0.25,0.88981,0.619584,0.948103,0.948103,0,28,0.707733,0.710038,0.711111,0.711111,0.713549,,,,,0,8.18177,0,7.39332,2.31033,2.27363,0.927713,0.624356,0.423635,1.08091,,
X1/grouped__f1_s1,187,9.61089e-06,0,0,0.0439196,0.25,0.898299,0.629262,0.945313,0.945313,0,28,0.710474,0.7115,0.712698,0.712698,0.713549,,,,,0,7.81764,0,6.88779,2.25134,2.54003,0.972905,0.654231,0.411669,1.07615,,
X1/grouped__f1_s1,188,8.87636e-06,0,0,0.0436181,0.25,0.88645,0.617452,0.946429,0.946429,0,28,0.712948,0.699928,0.715873,0.703175,0.713549,,,,,0,8.24187,0,7.40701,2.34568,2.3609,0.936382,0.619665,0.416122,1.07599,,
X1/grouped__f1_s1,189,8.20506e-06,0,0,0.0433166,0.25,0.907588,0.632219,0.9375,0.9375,0,28,0.707824,0.704014,0.711111,0.706349,0.713549,,,,,0,8.62154,0,7.71981,2.33887,2.59496,0.958543,0.639699,0.437116,1.10148,,
X1/grouped__f1_s1,190,7.59717e-06,0,0,0.0430151,0.25,0.891712,0.626313,0.938058,0.938058,0,28,0.706138,0.707331,0.706349,0.709524,0.713549,,,,,0,8.19214,0,7.31705,2.35422,2.44379,0.968228,0.652987,0.432386,1.0616,,
X1/grouped__f1_s1,191,7.05284e-06,0,0,0.0427136,0.25,0.874233,0.610212,0.947545,0.947545,0,28,0.708588,0.70624,0.711111,0.707937,0.713549,,,,,0,8.01338,0,7.22902,2.23369,2.26823,0.965651,0.644628,0.411474,1.05608,,
X1/grouped__f1_s1,192,6.57221e-06,0,0,0.0424121,0.25,0.861854,0.598723,0.949219,0.949219,0,28,0.705728,0.700599,0.709524,0.703175,0.713549,,,,,0,8.0486,0,7.25538,2.2057,2.32414,0.925629,0.610069,0.420034,1.05253,,
X1/grouped__f1_s1,193,6.15542e-06,0,0,0.0421106,0.25,0.878129,0.608698,0.945313,0.945313,0,28,0.70054,0.704167,0.703175,0.706349,0.713549,,,,,0,7.43448,0,6.61446,2.19768,2.22745,0.917548,0.621131,0.411543,1.07772,,
X1/grouped__f1_s1,194,5.80257e-06,0,0,0.041809,0.25,0.863776,0.599217,0.944196,0.944196,0,28,0.710912,0.707672,0.714286,0.709524,0.713549,,,,,0,7.99092,0,7.12531,2.47253,2.22932,0.90782,0.609571,0.410136,1.05823,,
X1/grouped__f1_s1,195,5.51374e-06,0,0,0.0415075,0.25,0.869897,0.598533,0.945871,0.945871,0,28,0.705197,0.701991,0.707937,0.704762,0.713549,,,,,0,8.66774,0,7.79601,2.51179,2.42447,0.931098,0.621122,0.431714,1.08546,,
X1/grouped__f1_s1,196,5.28902e-06,0,0,0.041206,0.25,0.873676,0.609259,0.94029,0.94029,0,28,0.708792,0.712777,0.711111,0.715873,0.713549,,,,,0,8.89752,0,8.14251,2.34519,2.29791,0.948244,0.636175,0.418467,1.05767,,
X1/grouped__f1_s1,197,5.12847e-06,0,0,0.0409045,0.25,0.830827,0.572992,0.950335,0.950335,0,28,0.707892,0.711005,0.709524,0.712698,0.713549,,,,,0,8.54358,0,7.73826,2.38325,2.31457,0.942564,0.630183,0.421216,1.03134,,
X1/grouped__f1_s1,198,5.03212e-06,0,0,0.040603,0.25,0.855579,0.588599,0.945313,0.945313,0,28,0.703183,0.706447,0.704762,0.707937,0.713549,,,,,0,8.81767,0,8.09288,2.15805,2.31251,0.928915,0.611309,0.420336,1.06792,,
X1/grouped__f1_s1,199,5e-06,0,0,0.0403015,0.25,0.83088,0.576349,0.947545,0.947545,0,28,0.696232,0.70738,0.698413,0.709524,0.713549,,,,,0,7.72964,0,6.87656,2.26019,2.36421,0.944946,0.634338,0.423763,1.01813,,
X1/grouped__f1_s1,200,5e-06,0,0,0.04,0.25,0.806929,0.556801,0.955357,0.955357,0,28,0.69891,0.704069,0.701587,0.706349,0.713549,0.999,0.997,0.0631864,0.0704941,0,7.76436,0,6.95776,2.13122,2.36032,0.895231,0.591611,0.408598,1.00051,65.5658,34.4342
X1/grouped__f1_s2,1,0.0002,1,0,0.1,0.647725,8.31906,5.40492,0.0122768,0.0167411,0,28,0.00877538,0.00647357,0.0253968,0.0206349,0.00877538,0.026,0.029,4.27633,4.3236,0.0952381,42.8263,4,34.3784,22.489,8.54252,8.19941,2.43385,0.0928914,4.49905,0.0831226,99.9169
X1/grouped__f1_s2,2,0.0003,1,0,0.0996985,0.64545,7.41542,4.512,0.0301339,0.0345982,0,28,0.0421995,0.0376057,0.0904762,0.0714286,0.0421995,0.08,0.074,3.80795,3.84542,0,17.3018,0,11.1014,10.999,4.25289,4.87405,2.14921,0.0922176,4.49829,0.869337,99.1307
X1/grouped__f1_s2,3,0.0004,1,0,0.099397,0.643175,7.12602,4.2338,0.0357143,0.0574777,0,28,0.0699333,0.0786817,0.106349,0.109524,0.0786817,0.106,0.124,3.53384,3.55967,0,14.1788,0,7.65783,9.91343,3.76004,4.02956,2.19393,0.0936484,4.49679,6.55308,93.4469
X1/grouped__f1_s2,4,0.0005,1,0,0.0990955,0.6409,6.92448,4.044,0.0479911,0.077567,0,28,0.0576838,0.0821745,0.104762,0.126984,0.0821745,0.132,0.142,3.42829,3.40153,0,8.39267,0,3.13732,5.42772,3.57219,3.51661,2.24438,0.0974042,4.49442,8.84394,91.1561
X1/grouped__f1_s2,5,0.000499968,1,0,0.098794,0.638625,6.77744,3.92643,0.0552455,0.100446,0,28,0.095876,0.13023,0.147619,0.163492,0.13023,0.143,0.179,3.34949,3.25624,0,6.78999,0,1.79832,3.70616,3.6787,3.2582,2.30189,0.137031,4.4643,11.1115,88.8885
X1/grouped__f1_s2,6,0.000499872,1,0,0.0984925,0.63635,6.56674,3.79324,0.0669643,0.133371,0,28,0.0852595,0.13834,0.139683,0.192063,0.13834,0.179,0.204,3.21152,3.10103,0,5.71694,0,0.90939,2.29844,3.91639,3.03121,2.21251,0.244251,4.35845,9.42697,90.573
X1/grouped__f1_s2,7,0.000499711,1,0,0.098191,0.634075,6.52332,3.80238,0.061942,0.131138,0,28,0.12483,0.144664,0.17619,0.192063,0.144664,0.192,0.247,3.10579,3.01542,0,5.55506,0,0.641033,1.95279,4.04371,2.9201,2.26705,0.323445,4.29119,11.6516,88.3484
X1/grouped__f1_s2,8,0.000499486,1,0,0.0978894,0.6318,6.40542,3.72471,0.0658482,0.148438,0,28,0.113859,0.168031,0.160317,0.219048,0.168031,0.193,0.267,3.02375,2.975,0,5.16895,0,0.611151,1.83501,3.75847,2.7011,2.25102,0.354352,4.24297,13.1419,86.8581
X1/grouped__f1_s2,9,0.000499197,1,0,0.0975879,0.629525,6.34318,3.6879,0.0915179,0.157924,0,28,0.152753,0.197133,0.207937,0.244444,0.197133,0.235,0.268,3.00498,2.87514,0,5.81623,0,0.557057,1.74305,4.68538,2.63196,2.20386,0.391324,4.21792,9.30799,90.692
X1/grouped__f1_s2,10,0.000498845,1,0,0.0972864,0.62725,6.33723,3.69454,0.0797991,0.152344,0,28,0.163022,0.180912,0.211111,0.231746,0.197133,,,,,0,5.82824,0,0.65152,1.51112,4.83861,2.51303,2.21198,0.39154,4.21312,,
X1/grouped__f1_s2,11,0.000498428,1,0,0.0969849,0.624975,6.21071,3.60598,0.100446,0.165737,0,28,0.170575,0.200665,0.214286,0.253968,0.200665,0.248,0.296,2.86479,2.7674,0,5.75412,0,0.872523,1.80723,4.62774,2.41267,2.1877,0.416522,4.16773,6.0146,93.9854
X1/grouped__f1_s2,12,0.000497947,1,0,0.0966834,0.6227,6.15994,3.58118,0.0909598,0.179688,0,28,0.159768,0.208115,0.230159,0.261905,0.208115,0.242,0.309,2.8171,2.73064,0,6.15359,0,0.940677,1.70957,5.13913,2.46645,2.21162,0.438223,4.14124,7.91791,92.0821
X1/grouped__f1_s2,13,0.000497403,1,0,0.0963819,0.620425,6.09497,3.53321,0.111607,0.200893,0,28,0.208358,0.234493,0.247619,0.28254,0.234493,0.266,0.307,2.75382,2.71413,0,5.92772,0,0.999131,1.77056,4.89703,2.34323,2.18106,0.430039,4.12904,9.57373,90.4263
X1/grouped__f1_s2,14,0.000496795,1,0,0.0960804,0.61815,6.01502,3.48759,0.139509,0.196987,0,28,0.195445,0.246443,0.25873,0.287302,0.246443,0.286,0.304,2.74933,2.64774,0,5.58455,0,1.1469,1.86126,4.43594,2.29413,2.12065,0.430943,4.08869,7.16869,92.8313
X1/grouped__f1_s2,15,0.000496124,1,0,0.0957789,0.615875,5.88432,3.38771,0.0831473,0.226004,0,28,0.192408,0.244965,0.250794,0.293651,0.246443,,,,,0,6.24373,0,1.54584,2.04819,5.03484,2.29123,2.09114,0.462328,4.05378,,
X1/grouped__f1_s2,16,0.000495389,1,0,0.0954774,0.6136,5.92346,3.43527,0.093192,0.227121,0,28,0.214132,0.253147,0.263492,0.311111,0.253147,0.318,0.322,2.5636,2.56573,0,6.25766,0,1.44224,1.78448,5.23183,2.22558,2.13942,0.451047,4.05508,9.07078,90.9292
X1/grouped__f1_s2,17,0.000494592,1,0,0.0951759,0.611325,5.91787,3.43942,0.145647,0.236049,0,28,0.2019,0.240071,0.257143,0.296825,0.253147,,,,,0,6.24317,0,1.61308,1.84267,5.17014,2.17322,2.10714,0.446656,4.05422,,
X1/grouped__f1_s2,18,0.000493731,1,0,0.0948744,0.60905,5.73595,3.28741,0.136719,0.243304,0,28,0.227304,0.282844,0.277778,0.328571,0.282844,0.316,0.359,2.52937,2.4763,0,6.41794,0,2.41493,1.8276,5.00568,2.21531,2.10608,0.468395,4.02027,12.3679,87.6321
X1/grouped__f1_s2,19,0.000492808,1,0,0.0945729,0.606775,5.65258,3.23072,0.117188,0.259487,0,28,0.299366,0.292947,0.346032,0.338095,0.299366,0.368,0.37,2.33618,2.45948,0,7.32524,0,3.59919,2.17334,5.32369,2.22041,2.12962,0.476631,3.99136,18.2986,81.7014
X1/grouped__f1_s2,20,0.000491823,1,0,0.0942714,0.6045,5.63232,3.25123,0.166853,0.280692,0,28,0.285381,0.308621,0.325397,0.352381,0.308621,0.344,0.394,2.3575,2.31021,0,7.61026,0,4.22905,2.07517,5.19817,2.16997,2.16717,0.523811,3.93893,13.1558,86.8442
X1/grouped__f1_s2,21,0.000490775,1,0,0.0939698,0.602225,5.50162,3.19105,0.167969,0.280692,0,28,0.0771324,0.322028,0.114286,0.365079,0.322028,0.12,0.393,3.68144,2.29411,0,7.53103,0,3.9329,2.50794,4.8043,2.14093,2.1263,0.572933,3.83671,14.9328,85.0672
X1/grouped__f1_s2,22,0.000489666,1,0,0.0936683,0.59995,5.49033,3.18501,0.142857,0.295759,0,28,0.319959,0.220082,0.360317,0.266667,0.322028,,,,,0,8.27173,0,3.81277,2.71015,6.11656,2.11353,2.1365,0.563785,3.84252,,
X1/grouped__f1_s2,23,0.000488495,1,0,0.0933668,0.597675,5.21449,3.00766,0.199777,0.327009,0,28,0.307719,0.37675,0.333333,0.404762,0.37675,0.393,0.449,2.16847,2.15572,0,7.74836,0,4.34427,2.05366,5.44928,2.04748,1.95865,0.596179,3.69236,18.1135,81.8865
X1/grouped__f1_s2,24,0.000487263,1,0,0.0930653,0.5954,5.2756,3.05627,0.232143,0.347656,0,28,0.35665,0.369186,0.390476,0.407937,0.37675,,,,,0,8.09285,0,5.00192,2.19724,5.28482,1.99598,2.01708,0.624105,3.72746,,
X1/grouped__f1_s2,25,0.00048597,1,0,0.0927638,0.593125,5.24731,3.05292,0.170201,0.335379,0,28,0.305907,0.374394,0.353968,0.414286,0.37675,0.406,0.449,2.2528,2.06367,0,7.98477,0,4.16179,1.78417,5.94075,2.01019,2.02583,0.605359,3.69972,21.2974,78.7026
X1/grouped__f1_s2,26,0.000484616,1,0,0.0924623,0.59085,5.2995,3.11152,0.147321,0.331473,0,28,0.320262,0.358846,0.35873,0.403175,0.37675,,,,,0,8.22671,0,5.46738,2.17849,5.02511,1.95638,2.00684,0.603854,3.7031,,
X1/grouped__f1_s2,27,0.000483202,1,0,0.0921608,0.588575,5.19016,3.03816,0.164062,0.359375,0,28,0.327094,0.346059,0.361905,0.387302,0.37675,,,,,0,8.07769,0,4.81851,2.26077,5.46562,1.95719,2.03383,0.627061,3.65628,,
X1/grouped__f1_s2,28,0.000481728,1,0,0.0918593,0.5863,5.34026,3.15251,0.233817,0.34096,0,28,0.361139,0.386491,0.393651,0.430159,0.386491,0.419,0.487,2.10558,1.94027,0,8.91099,0,6.32371,1.98194,5.37511,1.8738,2.04163,0.600591,3.73146,19.7505,80.2495
X1/grouped__f1_s2,29,0.000480195,1,0,0.0915578,0.584025,5.06901,2.95819,0.169643,0.368304,0,28,0.334241,0.408561,0.385714,0.439683,0.408561,0.433,0.507,1.94256,1.84136,0,8.92919,0,6.43179,2.22562,4.95312,1.94567,2.01684,0.646022,3.61426,15.79,84.21
X1/grouped__f1_s2,30,0.000478603,1,0,0.0912563,0.58175,5.08699,2.99621,0.124442,0.344308,0,28,0.227453,0.412258,0.257143,0.446032,0.412258,0.295,0.501,2.50643,1.83171,0,8.83889,0,6.13216,2.26635,5.18891,1.93801,2.04287,0.661478,3.59395,17.4603,82.5397
X1/grouped__f1_s2,31,0.000476951,0,0,0.0909548,0.579475,4.33063,2.41838,0.436384,0.436384,0,28,0.408212,0.435142,0.44127,0.465079,0.435142,0.533,0.529,1.67744,1.75118,0,10.8871,0,8.48532,2.78243,5.42301,2.04519,1.92569,0.759183,3.29997,17.3866,82.6134
X1/grouped__f1_s2,32,0.000475242,0,0,0.0906533,0.5772,4.18896,2.33804,0.472656,0.472656,0,28,0.375089,0.392127,0.411111,0.425397,0.435142,,,,,0,12.0695,0,9.52959,3.1797,5.82437,2.08671,1.93946,0.817264,3.20673,,
X1/grouped__f1_s2,33,0.000473475,0,0,0.0903518,0.574925,4.04413,2.24126,0.489397,0.489397,0,28,0.430045,0.404343,0.453968,0.439683,0.435142,,,,,0,10.3451,0,7.98719,2.4714,5.4716,2.04444,1.87984,0.796978,3.13582,,
X1/grouped__f1_s2,34,0.00047165,0,0,0.0900503,0.57265,4.04263,2.25268,0.491629,0.491629,0,28,0.422328,0.425534,0.452381,0.455556,0.435142,,,,,0,11.7138,0,9.28485,2.65039,5.80122,2.06458,1.89493,0.832448,3.12574,,
X1/grouped__f1_s2,35,0.000469769,0,0,0.0897487,0.570375,3.98183,2.21785,0.501674,0.501674,0,28,0.390195,0.447426,0.431746,0.477778,0.447426,0.498,0.56,1.6409,1.53655,0,12.7845,0,10.6752,2.70575,5.66411,1.98936,1.80167,0.809291,3.09267,22.1063,77.8937
X1/grouped__f1_s2,36,0.000467831,0,0,0.0894472,0.5681,3.92969,2.18889,0.512277,0.512277,0,28,0.440381,0.496635,0.474603,0.511111,0.496635,0.576,0.586,1.43684,1.48897,0,11.2209,0,8.81133,2.54434,5.73781,1.99765,1.83449,0.838873,3.06425,25.3517,74.6483
X1/grouped__f1_s2,37,0.000465837,0,0,0.0891457,0.565825,3.88276,2.16886,0.516183,0.516183,0,28,0.470306,0.51642,0.501587,0.534921,0.51642,0.57,0.612,1.38505,1.41104,0,12.1175,0,9.88655,2.67042,5.71553,1.99717,1.8195,0.847298,3.02902,30.2387,69.7613
X1/grouped__f1_s2,38,0.000463788,0,0,0.0888442,0.56355,3.74176,2.09349,0.532924,0.532924,0,28,0.411754,0.500865,0.425397,0.519048,0.51642,,,,,0,10.8298,0,8.58256,2.54836,5.43355,1.92028,1.72159,0.821748,2.9248,,
X1/grouped__f1_s2,39,0.000461685,0,0,0.0885427,0.561275,3.74396,2.10222,0.538504,0.538504,0,28,0.444365,0.510449,0.468254,0.52381,0.51642,,,,,0,11.2344,0,8.97793,2.56026,5.67824,1.95103,1.76288,0.852763,2.92501,,
X1/grouped__f1_s2,40,0.000459526,0,0,0.0882412,0.559,3.65803,2.03635,0.539621,0.539621,0,28,0.461676,0.536507,0.496825,0.546032,0.536507,0.586,0.62,1.33643,1.30947,0,11.9054,0,9.67362,2.53166,5.84085,1.91558,1.72393,0.83221,2.90103,31.9926,68.0074
X1/grouped__f1_s2,41,0.000457314,0,0,0.0879397,0.556725,3.59195,2.0148,0.545201,0.545201,0,28,0.486892,0.539198,0.507937,0.552381,0.539198,0.601,0.644,1.29626,1.26675,0,11.6241,0,9.2441,2.49623,5.93627,1.91545,1.73145,0.844603,2.83291,37.8891,62.1109
X1/grouped__f1_s2,42,0.000455049,0,0,0.0876382,0.55445,3.55128,1.99176,0.561942,0.561942,0,28,0.470793,0.52661,0.488889,0.538095,0.539198,,,,,0,12.378,0,9.92183,2.66845,6.16081,2.00081,1.80877,0.90104,2.81272,,
X1/grouped__f1_s2,43,0.000452732,0,0,0.0873367,0.552175,3.53696,1.98845,0.566964,0.566964,0,28,0.502331,0.537831,0.522222,0.550794,0.539198,,,,,0,12.8846,0,11.0873,2.83289,5.18078,1.89417,1.71581,0.886772,2.80438,,
X1/grouped__f1_s2,44,0.000450362,0,0,0.0870352,0.5499,3.42694,1.9082,0.586496,0.586496,0,28,0.502361,0.547258,0.525397,0.560317,0.547258,0.62,0.683,1.23264,1.13007,0,11.0562,0,8.79116,2.41903,5.56494,1.85828,1.67191,0.875115,2.76184,32.8277,67.1723
X1/grouped__f1_s2,45,0.000447941,0,0,0.0867337,0.547625,3.37428,1.8884,0.591518,0.591518,0,28,0.510911,0.577214,0.522222,0.587302,0.577214,0.646,0.701,1.15689,1.08177,0,11.6859,0,9.67782,2.66327,5.31668,1.86576,1.67701,0.869811,2.71332,34.3168,65.6832
X1/grouped__f1_s2,46,0.000445469,0,0,0.0864322,0.54535,3.37339,1.90059,0.593192,0.593192,0,28,0.499694,0.569546,0.519048,0.584127,0.577214,,,,,0,10.9119,0,8.69861,2.44066,5.41247,1.83731,1.67519,0.88266,2.70065,,
X1/grouped__f1_s2,47,0.000442948,0,0,0.0861307,0.543075,3.3092,1.85124,0.586496,0.586496,0,28,0.534136,0.568064,0.553968,0.584127,0.577214,,,,,0,12.376,0,10.3497,2.69358,5.58912,1.83922,1.66103,0.894876,2.68464,,
X1/grouped__f1_s2,48,0.000440376,0,0,0.0858291,0.5408,3.29652,1.84678,0.597098,0.597098,0,28,0.367836,0.564176,0.380952,0.580952,0.577214,,,,,0,13.6136,0,11.671,2.74181,5.73838,1.82439,1.62056,0.884759,2.68075,,
X1/grouped__f1_s2,49,0.000437756,0,0,0.0855276,0.538525,3.25245,1.8269,0.613839,0.613839,0,28,0.48402,0.554484,0.503175,0.571429,0.577214,,,,,0,12.2216,0,9.71964,2.48859,6.36449,1.82438,1.62444,0.886417,2.64714,,
X1/grouped__f1_s2,50,0.000435088,0,0,0.0852261,0.53625,3.17455,1.77915,0.627232,0.627232,0,28,0.527184,0.560553,0.555556,0.569841,0.577214,0.689,0.7,0.986528,1.08569,0,11.8215,0,9.86524,2.42111,5.31352,1.76275,1.59941,0.894612,2.60214,43.0659,56.9341
X1/grouped__f1_s2,51,0.000432373,0,0,0.0849246,0.533975,3.19347,1.7841,0.623884,0.623884,0,28,0.385375,0.596096,0.401587,0.604762,0.596096,0.494,0.729,1.62818,0.961161,0,12.8317,0,10.9908,2.55872,5.33626,1.77055,1.5846,0.904615,2.63939,37.0135,62.9865
X1/grouped__f1_s2,52,0.000429611,0,0,0.0846231,0.5317,3.16284,1.77398,0.62779,0.62779,0,28,0.537231,0.596768,0.549206,0.607937,0.596768,0.69,0.721,1.04159,0.974072,0,11.6793,0,9.42096,2.35209,5.81608,1.77776,1.59465,0.881871,2.61211,39.9175,60.0824
X1/grouped__f1_s2,53,0.000426803,0,0,0.0843216,0.529425,3.08125,1.73199,0.641741,0.641741,0,28,0.536329,0.566478,0.546032,0.579365,0.596768,,,,,0,11.8194,0,9.89315,2.55403,5.29376,1.73861,1.57224,0.904366,2.54855,,
X1/grouped__f1_s2,54,0.000423949,0,0,0.0840201,0.52715,3.08369,1.7475,0.631696,0.631696,0,28,0.408625,0.624647,0.438095,0.633333,0.624647,0.514,0.746,1.53131,0.870874,0,11.8589,0,10.1854,2.35901,5.02272,1.75374,1.57486,0.899403,2.53474,38.5263,61.4737
X1/grouped__f1_s2,55,0.000421051,0,0,0.0837186,0.524875,3.06641,1.72854,0.631138,0.631138,0,28,0.574493,0.615204,0.590476,0.626984,0.624647,,,,,0,11.145,0,9.39236,2.35644,4.9619,1.70981,1.54445,0.897205,2.54894,,
X1/grouped__f1_s2,56,0.00041811,0,0,0.0834171,0.5226,2.99528,1.68389,0.649554,0.649554,0,28,0.595312,0.60558,0.601587,0.619048,0.624647,,,,,0,11.3767,0,9.70376,2.4641,4.78413,1.70146,1.52985,0.887514,2.50937,,
X1/grouped__f1_s2,57,0.000415125,0,0,0.0831156,0.520325,2.91782,1.63125,0.681362,0.681362,0,28,0.535759,0.611374,0.561905,0.625397,0.624647,,,,,0,11.3381,0,9.48429,2.31718,5.17228,1.68034,1.48069,0.879789,2.47262,,
X1/grouped__f1_s2,58,0.000412098,0,0,0.0828141,0.51805,2.89737,1.63787,0.669643,0.669643,0,28,0.56125,0.605967,0.577778,0.620635,0.624647,,,,,0,12.0173,0,10.1173,2.40524,5.41066,1.70259,1.50614,0.910259,2.43122,,
X1/grouped__f1_s2,59,0.00040903,0,0,0.0825126,0.515775,2.87906,1.63802,0.658482,0.658482,0,28,0.54113,0.576908,0.561905,0.595238,0.624647,,,,,0,12.5327,0,10.8564,2.50497,5.11991,1.71344,1.5354,0.900729,2.40617,,
X1/grouped__f1_s2,60,0.000405921,0,0,0.0822111,0.5135,2.88549,1.63455,0.668527,0.668527,0,28,0.508907,0.632903,0.538095,0.639683,0.632903,0.686,0.783,0.963544,0.745921,0,12.015,0,10.2469,2.40339,5.19634,1.6878,1.49935,0.902476,2.43611,40.1522,59.8478
X1/grouped__f1_s2,61,0.000402773,0,0,0.0819095,0.511225,2.87395,1.6396,0.671875,0.671875,0,28,0.59273,0.618735,0.596825,0.625397,0.632903,,,,,0,11.9538,0,10.1826,2.32463,5.1643,1.65997,1.46877,0.908452,2.4145,,
X1/grouped__f1_s2,62,0.000399585,0,0,0.081608,0.50895,2.77874,1.58333,0.684152,0.684152,0,28,0.520703,0.608665,0.530159,0.622222,0.632903,,,,,0,11.9802,0,10.0433,2.51452,5.37737,1.67741,1.47333,0.915813,2.34878,,
X1/grouped__f1_s2,63,0.000396359,0,0,0.0813065,0.506675,2.83463,1.61317,0.676339,0.676339,0,28,0.450292,0.574314,0.466667,0.585714,0.632903,,,,,0,12.5881,0,10.5924,2.87362,5.4077,1.70015,1.4834,0.905789,2.41072,,
X1/grouped__f1_s2,64,0.000393096,0,0,0.081005,0.5044,2.7458,1.57962,0.684152,0.684152,0,28,0.51389,0.573416,0.539683,0.587302,0.632903,,,,,0,11.2664,0,9.25836,2.4843,5.36996,1.6946,1.4949,0.913752,2.31202,,
X1/grouped__f1_s2,65,0.000389796,0,0,0.0807035,0.502125,2.74025,1.56392,0.686942,0.686942,0,28,0.56615,0.632215,0.585714,0.639683,0.632903,,,,,0,12.4044,0,10.7659,2.69459,5.02699,1.63096,1.40144,0.902644,2.3427,,
X1/grouped__f1_s2,66,0.000386461,0,0,0.080402,0.49985,2.7314,1.55609,0.690848,0.690848,0,28,0.606327,0.634196,0.61746,0.642857,0.634196,0.772,0.819,0.709871,0.6788,0,12.2084,0,10.2239,2.38518,5.66867,1.64199,1.43251,0.909381,2.35132,43.6767,56.3233
X1/grouped__f1_s2,67,0.000383091,0,0,0.0801005,0.497575,2.60553,1.4698,0.712612,0.712612,0,28,0.577106,0.641107,0.592063,0.652381,0.641107,0.797,0.827,0.684007,0.651442,0,12.6942,0,11.0245,2.63972,5.05761,1.61916,1.3913,0.910224,2.28254,46.7475,53.2525
X1/grouped__f1_s2,68,0.000379687,0,0,0.079799,0.4953,2.61565,1.49587,0.719866,0.719866,0,28,0.512279,0.634253,0.530159,0.644444,0.641107,,,,,0,12.1173,0,10.3913,2.52957,5.15601,1.62736,1.40224,0.906069,2.2608,,
X1/grouped__f1_s2,69,0.00037625,0,0,0.0794975,0.493025,2.6305,1.49652,0.716518,0.716518,0,28,0.553316,0.639815,0.568254,0.650794,0.641107,,,,,0,12.5954,0,11.1804,2.63116,4.5662,1.57643,1.33687,0.906587,2.30004,,
X1/grouped__f1_s2,70,0.000372781,0,0,0.079196,0.49075,2.60614,1.50247,0.71596,0.71596,0,28,0.50471,0.656788,0.528571,0.665079,0.656788,0.703,0.843,0.941216,0.606572,0,13.9657,0,12.1982,2.755,5.57026,1.65132,1.40161,0.888039,2.24895,47.2944,52.7056
X1/grouped__f1_s2,71,0.000369281,0,0,0.0788945,0.488475,2.56844,1.47408,0.726563,0.726563,0,28,0.606347,0.646324,0.615873,0.655556,0.656788,,,,,0,12.4715,0,10.7384,2.64665,5.22126,1.6265,1.3841,0.890513,2.24036,,
X1/grouped__f1_s2,72,0.00036575,0,0,0.078593,0.4862,2.5598,1.46505,0.724888,0.724888,0,28,0.560694,0.636355,0.568254,0.646032,0.656788,,,,,0,13.7194,0,12.1743,3.04964,4.99128,1.61392,1.36586,0.9051,2.25164,,
X1/grouped__f1_s2,73,0.00036219,0,0,0.0782915,0.483925,2.52119,1.4459,0.726563,0.726563,0,28,0.619374,0.637208,0.628571,0.647619,0.656788,,,,,0,11.6592,0,9.8381,2.53832,5.10641,1.59214,1.35671,0.877912,2.22202,,
X1/grouped__f1_s2,74,0.000358601,0,0,0.0779899,0.48165,2.50778,1.43401,0.740513,0.740513,0,28,0.631241,0.666571,0.639683,0.673016,0.666571,0.828,0.846,0.582209,0.570369,0,11.3838,0,9.46951,2.37085,5.27165,1.57243,1.33193,0.884771,2.22936,47.542,52.458
X1/grouped__f1_s2,75,0.000354985,0,0,0.0776884,0.479375,2.42815,1.39242,0.751674,0.751674,0,28,0.614709,0.637728,0.631746,0.646032,0.666571,0.834,0.852,0.571035,0.57972,0,12.0964,1,10.3049,3.38099,5.01459,1.54798,1.30195,0.870403,2.16057,48.4356,51.5644
X1/grouped__f1_s2,76,0.000351343,0,0,0.0773869,0.4771,2.41226,1.38933,0.745536,0.745536,0,28,0.637044,0.635402,0.646032,0.644444,0.666571,,,,,0,12.6469,0,11.0424,2.81381,4.81416,1.56956,1.30837,0.874212,2.14406,,
X1/grouped__f1_s2,77,0.000347674,0,0,0.0770854,0.474825,2.39851,1.37351,0.756138,0.756138,0,28,0.630977,0.6528,0.642857,0.660317,0.666571,,,,,0,12.2597,0,10.6755,2.58767,4.83214,1.54164,1.28912,0.877453,2.1587,,
X1/grouped__f1_s2,78,0.000343981,0,0,0.0767839,0.47255,2.40478,1.39197,0.739955,0.739955,0,28,0.582011,0.667867,0.592063,0.67619,0.667867,0.784,0.87,0.711157,0.504478,0,12.9386,0,10.9186,2.63779,5.80748,1.59957,1.35498,0.885686,2.14328,50.0739,49.9261
X1/grouped__f1_s2,79,0.000340265,0,0,0.0764824,0.470275,2.37162,1.36352,0.765067,0.765067,0,28,0.629013,0.645503,0.64127,0.657143,0.667867,,,,,0,11.8632,0,10.3121,2.57006,4.7098,1.5361,1.27781,0.877021,2.14364,,
X1/grouped__f1_s2,80,0.000336525,0,0,0.0761809,0.468,2.34605,1.35776,0.763951,0.763951,0,28,0.657612,0.639143,0.666667,0.650794,0.667867,,,,,0,11.3332,0,9.63344,2.64956,4.68515,1.50851,1.27669,0.874552,2.11174,,
X1/grouped__f1_s2,81,0.000332764,0,0,0.0758794,0.465725,2.26462,1.30649,0.786272,0.786272,0,28,0.616166,0.648248,0.625397,0.657143,0.667867,,,,,0,10.6059,0,9.15027,2.42827,4.24086,1.47199,1.22955,0.849681,2.05727,,
X1/grouped__f1_s2,82,0.000328982,0,0,0.0755779,0.46345,2.28676,1.32311,0.768973,0.768973,0,28,0.627528,0.646746,0.639683,0.65873,0.667867,,,,,0,14.1563,0,12.6698,2.70066,5.10209,1.53252,1.27162,0.8659,2.0793,,
X1/grouped__f1_s2,83,0.00032518,0,0,0.0752764,0.461175,2.29397,1.33269,0.767299,0.767299,0,28,0.578744,0.651782,0.596825,0.660317,0.667867,,,,,0,11.8794,0,10.3271,2.55633,4.75975,1.50925,1.26082,0.881797,2.08442,,
X1/grouped__f1_s2,84,0.000321359,0,0,0.0749749,0.4589,2.22988,1.29237,0.793527,0.793527,0,28,0.608236,0.655179,0.622222,0.663492,0.667867,,,,,0,12.8493,0,11.4046,2.79327,4.56053,1.49345,1.23229,0.853148,2.04295,,
X1/grouped__f1_s2,85,0.00031752,0,0,0.0746734,0.456625,2.1915,1.27045,0.791853,0.791853,0,28,0.613898,0.659289,0.631746,0.663492,0.667867,,,,,0,11.3981,0,9.83774,2.51691,4.69191,1.44525,1.20322,0.842707,2.01709,,
X1/grouped__f1_s2,86,0.000313664,0,0,0.0743719,0.45435,2.22005,1.29698,0.777902,0.777902,0,28,0.60315,0.662591,0.611111,0.668254,0.667867,,,,,0,12.2583,0,10.6459,2.66596,4.82184,1.50873,1.23445,0.872218,2.03164,,
X1/grouped__f1_s2,87,0.000309793,0,0,0.0740704,0.452075,2.15846,1.25907,0.78404,0.78404,0,28,0.646985,0.655393,0.655556,0.661905,0.667867,,,,,0,11.5949,0,9.91088,2.52801,4.83278,1.44587,1.18795,0.829508,1.98947,,
X1/grouped__f1_s2,88,0.000305907,0,0,0.0737688,0.4498,2.11311,1.23455,0.801339,0.801339,0,28,0.648318,0.646503,0.661905,0.657143,0.667867,,,,,0,11.5769,0,10.1289,2.59086,4.37091,1.43995,1.17307,0.841125,1.95324,,
X1/grouped__f1_s2,89,0.000302006,0,0,0.0734673,0.447525,2.07525,1.20651,0.810826,0.810826,0,28,0.566111,0.6197,0.577778,0.634921,0.667867,,,,,0,12.0229,0,10.3727,2.81139,4.95187,1.43916,1.15251,0.846919,1.94121,,
X1/grouped__f1_s2,90,0.000298093,0,0,0.0731658,0.44525,2.10628,1.23587,0.799665,0.799665,0,28,0.649547,0.648384,0.657143,0.660317,0.667867,,,,,0,12.8187,0,11.1826,2.77753,4.9568,1.491,1.20714,0.815186,1.95489,,
X1/grouped__f1_s2,91,0.000294168,0,0,0.0728643,0.442975,2.12552,1.24438,0.791295,0.791295,0,28,0.583539,0.674024,0.587302,0.679365,0.674024,0.816,0.922,0.628253,0.379885,0,13.1008,0,11.6681,2.9211,4.57266,1.47763,1.19049,0.84683,1.98914,50.1074,49.8926
X1/grouped__f1_s2,92,0.000290233,0,0,0.0725628,0.4407,2.07367,1.21327,0.795201,0.795201,0,28,0.650631,0.672594,0.65873,0.679365,0.674024,,,,,0,12.6654,0,11.2369,2.68792,4.60613,1.45064,1.17303,0.850231,1.95234,,
X1/grouped__f1_s2,93,0.000286287,0,0,0.0722613,0.438425,2.0491,1.20406,0.810268,0.810268,0,28,0.645577,0.664119,0.650794,0.671429,0.674024,,,,,0,11.683,0,10.2973,2.71809,4.29589,1.4298,1.16435,0.830191,1.92744,,
X1/grouped__f1_s2,94,0.000282333,0,0,0.0719598,0.43615,1.9808,1.14641,0.829799,0.829799,0,28,0.639228,0.685541,0.646032,0.693651,0.685541,0.913,0.928,0.364976,0.367196,0,11.4637,0,10.1448,2.6114,4.13456,1.38845,1.10394,0.82526,1.91309,53.4158,46.5842
X1/grouped__f1_s2,95,0.000278371,0,0,0.0716583,0.433875,2.02621,1.2046,0.800223,0.800223,0,28,0.596565,0.670205,0.611111,0.679365,0.685541,,,,,0,11.7434,0,10.316,2.57368,4.56037,1.44655,1.15195,0.810411,1.89364,,
X1/grouped__f1_s2,96,0.000274402,0,0,0.0713568,0.4316,2.001,1.18047,0.814732,0.814732,0,28,0.629853,0.679021,0.638095,0.687302,0.685541,,,,,0,11.3555,0,9.89609,2.59978,4.39188,1.44509,1.15311,0.814694,1.90114,,
X1/grouped__f1_s2,97,0.000270428,0,0,0.0710553,0.429325,1.94332,1.14574,0.833705,0.833705,0,28,0.641582,0.686414,0.649206,0.692063,0.686414,0.911,0.941,0.350936,0.338155,0,11.832,0,10.5146,2.53878,4.29532,1.37408,1.10693,0.816745,1.85774,52.5832,47.4168
X1/grouped__f1_s2,98,0.000266449,0,0,0.0707538,0.42705,1.92431,1.12703,0.827009,0.827009,0,28,0.56415,0.643663,0.587302,0.657143,0.686414,,,,,0,12.1585,0,10.8013,3.04961,4.10049,1.37388,1.09577,0.798085,1.86695,,
X1/grouped__f1_s2,99,0.000262466,0,0,0.0704523,0.424775,1.96458,1.17712,0.804688,0.804688,0,28,0.658732,0.643528,0.673016,0.657143,0.686414,,,,,0,11.3092,0,9.62948,2.8331,4.68843,1.42055,1.10592,0.793909,1.85384,,
X1/grouped__f1_s2,100,0.000258481,0,0,0.0701508,0.4225,1.90812,1.12879,0.834263,0.834263,0,28,0.664565,0.653778,0.666667,0.665079,0.686414,0.936,0.927,0.302347,0.376594,0,12.6043,0,11.2426,2.78514,4.23027,1.3862,1.09382,0.808799,1.84458,49.6593,50.3407
X1/grouped__f1_s2,101,0.000254494,0,0,0.0698492,0.420225,1.86524,1.10167,0.84096,0.84096,0,28,0.625886,0.661896,0.631746,0.673016,0.686414,,,,,0,11.0274,0,9.63264,2.71859,4.2149,1.34439,1.05366,0.789835,1.81705,,
X1/grouped__f1_s2,102,0.000250506,0,0,0.0695477,0.41795,1.84622,1.10133,0.831473,0.831473,0,28,0.62294,0.680492,0.633333,0.688889,0.686414,,,,,0,11.6977,0,10.3497,2.75871,4.14701,1.37571,1.06718,0.774797,1.78226,,
X1/grouped__f1_s2,103,0.000246519,0,0,0.0692462,0.415675,1.81598,1.08332,0.851004,0.851004,0,28,0.68619,0.673529,0.693651,0.68254,0.686414,,,,,0,10.2246,0,8.88521,2.49899,3.95378,1.33156,1.04211,0.762655,1.76259,,
X1/grouped__f1_s2,104,0.000242534,0,0,0.0689447,0.4134,1.80674,1.07893,0.842634,0.842634,0,28,0.626251,0.677782,0.638095,0.684127,0.686414,,,,,0,11.1083,0,9.8663,2.74203,3.81095,1.30473,1.02144,0.774894,1.76057,,
X1/grouped__f1_s2,105,0.000238551,0,0,0.0686432,0.411125,1.74762,1.0351,0.875,0.875,0,28,0.650283,0.685134,0.663492,0.688889,0.686414,,,,,0,11.599,0,10.2239,2.90196,4.18064,1.31385,1.0355,0.772078,1.73309,,
X1/grouped__f1_s2,106,0.000234572,0,0,0.0683417,0.40885,1.79832,1.0727,0.84654,0.84654,0,28,0.659179,0.679504,0.668254,0.684127,0.686414,,,,,0,12.2595,0,11.0807,2.66635,3.96054,1.30781,0.988549,0.778042,1.77479,,
X1/grouped__f1_s2,107,0.000230598,0,0,0.0680402,0.406575,1.71481,1.03583,0.862723,0.862723,0,28,0.623927,0.679153,0.630159,0.68254,0.686414,,,,,0,10.9056,0,9.65239,2.55199,3.88414,1.28039,0.977701,0.759054,1.67001,,
X1/grouped__f1_s2,108,0.000226629,0,0,0.0677387,0.4043,1.7301,1.03727,0.858259,0.858259,0,28,0.636914,0.678414,0.649206,0.685714,0.686414,,,,,0,12.2492,0,11.0293,3.12513,3.6446,1.30874,1.01715,0.759278,1.71365,,
X1/grouped__f1_s2,109,0.000222667,0,0,0.0674372,0.402025,1.73926,1.04142,0.859375,0.859375,0,28,0.640808,0.684658,0.652381,0.687302,0.686414,,,,,0,13.4846,0,12.1868,3.01308,4.32763,1.35862,1.03308,0.758858,1.73581,,
X1/grouped__f1_s2,110,0.000218713,0,0,0.0671357,0.39975,1.67681,1.01482,0.871652,0.871652,0,28,0.667861,0.685999,0.67619,0.688889,0.686414,,,,,0,11.4446,0,10.1703,2.59673,4.05951,1.28697,0.980064,0.743876,1.65599,,
X1/grouped__f1_s2,111,0.000214767,0,0,0.0668342,0.397475,1.66912,1.00438,0.875,0.875,0,28,0.642525,0.691496,0.660317,0.695238,0.691496,0.939,0.954,0.289323,0.254444,0,10.1884,0,8.96674,2.63153,3.59006,1.25228,0.964164,0.715948,1.67239,52.6896,47.3104
X1/grouped__f1_s2,112,0.000210832,0,0,0.0665327,0.3952,1.65831,1.00914,0.866629,0.866629,0,28,0.675912,0.677721,0.68254,0.68254,0.691496,,,,,0,10.8207,0,9.71627,2.54647,3.56066,1.25616,0.949162,0.735334,1.64263,,
X1/grouped__f1_s2,113,0.000206907,0,0,0.0662312,0.392925,1.66115,1.01556,0.864955,0.864955,0,28,0.6778,0.688381,0.680952,0.695238,0.691496,,,,,0,11.4703,0,10.2326,2.9134,3.71922,1.31665,1.02391,0.750618,1.64304,,
X1/grouped__f1_s2,114,0.000202994,0,0,0.0659296,0.39065,1.6949,1.02772,0.862723,0.862723,0,28,0.659517,0.672554,0.669841,0.680952,0.691496,,,,,0,12.3372,0,11.0543,3.1833,3.82772,1.34067,1.01252,0.748334,1.70788,,
X1/grouped__f1_s2,115,0.000199093,0,0,0.0656281,0.388375,1.60985,0.975186,0.86942,0.86942,0,28,0.680873,0.660232,0.685714,0.668254,0.691496,,,,,0,10.9529,0,9.8643,2.54686,3.47529,1.23914,0.939917,0.736415,1.63415,,
X1/grouped__f1_s2,116,0.000195207,0,0,0.0653266,0.3861,1.6011,0.978562,0.87779,0.87779,0,28,0.65964,0.675952,0.666667,0.680952,0.691496,,,,,0,10.4246,0,9.22033,2.59506,3.64506,1.24121,0.951174,0.720984,1.61239,,
X1/grouped__f1_s2,117,0.000191336,0,0,0.0650251,0.383825,1.56022,0.964806,0.883929,0.883929,0,28,0.683224,0.679818,0.692063,0.685714,0.691496,,,,,0,11.1952,0,9.88945,3.00998,3.79872,1.25929,0.946452,0.716347,1.55125,,
X1/grouped__f1_s2,118,0.00018748,0,0,0.0647236,0.38155,1.57293,0.96785,0.873884,0.873884,0,28,0.658169,0.676877,0.669841,0.684127,0.691496,,,,,0,10.967,0,9.78033,2.63284,3.77113,1.22565,0.917087,0.719948,1.58585,,
X1/grouped__f1_s2,119,0.000183641,0,0,0.0644221,0.379275,1.51809,0.927698,0.892299,0.892299,0,28,0.67448,0.653784,0.684127,0.661905,0.691496,,,,,0,10.7505,0,9.68283,2.66443,3.35418,1.1994,0.890818,0.711506,1.55664,,
X1/grouped__f1_s2,120,0.00017982,0,0,0.0641206,0.377,1.47815,0.910384,0.90346,0.90346,0,28,0.663269,0.683247,0.674603,0.688889,0.691496,,,,,0,10.357,0,9.29519,2.38382,3.42718,1.13918,0.843911,0.685411,1.50601,,
X1/grouped__f1_s2,121,0.000176018,0,0,0.0638191,0.374725,1.53684,0.947159,0.895089,0.895089,0,28,0.663448,0.679715,0.666667,0.685714,0.691496,,,,,0,10.8737,0,9.74934,2.63999,3.52066,1.19642,0.897426,0.686052,1.57364,,
X1/grouped__f1_s2,122,0.000172236,0,0,0.0635176,0.37245,1.51623,0.945693,0.882254,0.882254,0,28,0.663025,0.69093,0.673016,0.695238,0.691496,,,,,0,11.1807,0,10.1067,2.65239,3.43285,1.18255,0.871991,0.692495,1.53186,,
X1/grouped__f1_s2,123,0.000168475,0,0,0.0632161,0.370175,1.46736,0.908254,0.901786,0.901786,0,28,0.679781,0.705478,0.685714,0.709524,0.705478,0.968,0.978,0.192149,0.189172,0,10.5418,0,9.38665,2.54087,3.57241,1.18879,0.872688,0.67584,1.51038,55.6503,44.3497
X1/grouped__f1_s2,124,0.000164735,0,0,0.0629146,0.3679,1.45572,0.903917,0.895647,0.895647,0,28,0.670015,0.705445,0.679365,0.709524,0.705478,,,,,0,10.8427,0,9.81273,2.53188,3.47008,1.14353,0.842412,0.670316,1.49986,,
X1/grouped__f1_s2,125,0.000161019,0,0,0.0626131,0.365625,1.49376,0.936716,0.881696,0.881696,0,28,0.678289,0.707583,0.685714,0.712698,0.707583,0.971,0.972,0.178909,0.184162,0,12.1736,0,10.9703,3.23129,3.43671,1.19994,0.879914,0.671661,1.52354,60.0729,39.9271
X1/grouped__f1_s2,126,0.000157326,0,0,0.0623116,0.36335,1.47916,0.921793,0.887277,0.887277,0,28,0.676881,0.704066,0.679365,0.709524,0.707583,,,,,0,12.6558,0,11.7244,2.76486,3.44258,1.22428,0.904308,0.692113,1.53397,,
X1/grouped__f1_s2,127,0.000153657,0,0,0.0620101,0.361075,1.47196,0.922675,0.889509,0.889509,0,28,0.670831,0.69135,0.674603,0.695238,0.707583,,,,,0,10.9655,0,9.8984,2.68716,3.37061,1.20595,0.892567,0.669581,1.52125,,
X1/grouped__f1_s2,128,0.000150015,0,0,0.0617085,0.3588,1.40557,0.883329,0.904576,0.904576,0,28,0.671554,0.704002,0.677778,0.707937,0.707583,,,,,0,9.31758,0,8.28946,2.40801,3.06497,1.12961,0.832422,0.652054,1.45553,,
X1/grouped__f1_s2,129,0.000146399,0,0,0.061407,0.356525,1.42151,0.900346,0.90067,0.90067,0,28,0.678879,0.69474,0.685714,0.698413,0.707583,,,,,0,11.1892,0,10.1821,2.76283,3.24856,1.16434,0.854072,0.653997,1.46179,,
X1/grouped__f1_s2,130,0.00014281,0,0,0.0611055,0.35425,1.40418,0.891734,0.888951,0.888951,0,28,0.689675,0.698811,0.696825,0.701587,0.707583,,,,,0,10.0313,0,8.97125,2.55558,3.1965,1.12335,0.820055,0.636405,1.44658,,
X1/grouped__f1_s2,131,0.00013925,0,0,0.060804,0.351975,1.36662,0.867017,0.90067,0.90067,0,28,0.676679,0.699814,0.685714,0.704762,0.707583,,,,,0,9.77996,0,8.65851,2.61378,3.22729,1.14018,0.835698,0.631131,1.41943,,
X1/grouped__f1_s2,132,0.000135719,0,0,0.0605025,0.3497,1.36778,0.857565,0.916295,0.916295,0,28,0.669433,0.700314,0.671429,0.703175,0.707583,,,,,0,11.846,0,10.7765,3.19512,3.01516,1.14209,0.827871,0.641003,1.45901,,
X1/grouped__f1_s2,133,0.000132219,0,0,0.060201,0.347425,1.33911,0.848495,0.909598,0.909598,0,28,0.638796,0.701764,0.650794,0.704762,0.707583,,,,,0,10.4777,0,9.3752,2.75885,3.3831,1.13032,0.815238,0.634056,1.41216,,
X1/grouped__f1_s2,134,0.00012875,0,0,0.0598995,0.34515,1.34559,0.861358,0.906808,0.906808,0,28,0.670648,0.705503,0.679365,0.709524,0.707583,,,,,0,9.4871,0,8.42034,2.4701,3.20177,1.12189,0.813487,0.619495,1.40297,,
X1/grouped__f1_s2,135,0.000125313,0,0,0.059598,0.342875,1.32508,0.836614,0.90904,0.90904,0,28,0.700874,0.696337,0.709524,0.703175,0.707583,,,,,0,11.0293,0,10.0185,2.75236,3.18995,1.11052,0.802359,0.611597,1.42463,,
X1/grouped__f1_s2,136,0.000121909,0,0,0.0592965,0.3406,1.30626,0.831849,0.91183,0.91183,0,28,0.680874,0.69532,0.690476,0.701587,0.707583,,,,,0,10.6936,0,9.78402,2.54318,3.01523,1.09978,0.796286,0.617955,1.39287,,
X1/grouped__f1_s2,137,0.000118539,0,0,0.058995,0.338325,1.27656,0.819649,0.915179,0.915179,0,28,0.679927,0.71013,0.688889,0.715873,0.71013,0.981,0.983,0.136392,0.138499,0,10.8381,0,9.9231,2.62449,3.00692,1.10444,0.793095,0.596123,1.35051,60.8937,39.1063
X1/grouped__f1_s2,138,0.000115204,0,0,0.0586935,0.33605,1.2599,0.805848,0.923549,0.923549,0,28,0.683032,0.710796,0.687302,0.714286,0.710796,0.986,0.988,0.135246,0.131072,0,9.22533,0,8.18256,2.45689,3.06341,1.07201,0.774842,0.586702,1.35113,60.5333,39.4667
X1/grouped__f1_s2,139,0.000111904,0,0,0.058392,0.333775,1.25132,0.800006,0.926339,0.926339,0,28,0.691978,0.703604,0.696825,0.704762,0.710796,,,,,0,9.30444,0,8.32205,2.43386,2.98775,1.0417,0.751355,0.593604,1.35214,,
X1/grouped__f1_s2,140,0.000108641,0,0,0.0580905,0.3315,1.24551,0.810564,0.916853,0.916853,0,28,0.681139,0.708867,0.692063,0.712698,0.710796,,,,,0,10.0916,0,9.25358,2.42647,2.75485,1.03303,0.727127,0.568294,1.31206,,
X1/grouped__f1_s2,141,0.000105415,0,0,0.0577889,0.329225,1.27317,0.819471,0.921317,0.921317,0,28,0.694787,0.707648,0.706349,0.711111,0.710796,,,,,0,9.74937,0,8.82714,2.46928,2.91674,1.08596,0.77721,0.599722,1.37809,,
X1/grouped__f1_s2,142,0.000102227,0,0,0.0574874,0.32695,1.29232,0.842302,0.90625,0.90625,0,28,0.680218,0.700754,0.687302,0.706349,0.710796,,,,,0,10.6551,0,9.78241,2.55644,2.87977,1.09723,0.791081,0.57577,1.37641,,
X1/grouped__f1_s2,143,9.90786e-05,0,0,0.0571859,0.324675,1.22396,0.799293,0.922433,0.922433,0,28,0.692632,0.701202,0.698413,0.707937,0.710796,,,,,0,9.90001,0,9.00273,2.4628,2.81563,1.07596,0.759095,0.578777,1.30796,,
X1/grouped__f1_s2,144,9.59698e-05,0,0,0.0568844,0.3224,1.22205,0.791013,0.927455,0.927455,0,28,0.695336,0.703613,0.701587,0.707937,0.710796,,,,,0,9.736,0,8.80822,2.5382,2.85525,1.06835,0.754282,0.569688,1.33698,,
X1/grouped__f1_s2,145,9.29016e-05,0,0,0.0565829,0.320125,1.20721,0.789735,0.924107,0.924107,0,28,0.684604,0.69515,0.692063,0.7,0.710796,,,,,0,9.29721,0,8.38609,2.38766,2.81944,1.01896,0.72174,0.559365,1.30409,,
X1/grouped__f1_s2,146,8.98748e-05,0,0,0.0562814,0.31785,1.20424,0.786218,0.928571,0.928571,0,28,0.694141,0.700863,0.701587,0.704762,0.710796,,,,,0,10.2537,0,9.37107,2.64825,2.78195,1.04499,0.740965,0.547197,1.31515,,
X1/grouped__f1_s2,147,8.68902e-05,0,0,0.0559799,0.315575,1.18572,0.781341,0.925781,0.925781,0,28,0.685218,0.69578,0.693651,0.7,0.710796,,,,,0,10.0511,0,9.13985,2.52516,2.85522,1.06233,0.744866,0.535337,1.28139,,
X1/grouped__f1_s2,148,8.39486e-05,0,0,0.0556784,0.3133,1.18381,0.77442,0.929129,0.929129,0,28,0.690253,0.711269,0.698413,0.715873,0.711269,0.995,0.988,0.105452,0.116036,0,9.94498,0,9.01099,2.68465,2.74344,1.06628,0.754819,0.556112,1.3067,61.0747,38.9253
X1/grouped__f1_s2,149,8.10507e-05,0,0,0.0553769,0.311025,1.14546,0.755391,0.931362,0.931362,0,28,0.697315,0.707767,0.703175,0.712698,0.711269,,,,,0,9.84912,0,8.89927,2.67496,2.72751,1.00918,0.708897,0.536926,1.25414,,
X1/grouped__f1_s2,150,7.81974e-05,0,0,0.0550754,0.30875,1.18882,0.790017,0.918527,0.918527,0,28,0.702247,0.702473,0.709524,0.707937,0.711269,0.994,0.988,0.104835,0.119265,0,9.24375,0,8.26065,2.50351,2.85094,1.06881,0.752101,0.538859,1.29166,60.2923,39.7077
X1/grouped__f1_s2,151,7.53893e-05,0,0,0.0547739,0.306475,1.12979,0.753209,0.929688,0.929688,0,28,0.700431,0.70567,0.707937,0.709524,0.711269,,,,,0,8.73507,0,7.82639,2.47653,2.56672,0.985968,0.69786,0.526382,1.22875,,
X1/grouped__f1_s2,152,7.26271e-05,0,0,0.0544724,0.3042,1.12218,0.745089,0.938616,0.938616,0,28,0.705678,0.701544,0.709524,0.706349,0.711269,,,,,0,9.30691,0,8.46962,2.35648,2.63544,0.984348,0.684422,0.521773,1.2396,,
X1/grouped__f1_s2,153,6.99117e-05,0,0,0.0541709,0.301925,1.07507,0.710656,0.945871,0.945871,0,28,0.701738,0.711089,0.707937,0.714286,0.711269,,,,,0.0119048,8.77901,1,7.92392,2.81902,2.6002,0.943509,0.658873,0.507903,1.20696,,
X1/grouped__f1_s2,154,6.72436e-05,0,0,0.0538693,0.29965,1.10231,0.730501,0.936942,0.936942,0,28,0.710432,0.710636,0.719048,0.715873,0.711269,,,,,0,10.2979,0,9.51062,2.48588,2.66147,1.00069,0.695477,0.512768,1.2408,,
X1/grouped__f1_s2,155,6.46236e-05,0,0,0.0535678,0.297375,1.11028,0.743401,0.930804,0.930804,0,28,0.706231,0.713387,0.711111,0.71746,0.713387,0.994,0.989,0.0890188,0.102946,0,8.30646,0,7.45843,2.3168,2.45962,0.98827,0.690276,0.517165,1.23374,61.1622,38.8378
X1/grouped__f1_s2,156,6.20524e-05,0,0,0.0532663,0.2951,1.11069,0.742889,0.925781,0.925781,0,28,0.690075,0.709112,0.698413,0.715873,0.713387,,,,,0,8.80502,0,7.91904,2.33902,2.64101,0.978153,0.678285,0.507018,1.24636,,
X1/grouped__f1_s2,157,5.95306e-05,0,0,0.0529648,0.292825,1.11327,0.747016,0.929688,0.929688,0,28,0.698195,0.71545,0.7,0.720635,0.71545,0.991,0.992,0.0925455,0.0993562,0,9.45411,0,8.59485,2.53736,2.6286,1.00582,0.692889,0.505658,1.25077,61.9166,38.0834
X1/grouped__f1_s2,158,5.70589e-05,0,0,0.0526633,0.29055,1.07652,0.719056,0.938616,0.938616,0,28,0.716097,0.708492,0.72381,0.715873,0.716097,0.995,0.993,0.0852546,0.0986356,0,10.0152,0,9.2361,2.52101,2.52098,0.993881,0.69523,0.517337,1.2303,61.9588,38.0412
X1/grouped__f1_s2,159,5.46379e-05,0,0,0.0523618,0.288275,1.06119,0.716538,0.936384,0.936384,0,28,0.714445,0.705866,0.71746,0.712698,0.716097,,,,,0,9.27113,0,8.45553,2.32118,2.62276,0.988368,0.694622,0.489467,1.19556,,
X1/grouped__f1_s2,160,5.22683e-05,0,0,0.0520603,0.286,1.04355,0.707211,0.939174,0.939174,0,28,0.701248,0.71876,0.706349,0.722222,0.71876,0.995,0.993,0.0850649,0.0940762,0,8.83004,0,8.00414,2.2611,2.5686,0.979023,0.675953,0.477966,1.176,61.6172,38.3828
X1/grouped__f1_s2,161,4.99506e-05,0,0,0.0517588,0.283725,1.04352,0.712638,0.935826,0.935826,0,28,0.69469,0.712828,0.7,0.719048,0.71876,,,,,0,9.2356,0,8.42893,2.47689,2.40207,0.97108,0.672311,0.470309,1.16622,,
X1/grouped__f1_s2,162,4.76856e-05,0,0,0.0514573,0.28145,1.03088,0.702025,0.94308,0.94308,0,28,0.691699,0.707999,0.693651,0.714286,0.71876,,,,,0,8.8221,0,7.99151,2.3949,2.48204,0.966297,0.67078,0.484451,1.16843,,
X1/grouped__f1_s2,163,4.54736e-05,0,0,0.0511558,0.279175,1.01868,0.688875,0.944754,0.944754,0,28,0.713208,0.713243,0.714286,0.715873,0.71876,,,,,0,7.94351,0,7.05382,2.20471,2.54931,0.936982,0.64425,0.466924,1.18136,,
X1/grouped__f1_s2,164,4.33155e-05,0,0,0.0508543,0.2769,1.02693,0.698979,0.938616,0.938616,0,28,0.702337,0.714632,0.706349,0.719048,0.71876,,,,,0,8.24119,0,7.3982,2.41979,2.36028,0.95295,0.654811,0.469621,1.18437,,
X1/grouped__f1_s2,165,4.12116e-05,0,0,0.0505528,0.274625,1.02371,0.703207,0.933036,0.933036,0,28,0.697061,0.719209,0.698413,0.722222,0.719209,0.997,0.995,0.0848306,0.0900932,0,9.99101,0,9.06551,2.79238,2.66869,0.97974,0.674181,0.46837,1.16707,62.5759,37.4241
X1/grouped__f1_s2,166,3.91625e-05,0,0,0.0502513,0.27235,1.01373,0.692945,0.936384,0.936384,0,28,0.69761,0.713903,0.701587,0.715873,0.719209,,,,,0,8.99799,0,8.21222,2.25069,2.4237,0.948934,0.653846,0.460093,1.17783,,
X1/grouped__f1_s2,167,3.71688e-05,0,0,0.0499497,0.270075,0.978068,0.673856,0.942522,0.942522,0,28,0.705995,0.713882,0.711111,0.71746,0.719209,,,,,0,9.00079,0,8.2006,2.42663,2.34001,0.962993,0.665601,0.455456,1.1264,,
X1/grouped__f1_s2,168,3.5231e-05,0,0,0.0496482,0.2678,1.00956,0.693614,0.933036,0.933036,0,28,0.700618,0.715889,0.704762,0.719048,0.719209,,,,,0,9.09989,0,8.31844,2.43727,2.40951,0.991196,0.673469,0.453801,1.17977,,
X1/grouped__f1_s2,169,3.33496e-05,0,0,0.0493467,0.265525,1.00604,0.693307,0.939174,0.939174,0,28,0.707075,0.713598,0.712698,0.715873,0.719209,,,,,0,9.2521,0,8.44923,2.43712,2.47197,0.998007,0.677526,0.448078,1.17779,,
X1/grouped__f1_s2,170,3.15251e-05,0,0,0.0490452,0.26325,1.01785,0.707961,0.933594,0.933594,0,28,0.70162,0.722405,0.706349,0.725397,0.722405,0.993,0.997,0.0750269,0.0848024,0,9.14426,0,8.33823,2.40815,2.51901,1.00633,0.6933,0.442422,1.17718,62.5758,37.4243
X1/grouped__f1_s2,171,2.97579e-05,0,0,0.0487437,0.260975,0.97684,0.677707,0.939732,0.939732,0,28,0.717476,0.726417,0.72381,0.728571,0.726417,0.996,0.994,0.0794036,0.0869166,0,8.60683,0,7.68575,2.46457,2.57737,0.955043,0.652492,0.455429,1.14621,63.1055,36.8945
X1/grouped__f1_s2,172,2.80486e-05,0,0,0.0484422,0.2587,0.952381,0.660997,0.945313,0.945313,0,28,0.707857,0.717349,0.712698,0.720635,0.726417,,,,,0,7.92731,0,7.18311,2.10634,2.24141,0.917471,0.628272,0.425445,1.12634,,
X1/grouped__f1_s2,173,2.63975e-05,0,0,0.0481407,0.256425,0.924378,0.637977,0.952009,0.952009,0,28,0.702059,0.721494,0.707937,0.725397,0.726417,,,,,0,7.72368,0,6.94803,2.1809,2.2306,0.902754,0.614183,0.435949,1.1169,,
X1/grouped__f1_s2,174,2.48051e-05,0,0,0.0478392,0.25415,0.911123,0.626842,0.950335,0.950335,0,28,0.707323,0.72338,0.712698,0.726984,0.726417,,,,,0,9.10499,0,8.28541,2.54818,2.29626,0.917647,0.627938,0.428743,1.11856,,
X1/grouped__f1_s2,175,2.32718e-05,0,0,0.0475377,0.251875,0.941956,0.659067,0.939732,0.939732,0,28,0.701314,0.723955,0.706349,0.726984,0.726417,0.997,0.998,0.0722414,0.0811201,0,8.22615,0,7.52219,2.05613,2.26196,0.901941,0.617208,0.414053,1.12313,62.4223,37.5777
X1/grouped__f1_s2,176,2.1798e-05,0,0,0.0472362,0.25,0.946722,0.661407,0.94308,0.94308,0,28,0.715772,0.717989,0.720635,0.722222,0.726417,,,,,0,8.60353,0,7.81151,2.39402,2.3486,0.939238,0.627124,0.406761,1.14126,,
X1/grouped__f1_s2,177,2.0384e-05,0,0,0.0469347,0.25,0.933931,0.653634,0.944754,0.944754,0,28,0.707568,0.725719,0.712698,0.728571,0.726417,,,,,0,8.72439,0,7.92765,2.43473,2.2682,0.929195,0.628925,0.414544,1.12119,,
X1/grouped__f1_s2,178,1.90303e-05,0,0,0.0466332,0.25,0.945818,0.662519,0.941406,0.941406,0,28,0.715628,0.720795,0.719048,0.722222,0.726417,,,,,0,7.92479,0,7.1272,2.25731,2.20641,0.933846,0.639491,0.419591,1.13319,,
X1/grouped__f1_s2,179,1.77372e-05,0,0,0.0463317,0.25,0.946503,0.665063,0.936384,0.936384,0,28,0.712236,0.719047,0.715873,0.722222,0.726417,,,,,0,8.41202,0,7.64713,2.26334,2.28847,0.966363,0.655076,0.417485,1.12576,,
X1/grouped__f1_s2,180,1.65051e-05,0,0,0.0460302,0.25,0.909387,0.6354,0.947545,0.947545,0,28,0.709234,0.713535,0.714286,0.71746,0.726417,,,,,0,8.29688,0,7.52654,2.21991,2.31913,0.921667,0.616621,0.411077,1.09595,,
X1/grouped__f1_s2,181,1.53342e-05,0,0,0.0457286,0.25,0.899404,0.625943,0.952567,0.952567,0,28,0.709329,0.719174,0.714286,0.72381,0.726417,,,,,0,7.76987,0,7.00653,2.09267,2.28856,0.877168,0.593737,0.403192,1.09385,,
X1/grouped__f1_s2,182,1.42248e-05,0,0,0.0454271,0.25,0.919084,0.644202,0.939732,0.939732,0,28,0.702815,0.71382,0.707937,0.71746,0.726417,,,,,0,8.00973,0,7.14839,2.3328,2.39415,0.951523,0.646201,0.4099,1.09953,,
X1/grouped__f1_s2,183,1.31773e-05,0,0,0.0451256,0.25,0.913961,0.641742,0.943638,0.943638,0,28,0.711497,0.713579,0.715873,0.71746,0.726417,,,,,0,7.6709,0,6.86253,2.18257,2.28091,0.939071,0.639328,0.418379,1.08888,,
X1/grouped__f1_s2,184,1.21919e-05,0,0,0.0448241,0.25,0.915489,0.639296,0.940848,0.940848,0,28,0.711585,0.716827,0.715873,0.720635,0.726417,,,,,0,7.89098,0,7.06243,2.22219,2.3625,0.945037,0.632419,0.410417,1.10477,,
X1/grouped__f1_s2,185,1.12689e-05,0,0,0.0445226,0.25,0.910786,0.635036,0.944754,0.944754,0,28,0.717928,0.719352,0.722222,0.72381,0.726417,,,,,0,8.77098,0,8.00291,2.34074,2.24073,0.923351,0.61768,0.416392,1.103,,
X1/grouped__f1_s2,186,1.04085e-05,0,0,0.0442211,0.25,0.923668,0.648848,0.939732,0.939732,0,28,0.710534,0.716157,0.715873,0.720635,0.726417,,,,,0,8.71419,0,7.86881,2.40338,2.36245,0.977004,0.667984,0.413787,1.09928,,
X1/grouped__f1_s2,187,9.61089e-06,0,0,0.0439196,0.25,0.878592,0.614453,0.954799,0.954799,0,28,0.710258,0.715786,0.715873,0.719048,0.726417,,,,,0,7.52825,0,6.71733,2.14263,2.27345,0.891983,0.612001,0.415583,1.05656,,
X1/grouped__f1_s2,188,8.87636e-06,0,0,0.0436181,0.25,0.887386,0.619076,0.946429,0.946429,0,28,0.718019,0.715994,0.720635,0.719048,0.726417,,,,,0,7.64191,0,6.88882,2.1683,2.17047,0.923173,0.626264,0.418093,1.07324,,
X1/grouped__f1_s2,189,8.20506e-06,0,0,0.0433166,0.25,0.84971,0.586321,0.954799,0.954799,0,28,0.711664,0.716663,0.71746,0.720635,0.726417,,,,,0,8.00513,0,7.14273,2.4742,2.14479,0.886249,0.600033,0.423013,1.05356,,
X1/grouped__f1_s2,190,7.59717e-06,0,0,0.0430151,0.25,0.879576,0.612192,0.948103,0.948103,0,28,0.715327,0.715501,0.719048,0.719048,0.726417,,,,,0,8.07267,0,7.26244,2.3266,2.26765,0.936192,0.627695,0.410084,1.06953,,
X1/grouped__f1_s2,191,7.05284e-06,0,0,0.0427136,0.25,0.882085,0.6147,0.948103,0.948103,0,28,0.709707,0.713,0.714286,0.71746,0.726417,,,,,0,8.21346,0,7.47677,2.36772,2.11554,0.895298,0.602147,0.418591,1.06954,,
X1/grouped__f1_s2,192,6.57221e-06,0,0,0.0424121,0.25,0.872039,0.60251,0.948661,0.948661,0,28,0.714047,0.717348,0.71746,0.720635,0.726417,,,,,0,8.17119,0,7.40757,2.25243,2.24228,0.930908,0.621791,0.411661,1.07812,,
X1/grouped__f1_s2,193,6.15542e-06,0,0,0.0421106,0.25,0.862512,0.593281,0.951451,0.951451,0,28,0.706935,0.71924,0.711111,0.722222,0.726417,,,,,0,7.92215,0,7.14526,2.30858,2.11275,0.905662,0.611433,0.408055,1.07693,,
X1/grouped__f1_s2,194,5.80257e-06,0,0,0.041809,0.25,0.886463,0.614898,0.948103,0.948103,0,28,0.714509,0.712148,0.719048,0.715873,0.726417,,,,,0,8.23168,0,7.39728,2.41526,2.28528,0.942422,0.634445,0.422327,1.08626,,
X1/grouped__f1_s2,195,5.51374e-06,0,0,0.0415075,0.25,0.86044,0.594034,0.943638,0.943638,0,28,0.717819,0.714105,0.722222,0.71746,0.726417,,,,,0,8.35042,0,7.5659,2.26478,2.3207,0.920041,0.613509,0.414981,1.06562,,
X1/grouped__f1_s2,196,5.28902e-06,0,0,0.041206,0.25,0.858596,0.594649,0.948661,0.948661,0,28,0.710146,0.717886,0.714286,0.720635,0.726417,,,,,0,7.93263,0,7.15765,2.2638,2.20825,0.904392,0.603257,0.419148,1.05579,,
X1/grouped__f1_s2,197,5.12847e-06,0,0,0.0409045,0.25,0.837104,0.573603,0.951451,0.951451,0,28,0.711258,0.717718,0.715873,0.720635,0.726417,,,,,0,8.14571,0,7.32141,2.35473,2.22546,0.907501,0.606725,0.414911,1.05401,,
X1/grouped__f1_s2,198,5.03212e-06,0,0,0.040603,0.25,0.853386,0.59359,0.943638,0.943638,0,28,0.707842,0.713568,0.712698,0.71746,0.726417,,,,,0,7.85428,0,7.00525,2.3112,2.28179,0.959367,0.657132,0.421571,1.03918,,
X1/grouped__f1_s2,199,5e-06,0,0,0.0403015,0.25,0.851079,0.584646,0.946987,0.946987,0,28,0.706328,0.71622,0.711111,0.720635,0.726417,,,,,0,8.08517,0,7.32642,2.25026,2.20343,0.93331,0.628652,0.415051,1.06573,,
X1/grouped__f1_s2,200,5e-06,0,0,0.04,0.25,0.862224,0.597391,0.946429,0.946429,0,28,0.705951,0.716767,0.711111,0.720635,0.726417,0.998,0.998,0.0612328,0.0677146,0,7.67725,0,6.93576,2.19982,2.10372,0.899233,0.602769,0.416216,1.05933,62.581,37.419
X1/stratified__f0_s0,1,0.0002,1,0,0.1,0.647725,8.19598,5.28168,0.021875,0.0257812,0,40,0.0239739,0.0323896,0.0706402,0.0750552,0.0323896,0.066,0.065,4.07726,4.1161,0.025,33.8812,7,26.3558,16.9493,8.82218,8.45498,2.48075,0.093949,4.49929,0.299369,99.7006
X1/stratified__f0_s0,2,0.0003,1,0,0.0996985,0.64545,7.17907,4.28019,0.0347656,0.0535156,0,40,0.0711251,0.0749119,0.116998,0.12362,0.0749119,0.105,0.102,3.56619,3.58983,0,11.8635,0,6.33441,6.78456,4.48517,4.93066,2.16068,0.104062,4.49125,10.4183,89.5817
X1/stratified__f0_s0,3,0.0004,1,0,0.099397,0.643175,6.90045,4.05059,0.0414063,0.0828125,0,40,0.0694675,0.125957,0.121413,0.161148,0.125957,0.137,0.149,3.39199,3.32971,0,8.38007,0,3.6639,4.41125,4.05649,4.05023,2.16979,0.174132,4.43092,21.4941,78.5059
X1/stratified__f0_s0,4,0.0005,1,0,0.0990955,0.6409,6.63002,3.88263,0.0625,0.103516,0,40,0.123697,0.141647,0.169978,0.182119,0.141647,0.17,0.182,3.22271,3.1687,0,7.19087,0,3.06959,3.40963,3.70958,3.68903,2.2634,0.343237,4.28677,16.7641,83.2359
X1/stratified__f0_s0,5,0.000499968,1,0,0.098794,0.638625,6.4841,3.8019,0.0765625,0.126563,0,40,0.112385,0.185102,0.160044,0.226269,0.185102,0.166,0.238,3.10975,2.9359,0,7.184,0,3.88227,3.11064,3.52852,3.25019,2.23882,0.40406,4.19997,17.4724,82.5276
X1/stratified__f0_s0,6,0.000499872,1,0,0.0984925,0.63635,6.27162,3.68018,0.0675781,0.162891,0,40,0.161559,0.211963,0.217439,0.262693,0.211963,0.244,0.27,2.81329,2.78134,0,6.62711,0,3.60245,2.70987,3.44156,2.91368,2.17616,0.526734,4.07234,21.705,78.295
X1/stratified__f0_s0,7,0.000499711,1,0,0.098191,0.634075,6.19593,3.6432,0.0964844,0.174609,0,40,0.135099,0.216042,0.192053,0.271523,0.216042,0.207,0.294,3.04359,2.71145,0,6.66949,0,3.70151,2.67539,3.56596,2.78174,2.19766,0.553398,4.02591,28.4089,71.5911
X1/stratified__f0_s0,8,0.000499486,1,0,0.0978894,0.6318,6.11764,3.59949,0.100781,0.171484,0,40,0.181563,0.23811,0.235099,0.284768,0.23811,0.242,0.313,2.77606,2.60143,0,6.46574,0,3.94828,2.28544,3.26158,2.60944,2.15908,0.57066,3.98567,29.2914,70.7086
X1/stratified__f0_s0,9,0.000499197,1,0,0.0975879,0.629525,5.85416,3.41717,0.132031,0.222266,0,40,0.235583,0.274003,0.282561,0.321192,0.274003,0.286,0.32,2.55162,2.5223,0,7.08939,0,4.52183,2.18128,3.78793,2.59503,2.19058,0.618066,3.87114,28.4665,71.5335
X1/stratified__f0_s0,10,0.000498845,1,0,0.0972864,0.62725,5.90557,3.46437,0.14375,0.224219,0,40,0.205175,0.293197,0.249448,0.334437,0.293197,0.275,0.344,2.66938,2.44236,0,6.39594,0,3.91555,1.89919,3.64746,2.42299,2.1391,0.626391,3.89191,29.0577,70.9423
X1/stratified__f0_s0,11,0.000498428,1,0,0.0969849,0.624975,5.63881,3.28281,0.114453,0.257422,0,40,0.263529,0.302622,0.309051,0.34106,0.302622,0.319,0.357,2.3888,2.38499,0,6.12105,0,3.33703,1.94786,3.82488,2.37244,2.08393,0.627494,3.76975,30.797,69.203
X1/stratified__f0_s0,12,0.000497947,1,0,0.0966834,0.6227,5.57285,3.23961,0.135547,0.260938,0,40,0.195331,0.331118,0.242826,0.365342,0.331118,0.256,0.369,2.65662,2.3132,0,6.95179,0,4.27868,2.24874,3.99347,2.36485,2.11811,0.687194,3.74698,33.4711,66.5289
X1/stratified__f0_s0,13,0.000497403,1,0,0.0963819,0.620425,5.56623,3.24825,0.1125,0.262891,0,40,0.269558,0.351801,0.315673,0.384106,0.351801,0.336,0.396,2.42804,2.26756,0,7.2972,0,4.62203,2.32486,4.13283,2.27025,2.10768,0.670469,3.73612,34.8713,65.1287
X1/stratified__f0_s0,14,0.000496795,1,0,0.0960804,0.61815,5.55199,3.24663,0.183594,0.279297,0,40,0.284907,0.364886,0.3234,0.39404,0.364886,0.366,0.389,2.30455,2.23352,0,6.86159,0,4.35918,2.16092,3.7844,2.16083,2.08014,0.651595,3.72945,34.4711,65.5289
X1/stratified__f0_s0,15,0.000496124,1,0,0.0957789,0.615875,5.55388,3.24403,0.155859,0.279687,0,40,0.278129,0.360198,0.337748,0.389625,0.364886,,,,,0,7.56785,0,4.78611,2.19365,4.52525,2.2004,2.16629,0.690922,3.75052,,
X1/stratified__f0_s0,16,0.000495389,1,0,0.0954774,0.6136,5.54257,3.24953,0.137891,0.291406,0,40,0.2742,0.362263,0.31457,0.39404,0.364886,,,,,0,7.19196,0,4.58971,1.92628,4.36571,2.06157,2.08458,0.637663,3.73702,,
X1/stratified__f0_s0,17,0.000494592,1,0,0.0951759,0.611325,5.54836,3.26408,0.119141,0.283984,0,40,0.326381,0.348227,0.374172,0.381898,0.364886,,,,,0,6.9419,0,4.20887,1.78922,4.40665,2.0429,2.13515,0.636549,3.7366,,
X1/stratified__f0_s0,18,0.000493731,1,0,0.0948744,0.60905,5.51296,3.2512,0.172266,0.283594,0,40,0.305694,0.35474,0.357616,0.386313,0.364886,,,,,0,6.63438,0,4.05937,1.91055,4.13938,1.9709,2.06117,0.634001,3.71358,,
X1/stratified__f0_s0,19,0.000492808,1,0,0.0945729,0.606775,5.23938,3.05491,0.136719,0.323828,0,40,0.224798,0.364299,0.256071,0.397351,0.364886,,,,,0,7.61576,0,5.23212,2.04921,4.3562,2.00066,2.06318,0.671336,3.60012,,
X1/stratified__f0_s0,20,0.000491823,1,0,0.0942714,0.6045,5.37087,3.15198,0.2,0.313672,0,40,0.302698,0.387119,0.344371,0.415011,0.387119,0.367,0.44,2.21638,2.02648,0,7.03082,0,4.53788,1.89498,4.3579,1.96464,2.07829,0.655447,3.67062,36.9143,63.0857
X1/stratified__f0_s0,21,0.000490775,1,0,0.0939698,0.602225,5.3408,3.14279,0.142969,0.310156,0,40,0.350226,0.370712,0.387417,0.399558,0.387119,,,,,0,7.42305,0,4.85667,1.77375,4.61927,1.94754,2.12514,0.651348,3.64981,,
X1/stratified__f0_s0,22,0.000489666,1,0,0.0936683,0.59995,5.09695,2.97284,0.195312,0.340234,0,40,0.360986,0.401891,0.391832,0.42936,0.401891,0.42,0.452,1.98812,1.9243,0,7.42015,0,4.64525,1.74616,4.91789,1.9001,2.01509,0.688468,3.54049,30.3442,69.6558
X1/stratified__f0_s0,23,0.000488495,1,0,0.0933668,0.597675,5.37284,3.17854,0.213672,0.304297,0,40,0.33228,0.400331,0.365342,0.427152,0.401891,,,,,0,7.80711,0,5.24492,1.97736,4.68382,1.84287,2.03401,0.651136,3.67139,,
X1/stratified__f0_s0,24,0.000487263,1,0,0.0930653,0.5954,5.19698,3.04278,0.190625,0.336719,0,40,0.343929,0.413237,0.377483,0.435982,0.413237,0.407,0.472,2.09331,1.90949,0,7.80953,0,5.69521,2.07719,4.16086,1.81917,1.98841,0.662847,3.61806,34.1988,65.8012
X1/stratified__f0_s0,25,0.00048597,1,0,0.0927638,0.593125,5.26118,3.10437,0.180859,0.339844,0,40,0.35856,0.42732,0.390728,0.452539,0.42732,0.439,0.482,1.98026,1.87455,0,6.42732,0,4.03989,1.63391,4.11657,1.77081,1.99935,0.644568,3.63636,33.2426,66.7574
X1/stratified__f0_s0,26,0.000484616,1,0,0.0924623,0.59085,5.00573,2.925,0.183594,0.376563,0,40,0.40059,0.411057,0.427152,0.435982,0.42732,,,,,0,7.14259,0,4.77293,1.72407,4.4187,1.7697,1.92173,0.662979,3.52158,,
X1/stratified__f0_s0,27,0.000483202,1,0,0.0921608,0.588575,5.02025,2.94069,0.158203,0.354688,0,40,0.367109,0.404082,0.391832,0.432671,0.42732,,,,,0,8.03665,0,5.16869,2.01339,5.02578,1.83172,1.99088,0.666377,3.53321,,
X1/stratified__f0_s0,28,0.000481728,1,0,0.0918593,0.5863,5.1137,3.0221,0.183594,0.330078,0,40,0.350807,0.410517,0.392936,0.439294,0.42732,,,,,0,7.81639,0,5.38608,1.72024,4.67047,1.81069,2.03456,0.657992,3.56747,,
X1/stratified__f0_s0,29,0.000480195,1,0,0.0915578,0.584025,5.10934,3.01855,0.241016,0.366797,0,40,0.357324,0.436664,0.379691,0.460265,0.436664,0.41,0.505,2.08402,1.7654,0,6.83263,0,4.5514,1.67519,4.25485,1.67621,1.93115,0.646978,3.57997,31.5928,68.4072
X1/stratified__f0_s0,30,0.000478603,1,0,0.0912563,0.58175,4.9626,2.93493,0.247656,0.382031,0,40,0.393198,0.447403,0.431567,0.470199,0.447403,0.475,0.521,1.84487,1.71927,0,7.9201,0,5.74611,1.86047,4.42422,1.73315,1.98767,0.668983,3.48548,33.3224,66.6776
X1/stratified__f0_s0,31,0.000476951,0,0,0.0909548,0.579475,4.1886,2.35963,0.448438,0.448438,0,40,0.398347,0.462801,0.416115,0.484547,0.462801,0.467,0.529,1.80051,1.67675,0,10.0792,0,7.66722,2.32937,5.40556,1.85985,1.90819,0.797197,3.15625,38.746,61.254
X1/stratified__f0_s0,32,0.000475242,0,0,0.0906533,0.5772,4.12675,2.33487,0.453125,0.453125,0,40,0.360428,0.454994,0.398455,0.479029,0.462801,,,,,0,10.4042,0,7.98101,2.44835,5.489,1.86498,1.89243,0.808572,3.10443,,
X1/stratified__f0_s0,33,0.000473475,0,0,0.0903518,0.574925,4.1024,2.33091,0.445703,0.445703,0,40,0.42312,0.46082,0.437086,0.484547,0.462801,,,,,0,9.82486,0,7.29726,2.37443,5.48158,1.86751,1.87726,0.810861,3.08126,,
X1/stratified__f0_s0,34,0.00047165,0,0,0.0900503,0.57265,3.94876,2.23452,0.480859,0.480859,0,40,0.437479,0.476465,0.454746,0.496689,0.476465,0.523,0.561,1.60067,1.54668,0,10.1239,0,7.9036,2.43583,5.23394,1.83382,1.84901,0.85158,2.99351,33.0508,66.9492
X1/stratified__f0_s0,35,0.000469769,0,0,0.0897487,0.570375,3.85902,2.18573,0.4875,0.4875,0,40,0.382782,0.482109,0.405077,0.5,0.482109,0.453,0.575,1.78959,1.47033,0,11.7035,0,9.49858,2.57455,5.60702,1.8001,1.79107,0.866822,2.93366,38.2485,61.7515
X1/stratified__f0_s0,36,0.000467831,0,0,0.0894472,0.5681,3.78736,2.14588,0.502734,0.502734,0,40,0.477472,0.514546,0.495585,0.530905,0.514546,0.598,0.603,1.31717,1.43494,0,11.7277,1,9.48689,2.61056,5.66316,1.81883,1.83168,0.875771,2.88942,38.7352,61.2648
X1/stratified__f0_s0,37,0.000465837,0,0,0.0891457,0.565825,3.67716,2.09455,0.516016,0.516016,0,40,0.512444,0.491027,0.52649,0.507726,0.514546,,,,,0,10.7805,0,8.51415,2.60564,5.33918,1.78528,1.80111,0.886151,2.797,,
X1/stratified__f0_s0,38,0.000463788,0,0,0.0888442,0.56355,3.67791,2.10131,0.520703,0.520703,0,40,0.44857,0.51668,0.47351,0.533113,0.51668,0.552,0.612,1.49393,1.37646,0,12.385,0,10.7341,2.75573,4.85741,1.7608,1.77157,0.895111,2.79763,40.9376,59.0624
X1/stratified__f0_s0,39,0.000461685,0,0,0.0885427,0.561275,3.61666,2.06929,0.534375,0.534375,0,40,0.42807,0.533773,0.448124,0.547461,0.533773,0.521,0.652,1.62371,1.28034,0,11.426,0,9.66427,2.45243,4.89124,1.73484,1.77895,0.895799,2.75689,40.1829,59.8171
X1/stratified__f0_s0,40,0.000459526,0,0,0.0882412,0.559,3.47046,1.98995,0.551953,0.551953,0,40,0.467079,0.547846,0.477925,0.56181,0.547846,0.568,0.652,1.4216,1.25185,0,12.2095,0,10.5122,2.70514,4.90764,1.69665,1.74612,0.898672,2.6485,44.4127,55.5873
X1/stratified__f0_s0,41,0.000457314,0,0,0.0879397,0.556725,3.4309,1.95555,0.564453,0.564453,0,40,0.488594,0.558107,0.512141,0.57064,0.558107,0.58,0.647,1.36245,1.23732,0,12.0626,0,10.4807,2.62716,4.58033,1.64759,1.68103,0.902243,2.65005,43.2525,56.7475
X1/stratified__f0_s0,42,0.000455049,0,0,0.0876382,0.55445,3.37689,1.92341,0.581641,0.581641,0,40,0.469872,0.572198,0.494481,0.584989,0.572198,0.553,0.681,1.43187,1.16888,0,11.8575,0,10.2363,2.56979,4.55907,1.62406,1.63403,0.905726,2.62149,45.3988,54.6012
X1/stratified__f0_s0,43,0.000452732,0,0,0.0873367,0.552175,3.32231,1.90328,0.593359,0.593359,0,40,0.48881,0.571817,0.506623,0.583885,0.572198,,,,,0,11.4081,0,9.60095,2.40838,5.06707,1.60735,1.60695,0.89545,2.5699,,
X1/stratified__f0_s0,44,0.000450362,0,0,0.0870352,0.5499,3.33027,1.90901,0.573438,0.573438,0,40,0.528736,0.562572,0.54415,0.573951,0.572198,,,,,0,12.0175,0,10.3259,2.66062,4.82455,1.62809,1.63677,0.895924,2.58457,,
X1/stratified__f0_s0,45,0.000447941,0,0,0.0867337,0.547625,3.24386,1.8771,0.5875,0.5875,0,40,0.510895,0.564022,0.527594,0.576159,0.572198,,,,,0,12.3488,0,10.6974,2.46262,5.02344,1.61304,1.61444,0.903681,2.4958,,
X1/stratified__f0_s0,46,0.000445469,0,0,0.0864322,0.54535,3.16963,1.81433,0.606641,0.606641,0,40,0.532621,0.586312,0.546358,0.598234,0.586312,0.652,0.718,1.1561,1.03164,0,13.0997,0,11.6658,2.56245,4.70384,1.57375,1.57393,0.893679,2.4852,45.7244,54.2756
X1/stratified__f0_s0,47,0.000442948,0,0,0.0861307,0.543075,3.17135,1.82785,0.606641,0.606641,0,40,0.544763,0.578685,0.564018,0.583885,0.586312,,,,,0,13.0501,0,11.8076,2.61186,4.19773,1.54963,1.56344,0.899283,2.47386,,
X1/stratified__f0_s0,48,0.000440376,0,0,0.0858291,0.5408,3.13588,1.806,0.604688,0.604688,0,40,0.534606,0.594018,0.545254,0.602649,0.594018,0.658,0.717,1.10691,1.0545,0,12.746,0,11.3069,2.63742,4.56652,1.56293,1.57394,0.925218,2.45909,48.4548,51.5452
X1/stratified__f0_s0,49,0.000437756,0,0,0.0855276,0.538525,3.06044,1.76218,0.621094,0.621094,0,40,0.570459,0.61575,0.587196,0.621413,0.61575,0.707,0.736,0.954876,0.984371,0,11.8067,0,10.3141,2.40727,4.54375,1.55645,1.5673,0.911856,2.41078,47.7956,52.2044
X1/stratified__f0_s0,50,0.000435088,0,0,0.0852261,0.53625,2.9945,1.73545,0.623047,0.623047,0,40,0.597073,0.61476,0.602649,0.619205,0.61575,0.712,0.752,0.938522,0.943447,0,12.957,0,11.5051,2.55073,4.73647,1.55044,1.55049,0.906973,2.34786,51.011,48.989
X1/stratified__f0_s0,51,0.000432373,0,0,0.0849246,0.533975,2.96824,1.71286,0.651563,0.651563,0,40,0.54768,0.596839,0.562914,0.60596,0.61575,,,,,0,11.5456,0,10.0501,2.5099,4.5049,1.55062,1.58036,0.921814,2.351,,
X1/stratified__f0_s0,52,0.000429611,0,0,0.0846231,0.5317,2.90979,1.69329,0.652344,0.652344,0,40,0.600146,0.615087,0.608168,0.621413,0.61575,,,,,0,11.525,0,10.3437,2.38172,3.86932,1.49031,1.51533,0.905701,2.28794,,
X1/stratified__f0_s0,53,0.000426803,0,0,0.0843216,0.529425,2.87918,1.66917,0.658594,0.658594,0,40,0.584454,0.613844,0.592715,0.621413,0.61575,,,,,0,12.5984,0,11.1902,2.59799,4.47791,1.51719,1.49963,0.91662,2.28553,,
X1/stratified__f0_s0,54,0.000423949,0,0,0.0840201,0.52715,2.83431,1.63831,0.673438,0.673438,0,40,0.574728,0.618001,0.587196,0.62362,0.618001,0.719,0.767,0.923447,0.859611,0,12.0018,0,10.5935,2.53013,4.38825,1.47425,1.47448,0.896165,2.26879,52.0535,47.9465
X1/stratified__f0_s0,55,0.000421051,0,0,0.0837186,0.524875,2.80976,1.63614,0.665625,0.665625,0,40,0.55543,0.631098,0.562914,0.633554,0.631098,0.69,0.774,1.00084,0.857776,0,11.1533,0,9.86035,2.40865,4.04339,1.46696,1.46496,0.910284,2.236,52.046,47.954
X1/stratified__f0_s0,56,0.00041811,0,0,0.0834171,0.5226,2.794,1.62667,0.668359,0.668359,0,40,0.593988,0.61415,0.599338,0.618102,0.631098,,,,,0,12.5135,0,11.2951,2.57177,4.16055,1.47439,1.46382,0.901985,2.23369,,
X1/stratified__f0_s0,57,0.000415125,0,0,0.0831156,0.520325,2.76459,1.61688,0.661719,0.661719,0,40,0.512294,0.611289,0.533113,0.618102,0.631098,,,,,0,12.7821,0,11.5164,2.60978,4.27234,1.4484,1.4344,0.88736,2.20575,,
X1/stratified__f0_s0,58,0.000412098,0,0,0.0828141,0.51805,2.78922,1.63019,0.66875,0.66875,0,40,0.54027,0.635981,0.547461,0.640177,0.635981,0.669,0.781,1.02867,0.791238,0,12.7861,0,11.3591,2.66004,4.56465,1.50535,1.52115,0.90629,2.23728,53.4727,46.5273
X1/stratified__f0_s0,59,0.00040903,0,0,0.0825126,0.515775,2.66856,1.55369,0.692187,0.692187,0,40,0.567087,0.626107,0.567329,0.634658,0.635981,,,,,0,10.8586,0,9.62616,2.45784,3.81719,1.42934,1.42121,0.88989,2.16153,,
X1/stratified__f0_s0,60,0.000405921,0,0,0.0822111,0.5135,2.70241,1.57595,0.675,0.675,0,40,0.601798,0.636901,0.601545,0.639073,0.636901,0.759,0.791,0.821766,0.786372,0,12.1798,0,10.9314,2.505,4.09122,1.43469,1.42366,0.893731,2.19369,56.3654,43.6346
X1/stratified__f0_s0,61,0.000402773,0,0,0.0819095,0.511225,2.7186,1.59039,0.672656,0.672656,0,40,0.596769,0.628014,0.594923,0.63245,0.636901,,,,,0,13.8099,0,12.6295,2.88216,4.13202,1.47362,1.43853,0.907506,2.20686,,
X1/stratified__f0_s0,62,0.000399585,0,0,0.081608,0.50895,2.57888,1.49792,0.704688,0.704688,0,40,0.574626,0.614553,0.599338,0.622517,0.636901,,,,,0,11.3147,0,10.0229,2.49959,4.09426,1.42102,1.387,0.889968,2.1239,,
X1/stratified__f0_s0,63,0.000396359,0,0,0.0813065,0.506675,2.60064,1.53227,0.697656,0.697656,0,40,0.595503,0.62812,0.596026,0.634658,0.636901,,,,,0,11.7851,0,10.5074,2.42217,4.216,1.39888,1.37354,0.872309,2.10859,,
X1/stratified__f0_s0,64,0.000393096,0,0,0.081005,0.5044,2.52492,1.48283,0.710156,0.710156,0,40,0.611638,0.623533,0.621413,0.626932,0.636901,,,,,0,11.891,0,10.5945,2.54281,4.16822,1.42561,1.39958,0.899669,2.066,,
X1/stratified__f0_s0,65,0.000389796,0,0,0.0807035,0.502125,2.5204,1.4911,0.715234,0.715234,0,40,0.582571,0.645899,0.584989,0.651214,0.645899,0.731,0.813,0.864282,0.669606,0,11.6209,0,10.4057,2.55939,3.80106,1.37707,1.35815,0.858951,2.04989,53.8439,46.1561
X1/stratified__f0_s0,66,0.000386461,0,0,0.080402,0.49985,2.49268,1.46626,0.718359,0.718359,0,40,0.609418,0.631538,0.621413,0.639073,0.645899,,,,,0,11.7689,0,10.6254,2.58009,3.73044,1.36232,1.33891,0.868602,2.05347,,
X1/stratified__f0_s0,67,0.000383091,0,0,0.0801005,0.497575,2.49807,1.47246,0.726562,0.726562,0,40,0.613927,0.645204,0.616998,0.649007,0.645899,,,,,0,11.6851,0,10.4295,2.4635,4.06003,1.37855,1.34108,0.875253,2.06123,,
X1/stratified__f0_s0,68,0.000379687,0,0,0.079799,0.4953,2.48389,1.4658,0.708984,0.708984,0,40,0.563097,0.636956,0.572848,0.644592,0.645899,,,,,0,13.0046,0,11.7556,2.84631,4.07068,1.39473,1.34672,0.891469,2.0555,,
X1/stratified__f0_s0,69,0.00037625,0,0,0.0794975,0.493025,2.41203,1.42988,0.732422,0.732422,0,40,0.606029,0.657096,0.613687,0.661148,0.657096,0.826,0.847,0.602811,0.613058,0,12.475,0,11.3368,2.6757,3.95613,1.38861,1.34245,0.871119,1.99209,58.9273,41.0727
X1/stratified__f0_s0,70,0.000372781,0,0,0.079196,0.49075,2.40477,1.42275,0.733984,0.733984,0,40,0.60144,0.652535,0.609272,0.655629,0.657096,,,,,0,11.9959,0,10.9252,2.51461,3.67679,1.36141,1.3268,0.881387,2.00104,,
X1/stratified__f0_s0,71,0.000369281,0,0,0.0788945,0.488475,2.3266,1.38168,0.749219,0.749219,0,40,0.594749,0.657936,0.609272,0.65894,0.657936,0.799,0.857,0.670817,0.585143,0,12.2272,0,11.0118,2.53018,4.11211,1.35013,1.30517,0.864448,1.93442,58.8702,41.1298
X1/stratified__f0_s0,72,0.00036575,0,0,0.078593,0.4862,2.30498,1.374,0.749219,0.749219,0,40,0.611483,0.662587,0.619205,0.662252,0.662587,0.811,0.853,0.622573,0.564394,0,11.4313,0,10.197,2.62925,3.85826,1.3467,1.28147,0.864966,1.91482,58.4032,41.5968
X1/stratified__f0_s0,73,0.00036219,0,0,0.0782915,0.483925,2.29745,1.3752,0.752734,0.752734,0,40,0.521806,0.647692,0.543046,0.652318,0.662587,,,,,0,12.2999,0,11.1083,2.85713,3.84304,1.3642,1.30013,0.866155,1.90577,,
X1/stratified__f0_s0,74,0.000358601,0,0,0.0779899,0.48165,2.36796,1.40294,0.738281,0.738281,0,40,0.604466,0.653219,0.621413,0.655629,0.662587,,,,,0,14.2376,0,13.1449,3.13658,3.78566,1.39162,1.33108,0.895718,2.00357,,
X1/stratified__f0_s0,75,0.000354985,0,0,0.0776884,0.479375,2.26348,1.34607,0.760156,0.760156,0,40,0.638102,0.637355,0.646799,0.639073,0.662587,0.862,0.857,0.519153,0.544566,0,11.2243,0,10.1701,2.49208,3.45841,1.28423,1.2239,0.824347,1.91376,57.9727,42.0273
X1/stratified__f0_s0,76,0.000351343,0,0,0.0773869,0.4771,2.28551,1.35834,0.757422,0.757422,0,40,0.614955,0.653341,0.625828,0.653422,0.662587,,,,,0,12.1115,0,11.0095,2.61374,3.81336,1.34058,1.27906,0.863059,1.94333,,
X1/stratified__f0_s0,77,0.000347674,0,0,0.0770854,0.474825,2.251,1.33424,0.764844,0.764844,0,40,0.612845,0.658031,0.624724,0.657837,0.662587,,,,,0,12.9092,0,11.8767,2.76423,3.60322,1.33029,1.25702,0.853175,1.93074,,
X1/stratified__f0_s0,78,0.000343981,0,0,0.0767839,0.47255,2.22798,1.33726,0.760547,0.760547,0,40,0.64482,0.650234,0.646799,0.651214,0.662587,,,,,0,11.9779,0,10.8669,2.67648,3.69577,1.30114,1.22505,0.842754,1.88493,,
X1/stratified__f0_s0,79,0.000340265,0,0,0.0764824,0.470275,2.21135,1.32279,0.766016,0.766016,0,40,0.589801,0.658723,0.599338,0.657837,0.662587,,,,,0,12.7346,0,11.6921,2.78182,3.6786,1.32302,1.25779,0.844058,1.88943,,
X1/stratified__f0_s0,80,0.000336525,0,0,0.0761809,0.468,2.15448,1.29449,0.76875,0.76875,0,40,0.636765,0.659735,0.643488,0.65894,0.662587,,,,,0,11.1803,0,10.0643,2.53714,3.60986,1.27218,1.19581,0.824169,1.83759,,
X1/stratified__f0_s0,81,0.000332764,0,0,0.0758794,0.465725,2.13728,1.29203,0.779688,0.779688,0,40,0.638149,0.656585,0.637969,0.655629,0.662587,,,,,0,11.5124,0,10.475,2.7217,3.38403,1.27653,1.19681,0.806688,1.81492,,
X1/stratified__f0_s0,82,0.000328982,0,0,0.0755779,0.46345,2.07694,1.24907,0.789844,0.789844,0,40,0.636768,0.663786,0.64128,0.664459,0.663786,0.852,0.877,0.528869,0.475766,0,11.3735,0,10.2151,2.74357,3.62841,1.29952,1.21497,0.813679,1.78631,62.8097,37.1903
X1/stratified__f0_s0,83,0.00032518,0,0,0.0752764,0.461175,2.121,1.28071,0.778125,0.778125,0,40,0.6087,0.667316,0.620309,0.66777,0.667316,0.841,0.89,0.526387,0.451535,0,10.7914,0,9.66028,2.71125,3.41833,1.28901,1.19858,0.808707,1.82207,62.4216,37.5784
X1/stratified__f0_s0,84,0.000321359,0,0,0.0749749,0.4589,2.05248,1.2404,0.794531,0.794531,0,40,0.640623,0.65736,0.646799,0.656733,0.667316,,,,,0,11.6895,0,10.6884,2.63714,3.35206,1.24948,1.1671,0.805436,1.76962,,
X1/stratified__f0_s0,85,0.00031752,0,0,0.0746734,0.456625,2.00582,1.20624,0.813281,0.813281,0,40,0.6617,0.65504,0.660044,0.656733,0.667316,,,,,0,10.8649,0,9.83743,2.64971,3.27818,1.21301,1.12579,0.798581,1.75106,,
X1/stratified__f0_s0,86,0.000313664,0,0,0.0743719,0.45435,2.01586,1.22332,0.799609,0.799609,0,40,0.65187,0.657393,0.655629,0.657837,0.667316,,,,,0,11.4241,0,10.4291,2.60052,3.34206,1.25047,1.16893,0.807949,1.74434,,
X1/stratified__f0_s0,87,0.000309793,0,0,0.0740704,0.452075,1.9764,1.19728,0.808594,0.808594,0,40,0.635386,0.670927,0.642384,0.674393,0.670927,0.864,0.904,0.481257,0.408729,0,10.3587,0,9.36911,2.56392,3.08976,1.2164,1.12282,0.766412,1.72343,63.9499,36.0501
X1/stratified__f0_s0,88,0.000305907,0,0,0.0737688,0.4498,1.95846,1.18462,0.821875,0.821875,0,40,0.648725,0.66949,0.654525,0.673289,0.670927,,,,,0,11.9008,0,10.9352,2.65665,3.33049,1.20615,1.1024,0.798095,1.72041,,
X1/stratified__f0_s0,89,0.000302006,0,0,0.0734673,0.447525,1.93951,1.18502,0.813281,0.813281,0,40,0.635073,0.672907,0.633554,0.675497,0.672907,0.903,0.917,0.407324,0.3748,0,11.9635,0,11.0846,2.78359,3.0014,1.21675,1.1075,0.794815,1.68592,63.9612,36.0388
X1/stratified__f0_s0,90,0.000298093,0,0,0.0731658,0.44525,1.91082,1.16234,0.828906,0.828906,0,40,0.650246,0.663008,0.651214,0.668874,0.672907,,,,,0,11.7843,0,10.8646,2.84833,2.99882,1.17546,1.08054,0.7675,1.68104,,
X1/stratified__f0_s0,91,0.000294168,0,0,0.0728643,0.442975,1.9061,1.16517,0.814844,0.814844,0,40,0.651436,0.668835,0.655629,0.6766,0.672907,,,,,0,11.3902,0,10.4301,2.62244,3.21971,1.19535,1.08655,0.762226,1.67264,,
X1/stratified__f0_s0,92,0.000290233,0,0,0.0725628,0.4407,1.86934,1.14211,0.821094,0.821094,0,40,0.647108,0.670861,0.652318,0.673289,0.672907,,,,,0,12.0278,0,10.9967,2.78297,3.44467,1.22507,1.11184,0.79376,1.65018,,
X1/stratified__f0_s0,93,0.000286287,0,0,0.0722613,0.438425,1.85802,1.13503,0.829297,0.829297,0,40,0.61591,0.670208,0.625828,0.672185,0.672907,,,,,0,11.528,0,10.6076,2.75555,3.05389,1.16971,1.04818,0.76295,1.64906,,
X1/stratified__f0_s0,94,0.000282333,0,0,0.0719598,0.43615,1.86608,1.14741,0.833203,0.833203,0,40,0.664525,0.670014,0.666667,0.66777,0.672907,,,,,0,12.0798,0,11.1485,2.97549,3.05229,1.21219,1.09675,0.770245,1.64778,,
X1/stratified__f0_s0,95,0.000278371,0,0,0.0716583,0.433875,1.78973,1.09874,0.842188,0.842188,0,40,0.658947,0.684306,0.66777,0.683223,0.684306,0.906,0.928,0.346266,0.327615,0,11.7645,0,10.8539,2.81027,3.02775,1.15328,1.02736,0.752449,1.5926,64.8219,35.1781
X1/stratified__f0_s0,96,0.000274402,0,0,0.0713568,0.4316,1.79676,1.1098,0.840234,0.840234,0,40,0.638138,0.677592,0.637969,0.682119,0.684306,,,,,0,11.9965,0,11.1452,2.82524,2.89632,1.15447,1.03908,0.761885,1.59166,,
X1/stratified__f0_s0,97,0.000270428,0,0,0.0710553,0.429325,1.76891,1.09054,0.851953,0.851953,0,40,0.642148,0.679538,0.644592,0.681015,0.684306,,,,,0,11.6051,0,10.7653,2.69728,2.89312,1.12983,1.0047,0.738189,1.58009,,
X1/stratified__f0_s0,98,0.000266449,0,0,0.0707538,0.42705,1.7581,1.08579,0.846094,0.846094,0,40,0.648531,0.673529,0.649007,0.675497,0.684306,,,,,0,10.9209,0,10.029,2.65352,2.905,1.13278,1.01534,0.754556,1.57433,,
X1/stratified__f0_s0,99,0.000262466,0,0,0.0704523,0.424775,1.75753,1.0862,0.835938,0.835938,0,40,0.650234,0.67283,0.661148,0.673289,0.684306,,,,,0,11.6014,0,10.7406,2.89589,2.77137,1.14993,1.01609,0.73692,1.58044,,
X1/stratified__f0_s0,100,0.000258481,0,0,0.0701508,0.4225,1.7287,1.0683,0.855078,0.855078,0,40,0.64969,0.670529,0.655629,0.671082,0.684306,0.897,0.928,0.36469,0.331693,0,12.0858,0,11.2518,2.87176,2.81015,1.1174,0.991899,0.726121,1.56308,67.6403,32.3597
X1/stratified__f0_s0,101,0.000254494,0,0,0.0698492,0.420225,1.68951,1.03737,0.864844,0.864844,0,40,0.642186,0.6805,0.646799,0.683223,0.684306,,,,,0,11.0602,0,10.1425,2.83263,2.91351,1.1139,0.974164,0.727145,1.5519,,
X1/stratified__f0_s0,102,0.000250506,0,0,0.0695477,0.41795,1.68842,1.04497,0.854297,0.854297,0,40,0.547927,0.67659,0.557395,0.684327,0.684306,,,,,0.00833333,14.5875,0,13.6692,3.54129,2.88886,1.12619,0.991839,0.737776,1.53952,,
X1/stratified__f0_s0,103,0.000246519,0,0,0.0692462,0.415675,1.76301,1.09353,0.836328,0.836328,0,40,0.647198,0.673744,0.645695,0.681015,0.684306,,,,,0,11.9303,0,10.975,2.96919,3.06191,1.17773,1.02603,0.746542,1.61058,,
X1/stratified__f0_s0,104,0.000242534,0,0,0.0689447,0.4134,1.64781,1.01792,0.870313,0.870313,0,40,0.665886,0.681515,0.669978,0.688742,0.684306,,,,,0,11.3256,0,10.4523,2.73906,2.91626,1.08356,0.930471,0.699435,1.5237,,
X1/stratified__f0_s0,105,0.000238551,0,0,0.0686432,0.411125,1.61373,1.00991,0.874219,0.874219,0,40,0.682748,0.688873,0.686534,0.692053,0.688873,0.942,0.947,0.254703,0.259073,0,10.226,0,9.37464,2.61227,2.56565,1.06194,0.92623,0.688773,1.4687,68.6958,31.3042
X1/stratified__f0_s0,106,0.000234572,0,0,0.0683417,0.40885,1.5961,0.998977,0.875,0.875,0,40,0.642186,0.678745,0.646799,0.683223,0.688873,,,,,0,10.8834,0,10.0344,2.67725,2.82753,1.08609,0.935511,0.684546,1.4605,,
X1/stratified__f0_s0,107,0.000230598,0,0,0.0680402,0.406575,1.60097,1.00238,0.873828,0.873828,0,40,0.639182,0.694761,0.642384,0.697572,0.694761,0.939,0.955,0.30494,0.25351,0,12.2495,0,11.4576,2.94919,2.62875,1.09099,0.939055,0.687704,1.47227,69.5015,30.4985
X1/stratified__f0_s0,108,0.000226629,0,0,0.0677387,0.4043,1.59477,0.998836,0.862891,0.862891,0,40,0.657235,0.703301,0.663355,0.703091,0.703301,0.919,0.963,0.304317,0.239301,0,10.6357,0,9.8446,2.57446,2.57419,1.06121,0.915731,0.688115,1.47398,69.6543,30.3457
X1/stratified__f0_s0,109,0.000222667,0,0,0.0674372,0.402025,1.54238,0.976055,0.876953,0.876953,0,40,0.65524,0.699042,0.65894,0.699779,0.703301,,,,,0,10.9778,0,10.1852,2.68928,2.53815,1.04561,0.908387,0.687356,1.40868,,
X1/stratified__f0_s0,110,0.000218713,0,0,0.0671357,0.39975,1.57746,0.995177,0.873438,0.873438,0,40,0.674575,0.699381,0.671082,0.699779,0.703301,,,,,0,10.6892,0,9.84653,2.77684,2.57624,1.05332,0.897567,0.68323,1.45662,,
X1/stratified__f0_s0,111,0.000214767,0,0,0.0668342,0.397475,1.50674,0.951322,0.895703,0.895703,0,40,0.676561,0.701554,0.678808,0.700883,0.703301,,,,,0,9.77091,0,8.88094,2.62465,2.6371,1.01113,0.864333,0.645918,1.39737,,
X1/stratified__f0_s0,112,0.000210832,0,0,0.0665327,0.3952,1.49973,0.944427,0.893359,0.893359,0,40,0.696137,0.69604,0.703091,0.69426,0.703301,,,,,0,11.3568,0,10.5691,2.7827,2.53537,1.05234,0.903418,0.67478,1.40512,,
X1/stratified__f0_s0,113,0.000206907,0,0,0.0662312,0.392925,1.49521,0.94953,0.889453,0.889453,0,40,0.684124,0.689148,0.687638,0.692053,0.703301,,,,,0,10.5505,0,9.76196,2.61274,2.5395,1.02371,0.884689,0.647298,1.38877,,
X1/stratified__f0_s0,114,0.000202994,0,0,0.0659296,0.39065,1.49283,0.944562,0.891406,0.891406,0,40,0.667586,0.692438,0.668874,0.692053,0.703301,,,,,0,11.0298,0,10.2799,2.59714,2.54189,1.03004,0.873912,0.644528,1.40348,,
X1/stratified__f0_s0,115,0.000199093,0,0,0.0656281,0.388375,1.48506,0.943869,0.892578,0.892578,0,40,0.680476,0.698665,0.681015,0.696468,0.703301,,,,,0,10.3657,0,9.54076,2.76202,2.47271,1.00909,0.853536,0.64175,1.39347,,
X1/stratified__f0_s0,116,0.000195207,0,0,0.0653266,0.3861,1.45199,0.922774,0.894531,0.894531,0,40,0.6691,0.694162,0.6766,0.696468,0.703301,,,,,0,11.261,0,10.4581,2.70532,2.60091,1.01986,0.861707,0.637379,1.37066,,
X1/stratified__f0_s0,117,0.000191336,0,0,0.0650251,0.383825,1.45794,0.932295,0.890234,0.890234,0,40,0.68927,0.69346,0.693157,0.695364,0.703301,,,,,0,11.3358,0,10.5937,2.75328,2.47631,0.996088,0.834435,0.633757,1.36948,,
X1/stratified__f0_s0,118,0.00018748,0,0,0.0647236,0.38155,1.40957,0.902964,0.899219,0.899219,0,40,0.674971,0.69908,0.678808,0.699779,0.703301,,,,,0,10.4542,0,9.69135,2.59421,2.41248,0.99025,0.823226,0.613586,1.32775,,
X1/stratified__f0_s0,119,0.000183641,0,0,0.0644221,0.379275,1.43009,0.916254,0.890234,0.890234,0,40,0.667474,0.697759,0.66777,0.700883,0.703301,,,,,0,10.6224,0,9.84277,2.82309,2.37156,0.987021,0.833444,0.623655,1.35479,,
X1/stratified__f0_s0,120,0.00017982,0,0,0.0641206,0.377,1.3915,0.897733,0.902734,0.902734,0,40,0.677589,0.700032,0.68543,0.701987,0.703301,,,,,0,10.2838,0,9.48403,2.74645,2.34703,0.979815,0.821826,0.604629,1.30974,,
X1/stratified__f0_s0,121,0.000176018,0,0,0.0638191,0.374725,1.40091,0.904565,0.898828,0.898828,0,40,0.680033,0.696997,0.686534,0.699779,0.703301,,,,,0,12.0078,0,11.2477,2.89448,2.55342,0.996079,0.829842,0.632092,1.32455,,
X1/stratified__f0_s0,122,0.000172236,0,0,0.0635176,0.37245,1.33876,0.865737,0.911719,0.911719,0,40,0.694304,0.695935,0.69426,0.696468,0.703301,,,,,0,10.6696,0,9.93731,2.69348,2.37907,0.955622,0.792344,0.592977,1.27004,,
X1/stratified__f0_s0,123,0.000168475,0,0,0.0632161,0.370175,1.34898,0.873883,0.90625,0.90625,0,40,0.675609,0.697309,0.678808,0.696468,0.703301,,,,,0,10.1441,0,9.26827,2.8304,2.4774,0.980952,0.809929,0.595321,1.28344,,
X1/stratified__f0_s0,124,0.000164735,0,0,0.0629146,0.3679,1.34074,0.869094,0.9125,0.9125,0,40,0.660412,0.695916,0.666667,0.698675,0.703301,,,,,0,10.5398,0,9.77178,2.85026,2.23639,0.962945,0.804652,0.585776,1.282,,
X1/stratified__f0_s0,125,0.000161019,0,0,0.0626131,0.365625,1.31167,0.854843,0.907422,0.907422,0,40,0.69432,0.685535,0.692053,0.686534,0.703301,0.984,0.98,0.15645,0.159055,0,11.9662,0,11.2517,2.87236,2.39464,0.957272,0.788679,0.582392,1.24945,70.6829,29.3171
X1/stratified__f0_s0,126,0.000157326,0,0,0.0623116,0.36335,1.32114,0.857504,0.91875,0.91875,0,40,0.674329,0.696061,0.678808,0.69426,0.703301,,,,,0,10.3944,0,9.62089,2.73876,2.36311,0.961474,0.783669,0.592202,1.27601,,
X1/stratified__f0_s0,127,0.000153657,0,0,0.0620101,0.361075,1.27084,0.833233,0.91875,0.91875,0,40,0.694507,0.703511,0.693157,0.706402,0.703511,0.979,0.982,0.1369,0.144818,0,9.25341,0,8.4777,2.56765,2.23532,0.916139,0.757397,0.561116,1.21196,71.6957,28.3043
X1/stratified__f0_s0,128,0.000150015,0,0,0.0617085,0.3588,1.26652,0.823683,0.925,0.925,0,40,0.683242,0.709252,0.688742,0.711921,0.709252,0.981,0.982,0.137615,0.136207,0,8.95296,0,8.17992,2.46937,2.23064,0.911761,0.755616,0.565607,1.23421,71.4975,28.5025
X1/stratified__f0_s0,129,0.000146399,0,0,0.061407,0.356525,1.28713,0.840452,0.911719,0.911719,0,40,0.698285,0.708653,0.703091,0.707506,0.709252,,,,,0,9.98071,0,9.21968,2.72645,2.26783,0.928914,0.753295,0.566379,1.25288,,
X1/stratified__f0_s0,130,0.00014281,0,0,0.0611055,0.35425,1.26794,0.830683,0.91875,0.91875,0,40,0.690637,0.70333,0.690949,0.703091,0.709252,,,,,0,10.706,0,10.0415,2.67722,2.07057,0.910679,0.74868,0.559179,1.23433,,
X1/stratified__f0_s0,131,0.00013925,0,0,0.060804,0.351975,1.25942,0.83331,0.917969,0.917969,0,40,0.691503,0.705049,0.696468,0.708609,0.709252,,,,,0,10.1651,0,9.42915,2.65662,2.24353,0.935176,0.768849,0.562013,1.21063,,
X1/stratified__f0_s0,132,0.000135719,0,0,0.0605025,0.3497,1.25176,0.824636,0.919141,0.919141,0,40,0.693738,0.705265,0.69426,0.707506,0.709252,,,,,0,9.89763,0,9.10691,2.74973,2.26203,0.929717,0.762976,0.549321,1.22142,,
X1/stratified__f0_s0,133,0.000132219,0,0,0.060201,0.347425,1.23728,0.821603,0.918359,0.918359,0,40,0.683498,0.702399,0.690949,0.700883,0.709252,,,,,0,9.96857,0,9.25562,2.66369,2.07283,0.897705,0.734096,0.540776,1.19646,,
X1/stratified__f0_s0,134,0.00012875,0,0,0.0598995,0.34515,1.19922,0.791688,0.926172,0.926172,0,40,0.693432,0.71185,0.692053,0.713024,0.71185,0.986,0.984,0.12061,0.126621,0,9.73744,0,9.02953,2.6521,2.03153,0.87533,0.712594,0.535195,1.18073,72.5303,27.4697
X1/stratified__f0_s0,135,0.000125313,0,0,0.059598,0.342875,1.2202,0.805817,0.924219,0.924219,0,40,0.679545,0.70751,0.684327,0.707506,0.71185,,,,,0.00833333,13.402,0,12.5275,3.84845,2.10499,0.909002,0.731186,0.541831,1.20855,,
X1/stratified__f0_s0,136,0.000121909,0,0,0.0592965,0.3406,1.18566,0.787523,0.933203,0.933203,0,40,0.700309,0.709122,0.699779,0.709713,0.71185,,,,,0,10.424,0,9.73971,2.66182,2.12915,0.895411,0.724769,0.545369,1.16894,,
X1/stratified__f0_s0,137,0.000118539,0,0,0.058995,0.338325,1.1787,0.785376,0.930469,0.930469,0,40,0.696537,0.705247,0.695364,0.707506,0.71185,,,,,0,10.003,0,9.35575,2.51932,2.00448,0.871056,0.713911,0.529008,1.16256,,
X1/stratified__f0_s0,138,0.000115204,0,0,0.0586935,0.33605,1.18746,0.794846,0.923828,0.923828,0,40,0.695271,0.70365,0.699779,0.706402,0.71185,,,,,0,10.6011,0,9.93587,2.72107,2.05446,0.893081,0.722304,0.515741,1.16833,,
X1/stratified__f0_s0,139,0.000111904,0,0,0.058392,0.333775,1.1337,0.75513,0.94375,0.94375,0,40,0.698846,0.707224,0.701987,0.708609,0.71185,,,,,0,8.76954,0,8.12642,2.39962,1.87949,0.821621,0.662383,0.498046,1.13422,,
X1/stratified__f0_s0,140,0.000108641,0,0,0.0580905,0.3315,1.15578,0.781991,0.933594,0.933594,0,40,0.684576,0.708635,0.688742,0.707506,0.71185,,,,,0,8.84794,0,8.09895,2.60141,1.98281,0.86838,0.699109,0.491182,1.12758,,
X1/stratified__f0_s0,141,0.000105415,0,0,0.0577889,0.329225,1.14941,0.771466,0.93125,0.93125,0,40,0.701539,0.71103,0.703091,0.710817,0.71185,,,,,0,10.0864,0,9.38348,2.68875,2.11088,0.87268,0.69646,0.512272,1.14799,,
X1/stratified__f0_s0,142,0.000102227,0,0,0.0574874,0.32695,1.10777,0.745973,0.938672,0.938672,0,40,0.689234,0.710241,0.687638,0.710817,0.71185,,,,,0,9.35646,0,8.58841,2.66047,2.04442,0.86366,0.688038,0.512081,1.10658,,
X1/stratified__f0_s0,143,9.90786e-05,0,0,0.0571859,0.324675,1.12801,0.767364,0.928125,0.928125,0,40,0.681082,0.707079,0.683223,0.709713,0.71185,,,,,0,9.20022,0,8.50879,2.52288,1.96823,0.858988,0.689628,0.506201,1.11078,,
X1/stratified__f0_s0,144,9.59698e-05,0,0,0.0568844,0.3224,1.09192,0.74433,0.938281,0.938281,0,40,0.687566,0.708534,0.693157,0.709713,0.71185,,,,,0,8.934,0,8.29025,2.41439,1.89685,0.822356,0.660119,0.476218,1.07813,,
X1/stratified__f0_s0,145,9.29016e-05,0,0,0.0565829,0.320125,1.10877,0.756216,0.933594,0.933594,0,40,0.690169,0.710925,0.692053,0.710817,0.71185,,,,,0,10.1254,0,9.48267,2.67534,1.88962,0.840499,0.67454,0.482987,1.10129,,
X1/stratified__f0_s0,146,8.98748e-05,0,0,0.0562814,0.31785,1.09354,0.747798,0.93125,0.93125,0,40,0.691845,0.71197,0.695364,0.711921,0.71197,0.99,0.99,0.0954966,0.0974803,0,10.1297,0,9.48768,2.61689,1.9451,0.86106,0.684701,0.484429,1.08776,74.2994,25.7006
X1/stratified__f0_s0,147,8.68902e-05,0,0,0.0559799,0.315575,1.07628,0.736122,0.935156,0.935156,0,40,0.699737,0.708784,0.701987,0.709713,0.71197,,,,,0,8.98896,0,8.29998,2.5515,1.85582,0.83842,0.669389,0.469586,1.07789,,
X1/stratified__f0_s0,148,8.39486e-05,0,0,0.0556784,0.3133,1.09029,0.743565,0.932031,0.932031,0,40,0.694167,0.702994,0.69426,0.705298,0.71197,,,,,0,9.16926,0,8.46454,2.6479,1.88779,0.819272,0.648526,0.463238,1.10669,,
X1/stratified__f0_s0,149,8.10507e-05,0,0,0.0553769,0.311025,1.05023,0.718188,0.942187,0.942187,0,40,0.714388,0.707965,0.716336,0.709713,0.714388,0.993,0.992,0.0871238,0.0908234,0,8.48115,0,7.81277,2.43205,1.79506,0.799272,0.625733,0.459858,1.06758,73.8755,26.1245
X1/stratified__f0_s0,150,7.81974e-05,0,0,0.0550754,0.30875,1.03428,0.70565,0.945703,0.945703,0,40,0.702761,0.71488,0.705298,0.716336,0.71488,0.992,0.992,0.0868948,0.0905236,0,8.84714,0,8.18271,2.50952,1.82763,0.820689,0.646879,0.455335,1.0644,74.3972,25.6028
X1/stratified__f0_s0,151,7.53893e-05,0,0,0.0547739,0.306475,1.01769,0.702563,0.947266,0.947266,0,40,0.70566,0.715997,0.708609,0.717439,0.715997,0.992,0.992,0.0979638,0.0876269,0,8.22934,0,7.53204,2.47152,1.82354,0.788102,0.618355,0.451274,1.02825,74.1254,25.8746
X1/stratified__f0_s0,152,7.26271e-05,0,0,0.0544724,0.3042,1.0189,0.700579,0.946094,0.946094,0,40,0.719643,0.716925,0.719647,0.716336,0.719643,0.993,0.993,0.0855999,0.0865804,0,8.55975,0,7.89793,2.43558,1.78616,0.797001,0.633779,0.446522,1.04643,74.2609,25.7391
X1/stratified__f0_s0,153,6.99117e-05,0,0,0.0541709,0.301925,1.03899,0.716933,0.939063,0.939063,0,40,0.706857,0.708169,0.707506,0.708609,0.719643,,,,,0,9.40819,0,8.7415,2.60227,1.88801,0.829901,0.648011,0.456871,1.06666,,
X1/stratified__f0_s0,154,6.72436e-05,0,0,0.0538693,0.29965,1.00385,0.69487,0.944922,0.944922,0,40,0.704079,0.71923,0.704194,0.719647,0.719643,,,,,0,8.34907,0,7.68862,2.43005,1.763,0.787333,0.61939,0.439416,1.03112,,
X1/stratified__f0_s0,155,6.46236e-05,0,0,0.0535678,0.297375,1.01604,0.709264,0.937891,0.937891,0,40,0.713425,0.716465,0.711921,0.715232,0.719643,,,,,0,8.64905,0,7.97622,2.56118,1.74987,0.80452,0.63526,0.421534,1.0316,,
X1/stratified__f0_s0,156,6.20524e-05,0,0,0.0532663,0.2951,0.995062,0.691689,0.945312,0.945312,0,40,0.706157,0.712609,0.705298,0.713024,0.719643,,,,,0,9.15468,0,8.49119,2.66931,1.72318,0.792189,0.629882,0.446145,1.02803,,
X1/stratified__f0_s0,157,5.95306e-05,0,0,0.0529648,0.292825,1.01165,0.707522,0.939063,0.939063,0,40,0.710644,0.714911,0.711921,0.714128,0.719643,,,,,0,9.25386,0,8.46359,2.86425,1.88761,0.825373,0.643469,0.424899,1.0386,,
X1/stratified__f0_s0,158,5.70589e-05,0,0,0.0526633,0.29055,0.989629,0.692031,0.941797,0.941797,0,40,0.712603,0.725415,0.713024,0.725166,0.725415,0.997,0.994,0.0790814,0.0804919,0,9.2629,0,8.609,2.62061,1.76813,0.79695,0.620643,0.422674,1.02426,74.7496,25.2504
X1/stratified__f0_s0,159,5.46379e-05,0,0,0.0523618,0.288275,0.967547,0.679219,0.947656,0.947656,0,40,0.706415,0.717229,0.706402,0.716336,0.725415,,,,,0,8.40095,0,7.76823,2.3935,1.68423,0.771983,0.608013,0.412576,1.00019,,
X1/stratified__f0_s0,160,5.22683e-05,0,0,0.0520603,0.286,0.95524,0.670035,0.950391,0.950391,0,40,0.713366,0.723032,0.716336,0.722958,0.725415,,,,,0,8.5359,0,7.83555,2.58283,1.73631,0.808901,0.634843,0.412549,0.997222,,
X1/stratified__f0_s0,161,4.99506e-05,0,0,0.0517588,0.283725,0.949883,0.667649,0.946094,0.946094,0,40,0.714727,0.71208,0.716336,0.711921,0.725415,,,,,0,7.96373,0,7.32292,2.39051,1.60235,0.756785,0.602355,0.407243,0.994745,,
X1/stratified__f0_s0,162,4.76856e-05,0,0,0.0514573,0.28145,0.949101,0.665228,0.950781,0.950781,0,40,0.708614,0.715604,0.709713,0.715232,0.725415,,,,,0,8.32771,0,7.70075,2.40773,1.73316,0.75531,0.588094,0.398111,1.00861,,
X1/stratified__f0_s0,163,4.54736e-05,0,0,0.0511558,0.279175,0.948212,0.668069,0.946875,0.946875,0,40,0.701669,0.709743,0.704194,0.711921,0.725415,,,,,0,8.30534,0,7.65772,2.40207,1.69536,0.781112,0.608789,0.397711,1.00347,,
X1/stratified__f0_s0,164,4.33155e-05,0,0,0.0508543,0.2769,0.929234,0.660749,0.945312,0.945312,0,40,0.712892,0.708274,0.714128,0.708609,0.725415,,,,,0,8.20214,0,7.52546,2.51346,1.68086,0.781495,0.610815,0.390542,0.96961,,
X1/stratified__f0_s0,165,4.12116e-05,0,0,0.0505528,0.274625,0.895054,0.633985,0.959766,0.959766,0,40,0.706449,0.719659,0.707506,0.718543,0.725415,,,,,0,8.21297,0,7.60225,2.41052,1.58789,0.717974,0.554173,0.373433,0.95064,,
X1/stratified__f0_s0,166,3.91625e-05,0,0,0.0502513,0.27235,0.926098,0.659642,0.948438,0.948438,0,40,0.711098,0.712521,0.710817,0.711921,0.725415,,,,,0,7.59254,0,6.93336,2.31736,1.69817,0.754864,0.587906,0.384686,0.978357,,
X1/stratified__f0_s0,167,3.71688e-05,0,0,0.0499497,0.270075,0.880226,0.628299,0.960938,0.960938,0,40,0.707414,0.715691,0.708609,0.716336,0.725415,,,,,0,7.65634,0,7.05279,2.26451,1.56759,0.717253,0.562906,0.371871,0.932805,,
X1/stratified__f0_s0,168,3.5231e-05,0,0,0.0496482,0.2678,0.901956,0.647237,0.953125,0.953125,0,40,0.703707,0.711526,0.705298,0.711921,0.725415,,,,,0,7.67579,0,7.04787,2.25765,1.64336,0.75344,0.58158,0.370486,0.951155,,
X1/stratified__f0_s0,169,3.33496e-05,0,0,0.0493467,0.265525,0.906976,0.651245,0.950391,0.950391,0,40,0.707841,0.713804,0.708609,0.713024,0.725415,,,,,0,8.26767,0,7.65703,2.35256,1.64501,0.77039,0.604602,0.371976,0.963114,,
X1/stratified__f0_s0,170,3.15251e-05,0,0,0.0490452,0.26325,0.892101,0.642014,0.946484,0.946484,0,40,0.709753,0.712331,0.710817,0.711921,0.725415,,,,,0,8.22962,0,7.6177,2.40121,1.53911,0.737548,0.561378,0.358372,0.949997,,
X1/stratified__f0_s0,171,2.97579e-05,0,0,0.0487437,0.260975,0.872941,0.628827,0.953125,0.953125,0,40,0.70926,0.716675,0.710817,0.716336,0.725415,,,,,0,7.90789,0,7.26736,2.3801,1.60952,0.739654,0.572829,0.358595,0.935395,,
X1/stratified__f0_s0,172,2.80486e-05,0,0,0.0484422,0.2587,0.872579,0.630231,0.953125,0.953125,0,40,0.705593,0.718233,0.707506,0.719647,0.725415,,,,,0,7.31278,0,6.69652,2.21428,1.55262,0.727825,0.561784,0.357352,0.936794,,
X1/stratified__f0_s0,173,2.63975e-05,0,0,0.0481407,0.256425,0.872738,0.62774,0.952734,0.952734,0,40,0.710842,0.713014,0.710817,0.715232,0.725415,,,,,0,8.017,0,7.42319,2.32271,1.58586,0.754928,0.577962,0.35904,0.955439,,
X1/stratified__f0_s0,174,2.48051e-05,0,0,0.0478392,0.25415,0.84281,0.609341,0.957031,0.957031,0,40,0.713642,0.712185,0.714128,0.713024,0.725415,,,,,0,7.44622,0,6.81034,2.28198,1.57876,0.734294,0.562391,0.348589,0.918625,,
X1/stratified__f0_s0,175,2.32718e-05,0,0,0.0475377,0.251875,0.866563,0.626844,0.949219,0.949219,0,40,0.707574,0.717302,0.707506,0.718543,0.725415,0.999,0.998,0.0587155,0.0648459,0,8.05372,0,7.40598,2.40269,1.67599,0.762941,0.588589,0.354036,0.95174,74.7036,25.2964
X1/stratified__f0_s0,176,2.1798e-05,0,0,0.0472362,0.25,0.846416,0.616307,0.955469,0.955469,0,40,0.713605,0.717725,0.713024,0.718543,0.725415,,,,,0,7.60307,0,6.96626,2.26088,1.64661,0.74168,0.569007,0.345603,0.920436,,
X1/stratified__f0_s0,177,2.0384e-05,0,0,0.0469347,0.25,0.86591,0.631777,0.951172,0.951172,0,40,0.706656,0.718659,0.708609,0.719647,0.725415,,,,,0,8.00728,0,7.36358,2.49231,1.55091,0.739562,0.570004,0.343712,0.936531,,
X1/stratified__f0_s0,178,1.90303e-05,0,0,0.0466332,0.25,0.831801,0.604766,0.955859,0.955859,0,40,0.715302,0.717142,0.715232,0.718543,0.725415,,,,,0,6.7844,0,6.1397,2.1818,1.56059,0.722033,0.551495,0.340197,0.908143,,
X1/stratified__f0_s0,179,1.77372e-05,0,0,0.0463317,0.25,0.864063,0.627545,0.945703,0.945703,0,40,0.715266,0.717865,0.715232,0.719647,0.725415,,,,,0,7.82297,0,7.18809,2.33403,1.68256,0.771879,0.582597,0.342779,0.946072,,
X1/stratified__f0_s0,180,1.65051e-05,0,0,0.0460302,0.25,0.845791,0.615635,0.948047,0.948047,0,40,0.71974,0.720307,0.720751,0.720751,0.725415,,,,,0,7.43206,0,6.76192,2.34903,1.59549,0.750499,0.575648,0.343765,0.920622,,
X1/stratified__f0_s0,181,1.53342e-05,0,0,0.0457286,0.25,0.848422,0.618508,0.949609,0.949609,0,40,0.707896,0.71842,0.709713,0.719647,0.725415,,,,,0,7.76579,0,7.15934,2.31896,1.55249,0.745988,0.566827,0.342316,0.919657,,
X1/stratified__f0_s0,182,1.42248e-05,0,0,0.0454271,0.25,0.820797,0.5939,0.953906,0.953906,0,40,0.718751,0.722459,0.719647,0.724062,0.725415,,,,,0,8.06241,0,7.45577,2.30083,1.62875,0.747779,0.570515,0.348079,0.907586,,
X1/stratified__f0_s0,183,1.31773e-05,0,0,0.0451256,0.25,0.828466,0.602738,0.951563,0.951563,0,40,0.710331,0.720105,0.711921,0.721854,0.725415,,,,,0,7.83209,0,7.22689,2.29841,1.5694,0.739927,0.56765,0.349552,0.902914,,
X1/stratified__f0_s0,184,1.21919e-05,0,0,0.0448241,0.25,0.813396,0.590265,0.958594,0.958594,0,40,0.710966,0.720718,0.711921,0.722958,0.725415,,,,,0,7.85367,0,7.18839,2.47189,1.54247,0.732447,0.564729,0.344558,0.892523,,
X1/stratified__f0_s0,185,1.12689e-05,0,0,0.0445226,0.25,0.785697,0.569645,0.963672,0.963672,0,40,0.718632,0.719062,0.720751,0.720751,0.725415,,,,,0,7.13649,0,6.52842,2.18157,1.54087,0.703795,0.541959,0.341622,0.864209,,
X1/stratified__f0_s0,186,1.04085e-05,0,0,0.0442211,0.25,0.785171,0.567211,0.960547,0.960547,0,40,0.711704,0.719935,0.713024,0.721854,0.725415,,,,,0,7.17795,0,6.5914,2.12717,1.4904,0.720811,0.547858,0.345863,0.871837,,
X1/stratified__f0_s0,187,9.61089e-06,0,0,0.0439196,0.25,0.796829,0.576005,0.958594,0.958594,0,40,0.71605,0.715256,0.717439,0.717439,0.725415,,,,,0,6.88526,0,6.24157,2.22429,1.52111,0.719312,0.545816,0.342303,0.883296,,
X1/stratified__f0_s0,188,8.87636e-06,0,0,0.0436181,0.25,0.796899,0.576304,0.954297,0.954297,0,40,0.72108,0.720244,0.721854,0.721854,0.725415,,,,,0,6.93609,1,6.30094,2.25681,1.48489,0.728608,0.565498,0.343415,0.882378,,
X1/stratified__f0_s0,189,8.20506e-06,0,0,0.0433166,0.25,0.793119,0.571064,0.955078,0.955078,0,40,0.712152,0.714311,0.713024,0.716336,0.725415,,,,,0,7.10402,0,6.46292,2.25406,1.50749,0.722148,0.540097,0.329093,0.888221,,
X1/stratified__f0_s0,190,7.59717e-06,0,0,0.0430151,0.25,0.790834,0.573869,0.95625,0.95625,0,40,0.712409,0.716496,0.714128,0.717439,0.725415,,,,,0,7.86793,0,7.203,2.4913,1.51925,0.715315,0.542521,0.335833,0.867859,,
X1/stratified__f0_s0,191,7.05284e-06,0,0,0.0427136,0.25,0.797741,0.578207,0.954297,0.954297,0,40,0.721536,0.719383,0.722958,0.720751,0.725415,,,,,0,7.44338,0,6.73967,2.47164,1.47866,0.728574,0.558301,0.33443,0.878138,,
X1/stratified__f0_s0,192,6.57221e-06,0,0,0.0424121,0.25,0.793695,0.575343,0.951563,0.951563,0,40,0.712987,0.715413,0.714128,0.716336,0.725415,,,,,0,7.49298,0,6.8513,2.32624,1.59158,0.736592,0.561996,0.33909,0.873407,,
X1/stratified__f0_s0,193,6.15542e-06,0,0,0.0421106,0.25,0.784247,0.567832,0.957812,0.957812,0,40,0.719959,0.714814,0.721854,0.716336,0.725415,,,,,0,7.17272,0,6.56576,2.20283,1.51719,0.712358,0.537074,0.335404,0.865661,,
X1/stratified__f0_s0,194,5.80257e-06,0,0,0.041809,0.25,0.812233,0.586464,0.948438,0.948438,0,40,0.714765,0.719904,0.715232,0.720751,0.725415,,,,,0,7.98351,0,7.34658,2.45373,1.55676,0.757081,0.57451,0.347772,0.903078,,
X1/stratified__f0_s0,195,5.51374e-06,0,0,0.0415075,0.25,0.761291,0.547605,0.959375,0.959375,0,40,0.718897,0.716386,0.719647,0.717439,0.725415,,,,,0,7.29048,0,6.67809,2.20092,1.55235,0.728711,0.553699,0.337912,0.854744,,
X1/stratified__f0_s0,196,5.28902e-06,0,0,0.041206,0.25,0.778488,0.563318,0.952344,0.952344,0,40,0.720691,0.718201,0.720751,0.718543,0.725415,,,,,0,7.63732,0,7.00959,2.31507,1.54409,0.733663,0.561393,0.346996,0.86068,,
X1/stratified__f0_s0,197,5.12847e-06,0,0,0.0409045,0.25,0.766746,0.556492,0.952734,0.952734,0,40,0.714181,0.718363,0.715232,0.719647,0.725415,,,,,0,7.44103,0,6.84392,2.21216,1.52556,0.735896,0.563238,0.341029,0.841017,,
X1/stratified__f0_s0,198,5.03212e-06,0,0,0.040603,0.25,0.786083,0.570805,0.951563,0.951563,0,40,0.716484,0.715883,0.717439,0.717439,0.725415,0.999,0.999,0.0509836,0.05546,0,7.62455,0,6.94577,2.44805,1.56705,0.751449,0.577058,0.343777,0.861111,,
X1/stratified__f0_s1,1,0.0002,1,0,0.1,0.647725,8.15918,5.24447,0.0167969,0.021875,0,40,0.019931,0.0163058,0.0596026,0.0596026,0.019931,0.053,0.058,4.15153,4.18461,0.0416667,30.7931,4,22.5187,17.2036,7.62902,7.58936,2.31214,0.0945827,4.49991,0.231135,99.7689
X1/stratified__f0_s1,2,0.0003,1,0,0.0996985,0.64545,7.21381,4.31153,0.0308594,0.0511719,0,40,0.0702344,0.0664411,0.110375,0.107064,0.0702344,0.109,0.1,3.58235,3.64285,0,11.982,0,6.72883,6.9867,4.19747,4.82935,2.15075,0.0940422,4.49653,8.48917,91.5108
X1/stratified__f0_s1,3,0.0004,1,0,0.099397,0.643175,6.97902,4.1013,0.0359375,0.0746094,0,40,0.0864996,0.109231,0.120309,0.14128,0.109231,0.131,0.135,3.46666,3.39245,0,8.38964,0,3.57993,4.50503,4.01084,4.10119,2.23381,0.118964,4.47423,15.8159,84.1841
X1/stratified__f0_s1,4,0.0005,1,0,0.0990955,0.6409,6.74728,3.95425,0.0628906,0.105859,0,40,0.0943293,0.13684,0.143488,0.175497,0.13684,0.167,0.185,3.22713,3.21713,0,6.39822,0,2.06897,3.05248,3.58087,3.46355,2.21047,0.247423,4.35798,14.8569,85.1431
X1/stratified__f0_s1,5,0.000499968,1,0,0.098794,0.638625,6.56578,3.84105,0.0667969,0.123438,0,40,0.113956,0.17897,0.151214,0.222958,0.17897,0.192,0.233,3.15839,3.06794,0,6.65247,0,2.04102,2.96856,4.19842,3.2297,2.22262,0.352538,4.26656,15.7923,84.2077
X1/stratified__f0_s1,6,0.000499872,1,0,0.0984925,0.63635,6.4704,3.773,0.100781,0.138672,0,40,0.119647,0.175102,0.168874,0.226269,0.17897,,,,,0,5.82088,0,1.44077,2.39704,3.8817,2.94195,2.23657,0.383233,4.23886,,
X1/stratified__f0_s1,7,0.000499711,1,0,0.098191,0.634075,6.35508,3.69381,0.0859375,0.148828,0,40,0.149802,0.192808,0.197572,0.242826,0.192808,0.208,0.27,2.97975,2.84835,0,5.66337,0,1.45637,1.86569,4.1414,2.76801,2.19931,0.441328,4.19708,11.5656,88.4344
X1/stratified__f0_s1,8,0.000499486,1,0,0.0978894,0.6318,6.22106,3.60706,0.101562,0.171484,0,40,0.14988,0.203658,0.201987,0.241722,0.203658,0.203,0.28,2.93182,2.80263,0,5.92912,0,1.80743,2.07171,4.33043,2.65704,2.20469,0.483389,4.13739,16.2622,83.7378
X1/stratified__f0_s1,9,0.000499197,1,0,0.0975879,0.629525,6.15657,3.56891,0.112109,0.183203,0,40,0.197515,0.236004,0.237307,0.275938,0.236004,0.255,0.299,2.78516,2.71895,0,5.70591,0,1.82441,1.86891,4.20772,2.54347,2.18027,0.473759,4.11049,13.5817,86.4183
X1/stratified__f0_s1,10,0.000498845,1,0,0.0972864,0.62725,6.14647,3.58072,0.128516,0.182812,0,40,0.192255,0.235648,0.239514,0.274834,0.236004,,,,,0,6.12649,0,1.99383,1.97909,4.66493,2.44254,2.15207,0.46716,4.09048,,
X1/stratified__f0_s1,11,0.000498428,1,0,0.0969849,0.624975,5.94528,3.44817,0.0996094,0.219531,0,40,0.226282,0.263575,0.275938,0.30574,0.263575,0.303,0.321,2.59355,2.56482,0,6.52103,0,3.32666,2.1291,4.33277,2.30613,2.14184,0.525122,3.99552,16.6588,83.3412
X1/stratified__f0_s1,12,0.000497947,1,0,0.0966834,0.6227,5.7328,3.32416,0.116797,0.243359,0,40,0.239154,0.287478,0.279249,0.328918,0.287478,0.303,0.346,2.55687,2.44809,0,6.79853,0,3.87768,2.3039,4.13601,2.33936,2.1368,0.610619,3.86807,18.5975,81.4025
X1/stratified__f0_s1,13,0.000497403,1,0,0.0963819,0.620425,5.68663,3.3081,0.115625,0.258594,0,40,0.273191,0.31808,0.310155,0.353201,0.31808,0.335,0.36,2.48451,2.41249,0,7.28763,0,4.26054,2.60047,4.32259,2.25825,2.13868,0.628095,3.83371,30.0603,69.9398
X1/stratified__f0_s1,14,0.000496795,1,0,0.0960804,0.61815,5.64879,3.28909,0.127344,0.269141,0,40,0.266078,0.31658,0.316777,0.34989,0.31808,,,,,0,7.01466,0,3.78421,2.34858,4.51495,2.19716,2.14149,0.645741,3.81737,,
X1/stratified__f0_s1,15,0.000496124,1,0,0.0957789,0.615875,5.71118,3.35405,0.145703,0.261328,0,40,0.301171,0.323674,0.34989,0.359823,0.323674,0.366,0.404,2.3598,2.24445,0,6.71578,0,3.31785,2.17046,4.61917,2.08288,2.11133,0.607863,3.8273,27.7395,72.2605
X1/stratified__f0_s1,16,0.000495389,1,0,0.0954774,0.6136,5.47,3.19918,0.140234,0.281641,0,40,0.315598,0.355665,0.354305,0.387417,0.355665,0.356,0.409,2.22503,2.19448,0,6.92208,0,4.12059,2.21264,4.27125,2.10768,2.13495,0.654419,3.70083,29.7896,70.2104
X1/stratified__f0_s1,17,0.000494592,1,0,0.0951759,0.611325,5.41758,3.1566,0.192188,0.300781,0,40,0.287723,0.358006,0.322296,0.390728,0.358006,0.339,0.416,2.31973,2.12302,0,7.20593,0,3.98046,2.19704,4.77531,2.05098,2.06875,0.657875,3.69849,28.7344,71.2656
X1/stratified__f0_s1,18,0.000493731,1,0,0.0948744,0.60905,5.5191,3.24557,0.125391,0.285938,0,40,0.313086,0.382636,0.34989,0.413907,0.382636,0.387,0.435,2.19403,2.09071,0,7.07805,0,3.89236,1.96136,4.80337,1.96083,2.08555,0.628218,3.73291,29.564,70.436
X1/stratified__f0_s1,19,0.000492808,1,0,0.0945729,0.606775,5.35547,3.12782,0.122266,0.309375,0,40,0.331828,0.394222,0.370861,0.421634,0.394222,0.4,0.448,2.17906,2.04426,0,7.78501,0,5.01371,2.09013,4.70142,1.99079,2.09513,0.661901,3.6713,32.3716,67.6284
X1/stratified__f0_s1,20,0.000491823,1,0,0.0942714,0.6045,5.44266,3.21119,0.165625,0.307031,0,40,0.351959,0.393081,0.379691,0.421634,0.394222,,,,,0,7.306,0,4.38783,1.99014,4.86188,1.90432,2.10257,0.643159,3.69144,,
X1/stratified__f0_s1,21,0.000490775,1,0,0.0939698,0.602225,5.34504,3.14063,0.165625,0.319922,0,40,0.319434,0.405501,0.356512,0.434879,0.405501,0.402,0.476,2.17752,1.96017,0,6.96974,0,4.24497,1.89535,4.54479,1.85987,2.03282,0.644147,3.66044,30.3498,69.6502
X1/stratified__f0_s1,22,0.000489666,1,0,0.0936683,0.59995,5.23511,3.06956,0.198437,0.343359,0,40,0.336507,0.382306,0.375276,0.412804,0.405501,,,,,0,8.26433,0,5.88998,1.93901,4.53494,1.84428,1.99926,0.645588,3.60955,,
X1/stratified__f0_s1,23,0.000488495,1,0,0.0933668,0.597675,5.44896,3.226,0.176172,0.305078,0,40,0.348809,0.384382,0.388521,0.413907,0.405501,,,,,0,9.2657,0,6.3328,2.55784,5.16505,1.86719,2.07014,0.629068,3.71933,,
X1/stratified__f0_s1,24,0.000487263,1,0,0.0930653,0.5954,5.31912,3.1423,0.177344,0.326953,0,40,0.329996,0.426456,0.374172,0.452539,0.426456,0.428,0.494,2.06032,1.96328,0,8.01161,0,5.67543,1.91693,4.54745,1.77011,2.0246,0.629288,3.65607,31.5749,68.4251
X1/stratified__f0_s1,25,0.00048597,1,0,0.0927638,0.593125,5.11068,2.9986,0.184766,0.375391,0,40,0.409635,0.433388,0.440397,0.461369,0.433388,0.48,0.514,1.88213,1.88224,0,7.88814,0,5.55027,2.07548,4.47495,1.73002,1.95374,0.637609,3.56094,34.8033,65.1967
X1/stratified__f0_s1,26,0.000484616,1,0,0.0924623,0.59085,5.1429,3.02747,0.220703,0.355078,0,40,0.392284,0.442564,0.427152,0.470199,0.442564,0.456,0.522,2.02279,1.81596,0,9.18977,0,6.81123,2.23332,4.88831,1.7575,1.97837,0.638007,3.58031,31.9424,68.0576
X1/stratified__f0_s1,27,0.000483202,1,0,0.0921608,0.588575,4.92964,2.88743,0.138672,0.386719,0,40,0.40212,0.380235,0.439294,0.409492,0.442564,,,,,0,9.39895,0,7.13309,2.52977,4.66652,1.75832,1.95672,0.675945,3.46975,,
X1/stratified__f0_s1,28,0.000481728,1,0,0.0918593,0.5863,5.02089,2.95718,0.214453,0.379688,0,40,0.463842,0.470014,0.486755,0.495585,0.470014,0.531,0.537,1.68681,1.72704,0,8.46203,0,6.21768,2.0474,4.81144,1.71395,1.94935,0.665783,3.51989,33.3027,66.6973
X1/stratified__f0_s1,29,0.000480195,1,0,0.0915578,0.584025,4.90134,2.88616,0.268359,0.400781,0,40,0.420205,0.435862,0.46468,0.472406,0.470014,,,,,0,10.3654,0,8.3385,2.36209,4.7506,1.72207,1.96321,0.674681,3.4505,,
X1/stratified__f0_s1,30,0.000478603,1,0,0.0912563,0.58175,4.88125,2.87383,0.214062,0.400781,0,40,0.404113,0.4276,0.435982,0.459161,0.470014,,,,,0,11.9958,0,10.2986,2.14137,4.78525,1.69687,1.93136,0.67326,3.45066,,
X1/stratified__f0_s1,31,0.000476951,0,0,0.0909548,0.579475,3.98228,2.25239,0.475391,0.475391,0,40,0.421628,0.488861,0.453642,0.512141,0.488861,0.488,0.577,1.71865,1.60887,0,12.2564,0,10.2651,2.35594,5.10416,1.82936,1.89425,0.792727,2.98527,32.8539,67.146
X1/stratified__f0_s1,32,0.000475242,0,0,0.0906533,0.5772,3.93803,2.22387,0.486328,0.486328,0,40,0.480589,0.517714,0.501104,0.538631,0.517714,0.578,0.604,1.48725,1.48872,0,13.4882,0,11.7433,2.67289,5.15715,1.81532,1.84593,0.842397,2.96979,34.3023,65.6977
X1/stratified__f0_s1,33,0.000473475,0,0,0.0903518,0.574925,3.80213,2.14233,0.511719,0.511719,0,40,0.471967,0.520126,0.481236,0.538631,0.520126,0.541,0.617,1.52898,1.41091,0,11.6704,0,9.6874,2.43183,5.35867,1.7916,1.81025,0.852797,2.88699,35.4449,64.5551
X1/stratified__f0_s1,34,0.00047165,0,0,0.0900503,0.57265,3.75821,2.12351,0.513672,0.513672,0,40,0.483222,0.520483,0.504415,0.538631,0.520483,0.562,0.596,1.40867,1.43354,0,12.3402,0,10.3156,2.39647,5.55174,1.77132,1.76587,0.864343,2.85463,36.9753,63.0247
X1/stratified__f0_s1,35,0.000469769,0,0,0.0897487,0.570375,3.68069,2.07843,0.524609,0.524609,0,40,0.503095,0.518587,0.525386,0.53532,0.520483,,,,,0,12.8535,0,10.7595,2.42172,5.63747,1.75614,1.78697,0.891193,2.80913,,
X1/stratified__f0_s1,36,0.000467831,0,0,0.0894472,0.5681,3.60899,2.04512,0.527344,0.527344,0,40,0.539232,0.51315,0.551876,0.534216,0.539232,0.599,0.619,1.28603,1.40043,0,12.8126,0,10.5957,2.38468,5.95003,1.74485,1.76877,0.889611,2.7528,43.0477,56.9523
X1/stratified__f0_s1,37,0.000465837,0,0,0.0891457,0.565825,3.51757,2.00167,0.550391,0.550391,0,40,0.539107,0.560723,0.56181,0.578366,0.560723,0.625,0.664,1.21795,1.21913,0,11.6425,0,9.86167,2.27676,4.95839,1.68697,1.6821,0.870506,2.67911,42.0032,57.9967
X1/stratified__f0_s1,38,0.000463788,0,0,0.0888442,0.56355,3.48251,1.98981,0.563672,0.563672,0,40,0.468073,0.552147,0.487859,0.57064,0.560723,,,,,0,14,0,12.5958,2.38011,4.7937,1.70744,1.72625,0.900708,2.64874,,
X1/stratified__f0_s1,39,0.000461685,0,0,0.0885427,0.561275,3.42179,1.95107,0.56875,0.56875,0,40,0.531417,0.536868,0.54415,0.556291,0.560723,,,,,0,13.1586,0,11.3186,2.55007,5.36493,1.67607,1.71688,0.905155,2.62032,,
X1/stratified__f0_s1,40,0.000459526,0,0,0.0882412,0.559,3.3078,1.88823,0.589063,0.589063,0,40,0.555795,0.566028,0.572848,0.580574,0.566028,0.647,0.682,1.14767,1.15128,0,10.9926,0,9.4342,2.15052,4.56993,1.61082,1.61439,0.884221,2.53949,43.5356,56.4644
X1/stratified__f0_s1,41,0.000457314,0,0,0.0879397,0.556725,3.26665,1.86899,0.591797,0.591797,0,40,0.535798,0.591032,0.549669,0.600442,0.591032,0.638,0.683,1.15902,1.13629,0,11.8982,0,10.3806,2.23197,4.69123,1.62377,1.6322,0.909988,2.5105,44.7511,55.2489
X1/stratified__f0_s1,42,0.000455049,0,0,0.0876382,0.55445,3.25242,1.86403,0.596094,0.596094,0,40,0.527096,0.600325,0.547461,0.611479,0.600325,0.624,0.696,1.19511,1.0575,0,12.7696,0,11.0975,2.45888,5.03241,1.61244,1.63155,0.907265,2.50409,44.2832,55.7168
X1/stratified__f0_s1,43,0.000452732,0,0,0.0873367,0.552175,3.23683,1.84956,0.606641,0.606641,0,40,0.573363,0.583999,0.584989,0.594923,0.600325,,,,,0,12.2987,0,10.7663,2.3242,4.67614,1.59367,1.61462,0.888412,2.51237,,
X1/stratified__f0_s1,44,0.000450362,0,0,0.0870352,0.5499,3.18869,1.84071,0.603125,0.603125,0,40,0.535682,0.602538,0.554084,0.612583,0.602538,0.668,0.72,1.12712,1.02187,0,11.4986,0,9.81958,2.36192,4.84636,1.62036,1.61128,0.912323,2.45132,45.0334,54.9666
X1/stratified__f0_s1,45,0.000447941,0,0,0.0867337,0.547625,3.14017,1.79577,0.626172,0.626172,0,40,0.545047,0.579352,0.556291,0.5883,0.602538,,,,,0,11.1058,0,9.262,2.42934,4.88187,1.59946,1.59254,0.894779,2.45498,,
X1/stratified__f0_s1,46,0.000445469,0,0,0.0864322,0.54535,3.16182,1.83417,0.604297,0.604297,0,40,0.55448,0.587929,0.577263,0.598234,0.602538,,,,,0,10.3817,0,8.62488,2.29013,4.67415,1.58702,1.59072,0.903236,2.43449,,
X1/stratified__f0_s1,47,0.000442948,0,0,0.0861307,0.543075,3.13007,1.82082,0.607422,0.607422,0,40,0.569065,0.577622,0.583885,0.5883,0.602538,,,,,0,11.6808,0,10.0836,2.38627,4.77176,1.58363,1.6149,0.912142,2.41081,,
X1/stratified__f0_s1,48,0.000440376,0,0,0.0858291,0.5408,3.08571,1.78568,0.624609,0.624609,0,40,0.470107,0.612755,0.484547,0.625828,0.612755,0.593,0.726,1.27379,0.916448,0,12.5058,0,10.8277,2.29429,5.19382,1.5786,1.597,0.913113,2.4039,48.7768,51.2232
X1/stratified__f0_s1,49,0.000437756,0,0,0.0855276,0.538525,2.96853,1.7139,0.646484,0.646484,0,40,0.542321,0.635531,0.56181,0.642384,0.635531,0.668,0.734,1.08633,0.924364,0,12.2987,0,10.6627,2.15015,5.06783,1.50742,1.53571,0.908337,2.32975,50.1246,49.8754
X1/stratified__f0_s1,50,0.000435088,0,0,0.0852261,0.53625,2.89699,1.66489,0.660547,0.660547,0,40,0.515217,0.622944,0.53532,0.631347,0.635531,0.629,0.749,1.19398,0.888776,0,10.7097,0,9.03583,2.19177,4.66239,1.5312,1.56197,0.917665,2.29762,49.1997,50.8003
X1/stratified__f0_s1,51,0.000432373,0,0,0.0849246,0.533975,2.90698,1.68681,0.645312,0.645312,0,40,0.602032,0.621198,0.612583,0.630243,0.635531,,,,,0,12.5529,0,11.0682,2.30808,4.78395,1.51583,1.54637,0.928213,2.28508,,
X1/stratified__f0_s1,52,0.000429611,0,0,0.0846231,0.5317,2.89063,1.67776,0.655078,0.655078,0,40,0.598167,0.634175,0.612583,0.644592,0.635531,,,,,0,11.7941,0,10.4593,2.31403,4.3041,1.47885,1.49475,0.916414,2.28112,,
X1/stratified__f0_s1,53,0.000426803,0,0,0.0843216,0.529425,2.836,1.64123,0.664453,0.664453,0,40,0.607909,0.63054,0.612583,0.642384,0.635531,,,,,0,10.9489,0,9.50509,2.17595,4.3819,1.48006,1.47356,0.886814,2.25671,,
X1/stratified__f0_s1,54,0.000423949,0,0,0.0840201,0.52715,2.77643,1.61118,0.680078,0.680078,0,40,0.567253,0.606954,0.581678,0.619205,0.635531,,,,,0,11.198,0,9.78132,2.40884,4.28068,1.46253,1.48382,0.914992,2.21046,,
X1/stratified__f0_s1,55,0.000421051,0,0,0.0837186,0.524875,2.79298,1.62157,0.661719,0.661719,0,40,0.604052,0.633815,0.610375,0.639073,0.635531,,,,,0,11.0794,0,9.6163,2.29869,4.49237,1.48933,1.48477,0.885068,2.2318,,
X1/stratified__f0_s1,56,0.00041811,0,0,0.0834171,0.5226,2.72621,1.58936,0.681641,0.681641,0,40,0.581594,0.636235,0.598234,0.642384,0.636235,0.731,0.787,0.86401,0.824115,0,10.9189,0,9.31461,2.23102,4.71198,1.45047,1.44229,0.887112,2.17537,54.5611,45.4389
X1/stratified__f0_s1,57,0.000415125,0,0,0.0831156,0.520325,2.73845,1.59744,0.678516,0.678516,0,40,0.59715,0.642967,0.603753,0.649007,0.642967,0.746,0.785,0.848412,0.808788,0,10.5648,0,9.15786,2.18881,4.22412,1.45404,1.46691,0.911273,2.19287,54.5047,45.4953
X1/stratified__f0_s1,58,0.000412098,0,0,0.0828141,0.51805,2.7208,1.58926,0.679688,0.679688,0,40,0.639097,0.64095,0.642384,0.647903,0.642967,,,,,0,11.5854,0,10.3161,2.25166,4.07048,1.41849,1.41485,0.897466,2.18421,,
X1/stratified__f0_s1,59,0.00040903,0,0,0.0825126,0.515775,2.70227,1.57535,0.691016,0.691016,0,40,0.600813,0.632459,0.613687,0.640177,0.642967,,,,,0,11.7035,0,10.337,2.51941,4.24061,1.43368,1.42942,0.894764,2.18492,,
X1/stratified__f0_s1,60,0.000405921,0,0,0.0822111,0.5135,2.62028,1.5295,0.689844,0.689844,0,40,0.555553,0.639582,0.565121,0.645695,0.642967,,,,,0,11.3092,0,10.1537,2.24958,3.83075,1.40116,1.39248,0.901703,2.12422,,
X1/stratified__f0_s1,61,0.000402773,0,0,0.0819095,0.511225,2.58211,1.50753,0.706641,0.706641,0,40,0.611047,0.656059,0.619205,0.657837,0.656059,0.767,0.797,0.791005,0.764315,0,12.2274,0,10.9616,2.27257,4.23478,1.40442,1.3926,0.910871,2.10197,55.3973,44.6027
X1/stratified__f0_s1,62,0.000399585,0,0,0.081608,0.50895,2.57682,1.51442,0.710547,0.710547,0,40,0.570923,0.653985,0.583885,0.656733,0.656059,,,,,0,11.5539,0,10.174,2.22637,4.36345,1.38768,1.36467,0.88296,2.08744,,
X1/stratified__f0_s1,63,0.000396359,0,0,0.0813065,0.506675,2.56464,1.505,0.708594,0.708594,0,40,0.634353,0.618037,0.642384,0.620309,0.656059,,,,,0,13.1461,0,11.905,2.57704,4.24507,1.44127,1.4355,0.916084,2.09137,,
X1/stratified__f0_s1,64,0.000393096,0,0,0.081005,0.5044,2.5559,1.50635,0.696875,0.696875,0,40,0.588933,0.614462,0.598234,0.615894,0.656059,,,,,0,12.7797,0,11.5595,2.23089,4.27017,1.41126,1.40257,0.865724,2.08079,,
X1/stratified__f0_s1,65,0.000389796,0,0,0.0807035,0.502125,2.44975,1.43461,0.738672,0.738672,0,40,0.584047,0.651369,0.587196,0.653422,0.656059,,,,,0,10.5017,0,9.20173,2.3085,3.9418,1.36629,1.34106,0.868452,2.0217,,
X1/stratified__f0_s1,66,0.000386461,0,0,0.080402,0.49985,2.5079,1.48433,0.708203,0.708203,0,40,0.613437,0.666016,0.625828,0.668874,0.666016,0.784,0.838,0.671495,0.597426,0,11.8716,0,10.7841,2.16076,3.76441,1.36121,1.36503,0.861222,2.04776,56.5813,43.4187
X1/stratified__f0_s1,67,0.000383091,0,0,0.0801005,0.497575,2.44618,1.45026,0.737891,0.737891,0,40,0.612804,0.665517,0.622517,0.668874,0.666016,,,,,0,11.2892,0,10.0883,2.32711,3.9538,1.36371,1.34799,0.888567,2.00155,,
X1/stratified__f0_s1,68,0.000379687,0,0,0.079799,0.4953,2.4181,1.44023,0.733594,0.733594,0,40,0.620967,0.657671,0.628035,0.662252,0.666016,,,,,0,11.1014,0,9.80796,2.31735,4.10245,1.35524,1.33223,0.876317,1.9743,,
X1/stratified__f0_s1,69,0.00037625,0,0,0.0794975,0.493025,2.3505,1.39124,0.732813,0.732813,0,40,0.639885,0.661277,0.646799,0.663355,0.666016,,,,,0,10.3822,0,9.09638,2.30255,3.73328,1.32133,1.31177,0.866693,1.94566,,
X1/stratified__f0_s1,70,0.000372781,0,0,0.079196,0.49075,2.32284,1.37205,0.753125,0.753125,0,40,0.649356,0.658274,0.654525,0.662252,0.666016,,,,,0,13.1116,0,12.0815,2.55005,3.77187,1.34784,1.32744,0.877715,1.93743,,
X1/stratified__f0_s1,71,0.000369281,0,0,0.0788945,0.488475,2.32749,1.38181,0.735938,0.735938,0,40,0.599238,0.645318,0.616998,0.653422,0.666016,,,,,0,10.4582,0,9.20415,2.43006,3.74692,1.31259,1.27604,0.865981,1.936,,
X1/stratified__f0_s1,72,0.00036575,0,0,0.078593,0.4862,2.30822,1.37038,0.752344,0.752344,0,40,0.579134,0.647076,0.594923,0.656733,0.666016,,,,,0,11.2352,0,10.0958,2.48825,3.70317,1.30717,1.28638,0.887044,1.9289,,
X1/stratified__f0_s1,73,0.00036219,0,0,0.0782915,0.483925,2.27475,1.33645,0.773438,0.773438,0,40,0.637389,0.659696,0.65011,0.668874,0.666016,,,,,0,10.9866,0,9.68135,2.44901,4.0572,1.32593,1.29641,0.88524,1.93894,,
X1/stratified__f0_s1,74,0.000358601,0,0,0.0779899,0.48165,2.2632,1.35181,0.761328,0.761328,0,40,0.638604,0.66471,0.64128,0.671082,0.666016,,,,,0,10.1597,0,8.93539,2.28035,3.66678,1.27374,1.23411,0.837384,1.89221,,
X1/stratified__f0_s1,75,0.000354985,0,0,0.0776884,0.479375,2.26056,1.3451,0.757812,0.757812,0,40,0.6349,0.678164,0.64128,0.679912,0.678164,0.85,0.882,0.535404,0.488489,0,12.7383,0,11.616,2.52623,3.98707,1.33669,1.29175,0.890562,1.90971,57.3047,42.6953
X1/stratified__f0_s1,76,0.000351343,0,0,0.0773869,0.4771,2.26469,1.34835,0.757031,0.757031,0,40,0.646976,0.678345,0.65011,0.679912,0.678345,0.862,0.869,0.504828,0.501147,0,10.6805,0,9.57335,2.30296,3.6407,1.28609,1.24309,0.851678,1.92066,59.3659,40.6341
X1/stratified__f0_s1,77,0.000347674,0,0,0.0770854,0.474825,2.21345,1.32563,0.763281,0.763281,0,40,0.637403,0.664864,0.65011,0.666667,0.678345,,,,,0,11.489,0,10.2285,2.399,4.19126,1.28882,1.22664,0.836348,1.86977,,
X1/stratified__f0_s1,78,0.000343981,0,0,0.0767839,0.47255,2.17916,1.30782,0.769531,0.769531,0,40,0.631849,0.678421,0.639073,0.679912,0.678421,0.852,0.879,0.510683,0.480238,0,11.4166,0,10.2529,2.45745,3.79674,1.28453,1.2447,0.844703,1.84391,57.1411,42.8589
X1/stratified__f0_s1,79,0.000340265,0,0,0.0764824,0.470275,2.12856,1.2817,0.779297,0.779297,0,40,0.649396,0.685854,0.653422,0.690949,0.685854,0.867,0.88,0.491527,0.476068,0,11.7523,0,10.7017,2.34457,3.63265,1.25871,1.20708,0.850477,1.80078,56.2767,43.7233
X1/stratified__f0_s1,80,0.000336525,0,0,0.0761809,0.468,2.17813,1.31054,0.766797,0.766797,0,40,0.612305,0.681173,0.625828,0.688742,0.685854,,,,,0,11.4703,0,10.3126,2.56903,3.79281,1.27974,1.22191,0.843397,1.85382,,
X1/stratified__f0_s1,81,0.000332764,0,0,0.0758794,0.465725,2.10963,1.26779,0.785937,0.785937,0,40,0.666473,0.665885,0.672185,0.6766,0.685854,,,,,0,12.2209,1,11.205,3.19419,3.54426,1.26845,1.20115,0.836844,1.8076,,
X1/stratified__f0_s1,82,0.000328982,0,0,0.0755779,0.46345,2.04981,1.2279,0.790625,0.790625,0,40,0.66224,0.667699,0.66777,0.6766,0.685854,,,,,0,11.3584,0,10.267,2.63289,3.49427,1.23715,1.16912,0.809537,1.77346,,
X1/stratified__f0_s1,83,0.00032518,0,0,0.0752764,0.461175,2.07564,1.24988,0.79375,0.79375,0,40,0.638296,0.676745,0.645695,0.683223,0.685854,,,,,0,10.309,0,9.19829,2.45011,3.48912,1.22705,1.1548,0.825556,1.79055,,
X1/stratified__f0_s1,84,0.000321359,0,0,0.0749749,0.4589,2.03623,1.23109,0.796875,0.796875,0,40,0.635378,0.669543,0.640177,0.668874,0.685854,,,,,0,10.6383,0,9.45133,2.70557,3.45821,1.23767,1.16305,0.805662,1.75451,,
X1/stratified__f0_s1,85,0.00031752,0,0,0.0746734,0.456625,2.01373,1.22046,0.801562,0.801562,0,40,0.642515,0.686284,0.657837,0.68543,0.686284,0.873,0.903,0.435125,0.411013,0,10.7344,0,9.66347,2.41293,3.42821,1.21062,1.14107,0.801897,1.73725,64.6902,35.3098
X1/stratified__f0_s1,86,0.000313664,0,0,0.0743719,0.45435,1.99945,1.20034,0.809766,0.809766,0,40,0.644873,0.690158,0.652318,0.693157,0.690158,0.867,0.901,0.466269,0.413769,0,11.2303,0,10.1502,2.54802,3.47356,1.2087,1.12481,0.804261,1.75879,63.1495,36.8505
X1/stratified__f0_s1,87,0.000309793,0,0,0.0740704,0.452075,1.9891,1.20766,0.802734,0.802734,0,40,0.642862,0.678532,0.65011,0.68543,0.690158,,,,,0,10.2714,0,9.16697,2.47043,3.40716,1.219,1.1491,0.805319,1.72857,,
X1/stratified__f0_s1,88,0.000305907,0,0,0.0737688,0.4498,1.95718,1.1882,0.818359,0.818359,0,40,0.645225,0.672724,0.654525,0.681015,0.690158,,,,,0,10.3525,0,9.33981,2.39265,3.22428,1.17516,1.10293,0.793233,1.7096,,
X1/stratified__f0_s1,89,0.000302006,0,0,0.0734673,0.447525,1.9207,1.16976,0.821094,0.821094,0,40,0.647313,0.681416,0.651214,0.688742,0.690158,,,,,0,11.2787,0,10.2787,2.46451,3.42106,1.1947,1.11347,0.784436,1.67798,,
X1/stratified__f0_s1,90,0.000298093,0,0,0.0731658,0.44525,1.89755,1.15079,0.825781,0.825781,0,40,0.659457,0.683566,0.657837,0.68543,0.690158,,,,,0,11.1593,0,10.164,2.512,3.31949,1.15978,1.06814,0.773985,1.67718,,
X1/stratified__f0_s1,91,0.000294168,0,0,0.0728643,0.442975,1.88242,1.14375,0.832422,0.832422,0,40,0.652596,0.689174,0.663355,0.688742,0.690158,,,,,0,10.2232,0,9.0518,2.53443,3.50898,1.20232,1.11824,0.79447,1.66751,,
X1/stratified__f0_s1,92,0.000290233,0,0,0.0725628,0.4407,1.87628,1.14675,0.821484,0.821484,0,40,0.659286,0.695762,0.666667,0.696468,0.695762,0.924,0.935,0.384524,0.349051,0,11.1436,0,10.1611,2.52304,3.21118,1.16429,1.06437,0.770475,1.65538,63.9729,36.0271
X1/stratified__f0_s1,93,0.000286287,0,0,0.0722613,0.438425,1.84183,1.12615,0.835547,0.835547,0,40,0.651639,0.696242,0.647903,0.699779,0.696242,0.912,0.933,0.362236,0.330282,0,10.1138,0,9.10496,2.58637,3.04393,1.15582,1.07185,0.782812,1.63239,64.0196,35.9804
X1/stratified__f0_s1,94,0.000282333,0,0,0.0719598,0.43615,1.80211,1.10769,0.839844,0.839844,0,40,0.659374,0.68931,0.666667,0.693157,0.696242,,,,,0,10.1357,0,9.09424,2.50094,3.16917,1.12076,1.02871,0.748877,1.59215,,
X1/stratified__f0_s1,95,0.000278371,0,0,0.0716583,0.433875,1.79481,1.10177,0.841797,0.841797,0,40,0.661702,0.696313,0.662252,0.700883,0.696313,0.925,0.932,0.337159,0.313742,0,10.5189,0,9.53257,2.58596,3.11653,1.13275,1.02892,0.768554,1.59732,64.1295,35.8705
X1/stratified__f0_s1,96,0.000274402,0,0,0.0713568,0.4316,1.7978,1.0997,0.840625,0.840625,0,40,0.658302,0.686755,0.664459,0.687638,0.696313,,,,,0,11.4632,0,10.5737,2.63612,2.99458,1.1469,1.04427,0.763828,1.61747,,
X1/stratified__f0_s1,97,0.000270428,0,0,0.0710553,0.429325,1.7964,1.10693,0.829297,0.829297,0,40,0.661282,0.691525,0.656733,0.69426,0.696313,,,,,0,11.1182,0,10.1228,2.62353,3.27548,1.16424,1.06641,0.773007,1.60593,,
X1/stratified__f0_s1,98,0.000266449,0,0,0.0707538,0.42705,1.73037,1.06733,0.852734,0.852734,0,40,0.663751,0.691501,0.666667,0.695364,0.696313,,,,,0,10.6147,0,9.62802,2.54355,3.12051,1.12727,1.03078,0.734625,1.5526,,
X1/stratified__f0_s1,99,0.000262466,0,0,0.0704523,0.424775,1.73035,1.06798,0.85,0.85,0,40,0.654075,0.672077,0.660044,0.677704,0.696313,,,,,0,10.8785,0,9.90063,2.69185,3.0323,1.1199,1.02724,0.746447,1.55933,,
X1/stratified__f0_s1,100,0.000258481,0,0,0.0701508,0.4225,1.6879,1.03823,0.854688,0.854688,0,40,0.655467,0.68149,0.663355,0.689845,0.696313,0.935,0.944,0.285771,0.275502,0,11.214,0,10.1737,2.50702,3.42401,1.08361,0.973938,0.727819,1.53768,65.7393,34.2607
X1/stratified__f0_s1,101,0.000254494,0,0,0.0698492,0.420225,1.69296,1.05014,0.855469,0.855469,0,40,0.647643,0.677806,0.655629,0.68543,0.696313,,,,,0,10.1854,0,9.2104,2.55709,3.07876,1.1007,0.995318,0.730476,1.5297,,
X1/stratified__f0_s1,102,0.000250506,0,0,0.0695477,0.41795,1.66368,1.02753,0.862109,0.862109,0,40,0.674582,0.6739,0.678808,0.682119,0.696313,,,,,0,10.7524,0,9.8343,2.71045,2.83967,1.08974,0.974002,0.730478,1.52207,,
X1/stratified__f0_s1,103,0.000246519,0,0,0.0692462,0.415675,1.6909,1.04728,0.854688,0.854688,0,40,0.682956,0.696924,0.686534,0.698675,0.696924,0.949,0.957,0.246531,0.256262,0,11.2338,0,10.4189,2.57026,2.81636,1.06735,0.942572,0.718333,1.54838,66.4864,33.5136
X1/stratified__f0_s1,104,0.000242534,0,0,0.0689447,0.4134,1.62117,1.00324,0.866406,0.866406,0,40,0.677639,0.688085,0.682119,0.695364,0.696924,,,,,0,11.4048,0,10.5647,2.60245,2.89634,1.04394,0.926789,0.714871,1.49476,,
X1/stratified__f0_s1,105,0.000238551,0,0,0.0686432,0.411125,1.57965,0.985842,0.884766,0.884766,0,40,0.690363,0.683616,0.693157,0.692053,0.696924,,,,,0,10.1928,0,9.294,2.45531,2.88951,1.01831,0.914603,0.692218,1.44435,,
X1/stratified__f0_s1,106,0.000234572,0,0,0.0683417,0.40885,1.57116,0.980018,0.885547,0.885547,0,40,0.680693,0.697639,0.683223,0.700883,0.697639,0.956,0.963,0.22809,0.237286,0,10.343,0,9.44052,2.52831,2.86093,1.01566,0.901752,0.702992,1.44586,64.9524,35.0476
X1/stratified__f0_s1,107,0.000230598,0,0,0.0680402,0.406575,1.59393,1.00203,0.869922,0.869922,0,40,0.64861,0.699425,0.654525,0.703091,0.699425,0.939,0.962,0.273891,0.232475,0,11.2827,0,10.442,2.60262,2.80545,1.05473,0.935317,0.705611,1.45582,65.7619,34.2381
X1/stratified__f0_s1,108,0.000226629,0,0,0.0677387,0.4043,1.58738,1.00264,0.867188,0.867188,0,40,0.663348,0.702821,0.664459,0.707506,0.702821,0.942,0.962,0.250104,0.223632,0,10.4957,0,9.59554,2.6152,2.77905,1.07876,0.960811,0.714339,1.44631,64.739,35.261
X1/stratified__f0_s1,109,0.000222667,0,0,0.0674372,0.402025,1.57064,0.987522,0.880859,0.880859,0,40,0.689846,0.690218,0.692053,0.695364,0.702821,,,,,0,12.0952,0,11.3503,2.52529,2.72028,1.02961,0.903951,0.685266,1.45046,,
X1/stratified__f0_s1,110,0.000218713,0,0,0.0671357,0.39975,1.51362,0.956178,0.892578,0.892578,0,40,0.684587,0.697347,0.692053,0.705298,0.702821,,,,,0,9.26656,0,8.40835,2.51555,2.54252,0.989206,0.877214,0.664312,1.39447,,
X1/stratified__f0_s1,111,0.000214767,0,0,0.0668342,0.397475,1.49293,0.940463,0.889453,0.889453,0,40,0.682748,0.701232,0.684327,0.705298,0.702821,,,,,0,10.3038,0,9.49107,2.60563,2.53607,1.02448,0.911465,0.676125,1.38995,,
X1/stratified__f0_s1,112,0.000210832,0,0,0.0665327,0.3952,1.52614,0.966485,0.878906,0.878906,0,40,0.667231,0.689575,0.675497,0.695364,0.702821,,,,,0,11.7545,0,10.9164,2.67299,2.86962,1.03333,0.901507,0.682379,1.41614,,
X1/stratified__f0_s1,113,0.000206907,0,0,0.0662312,0.392925,1.49869,0.94624,0.889063,0.889063,0,40,0.690292,0.70037,0.693157,0.707506,0.702821,,,,,0,11.0224,0,10.2374,2.66245,2.55892,1.0159,0.89539,0.667533,1.40599,,
X1/stratified__f0_s1,114,0.000202994,0,0,0.0659296,0.39065,1.48311,0.940426,0.888672,0.888672,0,40,0.6694,0.688999,0.6766,0.692053,0.702821,,,,,0,10.4192,0,9.61261,2.62063,2.51861,0.989881,0.860935,0.66437,1.38919,,
X1/stratified__f0_s1,115,0.000199093,0,0,0.0656281,0.388375,1.44915,0.915784,0.899219,0.899219,0,40,0.669353,0.675209,0.6766,0.682119,0.702821,,,,,0,9.6422,0,8.81346,2.52823,2.48416,0.975384,0.845401,0.654611,1.37332,,
X1/stratified__f0_s1,116,0.000195207,0,0,0.0653266,0.3861,1.43494,0.912496,0.895312,0.895312,0,40,0.675091,0.678155,0.682119,0.68543,0.702821,,,,,0,10.36,0,9.59467,2.54808,2.44562,0.976608,0.847732,0.642066,1.35312,,
X1/stratified__f0_s1,117,0.000191336,0,0,0.0650251,0.383825,1.43168,0.917965,0.895312,0.895312,0,40,0.671265,0.688129,0.674393,0.69426,0.702821,,,,,0,9.17484,0,8.337,2.4401,2.45078,0.965877,0.841751,0.617977,1.33841,,
X1/stratified__f0_s1,118,0.00018748,0,0,0.0647236,0.38155,1.42402,0.917033,0.895703,0.895703,0,40,0.67027,0.683216,0.672185,0.690949,0.702821,,,,,0,10.1214,0,9.29093,2.54508,2.56251,0.965729,0.832568,0.635896,1.32877,,
X1/stratified__f0_s1,119,0.000183641,0,0,0.0644221,0.379275,1.39979,0.897889,0.90625,0.90625,0,40,0.679323,0.699111,0.681015,0.704194,0.702821,,,,,0,9.2854,0,8.4786,2.46286,2.43922,0.940532,0.810897,0.614125,1.32332,,
X1/stratified__f0_s1,120,0.00017982,0,0,0.0641206,0.377,1.39831,0.899124,0.9,0.9,0,40,0.668309,0.695646,0.672185,0.701987,0.702821,,,,,0,9.34382,0,8.4503,2.5728,2.58291,0.95541,0.825429,0.630708,1.3241,,
X1/stratified__f0_s1,121,0.000176018,0,0,0.0638191,0.374725,1.39842,0.904578,0.898047,0.898047,0,40,0.67452,0.698716,0.679912,0.703091,0.702821,,,,,0,9.40282,0,8.47026,2.58125,2.69156,0.984673,0.847823,0.619253,1.31787,,
X1/stratified__f0_s1,122,0.000172236,0,0,0.0635176,0.37245,1.33457,0.860651,0.912891,0.912891,0,40,0.67077,0.70804,0.673289,0.711921,0.70804,0.969,0.978,0.181181,0.155562,0,9.3056,0,8.59057,2.37222,2.23769,0.906181,0.787176,0.60322,1.27245,65.2715,34.7285
X1/stratified__f0_s1,123,0.000168475,0,0,0.0632161,0.370175,1.35303,0.872317,0.912891,0.912891,0,40,0.664131,0.693974,0.674393,0.698675,0.70804,,,,,0,11.6189,0,10.9154,2.61671,2.49607,0.940791,0.794651,0.605671,1.29862,,
X1/stratified__f0_s1,124,0.000164735,0,0,0.0629146,0.3679,1.31637,0.857255,0.913281,0.913281,0,40,0.679632,0.691165,0.688742,0.69426,0.70804,,,,,0,9.5521,0,8.80596,2.46993,2.35636,0.914667,0.782236,0.584745,1.24793,,
X1/stratified__f0_s1,125,0.000161019,0,0,0.0626131,0.365625,1.29409,0.838735,0.912891,0.912891,0,40,0.699254,0.699268,0.698675,0.703091,0.70804,0.974,0.987,0.155106,0.141572,0,10.2476,0,9.57891,2.45641,2.2663,0.91573,0.779633,0.592655,1.24541,64.0396,35.9604
X1/stratified__f0_s1,126,0.000157326,0,0,0.0623116,0.36335,1.32432,0.866648,0.903906,0.903906,0,40,0.680158,0.698231,0.684327,0.700883,0.70804,,,,,0,10.2065,0,9.39056,2.83997,2.3598,0.935916,0.792226,0.58647,1.25958,,
X1/stratified__f0_s1,127,0.000153657,0,0,0.0620101,0.361075,1.29195,0.84819,0.910937,0.910937,0,40,0.68773,0.701843,0.693157,0.704194,0.70804,,,,,0,8.77535,0,7.92321,2.57979,2.33865,0.93087,0.800037,0.584035,1.229,,
X1/stratified__f0_s1,128,0.000150015,0,0,0.0617085,0.3588,1.25796,0.822943,0.925781,0.925781,0,40,0.703997,0.696737,0.709713,0.697572,0.70804,,,,,0,9.50279,0,8.77504,2.46023,2.15583,0.871538,0.734697,0.578056,1.21243,,
X1/stratified__f0_s1,129,0.000146399,0,0,0.061407,0.356525,1.247,0.815448,0.919922,0.919922,0,40,0.6776,0.695652,0.681015,0.698675,0.70804,,,,,0,9.01014,0,8.19942,2.54223,2.22086,0.888411,0.742813,0.57018,1.21043,,
X1/stratified__f0_s1,130,0.00014281,0,0,0.0611055,0.35425,1.24595,0.816805,0.919141,0.919141,0,40,0.684157,0.697597,0.690949,0.703091,0.70804,,,,,0,9.45306,0,8.72046,2.50834,2.22672,0.88634,0.748256,0.557555,1.21142,,
X1/stratified__f0_s1,131,0.00013925,0,0,0.060804,0.351975,1.25786,0.827917,0.921094,0.921094,0,40,0.675296,0.698198,0.679912,0.703091,0.70804,,,,,0.00833333,9.78578,1,8.98289,3.02139,2.29593,0.918006,0.789197,0.563901,1.22151,,
X1/stratified__f0_s1,132,0.000135719,0,0,0.0605025,0.3497,1.23816,0.818785,0.923828,0.923828,0,40,0.668597,0.697213,0.674393,0.701987,0.70804,,,,,0,9.63916,0,8.89181,2.48952,2.24864,0.896131,0.752254,0.542651,1.19923,,
X1/stratified__f0_s1,133,0.000132219,0,0,0.060201,0.347425,1.26028,0.830545,0.914453,0.914453,0,40,0.687404,0.700138,0.692053,0.704194,0.70804,,,,,0,11.4479,0,10.7333,2.77988,2.24965,0.919158,0.754543,0.560838,1.23692,,
X1/stratified__f0_s1,134,0.00012875,0,0,0.0598995,0.34515,1.22385,0.809326,0.924219,0.924219,0,40,0.692237,0.700376,0.688742,0.705298,0.70804,,,,,0,9.605,0,8.90211,2.58105,2.02541,0.873298,0.734443,0.536162,1.201,,
X1/stratified__f0_s1,135,0.000125313,0,0,0.059598,0.342875,1.18392,0.786445,0.93125,0.93125,0,40,0.678549,0.704309,0.684327,0.707506,0.70804,,,,,0,8.5176,0,7.78198,2.32818,2.11712,0.848779,0.696273,0.52784,1.15925,,
X1/stratified__f0_s1,136,0.000121909,0,0,0.0592965,0.3406,1.17679,0.779299,0.922656,0.922656,0,40,0.681159,0.703275,0.683223,0.706402,0.70804,,,,,0,9.15977,0,8.46447,2.4086,2.08245,0.845047,0.707846,0.52848,1.16704,,
X1/stratified__f0_s1,137,0.000118539,0,0,0.058995,0.338325,1.14986,0.772939,0.930078,0.930078,0,40,0.673232,0.702854,0.679912,0.706402,0.70804,,,,,0,9.42605,0,8.75591,2.3738,2.105,0.835063,0.693824,0.510887,1.11408,,
X1/stratified__f0_s1,138,0.000115204,0,0,0.0586935,0.33605,1.17409,0.783793,0.926172,0.926172,0,40,0.687665,0.701998,0.689845,0.705298,0.70804,,,,,0,8.19032,0,7.40174,2.4419,2.09926,0.856969,0.717698,0.522072,1.16143,,
X1/stratified__f0_s1,139,0.000111904,0,0,0.058392,0.333775,1.1599,0.785667,0.93125,0.93125,0,40,0.702056,0.702026,0.703091,0.706402,0.70804,,,,,0,8.6627,0,7.94306,2.48959,2.00147,0.840778,0.696986,0.488239,1.12121,,
X1/stratified__f0_s1,140,0.000108641,0,0,0.0580905,0.3315,1.10162,0.739936,0.940234,0.940234,0,40,0.688296,0.705552,0.687638,0.708609,0.70804,,,,,0,8.0428,0,7.30261,2.34532,2.01718,0.805706,0.665479,0.496212,1.09105,,
X1/stratified__f0_s1,141,0.000105415,0,0,0.0577889,0.329225,1.14674,0.776184,0.928516,0.928516,0,40,0.689449,0.697558,0.687638,0.699779,0.70804,,,,,0.00833333,10.351,0,9.46895,3.22758,1.98345,0.837017,0.684872,0.50641,1.12553,,
X1/stratified__f0_s1,142,0.000102227,0,0,0.0574874,0.32695,1.15936,0.781262,0.925781,0.925781,0,40,0.690367,0.690738,0.698675,0.695364,0.70804,,,,,0,9.30519,0,8.57608,2.52308,2.13073,0.867013,0.719027,0.520184,1.15642,,
X1/stratified__f0_s1,143,9.90786e-05,0,0,0.0571859,0.324675,1.10438,0.74488,0.940234,0.940234,0,40,0.684851,0.704895,0.688742,0.708609,0.70804,,,,,0,8.82429,0,8.13806,2.42776,1.97871,0.819624,0.682902,0.488042,1.10727,,
X1/stratified__f0_s1,144,9.59698e-05,0,0,0.0568844,0.3224,1.10654,0.748834,0.933594,0.933594,0,40,0.690291,0.704528,0.696468,0.707506,0.70804,,,,,0,8.65874,0,7.92246,2.404,2.08594,0.828005,0.680573,0.490743,1.10951,,
X1/stratified__f0_s1,145,9.29016e-05,0,0,0.0565829,0.320125,1.1098,0.758198,0.928906,0.928906,0,40,0.697753,0.699651,0.698675,0.701987,0.70804,,,,,0,9.48928,0,8.85313,2.40079,1.97817,0.830075,0.679956,0.488603,1.09832,,
X1/stratified__f0_s1,146,8.98748e-05,0,0,0.0562814,0.31785,1.08039,0.736897,0.938281,0.938281,0,40,0.687006,0.702795,0.687638,0.706402,0.70804,,,,,0,8.64433,0,7.96957,2.31929,1.99657,0.791914,0.651821,0.480673,1.08069,,
X1/stratified__f0_s1,147,8.68902e-05,0,0,0.0559799,0.315575,1.09925,0.752139,0.930469,0.930469,0,40,0.683827,0.704113,0.687638,0.706402,0.70804,,,,,0,8.23096,0,7.54278,2.35551,1.90237,0.817512,0.684234,0.47228,1.09993,,
X1/stratified__f0_s1,148,8.39486e-05,0,0,0.0556784,0.3133,1.07963,0.74007,0.933203,0.933203,0,40,0.692414,0.702267,0.698675,0.704194,0.70804,,,,,0,9.38478,0,8.65847,2.64918,2.01415,0.829676,0.67984,0.473152,1.08382,,
X1/stratified__f0_s1,149,8.10507e-05,0,0,0.0553769,0.311025,1.03476,0.707794,0.947266,0.947266,0,40,0.692221,0.712095,0.695364,0.711921,0.712095,0.996,0.996,0.0858631,0.092629,0,7.64573,0,6.91928,2.28918,1.87672,0.768102,0.622601,0.462538,1.05126,69.7412,30.2588
X1/stratified__f0_s1,150,7.81974e-05,0,0,0.0550754,0.30875,1.04759,0.721648,0.944141,0.944141,0,40,0.694008,0.70361,0.696468,0.706402,0.712095,0.991,0.996,0.103912,0.0903573,0,8.59225,0,7.89234,2.46579,1.90879,0.813363,0.661701,0.459497,1.05568,69.609,30.391
X1/stratified__f0_s1,151,7.53893e-05,0,0,0.0547739,0.306475,1.04046,0.713563,0.940625,0.940625,0,40,0.699566,0.707455,0.700883,0.709713,0.712095,,,,,0,9.83486,0,9.23256,2.42377,1.8672,0.801433,0.654438,0.4574,1.06663,,
X1/stratified__f0_s1,152,7.26271e-05,0,0,0.0544724,0.3042,1.01595,0.69713,0.946875,0.946875,0,40,0.692304,0.708908,0.698675,0.710817,0.712095,,,,,0,8.41769,0,7.76563,2.33816,1.85548,0.784439,0.627613,0.453877,1.04805,,
X1/stratified__f0_s1,153,6.99117e-05,0,0,0.0541709,0.301925,1.01805,0.705292,0.942187,0.942187,0,40,0.680866,0.715028,0.682119,0.718543,0.715028,0.994,0.995,0.0859415,0.0887841,0,8.6228,0,7.94042,2.33243,1.87644,0.804489,0.654215,0.443722,1.03587,70.0482,29.9518
X1/stratified__f0_s1,154,6.72436e-05,0,0,0.0538693,0.29965,1.00807,0.700698,0.940625,0.940625,0,40,0.702682,0.705989,0.703091,0.708609,0.715028,,,,,0,7.91682,0,7.24666,2.30186,1.82747,0.767949,0.620257,0.43055,1.02577,,
X1/stratified__f0_s1,155,6.46236e-05,0,0,0.0535678,0.297375,0.985309,0.686695,0.949609,0.949609,0,40,0.694271,0.711472,0.697572,0.713024,0.715028,,,,,0,7.58695,0,6.94037,2.18932,1.75364,0.753956,0.616674,0.427335,1.00417,,
X1/stratified__f0_s1,156,6.20524e-05,0,0,0.0532663,0.2951,1.01154,0.706724,0.941797,0.941797,0,40,0.693226,0.71343,0.69426,0.715232,0.715028,,,,,0,8.56672,0,7.93108,2.38198,1.79119,0.789871,0.641316,0.422787,1.03294,,
X1/stratified__f0_s1,157,5.95306e-05,0,0,0.0529648,0.292825,0.998796,0.699047,0.944531,0.944531,0,40,0.694336,0.711942,0.698675,0.713024,0.715028,,,,,0,7.57292,0,6.8811,2.23974,1.82902,0.775953,0.628683,0.423292,1.02364,,
X1/stratified__f0_s1,158,5.70589e-05,0,0,0.0526633,0.29055,0.961929,0.677425,0.946875,0.946875,0,40,0.691591,0.707627,0.69426,0.708609,0.715028,,,,,0,8.13146,0,7.50741,2.30103,1.75178,0.745503,0.598721,0.412792,0.979189,,
X1/stratified__f0_s1,159,5.46379e-05,0,0,0.0523618,0.288275,0.993935,0.69943,0.941797,0.941797,0,40,0.698878,0.711279,0.697572,0.713024,0.715028,,,,,0,8.21992,0,7.53212,2.37817,1.83069,0.794246,0.644079,0.424579,1.02161,,
X1/stratified__f0_s1,160,5.22683e-05,0,0,0.0520603,0.286,0.962664,0.676552,0.944531,0.944531,0,40,0.69702,0.706446,0.697572,0.707506,0.715028,,,,,0,7.26347,0,6.5886,2.18698,1.79279,0.745954,0.600449,0.412038,1.00039,,
X1/stratified__f0_s1,161,4.99506e-05,0,0,0.0517588,0.283725,0.944236,0.661973,0.950391,0.950391,0,40,0.691066,0.706598,0.69426,0.708609,0.715028,,,,,0,7.4948,0,6.84721,2.20212,1.71037,0.760864,0.606237,0.404533,0.994846,,
X1/stratified__f0_s1,162,4.76856e-05,0,0,0.0514573,0.28145,0.909322,0.641348,0.955859,0.955859,0,40,0.684625,0.701618,0.688742,0.704194,0.715028,,,,,0,7.7223,0,7.04085,2.39275,1.66148,0.728986,0.587755,0.399828,0.95212,,
X1/stratified__f0_s1,163,4.54736e-05,0,0,0.0511558,0.279175,0.936636,0.662453,0.949609,0.949609,0,40,0.688844,0.698198,0.690949,0.700883,0.715028,,,,,0,7.81058,0,7.17949,2.26138,1.69273,0.735446,0.586755,0.398867,0.982117,,
X1/stratified__f0_s1,164,4.33155e-05,0,0,0.0508543,0.2769,0.943382,0.673257,0.948047,0.948047,0,40,0.67895,0.70055,0.683223,0.703091,0.715028,,,,,0,7.35033,0,6.70835,2.21313,1.65168,0.743685,0.595495,0.384596,0.975534,,
X1/stratified__f0_s1,165,4.12116e-05,0,0,0.0505528,0.274625,0.9237,0.656385,0.95,0.95,0,40,0.692524,0.705169,0.695364,0.707506,0.715028,,,,,0,7.32988,0,6.66665,2.23234,1.67443,0.738717,0.588141,0.38466,0.973382,,
X1/stratified__f0_s1,166,3.91625e-05,0,0,0.0502513,0.27235,0.92788,0.664171,0.946094,0.946094,0,40,0.693558,0.70527,0.697572,0.707506,0.715028,,,,,0,7.28397,0,6.6497,2.2406,1.56057,0.737123,0.585879,0.381664,0.968273,,
X1/stratified__f0_s1,167,3.71688e-05,0,0,0.0499497,0.270075,0.896154,0.641629,0.951172,0.951172,0,40,0.702719,0.703314,0.704194,0.706402,0.715028,,,,,0,7.32374,0,6.69254,2.20697,1.59965,0.715137,0.570812,0.376825,0.942423,,
X1/stratified__f0_s1,168,3.5231e-05,0,0,0.0496482,0.2678,0.906018,0.647834,0.949219,0.949219,0,40,0.702857,0.701667,0.704194,0.705298,0.715028,,,,,0,7.85493,0,7.1723,2.41317,1.69036,0.755256,0.599179,0.37521,0.964093,,
X1/stratified__f0_s1,169,3.33496e-05,0,0,0.0493467,0.265525,0.906776,0.650848,0.946094,0.946094,0,40,0.693272,0.702762,0.696468,0.706402,0.715028,,,,,0,7.77619,0,7.10457,2.30215,1.74996,0.757425,0.605339,0.371227,0.963858,,
X1/stratified__f0_s1,170,3.15251e-05,0,0,0.0490452,0.26325,0.897775,0.647433,0.944531,0.944531,0,40,0.688803,0.704752,0.692053,0.706402,0.715028,,,,,0,7.34938,0,6.69809,2.2515,1.67814,0.747484,0.598032,0.368106,0.950968,,
X1/stratified__f0_s1,171,2.97579e-05,0,0,0.0487437,0.260975,0.879656,0.636198,0.953516,0.953516,0,40,0.698225,0.699279,0.698675,0.701987,0.715028,,,,,0,7.23573,0,6.65302,2.07552,1.60894,0.703546,0.567652,0.363469,0.932877,,
X1/stratified__f0_s1,172,2.80486e-05,0,0,0.0484422,0.2587,0.874178,0.629117,0.956641,0.956641,0,40,0.696068,0.703555,0.699779,0.706402,0.715028,,,,,0,8.45072,0,7.79111,2.45449,1.59139,0.724541,0.572124,0.35658,0.947282,,
X1/stratified__f0_s1,173,2.63975e-05,0,0,0.0481407,0.256425,0.852633,0.614886,0.960156,0.960156,0,40,0.686658,0.699769,0.690949,0.703091,0.715028,,,,,0,7.2367,0,6.59788,2.18632,1.62276,0.716097,0.571701,0.357295,0.927158,,
X1/stratified__f0_s1,174,2.48051e-05,0,0,0.0478392,0.25415,0.863379,0.62394,0.952734,0.952734,0,40,0.695632,0.699665,0.696468,0.703091,0.715028,,,,,0,7.90228,0,7.25343,2.27367,1.71636,0.732901,0.575129,0.351802,0.942116,,
X1/stratified__f0_s1,175,2.32718e-05,0,0,0.0475377,0.251875,0.842049,0.612472,0.960156,0.960156,0,40,0.703552,0.698778,0.704194,0.700883,0.715028,0.998,0.998,0.0581156,0.0672444,0,7.3442,0,6.76338,2.10162,1.58296,0.708345,0.569758,0.345829,0.911471,70.4427,29.5573
X1/stratified__f0_s1,176,2.1798e-05,0,0,0.0472362,0.25,0.854979,0.623039,0.954688,0.954688,0,40,0.697427,0.703487,0.700883,0.706402,0.715028,,,,,0,7.40555,0,6.76775,2.25537,1.59448,0.732887,0.580663,0.342708,0.92776,,
X1/stratified__f0_s1,177,2.0384e-05,0,0,0.0469347,0.25,0.83327,0.606648,0.955078,0.955078,0,40,0.704046,0.698814,0.707506,0.700883,0.715028,,,,,0,7.15819,0,6.54095,2.09157,1.59771,0.717353,0.567261,0.34392,0.906487,,
X1/stratified__f0_s1,178,1.90303e-05,0,0,0.0466332,0.25,0.813047,0.593478,0.958594,0.958594,0,40,0.706287,0.69357,0.709713,0.696468,0.715028,,,,,0,7.2672,0,6.67517,2.13492,1.55402,0.685625,0.549564,0.334507,0.878277,,
X1/stratified__f0_s1,179,1.77372e-05,0,0,0.0463317,0.25,0.832484,0.605799,0.952734,0.952734,0,40,0.70661,0.705686,0.707506,0.707506,0.715028,,,,,0,7.43405,0,6.82725,2.2326,1.56443,0.719017,0.568607,0.339747,0.90674,,
X1/stratified__f0_s1,180,1.65051e-05,0,0,0.0460302,0.25,0.794435,0.577289,0.960938,0.960938,0,40,0.704796,0.705238,0.704194,0.707506,0.715028,,,,,0,6.54398,0,5.9709,2.0297,1.41918,0.675056,0.53763,0.340463,0.868583,,
X1/stratified__f0_s1,181,1.53342e-05,0,0,0.0457286,0.25,0.845945,0.619366,0.946484,0.946484,0,40,0.701288,0.704522,0.703091,0.705298,0.715028,,,,,0,7.60212,0,6.93191,2.37985,1.6488,0.746121,0.587364,0.344168,0.906318,,
X1/stratified__f0_s1,182,1.42248e-05,0,0,0.0454271,0.25,0.826564,0.601372,0.951953,0.951953,0,40,0.691322,0.709898,0.695364,0.710817,0.715028,,,,,0,8.48311,0,7.8195,2.53713,1.63349,0.729973,0.57517,0.347621,0.900766,,
X1/stratified__f0_s1,183,1.31773e-05,0,0,0.0451256,0.25,0.824516,0.602442,0.954688,0.954688,0,40,0.695477,0.700407,0.698675,0.701987,0.715028,,,,,0,7.53474,0,6.94396,2.16603,1.60542,0.733293,0.575832,0.354615,0.888295,,
X1/stratified__f0_s1,184,1.21919e-05,0,0,0.0448241,0.25,0.796674,0.57738,0.962891,0.962891,0,40,0.703228,0.697978,0.704194,0.699779,0.715028,,,,,0,7.60858,0,6.97358,2.24329,1.64614,0.718307,0.564387,0.34551,0.877176,,
X1/stratified__f0_s1,185,1.12689e-05,0,0,0.0445226,0.25,0.808379,0.588475,0.948047,0.948047,0,40,0.699703,0.701544,0.703091,0.703091,0.715028,,,,,0,7.59087,0,6.96444,2.2646,1.66416,0.748436,0.588294,0.352582,0.879616,,
X1/stratified__f0_s1,186,1.04085e-05,0,0,0.0442211,0.25,0.811156,0.591081,0.951953,0.951953,0,40,0.695649,0.704619,0.696468,0.706402,0.715028,,,,,0,7.18752,0,6.55869,2.15479,1.63329,0.725448,0.571775,0.339248,0.880302,,
X1/stratified__f0_s1,187,9.61089e-06,0,0,0.0439196,0.25,0.79509,0.576006,0.957812,0.957812,0,40,0.700754,0.700893,0.701987,0.701987,0.715028,,,,,0,7.42898,0,6.84038,2.14952,1.58311,0.703793,0.553728,0.346112,0.876334,,
X1/stratified__f0_s1,188,8.87636e-06,0,0,0.0436181,0.25,0.821519,0.596429,0.948828,0.948828,0,40,0.698552,0.702822,0.699779,0.704194,0.715028,,,,,0,7.39382,0,6.79109,2.20692,1.53578,0.729004,0.581264,0.338987,0.900358,,
X1/stratified__f0_s1,189,8.20506e-06,0,0,0.0433166,0.25,0.777089,0.560279,0.961328,0.961328,0,40,0.707939,0.699174,0.708609,0.701987,0.715028,,,,,0,6.4609,0,5.86882,2.02016,1.45164,0.669361,0.518138,0.333344,0.867242,,
X1/stratified__f0_s1,190,7.59717e-06,0,0,0.0430151,0.25,0.79334,0.574739,0.957422,0.957422,0,40,0.705247,0.704854,0.707506,0.706402,0.715028,,,,,0,6.98189,0,6.30771,2.22211,1.67588,0.726735,0.568376,0.346607,0.874406,,
X1/stratified__f0_s1,191,7.05284e-06,0,0,0.0427136,0.25,0.808489,0.588023,0.948047,0.948047,0,40,0.705139,0.704497,0.706402,0.706402,0.715028,,,,,0,7.61851,0,7.01087,2.17662,1.59492,0.745643,0.5818,0.346492,0.881864,,
X1/stratified__f0_s1,192,6.57221e-06,0,0,0.0424121,0.25,0.802292,0.583019,0.950391,0.950391,0,40,0.708658,0.703962,0.709713,0.706402,0.715028,,,,,0,7.10922,0,6.47252,2.17476,1.60956,0.719667,0.572885,0.342569,0.877091,,
X1/stratified__f0_s1,193,6.15542e-06,0,0,0.0421106,0.25,0.769816,0.558172,0.953125,0.953125,0,40,0.702522,0.704305,0.703091,0.705298,0.715028,1,0.998,0.0499377,0.056938,0,7.40087,0,6.81082,2.18386,1.50514,0.689234,0.541814,0.340919,0.846577,,
X1/stratified__f0_s2,1,0.0002,1,0,0.1,0.647725,8.12144,5.20689,0.0164063,0.01875,0,40,0.0119734,0.0132274,0.0364238,0.0375276,0.0132274,0.05,0.049,4.12562,4.15367,0.108333,43.8767,5,37.6167,20.9445,8.19214,7.54855,2.34074,0.0932792,4.49967,0.220274,99.7797
X1/stratified__f0_s2,2,0.0003,1,0,0.0996985,0.64545,7.25658,4.35302,0.0320312,0.0539063,0,40,0.0796771,0.0709898,0.118102,0.112583,0.0796771,0.113,0.108,3.56217,3.62223,0,15.1902,0,10.4486,8.46392,4.20838,4.53329,2.17968,0.0946,4.49852,6.07003,93.93
X1/stratified__f0_s2,3,0.0004,1,0,0.099397,0.643175,6.9804,4.09013,0.0496094,0.0738281,0,40,0.0730996,0.109961,0.119205,0.140177,0.109961,0.125,0.14,3.37908,3.37434,0,9.19153,0,4.71808,5.36406,3.66719,3.73591,2.17769,0.102098,4.49374,12.1506,87.8493
X1/stratified__f0_s2,4,0.0005,1,0,0.0990955,0.6409,6.78914,3.93664,0.0535156,0.101562,0,40,0.0991364,0.131547,0.147903,0.171082,0.131547,0.139,0.167,3.26296,3.22298,0,6.92755,0,2.89466,3.42406,3.62239,3.38109,2.22478,0.146268,4.45076,11.756,88.244
X1/stratified__f0_s2,5,0.000499968,1,0,0.098794,0.638625,6.59935,3.84884,0.0480469,0.117969,0,40,0.110396,0.162726,0.168874,0.213024,0.162726,0.17,0.212,3.11673,3.04076,0,6.09889,0,2.13902,2.49203,3.80565,3.09522,2.2238,0.298012,4.30693,9.20723,90.7928
X1/stratified__f0_s2,6,0.000499872,1,0,0.0984925,0.63635,6.41567,3.71954,0.0722656,0.139453,0,40,0.151347,0.182725,0.199779,0.237307,0.182725,0.21,0.232,3.01422,2.91644,0,6.25728,0,2.03043,2.27179,4.38014,2.93377,2.24888,0.391872,4.23687,12.3265,87.6735
X1/stratified__f0_s2,7,0.000499711,1,0,0.098191,0.634075,6.35297,3.7009,0.0847656,0.164062,0,40,0.152524,0.194517,0.201987,0.236203,0.194517,0.209,0.262,2.93193,2.85939,0,6.23121,0,2.53036,2.50539,3.94684,2.67513,2.22703,0.425352,4.18259,17.3545,82.6455
X1/stratified__f0_s2,8,0.000499486,1,0,0.0978894,0.6318,6.09014,3.55009,0.110547,0.188672,0,40,0.165688,0.231863,0.200883,0.274834,0.231863,0.217,0.283,2.83301,2.69989,0,6.73093,0,3.56601,2.58995,4.07077,2.55333,2.17467,0.508688,4.02033,19.3112,80.6888
X1/stratified__f0_s2,9,0.000499197,1,0,0.0975879,0.629525,5.92818,3.4593,0.111719,0.212891,0,40,0.134747,0.261797,0.186534,0.304636,0.261797,0.195,0.325,2.99588,2.5617,0,6.38742,0,3.69293,2.23454,3.71784,2.40701,2.11048,0.563402,3.92181,23.1629,76.8371
X1/stratified__f0_s2,10,0.000498845,1,0,0.0972864,0.62725,5.68053,3.27943,0.141406,0.259766,0,40,0.161079,0.288989,0.198675,0.324503,0.288989,0.2,0.347,2.94657,2.45257,0,6.733,0,3.93041,2.27632,3.93932,2.41428,2.11041,0.62016,3.82797,26.9449,73.0551
X1/stratified__f0_s2,11,0.000498428,1,0,0.0969849,0.624975,5.78319,3.3688,0.107813,0.244531,0,40,0.266138,0.296023,0.310155,0.337748,0.296023,0.335,0.359,2.47043,2.42341,0,7.07409,0,4.22203,2.42529,4.11442,2.32926,2.12963,0.613696,3.86317,30.3647,69.6353
X1/stratified__f0_s2,12,0.000497947,1,0,0.0966834,0.6227,5.60433,3.25667,0.151172,0.263281,0,40,0.284723,0.330262,0.33223,0.369757,0.330262,0.355,0.385,2.47489,2.33495,0,6.84102,0,3.43354,1.94658,4.82223,2.25864,2.12639,0.628074,3.77012,25.7909,74.2091
X1/stratified__f0_s2,13,0.000497403,1,0,0.0963819,0.620425,5.47803,3.17488,0.135156,0.280078,0,40,0.257822,0.364579,0.31457,0.39404,0.364579,0.327,0.408,2.44031,2.19807,0,7.37373,0,4.37704,2.08027,4.65042,2.27067,2.15834,0.688888,3.71221,25.4892,74.5108
X1/stratified__f0_s2,14,0.000496795,1,0,0.0960804,0.61815,5.46427,3.17991,0.175391,0.288281,0,40,0.317628,0.360408,0.363135,0.39404,0.364579,,,,,0,6.87672,0,4.11645,1.90771,4.22307,2.13085,2.1043,0.652088,3.69548,,
X1/stratified__f0_s2,15,0.000496124,1,0,0.0957789,0.615875,5.56628,3.25956,0.168359,0.2875,0,40,0.301638,0.370497,0.338852,0.401766,0.370497,0.358,0.404,2.37389,2.13136,0,7.19812,0,4.56151,2.11816,4.28311,2.06606,2.10784,0.661817,3.74543,30.9403,69.0597
X1/stratified__f0_s2,16,0.000495389,1,0,0.0954774,0.6136,5.16314,2.98153,0.178906,0.316406,0,40,0.340595,0.374628,0.37638,0.405077,0.374628,0.39,0.432,2.16438,2.08262,0,7.66966,0,5.11949,1.96132,4.54631,2.08382,2.04572,0.690191,3.55544,28.583,71.417
X1/stratified__f0_s2,17,0.000494592,1,0,0.0951759,0.611325,5.36729,3.12432,0.192969,0.31875,0,40,0.203832,0.386906,0.241722,0.413907,0.386906,0.255,0.435,2.64763,2.03867,0,9.06209,0,6.16459,2.20205,5.34781,2.05098,2.07769,0.679524,3.66902,31.1572,68.8428
X1/stratified__f0_s2,18,0.000493731,1,0,0.0948744,0.60905,5.39782,3.15248,0.142969,0.308984,0,40,0.292008,0.384284,0.331126,0.416115,0.386906,,,,,0,7.9818,0,5.50744,2.10542,4.53497,1.9805,2.08405,0.667848,3.68663,,
X1/stratified__f0_s2,19,0.000492808,1,0,0.0945729,0.606775,5.39701,3.16695,0.135547,0.301953,0,40,0.352173,0.384861,0.388521,0.415011,0.386906,,,,,0,7.53667,0,4.82408,2.00201,4.56153,1.92797,2.09068,0.639356,3.67527,,
X1/stratified__f0_s2,20,0.000491823,1,0,0.0942714,0.6045,5.36948,3.14922,0.187891,0.31875,0,40,0.344668,0.40456,0.38521,0.432671,0.40456,0.422,0.475,2.04155,1.99868,0,6.55816,0,3.58442,1.77638,4.63539,1.85672,2.03565,0.629153,3.6729,34,66
X1/stratified__f0_s2,21,0.000490775,1,0,0.0939698,0.602225,5.19743,3.04037,0.126563,0.311719,0,40,0.343057,0.42652,0.375276,0.451435,0.42652,0.413,0.481,2.07469,1.94047,0,8.40878,0,5.7096,2.15848,5.10427,1.90675,2.0407,0.672729,3.58182,32.9434,67.0566
X1/stratified__f0_s2,22,0.000489666,1,0,0.0936683,0.59995,4.98833,2.88373,0.112891,0.388672,0,40,0.35528,0.44174,0.388521,0.469095,0.44174,0.402,0.499,2.18106,1.87426,0,9.2367,0,7.00653,2.38615,4.64205,1.887,1.99377,0.706412,3.50797,32.6286,67.3714
X1/stratified__f0_s2,23,0.000488495,1,0,0.0933668,0.597675,5.16869,3.0209,0.219531,0.34375,0,40,0.327773,0.455898,0.364238,0.480132,0.455898,0.412,0.511,2.14754,1.79748,0,9.81429,0,7.07889,2.44487,5.45014,1.84756,2.03915,0.66466,3.59357,33.5739,66.4261
X1/stratified__f0_s2,24,0.000487263,1,0,0.0930653,0.5954,5.09569,2.97708,0.191797,0.356641,0,40,0.391903,0.465523,0.419426,0.487859,0.465523,0.457,0.519,1.92441,1.78213,0,8.60975,0,6.54421,2.33418,4.35518,1.78911,1.94776,0.671701,3.55829,36.5924,63.4076
X1/stratified__f0_s2,25,0.00048597,1,0,0.0927638,0.593125,4.86108,2.81662,0.204297,0.392578,0,40,0.436206,0.444337,0.466887,0.46468,0.465523,0.508,0.51,1.81127,1.85008,0,9.74871,0,7.19406,2.38152,5.33838,1.82978,1.96603,0.702574,3.44692,43.4795,56.5205
X1/stratified__f0_s2,26,0.000484616,1,0,0.0924623,0.59085,5.10232,2.99081,0.200391,0.358203,0,40,0.352293,0.22835,0.377483,0.264901,0.465523,,,,,0.00833333,10.386,0,7.86992,3.31693,4.55856,1.78374,1.97209,0.675578,3.57368,,
X1/stratified__f0_s2,27,0.000483202,1,0,0.0921608,0.588575,5.02493,2.9503,0.208203,0.380859,0,40,0.445755,0.433764,0.465784,0.460265,0.465523,,,,,0,7.80152,0,5.43332,1.90612,4.53982,1.71814,1.93893,0.686629,3.52483,,
X1/stratified__f0_s2,28,0.000481728,1,0,0.0918593,0.5863,4.87627,2.85788,0.109375,0.400781,0,40,0.430742,0.415873,0.469095,0.441501,0.465523,,,,,0,7.86092,0,5.99501,1.92928,4.0587,1.6819,1.90798,0.682295,3.44259,,
X1/stratified__f0_s2,29,0.000480195,1,0,0.0915578,0.584025,4.88374,2.87326,0.174609,0.401172,0,40,0.438127,0.454703,0.477925,0.484547,0.465523,,,,,0,8.5147,0,6.43158,1.95641,4.65282,1.6702,1.92551,0.695509,3.44246,,
X1/stratified__f0_s2,30,0.000478603,1,0,0.0912563,0.58175,4.99736,2.97101,0.181641,0.377344,0,40,0.312253,0.441855,0.359823,0.474614,0.465523,,,,,0,8.43182,0,6.2695,1.75874,4.63806,1.64572,1.94264,0.651437,3.4832,,
X1/stratified__f0_s2,31,0.000476951,0,0,0.0909548,0.579475,3.98828,2.24369,0.474219,0.474219,0,40,0.413409,0.509317,0.427152,0.532009,0.509317,0.496,0.584,1.73523,1.47977,0,10.5708,0,8.65219,2.44209,4.95307,1.75835,1.82682,0.809121,3.01064,35.2188,64.7812
X1/stratified__f0_s2,32,0.000475242,0,0,0.0906533,0.5772,3.88157,2.17707,0.505078,0.505078,0,40,0.387131,0.504318,0.405077,0.525386,0.509317,,,,,0,11.9943,0,10.0185,2.74245,5.25058,1.77789,1.83308,0.838051,2.95304,,
X1/stratified__f0_s2,33,0.000473475,0,0,0.0903518,0.574925,3.78156,2.13141,0.515234,0.515234,0,40,0.492127,0.532735,0.504415,0.554084,0.532735,0.535,0.622,1.49023,1.3607,0,11.4041,0,9.39753,2.3213,5.40124,1.75125,1.76895,0.863154,2.8702,34.8546,65.1454
X1/stratified__f0_s2,34,0.00047165,0,0,0.0900503,0.57265,3.72902,2.10386,0.519922,0.519922,0,40,0.527766,0.530411,0.547461,0.547461,0.532735,,,,,0,11.6978,0,9.55836,2.43366,5.56608,1.75639,1.78227,0.876256,2.83796,,
X1/stratified__f0_s2,35,0.000469769,0,0,0.0897487,0.570375,3.63396,2.04558,0.541016,0.541016,0,40,0.351685,0.538556,0.38521,0.557395,0.538556,0.403,0.619,1.90536,1.34879,0,11.6651,0,9.91016,2.53062,4.96934,1.73304,1.76312,0.903217,2.78481,42.1333,57.8667
X1/stratified__f0_s2,36,0.000467831,0,0,0.0894472,0.5681,3.58562,2.02103,0.546875,0.546875,0,40,0.539322,0.551984,0.54415,0.568433,0.551984,0.646,0.645,1.23052,1.26746,0,10.9006,0,9.35689,2.24952,4.50431,1.68332,1.67744,0.883401,2.75409,41.8599,58.1401
X1/stratified__f0_s2,37,0.000465837,0,0,0.0891457,0.565825,3.61644,2.02927,0.548828,0.548828,0,40,0.492957,0.547814,0.506623,0.564018,0.551984,,,,,0.00833333,15.1827,0,13.2264,3.69179,5.23464,1.72642,1.7416,0.901486,2.80505,,
X1/stratified__f0_s2,38,0.000463788,0,0,0.0888442,0.56355,3.50698,1.98127,0.542578,0.542578,0,40,0.47606,0.524534,0.495585,0.537528,0.551984,,,,,0,10.8086,0,8.73114,2.44511,5.17979,1.68904,1.72285,0.884829,2.70732,,
X1/stratified__f0_s2,39,0.000461685,0,0,0.0885427,0.561275,3.4429,1.94864,0.570703,0.570703,0,40,0.536913,0.498869,0.549669,0.513245,0.551984,,,,,0,11.2479,0,9.69215,2.32158,4.51093,1.61972,1.6477,0.880565,2.66227,,
X1/stratified__f0_s2,40,0.000459526,0,0,0.0882412,0.559,3.36295,1.90653,0.577734,0.577734,0,40,0.515521,0.546677,0.537528,0.558499,0.551984,,,,,0,11.627,0,9.92925,2.18275,5.01814,1.62686,1.64694,0.905201,2.6054,,
X1/stratified__f0_s2,41,0.000457314,0,0,0.0879397,0.556725,3.33832,1.901,0.589453,0.589453,0,40,0.545315,0.523088,0.560706,0.532009,0.551984,,,,,0,11.2586,0,9.37485,2.17118,5.25254,1.62186,1.62366,0.899831,2.58174,,
X1/stratified__f0_s2,42,0.000455049,0,0,0.0876382,0.55445,3.31823,1.88946,0.588281,0.588281,0,40,0.56508,0.57398,0.577263,0.580574,0.57398,0.656,0.682,1.07992,1.1657,0,12.1116,0,10.5444,2.14241,4.96063,1.6039,1.63677,0.900288,2.57692,43.6975,56.3025
X1/stratified__f0_s2,43,0.000452732,0,0,0.0873367,0.552175,3.21238,1.83344,0.605859,0.605859,0,40,0.512907,0.584475,0.534216,0.593819,0.584475,0.625,0.698,1.21869,1.09282,0,12.2459,0,10.7371,2.22861,4.77266,1.56632,1.57902,0.909838,2.49729,42.4282,57.5718
X1/stratified__f0_s2,44,0.000450362,0,0,0.0870352,0.5499,3.19451,1.82131,0.617188,0.617188,0,40,0.511198,0.592899,0.528698,0.601545,0.592899,0.62,0.702,1.23513,1.06618,0,12.5228,0,10.8438,2.24704,5.20174,1.57837,1.5876,0.904862,2.49717,43.6609,56.3391
X1/stratified__f0_s2,45,0.000447941,0,0,0.0867337,0.547625,3.23258,1.86661,0.590625,0.590625,0,40,0.501519,0.579433,0.51766,0.581678,0.592899,,,,,0,11.3932,0,9.84738,2.20597,4.72947,1.56933,1.57323,0.906332,2.49436,,
X1/stratified__f0_s2,46,0.000445469,0,0,0.0864322,0.54535,3.19762,1.85208,0.597656,0.597656,0,40,0.540296,0.606626,0.558499,0.61479,0.606626,0.659,0.717,1.12103,1.0215,0,12.29,0,10.677,2.42348,4.99776,1.60015,1.62369,0.923809,2.46731,48.5518,51.4482
X1/stratified__f0_s2,47,0.000442948,0,0,0.0861307,0.543075,3.08241,1.76362,0.622656,0.622656,0,40,0.540363,0.593542,0.557395,0.599338,0.606626,,,,,0,11.9274,0,10.204,2.35008,5.03809,1.55932,1.56655,0.933613,2.42837,,
X1/stratified__f0_s2,48,0.000440376,0,0,0.0858291,0.5408,3.04364,1.74355,0.625,0.625,0,40,0.557366,0.550365,0.571744,0.555188,0.606626,,,,,0,12.3711,0,10.9196,2.54123,4.63258,1.53689,1.52681,0.930356,2.40401,,
X1/stratified__f0_s2,49,0.000437756,0,0,0.0855276,0.538525,2.9996,1.72846,0.635938,0.635938,0,40,0.537863,0.606788,0.557395,0.618102,0.606788,0.69,0.724,1.02942,0.944694,0,12.6869,0,11.1442,2.23992,4.95618,1.55838,1.5947,0.954578,2.36042,43.8453,56.1547
X1/stratified__f0_s2,50,0.000435088,0,0,0.0852261,0.53625,2.94497,1.6992,0.648438,0.648438,0,40,0.56063,0.614495,0.566225,0.621413,0.614495,0.68,0.724,1.04544,0.953951,0,11.0697,0,9.63675,2.40094,4.31271,1.49993,1.51725,0.939838,2.32313,46.726,53.274
X1/stratified__f0_s2,51,0.000432373,0,0,0.0849246,0.533975,2.92037,1.68797,0.660156,0.660156,0,40,0.576699,0.607531,0.589404,0.618102,0.614495,,,,,0,12.211,0,10.7756,2.4276,4.50216,1.4971,1.49013,0.939119,2.30797,,
X1/stratified__f0_s2,52,0.000429611,0,0,0.0846231,0.5317,2.89849,1.67069,0.646094,0.646094,0,40,0.544228,0.616294,0.562914,0.629139,0.616294,0.666,0.747,1.04594,0.855814,0,11.8825,0,10.4663,2.29755,4.63506,1.48445,1.47073,0.915006,2.30918,47.7509,52.2491
X1/stratified__f0_s2,53,0.000426803,0,0,0.0843216,0.529425,2.82709,1.63519,0.660937,0.660937,0,40,0.589344,0.638338,0.603753,0.646799,0.638338,0.741,0.755,0.855442,0.823354,0,12.0597,0,10.7382,2.34425,4.37408,1.46844,1.47934,0.921636,2.25132,49.2524,50.7476
X1/stratified__f0_s2,54,0.000423949,0,0,0.0840201,0.52715,2.84977,1.64279,0.663672,0.663672,0,40,0.583887,0.632112,0.590508,0.640177,0.638338,,,,,0,12.6274,0,11.36,2.52453,4.30037,1.49414,1.45732,0.926582,2.28962,,
X1/stratified__f0_s2,55,0.000421051,0,0,0.0837186,0.524875,2.77891,1.60538,0.675,0.675,0,40,0.592262,0.631286,0.608168,0.636865,0.638338,,,,,0,12.2384,0,10.8072,2.32117,4.69204,1.45833,1.43674,0.913044,2.23583,,
X1/stratified__f0_s2,56,0.00041811,0,0,0.0834171,0.5226,2.76166,1.59375,0.682031,0.682031,0,40,0.621461,0.64127,0.629139,0.65011,0.64127,0.771,0.783,0.742553,0.760179,0,12.0549,0,10.5389,2.51892,4.63766,1.47895,1.49267,0.926028,2.23481,53.1653,46.8347
X1/stratified__f0_s2,57,0.000415125,0,0,0.0831156,0.520325,2.76241,1.6062,0.673047,0.673047,0,40,0.629438,0.634241,0.636865,0.645695,0.64127,,,,,0,13.6973,0,12.5787,2.5486,4.11428,1.44152,1.43742,0.927863,2.22209,,
X1/stratified__f0_s2,58,0.000412098,0,0,0.0828141,0.51805,2.76696,1.60231,0.671875,0.671875,0,40,0.607184,0.606311,0.613687,0.618102,0.64127,,,,,0,12.7393,0,11.2974,2.62905,4.66351,1.47752,1.4606,0.912273,2.24815,,
X1/stratified__f0_s2,59,0.00040903,0,0,0.0825126,0.515775,2.65844,1.54266,0.698438,0.698438,0,40,0.618772,0.607669,0.626932,0.621413,0.64127,,,,,0,10.7191,0,9.26888,2.27563,4.2431,1.42876,1.40315,0.896843,2.16329,,
X1/stratified__f0_s2,60,0.000405921,0,0,0.0822111,0.5135,2.64062,1.52865,0.700781,0.700781,0,40,0.601567,0.574213,0.609272,0.582781,0.64127,,,,,0,11.8865,0,10.6063,2.58808,4.09256,1.434,1.406,0.914396,2.16547,,
X1/stratified__f0_s2,61,0.000402773,0,0,0.0819095,0.511225,2.65773,1.55889,0.688672,0.688672,0,40,0.573915,0.607284,0.591611,0.624724,0.64127,,,,,0,12.3494,0,10.9446,2.75618,4.3094,1.43662,1.42709,0.896162,2.14942,,
X1/stratified__f0_s2,62,0.000399585,0,0,0.081608,0.50895,2.58341,1.50183,0.702344,0.702344,0,40,0.643039,0.621455,0.654525,0.636865,0.643039,0.783,0.778,0.700712,0.738859,0,12.0559,0,10.6556,2.40126,4.46405,1.41907,1.40106,0.919908,2.12512,55.1485,44.8515
X1/stratified__f0_s2,63,0.000396359,0,0,0.0813065,0.506675,2.56357,1.50688,0.697656,0.697656,0,40,0.539517,0.625372,0.554084,0.637969,0.643039,,,,,0,11.4233,0,10.0961,2.38261,4.22464,1.4085,1.38323,0.876775,2.08554,,
X1/stratified__f0_s2,64,0.000393096,0,0,0.081005,0.5044,2.51579,1.45965,0.721094,0.721094,0,40,0.622507,0.611346,0.631347,0.624724,0.643039,,,,,0,11.6556,0,10.2546,2.51552,4.40103,1.39657,1.37601,0.894872,2.09385,,
X1/stratified__f0_s2,65,0.000389796,0,0,0.0807035,0.502125,2.49428,1.4619,0.728516,0.728516,0,40,0.604794,0.670373,0.618102,0.677704,0.670373,0.77,0.829,0.737299,0.610088,0,12.0524,0,10.842,2.4324,4.10466,1.35609,1.3397,0.886657,2.05602,56.3394,43.6606
X1/stratified__f0_s2,66,0.000386461,0,0,0.080402,0.49985,2.51122,1.47884,0.712891,0.712891,0,40,0.595804,0.655955,0.60596,0.661148,0.670373,,,,,0,13.3866,0,12.1403,2.64836,4.34853,1.41987,1.39531,0.909124,2.06538,,
X1/stratified__f0_s2,67,0.000383091,0,0,0.0801005,0.497575,2.46771,1.45905,0.718359,0.718359,0,40,0.648283,0.64939,0.654525,0.657837,0.670373,,,,,0,12.8956,0,11.635,2.65486,4.22306,1.38292,1.35067,0.885609,2.02715,,
X1/stratified__f0_s2,68,0.000379687,0,0,0.079799,0.4953,2.4429,1.43792,0.729297,0.729297,0,40,0.604287,0.674087,0.607064,0.681015,0.674087,0.808,0.841,0.710564,0.594353,0,11.7587,0,10.5314,2.45961,4.02506,1.35776,1.3278,0.893487,2.02904,59.3998,40.6002
X1/stratified__f0_s2,69,0.00037625,0,0,0.0794975,0.493025,2.36603,1.39633,0.737891,0.737891,0,40,0.547496,0.681817,0.55298,0.688742,0.681817,0.701,0.854,0.941725,0.574937,0,11.3287,0,9.97418,2.47244,4.14819,1.32647,1.29846,0.884417,1.96684,62.7461,37.2539
X1/stratified__f0_s2,70,0.000372781,0,0,0.079196,0.49075,2.38174,1.40726,0.740234,0.740234,0,40,0.647532,0.666279,0.660044,0.6766,0.681817,,,,,0,11.9456,0,10.795,2.4028,3.98465,1.32978,1.28735,0.884679,1.9857,,
X1/stratified__f0_s2,71,0.000369281,0,0,0.0788945,0.488475,2.32437,1.37726,0.745703,0.745703,0,40,0.632692,0.673697,0.643488,0.682119,0.681817,,,,,0,11.0741,0,9.83827,2.36197,3.98124,1.33707,1.29117,0.887445,1.93891,,
X1/stratified__f0_s2,72,0.00036575,0,0,0.078593,0.4862,2.31932,1.36376,0.751563,0.751563,0,40,0.638186,0.656284,0.651214,0.664459,0.681817,,,,,0,12.5065,0,11.272,2.5861,4.2163,1.33204,1.28595,0.893679,1.96535,,
X1/stratified__f0_s2,73,0.00036219,0,0,0.0782915,0.483925,2.2758,1.34633,0.758203,0.758203,0,40,0.619391,0.679959,0.624724,0.683223,0.681817,,,,,0,12.8821,0,11.8561,2.53016,3.7167,1.28759,1.23128,0.848877,1.92068,,
X1/stratified__f0_s2,74,0.000358601,0,0,0.0779899,0.48165,2.2867,1.35792,0.753125,0.753125,0,40,0.691277,0.666839,0.698675,0.672185,0.691277,0.857,0.826,0.522735,0.612297,0,12.2355,0,11.1423,2.56191,3.85531,1.29538,1.23851,0.890033,1.92834,57.7711,42.2289
X1/stratified__f0_s2,75,0.000354985,0,0,0.0776884,0.479375,2.26281,1.34141,0.764063,0.764063,0,40,0.633296,0.680479,0.646799,0.686534,0.691277,0.841,0.852,0.587422,0.540678,0,12.6624,0,11.5685,2.5535,3.9269,1.29177,1.23591,0.862753,1.92207,59.2006,40.7995
X1/stratified__f0_s2,76,0.000351343,0,0,0.0773869,0.4771,2.22863,1.32409,0.761719,0.761719,0,40,0.595638,0.662691,0.603753,0.66777,0.691277,,,,,0,13.0292,0,11.7527,2.51908,4.47521,1.29864,1.2247,0.846155,1.89591,,
X1/stratified__f0_s2,77,0.000347674,0,0,0.0770854,0.474825,2.19304,1.30323,0.773828,0.773828,0,40,0.671696,0.667905,0.675497,0.672185,0.691277,,,,,0,11.9818,0,10.822,2.51501,3.95762,1.30695,1.25802,0.875377,1.87396,,
X1/stratified__f0_s2,78,0.000343981,0,0,0.0767839,0.47255,2.19039,1.32626,0.771484,0.771484,0,40,0.659277,0.679358,0.666667,0.684327,0.691277,,,,,0,12.2093,0,11.0797,2.52554,3.93606,1.28108,1.21766,0.855092,1.82866,,
X1/stratified__f0_s2,79,0.000340265,0,0,0.0764824,0.470275,2.2135,1.33181,0.755859,0.755859,0,40,0.64459,0.668068,0.655629,0.673289,0.691277,,,,,0,12.2578,0,11.1839,2.81653,3.56716,1.29333,1.22623,0.865203,1.87484,,
X1/stratified__f0_s2,80,0.000336525,0,0,0.0761809,0.468,2.12832,1.27328,0.781641,0.781641,0,40,0.650674,0.674337,0.65894,0.678808,0.691277,,,,,0,12.8871,0,11.7585,2.76884,3.77954,1.26859,1.20729,0.848645,1.82701,,
X1/stratified__f0_s2,81,0.000332764,0,0,0.0758794,0.465725,2.08716,1.24716,0.787109,0.787109,0,40,0.659097,0.67747,0.662252,0.682119,0.691277,,,,,0,12.1181,0,11.0973,2.60177,3.5641,1.24225,1.17423,0.824155,1.80365,,
X1/stratified__f0_s2,82,0.000328982,0,0,0.0755779,0.46345,2.05803,1.23752,0.803516,0.803516,0,40,0.654347,0.698845,0.661148,0.705298,0.698845,0.874,0.897,0.451363,0.414091,0,11.6984,0,10.5474,2.40326,3.88145,1.21161,1.14174,0.810567,1.77045,61.5754,38.4246
X1/stratified__f0_s2,83,0.00032518,0,0,0.0752764,0.461175,2.03705,1.22569,0.802734,0.802734,0,40,0.641965,0.676714,0.65011,0.681015,0.698845,,,,,0,12.5294,0,11.5304,2.59891,3.64705,1.22644,1.16036,0.828889,1.75932,,
X1/stratified__f0_s2,84,0.000321359,0,0,0.0749749,0.4589,2.04551,1.23088,0.804688,0.804688,0,40,0.624846,0.679219,0.635762,0.683223,0.698845,,,,,0,12.3411,0,11.2843,2.66055,3.6516,1.22669,1.16077,0.826183,1.77519,,
X1/stratified__f0_s2,85,0.00031752,0,0,0.0746734,0.456625,2.06433,1.2476,0.788281,0.788281,0,40,0.465588,0.696421,0.487859,0.700883,0.698845,,,,,0,14.4408,0,13.3321,3.13212,3.75234,1.24474,1.15675,0.812318,1.78863,,
X1/stratified__f0_s2,86,0.000313664,0,0,0.0743719,0.45435,2.07578,1.25373,0.782422,0.782422,0,40,0.567794,0.655483,0.581678,0.661148,0.698845,,,,,0,15.1373,0,14.1414,3.07926,3.80453,1.30207,1.22501,0.855066,1.80929,,
X1/stratified__f0_s2,87,0.000309793,0,0,0.0740704,0.452075,2.00278,1.21323,0.788672,0.788672,0,40,0.629203,0.668802,0.631347,0.671082,0.698845,,,,,0,12.8519,0,11.9153,2.61364,3.53021,1.21058,1.12789,0.824028,1.74651,,
X1/stratified__f0_s2,88,0.000305907,0,0,0.0737688,0.4498,1.94587,1.18133,0.8125,0.8125,0,40,0.638113,0.664577,0.646799,0.66777,0.698845,,,,,0,11.4737,0,10.4072,2.49981,3.49517,1.18315,1.10054,0.796614,1.69974,,
X1/stratified__f0_s2,89,0.000302006,0,0,0.0734673,0.447525,1.93752,1.17635,0.812891,0.812891,0,40,0.662997,0.692554,0.664459,0.692053,0.698845,,,,,0,10.935,0,9.92098,2.51751,3.38172,1.18269,1.10533,0.792252,1.70086,,
X1/stratified__f0_s2,90,0.000298093,0,0,0.0731658,0.44525,1.86506,1.12279,0.836719,0.836719,0,40,0.676944,0.690531,0.674393,0.687638,0.698845,,,,,0,12.0378,0,11.056,2.62498,3.4683,1.17209,1.09896,0.789611,1.66708,,
X1/stratified__f0_s2,91,0.000294168,0,0,0.0728643,0.442975,1.91134,1.16894,0.812891,0.812891,0,40,0.636166,0.692402,0.637969,0.693157,0.698845,,,,,0,13.2125,0,12.1687,2.68644,3.7834,1.20845,1.09301,0.795682,1.67592,,
X1/stratified__f0_s2,92,0.000290233,0,0,0.0725628,0.4407,1.90021,1.15663,0.821875,0.821875,0,40,0.658756,0.692051,0.657837,0.692053,0.698845,,,,,0,13.4843,0,12.5676,2.71656,3.55909,1.23423,1.13594,0.800061,1.68729,,
X1/stratified__f0_s2,93,0.000286287,0,0,0.0722613,0.438425,1.84946,1.13844,0.827344,0.827344,0,40,0.67367,0.705219,0.681015,0.707506,0.705219,0.925,0.928,0.330498,0.347015,0,11.112,0,10.0822,2.53523,3.42871,1.16165,1.06217,0.76959,1.62175,65.6915,34.3085
X1/stratified__f0_s2,94,0.000282333,0,0,0.0719598,0.43615,1.82096,1.12008,0.826953,0.826953,0,40,0.669894,0.695452,0.681015,0.697572,0.705219,,,,,0,12.3542,0,11.4914,2.6926,3.13618,1.15816,1.0562,0.761796,1.60698,,
X1/stratified__f0_s2,95,0.000278371,0,0,0.0716583,0.433875,1.79194,1.09048,0.849609,0.849609,0,40,0.632405,0.695557,0.640177,0.700883,0.705219,,,,,0,11.3447,0,10.426,2.58796,3.12747,1.12486,1.02141,0.758127,1.61675,,
X1/stratified__f0_s2,96,0.000274402,0,0,0.0713568,0.4316,1.84461,1.13799,0.830859,0.830859,0,40,0.641544,0.699581,0.644592,0.701987,0.705219,,,,,0,13.4363,0,12.4193,2.68921,3.84303,1.20569,1.09246,0.780261,1.63721,,
X1/stratified__f0_s2,97,0.000270428,0,0,0.0710553,0.429325,1.77329,1.08815,0.85,0.85,0,40,0.678145,0.710931,0.681015,0.715232,0.710931,0.937,0.945,0.295336,0.295381,0,11.1019,0,10.1549,2.5452,3.20486,1.13925,1.0367,0.752341,1.59585,66.8835,33.1165
X1/stratified__f0_s2,98,0.000266449,0,0,0.0707538,0.42705,1.80329,1.11558,0.837109,0.837109,0,40,0.646218,0.683464,0.647903,0.686534,0.710931,,,,,0,11.1025,0,10.1324,2.53818,3.19832,1.12791,1.01156,0.754547,1.61037,,
X1/stratified__f0_s2,99,0.000262466,0,0,0.0704523,0.424775,1.75137,1.0846,0.843359,0.843359,0,40,0.671521,0.70621,0.674393,0.710817,0.710931,,,,,0,12.6388,0,11.7429,2.70045,3.26646,1.13743,1.01368,0.73769,1.5697,,
X1/stratified__f0_s2,100,0.000258481,0,0,0.0701508,0.4225,1.72072,1.05869,0.853125,0.853125,0,40,0.673504,0.707347,0.681015,0.709713,0.710931,0.933,0.94,0.286607,0.292296,0,12.1206,0,11.2266,2.65741,3.23322,1.1371,1.0294,0.745201,1.56692,66.8299,33.1701
X1/stratified__f0_s2,101,0.000254494,0,0,0.0698492,0.420225,1.70798,1.06112,0.847266,0.847266,0,40,0.672064,0.705045,0.6766,0.708609,0.710931,,,,,0,11.66,0,10.8446,2.5959,2.94785,1.08654,0.980392,0.727879,1.53932,,
X1/stratified__f0_s2,102,0.000250506,0,0,0.0695477,0.41795,1.72153,1.06343,0.850391,0.850391,0,40,0.696804,0.698026,0.698675,0.700883,0.710931,,,,,0,11.5701,0,10.6757,2.64863,3.14219,1.09657,0.965655,0.726548,1.5746,,
X1/stratified__f0_s2,103,0.000246519,0,0,0.0692462,0.415675,1.65294,1.02998,0.859766,0.859766,0,40,0.67534,0.703515,0.683223,0.708609,0.710931,,,,,0,12.4572,0,11.6405,2.7826,2.93015,1.09297,0.966352,0.718997,1.49868,,
X1/stratified__f0_s2,104,0.000242534,0,0,0.0689447,0.4134,1.65032,1.03135,0.863281,0.863281,0,40,0.631335,0.711406,0.629139,0.714128,0.711406,0.912,0.947,0.334422,0.262096,0,10.8326,0,9.97217,2.5268,2.92586,1.10386,0.970249,0.706475,1.49726,66.9862,33.0138
X1/stratified__f0_s2,105,0.000238551,0,0,0.0686432,0.411125,1.63727,1.02133,0.866797,0.866797,0,40,0.665465,0.696701,0.673289,0.699779,0.711406,,,,,0,10.7723,0,9.81322,2.68526,3.02619,1.08098,0.957334,0.725078,1.49817,,
X1/stratified__f0_s2,106,0.000234572,0,0,0.0683417,0.40885,1.63411,1.02027,0.862109,0.862109,0,40,0.655362,0.706736,0.661148,0.709713,0.711406,,,,,0,12.0539,0,11.2676,2.66789,2.84955,1.08186,0.955036,0.708373,1.50138,,
X1/stratified__f0_s2,107,0.000230598,0,0,0.0680402,0.406575,1.5788,0.989606,0.870703,0.870703,0,40,0.661918,0.710851,0.661148,0.714128,0.711406,,,,,0,11.1577,0,10.25,2.697,2.97782,1.07979,0.953298,0.723023,1.44918,,
X1/stratified__f0_s2,108,0.000226629,0,0,0.0677387,0.4043,1.61455,1.01688,0.860938,0.860938,0,40,0.695338,0.700771,0.69426,0.701987,0.711406,,,,,0,12.1266,0,11.3304,2.7183,2.89636,1.0792,0.953013,0.702903,1.47829,,
X1/stratified__f0_s2,109,0.000222667,0,0,0.0674372,0.402025,1.5475,0.970221,0.882031,0.882031,0,40,0.682865,0.705088,0.683223,0.703091,0.711406,,,,,0,10.7926,0,9.92071,2.58455,2.94546,1.04057,0.906916,0.686711,1.43592,,
X1/stratified__f0_s2,110,0.000218713,0,0,0.0671357,0.39975,1.55198,0.970322,0.874609,0.874609,0,40,0.677216,0.703708,0.682119,0.705298,0.711406,,,,,0,12.568,0,11.7567,2.78286,2.95315,1.06632,0.928187,0.71118,1.45507,,
X1/stratified__f0_s2,111,0.000214767,0,0,0.0668342,0.397475,1.54771,0.97737,0.877734,0.877734,0,40,0.680047,0.697031,0.686534,0.700883,0.711406,,,,,0,11.4736,0,10.6071,2.63225,2.99092,1.06529,0.929456,0.68318,1.4349,,
X1/stratified__f0_s2,112,0.000210832,0,0,0.0665327,0.3952,1.53538,0.96566,0.886719,0.886719,0,40,0.674914,0.704973,0.682119,0.709713,0.711406,,,,,0,11.0281,0,10.2532,2.60223,2.6488,1.02982,0.897263,0.676607,1.44161,,
X1/stratified__f0_s2,113,0.000206907,0,0,0.0662312,0.392925,1.50951,0.955949,0.880859,0.880859,0,40,0.689328,0.705858,0.695364,0.708609,0.711406,,,,,0,11.6647,0,10.8581,2.68837,2.87193,1.03143,0.880455,0.680839,1.40881,,
X1/stratified__f0_s2,114,0.000202994,0,0,0.0659296,0.39065,1.5073,0.95448,0.885156,0.885156,0,40,0.669202,0.707882,0.674393,0.711921,0.711406,,,,,0,11.3936,0,10.5103,2.80799,2.91585,1.03751,0.898274,0.678686,1.41513,,
X1/stratified__f0_s2,115,0.000199093,0,0,0.0656281,0.388375,1.50888,0.9607,0.880859,0.880859,0,40,0.651624,0.714209,0.664459,0.718543,0.714209,0.896,0.966,0.377857,0.191715,0,11.8577,0,10.9604,2.85436,2.96782,1.03505,0.894844,0.660669,1.41148,68.5235,31.4765
X1/stratified__f0_s2,116,0.000195207,0,0,0.0653266,0.3861,1.48585,0.943393,0.885938,0.885938,0,40,0.676449,0.703297,0.677704,0.701987,0.714209,,,,,0,12.2348,0,11.4376,2.82568,2.82487,1.03818,0.893756,0.654778,1.40497,,
X1/stratified__f0_s2,117,0.000191336,0,0,0.0650251,0.383825,1.5036,0.957184,0.88125,0.88125,0,40,0.684609,0.708353,0.687638,0.709713,0.714209,,,,,0,14.7405,0,13.8177,3.63406,2.95528,1.05473,0.900663,0.678122,1.42361,,
X1/stratified__f0_s2,118,0.00018748,0,0,0.0647236,0.38155,1.47435,0.937021,0.887891,0.887891,0,40,0.659328,0.703214,0.665563,0.706402,0.714209,,,,,0,11.6639,0,10.817,2.68649,2.9816,1.04675,0.901159,0.657487,1.40828,,
X1/stratified__f0_s2,119,0.000183641,0,0,0.0644221,0.379275,1.43187,0.909021,0.899609,0.899609,0,40,0.69215,0.693679,0.700883,0.696468,0.714209,,,,,0,11.7277,0,10.9653,2.72341,2.66373,0.992002,0.838554,0.654159,1.37856,,
X1/stratified__f0_s2,120,0.00017982,0,0,0.0641206,0.377,1.39117,0.893693,0.903516,0.903516,0,40,0.668228,0.708569,0.671082,0.709713,0.714209,,,,,0.00833333,11.6585,1,10.8973,2.62155,2.70193,0.979732,0.825773,0.628788,1.31957,,
X1/stratified__f0_s2,121,0.000176018,0,0,0.0638191,0.374725,1.39977,0.902819,0.892188,0.892188,0,40,0.688181,0.706956,0.692053,0.708609,0.714209,,,,,0,11.5509,0,10.8038,2.58174,2.64737,0.973717,0.82637,0.611292,1.32618,,
X1/stratified__f0_s2,122,0.000172236,0,0,0.0635176,0.37245,1.38521,0.892782,0.901563,0.901563,0,40,0.673545,0.71675,0.675497,0.719647,0.71675,0.952,0.976,0.226548,0.164586,0,11.4498,0,10.6942,2.64921,2.66536,0.968364,0.823395,0.611865,1.32213,69.5869,30.4131
X1/stratified__f0_s2,123,0.000168475,0,0,0.0632161,0.370175,1.39117,0.900066,0.899219,0.899219,0,40,0.705051,0.704628,0.706402,0.706402,0.71675,,,,,0,12.4145,0,11.622,2.88628,2.68808,0.984264,0.837501,0.613858,1.32669,,
X1/stratified__f0_s2,124,0.000164735,0,0,0.0629146,0.3679,1.35403,0.87448,0.906641,0.906641,0,40,0.690408,0.699534,0.692053,0.699779,0.71675,,,,,0,9.32036,0,8.51947,2.4063,2.48119,0.914992,0.771428,0.598756,1.30349,,
X1/stratified__f0_s2,125,0.000161019,0,0,0.0626131,0.365625,1.3662,0.889719,0.903906,0.903906,0,40,0.668448,0.711016,0.673289,0.716336,0.71675,0.97,0.977,0.182519,0.166883,0,11.2369,0,10.478,2.74438,2.51041,0.966059,0.812083,0.598369,1.30319,68.6289,31.3711
X1/stratified__f0_s2,126,0.000157326,0,0,0.0623116,0.36335,1.33814,0.867949,0.90625,0.90625,0,40,0.702724,0.718635,0.709713,0.724062,0.718635,0.969,0.976,0.158422,0.165402,0,11.121,0,10.3167,2.86538,2.54847,0.955425,0.807498,0.599451,1.29403,68.973,31.027
X1/stratified__f0_s2,127,0.000153657,0,0,0.0620101,0.361075,1.3259,0.864395,0.910937,0.910937,0,40,0.686871,0.711319,0.693157,0.713024,0.718635,,,,,0,10.9006,0,10.1287,2.56334,2.64175,0.951451,0.789946,0.593326,1.27814,,
X1/stratified__f0_s2,128,0.000150015,0,0,0.0617085,0.3588,1.31873,0.860617,0.905469,0.905469,0,40,0.702575,0.711318,0.706402,0.714128,0.718635,,,,,0,10.9517,0,10.2268,2.61301,2.46195,0.950695,0.791082,0.5883,1.2768,,
X1/stratified__f0_s2,129,0.000146399,0,0,0.061407,0.356525,1.26737,0.827072,0.925781,0.925781,0,40,0.70165,0.71049,0.707506,0.714128,0.718635,,,,,0,10.047,0,9.37172,2.45252,2.24117,0.899308,0.766052,0.574249,1.23496,,
X1/stratified__f0_s2,130,0.00014281,0,0,0.0611055,0.35425,1.25139,0.820532,0.919141,0.919141,0,40,0.676345,0.717197,0.678808,0.719647,0.718635,,,,,0,10.533,0,9.76729,2.70872,2.43858,0.927565,0.775785,0.581128,1.21625,,
X1/stratified__f0_s2,131,0.00013925,0,0,0.060804,0.351975,1.259,0.825397,0.914844,0.914844,0,40,0.666704,0.717404,0.675497,0.719647,0.718635,,,,,0,11.135,0,10.4109,2.70463,2.38077,0.895252,0.734185,0.554462,1.23192,,
X1/stratified__f0_s2,132,0.000135719,0,0,0.0605025,0.3497,1.2339,0.804423,0.921484,0.921484,0,40,0.681355,0.71892,0.681015,0.722958,0.71892,0.977,0.986,0.165235,0.145878,0,10.9374,0,10.2379,2.62437,2.36242,0.905569,0.741553,0.563474,1.22812,70.5401,29.4599
X1/stratified__f0_s2,133,0.000132219,0,0,0.060201,0.347425,1.22567,0.804043,0.922656,0.922656,0,40,0.708382,0.719065,0.709713,0.722958,0.719065,0.972,0.984,0.159097,0.136438,0,10.5427,0,9.89929,2.50985,2.1507,0.871882,0.725094,0.549642,1.21359,70.7711,29.2289
X1/stratified__f0_s2,134,0.00012875,0,0,0.0598995,0.34515,1.23971,0.818978,0.914453,0.914453,0,40,0.693631,0.705281,0.698675,0.707506,0.719065,,,,,0,9.72388,0,8.91003,2.67896,2.36772,0.894449,0.730831,0.543535,1.21898,,
X1/stratified__f0_s2,135,0.000125313,0,0,0.059598,0.342875,1.19924,0.789905,0.926172,0.926172,0,40,0.678857,0.713314,0.683223,0.718543,0.719065,,,,,0,10.3005,0,9.47193,2.83801,2.23843,0.881543,0.727385,0.558975,1.19382,,
X1/stratified__f0_s2,136,0.000121909,0,0,0.0592965,0.3406,1.19013,0.787333,0.932813,0.932813,0,40,0.695398,0.715293,0.701987,0.718543,0.719065,,,,,0,9.81923,0,9.07775,2.5305,2.30407,0.882858,0.724895,0.538883,1.18261,,
X1/stratified__f0_s2,137,0.000118539,0,0,0.058995,0.338325,1.16839,0.777232,0.929297,0.929297,0,40,0.698192,0.722917,0.701987,0.726269,0.722917,0.984,0.988,0.135724,0.126838,0,10.5464,0,9.89151,2.561,2.19669,0.846597,0.690817,0.519539,1.15617,71.3609,28.6391
X1/stratified__f0_s2,138,0.000115204,0,0,0.0586935,0.33605,1.21142,0.809414,0.920313,0.920313,0,40,0.697188,0.715766,0.700883,0.720751,0.722917,,,,,0,10.8919,0,10.1899,2.72823,2.31612,0.895725,0.73497,0.517747,1.19627,,
X1/stratified__f0_s2,139,0.000111904,0,0,0.058392,0.333775,1.20042,0.803931,0.924219,0.924219,0,40,0.698185,0.718783,0.698675,0.722958,0.722917,,,,,0,10.0821,0,9.3683,2.61647,2.17291,0.885153,0.723725,0.52499,1.18788,,
X1/stratified__f0_s2,140,0.000108641,0,0,0.0580905,0.3315,1.18791,0.800731,0.919141,0.919141,0,40,0.69043,0.715502,0.690949,0.718543,0.722917,,,,,0,10.5184,0,9.82486,2.59438,2.28908,0.900962,0.740498,0.538823,1.16795,,
X1/stratified__f0_s2,141,0.000105415,0,0,0.0577889,0.329225,1.13125,0.757639,0.940234,0.940234,0,40,0.688415,0.719097,0.69426,0.721854,0.722917,,,,,0,10.485,0,9.75268,2.77696,2.23735,0.862436,0.702433,0.523835,1.13482,,
X1/stratified__f0_s2,142,0.000102227,0,0,0.0574874,0.32695,1.17726,0.791088,0.917578,0.917578,0,40,0.700626,0.717069,0.705298,0.719647,0.722917,,,,,0,13.1625,0,12.4553,3.23489,2.19265,0.912805,0.749059,0.529498,1.18113,,
X1/stratified__f0_s2,143,9.90786e-05,0,0,0.0571859,0.324675,1.15541,0.777626,0.925781,0.925781,0,40,0.702476,0.718007,0.708609,0.719647,0.722917,,,,,0,10.8603,0,10.2087,2.62824,2.16828,0.85906,0.692992,0.513606,1.16358,,
X1/stratified__f0_s2,144,9.59698e-05,0,0,0.0568844,0.3224,1.12469,0.75762,0.929688,0.929688,0,40,0.694422,0.720614,0.69426,0.724062,0.722917,,,,,0,10.7087,0,10.0337,2.64222,2.18531,0.864671,0.701112,0.505148,1.13856,,
X1/stratified__f0_s2,145,9.29016e-05,0,0,0.0565829,0.320125,1.11831,0.754597,0.93125,0.93125,0,40,0.70861,0.717924,0.713024,0.721854,0.722917,,,,,0,9.91569,0,9.22779,2.523,2.14343,0.856088,0.702278,0.498097,1.13617,,
X1/stratified__f0_s2,146,8.98748e-05,0,0,0.0562814,0.31785,1.10867,0.752426,0.938672,0.938672,0,40,0.678549,0.711106,0.681015,0.715232,0.722917,,,,,0,10.5207,0,9.79719,2.79631,2.11848,0.827442,0.667047,0.488021,1.12079,,
X1/stratified__f0_s2,147,8.68902e-05,0,0,0.0559799,0.315575,1.08402,0.734118,0.9375,0.9375,0,40,0.712145,0.715711,0.715232,0.719647,0.722917,,,,,0,10.2769,0,9.63982,2.58062,2.05552,0.8211,0.654542,0.490022,1.10878,,
X1/stratified__f0_s2,148,8.39486e-05,0,0,0.0556784,0.3133,1.06149,0.721014,0.942578,0.942578,0,40,0.705007,0.717291,0.708609,0.721854,0.722917,,,,,0,9.42535,0,8.73603,2.51587,2.09241,0.82981,0.657344,0.474343,1.08675,,
X1/stratified__f0_s2,149,8.10507e-05,0,0,0.0553769,0.311025,1.0819,0.734023,0.937109,0.937109,0,40,0.69613,0.71767,0.701987,0.720751,0.722917,,,,,0,10.6232,0,9.98063,2.69223,2.01938,0.837237,0.667952,0.485177,1.1185,,
X1/stratified__f0_s2,150,7.81974e-05,0,0,0.0550754,0.30875,1.09831,0.747813,0.930078,0.930078,0,40,0.70044,0.714102,0.700883,0.718543,0.722917,0.985,0.991,0.116687,0.10049,0,10.9162,0,10.2443,2.74004,2.166,0.85809,0.686465,0.481987,1.1352,72.254,27.746
X1/stratified__f0_s2,151,7.53893e-05,0,0,0.0547739,0.306475,1.04499,0.712792,0.945312,0.945312,0,40,0.699843,0.712773,0.703091,0.716336,0.722917,,,,,0,10.8426,0,10.2593,2.52173,2.01403,0.808403,0.650344,0.467581,1.08393,,
X1/stratified__f0_s2,152,7.26271e-05,0,0,0.0544724,0.3042,1.04416,0.715542,0.938281,0.938281,0,40,0.69868,0.716029,0.700883,0.719647,0.722917,,,,,0,9.64316,0,8.9922,2.40816,2.04326,0.819937,0.657669,0.472623,1.08026,,
X1/stratified__f0_s2,153,6.99117e-05,0,0,0.0541709,0.301925,1.031,0.706226,0.939063,0.939063,0,40,0.701997,0.714678,0.705298,0.718543,0.722917,,,,,0.00833333,9.32817,1,8.65698,2.79499,1.97208,0.794516,0.631673,0.448109,1.07568,,
X1/stratified__f0_s2,154,6.72436e-05,0,0,0.0538693,0.29965,1.04568,0.722707,0.935938,0.935938,0,40,0.703868,0.718897,0.707506,0.722958,0.722917,,,,,0,8.8617,0,8.13006,2.52268,2.08909,0.849254,0.685133,0.470901,1.07783,,
X1/stratified__f0_s2,155,6.46236e-05,0,0,0.0535678,0.297375,1.02361,0.707024,0.940625,0.940625,0,40,0.711688,0.71459,0.717439,0.717439,0.722917,,,,,0,9.19541,0,8.513,2.47561,2.05407,0.810106,0.646134,0.448327,1.0646,,
X1/stratified__f0_s2,156,6.20524e-05,0,0,0.0532663,0.2951,1.02484,0.707953,0.941406,0.941406,0,40,0.698593,0.713596,0.705298,0.716336,0.722917,,,,,0,9.37242,0,8.69962,2.49608,1.96845,0.819367,0.647678,0.450722,1.07383,,
X1/stratified__f0_s2,157,5.95306e-05,0,0,0.0529648,0.292825,0.996379,0.688529,0.944141,0.944141,0,40,0.706907,0.714337,0.710817,0.717439,0.722917,,,,,0,8.68942,0,7.99866,2.4782,1.96489,0.789239,0.628911,0.432496,1.05131,,
X1/stratified__f0_s2,158,5.70589e-05,0,0,0.0526633,0.29055,0.997065,0.69288,0.943359,0.943359,0,40,0.700689,0.710578,0.703091,0.714128,0.722917,,,,,0,10.2832,0,9.60862,2.67335,1.92585,0.805087,0.644009,0.435715,1.04693,,
X1/stratified__f0_s2,159,5.46379e-05,0,0,0.0523618,0.288275,0.982858,0.68153,0.944141,0.944141,0,40,0.708657,0.717526,0.711921,0.721854,0.722917,,,,,0,9.39072,0,8.77484,2.46137,1.84395,0.783545,0.619859,0.434135,1.04528,,
X1/stratified__f0_s2,160,5.22683e-05,0,0,0.0520603,0.286,0.982629,0.685412,0.948828,0.948828,0,40,0.701314,0.712851,0.706402,0.715232,0.722917,,,,,0,9.60573,0,9.00134,2.48604,1.84387,0.784429,0.616615,0.422822,1.03922,,
X1/stratified__f0_s2,161,4.99506e-05,0,0,0.0517588,0.283725,0.967872,0.677067,0.95,0.95,0,40,0.705747,0.715898,0.709713,0.718543,0.722917,,,,,0,10.2727,0,9.61237,2.56221,2.07741,0.799901,0.63327,0.42669,1.02496,,
X1/stratified__f0_s2,162,4.76856e-05,0,0,0.0514573,0.28145,0.96145,0.676763,0.944141,0.944141,0,40,0.705548,0.712644,0.709713,0.715232,0.722917,,,,,0,9.8159,0,9.00992,2.92828,2.02925,0.781029,0.616791,0.423263,1.0115,,
X1/stratified__f0_s2,163,4.54736e-05,0,0,0.0511558,0.279175,0.940238,0.661347,0.950391,0.950391,0,40,0.706462,0.711086,0.710817,0.714128,0.722917,,,,,0,8.53942,0,7.90472,2.3318,1.81415,0.754933,0.59041,0.408984,0.998983,,
X1/stratified__f0_s2,164,4.33155e-05,0,0,0.0508543,0.2769,0.952227,0.6729,0.940234,0.940234,0,40,0.709715,0.720756,0.715232,0.722958,0.722917,,,,,0,9.55145,0,8.91327,2.54162,1.89823,0.772144,0.603627,0.403812,1.00877,,
X1/stratified__f0_s2,165,4.12116e-05,0,0,0.0505528,0.274625,0.938342,0.664494,0.946094,0.946094,0,40,0.721472,0.712394,0.726269,0.715232,0.722917,,,,,0,8.88689,0,8.21539,2.54249,1.83024,0.78506,0.615414,0.392333,0.997171,,
X1/stratified__f0_s2,166,3.91625e-05,0,0,0.0502513,0.27235,0.956039,0.679919,0.940625,0.940625,0,40,0.700034,0.717232,0.701987,0.720751,0.722917,,,,,0,9.39572,0,8.71517,2.61753,1.8993,0.796992,0.61504,0.395509,1.01384,,
X1/stratified__f0_s2,167,3.71688e-05,0,0,0.0499497,0.270075,0.937126,0.663337,0.940625,0.940625,0,40,0.71082,0.711001,0.711921,0.714128,0.722917,,,,,0,8.90128,0,8.24,2.43143,1.91351,0.780343,0.619494,0.400248,1.01375,,
X1/stratified__f0_s2,168,3.5231e-05,0,0,0.0496482,0.2678,0.915522,0.651619,0.950391,0.950391,0,40,0.707431,0.72018,0.711921,0.722958,0.722917,,,,,0,10.0089,0,9.43116,2.51404,1.77772,0.755722,0.590683,0.386584,0.985446,,
X1/stratified__f0_s2,169,3.33496e-05,0,0,0.0493467,0.265525,0.9249,0.659556,0.945703,0.945703,0,40,0.713495,0.712835,0.718543,0.716336,0.722917,,,,,0,7.95185,0,7.28263,2.30257,1.85107,0.768844,0.59301,0.385721,0.999318,,
X1/stratified__f0_s2,170,3.15251e-05,0,0,0.0490452,0.26325,0.912071,0.653512,0.94375,0.94375,0,40,0.710436,0.71186,0.714128,0.716336,0.722917,,,,,0,8.831,0,8.19921,2.36503,1.93627,0.788148,0.612598,0.385703,0.982178,,
X1/stratified__f0_s2,171,2.97579e-05,0,0,0.0487437,0.260975,0.892818,0.639126,0.950391,0.950391,0,40,0.701133,0.713816,0.705298,0.717439,0.722917,,,,,0,8.47388,0,7.82999,2.30201,1.83092,0.746118,0.590091,0.379802,0.972093,,
X1/stratified__f0_s2,172,2.80486e-05,0,0,0.0484422,0.2587,0.87396,0.630848,0.954297,0.954297,0,40,0.701655,0.72248,0.706402,0.725166,0.722917,,,,,0.00833333,9.42995,0,8.7361,2.65249,1.79395,0.745278,0.59208,0.377295,0.939745,,
X1/stratified__f0_s2,173,2.63975e-05,0,0,0.0481407,0.256425,0.884002,0.634651,0.952344,0.952344,0,40,0.702684,0.717969,0.707506,0.720751,0.722917,,,,,0,8.6459,0,8.03622,2.30724,1.77868,0.750513,0.590436,0.36882,0.972411,,
X1/stratified__f0_s2,174,2.48051e-05,0,0,0.0478392,0.25415,0.879912,0.631084,0.953125,0.953125,0,40,0.704295,0.718055,0.708609,0.721854,0.722917,,,,,0,8.68516,0,7.98921,2.634,1.74031,0.748821,0.585733,0.371323,0.979059,,
X1/stratified__f0_s2,175,2.32718e-05,0,0,0.0475377,0.251875,0.864463,0.62231,0.953516,0.953516,0,40,0.712752,0.707958,0.717439,0.713024,0.722917,0.998,0.996,0.0653209,0.0735021,0,8.13324,0,7.53241,2.30409,1.67063,0.736857,0.571492,0.355706,0.961404,73.6063,26.3937
X1/stratified__f0_s2,176,2.1798e-05,0,0,0.0472362,0.25,0.879975,0.642351,0.943359,0.943359,0,40,0.708403,0.71246,0.711921,0.716336,0.722917,,,,,0,8.04636,0,7.39558,2.2779,1.83163,0.783369,0.607037,0.359536,0.950497,,
X1/stratified__f0_s2,177,2.0384e-05,0,0,0.0469347,0.25,0.842548,0.607783,0.960547,0.960547,0,40,0.710313,0.710665,0.713024,0.715232,0.722917,0.996,0.994,0.0680298,0.0736155,0,8.83509,0,8.26839,2.30133,1.74625,0.759952,0.593533,0.360501,0.939059,,
X2/no_morph__f0_s0,1,0.0002,1,0,0.1,0.646967,8.59946,5.68786,0.00948661,0.0106027,0,28,0.000788761,0.00181467,0.0126984,0.0142857,0.00181467,0.012,0.015,4.73913,4.76191,0.25,49.1187,7,42.2071,20.7299,10.8314,10.1641,2.79144,0.0921949,4.50038,0.0942289,99.9058
X2/no_morph__f0_s0,2,0.0003,1,0,0.0995973,0.643933,7.61903,4.72397,0.015625,0.0145089,0,28,0.00281775,0.00205433,0.0190476,0.0206349,0.00281775,0.022,0.021,4.45093,4.43867,0.333333,16.8184,0,11.4682,9.23706,3.87905,5.11593,2.26401,0.0990427,4.4959,1.35011,98.6499
X2/no_morph__f0_s0,3,0.0004,1,0,0.0991946,0.6409,7.29051,4.45098,0.0212054,0.0223214,0,28,0.0069361,0.00835563,0.0365079,0.0349206,0.00835563,0.035,0.038,4.13528,4.09324,0.22619,5.87411,0,1.91868,3.63224,1.80991,3.3439,2.25369,0.176306,4.43053,23.6003,76.3997
X2/no_morph__f0_s0,4,0.0005,1,0,0.0987919,0.637867,7.08514,4.36679,0.0223214,0.0362723,0,28,0.0147643,0.0218838,0.0444444,0.0460317,0.0218838,0.047,0.052,4.0005,3.97505,0.0238095,4.60137,0,1.65456,2.64536,1.32364,2.75955,2.33872,0.372303,4.26163,37.3277,62.6723
X2/no_morph__f0_s0,5,0.000499942,1,0,0.0983893,0.634833,6.89272,4.21837,0.0362723,0.0485491,0,28,0.0157466,0.0411215,0.0460317,0.0746032,0.0411215,0.074,0.076,3.84523,3.758,0.0238095,4.23815,0,1.21164,2.1952,1.75056,2.6778,2.38211,0.444676,4.21268,46.2705,53.7295
X2/no_morph__f0_s0,6,0.000499768,1,0,0.0979866,0.6318,6.78317,4.13332,0.0541295,0.0658482,0,28,0.0455053,0.0490163,0.1,0.0809524,0.0490163,0.095,0.079,3.70036,3.6627,0.0595238,4.28373,0,1.17331,2.09717,2.34665,2.36468,2.29897,0.425815,4.19413,41.7015,58.2985
X2/no_morph__f0_s0,7,0.000499477,1,0,0.0975839,0.628767,6.55563,3.98225,0.0457589,0.078125,0,28,0.062483,0.0724339,0.106349,0.112698,0.0724339,0.101,0.131,3.52548,3.48951,0.047619,4.24073,0,1.26193,1.93634,2.51329,2.24776,2.31062,0.48655,4.09274,37.2613,62.7388
X2/no_morph__f0_s0,8,0.000499071,1,0,0.0971812,0.625733,6.58179,4.00937,0.0357143,0.0842634,0,28,0.0649444,0.0755454,0.104762,0.122222,0.0755454,0.105,0.142,3.52893,3.42245,0.0357143,4.28827,0,1.36067,1.94535,2.54127,2.13685,2.30159,0.481359,4.11105,34.6201,65.3799
X2/no_morph__f0_s0,9,0.000498549,1,0,0.0967785,0.6227,6.44591,3.92375,0.0446429,0.0876116,0,28,0.0646839,0.0961752,0.106349,0.14127,0.0961752,0.121,0.156,3.48022,3.36693,0.0952381,4.52915,0,1.1305,1.71286,3.18584,2.09071,2.30207,0.510589,4.05037,35.1815,64.8185
X2/no_morph__f0_s0,10,0.000497912,1,0,0.0963758,0.619667,6.59697,4.03962,0.0541295,0.0920759,0,28,0.0468418,0.0806891,0.0920635,0.128571,0.0961752,,,,,0.0833333,4.51648,0,1.30987,1.86143,3.01917,1.95122,2.26683,0.492845,4.12698,,
X2/no_morph__f0_s0,11,0.000497159,1,0,0.0959732,0.616633,6.43254,3.92142,0.0664062,0.102679,0,28,0.0711531,0.101215,0.112698,0.142857,0.101215,0.136,0.18,3.34137,3.29611,0.0357143,3.89731,0,1.23176,1.6758,2.45516,1.92022,2.24256,0.471442,4.07231,39.6882,60.3118
X2/no_morph__f0_s0,12,0.000496291,1,0,0.0955705,0.6136,6.43835,3.9358,0.063058,0.107143,0,28,0.104851,0.11912,0.14127,0.163492,0.11912,0.147,0.191,3.3686,3.24234,0.119048,5.05481,0,1.12782,1.82724,3.92058,1.89042,2.21587,0.493296,4.07847,42.2108,57.7892
X2/no_morph__f0_s0,13,0.00049531,1,0,0.0951678,0.610567,6.17278,3.7486,0.0825893,0.133929,0,28,0.115763,0.133962,0.165079,0.17619,0.133962,0.201,0.22,3.1097,3.17622,0.130952,4.82647,0,1.29768,1.79565,3.64841,1.92426,2.22682,0.523576,3.97038,39.6712,60.3288
X2/no_morph__f0_s0,14,0.000494214,1,0,0.0947651,0.607533,6.30945,3.84079,0.0848214,0.128906,0,28,0.115031,0.116097,0.163492,0.165079,0.133962,,,,,0.0952381,4.51592,0,1.14698,1.65986,3.48868,1.75882,2.13571,0.495246,4.06342,,
X2/no_morph__f0_s0,15,0.000493004,1,0,0.0943624,0.6045,6.19066,3.76737,0.077567,0.150112,0,28,0.143921,0.159395,0.184127,0.201587,0.159395,0.195,0.236,3.19262,3.0733,0.214286,6.07814,0,1.44295,1.98393,4.99063,1.84653,2.24564,0.519473,4.00876,38.1036,61.8964
X2/no_morph__f0_s0,16,0.000491682,1,0,0.0939597,0.601467,6.00984,3.63466,0.0797991,0.159598,0,28,0.105491,0.160812,0.153968,0.204762,0.160812,0.191,0.241,3.05784,3.00749,0.238095,5.76074,0,1.21309,1.87138,4.85621,1.83347,2.20935,0.53978,3.94898,36.5293,63.4707
X2/no_morph__f0_s0,17,0.000490247,1,0,0.093557,0.598433,6.02206,3.66453,0.0904018,0.162946,0,28,0.159107,0.164779,0.192063,0.209524,0.164779,0.201,0.25,2.96115,2.94784,0.238095,6.49148,0,1.07508,1.60307,5.77984,1.80391,2.20732,0.545426,3.9395,36.8175,63.1825
X2/no_morph__f0_s0,18,0.000488701,1,0,0.0931544,0.5954,5.92832,3.59782,0.0803571,0.178013,0,28,0.148452,0.17054,0.193651,0.209524,0.17054,0.21,0.253,3.00786,2.91319,0.285714,8.16913,0,1.26651,1.80071,7.48556,1.86789,2.23791,0.561035,3.91417,40.3161,59.6839
X2/no_morph__f0_s0,19,0.000487044,1,0,0.0927517,0.592367,6.08705,3.71966,0.0898438,0.165179,0,28,0.136065,0.184904,0.187302,0.22381,0.184904,0.216,0.251,2.94869,2.87023,0.25,6.73403,0,1.15839,1.77158,6.03681,1.72123,2.17095,0.52038,3.9965,42.7452,57.2548
X2/no_morph__f0_s0,20,0.000485277,1,0,0.092349,0.589333,5.99214,3.64691,0.109933,0.166853,0,28,0.147796,0.172913,0.2,0.212698,0.184904,,,,,0.214286,6.74547,0,1.50279,2.08311,5.67021,1.70062,2.14961,0.514673,3.97947,,
X2/no_morph__f0_s0,21,0.000483401,1,0,0.0919463,0.5863,5.96206,3.63497,0.109375,0.177455,0,28,0.151974,0.178715,0.204762,0.226984,0.184904,,,,,0.309524,7.69319,0,1.65149,1.84074,6.8776,1.77107,2.20881,0.543365,3.9691,,
X2/no_morph__f0_s0,22,0.000481416,1,0,0.0915436,0.583267,5.86228,3.58266,0.101004,0.192522,0,28,0.15541,0.199852,0.206349,0.242857,0.199852,0.231,0.285,2.90835,2.73423,0.27381,6.94179,0,1.4479,1.86163,6.14328,1.75641,2.19242,0.522811,3.90838,41.6644,58.3356
X2/no_morph__f0_s0,23,0.000479324,1,0,0.0911409,0.580233,5.82762,3.56507,0.0848214,0.183036,0,28,0.214548,0.210397,0.269841,0.249206,0.214548,0.283,0.289,2.70041,2.70472,0.25,7.36373,0,1.48303,1.68458,6.65006,1.65476,2.14258,0.541882,3.89938,38.9148,61.0852
X2/no_morph__f0_s0,24,0.000477125,1,0,0.0907383,0.5772,5.79035,3.56621,0.0859375,0.206473,0,28,0.190421,0.217911,0.236508,0.260317,0.217911,0.248,0.304,2.81549,2.66596,0.321429,7.24115,0,2.21787,1.71685,6.30486,1.67502,2.12388,0.537133,3.85332,39.6074,60.3926
X2/no_morph__f0_s0,25,0.000474821,1,0,0.0903356,0.574167,5.70592,3.50721,0.117746,0.21317,0,28,0.2205,0.235898,0.268254,0.277778,0.235898,0.28,0.312,2.63723,2.60624,0.297619,7.9918,0,1.95582,1.81756,7.20393,1.70442,2.15036,0.564871,3.82939,43.1274,56.8726
X2/no_morph__f0_s0,26,0.000472412,1,0,0.0899329,0.571133,5.60484,3.45614,0.125558,0.215402,0,28,0.253193,0.249084,0.301587,0.3,0.253193,0.312,0.315,2.522,2.58896,0.333333,8.40702,0,2.68724,1.75021,7.33825,1.69347,2.18197,0.581008,3.76216,45.2791,54.7209
X2/no_morph__f0_s0,27,0.000469901,1,0,0.0895302,0.5681,5.34605,3.26725,0.117188,0.257812,0,28,0.257014,0.301996,0.3,0.344444,0.301996,0.337,0.339,2.45311,2.49214,0.321429,8.02005,0,2.29415,2.07305,6.97114,1.69818,2.05828,0.617857,3.65922,48.3158,51.6842
X2/no_morph__f0_s0,28,0.000467287,1,0,0.0891275,0.565067,5.49038,3.38238,0.175223,0.243304,0,28,0.304829,0.301271,0.333333,0.34127,0.304829,0.361,0.35,2.38775,2.43569,0.321429,8.68972,0,2.70315,1.80854,7.65028,1.70199,2.10366,0.61162,3.73053,41.924,58.076
X2/no_morph__f0_s0,29,0.000464572,1,0,0.0887248,0.562033,5.44597,3.363,0.146763,0.255022,0,28,0.261734,0.299714,0.301587,0.342857,0.304829,,,,,0.321429,9.36201,0,3.15774,1.88311,8.23332,1.64073,2.02598,0.611064,3.70614,,
X2/no_morph__f0_s0,30,0.000461758,1,0,0.0883221,0.559,5.33589,3.29233,0.0987723,0.25279,0,28,0.274446,0.29837,0.314286,0.344444,0.304829,,,,,0.333333,9.60116,0,3.52301,1.76202,8.32721,1.69825,2.06512,0.622354,3.65576,,
X2/no_morph__f0_s0,31,0.000458846,1,0,0.0879195,0.555967,5.23094,3.23123,0.164621,0.273996,0,28,0.235596,0.329824,0.274603,0.366667,0.329824,0.31,0.39,2.49922,2.29137,0.333333,9.95203,0,3.92994,2.00537,8.50126,1.67066,2.09015,0.650587,3.59682,45.0761,54.9239
X2/no_morph__f0_s0,32,0.000455836,1,0,0.0875168,0.552933,5.14822,3.16924,0.185268,0.289062,0,28,0.277307,0.334907,0.322222,0.373016,0.334907,0.357,0.398,2.3573,2.26247,0.333333,10.3045,0,3.68224,2.02202,8.88233,1.69437,2.02604,0.643053,3.57906,48.2462,51.7538
X2/no_morph__f0_s0,33,0.000452732,1,0,0.0871141,0.5499,5.35722,3.33039,0.179688,0.275112,0,28,0.299417,0.342183,0.346032,0.379365,0.342183,0.369,0.402,2.24356,2.22755,0.309524,8.58497,1,2.97506,1.93876,7.42348,1.63204,2.07548,0.638793,3.6858,45.3252,54.6748
X2/no_morph__f0_s0,34,0.000449533,1,0,0.0867114,0.546867,5.24312,3.26861,0.162946,0.276228,0,28,0.311109,0.352868,0.346032,0.390476,0.352868,0.357,0.411,2.22126,2.18844,0.333333,10.2093,0,3.4425,1.92638,9.04366,1.66503,2.10768,0.636694,3.61058,46.7848,53.2152
X2/no_morph__f0_s0,35,0.000446242,1,0,0.0863087,0.543833,5.18002,3.23021,0.123326,0.264509,0,28,0.30144,0.332441,0.34127,0.371429,0.352868,,,,,0.333333,11.2442,0,5.04367,2.12525,9.07654,1.69104,2.1104,0.67248,3.58531,,
X2/no_morph__f0_s0,36,0.00044286,1,0,0.085906,0.5408,5.12772,3.20202,0.189732,0.308594,0,28,0.270732,0.362455,0.303175,0.4,0.362455,0.347,0.422,2.28886,2.16896,0.333333,10.7122,0,3.56679,2.07365,9.28205,1.63249,2.04469,0.642178,3.56084,48.0242,51.9757
X2/no_morph__f0_s0,37,0.000439388,1,0,0.0855034,0.537767,4.91643,3.04852,0.157924,0.318638,0,28,0.336774,0.361408,0.369841,0.401587,0.362455,,,,,0.333333,11.689,0,3.199,1.82267,10.7203,1.66406,2.04076,0.646321,3.47346,,
X2/no_morph__f0_s0,38,0.000435829,1,0,0.0851007,0.534733,4.83739,3.0061,0.129464,0.333147,0,28,0.342163,0.364701,0.374603,0.401587,0.364701,0.38,0.421,2.13252,2.09208,0.333333,12.2645,0,3.41561,2.05591,11.1731,1.68084,1.97956,0.665947,3.42469,49.2498,50.7502
X2/no_morph__f0_s0,39,0.000432184,1,0,0.084698,0.5317,5.1604,3.25554,0.198103,0.306362,0,28,0.326516,0.370708,0.357143,0.407937,0.370708,0.392,0.432,2.11496,2.05349,0.321429,10.5529,0,3.4818,1.93117,9.42421,1.67718,2.09309,0.643529,3.58259,47.3507,52.6493
X2/no_morph__f0_s0,40,0.000428454,1,0,0.0842953,0.528667,4.9301,3.07978,0.131696,0.320871,0,28,0.320386,0.35311,0.368254,0.388889,0.370708,,,,,0.333333,10.0326,0,4.51787,2.08347,8.25002,1.64133,2.0131,0.632657,3.49999,,
X2/no_morph__f0_s0,41,0.000424642,1,0,0.0838926,0.525633,4.97074,3.11677,0.248884,0.336496,0,28,0.306605,0.386523,0.350794,0.411111,0.386523,0.382,0.447,2.26849,2.04062,0.333333,11.3573,0,5.65817,2.38843,8.69696,1.61419,1.98666,0.647357,3.52712,46.1937,53.8063
X2/no_morph__f0_s0,42,0.000420749,1,0,0.0834899,0.5226,4.97772,3.13483,0.180246,0.319754,0,28,0.336918,0.415327,0.371429,0.444444,0.415327,0.397,0.456,2.11553,1.98306,0.321429,10.1412,0,4.35665,2.11926,8.39299,1.59587,2.01958,0.632561,3.52638,52.0065,47.9935
X2/no_morph__f0_s0,43,0.000416777,1,0,0.0830872,0.519567,4.80363,3.03168,0.205915,0.333147,0,28,0.38787,0.416182,0.430159,0.447619,0.416182,0.461,0.464,1.94939,1.92739,0.333333,10.3123,0,3.83323,2.0469,8.88782,1.65194,2.01528,0.643022,3.41044,49.6985,50.3015
X2/no_morph__f0_s0,44,0.000412728,1,0,0.0826846,0.516533,4.62204,2.89106,0.199777,0.383371,0,28,0.36766,0.410758,0.4,0.436508,0.416182,,,,,0.333333,12.6222,0,4.58725,2.33494,11.1911,1.66929,2.00963,0.686848,3.35116,,
X2/no_morph__f0_s0,45,0.000408604,1,0,0.0822819,0.5135,4.71419,2.97172,0.248884,0.34933,0,28,0.317269,0.42612,0.346032,0.452381,0.42612,0.38,0.473,2.11915,1.88833,0.333333,10.5301,0,4.36796,2.27612,8.8272,1.67157,1.99943,0.670395,3.39333,53.2277,46.7723
X2/no_morph__f0_s0,46,0.000404406,1,0,0.0818792,0.510467,4.49798,2.81414,0.175781,0.388951,0,28,0.39859,0.445989,0.431746,0.469841,0.445989,0.478,0.504,1.87281,1.83919,0.333333,10.4268,0,5.24561,2.44454,8.33326,1.64639,1.93423,0.675326,3.29863,55.4186,44.5814
X2/no_morph__f0_s0,47,0.000400137,1,0,0.0814765,0.507433,4.65164,2.9497,0.22433,0.377232,0,28,0.413532,0.424407,0.442857,0.452381,0.445989,,,,,0.333333,10.9124,0,4.28893,2.26022,9.40289,1.62383,1.96053,0.66432,3.35401,,
X2/no_morph__f0_s0,48,0.000395799,1,0,0.0810738,0.5044,4.36903,2.75,0.231585,0.406808,0,28,0.348711,0.415102,0.388889,0.446032,0.445989,,,,,0.333333,13.305,0,6.17549,2.67437,10.7695,1.67568,1.9828,0.713158,3.20982,,
X2/no_morph__f0_s0,49,0.000391394,1,0,0.0806711,0.501367,4.74969,3.03769,0.195313,0.345424,0,28,0.360736,0.404957,0.398413,0.438095,0.445989,,,,,0.333333,10.8609,0,5.76564,2.46537,8.14909,1.60372,1.96199,0.650108,3.41468,,
X2/no_morph__f0_s0,50,0.000386923,1,0,0.0802685,0.498333,4.3317,2.74113,0.226563,0.402902,0,28,0.334829,0.453407,0.369841,0.480952,0.453407,0.404,0.525,2.04081,1.73532,0.333333,11.3248,0,5.29221,2.33736,9.37872,1.61251,1.89237,0.680134,3.19178,54.1699,45.8301
X2/no_morph__f0_s0,51,0.000382389,1,0,0.0798658,0.4953,4.63896,2.97901,0.195313,0.354353,0,28,0.301698,0.445344,0.344444,0.471429,0.453407,,,,,0.333333,11.0373,0,4.87996,2.28869,9.12239,1.61256,1.94865,0.665169,3.35141,,
X2/no_morph__f0_s0,52,0.000377795,1,0,0.0794631,0.492267,4.41521,2.82769,0.203683,0.385045,0,28,0.400525,0.463979,0.42381,0.488889,0.463979,0.474,0.55,1.86894,1.66581,0.333333,12.0609,0,5.55911,2.25005,10.1002,1.60618,1.9247,0.667031,3.22494,55.5123,44.4877
X2/no_morph__f0_s0,53,0.000373141,1,0,0.0790604,0.489233,4.44141,2.85139,0.24721,0.398996,0,28,0.318842,0.459136,0.349206,0.484127,0.463979,,,,,0.333333,11.9619,0,5.34902,2.47783,9.97214,1.58106,1.90227,0.657716,3.25001,,
X2/no_morph__f0_s0,54,0.000368431,1,0,0.0786577,0.4862,4.58879,2.95856,0.226563,0.364397,0,28,0.427146,0.462347,0.455556,0.484127,0.463979,,,,,0.333333,10.818,0,5.35055,2.30758,8.74395,1.56758,1.89399,0.633172,3.353,,
X2/no_morph__f0_s0,55,0.000363667,1,0,0.078255,0.483167,4.16336,2.64681,0.220982,0.407366,0,28,0.439101,0.489256,0.452381,0.509524,0.489256,0.526,0.576,1.65031,1.59219,0.333333,11.4832,0,5.27259,2.47388,9.5634,1.59452,1.86862,0.681995,3.13878,56.2315,43.7685
X2/no_morph__f0_s0,56,0.00035885,1,0,0.0778523,0.480133,4.39352,2.83932,0.257812,0.384487,0,28,0.393945,0.499603,0.426984,0.515873,0.499603,0.499,0.58,1.73585,1.56461,0.333333,12.2557,0,6.15001,2.5534,9.62003,1.59317,1.86958,0.667747,3.23702,55.9001,44.0999
X2/no_morph__f0_s0,57,0.000353983,1,0,0.0774497,0.4771,4.5897,2.98603,0.128348,0.366629,0,28,0.365618,0.478426,0.396825,0.5,0.499603,,,,,0.333333,10.0209,0,5.25927,2.07418,7.82753,1.55784,1.92145,0.636911,3.3613,,
X2/no_morph__f0_s0,58,0.000349069,1,0,0.077047,0.474067,4.20799,2.7119,0.197545,0.419643,0,28,0.395112,0.497832,0.420635,0.519048,0.499603,,,,,0.333333,10.5671,0,5.25256,2.31036,8.29549,1.58032,1.8526,0.678545,3.15588,,
X2/no_morph__f0_s0,59,0.000344109,1,0,0.0766443,0.471033,4.18699,2.71099,0.257254,0.426897,0,28,0.432637,0.498378,0.469841,0.522222,0.499603,,,,,0.333333,12.821,0,6.62857,2.52882,10.2599,1.58733,1.88369,0.677272,3.13353,,
X2/no_morph__f0_s0,60,0.000339107,1,0,0.0762416,0.468,4.35145,2.83575,0.272321,0.40904,0,28,0.44838,0.489735,0.480952,0.515873,0.499603,,,,,0.333333,10.0155,0,6.26784,2.16074,6.99046,1.54828,1.90047,0.67015,3.23867,,
X2/no_morph__f0_s0,61,0.000334063,1,0,0.0758389,0.464967,4.37015,2.85852,0.209821,0.415179,0,28,0.420172,0.495281,0.450794,0.522222,0.499603,,,,,0.333333,10.1793,0,6.05324,2.41464,7.24268,1.50759,1.87815,0.648386,3.25106,,
X2/no_morph__f0_s0,62,0.000328982,1,0,0.0754362,0.461933,4.02588,2.60687,0.162388,0.447545,0,28,0.42043,0.509149,0.452381,0.530159,0.509149,0.529,0.605,1.59274,1.46112,0.333333,11.0199,0,6.72134,2.62714,7.87744,1.52197,1.82622,0.666108,3.07191,56.4329,43.5671
X2/no_morph__f0_s0,63,0.000323864,1,0,0.0750336,0.4589,3.99679,2.58847,0.272321,0.459263,0,28,0.48995,0.493543,0.512698,0.514286,0.509149,,,,,0.333333,12.3333,0,6.5916,2.35062,9.68668,1.53729,1.80639,0.667344,3.0689,,
X2/no_morph__f0_s0,64,0.000318713,1,0,0.0746309,0.455867,4.00364,2.60949,0.236607,0.464286,0,28,0.420352,0.502056,0.446032,0.525397,0.509149,,,,,0.321429,10.3313,0,5.60395,2.1673,7.96016,1.51257,1.78788,0.644423,3.05824,,
X2/no_morph__f0_s0,65,0.000313531,1,0,0.0742282,0.452833,4.18184,2.74659,0.284598,0.465402,0,28,0.468762,0.516789,0.501587,0.538095,0.516789,0.571,0.622,1.56011,1.40276,0.333333,10.9286,0,5.8462,2.28668,8.42511,1.45256,1.78813,0.63293,3.16949,56.0694,43.9306
X2/no_morph__f0_s0,66,0.000308321,1,0,0.0738255,0.4498,4.1004,2.69455,0.233817,0.425781,0,28,0.501304,0.485693,0.530159,0.511111,0.516789,,,,,0.333333,11.4996,0,6.63632,2.26897,8.59503,1.53179,1.80474,0.633923,3.12551,,
X2/no_morph__f0_s0,67,0.000303084,1,0,0.0734228,0.446767,4.01189,2.63391,0.337612,0.475446,0,28,0.493624,0.506596,0.520635,0.528571,0.516789,,,,,0.333333,10.741,0,6.33343,2.14312,7.82595,1.47755,1.7303,0.637398,3.08434,,
X2/no_morph__f0_s0,68,0.000297823,1,0,0.0730201,0.443733,4.02908,2.66299,0.173549,0.451451,0,28,0.40091,0.506746,0.434921,0.528571,0.516789,,,,,0.333333,10.1299,0,5.82427,2.36755,7.544,1.51258,1.77286,0.648658,3.07863,,
X2/no_morph__f0_s0,69,0.000292541,1,0,0.0726174,0.4407,3.90638,2.57122,0.19029,0.470424,0,28,0.450941,0.518397,0.474603,0.534921,0.518397,0.544,0.622,1.50132,1.36707,0.333333,11.9391,0,6.53194,2.43027,9.30659,1.55765,1.79544,0.655335,3.02965,57.091,42.909
X2/no_morph__f0_s0,70,0.00028724,1,0,0.0722148,0.437667,4.17645,2.77807,0.263951,0.444196,0,28,0.474216,0.513983,0.5,0.54127,0.518397,,,,,0.333333,10.9798,0,6.68402,2.50157,7.79302,1.50104,1.84356,0.629055,3.19507,,
X2/no_morph__f0_s0,71,0.000281923,1,0,0.0718121,0.434633,3.96924,2.64187,0.248326,0.461496,0,28,0.496741,0.52221,0.522222,0.542857,0.52221,0.623,0.643,1.40812,1.35795,0.333333,12.0249,0,5.82303,2.26957,9.76663,1.53665,1.80992,0.633601,3.054,55.9138,44.0862
X2/no_morph__f0_s0,72,0.000276592,1,0,0.0714094,0.4316,4.02678,2.68651,0.229353,0.458705,0,28,0.457162,0.527689,0.490476,0.553968,0.527689,0.601,0.645,1.44185,1.32967,0.333333,12.2239,0,6.49056,2.36218,9.55265,1.51386,1.83157,0.619382,3.10535,59.8648,40.1352
X2/no_morph__f0_s0,73,0.00027125,1,0,0.0710067,0.428567,3.89186,2.60116,0.178571,0.470982,0,28,0.51697,0.535385,0.539683,0.552381,0.535385,0.65,0.646,1.26346,1.30162,0.333333,9.84099,0,5.29087,2.20494,7.66783,1.48409,1.75103,0.622061,3.01168,59.779,40.221
X2/no_morph__f0_s0,74,0.000265899,1,0,0.070604,0.425533,3.74686,2.49409,0.304129,0.483259,0,28,0.481469,0.52665,0.512698,0.550794,0.535385,,,,,0.333333,10.6294,0,5.68286,2.23288,8.26952,1.51229,1.77351,0.637737,2.944,,
X2/no_morph__f0_s0,75,0.000260542,1,0,0.0702013,0.4225,3.82605,2.55768,0.19308,0.459821,0,28,0.449699,0.530401,0.47619,0.553968,0.535385,0.557,0.645,1.49332,1.31476,0.333333,11.4563,0,7.0786,2.67834,7.91631,1.52298,1.7821,0.630614,3.00206,56.119,43.881
X2/no_morph__f0_s0,76,0.000255181,1,0,0.0697987,0.419467,3.95226,2.67004,0.198103,0.469308,0,28,0.425666,0.512549,0.45873,0.538095,0.535385,,,,,0.333333,10.4377,0,5.70425,2.10602,8.07349,1.46976,1.73794,0.60019,3.0568,,
X2/no_morph__f0_s0,77,0.000249819,1,0,0.069396,0.416433,3.90095,2.62719,0.206473,0.46596,0,28,0.488651,0.523532,0.515873,0.549206,0.535385,,,,,0.333333,11.5606,0,6.1009,2.30087,8.91538,1.49951,1.79699,0.620861,3.05874,,
X2/no_morph__f0_s0,78,0.000244458,1,0,0.0689933,0.4134,3.90957,2.64514,0.206473,0.483817,0,28,0.447139,0.503122,0.471429,0.533333,0.535385,,,,,0.333333,10.9182,0,6.36762,2.29482,8.09614,1.45663,1.74958,0.593919,3.05859,,
X2/no_morph__f0_s0,79,0.000239101,1,0,0.0685906,0.410367,3.95231,2.68778,0.214286,0.458705,0,28,0.475093,0.533245,0.507937,0.557143,0.535385,,,,,0.333333,10.734,0,6.98841,2.40641,7.31282,1.44291,1.74408,0.597071,3.08146,,
X2/no_morph__f0_s0,80,0.00023375,1,0,0.0681879,0.407333,3.74356,2.53513,0.28125,0.49721,0,28,0.487243,0.531696,0.520635,0.553968,0.535385,,,,,0.333333,11.2571,0,6.4928,2.31216,8.35273,1.48671,1.74173,0.614483,2.96669,,
X2/no_morph__f0_s0,81,0.000228408,1,0,0.0677852,0.4043,3.54474,2.3961,0.313616,0.501116,0,28,0.437003,0.507701,0.461905,0.534921,0.535385,,,,,0.333333,10.8645,0,6.74958,2.46555,7.76548,1.48053,1.68922,0.606159,2.84107,,
X2/no_morph__f0_s0,82,0.000223077,1,0,0.0673826,0.401267,3.7139,2.52326,0.323103,0.501116,0,28,0.48306,0.510024,0.507937,0.538095,0.535385,,,,,0.333333,11.2226,0,6.75494,2.30699,8.13,1.46646,1.71925,0.582611,2.96721,,
X2/no_morph__f0_s0,83,0.00021776,1,0,0.0669799,0.398233,3.74861,2.56159,0.299665,0.502232,0,28,0.489942,0.535689,0.515873,0.55873,0.535689,0.656,0.692,1.28733,1.18,0.333333,10.1799,0,5.35735,2.18125,7.92182,1.46355,1.7326,0.588573,2.98071,59.4148,40.5852
X2/no_morph__f0_s0,84,0.000212459,1,0,0.0665772,0.3952,3.63525,2.48539,0.318638,0.506138,0,28,0.465253,0.510952,0.498413,0.538095,0.535689,,,,,0.333333,10.9739,0,6.35605,2.5278,8.12264,1.49053,1.7358,0.597774,2.90957,,
X2/no_morph__f0_s0,85,0.000207177,1,0,0.0661745,0.392167,3.37684,2.285,0.272321,0.559152,0,28,0.555957,0.546875,0.571429,0.565079,0.555957,0.691,0.687,1.16979,1.18439,0.333333,10.5397,0,5.79758,2.32114,8.1708,1.43757,1.64567,0.600444,2.78412,59.1864,40.8136
X2/no_morph__f0_s0,86,0.000201916,1,0,0.0657718,0.389133,3.41423,2.332,0.268973,0.52567,0,28,0.507315,0.544682,0.534921,0.566667,0.555957,,,,,0.333333,10.7171,0,6.43991,2.35582,7.84703,1.49179,1.66641,0.605403,2.78113,,
X2/no_morph__f0_s0,87,0.000196679,1,0,0.0653691,0.3861,3.81516,2.64612,0.188616,0.47433,0,28,0.512413,0.535935,0.534921,0.560317,0.555957,,,,,0.333333,11.1498,0,6.74066,2.42772,8.07887,1.4647,1.74378,0.55894,3.02781,,
X2/no_morph__f0_s0,88,0.000191469,1,0,0.0649664,0.383067,3.41698,2.34343,0.318638,0.530134,0,28,0.51795,0.545938,0.546032,0.569841,0.555957,,,,,0.333333,10.4984,0,5.89889,2.25311,8.0496,1.47963,1.68474,0.575695,2.8025,,
X2/no_morph__f0_s0,89,0.000186287,1,0,0.0645638,0.380033,3.64873,2.52837,0.246094,0.487723,0,28,0.5114,0.538626,0.546032,0.563492,0.555957,,,,,0.333333,11.5821,0,6.57043,2.29981,8.83239,1.51419,1.74862,0.567117,2.94805,,
X2/no_morph__f0_s0,90,0.000181136,1,0,0.0641611,0.377,3.03283,2.06498,0.239955,0.599888,0,28,0.469241,0.561156,0.493651,0.584127,0.561156,0.608,0.703,1.31141,1.08345,0.333333,11.6567,0,7.70536,2.68512,7.87544,1.49468,1.61569,0.610432,2.56724,62.4694,37.5306
X2/no_morph__f0_s0,91,0.000176018,1,0,0.0637584,0.373967,3.36703,2.32917,0.329799,0.558594,0,28,0.511191,0.562693,0.530159,0.587302,0.562693,0.676,0.702,1.16766,1.10438,0.333333,10.7641,0,6.82011,2.41223,7.46441,1.4355,1.63681,0.56234,2.77529,59.7286,40.2714
X2/no_morph__f0_s0,92,0.000170937,1,0,0.0633557,0.370933,3.25824,2.25399,0.257812,0.553571,0,28,0.559331,0.560752,0.58254,0.584127,0.562693,,,,,0.333333,11.0219,0,6.72565,2.51115,7.95202,1.47661,1.62903,0.575605,2.70734,,
X2/no_morph__f0_s0,93,0.000165893,1,0,0.062953,0.3679,3.36952,2.34438,0.269531,0.563058,0,28,0.525592,0.564793,0.552381,0.588889,0.564793,0.704,0.712,1.11122,1.10446,0.333333,11.8395,0,7.06529,2.54243,8.59943,1.46155,1.62201,0.552642,2.78648,60.6009,39.3991
X2/no_morph__f0_s0,94,0.000160891,1,0,0.0625503,0.364867,3.4593,2.42829,0.277344,0.539621,0,28,0.552584,0.55946,0.577778,0.584127,0.564793,,,,,0.333333,11.6542,0,6.1839,2.54751,8.96932,1.44635,1.63135,0.544373,2.82573,,
X2/no_morph__f0_s0,95,0.000155931,1,0,0.0621477,0.361833,3.60219,2.5413,0.264509,0.530692,0,28,0.543171,0.559113,0.565079,0.58254,0.564793,,,,,0.321429,9.76341,0,6.0604,2.17686,6.94377,1.43095,1.6499,0.53898,2.93198,,
X2/no_morph__f0_s0,96,0.000151017,1,0,0.061745,0.3588,3.33757,2.34306,0.285714,0.537946,0,28,0.525615,0.558931,0.542857,0.584127,0.564793,,,,,0.333333,11.0801,0,6.71203,2.49696,7.99469,1.48062,1.64772,0.547509,2.77179,,
X2/no_morph__f0_s0,97,0.00014615,1,0,0.0613423,0.355767,3.21361,2.25441,0.238281,0.574219,0,28,0.537636,0.553295,0.560317,0.577778,0.564793,,,,,0.333333,10.8378,0,6.52773,2.37476,7.96542,1.43425,1.58817,0.541736,2.69615,,
X2/no_morph__f0_s0,98,0.000141333,1,0,0.0609396,0.352733,3.2753,2.31403,0.265625,0.560268,0,28,0.539524,0.536274,0.565079,0.563492,0.564793,,,,,0.333333,11.3858,0,6.51508,2.45069,8.584,1.45548,1.61848,0.540689,2.72519,,
X2/no_morph__f0_s0,99,0.000136569,1,0,0.0605369,0.3497,3.47219,2.47072,0.301897,0.53404,0,28,0.543263,0.55414,0.571429,0.579365,0.564793,,,,,0.333333,11.2742,0,6.84706,2.31175,8.07777,1.43784,1.64355,0.51963,2.86378,,
X2/no_morph__f0_s0,100,0.000131859,1,0,0.0601342,0.346667,3.53691,2.5262,0.310826,0.52846,0,28,0.503701,0.55461,0.533333,0.580952,0.564793,0.681,0.737,1.21777,1.0352,0.333333,9.37923,0,5.47329,2.28869,6.89899,1.42495,1.68358,0.525861,2.91551,62.7151,37.2849
X2/no_morph__f0_s0,101,0.000127205,1,0,0.0597315,0.343633,3.42749,2.4492,0.256138,0.542969,0,28,0.534161,0.561895,0.55873,0.584127,0.564793,,,,,0.333333,10.9218,0,6.01942,2.17532,8.42661,1.40676,1.60668,0.510602,2.84688,,
X2/no_morph__f0_s0,102,0.000122611,1,0,0.0593289,0.3406,3.12791,2.22453,0.269531,0.597656,0,28,0.526691,0.556626,0.553968,0.580952,0.564793,,,,,0.333333,11.3341,0,6.79467,2.46673,8.15666,1.41814,1.56225,0.516102,2.65233,,
X2/no_morph__f0_s0,103,0.000118077,1,0,0.0589262,0.337567,3.44651,2.4757,0.320871,0.545759,0,28,0.553898,0.572893,0.57619,0.593651,0.572893,0.743,0.745,1.00514,0.978695,0.333333,9.45084,0,5.25633,2.13112,7.30987,1.39109,1.59653,0.504981,2.87589,64.2349,35.765
X2/no_morph__f0_s0,104,0.000113606,1,0,0.0585235,0.334533,3.04253,2.16843,0.309152,0.605469,0,28,0.578215,0.558875,0.588889,0.580952,0.578215,0.766,0.75,0.898505,0.936721,0.333333,10.3425,0,6.27497,2.38899,7.44893,1.43301,1.56575,0.518805,2.61292,64.238,35.762
X2/no_morph__f0_s0,105,0.000109201,1,0,0.0581208,0.3315,3.18024,2.27777,0.330915,0.577567,0,28,0.585401,0.552268,0.598413,0.57619,0.585401,0.768,0.729,0.911577,0.998318,0.333333,11.093,0,6.75903,2.46521,7.93184,1.43073,1.55781,0.509443,2.72238,63.1748,36.8252
X2/no_morph__f0_s0,106,0.000104863,1,0,0.0577181,0.328467,2.89459,2.06591,0.277344,0.616629,0,28,0.564256,0.560786,0.58254,0.584127,0.585401,,,,,0.333333,11.0636,0,7.31333,2.61714,7.41261,1.4329,1.50189,0.509055,2.5229,,
X2/no_morph__f0_s0,107,0.000100594,1,0,0.0573154,0.325433,2.98103,2.13948,0.407924,0.604353,0,28,0.563137,0.564257,0.577778,0.584127,0.585401,,,,,0.333333,10.835,0,7.20145,2.65638,7.26453,1.44107,1.52866,0.503035,2.58593,,
X2/no_morph__f0_s0,108,9.63962e-05,1,0,0.0569128,0.3224,2.9081,2.09113,0.294643,0.606027,0,28,0.566977,0.556664,0.585714,0.580952,0.585401,,,,,0.333333,11.3251,0,6.99419,2.52713,8.17279,1.45057,1.51868,0.493405,2.53401,,
X2/no_morph__f0_s0,109,9.22719e-05,1,0,0.0565101,0.319367,3.05103,2.20525,0.294085,0.573661,0,28,0.578762,0.560185,0.598413,0.584127,0.585401,,,,,0.333333,10.5546,0,6.50218,2.46621,7.5734,1.4839,1.61991,0.505229,2.64832,,
X2/no_morph__f0_s0,110,8.82228e-05,1,0,0.0561074,0.316333,3.07364,2.22813,0.28125,0.594308,0,28,0.58433,0.562127,0.606349,0.584127,0.585401,,,,,0.333333,11.1646,0,6.76643,2.5564,8.04259,1.44415,1.53208,0.475405,2.67283,,
X2/no_morph__f0_s0,111,8.42509e-05,0,0,0.0557047,0.3133,2.08288,1.44472,0.671317,0.671317,0,28,0.604418,0.577985,0.614286,0.593651,0.604418,0.782,0.764,0.742742,0.873863,0.333333,11.5357,0,7.51164,2.77859,7.89143,1.48995,1.39733,0.526513,2.03689,67.3401,32.6599
X2/no_morph__f0_s0,112,8.03579e-05,0,0.0020458,0.055302,0.310267,2.07652,1.45262,0.683594,0.676339,0,28,0.573699,0.575797,0.595238,0.593651,0.604418,,,,,0.333333,13.8531,0,9.43923,3.18098,9.16982,1.59034,1.44672,0.529466,2.01085,,
X2/no_morph__f0_s0,113,7.65457e-05,0,0.00812741,0.0548993,0.307233,2.14196,1.52519,0.694196,0.637835,0,28,0.606988,0.582829,0.614286,0.598413,0.606988,0.795,0.773,0.683848,0.834431,0.333333,13.1555,0,8.25209,3.12706,9.27555,1.61494,1.43957,0.524276,2.00749,68.8475,31.1525
X2/no_morph__f0_s0,114,7.28161e-05,0,0.0180789,0.0544966,0.3042,2.26488,1.66195,0.689732,0.588728,0,28,0.591289,0.579186,0.6,0.595238,0.606988,,,,,0.333333,15.3161,0,9.74323,3.51091,10.7598,1.78071,1.53155,0.517458,1.98204,,
X2/no_morph__f0_s0,115,6.91709e-05,0,0.0316289,0.054094,0.301167,2.38562,1.79896,0.696429,0.525112,0,28,0.564214,0.588405,0.577778,0.601587,0.606988,,,,,0.333333,16.3863,0,9.96289,3.81585,11.9369,1.99493,1.64356,0.51803,1.94795,,
X2/no_morph__f0_s0,116,6.56117e-05,0,0.0484078,0.0536913,0.298133,2.6535,2.07516,0.704241,0.474888,0,28,0.586587,0.593252,0.6,0.606349,0.606988,,,,,0.333333,17.3872,0,10.6724,4.20337,12.5279,2.18024,1.73734,0.496928,1.93988,,
X2/no_morph__f0_s0,117,6.21402e-05,0,0.0679578,0.0532886,0.2951,2.93675,2.35997,0.715402,0.40625,0,28,0.585859,0.592151,0.598413,0.606349,0.606988,,,,,0.333333,20.5884,0,12.3974,4.86027,15.1087,2.47686,1.84554,0.496737,1.95455,,
X2/no_morph__f0_s0,118,5.87581e-05,0,0.0897457,0.0528859,0.292067,3.38515,2.81686,0.708705,0.330915,0,28,0.579627,0.58766,0.6,0.601587,0.606988,,,,,0.333333,23.9778,0,15.1304,5.66181,16.8089,2.88006,2.04562,0.510937,1.94576,,
X2/no_morph__f0_s0,119,5.5467e-05,0,0.113177,0.0524832,0.289033,3.84362,3.29082,0.692522,0.275112,0,28,0.577004,0.594683,0.585714,0.607937,0.606988,,,,,0.333333,25.4149,0,15.3653,6.36025,18.5766,3.18366,2.10906,0.488549,1.91257,,
X2/no_morph__f0_s0,120,5.22683e-05,0,0.137613,0.0520805,0.286,4.23188,3.68324,0.705357,0.261719,0,28,0.583574,0.584086,0.607937,0.6,0.606988,,,,,0.333333,28.9798,0,18.1135,6.84332,20.8645,3.42307,2.19154,0.481311,1.91833,,
X2/no_morph__f0_s0,121,4.91636e-05,0,0.162387,0.0516779,0.282967,4.68784,4.15439,0.717076,0.205357,0,28,0.595315,0.588836,0.607937,0.603175,0.606988,,,,,0.333333,31.9916,0,19.5582,7.38009,23.2879,3.73722,2.23847,0.480085,1.88521,,
X2/no_morph__f0_s0,122,4.61544e-05,0,0.186823,0.0512752,0.279933,5.28414,4.74966,0.69308,0.183594,0,28,0.584857,0.583382,0.6,0.598413,0.606988,,,,,0.333333,33.8541,0,20.7656,8.50659,24.1495,4.04263,2.32294,0.467153,1.90929,,
X2/no_morph__f0_s0,123,4.3242e-05,0,0.210254,0.0508725,0.2769,5.71238,5.18437,0.691406,0.164062,0,28,0.5818,0.588531,0.603175,0.604762,0.606988,,,,,0.333333,34.9083,0,20.537,8.28945,25.9863,4.19775,2.35581,0.459871,1.90684,,
X2/no_morph__f0_s0,124,4.04278e-05,0,0.232042,0.0504698,0.273867,6.09024,5.5645,0.698661,0.149554,0,28,0.575776,0.595324,0.595238,0.612698,0.606988,,,,,0.321429,39.6333,1,22.8214,9.02706,30.1129,4.405,2.37348,0.453878,1.91969,,
X2/no_morph__f0_s0,125,3.77132e-05,0,0.251592,0.0500671,0.270833,6.47669,5.95681,0.704799,0.137835,0,28,0.579709,0.602865,0.601587,0.61746,0.606988,0.804,0.807,0.617168,0.611385,0.333333,38.9297,0,23.1324,9.19871,29.0982,4.59039,2.43958,0.461361,1.91956,73.405,26.595
X2/no_morph__f0_s0,126,3.50995e-05,0,0.268371,0.0496644,0.2678,6.68854,6.18844,0.709821,0.13058,0,28,0.594095,0.59032,0.611111,0.607937,0.606988,,,,,0.333333,40.5934,0,25.5498,9.38313,28.7776,4.63478,2.40715,0.443526,1.86742,,
X2/no_morph__f0_s0,127,3.25877e-05,0,0.281921,0.0492617,0.264767,6.96409,6.45863,0.703683,0.131696,0,28,0.584249,0.598286,0.604762,0.612698,0.606988,,,,,0.333333,42.9711,0,25.4477,10.6225,31.6987,4.7673,2.43041,0.442566,1.90909,,
X2/no_morph__f0_s0,128,3.01792e-05,0,0.291873,0.0488591,0.261733,7.07638,6.5769,0.702567,0.12221,0,28,0.578557,0.59441,0.6,0.611111,0.606988,,,,,0.333333,40.5832,0,24.2044,10.0621,29.9132,4.83209,2.44417,0.438105,1.90837,,
X2/no_morph__f0_s0,129,2.78751e-05,0,0.297954,0.0484564,0.2587,7.25559,6.76857,0.709821,0.112723,0,28,0.5986,0.596231,0.61746,0.612698,0.606988,,,,,0.333333,42.4993,0,26.4723,10.6098,30.1186,4.82555,2.44128,0.423855,1.88257,,
X2/no_morph__f0_s0,130,2.56764e-05,0,0.3,0.0480537,0.255667,7.15189,6.67152,0.723214,0.125,0,28,0.583269,0.591272,0.609524,0.611111,0.606988,,,,,0.333333,44.5488,0,27.5947,12.0433,30.7285,4.9162,2.44815,0.433056,1.87889,,
X2/no_morph__f0_s0,131,2.35841e-05,0,0.3,0.047651,0.252633,7.13854,6.65775,0.696987,0.140625,0,28,0.578896,0.58919,0.598413,0.606349,0.606988,,,,,0.333333,44.252,0,24.8435,10.6464,33.9206,4.81373,2.38761,0.405899,1.90314,,
X2/no_morph__f0_s0,132,2.15994e-05,0,0.3,0.0472483,0.25,6.98309,6.50938,0.702567,0.151786,0,28,0.588381,0.593699,0.611111,0.614286,0.606988,,,,,0.333333,44.7742,0,25.6153,11.0373,33.4906,4.92525,2.41779,0.40627,1.89485,,
X2/no_morph__f0_s0,133,1.9723e-05,0,0.3,0.0468456,0.25,6.98685,6.51914,0.708147,0.159598,0,28,0.598206,0.592014,0.615873,0.609524,0.606988,,,,,0.333333,43.8238,0,26.6008,10.9529,32.0803,4.91367,2.39708,0.411835,1.87085,,
X2/no_morph__f0_s0,134,1.79558e-05,0,0.3,0.046443,0.25,6.99405,6.5265,0.72154,0.147879,0,28,0.589053,0.587368,0.612698,0.611111,0.606988,,,,,0.333333,43.9974,0,26.2748,11.232,32.3542,5.02325,2.44118,0.416652,1.87021,,
X2/no_morph__f0_s0,135,1.62988e-05,0,0.3,0.0460403,0.25,7.02758,6.5585,0.709821,0.147321,0,28,0.603534,0.588656,0.620635,0.607937,0.606988,,,,,0.333333,45.4791,0,26.5892,11.2118,33.8118,4.95437,2.39765,0.417498,1.87632,,
X2/no_morph__f0_s0,136,1.47526e-05,0,0.3,0.0456376,0.25,6.94947,6.4847,0.71596,0.142299,0,28,0.593743,0.595197,0.615873,0.615873,0.606988,,,,,0.333333,42.5894,0,25.1134,10.662,31.3703,4.98883,2.41913,0.419077,1.85908,,
X2/no_morph__f0_s0,137,1.33181e-05,0,0.3,0.0452349,0.25,7.01181,6.54405,0.72154,0.148996,0,28,0.610937,0.589875,0.631746,0.611111,0.610937,0.818,0.802,0.594538,0.569584,0.333333,50.4683,0,33.1002,12.8124,33.781,4.99618,2.38003,0.406069,1.87103,75.4183,24.5817
X2/no_morph__f0_s0,138,1.19958e-05,0,0.3,0.0448322,0.25,6.89852,6.43801,0.710938,0.158482,0,28,0.605555,0.594193,0.626984,0.615873,0.610937,,,,,0.333333,45.0621,0,27.5181,11.2731,32.7723,5.00593,2.39899,0.410835,1.84206,,
X2/no_morph__f0_s0,139,1.07864e-05,0,0.3,0.0444295,0.25,6.89341,6.43705,0.726563,0.164062,0,28,0.593123,0.594359,0.61746,0.614286,0.610937,,,,,0.333333,44.4075,0,26.442,11.0852,32.651,4.92416,2.37776,0.403307,1.82546,,
X2/no_morph__f0_s0,140,9.69048e-06,0,0.3,0.0440268,0.25,6.95325,6.48455,0.717634,0.159598,0,28,0.598786,0.594988,0.620635,0.61746,0.610937,,,,,0.333333,46.4273,0,31.3826,12.5608,30.3424,4.94142,2.37916,0.413107,1.87479,,
X2/no_morph__f0_s0,141,8.70853e-06,0,0.3,0.0436242,0.25,6.89206,6.42714,0.717076,0.177455,0,28,0.583558,0.598466,0.606349,0.620635,0.610937,,,,,0.333333,45.4244,0,26.9087,10.8049,33.7793,4.94076,2.35483,0.412069,1.85969,,
X2/no_morph__f0_s0,142,7.84101e-06,0,0.3,0.0432215,0.25,6.9998,6.53544,0.714286,0.156808,0,28,0.60265,0.597334,0.62381,0.619048,0.610937,,,,,0.333333,48.3326,0,33.5739,12.2197,31.1605,5.04591,2.39328,0.408606,1.85746,,
X2/no_morph__f0_s0,143,7.08833e-06,0,0.3,0.0428188,0.25,6.79337,6.33278,0.741071,0.168527,0,28,0.594058,0.602234,0.615873,0.62381,0.610937,,,,,0.333333,43.6308,0,26.7739,10.8395,31.505,5.01316,2.38879,0.418936,1.84232,,
X2/no_morph__f0_s0,144,6.45086e-06,0,0.3,0.0424161,0.25,6.76906,6.31372,0.734375,0.158482,0,28,0.608137,0.601927,0.630159,0.622222,0.610937,,,,,0.333333,44.6376,0,28.1805,11.3212,31.3851,4.93873,2.35286,0.397031,1.82135,,
X2/no_morph__f0_s0,145,5.92887e-06,0,0.3,0.0420134,0.25,6.79324,6.33167,0.723772,0.174107,0,28,0.608154,0.595965,0.630159,0.619048,0.610937,,,,,0.333333,44.364,0,27.8324,11.2418,31.4678,4.95613,2.33787,0.405035,1.84628,,
X2/no_morph__f0_s0,146,5.52264e-06,0,0.3,0.0416107,0.25,6.90673,6.44634,0.71875,0.167969,0,28,0.601839,0.602199,0.622222,0.62381,0.610937,,,,,0.333333,43.9281,0,27.1422,11.9257,31.0861,4.98374,2.34783,0.404498,1.84153,,
X2/no_morph__f0_s0,147,5.23233e-06,0,0.3,0.0412081,0.25,6.98984,6.52242,0.704799,0.166295,0,28,0.600524,0.605934,0.622222,0.626984,0.610937,,,,,0.333333,44.3402,0,25.7135,11.3397,33.4234,5.02035,2.37032,0.407985,1.86966,,
X2/no_morph__f0_s0,148,5.05809e-06,0,0.3,0.0408054,0.25,6.77996,6.32463,0.726004,0.182478,0,28,0.602671,0.602699,0.62381,0.62381,0.610937,,,,,0.333333,44.0017,0,26.4356,11.1758,32.2496,4.95515,2.3654,0.408926,1.82132,,
X2/no_morph__f0_s0,149,5e-06,0,0.3,0.0404027,0.25,6.75144,6.29404,0.733259,0.178571,0,28,0.599381,0.602615,0.620635,0.62381,0.610937,,,,,0.333333,45.1903,0,27.7134,11.103,32.739,5.02998,2.36596,0.412866,1.82956,,
X2/no_morph__f0_s0,150,5e-06,0,0.3,0.04,0.25,6.68066,6.22557,0.724888,0.188616,0,28,0.597705,0.60452,0.620635,0.625397,0.610937,0.823,0.816,0.5812,0.567651,0.333333,43.5383,0,28.444,11.6857,29.7312,4.90167,2.33122,0.403753,1.82036,74.7467,25.2533
X2/no_morph__f0_s1,1,0.0002,1,0,0.1,0.646967,8.38308,5.47163,0.0128348,0.0111607,0,28,0.000244969,0.000254592,0.0111111,0.0111111,0.000254592,0.011,0.011,4.65488,4.68652,0.297619,35.5183,4,27.7375,18.0405,8.57825,8.40852,2.43723,0.09532,4.50015,0.0923803,99.9076
X2/no_morph__f0_s1,2,0.0003,1,0,0.0995973,0.643933,7.56568,4.67018,0.0172991,0.0245536,0,28,0.000220459,0.00205161,0.00793651,0.015873,0.00205161,0.007,0.009,4.5264,4.47978,0.333333,15.0486,0,10.2211,8.72274,3.30537,4.86015,2.16159,0.09623,4.49658,1.1023,98.8977
X2/no_morph__f0_s1,3,0.0004,1,0,0.0991946,0.6409,7.25922,4.42324,0.0223214,0.0273438,0,28,0.0166857,0.022051,0.0492063,0.0507937,0.022051,0.061,0.04,4.1037,4.1011,0.321429,6.62429,0,2.77665,4.08036,1.86655,3.52915,2.26761,0.178391,4.425,22.4939,77.5061
X2/no_morph__f0_s1,4,0.0005,1,0,0.0987919,0.637867,7.06567,4.34375,0.015067,0.0390625,0,28,0.0300314,0.0290494,0.0650794,0.0492063,0.0300314,0.051,0.045,3.97872,3.94807,0.0833333,4.7524,0,1.6892,2.67565,1.50182,2.9539,2.38071,0.391874,4.26722,33.2251,66.7749
X2/no_morph__f0_s1,5,0.000499942,1,0,0.0983893,0.634833,6.94828,4.24635,0.0362723,0.0535714,0,28,0.0288707,0.0438988,0.0761905,0.0793651,0.0438988,0.072,0.071,3.80816,3.7589,0.0714286,4.71838,0,1.84045,2.54893,1.92254,2.59668,2.32787,0.392897,4.25612,35.0189,64.9811
X2/no_morph__f0_s1,6,0.000499768,1,0,0.0979866,0.6318,6.73597,4.09255,0.0373884,0.063058,0,28,0.0360697,0.0678231,0.0825397,0.109524,0.0678231,0.082,0.104,3.66144,3.57395,0.0595238,4.42278,0,1.65306,2.11596,2.18894,2.43256,2.33739,0.43082,4.18394,34.0529,65.9471
X2/no_morph__f0_s1,7,0.000499477,1,0,0.0975839,0.628767,6.65809,4.04471,0.0396205,0.0636161,0,28,0.0457257,0.0683168,0.0952381,0.125397,0.0683168,0.079,0.117,3.6798,3.48625,0.0357143,4.15254,0,1.28371,1.87952,2.34156,2.25166,2.34843,0.441271,4.15636,33.6748,66.3252
X2/no_morph__f0_s1,8,0.000499071,1,0,0.0971812,0.625733,6.52289,3.95713,0.0652902,0.0870536,0,28,0.0751066,0.0861331,0.119048,0.131746,0.0861331,0.119,0.148,3.49707,3.38657,0.0833333,4.6976,0,1.67212,2.21405,2.72096,2.15879,2.28859,0.49041,4.10041,37.301,62.699
X2/no_morph__f0_s1,9,0.000498549,1,0,0.0967785,0.6227,6.58202,4.01757,0.0664062,0.0887277,0,28,0.0664362,0.0908155,0.0952381,0.136508,0.0908155,0.124,0.164,3.53039,3.33912,0.178571,5.72807,0,2.3954,2.54143,3.64758,2.11293,2.31818,0.481708,4.11827,33.8051,66.1949
X2/no_morph__f0_s1,10,0.000497912,1,0,0.0963758,0.619667,6.44847,3.92787,0.0569196,0.105469,0,28,0.0765776,0.107744,0.119048,0.147619,0.107744,0.146,0.173,3.37253,3.28748,0.130952,4.81887,0,1.52831,1.91873,3.34541,1.97973,2.25065,0.485219,4.06768,36.8265,63.1735
X2/no_morph__f0_s1,11,0.000497159,1,0,0.0959732,0.616633,6.29507,3.82391,0.0736607,0.122768,0,28,0.0980702,0.136643,0.149206,0.180952,0.136643,0.144,0.199,3.2799,3.19121,0.22619,6.20263,0,2.02056,2.62179,4.471,1.96965,2.20641,0.523811,4.00751,39.5296,60.4704
X2/no_morph__f0_s1,12,0.000496291,1,0,0.0955705,0.6136,6.2797,3.81179,0.0859375,0.130022,0,28,0.105792,0.159528,0.150794,0.203175,0.159528,0.183,0.217,3.15854,3.1335,0.202381,5.16423,0,1.77702,2.37527,3.4732,1.92367,2.21982,0.507003,4.02202,34.7079,65.2921
X2/no_morph__f0_s1,13,0.00049531,1,0,0.0951678,0.610567,6.19152,3.74223,0.106027,0.152344,0,28,0.129364,0.154118,0.180952,0.204762,0.159528,,,,,0.154762,5.41428,0,1.51729,1.86273,4.24275,1.85324,2.14191,0.508145,4.0115,,
X2/no_morph__f0_s1,14,0.000494214,1,0,0.0947651,0.607533,6.226,3.77301,0.0948661,0.140067,0,28,0.123796,0.154685,0.177778,0.203175,0.159528,,,,,0.27381,6.7956,0,1.98301,2.17264,5.57001,1.91262,2.25367,0.510692,4.03762,,
X2/no_morph__f0_s1,15,0.000493004,1,0,0.0943624,0.6045,6.11392,3.70767,0.0987723,0.165179,0,28,0.117522,0.160068,0.169841,0.206349,0.160068,0.198,0.244,3.03825,2.98046,0.25,5.78404,0,1.6782,1.9286,4.68073,1.81322,2.19193,0.507019,3.98055,38.4062,61.5938
X2/no_morph__f0_s1,16,0.000491682,1,0,0.0939597,0.601467,6.06219,3.68021,0.0675223,0.166295,0,28,0.158429,0.181655,0.206349,0.231746,0.181655,0.21,0.247,2.93059,2.93719,0.25,6.06334,0,1.70565,1.90811,5.05215,1.80079,2.19561,0.512445,3.96028,40.0973,59.9027
X2/no_morph__f0_s1,17,0.000490247,1,0,0.093557,0.598433,5.91894,3.57858,0.0898438,0.177455,0,28,0.17548,0.181506,0.220635,0.233333,0.181655,,,,,0.309524,8.10798,0,2.71795,2.20062,6.85864,1.89684,2.21193,0.545193,3.9108,,
X2/no_morph__f0_s1,18,0.000488701,1,0,0.0931544,0.5954,5.9346,3.60083,0.0998884,0.19308,0,28,0.170554,0.216094,0.215873,0.265079,0.216094,0.226,0.255,2.95928,2.80783,0.285714,7.10358,0,2.74362,2.31443,5.47393,1.80573,2.17641,0.547324,3.91967,38.4984,61.5016
X2/no_morph__f0_s1,19,0.000487044,1,0,0.0927517,0.592367,5.91179,3.59892,0.0904018,0.174107,0,28,0.188781,0.202889,0.249206,0.246032,0.216094,,,,,0.297619,6.57925,0,2.97354,2.20589,4.79317,1.8081,2.14772,0.545047,3.90446,,
X2/no_morph__f0_s1,20,0.000485277,1,0,0.092349,0.589333,5.84261,3.56119,0.0831473,0.198103,0,28,0.143291,0.219357,0.2,0.265079,0.219357,0.227,0.279,2.93293,2.7342,0.321429,7.99095,0,4.48576,2.65199,5.17198,1.81015,2.17063,0.567285,3.87118,40.5962,59.4038
X2/no_morph__f0_s1,21,0.000483401,1,0,0.0919463,0.5863,5.8174,3.56793,0.113839,0.199219,0,28,0.219342,0.224959,0.288889,0.27619,0.224959,0.279,0.284,2.66593,2.65866,0.309524,6.28414,0,2.7995,1.93836,4.68733,1.79489,2.19039,0.559872,3.83672,49.4739,50.5261
X2/no_morph__f0_s1,22,0.000481416,1,0,0.0915436,0.583267,5.58676,3.4188,0.110491,0.212612,0,28,0.22707,0.266142,0.271429,0.314286,0.266142,0.269,0.311,2.64687,2.58541,0.309524,7.05666,0,3.36029,2.16689,5.19997,1.78722,2.15328,0.62779,3.71692,42.1083,57.8917
X2/no_morph__f0_s1,23,0.000479324,1,0,0.0911409,0.580233,5.45128,3.34158,0.135045,0.251674,0,28,0.281676,0.293351,0.307937,0.334921,0.293351,0.322,0.334,2.49502,2.48886,0.309524,7.95695,0,4.11554,2.19944,5.76619,1.78227,2.08471,0.647322,3.63596,40.7455,59.2545
X2/no_morph__f0_s1,24,0.000477125,1,0,0.0907383,0.5772,5.33407,3.25714,0.186942,0.274554,0,28,0.248811,0.293232,0.293651,0.331746,0.293351,,,,,0.333333,7.69218,0,3.84623,2.10175,5.86901,1.74843,2.08477,0.676439,3.59829,,
X2/no_morph__f0_s1,25,0.000474821,1,0,0.0903356,0.574167,5.44395,3.35867,0.131696,0.267299,0,28,0.240133,0.322091,0.295238,0.361905,0.322091,0.321,0.378,2.50931,2.37277,0.333333,9.64153,0,7.16988,2.75625,5.00166,1.7535,2.12561,0.698974,3.63184,43.0538,56.9462
X2/no_morph__f0_s1,26,0.000472412,1,0,0.0899329,0.571133,5.30699,3.27256,0.109933,0.272321,0,28,0.218167,0.364914,0.263492,0.4,0.364914,0.29,0.398,2.59534,2.2738,0.333333,11.4763,0,5.62388,2.65343,8.83125,1.76336,2.09291,0.699331,3.56211,44.4075,55.5925
X2/no_morph__f0_s1,27,0.000469901,1,0,0.0895302,0.5681,5.32806,3.2784,0.093192,0.267857,0,28,0.280346,0.346536,0.31746,0.385714,0.364914,,,,,0.333333,9.13216,0,6.00892,2.60179,5.68463,1.74139,2.04985,0.689614,3.60791,,
X2/no_morph__f0_s1,28,0.000467287,1,0,0.0891275,0.565067,5.25223,3.24785,0.170201,0.277344,0,28,0.24597,0.356856,0.290476,0.395238,0.364914,,,,,0.333333,8.86673,0,5.94833,2.59832,5.46707,1.64799,1.96937,0.679756,3.54717,,
X2/no_morph__f0_s1,29,0.000464572,1,0,0.0887248,0.562033,5.31119,3.29435,0.149554,0.274554,0,28,0.303187,0.329018,0.355556,0.371429,0.364914,,,,,0.321429,9.45835,0,6.4598,2.45618,5.60776,1.67643,2.05409,0.673175,3.58847,,
X2/no_morph__f0_s1,30,0.000461758,1,0,0.0883221,0.559,5.12069,3.17302,0.146763,0.305804,0,28,0.309574,0.349378,0.344444,0.38254,0.364914,,,,,0.321429,9.22022,0,6.10678,2.13473,5.77554,1.67434,2.04122,0.688027,3.48422,,
X2/no_morph__f0_s1,31,0.000458846,1,0,0.0879195,0.555967,5.01416,3.09436,0.164621,0.319196,0,28,0.24554,0.368713,0.292063,0.401587,0.368713,0.319,0.438,2.50606,2.10807,0.321429,9.05262,0,5.59437,2.17714,6.22792,1.63161,1.98264,0.684338,3.45308,48.8512,51.1488
X2/no_morph__f0_s1,32,0.000455836,1,0,0.0875168,0.552933,5.02187,3.11693,0.169643,0.30971,0,28,0.306379,0.381393,0.344444,0.415873,0.381393,0.387,0.459,2.21392,2.05335,0.333333,10.2638,0,6.03777,2.35743,7.36008,1.67066,2.03784,0.69959,3.44515,53.7811,46.2189
X2/no_morph__f0_s1,33,0.000452732,1,0,0.0871141,0.5499,5.14855,3.22006,0.169643,0.292969,0,28,0.276415,0.407445,0.309524,0.442857,0.407445,0.341,0.47,2.32611,2.01702,0.333333,9.95095,0,6.04579,2.0922,6.94515,1.66483,2.04755,0.683158,3.50697,48.4,51.6
X2/no_morph__f0_s1,34,0.000449533,1,0,0.0867114,0.546867,5.05482,3.16554,0.173549,0.345424,0,28,0.311772,0.391454,0.353968,0.426984,0.407445,,,,,0.333333,9.44229,0,5.8855,2.29282,6.497,1.65003,2.04281,0.685757,3.45474,,
X2/no_morph__f0_s1,35,0.000446242,1,0,0.0863087,0.543833,4.81915,3.00933,0.179688,0.364397,0,28,0.31647,0.384444,0.342857,0.422222,0.407445,,,,,0.333333,11.4953,0,7.22836,2.43862,7.90772,1.65243,1.98714,0.705557,3.3279,,
X2/no_morph__f0_s1,36,0.00044286,1,0,0.085906,0.5408,4.99669,3.13002,0.185268,0.338728,0,28,0.332885,0.362841,0.374603,0.406349,0.407445,,,,,0.333333,11.8753,0,7.34483,2.4034,8.37928,1.63113,1.99306,0.685101,3.45169,,
X2/no_morph__f0_s1,37,0.000439388,1,0,0.0855034,0.537767,4.85958,3.04332,0.205915,0.34654,0,28,0.417239,0.383666,0.442857,0.41746,0.417239,0.489,0.462,1.86411,1.98261,0.333333,11.4866,0,7.58187,2.39959,7.4097,1.61123,1.96117,0.711657,3.37741,49.7543,50.2457
X2/no_morph__f0_s1,38,0.000435829,1,0,0.0851007,0.534733,4.57089,2.85274,0.161272,0.401786,0,28,0.358285,0.372276,0.398413,0.411111,0.417239,,,,,0.333333,11.5285,0,6.72899,2.38277,8.2928,1.66943,1.98051,0.739879,3.21309,,
X2/no_morph__f0_s1,39,0.000432184,1,0,0.084698,0.5317,4.81668,3.04423,0.113839,0.361607,0,28,0.349164,0.382418,0.387302,0.419048,0.417239,,,,,0.333333,10.7643,0,7.00014,2.12693,7.15617,1.58878,1.93821,0.696891,3.33355,,
X2/no_morph__f0_s1,40,0.000428454,1,0,0.0842953,0.528667,4.62953,2.90161,0.240513,0.383929,0,28,0.278431,0.433795,0.32381,0.463492,0.433795,0.341,0.518,2.33547,1.79832,0.333333,12.2636,0,9.13424,2.41958,6.83506,1.58964,1.92469,0.712133,3.26845,51.8749,48.1251
X2/no_morph__f0_s1,41,0.000424642,1,0,0.0838926,0.525633,4.44045,2.78267,0.265067,0.408482,0,28,0.420163,0.449806,0.453968,0.480952,0.449806,0.494,0.531,1.76951,1.77884,0.333333,12.6098,0,8.99541,2.39306,7.77548,1.64364,1.91725,0.739562,3.15388,54.3104,45.6896
X2/no_morph__f0_s1,42,0.000420749,1,0,0.0834899,0.5226,4.60968,2.91446,0.219866,0.373326,0,28,0.383819,0.447631,0.42381,0.479365,0.449806,,,,,0.333333,12.5813,0,8.89428,2.21084,7.59621,1.62128,1.94204,0.71671,3.24383,,
X2/no_morph__f0_s1,43,0.000416777,1,0,0.0830872,0.519567,4.7444,3.01904,0.179129,0.357701,0,28,0.324328,0.447173,0.373016,0.477778,0.449806,,,,,0.333333,10.7617,0,6.27012,2.21312,7.9306,1.60451,1.96616,0.714953,3.32077,,
X2/no_morph__f0_s1,44,0.000412728,1,0,0.0826846,0.516533,4.53586,2.8718,0.218192,0.401228,0,28,0.349544,0.414676,0.38254,0.446032,0.449806,,,,,0.333333,12.3382,0,8.93822,2.51027,7.38058,1.58965,1.9634,0.731381,3.2216,,
X2/no_morph__f0_s1,45,0.000408604,1,0,0.0822819,0.5135,4.39936,2.7863,0.209263,0.408482,0,28,0.369768,0.412818,0.409524,0.446032,0.449806,,,,,0.333333,12.2383,0,9.33933,2.32942,6.80549,1.61327,1.90705,0.700928,3.14132,,
X2/no_morph__f0_s1,46,0.000404406,1,0,0.0818792,0.510467,4.50747,2.87221,0.230469,0.396763,0,28,0.417302,0.45056,0.453968,0.480952,0.45056,0.493,0.537,1.85161,1.7201,0.333333,9.96898,0,6.58846,2.05708,6.6298,1.56783,1.89915,0.709633,3.20344,49.9583,50.0417
X2/no_morph__f0_s1,47,0.000400137,1,0,0.0814765,0.507433,4.51711,2.88964,0.195313,0.40346,0,28,0.387165,0.434411,0.41746,0.466667,0.45056,,,,,0.333333,11.3966,0,8.47193,2.34407,6.175,1.59287,1.97181,0.716661,3.20726,,
X2/no_morph__f0_s1,48,0.000395799,1,0,0.0810738,0.5044,4.20956,2.66828,0.236607,0.425223,0,28,0.41189,0.472136,0.446032,0.495238,0.472136,0.524,0.581,1.6758,1.59302,0.333333,13.5129,0,9.19798,2.52001,8.656,1.60124,1.89785,0.738564,3.05568,56.0776,43.9224
X2/no_morph__f0_s1,49,0.000391394,1,0,0.0806711,0.501367,4.41384,2.82645,0.184152,0.395089,0,28,0.389015,0.45478,0.41746,0.487302,0.472136,,,,,0.333333,12.1043,0,8.21678,2.42978,7.84508,1.54768,1.87884,0.690608,3.16613,,
X2/no_morph__f0_s1,50,0.000386923,1,0,0.0802685,0.498333,4.2699,2.7305,0.214286,0.417411,0,28,0.417727,0.447443,0.450794,0.474603,0.472136,0.537,0.574,1.68623,1.62793,0.333333,13.9748,0,9.36417,2.36824,9.28809,1.61889,1.89364,0.720783,3.08911,49.3357,50.6643
X2/no_morph__f0_s1,51,0.000382389,1,0,0.0798658,0.4953,4.11074,2.61781,0.253348,0.460379,0,28,0.397393,0.501841,0.420635,0.520635,0.501841,0.469,0.586,1.8492,1.51373,0.333333,12.7634,0,9.21192,2.59401,7.67675,1.56033,1.84894,0.720656,3.01418,59.0436,40.9564
X2/no_morph__f0_s1,52,0.000377795,1,0,0.0794631,0.492267,4.84373,3.15885,0.211496,0.333705,0,28,0.310347,0.469684,0.35873,0.498413,0.501841,,,,,0.333333,11.5353,0,8.89555,1.95977,6.33856,1.50316,1.90226,0.64697,3.42271,,
X2/no_morph__f0_s1,53,0.000373141,1,0,0.0790604,0.489233,4.20941,2.7105,0.21596,0.420201,0,28,0.386237,0.496763,0.420635,0.520635,0.501841,,,,,0.333333,11.53,0,7.68968,2.36301,7.66408,1.51546,1.8145,0.691018,3.06379,,
X2/no_morph__f0_s1,54,0.000368431,1,0,0.0786577,0.4862,4.29017,2.76835,0.175223,0.432478,0,28,0.442295,0.473322,0.461905,0.504762,0.501841,,,,,0.333333,10.8582,0,7.61628,2.18192,6.71303,1.4757,1.80452,0.674336,3.13003,,
X2/no_morph__f0_s1,55,0.000363667,1,0,0.078255,0.483167,4.17779,2.69443,0.172991,0.439174,0,28,0.450365,0.495723,0.492063,0.51746,0.501841,,,,,0.333333,11.7207,0,8.68804,2.1578,7.00826,1.50646,1.82526,0.710498,3.07007,,
X2/no_morph__f0_s1,56,0.00035885,1,0,0.0778523,0.480133,4.10546,2.65127,0.282366,0.450335,0,28,0.404013,0.510006,0.425397,0.52381,0.510006,0.498,0.612,1.71607,1.46056,0.333333,12.6933,0,9.51229,2.23541,7.10336,1.50955,1.82343,0.685331,3.02873,55.486,44.514
X2/no_morph__f0_s1,57,0.000353983,1,0,0.0774497,0.4771,4.01294,2.59608,0.242188,0.454799,0,28,0.4738,0.505926,0.488889,0.52381,0.510006,,,,,0.333333,13.2114,0,8.11867,2.33166,9.37557,1.52671,1.80195,0.687586,2.96974,,
X2/no_morph__f0_s1,58,0.000349069,1,0,0.077047,0.474067,3.86854,2.50247,0.262277,0.485491,0,28,0.467784,0.51352,0.493651,0.533333,0.51352,0.567,0.616,1.44335,1.43204,0.333333,12.3068,0,9.16396,2.39291,7.3806,1.50306,1.76456,0.708367,2.8816,54.2625,45.7375
X2/no_morph__f0_s1,59,0.000344109,1,0,0.0766443,0.471033,4.12549,2.68637,0.256696,0.447545,0,28,0.397574,0.528437,0.420635,0.546032,0.528437,0.482,0.618,1.82494,1.41986,0.333333,14.2695,0,11.2531,2.37388,7.3391,1.52729,1.85316,0.699815,3.05523,57.367,42.633
X2/no_morph__f0_s1,60,0.000339107,1,0,0.0762416,0.468,4.28625,2.81255,0.28404,0.425223,0,28,0.463118,0.505315,0.490476,0.526984,0.528437,,,,,0.333333,11.4579,0,7.81916,2.08994,7.30418,1.52214,1.86494,0.676215,3.14893,,
X2/no_morph__f0_s1,61,0.000334063,1,0,0.0758389,0.464967,4.16003,2.73503,0.162946,0.439732,0,28,0.492722,0.528715,0.522222,0.546032,0.528715,0.566,0.64,1.55336,1.3469,0.333333,11.9973,0,8.50914,2.3659,7.41239,1.52166,1.85101,0.67567,3.06473,57.0774,42.9226
X2/no_morph__f0_s1,62,0.000328982,1,0,0.0754362,0.461933,3.86099,2.52586,0.260045,0.469866,0,28,0.469051,0.495134,0.496825,0.52381,0.528715,,,,,0.333333,12.5587,0,9.15339,2.33063,7.42972,1.5108,1.79985,0.692362,2.89031,,
X2/no_morph__f0_s1,63,0.000323864,1,0,0.0750336,0.4589,3.77289,2.46061,0.267299,0.515067,0,28,0.458361,0.52071,0.48254,0.536508,0.528715,,,,,0.333333,12.8077,0,9.9391,2.31259,6.75523,1.48926,1.74284,0.691766,2.85961,,
X2/no_morph__f0_s1,64,0.000318713,1,0,0.0746309,0.455867,3.71591,2.42904,0.287388,0.515625,0,28,0.380069,0.539558,0.415873,0.55873,0.539558,0.457,0.636,1.80633,1.30016,0.333333,11.959,0,8.62763,2.56577,7.17668,1.48456,1.74525,0.689015,2.82293,62.4851,37.5149
X2/no_morph__f0_s1,65,0.000313531,1,0,0.0742282,0.452833,4.19469,2.78988,0.261719,0.429129,0,28,0.367097,0.547811,0.390476,0.566667,0.547811,0.408,0.634,2.05643,1.32696,0.333333,11.7755,0,8.06883,2.33745,7.38126,1.48498,1.80816,0.656551,3.10228,57.9505,42.0495
X2/no_morph__f0_s1,66,0.000308321,1,0,0.0738255,0.4498,3.77993,2.49413,0.290179,0.484933,0,28,0.526829,0.545284,0.552381,0.561905,0.547811,,,,,0.333333,14.0172,0,10.9449,3.0411,6.80557,1.46277,1.72399,0.673982,2.85859,,
X2/no_morph__f0_s1,67,0.000303084,1,0,0.0734228,0.446767,4.06278,2.70638,0.290737,0.446429,0,28,0.514314,0.545149,0.536508,0.563492,0.547811,,,,,0.333333,12.7964,0,9.45971,2.34362,7.63129,1.46883,1.7776,0.639382,3.03604,,
X2/no_morph__f0_s1,68,0.000297823,1,0,0.0730201,0.443733,3.63133,2.39565,0.280692,0.524554,0,28,0.465452,0.558544,0.48254,0.574603,0.558544,0.572,0.651,1.49076,1.25202,0.333333,13.8767,0,10.6839,2.46608,7.67686,1.453,1.72178,0.674729,2.78473,57.5096,42.4904
X2/no_morph__f0_s1,69,0.000292541,1,0,0.0726174,0.4407,4.04893,2.71302,0.294643,0.453125,0,28,0.519005,0.553612,0.546032,0.571429,0.558544,,,,,0.333333,14.242,0,9.85473,2.64262,8.9108,1.54758,1.87593,0.659383,3.03134,,
X2/no_morph__f0_s1,70,0.00028724,1,0,0.0722148,0.437667,3.61272,2.3992,0.289621,0.519531,0,28,0.529057,0.541408,0.549206,0.557143,0.558544,,,,,0.333333,12.1729,0,8.63871,2.41447,7.63964,1.46769,1.73509,0.66486,2.77269,,
X2/no_morph__f0_s1,71,0.000281923,1,0,0.0718121,0.434633,3.85425,2.5755,0.258371,0.472098,0,28,0.502375,0.554599,0.526984,0.569841,0.558544,,,,,0.333333,12.8227,0,10.0943,2.46564,6.54832,1.47357,1.78106,0.650919,2.94212,,
X2/no_morph__f0_s1,72,0.000276592,1,0,0.0714094,0.4316,3.61566,2.41817,0.222098,0.511719,0,28,0.541586,0.558749,0.561905,0.571429,0.558749,0.614,0.661,1.3519,1.22864,0.333333,12.9428,0,8.97695,2.46074,8.32614,1.4525,1.68965,0.653798,2.77454,59.6849,40.3151
X2/no_morph__f0_s1,73,0.00027125,1,0,0.0710067,0.428567,3.68078,2.47487,0.236607,0.52846,0,28,0.531871,0.559297,0.555556,0.573016,0.559297,0.644,0.667,1.25043,1.23121,0.333333,13.4215,0,8.68386,2.44799,9.10361,1.4539,1.72893,0.642987,2.81382,59.2214,40.7786
X2/no_morph__f0_s1,74,0.000265899,1,0,0.070604,0.425533,3.82064,2.58262,0.290179,0.49721,0,28,0.428301,0.541826,0.457143,0.565079,0.559297,,,,,0.333333,12.3467,1,9.20909,2.43397,6.81132,1.43881,1.73022,0.623338,2.90935,,
X2/no_morph__f0_s1,75,0.000260542,1,0,0.0702013,0.4225,3.35655,2.24713,0.233817,0.558036,0,28,0.557918,0.553447,0.573016,0.569841,0.559297,0.658,0.678,1.18733,1.20702,0.333333,12.3885,0,9.72672,2.65122,6.53471,1.40128,1.62517,0.652994,2.62585,58.1825,41.8175
X2/no_morph__f0_s1,76,0.000255181,1,0,0.0697987,0.419467,3.3732,2.26762,0.192522,0.554129,0,28,0.529254,0.543331,0.544444,0.565079,0.559297,,,,,0.333333,12.8004,0,9.92072,2.50794,7.00263,1.44401,1.6605,0.666744,2.63568,,
X2/no_morph__f0_s1,77,0.000249819,1,0,0.069396,0.416433,3.72172,2.53236,0.195313,0.512835,0,28,0.499601,0.506282,0.515873,0.531746,0.559297,,,,,0.333333,12.8359,0,9.80053,2.55667,7.13352,1.44645,1.71,0.632287,2.85608,,
X2/no_morph__f0_s1,78,0.000244458,1,0,0.0689933,0.4134,3.65927,2.49592,0.154018,0.5,0,28,0.485108,0.572502,0.511111,0.588889,0.572502,0.623,0.684,1.31115,1.19311,0.333333,12.9051,0,9.40718,2.45623,7.52411,1.46946,1.71504,0.630866,2.81411,59.3168,40.6832
X2/no_morph__f0_s1,79,0.000239101,1,0,0.0685906,0.410367,3.47002,2.35543,0.318638,0.512835,0,28,0.507706,0.559925,0.526984,0.573016,0.572502,,,,,0.333333,14.1733,0,11.3641,2.66232,7.20801,1.47202,1.69065,0.648449,2.71609,,
X2/no_morph__f0_s1,80,0.00023375,1,0,0.0681879,0.407333,3.2515,2.20142,0.383929,0.560826,0,28,0.496443,0.559359,0.509524,0.579365,0.572502,,,,,0.333333,12.4578,0,8.95895,2.69626,7.57894,1.45001,1.59719,0.630541,2.57794,,
X2/no_morph__f0_s1,81,0.000228408,1,0,0.0677852,0.4043,3.61142,2.48252,0.239955,0.530134,0,28,0.535733,0.555181,0.553968,0.577778,0.572502,,,,,0.333333,13.4789,0,9.76161,2.38746,8.23986,1.43846,1.67014,0.612483,2.79222,,
X2/no_morph__f0_s1,82,0.000223077,1,0,0.0673826,0.401267,3.77355,2.60779,0.33817,0.508371,0,28,0.543876,0.575991,0.568254,0.593651,0.575991,0.676,0.707,1.19681,1.12242,0.333333,13.9507,0,11.4863,2.53523,6.72924,1.44661,1.7226,0.611472,2.90518,56.368,43.632
X2/no_morph__f0_s1,83,0.00021776,1,0,0.0669799,0.398233,3.69634,2.56345,0.342634,0.513951,0,28,0.501036,0.580107,0.522222,0.593651,0.580107,0.658,0.705,1.28983,1.09811,0.333333,12.8688,0,10.4466,2.35183,6.1748,1.43712,1.69544,0.610802,2.8448,57.6278,42.3722
X2/no_morph__f0_s1,84,0.000212459,1,0,0.0665772,0.3952,3.51239,2.42517,0.296875,0.513951,0,28,0.548483,0.566869,0.569841,0.587302,0.580107,,,,,0.333333,11.9243,0,8.66101,2.69894,7.0741,1.46506,1.70226,0.612365,2.75107,,
X2/no_morph__f0_s1,85,0.000207177,1,0,0.0661745,0.392167,3.36882,2.3265,0.24442,0.55971,0,28,0.573935,0.564814,0.588889,0.58254,0.580107,,,,,0.333333,11.8283,0,8.66888,2.49071,7.01273,1.41267,1.61786,0.599848,2.65786,,
X2/no_morph__f0_s1,86,0.000201916,1,0,0.0657718,0.389133,3.94938,2.77338,0.340402,0.46596,0,28,0.556719,0.587345,0.577778,0.603175,0.587345,0.681,0.712,1.22576,1.06983,0.333333,12.3576,0,8.54465,2.57193,7.83003,1.44378,1.75648,0.579409,3.02208,61.1362,38.8638
X2/no_morph__f0_s1,87,0.000196679,1,0,0.0653691,0.3861,3.29459,2.27294,0.385603,0.549665,0,28,0.574681,0.552817,0.588889,0.57619,0.587345,,,,,0.333333,12.0041,0,8.97987,2.61485,6.85098,1.40339,1.60263,0.594838,2.64608,,
X2/no_morph__f0_s1,88,0.000191469,1,0,0.0649664,0.383067,3.41918,2.38309,0.236607,0.541295,0,28,0.55114,0.576478,0.569841,0.592063,0.587345,,,,,0.333333,13.8808,0,10.9475,2.93063,6.92613,1.44708,1.6581,0.594819,2.70474,,
X2/no_morph__f0_s1,89,0.000186287,1,0,0.0645638,0.380033,3.2442,2.25593,0.368304,0.576451,0,28,0.55354,0.585507,0.57619,0.603175,0.587345,,,,,0.333333,11.7908,0,8.39799,2.54263,7.45371,1.44728,1.64283,0.602501,2.60047,,
X2/no_morph__f0_s1,90,0.000181136,1,0,0.0641611,0.377,3.24629,2.26283,0.253906,0.557478,0,28,0.566298,0.571069,0.580952,0.590476,0.587345,,,,,0.333333,12.6252,0,9.60315,2.92719,6.77224,1.44471,1.63584,0.590048,2.60865,,
X2/no_morph__f0_s1,91,0.000176018,1,0,0.0637584,0.373967,3.36835,2.36172,0.287946,0.548549,0,28,0.522839,0.574655,0.553968,0.595238,0.587345,,,,,0.333333,13.5165,0,10.2149,2.57059,7.71679,1.406,1.59413,0.575604,2.69178,,
X2/no_morph__f0_s1,92,0.000170937,1,0,0.0633557,0.370933,3.33542,2.34686,0.304688,0.590402,0,28,0.558017,0.56535,0.58254,0.590476,0.587345,,,,,0.333333,12.3421,0,9.54772,2.46569,6.62815,1.40592,1.6154,0.564338,2.66505,,
X2/no_morph__f0_s1,93,0.000165893,1,0,0.062953,0.3679,3.09181,2.16572,0.30692,0.606027,0,28,0.588225,0.586726,0.6,0.604762,0.588225,0.742,0.737,0.986564,0.994065,0.333333,12.3486,0,9.47893,2.68627,6.90291,1.38029,1.51895,0.571116,2.51723,63.3965,36.6035
X2/no_morph__f0_s1,94,0.000160891,1,0,0.0625503,0.364867,3.16065,2.22953,0.335379,0.568638,0,28,0.591021,0.578223,0.609524,0.6,0.591021,0.733,0.726,0.986418,0.994986,0.333333,11.1136,0,8.53534,2.68782,6.09274,1.40611,1.55979,0.578046,2.55195,62.8805,37.1195
X2/no_morph__f0_s1,95,0.000155931,1,0,0.0621477,0.361833,3.21247,2.26948,0.406808,0.584821,0,28,0.588134,0.574686,0.601587,0.593651,0.591021,,,,,0.333333,13.4359,0,10.6113,2.592,6.77799,1.39511,1.57821,0.569521,2.60616,,
X2/no_morph__f0_s1,96,0.000151017,1,0,0.061745,0.3588,3.04352,2.14381,0.176339,0.566406,0,28,0.607257,0.600036,0.615873,0.615873,0.607257,0.738,0.735,0.968439,0.942174,0.333333,11.8405,0,8.8521,2.88415,6.72142,1.44929,1.59243,0.570313,2.50755,64.6789,35.3211
X2/no_morph__f0_s1,97,0.00014615,1,0,0.0613423,0.355767,3.06187,2.16711,0.323103,0.589286,0,28,0.585637,0.573415,0.603175,0.595238,0.607257,,,,,0.333333,10.2306,0,6.79136,2.36893,6.82453,1.40651,1.53856,0.552823,2.51503,,
X2/no_morph__f0_s1,98,0.000141333,1,0,0.0609396,0.352733,3.28855,2.34707,0.285156,0.579799,0,28,0.576696,0.588498,0.596825,0.607937,0.607257,,,,,0.333333,12.1828,0,8.50558,2.44122,7.66353,1.41518,1.61293,0.546242,2.66908,,
X2/no_morph__f0_s1,99,0.000136569,1,0,0.0605369,0.3497,3.50949,2.52396,0.287946,0.527902,0,28,0.501394,0.572543,0.530159,0.598413,0.607257,,,,,0.333333,10.9633,0,7.74968,2.54805,6.84647,1.42383,1.65153,0.546687,2.8182,,
X2/no_morph__f0_s1,100,0.000131859,1,0,0.0601342,0.346667,2.93783,2.09386,0.323661,0.597098,0,28,0.57187,0.612268,0.585714,0.625397,0.612268,0.745,0.753,0.988019,0.932529,0.333333,13.0705,0,9.86195,2.71451,7.27838,1.39352,1.51227,0.546964,2.43454,60.9498,39.0502
X2/no_morph__f0_s1,101,0.000127205,1,0,0.0597315,0.343633,3.01824,2.15657,0.304129,0.598772,0,28,0.608071,0.599517,0.620635,0.61746,0.612268,,,,,0.333333,12.5186,0,9.70133,2.5801,6.81016,1.41192,1.5349,0.534439,2.50751,,
X2/no_morph__f0_s1,102,0.000122611,1,0,0.0593289,0.3406,3.2027,2.30393,0.205915,0.582589,0,28,0.61242,0.588313,0.626984,0.609524,0.61242,0.77,0.75,0.912025,0.943067,0.333333,11.4616,0,8.38484,2.51353,6.6073,1.41196,1.57726,0.535021,2.63877,64.6112,35.3888
X2/no_morph__f0_s1,103,0.000118077,1,0,0.0589262,0.337567,2.96303,2.13023,0.314174,0.597098,0,28,0.565169,0.596005,0.584127,0.61746,0.61242,,,,,0.333333,12.3902,0,9.41904,2.59944,6.66264,1.42745,1.54736,0.536887,2.46704,,
X2/no_morph__f0_s1,104,0.000113606,1,0,0.0585235,0.334533,2.95803,2.12393,0.357143,0.623326,0,28,0.597808,0.60975,0.612698,0.625397,0.61242,,,,,0.333333,12.7698,0,9.82965,2.79904,7.15393,1.40358,1.48023,0.52186,2.49332,,
X2/no_morph__f0_s1,105,0.000109201,1,0,0.0581208,0.3315,3.1409,2.27887,0.358817,0.614955,0,28,0.608586,0.601905,0.622222,0.619048,0.61242,,,,,0.321429,11.4216,1,8.18738,2.6969,6.8805,1.37885,1.51908,0.505294,2.60039,,
X2/no_morph__f0_s1,106,0.000104863,1,0,0.0577181,0.328467,2.8959,2.09602,0.308594,0.642299,0,28,0.615302,0.604619,0.628571,0.625397,0.615302,0.75,0.757,0.901677,0.912171,0.333333,11.5656,0,8.7507,2.49948,6.49091,1.35424,1.50053,0.511816,2.43518,64.0456,35.9544
X2/no_morph__f0_s1,107,0.000100594,1,0,0.0573154,0.325433,2.70559,1.95315,0.320871,0.65067,0,28,0.599898,0.600926,0.614286,0.620635,0.615302,,,,,0.333333,12.6213,0,10.1048,2.78015,6.34963,1.37419,1.44189,0.504756,2.3121,,
X2/no_morph__f0_s1,108,9.63962e-05,1,0,0.0569128,0.3224,3.03875,2.22046,0.24442,0.597656,0,28,0.608102,0.606039,0.62381,0.625397,0.615302,,,,,0.333333,11.6878,0,8.7868,2.87993,6.42747,1.40482,1.57409,0.516848,2.53811,,
X2/no_morph__f0_s1,109,9.22719e-05,1,0,0.0565101,0.319367,2.88466,2.09988,0.311942,0.642299,0,28,0.596696,0.611746,0.612698,0.628571,0.615302,,,,,0.333333,11.1779,0,8.58597,2.70002,6.00678,1.35214,1.45072,0.4888,2.4573,,
X2/no_morph__f0_s1,110,8.82228e-05,1,0,0.0561074,0.316333,2.96963,2.17107,0.396763,0.59654,0,28,0.592002,0.596484,0.612698,0.620635,0.615302,,,,,0.333333,11.2403,0,8.37106,2.74306,6.50164,1.36957,1.47342,0.483773,2.52442,,
X2/no_morph__f0_s1,111,8.42509e-05,0,0,0.0557047,0.3133,1.84395,1.28942,0.742188,0.742188,0,28,0.631743,0.629822,0.638095,0.64127,0.631743,0.809,0.803,0.652479,0.755219,0.333333,13.4997,0,10.9134,3.0919,6.7104,1.38074,1.32439,0.526257,1.76996,69.2589,30.7411
X2/no_morph__f0_s1,112,8.03579e-05,0,0.0020458,0.055302,0.310267,1.83156,1.28627,0.74442,0.734933,0,28,0.619711,0.630981,0.630159,0.644444,0.631743,,,,,0.333333,13.4952,0,11.0183,3.34221,6.45584,1.42145,1.30186,0.514699,1.75751,,
X2/no_morph__f0_s1,113,7.65457e-05,0,0.00812741,0.0548993,0.307233,1.89541,1.36252,0.733817,0.694196,0,28,0.630894,0.636866,0.636508,0.646032,0.636866,0.826,0.798,0.625572,0.751182,0.333333,14.7083,0,11.0079,3.60128,8.59184,1.5187,1.34018,0.518987,1.73446,70.0809,29.9191
X2/no_morph__f0_s1,114,7.28161e-05,0,0.0180789,0.0544966,0.3042,2.00512,1.47799,0.750558,0.664621,0,28,0.638512,0.643197,0.646032,0.653968,0.643197,0.826,0.802,0.582442,0.745353,0.333333,14.6105,0,11.0653,3.69644,8.23038,1.67444,1.45163,0.515534,1.73283,70.8243,29.1757
X2/no_morph__f0_s1,115,6.91709e-05,0,0.0316289,0.054094,0.301167,2.20944,1.68367,0.743304,0.598772,0,28,0.653159,0.625066,0.661905,0.639683,0.653159,0.823,0.808,0.555637,0.714505,0.333333,18.2287,0,13.9868,4.13107,9.9508,1.8515,1.54053,0.502358,1.74576,71.8334,28.1666
X2/no_morph__f0_s1,116,6.56117e-05,0,0.0484078,0.0536913,0.298133,2.36901,1.85901,0.760603,0.535714,0,28,0.645614,0.62919,0.653968,0.64127,0.653159,,,,,0.333333,18.9015,0,13.2885,4.51823,11.8892,2.1222,1.65272,0.492605,1.71063,,
X2/no_morph__f0_s1,117,6.21402e-05,0,0.0679578,0.0532886,0.2951,2.60588,2.11212,0.756696,0.479353,0,28,0.652957,0.635318,0.65873,0.644444,0.653159,,,,,0.333333,23.6864,0,18.0371,5.62394,13.1593,2.44389,1.828,0.50655,1.67318,,
X2/no_morph__f0_s1,118,5.87581e-05,0,0.0897457,0.0528859,0.292067,2.96544,2.48136,0.759487,0.396205,0,28,0.654887,0.643663,0.65873,0.655556,0.654887,0.836,0.819,0.521663,0.64531,0.333333,26.332,0,19.6908,6.39855,15.2222,2.80816,1.92141,0.485921,1.65743,73.1435,26.8565
X2/no_morph__f0_s1,119,5.5467e-05,0,0.113177,0.0524832,0.289033,3.42715,2.93709,0.747768,0.353795,0,28,0.647729,0.641238,0.657143,0.652381,0.654887,,,,,0.333333,29.8068,0,22.7347,6.98838,16.8226,3.13713,2.04253,0.487802,1.69551,,
X2/no_morph__f0_s1,120,5.22683e-05,0,0.137613,0.0520805,0.286,3.79069,3.31481,0.757813,0.311942,0,28,0.657847,0.639492,0.666667,0.649206,0.657847,0.847,0.818,0.505089,0.613346,0.333333,34.5794,0,27.521,8.01448,17.8637,3.45259,2.12145,0.475859,1.6639,74.549,25.451
X2/no_morph__f0_s1,121,4.91636e-05,0,0.162387,0.0516779,0.282967,4.31705,3.84405,0.743304,0.261719,0,28,0.65153,0.633496,0.661905,0.646032,0.657847,,,,,0.333333,33.8191,0,24.5486,8.59503,20.1019,3.81885,2.19242,0.46389,1.67158,,
X2/no_morph__f0_s1,122,4.61544e-05,0,0.186823,0.0512752,0.279933,4.74102,4.27404,0.74721,0.238839,0,28,0.643655,0.636948,0.652381,0.649206,0.657847,,,,,0.333333,39.0456,0,28.5459,10.7894,22.5574,4.09865,2.26704,0.465973,1.66819,,
X2/no_morph__f0_s1,123,4.3242e-05,0,0.210254,0.0508725,0.2769,5.15437,4.68848,0.757254,0.218192,0,28,0.640038,0.651838,0.647619,0.661905,0.657847,,,,,0.333333,42.8981,0,30.7782,10.045,26.541,4.29896,2.28517,0.450865,1.68252,,
X2/no_morph__f0_s1,124,4.04278e-05,0,0.232042,0.0504698,0.273867,5.60585,5.14167,0.739397,0.18192,0,28,0.64188,0.649753,0.65873,0.65873,0.657847,,,,,0.333333,41.0674,0,28.8328,10.4119,25.8331,4.57234,2.35676,0.459043,1.69491,,
X2/no_morph__f0_s1,125,3.77132e-05,0,0.251592,0.0500671,0.270833,5.73002,5.28302,0.767299,0.19029,0,28,0.666251,0.657556,0.67619,0.666667,0.666251,0.839,0.839,0.528256,0.524652,0.333333,44.3948,0,33.8436,11.7624,24.9239,4.7042,2.34831,0.439865,1.65045,78.849,21.151
X2/no_morph__f0_s1,126,3.50995e-05,0,0.268371,0.0496644,0.2678,6.2262,5.78053,0.739397,0.16183,0,28,0.654878,0.656383,0.663492,0.665079,0.666251,,,,,0.333333,45.675,0,34.9324,11.4417,25.8008,4.83659,2.39038,0.440336,1.66418,,
X2/no_morph__f0_s1,127,3.25877e-05,0,0.281921,0.0492617,0.264767,6.29558,5.8546,0.757813,0.160156,0,28,0.671881,0.648817,0.680952,0.65873,0.671881,0.85,0.839,0.510779,0.509232,0.333333,48.2982,0,36.2717,13.3549,27.3196,5.01654,2.43373,0.436292,1.66556,79.8275,20.1725
X2/no_morph__f0_s1,128,3.01792e-05,0,0.291873,0.0488591,0.261733,6.41756,5.99431,0.775112,0.151786,0,28,0.669566,0.650685,0.677778,0.660317,0.671881,,,,,0.333333,52.8553,0,40.1382,13.4829,29.7495,4.97924,2.3856,0.419602,1.61712,,
X2/no_morph__f0_s1,129,2.78751e-05,0,0.297954,0.0484564,0.2587,6.49702,6.07214,0.770647,0.15904,0,28,0.665034,0.660581,0.674603,0.671429,0.671881,,,,,0.333333,59.5398,0,45.9692,16.1979,31.2939,5.19506,2.43571,0.428712,1.64237,,
X2/no_morph__f0_s1,130,2.56764e-05,0,0.3,0.0480537,0.255667,6.47283,6.05611,0.761719,0.162946,0,28,0.671432,0.660793,0.680952,0.671429,0.671881,,,,,0.333333,48.6856,0,35.6706,12.9943,28.765,5.02627,2.37205,0.403178,1.62993,,
X2/no_morph__f0_s1,131,2.35841e-05,0,0.3,0.047651,0.252633,6.42349,6.01094,0.771205,0.169643,0,28,0.666591,0.659794,0.679365,0.669841,0.671881,,,,,0.333333,49.4117,0,35.1227,12.4823,30.9,5.10113,2.38099,0.399599,1.633,,
X2/no_morph__f0_s1,132,2.15994e-05,0,0.3,0.0472483,0.25,6.24161,5.83953,0.772879,0.189174,0,28,0.661015,0.663401,0.669841,0.673016,0.671881,,,,,0.333333,51.434,0,39.2634,13.1646,28.6521,5.08841,2.36705,0.403229,1.60833,,
X2/no_morph__f0_s1,133,1.9723e-05,0,0.3,0.0468456,0.25,6.36281,5.95903,0.763951,0.192522,0,28,0.670213,0.660653,0.680952,0.671429,0.671881,,,,,0.333333,50.9362,0,38.4172,12.9471,28.8939,5.12294,2.37511,0.409909,1.61511,,
X2/no_morph__f0_s1,134,1.79558e-05,0,0.3,0.046443,0.25,6.48484,6.08009,0.746094,0.183036,0,28,0.671711,0.659654,0.68254,0.671429,0.671881,,,,,0.333333,51.6383,0,40.1045,13.5674,27.5415,5.17402,2.3734,0.413331,1.619,,
X2/no_morph__f0_s1,135,1.62988e-05,0,0.3,0.0460403,0.25,6.3926,5.99191,0.745536,0.197545,0,28,0.666969,0.662338,0.677778,0.674603,0.671881,,,,,0.333333,54.3414,0,42.7781,13.1337,28.2938,5.2508,2.37942,0.41582,1.60276,,
X2/no_morph__f0_s1,136,1.47526e-05,0,0.3,0.0456376,0.25,6.32625,5.91816,0.773996,0.205915,0,28,0.662364,0.660291,0.673016,0.671429,0.671881,,,,,0.333333,53.0605,0,41.0045,13.4539,29.0715,5.1884,2.33492,0.402127,1.63236,,
X2/no_morph__f0_s1,137,1.33181e-05,0,0.3,0.0452349,0.25,6.26926,5.86762,0.773438,0.203125,0,28,0.67027,0.661261,0.679365,0.674603,0.671881,,,,,0.333333,54.1057,0,41.5885,13.5761,30.0852,5.15075,2.34898,0.405275,1.60657,,
X2/no_morph__f0_s1,138,1.19958e-05,0,0.3,0.0448322,0.25,6.15053,5.75784,0.779576,0.214286,0,28,0.674207,0.664077,0.684127,0.67619,0.674207,0.845,0.852,0.54305,0.490643,0.333333,54.7134,0,42.2803,14.8951,29.2324,5.1383,2.3179,0.396396,1.57074,82.1535,17.8465
X2/no_morph__f0_s1,139,1.07864e-05,0,0.3,0.0444295,0.25,6.18395,5.78235,0.77846,0.209263,0,28,0.671724,0.665562,0.680952,0.67619,0.674207,,,,,0.333333,55.7473,0,44.7244,13.8685,27.8838,5.18047,2.3294,0.399245,1.6064,,
X2/no_morph__f0_s1,140,9.69048e-06,0,0.3,0.0440268,0.25,6.2533,5.85409,0.768973,0.212612,0,28,0.673519,0.661576,0.68254,0.673016,0.674207,,,,,0.333333,51.2948,0,38.2409,13.5195,29.4366,5.14862,2.33073,0.40345,1.59686,,
X2/no_morph__f0_s1,141,8.70853e-06,0,0.3,0.0436242,0.25,6.34812,5.94516,0.760603,0.203125,0,28,0.672539,0.664968,0.68254,0.67619,0.674207,,,,,0.333333,51.8659,0,39.102,13.7563,29.7687,5.1528,2.32795,0.400334,1.61184,,
X2/no_morph__f0_s1,142,7.84101e-06,0,0.3,0.0432215,0.25,6.02014,5.62704,0.792411,0.223214,0,28,0.679452,0.667726,0.688889,0.679365,0.679452,0.849,0.851,0.531336,0.494395,0.333333,53.7475,0,42.1546,13.9459,28.8593,5.226,2.32543,0.405588,1.57237,82.3266,17.6734
X2/no_morph__f0_s1,143,7.08833e-06,0,0.3,0.0428188,0.25,6.07827,5.69098,0.773438,0.213728,0,28,0.67127,0.661064,0.680952,0.673016,0.679452,,,,,0.333333,55.1971,0,44.077,14.2649,28.2492,5.16326,2.30935,0.391111,1.54917,,
X2/no_morph__f0_s1,144,6.45086e-06,0,0.3,0.0424161,0.25,6.05791,5.66356,0.777344,0.230469,0,28,0.668515,0.659353,0.677778,0.671429,0.679452,,,,,0.333333,49.6125,0,37.2792,13.1875,28.4808,5.15718,2.31179,0.395981,1.5774,,
X2/no_morph__f0_s1,145,5.92887e-06,0,0.3,0.0420134,0.25,6.17336,5.77328,0.760045,0.230469,0,28,0.67075,0.668108,0.680952,0.679365,0.679452,,,,,0.333333,50.2647,0,39.3665,13.4686,26.6403,5.05934,2.28943,0.398594,1.60031,,
X2/no_morph__f0_s1,146,5.52264e-06,0,0.3,0.0416107,0.25,6.24362,5.84363,0.760045,0.220982,0,28,0.663353,0.666017,0.673016,0.677778,0.679452,,,,,0.333333,54.4413,0,43.0954,14.1595,28.1834,5.08431,2.26636,0.397154,1.59999,,
X2/no_morph__f0_s1,147,5.23233e-06,0,0.3,0.0412081,0.25,6.12999,5.73318,0.770647,0.224888,0,28,0.669298,0.669276,0.679365,0.679365,0.679452,,,,,0.333333,50.3339,0,39.4534,13.6144,25.7143,5.13672,2.31179,0.396329,1.58723,,
X2/no_morph__f0_s1,148,5.05809e-06,0,0.3,0.0408054,0.25,6.05547,5.66277,0.784598,0.222656,0,28,0.673554,0.668069,0.684127,0.679365,0.679452,,,,,0.333333,53.38,0,41.076,14.8898,28.6507,5.13842,2.30207,0.399794,1.57079,,
X2/no_morph__f0_s1,149,5e-06,0,0.3,0.0404027,0.25,5.93627,5.55103,0.787946,0.246652,0,28,0.67373,0.664519,0.684127,0.67619,0.679452,,,,,0.333333,49.2734,1,36.8164,15.0394,27.8468,5.03912,2.26881,0.39458,1.54094,,
X2/no_morph__f0_s1,150,5e-06,0,0.3,0.04,0.25,5.82856,5.44889,0.791853,0.251674,0,28,0.678246,0.661868,0.688889,0.673016,0.679452,0.848,0.848,0.526152,0.500738,0.333333,52.6789,0,40.4583,14.4099,28.5222,5.09152,2.27155,0.395826,1.5187,81.479,18.521
X2/no_morph__f1_s0,1,0.0002,1,0,0.1,0.646967,8.5779,5.66635,0.0172991,0.0145089,0,28,0.000246914,0.000251708,0.0111111,0.0111111,0.000251708,0.011,0.011,4.72682,4.73657,0.25,39.2445,7,31.6697,18.1312,10.3238,9.59292,2.70082,0.0928482,4.5003,0.073399,99.9266
X2/no_morph__f1_s0,2,0.0003,1,0,0.0995973,0.643933,7.58964,4.69586,0.015067,0.0189732,0,28,0.00285664,0.00766146,0.0206349,0.0238095,0.00766146,0.018,0.021,4.45464,4.42821,0.333333,15.0532,0,9.75221,8.99177,3.80169,5.02335,2.24909,0.100681,4.49391,1.03598,98.964
X2/no_morph__f1_s0,3,0.0004,1,0,0.0991946,0.6409,7.3057,4.47393,0.0279018,0.0323661,0,28,0.0153978,0.0154956,0.0396825,0.0365079,0.0154956,0.033,0.04,4.19391,4.13546,0.285714,7.26196,0,3.66474,4.34407,1.86955,3.4945,2.31488,0.187444,4.41842,19.1206,80.8793
X2/no_morph__f1_s0,4,0.0005,1,0,0.0987919,0.637867,7.05352,4.33055,0.0256696,0.0362723,0,28,0.0194871,0.0192438,0.0444444,0.0492063,0.0194871,0.044,0.065,4.03723,3.94565,0.0952381,4.71685,0,1.63983,2.80689,1.36282,2.8355,2.28774,0.399831,4.26886,33.8533,66.1467
X2/no_morph__f1_s0,5,0.000499942,1,0,0.0983893,0.634833,6.87556,4.21057,0.0379464,0.047433,0,28,0.0384818,0.0370209,0.0777778,0.0666667,0.0384818,0.074,0.094,3.79661,3.72842,0.0238095,4.38521,0,1.63899,2.2159,1.76661,2.65779,2.35866,0.43964,4.19792,43.8386,56.1614
X2/no_morph__f1_s0,6,0.000499768,1,0,0.0979866,0.6318,6.82878,4.17277,0.047433,0.0703125,0,28,0.0463152,0.0631162,0.0857143,0.1,0.0631162,0.095,0.102,3.68981,3.62227,0.0238095,4.21655,0,1.35343,1.98984,2.17549,2.42595,2.36203,0.446816,4.20388,37.869,62.131
X2/no_morph__f1_s0,7,0.000499477,1,0,0.0975839,0.628767,6.58851,4.0153,0.0491071,0.0825893,0,28,0.0279729,0.0689929,0.0714286,0.114286,0.0689929,0.084,0.124,3.74006,3.49905,0.0595238,4.51497,0,1.37084,2.02569,2.65368,2.29927,2.35645,0.505305,4.09248,38.8895,61.1105
X2/no_morph__f1_s0,8,0.000499071,1,0,0.0971812,0.625733,6.60033,4.02719,0.0379464,0.0814732,0,28,0.0386058,0.0689682,0.0825397,0.114286,0.0689929,,,,,0.0238095,3.99006,0,1.4583,1.65702,2.34776,2.07116,2.25135,0.497163,4.1122,,
X2/no_morph__f1_s0,9,0.000498549,1,0,0.0967785,0.6227,6.49443,3.95426,0.0429688,0.0926339,0,28,0.0760919,0.0869808,0.122222,0.128571,0.0869808,0.137,0.146,3.40501,3.37462,0.0238095,3.9702,0,1.37524,1.68013,2.35093,2.07873,2.30294,0.505667,4.0793,40.0291,59.9709
X2/no_morph__f1_s0,10,0.000497912,1,0,0.0963758,0.619667,6.57588,4.02387,0.0647321,0.093192,0,28,0.0677815,0.094638,0.114286,0.14127,0.094638,0.124,0.169,3.54035,3.33822,0,3.72257,0,1.455,1.65949,2.06686,1.94711,2.28431,0.49491,4.11837,41.2005,58.7995
X2/no_morph__f1_s0,11,0.000497159,1,0,0.0959732,0.616633,6.41751,3.90741,0.0636161,0.103795,0,28,0.0897731,0.100279,0.133333,0.149206,0.100279,0.157,0.166,3.30981,3.30044,0.0833333,4.38809,0,1.80409,1.59359,2.8558,1.89046,2.23598,0.48677,4.07065,40.3327,59.6673
X2/no_morph__f1_s0,12,0.000496291,1,0,0.0955705,0.6136,6.38577,3.88797,0.0563616,0.123326,0,28,0.0754372,0.107578,0.115873,0.153968,0.107578,0.136,0.184,3.50664,3.23019,0.0714286,4.50827,0,1.32397,1.68967,3.32292,1.89044,2.22306,0.494618,4.07072,40.7652,59.2348
X2/no_morph__f1_s0,13,0.00049531,1,0,0.0951678,0.610567,6.19771,3.77398,0.078683,0.126116,0,28,0.0992034,0.113488,0.147619,0.152381,0.113488,0.173,0.193,3.20528,3.18639,0.178571,5.46463,0,1.57466,1.64118,4.30112,1.94739,2.28231,0.532004,3.96964,42.068,57.932
X2/no_morph__f1_s0,14,0.000494214,1,0,0.0947651,0.607533,6.37337,3.91294,0.0731027,0.111049,0,28,0.110334,0.120405,0.152381,0.163492,0.120405,0.166,0.201,3.26666,3.15329,0.130952,4.90809,0,1.86976,1.81804,3.52038,1.80076,2.2271,0.522833,4.04986,45.0651,54.9349
X2/no_morph__f1_s0,15,0.000493004,1,0,0.0943624,0.6045,6.18617,3.79141,0.0691964,0.129464,0,28,0.100257,0.155372,0.14127,0.195238,0.155372,0.15,0.234,3.32126,3.081,0.22619,5.85963,0,3.17719,1.96403,3.5403,1.81272,2.21205,0.539926,3.96156,47.5308,52.4692
X2/no_morph__f1_s0,16,0.000491682,1,0,0.0939597,0.601467,5.91211,3.60924,0.0926339,0.171317,0,28,0.137056,0.173022,0.184127,0.215873,0.173022,0.204,0.237,3.00894,3.00736,0.25,6.18932,0,2.71693,2.23485,4.24808,1.85403,2.16321,0.575195,3.82877,48.0015,51.9985
X2/no_morph__f1_s0,17,0.000490247,1,0,0.093557,0.598433,5.85977,3.58621,0.0864955,0.160156,0,28,0.127505,0.170685,0.168254,0.209524,0.173022,,,,,0.297619,6.71571,0,2.96387,1.97068,4.85918,1.824,2.14466,0.587298,3.79919,,
X2/no_morph__f1_s0,18,0.000488701,1,0,0.0931544,0.5954,5.64519,3.44799,0.0915179,0.208147,0,28,0.166755,0.201147,0.214286,0.242857,0.201147,0.247,0.272,2.84048,2.81375,0.297619,6.9613,0,3.92689,2.11938,4.59356,1.92378,2.19973,0.664159,3.69029,43.6547,56.3453
X2/no_morph__f1_s0,19,0.000487044,1,0,0.0927517,0.592367,5.85032,3.60581,0.105469,0.191406,0,28,0.168701,0.208089,0.190476,0.249206,0.208089,0.225,0.294,2.9074,2.74366,0.238095,6.32866,0,3.07689,1.88995,4.52122,1.7888,2.21481,0.645121,3.78906,47.2,52.8
X2/no_morph__f1_s0,20,0.000485277,1,0,0.092349,0.589333,5.75697,3.55067,0.112723,0.19029,0,28,0.178919,0.225045,0.21746,0.263492,0.225045,0.267,0.31,2.69378,2.68375,0.238095,5.72671,0,3.0627,1.69827,3.91262,1.75242,2.14269,0.623702,3.74372,47.384,52.616
X2/no_morph__f1_s0,21,0.000483401,1,0,0.0919463,0.5863,5.75464,3.55364,0.113281,0.189732,0,28,0.168563,0.235724,0.225397,0.273016,0.235724,0.245,0.305,2.82535,2.63617,0.285714,7.70117,0,4.42301,2.01405,5.17551,1.79192,2.17216,0.674637,3.75406,49.4664,50.5336
X2/no_morph__f1_s0,22,0.000481416,1,0,0.0915436,0.583267,5.55734,3.42637,0.118304,0.223214,0,28,0.211364,0.248021,0.247619,0.280952,0.248021,0.287,0.334,2.61563,2.57388,0.261905,6.26502,0,2.71576,1.65843,4.7999,1.80382,2.21295,0.690934,3.6535,50.8939,49.1061
X2/no_morph__f1_s0,23,0.000479324,1,0,0.0911409,0.580233,5.57696,3.44103,0.0954241,0.227121,0,28,0.250531,0.259297,0.295238,0.296825,0.259297,0.315,0.353,2.50776,2.53859,0.261905,6.34461,0,3.39353,1.75671,4.41896,1.69803,2.16324,0.662551,3.68116,50.2708,49.7292
X2/no_morph__f1_s0,24,0.000477125,1,0,0.0907383,0.5772,5.58734,3.46869,0.0887277,0.237165,0,28,0.195697,0.263212,0.234921,0.3,0.263212,0.235,0.352,2.81816,2.50722,0.309524,8.15627,0,3.7511,1.90128,6.49621,1.70492,2.14533,0.667847,3.67057,53.295,46.705
X2/no_morph__f1_s0,25,0.000474821,1,0,0.0903356,0.574167,5.53354,3.42045,0.145089,0.236607,0,28,0.210258,0.265421,0.253968,0.301587,0.265421,0.288,0.362,2.70289,2.45237,0.321429,7.29624,0,3.90973,1.90989,5.27523,1.64682,2.05782,0.656404,3.68029,52.9254,47.0746
X2/no_morph__f1_s0,26,0.000472412,1,0,0.0899329,0.571133,5.45339,3.38287,0.143973,0.238839,0,28,0.238692,0.290494,0.280952,0.322222,0.290494,0.337,0.362,2.41861,2.44232,0.309524,7.45159,0,3.34882,1.68412,5.81374,1.67461,2.14222,0.678314,3.62529,46.9544,53.0456
X2/no_morph__f1_s0,27,0.000469901,1,0,0.0895302,0.5681,5.16078,3.17931,0.133929,0.297991,0,28,0.268323,0.283253,0.312698,0.319048,0.290494,,,,,0.333333,8.19166,0,3.56956,1.91314,6.60561,1.7089,2.06385,0.687895,3.48788,,
X2/no_morph__f1_s0,28,0.000467287,1,0,0.0891275,0.565067,5.39928,3.35548,0.170201,0.25,0,28,0.256847,0.274174,0.293651,0.312698,0.290494,,,,,0.333333,8.09275,0,4.17205,2.01684,6.02764,1.64993,2.08881,0.68729,3.61693,,
X2/no_morph__f1_s0,29,0.000464572,1,0,0.0887248,0.562033,5.36104,3.33334,0.141183,0.262277,0,28,0.302535,0.300189,0.333333,0.336508,0.302535,0.381,0.383,2.31019,2.26908,0.321429,7.52087,0,3.40821,1.92913,5.90907,1.65969,2.12881,0.684,3.60781,53.5866,46.4134
X2/no_morph__f1_s0,30,0.000461758,1,0,0.0883221,0.559,5.26101,3.27594,0.107143,0.273996,0,28,0.263533,0.301164,0.3,0.34127,0.302535,,,,,0.333333,8.30299,0,3.00058,1.81153,7.07866,1.68689,2.13106,0.683033,3.55112,,
X2/no_morph__f1_s0,31,0.000458846,1,0,0.0879195,0.555967,5.16115,3.20312,0.172433,0.290179,0,28,0.311575,0.29074,0.360317,0.333333,0.311575,0.384,0.407,2.23908,2.20879,0.333333,8.57629,0,4.25915,2.00973,6.67326,1.66556,2.10059,0.701348,3.52185,52.9762,47.0238
X2/no_morph__f1_s0,32,0.000455836,1,0,0.0875168,0.552933,5.08603,3.16945,0.18471,0.283482,0,28,0.241774,0.302657,0.273016,0.347619,0.311575,,,,,0.321429,11.1797,0,5.01563,2.07121,9.01407,1.72181,2.09857,0.707154,3.4662,,
X2/no_morph__f1_s0,33,0.000452732,1,0,0.0871141,0.5499,5.26853,3.3061,0.174665,0.273438,0,28,0.276818,0.333705,0.32381,0.368254,0.333705,0.36,0.418,2.31723,2.18413,0.309524,7.76719,0,3.77606,1.86187,6.10388,1.53843,2.03772,0.657615,3.5687,53.6162,46.3838
X2/no_morph__f1_s0,34,0.000449533,1,0,0.0867114,0.546867,5.11088,3.19173,0.171317,0.300781,0,28,0.268292,0.344668,0.320635,0.38254,0.344668,0.342,0.44,2.30507,2.11002,0.333333,9.06309,0,5.12253,2.07608,6.47673,1.64251,2.1089,0.666561,3.50935,59.6244,40.3756
X2/no_morph__f1_s0,35,0.000446242,1,0,0.0863087,0.543833,5.02373,3.13859,0.131696,0.305804,0,28,0.23789,0.342037,0.27619,0.38254,0.344668,,,,,0.333333,9.31123,0,4.79357,2.06901,7.27837,1.62788,2.01176,0.683044,3.46638,,
X2/no_morph__f1_s0,36,0.00044286,1,0,0.085906,0.5408,5.08644,3.1971,0.19308,0.297433,0,28,0.177696,0.352468,0.219048,0.390476,0.352468,0.255,0.449,2.76699,2.06412,0.333333,10.0851,0,4.82092,2.04571,8.11957,1.64355,2.10458,0.67954,3.49359,55.2952,44.7048
X2/no_morph__f1_s0,37,0.000439388,1,0,0.0855034,0.537767,4.86305,3.0406,0.152902,0.328683,0,28,0.322323,0.34683,0.357143,0.388889,0.352468,,,,,0.333333,9.72127,0,5.33791,2.25317,7.36279,1.5961,1.96746,0.664629,3.38892,,
X2/no_morph__f1_s0,38,0.000435829,1,0,0.0851007,0.534733,4.78395,2.9963,0.128348,0.335938,0,28,0.332697,0.352792,0.369841,0.392063,0.352792,0.44,0.449,2.0448,2.02684,0.333333,9.9666,0,4.45016,2.10918,8.16339,1.67845,2.02747,0.713525,3.34306,54.4306,45.5694
X2/no_morph__f1_s0,39,0.000432184,1,0,0.084698,0.5317,5.12994,3.25133,0.164062,0.27567,0,28,0.295299,0.364464,0.330159,0.401587,0.364464,0.398,0.465,2.19103,1.96946,0.321429,9.04823,0,5.32054,2.33317,6.3681,1.5773,2.03266,0.692486,3.53322,58.9681,41.0319
X2/no_morph__f1_s0,40,0.000428454,1,0,0.0842953,0.528667,4.85605,3.06018,0.126674,0.314732,0,28,0.34106,0.381068,0.368254,0.414286,0.381068,0.429,0.481,2.10784,1.94939,0.333333,10.0976,0,5.78658,2.21514,7.46787,1.58207,1.956,0.67615,3.39698,60.1946,39.8054
X2/no_morph__f1_s0,41,0.000424642,1,0,0.0838926,0.525633,4.8501,3.05635,0.280692,0.367188,0,28,0.32146,0.359681,0.352381,0.403175,0.381068,,,,,0.321429,9.50769,0,5.15559,2.10353,7.21993,1.55314,1.97106,0.662739,3.41255,,
X2/no_morph__f1_s0,42,0.000420749,1,0,0.0834899,0.5226,4.86311,3.08416,0.183594,0.332589,0,28,0.378326,0.392583,0.420635,0.428571,0.392583,0.483,0.499,1.88953,1.89346,0.333333,9.18237,0,4.98087,1.98299,7.09562,1.52699,1.95354,0.650105,3.40403,58.9152,41.0848
X2/no_morph__f1_s0,43,0.000416777,1,0,0.0830872,0.519567,4.73068,2.99584,0.218192,0.348772,0,28,0.348163,0.394069,0.379365,0.433333,0.394069,0.449,0.511,1.90134,1.84995,0.333333,9.92399,0,5.54579,2.34339,7.51002,1.5813,1.9636,0.681445,3.33902,59.3205,40.6795
X2/no_morph__f1_s0,44,0.000412728,1,0,0.0826846,0.516533,4.50526,2.84595,0.193638,0.391741,0,28,0.377556,0.40892,0.412698,0.439683,0.40892,0.469,0.535,1.8414,1.79082,0.333333,10.3657,0,6.21545,2.42623,7.47911,1.62253,2.00695,0.728435,3.2124,60.5042,39.4958
X2/no_morph__f1_s0,45,0.000408604,1,0,0.0822819,0.5135,4.65514,2.96335,0.257254,0.365513,0,28,0.359864,0.40983,0.390476,0.449206,0.40983,0.466,0.502,1.88392,1.79876,0.333333,9.89656,0,6.53072,2.48418,6.40709,1.59097,1.98384,0.694418,3.29463,58.4849,41.5151
X2/no_morph__f1_s0,46,0.000404406,1,0,0.0818792,0.510467,4.40904,2.78266,0.175781,0.400112,0,28,0.313804,0.418334,0.365079,0.446032,0.418334,0.398,0.535,2.10495,1.76679,0.333333,10.9131,0,7.02033,2.4615,7.50566,1.60913,1.90157,0.717473,3.18606,66.3687,33.6314
X2/no_morph__f1_s0,47,0.000400137,1,0,0.0814765,0.507433,4.61406,2.94116,0.213728,0.378906,0,28,0.379101,0.434115,0.409524,0.461905,0.434115,0.482,0.541,1.89841,1.74148,0.333333,10.7269,0,7.15933,2.73613,6.88211,1.56655,1.93006,0.708576,3.29678,68.1866,31.8134
X2/no_morph__f1_s0,48,0.000395799,1,0,0.0810738,0.5044,4.26882,2.70687,0.234375,0.409598,0,28,0.369149,0.435121,0.401587,0.465079,0.435121,0.483,0.561,1.80518,1.6717,0.333333,10.9,0,7.50488,2.51282,6.80147,1.58349,1.90905,0.712516,3.09665,65.2249,34.7751
X2/no_morph__f1_s0,49,0.000391394,1,0,0.0806711,0.501367,4.63176,2.97452,0.200335,0.359375,0,28,0.352012,0.398061,0.393651,0.436508,0.435121,,,,,0.333333,10.3472,0,6.13058,2.10989,7.52117,1.60679,1.95691,0.694685,3.30545,,
X2/no_morph__f1_s0,50,0.000386923,1,0,0.0802685,0.498333,4.29125,2.73412,0.229911,0.419643,0,28,0.399146,0.414841,0.426984,0.450794,0.435121,0.455,0.545,1.91134,1.66672,0.333333,10.3111,0,6.24067,2.42538,7.31968,1.53972,1.84422,0.705395,3.12468,58.1067,41.8933
X2/no_morph__f1_s0,51,0.000382389,1,0,0.0798658,0.4953,4.558,2.94146,0.21317,0.373326,0,28,0.215354,0.445786,0.257143,0.479365,0.445786,0.299,0.56,2.50657,1.59992,0.333333,10.7498,0,7.44949,2.43908,6.81003,1.55656,1.93225,0.698067,3.26376,63.9101,36.0899
X2/no_morph__f1_s0,52,0.000377795,1,0,0.0794631,0.492267,4.34453,2.79041,0.203683,0.401228,0,28,0.284106,0.45827,0.325397,0.485714,0.45827,0.346,0.564,2.22691,1.60445,0.333333,9.83745,0,6.48731,2.18525,6.63482,1.52801,1.8731,0.684743,3.15707,61.1432,38.8568
X2/no_morph__f1_s0,53,0.000373141,1,0,0.0790604,0.489233,4.35413,2.80685,0.246652,0.409598,0,28,0.415728,0.447624,0.449206,0.477778,0.45827,,,,,0.333333,10.5482,0,6.72652,2.30392,7.18439,1.53452,1.88339,0.704263,3.16266,,
X2/no_morph__f1_s0,54,0.000368431,1,0,0.0786577,0.4862,4.53422,2.94928,0.226004,0.366629,0,28,0.377206,0.464789,0.401587,0.492063,0.464789,0.477,0.59,1.81578,1.54821,0.333333,10.5451,0,6.0714,2.39306,7.80215,1.54946,1.93957,0.684235,3.25985,63.2197,36.7803
X2/no_morph__f1_s0,55,0.000363667,1,0,0.078255,0.483167,4.05157,2.59243,0.239955,0.438058,0,28,0.435499,0.471676,0.460317,0.496825,0.471676,0.561,0.615,1.50521,1.51512,0.333333,9.93978,0,6.46494,2.18476,6.8227,1.53103,1.83525,0.710731,3.01996,63.5398,36.4602
X2/no_morph__f1_s0,56,0.00035885,1,0,0.0778523,0.480133,4.30574,2.79609,0.260603,0.40625,0,28,0.411408,0.460236,0.439683,0.492063,0.471676,,,,,0.333333,10.1703,0,6.12339,2.41393,7.14113,1.58257,1.90205,0.70442,3.14422,,
X2/no_morph__f1_s0,57,0.000353983,1,0,0.0774497,0.4771,4.50088,2.9545,0.133929,0.364955,0,28,0.362059,0.443332,0.4,0.479365,0.471676,,,,,0.333333,10.0314,0,5.68764,2.14002,7.616,1.53895,1.91637,0.664337,3.24122,,
X2/no_morph__f1_s0,58,0.000349069,1,0,0.077047,0.474067,4.15647,2.69934,0.208147,0.423549,0,28,0.441898,0.472497,0.463492,0.501587,0.472497,0.553,0.598,1.60938,1.47701,0.333333,10.5504,0,7.69551,2.66155,5.93411,1.51056,1.83774,0.685488,3.07368,60.9634,39.0366
X2/no_morph__f1_s0,59,0.000344109,1,0,0.0766443,0.471033,4.09001,2.6568,0.266741,0.448661,0,28,0.357858,0.462682,0.387302,0.492063,0.472497,,,,,0.333333,10.2635,0,6.00964,2.26058,7.58089,1.5172,1.80956,0.682972,3.04271,,
X2/no_morph__f1_s0,60,0.000339107,1,0,0.0762416,0.468,4.29611,2.82473,0.256696,0.414621,0,28,0.444188,0.461812,0.477778,0.495238,0.472497,,,,,0.333333,10.4476,0,5.86255,2.38711,7.797,1.52342,1.89229,0.675305,3.14399,,
X2/no_morph__f1_s0,61,0.000334063,1,0,0.0758389,0.464967,4.29298,2.82815,0.206473,0.41183,0,28,0.353805,0.465912,0.373016,0.498413,0.472497,,,,,0.333333,11.1044,0,6.41971,2.1413,8.29382,1.53977,1.92139,0.690103,3.1504,,
X2/no_morph__f1_s0,62,0.000328982,1,0,0.0754362,0.461933,3.92711,2.56778,0.170201,0.46875,0,28,0.403043,0.483893,0.426984,0.509524,0.483893,0.503,0.624,1.67521,1.42974,0.333333,11.0753,0,7.16019,2.51205,7.36264,1.49725,1.80208,0.686837,2.94271,64.024,35.976
X2/no_morph__f1_s0,63,0.000323864,1,0,0.0750336,0.4589,3.95539,2.58598,0.28683,0.467076,0,28,0.383091,0.4905,0.419048,0.515873,0.4905,0.491,0.622,1.77688,1.41635,0.333333,10.7359,0,6.29116,2.16117,8.01351,1.51801,1.79166,0.677707,2.9841,63.7648,36.2352
X2/no_morph__f1_s0,64,0.000318713,1,0,0.0746309,0.455867,3.99579,2.62623,0.233259,0.458147,0,28,0.447536,0.489714,0.471429,0.512698,0.4905,,,,,0.333333,12.1457,0,8.23732,2.46687,7.92411,1.52492,1.86257,0.678892,3.00431,,
X2/no_morph__f1_s0,65,0.000313531,1,0,0.0742282,0.452833,4.20715,2.7923,0.261161,0.430246,0,28,0.474916,0.47718,0.484127,0.5,0.4905,,,,,0.333333,10.3546,0,6.37897,2.11022,7.51763,1.48798,1.86606,0.670047,3.12445,,
X2/no_morph__f1_s0,66,0.000308321,1,0,0.0738255,0.4498,4.04255,2.68642,0.229911,0.4375,0,28,0.436778,0.480925,0.471429,0.506349,0.4905,,,,,0.333333,10.2123,0,6.25125,2.05063,7.44547,1.52872,1.88711,0.659789,3.01497,,
X2/no_morph__f1_s0,67,0.000303084,1,0,0.0734228,0.446767,3.97445,2.63,0.322545,0.464844,0,28,0.462936,0.487949,0.485714,0.507937,0.4905,,,,,0.333333,10.3048,0,6.36434,2.07787,7.33744,1.43887,1.78724,0.655782,3.0093,,
X2/no_morph__f1_s0,68,0.000297823,1,0,0.0730201,0.443733,3.93644,2.62278,0.175781,0.462612,0,28,0.366252,0.483755,0.401587,0.509524,0.4905,,,,,0.333333,10.6449,0,6.05298,2.15176,8.0692,1.49423,1.78997,0.667822,2.96048,,
X2/no_morph__f1_s0,69,0.000292541,1,0,0.0726174,0.4407,3.8179,2.53839,0.182478,0.46596,0,28,0.470678,0.497213,0.495238,0.52381,0.497213,0.637,0.643,1.28685,1.30688,0.333333,11.7782,0,7.42417,2.54777,8.2069,1.5472,1.80923,0.661068,2.90335,67.7446,32.2554
X2/no_morph__f1_s0,70,0.00028724,1,0,0.0722148,0.437667,4.10034,2.75334,0.266183,0.459263,0,28,0.435966,0.486569,0.461905,0.515873,0.497213,,,,,0.333333,10.8103,0,7.40268,2.19076,7.03903,1.45683,1.7885,0.640874,3.07769,,
X2/no_morph__f1_s0,71,0.000281923,1,0,0.0718121,0.434633,3.91232,2.61201,0.248884,0.466518,0,28,0.482357,0.49816,0.506349,0.522222,0.49816,0.59,0.646,1.44722,1.30222,0.333333,10.9522,0,7.22553,2.32581,7.28246,1.46174,1.77245,0.638328,2.99174,65.0652,34.9348
X2/no_morph__f1_s0,72,0.000276592,1,0,0.0714094,0.4316,3.96934,2.66143,0.231027,0.466518,0,28,0.484656,0.502911,0.509524,0.533333,0.502911,0.616,0.632,1.39406,1.32903,0.333333,9.57146,0,6.19506,2.2682,6.45829,1.44634,1.77158,0.620246,3.03039,66.9413,33.0587
X2/no_morph__f1_s0,73,0.00027125,1,0,0.0710067,0.428567,3.86045,2.59195,0.184152,0.469308,0,28,0.477226,0.506531,0.498413,0.533333,0.506531,0.586,0.638,1.38319,1.32126,0.333333,10.2487,0,7.44162,2.37917,6.10474,1.45423,1.75094,0.616484,2.95986,66.9974,33.0026
X2/no_morph__f1_s0,74,0.000265899,1,0,0.070604,0.425533,3.76407,2.52743,0.289062,0.464286,0,28,0.455464,0.511878,0.492063,0.539683,0.511878,0.594,0.638,1.42388,1.30795,0.333333,10.1869,0,7.13112,2.29447,6.35016,1.48686,1.76863,0.639302,2.9061,67.5471,32.4529
X2/no_morph__f1_s0,75,0.000260542,1,0,0.0702013,0.4225,3.74905,2.5233,0.208705,0.485491,0,28,0.415454,0.50124,0.433333,0.528571,0.511878,0.552,0.643,1.49432,1.28658,0.333333,9.55991,0,6.48897,2.27709,6.18366,1.45995,1.73429,0.625889,2.90117,68.4396,31.5604
X2/no_morph__f1_s0,76,0.000255181,1,0,0.0697987,0.419467,3.97089,2.68804,0.205915,0.46596,0,28,0.364758,0.497828,0.38254,0.525397,0.511878,,,,,0.333333,10.8103,0,7.77676,2.36777,6.51914,1.453,1.77834,0.625065,3.05829,,
X2/no_morph__f1_s0,77,0.000249819,1,0,0.069396,0.416433,3.85749,2.61724,0.222656,0.472656,0,28,0.444834,0.492386,0.471429,0.520635,0.511878,,,,,0.333333,11.1926,0,7.81861,2.51859,7.04792,1.4612,1.78134,0.607275,2.97826,,
X2/no_morph__f1_s0,78,0.000244458,1,0,0.0689933,0.4134,3.83448,2.61192,0.212054,0.491071,0,28,0.462496,0.502571,0.484127,0.528571,0.511878,,,,,0.333333,10.2844,0,6.85974,2.25387,6.86825,1.44019,1.7544,0.60729,2.95733,,
X2/no_morph__f1_s0,79,0.000239101,1,0,0.0685906,0.410367,3.87293,2.64328,0.220424,0.492746,0,28,0.396557,0.531287,0.409524,0.552381,0.531287,0.526,0.671,1.60406,1.19552,0.333333,10.3834,0,7.18514,2.33532,6.65467,1.40661,1.73646,0.608918,2.99645,68.0496,31.9504
X2/no_morph__f1_s0,80,0.00023375,1,0,0.0681879,0.407333,3.70986,2.52676,0.287946,0.484375,0,28,0.506601,0.53792,0.533333,0.560317,0.53792,0.641,0.672,1.19847,1.19591,0.333333,10.5133,0,6.62046,2.2746,7.33781,1.43783,1.7391,0.606828,2.9045,66.6821,33.3179
X2/no_morph__f1_s0,81,0.000228408,1,0,0.0677852,0.4043,3.51949,2.38981,0.321987,0.507812,0,28,0.511888,0.517427,0.534921,0.546032,0.53792,,,,,0.333333,11.1232,0,7.89538,2.32186,7.05176,1.45824,1.67962,0.619262,2.79418,,
X2/no_morph__f1_s0,82,0.000223077,1,0,0.0673826,0.401267,3.64931,2.49135,0.334821,0.519531,0,28,0.501644,0.529955,0.528571,0.555556,0.53792,,,,,0.333333,11.1884,0,7.83349,2.325,7.03002,1.47955,1.75591,0.601813,2.88577,,
X2/no_morph__f1_s0,83,0.00021776,1,0,0.0669799,0.398233,3.69519,2.54329,0.275112,0.50279,0,28,0.529418,0.530215,0.546032,0.555556,0.53792,,,,,0.333333,10.3931,0,6.96311,2.23644,6.82631,1.41724,1.68209,0.585667,2.89253,,
X2/no_morph__f1_s0,84,0.000212459,1,0,0.0665772,0.3952,3.52597,2.42238,0.329799,0.52567,0,28,0.511009,0.518841,0.528571,0.544444,0.53792,,,,,0.333333,10.4118,0,7.46322,2.51983,6.42472,1.43901,1.67638,0.592845,2.79247,,
X2/no_morph__f1_s0,85,0.000207177,1,0,0.0661745,0.392167,3.40136,2.33045,0.259487,0.546317,0,28,0.498439,0.542644,0.51746,0.565079,0.542644,0.627,0.692,1.23594,1.12633,0.333333,10.2154,0,7.39562,2.50052,6.14365,1.44763,1.67197,0.61324,2.73075,67.7175,32.2825
X2/no_morph__f1_s0,86,0.000201916,1,0,0.0657718,0.389133,3.29777,2.26033,0.282366,0.547433,0,28,0.510413,0.538002,0.531746,0.563492,0.542644,,,,,0.333333,11.4354,0,8.29578,2.49506,6.85434,1.46979,1.66346,0.605878,2.66603,,
X2/no_morph__f1_s0,87,0.000196679,1,0,0.0653691,0.3861,3.77089,2.63073,0.188616,0.478795,0,28,0.469648,0.53061,0.492063,0.557143,0.542644,,,,,0.333333,10.3733,0,6.99793,2.29988,6.89999,1.4546,1.72573,0.571897,2.95301,,
X2/no_morph__f1_s0,88,0.000191469,1,0,0.0649664,0.383067,3.37918,2.33197,0.323661,0.534598,0,28,0.471121,0.538814,0.484127,0.561905,0.542644,,,,,0.333333,11.1272,0,8.34735,2.38635,6.55361,1.47001,1.69491,0.598992,2.73376,,
X2/no_morph__f1_s0,89,0.000186287,1,0,0.0645638,0.380033,3.55783,2.4794,0.273438,0.49721,0,28,0.528204,0.527937,0.549206,0.557143,0.542644,,,,,0.333333,10.9273,0,7.67678,2.51497,6.70844,1.423,1.6532,0.559547,2.83773,,
X2/no_morph__f1_s0,90,0.000181136,1,0,0.0641611,0.377,3.03825,2.08578,0.25558,0.585938,0,28,0.45015,0.542205,0.471429,0.557143,0.542644,,,,,0.333333,12.818,0,9.45905,2.89077,7.48971,1.46406,1.61201,0.59675,2.52646,,
X2/no_morph__f1_s0,91,0.000176018,1,0,0.0637584,0.373967,3.32876,2.32011,0.330915,0.553013,0,28,0.511606,0.548901,0.531746,0.568254,0.548901,0.678,0.714,1.1357,1.07271,0.333333,11.0506,0,7.54596,2.46427,7.25769,1.435,1.67345,0.573683,2.69718,71.7872,28.2128
X2/no_morph__f1_s0,92,0.000170937,1,0,0.0633557,0.370933,3.2224,2.244,0.267857,0.571987,0,28,0.507039,0.545846,0.528571,0.566667,0.548901,,,,,0.333333,10.9296,0,7.57245,2.57905,6.94145,1.42003,1.59443,0.568283,2.63768,,
X2/no_morph__f1_s0,93,0.000165893,1,0,0.062953,0.3679,3.37376,2.36499,0.261719,0.563616,0,28,0.518748,0.542442,0.539683,0.565079,0.548901,,,,,0.333333,10.2183,0,6.95828,2.47552,6.71334,1.43902,1.63909,0.567732,2.74196,,
X2/no_morph__f1_s0,94,0.000160891,1,0,0.0625503,0.364867,3.4567,2.43617,0.285156,0.540179,0,28,0.500896,0.532807,0.514286,0.555556,0.548901,,,,,0.333333,10.9937,0,7.98168,2.36746,6.55461,1.43148,1.6757,0.562818,2.797,,
X2/no_morph__f1_s0,95,0.000155931,1,0,0.0621477,0.361833,3.58774,2.54197,0.266741,0.508371,0,28,0.530812,0.51808,0.54127,0.544444,0.548901,,,,,0.333333,10.2666,0,6.93832,2.53922,6.66902,1.42528,1.68226,0.542707,2.8902,,
X2/no_morph__f1_s0,96,0.000151017,1,0,0.061745,0.3588,3.30861,2.33307,0.28404,0.541853,0,28,0.49804,0.525698,0.522222,0.547619,0.548901,,,,,0.333333,10.5833,0,7.12613,2.49135,6.9997,1.42898,1.61462,0.55735,2.7189,,
X2/no_morph__f1_s0,97,0.00014615,1,0,0.0613423,0.355767,3.2096,2.26111,0.246652,0.577567,0,28,0.534859,0.540248,0.552381,0.55873,0.548901,,,,,0.333333,10.3522,0,7.55963,2.32459,6.27134,1.41115,1.59926,0.552838,2.66607,,
X2/no_morph__f1_s0,98,0.000141333,1,0,0.0609396,0.352733,3.21795,2.27864,0.264509,0.569196,0,28,0.496745,0.532919,0.514286,0.555556,0.548901,,,,,0.333333,11.4056,0,8.15858,2.44672,7.06659,1.43962,1.61508,0.549852,2.66292,,
X2/no_morph__f1_s0,99,0.000136569,1,0,0.0605369,0.3497,3.41994,2.43913,0.308594,0.549107,0,28,0.483251,0.536882,0.501587,0.55873,0.548901,,,,,0.333333,10.0371,0,6.8545,2.33158,6.51188,1.4334,1.64896,0.532099,2.80473,,
X2/no_morph__f1_s0,100,0.000131859,1,0,0.0601342,0.346667,3.51202,2.51828,0.30692,0.544643,0,28,0.543878,0.555916,0.557143,0.579365,0.555916,0.736,0.727,1.01727,1.00928,0.333333,10.3376,0,7.37587,2.48071,6.37225,1.39739,1.6362,0.51991,2.86654,72.2441,27.7559
X2/no_morph__f1_s0,101,0.000127205,1,0,0.0597315,0.343633,3.34387,2.39665,0.253348,0.539621,0,28,0.556841,0.549566,0.579365,0.571429,0.556841,0.738,0.737,0.97076,0.981941,0.333333,10.0387,0,6.63175,2.30014,6.80443,1.39497,1.59249,0.511271,2.75649,71.219,28.781
X2/no_morph__f1_s0,102,0.000122611,1,0,0.0593289,0.3406,3.10299,2.21271,0.251674,0.592634,0,28,0.545985,0.55163,0.563492,0.571429,0.556841,,,,,0.333333,10.992,0,8.10343,2.54759,6.4961,1.39557,1.56789,0.519569,2.61384,,
X2/no_morph__f1_s0,103,0.000118077,1,0,0.0589262,0.337567,3.41389,2.46188,0.325893,0.531808,0,28,0.508344,0.544323,0.515873,0.566667,0.556841,,,,,0.333333,9.68789,0,6.80866,2.30939,6.04894,1.40795,1.6403,0.50657,2.82021,,
X2/no_morph__f1_s0,104,0.000113606,1,0,0.0585235,0.334533,2.96736,2.1211,0.304129,0.605469,0,28,0.531206,0.552145,0.546032,0.571429,0.556841,,,,,0.333333,10.2405,0,7.40005,2.50417,6.16379,1.41574,1.56911,0.517195,2.52966,,
X2/no_morph__f1_s0,105,0.000109201,1,0,0.0581208,0.3315,3.14497,2.26865,0.324777,0.565848,0,28,0.557788,0.536024,0.573016,0.557143,0.557788,0.753,0.742,0.905601,0.946399,0.333333,10.6305,0,7.93819,2.62245,6.14118,1.40033,1.53182,0.499068,2.64351,71.431,28.569
X2/no_morph__f1_s0,106,0.000104863,1,0,0.0577181,0.328467,2.8753,2.05993,0.277344,0.628906,0,28,0.53769,0.561524,0.552381,0.580952,0.561524,0.735,0.747,0.920404,0.936709,0.333333,11.1643,0,8.49584,2.87048,5.87513,1.40854,1.49544,0.509168,2.48236,73.2838,26.7162
X2/no_morph__f1_s0,107,0.000100594,1,0,0.0573154,0.325433,2.99234,2.16262,0.415737,0.59375,0,28,0.563135,0.56378,0.579365,0.58254,0.56378,0.752,0.75,0.894295,0.913863,0.333333,10.3652,0,7.11661,2.54334,6.70636,1.40847,1.54223,0.505956,2.5496,73.952,26.048
X2/no_morph__f1_s0,108,9.63962e-05,1,0,0.0569128,0.3224,2.89135,2.08293,0.300781,0.617746,0,28,0.560287,0.559438,0.57619,0.580952,0.56378,,,,,0.333333,10.312,0,7.33389,2.56029,6.4598,1.40835,1.51431,0.505291,2.5075,,
X2/no_morph__f1_s0,109,9.22719e-05,1,0,0.0565101,0.319367,3.04171,2.21293,0.304129,0.58817,0,28,0.570676,0.550998,0.584127,0.573016,0.570676,0.784,0.746,0.859919,0.943305,0.333333,10.6267,0,7.32143,2.43984,6.88646,1.44778,1.54866,0.49321,2.59508,74.1311,25.8688
X2/no_morph__f1_s0,110,8.82228e-05,1,0,0.0561074,0.316333,3.02022,2.19992,0.291295,0.598214,0,28,0.526739,0.560434,0.544444,0.577778,0.570676,,,,,0.333333,10.3979,0,6.79738,2.39403,7.09886,1.42599,1.5513,0.488808,2.59315,,
X2/no_morph__f1_s0,111,8.42509e-05,0,0,0.0557047,0.3133,2.06903,1.45089,0.662388,0.662388,0,28,0.554446,0.582253,0.565079,0.595238,0.582253,0.77,0.76,0.787016,0.857235,0.333333,12.6392,0,9.34984,3.03365,7.47664,1.48933,1.44029,0.53403,1.97299,73.3446,26.6554
X2/no_morph__f1_s0,112,8.03579e-05,0,0.0020458,0.055302,0.310267,1.99592,1.39088,0.698661,0.686942,0,28,0.592323,0.565565,0.598413,0.580952,0.592323,0.801,0.772,0.70044,0.843444,0.321429,11.7884,1,8.80259,2.89867,6.85276,1.49549,1.38408,0.524183,1.95006,73.2514,26.7486
X2/no_morph__f1_s0,113,7.65457e-05,0,0.00812741,0.0548993,0.307233,2.08421,1.49257,0.702567,0.652344,0,28,0.584426,0.584978,0.593651,0.6,0.592323,,,,,0.333333,13.1233,0,10.0159,3.16883,7.43403,1.59864,1.43547,0.505023,1.92568,,
X2/no_morph__f1_s0,114,7.28161e-05,0,0.0180789,0.0544966,0.3042,2.19054,1.60761,0.708705,0.609933,0,28,0.58675,0.582337,0.595238,0.593651,0.592323,,,,,0.333333,13.5053,0,9.93219,3.38185,7.99959,1.7399,1.52314,0.516805,1.91628,,
X2/no_morph__f1_s0,115,6.91709e-05,0,0.0316289,0.054094,0.301167,2.36087,1.79336,0.712612,0.540737,0,28,0.59139,0.591988,0.598413,0.604762,0.592323,,,,,0.333333,15.5929,0,10.6816,3.91488,10.1438,1.97771,1.69602,0.532694,1.88437,,
X2/no_morph__f1_s0,116,6.56117e-05,0,0.0484078,0.0536913,0.298133,2.68218,2.10366,0.699777,0.467076,0,28,0.58099,0.588724,0.593651,0.6,0.592323,,,,,0.333333,18.6391,0,13.762,4.66309,11.0708,2.19699,1.76678,0.514176,1.9405,,
X2/no_morph__f1_s0,117,6.21402e-05,0,0.0679578,0.0532886,0.2951,2.94604,2.38808,0.703683,0.40067,0,28,0.577536,0.576857,0.588889,0.592063,0.592323,,,,,0.333333,19.8014,0,13.4298,4.81418,13.1385,2.45493,1.88957,0.508542,1.89072,,
X2/no_morph__f1_s0,118,5.87581e-05,0,0.0897457,0.0528859,0.292067,3.37658,2.82411,0.700893,0.332589,0,28,0.575572,0.577107,0.588889,0.596825,0.592323,,,,,0.333333,24.0421,0,17.8233,5.92369,14.1772,2.81274,2.00524,0.493749,1.8916,,
X2/no_morph__f1_s0,119,5.5467e-05,0,0.113177,0.0524832,0.289033,3.76417,3.22391,0.691964,0.304688,0,28,0.594668,0.578354,0.607937,0.592063,0.594668,0.807,0.794,0.585776,0.727498,0.333333,26.2995,0,19.2885,6.36086,15.857,3.09266,2.07972,0.478479,1.86917,78.022,21.978
X2/no_morph__f1_s0,120,5.22683e-05,0,0.137613,0.0520805,0.286,4.1553,3.62788,0.71875,0.236607,0,28,0.570935,0.580525,0.585714,0.593651,0.594668,,,,,0.333333,27.5822,0,18.5879,6.89245,18.3168,3.3696,2.15019,0.477535,1.84412,,
X2/no_morph__f1_s0,121,4.91636e-05,0,0.162387,0.0516779,0.282967,4.56803,4.04741,0.734933,0.210938,0,28,0.597577,0.578786,0.607937,0.592063,0.597577,0.821,0.801,0.565901,0.678614,0.333333,31.0086,0,20.5393,7.35873,21.1966,3.75645,2.27432,0.4777,1.83985,78.3804,21.6196
X2/no_morph__f1_s0,122,4.61544e-05,0,0.186823,0.0512752,0.279933,5.06794,4.55596,0.719866,0.195871,0,28,0.591952,0.586719,0.607937,0.6,0.597577,,,,,0.333333,34.9444,0,25.1861,8.91977,21.4397,3.95948,2.27459,0.459658,1.82893,,
X2/no_morph__f1_s0,123,4.3242e-05,0,0.210254,0.0508725,0.2769,5.68335,5.16185,0.710379,0.161272,0,28,0.571795,0.585353,0.590476,0.6,0.597577,,,,,0.333333,35.8767,0,24.0287,8.92426,24.0328,4.16008,2.34249,0.4626,1.88335,,
X2/no_morph__f1_s0,124,4.04278e-05,0,0.232042,0.0504698,0.273867,5.87293,5.3729,0.727121,0.168527,0,28,0.587865,0.589834,0.604762,0.603175,0.597577,,,,,0.333333,38.4326,0,27.0207,9.50995,24.4339,4.31359,2.36727,0.455677,1.82582,,
X2/no_morph__f1_s0,125,3.77132e-05,0,0.251592,0.0500671,0.270833,6.27524,5.77992,0.717634,0.151228,0,28,0.598258,0.584838,0.614286,0.596825,0.598258,0.81,0.806,0.637659,0.624698,0.333333,43.5486,0,31.3884,10.9307,26.8651,4.54909,2.40121,0.444709,1.8289,80.0276,19.9724
X2/no_morph__f1_s0,126,3.50995e-05,0,0.268371,0.0496644,0.2678,6.71192,6.21903,0.702567,0.138951,0,28,0.584056,0.590791,0.6,0.604762,0.598258,,,,,0.321429,41.0649,1,28.7745,10.5141,25.6576,4.6681,2.42662,0.443022,1.84052,,
X2/no_morph__f1_s0,127,3.25877e-05,0,0.281921,0.0492617,0.264767,6.84877,6.36498,0.713728,0.131696,0,28,0.594163,0.589197,0.609524,0.604762,0.598258,,,,,0.333333,42.7995,0,30.8635,10.6894,26.3843,4.70818,2.41502,0.43615,1.82722,,
X2/no_morph__f1_s0,128,3.01792e-05,0,0.291873,0.0488591,0.261733,6.92094,6.44584,0.742746,0.120536,0,28,0.586897,0.589103,0.604762,0.606349,0.598258,,,,,0.333333,40.9272,0,28.2356,11.0761,25.9871,4.74543,2.42234,0.425684,1.81521,,
X2/no_morph__f1_s0,129,2.78751e-05,0,0.297954,0.0484564,0.2587,7.19729,6.71607,0.706473,0.118862,0,28,0.595975,0.593644,0.612698,0.607937,0.598258,,,,,0.333333,45.9061,0,33.0603,11.6079,28.246,4.87111,2.42945,0.426325,1.86016,,
X2/no_morph__f1_s0,130,2.56764e-05,0,0.3,0.0480537,0.255667,7.05836,6.59426,0.729911,0.133371,0,28,0.591213,0.597383,0.607937,0.611111,0.598258,,,,,0.333333,43.9529,0,30.2136,11.3877,28.6471,4.90226,2.44126,0.418387,1.81527,,
X2/no_morph__f1_s0,131,2.35841e-05,0,0.3,0.047651,0.252633,7.09203,6.63121,0.723214,0.130022,0,28,0.597831,0.587872,0.614286,0.601587,0.598258,,,,,0.333333,44.1786,0,32.0447,12.0973,26.1023,4.85433,2.42136,0.408607,1.82409,,
X2/no_morph__f1_s0,132,2.15994e-05,0,0.3,0.0472483,0.25,6.94438,6.48951,0.742746,0.139509,0,28,0.599706,0.593886,0.614286,0.607937,0.599706,0.835,0.819,0.607666,0.574326,0.333333,45.988,0,33.3746,12.8634,26.7627,4.94418,2.42646,0.408274,1.8195,81.5775,18.4225
X2/no_morph__f1_s0,133,1.9723e-05,0,0.3,0.0468456,0.25,6.88503,6.4328,0.720982,0.165179,0,28,0.587936,0.598803,0.604762,0.614286,0.599706,,,,,0.333333,43.1928,0,29.783,11.5044,27.7927,4.90807,2.39673,0.399682,1.80889,,
X2/no_morph__f1_s0,134,1.79558e-05,0,0.3,0.046443,0.25,6.85342,6.39919,0.736049,0.155692,0,28,0.601125,0.592443,0.619048,0.606349,0.601125,0.827,0.827,0.615782,0.567642,0.333333,47.3002,0,34.0528,12.415,28.7787,4.96291,2.40716,0.409949,1.81692,81.3761,18.6239
X2/no_morph__f1_s0,135,1.62988e-05,0,0.3,0.0460403,0.25,6.86318,6.41389,0.730469,0.165179,0,28,0.581408,0.588458,0.598413,0.603175,0.601125,,,,,0.333333,49.156,0,35.3409,12.6921,29.8093,5.0098,2.40493,0.404297,1.79716,,
X2/no_morph__f1_s0,136,1.47526e-05,0,0.3,0.0456376,0.25,6.75733,6.31236,0.734933,0.165179,0,28,0.593458,0.592555,0.609524,0.607937,0.601125,,,,,0.321429,46.9977,1,34.9174,12.5711,27.1754,4.87917,2.34494,0.397388,1.7799,,
X2/no_morph__f1_s0,137,1.33181e-05,0,0.3,0.0452349,0.25,6.86334,6.4132,0.730469,0.165737,0,28,0.589016,0.584085,0.604762,0.6,0.601125,,,,,0.333333,46.8326,0,35.1404,12.5425,26.5975,4.92507,2.37641,0.394795,1.80054,,
X2/no_morph__f1_s0,138,1.19958e-05,0,0.3,0.0448322,0.25,6.75598,6.31031,0.742188,0.179129,0,28,0.601763,0.587433,0.619048,0.603175,0.601763,0.833,0.819,0.611664,0.568034,0.333333,42.0773,0,30.3391,11.7446,25.5937,4.9985,2.38941,0.403767,1.78268,81.135,18.865
X2/no_morph__f1_s0,139,1.07864e-05,0,0.3,0.0444295,0.25,6.69617,6.25553,0.748326,0.179688,0,28,0.585009,0.586976,0.601587,0.603175,0.601763,,,,,0.333333,45.054,0,31.6826,12.2956,28.3324,5.02651,2.389,0.397893,1.76258,,
X2/no_morph__f1_s0,140,9.69048e-06,0,0.3,0.0440268,0.25,6.69642,6.24932,0.742746,0.165179,0,28,0.602358,0.597345,0.61746,0.614286,0.602358,0.838,0.825,0.609951,0.571256,0.333333,47.246,0,34.5722,12.9945,27.8933,4.98468,2.39742,0.408388,1.78841,81.5221,18.4779
X2/no_morph__f1_s0,141,8.70853e-06,0,0.3,0.0436242,0.25,6.69383,6.25337,0.731585,0.174665,0,28,0.595432,0.585153,0.611111,0.601587,0.602358,,,,,0.333333,47.0794,0,33.2762,12.0419,29.5772,5.01302,2.38001,0.399415,1.76185,,
X2/no_morph__f1_s0,142,7.84101e-06,0,0.3,0.0432215,0.25,6.64179,6.20653,0.747768,0.18192,0,28,0.584384,0.583853,0.6,0.6,0.602358,,,,,0.333333,46.0652,0,32.5871,11.795,28.6753,4.96695,2.35938,0.395804,1.74104,,
X2/no_morph__f1_s0,143,7.08833e-06,0,0.3,0.0428188,0.25,6.81739,6.37156,0.720982,0.175223,0,28,0.604243,0.588661,0.620635,0.606349,0.604243,0.834,0.826,0.608771,0.576057,0.333333,47.3652,0,34.6305,12.7363,28.1115,5.08304,2.39611,0.404693,1.78332,81.4055,18.5945
X2/no_morph__f1_s0,144,6.45086e-06,0,0.3,0.0424161,0.25,6.81565,6.36954,0.732143,0.172991,0,28,0.601572,0.582406,0.619048,0.601587,0.604243,,,,,0.333333,44.6281,0,30.8227,12.5347,28.4535,4.94523,2.35147,0.395378,1.78442,,
X2/no_morph__f1_s0,145,5.92887e-06,0,0.3,0.0420134,0.25,6.71905,6.27727,0.732701,0.167969,0,28,0.591817,0.595983,0.607937,0.612698,0.604243,,,,,0.333333,47.3996,0,33.9802,12.3391,29.1119,5.02345,2.38104,0.403226,1.76712,,
X2/no_morph__f1_s0,146,5.52264e-06,0,0.3,0.0416107,0.25,6.71024,6.26638,0.728237,0.175781,0,28,0.600171,0.592989,0.61746,0.611111,0.604243,,,,,0.333333,45.4941,0,32.1925,12.136,28.6345,4.99469,2.361,0.400572,1.77545,,
X2/no_morph__f1_s0,147,5.23233e-06,0,0.3,0.0412081,0.25,6.83737,6.39047,0.722098,0.178013,0,28,0.599133,0.591493,0.615873,0.609524,0.604243,,,,,0.333333,47.7278,0,34.4935,12.3577,28.8648,5.03792,2.38057,0.409884,1.7876,,
X2/no_morph__f1_s0,148,5.05809e-06,0,0.3,0.0408054,0.25,6.6859,6.24499,0.727679,0.18192,0,28,0.600291,0.587613,0.615873,0.604762,0.604243,,,,,0.333333,46.2587,0,32.5746,12.8727,28.7143,5.00998,2.35939,0.399487,1.76365,,
X2/no_morph__f1_s0,149,5e-06,0,0.3,0.0404027,0.25,6.75999,6.31691,0.726563,0.179129,0,28,0.596616,0.588181,0.612698,0.606349,0.604243,,,,,0.333333,46.5656,0,34.6026,12.7655,26.877,5.01657,2.35317,0.40203,1.77235,,
X2/no_morph__f1_s0,150,5e-06,0,0.3,0.04,0.25,6.75049,6.3054,0.731585,0.176339,0,28,0.601717,0.592818,0.61746,0.609524,0.604243,0.839,0.832,0.602317,0.579312,0.333333,54.2552,0,41.3476,14.2544,28.5318,5.0042,2.37072,0.405693,1.78038,80.9056,19.0944
X2/no_morph__f1_s1,1,0.0002,1,0,0.1,0.646967,8.3868,5.4751,0.0078125,0.00948661,0,28,0.0002442,0.000244969,0.0111111,0.0111111,0.000244969,0.011,0.011,4.6775,4.70017,0.309524,34.5654,3,26.9486,17.6996,8.47355,8.35902,2.42816,0.095324,4.50054,0.0856218,99.9144
X2/no_morph__f1_s1,2,0.0003,1,0,0.0995973,0.643933,7.54068,4.64448,0.0200893,0.0279018,0,28,0.00189544,0.00360044,0.015873,0.0190476,0.00360044,0.021,0.023,4.46065,4.44075,0.333333,13.9062,0,8.79299,8.2383,3.31388,4.88439,2.2102,0.0960074,4.49768,0.994832,99.0052
X2/no_morph__f1_s1,3,0.0004,1,0,0.0991946,0.6409,7.24752,4.40694,0.0262277,0.03125,0,28,0.0152847,0.0165241,0.031746,0.0412698,0.0165241,0.043,0.047,4.09893,4.06114,0.309524,7.04253,0,3.22403,4.40617,1.88775,3.54668,2.26457,0.172506,4.43218,21.2853,78.7147
X2/no_morph__f1_s1,4,0.0005,1,0,0.0987919,0.637867,7.06079,4.33542,0.0178571,0.0301339,0,28,0.0187139,0.0316665,0.0492063,0.0571429,0.0316665,0.069,0.054,3.99361,3.91266,0.202381,5.19333,0,2.17087,3.0371,1.52751,2.95378,2.35245,0.397501,4.27264,36.509,63.491
X2/no_morph__f1_s1,5,0.000499942,1,0,0.0983893,0.634833,6.98448,4.28262,0.0362723,0.0485491,0,28,0.0332666,0.0252666,0.0714286,0.0571429,0.0332666,0.071,0.068,3.79498,3.76099,0.0952381,4.80903,0,1.71185,2.74805,1.83389,2.6989,2.43982,0.398273,4.25602,42.999,57.001
X2/no_morph__f1_s1,6,0.000499768,1,0,0.0979866,0.6318,6.7307,4.10268,0.0446429,0.0708705,0,28,0.0383462,0.0518082,0.0777778,0.0936508,0.0518082,0.096,0.109,3.6379,3.61213,0.0714286,4.50018,0,1.67042,2.1469,2.35354,2.43375,2.36563,0.475696,4.15956,40.5936,59.4064
X2/no_morph__f1_s1,7,0.000499477,1,0,0.0975839,0.628767,6.63978,4.04576,0.0479911,0.0697545,0,28,0.0498017,0.0592192,0.0936508,0.1,0.0592192,0.114,0.122,3.55904,3.47095,0.142857,4.84644,0,2.32721,2.20315,2.39858,2.22146,2.24357,0.476832,4.12555,40.6674,59.3326
X2/no_morph__f1_s1,8,0.000499071,1,0,0.0971812,0.625733,6.54114,3.98119,0.0669643,0.0876116,0,28,0.0678122,0.072681,0.111111,0.119048,0.072681,0.115,0.138,3.47206,3.38382,0.107143,4.65987,0,2.27149,1.82275,2.66221,2.1551,2.31488,0.490955,4.09111,39.5593,60.4407
X2/no_morph__f1_s1,9,0.000498549,1,0,0.0967785,0.6227,6.55215,3.9971,0.0641741,0.0848214,0,28,0.0716509,0.0727364,0.114286,0.111111,0.0727364,0.123,0.154,3.46213,3.35541,0.119048,4.94368,0,1.88975,2.18915,3.0874,2.0902,2.33646,0.506631,4.10318,41.1863,58.8137
X2/no_morph__f1_s1,10,0.000497912,1,0,0.0963758,0.619667,6.41648,3.90159,0.046317,0.0970982,0,28,0.0769754,0.10137,0.120635,0.144444,0.10137,0.126,0.163,3.47823,3.30123,0.130952,4.98568,0,1.71164,1.98129,3.44731,1.99369,2.25343,0.508894,4.05844,41.4461,58.5539
X2/no_morph__f1_s1,11,0.000497159,1,0,0.0959732,0.616633,6.35658,3.86315,0.0608259,0.0998884,0,28,0.0784956,0.0950988,0.136508,0.133333,0.10137,,,,,0.166667,5.27298,0,2.09781,2.51423,3.1478,1.98045,2.25727,0.533693,4.04362,,
X2/no_morph__f1_s1,12,0.000496291,1,0,0.0955705,0.6136,6.32661,3.85022,0.0652902,0.12221,0,28,0.10873,0.139197,0.150794,0.179365,0.139197,0.182,0.191,3.20655,3.21011,0.142857,4.98965,0,1.3074,1.63553,3.92328,1.92171,2.26321,0.507648,4.03585,39.9171,60.0828
X2/no_morph__f1_s1,13,0.00049531,1,0,0.0951678,0.610567,6.2602,3.81328,0.0837054,0.131138,0,28,0.108006,0.133773,0.155556,0.179365,0.139197,,,,,0.202381,5.54408,0,1.6508,1.68043,4.48488,1.87521,2.21614,0.53523,4.00763,,
X2/no_morph__f1_s1,14,0.000494214,1,0,0.0947651,0.607533,6.25737,3.80869,0.101004,0.138393,0,28,0.117364,0.133658,0.161905,0.177778,0.139197,,,,,0.166667,5.05931,0,1.60297,1.78162,3.81721,1.83328,2.23019,0.516668,4.03052,,
X2/no_morph__f1_s1,15,0.000493004,1,0,0.0943624,0.6045,6.15664,3.74856,0.0915179,0.15625,0,28,0.125239,0.143102,0.174603,0.187302,0.143102,0.219,0.243,3.04459,3.04761,0.178571,5.74659,0,1.68203,2.14337,4.35088,1.78803,2.16782,0.506723,3.98359,39.37,60.63
X2/no_morph__f1_s1,16,0.000491682,1,0,0.0939597,0.601467,6.11515,3.72255,0.0669643,0.151228,0,28,0.0987394,0.148878,0.139683,0.192063,0.148878,0.144,0.254,3.31361,2.99244,0.190476,6.11816,0,1.5509,1.97792,5.09678,1.75533,2.15231,0.496288,3.97795,39.6582,60.3418
X2/no_morph__f1_s1,17,0.000490247,1,0,0.093557,0.598433,5.93431,3.60097,0.0797991,0.169085,0,28,0.104905,0.172162,0.144444,0.212698,0.172162,0.174,0.271,3.08766,2.94552,0.27381,7.33729,0,1.58061,1.88565,6.49731,1.83991,2.22174,0.555742,3.89909,41.1022,58.8978
X2/no_morph__f1_s1,18,0.000488701,1,0,0.0931544,0.5954,5.94988,3.61998,0.0831473,0.165179,0,28,0.171821,0.181374,0.212698,0.222222,0.181374,0.251,0.281,2.93502,2.91467,0.25,6.13005,0,1.66344,1.88009,5.13976,1.77774,2.21158,0.553536,3.91317,41.9689,58.0311
X2/no_morph__f1_s1,19,0.000487044,1,0,0.0927517,0.592367,6.04371,3.69167,0.0870536,0.16183,0,28,0.164808,0.179922,0.209524,0.22381,0.181374,,,,,0.25,6.16048,0,1.55698,1.71449,5.30465,1.74801,2.19217,0.518308,3.97057,,
X2/no_morph__f1_s1,20,0.000485277,1,0,0.092349,0.589333,6.01055,3.66955,0.0764509,0.171317,0,28,0.147583,0.180705,0.188889,0.222222,0.181374,,,,,0.297619,6.97149,0,2.28507,2.0087,5.83201,1.73392,2.16524,0.523505,3.97228,,
X2/no_morph__f1_s1,21,0.000483401,1,0,0.0919463,0.5863,5.99588,3.67318,0.0982143,0.15904,0,28,0.160461,0.179609,0.203175,0.22381,0.181374,,,,,0.27381,6.35848,0,2.10478,1.74769,5.2776,1.70207,2.24417,0.520672,3.96163,,
X2/no_morph__f1_s1,22,0.000481416,1,0,0.0915436,0.583267,5.78018,3.52179,0.109375,0.197545,0,28,0.174944,0.200533,0.215873,0.244444,0.200533,0.251,0.299,2.82004,2.77989,0.285714,6.81113,0,2.53902,1.72856,5.68778,1.70175,2.19931,0.548993,3.87196,41.5498,58.4502
X2/no_morph__f1_s1,23,0.000479324,1,0,0.0911409,0.580233,5.65592,3.44622,0.109375,0.212612,0,28,0.200942,0.203614,0.234921,0.247619,0.203614,0.264,0.297,2.74731,2.73255,0.27381,6.99754,0,2.59428,1.99802,5.75255,1.70946,2.13938,0.556117,3.80828,42.1895,57.8105
X2/no_morph__f1_s1,24,0.000477125,1,0,0.0907383,0.5772,5.63434,3.44772,0.151786,0.21875,0,28,0.211953,0.203958,0.239683,0.247619,0.211953,0.279,0.316,2.69929,2.67212,0.333333,7.3854,0,3.39182,2.05024,5.79898,1.66381,2.08531,0.558151,3.78833,43.3105,56.6895
X2/no_morph__f1_s1,25,0.000474821,1,0,0.0903356,0.574167,5.62411,3.4648,0.094308,0.211496,0,28,0.201947,0.189287,0.253968,0.238095,0.211953,0.308,0.315,2.58277,2.65818,0.321429,7.2721,0,3.30562,1.948,5.74788,1.68429,2.1333,0.582682,3.76078,43.4138,56.5862
X2/no_morph__f1_s1,26,0.000472412,1,0,0.0899329,0.571133,5.51409,3.38968,0.0970982,0.236049,0,28,0.233195,0.254008,0.274603,0.290476,0.254008,0.35,0.354,2.44607,2.54115,0.321429,7.83019,0,3.57442,2.02349,6.20288,1.68145,2.08608,0.598884,3.71963,43.924,56.076
X2/no_morph__f1_s1,27,0.000469901,1,0,0.0895302,0.5681,5.49422,3.3966,0.0909598,0.242188,0,28,0.235603,0.275332,0.265079,0.309524,0.275332,0.325,0.367,2.60495,2.47857,0.309524,8.0597,0,3.35512,1.95864,6.5542,1.67854,2.12601,0.612804,3.69235,44.5048,55.4952
X2/no_morph__f1_s1,28,0.000467287,1,0,0.0891275,0.565067,5.42212,3.34706,0.154018,0.25558,0,28,0.208242,0.300418,0.24127,0.330159,0.300418,0.302,0.389,2.63023,2.43112,0.309524,7.98142,0,3.19922,1.8239,6.54043,1.67289,2.1296,0.637987,3.67224,47.4922,52.5078
X2/no_morph__f1_s1,29,0.000464572,1,0,0.0887248,0.562033,5.40628,3.35246,0.142299,0.244978,0,28,0.26548,0.304842,0.298413,0.339683,0.304842,0.341,0.396,2.43708,2.38568,0.333333,8.39404,0,3.02799,1.72066,7.20177,1.64455,2.1081,0.625717,3.65428,52.3566,47.6434
X2/no_morph__f1_s1,30,0.000461758,1,0,0.0883221,0.559,5.32945,3.299,0.135045,0.262835,0,28,0.287952,0.303618,0.326984,0.338095,0.304842,,,,,0.333333,8.21875,0,3.79999,1.76856,6.57942,1.65401,2.09651,0.643065,3.63229,,
X2/no_morph__f1_s1,31,0.000458846,1,0,0.0879195,0.555967,5.26344,3.27361,0.143415,0.27567,0,28,0.276771,0.314773,0.304762,0.344444,0.314773,0.378,0.419,2.29329,2.2894,0.333333,8.89542,0,4.52152,1.8127,6.81177,1.66468,2.11036,0.646463,3.57905,47.4413,52.5587
X2/no_morph__f1_s1,32,0.000455836,1,0,0.0875168,0.552933,5.14853,3.19692,0.166295,0.304129,0,28,0.27591,0.332688,0.320635,0.363492,0.332688,0.385,0.445,2.2426,2.20554,0.333333,8.79134,0,4.02126,1.83989,7.14904,1.63046,2.03475,0.645038,3.52957,46.0497,53.9503
X2/no_morph__f1_s1,33,0.000452732,1,0,0.0871141,0.5499,5.27714,3.30105,0.166853,0.280692,0,28,0.262385,0.357932,0.311111,0.390476,0.357932,0.366,0.453,2.33136,2.15865,0.321429,9.54789,0,5.49697,2.05889,6.78441,1.62462,2.10484,0.648387,3.59354,46.694,53.306
X2/no_morph__f1_s1,34,0.000449533,1,0,0.0867114,0.546867,5.14519,3.21175,0.156808,0.313616,0,28,0.318446,0.366055,0.366667,0.395238,0.366055,0.41,0.463,2.17629,2.13079,0.333333,8.94888,0,5.81267,1.86666,5.76709,1.5758,2.01894,0.648076,3.53548,53.4331,46.5669
X2/no_morph__f1_s1,35,0.000446242,1,0,0.0863087,0.543833,5.00641,3.12051,0.157924,0.309152,0,28,0.310568,0.373429,0.346032,0.398413,0.373429,0.413,0.488,2.15363,2.06963,0.333333,9.86731,0,5.86311,1.95096,6.95529,1.63402,2.04297,0.671565,3.46778,53.945,46.055
X2/no_morph__f1_s1,36,0.00044286,1,0,0.085906,0.5408,5.08577,3.18938,0.172433,0.30971,0,28,0.289412,0.389899,0.320635,0.414286,0.389899,0.403,0.488,2.16223,2.0385,0.333333,9.30911,0,5.13586,1.905,7.06532,1.52717,1.94305,0.634991,3.50662,51.252,48.748
X2/no_morph__f1_s1,37,0.000439388,1,0,0.0855034,0.537767,5.00657,3.13273,0.188058,0.303571,0,28,0.316024,0.395732,0.352381,0.426984,0.395732,0.364,0.478,2.21874,2.013,0.333333,10.7198,0,6.57141,2.06609,7.40045,1.60825,2.02163,0.659942,3.48447,47.2793,52.7207
X2/no_morph__f1_s1,38,0.000435829,1,0,0.0851007,0.534733,4.74064,2.95786,0.146205,0.347098,0,28,0.340598,0.378672,0.369841,0.411111,0.395732,,,,,0.321429,10.106,0,6.92344,2.18303,6.4581,1.60357,1.9719,0.685799,3.33396,,
X2/no_morph__f1_s1,39,0.000432184,1,0,0.084698,0.5317,4.89541,3.07077,0.101004,0.34654,0,28,0.381157,0.369944,0.407937,0.403175,0.395732,,,,,0.333333,10.744,0,7.66196,2.22542,6.35089,1.5359,1.92386,0.666223,3.43171,,
X2/no_morph__f1_s1,40,0.000428454,1,0,0.0842953,0.528667,4.81726,3.03003,0.214844,0.351563,0,28,0.349755,0.386814,0.379365,0.41746,0.395732,,,,,0.333333,10.2392,0,5.99888,1.93031,7.56426,1.59686,1.98501,0.66488,3.38063,,
X2/no_morph__f1_s1,41,0.000424642,1,0,0.0838926,0.525633,4.57581,2.86619,0.238839,0.371652,0,28,0.350787,0.415947,0.38254,0.44127,0.415947,0.461,0.515,1.89287,1.84888,0.333333,11.0321,0,6.97189,2.08005,7.77545,1.58458,1.91335,0.673457,3.2525,50.2956,49.7044
X2/no_morph__f1_s1,42,0.000420749,1,0,0.0834899,0.5226,4.71998,2.96994,0.214844,0.363281,0,28,0.419206,0.376231,0.438095,0.404762,0.419206,0.536,0.469,1.72977,1.97342,0.333333,11.6279,0,6.36935,2.39701,8.9205,1.5802,1.95401,0.678787,3.34873,51.3892,48.6108
X2/no_morph__f1_s1,43,0.000416777,1,0,0.0830872,0.519567,4.82577,3.0685,0.170759,0.34096,0,28,0.337116,0.405455,0.380952,0.434921,0.419206,,,,,0.333333,10.4525,0,5.80166,1.97358,8.01305,1.60866,2.03156,0.681688,3.3822,,
X2/no_morph__f1_s1,44,0.000412728,1,0,0.0826846,0.516533,4.68209,2.96619,0.19308,0.352679,0,28,0.281875,0.371255,0.330159,0.401587,0.419206,,,,,0.333333,10.489,0,6.73218,2.15061,7.10797,1.57155,1.94273,0.671686,3.32196,,
X2/no_morph__f1_s1,45,0.000408604,1,0,0.0822819,0.5135,4.52016,2.86111,0.204799,0.375,0,28,0.386429,0.422301,0.428571,0.449206,0.422301,0.497,0.525,1.80068,1.78598,0.333333,10.2525,0,6.49958,2.08117,7.05401,1.59215,1.91286,0.686869,3.23087,53.6151,46.3849
X2/no_morph__f1_s1,46,0.000404406,1,0,0.0818792,0.510467,4.61015,2.92825,0.215402,0.367746,0,28,0.374225,0.430015,0.401587,0.453968,0.430015,0.462,0.554,1.91414,1.70917,0.333333,10.9998,0,7.5905,2.04584,7.10719,1.54298,1.92202,0.675793,3.29483,56.1286,43.8714
X2/no_morph__f1_s1,47,0.000400137,1,0,0.0814765,0.507433,4.65416,2.97958,0.175223,0.367746,0,28,0.410176,0.456984,0.447619,0.479365,0.456984,0.541,0.556,1.7367,1.6636,0.333333,12.6369,0,9.39842,2.00691,7.2105,1.52409,1.9204,0.668111,3.3001,52.0227,47.9773
X2/no_morph__f1_s1,48,0.000395799,1,0,0.0810738,0.5044,4.26214,2.69323,0.234933,0.412388,0,28,0.313126,0.459942,0.342857,0.477778,0.459942,0.408,0.584,2.02926,1.63217,0.333333,9.89224,0,6.14111,2.10424,6.88763,1.55848,1.87311,0.704252,3.11044,53.6365,46.3635
X2/no_morph__f1_s1,49,0.000391394,1,0,0.0806711,0.501367,4.53785,2.89981,0.178013,0.396205,0,28,0.410831,0.423769,0.444444,0.450794,0.459942,,,,,0.333333,10.5647,0,7.54816,2.25119,6.37908,1.50328,1.86931,0.674537,3.26714,,
X2/no_morph__f1_s1,50,0.000386923,1,0,0.0802685,0.498333,4.36757,2.7888,0.204799,0.405692,0,28,0.392073,0.41178,0.422222,0.439683,0.459942,0.497,0.531,1.80419,1.7435,0.333333,10.8371,0,6.70683,2.10553,7.69902,1.58755,1.92427,0.681899,3.16811,52.4773,47.5227
X2/no_morph__f1_s1,51,0.000382389,1,0,0.0798658,0.4953,4.27038,2.71971,0.247768,0.435826,0,28,0.396117,0.413817,0.415873,0.444444,0.459942,,,,,0.333333,12.3332,0,8.74966,2.29803,7.68559,1.5416,1.87246,0.687736,3.13076,,
X2/no_morph__f1_s1,52,0.000377795,1,0,0.0794631,0.492267,4.92888,3.21284,0.218192,0.329241,0,28,0.373484,0.391154,0.403175,0.425397,0.459942,,,,,0.333333,11.247,0,8.05197,2.01871,6.78331,1.52503,1.96384,0.63162,3.48601,,
X2/no_morph__f1_s1,53,0.000373141,1,0,0.0790604,0.489233,4.27763,2.75131,0.208147,0.416295,0,28,0.424099,0.447194,0.449206,0.473016,0.459942,,,,,0.333333,11.7223,0,6.64558,1.86198,8.89485,1.53376,1.89638,0.669117,3.11983,,
X2/no_morph__f1_s1,54,0.000368431,1,0,0.0786577,0.4862,4.38077,2.82985,0.167411,0.41183,0,28,0.445976,0.459,0.47619,0.484127,0.459942,,,,,0.333333,10.425,0,7.57214,1.82915,6.26551,1.47234,1.85233,0.668175,3.18989,,
X2/no_morph__f1_s1,55,0.000363667,1,0,0.078255,0.483167,4.20371,2.70448,0.18192,0.438058,0,28,0.412956,0.433587,0.442857,0.453968,0.459942,,,,,0.333333,10.865,0,7.5099,1.95291,7.04116,1.50267,1.86686,0.679595,3.10293,,
X2/no_morph__f1_s1,56,0.00035885,1,0,0.0778523,0.480133,4.26129,2.75969,0.256696,0.417411,0,28,0.463789,0.45318,0.484127,0.473016,0.463789,0.576,0.561,1.4806,1.53488,0.333333,11.3988,0,7.75866,2.17572,7.30833,1.50884,1.8719,0.660162,3.12748,51.8547,48.1453
X2/no_morph__f1_s1,57,0.000353983,1,0,0.0774497,0.4771,4.17304,2.69604,0.219866,0.425223,0,28,0.48525,0.493691,0.498413,0.509524,0.493691,0.607,0.61,1.40728,1.48691,0.333333,11.6617,0,8.98803,2.14801,6.52502,1.50318,1.79569,0.667945,3.09578,57.2122,42.7879
X2/no_morph__f1_s1,58,0.000349069,1,0,0.077047,0.474067,3.95985,2.55254,0.233817,0.459821,0,28,0.453692,0.499387,0.47619,0.515873,0.499387,0.573,0.614,1.47785,1.45637,0.333333,13.2248,0,9.85401,2.19337,7.4927,1.50969,1.78895,0.67301,2.96858,56.3619,43.6381
X2/no_morph__f1_s1,59,0.000344109,1,0,0.0766443,0.471033,4.21882,2.75772,0.236607,0.40904,0,28,0.439163,0.490455,0.461905,0.507937,0.499387,,,,,0.333333,12.1507,0,8.12074,2.09069,7.89765,1.54287,1.88325,0.677776,3.1019,,
X2/no_morph__f1_s1,60,0.000339107,1,0,0.0762416,0.468,4.37647,2.86933,0.266183,0.407366,0,28,0.332471,0.493888,0.360317,0.51746,0.499387,,,,,0.333333,10.6833,0,7.37835,2.0195,6.796,1.51534,1.89313,0.642788,3.22039,,
X2/no_morph__f1_s1,61,0.000334063,1,0,0.0758389,0.464967,4.24198,2.77555,0.165737,0.40904,0,28,0.429078,0.456926,0.452381,0.480952,0.499387,,,,,0.333333,13.4209,1,10.6254,2.28439,7.10871,1.50358,1.84409,0.653514,3.15383,,
X2/no_morph__f1_s1,62,0.000328982,1,0,0.0754362,0.461933,4.01921,2.62105,0.249442,0.444754,0,28,0.398156,0.45263,0.431746,0.477778,0.499387,,,,,0.333333,11.0163,0,8.40065,2.07917,6.15834,1.49609,1.80199,0.669429,3.02674,,
X2/no_morph__f1_s1,63,0.000323864,1,0,0.0750336,0.4589,3.92436,2.56092,0.237165,0.467076,0,28,0.38524,0.508481,0.426984,0.52381,0.508481,0.547,0.646,1.6497,1.32406,0.333333,12.7614,0,9.60129,2.61914,7.29011,1.53512,1.83402,0.676138,2.97111,58.8149,41.1851
X2/no_morph__f1_s1,64,0.000318713,1,0,0.0746309,0.455867,3.93944,2.58315,0.258929,0.470982,0,28,0.467073,0.496402,0.493651,0.515873,0.508481,,,,,0.333333,14.7204,0,8.72177,2.04315,11.1656,1.52759,1.84844,0.667516,2.9752,,
X2/no_morph__f1_s1,65,0.000313531,1,0,0.0742282,0.452833,4.25242,2.82376,0.247768,0.408482,0,28,0.425698,0.465869,0.455556,0.488889,0.508481,,,,,0.333333,10.714,0,6.65136,1.91475,7.5153,1.50685,1.88655,0.632379,3.15493,,
X2/no_morph__f1_s1,66,0.000308321,1,0,0.0738255,0.4498,3.90779,2.57177,0.262277,0.454241,0,28,0.44643,0.52957,0.474603,0.546032,0.52957,0.592,0.653,1.45284,1.29175,0.333333,13.4371,0,9.08536,2.11365,8.779,1.51183,1.82915,0.673627,2.97025,57.0013,42.9987
X2/no_morph__f1_s1,67,0.000303084,1,0,0.0734228,0.446767,4.13401,2.73441,0.281808,0.450893,0,28,0.446886,0.518455,0.460317,0.533333,0.52957,,,,,0.333333,11.6368,0,8.1549,2.03301,7.16671,1.46649,1.81436,0.635953,3.13272,,
X2/no_morph__f1_s1,68,0.000297823,1,0,0.0730201,0.443733,3.74603,2.46318,0.258371,0.479911,0,28,0.461357,0.524712,0.488889,0.538095,0.52957,,,,,0.333333,11.2168,0,7.84679,2.11647,7.12447,1.49955,1.78279,0.669479,2.89106,,
X2/no_morph__f1_s1,69,0.000292541,1,0,0.0726174,0.4407,4.0682,2.71092,0.285156,0.440848,0,28,0.518137,0.527482,0.538095,0.544444,0.52957,,,,,0.333333,11.6771,0,8.25133,2.03798,7.28987,1.4823,1.80491,0.623374,3.07983,,
X2/no_morph__f1_s1,70,0.00028724,1,0,0.0722148,0.437667,3.75354,2.47998,0.282924,0.498884,0,28,0.517209,0.514102,0.530159,0.528571,0.52957,,,,,0.333333,12.8602,0,9.1524,2.13296,7.82349,1.49968,1.72751,0.641679,2.90987,,
X2/no_morph__f1_s1,71,0.000281923,1,0,0.0718121,0.434633,3.90294,2.60486,0.246094,0.469866,0,28,0.504637,0.53704,0.526984,0.549206,0.53704,0.661,0.667,1.25782,1.2116,0.333333,11.9142,0,8.01563,2.00927,7.91367,1.46216,1.76522,0.609582,2.98661,62.0578,37.9422
X2/no_morph__f1_s1,72,0.000276592,1,0,0.0714094,0.4316,3.67458,2.43478,0.223214,0.513393,0,28,0.514523,0.529002,0.536508,0.54127,0.53704,,,,,0.333333,12.2476,0,8.81821,2.0725,7.5518,1.46142,1.73397,0.642909,2.87257,,
X2/no_morph__f1_s1,73,0.00027125,1,0,0.0710067,0.428567,3.83407,2.56031,0.22433,0.496652,0,28,0.49827,0.529375,0.509524,0.542857,0.53704,,,,,0.333333,12.1442,0,8.71942,2.13217,7.60012,1.44587,1.73719,0.629925,2.97215,,
X2/no_morph__f1_s1,74,0.000265899,1,0,0.070604,0.425533,3.89855,2.61749,0.290737,0.498326,0,28,0.484829,0.517823,0.507937,0.538095,0.53704,,,,,0.333333,11.6283,0,7.86283,2.20253,7.65356,1.46045,1.75006,0.597487,3.01048,,
X2/no_morph__f1_s1,75,0.000260542,1,0,0.0702013,0.4225,3.44787,2.27507,0.239397,0.549107,0,28,0.479519,0.539908,0.493651,0.553968,0.539908,0.657,0.685,1.17845,1.13624,0.333333,13.6934,0,11.3981,2.56625,6.43674,1.4411,1.68852,0.650312,2.77584,64.3452,35.6548
X2/no_morph__f1_s1,76,0.000255181,1,0,0.0697987,0.419467,3.5192,2.35247,0.189732,0.527902,0,28,0.473999,0.548552,0.506349,0.561905,0.548552,0.616,0.699,1.26899,1.12041,0.333333,12.5004,0,9.46746,2.42355,7.12521,1.49548,1.67887,0.627411,2.78146,63.6252,36.3748
X2/no_morph__f1_s1,77,0.000249819,1,0,0.069396,0.416433,3.75275,2.52895,0.1875,0.496652,0,28,0.498951,0.50735,0.515873,0.525397,0.548552,,,,,0.333333,14.9924,0,11.6635,2.23863,8.00155,1.47058,1.76593,0.60412,2.93876,,
X2/no_morph__f1_s1,78,0.000244458,1,0,0.0689933,0.4134,3.76053,2.53782,0.142857,0.472656,0,28,0.491038,0.536332,0.520635,0.552381,0.548552,,,,,0.333333,12.0974,0,8.64848,2.17481,7.55666,1.49514,1.73038,0.606693,2.95768,,
X2/no_morph__f1_s1,79,0.000239101,1,0,0.0685906,0.410367,3.53128,2.3738,0.300223,0.50279,0,28,0.508395,0.543795,0.520635,0.560317,0.548552,,,,,0.333333,11.5035,0,7.70172,2.25735,7.68845,1.50716,1.70511,0.608022,2.82061,,
X2/no_morph__f1_s1,80,0.00023375,1,0,0.0681879,0.407333,3.37624,2.2632,0.361049,0.537946,0,28,0.548326,0.548497,0.563492,0.561905,0.548552,,,,,0.333333,12.8643,0,10.6416,2.38126,5.98492,1.51024,1.66127,0.622454,2.73251,,
X2/no_morph__f1_s1,81,0.000228408,1,0,0.0677852,0.4043,3.6826,2.50468,0.240513,0.519531,0,28,0.508898,0.56682,0.530159,0.579365,0.56682,0.657,0.7,1.16208,1.08175,0.333333,12.0891,0,9.2662,2.23221,6.8099,1.47328,1.73079,0.600594,2.91347,63.8696,36.1304
X2/no_morph__f1_s1,82,0.000223077,1,0,0.0673826,0.401267,3.8568,2.63993,0.320312,0.487723,0,28,0.474865,0.553775,0.493651,0.568254,0.56682,,,,,0.333333,11.3464,0,7.97355,2.09221,7.1678,1.41728,1.70832,0.575638,3.03258,,
X2/no_morph__f1_s1,83,0.00021776,1,0,0.0669799,0.398233,3.78035,2.60469,0.327567,0.493862,0,28,0.380545,0.544777,0.414286,0.560317,0.56682,,,,,0.333333,12.3336,0,8.13559,2.16605,8.40111,1.44998,1.72302,0.582886,2.95219,,
X2/no_morph__f1_s1,84,0.000212459,1,0,0.0665772,0.3952,3.62924,2.48621,0.276786,0.498326,0,28,0.494431,0.520241,0.515873,0.539683,0.56682,,,,,0.333333,14.2065,0,11.2468,2.45992,7.18726,1.49106,1.75262,0.591906,2.89228,,
X2/no_morph__f1_s1,85,0.000207177,1,0,0.0661745,0.392167,3.4588,2.36326,0.241629,0.553571,0,28,0.557686,0.549528,0.577778,0.566667,0.56682,,,,,0.333333,11.2956,0,8.19474,2.18475,6.67152,1.43477,1.64978,0.588403,2.79355,,
X2/no_morph__f1_s1,86,0.000201916,1,0,0.0657718,0.389133,4.00835,2.80121,0.323103,0.450335,0,28,0.537936,0.551536,0.553968,0.568254,0.56682,,,,,0.333333,11.7355,0,7.99328,2.20294,7.32849,1.44675,1.75573,0.550455,3.10211,,
X2/no_morph__f1_s1,87,0.000196679,1,0,0.0653691,0.3861,3.3527,2.29646,0.389509,0.549107,0,28,0.525777,0.567801,0.549206,0.580952,0.567801,0.702,0.707,1.07924,1.05497,0.333333,12.1396,0,8.1368,2.31545,7.99181,1.45446,1.65662,0.598032,2.73568,62.0654,37.9346
X2/no_morph__f1_s1,88,0.000191469,1,0,0.0649664,0.383067,3.43488,2.36437,0.244978,0.544643,0,28,0.484944,0.577663,0.503175,0.592063,0.577663,0.638,0.728,1.26298,1.02451,0.333333,11.6476,0,8.07466,2.18082,7.4388,1.41157,1.59999,0.563922,2.79458,62.2408,37.7592
X2/no_morph__f1_s1,89,0.000186287,1,0,0.0645638,0.380033,3.29947,2.26812,0.362723,0.578683,0,28,0.495772,0.583776,0.511111,0.598413,0.583776,0.635,0.742,1.24209,0.962859,0.333333,11.2282,0,8.2673,2.23628,6.81995,1.40696,1.5942,0.578298,2.71384,65.7003,34.2997
X2/no_morph__f1_s1,90,0.000181136,1,0,0.0641611,0.377,3.32771,2.30489,0.263393,0.550223,0,28,0.543655,0.575927,0.563492,0.595238,0.583776,,,,,0.333333,14.562,0,11.6841,2.43486,7.17554,1.46414,1.68523,0.587614,2.71304,,
X2/no_morph__f1_s1,91,0.000176018,1,0,0.0637584,0.373967,3.39996,2.36486,0.297433,0.556362,0,28,0.556621,0.575808,0.565079,0.592063,0.583776,,,,,0.333333,12.1482,0,8.32445,2.19966,7.86616,1.43691,1.62452,0.554972,2.76787,,
X2/no_morph__f1_s1,92,0.000170937,1,0,0.0633557,0.370933,3.43594,2.39962,0.290179,0.550781,0,28,0.518169,0.576871,0.542857,0.593651,0.583776,,,,,0.333333,12.5565,0,9.81605,2.31993,6.80573,1.42678,1.62904,0.561268,2.79382,,
X2/no_morph__f1_s1,93,0.000165893,1,0,0.062953,0.3679,3.21946,2.23026,0.290737,0.582589,0,28,0.58348,0.572645,0.592063,0.587302,0.583776,,,,,0.333333,12.5043,0,9.51235,2.53844,7.00393,1.43316,1.6148,0.581737,2.68878,,
X2/no_morph__f1_s1,94,0.000160891,1,0,0.0625503,0.364867,3.20368,2.22902,0.31529,0.556362,0,28,0.576983,0.590119,0.58254,0.609524,0.590119,0.748,0.755,0.948665,0.934135,0.333333,13.0777,0,9.76131,2.41533,7.71923,1.45887,1.60838,0.559663,2.67129,65.744,34.256
X2/no_morph__f1_s1,95,0.000155931,1,0,0.0621477,0.361833,3.31954,2.32743,0.385603,0.560826,0,28,0.553246,0.577505,0.571429,0.596825,0.590119,,,,,0.333333,12.87,0,9.70507,2.42062,7.40391,1.45283,1.63436,0.556549,2.74189,,
X2/no_morph__f1_s1,96,0.000151017,1,0,0.061745,0.3588,3.12806,2.18488,0.175223,0.554129,0,28,0.516756,0.586773,0.533333,0.603175,0.590119,,,,,0.333333,11.1212,0,8.04825,2.30109,6.63101,1.46994,1.62273,0.55895,2.62871,,
X2/no_morph__f1_s1,97,0.00014615,1,0,0.0613423,0.355767,3.18264,2.23283,0.321429,0.566406,0,28,0.561101,0.573493,0.57619,0.595238,0.590119,,,,,0.333333,13.8639,0,10.0078,3.00658,8.02913,1.48212,1.62834,0.55759,2.66974,,
X2/no_morph__f1_s1,98,0.000141333,1,0,0.0609396,0.352733,3.30431,2.33547,0.297991,0.587054,0,28,0.525095,0.590988,0.547619,0.611111,0.590988,0.701,0.762,1.04687,0.903926,0.333333,12.0459,0,8.8909,2.23105,7.14288,1.3966,1.57909,0.540848,2.74667,67.5935,32.4065
X2/no_morph__f1_s1,99,0.000136569,1,0,0.0605369,0.3497,3.5075,2.49762,0.298549,0.536272,0,28,0.568568,0.566241,0.584127,0.587302,0.590988,,,,,0.333333,12.3637,0,9.4504,2.18091,7.00333,1.41692,1.62106,0.515917,2.88785,,
X2/no_morph__f1_s1,100,0.000131859,1,0,0.0601342,0.346667,2.92459,2.05907,0.342634,0.609375,0,28,0.603045,0.590996,0.614286,0.609524,0.603045,0.782,0.768,0.813852,0.875433,0.333333,11.7283,0,8.36686,2.3267,7.47896,1.40439,1.4897,0.53457,2.49671,69.2386,30.7614
X2/no_morph__f1_s1,101,0.000127205,1,0,0.0597315,0.343633,3.1009,2.19619,0.296317,0.570871,0,28,0.570885,0.584224,0.585714,0.601587,0.603045,,,,,0.333333,12.5414,0,9.29213,2.46874,7.43493,1.45996,1.58017,0.53282,2.63278,,
X2/no_morph__f1_s1,102,0.000122611,1,0,0.0593289,0.3406,3.31134,2.3672,0.19308,0.560268,0,28,0.583694,0.606049,0.596825,0.622222,0.606049,0.768,0.781,0.90751,0.874107,0.333333,11.7547,0,9.02366,2.31565,6.58394,1.43552,1.57792,0.519898,2.772,69.1932,30.8068
X2/no_morph__f1_s1,103,0.000118077,1,0,0.0589262,0.337567,3.05499,2.17653,0.300223,0.580915,0,28,0.521729,0.588601,0.539683,0.609524,0.606049,,,,,0.333333,14.8526,0,12.189,2.842,6.81309,1.43782,1.56286,0.523935,2.60234,,
X2/no_morph__f1_s1,104,0.000113606,1,0,0.0585235,0.334533,2.98018,2.11371,0.352121,0.609933,0,28,0.540387,0.600211,0.552381,0.61746,0.606049,,,,,0.333333,12.6822,0,9.1311,2.97006,7.31374,1.41273,1.52182,0.513165,2.59008,,
X2/no_morph__f1_s1,105,0.000109201,1,0,0.0581208,0.3315,3.25739,2.34887,0.342076,0.574777,0,28,0.583651,0.604602,0.6,0.61746,0.606049,,,,,0.333333,12.1212,0,9.03371,2.23216,7.01088,1.42177,1.57359,0.501511,2.74063,,
X2/no_morph__f1_s1,106,0.000104863,1,0,0.0577181,0.328467,2.98774,2.14194,0.297433,0.616629,0,28,0.592826,0.59893,0.607937,0.615873,0.606049,,,,,0.333333,12.4945,0,9.16425,2.32825,7.65123,1.38541,1.51986,0.504122,2.57501,,
X2/no_morph__f1_s1,107,0.000100594,1,0,0.0573154,0.325433,2.79561,1.99075,0.295759,0.628906,0,28,0.614337,0.610172,0.630159,0.622222,0.614337,0.792,0.8,0.802619,0.776672,0.333333,13.4677,0,10.5209,2.57141,7.1957,1.40198,1.4854,0.522503,2.4732,71.7455,28.2545
X2/no_morph__f1_s1,108,9.63962e-05,1,0,0.0569128,0.3224,3.09533,2.24095,0.267857,0.606027,0,28,0.578512,0.60628,0.590476,0.619048,0.614337,,,,,0.333333,12.1267,0,9.65753,2.46133,6.24969,1.41475,1.54608,0.501697,2.65008,,
X2/no_morph__f1_s1,109,9.22719e-05,1,0,0.0565101,0.319367,2.9652,2.14181,0.304129,0.611049,0,28,0.627769,0.599028,0.639683,0.615873,0.627769,0.8,0.79,0.804834,0.820828,0.333333,12.9573,0,9.58928,2.39022,7.48235,1.39522,1.49998,0.497957,2.57817,67.465,32.535
X2/no_morph__f1_s1,110,8.82228e-05,1,0,0.0561074,0.316333,3.02453,2.19455,0.38058,0.574219,0,28,0.593831,0.617407,0.614286,0.631746,0.627769,,,,,0.333333,11.9742,0,8.79108,2.37517,7.08067,1.43583,1.5818,0.497321,2.62375,,
X2/no_morph__f1_s1,111,8.42509e-05,0,0,0.0557047,0.3133,1.91103,1.31132,0.722656,0.722656,0,28,0.637454,0.61776,0.644444,0.630159,0.637454,0.817,0.808,0.63269,0.731725,0.333333,13.1215,0,10.5044,2.67709,6.81305,1.40152,1.3402,0.526863,1.9142,73.5286,26.4714
X2/no_morph__f1_s1,112,8.03579e-05,0,0.0020458,0.055302,0.310267,1.91252,1.32266,0.731027,0.720424,0,28,0.605911,0.619887,0.615873,0.631746,0.637454,,,,,0.333333,13.5866,0,10.6029,2.71726,7.4817,1.41531,1.28054,0.513747,1.90112,,
X2/no_morph__f1_s1,113,7.65457e-05,0,0.00812741,0.0548993,0.307233,1.97287,1.39477,0.732143,0.679129,0,28,0.638516,0.616639,0.650794,0.628571,0.638516,0.825,0.813,0.578547,0.705425,0.333333,14.9676,0,11.904,3.19293,7.70187,1.56753,1.39341,0.52569,1.88163,73.1109,26.8891
X2/no_morph__f1_s1,114,7.28161e-05,0,0.0180789,0.0544966,0.3042,2.12614,1.5552,0.715402,0.618304,0,28,0.598367,0.623653,0.604762,0.634921,0.638516,,,,,0.333333,16.5219,0,12.6071,3.29126,9.49317,1.76011,1.57204,0.540485,1.87684,,
X2/no_morph__f1_s1,115,6.91709e-05,0,0.0316289,0.054094,0.301167,2.29792,1.72697,0.729353,0.565848,0,28,0.650005,0.621212,0.65873,0.631746,0.650005,0.833,0.819,0.529944,0.677693,0.333333,20.6827,0,16.7571,3.97742,10.4114,1.89164,1.56483,0.518789,1.89579,76.0506,23.9494
X2/no_morph__f1_s1,116,6.56117e-05,0,0.0484078,0.0536913,0.298133,2.45953,1.90603,0.738839,0.532366,0,28,0.633006,0.610535,0.644444,0.622222,0.650005,,,,,0.333333,20.1973,0,16.0332,4.33505,10.6463,2.14026,1.7118,0.526214,1.85655,,
X2/no_morph__f1_s1,117,6.21402e-05,0,0.0679578,0.0532886,0.2951,2.75617,2.21619,0.747768,0.453683,0,28,0.62093,0.630139,0.633333,0.639683,0.650005,,,,,0.333333,24.6594,0,19.3694,4.77836,13.378,2.45024,1.83548,0.507274,1.82982,,
X2/no_morph__f1_s1,118,5.87581e-05,0,0.0897457,0.0528859,0.292067,3.07364,2.54507,0.753348,0.376116,0,28,0.626801,0.62514,0.638095,0.636508,0.650005,,,,,0.333333,25.6289,0,19.1746,5.27312,15.0589,2.76702,1.96183,0.494899,1.80975,,
X2/no_morph__f1_s1,119,5.5467e-05,0,0.113177,0.0524832,0.289033,3.51898,2.99238,0.752232,0.332589,0,28,0.636251,0.623778,0.647619,0.634921,0.650005,,,,,0.333333,28.1334,0,20.5255,6.75771,17.0007,3.10863,2.06047,0.492483,1.82196,,
X2/no_morph__f1_s1,120,5.22683e-05,0,0.137613,0.0520805,0.286,3.99679,3.47219,0.742746,0.271205,0,28,0.636807,0.627863,0.649206,0.64127,0.650005,,,,,0.333333,37.6112,1,30.0283,7.40672,19.9014,3.45805,2.18476,0.495183,1.83425,,
X2/no_morph__f1_s1,121,4.91636e-05,0,0.162387,0.0516779,0.282967,4.28435,3.78172,0.762835,0.25,0,28,0.662171,0.631914,0.671429,0.644444,0.662171,0.841,0.828,0.481407,0.555801,0.333333,35.6682,0,26.6115,7.73057,20.7231,3.70231,2.19498,0.471389,1.77627,79.5844,20.4156
X2/no_morph__f1_s1,122,4.61544e-05,0,0.186823,0.0512752,0.279933,4.98351,4.46864,0.731027,0.201451,0,28,0.647389,0.632119,0.660317,0.646032,0.662171,,,,,0.333333,40.836,0,29.9025,8.1784,24.8201,4.06328,2.29492,0.472544,1.83924,,
X2/no_morph__f1_s1,123,4.3242e-05,0,0.210254,0.0508725,0.2769,5.09604,4.60434,0.763393,0.202009,0,28,0.644731,0.633985,0.65873,0.646032,0.662171,,,,,0.333333,42.2247,0,32.2846,8.93214,24.5005,4.32687,2.33988,0.471083,1.77572,,
X2/no_morph__f1_s1,124,4.04278e-05,0,0.232042,0.0504698,0.273867,5.7674,5.27376,0.737165,0.16183,0,28,0.646396,0.63173,0.65873,0.646032,0.662171,,,,,0.333333,45.7312,0,32.932,11.2999,27.4762,4.43158,2.35291,0.456666,1.80247,,
X2/no_morph__f1_s1,125,3.77132e-05,0,0.251592,0.0500671,0.270833,6.07674,5.59307,0.744978,0.152902,0,28,0.627683,0.635916,0.64127,0.649206,0.662171,0.834,0.836,0.517235,0.48972,0.333333,47.1319,0,34.6626,10.247,28.2173,4.63631,2.41432,0.456945,1.78586,80.6462,19.3538
X2/no_morph__f1_s1,126,3.50995e-05,0,0.268371,0.0496644,0.2678,6.4849,5.99976,0.730469,0.133929,0,28,0.634515,0.629857,0.650794,0.642857,0.662171,,,,,0.333333,49.4759,0,36.9084,10.9057,29.2473,4.8815,2.46254,0.451951,1.81157,,
X2/no_morph__f1_s1,127,3.25877e-05,0,0.281921,0.0492617,0.264767,6.58833,6.11663,0.751116,0.133371,0,28,0.64546,0.637843,0.660317,0.652381,0.662171,,,,,0.333333,48.7484,0,37.272,11.9116,26.7225,4.77246,2.42727,0.437082,1.78159,,
X2/no_morph__f1_s1,128,3.01792e-05,0,0.291873,0.0488591,0.261733,6.70166,6.233,0.75,0.136161,0,28,0.646685,0.634266,0.660317,0.647619,0.662171,,,,,0.333333,55.1627,0,42.488,11.2589,30.3352,4.96216,2.44599,0.434963,1.79059,,
X2/no_morph__f1_s1,129,2.78751e-05,0,0.297954,0.0484564,0.2587,6.81893,6.36101,0.745536,0.139509,0,28,0.636956,0.638026,0.655556,0.652381,0.662171,,,,,0.333333,53.2884,0,41.8395,11.7599,29.1161,4.99536,2.45417,0.42748,1.77006,,
X2/no_morph__f1_s1,130,2.56764e-05,0,0.3,0.0480537,0.255667,6.77801,6.32385,0.75,0.138951,0,28,0.64832,0.636547,0.665079,0.650794,0.662171,,,,,0.333333,48.4922,0,35.6265,11.3265,29.2828,4.98783,2.4397,0.42414,1.77639,,
X2/no_morph__f1_s1,131,2.35841e-05,0,0.3,0.047651,0.252633,6.65648,6.21413,0.762835,0.138393,0,28,0.647014,0.63887,0.661905,0.652381,0.662171,,,,,0.333333,57.5117,0,44.6,12.9648,31.2977,5.05378,2.43189,0.422618,1.75094,,
X2/no_morph__f1_s1,132,2.15994e-05,0,0.3,0.0472483,0.25,6.62754,6.19074,0.761161,0.15346,0,28,0.644256,0.641853,0.65873,0.657143,0.662171,,,,,0.333333,50.6784,0,36.7687,11.9106,30.2607,4.98667,2.41108,0.406083,1.74717,,
X2/no_morph__f1_s1,133,1.9723e-05,0,0.3,0.0468456,0.25,6.57169,6.13149,0.766183,0.161272,0,28,0.651523,0.641029,0.668254,0.655556,0.662171,,,,,0.333333,48.5429,0,35.2966,12.2496,29.5878,5.0444,2.43035,0.415497,1.76081,,
X2/no_morph__f1_s1,134,1.79558e-05,0,0.3,0.046443,0.25,6.58394,6.14507,0.751116,0.165737,0,28,0.647565,0.648005,0.665079,0.663492,0.662171,,,,,0.333333,55.537,0,40.1346,12.0094,34.4155,5.0913,2.38588,0.408321,1.75549,,
X2/no_morph__f1_s1,135,1.62988e-05,0,0.3,0.0460403,0.25,6.49119,6.06008,0.759487,0.182478,0,28,0.653052,0.640217,0.666667,0.655556,0.662171,,,,,0.333333,49.4047,0,37.3799,12.0987,27.8975,5.00807,2.36085,0.403903,1.72444,,
X2/no_morph__f1_s1,136,1.47526e-05,0,0.3,0.0456376,0.25,6.4879,6.05593,0.758929,0.168527,0,28,0.649453,0.639312,0.666667,0.655556,0.662171,,,,,0.333333,50.6786,0,37.2392,12.0045,30.5491,5.0252,2.36601,0.401894,1.72789,,
X2/no_morph__f1_s1,137,1.33181e-05,0,0.3,0.0452349,0.25,6.5467,6.10804,0.756138,0.183594,0,28,0.652635,0.642859,0.668254,0.657143,0.662171,,,,,0.333333,48.7302,0,36.2807,11.7241,28.5091,5.06368,2.38207,0.410674,1.75463,,
X2/no_morph__f1_s1,138,1.19958e-05,0,0.3,0.0448322,0.25,6.32449,5.89916,0.759487,0.184152,0,28,0.656336,0.644902,0.674603,0.660317,0.662171,,,,,0.333333,49.5764,0,36.0688,12.3295,29.6932,5.0571,2.36384,0.402084,1.70135,,
X2/no_morph__f1_s1,139,1.07864e-05,0,0.3,0.0444295,0.25,6.26628,5.83814,0.781808,0.183036,0,28,0.647139,0.640544,0.663492,0.655556,0.662171,,,,,0.333333,50.0967,1,38.0107,13.7511,28.1747,5.10924,2.38035,0.411827,1.71253,,
X2/no_morph__f1_s1,140,9.69048e-06,0,0.3,0.0440268,0.25,6.5121,6.07779,0.75,0.177455,0,28,0.655823,0.646645,0.669841,0.661905,0.662171,,,,,0.333333,53.1875,0,38.8083,13.5246,31.5344,5.11869,2.35798,0.403678,1.73723,,
X2/no_morph__f1_s1,141,8.70853e-06,0,0.3,0.0436242,0.25,6.31284,5.89088,0.77567,0.198103,0,28,0.651415,0.648613,0.668254,0.661905,0.662171,,,,,0.333333,54.6137,0,41.9926,12.4297,30.457,5.108,2.36767,0.406519,1.68783,,
X2/no_morph__f1_s1,142,7.84101e-06,0,0.3,0.0432215,0.25,6.55718,6.12203,0.748326,0.176339,0,28,0.657807,0.642504,0.671429,0.65873,0.662171,,,,,0.333333,56.6806,0,44.1082,12.4689,30.6651,5.12047,2.37457,0.410991,1.74061,,
X2/no_morph__f1_s1,143,7.08833e-06,0,0.3,0.0428188,0.25,6.44779,6.01718,0.763951,0.18471,0,28,0.650446,0.649307,0.666667,0.665079,0.662171,,,,,0.333333,49.8921,0,36.8029,11.4924,30.0791,5.01147,2.34804,0.40103,1.72244,,
X2/no_morph__f1_s1,144,6.45086e-06,0,0.3,0.0424161,0.25,6.2684,5.8454,0.780692,0.192522,0,28,0.658516,0.646863,0.673016,0.661905,0.662171,,,,,0.333333,50.9238,0,35.0117,13.2294,32.1398,5.12622,2.35709,0.411098,1.69199,,
X2/no_morph__f1_s1,145,5.92887e-06,0,0.3,0.0420134,0.25,6.36079,5.92993,0.756138,0.192522,0,28,0.651939,0.64798,0.666667,0.661905,0.662171,,,,,0.333333,55.8707,0,41.4008,12.9552,33.1485,5.12929,2.34494,0.405388,1.72344,,
X2/no_morph__f1_s1,146,5.52264e-06,0,0.3,0.0416107,0.25,6.48988,6.06141,0.761161,0.186942,0,28,0.669246,0.645431,0.68254,0.661905,0.669246,0.854,0.85,0.453434,0.449292,0.333333,53.7504,0,39.9814,14.7633,29.8429,5.14043,2.37038,0.416342,1.71385,82.8046,17.1954
X2/no_morph__f1_s1,147,5.23233e-06,0,0.3,0.0412081,0.25,6.32075,5.88899,0.763393,0.193638,0,28,0.653905,0.649125,0.669841,0.665079,0.669246,,,,,0.333333,48.6086,0,34.121,11.6255,31.286,5.17919,2.37003,0.405388,1.72704,,
X2/no_morph__f1_s1,148,5.05809e-06,0,0.3,0.0408054,0.25,6.43082,6.00266,0.757813,0.194196,0,28,0.652352,0.644911,0.668254,0.660317,0.669246,,,,,0.333333,50.8875,0,38.4583,12.4761,28.573,5.0897,2.34615,0.405625,1.71261,,
X2/no_morph__f1_s1,149,5e-06,0,0.3,0.0404027,0.25,6.37151,5.94375,0.753906,0.189732,0,28,0.657899,0.644071,0.674603,0.660317,0.669246,,,,,0.333333,54.5139,0,38.2447,12.6,34.4246,5.18954,2.36435,0.407251,1.71103,,
X2/no_morph__f1_s1,150,5e-06,0,0.3,0.04,0.25,6.2338,5.81239,0.783482,0.201451,0,28,0.656146,0.645196,0.671429,0.660317,0.669246,0.852,0.852,0.45362,0.447726,0.333333,51.8423,0,39.0342,12.4947,30.4012,5.10196,2.35716,0.407349,1.68564,82.7681,17.2319
X2/spatial_only__f0_s0,1,0.0002,1,0,0.1,0.646967,8.74559,5.83376,0.0122768,0.0117188,0,28,0.0139484,0.011322,0.0285714,0.0253968,0.0139484,0.019,0.026,5.03362,5.04332,0.25,57.7412,7,48.1807,29.2733,,8.21619,2.1942,0.0922257,4.50075,100,0
X2/spatial_only__f0_s0,2,0.0003,1,0,0.0995973,0.643933,7.76469,4.86899,0.016183,0.0172991,0,28,0.00528425,0.0101134,0.0238095,0.0253968,0.0139484,,,,,0.333333,22.0576,0,14.9026,13.8379,,6.16148,2.17536,0.0975196,4.4969,,
X2/spatial_only__f0_s0,3,0.0004,1,0,0.0991946,0.6409,7.35941,4.50322,0.0133929,0.0239955,0,28,0.012309,0.0191659,0.0428571,0.052381,0.0191659,0.041,0.043,4.14625,4.09727,0.321429,8.43811,0,3.92753,5.37394,,4.10703,2.13299,0.148054,4.45652,100,0
X2/spatial_only__f0_s0,4,0.0005,1,0,0.0987919,0.637867,7.14815,4.41125,0.0234375,0.031808,0,28,0.0210456,0.0178679,0.052381,0.0507937,0.0210456,0.047,0.06,4.18157,4.01844,0.047619,4.51538,0,1.44407,2.46176,,3.15831,2.09569,0.322372,4.29071,100,0
X2/spatial_only__f0_s0,5,0.000499942,1,0,0.0983893,0.634833,7.00661,4.3247,0.030692,0.0401786,0,28,0.0193849,0.0281695,0.0539683,0.0555556,0.0281695,0.053,0.058,4.01078,3.92534,0,3.84355,0,1.12327,2.07975,,2.80749,2.17003,0.418905,4.22459,100,0
X2/spatial_only__f0_s0,6,0.000499768,1,0,0.0979866,0.6318,6.97452,4.30927,0.0301339,0.0401786,0,28,0.0160439,0.0261117,0.0587302,0.0619048,0.0281695,,,,,0.0238095,3.96862,0,1.84174,2.18326,,2.42974,2.0642,0.429358,4.21851,,
X2/spatial_only__f0_s0,7,0.000499477,1,0,0.0975839,0.628767,6.76404,4.18149,0.0251116,0.0429688,0,28,0.0158473,0.0341807,0.052381,0.0714286,0.0341807,0.054,0.064,3.92808,3.8055,0.0119048,3.71395,0,1.4918,2.10211,,2.42634,2.14103,0.49673,4.10733,100,0
X2/spatial_only__f0_s0,8,0.000499071,1,0,0.0971812,0.625733,6.82829,4.2395,0.0256696,0.0491071,0,28,0.0249096,0.0263559,0.0603175,0.0666667,0.0341807,,,,,0.0119048,3.47535,0,1.38714,1.94045,,2.28515,2.08464,0.494355,4.13721,,
X2/spatial_only__f0_s0,9,0.000498549,1,0,0.0967785,0.6227,6.7235,4.18097,0.0189732,0.0440848,0,28,0.0346095,0.0322124,0.0650794,0.0746032,0.0346095,0.061,0.074,3.82857,3.76101,0.0238095,3.42093,0,1.26781,1.96854,,2.21923,2.11297,0.516876,4.08308,100,0
X2/spatial_only__f0_s0,10,0.000497912,1,0,0.0963758,0.619667,6.82809,4.2559,0.0357143,0.0452009,0,28,0.0239953,0.0313865,0.0555556,0.0634921,0.0346095,,,,,0.0119048,3.4666,0,1.66405,1.93125,,2.05275,2.05373,0.502771,4.15092,,
X2/spatial_only__f0_s0,11,0.000497159,1,0,0.0959732,0.616633,6.68459,4.16812,0.0362723,0.0507813,0,28,0.0200753,0.0291005,0.0555556,0.0650794,0.0346095,,,,,0,3.07694,0,1.17962,1.77042,,2.0103,2.04554,0.486522,4.08097,,
X2/spatial_only__f0_s0,12,0.000496291,1,0,0.0955705,0.6136,6.67964,4.17059,0.0390625,0.0641741,0,28,0.0286956,0.0399121,0.0603175,0.0777778,0.0399121,0.059,0.081,3.9084,3.72109,0,2.95541,0,1.18647,1.64453,,1.95752,2.02895,0.505615,4.08906,100,0
X2/spatial_only__f0_s0,13,0.00049531,1,0,0.0951678,0.610567,6.51444,4.07817,0.0329241,0.0546875,0,28,0.0313186,0.0449291,0.0634921,0.0857143,0.0449291,0.071,0.078,3.73669,3.70034,0,3.11132,0,1.19327,1.76306,,2.0504,2.11501,0.529954,3.99018,100,0
X2/spatial_only__f0_s0,14,0.000494214,1,0,0.0947651,0.607533,6.63817,4.15672,0.0429688,0.0602679,0,28,0.0332109,0.059902,0.0698413,0.103175,0.059902,0.071,0.09,3.78085,3.68383,0,2.85544,0,1.21887,1.57072,,1.85564,2.00353,0.511277,4.08446,100,0
X2/spatial_only__f0_s0,15,0.000493004,1,0,0.0943624,0.6045,6.52608,4.0914,0.0368304,0.0641741,0,28,0.0490012,0.0498142,0.084127,0.0857143,0.059902,,,,,0,3.04234,0,1.44466,1.652,,1.89032,2.00132,0.512369,4.02759,,
X2/spatial_only__f0_s0,16,0.000491682,1,0,0.0939597,0.601467,6.34346,3.96071,0.0368304,0.0820312,0,28,0.0363281,0.0509116,0.0746032,0.0952381,0.059902,,,,,0.0238095,3.76088,0,2.08051,2.0941,,2.05541,2.12153,0.525787,3.96157,,
X2/spatial_only__f0_s0,17,0.000490247,1,0,0.093557,0.598433,6.191,3.85067,0.0507813,0.0892857,0,28,0.0621821,0.0538507,0.119048,0.0857143,0.0621821,0.105,0.127,3.40346,3.45676,0.0714286,4.1619,0,2.55294,2.20341,,2.0855,2.04406,0.540819,3.91078,100,0
X2/spatial_only__f0_s0,18,0.000488701,1,0,0.0931544,0.5954,6.05803,3.79146,0.0457589,0.0954241,0,28,0.0327555,0.070682,0.0650794,0.114286,0.070682,0.071,0.123,3.67577,3.35429,0.178571,5.03194,0,3.59828,2.35314,,2.16429,2.0662,0.597302,3.8068,100,0
X2/spatial_only__f0_s0,19,0.000487044,1,0,0.0927517,0.592367,6.20868,3.92061,0.0491071,0.0876116,0,28,0.0677188,0.0973603,0.109524,0.138095,0.0973603,0.09,0.143,3.31816,3.28774,0.107143,4.5919,0,3.23014,2.20761,,1.95554,2.03726,0.606983,3.86259,100,0
X2/spatial_only__f0_s0,20,0.000485277,1,0,0.092349,0.589333,6.07738,3.84663,0.0770089,0.107701,0,28,0.0835612,0.105432,0.134921,0.150794,0.105432,0.133,0.154,3.25033,3.24221,0.0595238,4.85771,0,3.37952,2.51416,,1.8987,2.00965,0.617209,3.7852,100,0
X2/spatial_only__f0_s0,21,0.000483401,1,0,0.0919463,0.5863,6.00211,3.8081,0.063058,0.112165,0,28,0.0735795,0.0963136,0.120635,0.133333,0.105432,,,,,0.119048,5.31434,0,3.93816,2.51235,,2.0027,2.04303,0.669255,3.74213,,
X2/spatial_only__f0_s0,22,0.000481416,1,0,0.0915436,0.583267,5.94935,3.7843,0.0625,0.126116,0,28,0.0806498,0.108623,0.126984,0.150794,0.108623,0.121,0.168,3.29081,3.14902,0.130952,4.6542,0,3.34361,2.19071,,1.91207,1.99901,0.666301,3.71194,100,0
X2/spatial_only__f0_s0,23,0.000479324,1,0,0.0911409,0.580233,5.96723,3.80269,0.046875,0.102121,0,28,0.0725796,0.127623,0.126984,0.165079,0.127623,0.14,0.182,3.19343,3.12063,0.0595238,5.77017,0,4.4203,2.72526,,1.81533,1.95246,0.65947,3.73048,100,0
X2/spatial_only__f0_s0,24,0.000477125,1,0,0.0907383,0.5772,5.92162,3.78144,0.0368304,0.108817,0,28,0.0936233,0.130479,0.142857,0.169841,0.130479,0.133,0.174,3.19544,3.09256,0.0833333,4.33182,0,3.08148,2.11544,,1.82993,1.9741,0.645476,3.70787,100,0
X2/spatial_only__f0_s0,25,0.000474821,1,0,0.0903356,0.574167,5.91451,3.78274,0.0613839,0.104353,0,28,0.0741584,0.125152,0.119048,0.165079,0.130479,0.131,0.166,3.20792,3.08318,0.130952,4.87186,0,3.75159,2.12876,,1.88624,2.01979,0.666595,3.71281,100,0
X2/spatial_only__f0_s0,26,0.000472412,1,0,0.0899329,0.571133,5.82868,3.7349,0.0647321,0.120536,0,28,0.0899835,0.135209,0.131746,0.171429,0.135209,0.138,0.16,3.20437,3.07606,0.0714286,4.40897,0,3.23881,2.0519,,1.81708,1.99208,0.675256,3.66602,100,0
X2/spatial_only__f0_s0,27,0.000469901,1,0,0.0895302,0.5681,5.60993,3.59848,0.0574777,0.121652,0,28,0.107413,0.139248,0.147619,0.180952,0.139248,0.159,0.172,3.01345,3.05993,0.190476,5.88614,0,4.88645,2.29446,,1.88608,2.02147,0.681373,3.54068,100,0
X2/spatial_only__f0_s0,28,0.000467287,1,0,0.0891275,0.565067,5.78707,3.72214,0.0926339,0.125558,0,28,0.121902,0.126492,0.161905,0.169841,0.139248,,,,,0.142857,5.35799,0,4.31826,2.17023,,1.80159,2.00201,0.667798,3.65432,,
X2/spatial_only__f0_s0,29,0.000464572,1,0,0.0887248,0.562033,5.70416,3.67679,0.0747768,0.133929,0,28,0.0901601,0.13935,0.138095,0.17619,0.13935,0.153,0.182,3.12658,2.99995,0.166667,5.63829,0,4.70807,2.16586,,1.77523,1.92372,0.650316,3.60721,100,0
X2/spatial_only__f0_s0,30,0.000461758,1,0,0.0883221,0.559,5.67901,3.66304,0.0703125,0.150112,0,28,0.118793,0.148391,0.161905,0.18254,0.148391,0.161,0.187,3.04439,2.98919,0.190476,5.62803,0,4.63236,2.22959,,1.84646,1.97586,0.679494,3.60638,100,0
X2/spatial_only__f0_s0,31,0.000458846,1,0,0.0879195,0.555967,5.51128,3.56799,0.0920759,0.145647,0,28,0.116557,0.140062,0.163492,0.18254,0.148391,,,,,0.27381,7.39094,0,6.53103,2.53182,,1.86547,2.0311,0.695619,3.49534,,
X2/spatial_only__f0_s0,32,0.000455836,1,0,0.0875168,0.552933,5.48226,3.54614,0.0993304,0.157366,0,28,0.114234,0.146572,0.139683,0.190476,0.148391,,,,,0.214286,6.84521,0,5.88771,2.58284,,1.82825,1.95331,0.681281,3.50155,,
X2/spatial_only__f0_s0,33,0.000452732,1,0,0.0871141,0.5499,5.67434,3.68223,0.0842634,0.131696,0,28,0.130803,0.150585,0.190476,0.2,0.150585,0.183,0.213,2.9336,2.88463,0.190476,5.81819,0,4.83985,2.36602,,1.73,1.966,0.648642,3.62266,100,0
X2/spatial_only__f0_s0,34,0.000449533,1,0,0.0867114,0.546867,5.48477,3.5593,0.0982143,0.166853,0,28,0.161822,0.171529,0.212698,0.222222,0.171529,0.219,0.238,2.81274,2.8228,0.261905,7.83658,0,7.08699,2.43026,,1.81633,1.98799,0.665725,3.52091,100,0
X2/spatial_only__f0_s0,35,0.000446242,1,0,0.0863087,0.543833,5.40531,3.52152,0.0853795,0.182478,0,28,0.142665,0.175407,0.18254,0.228571,0.175407,0.199,0.23,2.89779,2.80427,0.285714,7.10922,1,6.24319,2.46281,,1.87929,2.00568,0.677458,3.46392,100,0
X2/spatial_only__f0_s0,36,0.00044286,1,0,0.085906,0.5408,5.33965,3.47216,0.116071,0.183036,0,28,0.128295,0.210611,0.168254,0.252381,0.210611,0.187,0.232,2.99368,2.75901,0.238095,8.02772,0,7.22198,2.49584,,1.8217,1.94095,0.674134,3.45321,100,0
X2/spatial_only__f0_s0,37,0.000439388,1,0,0.0855034,0.537767,5.15812,3.35371,0.107143,0.213728,0,28,0.185688,0.212118,0.226984,0.257143,0.212118,0.23,0.25,2.74936,2.76009,0.285714,8.09876,0,7.23992,2.74668,,1.88948,1.98256,0.682117,3.35537,100,0
X2/spatial_only__f0_s0,38,0.000435829,1,0,0.0851007,0.534733,5.04643,3.28964,0.0837054,0.227679,0,28,0.213859,0.22439,0.25873,0.261905,0.22439,0.279,0.267,2.56526,2.69619,0.321429,8.41157,0,7.61243,2.71434,,1.91653,1.92937,0.693504,3.28536,100,0
X2/spatial_only__f0_s0,39,0.000432184,1,0,0.084698,0.5317,5.31566,3.47595,0.136161,0.212612,0,28,0.201955,0.21505,0.257143,0.263492,0.22439,,,,,0.27381,7.25038,0,6.391,2.52736,,1.85092,1.92652,0.675505,3.46004,,
X2/spatial_only__f0_s0,40,0.000428454,1,0,0.0842953,0.528667,5.06254,3.3127,0.0954241,0.229353,0,28,0.229114,0.222799,0.274603,0.266667,0.229114,0.288,0.265,2.53244,2.6183,0.333333,9.25322,0,8.45485,2.86419,,1.9207,1.93604,0.687721,3.3099,100,0
X2/spatial_only__f0_s0,41,0.000424642,1,0,0.0838926,0.525633,5.10626,3.3506,0.169643,0.229353,0,28,0.19927,0.248669,0.250794,0.287302,0.248669,0.252,0.304,2.69166,2.54714,0.321429,10.7479,0,10.1106,2.80949,,1.80392,1.88948,0.670823,3.34009,100,0
X2/spatial_only__f0_s0,42,0.000420749,1,0,0.0834899,0.5226,5.05128,3.31264,0.127232,0.24721,0,28,0.239729,0.26094,0.279365,0.298413,0.26094,0.283,0.313,2.50159,2.52515,0.297619,9.60508,0,8.87082,2.74657,,1.86424,1.88928,0.679415,3.3269,100,0
X2/spatial_only__f0_s0,43,0.000416777,1,0,0.0830872,0.519567,4.89419,3.22591,0.155134,0.254464,0,28,0.243398,0.261103,0.292063,0.296825,0.261103,0.313,0.308,2.42941,2.50071,0.309524,10.0258,0,9.29109,2.81967,,1.96432,1.93967,0.69198,3.2109,100,0
X2/spatial_only__f0_s0,44,0.000412728,1,0,0.0826846,0.516533,4.71322,3.10888,0.150112,0.28125,0,28,0.275814,0.314497,0.322222,0.342857,0.314497,0.336,0.357,2.31131,2.373,0.333333,10.8322,0,10.218,2.66059,,1.97459,1.92259,0.721969,3.10597,100,0
X2/spatial_only__f0_s0,45,0.000408604,1,0,0.0822819,0.5135,4.84276,3.20364,0.172991,0.260045,0,28,0.170783,0.326033,0.204762,0.350794,0.326033,0.204,0.362,2.99436,2.33804,0.333333,9.93502,0,9.21324,2.85311,,1.948,1.92216,0.717736,3.19207,100,0
X2/spatial_only__f0_s0,46,0.000404406,1,0,0.0818792,0.510467,4.58202,3.03448,0.136161,0.300781,0,28,0.275156,0.336045,0.331746,0.361905,0.336045,0.309,0.373,2.28863,2.28178,0.333333,10.1352,0,9.45173,2.77001,,1.985,1.90705,0.706912,3.03162,100,0
X2/spatial_only__f0_s0,47,0.000400137,1,0,0.0814765,0.507433,4.69852,3.11647,0.168527,0.292411,0,28,0.259453,0.332153,0.304762,0.366667,0.336045,,,,,0.333333,11.0825,0,10.3913,3.06382,,1.88761,1.85829,0.706583,3.11774,,
X2/spatial_only__f0_s0,48,0.000395799,1,0,0.0810738,0.5044,4.40718,2.92849,0.174665,0.31808,0,28,0.283611,0.349401,0.315873,0.374603,0.349401,0.326,0.401,2.32668,2.17802,0.333333,12.4903,0,11.8292,3.08658,,2.01541,1.93747,0.744021,2.93159,100,0
X2/spatial_only__f0_s0,49,0.000391394,1,0,0.0806711,0.501367,4.7702,3.18043,0.16183,0.283482,0,28,0.232308,0.345912,0.27619,0.379365,0.349401,,,,,0.333333,11.443,0,10.7527,3.06674,,1.92057,1.89528,0.707966,3.17087,,
X2/spatial_only__f0_s0,50,0.000386923,1,0,0.0802685,0.498333,4.44972,2.97173,0.174665,0.323103,0,28,0.312456,0.366783,0.353968,0.395238,0.366783,0.363,0.398,2.15342,2.17276,0.333333,12.217,0,11.5596,3.08157,,1.96883,1.90187,0.706721,2.96585,100,0
X2/spatial_only__f0_s0,51,0.000382389,1,0,0.0798658,0.4953,4.6894,3.14068,0.167969,0.30692,0,28,0.213686,0.348179,0.266667,0.380952,0.366783,,,,,0.333333,15.6667,0,14.8689,4.06039,,1.94286,1.8896,0.706363,3.12682,,
X2/spatial_only__f0_s0,52,0.000377795,1,0,0.0794631,0.492267,4.49657,3.01678,0.157366,0.305246,0,28,0.311629,0.352798,0.346032,0.385714,0.366783,,,,,0.333333,12.2509,0,11.5998,3.18224,,1.92841,1.8625,0.700802,3.00607,,
X2/spatial_only__f0_s0,53,0.000373141,1,0,0.0790604,0.489233,4.47366,3.00488,0.188616,0.309152,0,28,0.322404,0.374857,0.366667,0.406349,0.374857,0.377,0.427,2.08163,2.03761,0.333333,12.9125,0,12.3169,3.02455,,1.87805,1.81562,0.699706,3.0022,100,0
X2/spatial_only__f0_s0,54,0.000368431,1,0,0.0786577,0.4862,4.68624,3.15638,0.184152,0.297433,0,28,0.23309,0.375609,0.287302,0.406349,0.375609,0.312,0.425,2.3976,2.05273,0.333333,12.193,0,11.58,3.01225,,1.87489,1.83355,0.679154,3.14657,100,0
X2/spatial_only__f0_s0,55,0.000363667,1,0,0.078255,0.483167,4.26598,2.86966,0.183036,0.323661,0,28,0.361051,0.375987,0.392063,0.4,0.375987,0.406,0.429,1.96864,2.03416,0.333333,13.1941,0,12.5453,3.13912,,1.94368,1.85894,0.693561,2.88994,100,0
X2/spatial_only__f0_s0,56,0.00035885,1,0,0.0778523,0.480133,4.42951,2.9911,0.222098,0.332031,0,28,0.299197,0.370531,0.330159,0.401587,0.375987,,,,,0.333333,11.3299,0,10.6574,2.99691,,1.91607,1.85295,0.694797,2.99585,,
X2/spatial_only__f0_s0,57,0.000353983,1,0,0.0774497,0.4771,4.65993,3.15602,0.107143,0.279576,0,28,0.333014,0.35124,0.380952,0.385714,0.375987,,,,,0.321429,11.1903,0,10.5863,2.78567,,1.84026,1.83989,0.668132,3.15217,,
X2/spatial_only__f0_s0,58,0.000349069,1,0,0.077047,0.474067,4.21527,2.8498,0.160156,0.34096,0,28,0.361217,0.365309,0.393651,0.398413,0.375987,,,,,0.333333,11.1207,0,10.5084,2.77315,,1.91835,1.8101,0.67652,2.88034,,
X2/spatial_only__f0_s0,59,0.000344109,1,0,0.0766443,0.471033,4.22865,2.86674,0.212054,0.353237,0,28,0.268962,0.364655,0.315873,0.393651,0.375987,,,,,0.333333,11.8973,0,11.2226,3.1508,,1.94551,1.85325,0.701936,2.89134,,
X2/spatial_only__f0_s0,60,0.000339107,1,0,0.0762416,0.468,4.428,3.0173,0.22154,0.321429,0,28,0.23786,0.360532,0.28254,0.4,0.375987,,,,,0.333333,14.0242,0,13.4681,3.05833,,1.91192,1.86208,0.691342,3.0143,,
X2/spatial_only__f0_s0,61,0.000334063,1,0,0.0758389,0.464967,4.41159,3.00965,0.181362,0.345424,0,28,0.355742,0.380806,0.404762,0.409524,0.380806,0.41,0.466,2.03146,1.94076,0.333333,12.2779,0,11.7061,2.84971,,1.85823,1.83129,0.678172,3.01515,100,0
X2/spatial_only__f0_s0,62,0.000328982,1,0,0.0754362,0.461933,4.09547,2.79864,0.132812,0.348214,0,28,0.325237,0.410465,0.369841,0.44127,0.410465,0.388,0.478,2.08853,1.86155,0.333333,13.5158,0,12.8844,3.26531,,1.92851,1.83913,0.68396,2.8074,100,0
X2/spatial_only__f0_s0,63,0.000323864,1,0,0.0750336,0.4589,4.05078,2.76973,0.237165,0.389509,0,28,0.309497,0.397488,0.347619,0.426984,0.410465,,,,,0.333333,13.3429,0,12.7667,3.0078,,1.92594,1.81909,0.689481,2.79156,,
X2/spatial_only__f0_s0,64,0.000318713,1,0,0.0746309,0.455867,4.0584,2.77709,0.199777,0.395647,0,28,0.352122,0.390911,0.392063,0.419048,0.410465,,,,,0.333333,12.6502,0,12.0131,3.16449,,1.89513,1.79862,0.669445,2.81073,,
X2/spatial_only__f0_s0,65,0.000313531,1,0,0.0742282,0.452833,4.22379,2.90153,0.227679,0.358259,0,28,0.39713,0.403835,0.434921,0.434921,0.410465,,,,,0.333333,11.5149,0,10.8941,2.99462,,1.80403,1.77727,0.65678,2.91997,,
X2/spatial_only__f0_s0,66,0.000308321,1,0,0.0738255,0.4498,4.15361,2.86012,0.183594,0.350446,0,28,0.397557,0.383518,0.426984,0.419048,0.410465,,,,,0.333333,11.728,0,11.119,2.91051,,1.87985,1.80247,0.651779,2.87569,,
X2/spatial_only__f0_s0,67,0.000303084,1,0,0.0734228,0.446767,4.09518,2.82502,0.263393,0.369978,0,28,0.338493,0.415246,0.374603,0.449206,0.415246,0.401,0.481,2.03062,1.7907,0.333333,13.3254,0,12.7383,3.16112,,1.86611,1.77769,0.651165,2.84302,100,0
X2/spatial_only__f0_s0,68,0.000297823,1,0,0.0730201,0.443733,4.03238,2.78404,0.154576,0.393415,0,28,0.315376,0.401428,0.352381,0.439683,0.415246,,,,,0.333333,12.4441,0,11.776,3.32666,,1.85872,1.76878,0.653902,2.81326,,
X2/spatial_only__f0_s0,69,0.000292541,1,0,0.0726174,0.4407,3.95287,2.73307,0.166295,0.390067,0,28,0.334678,0.411911,0.371429,0.44127,0.415246,,,,,0.333333,14.0515,0,13.4374,3.33234,,1.9244,1.81649,0.660085,2.76787,,
X2/spatial_only__f0_s0,70,0.00028724,1,0,0.0722148,0.437667,4.20565,2.91892,0.241071,0.384487,0,28,0.35427,0.41611,0.398413,0.453968,0.41611,0.411,0.495,2.01184,1.79116,0.333333,11.8421,0,11.212,3.0214,,1.85961,1.80633,0.643519,2.93998,100,0
X2/spatial_only__f0_s0,71,0.000281923,1,0,0.0718121,0.434633,4.01368,2.79144,0.204799,0.392857,0,28,0.249707,0.395331,0.304762,0.431746,0.41611,,,,,0.321429,13.4728,0,12.7714,3.48881,,1.93278,1.82389,0.655657,2.81213,,
X2/spatial_only__f0_s0,72,0.000276592,1,0,0.0714094,0.4316,4.04731,2.81826,0.194196,0.395089,0,28,0.345062,0.417034,0.390476,0.452381,0.417034,0.433,0.506,1.93564,1.74159,0.333333,12.4779,0,11.8968,2.94967,,1.85463,1.78993,0.640003,2.84767,100,0
X2/spatial_only__f0_s0,73,0.00027125,1,0,0.0710067,0.428567,3.94801,2.74998,0.162388,0.412946,0,28,0.383317,0.443148,0.411111,0.468254,0.443148,0.437,0.529,1.90068,1.66017,0.333333,14.2164,0,13.6192,3.31387,,1.87602,1.77413,0.635349,2.79544,100,0
X2/spatial_only__f0_s0,74,0.000265899,1,0,0.070604,0.425533,3.80426,2.65203,0.261719,0.430804,0,28,0.39456,0.43146,0.431746,0.463492,0.443148,,,,,0.321429,11.4733,0,10.8262,2.99445,,1.89182,1.7957,0.644806,2.70773,,
X2/spatial_only__f0_s0,75,0.000260542,1,0,0.0702013,0.4225,3.83443,2.67987,0.183036,0.40625,0,28,0.274833,0.424417,0.32381,0.45873,0.443148,0.316,0.521,2.44461,1.6545,0.333333,11.6905,0,10.9991,3.15266,,1.891,1.78304,0.640548,2.7327,100,0
X2/spatial_only__f0_s0,76,0.000255181,1,0,0.0697987,0.419467,4.03239,2.8365,0.157924,0.392857,0,28,0.405997,0.426679,0.444444,0.461905,0.443148,,,,,0.321429,12.5993,0,11.9651,3.22793,,1.8012,1.72906,0.606471,2.85097,,
X2/spatial_only__f0_s0,77,0.000249819,1,0,0.069396,0.416433,3.96668,2.79245,0.19308,0.396205,0,28,0.376932,0.438724,0.414286,0.469841,0.443148,,,,,0.333333,14.8247,0,14.2511,3.34132,,1.87236,1.79375,0.635631,2.81973,,
X2/spatial_only__f0_s0,78,0.000244458,1,0,0.0689933,0.4134,3.97832,2.80439,0.165737,0.397321,0,28,0.350975,0.448286,0.393651,0.479365,0.448286,0.429,0.544,1.92561,1.63477,0.333333,11.6398,0,11.0195,3.0317,,1.7936,1.74504,0.610176,2.8397,100,0
X2/spatial_only__f0_s0,79,0.000239101,1,0,0.0685906,0.410367,3.94105,2.78286,0.19308,0.414063,0,28,0.4162,0.463104,0.453968,0.488889,0.463104,0.519,0.553,1.66062,1.59921,0.333333,12.4171,0,11.8394,2.97878,,1.77695,1.72932,0.599154,2.82232,100,0
X2/spatial_only__f0_s0,80,0.00023375,1,0,0.0681879,0.407333,3.77065,2.66427,0.239955,0.423549,0,28,0.407689,0.465243,0.434921,0.492063,0.465243,0.487,0.568,1.72515,1.57149,0.333333,10.6159,0,10.0256,2.68614,,1.82776,1.7524,0.607522,2.71617,100,0
X2/spatial_only__f0_s0,81,0.000228408,1,0,0.0677852,0.4043,3.64569,2.58464,0.251674,0.412946,0,28,0.418269,0.444361,0.434921,0.471429,0.465243,,,,,0.333333,15.917,0,15.3176,3.6076,,1.89955,1.75542,0.612663,2.62441,,
X2/spatial_only__f0_s0,82,0.000223077,1,0,0.0673826,0.401267,3.76464,2.67253,0.27846,0.435826,0,28,0.452789,0.461867,0.479365,0.488889,0.465243,,,,,0.333333,12.0509,0,11.45,3.06079,,1.79462,1.72221,0.595861,2.72166,,
X2/spatial_only__f0_s0,83,0.00021776,1,0,0.0669799,0.398233,3.73672,2.6573,0.269531,0.457031,0,28,0.4084,0.479253,0.438095,0.503175,0.479253,0.481,0.583,1.7689,1.51393,0.321429,11.3803,0,10.7446,2.98784,,1.81002,1.73914,0.599757,2.71053,100,0
X2/spatial_only__f0_s0,84,0.000212459,1,0,0.0665772,0.3952,3.72394,2.66089,0.282366,0.428013,0,28,0.41026,0.477247,0.439683,0.504762,0.479253,,,,,0.333333,13.7113,0,13.021,3.52569,,1.88091,1.7743,0.609048,2.68989,,
X2/spatial_only__f0_s0,85,0.000207177,1,0,0.0661745,0.392167,3.4718,2.47484,0.21317,0.476563,0,28,0.448853,0.485418,0.479365,0.511111,0.485418,0.531,0.569,1.58438,1.50369,0.333333,12.8509,0,12.2266,3.22707,,1.84371,1.70807,0.597551,2.54218,100,0
X2/spatial_only__f0_s0,86,0.000201916,1,0,0.0657718,0.389133,3.45029,2.46474,0.233259,0.446429,0,28,0.452922,0.496938,0.490476,0.519048,0.496938,0.508,0.582,1.65029,1.47374,0.333333,14.9216,0,14.3211,3.40507,,1.85047,1.70168,0.590353,2.53266,100,0
X2/spatial_only__f0_s0,87,0.000196679,1,0,0.0653691,0.3861,3.8559,2.77088,0.166295,0.421875,0,28,0.424064,0.48932,0.457143,0.514286,0.496938,,,,,0.333333,12.9111,0,12.1852,3.50849,,1.79422,1.71473,0.571707,2.81021,,
X2/spatial_only__f0_s0,88,0.000191469,1,0,0.0649664,0.383067,3.49418,2.50639,0.277344,0.470424,0,28,0.46861,0.495254,0.490476,0.520635,0.496938,,,,,0.333333,13.8163,0,13.191,3.40126,,1.84719,1.69257,0.575162,2.57865,,
X2/spatial_only__f0_s0,89,0.000186287,1,0,0.0645638,0.380033,3.7377,2.69723,0.219308,0.429688,0,28,0.405366,0.494144,0.444444,0.519048,0.496938,,,,,0.333333,12.9869,0,12.3054,3.41721,,1.84191,1.76814,0.58357,2.73783,,
X2/spatial_only__f0_s0,90,0.000181136,1,0,0.0641611,0.377,3.15319,2.26911,0.214844,0.509487,0,28,0.486581,0.495963,0.512698,0.51746,0.496938,,,,,0.333333,14.3538,0,13.6595,3.75807,,1.90772,1.71782,0.59685,2.34506,,
X2/spatial_only__f0_s0,91,0.000176018,1,0,0.0637584,0.373967,3.45936,2.49916,0.285714,0.478237,0,28,0.445974,0.51393,0.469841,0.530159,0.51393,0.52,0.6,1.5944,1.4365,0.333333,13.8211,0,13.1369,3.65807,,1.81016,1.66303,0.562713,2.56761,100,0
X2/spatial_only__f0_s0,92,0.000170937,1,0,0.0633557,0.370933,3.31623,2.3988,0.217076,0.491071,0,28,0.408575,0.507752,0.439683,0.528571,0.51393,,,,,0.333333,12.8158,0,12.2113,3.20416,,1.78846,1.64394,0.561633,2.47332,,
X2/spatial_only__f0_s0,93,0.000165893,1,0,0.062953,0.3679,3.46538,2.51622,0.232701,0.493304,0,28,0.476686,0.49964,0.503175,0.522222,0.51393,,,,,0.333333,13.27,0,12.6213,3.42719,,1.81157,1.67614,0.56166,2.57995,,
X2/spatial_only__f0_s0,94,0.000160891,1,0,0.0625503,0.364867,3.52946,2.57258,0.228237,0.464844,0,28,0.429073,0.500578,0.460317,0.522222,0.51393,,,,,0.333333,12.2068,0,11.5918,3.10483,,1.76996,1.66125,0.54938,2.62256,,
X2/spatial_only__f0_s0,95,0.000155931,1,0,0.0621477,0.361833,3.67998,2.68937,0.232143,0.448661,0,28,0.453042,0.49388,0.484127,0.515873,0.51393,,,,,0.333333,12.0474,0,11.4704,2.98635,,1.76118,1.69725,0.540204,2.73775,,
X2/spatial_only__f0_s0,96,0.000151017,1,0,0.061745,0.3588,3.41797,2.49804,0.252232,0.473772,0,28,0.477954,0.497206,0.507937,0.520635,0.51393,,,,,0.333333,13.9049,0,13.2798,3.37141,,1.81798,1.66529,0.55076,2.56391,,
X2/spatial_only__f0_s0,97,0.00014615,1,0,0.0613423,0.355767,3.26912,2.39019,0.196987,0.50558,0,28,0.484023,0.510089,0.503175,0.530159,0.51393,,,,,0.333333,13.9409,0,13.3253,3.4475,,1.7874,1.64132,0.540021,2.47053,,
X2/spatial_only__f0_s0,98,0.000141333,1,0,0.0609396,0.352733,3.32206,2.43474,0.233259,0.498326,0,28,0.430595,0.507518,0.463492,0.525397,0.51393,,,,,0.333333,14.611,0,14.078,3.21508,,1.78743,1.64428,0.531479,2.51556,,
X2/spatial_only__f0_s0,99,0.000136569,1,0,0.0605369,0.3497,3.51344,2.58554,0.256138,0.476004,0,28,0.385719,0.507234,0.420635,0.530159,0.51393,,,,,0.333333,14.28,0,13.6747,3.43336,,1.7571,1.65386,0.53036,2.65343,,
X2/spatial_only__f0_s0,100,0.000131859,1,0,0.0601342,0.346667,3.59255,2.65238,0.276786,0.480469,0,28,0.427084,0.510399,0.465079,0.534921,0.51393,0.508,0.604,1.68233,1.38841,0.333333,13.7764,0,13.1274,3.52724,,1.75013,1.68533,0.537195,2.71201,100,0
X2/spatial_only__f0_s0,101,0.000127205,1,0,0.0597315,0.343633,3.49841,2.58681,0.22154,0.474888,0,28,0.426991,0.513862,0.45873,0.534921,0.51393,,,,,0.333333,13.4235,0,12.8839,3.10881,,1.75395,1.65677,0.518175,2.65282,,
X2/spatial_only__f0_s0,102,0.000122611,1,0,0.0593289,0.3406,3.20491,2.37024,0.226004,0.530692,0,28,0.487322,0.498962,0.506349,0.522222,0.51393,,,,,0.333333,13.5236,0,12.9561,3.24102,,1.74835,1.59703,0.515328,2.45061,,
X2/spatial_only__f0_s0,103,0.000118077,1,0,0.0589262,0.337567,3.54494,2.63372,0.282366,0.482143,0,28,0.413156,0.512837,0.438095,0.536508,0.51393,,,,,0.333333,13.5255,0,12.9188,3.2603,,1.77651,1.68234,0.518941,2.69937,,
X2/spatial_only__f0_s0,104,0.000113606,1,0,0.0585235,0.334533,3.11389,2.31352,0.276228,0.521763,0,28,0.514564,0.522185,0.534921,0.534921,0.522185,0.609,0.651,1.31128,1.25295,0.333333,12.3258,0,11.6489,3.33644,,1.79225,1.64065,0.519075,2.39251,100,0
X2/spatial_only__f0_s0,105,0.000109201,1,0,0.0581208,0.3315,3.26637,2.43489,0.285714,0.495536,0,28,0.490968,0.52338,0.515873,0.539683,0.52338,0.61,0.634,1.32168,1.30339,0.333333,13.7633,0,13.1626,3.32866,,1.79167,1.64065,0.50822,2.50823,100,0
X2/spatial_only__f0_s0,106,0.000104863,1,0,0.0577181,0.328467,2.99122,2.22642,0.248884,0.553571,0,28,0.475337,0.513895,0.503175,0.530159,0.52338,,,,,0.333333,14.189,0,13.491,3.7487,,1.79915,1.58796,0.506777,2.32839,,
X2/spatial_only__f0_s0,107,0.000100594,1,0,0.0573154,0.325433,3.06669,2.28885,0.366629,0.530134,0,28,0.53385,0.516816,0.544444,0.531746,0.53385,0.65,0.655,1.22336,1.25214,0.333333,17.5858,0,16.9804,3.87366,,1.79217,1.60999,0.49864,2.39015,100,0
X2/spatial_only__f0_s0,108,9.63962e-05,1,0,0.0569128,0.3224,3.01737,2.25679,0.257812,0.537388,0,28,0.504892,0.506114,0.531746,0.528571,0.53385,,,,,0.333333,12.7448,0,12.04,3.5562,,1.76702,1.58406,0.493063,2.35913,,
X2/spatial_only__f0_s0,109,9.22719e-05,1,0,0.0565101,0.319367,3.12627,2.34613,0.274554,0.526228,0,28,0.49734,0.516785,0.51746,0.538095,0.53385,,,,,0.333333,13.8458,0,13.1614,3.62413,,1.82091,1.67494,0.514182,2.44278,,
X2/spatial_only__f0_s0,110,8.82228e-05,1,0,0.0561074,0.316333,3.14,2.36232,0.253906,0.540179,0,28,0.505698,0.526806,0.525397,0.547619,0.53385,,,,,0.333333,13.5592,0,12.9124,3.41512,,1.76368,1.56165,0.477562,2.45842,,
X2/spatial_only__f0_s0,111,8.42509e-05,0,0,0.0557047,0.3133,2.20442,1.64311,0.59096,0.59096,0,28,0.529526,0.517858,0.538095,0.533333,0.53385,,,,,0.333333,17.6408,0,16.9436,4.28531,,1.88453,1.54886,0.506634,1.79161,,
X2/spatial_only__f0_s0,112,8.03579e-05,0,0.0020458,0.055302,0.310267,2.20579,1.65641,0.602121,0.592634,0,28,0.534777,0.51389,0.552381,0.531746,0.534777,0.696,0.661,1.08249,1.17685,0.333333,17.02,0,16.2423,4.42346,,1.95936,1.58974,0.52196,1.77065,100,0
X2/spatial_only__f0_s0,113,7.65457e-05,0,0.00812741,0.0548993,0.307233,2.26215,1.72524,0.62221,0.560826,0,28,0.535168,0.519324,0.547619,0.534921,0.535168,0.687,0.671,1.05243,1.15407,0.333333,17.2111,0,16.4861,4.28909,,1.97591,1.59034,0.499667,1.74757,100,0
X2/spatial_only__f0_s0,114,7.28161e-05,0,0.0180789,0.0544966,0.3042,2.43423,1.90355,0.604353,0.478795,0,28,0.516841,0.528527,0.530159,0.542857,0.535168,,,,,0.333333,19.5876,0,18.699,5.035,,2.18258,1.72063,0.510143,1.74451,,
X2/spatial_only__f0_s0,115,6.91709e-05,0,0.0316289,0.054094,0.301167,2.63923,2.12125,0.609933,0.413504,0,28,0.522479,0.518063,0.536508,0.531746,0.535168,,,,,0.333333,17.7452,0,16.7943,4.95479,,2.35186,1.80671,0.506709,1.71993,,
X2/spatial_only__f0_s0,116,6.56117e-05,0,0.0484078,0.0536913,0.298133,2.95525,2.44637,0.612165,0.350446,0,28,0.550289,0.528711,0.563492,0.544444,0.550289,0.696,0.681,0.984043,1.10649,0.333333,21.0868,0,20.0948,5.56548,,2.51769,1.89844,0.485476,1.70686,100,0
X2/spatial_only__f0_s0,117,6.21402e-05,0,0.0679578,0.0532886,0.2951,3.26265,2.76564,0.640067,0.285156,0,28,0.537648,0.53167,0.555556,0.546032,0.550289,,,,,0.333333,23.3325,0,22.2299,6.14078,,2.76136,1.98206,0.477266,1.68422,,
X2/spatial_only__f0_s0,118,5.87581e-05,0,0.0897457,0.0528859,0.292067,3.73079,3.23624,0.635045,0.250558,0,28,0.537466,0.535358,0.555556,0.549206,0.550289,,,,,0.333333,31.8457,0,30.5192,8.06354,,3.13382,2.17443,0.501311,1.69329,,
X2/spatial_only__f0_s0,119,5.5467e-05,0,0.113177,0.0524832,0.289033,4.14292,3.67017,0.648438,0.208705,0,28,0.552337,0.539149,0.573016,0.550794,0.552337,0.692,0.695,0.946271,1.05302,0.333333,32.2598,0,30.6631,8.79651,,3.35925,2.19955,0.473056,1.6356,100,0
X2/spatial_only__f0_s0,120,5.22683e-05,0,0.137613,0.0520805,0.286,4.72106,4.24461,0.620536,0.182478,0,28,0.511573,0.540549,0.531746,0.553968,0.552337,,,,,0.333333,37.7034,0,36.1523,9.47174,,3.73709,2.33184,0.475212,1.66594,,
X2/spatial_only__f0_s0,121,4.91636e-05,0,0.162387,0.0516779,0.282967,5.14689,4.68358,0.631696,0.162388,0,28,0.538135,0.54095,0.555556,0.555556,0.552337,,,,,0.333333,36.0328,0,34.3328,9.54929,,3.88067,2.30752,0.467026,1.63733,,
X2/spatial_only__f0_s0,122,4.61544e-05,0,0.186823,0.0512752,0.279933,5.76832,5.30592,0.618862,0.140625,0,28,0.538901,0.537638,0.553968,0.550794,0.552337,,,,,0.333333,39.0806,0,37.2579,10.4797,,4.17817,2.38984,0.45817,1.65183,,
X2/spatial_only__f0_s0,123,4.3242e-05,0,0.210254,0.0508725,0.2769,6.10779,5.64781,0.632812,0.146763,0,28,0.53609,0.537834,0.55873,0.552381,0.552337,,,,,0.333333,38.1839,0,36.1226,11.0471,,4.29986,2.38784,0.450899,1.66117,,
X2/spatial_only__f0_s0,124,4.04278e-05,0,0.232042,0.0504698,0.273867,6.54025,6.08646,0.627232,0.117746,0,28,0.53958,0.548496,0.55873,0.563492,0.552337,,,,,0.333333,43.8531,0,41.7844,11.6336,,4.4311,2.40531,0.446914,1.65698,,
X2/spatial_only__f0_s0,125,3.77132e-05,0,0.251592,0.0500671,0.270833,6.9327,6.47989,0.625,0.114955,0,28,0.536588,0.551234,0.557143,0.563492,0.552337,0.716,0.711,0.960054,0.960003,0.333333,49.3899,0,47.3819,12.6177,,4.60692,2.46442,0.452773,1.67192,100,0
X2/spatial_only__f0_s0,126,3.50995e-05,0,0.268371,0.0496644,0.2678,7.20064,6.75532,0.618862,0.108817,0,28,0.538744,0.554126,0.55873,0.566667,0.554126,0.704,0.708,0.966445,0.949179,0.333333,55.02,0,52.5245,14.9546,,4.58288,2.40692,0.43541,1.66289,100,0
X2/spatial_only__f0_s0,127,3.25877e-05,0,0.281921,0.0492617,0.264767,7.30503,6.86922,0.628348,0.109933,0,28,0.5521,0.54465,0.569841,0.560317,0.554126,,,,,0.333333,49.9621,0,47.6394,13.4016,,4.74164,2.47377,0.428743,1.64603,,
X2/spatial_only__f0_s0,128,3.01792e-05,0,0.291873,0.0488591,0.261733,7.47059,7.04,0.631138,0.113839,0,28,0.546352,0.542489,0.565079,0.557143,0.554126,,,,,0.333333,51.3711,0,48.9598,14.0471,,4.87917,2.4707,0.430125,1.64515,,
X2/spatial_only__f0_s0,129,2.78751e-05,0,0.297954,0.0484564,0.2587,7.5677,7.14282,0.641741,0.117188,0,28,0.539772,0.541432,0.55873,0.55873,0.554126,,,,,0.333333,53.6141,0,51.2238,14.2906,,4.7736,2.44563,0.421684,1.64238,,
X2/spatial_only__f0_s0,130,2.56764e-05,0,0.3,0.0480537,0.255667,7.50035,7.08236,0.640625,0.107701,0,28,0.529781,0.549419,0.553968,0.563492,0.554126,,,,,0.333333,54.856,0,52.2149,15.3738,,4.97682,2.49464,0.427565,1.6349,,
X2/spatial_only__f0_s0,131,2.35841e-05,0,0.3,0.047651,0.252633,7.46268,7.04427,0.642299,0.135045,0,28,0.526849,0.554282,0.552381,0.566667,0.554282,0.72,0.719,1.00381,0.918973,0.333333,56.7514,0,54.0145,15.8886,,4.73463,2.40116,0.403313,1.65619,100,0
X2/spatial_only__f0_s0,132,2.15994e-05,0,0.3,0.0472483,0.25,7.29291,6.88222,0.647879,0.146763,0,28,0.53772,0.534954,0.560317,0.552381,0.554282,,,,,0.333333,52.9254,0,50.4758,14.3958,,4.69286,2.38495,0.402455,1.64273,,
X2/spatial_only__f0_s0,133,1.9723e-05,0,0.3,0.0468456,0.25,7.36546,6.95818,0.651228,0.140625,0,28,0.536814,0.543939,0.560317,0.55873,0.554282,,,,,0.333333,48.61,0,45.8839,14.441,,4.79346,2.41274,0.409206,1.62912,,
X2/spatial_only__f0_s0,134,1.79558e-05,0,0.3,0.046443,0.25,7.39649,6.98993,0.646763,0.146763,0,28,0.544621,0.548266,0.566667,0.565079,0.554282,,,,,0.333333,52.9743,0,50.2924,15.1463,,4.87857,2.44933,0.418803,1.62624,,
X2/spatial_only__f0_s0,135,1.62988e-05,0,0.3,0.0460403,0.25,7.29971,6.89925,0.65067,0.145089,0,28,0.537478,0.546981,0.560317,0.565079,0.554282,,,,,0.333333,52.7842,0,50.1277,15.0363,,4.87525,2.4261,0.417174,1.60184,,
X2/spatial_only__f0_s0,136,1.47526e-05,0,0.3,0.0456376,0.25,7.3807,6.97618,0.637835,0.148996,0,28,0.551249,0.541133,0.569841,0.55873,0.554282,,,,,0.333333,56.2517,0,53.7582,14.9224,,4.87673,2.42084,0.422627,1.6181,,
X2/spatial_only__f0_s0,137,1.33181e-05,0,0.3,0.0452349,0.25,7.35047,6.93951,0.641741,0.157366,0,28,0.549217,0.541727,0.568254,0.560317,0.554282,,,,,0.333333,61.0726,0,58.5684,15.9471,,4.8547,2.38744,0.409494,1.64384,,
X2/spatial_only__f0_s0,138,1.19958e-05,0,0.3,0.0448322,0.25,7.30095,6.89551,0.641741,0.16183,0,28,0.537073,0.546153,0.561905,0.565079,0.554282,,,,,0.333333,54.5066,0,51.96,14.6965,,4.83247,2.41391,0.413841,1.62177,,
X2/spatial_only__f0_s0,139,1.07864e-05,0,0.3,0.0444295,0.25,7.31368,6.9129,0.640625,0.15625,0,28,0.550279,0.540538,0.571429,0.55873,0.554282,,,,,0.333333,50.5776,0,47.9406,14.7054,,4.80734,2.37718,0.408876,1.60314,,
X2/spatial_only__f0_s0,140,9.69048e-06,0,0.3,0.0440268,0.25,7.25448,6.85419,0.659598,0.15346,0,28,0.545216,0.547933,0.566667,0.565079,0.554282,,,,,0.333333,55.7367,0,52.8317,16.2963,,4.80188,2.39223,0.412456,1.6012,,
X2/spatial_only__f0_s0,141,8.70853e-06,0,0.3,0.0436242,0.25,7.3,6.90039,0.65067,0.157924,0,28,0.543817,0.550758,0.563492,0.568254,0.554282,,,,,0.333333,58.8179,0,56.175,15.9652,,4.85328,2.38941,0.409857,1.59844,,
X2/spatial_only__f0_s0,142,7.84101e-06,0,0.3,0.0432215,0.25,7.37352,6.97323,0.640625,0.150112,0,28,0.544691,0.541565,0.566667,0.55873,0.554282,,,,,0.333333,59.0041,0,56.0168,16.9745,,4.8964,2.4037,0.408865,1.60119,,
X2/spatial_only__f0_s0,143,7.08833e-06,0,0.3,0.0428188,0.25,7.24839,6.85315,0.654576,0.167969,0,28,0.540074,0.548133,0.563492,0.566667,0.554282,,,,,0.333333,55.6628,0,52.8157,16.0201,,4.8909,2.41428,0.416289,1.58099,,
X2/spatial_only__f0_s0,144,6.45086e-06,0,0.3,0.0424161,0.25,7.20464,6.80778,0.655134,0.164621,0,28,0.541861,0.541624,0.565079,0.561905,0.554282,,,,,0.333333,51.2898,0,48.6418,14.66,,4.79964,2.36923,0.399421,1.58744,,
X2/spatial_only__f0_s0,145,5.92887e-06,0,0.3,0.0420134,0.25,7.19798,6.80065,0.672433,0.166295,0,28,0.546581,0.546943,0.566667,0.568254,0.554282,,,,,0.333333,53.9954,0,51.2549,15.3419,,4.7524,2.33146,0.402797,1.58933,,
X2/spatial_only__f0_s0,146,5.52264e-06,0,0.3,0.0416107,0.25,7.30605,6.90329,0.640625,0.174107,0,28,0.54506,0.549432,0.565079,0.568254,0.554282,,,,,0.333333,57.9166,0,55.3122,15.5391,,4.82561,2.37817,0.409789,1.61104,,
X2/spatial_only__f0_s0,147,5.23233e-06,0,0.3,0.0412081,0.25,7.3262,6.92539,0.645089,0.16183,0,28,0.558744,0.551901,0.57619,0.573016,0.558744,0.728,0.731,0.996068,0.937936,0.333333,51.5236,0,48.5593,15.6538,,4.82989,2.37821,0.407703,1.60325,100,-2.99839e-11
X2/spatial_only__f0_s0,148,5.05809e-06,0,0.3,0.0408054,0.25,7.19442,6.80001,0.635045,0.185268,0,28,0.544754,0.547973,0.565079,0.569841,0.558744,,,,,0.333333,55.9178,0,53.0804,15.974,,4.84308,2.37699,0.410332,1.57765,,
X2/spatial_only__f0_s0,149,5e-06,0,0.3,0.0404027,0.25,7.27313,6.87569,0.642857,0.171875,0,28,0.548897,0.551005,0.569841,0.569841,0.558744,,,,,0.333333,59.0085,0,55.9437,17.0504,,4.82314,2.36892,0.408749,1.58974,,
X2/spatial_only__f0_s0,150,5e-06,0,0.3,0.04,0.25,7.14573,6.75554,0.667411,0.181362,0,28,0.551835,0.543478,0.573016,0.561905,0.558744,0.73,0.733,0.996776,0.940542,0.333333,52.2666,0,49.5369,15.2897,,4.77816,2.33936,0.404095,1.56075,100,-5.51761e-11
X2/spatial_only__f0_s1,1,0.0002,1,0,0.1,0.646967,8.81718,5.90552,0.0145089,0.0100446,0,28,0.0121868,0.0129431,0.0238095,0.0285714,0.0129431,0.023,0.023,5.34245,5.4195,0.309524,55.9565,4,43.6723,32.946,,8.20917,2.18296,0.0952556,4.50049,100,0
X2/spatial_only__f0_s1,2,0.0003,1,0,0.0995973,0.643933,7.95146,5.05515,0.0172991,0.0212054,0,28,0.0203664,0.0147222,0.031746,0.0301587,0.0203664,0.026,0.027,4.553,4.55947,0.321429,30.7153,1,20.3923,20.7828,,6.66203,2.07773,0.0956926,4.49784,100,0
X2/spatial_only__f0_s1,3,0.0004,1,0,0.0991946,0.6409,7.39615,4.53532,0.0195312,0.0273438,0,28,0.00583166,0.0114417,0.0253968,0.0301587,0.0203664,,,,,0.333333,10.8557,0,4.79829,7.61818,,4.81308,2.15447,0.13251,4.46377,,
X2/spatial_only__f0_s1,4,0.0005,1,0,0.0987919,0.637867,7.18921,4.4384,0.0206473,0.0379464,0,28,0.0182971,0.0125265,0.0380952,0.0333333,0.0203664,,,,,0.27381,6.60857,0,2.4272,4.63948,,3.38462,2.17001,0.29667,4.31252,,
X2/spatial_only__f0_s1,5,0.000499942,1,0,0.0983893,0.634833,7.10595,4.40461,0.0195312,0.0329241,0,28,0.00801969,0.0136672,0.0444444,0.0396825,0.0203664,,,,,0.047619,4.42542,0,1.52857,2.78543,,2.72866,2.1879,0.380666,4.2552,,
X2/spatial_only__f0_s1,6,0.000499768,1,0,0.0979866,0.6318,6.91089,4.2746,0.0290179,0.0362723,0,28,0.0186389,0.0241816,0.0539683,0.0571429,0.0241816,0.053,0.056,3.92466,3.85607,0.0119048,3.83346,0,1.19269,2.39587,,2.46952,2.1835,0.444725,4.17266,100,0
X2/spatial_only__f0_s1,7,0.000499477,1,0,0.0975839,0.628767,6.87451,4.26894,0.0234375,0.0357143,0,28,0.0177274,0.0274259,0.0460317,0.052381,0.0274259,0.038,0.053,3.9665,3.83149,0.0238095,3.75114,0,1.32074,2.32328,,2.34883,2.19483,0.484807,4.14394,100,0
X2/spatial_only__f0_s1,8,0.000499071,1,0,0.0971812,0.625733,6.79743,4.22195,0.031808,0.0401786,0,28,0.022448,0.0208777,0.0571429,0.0507937,0.0274259,,,,,0.0238095,3.8477,0,1.43259,2.50083,,2.279,2.19253,0.513557,4.11594,,
X2/spatial_only__f0_s1,9,0.000498549,1,0,0.0967785,0.6227,6.79336,4.2333,0.0351562,0.0452009,0,28,0.0321822,0.0257758,0.0634921,0.0619048,0.0321822,0.054,0.057,3.923,3.76732,0.0119048,3.6483,0,1.37588,2.38173,,2.10914,2.11365,0.490751,4.11123,100,0
X2/spatial_only__f0_s1,10,0.000497912,1,0,0.0963758,0.619667,6.67017,4.15286,0.0329241,0.0585938,0,28,0.0251136,0.0298416,0.0603175,0.068254,0.0321822,,,,,0,3.53049,0,1.31374,2.33503,,2.06389,2.11963,0.504677,4.06235,,
X2/spatial_only__f0_s1,11,0.000497159,1,0,0.0959732,0.616633,6.6093,4.12486,0.0362723,0.0513393,0,28,0.0199897,0.024858,0.0571429,0.0571429,0.0321822,,,,,0.0833333,4.37657,0,1.76597,3.20164,,2.04361,2.1254,0.53571,4.02904,,
X2/spatial_only__f0_s1,12,0.000496291,1,0,0.0955705,0.6136,6.59592,4.12922,0.0295759,0.046317,0,28,0.0212925,0.0327015,0.0507937,0.0619048,0.0327015,0.061,0.067,3.80111,3.69719,0.0357143,3.59767,0,1.40443,2.42446,,1.98211,2.11663,0.525709,4.02004,100,0
X2/spatial_only__f0_s1,13,0.00049531,1,0,0.0951678,0.610567,6.53673,4.08747,0.046317,0.061942,0,28,0.019779,0.0388056,0.0603175,0.068254,0.0388056,0.066,0.075,3.76112,3.66348,0,3.29993,0,1.47548,2.0385,,1.90048,2.06765,0.517612,4.01146,100,0
X2/spatial_only__f0_s1,14,0.000494214,1,0,0.0947651,0.607533,6.58353,4.12526,0.0435268,0.0625,0,28,0.0284619,0.0374775,0.0603175,0.068254,0.0388056,,,,,0.0119048,3.45678,0,1.44358,2.24671,,1.92337,2.13315,0.522382,4.04631,,
X2/spatial_only__f0_s1,15,0.000493004,1,0,0.0943624,0.6045,6.50721,4.08689,0.0357143,0.0546875,0,28,0.0332989,0.0445797,0.0555556,0.0746032,0.0445797,0.066,0.068,3.7415,3.65728,0,3.36369,0,1.57249,2.12757,,1.83426,2.09195,0.517523,4.00383,100,0
X2/spatial_only__f0_s1,16,0.000491682,1,0,0.0939597,0.601467,6.48509,4.07871,0.0340402,0.0675223,0,28,0.0369434,0.0425321,0.0730159,0.0714286,0.0445797,,,,,0.0119048,3.32594,0,1.47724,2.17089,,1.79093,2.09312,0.508938,4.00084,,
X2/spatial_only__f0_s1,17,0.000490247,1,0,0.093557,0.598433,6.38479,4.02582,0.0329241,0.0725446,0,28,0.0298343,0.0458826,0.0539683,0.0714286,0.0458826,0.069,0.084,3.7946,3.63407,0.0357143,3.79602,0,1.92787,2.46408,,1.8609,2.14664,0.551814,3.94192,100,0
X2/spatial_only__f0_s1,18,0.000488701,1,0,0.0931544,0.5954,6.42137,4.06021,0.0345982,0.0580357,0,28,0.0354426,0.0515878,0.0650794,0.0777778,0.0515878,0.067,0.086,3.75001,3.61071,0.047619,3.82382,0,2.04088,2.44327,,1.80627,2.12009,0.539604,3.96567,100,0
X2/spatial_only__f0_s1,19,0.000487044,1,0,0.0927517,0.592367,6.40523,4.04868,0.0345982,0.0697545,0,28,0.040039,0.0414168,0.0698413,0.0714286,0.0515878,,,,,0.0119048,3.56271,0,1.88592,2.21602,,1.78349,2.10799,0.518442,3.9782,,
X2/spatial_only__f0_s1,20,0.000485277,1,0,0.092349,0.589333,6.32623,3.99621,0.0334821,0.0697545,0,28,0.0327591,0.0544546,0.0746032,0.084127,0.0544546,0.071,0.093,3.62411,3.57133,0.0238095,3.71519,0,2.08845,2.2538,,1.80333,2.09467,0.514666,3.95365,100,0
X2/spatial_only__f0_s1,21,0.000483401,1,0,0.0919463,0.5863,6.17651,3.91,0.0541295,0.0892857,0,28,0.0614219,0.059458,0.101587,0.0904762,0.0614219,0.102,0.101,3.53577,3.53753,0.107143,4.88712,0,3.47674,2.4279,,1.84729,2.12793,0.549482,3.86579,100,0
X2/spatial_only__f0_s1,22,0.000481416,1,0,0.0915436,0.583267,6.06078,3.84696,0.0385045,0.0792411,0,28,0.0506083,0.0755897,0.0873016,0.107937,0.0755897,0.103,0.106,3.35053,3.44042,0.119048,4.70449,0,3.23705,2.56876,,1.84797,2.12314,0.590822,3.79555,100,0
X2/spatial_only__f0_s1,23,0.000479324,1,0,0.0911409,0.580233,5.90843,3.75987,0.0669643,0.106585,0,28,0.056485,0.0862752,0.0968254,0.122222,0.0862752,0.115,0.134,3.39347,3.33745,0.130952,5.06767,0,3.56174,2.7606,,1.83722,2.09087,0.611869,3.70293,100,0
X2/spatial_only__f0_s1,24,0.000477125,1,0,0.0907383,0.5772,5.84212,3.71939,0.0792411,0.109375,0,28,0.0778121,0.084991,0.133333,0.11746,0.0862752,,,,,0.107143,5.10097,0,3.87655,2.29655,,1.80031,2.08785,0.647335,3.67764,,
X2/spatial_only__f0_s1,25,0.000474821,1,0,0.0903356,0.574167,5.88213,3.76123,0.0580357,0.108259,0,28,0.0744713,0.0872295,0.11746,0.122222,0.0872295,0.131,0.13,3.22955,3.1922,0.107143,4.94527,0,3.68963,2.39605,,1.80859,2.11558,0.652007,3.69388,100,0
X2/spatial_only__f0_s1,26,0.000472412,1,0,0.0899329,0.571133,5.77831,3.69761,0.0524554,0.112723,0,28,0.0912191,0.10875,0.138095,0.142857,0.10875,0.145,0.162,3.08249,3.12046,0.154762,5.18705,0,3.99829,2.48786,,1.75434,2.08803,0.648338,3.6431,100,0
X2/spatial_only__f0_s1,27,0.000469901,1,0,0.0895302,0.5681,5.78551,3.70905,0.0491071,0.119978,0,28,0.103788,0.102651,0.149206,0.150794,0.10875,,,,,0.202381,5.7159,0,4.54249,2.59757,,1.8049,2.07803,0.654891,3.65509,,
X2/spatial_only__f0_s1,28,0.000467287,1,0,0.0891275,0.565067,5.68776,3.65146,0.0870536,0.143415,0,28,0.079611,0.113598,0.112698,0.15873,0.113598,0.135,0.172,3.29874,3.05464,0.238095,6.47469,0,5.46789,2.73072,,1.72373,2.02585,0.637501,3.60364,100,0
X2/spatial_only__f0_s1,29,0.000464572,1,0,0.0887248,0.562033,5.67884,3.64972,0.077567,0.129464,0,28,0.101993,0.148918,0.147619,0.187302,0.148918,0.16,0.184,3.06451,2.9455,0.22619,6.48663,0,5.37373,2.85713,,1.74579,2.06882,0.648544,3.61033,100,0
X2/spatial_only__f0_s1,30,0.000461758,1,0,0.0883221,0.559,5.5531,3.57852,0.0719866,0.152344,0,28,0.0862962,0.152803,0.139683,0.2,0.152803,0.159,0.201,3.13083,2.90396,0.238095,6.58354,0,5.70674,2.43739,,1.74145,2.06381,0.657341,3.53235,100,0
X2/spatial_only__f0_s1,31,0.000458846,1,0,0.0879195,0.555967,5.47492,3.52619,0.0965402,0.174665,0,28,0.0820468,0.131176,0.122222,0.18254,0.152803,,,,,0.285714,7.1875,0,6.33203,2.54973,,1.73645,2.05736,0.67017,3.50512,,
X2/spatial_only__f0_s1,32,0.000455836,1,0,0.0875168,0.552933,5.46808,3.5299,0.0909598,0.162946,0,28,0.113445,0.1593,0.15873,0.204762,0.1593,0.145,0.196,3.16438,2.91147,0.22619,6.86282,0,5.95959,2.59669,,1.756,2.08961,0.677881,3.50528,100,0
X2/spatial_only__f0_s1,33,0.000452732,1,0,0.0871141,0.5499,5.53804,3.59325,0.093192,0.15067,0,28,0.152464,0.182179,0.203175,0.225397,0.182179,0.207,0.218,2.84995,2.81812,0.261905,6.75657,0,5.93494,2.32402,,1.72614,2.07166,0.66619,3.53663,100,0
X2/spatial_only__f0_s1,34,0.000449533,1,0,0.0867114,0.546867,5.43289,3.52857,0.101563,0.179129,0,28,0.145529,0.201692,0.2,0.246032,0.201692,0.187,0.225,2.82505,2.75635,0.27381,7.68621,0,6.90165,2.52463,,1.67897,2.04784,0.660811,3.48223,100,0
X2/spatial_only__f0_s1,35,0.000446242,1,0,0.0863087,0.543833,5.25482,3.41113,0.0915179,0.181362,0,28,0.151678,0.204707,0.203175,0.246032,0.204707,0.222,0.24,2.7674,2.6931,0.27381,8.25838,0,7.37486,2.91841,,1.74364,2.04585,0.682842,3.39016,100,0
X2/spatial_only__f0_s1,36,0.00044286,1,0,0.085906,0.5408,5.35575,3.48036,0.105469,0.197545,0,28,0.198943,0.176469,0.24127,0.220635,0.204707,,,,,0.309524,8.12219,0,7.34269,2.61554,,1.72722,2.03487,0.661809,3.46781,,
X2/spatial_only__f0_s1,37,0.000439388,1,0,0.0855034,0.537767,5.21745,3.39014,0.128348,0.202009,0,28,0.197066,0.199003,0.249206,0.247619,0.204707,,,,,0.25,7.34708,0,6.52215,2.50268,,1.72443,2.03169,0.6692,3.39795,,
X2/spatial_only__f0_s1,38,0.000435829,1,0,0.0851007,0.534733,4.96805,3.22594,0.107143,0.260603,0,28,0.128061,0.209246,0.17619,0.257143,0.209246,0.205,0.268,2.99338,2.64088,0.309524,9.14381,0,8.36343,2.83015,,1.81822,2.05766,0.707787,3.2579,100,0
X2/spatial_only__f0_s1,39,0.000432184,1,0,0.084698,0.5317,5.1436,3.34865,0.0825893,0.232143,0,28,0.209114,0.214821,0.265079,0.261905,0.214821,0.283,0.272,2.5312,2.62755,0.309524,8.75104,0,8.02392,2.69505,,1.72188,2.00225,0.673215,3.37587,100,0
X2/spatial_only__f0_s1,40,0.000428454,1,0,0.0842953,0.528667,5.00057,3.25758,0.162388,0.253348,0,28,0.230124,0.21522,0.273016,0.25873,0.230124,0.288,0.281,2.55289,2.63292,0.321429,8.77824,0,7.95509,2.86407,,1.74821,2.01014,0.679931,3.29696,100,0
X2/spatial_only__f0_s1,41,0.000424642,1,0,0.0838926,0.525633,4.7583,3.10153,0.18192,0.277344,0,28,0.242926,0.248198,0.284127,0.295238,0.248198,0.294,0.306,2.52102,2.445,0.333333,11.2617,0,10.5983,2.92377,,1.78843,2.00107,0.711062,3.15196,100,0
X2/spatial_only__f0_s1,42,0.000420749,1,0,0.0834899,0.5226,4.87984,3.19232,0.158482,0.276228,0,28,0.232288,0.248699,0.27619,0.295238,0.248699,0.307,0.303,2.54347,2.43693,0.333333,10.3394,0,9.60092,2.91746,,1.74484,1.99047,0.687337,3.22909,100,0
X2/spatial_only__f0_s1,43,0.000416777,1,0,0.0830872,0.519567,5.01786,3.29578,0.141741,0.262835,0,28,0.217616,0.197166,0.255556,0.239683,0.248699,,,,,0.309524,10.4618,0,9.7696,2.85189,,1.75445,2.00436,0.687141,3.31444,,
X2/spatial_only__f0_s1,44,0.000412728,1,0,0.0826846,0.516533,4.77616,3.1356,0.169643,0.311942,0,28,0.251146,0.269167,0.279365,0.312698,0.269167,0.301,0.349,2.55739,2.33817,0.309524,11.5121,0,10.9036,2.75289,,1.74137,2.00766,0.711212,3.1761,100,0
X2/spatial_only__f0_s1,45,0.000408604,1,0,0.0822819,0.5135,4.61797,3.04658,0.162946,0.303571,0,28,0.262587,0.295047,0.306349,0.339683,0.295047,0.332,0.38,2.32231,2.22898,0.321429,17.2554,0,16.7327,3.34817,,1.79491,1.97369,0.706984,3.06015,100,0
X2/spatial_only__f0_s1,46,0.000404406,1,0,0.0818792,0.510467,4.66655,3.07868,0.175223,0.295201,0,28,0.268823,0.298375,0.309524,0.339683,0.298375,0.348,0.389,2.2811,2.19852,0.333333,12.1033,0,11.5016,2.92616,,1.72455,1.93999,0.704171,3.11062,100,0
X2/spatial_only__f0_s1,47,0.000400137,1,0,0.0814765,0.507433,4.7341,3.13562,0.148996,0.3125,0,28,0.196306,0.304032,0.244444,0.338095,0.304032,0.278,0.39,2.50664,2.16936,0.333333,11.9022,0,11.2779,2.94163,,1.75433,2.01645,0.719297,3.15013,100,0
X2/spatial_only__f0_s1,48,0.000395799,1,0,0.0810738,0.5044,4.48874,2.97831,0.16183,0.302455,0,28,0.237281,0.339773,0.287302,0.371429,0.339773,0.317,0.4,2.28302,2.15233,0.333333,13.0726,0,12.4237,3.14603,,1.78244,1.96652,0.733243,2.9945,100,0
X2/spatial_only__f0_s1,49,0.000391394,1,0,0.0806711,0.501367,4.59702,3.05798,0.15067,0.315848,0,28,0.263778,0.314336,0.303175,0.355556,0.339773,,,,,0.333333,18.3811,0,17.7955,3.72358,,1.75512,1.95139,0.698638,3.06969,,
X2/spatial_only__f0_s1,50,0.000386923,1,0,0.0802685,0.498333,4.4679,2.97983,0.16183,0.315848,0,28,0.295505,0.285556,0.334921,0.322222,0.339773,0.382,0.349,2.16594,2.32633,0.333333,12.5699,0,11.9439,3.01647,,1.76396,1.95186,0.727766,2.98609,100,0
X2/spatial_only__f0_s1,51,0.000382389,1,0,0.0798658,0.4953,4.31837,2.88346,0.196429,0.356027,0,28,0.32181,0.327235,0.357143,0.368254,0.339773,,,,,0.333333,14.5496,0,13.9996,3.07699,,1.71454,1.90608,0.718343,2.89704,,
X2/spatial_only__f0_s1,52,0.000377795,1,0,0.0794631,0.492267,4.96787,3.33101,0.170759,0.267857,0,28,0.268056,0.28298,0.319048,0.32381,0.339773,,,,,0.309524,9.65893,0,9.02712,2.58667,,1.64014,1.92096,0.673804,3.32514,,
X2/spatial_only__f0_s1,53,0.000373141,1,0,0.0790604,0.489233,4.40126,2.95335,0.181362,0.342076,0,28,0.304793,0.336673,0.34127,0.37619,0.339773,,,,,0.333333,11.6588,0,11.0506,2.88328,,1.67943,1.89075,0.699299,2.95955,,
X2/spatial_only__f0_s1,54,0.000368431,1,0,0.0786577,0.4862,4.48364,3.01508,0.134487,0.327567,0,28,0.347825,0.333557,0.392063,0.379365,0.347825,0.413,0.41,2.04353,2.1199,0.333333,12.8232,0,12.1987,3.13568,,1.6557,1.89817,0.690395,3.02047,100,0
X2/spatial_only__f0_s1,55,0.000363667,1,0,0.078255,0.483167,4.36862,2.94446,0.140067,0.344866,0,28,0.295988,0.34563,0.342857,0.390476,0.347825,,,,,0.333333,13.8486,0,13.3258,2.9144,,1.66503,1.89519,0.710854,2.94755,,
X2/spatial_only__f0_s1,56,0.00035885,1,0,0.0778523,0.480133,4.39229,2.96363,0.203683,0.325335,0,28,0.405002,0.339344,0.433333,0.380952,0.405002,0.446,0.446,1.93797,2.00131,0.333333,21.7478,0,21.2522,3.65442,,1.69517,1.92589,0.704869,2.97555,100,0
X2/spatial_only__f0_s1,57,0.000353983,1,0,0.0774497,0.4771,4.20561,2.8365,0.199777,0.359375,0,28,0.303794,0.353214,0.333333,0.392063,0.405002,,,,,0.333333,15.4403,0,14.7869,3.50124,,1.68062,1.86695,0.695316,2.86966,,
X2/spatial_only__f0_s1,58,0.000349069,1,0,0.077047,0.474067,4.08964,2.76334,0.189174,0.37779,0,28,0.318103,0.366148,0.360317,0.404762,0.405002,,,,,0.333333,13.7855,0,13.2196,3.08918,,1.70238,1.88935,0.721321,2.7977,,
X2/spatial_only__f0_s1,59,0.000344109,1,0,0.0766443,0.471033,4.32613,2.93693,0.198103,0.329241,0,28,0.299252,0.365474,0.336508,0.407937,0.405002,,,,,0.333333,15.2185,0,14.5884,3.44015,,1.73764,1.95911,0.723832,2.94926,,
X2/spatial_only__f0_s1,60,0.000339107,1,0,0.0762416,0.468,4.43236,3.01374,0.215402,0.331473,0,28,0.290151,0.351553,0.34127,0.390476,0.405002,,,,,0.333333,12.183,0,11.6619,2.59184,,1.66323,1.90973,0.705545,3.03123,,
X2/spatial_only__f0_s1,61,0.000334063,1,0,0.0758389,0.464967,4.3356,2.95649,0.136161,0.339286,0,28,0.360134,0.378222,0.4,0.415873,0.405002,,,,,0.333333,15.7166,0,15.2535,2.835,,1.66393,1.91868,0.685862,2.96603,,
X2/spatial_only__f0_s1,62,0.000328982,1,0,0.0754362,0.461933,4.0553,2.76262,0.203683,0.371094,0,28,0.352672,0.37562,0.380952,0.412698,0.405002,,,,,0.333333,12.733,0,12.2117,2.83537,,1.68241,1.89173,0.700692,2.79842,,
X2/spatial_only__f0_s1,63,0.000323864,1,0,0.0750336,0.4589,3.981,2.71713,0.201451,0.399554,0,28,0.330688,0.389387,0.355556,0.420635,0.405002,,,,,0.333333,15.3012,1,14.7537,4.92941,,1.6668,1.85254,0.688286,2.75414,,
X2/spatial_only__f0_s1,64,0.000318713,1,0,0.0746309,0.455867,3.91384,2.6736,0.243304,0.425781,0,28,0.351314,0.40402,0.390476,0.431746,0.405002,,,,,0.333333,17.9116,0,17.3767,3.46415,,1.66694,1.83224,0.69427,2.72062,,
X2/spatial_only__f0_s1,65,0.000313531,1,0,0.0742282,0.452833,4.40108,3.02967,0.195871,0.33817,0,28,0.323419,0.376294,0.365079,0.412698,0.405002,,,,,0.321429,14.6915,0,14.1038,3.27619,,1.65861,1.90734,0.674382,3.02852,,
X2/spatial_only__f0_s1,66,0.000308321,1,0,0.0738255,0.4498,4.01787,2.76757,0.222098,0.373326,0,28,0.356436,0.410211,0.392063,0.434921,0.410211,0.432,0.492,1.92496,1.86465,0.333333,14.7715,0,14.1945,3.30753,,1.66884,1.84835,0.701094,2.77968,100,0
X2/spatial_only__f0_s1,67,0.000303084,1,0,0.0734228,0.446767,4.22056,2.91304,0.218192,0.359933,0,28,0.411359,0.421095,0.446032,0.449206,0.421095,0.477,0.496,1.80329,1.83938,0.321429,14.3347,0,13.8083,2.91027,,1.62195,1.85129,0.654864,2.92663,100,0
X2/spatial_only__f0_s1,68,0.000297823,1,0,0.0730201,0.443733,3.85116,2.65655,0.217076,0.414063,0,28,0.376487,0.406257,0.415873,0.428571,0.421095,,,,,0.333333,14.4359,0,13.8742,3.13317,,1.66973,1.87516,0.697735,2.69219,,
X2/spatial_only__f0_s1,69,0.000292541,1,0,0.0726174,0.4407,4.17952,2.89708,0.241629,0.355469,0,28,0.36642,0.393604,0.4,0.426984,0.421095,,,,,0.321429,12.2746,0,11.6901,2.94483,,1.70142,1.94467,0.685624,2.91,,
X2/spatial_only__f0_s1,70,0.00028724,1,0,0.0722148,0.437667,3.88753,2.69875,0.226004,0.398438,0,28,0.39064,0.393089,0.428571,0.426984,0.421095,,,,,0.321429,17.6044,0,17.0902,3.33717,,1.66382,1.86668,0.679771,2.71619,,
X2/spatial_only__f0_s1,71,0.000281923,1,0,0.0718121,0.434633,4.05061,2.81221,0.202567,0.385603,0,28,0.362628,0.385936,0.396825,0.422222,0.421095,,,,,0.321429,12.3814,0,11.8059,2.9363,,1.62447,1.87814,0.666125,2.84932,,
X2/spatial_only__f0_s1,72,0.000276592,1,0,0.0714094,0.4316,3.83747,2.67088,0.177455,0.422433,0,28,0.38107,0.417978,0.425397,0.442857,0.421095,,,,,0.333333,16.0452,0,15.4665,3.4274,,1.64186,1.82027,0.665653,2.70296,,
X2/spatial_only__f0_s1,73,0.00027125,1,0,0.0710067,0.428567,3.89967,2.71771,0.191406,0.416853,0,28,0.348943,0.413361,0.388889,0.444444,0.421095,,,,,0.333333,13.7619,0,13.2032,3.04527,,1.60118,1.83602,0.67353,2.75795,,
X2/spatial_only__f0_s1,74,0.000265899,1,0,0.070604,0.425533,4.06615,2.8441,0.239397,0.41183,0,28,0.354625,0.43782,0.401587,0.469841,0.43782,0.439,0.527,2.03829,1.72922,0.333333,12.6368,0,12.122,2.80665,,1.57008,1.83234,0.65053,2.87179,100,0
X2/spatial_only__f0_s1,75,0.000260542,1,0,0.0702013,0.4225,3.55462,2.48241,0.199777,0.455915,0,28,0.370629,0.450786,0.395238,0.474603,0.450786,0.454,0.549,1.82879,1.62821,0.333333,14.9919,0,14.4914,3.16069,,1.56091,1.76381,0.660312,2.53778,100,0
X2/spatial_only__f0_s1,76,0.000255181,1,0,0.0697987,0.419467,3.58773,2.51387,0.15625,0.453125,0,28,0.457464,0.428552,0.480952,0.463492,0.457464,0.524,0.524,1.60244,1.65018,0.333333,14.4474,0,13.8125,3.5329,,1.63453,1.82788,0.6733,2.56007,100,0
X2/spatial_only__f0_s1,77,0.000249819,1,0,0.069396,0.416433,3.92619,2.76306,0.155692,0.396205,0,28,0.403297,0.411439,0.434921,0.444444,0.457464,,,,,0.333333,12.5796,0,11.9817,3.0504,,1.61842,1.82773,0.643055,2.79307,,
X2/spatial_only__f0_s1,78,0.000244458,1,0,0.0689933,0.4134,3.88719,2.7406,0.123326,0.396763,0,28,0.354424,0.42826,0.395238,0.463492,0.457464,,,,,0.333333,12.3469,0,11.7828,2.92516,,1.6195,1.81455,0.642627,2.77356,,
X2/spatial_only__f0_s1,79,0.000239101,1,0,0.0685906,0.410367,3.65714,2.57711,0.277344,0.420759,0,28,0.422161,0.430492,0.447619,0.460317,0.457464,,,,,0.309524,17.018,0,16.4649,3.31233,,1.641,1.83386,0.654415,2.63184,,
X2/spatial_only__f0_s1,80,0.00023375,1,0,0.0681879,0.407333,3.52236,2.48751,0.311942,0.446429,0,28,0.315889,0.440073,0.338095,0.469841,0.457464,,,,,0.333333,24.3298,0,23.5396,5.34942,,1.63452,1.76061,0.644574,2.54055,,
X2/spatial_only__f0_s1,81,0.000228408,1,0,0.0677852,0.4043,3.78888,2.68263,0.195871,0.434152,0,28,0.412654,0.44679,0.442857,0.47619,0.457464,,,,,0.321429,22.4881,0,21.2109,6.46019,,1.59004,1.79275,0.625344,2.73621,,
X2/spatial_only__f0_s1,82,0.000223077,1,0,0.0673826,0.401267,3.97924,2.83146,0.257254,0.392299,0,28,0.39756,0.437647,0.44127,0.469841,0.457464,,,,,0.321429,15.4113,0,14.8692,3.16647,,1.60969,1.85806,0.625734,2.86038,,
X2/spatial_only__f0_s1,83,0.00021776,1,0,0.0669799,0.398233,3.8468,2.73922,0.290737,0.429688,0,28,0.385225,0.441551,0.428571,0.474603,0.457464,,,,,0.321429,13.5596,0,13.0139,3.11723,,1.54874,1.78911,0.61308,2.78122,,
X2/spatial_only__f0_s1,84,0.000212459,1,0,0.0665772,0.3952,3.69859,2.63507,0.261719,0.445313,0,28,0.456876,0.425957,0.484127,0.460317,0.457464,,,,,0.333333,11.5818,0,10.9793,3.01976,,1.58691,1.8092,0.620066,2.69108,,
X2/spatial_only__f0_s1,85,0.000207177,1,0,0.0661745,0.392167,3.5911,2.56486,0.200893,0.461496,0,28,0.44756,0.449292,0.47619,0.477778,0.457464,,,,,0.333333,13.3184,0,12.753,3.19759,,1.55649,1.72074,0.597204,2.61684,,
X2/spatial_only__f0_s1,86,0.000201916,1,0,0.0657718,0.389133,4.10435,2.94841,0.285714,0.391741,0,28,0.398855,0.455317,0.438095,0.48254,0.457464,,,,,0.333333,12.6691,0,12.0783,3.0137,,1.54849,1.83654,0.592942,2.97055,,
X2/spatial_only__f0_s1,87,0.000196679,1,0,0.0653691,0.3861,3.49834,2.50289,0.336496,0.466518,0,28,0.443763,0.461114,0.469841,0.485714,0.461114,0.511,0.572,1.6486,1.56261,0.333333,14.2862,0,13.7453,3.17079,,1.55266,1.74027,0.602879,2.57821,100,0
X2/spatial_only__f0_s1,88,0.000191469,1,0,0.0649664,0.383067,3.62724,2.6056,0.193638,0.440848,0,28,0.466111,0.46138,0.493651,0.493651,0.466111,0.567,0.566,1.51877,1.5185,0.333333,14.87,0,14.3211,3.25237,,1.59385,1.77671,0.602016,2.66702,100,0
X2/spatial_only__f0_s1,89,0.000186287,1,0,0.0645638,0.380033,3.43995,2.47715,0.30692,0.479353,0,28,0.478754,0.461937,0.506349,0.493651,0.478754,0.565,0.574,1.53046,1.54442,0.333333,14.7188,0,14.099,3.5002,,1.60167,1.78026,0.598895,2.53347,100,0
X2/spatial_only__f0_s1,90,0.000181136,1,0,0.0641611,0.377,3.5099,2.53299,0.202567,0.448103,0,28,0.457484,0.452924,0.48254,0.480952,0.478754,,,,,0.321429,13.7755,0,13.1615,3.32089,,1.5773,1.74169,0.586988,2.59128,,
X2/spatial_only__f0_s1,91,0.000176018,1,0,0.0637584,0.373967,3.57854,2.58732,0.25279,0.472098,0,28,0.452908,0.481899,0.484127,0.507937,0.481899,0.572,0.587,1.52655,1.50997,0.333333,13.1477,0,12.5485,3.2926,,1.53261,1.6915,0.578326,2.65056,100,0
X2/spatial_only__f0_s1,92,0.000170937,1,0,0.0633557,0.370933,3.49821,2.53494,0.242188,0.476004,0,28,0.408674,0.461694,0.438095,0.488889,0.481899,,,,,0.333333,13.0587,0,12.4984,3.17905,,1.52399,1.72094,0.568522,2.5969,,
X2/spatial_only__f0_s1,93,0.000165893,1,0,0.062953,0.3679,3.32015,2.40433,0.260603,0.516183,0,28,0.435463,0.497433,0.45873,0.519048,0.497433,0.542,0.595,1.57862,1.43487,0.333333,16.452,0,15.8598,3.66787,,1.56264,1.69215,0.588601,2.48932,100,0
X2/spatial_only__f0_s1,94,0.000160891,1,0,0.0625503,0.364867,3.3736,2.45278,0.290737,0.484933,0,28,0.483062,0.481629,0.506349,0.506349,0.497433,,,,,0.321429,14.344,0,13.7631,3.35447,,1.55811,1.70546,0.571794,2.5237,,
X2/spatial_only__f0_s1,95,0.000155931,1,0,0.0621477,0.361833,3.442,2.50962,0.352679,0.488839,0,28,0.433843,0.490645,0.45873,0.514286,0.497433,,,,,0.333333,14.5244,0,13.8757,3.59379,,1.56024,1.72208,0.576165,2.57682,,
X2/spatial_only__f0_s1,96,0.000151017,1,0,0.061745,0.3588,3.26463,2.3842,0.138951,0.475446,0,28,0.486511,0.506036,0.504762,0.526984,0.506036,0.595,0.606,1.42465,1.4132,0.321429,15.4063,0,14.8013,3.44811,,1.56789,1.72295,0.574572,2.4538,100,0
X2/spatial_only__f0_s1,97,0.00014615,1,0,0.0613423,0.355767,3.27987,2.39755,0.28683,0.509487,0,28,0.452041,0.483062,0.480952,0.511111,0.506036,,,,,0.333333,12.6988,0,12.0391,3.39363,,1.55248,1.69165,0.56238,2.48007,,
X2/spatial_only__f0_s1,98,0.000141333,1,0,0.0609396,0.352733,3.49394,2.57008,0.233817,0.479911,0,28,0.46657,0.492164,0.490476,0.520635,0.506036,,,,,0.333333,14.2105,0,13.6279,3.37583,,1.53375,1.70621,0.546037,2.61915,,
X2/spatial_only__f0_s1,99,0.000136569,1,0,0.0605369,0.3497,3.65012,2.68999,0.253906,0.446429,0,28,0.422011,0.463684,0.453968,0.495238,0.506036,,,,,0.333333,13.8118,0,13.1198,3.61262,,1.55241,1.78981,0.555522,2.74559,,
X2/spatial_only__f0_s1,100,0.000131859,1,0,0.0601342,0.346667,3.12047,2.29371,0.28404,0.52567,0,28,0.485754,0.495326,0.507937,0.519048,0.506036,0.595,0.617,1.39783,1.37606,0.333333,12.8299,0,12.2579,3.15212,,1.52719,1.64875,0.554375,2.38487,100,0
X2/spatial_only__f0_s1,101,0.000127205,1,0,0.0597315,0.343633,3.24291,2.39018,0.260603,0.497768,0,28,0.503784,0.491441,0.525397,0.515873,0.506036,,,,,0.333333,12.8989,0,12.2336,3.45583,,1.5335,1.66895,0.537916,2.4815,,
X2/spatial_only__f0_s1,102,0.000122611,1,0,0.0593289,0.3406,3.41819,2.53073,0.178571,0.485491,0,28,0.45393,0.496335,0.477778,0.520635,0.506036,,,,,0.333333,13.2331,0,12.6283,3.32742,,1.54803,1.72165,0.540652,2.60556,,
X2/spatial_only__f0_s1,103,0.000118077,1,0,0.0589262,0.337567,3.18296,2.35689,0.263951,0.5,0,28,0.42356,0.511683,0.457143,0.533333,0.511683,0.534,0.622,1.54233,1.38441,0.333333,13.3238,0,12.7466,3.17315,,1.54473,1.67956,0.543711,2.44713,100,0
X2/spatial_only__f0_s1,104,0.000113606,1,0,0.0585235,0.334533,3.16549,2.35044,0.299665,0.52846,0,28,0.50037,0.514378,0.528571,0.533333,0.514378,0.612,0.632,1.34578,1.35992,0.333333,12.0568,0,11.447,3.18115,,1.50243,1.62548,0.524929,2.43638,100,0
X2/spatial_only__f0_s1,105,0.000109201,1,0,0.0581208,0.3315,3.34768,2.50049,0.303013,0.521205,0,28,0.46666,0.52793,0.492063,0.546032,0.52793,0.593,0.644,1.42386,1.33753,0.333333,12.4133,0,11.8287,3.15951,,1.50093,1.65359,0.518563,2.55562,100,0
X2/spatial_only__f0_s1,106,0.000104863,1,0,0.0577181,0.328467,3.12561,2.32775,0.263951,0.551339,0,28,0.502156,0.511384,0.525397,0.530159,0.52793,,,,,0.333333,15.8508,0,15.2739,3.68317,,1.49163,1.63828,0.520457,2.42905,,
X2/spatial_only__f0_s1,107,0.000100594,1,0,0.0573154,0.325433,2.89498,2.15767,0.279018,0.567522,0,28,0.549964,0.518299,0.569841,0.536508,0.549964,0.645,0.654,1.20626,1.26921,0.333333,14.7197,0,14.1841,3.3141,,1.4803,1.55948,0.515884,2.26563,100,0
X2/spatial_only__f0_s1,108,9.63962e-05,1,0,0.0569128,0.3224,3.22467,2.41994,0.21875,0.523438,0,28,0.535678,0.518471,0.553968,0.538095,0.549964,,,,,0.333333,13.3149,0,12.699,3.39391,,1.52549,1.69711,0.523177,2.49608,,
X2/spatial_only__f0_s1,109,9.22719e-05,1,0,0.0565101,0.319367,3.11081,2.33575,0.261719,0.531808,0,28,0.483737,0.516174,0.512698,0.534921,0.549964,,,,,0.333333,11.9211,0,11.3148,3.1359,,1.46725,1.57352,0.494283,2.42686,,
X2/spatial_only__f0_s1,110,8.82228e-05,1,0,0.0561074,0.316333,3.15861,2.37883,0.353237,0.518973,0,28,0.490779,0.50299,0.519048,0.525397,0.549964,,,,,0.333333,13.26,0,12.6747,3.28439,,1.49696,1.62991,0.502461,2.46505,,
X2/spatial_only__f0_s1,111,8.42509e-05,0,0,0.0557047,0.3133,2.1237,1.57652,0.638393,0.638393,0,28,0.52319,0.540406,0.536508,0.553968,0.549964,,,,,0.333333,15.2027,0,14.5648,3.82108,,1.55262,1.55637,0.540778,1.74652,,
X2/spatial_only__f0_s1,112,8.03579e-05,0,0.0020458,0.055302,0.310267,2.1332,1.59777,0.628348,0.610491,0,28,0.556857,0.549442,0.568254,0.561905,0.556857,0.695,0.677,1.05965,1.20062,0.333333,18.6393,0,17.9908,4.21868,,1.57664,1.51448,0.526115,1.72572,100,0
X2/spatial_only__f0_s1,113,7.65457e-05,0,0.00812741,0.0548993,0.307233,2.22906,1.69957,0.63058,0.577009,0,28,0.544158,0.55607,0.560317,0.565079,0.556857,,,,,0.333333,19.2704,0,18.531,4.52195,,1.68164,1.59714,0.530251,1.72343,,
X2/spatial_only__f0_s1,114,7.28161e-05,0,0.0180789,0.0544966,0.3042,2.38876,1.86599,0.625,0.503348,0,28,0.516922,0.550645,0.531746,0.563492,0.556857,,,,,0.333333,22.1386,0,21.3464,5.26116,,1.82395,1.69928,0.52739,1.7185,,
X2/spatial_only__f0_s1,115,6.91709e-05,0,0.0316289,0.054094,0.301167,2.65153,2.13159,0.627232,0.43471,0,28,0.571693,0.553064,0.584127,0.569841,0.571693,0.688,0.68,1.01003,1.13285,0.333333,22.4164,0,21.6366,5.03046,,1.94517,1.76346,0.509253,1.72642,100,0
X2/spatial_only__f0_s1,116,6.56117e-05,0,0.0484078,0.0536913,0.298133,2.85689,2.359,0.643973,0.369978,0,28,0.57397,0.562792,0.590476,0.573016,0.57397,0.695,0.685,0.942367,1.11073,0.333333,24.6907,0,23.9028,5.46892,,2.13077,1.87003,0.502878,1.66999,100,0
X2/spatial_only__f0_s1,117,6.21402e-05,0,0.0679578,0.0532886,0.2951,3.22439,2.73814,0.638393,0.315848,0,28,0.565149,0.552884,0.577778,0.565079,0.57397,,,,,0.333333,25.6885,0,24.5941,6.66408,,2.42254,2.07711,0.524468,1.64775,,
X2/spatial_only__f0_s1,118,5.87581e-05,0,0.0897457,0.0528859,0.292067,3.56852,3.0943,0.661272,0.261161,0,28,0.586644,0.557316,0.6,0.568254,0.586644,0.7,0.685,0.893074,1.08753,0.333333,25.1011,0,23.882,6.78348,,2.57149,2.07874,0.49353,1.62368,100,0
X2/spatial_only__f0_s1,119,5.5467e-05,0,0.113177,0.0524832,0.289033,4.14206,3.66191,0.634487,0.208147,0,28,0.574978,0.570836,0.593651,0.58254,0.586644,,,,,0.333333,33.1818,0,31.8751,8.15528,,2.90471,2.24626,0.50587,1.66122,,
X2/spatial_only__f0_s1,120,5.22683e-05,0,0.137613,0.0520805,0.286,4.65491,4.18303,0.642299,0.185268,0,28,0.564651,0.573068,0.58254,0.585714,0.586644,,,,,0.333333,35.0665,0,33.1449,10.3002,,3.16149,2.26194,0.494957,1.64995,,
X2/spatial_only__f0_s1,121,4.91636e-05,0,0.162387,0.0516779,0.282967,5.1699,4.70457,0.640067,0.155692,0,28,0.558921,0.572558,0.577778,0.584127,0.586644,,,,,0.333333,33.2731,0,31.5122,9.56991,,3.42632,2.33974,0.48581,1.64449,,
X2/spatial_only__f0_s1,122,4.61544e-05,0,0.186823,0.0512752,0.279933,5.65142,5.19442,0.633929,0.138393,0,28,0.568664,0.579618,0.585714,0.592063,0.586644,,,,,0.333333,38.9383,0,37.1337,10.3701,,3.63357,2.38313,0.483064,1.63256,,
X2/spatial_only__f0_s1,123,4.3242e-05,0,0.210254,0.0508725,0.2769,6.05631,5.60853,0.651786,0.147879,0,28,0.569512,0.577074,0.588889,0.592063,0.586644,,,,,0.333333,42.6413,0,40.7359,11.4802,,3.79603,2.39101,0.468078,1.61711,,
X2/spatial_only__f0_s1,124,4.04278e-05,0,0.232042,0.0504698,0.273867,6.60372,6.14952,0.626116,0.118304,0,28,0.58096,0.569527,0.601587,0.585714,0.586644,,,,,0.333333,53.7974,0,51.9581,12.8527,,3.9526,2.4604,0.481635,1.6585,,
X2/spatial_only__f0_s1,125,3.77132e-05,0,0.251592,0.0500671,0.270833,6.74223,6.3107,0.654576,0.114955,0,28,0.56741,0.57396,0.585714,0.588889,0.586644,0.719,0.697,0.935419,0.935522,0.333333,44.432,0,42.266,12.3737,,3.99755,2.42779,0.461038,1.59333,100,0
X2/spatial_only__f0_s1,126,3.50995e-05,0,0.268371,0.0496644,0.2678,7.26549,6.82249,0.62779,0.0892857,0,28,0.581964,0.574157,0.601587,0.590476,0.586644,,,,,0.333333,52.3747,0,50.067,13.971,,4.22928,2.48694,0.460922,1.65421,,
X2/spatial_only__f0_s1,127,3.25877e-05,0,0.281921,0.0492617,0.264767,7.30207,6.8716,0.647321,0.111049,0,28,0.556861,0.579065,0.577778,0.592063,0.586644,,,,,0.333333,52.1247,0,49.761,14.2117,,4.31023,2.48865,0.458271,1.62586,,
X2/spatial_only__f0_s1,128,3.01792e-05,0,0.291873,0.0488591,0.261733,7.42592,7.01092,0.65346,0.107701,0,28,0.581814,0.576371,0.603175,0.595238,0.586644,,,,,0.333333,57.8297,0,55.5189,14.7314,,4.30469,2.48028,0.445642,1.58559,,
X2/spatial_only__f0_s1,129,2.78751e-05,0,0.297954,0.0484564,0.2587,7.49981,7.08089,0.651228,0.111049,0,28,0.57454,0.58501,0.595238,0.601587,0.586644,,,,,0.333333,55.2496,0,53.1009,14.0087,,4.3864,2.50061,0.455791,1.61934,,
X2/spatial_only__f0_s1,130,2.56764e-05,0,0.3,0.0480537,0.255667,7.33863,6.92921,0.674665,0.123326,0,28,0.582034,0.582214,0.607937,0.598413,0.586644,,,,,0.333333,52.2578,0,49.923,13.8659,,4.25824,2.42769,0.42872,1.60136,,
X2/spatial_only__f0_s1,131,2.35841e-05,0,0.3,0.047651,0.252633,7.43489,7.02537,0.638951,0.136161,0,28,0.598937,0.579281,0.622222,0.596825,0.598937,0.719,0.7,0.969835,0.891145,0.333333,49.8073,0,47.1849,14.5317,,4.21196,2.40729,0.428788,1.621,100,0
X2/spatial_only__f0_s1,132,2.15994e-05,0,0.3,0.0472483,0.25,7.33706,6.9367,0.654576,0.133371,0,28,0.583198,0.57948,0.607937,0.596825,0.598937,,,,,0.333333,54.274,0,51.3683,16.2075,,4.27262,2.42204,0.429957,1.60141,,
X2/spatial_only__f0_s1,133,1.9723e-05,0,0.3,0.0468456,0.25,7.39988,7.00091,0.649554,0.136161,0,28,0.585696,0.577802,0.612698,0.598413,0.598937,,,,,0.333333,50.9168,0,48.295,14.909,,4.33316,2.4694,0.440175,1.59586,,
X2/spatial_only__f0_s1,134,1.79558e-05,0,0.3,0.046443,0.25,7.45004,7.04816,0.646763,0.143415,0,28,0.587989,0.581047,0.611111,0.6,0.598937,,,,,0.333333,53.3583,0,50.8136,14.8897,,4.29905,2.43932,0.442447,1.6075,,
X2/spatial_only__f0_s1,135,1.62988e-05,0,0.3,0.0460403,0.25,7.28623,6.88984,0.654576,0.159598,0,28,0.58394,0.584741,0.609524,0.604762,0.598937,,,,,0.333333,58.455,0,55.8869,15.6497,,4.31279,2.43524,0.442772,1.58557,,
X2/spatial_only__f0_s1,136,1.47526e-05,0,0.3,0.0456376,0.25,7.33457,6.93228,0.649554,0.15904,0,28,0.576297,0.579734,0.603175,0.601587,0.598937,,,,,0.333333,57.1063,0,54.2035,16.7282,,4.25721,2.40676,0.42887,1.60916,,
X2/spatial_only__f0_s1,137,1.33181e-05,0,0.3,0.0452349,0.25,7.40848,7.00663,0.641741,0.155692,0,28,0.589708,0.579892,0.614286,0.601587,0.598937,,,,,0.333333,56.3482,0,53.9765,14.7548,,4.26309,2.4427,0.441706,1.6074,,
X2/spatial_only__f0_s1,138,1.19958e-05,0,0.3,0.0448322,0.25,7.23641,6.84751,0.666853,0.160714,0,28,0.590772,0.584461,0.614286,0.606349,0.598937,,,,,0.333333,55.7271,0,53.3535,14.7925,,4.16798,2.36363,0.427362,1.55558,,
X2/spatial_only__f0_s1,139,1.07864e-05,0,0.3,0.0444295,0.25,7.26337,6.87193,0.670759,0.152902,0,28,0.588486,0.588675,0.607937,0.609524,0.598937,,,,,0.333333,61.1837,1,58.4941,17.4828,,4.27366,2.40893,0.43127,1.56573,,
X2/spatial_only__f0_s1,140,9.69048e-06,0,0.3,0.0440268,0.25,7.30753,6.91089,0.641741,0.160714,0,28,0.583171,0.578212,0.603175,0.601587,0.598937,,,,,0.333333,63.7833,0,60.5987,18.3157,,4.28748,2.41592,0.432879,1.58654,,
X2/spatial_only__f0_s1,141,8.70853e-06,0,0.3,0.0436242,0.25,7.28451,6.88839,0.65067,0.169085,0,28,0.592544,0.585774,0.612698,0.606349,0.598937,,,,,0.333333,59.8719,0,56.9469,17.0346,,4.23854,2.39409,0.424442,1.58448,,
X2/spatial_only__f0_s1,142,7.84101e-06,0,0.3,0.0432215,0.25,7.16354,6.77549,0.669085,0.168527,0,28,0.594332,0.585524,0.615873,0.607937,0.598937,,,,,0.333333,59.7983,0,57.2392,15.7325,,4.28758,2.41463,0.435082,1.55221,,
X2/spatial_only__f0_s1,143,7.08833e-06,0,0.3,0.0428188,0.25,7.10789,6.7185,0.667969,0.168527,0,28,0.597538,0.588867,0.61746,0.609524,0.598937,,,,,0.333333,58.3887,0,55.7669,15.8475,,4.17582,2.35146,0.420732,1.55754,,
X2/spatial_only__f0_s1,144,6.45086e-06,0,0.3,0.0424161,0.25,7.07492,6.68575,0.678571,0.170201,0,28,0.59595,0.595462,0.615873,0.615873,0.598937,,,,,0.333333,62.2963,0,59.4218,17.418,,4.20167,2.35066,0.428821,1.55666,,
X2/spatial_only__f0_s1,145,5.92887e-06,0,0.3,0.0420134,0.25,7.2455,6.84828,0.645647,0.180246,0,28,0.603304,0.588105,0.622222,0.607937,0.603304,0.73,0.719,0.956943,0.902091,0.333333,53.3313,0,50.6915,15.1781,,4.1689,2.35289,0.428498,1.58886,100,-5.67125e-11
X2/spatial_only__f0_s1,146,5.52264e-06,0,0.3,0.0416107,0.25,7.258,6.8624,0.65625,0.171317,0,28,0.59305,0.589586,0.614286,0.609524,0.603304,,,,,0.333333,58.8832,0,56.3782,15.6272,,4.20042,2.36387,0.423503,1.5824,,
X2/spatial_only__f0_s1,147,5.23233e-06,0,0.3,0.0412081,0.25,7.2771,6.87924,0.652902,0.172991,0,28,0.607063,0.597199,0.628571,0.619048,0.607063,0.726,0.721,0.968929,0.909068,0.333333,66.2969,0,63.7743,16.5415,,4.22232,2.36555,0.432228,1.59142,100,-8.51353e-11
X2/spatial_only__f0_s1,148,5.05809e-06,0,0.3,0.0408054,0.25,7.22314,6.82958,0.654018,0.179129,0,28,0.594619,0.596339,0.615873,0.61746,0.607063,,,,,0.333333,56.8801,0,54.3235,15.5787,,4.20126,2.37829,0.432758,1.57423,,
X2/spatial_only__f0_s1,149,5e-06,0,0.3,0.0404027,0.25,7.1116,6.73068,0.671317,0.176897,0,28,0.60569,0.594891,0.625397,0.614286,0.607063,,,,,0.333333,52.6583,0,50.0141,15.2451,,4.16826,2.35682,0.427285,1.52369,,
X2/spatial_only__f0_s1,150,5e-06,0,0.3,0.04,0.25,7.06527,6.68948,0.681362,0.183594,0,28,0.600549,0.604798,0.62381,0.625397,0.607063,0.73,0.723,0.950754,0.909919,0.333333,57.1729,0,54.3394,16.1339,,4.21709,2.35783,0.425358,1.50316,100,-1.57065e-10
X2/spatial_only__f1_s0,1,0.0002,1,0,0.1,0.646967,8.79382,5.8821,0.015625,0.0139509,0,28,0.00471702,0.00943226,0.00952381,0.015873,0.00943226,0.022,0.015,5.18331,5.27737,0.261905,56.6491,6,46.9361,29.1645,,8.23211,2.1847,0.0927206,4.50056,100,0
X2/spatial_only__f1_s0,2,0.0003,1,0,0.0995973,0.643933,7.73826,4.84376,0.015067,0.0212054,0,28,0.0106383,0.0138994,0.0333333,0.0365079,0.0138994,0.032,0.029,4.35174,4.30133,0.321429,22.5738,1,15.4897,13.5806,,6.17603,2.14243,0.0993957,4.49504,100,0
X2/spatial_only__f1_s0,3,0.0004,1,0,0.0991946,0.6409,7.39432,4.54235,0.0189732,0.0256696,0,28,0.00858555,0.0154201,0.0301587,0.0460317,0.0154201,0.028,0.034,4.1713,4.15959,0.321429,9.18598,0,3.71993,6.38397,,4.44636,2.19388,0.147822,4.44994,100,0
X2/spatial_only__f1_s0,4,0.0005,1,0,0.0987919,0.637867,7.17638,4.42987,0.0184152,0.03125,0,28,0.00829912,0.0128835,0.0349206,0.0301587,0.0154201,,,,,0.119048,4.77713,0,1.44366,2.86463,,3.15489,2.14151,0.332629,4.30577,,
X2/spatial_only__f1_s0,5,0.000499942,1,0,0.0983893,0.634833,7.00374,4.32753,0.0267857,0.0323661,0,28,0.0170986,0.0261579,0.0380952,0.0460317,0.0261579,0.046,0.045,4.04671,3.9587,0.0357143,3.99086,0,1.07689,2.3059,,2.76493,2.20353,0.420794,4.21562,100,0
X2/spatial_only__f1_s0,6,0.000499768,1,0,0.0979866,0.6318,7.02656,4.35643,0.0245536,0.0357143,0,28,0.0134862,0.0225127,0.0460317,0.0412698,0.0261579,,,,,0,3.4416,0,1.08314,1.86228,,2.4519,2.13995,0.442721,4.22622,,
X2/spatial_only__f1_s0,7,0.000499477,1,0,0.0975839,0.628767,6.82181,4.22796,0.0256696,0.0435268,0,28,0.0144502,0.0276624,0.0492063,0.052381,0.0276624,0.048,0.056,3.91089,3.83286,0,3.47072,0,1.21553,1.89789,,2.40504,2.15474,0.509283,4.12531,100,0
X2/spatial_only__f1_s0,8,0.000499071,1,0,0.0971812,0.625733,6.83768,4.2452,0.0284598,0.0502232,0,28,0.0183065,0.0378678,0.0587302,0.0698413,0.0378678,0.05,0.058,3.90056,3.78636,0,3.2613,0,1.21672,1.80239,,2.20545,2.06945,0.509554,4.1431,100,0
X2/spatial_only__f1_s0,9,0.000498549,1,0,0.0967785,0.6227,6.71315,4.17025,0.0217634,0.0429688,0,28,0.0188449,0.0251637,0.0555556,0.0619048,0.0378678,,,,,0.0119048,3.20992,0,0.994825,1.87697,,2.17363,2.08455,0.521198,4.08367,,
X2/spatial_only__f1_s0,10,0.000497912,1,0,0.0963758,0.619667,6.85458,4.27248,0.0251116,0.0401786,0,28,0.0246063,0.03895,0.0428571,0.0650794,0.03895,0.056,0.067,4.00005,3.76181,0.0238095,3.33899,0,1.39323,1.99433,,2.04334,2.0252,0.515159,4.16692,100,0
X2/spatial_only__f1_s0,11,0.000497159,1,0,0.0959732,0.616633,6.74541,4.20268,0.0357143,0.0507813,0,28,0.0291477,0.0336944,0.0619048,0.068254,0.03895,,,,,0,2.76434,0,0.848959,1.52482,,1.94975,2.05636,0.485205,4.12356,,
X2/spatial_only__f1_s0,12,0.000496291,1,0,0.0955705,0.6136,6.66337,4.15773,0.0234375,0.0491071,0,28,0.0178907,0.0354991,0.0619048,0.0730159,0.03895,,,,,0,2.82773,0,0.937781,1.59981,,1.94078,1.98499,0.504748,4.08352,,
X2/spatial_only__f1_s0,13,0.00049531,1,0,0.0951678,0.610567,6.55381,4.10479,0.0396205,0.0558036,0,28,0.0339862,0.0426372,0.0730159,0.0825397,0.0426372,0.055,0.068,3.72736,3.70736,0,3.19266,0,1.20316,1.95961,,1.99842,2.06216,0.540617,4.01107,100,0
X2/spatial_only__f1_s0,14,0.000494214,1,0,0.0947651,0.607533,6.66054,4.17255,0.030692,0.0513393,0,28,0.0241303,0.0324852,0.0650794,0.0714286,0.0426372,,,,,0,2.95905,0,1.10752,1.75406,,1.9045,2.01445,0.523061,4.09524,,
X2/spatial_only__f1_s0,15,0.000493004,1,0,0.0943624,0.6045,6.59956,4.15117,0.0295759,0.0457589,0,28,0.0280684,0.0468549,0.068254,0.0825397,0.0468549,0.064,0.082,3.75414,3.6714,0,2.78782,0,1.15575,1.53476,,1.82974,2.034,0.519911,4.05028,100,0
X2/spatial_only__f1_s0,16,0.000491682,1,0,0.0939597,0.601467,6.4103,4.02948,0.0385045,0.0680804,0,28,0.0289256,0.0427553,0.0619048,0.0746032,0.0468549,,,,,0,3.05474,0,1.34993,1.71585,,1.91698,2.07256,0.529835,3.95835,,
X2/spatial_only__f1_s0,17,0.000490247,1,0,0.093557,0.598433,6.34767,3.9929,0.0373884,0.0613839,0,28,0.0466774,0.0495459,0.0920635,0.0873016,0.0495459,0.098,0.089,3.50272,3.60936,0,3.47277,0,2.04172,1.7982,,1.86822,2.01814,0.536624,3.93491,100,0
X2/spatial_only__f1_s0,18,0.000488701,1,0,0.0931544,0.5954,6.13821,3.85973,0.0407366,0.0982143,0,28,0.0410313,0.0529132,0.0793651,0.0793651,0.0529132,0.087,0.091,3.5711,3.50893,0.107143,5.2817,0,3.88728,2.32257,,2.06571,2.10259,0.606656,3.82681,100,0
X2/spatial_only__f1_s0,19,0.000487044,1,0,0.0927517,0.592367,6.22887,3.93321,0.0535714,0.0825893,0,28,0.0570167,0.0878068,0.104762,0.115873,0.0878068,0.107,0.106,3.4214,3.43886,0.0595238,4.05306,0,2.60115,2.04634,,1.93156,2.00868,0.595724,3.8754,100,0
X2/spatial_only__f1_s0,20,0.000485277,1,0,0.092349,0.589333,6.09822,3.85797,0.0530134,0.0820312,0,28,0.0559258,0.0839811,0.0952381,0.120635,0.0878068,,,,,0.0952381,4.6842,0,3.45099,1.9744,,1.86233,1.97165,0.59828,3.80133,,
X2/spatial_only__f1_s0,21,0.000483401,1,0,0.0919463,0.5863,6.08094,3.85381,0.0502232,0.093192,0,28,0.0673328,0.0806583,0.111111,0.119048,0.0878068,,,,,0.119048,5.47722,0,4.3902,2.12534,,1.92854,1.97648,0.638253,3.79863,,
X2/spatial_only__f1_s0,22,0.000481416,1,0,0.0915436,0.583267,5.9886,3.81222,0.0535714,0.09375,0,28,0.0752036,0.0930924,0.125397,0.126984,0.0930924,0.104,0.129,3.25444,3.23947,0.0595238,4.3867,0,3.04345,2.03263,,1.92582,2.00745,0.646991,3.73136,100,0
X2/spatial_only__f1_s0,23,0.000479324,1,0,0.0911409,0.580233,5.97927,3.80627,0.0412946,0.0993304,0,28,0.0767743,0.0883474,0.120635,0.136508,0.0930924,,,,,0.047619,4.08949,0,2.78137,1.9615,,1.85382,1.99852,0.631754,3.74505,,
X2/spatial_only__f1_s0,24,0.000477125,1,0,0.0907383,0.5772,5.99636,3.8273,0.0435268,0.106585,0,28,0.06199,0.095089,0.1,0.138095,0.095089,0.124,0.152,3.27637,3.21007,0.0833333,4.22246,0,3.00289,2.00186,,1.81741,1.97684,0.628977,3.7579,100,0
X2/spatial_only__f1_s0,25,0.000474821,1,0,0.0903356,0.574167,5.96646,3.8153,0.0580357,0.101004,0,28,0.0628917,0.0931986,0.122222,0.138095,0.095089,0.136,0.167,3.20249,3.16578,0.142857,4.64889,0,3.63158,1.84633,,1.78133,1.98895,0.620256,3.74658,100,0
X2/spatial_only__f1_s0,26,0.000472412,1,0,0.0899329,0.571133,5.83486,3.74088,0.0714286,0.122768,0,28,0.0762972,0.0894652,0.104762,0.130159,0.095089,,,,,0.0595238,3.97983,0,2.84922,1.71515,,1.79493,1.99192,0.646329,3.66636,,
X2/spatial_only__f1_s0,27,0.000469901,1,0,0.0895302,0.5681,5.65032,3.63084,0.063058,0.121652,0,28,0.0822898,0.0827224,0.126984,0.134921,0.095089,,,,,0.119048,4.82747,0,3.70716,2.06538,,1.87371,2.03061,0.662608,3.55481,,
X2/spatial_only__f1_s0,28,0.000467287,1,0,0.0891275,0.565067,5.86751,3.77302,0.0848214,0.121094,0,28,0.0804941,0.0824421,0.130159,0.130159,0.095089,,,,,0.0952381,5.18921,0,4.26362,1.95753,,1.76865,2.00264,0.652136,3.70664,,
X2/spatial_only__f1_s0,29,0.000464572,1,0,0.0887248,0.562033,5.81973,3.75335,0.0647321,0.121652,0,28,0.0474741,0.086759,0.0888889,0.122222,0.095089,,,,,0.107143,4.72873,0,3.70963,1.98053,,1.77554,2.02162,0.662976,3.67663,,
X2/spatial_only__f1_s0,30,0.000461758,1,0,0.0883221,0.559,5.70792,3.68359,0.0491071,0.128906,0,28,0.0952426,0.116456,0.133333,0.157143,0.116456,0.143,0.175,3.23406,3.0514,0.0833333,4.32392,0,3.14798,1.95649,,1.80617,2.00729,0.652277,3.62134,100,0
X2/spatial_only__f1_s0,31,0.000458846,1,0,0.0879195,0.555967,5.61323,3.63146,0.0825893,0.135045,0,28,0.108165,0.121614,0.150794,0.168254,0.121614,0.152,0.18,3.05035,3.00109,0.0833333,4.10263,0,3.00621,1.85215,,1.76821,2.01006,0.6723,3.56455,100,0
X2/spatial_only__f1_s0,32,0.000455836,1,0,0.0875168,0.552933,5.59651,3.62964,0.0976563,0.137277,0,28,0.105252,0.119455,0.149206,0.161905,0.121614,,,,,0.190476,6.27902,0,5.33553,2.26751,,1.80189,2.04106,0.681835,3.55715,,
X2/spatial_only__f1_s0,33,0.000452732,1,0,0.0871141,0.5499,5.68046,3.68549,0.0842634,0.132812,0,28,0.106146,0.12491,0.14127,0.160317,0.12491,0.166,0.187,3.06436,2.96848,0.0595238,4.4479,0,3.52018,1.81204,,1.63171,1.92378,0.638376,3.62788,100,0
X2/spatial_only__f1_s0,34,0.000449533,1,0,0.0867114,0.546867,5.60019,3.64266,0.0853795,0.140067,0,28,0.100964,0.126474,0.142857,0.160317,0.126474,0.185,0.189,2.92552,2.93412,0.119048,4.73982,0,3.82408,1.90381,,1.70629,1.97763,0.650838,3.57954,100,0
X2/spatial_only__f1_s0,35,0.000446242,1,0,0.0863087,0.543833,5.50488,3.58453,0.0680804,0.149554,0,28,0.10875,0.136478,0.152381,0.166667,0.136478,0.158,0.2,3.10317,2.91356,0.107143,5.09287,0,4.1262,1.97643,,1.74769,1.98232,0.660565,3.53115,100,0
X2/spatial_only__f1_s0,36,0.00044286,1,0,0.085906,0.5408,5.54175,3.61371,0.0998884,0.148996,0,28,0.0973669,0.148122,0.139683,0.185714,0.148122,0.143,0.205,2.9853,2.87877,0.178571,5.72018,0,4.93617,1.93213,,1.68374,1.94393,0.653873,3.56517,100,0
X2/spatial_only__f1_s0,37,0.000439388,1,0,0.0855034,0.537767,5.35028,3.49662,0.0837054,0.165737,0,28,0.130485,0.145514,0.185714,0.185714,0.148122,,,,,0.202381,6.59726,0,5.83521,2.12485,,1.69889,1.94037,0.643034,3.44697,,
X2/spatial_only__f1_s0,38,0.000435829,1,0,0.0851007,0.534733,5.32023,3.4806,0.061942,0.160714,0,28,0.138381,0.130698,0.180952,0.173016,0.148122,,,,,0.214286,6.81189,0,5.92239,2.46832,,1.78156,1.96452,0.670887,3.44027,,
X2/spatial_only__f1_s0,39,0.000432184,1,0,0.084698,0.5317,5.55305,3.64393,0.0915179,0.150112,0,28,0.16641,0.136419,0.214286,0.18254,0.16641,0.207,0.189,2.83492,2.87313,0.190476,6.63969,0,5.8067,2.18303,,1.66778,1.95284,0.638114,3.5906,100,0
X2/spatial_only__f1_s0,40,0.000428454,1,0,0.0842953,0.528667,5.32271,3.49058,0.0731027,0.162946,0,28,0.156844,0.147138,0.204762,0.188889,0.16641,,,,,0.285714,8.55442,0,7.87097,2.37085,,1.74867,1.94383,0.632592,3.46557,,
X2/spatial_only__f1_s0,41,0.000424642,1,0,0.0838926,0.525633,5.34186,3.50822,0.132812,0.176339,0,28,0.201725,0.154535,0.246032,0.195238,0.201725,0.261,0.213,2.71912,2.79077,0.261905,7.75507,0,7.14159,2.13726,,1.67925,1.91045,0.616515,3.48845,100,0
X2/spatial_only__f1_s0,42,0.000420749,1,0,0.0834899,0.5226,5.3074,3.48977,0.0959821,0.186942,0,28,0.130576,0.179061,0.168254,0.215873,0.201725,,,,,0.238095,6.51972,0,5.73033,2.2361,,1.70533,1.92873,0.626015,3.47806,,
X2/spatial_only__f1_s0,43,0.000416777,1,0,0.0830872,0.519567,5.1881,3.4215,0.108259,0.18471,0,28,0.196352,0.184938,0.236508,0.222222,0.201725,,,,,0.261905,7.37553,0,6.6505,2.34692,,1.70902,1.9345,0.646264,3.40015,,
X2/spatial_only__f1_s0,44,0.000412728,1,0,0.0826846,0.516533,5.0284,3.32261,0.100446,0.204241,0,28,0.153934,0.177752,0.203175,0.215873,0.201725,,,,,0.285714,8.8116,0,7.99979,2.67014,,1.85566,2.02092,0.677942,3.30238,,
X2/spatial_only__f1_s0,45,0.000408604,1,0,0.0822819,0.5135,5.1668,3.42214,0.137277,0.194754,0,28,0.205126,0.192682,0.246032,0.231746,0.205126,0.255,0.263,2.69026,2.68864,0.297619,8.27994,0,7.59581,2.4223,,1.74933,1.95487,0.655811,3.3976,100,0
X2/spatial_only__f1_s0,46,0.000404406,1,0,0.0818792,0.510467,4.90644,3.25294,0.102121,0.220982,0,28,0.19413,0.207679,0.242857,0.249206,0.207679,0.271,0.265,2.55059,2.65104,0.333333,7.85245,0,7.09954,2.48012,,1.82027,1.95167,0.676199,3.23919,100,0
X2/spatial_only__f1_s0,47,0.000400137,1,0,0.0814765,0.507433,5.04929,3.35918,0.125,0.217634,0,28,0.192087,0.197927,0.246032,0.238095,0.207679,,,,,0.297619,10.356,0,9.73378,2.49811,,1.75757,1.90492,0.667314,3.33071,,
X2/spatial_only__f1_s0,48,0.000395799,1,0,0.0810738,0.5044,4.75484,3.15663,0.147879,0.252232,0,28,0.160642,0.22245,0.206349,0.25873,0.22245,0.227,0.268,2.72602,2.56193,0.321429,10.6158,0,9.96021,2.74186,,1.79662,1.89136,0.683452,3.16855,100,0
X2/spatial_only__f1_s0,49,0.000391394,1,0,0.0806711,0.501367,5.04492,3.36664,0.140625,0.227679,0,28,0.213587,0.219066,0.260317,0.261905,0.22245,,,,,0.309524,11.169,0,10.5572,2.63581,,1.81216,1.9059,0.673233,3.34742,,
X2/spatial_only__f1_s0,50,0.000386923,1,0,0.0802685,0.498333,4.83931,3.23087,0.134487,0.230469,0,28,0.107731,0.238078,0.149206,0.277778,0.238078,0.138,0.296,3.27863,2.53389,0.297619,9.81272,0,9.02729,2.90348,,1.85325,1.96242,0.677897,3.22764,100,0
X2/spatial_only__f1_s0,51,0.000382389,1,0,0.0798658,0.4953,4.92839,3.29993,0.148438,0.25558,0,28,0.19441,0.258057,0.242857,0.292063,0.258057,0.236,0.32,2.59492,2.43881,0.321429,11.3286,0,10.7533,2.5633,,1.74296,1.88421,0.649064,3.28783,100,0
X2/spatial_only__f1_s0,52,0.000377795,1,0,0.0794631,0.492267,4.74612,3.18737,0.133929,0.259487,0,28,0.202858,0.248165,0.239683,0.285714,0.258057,,,,,0.309524,9.80955,0,9.141,2.62281,,1.80547,1.90193,0.663187,3.16648,,
X2/spatial_only__f1_s0,53,0.000373141,1,0,0.0790604,0.489233,4.74085,3.18202,0.167969,0.271763,0,28,0.230271,0.28018,0.263492,0.307937,0.28018,0.275,0.342,2.39808,2.36706,0.309524,9.90757,0,9.31234,2.43242,,1.80626,1.90212,0.672993,3.18627,100,0
X2/spatial_only__f1_s0,54,0.000368431,1,0,0.0786577,0.4862,4.91057,3.30763,0.15067,0.231027,0,28,0.239512,0.265332,0.277778,0.298413,0.28018,,,,,0.309524,8.91156,0,8.23966,2.51094,,1.76449,1.91322,0.653838,3.29688,,
X2/spatial_only__f1_s0,55,0.000363667,1,0,0.078255,0.483167,4.46142,3.00361,0.149554,0.28683,0,28,0.242887,0.285408,0.274603,0.319048,0.285408,0.294,0.357,2.387,2.31469,0.309524,11.559,0,10.8596,3.04692,,1.86176,1.93357,0.688989,3.0172,100,0
X2/spatial_only__f1_s0,56,0.00035885,1,0,0.0778523,0.480133,4.63549,3.13025,0.183036,0.282924,0,28,0.286203,0.289494,0.320635,0.314286,0.289494,0.339,0.358,2.29616,2.2827,0.297619,10.1515,0,9.4415,2.76556,,1.81278,1.90263,0.671585,3.13505,100,0
X2/spatial_only__f1_s0,57,0.000353983,1,0,0.0774497,0.4771,4.91381,3.33437,0.0853795,0.232143,0,28,0.116118,0.270518,0.150794,0.304762,0.289494,,,,,0.309524,13.5968,0,13,2.97757,,1.76166,1.88979,0.651524,3.31051,,
X2/spatial_only__f1_s0,58,0.000349069,1,0,0.077047,0.474067,4.58001,3.10742,0.123326,0.263951,0,28,0.260682,0.308752,0.3,0.344444,0.308752,0.289,0.368,2.46498,2.22758,0.333333,10.2476,0,9.51125,2.92401,,1.80804,1.88535,0.656294,3.1063,100,0
X2/spatial_only__f1_s0,59,0.000344109,1,0,0.0766443,0.471033,4.4945,3.05305,0.176897,0.300781,0,28,0.27868,0.287059,0.311111,0.326984,0.308752,,,,,0.333333,10.0781,0,9.44076,2.62895,,1.79225,1.85427,0.664114,3.06019,,
X2/spatial_only__f1_s0,60,0.000339107,1,0,0.0762416,0.468,4.59978,3.13221,0.181362,0.286272,0,28,0.255117,0.307147,0.307937,0.342857,0.308752,,,,,0.333333,10.884,0,10.2481,2.82155,,1.77797,1.88534,0.677894,3.13583,,
X2/spatial_only__f1_s0,61,0.000334063,1,0,0.0758389,0.464967,4.58582,3.12852,0.147321,0.291295,0,28,0.303108,0.300734,0.344444,0.342857,0.308752,,,,,0.309524,10.4187,0,9.82569,2.49484,,1.76076,1.90475,0.664973,3.1342,,
X2/spatial_only__f1_s0,62,0.000328982,1,0,0.0754362,0.461933,4.29608,2.93503,0.123326,0.317522,0,28,0.244194,0.303553,0.290476,0.338095,0.308752,,,,,0.333333,10.5319,0,9.92212,2.73018,,1.81629,1.88439,0.668092,2.94641,,
X2/spatial_only__f1_s0,63,0.000323864,1,0,0.0750336,0.4589,4.2856,2.93473,0.207031,0.328125,0,28,0.320565,0.340642,0.352381,0.369841,0.340642,0.378,0.416,2.16323,2.08193,0.333333,11.1458,0,10.4329,3.04031,,1.8231,1.85177,0.664124,2.94372,100,0
X2/spatial_only__f1_s0,64,0.000318713,1,0,0.0746309,0.455867,4.31165,2.96097,0.162388,0.31529,0,28,0.330803,0.315959,0.371429,0.347619,0.340642,,,,,0.321429,12.2582,0,11.5216,3.30498,,1.81815,1.88106,0.6662,2.96289,,
X2/spatial_only__f1_s0,65,0.000313531,1,0,0.0742282,0.452833,4.48693,3.08919,0.191406,0.303013,0,28,0.326242,0.339679,0.363492,0.369841,0.340642,,,,,0.309524,10.3356,0,9.68579,2.74837,,1.73097,1.84526,0.644466,3.08664,,
X2/spatial_only__f1_s0,66,0.000308321,1,0,0.0738255,0.4498,4.33837,2.98697,0.164621,0.313616,0,28,0.307795,0.345853,0.344444,0.377778,0.345853,0.379,0.416,2.06723,2.07205,0.333333,11.291,0,10.6516,2.85135,,1.77532,1.8623,0.654798,3.00446,100,0
X2/spatial_only__f1_s0,67,0.000303084,1,0,0.0734228,0.446767,4.28689,2.95477,0.243304,0.344866,0,28,0.225445,0.348324,0.274603,0.373016,0.348324,0.305,0.434,2.47206,1.99741,0.333333,11.0696,0,10.435,2.92356,,1.73026,1.81978,0.645653,2.98168,100,0
X2/spatial_only__f1_s0,68,0.000297823,1,0,0.0730201,0.443733,4.2465,2.93494,0.138951,0.339844,0,28,0.276355,0.356747,0.307937,0.388889,0.356747,0.359,0.431,2.19967,2.02541,0.321429,10.4641,0,9.75222,2.92165,,1.80121,1.84209,0.659626,2.95573,100,0
X2/spatial_only__f1_s0,69,0.000292541,1,0,0.0726174,0.4407,4.09909,2.83507,0.130022,0.353237,0,28,0.359727,0.368643,0.396825,0.396825,0.368643,0.424,0.444,1.92424,1.93319,0.321429,10.7708,0,10.0429,3.05456,,1.79374,1.85597,0.660424,2.86822,100,0
X2/spatial_only__f1_s0,70,0.00028724,1,0,0.0722148,0.437667,4.40155,3.05893,0.188616,0.313616,0,28,0.348109,0.372761,0.374603,0.403175,0.372761,0.44,0.442,1.95894,1.97548,0.333333,11.4847,0,10.8891,2.94701,,1.71847,1.81666,0.629688,3.06768,100,0
X2/spatial_only__f1_s0,71,0.000281923,1,0,0.0718121,0.434633,4.15215,2.88208,0.190848,0.344308,0,28,0.35271,0.374249,0.393651,0.407937,0.374249,0.425,0.454,1.99537,1.91579,0.309524,11.9452,0,11.3218,3.06883,,1.72526,1.7854,0.626551,2.92218,100,0
X2/spatial_only__f1_s0,72,0.000276592,1,0,0.0714094,0.4316,4.22844,2.94155,0.174665,0.342076,0,28,0.344182,0.373523,0.380952,0.404762,0.374249,,,,,0.333333,9.80442,0,9.15431,2.79092,,1.7193,1.78155,0.61624,2.98169,,
X2/spatial_only__f1_s0,73,0.00027125,1,0,0.0710067,0.428567,4.13425,2.88507,0.143973,0.337612,0,28,0.321665,0.37395,0.349206,0.401587,0.374249,,,,,0.333333,10.8897,0,10.265,2.88946,,1.73674,1.79651,0.612918,2.91477,,
X2/spatial_only__f1_s0,74,0.000265899,1,0,0.070604,0.425533,4.01676,2.8063,0.227121,0.356585,0,28,0.314211,0.393601,0.350794,0.422222,0.393601,0.397,0.463,2.01799,1.92246,0.333333,12.4069,0,11.7846,3.00403,,1.80762,1.8083,0.633236,2.84458,100,0
X2/spatial_only__f1_s0,75,0.000260542,1,0,0.0702013,0.4225,4.01425,2.81182,0.172991,0.360491,0,28,0.362167,0.40137,0.387302,0.42381,0.40137,0.408,0.466,1.99381,1.8455,0.333333,12.0383,0,11.4181,3.0933,,1.77778,1.79868,0.622252,2.84601,100,0
X2/spatial_only__f1_s0,76,0.000255181,1,0,0.0697987,0.419467,4.20127,2.95006,0.140067,0.354353,0,28,0.343382,0.382834,0.38254,0.41746,0.40137,,,,,0.333333,11.0141,0,10.353,3.02169,,1.7244,1.80458,0.609427,2.98286,,
X2/spatial_only__f1_s0,77,0.000249819,1,0,0.069396,0.416433,4.06844,2.86178,0.179129,0.378906,0,28,0.32925,0.390195,0.35873,0.422222,0.40137,,,,,0.321429,11.5307,0,10.8708,3.12226,,1.73471,1.77726,0.598591,2.89762,,
X2/spatial_only__f1_s0,78,0.000244458,1,0,0.0689933,0.4134,4.08582,2.88263,0.162946,0.382254,0,28,0.331498,0.371398,0.38254,0.409524,0.40137,,,,,0.333333,9.88017,0,9.26195,2.69195,,1.70892,1.79585,0.595079,2.91048,,
X2/spatial_only__f1_s0,79,0.000239101,1,0,0.0685906,0.410367,4.09239,2.88854,0.179129,0.381138,0,28,0.340051,0.387039,0.369841,0.420635,0.40137,,,,,0.333333,10.926,0,10.2426,3.11721,,1.68437,1.76398,0.594503,2.9336,,
X2/spatial_only__f1_s0,80,0.00023375,1,0,0.0681879,0.407333,3.96269,2.8037,0.219866,0.382254,0,28,0.373028,0.416937,0.409524,0.442857,0.416937,0.461,0.491,1.77087,1.7252,0.333333,9.93138,0,9.18437,3.00812,,1.74728,1.80964,0.610947,2.8453,100,0
X2/spatial_only__f1_s0,81,0.000228408,1,0,0.0677852,0.4043,3.83758,2.72112,0.226563,0.362165,0,28,0.355596,0.369299,0.401587,0.406349,0.416937,,,,,0.333333,11.8504,0,11.1592,3.22119,,1.80239,1.79463,0.613789,2.76146,,
X2/spatial_only__f1_s0,82,0.000223077,1,0,0.0673826,0.401267,3.88503,2.75685,0.248884,0.393415,0,28,0.386636,0.395991,0.425397,0.428571,0.416937,,,,,0.333333,9.9532,0,9.29305,2.80138,,1.75201,1.80203,0.593138,2.81155,,
X2/spatial_only__f1_s0,83,0.00021776,1,0,0.0669799,0.398233,3.94601,2.80837,0.224888,0.388951,0,28,0.407918,0.416665,0.431746,0.444444,0.416937,,,,,0.333333,10.503,0,9.85403,2.92331,,1.70525,1.74162,0.582275,2.8567,,
X2/spatial_only__f1_s0,84,0.000212459,1,0,0.0665772,0.3952,3.78702,2.69917,0.248884,0.406808,0,28,0.403405,0.399189,0.436508,0.433333,0.416937,,,,,0.321429,11.0381,0,10.3626,3.05259,,1.73556,1.75972,0.59002,2.75267,,
X2/spatial_only__f1_s0,85,0.000207177,1,0,0.0661745,0.392167,3.65082,2.60245,0.203125,0.430804,0,28,0.427452,0.413296,0.450794,0.442857,0.427452,0.523,0.518,1.63365,1.69354,0.333333,12.0948,0,11.4999,3.08744,,1.7433,1.76829,0.604185,2.67328,100,0
X2/spatial_only__f1_s0,86,0.000201916,1,0,0.0657718,0.389133,3.51207,2.5062,0.224888,0.430804,0,28,0.393901,0.409303,0.426984,0.44127,0.427452,,,,,0.333333,12.7051,0,11.9963,3.45869,,1.77548,1.75866,0.591216,2.58488,,
X2/spatial_only__f1_s0,87,0.000196679,1,0,0.0653691,0.3861,3.99052,2.86709,0.152344,0.390067,0,28,0.369106,0.400324,0.398413,0.438095,0.427452,,,,,0.333333,10.8857,0,10.2664,2.87814,,1.71528,1.74479,0.571366,2.90969,,
X2/spatial_only__f1_s0,88,0.000191469,1,0,0.0649664,0.383067,3.71499,2.67156,0.241071,0.414063,0,28,0.395246,0.425442,0.419048,0.455556,0.427452,,,,,0.333333,15.582,0,14.903,3.80758,,1.83019,1.79746,0.596403,2.72389,,
X2/spatial_only__f1_s0,89,0.000186287,1,0,0.0645638,0.380033,3.84879,2.77392,0.220424,0.398996,0,28,0.382368,0.398491,0.422222,0.436508,0.427452,,,,,0.333333,12.2654,0,11.6202,3.14806,,1.70252,1.71762,0.556806,2.82837,,
X2/spatial_only__f1_s0,90,0.000181136,1,0,0.0641611,0.377,3.28663,2.36266,0.195313,0.453683,0,28,0.379477,0.437763,0.406349,0.457143,0.437763,0.449,0.532,1.80864,1.57655,0.333333,12.0303,0,11.3542,3.26016,,1.76571,1.71047,0.586852,2.45083,100,0
X2/spatial_only__f1_s0,91,0.000176018,1,0,0.0637584,0.373967,3.5821,2.59314,0.258371,0.427455,0,28,0.412776,0.425387,0.449206,0.453968,0.437763,,,,,0.333333,12.7576,0,12.082,3.36016,,1.77925,1.77037,0.585372,2.64451,,
X2/spatial_only__f1_s0,92,0.000170937,1,0,0.0633557,0.370933,3.46296,2.50402,0.207589,0.452567,0,28,0.428893,0.438936,0.453968,0.463492,0.438936,0.542,0.541,1.53854,1.56698,0.333333,12.8639,0,12.2452,3.22114,,1.73628,1.71129,0.566266,2.58518,100,0
X2/spatial_only__f1_s0,93,0.000165893,1,0,0.062953,0.3679,3.64097,2.64438,0.205357,0.444754,0,28,0.371294,0.429314,0.404762,0.45873,0.438936,,,,,0.333333,13.441,0,12.7693,3.46832,,1.75566,1.74474,0.570603,2.70886,,
X2/spatial_only__f1_s0,94,0.000160891,1,0,0.0625503,0.364867,3.6545,2.65859,0.223214,0.431362,0,28,0.418628,0.431327,0.444444,0.457143,0.438936,,,,,0.333333,12.5256,0,11.9392,3.06007,,1.73156,1.75064,0.564221,2.72953,,
X2/spatial_only__f1_s0,95,0.000155931,1,0,0.0621477,0.361833,3.85444,2.81545,0.200893,0.393415,0,28,0.460463,0.434069,0.48254,0.461905,0.460463,0.59,0.545,1.5019,1.56609,0.333333,12.724,0,12.1441,3.10224,,1.72175,1.73646,0.547073,2.87146,100,0
X2/spatial_only__f1_s0,96,0.000151017,1,0,0.061745,0.3588,3.54116,2.5882,0.217634,0.438616,0,28,0.393127,0.420027,0.422222,0.453968,0.460463,,,,,0.333333,11.1318,0,10.4536,3.169,,1.74265,1.72292,0.547707,2.65598,,
X2/spatial_only__f1_s0,97,0.00014615,1,0,0.0613423,0.355767,3.41527,2.49406,0.205915,0.481027,0,28,0.432606,0.440092,0.465079,0.468254,0.460463,,,,,0.321429,11.8276,0,11.1636,3.18129,,1.73593,1.6971,0.543567,2.58936,,
X2/spatial_only__f1_s0,98,0.000141333,1,0,0.0609396,0.352733,3.46056,2.53661,0.204799,0.453683,0,28,0.443634,0.43954,0.474603,0.473016,0.460463,,,,,0.333333,10.9476,0,10.2665,3.08653,,1.74486,1.70261,0.537926,2.6194,,
X2/spatial_only__f1_s0,99,0.000136569,1,0,0.0605369,0.3497,3.65819,2.69186,0.251674,0.435826,0,28,0.443509,0.445604,0.474603,0.477778,0.460463,,,,,0.321429,10.0164,0,9.28816,3.04559,,1.69849,1.71892,0.530625,2.76331,,
X2/spatial_only__f1_s0,100,0.000131859,1,0,0.0601342,0.346667,3.7209,2.74467,0.253906,0.43471,0,28,0.407025,0.431105,0.449206,0.463492,0.460463,0.53,0.557,1.61465,1.50322,0.333333,11.48,0,10.8925,2.97252,,1.6925,1.69806,0.524913,2.81605,100,0
X2/spatial_only__f1_s0,101,0.000127205,1,0,0.0597315,0.343633,3.54745,2.61901,0.219866,0.470982,0,28,0.434398,0.44723,0.469841,0.471429,0.460463,,,,,0.333333,10.9078,0,10.1093,3.3428,,1.68196,1.66906,0.516508,2.70184,,
X2/spatial_only__f1_s0,102,0.000122611,1,0,0.0593289,0.3406,3.36703,2.48891,0.206473,0.467634,0,28,0.411092,0.447248,0.447619,0.474603,0.460463,,,,,0.333333,14.6592,0,14.0232,3.61732,,1.70881,1.67757,0.524071,2.57816,,
X2/spatial_only__f1_s0,103,0.000118077,1,0,0.0589262,0.337567,3.60893,2.67652,0.275112,0.448103,0,28,0.465212,0.444999,0.485714,0.473016,0.465212,0.572,0.575,1.45128,1.43943,0.333333,11.0636,0,10.4505,2.92979,,1.72073,1.71211,0.51602,2.76215,100,0
X2/spatial_only__f1_s0,104,0.000113606,1,0,0.0585235,0.334533,3.20332,2.37476,0.247768,0.49442,0,28,0.473428,0.461724,0.493651,0.479365,0.473428,0.615,0.592,1.36804,1.38875,0.333333,13.2073,0,12.6208,3.22637,,1.73091,1.66741,0.511935,2.47678,100,0
X2/spatial_only__f1_s0,105,0.000109201,1,0,0.0581208,0.3315,3.34109,2.48419,0.277344,0.488281,0,28,0.462001,0.464894,0.48254,0.485714,0.473428,,,,,0.333333,12.4172,0,11.7972,3.23229,,1.67975,1.62723,0.494921,2.58493,,
X2/spatial_only__f1_s0,106,0.000104863,1,0,0.0577181,0.328467,3.09191,2.298,0.235491,0.526786,0,28,0.474544,0.471355,0.495238,0.490476,0.474544,0.598,0.598,1.33527,1.38215,0.333333,11.9123,0,11.2502,3.28892,,1.72756,1.6282,0.511196,2.41701,100,0
X2/spatial_only__f1_s0,107,0.000100594,1,0,0.0573154,0.325433,3.18247,2.37244,0.358817,0.511161,0,28,0.492752,0.467146,0.511111,0.490476,0.492752,0.624,0.592,1.31483,1.36649,0.333333,11.8113,0,11.1626,3.20932,,1.69427,1.63342,0.507915,2.48907,100,0
X2/spatial_only__f1_s0,108,9.63962e-05,1,0,0.0569128,0.3224,3.1338,2.34467,0.241629,0.500558,0,28,0.435106,0.468829,0.461905,0.490476,0.492752,,,,,0.333333,12.7138,0,12.0446,3.37576,,1.73212,1.63496,0.510415,2.44767,,
X2/spatial_only__f1_s0,109,9.22719e-05,1,0,0.0565101,0.319367,3.23227,2.42422,0.251116,0.492746,0,28,0.460189,0.457344,0.480952,0.48254,0.492752,,,,,0.333333,14.3172,0,13.72,3.41866,,1.71539,1.64074,0.49929,2.53016,,
X2/spatial_only__f1_s0,110,8.82228e-05,1,0,0.0561074,0.316333,3.25958,2.45067,0.236049,0.489397,0,28,0.469211,0.466176,0.487302,0.490476,0.492752,,,,,0.333333,13.5432,0,12.9108,3.45454,,1.70797,1.63987,0.487042,2.55714,,
X2/spatial_only__f1_s0,111,8.42509e-05,0,0,0.0557047,0.3133,2.37476,1.76979,0.570871,0.570871,0,28,0.481509,0.491716,0.503175,0.506349,0.492752,,,,,0.333333,13.5201,0,12.7114,3.95582,,1.83374,1.62346,0.524558,1.93095,,
X2/spatial_only__f1_s0,112,8.03579e-05,0,0.0020458,0.055302,0.310267,2.34481,1.75514,0.576451,0.560826,0,28,0.515027,0.494414,0.526984,0.509524,0.515027,0.674,0.625,1.14709,1.29035,0.333333,17.3607,0,16.6127,4.36939,,1.8654,1.6054,0.517147,1.90051,100,0
X2/spatial_only__f1_s0,113,7.65457e-05,0,0.00812741,0.0548993,0.307233,2.39854,1.82616,0.570871,0.518415,0,28,0.507011,0.49068,0.515873,0.504762,0.515027,,,,,0.333333,15.5026,0,14.694,4.31131,,1.92001,1.60862,0.494228,1.863,,
X2/spatial_only__f1_s0,114,7.28161e-05,0,0.0180789,0.0544966,0.3042,2.5231,1.96255,0.610491,0.491629,0,28,0.493445,0.497007,0.507937,0.509524,0.515027,,,,,0.333333,16.2088,0,15.2826,4.67873,,2.10532,1.73618,0.511701,1.8427,,
X2/spatial_only__f1_s0,115,6.91709e-05,0,0.0316289,0.054094,0.301167,2.76888,2.22397,0.598214,0.391183,0,28,0.497961,0.498474,0.515873,0.514286,0.515027,,,,,0.333333,17.2764,0,16.2516,5.11367,,2.32431,1.91081,0.525375,1.80933,,
X2/spatial_only__f1_s0,116,6.56117e-05,0,0.0484078,0.0536913,0.298133,3.20123,2.64516,0.573103,0.304688,0,28,0.506157,0.498716,0.522222,0.512698,0.515027,,,,,0.333333,21.9098,0,20.8006,6.03627,,2.51412,1.97247,0.506538,1.86516,,
X2/spatial_only__f1_s0,117,6.21402e-05,0,0.0679578,0.0532886,0.2951,3.48415,2.95205,0.604353,0.246652,0,28,0.502033,0.492532,0.51746,0.511111,0.515027,,,,,0.333333,26.4076,0,25.3445,6.52112,,2.76416,2.09949,0.50214,1.80312,,
X2/spatial_only__f1_s0,118,5.87581e-05,0,0.0897457,0.0528859,0.292067,3.96827,3.43945,0.607701,0.189732,0,28,0.483212,0.499144,0.503175,0.51746,0.515027,,,,,0.333333,23.0577,0,21.7611,6.68839,,3.00195,2.18002,0.494578,1.81062,,
X2/spatial_only__f1_s0,119,5.5467e-05,0,0.113177,0.0524832,0.289033,4.41854,3.90059,0.615513,0.180804,0,28,0.498435,0.496955,0.519048,0.515873,0.515027,,,,,0.333333,26.9022,0,25.3186,8.00714,,3.21415,2.23125,0.481719,1.79202,,
X2/spatial_only__f1_s0,120,5.22683e-05,0,0.137613,0.0520805,0.286,4.89523,4.39028,0.614955,0.161272,0,28,0.500274,0.493302,0.522222,0.512698,0.515027,,,,,0.333333,28.0889,0,26.5283,8.00929,,3.46663,2.29968,0.475894,1.76557,,
X2/spatial_only__f1_s0,121,4.91636e-05,0,0.162387,0.0516779,0.282967,5.47021,4.97,0.616629,0.135045,0,28,0.506804,0.491075,0.526984,0.511111,0.515027,,,,,0.321429,31.1535,1,29.4182,8.87482,,3.76899,2.37061,0.482747,1.76775,,
X2/spatial_only__f1_s0,122,4.61544e-05,0,0.186823,0.0512752,0.279933,5.86103,5.36884,0.602679,0.145647,0,28,0.506798,0.484938,0.531746,0.506349,0.515027,,,,,0.333333,33.6387,0,31.8948,9.27972,,3.80998,2.33346,0.462058,1.75821,,
X2/spatial_only__f1_s0,123,4.3242e-05,0,0.210254,0.0508725,0.2769,6.53487,6.03288,0.587054,0.108817,0,28,0.503644,0.48821,0.525397,0.509524,0.515027,,,,,0.333333,36.1822,0,34.3004,10.1632,,4.02713,2.41383,0.468135,1.81292,,
X2/spatial_only__f1_s0,124,4.04278e-05,0,0.232042,0.0504698,0.273867,6.6748,6.19525,0.602679,0.118862,0,28,0.482347,0.487232,0.512698,0.507937,0.515027,,,,,0.333333,35.6856,0,33.4935,10.9687,,4.10425,2.41874,0.46003,1.75102,,
X2/spatial_only__f1_s0,125,3.77132e-05,0,0.251592,0.0500671,0.270833,7.0639,6.58451,0.606027,0.104911,0,28,0.503281,0.492497,0.525397,0.514286,0.515027,0.675,0.658,1.03437,1.06005,0.333333,45.8668,0,43.722,12.3627,,4.22405,2.40867,0.450763,1.77005,100,0
X2/spatial_only__f1_s0,126,3.50995e-05,0,0.268371,0.0496644,0.2678,7.4151,6.93454,0.597098,0.0987723,0,28,0.50633,0.500612,0.528571,0.520635,0.515027,,,,,0.333333,40.489,0,38.2093,11.9401,,4.38897,2.47719,0.446035,1.79448,,
X2/spatial_only__f1_s0,127,3.25877e-05,0,0.281921,0.0492617,0.264767,7.508,7.04434,0.601562,0.102679,0,28,0.490327,0.50238,0.514286,0.522222,0.515027,,,,,0.333333,42.4449,0,39.6008,13.6225,,4.39673,2.45112,0.438141,1.7512,,
X2/spatial_only__f1_s0,128,3.01792e-05,0,0.291873,0.0488591,0.261733,7.621,7.16451,0.616629,0.105469,0,28,0.495582,0.484479,0.514286,0.507937,0.515027,,,,,0.333333,41.9966,0,39.5668,12.6678,,4.41459,2.44655,0.436164,1.74414,,
X2/spatial_only__f1_s0,129,2.78751e-05,0,0.297954,0.0484564,0.2587,7.73698,7.27311,0.600446,0.101563,0,28,0.51526,0.49403,0.533333,0.515873,0.51526,0.674,0.661,1.0598,1.02599,0.333333,48.0976,0,45.469,14.3802,,4.49249,2.44591,0.438218,1.79308,100,0
X2/spatial_only__f1_s0,130,2.56764e-05,0,0.3,0.0480537,0.255667,7.70048,7.24851,0.593192,0.109375,0,28,0.513696,0.496263,0.538095,0.51746,0.51526,,,,,0.333333,49.4252,0,46.3752,15.253,,4.44497,2.44148,0.423562,1.76782,,
X2/spatial_only__f1_s0,131,2.35841e-05,0,0.3,0.047651,0.252633,7.73217,7.28746,0.613281,0.112165,0,28,0.495728,0.495267,0.522222,0.515873,0.51526,,,,,0.333333,46.625,0,44.1996,13.3439,,4.4218,2.43722,0.421391,1.76031,,
X2/spatial_only__f1_s0,132,2.15994e-05,0,0.3,0.0472483,0.25,7.65129,7.21483,0.62779,0.104911,0,28,0.499168,0.494233,0.526984,0.515873,0.51526,,,,,0.321429,40.6162,1,38.0707,12.8324,,4.41581,2.41325,0.419555,1.74584,,
X2/spatial_only__f1_s0,133,1.9723e-05,0,0.3,0.0468456,0.25,7.60447,7.16866,0.614955,0.118862,0,28,0.515161,0.503505,0.539683,0.525397,0.51526,,,,,0.333333,42.5519,0,40.0177,12.945,,4.42773,2.41584,0.412601,1.74326,,
X2/spatial_only__f1_s0,134,1.79558e-05,0,0.3,0.046443,0.25,7.55045,7.11556,0.626674,0.132254,0,28,0.515056,0.508112,0.534921,0.530159,0.51526,,,,,0.333333,49.7229,0,46.2824,16.6311,,4.59294,2.465,0.420989,1.73953,,
X2/spatial_only__f1_s0,135,1.62988e-05,0,0.3,0.0460403,0.25,7.57641,7.14168,0.632254,0.123884,0,28,0.503796,0.503915,0.525397,0.525397,0.51526,,,,,0.333333,50.7,0,47.9691,14.9583,,4.46773,2.40848,0.411937,1.7389,,
X2/spatial_only__f1_s0,136,1.47526e-05,0,0.3,0.0456376,0.25,7.50069,7.06907,0.62779,0.142857,0,28,0.512009,0.501905,0.536508,0.522222,0.51526,,,,,0.333333,45.5323,0,42.7118,14.4502,,4.3912,2.36659,0.40854,1.72647,,
X2/spatial_only__f1_s0,137,1.33181e-05,0,0.3,0.0452349,0.25,7.54478,7.10744,0.61942,0.141741,0,28,0.520285,0.507108,0.544444,0.526984,0.520285,0.679,0.666,1.0268,0.992513,0.333333,47.9392,0,45.4526,13.9587,,4.41964,2.37146,0.412019,1.74938,100,0
X2/spatial_only__f1_s0,138,1.19958e-05,0,0.3,0.0448322,0.25,7.37085,6.94299,0.621652,0.151228,0,28,0.515203,0.506296,0.538095,0.525397,0.520285,,,,,0.333333,47.3478,0,44.6116,14.5708,,4.44905,2.38946,0.414016,1.71141,,
X2/spatial_only__f1_s0,139,1.07864e-05,0,0.3,0.0444295,0.25,7.43725,7.0128,0.638951,0.150112,0,28,0.518884,0.512788,0.54127,0.534921,0.520285,,,,,0.333333,47.4489,0,44.5171,14.9725,,4.47804,2.39739,0.411012,1.69779,,
X2/spatial_only__f1_s0,140,9.69048e-06,0,0.3,0.0440268,0.25,7.43149,7.00245,0.639509,0.137835,0,28,0.507908,0.506639,0.530159,0.528571,0.520285,,,,,0.333333,49.1049,0,46.206,15.0835,,4.54353,2.41846,0.418018,1.71615,,
X2/spatial_only__f1_s0,141,8.70853e-06,0,0.3,0.0436242,0.25,7.52206,7.09781,0.63058,0.141183,0,28,0.501599,0.513849,0.525397,0.534921,0.520285,,,,,0.333333,46.6585,0,43.6302,14.9076,,4.50849,2.40267,0.415019,1.69701,,
X2/spatial_only__f1_s0,142,7.84101e-06,0,0.3,0.0432215,0.25,7.43737,7.01585,0.630022,0.147879,0,28,0.511414,0.510858,0.533333,0.531746,0.520285,,,,,0.333333,51.2848,0,48.4944,15.078,,4.4893,2.38555,0.412391,1.6861,,
X2/spatial_only__f1_s0,143,7.08833e-06,0,0.3,0.0428188,0.25,7.59323,7.16483,0.628348,0.138951,0,28,0.51212,0.508134,0.536508,0.530159,0.520285,,,,,0.333333,51.4745,0,48.8589,14.6842,,4.54034,2.42415,0.419352,1.71362,,
X2/spatial_only__f1_s0,144,6.45086e-06,0,0.3,0.0424161,0.25,7.57053,7.14131,0.614955,0.140625,0,28,0.518031,0.509448,0.539683,0.531746,0.520285,,,,,0.333333,45.2866,0,42.38,14.5283,,4.42527,2.36297,0.409127,1.71685,,
X2/spatial_only__f1_s0,145,5.92887e-06,0,0.3,0.0420134,0.25,7.46736,7.04465,0.643973,0.143415,0,28,0.519968,0.513902,0.54127,0.534921,0.520285,,,,,0.333333,50.3114,0,46.9023,16.795,,4.51315,2.39875,0.418847,1.69081,,
X2/spatial_only__f1_s0,146,5.52264e-06,0,0.3,0.0416107,0.25,7.60627,7.17693,0.623326,0.140067,0,28,0.516617,0.513765,0.538095,0.534921,0.520285,,,,,0.333333,42.2965,0,39.4843,13.7744,,4.42763,2.37017,0.414407,1.71735,,
X2/spatial_only__f1_s0,147,5.23233e-06,0,0.3,0.0412081,0.25,7.64655,7.21803,0.608259,0.145647,0,28,0.517205,0.516939,0.538095,0.536508,0.520285,,,,,0.333333,43.9713,0,41.2895,13.7357,,4.49389,2.39866,0.420085,1.71409,,
X2/spatial_only__f1_s0,148,5.05809e-06,0,0.3,0.0408054,0.25,7.43018,7.0072,0.630022,0.147879,0,28,0.512913,0.520089,0.536508,0.539683,0.520285,,,,,0.333333,44.2056,0,41.2905,14.2428,,4.40827,2.34933,0.412,1.69191,,
X2/spatial_only__f1_s0,149,5e-06,0,0.3,0.0404027,0.25,7.48156,7.05716,0.616071,0.154018,0,28,0.513375,0.521614,0.534921,0.54127,0.521614,0.695,0.684,1.01027,0.986041,0.333333,46.7681,0,44.1258,14.1425,,4.44022,2.36866,0.416539,1.69761,100,-1.79425e-11
X2/spatial_only__f1_s0,150,5e-06,0,0.3,0.04,0.25,7.50674,7.07965,0.633929,0.142857,0,28,0.512229,0.522826,0.533333,0.542857,0.522826,0.703,0.691,1.00815,0.984457,0.333333,46.2841,0,43.3675,14.7093,,4.4524,2.37015,0.414448,1.70838,100,-2.38261e-11
X2/spatial_only__f1_s1,1,0.0002,1,0,0.1,0.646967,8.8133,5.90181,0.015625,0.0111607,0,28,0.0169661,0.0185106,0.0269841,0.0269841,0.0185106,0.02,0.021,5.29577,5.34991,0.309524,65.4937,4,54.2192,34.5396,,8.14424,2.17462,0.0952309,4.50022,100,0
X2/spatial_only__f1_s1,2,0.0003,1,0,0.0995973,0.643933,7.93299,5.03687,0.0117188,0.0167411,0,28,0.0167226,0.0178476,0.0365079,0.031746,0.0185106,,,,,0.333333,28.8698,1,21.228,18.3946,,6.52311,2.09017,0.0943933,4.49754,,
X2/spatial_only__f1_s1,3,0.0004,1,0,0.0991946,0.6409,7.37118,4.50877,0.0206473,0.0251116,0,28,0.00908503,0.0146403,0.0269841,0.0301587,0.0185106,,,,,0.333333,9.74981,0,4.50102,6.60378,,4.5306,2.18017,0.127207,4.46625,,
X2/spatial_only__f1_s1,4,0.0005,1,0,0.0987919,0.637867,7.18831,4.43529,0.0172991,0.0301339,0,28,0.00921381,0.0227868,0.0380952,0.0444444,0.0227868,0.033,0.05,4.13904,4.01025,0.297619,6.09466,0,2.28498,4.03088,,3.40756,2.17011,0.293522,4.31599,100,0
X2/spatial_only__f1_s1,5,0.000499942,1,0,0.0983893,0.634833,7.08983,4.3897,0.0212054,0.0223214,0,28,0.014557,0.0138539,0.0396825,0.0460317,0.0227868,,,,,0,3.78086,0,1.08484,2.07331,,2.68582,2.19013,0.389324,4.25329,,
X2/spatial_only__f1_s1,6,0.000499768,1,0,0.0979866,0.6318,6.93005,4.28668,0.0212054,0.0334821,0,28,0.0184462,0.0184228,0.0365079,0.0380952,0.0227868,,,,,0.047619,3.97388,0,1.50449,2.4154,,2.46509,2.19553,0.459977,4.18387,,
X2/spatial_only__f1_s1,7,0.000499477,1,0,0.0975839,0.628767,6.84877,4.24856,0.030692,0.0424107,0,28,0.01807,0.0177707,0.0492063,0.0492063,0.0227868,,,,,0.0238095,3.59509,0,1.65442,1.92459,,2.28104,2.13212,0.481512,4.13542,,
X2/spatial_only__f1_s1,8,0.000499071,1,0,0.0971812,0.625733,6.78241,4.20842,0.0301339,0.0368304,0,28,0.0179176,0.0287112,0.0539683,0.0555556,0.0287112,0.045,0.062,3.86014,3.76321,0,3.44918,0,1.57782,1.77447,,2.23621,2.15538,0.50507,4.11355,100,0
X2/spatial_only__f1_s1,9,0.000498549,1,0,0.0967785,0.6227,6.77218,4.20554,0.0256696,0.0345982,0,28,0.0277425,0.0256459,0.0571429,0.0619048,0.0287112,,,,,0.0238095,3.52318,0,1.65442,2.00184,,2.11172,2.10002,0.490177,4.12179,,
X2/spatial_only__f1_s1,10,0.000497912,1,0,0.0963758,0.619667,6.68343,4.16265,0.0256696,0.0446429,0,28,0.0281952,0.0306196,0.0666667,0.0634921,0.0306196,0.063,0.071,3.78283,3.7484,0.0119048,3.54227,0,1.68811,2.07605,,2.08146,2.097,0.496004,4.06796,100,0
X2/spatial_only__f1_s1,11,0.000497159,1,0,0.0959732,0.616633,6.63084,4.13194,0.0301339,0.0424107,0,28,0.020063,0.029205,0.0507937,0.0650794,0.0306196,,,,,0.0952381,4.36926,0,2.598,2.47851,,2.11746,2.12169,0.530959,4.05249,,
X2/spatial_only__f1_s1,12,0.000496291,1,0,0.0955705,0.6136,6.61975,4.13718,0.0329241,0.046875,0,28,0.0277034,0.0428563,0.0555556,0.0761905,0.0428563,0.061,0.078,3.79181,3.68849,0.0238095,3.6501,0,2.00263,2.02791,,1.98286,2.08833,0.517072,4.04591,100,0
X2/spatial_only__f1_s1,13,0.00049531,1,0,0.0951678,0.610567,6.58368,4.12358,0.0279018,0.046317,0,28,0.0242643,0.0501102,0.068254,0.0857143,0.0501102,0.069,0.065,3.75838,3.67644,0.0119048,3.50494,0,1.67535,2.11552,,1.95937,2.0863,0.516713,4.02921,100,0
X2/spatial_only__f1_s1,14,0.000494214,1,0,0.0947651,0.607533,6.59599,4.13683,0.0401786,0.0502232,0,28,0.0246495,0.0437311,0.0650794,0.0793651,0.0501102,,,,,0.047619,3.84255,0,2.14677,2.22327,,1.93102,2.13149,0.519071,4.04777,,
X2/spatial_only__f1_s1,15,0.000493004,1,0,0.0943624,0.6045,6.44718,4.0403,0.0452009,0.0742188,0,28,0.0413878,0.0518653,0.084127,0.0904762,0.0518653,0.088,0.085,3.64883,3.64884,0.0119048,3.61413,0,2.00456,2.1028,,1.87202,2.05009,0.503602,3.98161,100,0
X2/spatial_only__f1_s1,16,0.000491682,1,0,0.0939597,0.601467,6.34708,3.97312,0.0379464,0.0680804,0,28,0.0413467,0.0403309,0.0650794,0.0825397,0.0518653,,,,,0.047619,4.19241,0,2.71334,2.26295,,1.94085,2.05933,0.499146,3.94694,,
X2/spatial_only__f1_s1,17,0.000490247,1,0,0.093557,0.598433,6.0922,3.80891,0.0373884,0.0887277,0,28,0.0471046,0.0560996,0.0920635,0.0936508,0.0560996,0.107,0.106,3.38379,3.44271,0.119048,4.45054,0,2.82711,2.3025,,2.13748,2.1419,0.573676,3.81544,100,0
X2/spatial_only__f1_s1,18,0.000488701,1,0,0.0931544,0.5954,6.04174,3.79557,0.0558036,0.104353,0,28,0.0645459,0.0709023,0.11746,0.107937,0.0709023,0.133,0.126,3.29843,3.35054,0.047619,4.56656,0,3.1325,2.2842,,2.05542,2.09636,0.616278,3.77255,100,0
X2/spatial_only__f1_s1,19,0.000487044,1,0,0.0927517,0.592367,6.05114,3.81438,0.0435268,0.0859375,0,28,0.0543134,0.0752518,0.0888889,0.114286,0.0752518,0.108,0.124,3.37629,3.23948,0.047619,4.35975,0,3.05236,2.15994,,1.92496,2.06703,0.619044,3.77598,100,0
X2/spatial_only__f1_s1,20,0.000485277,1,0,0.092349,0.589333,6.00185,3.79431,0.0457589,0.0970982,0,28,0.0458991,0.0910932,0.0793651,0.125397,0.0910932,0.092,0.146,3.49588,3.16748,0.0714286,4.36592,0,3.03325,2.11473,,1.95732,2.06939,0.640793,3.74583,100,0
X2/spatial_only__f1_s1,21,0.000483401,1,0,0.0919463,0.5863,6.00479,3.80984,0.0725446,0.111049,0,28,0.064583,0.101869,0.122222,0.134921,0.101869,0.13,0.154,3.21677,3.15111,0.0952381,4.55032,0,3.27439,2.2117,,1.87178,2.11523,0.651397,3.74373,100,0
X2/spatial_only__f1_s1,22,0.000481416,1,0,0.0915436,0.583267,5.81218,3.68504,0.0714286,0.121652,0,28,0.0875236,0.0908162,0.139683,0.136508,0.101869,,,,,0.130952,4.88283,0,3.70146,2.2231,,1.86073,2.06484,0.669308,3.64695,,
X2/spatial_only__f1_s1,23,0.000479324,1,0,0.0911409,0.580233,5.71439,3.62823,0.0736607,0.139509,0,28,0.107077,0.0997067,0.153968,0.146032,0.107077,0.176,0.17,2.98052,3.08116,0.214286,5.34808,0,4.17392,2.36147,,1.9672,2.12255,0.6997,3.59539,100,0
X2/spatial_only__f1_s1,24,0.000477125,1,0,0.0907383,0.5772,5.69085,3.61633,0.106585,0.155692,0,28,0.0975395,0.121181,0.146032,0.169841,0.121181,0.126,0.192,3.34339,2.97202,0.297619,6.70422,0,5.64655,2.72667,,1.90263,2.03857,0.685991,3.59411,100,0
X2/spatial_only__f1_s1,25,0.000474821,1,0,0.0903356,0.574167,5.66897,3.61743,0.0758929,0.157924,0,28,0.131627,0.109321,0.184127,0.168254,0.131627,0.175,0.178,2.9603,2.97672,0.261905,7.04765,0,6.15841,2.35946,,1.91917,2.07038,0.691943,3.57308,100,0
X2/spatial_only__f1_s1,26,0.000472412,1,0,0.0899329,0.571133,5.56362,3.55235,0.0597098,0.170201,0,28,0.126133,0.154271,0.169841,0.2,0.154271,0.199,0.21,2.82399,2.8759,0.27381,6.70839,0,5.74296,2.43159,,1.9017,2.06954,0.685201,3.52155,100,0
X2/spatial_only__f1_s1,27,0.000469901,1,0,0.0895302,0.5681,5.53817,3.53856,0.0675223,0.16183,0,28,0.148047,0.142908,0.192063,0.192063,0.154271,,,,,0.297619,7.61874,0,6.83054,2.41434,,1.88973,2.05007,0.70828,3.51982,,
X2/spatial_only__f1_s1,28,0.000467287,1,0,0.0891275,0.565067,5.42486,3.47884,0.114397,0.185826,0,28,0.174012,0.155596,0.22381,0.207937,0.174012,0.231,0.223,2.66766,2.86745,0.27381,7.90089,0,7.11942,2.34145,,1.91154,2.07912,0.715719,3.44388,100,0
X2/spatial_only__f1_s1,29,0.000464572,1,0,0.0887248,0.562033,5.43924,3.49412,0.112723,0.194754,0,28,0.130869,0.172008,0.17619,0.225397,0.174012,,,,,0.27381,7.87828,0,7.10918,2.29357,,1.88493,2.07388,0.713225,3.46086,,
X2/spatial_only__f1_s1,30,0.000461758,1,0,0.0883221,0.559,5.3959,3.4761,0.0954241,0.19308,0,28,0.180536,0.211394,0.225397,0.261905,0.211394,0.258,0.279,2.68242,2.64403,0.309524,8.6238,0,7.86223,2.63782,,1.86242,2.04929,0.721142,3.43436,100,0
X2/spatial_only__f1_s1,31,0.000458846,1,0,0.0879195,0.555967,5.29847,3.41985,0.108817,0.217634,0,28,0.155123,0.20817,0.195238,0.260317,0.211394,,,,,0.333333,9.09282,0,8.4471,2.44527,,1.84512,2.03046,0.730829,3.37902,,
X2/spatial_only__f1_s1,32,0.000455836,1,0,0.0875168,0.552933,5.24167,3.38482,0.111049,0.209821,0,28,0.208129,0.212822,0.257143,0.268254,0.212822,0.274,0.278,2.61579,2.62962,0.321429,9.41854,0,8.74494,2.40815,,1.86141,2.00309,0.730852,3.35819,100,0
X2/spatial_only__f1_s1,33,0.000452732,1,0,0.0871141,0.5499,5.35537,3.46897,0.136161,0.209821,0,28,0.201756,0.215053,0.250794,0.273016,0.215053,0.221,0.277,2.74536,2.59838,0.297619,9.16464,0,8.48804,2.46387,,1.82914,2.0525,0.721983,3.43043,100,0
X2/spatial_only__f1_s1,34,0.000449533,1,0,0.0867114,0.546867,5.25748,3.40561,0.120536,0.228795,0,28,0.207463,0.203104,0.249206,0.260317,0.215053,,,,,0.333333,9.18921,0,8.56641,2.31573,,1.79624,1.99997,0.705001,3.38632,,
X2/spatial_only__f1_s1,35,0.000446242,1,0,0.0863087,0.543833,5.09463,3.30578,0.117188,0.237723,0,28,0.207598,0.232082,0.25873,0.280952,0.232082,0.255,0.292,2.58389,2.47553,0.309524,9.38269,0,8.74953,2.41552,,1.85013,2.03784,0.741569,3.28932,100,0
X2/spatial_only__f1_s1,36,0.00044286,1,0,0.085906,0.5408,5.18938,3.37358,0.116071,0.222098,0,28,0.237414,0.239355,0.268254,0.290476,0.239355,0.281,0.308,2.53025,2.46632,0.321429,10.6448,0,10.0593,2.49846,,1.74841,1.92811,0.694604,3.35761,100,0
X2/spatial_only__f1_s1,37,0.000439388,1,0,0.0855034,0.537767,5.08748,3.308,0.138393,0.229911,0,28,0.165623,0.22257,0.215873,0.268254,0.239355,,,,,0.297619,8.27233,0,7.56784,2.37798,,1.83,1.98393,0.712248,3.30901,,
X2/spatial_only__f1_s1,38,0.000435829,1,0,0.0851007,0.534733,4.86575,3.16594,0.0998884,0.25,0,28,0.200724,0.256504,0.239683,0.301587,0.256504,0.25,0.311,2.67627,2.37488,0.333333,11.5659,0,10.9702,2.72277,,1.90523,2.01722,0.741682,3.1788,100,0
X2/spatial_only__f1_s1,39,0.000432184,1,0,0.084698,0.5317,4.97962,3.25311,0.0792411,0.250558,0,28,0.191767,0.262031,0.225397,0.303175,0.262031,0.251,0.347,2.62796,2.3179,0.333333,11.7055,0,11.0587,2.80144,,1.79512,1.93414,0.702536,3.24716,100,0
X2/spatial_only__f1_s1,40,0.000428454,1,0,0.0842953,0.528667,4.95747,3.24401,0.175781,0.261719,0,28,0.236741,0.28893,0.28254,0.331746,0.28893,0.311,0.358,2.40283,2.29882,0.285714,9.81342,0,9.08873,2.66534,,1.84605,1.99473,0.717422,3.24109,100,0
X2/spatial_only__f1_s1,41,0.000424642,1,0,0.0838926,0.525633,4.66221,3.04407,0.182478,0.293527,0,28,0.31412,0.295083,0.349206,0.32381,0.31412,0.362,0.348,2.25974,2.35484,0.309524,15.4574,0,14.9383,2.77221,,1.84683,1.95039,0.731391,3.07845,100,0
X2/spatial_only__f1_s1,42,0.000420749,1,0,0.0834899,0.5226,4.84038,3.17339,0.162388,0.267857,0,28,0.204294,0.316267,0.253968,0.352381,0.316267,0.246,0.343,2.72409,2.29684,0.321429,10.4386,0,9.79769,2.6227,,1.82412,1.96131,0.71947,3.1898,100,0
X2/spatial_only__f1_s1,43,0.000416777,1,0,0.0830872,0.519567,4.94163,3.25555,0.13058,0.258929,0,28,0.16907,0.318197,0.226984,0.350794,0.318197,0.239,0.352,2.74931,2.27169,0.309524,13.1985,0,12.6461,2.69545,,1.84131,2.01362,0.741864,3.24515,100,0
X2/spatial_only__f1_s1,44,0.000412728,1,0,0.0826846,0.516533,4.80039,3.16762,0.154576,0.281808,0,28,0.310534,0.316721,0.34127,0.35873,0.318197,,,,,0.321429,11.6001,0,11.0263,2.65758,,1.80371,1.97413,0.726018,3.16103,,
X2/spatial_only__f1_s1,45,0.000408604,1,0,0.0822819,0.5135,4.62994,3.05295,0.156808,0.282924,0,28,0.275308,0.310548,0.32381,0.342857,0.318197,,,,,0.333333,12.1463,0,11.515,2.77811,,1.84909,1.94308,0.733057,3.07107,,
X2/spatial_only__f1_s1,46,0.000404406,1,0,0.0818792,0.510467,4.77272,3.16452,0.168527,0.285156,0,28,0.208444,0.330725,0.253968,0.363492,0.330725,0.248,0.382,2.74702,2.22763,0.333333,13.9726,0,13.3208,3.1972,,1.84001,1.97108,0.73898,3.15046,100,0
X2/spatial_only__f1_s1,47,0.000400137,1,0,0.0814765,0.507433,4.78181,3.17444,0.144531,0.290737,0,28,0.296793,0.33192,0.336508,0.368254,0.33192,0.363,0.391,2.25188,2.20046,0.333333,13.7158,0,13.1675,2.87404,,1.7935,1.96138,0.731042,3.16766,100,0
X2/spatial_only__f1_s1,48,0.000395799,1,0,0.0810738,0.5044,4.41581,2.9289,0.166295,0.303013,0,28,0.202186,0.349656,0.253968,0.373016,0.349656,0.248,0.416,2.64912,2.13172,0.333333,12.0805,0,11.4598,2.81134,,1.83924,1.9484,0.757575,2.94788,100,0
X2/spatial_only__f1_s1,49,0.000391394,1,0,0.0806711,0.501367,4.63935,3.08458,0.132812,0.301897,0,28,0.310261,0.340689,0.342857,0.368254,0.349656,,,,,0.333333,12.2286,0,11.4621,3.20589,,1.7913,1.92731,0.737866,3.10105,,
X2/spatial_only__f1_s1,50,0.000386923,1,0,0.0802685,0.498333,4.51807,3.01828,0.148996,0.294085,0,28,0.248841,0.327174,0.277778,0.366667,0.349656,0.307,0.395,2.36243,2.19697,0.321429,13.6878,0,13.1705,2.7769,,1.83431,1.97909,0.746602,3.00962,100,0
X2/spatial_only__f1_s1,51,0.000382389,1,0,0.0798658,0.4953,4.35743,2.90622,0.195313,0.338728,0,28,0.339451,0.360393,0.380952,0.395238,0.360393,0.395,0.431,2.08337,2.07286,0.333333,17.1851,0,16.6445,3.31214,,1.82085,1.92878,0.722979,2.92997,100,0
X2/spatial_only__f1_s1,52,0.000377795,1,0,0.0794631,0.492267,5.01004,3.36263,0.173549,0.262277,0,28,0.306492,0.350954,0.357143,0.384127,0.360393,,,,,0.333333,10.3583,0,9.74924,2.55302,,1.73759,1.95032,0.697864,3.34658,,
X2/spatial_only__f1_s1,53,0.000373141,1,0,0.0790604,0.489233,4.39824,2.94857,0.177455,0.345982,0,28,0.231335,0.364559,0.27619,0.395238,0.364559,0.279,0.436,2.435,1.99742,0.333333,11.9085,1,11.3221,3.22315,,1.77207,1.95037,0.72688,2.96315,100,0
X2/spatial_only__f1_s1,54,0.000368431,1,0,0.0786577,0.4862,4.47243,3.00808,0.129464,0.321429,0,28,0.347572,0.39086,0.384127,0.422222,0.39086,0.401,0.466,2.03703,1.92359,0.333333,10.7629,0,10.2375,2.48761,,1.7348,1.90785,0.714352,3.01182,100,0
X2/spatial_only__f1_s1,55,0.000363667,1,0,0.078255,0.483167,4.32047,2.90858,0.136719,0.339286,0,28,0.322912,0.384955,0.347619,0.411111,0.39086,,,,,0.333333,11.9307,0,11.3308,2.8257,,1.78127,1.94894,0.74472,2.92215,,
X2/spatial_only__f1_s1,56,0.00035885,1,0,0.0778523,0.480133,4.32891,2.91978,0.227679,0.344866,0,28,0.334125,0.388087,0.374603,0.414286,0.39086,,,,,0.321429,11.1921,0,10.626,2.57684,,1.72524,1.88972,0.712794,2.93489,,
X2/spatial_only__f1_s1,57,0.000353983,1,0,0.0774497,0.4771,4.25748,2.8762,0.180804,0.350446,0,28,0.328573,0.393681,0.366667,0.426984,0.393681,0.385,0.461,2.09023,1.93784,0.333333,14.5134,0,13.9919,3.00012,,1.79646,1.90199,0.723554,2.89515,100,0
X2/spatial_only__f1_s1,58,0.000349069,1,0,0.077047,0.474067,4.05285,2.73919,0.214286,0.386161,0,28,0.326835,0.402751,0.363492,0.433333,0.402751,0.436,0.484,1.94762,1.87662,0.333333,16.5264,0,16.0452,3.10458,,1.74975,1.84826,0.727646,2.77104,100,0
X2/spatial_only__f1_s1,59,0.000344109,1,0,0.0766443,0.471033,4.27554,2.90285,0.211496,0.34654,0,28,0.373726,0.392233,0.409524,0.426984,0.402751,,,,,0.333333,12.192,0,11.6191,2.77421,,1.75307,1.89974,0.728063,2.9142,,
X2/spatial_only__f1_s1,60,0.000339107,1,0,0.0762416,0.468,4.42714,3.01199,0.216518,0.332031,0,28,0.342345,0.357716,0.390476,0.396825,0.402751,,,,,0.333333,12.3839,0,11.7788,2.78236,,1.73735,1.9338,0.714877,3.02384,,
X2/spatial_only__f1_s1,61,0.000334063,1,0,0.0758389,0.464967,4.21869,2.87059,0.146763,0.375,0,28,0.286248,0.396193,0.326984,0.42381,0.402751,,,,,0.333333,10.9482,0,10.3865,2.63005,,1.71742,1.89038,0.703597,2.89936,,
X2/spatial_only__f1_s1,62,0.000328982,1,0,0.0754362,0.461933,4.10563,2.79731,0.191964,0.351563,0,28,0.312859,0.399885,0.361905,0.439683,0.402751,,,,,0.333333,12.8618,0,12.2578,2.93914,,1.77241,1.89327,0.706161,2.83227,,
X2/spatial_only__f1_s1,63,0.000323864,1,0,0.0750336,0.4589,3.99295,2.72433,0.196987,0.390067,0,28,0.412232,0.416492,0.450794,0.452381,0.416492,0.484,0.495,1.7559,1.78983,0.333333,17.2974,0,16.7686,3.32083,,1.7536,1.86771,0.707013,2.76447,100,0
X2/spatial_only__f1_s1,64,0.000318713,1,0,0.0746309,0.455867,3.96223,2.71077,0.217076,0.404018,0,28,0.412067,0.416193,0.439683,0.450794,0.416492,,,,,0.333333,13.9638,0,13.4253,3.02384,,1.74767,1.86817,0.712137,2.74523,,
X2/spatial_only__f1_s1,65,0.000313531,1,0,0.0742282,0.452833,4.2659,2.93069,0.224888,0.371652,0,28,0.39301,0.396923,0.433333,0.431746,0.416492,,,,,0.333333,10.5614,0,10.0074,2.52115,,1.69393,1.89908,0.703393,2.94857,,
X2/spatial_only__f1_s1,66,0.000308321,1,0,0.0738255,0.4498,3.92604,2.69811,0.210938,0.378348,0,28,0.361525,0.447291,0.392063,0.48254,0.447291,0.443,0.509,1.89246,1.69617,0.321429,15.9576,0,15.4112,3.11541,,1.73167,1.85773,0.711563,2.72995,100,0
X2/spatial_only__f1_s1,67,0.000303084,1,0,0.0734228,0.446767,4.21999,2.9075,0.246652,0.386161,0,28,0.421401,0.425553,0.453968,0.45873,0.447291,,,,,0.333333,12.5599,0,12.0055,2.72726,,1.71896,1.87238,0.693861,2.93775,,
X2/spatial_only__f1_s1,68,0.000297823,1,0,0.0730201,0.443733,3.80897,2.62181,0.228237,0.424665,0,28,0.415718,0.436815,0.444444,0.465079,0.447291,,,,,0.309524,13.8956,0,13.3479,2.84987,,1.75502,1.86481,0.707652,2.67539,,
X2/spatial_only__f1_s1,69,0.000292541,1,0,0.0726174,0.4407,4.132,2.85952,0.260045,0.378348,0,28,0.395125,0.428765,0.433333,0.457143,0.447291,,,,,0.333333,14.7924,0,14.2602,3.09167,,1.72895,1.88345,0.685324,2.88741,,
X2/spatial_only__f1_s1,70,0.00028724,1,0,0.0722148,0.437667,3.79955,2.62662,0.234375,0.420201,0,28,0.422315,0.443358,0.449206,0.47619,0.447291,,,,,0.333333,14.9133,0,14.4275,2.94214,,1.73841,1.81767,0.683213,2.67997,,
X2/spatial_only__f1_s1,71,0.000281923,1,0,0.0718121,0.434633,3.9909,2.76891,0.202009,0.390625,0,28,0.3371,0.444728,0.374603,0.477778,0.447291,,,,,0.333333,13.3429,0,12.8313,2.7307,,1.66967,1.80835,0.669564,2.81154,,
X2/spatial_only__f1_s1,72,0.000276592,1,0,0.0714094,0.4316,3.74049,2.59779,0.191964,0.449777,0,28,0.39679,0.452656,0.428571,0.479365,0.452656,0.469,0.529,1.76345,1.62605,0.333333,15.6364,0,15.1118,3.17208,,1.68178,1.79408,0.670058,2.64761,100,0
X2/spatial_only__f1_s1,73,0.00027125,1,0,0.0710067,0.428567,3.88612,2.7074,0.203125,0.4375,0,28,0.39299,0.450503,0.426984,0.484127,0.452656,,,,,0.333333,14.9037,0,14.3723,2.90555,,1.69221,1.82278,0.675015,2.75038,,
X2/spatial_only__f1_s1,74,0.000265899,1,0,0.070604,0.425533,3.94785,2.75826,0.242188,0.415737,0,28,0.402876,0.400456,0.438095,0.434921,0.452656,,,,,0.333333,11.7984,0,11.2581,2.7681,,1.66584,1.80178,0.6512,2.79554,,
X2/spatial_only__f1_s1,75,0.000260542,1,0,0.0702013,0.4225,3.50556,2.44257,0.211496,0.480469,0,28,0.4325,0.463804,0.452381,0.5,0.463804,0.496,0.564,1.65601,1.57394,0.333333,17.3225,0,16.8453,3.13201,,1.71395,1.79293,0.675948,2.51597,100,0
X2/spatial_only__f1_s1,76,0.000255181,1,0,0.0697987,0.419467,3.50974,2.454,0.160156,0.469308,0,28,0.432612,0.482985,0.466667,0.514286,0.482985,0.533,0.575,1.57482,1.52785,0.333333,15.7627,0,15.2436,3.09575,,1.69018,1.72571,0.664103,2.51687,100,0
X2/spatial_only__f1_s1,77,0.000249819,1,0,0.069396,0.416433,3.812,2.67764,0.172433,0.44029,0,28,0.348466,0.432442,0.377778,0.47619,0.482985,,,,,0.333333,14.6776,0,14.1306,3.08048,,1.6875,1.80562,0.656564,2.72397,,
X2/spatial_only__f1_s1,78,0.000244458,1,0,0.0689933,0.4134,3.7832,2.66211,0.135603,0.419643,0,28,0.45209,0.46612,0.484127,0.498413,0.482985,,,,,0.333333,12.9689,0,12.3724,3.04837,,1.68247,1.78171,0.655722,2.71189,,
X2/spatial_only__f1_s1,79,0.000239101,1,0,0.0685906,0.410367,3.62277,2.54914,0.279576,0.450893,0,28,0.447935,0.488989,0.477778,0.512698,0.488989,0.529,0.567,1.60963,1.55317,0.333333,14.371,0,13.7153,3.291,,1.70548,1.78393,0.659822,2.61627,100,0
X2/spatial_only__f1_s1,80,0.00023375,1,0,0.0681879,0.407333,3.45223,2.42941,0.31529,0.461496,0,28,0.436433,0.507996,0.466667,0.530159,0.507996,0.514,0.585,1.61292,1.48456,0.333333,14.2247,0,13.6654,3.09673,,1.708,1.7358,0.655674,2.511,100,0
X2/spatial_only__f1_s1,81,0.000228408,1,0,0.0677852,0.4043,3.68808,2.60753,0.217076,0.481027,0,28,0.505386,0.467537,0.531746,0.501587,0.507996,,,,,0.333333,14.061,0,13.5163,2.98602,,1.64464,1.75561,0.635787,2.67265,,
X2/spatial_only__f1_s1,82,0.000223077,1,0,0.0673826,0.401267,3.81705,2.70658,0.297433,0.449219,0,28,0.409696,0.475633,0.431746,0.511111,0.507996,,,,,0.333333,13.4648,0,13.0195,2.6501,,1.61675,1.71891,0.614273,2.76743,,
X2/spatial_only__f1_s1,83,0.00021776,1,0,0.0669799,0.398233,3.81297,2.71159,0.287388,0.442522,0,28,0.511275,0.462204,0.530159,0.498413,0.511275,0.589,0.552,1.48469,1.59591,0.333333,14.8179,0,14.3355,2.98271,,1.64354,1.75396,0.623614,2.76566,100,0
X2/spatial_only__f1_s1,84,0.000212459,1,0,0.0665772,0.3952,3.65662,2.5985,0.261161,0.450335,0,28,0.49198,0.465724,0.515873,0.503175,0.511275,,,,,0.333333,14.3234,0,13.7788,3.07638,,1.71557,1.80419,0.646122,2.67745,,
X2/spatial_only__f1_s1,85,0.000207177,1,0,0.0661745,0.392167,3.47156,2.47214,0.217076,0.482701,0,28,0.503423,0.491385,0.528571,0.52381,0.511275,,,,,0.333333,14.5526,0,13.8689,3.64623,,1.64968,1.71983,0.61193,2.54845,,
X2/spatial_only__f1_s1,86,0.000201916,1,0,0.0657718,0.389133,4.00829,2.87426,0.304129,0.424665,0,28,0.375292,0.482293,0.425397,0.520635,0.511275,,,,,0.333333,10.9806,0,10.4149,2.66018,,1.62142,1.78261,0.601705,2.91425,,
X2/spatial_only__f1_s1,87,0.000196679,1,0,0.0653691,0.3861,3.42396,2.44594,0.356027,0.497768,0,28,0.424345,0.540517,0.452381,0.568254,0.540517,0.525,0.625,1.63775,1.37643,0.333333,15.6206,0,15.0759,3.18943,,1.68749,1.74812,0.633523,2.53308,100,0
X2/spatial_only__f1_s1,88,0.000191469,1,0,0.0649664,0.383067,3.45393,2.47131,0.22154,0.492746,0,28,0.546239,0.537606,0.566667,0.566667,0.546239,0.629,0.628,1.31452,1.39508,0.333333,13.5847,0,13.0351,3.0373,,1.62293,1.66549,0.589704,2.56515,100,0
X2/spatial_only__f1_s1,89,0.000186287,1,0,0.0645638,0.380033,3.34761,2.39938,0.316964,0.514509,0,28,0.468124,0.524806,0.490476,0.555556,0.546239,,,,,0.333333,15.0227,0,14.5447,2.93404,,1.6536,1.71672,0.611462,2.4951,,
X2/spatial_only__f1_s1,90,0.000181136,1,0,0.0641611,0.377,3.37316,2.42328,0.240513,0.506138,0,28,0.508063,0.519089,0.538095,0.547619,0.546239,,,,,0.333333,14.4029,0,13.8416,3.20682,,1.69236,1.73835,0.612872,2.51958,,
X2/spatial_only__f1_s1,91,0.000176018,1,0,0.0637584,0.373967,3.40746,2.45507,0.268415,0.506696,0,28,0.536787,0.535114,0.552381,0.565079,0.546239,,,,,0.333333,14.6533,0,14.0735,3.32406,,1.66446,1.68901,0.596848,2.54673,,
X2/spatial_only__f1_s1,92,0.000170937,1,0,0.0633557,0.370933,3.45045,2.49805,0.25279,0.490513,0,28,0.542079,0.544833,0.561905,0.569841,0.546239,,,,,0.333333,17.6536,0,17.1864,3.23084,,1.66972,1.7351,0.611537,2.56755,,
X2/spatial_only__f1_s1,93,0.000165893,1,0,0.062953,0.3679,3.20851,2.31768,0.283482,0.542411,0,28,0.517002,0.534757,0.536508,0.557143,0.546239,,,,,0.333333,17.3145,0,16.8283,3.35229,,1.63065,1.69327,0.605457,2.42139,,
X2/spatial_only__f1_s1,94,0.000160891,1,0,0.0625503,0.364867,3.27693,2.3762,0.295759,0.500558,0,28,0.437869,0.565986,0.460317,0.58254,0.565986,0.551,0.648,1.59868,1.30691,0.333333,13.4584,0,12.8174,3.44334,,1.65243,1.68226,0.589114,2.46866,100,0
X2/spatial_only__f1_s1,95,0.000155931,1,0,0.0621477,0.361833,3.32569,2.41625,0.371652,0.542969,0,28,0.564051,0.562767,0.58254,0.580952,0.565986,,,,,0.333333,18.3001,0,17.7164,3.56835,,1.63317,1.66962,0.572962,2.51343,,
X2/spatial_only__f1_s1,96,0.000151017,1,0,0.061745,0.3588,3.14937,2.29027,0.158482,0.514509,0,28,0.553982,0.565031,0.574603,0.584127,0.565986,,,,,0.333333,12.8637,0,12.2754,3.10434,,1.65636,1.67701,0.591365,2.39438,,
X2/spatial_only__f1_s1,97,0.00014615,1,0,0.0613423,0.355767,3.15361,2.3005,0.289062,0.53125,0,28,0.401294,0.562453,0.436508,0.580952,0.565986,,,,,0.333333,12.8585,0,12.2931,3.05265,,1.65144,1.65405,0.58021,2.39795,,
X2/spatial_only__f1_s1,98,0.000141333,1,0,0.0609396,0.352733,3.34802,2.45034,0.260045,0.522321,0,28,0.532506,0.549912,0.555556,0.571429,0.565986,,,,,0.333333,14.606,0,14.0734,3.04394,,1.60881,1.65653,0.562535,2.54492,,
X2/spatial_only__f1_s1,99,0.000136569,1,0,0.0605369,0.3497,3.52273,2.58909,0.275112,0.496652,0,28,0.409414,0.550692,0.433333,0.566667,0.565986,,,,,0.333333,12.4361,0,11.8776,3.01963,,1.62678,1.67942,0.559119,2.66982,,
X2/spatial_only__f1_s1,100,0.000131859,1,0,0.0601342,0.346667,2.96877,2.17492,0.310268,0.571429,0,28,0.574115,0.595873,0.592063,0.609524,0.595873,0.659,0.692,1.22372,1.17526,0.333333,15.7948,0,15.2378,3.44229,,1.58189,1.58559,0.546895,2.28995,100,0
X2/spatial_only__f1_s1,101,0.000127205,1,0,0.0597315,0.343633,3.10081,2.27565,0.269531,0.540737,0,28,0.610335,0.582102,0.620635,0.596825,0.610335,0.711,0.698,1.08176,1.15927,0.333333,12.4034,0,11.8177,3.07336,,1.6228,1.63731,0.568458,2.40127,100,0
X2/spatial_only__f1_s1,102,0.000122611,1,0,0.0593289,0.3406,3.29032,2.42785,0.188058,0.539062,0,28,0.532092,0.579295,0.549206,0.601587,0.610335,,,,,0.333333,13.8151,0,13.294,3.10027,,1.59473,1.6249,0.540224,2.5322,,
X2/spatial_only__f1_s1,103,0.000118077,1,0,0.0589262,0.337567,3.09942,2.28792,0.280134,0.526228,0,28,0.570938,0.590794,0.596825,0.609524,0.610335,,,,,0.333333,16.0084,0,15.4672,3.27872,,1.63974,1.62581,0.541114,2.40398,,
X2/spatial_only__f1_s1,104,0.000113606,1,0,0.0585235,0.334533,2.97825,2.2013,0.331473,0.579799,0,28,0.576076,0.60111,0.590476,0.614286,0.610335,,,,,0.333333,13.3458,0,12.8006,3.13042,,1.57426,1.56637,0.526789,2.3225,,
X2/spatial_only__f1_s1,105,0.000109201,1,0,0.0581208,0.3315,3.24224,2.41101,0.324777,0.554688,0,28,0.567752,0.610223,0.584127,0.625397,0.610335,,,,,0.333333,14.0854,0,13.4689,3.38444,,1.58528,1.60321,0.526524,2.50748,,
X2/spatial_only__f1_s1,106,0.000104863,1,0,0.0577181,0.328467,3.03564,2.25683,0.280692,0.568638,0,28,0.574022,0.607721,0.588889,0.622222,0.610335,,,,,0.333333,14.3921,0,13.8718,3.2142,,1.55858,1.57281,0.51911,2.37106,,
X2/spatial_only__f1_s1,107,0.000100594,1,0,0.0573154,0.325433,2.77243,2.05686,0.287946,0.59933,0,28,0.577211,0.617208,0.596825,0.62381,0.617208,0.699,0.734,1.09649,1.03799,0.333333,14.0181,0,13.4141,3.38289,,1.59306,1.55513,0.531163,2.19882,100,0
X2/spatial_only__f1_s1,108,9.63962e-05,1,0,0.0569128,0.3224,3.09646,2.31536,0.250558,0.568638,0,28,0.580487,0.613675,0.596825,0.625397,0.617208,,,,,0.333333,12.6153,0,12.0691,3.04156,,1.5899,1.59795,0.521453,2.42276,,
X2/spatial_only__f1_s1,109,9.22719e-05,1,0,0.0565101,0.319367,2.94963,2.20491,0.288504,0.580357,0,28,0.587546,0.624441,0.598413,0.630159,0.624441,0.706,0.725,1.09177,1.09325,0.333333,13.1877,0,12.584,3.30395,,1.5759,1.56696,0.513784,2.33186,100,0
X2/spatial_only__f1_s1,110,8.82228e-05,1,0,0.0561074,0.316333,3.09757,2.33004,0.330915,0.512835,0,28,0.545786,0.611922,0.573016,0.622222,0.624441,,,,,0.333333,12.7398,0,12.169,3.08226,,1.60624,1.62983,0.515143,2.42632,,
X2/spatial_only__f1_s1,111,8.42509e-05,0,0,0.0557047,0.3133,1.99712,1.47698,0.657924,0.657924,0,28,0.586868,0.625133,0.595238,0.628571,0.625133,0.729,0.73,0.94974,0.988351,0.333333,14.5825,0,13.9522,3.62217,,1.62141,1.48391,0.529956,1.66019,100,0
X2/spatial_only__f1_s1,112,8.03579e-05,0,0.0020458,0.055302,0.310267,1.94983,1.44897,0.685826,0.670759,0,28,0.617281,0.611744,0.62381,0.614286,0.625133,,,,,0.333333,15.7459,0,15.0944,3.84863,,1.61108,1.41356,0.506123,1.61429,,
X2/spatial_only__f1_s1,113,7.65457e-05,0,0.00812741,0.0548993,0.307233,2.00331,1.51501,0.676339,0.628348,0,28,0.640183,0.617263,0.642857,0.620635,0.640183,0.759,0.721,0.806243,0.997395,0.333333,16.0341,0,15.3379,4.03133,,1.73862,1.52132,0.517757,1.58934,100,0
X2/spatial_only__f1_s1,114,7.28161e-05,0,0.0180789,0.0544966,0.3042,2.13544,1.65423,0.688616,0.578683,0,28,0.594027,0.614347,0.603175,0.61746,0.640183,,,,,0.333333,16.6925,0,15.8902,4.4448,,1.89105,1.63257,0.528586,1.58187,,
X2/spatial_only__f1_s1,115,6.91709e-05,0,0.0316289,0.054094,0.301167,2.43495,1.94908,0.660714,0.49442,0,28,0.623037,0.603755,0.633333,0.607937,0.640183,,,,,0.333333,20.2497,0,19.5004,4.75087,,2.0522,1.70962,0.512941,1.61332,,
X2/spatial_only__f1_s1,116,6.56117e-05,0,0.0484078,0.0536913,0.298133,2.62061,2.15517,0.697545,0.425223,0,28,0.635059,0.610851,0.642857,0.615873,0.640183,,,,,0.333333,22.5901,0,21.6591,5.56042,,2.31364,1.88463,0.513642,1.56118,,
X2/spatial_only__f1_s1,117,6.21402e-05,0,0.0679578,0.0532886,0.2951,2.96576,2.50672,0.695313,0.358817,0,28,0.607605,0.613164,0.620635,0.61746,0.640183,,,,,0.333333,32.2021,0,31.1783,6.938,,2.57284,1.97794,0.499438,1.55553,,
X2/spatial_only__f1_s1,118,5.87581e-05,0,0.0897457,0.0528859,0.292067,3.27763,2.83497,0.707031,0.316964,0,28,0.628545,0.628272,0.639683,0.634921,0.640183,,,,,0.333333,27.6331,0,26.3943,7.10455,,2.78373,2.07054,0.486322,1.51561,,
X2/spatial_only__f1_s1,119,5.5467e-05,0,0.113177,0.0524832,0.289033,3.78149,3.33971,0.69308,0.260045,0,28,0.631313,0.612399,0.644444,0.620635,0.640183,,,,,0.333333,27.3789,0,25.9707,7.65194,,3.09066,2.16351,0.485486,1.52848,,
X2/spatial_only__f1_s1,120,5.22683e-05,0,0.137613,0.0520805,0.286,4.23434,3.79973,0.708147,0.22433,0,28,0.597284,0.63005,0.609524,0.639683,0.640183,,,,,0.333333,32.7232,0,31.0893,8.79171,,3.50436,2.29616,0.487887,1.5196,,
X2/spatial_only__f1_s1,121,4.91636e-05,0,0.162387,0.0516779,0.282967,4.66159,4.24067,0.710379,0.208705,0,28,0.624548,0.620619,0.636508,0.628571,0.640183,,,,,0.333333,48.6485,0,47.0573,11.0115,,3.70351,2.28397,0.464295,1.48752,,
X2/spatial_only__f1_s1,122,4.61544e-05,0,0.186823,0.0512752,0.279933,5.2817,4.85293,0.69029,0.162388,0,28,0.626421,0.630394,0.64127,0.639683,0.640183,,,,,0.333333,44.0042,0,42.0638,11.2961,,3.98397,2.37121,0.469812,1.53169,,
X2/spatial_only__f1_s1,123,4.3242e-05,0,0.210254,0.0508725,0.2769,5.57131,5.15948,0.700335,0.170759,0,28,0.618407,0.630307,0.636508,0.639683,0.640183,,,,,0.333333,44.798,0,42.9455,11.2614,,4.19084,2.40283,0.467235,1.48727,,
X2/spatial_only__f1_s1,124,4.04278e-05,0,0.232042,0.0504698,0.273867,6.04439,5.63479,0.710379,0.141183,0,28,0.613393,0.627364,0.628571,0.638095,0.640183,,,,,0.333333,43.9409,0,41.7346,12.4187,,4.33378,2.40946,0.450323,1.49562,,
X2/spatial_only__f1_s1,125,3.77132e-05,0,0.251592,0.0500671,0.270833,6.57523,6.16475,0.683594,0.129464,0,28,0.599927,0.635127,0.619048,0.646032,0.640183,0.78,0.761,0.77948,0.730431,0.333333,51.7318,0,49.2568,14.4545,,4.49471,2.45935,0.445635,1.51561,100,0
X2/spatial_only__f1_s1,126,3.50995e-05,0,0.268371,0.0496644,0.2678,6.7917,6.38847,0.702009,0.117746,0,28,0.597529,0.634392,0.609524,0.644444,0.640183,,,,,0.333333,50.5864,0,48.0787,14.1306,,4.63121,2.49393,0.44549,1.5057,,
X2/spatial_only__f1_s1,127,3.25877e-05,0,0.281921,0.0492617,0.264767,6.83644,6.44872,0.720424,0.135045,0,28,0.610433,0.631473,0.630159,0.642857,0.640183,,,,,0.333333,51.277,0,49.0189,13.3815,,4.49619,2.43921,0.437709,1.4644,,
X2/spatial_only__f1_s1,128,3.01792e-05,0,0.291873,0.0488591,0.261733,7.10694,6.711,0.704799,0.126674,0,28,0.620905,0.624089,0.633333,0.638095,0.640183,,,,,0.333333,54.6484,0,52.253,14.4476,,4.67614,2.47277,0.436947,1.51274,,
X2/spatial_only__f1_s1,129,2.78751e-05,0,0.297954,0.0484564,0.2587,7.15519,6.76722,0.69308,0.136161,0,28,0.637921,0.6232,0.652381,0.639683,0.640183,,,,,0.333333,58.853,0,56.574,14.5494,,4.66133,2.45932,0.427214,1.4997,,
X2/spatial_only__f1_s1,130,2.56764e-05,0,0.3,0.0480537,0.255667,7.1261,6.74664,0.704241,0.140067,0,28,0.624988,0.625339,0.64127,0.636508,0.640183,,,,,0.333333,55.1824,0,52.7384,14.4919,,4.66534,2.45175,0.422029,1.48418,,
X2/spatial_only__f1_s1,131,2.35841e-05,0,0.3,0.047651,0.252633,7.10266,6.72724,0.705357,0.136161,0,28,0.626374,0.629919,0.642857,0.64127,0.640183,,,,,0.333333,52.6838,0,50.1748,14.5645,,4.67816,2.44344,0.425707,1.48603,,
X2/spatial_only__f1_s1,132,2.15994e-05,0,0.3,0.0472483,0.25,6.9139,6.54808,0.71875,0.157924,0,28,0.627836,0.616104,0.642857,0.628571,0.640183,,,,,0.333333,53.9109,0,51.3992,14.5677,,4.69009,2.43507,0.41529,1.46328,,
X2/spatial_only__f1_s1,133,1.9723e-05,0,0.3,0.0468456,0.25,6.87761,6.5166,0.731585,0.148438,0,28,0.626875,0.619383,0.639683,0.633333,0.640183,,,,,0.333333,55.6543,1,53.217,15.8379,,4.67559,2.44841,0.415546,1.44402,,
X2/spatial_only__f1_s1,134,1.79558e-05,0,0.3,0.046443,0.25,6.97744,6.6119,0.702567,0.15904,0,28,0.625005,0.627901,0.639683,0.64127,0.640183,,,,,0.333333,58.4652,0,56.047,15.0137,,4.66416,2.40606,0.41213,1.46219,,
X2/spatial_only__f1_s1,135,1.62988e-05,0,0.3,0.0460403,0.25,6.8026,6.44343,0.717634,0.178571,0,28,0.635981,0.635766,0.649206,0.649206,0.640183,,,,,0.333333,55.2406,0,52.7435,14.9556,,4.61021,2.39086,0.40957,1.43669,,
X2/spatial_only__f1_s1,136,1.47526e-05,0,0.3,0.0456376,0.25,6.90234,6.54185,0.712054,0.166295,0,28,0.616854,0.630302,0.634921,0.642857,0.640183,,,,,0.333333,62.2068,0,59.7247,15.8525,,4.63992,2.38377,0.407674,1.44199,,
X2/spatial_only__f1_s1,137,1.33181e-05,0,0.3,0.0452349,0.25,6.84383,6.48066,0.723214,0.180804,0,28,0.625991,0.631668,0.642857,0.644444,0.640183,,,,,0.333333,58.0851,0,55.4985,15.3485,,4.62623,2.40072,0.41703,1.45267,,
X2/spatial_only__f1_s1,138,1.19958e-05,0,0.3,0.0448322,0.25,6.73873,6.38153,0.714286,0.188058,0,28,0.626438,0.630475,0.64127,0.642857,0.640183,0.792,0.778,0.721649,0.668054,0.333333,59.5583,0,56.9644,15.7317,,4.65145,2.38534,0.409411,1.4288,,
X2/spectral_only__f0_s0,1,0.0002,1,0,0.1,0.646967,5.15063,5.15063,0.0228795,0.0251116,0,28,0.0186731,0.0223392,0.0460317,0.0507937,0.0223392,0.061,0.056,4.0432,4.06524,0.333333,14.7328,2,,,11.6758,9.61686,2.71255,,,0,100
X2/spectral_only__f0_s0,2,0.0003,1,0,0.0995973,0.643933,4.30718,4.30718,0.0435268,0.061942,0,28,0.0436206,0.0521588,0.0873016,0.0952381,0.0521588,0.094,0.105,3.62716,3.64447,0.333333,8.59968,0,,,6.3578,5.78659,2.2802,,,0,100
X2/spectral_only__f0_s0,3,0.0004,1,0,0.0991946,0.6409,4.01838,4.01838,0.0546875,0.0825893,0,28,0.0503666,0.09388,0.1,0.139683,0.09388,0.135,0.169,3.34376,3.33454,0.333333,7.02721,0,,,5.1855,4.73691,2.24429,,,0,100
X2/spectral_only__f0_s0,4,0.0005,1,0,0.0987919,0.637867,3.98037,3.98037,0.0546875,0.0965402,0,28,0.0956386,0.105021,0.150794,0.152381,0.105021,0.155,0.188,3.26541,3.2172,0.333333,6.26498,0,,,4.67381,4.16901,2.29506,,,0,100
X2/spectral_only__f0_s0,5,0.000499942,1,0,0.0983893,0.634833,3.80547,3.80547,0.09375,0.126116,0,28,0.0916322,0.138323,0.147619,0.187302,0.138323,0.159,0.215,3.12372,3.0611,0.321429,5.93889,0,,,4.49875,3.87255,2.32884,,,0,100
X2/spectral_only__f0_s0,6,0.000499768,1,0,0.0979866,0.6318,3.79157,3.79157,0.09375,0.135603,0,28,0.0946189,0.132839,0.149206,0.180952,0.138323,,,,,0.25,5.3069,0,,,4.07489,3.38171,2.25289,,,,
X2/spectral_only__f0_s0,7,0.000499477,1,0,0.0975839,0.628767,3.62398,3.62398,0.0797991,0.157924,0,28,0.11229,0.161632,0.168254,0.2,0.161632,0.196,0.24,2.94884,2.86372,0.27381,5.59371,0,,,4.50617,3.28709,2.24798,,,0,100
X2/spectral_only__f0_s0,8,0.000499071,1,0,0.0971812,0.625733,3.70302,3.70302,0.0613839,0.152344,0,28,0.110537,0.169673,0.165079,0.21746,0.169673,0.215,0.244,2.92707,2.82497,0.238095,5.55521,0,,,4.56719,3.14415,2.2754,,,0,100
X2/spectral_only__f0_s0,9,0.000498549,1,0,0.0967785,0.6227,3.58664,3.58664,0.0708705,0.169643,0,28,0.12341,0.184177,0.171429,0.234921,0.184177,0.23,0.271,2.86143,2.78379,0.178571,5.45719,0,,,4.51448,3.02807,2.25227,,,0,100
X2/spectral_only__f0_s0,10,0.000497912,1,0,0.0963758,0.619667,3.75977,3.75977,0.104353,0.15904,0,28,0.1177,0.191212,0.173016,0.234921,0.191212,0.232,0.275,2.95543,2.78316,0.22619,5.55764,0,,,4.72715,2.87374,2.24743,,,0,100
X2/spectral_only__f0_s0,11,0.000497159,1,0,0.0959732,0.616633,3.6124,3.6124,0.117746,0.179129,0,28,0.156778,0.201106,0.209524,0.250794,0.201106,0.246,0.287,2.76209,2.73598,0.190476,5.03999,0,,,4.20383,2.76104,2.1744,,,0,100
X2/spectral_only__f0_s0,12,0.000496291,1,0,0.0955705,0.6136,3.63147,3.63147,0.0842634,0.171875,0,28,0.178901,0.21472,0.225397,0.260317,0.21472,0.239,0.286,2.7698,2.68718,0.285714,6.04665,0,,,5.38998,2.70279,2.14686,,,0,100
X2/spectral_only__f0_s0,13,0.00049531,1,0,0.0951678,0.610567,3.43636,3.43636,0.12779,0.205915,0,28,0.15818,0.234994,0.204762,0.273016,0.234994,0.286,0.298,2.60718,2.63017,0.27381,5.89707,0,,,5.19936,2.75754,2.18315,,,0,100
X2/spectral_only__f0_s0,14,0.000494214,1,0,0.0947651,0.607533,3.596,3.596,0.112723,0.185826,0,28,0.172494,0.222434,0.214286,0.266667,0.234994,,,,,0.214286,5.53101,0,,,4.89109,2.54408,2.12601,,,,
X2/spectral_only__f0_s0,15,0.000493004,1,0,0.0943624,0.6045,3.49099,3.49098,0.104911,0.208705,0,28,0.173525,0.243542,0.220635,0.277778,0.243542,0.292,0.31,2.68936,2.57283,0.27381,6.3507,0,,,5.75949,2.61956,2.18218,,,0,100
X2/spectral_only__f0_s0,16,0.000491682,1,0,0.0939597,0.601467,3.34571,3.34571,0.109933,0.225446,0,28,0.211177,0.253081,0.253968,0.290476,0.253081,0.302,0.334,2.54739,2.51238,0.285714,5.98514,0,,,5.3581,2.63468,2.17576,,,0,100
X2/spectral_only__f0_s0,17,0.000490247,1,0,0.093557,0.598433,3.38762,3.38762,0.121094,0.228237,0,28,0.204686,0.25778,0.247619,0.293651,0.25778,0.301,0.345,2.5236,2.47503,0.297619,6.29322,0,,,5.74443,2.54662,2.12987,,,0,100
X2/spectral_only__f0_s0,18,0.000488701,1,0,0.0931544,0.5954,3.27743,3.27743,0.103237,0.242746,0,28,0.235912,0.275771,0.266667,0.309524,0.275771,0.321,0.35,2.4842,2.4294,0.285714,6.49016,0,,,5.93713,2.5732,2.13957,,,0,100
X2/spectral_only__f0_s0,19,0.000487044,1,0,0.0927517,0.592367,3.47502,3.47502,0.111049,0.215402,0,28,0.206191,0.266189,0.24127,0.304762,0.275771,,,,,0.285714,5.85996,0,,,5.3151,2.43814,2.12438,,,,
X2/spectral_only__f0_s0,20,0.000485277,1,0,0.092349,0.589333,3.40739,3.40739,0.149554,0.225446,0,28,0.231095,0.267682,0.274603,0.303175,0.275771,,,,,0.285714,6.09029,0,,,5.5905,2.38567,2.09835,,,,
X2/spectral_only__f0_s0,21,0.000483401,1,0,0.0919463,0.5863,3.40682,3.40682,0.140067,0.241071,0,28,0.180007,0.279463,0.230159,0.312698,0.279463,0.313,0.362,2.63613,2.37515,0.309524,6.96823,0,,,6.50542,2.44417,2.15915,,,0,100
X2/spectral_only__f0_s0,22,0.000481416,1,0,0.0915436,0.583267,3.38909,3.38909,0.11942,0.236607,0,28,0.202805,0.289656,0.249206,0.322222,0.289656,0.329,0.362,2.44984,2.34897,0.321429,6.74324,0,,,6.25464,2.47466,2.18212,,,0,100
X2/spectral_only__f0_s0,23,0.000479324,1,0,0.0911409,0.580233,3.38755,3.38755,0.101004,0.232143,0,28,0.235222,0.28978,0.271429,0.322222,0.28978,0.325,0.378,2.40477,2.33695,0.285714,6.67361,0,,,6.24487,2.31036,2.11387,,,0,100
X2/spectral_only__f0_s0,24,0.000477125,1,0,0.0907383,0.5772,3.40163,3.40163,0.0904018,0.236607,0,28,0.265147,0.296206,0.295238,0.330159,0.296206,0.367,0.381,2.32359,2.3122,0.321429,6.34583,0,,,5.90091,2.31279,2.10152,,,0,100
X2/spectral_only__f0_s0,25,0.000474821,1,0,0.0903356,0.574167,3.36057,3.36057,0.136161,0.236049,0,28,0.242778,0.295454,0.287302,0.328571,0.296206,0.353,0.393,2.41446,2.29109,0.285714,6.21538,0,,,5.75628,2.31254,2.12905,,,0,100
X2/spectral_only__f0_s0,26,0.000472412,1,0,0.0899329,0.571133,3.3196,3.3196,0.148996,0.253906,0,28,0.278167,0.298676,0.309524,0.330159,0.298676,0.359,0.391,2.32169,2.27214,0.321429,6.38351,0,,,5.96463,2.25951,2.12854,,,0,100
X2/spectral_only__f0_s0,27,0.000469901,1,0,0.0895302,0.5681,3.17189,3.17189,0.135603,0.294085,0,28,0.253302,0.292747,0.284127,0.32381,0.298676,,,,,0.333333,7.14697,0,,,6.76297,2.27459,2.05182,,,,
X2/spectral_only__f0_s0,28,0.000467287,1,0,0.0891275,0.565067,3.3366,3.3366,0.175781,0.257812,0,28,0.266005,0.298477,0.306349,0.330159,0.298676,,,,,0.333333,7.55593,0,,,7.19007,2.26593,2.09179,,,,
X2/spectral_only__f0_s0,29,0.000464572,1,0,0.0887248,0.562033,3.31221,3.31221,0.138393,0.257812,0,28,0.275815,0.306591,0.315873,0.336508,0.306591,0.383,0.404,2.21619,2.19245,0.309524,6.9297,0,,,6.53971,2.24656,2.04916,,,0,100
X2/spectral_only__f0_s0,30,0.000461758,1,0,0.0883221,0.559,3.2846,3.2846,0.109933,0.270647,0,28,0.262482,0.310569,0.298413,0.339683,0.310569,0.376,0.419,2.25687,2.16552,0.321429,7.51104,0,,,7.13979,2.29424,2.08719,,,0,100
X2/spectral_only__f0_s0,31,0.000458846,1,0,0.0879195,0.555967,3.19828,3.19828,0.168527,0.283482,0,28,0.286043,0.325204,0.320635,0.353968,0.325204,0.383,0.423,2.18013,2.13857,0.333333,7.85198,0,,,7.4891,2.29668,2.09996,,,0,100
X2/spectral_only__f0_s0,32,0.000455836,1,0,0.0875168,0.552933,3.1659,3.1659,0.195871,0.301897,0,28,0.299797,0.326384,0.322222,0.355556,0.326384,0.393,0.436,2.2537,2.10604,0.333333,8.2096,0,,,7.86738,2.29254,2.03378,,,0,100
X2/spectral_only__f0_s0,33,0.000452732,1,0,0.0871141,0.5499,3.31333,3.31333,0.175223,0.266183,0,28,0.305489,0.325625,0.333333,0.355556,0.326384,,,,,0.321429,7.314,0,,,6.97597,2.17315,2.09179,,,,
X2/spectral_only__f0_s0,34,0.000449533,1,0,0.0867114,0.546867,3.23734,3.23734,0.167411,0.279576,0,28,0.299424,0.326092,0.320635,0.355556,0.326384,,,,,0.333333,7.34912,0,,,7.00679,2.18844,2.05165,,,,
X2/spectral_only__f0_s0,35,0.000446242,1,0,0.0863087,0.543833,3.1716,3.1716,0.124442,0.28683,0,28,0.277109,0.32659,0.309524,0.355556,0.32659,0.42,0.448,2.19534,2.05857,0.333333,7.76118,0,,,7.42585,2.22928,2.0477,,,0,100
X2/spectral_only__f0_s0,36,0.00044286,1,0,0.085906,0.5408,3.17197,3.17197,0.198103,0.315848,0,28,0.286549,0.325614,0.322222,0.353968,0.32659,,,,,0.333333,7.44108,0,,,7.1147,2.15551,2.03163,,,,
X2/spectral_only__f0_s0,37,0.000439388,1,0,0.0855034,0.537767,3.07003,3.07003,0.158482,0.329241,0,28,0.312142,0.334205,0.347619,0.361905,0.334205,0.44,0.453,2.01587,2.01665,0.321429,8.33898,0,,,8.03244,2.1954,2.01944,,,0,100
X2/spectral_only__f0_s0,38,0.000435829,1,0,0.0851007,0.534733,2.98306,2.98306,0.132254,0.345424,0,28,0.309004,0.347582,0.339683,0.374603,0.347582,0.433,0.466,1.99583,1.98205,0.333333,9.36514,0,,,9.08537,2.22057,1.9487,,,0,100
X2/spectral_only__f0_s0,39,0.000432184,1,0,0.084698,0.5317,3.2361,3.23611,0.202567,0.308036,0,28,0.338185,0.348367,0.363492,0.374603,0.348367,0.464,0.463,2.00654,1.9627,0.333333,8.80393,0,,,8.51897,2.17924,2.04205,,,0,100
X2/spectral_only__f0_s0,40,0.000428454,1,0,0.0842953,0.528667,3.13749,3.13749,0.121652,0.297433,0,28,0.339903,0.351906,0.363492,0.377778,0.351906,0.482,0.473,2.00184,1.94186,0.333333,8.71175,0,,,8.42483,2.18503,2.01418,,,0,100
X2/spectral_only__f0_s0,41,0.000424642,1,0,0.0838926,0.525633,3.09288,3.09288,0.248326,0.333705,0,28,0.305507,0.350381,0.342857,0.37619,0.351906,,,,,0.333333,8.52978,0,,,8.24876,2.12787,1.97164,,,,
X2/spectral_only__f0_s0,42,0.000420749,1,0,0.0834899,0.5226,3.11844,3.11844,0.185268,0.323661,0,28,0.323508,0.354464,0.360317,0.380952,0.354464,0.462,0.477,1.91237,1.89969,0.333333,8.58447,0,,,8.29841,2.1505,2.01342,,,0,100
X2/spectral_only__f0_s0,43,0.000416777,1,0,0.0830872,0.519567,3.08783,3.08783,0.201451,0.324219,0,28,0.346302,0.354553,0.37619,0.38254,0.354553,0.488,0.488,1.81615,1.87872,0.333333,8.19199,0,,,7.89396,2.15733,2.00286,,,0,100
X2/spectral_only__f0_s0,44,0.000412728,1,0,0.0826846,0.516533,2.92017,2.92017,0.188616,0.357701,0,28,0.350069,0.359635,0.377778,0.387302,0.359635,0.489,0.493,1.87352,1.84892,0.333333,9.76526,0,,,9.49381,2.23773,1.99874,,,0,100
X2/spectral_only__f0_s0,45,0.000408604,1,0,0.0822819,0.5135,3.02307,3.02307,0.233259,0.335379,0,28,0.32948,0.361393,0.366667,0.388889,0.361393,0.497,0.5,1.85076,1.82525,0.333333,8.62997,0,,,8.33366,2.19871,1.98539,,,0,100
X2/spectral_only__f0_s0,46,0.000404406,1,0,0.0818792,0.510467,2.88659,2.8866,0.157366,0.345982,0,28,0.353557,0.368676,0.38254,0.393651,0.368676,0.483,0.515,1.85007,1.79996,0.333333,9.93145,0,,,9.67497,2.1991,1.94518,,,0,100
X2/spectral_only__f0_s0,47,0.000400137,1,0,0.0814765,0.507433,2.99151,2.99151,0.194754,0.344308,0,28,0.341848,0.370507,0.377778,0.395238,0.370507,0.495,0.514,1.86808,1.78007,0.333333,9.88113,0,,,9.62853,2.16606,1.9692,,,0,100
X2/spectral_only__f0_s0,48,0.000395799,1,0,0.0810738,0.5044,2.82139,2.82139,0.213728,0.371652,0,28,0.358409,0.364468,0.388889,0.390476,0.370507,,,,,0.333333,11.2909,0,,,11.0426,2.27645,2.03775,,,,
X2/spectral_only__f0_s0,49,0.000391394,1,0,0.0806711,0.501367,3.09163,3.09163,0.199219,0.338728,0,28,0.350292,0.366045,0.384127,0.393651,0.370507,,,,,0.333333,10.4084,0,,,10.1676,2.18763,2.01496,,,,
X2/spectral_only__f0_s0,50,0.000386923,1,0,0.0802685,0.498333,2.7952,2.7952,0.22154,0.40625,0,28,0.351296,0.374663,0.37619,0.4,0.374663,0.504,0.525,1.74042,1.71742,0.333333,9.7328,0,,,9.48001,2.15212,1.9084,,,0,100
X2/spectral_only__f0_s0,51,0.000382389,1,0,0.0798658,0.4953,3.07623,3.07623,0.180804,0.329799,0,28,0.352156,0.381607,0.38254,0.407937,0.381607,0.497,0.523,1.78646,1.70225,0.333333,10.2797,0,,,10.0413,2.13734,1.9646,,,0,100
X2/spectral_only__f0_s0,52,0.000377795,1,0,0.0794631,0.492267,2.87128,2.87128,0.208705,0.368304,0,28,0.357579,0.379907,0.385714,0.406349,0.381607,,,,,0.333333,9.94702,0,,,9.71332,2.09353,1.88917,,,,
X2/spectral_only__f0_s0,53,0.000373141,1,0,0.0790604,0.489233,2.93842,2.93842,0.226004,0.369978,0,28,0.369759,0.38724,0.401587,0.414286,0.38724,0.507,0.536,1.65564,1.66766,0.333333,10.1478,1,,,9.92362,2.09582,1.89358,,,0,100
X2/spectral_only__f0_s0,54,0.000368431,1,0,0.0786577,0.4862,3.05323,3.05323,0.222656,0.336496,0,28,0.356239,0.391887,0.38254,0.41746,0.391887,0.517,0.544,1.74512,1.65094,0.333333,11.7816,0,,,11.5692,2.14394,1.92519,,,0,100
X2/spectral_only__f0_s0,55,0.000363667,1,0,0.078255,0.483167,2.74925,2.74925,0.205357,0.386161,0,28,0.382716,0.398151,0.404762,0.425397,0.398151,0.527,0.548,1.65224,1.63271,0.333333,10.8804,0,,,10.6554,2.15229,1.86582,,,0,100
X2/spectral_only__f0_s0,56,0.00035885,1,0,0.0778523,0.480133,2.95612,2.95612,0.226004,0.353237,0,28,0.384256,0.394776,0.403175,0.422222,0.398151,,,,,0.333333,10.6468,0,,,10.4034,2.17332,1.93422,,,,
X2/spectral_only__f0_s0,57,0.000353983,1,0,0.0774497,0.4771,3.07595,3.07595,0.125,0.330915,0,28,0.355512,0.399496,0.387302,0.425397,0.399496,0.523,0.547,1.77536,1.60764,0.333333,10.1745,0,,,9.93972,2.13564,1.961,,,0,100
X2/spectral_only__f0_s0,58,0.000349069,1,0,0.077047,0.474067,2.84052,2.84052,0.171317,0.384487,0,28,0.372143,0.402076,0.396825,0.428571,0.402076,0.55,0.554,1.64099,1.59391,0.333333,10.4925,0,,,10.2643,2.11081,1.8673,,,0,100
X2/spectral_only__f0_s0,59,0.000344109,1,0,0.0766443,0.471033,2.8438,2.8438,0.250558,0.401228,0,28,0.406454,0.405857,0.428571,0.431746,0.406454,0.551,0.563,1.69198,1.57466,0.333333,10.7053,0,,,10.4747,2.15794,1.8995,,,0,100
X2/spectral_only__f0_s0,60,0.000339107,1,0,0.0762416,0.468,2.94154,2.94154,0.247768,0.371094,0,28,0.375295,0.409782,0.396825,0.434921,0.409782,0.531,0.563,1.71751,1.56138,0.333333,10.9326,0,,,10.7132,2.13464,1.94633,,,0,100
X2/spectral_only__f0_s0,61,0.000334063,1,0,0.0758389,0.464967,2.97574,2.97574,0.184152,0.364955,0,28,0.365024,0.407914,0.395238,0.433333,0.409782,,,,,0.333333,10.6083,0,,,10.3968,2.06351,1.9347,,,,
X2/spectral_only__f0_s0,62,0.000328982,1,0,0.0754362,0.461933,2.74178,2.74178,0.131138,0.388393,0,28,0.397718,0.409062,0.42381,0.434921,0.409782,,,,,0.333333,10.5862,0,,,10.361,2.1319,1.8989,,,,
X2/spectral_only__f0_s0,63,0.000323864,1,0,0.0750336,0.4589,2.73288,2.73288,0.238281,0.40625,0,28,0.394482,0.41698,0.419048,0.442857,0.41698,0.577,0.576,1.55563,1.51953,0.333333,11.2349,0,,,11.0216,2.12573,1.86469,,,0,100
X2/spectral_only__f0_s0,64,0.000318713,1,0,0.0746309,0.455867,2.77812,2.77812,0.219308,0.412946,0,28,0.42732,0.421118,0.447619,0.447619,0.42732,0.607,0.582,1.48972,1.50432,0.333333,11.491,0,,,11.2899,2.09818,1.86573,,,0,100
X2/spectral_only__f0_s0,65,0.000313531,1,0,0.0742282,0.452833,2.86899,2.86899,0.251674,0.420759,0,28,0.416689,0.421448,0.439683,0.447619,0.42732,,,,,0.333333,10.3777,0,,,10.1736,2.00933,1.82644,,,,
X2/spectral_only__f0_s0,66,0.000308321,1,0,0.0738255,0.4498,2.83646,2.83646,0.210938,0.395089,0,28,0.386294,0.425945,0.41746,0.452381,0.42732,,,,,0.333333,11.699,0,,,11.4933,2.10997,1.86236,,,,
X2/spectral_only__f0_s0,67,0.000303084,1,0,0.0734228,0.446767,2.81984,2.81984,0.285156,0.413504,0,28,0.40377,0.432187,0.433333,0.45873,0.432187,0.595,0.588,1.45598,1.46458,0.333333,13.28,0,,,13.1095,2.05265,1.83758,,,0,100
X2/spectral_only__f0_s0,68,0.000297823,1,0,0.0730201,0.443733,2.77459,2.77459,0.171317,0.424665,0,28,0.39157,0.432866,0.419048,0.460317,0.432866,0.555,0.588,1.54775,1.44775,0.333333,10.6382,0,,,10.4267,2.06841,1.77999,,,0,100
X2/spectral_only__f0_s0,69,0.000292541,1,0,0.0726174,0.4407,2.70458,2.70458,0.171317,0.416853,0,28,0.418444,0.440979,0.438095,0.465079,0.440979,0.608,0.597,1.38803,1.43469,0.333333,12.7049,0,,,12.5088,2.14699,1.87706,,,0,100
X2/spectral_only__f0_s0,70,0.00028724,1,0,0.0722148,0.437667,2.89135,2.89135,0.252232,0.405134,0,28,0.415989,0.438303,0.431746,0.463492,0.440979,,,,,0.333333,11.9956,0,,,11.7998,2.1027,1.92207,,,,
X2/spectral_only__f0_s0,71,0.000281923,1,0,0.0718121,0.434633,2.81762,2.81762,0.223772,0.400112,0,28,0.418245,0.446676,0.439683,0.469841,0.446676,0.594,0.608,1.46706,1.41535,0.333333,13.7362,0,,,13.5638,2.10863,1.89779,,,0,100
X2/spectral_only__f0_s0,72,0.000276592,1,0,0.0714094,0.4316,2.82897,2.82897,0.207589,0.419643,0,28,0.430057,0.447235,0.444444,0.469841,0.447235,0.604,0.609,1.46026,1.40786,0.333333,14.2159,0,,,14.053,2.0868,1.87546,,,0,100
X2/spectral_only__f0_s0,73,0.00027125,1,0,0.0710067,0.428567,2.78055,2.78055,0.176339,0.420759,0,28,0.431484,0.450179,0.465079,0.473016,0.450179,0.594,0.611,1.39288,1.39988,0.333333,11.4848,0,,,11.2922,2.03478,1.81878,,,0,100
X2/spectral_only__f0_s0,74,0.000265899,1,0,0.070604,0.425533,2.66827,2.66826,0.281808,0.439732,0,28,0.434861,0.447958,0.45873,0.469841,0.450179,,,,,0.333333,13.2407,0,,,13.057,2.14566,1.82621,,,,
X2/spectral_only__f0_s0,75,0.000260542,1,0,0.0702013,0.4225,2.73864,2.73864,0.189174,0.412388,0,28,0.440662,0.45256,0.461905,0.473016,0.45256,0.633,0.618,1.37803,1.37493,0.333333,12.9388,0,,,12.7535,2.12011,1.85157,,,0,100
X2/spectral_only__f0_s0,76,0.000255181,1,0,0.0697987,0.419467,2.81673,2.81673,0.162388,0.402344,0,28,0.431827,0.449562,0.452381,0.471429,0.45256,,,,,0.333333,11.0538,0,,,10.8504,2.055,1.80286,,,,
X2/spectral_only__f0_s0,77,0.000249819,1,0,0.069396,0.416433,2.77884,2.77884,0.186384,0.408482,0,28,0.445874,0.453036,0.466667,0.473016,0.453036,0.632,0.625,1.40103,1.35419,0.333333,14.193,0,,,14.0261,2.11002,1.87412,,,0,100
X2/spectral_only__f0_s0,78,0.000244458,1,0,0.0689933,0.4134,2.7548,2.7548,0.191964,0.438616,0,28,0.422673,0.456801,0.439683,0.47619,0.456801,0.625,0.626,1.41218,1.34341,0.333333,12.1662,0,,,11.9805,2.03698,1.80144,,,0,100
X2/spectral_only__f0_s0,79,0.000239101,1,0,0.0685906,0.410367,2.85665,2.85665,0.188058,0.40625,0,28,0.425558,0.461348,0.452381,0.479365,0.461348,0.609,0.628,1.385,1.33645,0.333333,12.2723,0,,,12.0946,2.03621,1.82067,,,0,100
X2/spectral_only__f0_s0,80,0.00023375,1,0,0.0681879,0.407333,2.67445,2.67445,0.256138,0.449219,0,28,0.441509,0.468194,0.468254,0.484127,0.468194,0.627,0.633,1.30569,1.32775,0.333333,11.246,0,,,11.0523,2.03163,1.80236,,,0,100
X2/spectral_only__f0_s0,81,0.000228408,1,0,0.0677852,0.4043,2.59367,2.59367,0.280134,0.446429,0,28,0.437631,0.47171,0.45873,0.487302,0.47171,0.632,0.639,1.31367,1.31019,0.333333,12.8098,0,,,12.6201,2.12666,1.76308,,,0,100
X2/spectral_only__f0_s0,82,0.000223077,1,0,0.0673826,0.401267,2.70109,2.70109,0.274554,0.432478,0,28,0.439216,0.468813,0.460317,0.484127,0.47171,,,,,0.333333,12.251,0,,,12.0641,2.05707,1.80221,,,,
X2/spectral_only__f0_s0,83,0.00021776,1,0,0.0669799,0.398233,2.7228,2.7228,0.260603,0.441406,0,28,0.465221,0.472451,0.479365,0.488889,0.472451,0.66,0.647,1.23755,1.29102,0.333333,11.2868,0,,,11.0927,2.02862,1.77904,,,0,100
X2/spectral_only__f0_s0,84,0.000212459,1,0,0.0665772,0.3952,2.65713,2.65713,0.277344,0.435268,0,28,0.465291,0.471824,0.479365,0.488889,0.472451,,,,,0.333333,11.8675,0,,,11.6736,2.08423,1.79359,,,,
X2/spectral_only__f0_s0,85,0.000207177,1,0,0.0661745,0.392167,2.49259,2.49259,0.239397,0.488839,0,28,0.458426,0.470017,0.480952,0.485714,0.472451,,,,,0.333333,12.3574,0,,,12.1708,2.0903,1.7495,,,,
X2/spectral_only__f0_s0,86,0.000201916,1,0,0.0657718,0.389133,2.46613,2.46613,0.25,0.473772,0,28,0.481489,0.472898,0.5,0.488889,0.481489,0.668,0.662,1.20542,1.2508,0.333333,12.6714,0,,,12.4834,2.12385,1.71273,,,0,100
X2/spectral_only__f0_s0,87,0.000196679,1,0,0.0653691,0.3861,2.83859,2.83859,0.163504,0.390067,0,28,0.460932,0.479064,0.477778,0.495238,0.481489,,,,,0.333333,11.6881,0,,,11.4948,2.07915,1.82396,,,,
X2/spectral_only__f0_s0,88,0.000191469,1,0,0.0649664,0.383067,2.52006,2.52006,0.294085,0.479353,0,28,0.44268,0.482199,0.469841,0.498413,0.482199,0.635,0.666,1.24233,1.22942,0.333333,12.4188,0,,,12.2341,2.08167,1.72167,,,0,100
X2/spectral_only__f0_s0,89,0.000186287,1,0,0.0645638,0.380033,2.69143,2.69143,0.234375,0.441406,0,28,0.476168,0.48071,0.490476,0.496825,0.482199,,,,,0.333333,12.705,0,,,12.5203,2.08518,1.79741,,,,
X2/spectral_only__f0_s0,90,0.000181136,1,0,0.0641611,0.377,2.31303,2.31303,0.230469,0.517857,0,28,0.463781,0.481425,0.48254,0.496825,0.482199,,,,,0.333333,12.6649,0,,,12.4672,2.18902,1.72488,,,,
X2/spectral_only__f0_s0,91,0.000176018,1,0,0.0637584,0.373967,2.50499,2.50499,0.290179,0.482143,0,28,0.457961,0.481151,0.47619,0.496825,0.482199,,,,,0.333333,12.184,0,,,12.0016,2.04732,1.69551,,,,
X2/spectral_only__f0_s0,92,0.000170937,1,0,0.0633557,0.370933,2.46786,2.46786,0.231585,0.495536,0,28,0.467616,0.479504,0.480952,0.495238,0.482199,,,,,0.333333,12.5879,0,,,12.4077,2.07476,1.68287,,,,
X2/spectral_only__f0_s0,93,0.000165893,1,0,0.062953,0.3679,2.56203,2.56203,0.233817,0.486049,0,28,0.443941,0.481976,0.471429,0.496825,0.482199,,,,,0.333333,14.0391,0,,,13.8721,2.10148,1.71774,,,,
X2/spectral_only__f0_s0,94,0.000160891,1,0,0.0625503,0.364867,2.59716,2.59716,0.250558,0.478795,0,28,0.467371,0.481976,0.48254,0.496825,0.482199,,,,,0.333333,12.1186,0,,,11.9375,2.02252,1.70672,,,,
X2/spectral_only__f0_s0,95,0.000155931,1,0,0.0621477,0.361833,2.75599,2.75599,0.239955,0.445313,0,28,0.458853,0.483336,0.477778,0.498413,0.483336,0.688,0.693,1.15169,1.16551,0.333333,11.7696,0,,,11.5879,2.0236,1.77491,,,0,100
X2/spectral_only__f0_s0,96,0.000151017,1,0,0.061745,0.3588,2.5714,2.5714,0.260603,0.468192,0,28,0.471887,0.487977,0.490476,0.503175,0.487977,0.679,0.695,1.18316,1.15731,0.333333,12.9825,0,,,12.8035,2.08915,1.72416,,,0,100
X2/spectral_only__f0_s0,97,0.00014615,1,0,0.0613423,0.355767,2.4691,2.4691,0.217634,0.512835,0,28,0.490357,0.487663,0.506349,0.503175,0.490357,0.701,0.698,1.13698,1.15061,0.333333,14.952,0,,,14.8045,2.04443,1.69522,,,0,100
X2/spectral_only__f0_s0,98,0.000141333,1,0,0.0609396,0.352733,2.4905,2.4905,0.238839,0.498326,0,28,0.475088,0.487605,0.495238,0.503175,0.490357,,,,,0.333333,12.0237,0,,,11.8277,2.08876,1.70042,,,,
X2/spectral_only__f0_s0,99,0.000136569,1,0,0.0605369,0.3497,2.69474,2.69474,0.254464,0.453683,0,28,0.474233,0.484519,0.492063,0.5,0.490357,,,,,0.333333,12.6079,0,,,12.4303,2.04887,1.73195,,,,
X2/spectral_only__f0_s0,100,0.000131859,1,0,0.0601342,0.346667,2.73669,2.73669,0.266741,0.454799,0,28,0.46712,0.487461,0.48254,0.503175,0.490357,0.7,0.7,1.11958,1.13473,0.333333,12.3903,0,,,12.2153,2.00886,1.76994,,,0,100
X2/spectral_only__f0_s0,101,0.000127205,1,0,0.0597315,0.343633,2.63544,2.63544,0.229911,0.473214,0,28,0.492788,0.488678,0.509524,0.504762,0.492788,0.705,0.704,1.08824,1.13031,0.333333,13.3127,0,,,13.1474,2.00908,1.69017,,,0,100
X2/spectral_only__f0_s0,102,0.000122611,1,0,0.0593289,0.3406,2.49139,2.49139,0.234933,0.502232,0,28,0.488716,0.489899,0.503175,0.504762,0.492788,,,,,0.333333,12.8371,0,,,12.6633,2.0291,1.66067,,,,
X2/spectral_only__f0_s0,103,0.000118077,1,0,0.0589262,0.337567,2.70275,2.70275,0.266183,0.454241,0,28,0.49076,0.492617,0.506349,0.507937,0.492788,,,,,0.333333,11.4353,0,,,11.25,2.01375,1.74976,,,,
X2/spectral_only__f0_s0,104,0.000113606,1,0,0.0585235,0.334533,2.40819,2.40819,0.272879,0.516741,0,28,0.501195,0.492837,0.511111,0.507937,0.501195,0.723,0.716,1.02942,1.11355,0.333333,11.273,0,,,11.0815,2.03886,1.65404,,,0,100
X2/spectral_only__f0_s0,105,0.000109201,1,0,0.0581208,0.3315,2.51326,2.51326,0.273996,0.472656,0,28,0.478136,0.493674,0.493651,0.509524,0.501195,,,,,0.333333,14.0163,0,,,13.8512,2.08411,1.68938,,,,
X2/spectral_only__f0_s0,106,0.000104863,1,0,0.0577181,0.328467,2.31215,2.31215,0.240513,0.530134,0,28,0.499475,0.497876,0.509524,0.512698,0.501195,,,,,0.333333,12.6087,0,,,12.427,2.07683,1.6116,,,,
X2/spectral_only__f0_s0,107,0.000100594,1,0,0.0573154,0.325433,2.38943,2.38943,0.359933,0.520089,0,28,0.487141,0.496451,0.5,0.511111,0.501195,,,,,0.333333,12.7355,0,,,12.552,2.08775,1.66601,,,,
X2/spectral_only__f0_s0,108,9.63962e-05,1,0,0.0569128,0.3224,2.32992,2.32992,0.254464,0.526786,0,28,0.510059,0.499031,0.519048,0.514286,0.510059,0.74,0.728,1.01122,1.07651,0.333333,13.2815,0,,,13.1053,2.0882,1.60783,,,0,100
X2/spectral_only__f0_s0,109,9.22719e-05,1,0,0.0565101,0.319367,2.45721,2.45721,0.252232,0.49442,0,28,0.492696,0.500809,0.504762,0.515873,0.510059,,,,,0.333333,14.4042,0,,,14.2374,2.13278,1.73605,,,,
X2/spectral_only__f0_s0,110,8.82228e-05,1,0,0.0561074,0.316333,2.45592,2.45592,0.254464,0.504464,0,28,0.497848,0.504442,0.514286,0.519048,0.510059,,,,,0.333333,13.3431,0,,,13.1692,2.08226,1.68014,,,,
X2/spectral_only__f0_s0,111,8.42509e-05,0,0,0.0557047,0.3133,1.74427,1.74427,0.598772,0.598772,0,28,0.503943,0.502678,0.514286,0.51746,0.510059,,,,,0.333333,12.6431,0,,,12.4358,2.23496,1.55563,,,,
X2/spectral_only__f0_s0,112,8.03579e-05,0,0.0020458,0.055302,0.310267,1.7272,1.7272,0.613839,0.599888,0,28,0.508965,0.501748,0.520635,0.515873,0.510059,,,,,0.333333,12.4023,0,,,12.1769,2.31225,1.54839,,,,
X2/spectral_only__f0_s0,113,7.65457e-05,0,0.00812741,0.0548993,0.307233,1.81067,1.81067,0.613839,0.556362,0,28,0.517228,0.508023,0.526984,0.520635,0.517228,0.769,0.742,0.84441,1.01536,0.333333,13.5412,0,,,13.3228,2.39194,1.57643,,,0,100
X2/spectral_only__f0_s0,114,7.28161e-05,0,0.0180789,0.0544966,0.3042,1.97124,1.97124,0.61942,0.496652,0,28,0.508247,0.51005,0.520635,0.522222,0.517228,,,,,0.333333,16.1454,0,,,15.9205,2.63565,1.66764,,,,
X2/spectral_only__f0_s0,115,6.91709e-05,0,0.0316289,0.054094,0.301167,2.23014,2.23015,0.610491,0.436942,0,28,0.507771,0.513676,0.51746,0.525397,0.517228,,,,,0.333333,16.6296,0,,,16.3773,2.83489,1.7518,,,,
X2/spectral_only__f0_s0,116,6.56117e-05,0,0.0484078,0.0536913,0.298133,2.57425,2.57425,0.594308,0.347656,0,28,0.513123,0.513483,0.52381,0.52381,0.517228,,,,,0.333333,17.7808,0,,,17.4921,3.12786,1.90082,,,,
X2/spectral_only__f0_s0,117,6.21402e-05,0,0.0679578,0.0532886,0.2951,2.87379,2.87379,0.632812,0.291853,0,28,0.51018,0.513528,0.520635,0.52381,0.517228,,,,,0.333333,22.5426,0,,,22.2608,3.4871,1.98631,,,,
X2/spectral_only__f0_s0,118,5.87581e-05,0,0.0897457,0.0528859,0.292067,3.44808,3.44808,0.605469,0.195871,0,28,0.515687,0.512543,0.530159,0.52381,0.517228,,,,,0.333333,23.834,0,,,23.5162,3.80559,2.14558,,,,
X2/spectral_only__f0_s0,119,5.5467e-05,0,0.113177,0.0524832,0.289033,3.90791,3.90791,0.604353,0.15904,0,28,0.518395,0.512754,0.528571,0.52381,0.518395,0.771,0.758,0.73426,0.89555,0.333333,25.1781,0,,,24.8207,4.17178,2.21908,,,0,100
X2/spectral_only__f0_s0,120,5.22683e-05,0,0.137613,0.0520805,0.286,4.39032,4.39032,0.625,0.130022,0,28,0.512734,0.512766,0.531746,0.52381,0.518395,,,,,0.333333,30.9087,0,,,30.5781,4.39312,2.2739,,,,
X2/spectral_only__f0_s0,121,4.91636e-05,0,0.162387,0.0516779,0.282967,4.93803,4.93804,0.607143,0.0948661,0,28,0.510903,0.517827,0.526984,0.528571,0.518395,,,,,0.333333,34.2909,1,,,33.9523,4.68558,2.34528,,,,
X2/spectral_only__f0_s0,122,4.61544e-05,0,0.186823,0.0512752,0.279933,5.56889,5.56889,0.600446,0.0652902,0,28,0.527463,0.520595,0.539683,0.531746,0.527463,0.757,0.758,0.73777,0.840953,0.333333,32.4015,0,,,32.0225,4.83273,2.37922,,,0,100
X2/spectral_only__f0_s0,123,4.3242e-05,0,0.210254,0.0508725,0.2769,6.038,6.038,0.59933,0.0563616,0,28,0.520278,0.521766,0.538095,0.533333,0.527463,,,,,0.333333,33.1688,0,,,32.763,5.08826,2.42274,,,,
X2/spectral_only__f0_s0,124,4.04278e-05,0,0.232042,0.0504698,0.273867,6.36883,6.36883,0.610491,0.0485491,0,28,0.508074,0.52177,0.526984,0.533333,0.527463,,,,,0.333333,33.9153,0,,,33.4972,5.20883,2.43797,,,,
X2/spectral_only__f0_s0,125,3.77132e-05,0,0.251592,0.0500671,0.270833,6.74076,6.74076,0.59654,0.0446429,0,28,0.518976,0.525136,0.536508,0.536508,0.527463,0.746,0.757,0.768432,0.800018,0.333333,39.0831,0,,,38.6963,5.34347,2.45481,,,0,100
X2/spectral_only__f0_s0,126,3.50995e-05,0,0.268371,0.0496644,0.2678,7.04183,7.04183,0.600446,0.0329241,0,28,0.513837,0.526711,0.534921,0.538095,0.527463,,,,,0.333333,37.7362,0,,,37.3454,5.31552,2.44292,,,,
X2/spectral_only__f0_s0,127,3.25877e-05,0,0.281921,0.0492617,0.264767,7.20328,7.20328,0.614397,0.0379464,0,28,0.511046,0.529605,0.528571,0.54127,0.529605,0.746,0.759,0.779916,0.78188,0.333333,39.9992,0,,,39.6018,5.47161,2.47969,,,0,100
X2/spectral_only__f0_s0,128,3.01792e-05,0,0.291873,0.0488591,0.261733,7.42522,7.42522,0.601562,0.0412946,0,28,0.510882,0.530631,0.531746,0.542857,0.530631,0.752,0.756,0.779482,0.774671,0.333333,39.6786,0,,,39.2666,5.59647,2.49964,,,0,100
X2/spectral_only__f0_s0,129,2.78751e-05,0,0.297954,0.0484564,0.2587,7.52849,7.52849,0.602121,0.0295759,0,28,0.519418,0.52874,0.534921,0.54127,0.530631,,,,,0.333333,39.6748,0,,,39.2737,5.5368,2.47313,,,,
X2/spectral_only__f0_s0,130,2.56764e-05,0,0.3,0.0480537,0.255667,7.55168,7.55168,0.599888,0.0362723,0,28,0.515496,0.52874,0.531746,0.54127,0.530631,,,,,0.333333,41.3957,0,,,40.9921,5.6339,2.4905,,,,
X2/spectral_only__f0_s0,131,2.35841e-05,0,0.3,0.047651,0.252633,7.42558,7.42558,0.608259,0.0530134,0,28,0.508194,0.531733,0.526984,0.544444,0.531733,0.76,0.757,0.781478,0.759424,0.333333,40.3995,0,,,39.9952,5.58416,2.4464,,,0,100
X2/spectral_only__f0_s0,132,2.15994e-05,0,0.3,0.0472483,0.25,7.44336,7.44336,0.606027,0.046317,0,28,0.521,0.532789,0.539683,0.546032,0.532789,0.748,0.757,0.796192,0.756357,0.333333,39.2827,0,,,38.8604,5.64502,2.46203,,,0,100
X2/spectral_only__f0_s0,133,1.9723e-05,0,0.3,0.0468456,0.25,7.41309,7.41309,0.606585,0.046317,0,28,0.517204,0.534094,0.534921,0.547619,0.534094,0.754,0.755,0.794133,0.754503,0.333333,40.9426,0,,,40.5407,5.61626,2.46044,,,0,100
X2/spectral_only__f0_s0,134,1.79558e-05,0,0.3,0.046443,0.25,7.40907,7.40907,0.614397,0.0535714,0,28,0.521879,0.535131,0.536508,0.549206,0.535131,0.753,0.755,0.783674,0.753298,0.333333,42.1285,0,,,41.7206,5.71589,2.48204,,,0,100
X2/spectral_only__f0_s0,135,1.62988e-05,0,0.3,0.0460403,0.25,7.45454,7.45454,0.613839,0.0407366,0,28,0.509037,0.535235,0.526984,0.549206,0.535235,0.753,0.754,0.795547,0.752365,0.333333,43.4645,0,,,43.0705,5.73525,2.47833,,,0,100
X2/spectral_only__f0_s0,136,1.47526e-05,0,0.3,0.0456376,0.25,7.36871,7.36871,0.614397,0.0518973,0,28,0.51717,0.532219,0.534921,0.547619,0.535235,,,,,0.333333,40.705,0,,,40.286,5.73297,2.47816,,,,
X2/spectral_only__f0_s0,137,1.33181e-05,0,0.3,0.0452349,0.25,7.40445,7.40445,0.612165,0.0585938,0,28,0.519474,0.530286,0.536508,0.546032,0.535235,,,,,0.333333,41.814,0,,,41.4032,5.75175,2.45435,,,,
X2/spectral_only__f0_s0,138,1.19958e-05,0,0.3,0.0448322,0.25,7.36128,7.36128,0.628348,0.0524554,0,28,0.521032,0.528598,0.536508,0.544444,0.535235,,,,,0.333333,42.8751,0,,,42.4815,5.697,2.45961,,,,
X2/spectral_only__f0_s0,139,1.07864e-05,0,0.3,0.0444295,0.25,7.38924,7.38924,0.606585,0.0597098,0,28,0.517,0.525934,0.533333,0.54127,0.535235,,,,,0.333333,42.0539,0,,,41.6535,5.64944,2.42832,,,,
X2/spectral_only__f0_s0,140,9.69048e-06,0,0.3,0.0440268,0.25,7.50101,7.50101,0.618862,0.0541295,0,28,0.515164,0.525559,0.533333,0.54127,0.535235,,,,,0.333333,39.5684,0,,,39.1356,5.75254,2.48939,,,,
X2/spectral_only__f0_s0,141,8.70853e-06,0,0.3,0.0436242,0.25,7.36957,7.36957,0.619978,0.0585938,0,28,0.518138,0.523719,0.534921,0.539683,0.535235,,,,,0.333333,42.8327,0,,,42.4255,5.77744,2.47047,,,,
X2/spectral_only__f0_s0,142,7.84101e-06,0,0.3,0.0432215,0.25,7.3781,7.3781,0.612723,0.0602679,0,28,0.52034,0.523719,0.534921,0.539683,0.535235,,,,,0.333333,42.5815,0,,,42.1744,5.75086,2.45665,,,,
X2/spectral_only__f0_s0,143,7.08833e-06,0,0.3,0.0428188,0.25,7.35,7.35,0.621652,0.0691964,0,28,0.511878,0.52665,0.528571,0.54127,0.535235,,,,,0.333333,45.3267,0,,,44.9276,5.85318,2.4843,,,,
X2/spectral_only__f0_s0,144,6.45086e-06,0,0.3,0.0424161,0.25,7.32418,7.32418,0.652902,0.0535714,0,28,0.514087,0.52665,0.530159,0.54127,0.535235,,,,,0.333333,41.2794,0,,,40.8715,5.68589,2.43209,,,,
X2/spectral_only__f0_s0,145,5.92887e-06,0,0.3,0.0420134,0.25,7.34152,7.34152,0.630022,0.0518973,0,28,0.518514,0.524428,0.534921,0.539683,0.535235,,,,,0.333333,41.7069,0,,,41.2895,5.78262,2.46309,,,,
X2/spectral_only__f0_s0,146,5.52264e-06,0,0.3,0.0416107,0.25,7.38751,7.38751,0.607701,0.0585938,0,28,0.519031,0.522602,0.534921,0.538095,0.535235,,,,,0.333333,40.46,0,,,40.0321,5.73261,2.46014,,,,
X2/spectral_only__f0_s0,147,5.23233e-06,0,0.3,0.0412081,0.25,7.4731,7.4731,0.59375,0.0585938,0,28,0.519152,0.522602,0.536508,0.538095,0.535235,,,,,0.333333,42.8204,0,,,42.4105,5.80182,2.47483,,,,
X2/spectral_only__f0_s0,148,5.05809e-06,0,0.3,0.0408054,0.25,7.25163,7.25163,0.632812,0.0613839,0,28,0.52086,0.522602,0.536508,0.538095,0.535235,,,,,0.333333,42.6639,0,,,42.2487,5.80358,2.45958,,,,
X2/spectral_only__f0_s0,149,5e-06,0,0.3,0.0404027,0.25,7.27178,7.27178,0.613839,0.0708705,0,28,0.5182,0.522602,0.534921,0.538095,0.535235,,,,,0.333333,40.7,0,,,40.2722,5.79737,2.47863,,,,
X2/spectral_only__f0_s0,150,5e-06,0,0.3,0.04,0.25,7.30431,7.30431,0.628348,0.0691964,0,28,0.516951,0.52257,0.534921,0.538095,0.535235,0.757,0.757,0.792743,0.764923,0.333333,42.314,0,,,41.907,5.75342,2.44601,,,-3.56051e-11,100
X2/spectral_only__f0_s1,1,0.0002,1,0,0.1,0.646967,5.14368,5.14368,0.0145089,0.0234375,0,28,0.030014,0.0276518,0.0603175,0.0619048,0.030014,0.061,0.063,4.11554,4.15886,0.357143,14.3991,2,,,11.3561,9.18004,2.79595,,,0,100
X2/spectral_only__f0_s1,2,0.0003,1,0,0.0995973,0.643933,4.32834,4.32834,0.0351562,0.0585938,0,28,0.046861,0.0524605,0.0968254,0.106349,0.0524605,0.098,0.115,3.66216,3.69119,0.333333,8.24917,0,,,5.96988,5.68859,2.19984,,,0,100
X2/spectral_only__f0_s1,3,0.0004,1,0,0.0991946,0.6409,3.97839,3.97839,0.0507813,0.0926339,0,28,0.0886561,0.101982,0.147619,0.150794,0.101982,0.144,0.157,3.33484,3.31778,0.333333,7.41278,0,,,5.51228,4.95136,2.22424,,,0,100
X2/spectral_only__f0_s1,4,0.0005,1,0,0.0987919,0.637867,3.98705,3.98705,0.0362723,0.0976563,0,28,0.0690174,0.125895,0.12381,0.173016,0.125895,0.112,0.182,3.31498,3.22886,0.333333,6.47847,0,,,4.73476,4.41545,2.33179,,,0,100
X2/spectral_only__f0_s1,5,0.000499942,1,0,0.0983893,0.634833,3.91065,3.91065,0.0703125,0.109933,0,28,0.105482,0.128814,0.153968,0.179365,0.128814,0.166,0.201,3.10169,3.11444,0.285714,5.69023,0,,,4.19837,3.82706,2.28943,,,0,100
X2/spectral_only__f0_s1,6,0.000499768,1,0,0.0979866,0.6318,3.7579,3.7579,0.0831473,0.124442,0,28,0.116023,0.162419,0.168254,0.206349,0.162419,0.19,0.224,3.04882,2.9975,0.297619,5.68374,0,,,4.37442,3.61986,2.29499,,,0,100
X2/spectral_only__f0_s1,7,0.000499477,1,0,0.0975839,0.628767,3.73534,3.73534,0.078683,0.128348,0,28,0.127782,0.17372,0.18254,0.220635,0.17372,0.217,0.239,2.96733,2.91222,0.285714,5.59359,0,,,4.43186,3.3915,2.28818,,,0,100
X2/spectral_only__f0_s1,8,0.000499071,1,0,0.0971812,0.625733,3.65789,3.65789,0.113839,0.152344,0,28,0.127964,0.18144,0.173016,0.234921,0.18144,0.204,0.245,2.94898,2.83452,0.261905,5.74397,0,,,4.7264,3.22994,2.26581,,,0,100
X2/spectral_only__f0_s1,9,0.000498549,1,0,0.0967785,0.6227,3.7101,3.7101,0.101004,0.150112,0,28,0.138935,0.204957,0.180952,0.242857,0.204957,0.229,0.271,2.90438,2.80656,0.27381,6.19797,0,,,5.32815,3.09967,2.26662,,,0,100
X2/spectral_only__f0_s1,10,0.000497912,1,0,0.0963758,0.619667,3.6193,3.6193,0.0792411,0.165737,0,28,0.15582,0.195155,0.204762,0.238095,0.204957,,,,,0.238095,5.27598,0,,,4.3728,2.93408,2.17934,,,,
X2/spectral_only__f0_s1,11,0.000497159,1,0,0.0959732,0.616633,3.51585,3.51585,0.114397,0.18192,0,28,0.18708,0.217365,0.231746,0.253968,0.217365,0.237,0.294,2.85398,2.68578,0.27381,6.1147,0,,,5.33153,2.949,2.16245,,,0,100
X2/spectral_only__f0_s1,12,0.000496291,1,0,0.0955705,0.6136,3.55875,3.55875,0.114955,0.175223,0,28,0.178577,0.240541,0.230159,0.27619,0.240541,0.281,0.302,2.67184,2.65519,0.285714,5.62909,0,,,4.84488,2.83559,2.20581,,,0,100
X2/spectral_only__f0_s1,13,0.00049531,1,0,0.0951678,0.610567,3.48789,3.48789,0.141183,0.209821,0,28,0.175197,0.239555,0.225397,0.274603,0.240541,,,,,0.27381,5.75229,0,,,5.04317,2.72555,2.12735,,,,
X2/spectral_only__f0_s1,14,0.000494214,1,0,0.0947651,0.607533,3.50563,3.50563,0.132254,0.196429,0,28,0.1761,0.237097,0.225397,0.269841,0.240541,,,,,0.285714,6.24772,0,,,5.57281,2.76873,2.19643,,,,
X2/spectral_only__f0_s1,15,0.000493004,1,0,0.0943624,0.6045,3.47326,3.47326,0.128348,0.215402,0,28,0.227991,0.259415,0.268254,0.292063,0.259415,0.29,0.314,2.57064,2.53114,0.297619,6.08811,0,,,5.4388,2.71068,2.1513,,,0,100
X2/spectral_only__f0_s1,16,0.000491682,1,0,0.0939597,0.601467,3.45492,3.45492,0.094308,0.233817,0,28,0.206445,0.279153,0.247619,0.311111,0.279153,0.3,0.327,2.56803,2.49807,0.321429,6.04273,0,,,5.45082,2.59196,2.10661,,,0,100
X2/spectral_only__f0_s1,17,0.000490247,1,0,0.093557,0.598433,3.31066,3.31066,0.110491,0.244978,0,28,0.226091,0.273885,0.268254,0.307937,0.279153,,,,,0.309524,6.7109,0,,,6.1119,2.7295,2.15045,,,,
X2/spectral_only__f0_s1,18,0.000488701,1,0,0.0931544,0.5954,3.35854,3.35854,0.110491,0.239955,0,28,0.206692,0.282217,0.253968,0.314286,0.282217,0.299,0.347,2.48771,2.40111,0.297619,6.70432,0,,,6.14282,2.63498,2.14655,,,0,100
X2/spectral_only__f0_s1,19,0.000487044,1,0,0.0927517,0.592367,3.4084,3.4084,0.114397,0.21596,0,28,0.238097,0.279064,0.284127,0.312698,0.282217,,,,,0.309524,6.80964,0,,,6.28663,2.56669,2.12611,,,,
X2/spectral_only__f0_s1,20,0.000485277,1,0,0.092349,0.589333,3.39,3.39,0.103237,0.238839,0,28,0.219162,0.296644,0.277778,0.330159,0.296644,0.332,0.367,2.42403,2.3413,0.321429,7.18113,0,,,6.69531,2.54761,2.15863,,,0,100
X2/spectral_only__f0_s1,21,0.000483401,1,0,0.0919463,0.5863,3.45442,3.45442,0.128906,0.21875,0,28,0.229401,0.296561,0.28254,0.333333,0.296644,,,,,0.333333,6.56781,0,,,6.06398,2.49146,2.16736,,,,
X2/spectral_only__f0_s1,22,0.000481416,1,0,0.0915436,0.583267,3.31087,3.31087,0.131138,0.254464,0,28,0.272892,0.309193,0.315873,0.344444,0.309193,0.341,0.378,2.39011,2.29441,0.321429,7.06836,0,,,6.58319,2.52175,2.1537,,,0,100
X2/spectral_only__f0_s1,23,0.000479324,1,0,0.0911409,0.580233,3.26256,3.26256,0.144531,0.276228,0,28,0.263688,0.313787,0.293651,0.347619,0.313787,0.349,0.396,2.33061,2.25681,0.333333,7.70736,0,,,7.29191,2.46423,2.07282,,,0,100
X2/spectral_only__f0_s1,24,0.000477125,1,0,0.0907383,0.5772,3.19436,3.19436,0.200335,0.285156,0,28,0.28097,0.319459,0.320635,0.352381,0.319459,0.374,0.402,2.22978,2.2239,0.333333,7.28928,0,,,6.87113,2.39553,2.07344,,,0,100
X2/spectral_only__f0_s1,25,0.000474821,1,0,0.0903356,0.574167,3.33142,3.33142,0.117188,0.244978,0,28,0.288287,0.322816,0.32381,0.353968,0.322816,0.379,0.404,2.27837,2.20027,0.333333,8.12973,0,,,7.7404,2.4393,2.14805,,,0,100
X2/spectral_only__f0_s1,26,0.000472412,1,0,0.0899329,0.571133,3.2725,3.2725,0.107701,0.266741,0,28,0.282556,0.331214,0.315873,0.363492,0.331214,0.365,0.418,2.24574,2.17384,0.333333,8.65381,0,,,8.29762,2.40311,2.10448,,,0,100
X2/spectral_only__f0_s1,27,0.000469901,1,0,0.0895302,0.5681,3.29493,3.29493,0.107701,0.270647,0,28,0.298749,0.33801,0.342857,0.368254,0.33801,0.405,0.416,2.23,2.14763,0.333333,7.95768,0,,,7.58662,2.35722,2.06776,,,0,100
X2/spectral_only__f0_s1,28,0.000467287,1,0,0.0891275,0.565067,3.25176,3.25176,0.169085,0.270647,0,28,0.28039,0.34259,0.32381,0.371429,0.34259,0.366,0.422,2.25467,2.1201,0.321429,7.03542,0,,,6.63418,2.3023,2.01231,,,0,100
X2/spectral_only__f0_s1,29,0.000464572,1,0,0.0887248,0.562033,3.29646,3.29646,0.154018,0.262835,0,28,0.309145,0.351191,0.347619,0.38254,0.351191,0.409,0.434,2.16905,2.10467,0.309524,8.28946,0,,,7.93196,2.34608,2.1014,,,0,100
X2/spectral_only__f0_s1,30,0.000461758,1,0,0.0883221,0.559,3.20551,3.20551,0.137277,0.295201,0,28,0.28586,0.347646,0.319048,0.377778,0.351191,,,,,0.333333,7.66094,0,,,7.28309,2.32681,2.07733,,,,
X2/spectral_only__f0_s1,31,0.000458846,1,0,0.0879195,0.555967,3.20914,3.20914,0.151228,0.285714,0,28,0.295195,0.353259,0.319048,0.380952,0.353259,0.403,0.451,2.17225,2.06483,0.333333,8.50217,0,,,8.16838,2.30299,2.04926,,,0,100
X2/spectral_only__f0_s1,32,0.000455836,1,0,0.0875168,0.552933,3.17125,3.17125,0.18192,0.310826,0,28,0.286667,0.347544,0.325397,0.377778,0.353259,,,,,0.333333,8.06001,0,,,7.71613,2.29296,2.03964,,,,
X2/spectral_only__f0_s1,33,0.000452732,1,0,0.0871141,0.5499,3.3232,3.3232,0.15904,0.264509,0,28,0.288866,0.359758,0.32381,0.388889,0.359758,0.408,0.463,2.21051,2.02277,0.333333,8.25387,0,,,7.91837,2.28678,2.07985,,,0,100
X2/spectral_only__f0_s1,34,0.000449533,1,0,0.0867114,0.546867,3.22903,3.22903,0.159598,0.294643,0,28,0.312053,0.361254,0.339683,0.390476,0.361254,0.435,0.469,2.10105,2.01019,0.333333,8.30977,0,,,7.98718,2.24404,2.07786,,,0,100
X2/spectral_only__f0_s1,35,0.000446242,1,0,0.0863087,0.543833,3.15487,3.15487,0.150112,0.304129,0,28,0.331016,0.36215,0.361905,0.393651,0.36215,0.446,0.475,2.01161,1.98933,0.333333,7.9254,0,,,7.59232,2.24921,2.03731,,,0,100
X2/spectral_only__f0_s1,36,0.00044286,1,0,0.085906,0.5408,3.2111,3.2111,0.162388,0.285714,0,28,0.337519,0.361622,0.371429,0.392063,0.36215,,,,,0.333333,8.55253,0,,,8.25949,2.178,2.00373,,,,
X2/spectral_only__f0_s1,37,0.000439388,1,0,0.0855034,0.537767,3.1368,3.1368,0.205915,0.315848,0,28,0.345532,0.364331,0.37619,0.392063,0.364331,0.446,0.475,2.00533,1.95206,0.333333,9.06422,0,,,8.78387,2.18627,1.98651,,,0,100
X2/spectral_only__f0_s1,38,0.000435829,1,0,0.0851007,0.534733,2.99948,2.99948,0.147321,0.348772,0,28,0.335615,0.3729,0.365079,0.396825,0.3729,0.458,0.488,1.9798,1.92111,0.333333,9.17992,0,,,8.88513,2.25147,2.00705,,,0,100
X2/spectral_only__f0_s1,39,0.000432184,1,0,0.084698,0.5317,3.20842,3.20842,0.0982143,0.304129,0,28,0.316424,0.374372,0.346032,0.398413,0.374372,0.439,0.482,1.97662,1.90483,0.333333,8.24595,0,,,7.94841,2.15956,1.99458,,,0,100
X2/spectral_only__f0_s1,40,0.000428454,1,0,0.0842953,0.528667,3.05922,3.05922,0.21317,0.322545,0,28,0.344745,0.379405,0.374603,0.4,0.379405,0.467,0.487,1.89899,1.88662,0.333333,9.24034,0,,,8.96248,2.20075,2.03941,,,0,100
X2/spectral_only__f0_s1,41,0.000424642,1,0,0.0838926,0.525633,2.92159,2.92159,0.244978,0.363281,0,28,0.354597,0.386674,0.385714,0.406349,0.386674,0.461,0.496,1.83106,1.85768,0.333333,8.81694,0,,,8.52164,2.22097,1.97483,,,0,100
X2/spectral_only__f0_s1,42,0.000420749,1,0,0.0834899,0.5226,3.1086,3.1086,0.185268,0.314174,0,28,0.377048,0.38932,0.401587,0.409524,0.38932,0.481,0.502,1.80656,1.83829,0.333333,8.12945,0,,,7.81585,2.21167,2.0143,,,0,100
X2/spectral_only__f0_s1,43,0.000416777,1,0,0.0830872,0.519567,3.18185,3.18186,0.171317,0.30971,0,28,0.342752,0.390309,0.379365,0.411111,0.390309,0.47,0.508,2.09543,1.82279,0.333333,8.70476,0,,,8.41771,2.17662,2.02426,,,0,100
X2/spectral_only__f0_s1,44,0.000412728,1,0,0.0826846,0.516533,3.03768,3.03768,0.18471,0.33817,0,28,0.354392,0.393197,0.377778,0.414286,0.393197,0.497,0.507,1.91956,1.80492,0.333333,8.27857,0,,,7.98802,2.1342,1.97808,,,0,100
X2/spectral_only__f0_s1,45,0.000408604,1,0,0.0822819,0.5135,2.96799,2.96799,0.183036,0.342634,0,28,0.356281,0.396895,0.388889,0.415873,0.396895,0.486,0.514,1.90978,1.77829,0.333333,9.76496,0,,,9.49587,2.18492,1.95609,,,0,100
X2/spectral_only__f0_s1,46,0.000404406,1,0,0.0818792,0.510467,3.05404,3.05404,0.191406,0.337612,0,28,0.354679,0.393491,0.384127,0.414286,0.396895,,,,,0.333333,8.61897,0,,,8.34876,2.10737,1.9672,,,,
X2/spectral_only__f0_s1,47,0.000400137,1,0,0.0814765,0.507433,3.04124,3.04124,0.184152,0.360491,0,28,0.343043,0.402078,0.373016,0.422222,0.402078,0.48,0.525,1.87399,1.7532,0.333333,9.53174,0,,,9.27679,2.13208,2.0124,,,0,100
X2/spectral_only__f0_s1,48,0.000395799,1,0,0.0810738,0.5044,2.86905,2.86905,0.189174,0.362723,0,28,0.363838,0.395231,0.396825,0.414286,0.402078,,,,,0.333333,10.8705,0,,,10.6438,2.16141,1.94842,,,,
X2/spectral_only__f0_s1,49,0.000391394,1,0,0.0806711,0.501367,3.00408,3.00408,0.164621,0.356027,0,28,0.37064,0.404368,0.398413,0.422222,0.404368,0.5,0.537,1.80509,1.71724,0.333333,10.3551,0,,,10.1289,2.10607,1.95149,,,0,100
X2/spectral_only__f0_s1,50,0.000386923,1,0,0.0802685,0.498333,2.94186,2.94186,0.189174,0.338728,0,28,0.381444,0.416493,0.412698,0.434921,0.416493,0.524,0.546,1.75665,1.70082,0.333333,9.70286,0,,,9.44126,2.21319,1.97044,,,0,100
X2/spectral_only__f0_s1,51,0.000382389,1,0,0.0798658,0.4953,2.82808,2.82808,0.219866,0.393415,0,28,0.382196,0.415848,0.404762,0.434921,0.416493,,,,,0.333333,10.2382,0,,,10.0076,2.122,1.88416,,,,
X2/spectral_only__f0_s1,52,0.000377795,1,0,0.0794631,0.492267,3.2889,3.2889,0.177455,0.293527,0,28,0.360009,0.407121,0.396825,0.425397,0.416493,,,,,0.333333,8.64446,0,,,8.40289,2.01075,1.94115,,,,
X2/spectral_only__f0_s1,53,0.000373141,1,0,0.0790604,0.489233,2.88595,2.88595,0.200335,0.383929,0,28,0.379726,0.413754,0.401587,0.430159,0.416493,,,,,0.333333,9.23648,0,,,8.98978,2.08247,1.87243,,,,
X2/spectral_only__f0_s1,54,0.000368431,1,0,0.0786577,0.4862,2.972,2.972,0.166853,0.381138,0,28,0.396133,0.415172,0.419048,0.431746,0.416493,,,,,0.333333,9.88189,0,,,9.65153,2.06001,1.89202,,,,
X2/spectral_only__f0_s1,55,0.000363667,1,0,0.078255,0.483167,2.91995,2.91995,0.151786,0.372768,0,28,0.384422,0.418708,0.407937,0.434921,0.418708,0.54,0.565,1.69337,1.63714,0.333333,10.1328,0,,,9.90193,2.10017,1.92621,,,0,100
X2/spectral_only__f0_s1,56,0.00035885,1,0,0.0778523,0.480133,2.88188,2.88188,0.248884,0.381138,0,28,0.405191,0.415971,0.422222,0.433333,0.418708,,,,,0.333333,9.83418,0,,,9.60445,2.06409,1.90638,,,,
X2/spectral_only__f0_s1,57,0.000353983,1,0,0.0774497,0.4771,2.83731,2.83731,0.202009,0.38058,0,28,0.416418,0.418439,0.434921,0.434921,0.418708,,,,,0.333333,9.89467,0,,,9.65697,2.10867,1.87811,,,,
X2/spectral_only__f0_s1,58,0.000349069,1,0,0.077047,0.474067,2.7871,2.7871,0.195871,0.37779,0,28,0.405385,0.42378,0.428571,0.442857,0.42378,0.547,0.569,1.57994,1.58964,0.333333,10.2613,0,,,10.0317,2.13161,1.87001,,,0,100
X2/spectral_only__f0_s1,59,0.000344109,1,0,0.0766443,0.471033,2.88519,2.88519,0.219866,0.377232,0,28,0.387599,0.422461,0.406349,0.439683,0.42378,,,,,0.333333,9.695,0,,,9.45196,2.11579,1.91927,,,,
X2/spectral_only__f0_s1,60,0.000339107,1,0,0.0762416,0.468,3.06417,3.06417,0.217076,0.322545,0,28,0.400964,0.427999,0.419048,0.447619,0.427999,0.559,0.576,1.67582,1.56654,0.333333,9.48485,0,,,9.24834,2.06808,1.94148,,,0,100
X2/spectral_only__f0_s1,61,0.000334063,1,0,0.0758389,0.464967,2.94761,2.94761,0.145647,0.374442,0,28,0.405292,0.430027,0.426984,0.447619,0.430027,0.548,0.578,1.66908,1.55924,0.333333,11.4101,0,,,11.2053,2.08496,1.93376,,,0,100
X2/spectral_only__f0_s1,62,0.000328982,1,0,0.0754362,0.461933,2.79088,2.79088,0.207589,0.395647,0,28,0.385346,0.428315,0.419048,0.446032,0.430027,,,,,0.333333,10.4095,0,,,10.1839,2.1002,1.89092,,,,
X2/spectral_only__f0_s1,63,0.000323864,1,0,0.0750336,0.4589,2.77625,2.77625,0.215402,0.404576,0,28,0.418573,0.429028,0.436508,0.447619,0.430027,,,,,0.333333,11.9399,0,,,11.7395,2.11934,1.90447,,,,
X2/spectral_only__f0_s1,64,0.000318713,1,0,0.0746309,0.455867,2.69247,2.69247,0.241071,0.407366,0,28,0.412283,0.428021,0.433333,0.447619,0.430027,,,,,0.333333,9.75547,0,,,9.52284,2.09127,1.84115,,,,
X2/spectral_only__f0_s1,65,0.000313531,1,0,0.0742282,0.452833,3.03207,3.03207,0.21596,0.351563,0,28,0.402892,0.431363,0.430159,0.450794,0.431363,0.573,0.59,1.57292,1.51025,0.333333,10.2214,0,,,10.0096,2.03171,1.89001,,,0,100
X2/spectral_only__f0_s1,66,0.000308321,1,0,0.0738255,0.4498,2.77882,2.77882,0.229911,0.386161,0,28,0.409545,0.437573,0.44127,0.455556,0.437573,0.583,0.6,1.52233,1.4956,0.333333,12.0167,0,,,11.8266,2.09342,1.84124,,,0,100
X2/spectral_only__f0_s1,67,0.000303084,1,0,0.0734228,0.446767,2.93184,2.93183,0.246652,0.381138,0,28,0.427555,0.433662,0.444444,0.452381,0.437573,,,,,0.333333,10.7943,0,,,10.5909,2.03195,1.88014,,,,
X2/spectral_only__f0_s1,68,0.000297823,1,0,0.0730201,0.443733,2.68966,2.68966,0.228237,0.418527,0,28,0.419904,0.43459,0.433333,0.453968,0.437573,,,,,0.333333,10.3059,0,,,10.0843,2.08963,1.8752,,,,
X2/spectral_only__f0_s1,69,0.000292541,1,0,0.0726174,0.4407,2.91612,2.91612,0.258929,0.371652,0,28,0.420832,0.435049,0.44127,0.453968,0.437573,,,,,0.333333,11.737,0,,,11.5399,2.10102,1.94532,,,,
X2/spectral_only__f0_s1,70,0.00028724,1,0,0.0722148,0.437667,2.6751,2.6751,0.24721,0.434152,0,28,0.413539,0.438702,0.438095,0.45873,0.438702,0.604,0.616,1.50265,1.44901,0.333333,12.081,0,,,11.883,2.09806,1.84149,,,0,100
X2/spectral_only__f0_s1,71,0.000281923,1,0,0.0718121,0.434633,2.83095,2.83095,0.211496,0.393415,0,28,0.422433,0.43989,0.449206,0.45873,0.43989,0.616,0.615,1.43258,1.43818,0.333333,11.7421,0,,,11.5534,2.05323,1.8584,,,0,100
X2/spectral_only__f0_s1,72,0.000276592,1,0,0.0714094,0.4316,2.65286,2.65286,0.196987,0.446987,0,28,0.415072,0.434062,0.439683,0.453968,0.43989,,,,,0.333333,11.0899,1,,,10.8971,2.02032,1.76241,,,,
X2/spectral_only__f0_s1,73,0.00027125,1,0,0.0710067,0.428567,2.76079,2.76079,0.183594,0.427455,0,28,0.428087,0.437925,0.45873,0.457143,0.43989,,,,,0.333333,12.1968,0,,,12.011,2.0594,1.81552,,,,
X2/spectral_only__f0_s1,74,0.000265899,1,0,0.070604,0.425533,2.86823,2.86823,0.239397,0.40904,0,28,0.422861,0.437383,0.449206,0.457143,0.43989,,,,,0.333333,12.169,0,,,11.9827,2.06846,1.83797,,,,
X2/spectral_only__f0_s1,75,0.000260542,1,0,0.0702013,0.4225,2.50384,2.50384,0.194754,0.465402,0,28,0.444088,0.439349,0.465079,0.45873,0.444088,0.647,0.632,1.29891,1.39012,0.333333,10.9566,0,,,10.7547,2.04335,1.73978,,,0,100
X2/spectral_only__f0_s1,76,0.000255181,1,0,0.0697987,0.419467,2.57178,2.57178,0.165737,0.453125,0,28,0.426197,0.443129,0.449206,0.461905,0.444088,,,,,0.333333,12.7762,0,,,12.5809,2.16659,1.81871,,,,
X2/spectral_only__f0_s1,77,0.000249819,1,0,0.069396,0.416433,2.77909,2.77909,0.155134,0.416295,0,28,0.431684,0.445066,0.449206,0.463492,0.445066,0.626,0.635,1.40086,1.36459,0.333333,11.1486,0,,,10.9469,2.06589,1.84147,,,0,100
X2/spectral_only__f0_s1,78,0.000244458,1,0,0.0689933,0.4134,2.81733,2.81733,0.116071,0.382254,0,28,0.451838,0.447286,0.473016,0.465079,0.451838,0.638,0.633,1.32086,1.35868,0.333333,11.6002,0,,,11.4076,2.06792,1.84075,,,0,100
X2/spectral_only__f0_s1,79,0.000239101,1,0,0.0685906,0.410367,2.6321,2.6321,0.286272,0.443638,0,28,0.447439,0.448075,0.465079,0.465079,0.451838,,,,,0.333333,11.5402,0,,,11.3414,2.08581,1.7999,,,,
X2/spectral_only__f0_s1,80,0.00023375,1,0,0.0681879,0.407333,2.54026,2.54026,0.308036,0.463728,0,28,0.457698,0.450346,0.473016,0.466667,0.457698,0.667,0.639,1.28946,1.33657,0.333333,12.4471,0,,,12.2639,2.08794,1.7561,,,0,100
X2/spectral_only__f0_s1,81,0.000228408,1,0,0.0677852,0.4043,2.76741,2.76741,0.198103,0.436942,0,28,0.440633,0.45317,0.457143,0.468254,0.457698,,,,,0.333333,11.201,0,,,11.004,2.0494,1.77048,,,,
X2/spectral_only__f0_s1,82,0.000223077,1,0,0.0673826,0.401267,2.88567,2.88567,0.280692,0.402902,0,28,0.425015,0.45412,0.452381,0.469841,0.457698,,,,,0.333333,10.4127,0,,,10.2094,2.01163,1.8288,,,,
X2/spectral_only__f0_s1,83,0.00021776,1,0,0.0669799,0.398233,2.8407,2.8407,0.284598,0.417411,0,28,0.429065,0.454958,0.444444,0.471429,0.457698,,,,,0.333333,11.6901,0,,,11.5054,2.03024,1.80746,,,,
X2/spectral_only__f0_s1,84,0.000212459,1,0,0.0665772,0.3952,2.7216,2.7216,0.236607,0.408482,0,28,0.426004,0.463485,0.447619,0.480952,0.463485,0.613,0.646,1.37129,1.307,0.333333,11.0056,1,,,10.8026,2.07551,1.80304,,,0,100
X2/spectral_only__f0_s1,85,0.000207177,1,0,0.0661745,0.392167,2.60312,2.60312,0.205357,0.439732,0,28,0.44514,0.463529,0.463492,0.480952,0.463529,0.657,0.652,1.27432,1.30264,0.333333,12.8814,0,,,12.714,2.02522,1.75592,,,0,100
X2/spectral_only__f0_s1,86,0.000201916,1,0,0.0657718,0.389133,3.05402,3.05402,0.269531,0.371652,0,28,0.43828,0.461535,0.461905,0.479365,0.463529,,,,,0.333333,11.6726,0,,,11.4903,2.00672,1.84345,,,,
X2/spectral_only__f0_s1,87,0.000196679,1,0,0.0653691,0.3861,2.52846,2.52846,0.333705,0.470424,0,28,0.448684,0.464035,0.473016,0.480952,0.464035,0.642,0.658,1.28867,1.28913,0.333333,11.94,0,,,11.7542,2.05953,1.72256,,,0,100
X2/spectral_only__f0_s1,88,0.000191469,1,0,0.0649664,0.383067,2.66556,2.66555,0.209821,0.438616,0,28,0.452589,0.455438,0.471429,0.473016,0.464035,,,,,0.333333,10.4405,0,,,10.2408,2.01359,1.77808,,,,
X2/spectral_only__f0_s1,89,0.000186287,1,0,0.0645638,0.380033,2.58335,2.58335,0.296317,0.455357,0,28,0.451883,0.457966,0.466667,0.474603,0.464035,,,,,0.333333,12.0759,0,,,11.8811,2.10492,1.79021,,,,
X2/spectral_only__f0_s1,90,0.000181136,1,0,0.0641611,0.377,2.56844,2.56844,0.212054,0.459263,0,28,0.458688,0.46547,0.473016,0.48254,0.46547,0.669,0.671,1.2583,1.26309,0.333333,12.9516,0,,,12.7703,2.09692,1.7573,,,0,100
X2/spectral_only__f0_s1,91,0.000176018,1,0,0.0637584,0.373967,2.67483,2.67483,0.240513,0.444754,0,28,0.453486,0.471062,0.471429,0.488889,0.471062,0.655,0.673,1.3186,1.25497,0.333333,12.1157,0,,,11.9348,2.03486,1.72624,,,0,100
X2/spectral_only__f0_s1,92,0.000170937,1,0,0.0633557,0.370933,2.66722,2.66722,0.233817,0.455915,0,28,0.438029,0.467211,0.457143,0.485714,0.471062,,,,,0.333333,12.6832,0,,,12.5022,2.08269,1.76909,,,,
X2/spectral_only__f0_s1,93,0.000165893,1,0,0.062953,0.3679,2.49578,2.49578,0.262277,0.504464,0,28,0.465566,0.466534,0.47619,0.485714,0.471062,,,,,0.333333,11.9217,0,,,11.7421,2.02512,1.67289,,,,
X2/spectral_only__f0_s1,94,0.000160891,1,0,0.0625503,0.364867,2.52101,2.52101,0.280692,0.479353,0,28,0.454603,0.465681,0.474603,0.484127,0.471062,,,,,0.333333,12.5346,0,,,12.3551,2.0792,1.71639,,,,
X2/spectral_only__f0_s1,95,0.000155931,1,0,0.0621477,0.361833,2.60757,2.60757,0.329241,0.470424,0,28,0.469801,0.469585,0.490476,0.487302,0.471062,,,,,0.333333,13.7356,0,,,13.5638,2.09923,1.73534,,,,
X2/spectral_only__f0_s1,96,0.000151017,1,0,0.061745,0.3588,2.48792,2.48792,0.150112,0.475446,0,28,0.466119,0.47168,0.487302,0.488889,0.47168,0.694,0.685,1.16632,1.21444,0.333333,12.6343,0,,,12.4438,2.12628,1.70375,,,0,100
X2/spectral_only__f0_s1,97,0.00014615,1,0,0.0613423,0.355767,2.52603,2.52603,0.269531,0.487723,0,28,0.458265,0.473659,0.477778,0.490476,0.473659,0.674,0.692,1.15683,1.20296,0.333333,11.8064,0,,,11.6094,2.11481,1.69569,,,0,100
X2/spectral_only__f0_s1,98,0.000141333,1,0,0.0609396,0.352733,2.64873,2.64873,0.242188,0.478237,0,28,0.477095,0.478872,0.487302,0.495238,0.478872,0.708,0.695,1.16152,1.19791,0.333333,12.5192,0,,,12.3435,2.05029,1.72941,,,0,100
X2/spectral_only__f0_s1,99,0.000136569,1,0,0.0605369,0.3497,2.80298,2.80298,0.227121,0.424665,0,28,0.450252,0.47789,0.466667,0.493651,0.478872,,,,,0.333333,12.6401,0,,,12.4587,2.07427,1.78524,,,,
X2/spectral_only__f0_s1,100,0.000131859,1,0,0.0601342,0.346667,2.41315,2.41315,0.279576,0.498884,0,28,0.470328,0.484432,0.484127,0.5,0.484432,0.697,0.704,1.10589,1.18519,0.333333,12.2345,0,,,12.0504,2.06918,1.68261,,,0,100
X2/spectral_only__f0_s1,101,0.000127205,1,0,0.0597315,0.343633,2.51718,2.51718,0.259487,0.479911,0,28,0.445155,0.486348,0.466667,0.501587,0.486348,0.693,0.707,1.15464,1.17647,0.333333,13.1425,0,,,12.9626,2.11576,1.68951,,,0,100
X2/spectral_only__f0_s1,102,0.000122611,1,0,0.0593289,0.3406,2.64264,2.64264,0.166295,0.454241,0,28,0.446902,0.48102,0.466667,0.496825,0.486348,,,,,0.333333,12.7854,0,,,12.6039,2.10635,1.78321,,,,
X2/spectral_only__f0_s1,103,0.000118077,1,0,0.0589262,0.337567,2.53025,2.53025,0.24721,0.472098,0,28,0.49409,0.482893,0.507937,0.498413,0.49409,0.715,0.71,1.13055,1.16405,0.333333,12.4014,0,,,12.2073,2.1368,1.7307,,,0,100
X2/spectral_only__f0_s1,104,0.000113606,1,0,0.0585235,0.334533,2.44471,2.44471,0.304129,0.495536,0,28,0.473858,0.484804,0.492063,0.5,0.49409,,,,,0.333333,12.2676,0,,,12.083,2.08245,1.67091,,,,
X2/spectral_only__f0_s1,105,0.000109201,1,0,0.0581208,0.3315,2.63592,2.63592,0.279018,0.464286,0,28,0.48287,0.485134,0.498413,0.501587,0.49409,,,,,0.333333,11.7153,0,,,11.5245,2.06732,1.68983,,,,
X2/spectral_only__f0_s1,106,0.000104863,1,0,0.0577181,0.328467,2.48398,2.48398,0.25279,0.510045,0,28,0.50166,0.485901,0.515873,0.503175,0.50166,0.719,0.715,1.0805,1.14317,0.333333,12.4372,0,,,12.2495,2.08824,1.65897,,,0,100
X2/spectral_only__f0_s1,107,0.000100594,1,0,0.0573154,0.325433,2.34741,2.34741,0.249442,0.511161,0,28,0.482532,0.484413,0.498413,0.501587,0.50166,,,,,0.333333,11.5721,0,,,11.3731,2.10493,1.63966,,,,
X2/spectral_only__f0_s1,108,9.63962e-05,1,0,0.0569128,0.3224,2.57907,2.57907,0.194196,0.470424,0,28,0.493672,0.48652,0.507937,0.503175,0.50166,,,,,0.333333,12.6123,0,,,12.4304,2.10598,1.7326,,,,
X2/spectral_only__f0_s1,109,9.22719e-05,1,0,0.0565101,0.319367,2.4923,2.4923,0.253348,0.500558,0,28,0.475084,0.485568,0.490476,0.501587,0.50166,,,,,0.333333,11.1385,0,,,10.932,2.09184,1.64162,,,,
X2/spectral_only__f0_s1,110,8.82228e-05,1,0,0.0561074,0.316333,2.54271,2.54271,0.310826,0.462612,0,28,0.454816,0.485506,0.473016,0.501587,0.50166,,,,,0.333333,11.3443,0,,,11.1416,2.10431,1.693,,,,
X2/spectral_only__f0_s1,111,8.42509e-05,0,0,0.0557047,0.3133,1.76709,1.76709,0.592634,0.592634,0,28,0.485794,0.489168,0.5,0.504762,0.50166,,,,,0.333333,11.843,0,,,11.6298,2.21962,1.57835,,,,
X2/spectral_only__f0_s1,112,8.03579e-05,0,0.0020458,0.055302,0.310267,1.74628,1.74628,0.595424,0.582589,0,28,0.499588,0.49577,0.509524,0.511111,0.50166,,,,,0.333333,13.2798,0,,,13.0651,2.3414,1.55004,,,,
X2/spectral_only__f0_s1,113,7.65457e-05,0,0.00812741,0.0548993,0.307233,1.85402,1.85403,0.606027,0.549665,0,28,0.490396,0.497723,0.503175,0.512698,0.50166,,,,,0.333333,14.298,0,,,14.0742,2.47676,1.61459,,,,
X2/spectral_only__f0_s1,114,7.28161e-05,0,0.0180789,0.0544966,0.3042,2.08314,2.08314,0.582031,0.472098,0,28,0.489371,0.497328,0.5,0.511111,0.50166,,,,,0.333333,14.2824,0,,,14.0268,2.66307,1.70781,,,,
X2/spectral_only__f0_s1,115,6.91709e-05,0,0.0316289,0.054094,0.301167,2.27631,2.27631,0.606585,0.412388,0,28,0.479271,0.497271,0.495238,0.511111,0.50166,,,,,0.333333,16.5451,0,,,16.2804,2.90995,1.79796,,,,
X2/spectral_only__f0_s1,116,6.56117e-05,0,0.0484078,0.0536913,0.298133,2.53515,2.53515,0.613281,0.34933,0,28,0.48825,0.497174,0.506349,0.511111,0.50166,,,,,0.333333,19.7859,0,,,19.5134,3.22194,1.90435,,,,
X2/spectral_only__f0_s1,117,6.21402e-05,0,0.0679578,0.0532886,0.2951,3.001,3.001,0.611049,0.265625,0,28,0.492448,0.497104,0.507937,0.511111,0.50166,,,,,0.333333,21.7215,0,,,21.4149,3.58353,2.04902,,,,
X2/spectral_only__f0_s1,118,5.87581e-05,0,0.0897457,0.0528859,0.292067,3.43808,3.43808,0.619978,0.204241,0,28,0.488477,0.497145,0.506349,0.511111,0.50166,,,,,0.333333,22.918,0,,,22.5764,3.89146,2.1259,,,,
X2/spectral_only__f0_s1,119,5.5467e-05,0,0.113177,0.0524832,0.289033,3.95454,3.95454,0.595424,0.154576,0,28,0.496045,0.497007,0.511111,0.511111,0.50166,,,,,0.333333,25.7798,0,,,25.4194,4.21245,2.23727,,,,
X2/spectral_only__f0_s1,120,5.22683e-05,0,0.137613,0.0520805,0.286,4.47216,4.47216,0.601562,0.114955,0,28,0.488019,0.499705,0.504762,0.514286,0.50166,,,,,0.333333,27.3006,0,,,26.9169,4.49987,2.304,,,,
X2/spectral_only__f0_s1,121,4.91636e-05,0,0.162387,0.0516779,0.282967,5.13884,5.13884,0.563058,0.0814732,0,28,0.485121,0.497983,0.504762,0.512698,0.50166,,,,,0.333333,28.9727,0,,,28.576,4.68812,2.31806,,,,
X2/spectral_only__f0_s1,122,4.61544e-05,0,0.186823,0.0512752,0.279933,5.62232,5.62232,0.579799,0.0736607,0,28,0.50132,0.50317,0.520635,0.51746,0.50317,0.74,0.748,0.833905,0.905142,0.333333,29.6398,0,,,29.2244,4.90506,2.3794,,,0,100
X2/spectral_only__f0_s1,123,4.3242e-05,0,0.210254,0.0508725,0.2769,5.99781,5.9978,0.603795,0.0535714,0,28,0.491467,0.504504,0.511111,0.519048,0.504504,0.744,0.753,0.825319,0.890242,0.333333,31.8275,1,,,31.393,5.1485,2.43607,,,0,100
X2/spectral_only__f0_s1,124,4.04278e-05,0,0.232042,0.0504698,0.273867,6.52462,6.52462,0.579799,0.0491071,0,28,0.490531,0.501136,0.514286,0.51746,0.504504,,,,,0.333333,34.9601,0,,,34.5544,5.25285,2.43963,,,,
X2/spectral_only__f0_s1,125,3.77132e-05,0,0.251592,0.0500671,0.270833,6.66853,6.66853,0.603237,0.0446429,0,28,0.495259,0.499143,0.515873,0.515873,0.504504,0.753,0.753,0.83769,0.865221,0.333333,36.7185,0,,,36.3195,5.32433,2.444,,,0,100
X2/spectral_only__f0_s1,126,3.50995e-05,0,0.268371,0.0496644,0.2678,6.99423,6.99423,0.603237,0.0345982,0,28,0.493496,0.50208,0.515873,0.519048,0.504504,,,,,0.333333,36.264,0,,,35.847,5.38476,2.45166,,,,
X2/spectral_only__f0_s1,127,3.25877e-05,0,0.281921,0.0492617,0.264767,7.37003,7.37003,0.577009,0.0334821,0,28,0.498718,0.50208,0.520635,0.519048,0.504504,,,,,0.333333,36.9079,0,,,36.4692,5.6007,2.49102,,,,
X2/spectral_only__f0_s1,128,3.01792e-05,0,0.291873,0.0488591,0.261733,7.33594,7.33594,0.618304,0.0334821,0,28,0.495829,0.503125,0.515873,0.520635,0.504504,,,,,0.333333,38.5716,0,,,38.1503,5.61818,2.48731,,,,
X2/spectral_only__f0_s1,129,2.78751e-05,0,0.297954,0.0484564,0.2587,7.52419,7.52419,0.594866,0.0345982,0,28,0.50244,0.506594,0.522222,0.52381,0.506594,0.751,0.754,0.853174,0.834881,0.333333,36.4917,0,,,36.0441,5.62769,2.48231,,,0,100
X2/spectral_only__f0_s1,130,2.56764e-05,0,0.3,0.0480537,0.255667,7.49107,7.49108,0.586496,0.0345982,0,28,0.48909,0.508224,0.511111,0.525397,0.508224,0.74,0.753,0.853401,0.830817,0.333333,39.1603,0,,,38.7431,5.65566,2.47211,,,0,100
X2/spectral_only__f0_s1,131,2.35841e-05,0,0.3,0.047651,0.252633,7.48156,7.48156,0.587612,0.0373884,0,28,0.490716,0.504096,0.511111,0.522222,0.508224,,,,,0.333333,39.2947,0,,,38.8756,5.67369,2.47195,,,,
X2/spectral_only__f0_s1,132,2.15994e-05,0,0.3,0.0472483,0.25,7.44047,7.44047,0.595424,0.0440848,0,28,0.491205,0.502059,0.512698,0.520635,0.508224,,,,,0.333333,39.9131,0,,,39.4845,5.76486,2.49155,,,,
X2/spectral_only__f0_s1,133,1.9723e-05,0,0.3,0.0468456,0.25,7.34574,7.34574,0.602679,0.0518973,0,28,0.491628,0.50018,0.514286,0.519048,0.508224,,,,,0.333333,38.5696,0,,,38.1228,5.7665,2.4891,,,,
X2/spectral_only__f0_s1,134,1.79558e-05,0,0.3,0.046443,0.25,7.58377,7.58377,0.579799,0.0385045,0,28,0.505767,0.499119,0.52381,0.519048,0.508224,,,,,0.333333,41.5262,0,,,41.106,5.79316,2.48817,,,,
X2/spectral_only__f0_s1,135,1.62988e-05,0,0.3,0.0460403,0.25,7.48443,7.48443,0.591518,0.0390625,0,28,0.491054,0.503018,0.512698,0.522222,0.508224,,,,,0.333333,42.0626,0,,,41.6414,5.83924,2.4879,,,,
X2/spectral_only__f0_s1,136,1.47526e-05,0,0.3,0.0456376,0.25,7.41226,7.41226,0.618862,0.0479911,0,28,0.494178,0.502547,0.514286,0.522222,0.508224,,,,,0.333333,40.4638,0,,,40.0376,5.80783,2.46932,,,,
X2/spectral_only__f0_s1,137,1.33181e-05,0,0.3,0.0452349,0.25,7.39643,7.39643,0.619978,0.0541295,0,28,0.501399,0.504075,0.520635,0.52381,0.508224,,,,,0.333333,41.8894,0,,,41.4594,5.81903,2.49106,,,,
X2/spectral_only__f0_s1,138,1.19958e-05,0,0.3,0.0448322,0.25,7.47826,7.47826,0.59096,0.0546875,0,28,0.506648,0.504075,0.526984,0.52381,0.508224,,,,,0.333333,38.8838,0,,,38.4406,5.79123,2.44591,,,,
X2/spectral_only__f0_s1,139,1.07864e-05,0,0.3,0.0444295,0.25,7.43882,7.43882,0.617188,0.0507813,0,28,0.501886,0.504075,0.522222,0.52381,0.508224,,,,,0.333333,39.3788,0,,,38.9275,5.87804,2.48884,,,,
X2/spectral_only__f0_s1,140,9.69048e-06,0,0.3,0.0440268,0.25,7.40209,7.40209,0.580915,0.0569196,0,28,0.496501,0.50621,0.51746,0.525397,0.508224,,,,,0.333333,40.1181,0,,,39.6865,5.79167,2.46693,,,,
X2/spectral_only__f0_s1,141,8.70853e-06,0,0.3,0.0436242,0.25,7.38366,7.38366,0.612723,0.0585938,0,28,0.497521,0.50621,0.51746,0.525397,0.508224,,,,,0.333333,40.693,0,,,40.2728,5.76419,2.44722,,,,
X2/spectral_only__f0_s1,142,7.84101e-06,0,0.3,0.0432215,0.25,7.34707,7.34707,0.609375,0.0574777,0,28,0.490741,0.50621,0.514286,0.525397,0.508224,,,,,0.333333,41.4036,0,,,40.973,5.86474,2.49369,,,,
X2/spectral_only__f0_s1,143,7.08833e-06,0,0.3,0.0428188,0.25,7.39696,7.39696,0.597656,0.0597098,0,28,0.493188,0.505999,0.514286,0.525397,0.508224,,,,,0.333333,41.5277,0,,,41.1076,5.79835,2.45143,,,,
X2/spectral_only__f0_s1,144,6.45086e-06,0,0.3,0.0424161,0.25,7.3616,7.3616,0.607143,0.0597098,0,28,0.495362,0.505601,0.51746,0.525397,0.508224,,,,,0.333333,39.6073,0,,,39.1739,5.77311,2.45519,,,,
X2/spectral_only__f0_s1,145,5.92887e-06,0,0.3,0.0420134,0.25,7.46426,7.46426,0.591518,0.0563616,0,28,0.496392,0.503973,0.51746,0.52381,0.508224,,,,,0.333333,40.6533,0,,,40.2243,5.81723,2.46258,,,,
X2/spectral_only__f0_s1,146,5.52264e-06,0,0.3,0.0416107,0.25,7.45866,7.45866,0.609375,0.0541295,0,28,0.500404,0.503973,0.520635,0.52381,0.508224,,,,,0.333333,39.5839,0,,,39.1499,5.78406,2.45218,,,,
X2/spectral_only__f0_s1,147,5.23233e-06,0,0.3,0.0412081,0.25,7.32851,7.32851,0.600446,0.061942,0,28,0.492203,0.503872,0.514286,0.52381,0.508224,,,,,0.333333,38.3518,0,,,37.8961,5.8535,2.46229,,,,
X2/spectral_only__f0_s1,148,5.05809e-06,0,0.3,0.0408054,0.25,7.34454,7.34454,0.59096,0.0591518,0,28,0.49783,0.501857,0.519048,0.522222,0.508224,,,,,0.333333,40.3558,0,,,39.9101,5.90552,2.48383,,,,
X2/spectral_only__f0_s1,149,5e-06,0,0.3,0.0404027,0.25,7.40643,7.40643,0.606585,0.0608259,0,28,0.494856,0.501952,0.515873,0.522222,0.508224,,,,,0.333333,40.6342,0,,,40.2002,5.83398,2.45765,,,,
X2/spectral_only__f0_s1,150,5e-06,0,0.3,0.04,0.25,7.41503,7.41503,0.603795,0.0613839,0,28,0.492578,0.501952,0.514286,0.522222,0.508224,0.746,0.752,0.864063,0.834096,0.333333,39.6055,0,,,39.1587,5.8698,2.4628,,,-3.69785e-11,100
X2/spectral_only__f1_s0,1,0.0002,1,0,0.1,0.646967,5.15455,5.15455,0.0239955,0.0228795,0,28,0.0239787,0.0241801,0.0603175,0.0555556,0.0241801,0.058,0.051,4.02817,4.06135,0.333333,14.3097,2,,,11.4332,9.22828,2.67448,,,0,100
X2/spectral_only__f1_s0,2,0.0003,1,0,0.0995973,0.643933,4.325,4.325,0.0412946,0.0569196,0,28,0.0494559,0.0474752,0.104762,0.0984127,0.0494559,0.099,0.089,3.66185,3.66391,0.333333,8.46045,0,,,6.30034,5.64076,2.2361,,,0,100
X2/spectral_only__f1_s0,3,0.0004,1,0,0.0991946,0.6409,4.07363,4.07363,0.0580357,0.0758929,0,28,0.0775166,0.0887607,0.125397,0.136508,0.0887607,0.136,0.158,3.39332,3.37785,0.333333,7.12081,0,,,5.18629,4.87377,2.29818,,,0,100
X2/spectral_only__f1_s0,4,0.0005,1,0,0.0987919,0.637867,3.94039,3.94039,0.0524554,0.101563,0,28,0.0721384,0.123195,0.120635,0.165079,0.123195,0.135,0.185,3.30704,3.26192,0.333333,6.17019,0,,,4.52554,4.1894,2.24564,,,0,100
X2/spectral_only__f1_s0,5,0.000499942,1,0,0.0983893,0.634833,3.83577,3.83577,0.0753348,0.117188,0,28,0.10544,0.156559,0.157143,0.196825,0.156559,0.171,0.215,3.17404,3.12427,0.321429,5.76535,0,,,4.28464,3.84715,2.2956,,,0,100
X2/spectral_only__f1_s0,6,0.000499768,1,0,0.0979866,0.6318,3.86867,3.86867,0.0809152,0.12221,0,28,0.0966728,0.16651,0.155556,0.212698,0.16651,0.16,0.224,3.20292,3.05501,0.285714,5.55301,0,,,4.30109,3.4906,2.3028,,,0,100
X2/spectral_only__f1_s0,7,0.000499477,1,0,0.0975839,0.628767,3.64997,3.64997,0.0803571,0.160156,0,28,0.138563,0.172876,0.195238,0.22381,0.172876,0.202,0.24,3.0256,2.93562,0.297619,5.71111,0,,,4.60726,3.35367,2.29329,,,0,100
X2/spectral_only__f1_s0,8,0.000499071,1,0,0.0971812,0.625733,3.73755,3.73755,0.0691964,0.158482,0,28,0.119891,0.181924,0.177778,0.225397,0.181924,0.209,0.252,3.07025,2.90131,0.202381,5.64073,0,,,4.69607,3.07464,2.21489,,,0,100
X2/spectral_only__f1_s0,9,0.000498549,1,0,0.0967785,0.6227,3.65545,3.65545,0.0708705,0.161272,0,28,0.179092,0.204154,0.222222,0.250794,0.204154,0.232,0.274,2.92496,2.86569,0.261905,5.23922,0,,,4.24501,3.05969,2.27791,,,0,100
X2/spectral_only__f1_s0,10,0.000497912,1,0,0.0963758,0.619667,3.77745,3.77745,0.0965402,0.143415,0,28,0.150509,0.20614,0.198413,0.253968,0.20614,0.227,0.274,2.99265,2.85969,0.142857,4.95453,0,,,4.04238,2.8399,2.2621,,,0,100
X2/spectral_only__f1_s0,11,0.000497159,1,0,0.0959732,0.616633,3.62599,3.62599,0.111607,0.171317,0,28,0.199019,0.217042,0.249206,0.260317,0.217042,0.265,0.287,2.8322,2.82165,0.238095,5.53212,0,,,4.75758,2.79234,2.22798,,,0,100
X2/spectral_only__f1_s0,12,0.000496291,1,0,0.0955705,0.6136,3.63129,3.63129,0.0904018,0.183594,0,28,0.196798,0.237778,0.24127,0.279365,0.237778,0.25,0.299,2.82318,2.77057,0.25,5.47984,0,,,4.72902,2.725,2.20614,,,0,100
X2/spectral_only__f1_s0,13,0.00049531,1,0,0.0951678,0.610567,3.46135,3.46135,0.111607,0.200893,0,28,0.198828,0.237989,0.244444,0.280952,0.237989,0.263,0.306,2.73621,2.71396,0.27381,5.99533,0,,,5.30617,2.75004,2.20693,,,0,100
X2/spectral_only__f1_s0,14,0.000494214,1,0,0.0947651,0.607533,3.6693,3.6693,0.106585,0.169085,0,28,0.211314,0.236407,0.266667,0.279365,0.237989,,,,,0.190476,5.39369,0,,,4.74148,2.55097,2.18383,,,,
X2/spectral_only__f1_s0,15,0.000493004,1,0,0.0943624,0.6045,3.53467,3.53467,0.101004,0.183594,0,28,0.228473,0.255717,0.271429,0.296825,0.255717,0.27,0.31,2.80212,2.6709,0.27381,5.83955,0,,,5.23923,2.55409,2.17624,,,0,100
X2/spectral_only__f1_s0,16,0.000491682,1,0,0.0939597,0.601467,3.37387,3.37387,0.120536,0.228795,0,28,0.23464,0.249358,0.284127,0.293651,0.255717,,,,,0.285714,5.97636,0,,,5.34864,2.62855,2.14053,,,,
X2/spectral_only__f1_s0,17,0.000490247,1,0,0.093557,0.598433,3.42797,3.42797,0.107701,0.22154,0,28,0.231814,0.254328,0.266667,0.295238,0.255717,,,,,0.27381,6.28965,0,,,5.73895,2.49597,2.11337,,,,
X2/spectral_only__f1_s0,18,0.000488701,1,0,0.0931544,0.5954,3.31022,3.31022,0.103795,0.24442,0,28,0.251833,0.25958,0.287302,0.298413,0.25958,0.316,0.335,2.54281,2.52401,0.285714,6.05906,0,,,5.47703,2.56418,2.1332,,,0,100
X2/spectral_only__f1_s0,19,0.000487044,1,0,0.0927517,0.592367,3.49995,3.49995,0.121652,0.223214,0,28,0.225214,0.272666,0.279365,0.312698,0.272666,0.298,0.333,2.58508,2.51308,0.27381,5.94436,0,,,5.40841,2.43979,2.16605,,,0,100
X2/spectral_only__f1_s0,20,0.000485277,1,0,0.092349,0.589333,3.45883,3.45883,0.128906,0.211496,0,28,0.247596,0.270047,0.292063,0.309524,0.272666,,,,,0.27381,6.21799,0,,,5.70076,2.42947,2.14421,,,,
X2/spectral_only__f1_s0,21,0.000483401,1,0,0.0919463,0.5863,3.46218,3.46218,0.119978,0.217076,0,28,0.216761,0.274019,0.268254,0.311111,0.274019,0.303,0.349,2.65105,2.46015,0.333333,7.14981,0,,,6.68928,2.47886,2.17541,,,0,100
X2/spectral_only__f1_s0,22,0.000481416,1,0,0.0915436,0.583267,3.37499,3.37499,0.12779,0.241071,0,28,0.236615,0.277084,0.288889,0.31746,0.277084,0.31,0.344,2.51319,2.435,0.309524,6.64518,0,,,6.15885,2.44197,2.17998,,,0,100
X2/spectral_only__f1_s0,23,0.000479324,1,0,0.0911409,0.580233,3.41242,3.41242,0.0970982,0.229911,0,28,0.266788,0.289835,0.311111,0.330159,0.289835,0.356,0.359,2.45487,2.42655,0.27381,6.34294,0,,,5.87447,2.33842,2.15837,,,0,100
X2/spectral_only__f1_s0,24,0.000477125,1,0,0.0907383,0.5772,3.42412,3.42412,0.0998884,0.239397,0,28,0.255452,0.295885,0.3,0.336508,0.295885,0.362,0.365,2.41443,2.40065,0.333333,6.84406,0,,,6.42507,2.33103,2.12429,,,0,100
X2/spectral_only__f1_s0,25,0.000474821,1,0,0.0903356,0.574167,3.37318,3.37318,0.135603,0.24721,0,28,0.26157,0.300225,0.307937,0.339683,0.300225,0.324,0.367,2.49574,2.37167,0.333333,6.9762,0,,,6.56989,2.31476,2.07371,,,0,100
X2/spectral_only__f1_s0,26,0.000472412,1,0,0.0899329,0.571133,3.35119,3.35119,0.145089,0.261161,0,28,0.289918,0.299275,0.32381,0.338095,0.300225,,,,,0.333333,6.68132,0,,,6.26506,2.2935,2.10248,,,,
X2/spectral_only__f1_s0,27,0.000469901,1,0,0.0895302,0.5681,3.14226,3.14226,0.12779,0.296317,0,28,0.28813,0.306516,0.322222,0.342857,0.306516,0.374,0.393,2.32232,2.30997,0.333333,7.22812,0,,,6.82814,2.34169,2.03922,,,0,100
X2/spectral_only__f1_s0,28,0.000467287,1,0,0.0891275,0.565067,3.38196,3.38196,0.171875,0.250558,0,28,0.294602,0.309984,0.322222,0.344444,0.309984,0.365,0.394,2.32313,2.28721,0.321429,6.90264,0,,,6.49861,2.28667,2.10995,,,0,100
X2/spectral_only__f1_s0,29,0.000464572,1,0,0.0887248,0.562033,3.32121,3.32121,0.15067,0.27846,0,28,0.284966,0.323929,0.314286,0.360317,0.323929,0.372,0.394,2.28635,2.26853,0.333333,7.27533,0,,,6.90774,2.25472,2.13114,,,0,100
X2/spectral_only__f1_s0,30,0.000461758,1,0,0.0883221,0.559,3.29971,3.29971,0.0948661,0.258371,0,28,0.275087,0.322957,0.311111,0.360317,0.323929,,,,,0.333333,7.61843,0,,,7.25135,2.29871,2.14779,,,,
X2/spectral_only__f1_s0,31,0.000458846,1,0,0.0879195,0.555967,3.22708,3.22708,0.166853,0.279018,0,28,0.284425,0.32911,0.331746,0.363492,0.32911,0.382,0.408,2.23707,2.21595,0.321429,7.01077,0,,,6.62452,2.27121,2.11785,,,0,100
X2/spectral_only__f1_s0,32,0.000455836,1,0,0.0875168,0.552933,3.15968,3.15968,0.193638,0.287946,0,28,0.285493,0.333744,0.322222,0.366667,0.333744,0.391,0.421,2.34721,2.18083,0.333333,7.63295,0,,,7.26484,2.30293,2.08665,,,0,100
X2/spectral_only__f1_s0,33,0.000452732,1,0,0.0871141,0.5499,3.32276,3.32276,0.171317,0.262277,0,28,0.324774,0.332699,0.355556,0.366667,0.333744,,,,,0.297619,7.1851,0,,,6.8586,2.11106,2.04367,,,,
X2/spectral_only__f1_s0,34,0.000449533,1,0,0.0867114,0.546867,3.2178,3.2178,0.171875,0.292969,0,28,0.289781,0.33477,0.325397,0.371429,0.33477,0.402,0.423,2.16711,2.15543,0.333333,7.42539,0,,,7.08758,2.18337,2.07494,,,0,100
X2/spectral_only__f1_s0,35,0.000446242,1,0,0.0863087,0.543833,3.17047,3.17047,0.135045,0.290179,0,28,0.276703,0.357359,0.311111,0.388889,0.357359,0.372,0.433,2.31334,2.13025,0.333333,7.13823,0,,,6.78246,2.19965,2.02788,,,0,100
X2/spectral_only__f1_s0,36,0.00044286,1,0,0.085906,0.5408,3.22802,3.22802,0.189732,0.295201,0,28,0.300959,0.355154,0.334921,0.387302,0.357359,,,,,0.333333,8.4194,0,,,8.10949,2.21287,2.11993,,,,
X2/spectral_only__f1_s0,37,0.000439388,1,0,0.0855034,0.537767,3.07372,3.07372,0.162388,0.324219,0,28,0.341893,0.349208,0.37619,0.379365,0.357359,,,,,0.333333,8.01231,0,,,7.71959,2.11103,1.94282,,,,
X2/spectral_only__f1_s0,38,0.000435829,1,0,0.0851007,0.534733,3.00359,3.00359,0.123884,0.342634,0,28,0.334478,0.354566,0.368254,0.385714,0.357359,,,,,0.333333,8.59093,0,,,8.27555,2.2681,2.03848,,,,
X2/spectral_only__f1_s0,39,0.000432184,1,0,0.084698,0.5317,3.27842,3.27842,0.169643,0.275112,0,28,0.324374,0.356285,0.363492,0.387302,0.357359,,,,,0.333333,8.03315,0,,,7.73705,2.12492,2.02224,,,,
X2/spectral_only__f1_s0,40,0.000428454,1,0,0.0842953,0.528667,3.10475,3.10475,0.138393,0.304688,0,28,0.309276,0.362464,0.347619,0.395238,0.362464,0.429,0.462,2.1369,2.00942,0.333333,8.62645,0,,,8.3465,2.14199,1.94493,,,0,100
X2/spectral_only__f1_s0,41,0.000424642,1,0,0.0838926,0.525633,3.11788,3.11788,0.255022,0.34375,0,28,0.341023,0.372916,0.377778,0.404762,0.372916,0.447,0.465,2.06917,1.9902,0.333333,8.84519,0,,,8.57888,2.09452,1.96837,,,0,100
X2/spectral_only__f1_s0,42,0.000420749,1,0,0.0834899,0.5226,3.16985,3.16985,0.171317,0.310268,0,28,0.345763,0.366092,0.377778,0.398413,0.372916,,,,,0.333333,8.79089,0,,,8.53113,2.08567,2.00676,,,,
X2/spectral_only__f1_s0,43,0.000416777,1,0,0.0830872,0.519567,3.1044,3.1044,0.188616,0.309152,0,28,0.335287,0.3746,0.366667,0.406349,0.3746,0.453,0.48,1.94825,1.95492,0.333333,8.78712,0,,,8.52052,2.10948,1.98959,,,0,100
X2/spectral_only__f1_s0,44,0.000412728,1,0,0.0826846,0.516533,2.95636,2.95636,0.167411,0.348772,0,28,0.325758,0.378396,0.361905,0.407937,0.378396,0.46,0.493,1.93394,1.92838,0.333333,10.2538,0,,,10.0139,2.17088,2.01124,,,0,100
X2/spectral_only__f1_s0,45,0.000408604,1,0,0.0822819,0.5135,3.05761,3.05761,0.228237,0.335379,0,28,0.371375,0.37854,0.401587,0.407937,0.37854,0.504,0.497,1.88405,1.9035,0.333333,9.34715,0,,,9.09156,2.14349,1.97064,,,0,100
X2/spectral_only__f1_s0,46,0.000404406,1,0,0.0818792,0.510467,2.94351,2.94351,0.164062,0.356027,0,28,0.345773,0.398899,0.374603,0.428571,0.398899,0.479,0.504,1.89997,1.87407,0.333333,10.3126,0,,,10.0641,2.18991,1.93234,,,0,100
X2/spectral_only__f1_s0,47,0.000400137,1,0,0.0814765,0.507433,3.03583,3.03583,0.212054,0.34375,0,28,0.348127,0.395199,0.379365,0.425397,0.398899,,,,,0.333333,10.4561,0,,,10.2216,2.12042,1.9462,,,,
X2/spectral_only__f1_s0,48,0.000395799,1,0,0.0810738,0.5044,2.86325,2.86325,0.208147,0.366071,0,28,0.368247,0.393235,0.384127,0.42381,0.398899,,,,,0.333333,10.2655,0,,,10.0217,2.18312,1.95156,,,,
X2/spectral_only__f1_s0,49,0.000391394,1,0,0.0806711,0.501367,3.08556,3.08556,0.200893,0.335379,0,28,0.319688,0.39504,0.347619,0.426984,0.398899,,,,,0.333333,9.3019,0,,,9.04472,2.12368,1.97149,,,,
X2/spectral_only__f1_s0,50,0.000386923,1,0,0.0802685,0.498333,2.91817,2.91817,0.206473,0.358259,0,28,0.367369,0.396644,0.395238,0.428571,0.398899,0.506,0.514,1.7926,1.79767,0.333333,10.1756,0,,,9.93889,2.13111,1.91777,,,0,100
X2/spectral_only__f1_s0,51,0.000382389,1,0,0.0798658,0.4953,3.08805,3.08805,0.188616,0.328125,0,28,0.364779,0.400075,0.395238,0.430159,0.400075,0.477,0.523,1.93224,1.78464,0.333333,10.57,0,,,10.3396,2.14398,1.98872,,,0,100
X2/spectral_only__f1_s0,52,0.000377795,1,0,0.0794631,0.492267,2.91558,2.91558,0.198661,0.370536,0,28,0.386448,0.397129,0.41746,0.426984,0.400075,,,,,0.333333,8.99735,0,,,8.74794,2.07328,1.90857,,,,
X2/spectral_only__f1_s0,53,0.000373141,1,0,0.0790604,0.489233,2.95804,2.95804,0.208705,0.342076,0,28,0.390141,0.394715,0.415873,0.425397,0.400075,,,,,0.333333,10.461,0,,,10.2322,2.10822,1.95085,,,,
X2/spectral_only__f1_s0,54,0.000368431,1,0,0.0786577,0.4862,3.05193,3.05193,0.218192,0.33817,0,28,0.379237,0.397457,0.406349,0.428571,0.400075,,,,,0.333333,10.6391,0,,,10.4241,2.07574,1.94238,,,,
X2/spectral_only__f1_s0,55,0.000363667,1,0,0.078255,0.483167,2.76878,2.76877,0.217076,0.398996,0,28,0.399952,0.406047,0.42381,0.433333,0.406047,0.537,0.551,1.64586,1.7195,0.333333,10.6291,0,,,10.4008,2.13484,1.90666,,,0,100
X2/spectral_only__f1_s0,56,0.00035885,1,0,0.0778523,0.480133,2.97869,2.97869,0.220424,0.342634,0,28,0.405528,0.399623,0.430159,0.428571,0.406047,,,,,0.333333,12.4272,0,,,12.2213,2.20147,1.97658,,,,
X2/spectral_only__f1_s0,57,0.000353983,1,0,0.0774497,0.4771,3.11101,3.11101,0.116629,0.313058,0,28,0.365356,0.399691,0.396825,0.430159,0.406047,,,,,0.333333,11.4239,0,,,11.2194,2.07614,1.92318,,,,
X2/spectral_only__f1_s0,58,0.000349069,1,0,0.077047,0.474067,2.87987,2.87987,0.180804,0.37779,0,28,0.401411,0.404419,0.433333,0.433333,0.406047,,,,,0.333333,10.4878,0,,,10.2714,2.0631,1.89517,,,,
X2/spectral_only__f1_s0,59,0.000344109,1,0,0.0766443,0.471033,2.85444,2.85444,0.233817,0.37779,0,28,0.375851,0.406687,0.411111,0.433333,0.406687,0.523,0.558,1.79096,1.66089,0.333333,12.0899,1,,,11.8896,2.13193,1.88357,,,0,100
X2/spectral_only__f1_s0,60,0.000339107,1,0,0.0762416,0.468,2.98547,2.98547,0.242188,0.367188,0,28,0.380609,0.411509,0.412698,0.438095,0.411509,0.511,0.559,1.82965,1.6498,0.333333,11.8363,0,,,11.634,2.11407,1.93955,,,0,100
X2/spectral_only__f1_s0,61,0.000334063,1,0,0.0758389,0.464967,3.00256,3.00256,0.180804,0.364955,0,28,0.407301,0.415365,0.438095,0.44127,0.415365,0.512,0.564,1.76527,1.64132,0.333333,10.3878,0,,,10.1627,2.08744,1.9493,,,0,100
X2/spectral_only__f1_s0,62,0.000328982,1,0,0.0754362,0.461933,2.79851,2.79851,0.145089,0.408482,0,28,0.388052,0.417786,0.419048,0.444444,0.417786,0.543,0.571,1.65971,1.6246,0.333333,12.8056,0,,,12.612,2.13367,1.90675,,,0,100
X2/spectral_only__f1_s0,63,0.000323864,1,0,0.0750336,0.4589,2.79389,2.79389,0.236607,0.387277,0,28,0.420067,0.421057,0.444444,0.447619,0.421057,0.562,0.58,1.58377,1.60957,0.333333,11.6385,0,,,11.4298,2.13135,1.86367,,,0,100
X2/spectral_only__f1_s0,64,0.000318713,1,0,0.0746309,0.455867,2.80955,2.80955,0.216518,0.415179,0,28,0.407452,0.422938,0.434921,0.450794,0.422938,0.565,0.576,1.65938,1.59131,0.333333,10.9655,0,,,10.752,2.11528,1.87256,,,0,100
X2/spectral_only__f1_s0,65,0.000313531,1,0,0.0742282,0.452833,2.97547,2.97547,0.227679,0.385045,0,28,0.436151,0.42245,0.452381,0.450794,0.436151,0.576,0.581,1.57481,1.58131,0.333333,10.8316,0,,,10.6299,2.03923,1.8886,,,0,100
X2/spectral_only__f1_s0,66,0.000308321,1,0,0.0738255,0.4498,2.8844,2.8844,0.199777,0.368304,0,28,0.383001,0.423916,0.419048,0.452381,0.436151,,,,,0.333333,11.5884,0,,,11.376,2.1214,1.92273,,,,
X2/spectral_only__f1_s0,67,0.000303084,1,0,0.0734228,0.446767,2.83862,2.83862,0.290179,0.404018,0,28,0.428312,0.424737,0.452381,0.452381,0.436151,,,,,0.333333,12.4748,0,,,12.2846,2.08755,1.90812,,,,
X2/spectral_only__f1_s0,68,0.000297823,1,0,0.0730201,0.443733,2.83331,2.83331,0.15346,0.401228,0,28,0.435647,0.425432,0.463492,0.453968,0.436151,,,,,0.333333,13.09,0,,,12.8952,2.13804,1.87786,,,,
X2/spectral_only__f1_s0,69,0.000292541,1,0,0.0726174,0.4407,2.72559,2.72559,0.162946,0.405692,0,28,0.435518,0.428375,0.453968,0.455556,0.436151,,,,,0.333333,11.4705,0,,,11.2623,2.10791,1.87793,,,,
X2/spectral_only__f1_s0,70,0.00028724,1,0,0.0722148,0.437667,2.9742,2.9742,0.246094,0.397879,0,28,0.42723,0.428613,0.460317,0.457143,0.436151,,,,,0.333333,10.6261,0,,,10.4094,2.08457,1.88182,,,,
X2/spectral_only__f1_s0,71,0.000281923,1,0,0.0718121,0.434633,2.84094,2.84094,0.201451,0.388951,0,28,0.432421,0.428965,0.453968,0.457143,0.436151,,,,,0.333333,11.6143,0,,,11.414,2.08644,1.84883,,,,
X2/spectral_only__f1_s0,72,0.000276592,1,0,0.0714094,0.4316,2.89235,2.89235,0.194754,0.404018,0,28,0.407905,0.430788,0.442857,0.460317,0.436151,,,,,0.333333,11.3589,0,,,11.164,2.05487,1.85779,,,,
X2/spectral_only__f1_s0,73,0.00027125,1,0,0.0710067,0.428567,2.82927,2.82927,0.167969,0.395089,0,28,0.430253,0.434972,0.45873,0.463492,0.436151,,,,,0.333333,11.3865,0,,,11.1917,2.03692,1.8223,,,,
X2/spectral_only__f1_s0,74,0.000265899,1,0,0.070604,0.425533,2.76592,2.76592,0.253906,0.392299,0,28,0.441327,0.439349,0.47619,0.468254,0.441327,0.607,0.616,1.50518,1.47949,0.333333,13.4036,0,,,13.2213,2.14577,1.8893,,,0,100
X2/spectral_only__f1_s0,75,0.000260542,1,0,0.0702013,0.4225,2.75772,2.75772,0.180804,0.402902,0,28,0.463862,0.442206,0.485714,0.469841,0.463862,0.601,0.622,1.49365,1.46644,0.333333,12.2569,0,,,12.0646,2.1066,1.84388,,,0,100
X2/spectral_only__f1_s0,76,0.000255181,1,0,0.0697987,0.419467,2.9279,2.9279,0.156808,0.369978,0,28,0.419104,0.437777,0.447619,0.466667,0.463862,,,,,0.333333,12.8097,0,,,12.6084,2.13361,1.91239,,,,
X2/spectral_only__f1_s0,77,0.000249819,1,0,0.069396,0.416433,2.81862,2.81862,0.202009,0.414621,0,28,0.440462,0.439084,0.473016,0.466667,0.463862,,,,,0.333333,12.4131,0,,,12.2314,2.04515,1.82819,,,,
X2/spectral_only__f1_s0,78,0.000244458,1,0,0.0689933,0.4134,2.84052,2.84052,0.174107,0.411272,0,28,0.453287,0.435077,0.477778,0.463492,0.463862,,,,,0.333333,11.4166,0,,,11.2251,2.01436,1.8104,,,,
X2/spectral_only__f1_s0,79,0.000239101,1,0,0.0685906,0.410367,2.82113,2.82113,0.191406,0.420759,0,28,0.419005,0.436982,0.449206,0.465079,0.463862,,,,,0.333333,11.4002,0,,,11.2183,1.98896,1.79874,,,,
X2/spectral_only__f1_s0,80,0.00023375,1,0,0.0681879,0.407333,2.75869,2.75869,0.239397,0.420201,0,28,0.456195,0.438206,0.474603,0.466667,0.463862,,,,,0.333333,12.4304,0,,,12.2506,2.03905,1.8091,,,,
X2/spectral_only__f1_s0,81,0.000228408,1,0,0.0677852,0.4043,2.64178,2.64178,0.28404,0.436942,0,28,0.437676,0.440517,0.468254,0.468254,0.463862,,,,,0.333333,12.015,0,,,11.817,2.12644,1.78495,,,,
X2/spectral_only__f1_s0,82,0.000223077,1,0,0.0673826,0.401267,2.72484,2.72484,0.277344,0.432478,0,28,0.423775,0.441805,0.465079,0.469841,0.463862,,,,,0.333333,11.8666,0,,,11.6713,2.08835,1.84001,,,,
X2/spectral_only__f1_s0,83,0.00021776,1,0,0.0669799,0.398233,2.77304,2.77304,0.233817,0.416295,0,28,0.461073,0.447379,0.479365,0.47619,0.463862,,,,,0.333333,10.8764,0,,,10.6744,2.03318,1.7926,,,,
X2/spectral_only__f1_s0,84,0.000212459,1,0,0.0665772,0.3952,2.66206,2.66206,0.275112,0.439732,0,28,0.457131,0.446138,0.485714,0.474603,0.463862,,,,,0.333333,11.2551,0,,,11.0498,2.08423,1.76033,,,,
X2/spectral_only__f1_s0,85,0.000207177,1,0,0.0661745,0.392167,2.61546,2.61546,0.227121,0.458705,0,28,0.478796,0.455491,0.503175,0.48254,0.478796,0.641,0.65,1.31582,1.35809,0.333333,12.2356,0,,,12.0456,2.10456,1.81184,,,0,100
X2/spectral_only__f1_s0,86,0.000201916,1,0,0.0657718,0.389133,2.54849,2.54849,0.225446,0.442522,0,28,0.469326,0.459923,0.496825,0.484127,0.478796,,,,,0.333333,11.4015,0,,,11.198,2.08019,1.73111,,,,
X2/spectral_only__f1_s0,87,0.000196679,1,0,0.0653691,0.3861,2.84212,2.84212,0.164621,0.402902,0,28,0.47,0.462608,0.493651,0.487302,0.478796,,,,,0.333333,12.5191,0,,,12.3383,2.07535,1.83454,,,,
X2/spectral_only__f1_s0,88,0.000191469,1,0,0.0649664,0.383067,2.63626,2.63626,0.275112,0.446429,0,28,0.452327,0.466363,0.477778,0.492063,0.478796,,,,,0.333333,13.573,0,,,13.3914,2.13088,1.79284,,,,
X2/spectral_only__f1_s0,89,0.000186287,1,0,0.0645638,0.380033,2.71798,2.71798,0.250558,0.438058,0,28,0.484074,0.466208,0.504762,0.492063,0.484074,0.66,0.653,1.28465,1.31729,0.333333,11.7368,0,,,11.5527,2.02253,1.7314,,,0,100
X2/spectral_only__f1_s0,90,0.000181136,1,0,0.0641611,0.377,2.38248,2.38248,0.209263,0.496094,0,28,0.477221,0.467657,0.506349,0.493651,0.484074,,,,,0.333333,13.7737,0,,,13.593,2.15534,1.70523,,,,
X2/spectral_only__f1_s0,91,0.000176018,1,0,0.0637584,0.373967,2.56417,2.56417,0.27846,0.466518,0,28,0.47818,0.469833,0.490476,0.495238,0.484074,,,,,0.333333,14.1696,0,,,14.0027,2.09329,1.74402,,,,
X2/spectral_only__f1_s0,92,0.000170937,1,0,0.0633557,0.370933,2.5126,2.5126,0.219866,0.486607,0,28,0.486917,0.469883,0.504762,0.495238,0.486917,0.679,0.663,1.16749,1.27758,0.333333,12.8722,0,,,12.69,2.10427,1.72988,,,0,100
X2/spectral_only__f1_s0,93,0.000165893,1,0,0.062953,0.3679,2.66702,2.66702,0.218192,0.465402,0,28,0.454106,0.470811,0.484127,0.495238,0.486917,,,,,0.333333,13.1662,0,,,12.9865,2.10934,1.75238,,,,
X2/spectral_only__f1_s0,94,0.000160891,1,0,0.0625503,0.364867,2.69734,2.69734,0.222098,0.430246,0,28,0.477319,0.469968,0.492063,0.493651,0.486917,,,,,0.333333,13.0021,0,,,12.818,2.1193,1.81644,,,,
X2/spectral_only__f1_s0,95,0.000155931,1,0,0.0621477,0.361833,2.80601,2.80601,0.217076,0.419643,0,28,0.496265,0.471837,0.514286,0.495238,0.496265,0.673,0.669,1.21917,1.25499,0.333333,11.5401,0,,,11.3552,2.01878,1.75577,,,0,100
X2/spectral_only__f1_s0,96,0.000151017,1,0,0.061745,0.3588,2.58942,2.58942,0.236607,0.450335,0,28,0.470024,0.470496,0.492063,0.492063,0.496265,,,,,0.333333,13.0709,0,,,12.8873,2.12596,1.74447,,,,
X2/spectral_only__f1_s0,97,0.00014615,1,0,0.0613423,0.355767,2.54693,2.54693,0.198661,0.47154,0,28,0.477088,0.468822,0.5,0.492063,0.496265,,,,,0.333333,13.5509,0,,,13.3763,2.11542,1.72609,,,,
X2/spectral_only__f1_s0,98,0.000141333,1,0,0.0609396,0.352733,2.53862,2.53862,0.208705,0.483817,0,28,0.479549,0.472001,0.506349,0.495238,0.496265,,,,,0.333333,12.8135,0,,,12.6255,2.11366,1.71319,,,,
X2/spectral_only__f1_s0,99,0.000136569,1,0,0.0605369,0.3497,2.73111,2.73111,0.257254,0.44029,0,28,0.472245,0.477113,0.5,0.5,0.496265,,,,,0.333333,12.0231,0,,,11.8353,2.06739,1.75846,,,,
X2/spectral_only__f1_s0,100,0.000131859,1,0,0.0601342,0.346667,2.78136,2.78136,0.257254,0.435268,0,28,0.48637,0.478937,0.514286,0.501587,0.496265,0.673,0.684,1.24469,1.21904,0.333333,13.0416,0,,,12.8766,2.02465,1.76183,,,0,100
X2/spectral_only__f1_s0,101,0.000127205,1,0,0.0597315,0.343633,2.64444,2.64444,0.235491,0.47154,0,28,0.491415,0.475878,0.515873,0.498413,0.496265,,,,,0.333333,13.1023,0,,,12.9365,2.03489,1.69256,,,,
X2/spectral_only__f1_s0,102,0.000122611,1,0,0.0593289,0.3406,2.4979,2.4979,0.227679,0.504464,0,28,0.488537,0.477222,0.509524,0.5,0.496265,,,,,0.333333,11.9248,0,,,11.7397,2.0505,1.68539,,,,
X2/spectral_only__f1_s0,103,0.000118077,1,0,0.0589262,0.337567,2.70875,2.70875,0.289062,0.457589,0,28,0.491729,0.477453,0.512698,0.5,0.496265,,,,,0.333333,12.69,0,,,12.5179,2.04829,1.74674,,,,
X2/spectral_only__f1_s0,104,0.000113606,1,0,0.0585235,0.334533,2.43344,2.43344,0.260045,0.504464,0,28,0.500927,0.485488,0.51746,0.506349,0.500927,0.694,0.691,1.11885,1.19398,0.333333,12.3444,0,,,12.1587,2.0873,1.68866,,,0,100
X2/spectral_only__f1_s0,105,0.000109201,1,0,0.0581208,0.3315,2.54826,2.54826,0.273996,0.465402,0,28,0.494744,0.483653,0.514286,0.504762,0.500927,,,,,0.333333,13.1203,0,,,12.9442,2.10001,1.66925,,,,
X2/spectral_only__f1_s0,106,0.000104863,1,0,0.0577181,0.328467,2.3813,2.3813,0.222656,0.493862,0,28,0.502643,0.488223,0.520635,0.507937,0.502643,0.701,0.695,1.10955,1.17534,0.333333,12.7773,0,,,12.5928,2.11889,1.64035,,,0,100
X2/spectral_only__f1_s0,107,0.000100594,1,0,0.0573154,0.325433,2.44173,2.44173,0.363839,0.512277,0,28,0.491688,0.488517,0.506349,0.507937,0.502643,,,,,0.333333,12.1785,0,,,11.9862,2.09734,1.65879,,,,
X2/spectral_only__f1_s0,108,9.63962e-05,1,0,0.0569128,0.3224,2.36629,2.36629,0.261719,0.520647,0,28,0.501106,0.490577,0.522222,0.509524,0.502643,,,,,0.333333,12.8298,0,,,12.6396,2.15747,1.67332,,,,
X2/spectral_only__f1_s0,109,9.22719e-05,1,0,0.0565101,0.319367,2.49284,2.49284,0.270647,0.499442,0,28,0.486136,0.492418,0.506349,0.509524,0.502643,,,,,0.333333,13.1236,0,,,12.9418,2.11736,1.67282,,,,
X2/spectral_only__f1_s0,110,8.82228e-05,1,0,0.0561074,0.316333,2.49767,2.49767,0.266183,0.496652,0,28,0.50172,0.494943,0.519048,0.512698,0.502643,,,,,0.333333,13.4307,0,,,13.2556,2.1109,1.6745,,,,
X2/spectral_only__f1_s0,111,8.42509e-05,0,0,0.0557047,0.3133,1.79375,1.79375,0.581473,0.581473,0,28,0.506061,0.497434,0.519048,0.514286,0.506061,0.73,0.706,0.965026,1.12591,0.333333,12.7941,0,,,12.5737,2.3183,1.57316,,,0,100
X2/spectral_only__f1_s0,112,8.03579e-05,0,0.0020458,0.055302,0.310267,1.73882,1.73882,0.604911,0.594866,0,28,0.5237,0.504961,0.538095,0.522222,0.5237,0.728,0.709,0.933791,1.10767,0.333333,13.2582,0,,,13.0425,2.33504,1.52156,,,0,100
X2/spectral_only__f1_s0,113,7.65457e-05,0,0.00812741,0.0548993,0.307233,1.89283,1.89283,0.58817,0.537388,0,28,0.515348,0.506024,0.534921,0.52381,0.5237,,,,,0.333333,13.7563,0,,,13.5177,2.51254,1.58652,,,,
X2/spectral_only__f1_s0,114,7.28161e-05,0,0.0180789,0.0544966,0.3042,2.01884,2.01884,0.611049,0.514509,0,28,0.509282,0.506526,0.526984,0.52381,0.5237,,,,,0.333333,16.3124,0,,,16.0743,2.70539,1.67283,,,,
X2/spectral_only__f1_s0,115,6.91709e-05,0,0.0316289,0.054094,0.301167,2.32683,2.32683,0.586496,0.40625,0,28,0.538045,0.502889,0.553968,0.520635,0.538045,0.744,0.721,0.864862,1.04917,0.333333,16.679,0,,,16.3932,3.00802,1.81299,,,0,100
X2/spectral_only__f1_s0,116,6.56117e-05,0,0.0484078,0.0536913,0.298133,2.5529,2.5529,0.616071,0.34933,0,28,0.534813,0.512482,0.550794,0.530159,0.538045,,,,,0.333333,20.4838,0,,,20.2079,3.26323,1.8931,,,,
X2/spectral_only__f1_s0,117,6.21402e-05,0,0.0679578,0.0532886,0.2951,2.98638,2.98639,0.601004,0.273996,0,28,0.528208,0.515794,0.542857,0.533333,0.538045,,,,,0.333333,23.5174,0,,,23.2161,3.65766,2.02684,,,,
X2/spectral_only__f1_s0,118,5.87581e-05,0,0.0897457,0.0528859,0.292067,3.51424,3.51424,0.594308,0.204799,0,28,0.525303,0.517908,0.542857,0.536508,0.538045,,,,,0.333333,24.0605,0,,,23.7237,3.95009,2.12652,,,,
X2/spectral_only__f1_s0,119,5.5467e-05,0,0.113177,0.0524832,0.289033,3.94519,3.94519,0.607701,0.154576,0,28,0.532965,0.518737,0.549206,0.538095,0.538045,,,,,0.333333,27.958,0,,,27.626,4.21602,2.17976,,,,
X2/spectral_only__f1_s0,120,5.22683e-05,0,0.137613,0.0520805,0.286,4.45175,4.45175,0.597656,0.132254,0,28,0.504353,0.519042,0.530159,0.538095,0.538045,,,,,0.333333,28.0604,1,,,27.6738,4.54597,2.26442,,,,
X2/spectral_only__f1_s0,121,4.91636e-05,0,0.162387,0.0516779,0.282967,5.06166,5.06166,0.607701,0.0747768,0,28,0.509596,0.517169,0.531746,0.536508,0.538045,,,,,0.333333,30.8129,0,,,30.4128,4.86664,2.35769,,,,
X2/spectral_only__f1_s0,122,4.61544e-05,0,0.186823,0.0512752,0.279933,5.54724,5.54724,0.607143,0.0652902,0,28,0.512454,0.514143,0.536508,0.533333,0.538045,,,,,0.333333,33.2859,0,,,32.8856,5.04606,2.38595,,,,
X2/spectral_only__f1_s0,123,4.3242e-05,0,0.210254,0.0508725,0.2769,6.1073,6.1073,0.602121,0.0530134,0,28,0.511739,0.51361,0.534921,0.534921,0.538045,,,,,0.333333,35.3662,0,,,34.9638,5.20758,2.4074,,,,
X2/spectral_only__f1_s0,124,4.04278e-05,0,0.232042,0.0504698,0.273867,6.48074,6.48074,0.597098,0.0518973,0,28,0.51116,0.51301,0.536508,0.534921,0.538045,,,,,0.333333,34.3332,0,,,33.9021,5.34971,2.44788,,,,
X2/spectral_only__f1_s0,125,3.77132e-05,0,0.251592,0.0500671,0.270833,6.81003,6.81003,0.597098,0.0424107,0,28,0.502268,0.514217,0.528571,0.536508,0.538045,0.727,0.732,0.881162,0.876302,0.333333,34.9148,0,,,34.4831,5.3787,2.44031,,,0,100
X2/spectral_only__f1_s0,126,3.50995e-05,0,0.268371,0.0496644,0.2678,7.0889,7.0889,0.590402,0.0401786,0,28,0.506726,0.51358,0.531746,0.534921,0.538045,,,,,0.333333,41.8922,0,,,41.5002,5.5854,2.48852,,,,
X2/spectral_only__f1_s0,127,3.25877e-05,0,0.281921,0.0492617,0.264767,7.33588,7.33588,0.581473,0.0345982,0,28,0.507713,0.510239,0.533333,0.531746,0.538045,,,,,0.333333,38.9285,0,,,38.4959,5.61341,2.47595,,,,
X2/spectral_only__f1_s0,128,3.01792e-05,0,0.291873,0.0488591,0.261733,7.476,7.47601,0.605469,0.03125,0,28,0.508869,0.508651,0.533333,0.530159,0.538045,,,,,0.333333,37.6646,0,,,37.2175,5.68405,2.48648,,,,
X2/spectral_only__f1_s0,129,2.78751e-05,0,0.297954,0.0484564,0.2587,7.52411,7.52411,0.588728,0.0401786,0,28,0.514679,0.50981,0.54127,0.531746,0.538045,,,,,0.333333,39.2375,0,,,38.8109,5.67353,2.4627,,,,
X2/spectral_only__f1_s0,130,2.56764e-05,0,0.3,0.0480537,0.255667,7.53692,7.53693,0.595982,0.0396205,0,28,0.513541,0.511038,0.538095,0.533333,0.538045,,,,,0.333333,40.4686,0,,,40.0385,5.76086,2.48245,,,,
X2/spectral_only__f1_s0,131,2.35841e-05,0,0.3,0.047651,0.252633,7.64258,7.64258,0.585379,0.0401786,0,28,0.512797,0.510341,0.536508,0.533333,0.538045,,,,,0.333333,41.2858,0,,,40.8645,5.77823,2.48513,,,,
X2/spectral_only__f1_s0,132,2.15994e-05,0,0.3,0.0472483,0.25,7.50189,7.50189,0.603237,0.0401786,0,28,0.507634,0.510469,0.534921,0.533333,0.538045,,,,,0.333333,40.0552,0,,,39.6277,5.73843,2.44219,,,,
X2/spectral_only__f1_s0,133,1.9723e-05,0,0.3,0.0468456,0.25,7.47253,7.47253,0.607143,0.0479911,0,28,0.515168,0.510469,0.538095,0.533333,0.538045,,,,,0.333333,40.6264,0,,,40.1799,5.85589,2.47388,,,,
X2/spectral_only__f1_s0,134,1.79558e-05,0,0.3,0.046443,0.25,7.48798,7.48799,0.58817,0.0491071,0,28,0.516719,0.510329,0.539683,0.533333,0.538045,,,,,0.333333,41.1484,0,,,40.719,5.80586,2.47954,,,,
X2/spectral_only__f1_s0,135,1.62988e-05,0,0.3,0.0460403,0.25,7.42086,7.42086,0.608817,0.0457589,0,28,0.512417,0.508355,0.536508,0.531746,0.538045,,,,,0.333333,43.2005,0,,,42.7893,5.79656,2.45053,,,,
X2/spectral_only__f1_s0,136,1.47526e-05,0,0.3,0.0456376,0.25,7.3703,7.3703,0.612165,0.0518973,0,28,0.517706,0.511399,0.542857,0.534921,0.538045,,,,,0.333333,41.3064,0,,,40.8925,5.72105,2.42543,,,,
X2/spectral_only__f1_s0,137,1.33181e-05,0,0.3,0.0452349,0.25,7.38466,7.38466,0.600446,0.0518973,0,28,0.515907,0.509485,0.539683,0.533333,0.538045,,,,,0.333333,39.1748,0,,,38.7229,5.84826,2.45536,,,,
X2/spectral_only__f1_s0,138,1.19958e-05,0,0.3,0.0448322,0.25,7.40443,7.40443,0.598214,0.0563616,0,28,0.502092,0.509485,0.528571,0.533333,0.538045,,,,,0.333333,40.1778,0,,,39.748,5.77094,2.43898,,,,
X2/spectral_only__f1_s0,139,1.07864e-05,0,0.3,0.0444295,0.25,7.47103,7.47103,0.609375,0.0552455,0,28,0.509396,0.510476,0.536508,0.534921,0.538045,,,,,0.333333,41.3304,0,,,40.8939,5.88359,2.45878,,,,
X2/spectral_only__f1_s0,140,9.69048e-06,0,0.3,0.0440268,0.25,7.57519,7.57519,0.59096,0.0541295,0,28,0.512402,0.512004,0.536508,0.536508,0.538045,0.725,0.737,0.892994,0.841742,0.333333,39.1084,0,,,38.6618,5.78496,2.44127,,,,
X2/spectral_only__f1_s1,1,0.0002,1,0,0.1,0.646967,5.10481,5.10481,0.0139509,0.0212054,0,28,0.032139,0.026568,0.0603175,0.0507937,0.032139,0.063,0.046,4.10865,4.14556,0.357143,14.1214,1,,,11.1525,8.63403,2.66259,,,0,100
X2/spectral_only__f1_s1,2,0.0003,1,0,0.0995973,0.643933,4.32708,4.32708,0.0329241,0.0585938,0,28,0.0461448,0.0452591,0.103175,0.0952381,0.0461448,0.104,0.098,3.70211,3.72102,0.333333,8.34178,0,,,6.02221,5.76625,2.2325,,,0,100
X2/spectral_only__f1_s1,3,0.0004,1,0,0.0991946,0.6409,4.01382,4.01382,0.0424107,0.078683,0,28,0.0592179,0.0963909,0.103175,0.149206,0.0963909,0.105,0.151,3.41979,3.3724,0.333333,7.26758,0,,,5.37666,4.88466,2.23018,,,0,100
X2/spectral_only__f1_s1,4,0.0005,1,0,0.0987919,0.637867,3.97984,3.97984,0.0412946,0.0959821,0,28,0.0817758,0.128539,0.134921,0.169841,0.128539,0.15,0.17,3.35025,3.2843,0.333333,6.29137,0,,,4.61021,4.27417,2.2798,,,0,100
X2/spectral_only__f1_s1,5,0.000499942,1,0,0.0983893,0.634833,3.97147,3.97147,0.0764509,0.114397,0,28,0.100371,0.140458,0.152381,0.190476,0.140458,0.142,0.195,3.26334,3.18847,0.309524,5.76017,0,,,4.22593,3.89802,2.3584,,,0,100
X2/spectral_only__f1_s1,6,0.000499768,1,0,0.0979866,0.6318,3.76104,3.76104,0.0887277,0.140067,0,28,0.121589,0.152244,0.174603,0.196825,0.152244,0.199,0.232,3.14391,3.06576,0.321429,5.75073,0,,,4.45046,3.63113,2.32529,,,0,100
X2/spectral_only__f1_s1,7,0.000499477,1,0,0.0975839,0.628767,3.72693,3.72693,0.0853795,0.136161,0,28,0.11776,0.177983,0.177778,0.228571,0.177983,0.214,0.243,3.05416,2.97348,0.25,5.53706,0,,,4.43404,3.28776,2.19714,,,0,100
X2/spectral_only__f1_s1,8,0.000499071,1,0,0.0971812,0.625733,3.6982,3.6982,0.102121,0.142299,0,28,0.141514,0.195972,0.188889,0.238095,0.195972,0.217,0.254,2.96234,2.89838,0.25,5.51524,0,,,4.44012,3.24971,2.28325,,,0,100
X2/spectral_only__f1_s1,9,0.000498549,1,0,0.0967785,0.6227,3.69313,3.69313,0.111049,0.15346,0,28,0.162381,0.202847,0.203175,0.244444,0.202847,0.218,0.265,2.95782,2.86754,0.214286,5.24441,0,,,4.2084,3.10396,2.26273,,,0,100
X2/spectral_only__f1_s1,10,0.000497912,1,0,0.0963758,0.619667,3.62481,3.62481,0.0859375,0.169085,0,28,0.190628,0.214403,0.238095,0.25873,0.214403,0.258,0.28,2.85582,2.81987,0.261905,5.92305,0,,,5.08275,2.99712,2.22894,,,0,100
X2/spectral_only__f1_s1,11,0.000497159,1,0,0.0959732,0.616633,3.54585,3.54585,0.107143,0.172991,0,28,0.17576,0.226328,0.219048,0.265079,0.226328,0.247,0.292,2.88236,2.75911,0.22619,5.79886,0,,,4.98244,2.9255,2.2302,,,0,100
X2/spectral_only__f1_s1,12,0.000496291,1,0,0.0955705,0.6136,3.5494,3.5494,0.0970982,0.1875,0,28,0.182887,0.230293,0.230159,0.271429,0.230293,0.252,0.298,2.77909,2.72286,0.202381,5.59694,0,,,4.7968,2.81287,2.22169,,,0,100
X2/spectral_only__f1_s1,13,0.00049531,1,0,0.0951678,0.610567,3.57102,3.57102,0.126674,0.197545,0,28,0.217632,0.241344,0.261905,0.279365,0.241344,0.279,0.309,2.74724,2.69092,0.297619,6.02099,0,,,5.32422,2.77985,2.2037,,,0,100
X2/spectral_only__f1_s1,14,0.000494214,1,0,0.0947651,0.607533,3.57745,3.57745,0.126674,0.185268,0,28,0.21883,0.256334,0.25873,0.292063,0.256334,0.277,0.308,2.7029,2.66593,0.238095,5.73794,0,,,5.06053,2.67033,2.20326,,,0,100
X2/spectral_only__f1_s1,15,0.000493004,1,0,0.0943624,0.6045,3.50914,3.50914,0.115513,0.203125,0,28,0.229141,0.251409,0.271429,0.287302,0.256334,,,,,0.261905,5.59552,0,,,4.9162,2.6327,2.12742,,,,
X2/spectral_only__f1_s1,16,0.000491682,1,0,0.0939597,0.601467,3.45398,3.45398,0.0959821,0.240513,0,28,0.198587,0.264356,0.247619,0.3,0.264356,0.279,0.32,2.63113,2.59032,0.285714,6.14766,0,,,5.55683,2.58328,2.1175,,,0,100
X2/spectral_only__f1_s1,17,0.000490247,1,0,0.093557,0.598433,3.35354,3.35354,0.112165,0.231027,0,28,0.215831,0.281163,0.25873,0.314286,0.281163,0.317,0.337,2.57631,2.53354,0.309524,6.29733,0,,,5.69117,2.65663,2.14199,,,0,100
X2/spectral_only__f1_s1,18,0.000488701,1,0,0.0931544,0.5954,3.38911,3.38911,0.121094,0.235491,0,28,0.216723,0.275448,0.260317,0.311111,0.281163,,,,,0.309524,6.57466,0,,,6.02363,2.59725,2.14401,,,,
X2/spectral_only__f1_s1,19,0.000487044,1,0,0.0927517,0.592367,3.43421,3.43421,0.123884,0.233817,0,28,0.24437,0.275889,0.28254,0.307937,0.281163,,,,,0.285714,6.05761,0,,,5.49837,2.51496,2.11633,,,,
X2/spectral_only__f1_s1,20,0.000485277,1,0,0.092349,0.589333,3.4638,3.4638,0.111049,0.234375,0,28,0.246417,0.281592,0.295238,0.315873,0.281592,0.332,0.349,2.49594,2.43997,0.333333,7.13401,0,,,6.64162,2.56509,2.14923,,,0,100
X2/spectral_only__f1_s1,21,0.000483401,1,0,0.0919463,0.5863,3.46827,3.46827,0.123884,0.226563,0,28,0.260124,0.283369,0.298413,0.320635,0.283369,0.336,0.358,2.50758,2.42737,0.321429,6.66104,0,,,6.16922,2.48194,2.18444,,,0,100
X2/spectral_only__f1_s1,22,0.000481416,1,0,0.0915436,0.583267,3.32244,3.32244,0.136161,0.257254,0,28,0.275142,0.29877,0.314286,0.333333,0.29877,0.358,0.368,2.42746,2.39682,0.321429,6.76466,0,,,6.27902,2.47131,2.15788,,,0,100
X2/spectral_only__f1_s1,23,0.000479324,1,0,0.0911409,0.580233,3.32299,3.32299,0.141183,0.260603,0,28,0.271975,0.294035,0.307937,0.330159,0.29877,,,,,0.321429,7.59259,0,,,7.15671,2.48711,2.1301,,,,
X2/spectral_only__f1_s1,24,0.000477125,1,0,0.0907383,0.5772,3.27774,3.27774,0.176339,0.260603,0,28,0.267959,0.296925,0.306349,0.333333,0.29877,,,,,0.321429,7.19151,0,,,6.78476,2.33867,2.01809,,,,
X2/spectral_only__f1_s1,25,0.000474821,1,0,0.0903356,0.574167,3.3647,3.3647,0.113281,0.236607,0,28,0.254216,0.298174,0.293651,0.334921,0.29877,0.34,0.392,2.39627,2.30313,0.321429,7.9003,0,,,7.5033,2.41279,2.11331,,,0,100
X2/spectral_only__f1_s1,26,0.000472412,1,0,0.0899329,0.571133,3.27022,3.27022,0.108259,0.270089,0,28,0.263821,0.301734,0.296825,0.338095,0.301734,0.378,0.397,2.31105,2.28016,0.333333,7.16099,0,,,6.74431,2.36267,2.06207,,,0,100
X2/spectral_only__f1_s1,27,0.000469901,1,0,0.0895302,0.5681,3.32278,3.32278,0.0993304,0.265067,0,28,0.282614,0.305061,0.320635,0.34127,0.305061,0.364,0.403,2.38748,2.25422,0.333333,7.85829,0,,,7.48564,2.34533,2.05807,,,0,100
X2/spectral_only__f1_s1,28,0.000467287,1,0,0.0891275,0.565067,3.26187,3.26187,0.167411,0.276786,0,28,0.31465,0.320095,0.342857,0.353968,0.320095,0.39,0.411,2.32679,2.22791,0.333333,7.54982,0,,,7.15869,2.36969,2.10142,,,0,100
X2/spectral_only__f1_s1,29,0.000464572,1,0,0.0887248,0.562033,3.2963,3.2963,0.165179,0.273996,0,28,0.254593,0.314395,0.303175,0.347619,0.320095,,,,,0.321429,7.49862,0,,,7.11593,2.32329,2.09429,,,,
X2/spectral_only__f1_s1,30,0.000461758,1,0,0.0883221,0.559,3.29946,3.29946,0.125,0.267857,0,28,0.273588,0.325384,0.307937,0.357143,0.325384,0.379,0.431,2.24926,2.18321,0.333333,7.67419,0,,,7.29823,2.34687,2.116,,,0,100
X2/spectral_only__f1_s1,31,0.000458846,1,0,0.0879195,0.555967,3.2584,3.2584,0.152902,0.27846,0,28,0.305365,0.332898,0.334921,0.365079,0.332898,0.407,0.441,2.25746,2.15762,0.333333,7.98028,0,,,7.6197,2.32891,2.1069,,,0,100
X2/spectral_only__f1_s1,32,0.000455836,1,0,0.0875168,0.552933,3.21273,3.21273,0.174107,0.302455,0,28,0.32208,0.342384,0.349206,0.37619,0.342384,0.41,0.445,2.22055,2.1309,0.333333,7.53913,0,,,7.18615,2.25445,2.03671,,,0,100
X2/spectral_only__f1_s1,33,0.000452732,1,0,0.0871141,0.5499,3.35788,3.35788,0.15346,0.257812,0,28,0.284711,0.343028,0.334921,0.373016,0.343028,0.396,0.448,2.32647,2.11655,0.333333,8.62739,1,,,8.30796,2.27952,2.13848,,,0,100
X2/spectral_only__f1_s1,34,0.000449533,1,0,0.0867114,0.546867,3.24794,3.24794,0.160156,0.301339,0,28,0.326264,0.347852,0.366667,0.380952,0.347852,0.393,0.467,2.16355,2.10723,0.333333,7.63033,0,,,7.31155,2.14848,2.01924,,,0,100
X2/spectral_only__f1_s1,35,0.000446242,1,0,0.0863087,0.543833,3.15215,3.15215,0.165737,0.311942,0,28,0.309392,0.354253,0.342857,0.385714,0.354253,0.412,0.468,2.16371,2.07871,0.333333,8.77662,0,,,8.46495,2.26992,2.05733,,,0,100
X2/spectral_only__f1_s1,36,0.00044286,1,0,0.085906,0.5408,3.2342,3.2342,0.167411,0.289062,0,28,0.336047,0.3487,0.379365,0.38254,0.354253,,,,,0.333333,10.1307,0,,,9.8761,2.18179,1.99465,,,,
X2/spectral_only__f1_s1,37,0.000439388,1,0,0.0855034,0.537767,3.18194,3.18194,0.186942,0.307478,0,28,0.317874,0.355476,0.360317,0.388889,0.355476,0.43,0.469,2.075,2.04137,0.333333,8.77087,0,,,8.46848,2.23396,2.06671,,,0,100
X2/spectral_only__f1_s1,38,0.000435829,1,0,0.0851007,0.534733,3.05914,3.05914,0.135603,0.331473,0,28,0.314281,0.356972,0.350794,0.388889,0.356972,0.422,0.478,2.13344,2.01168,0.333333,7.95579,0,,,7.62506,2.23203,2.00456,,,0,100
X2/spectral_only__f1_s1,39,0.000432184,1,0,0.084698,0.5317,3.20049,3.20049,0.106585,0.3125,0,28,0.325307,0.364047,0.355556,0.396825,0.364047,0.438,0.483,2.05423,1.99402,0.333333,9.37153,0,,,9.11738,2.12272,1.98204,,,0,100
X2/spectral_only__f1_s1,40,0.000428454,1,0,0.0842953,0.528667,3.11078,3.11078,0.197545,0.322545,0,28,0.338152,0.36699,0.368254,0.398413,0.36699,0.461,0.494,1.96954,1.97596,0.333333,8.90874,0,,,8.63219,2.14942,1.98005,,,0,100
X2/spectral_only__f1_s1,41,0.000424642,1,0,0.0838926,0.525633,2.96588,2.96588,0.234933,0.358817,0,28,0.368692,0.374841,0.395238,0.406349,0.374841,0.476,0.499,1.91925,1.94377,0.333333,10.3619,0,,,10.1119,2.21329,1.96759,,,0,100
X2/spectral_only__f1_s1,42,0.000420749,1,0,0.0834899,0.5226,3.10165,3.10165,0.195313,0.333705,0,28,0.367895,0.374702,0.398413,0.404762,0.374841,,,,,0.333333,9.21523,0,,,8.94042,2.18373,1.99329,,,,
X2/spectral_only__f1_s1,43,0.000416777,1,0,0.0830872,0.519567,3.15463,3.15463,0.163504,0.308036,0,28,0.333294,0.380502,0.371429,0.411111,0.380502,0.433,0.513,2.12071,1.90677,0.333333,9.98487,0,,,9.71666,2.24357,2.06948,,,0,100
X2/spectral_only__f1_s1,44,0.000412728,1,0,0.0826846,0.516533,3.11031,3.11031,0.160156,0.314732,0,28,0.358818,0.380529,0.385714,0.409524,0.380529,0.486,0.518,2.00279,1.89395,0.333333,9.24518,0,,,8.97617,2.16661,1.9991,,,0,100
X2/spectral_only__f1_s1,45,0.000408604,1,0,0.0822819,0.5135,2.97994,2.97994,0.188616,0.342634,0,28,0.362555,0.387551,0.385714,0.41746,0.387551,0.487,0.523,1.99879,1.87544,0.333333,9.54247,0,,,9.27246,2.1883,1.96852,,,0,100
X2/spectral_only__f1_s1,46,0.000404406,1,0,0.0818792,0.510467,3.08344,3.08344,0.19308,0.324219,0,28,0.376767,0.391025,0.403175,0.420635,0.391025,0.498,0.525,1.91006,1.86041,0.333333,9.25124,0,,,8.99544,2.12016,1.97301,,,0,100
X2/spectral_only__f1_s1,47,0.000400137,1,0,0.0814765,0.507433,3.09645,3.09645,0.163504,0.333705,0,28,0.344103,0.390957,0.374603,0.420635,0.391025,,,,,0.333333,9.73749,0,,,9.50071,2.09398,1.9631,,,,
X2/spectral_only__f1_s1,48,0.000395799,1,0,0.0810738,0.5044,2.87653,2.87653,0.204241,0.362165,0,28,0.380018,0.397502,0.404762,0.426984,0.397502,0.492,0.53,1.84652,1.82608,0.333333,9.60068,0,,,9.33968,2.17546,1.96138,,,0,100
X2/spectral_only__f1_s1,49,0.000391394,1,0,0.0806711,0.501367,3.06872,3.06871,0.162946,0.341518,0,28,0.347335,0.39372,0.380952,0.422222,0.397502,,,,,0.333333,9.45035,0,,,9.21026,2.07363,1.91712,,,,
X2/spectral_only__f1_s1,50,0.000386923,1,0,0.0802685,0.498333,2.95633,2.95633,0.182478,0.347098,0,28,0.370488,0.396514,0.4,0.425397,0.397502,0.489,0.54,1.83666,1.7936,0.333333,9.35003,0,,,9.09099,2.14991,1.96251,,,0,100
X2/spectral_only__f1_s1,51,0.000382389,1,0,0.0798658,0.4953,2.87672,2.87672,0.231585,0.388951,0,28,0.402462,0.407565,0.431746,0.434921,0.407565,0.506,0.545,1.7475,1.77287,0.333333,9.2508,0,,,8.99939,2.1042,1.89638,,,0,100
X2/spectral_only__f1_s1,52,0.000377795,1,0,0.0794631,0.492267,3.32265,3.32265,0.18471,0.290179,0,28,0.367615,0.410089,0.401587,0.436508,0.410089,0.474,0.538,1.97952,1.77071,0.333333,8.72795,0,,,8.47818,2.04137,1.99197,,,0,100
X2/spectral_only__f1_s1,53,0.000373141,1,0,0.0790604,0.489233,2.91883,2.91883,0.186942,0.37779,0,28,0.382411,0.410609,0.409524,0.439683,0.410609,0.521,0.54,1.78893,1.75758,0.333333,9.33538,0,,,9.08986,2.08324,1.93341,,,0,100
X2/spectral_only__f1_s1,54,0.000368431,1,0,0.0786577,0.4862,2.99844,2.99844,0.166853,0.378348,0,28,0.38748,0.413677,0.414286,0.44127,0.413677,0.507,0.544,1.85328,1.74534,0.333333,8.97998,0,,,8.73732,2.03696,1.91264,,,0,100
X2/spectral_only__f1_s1,55,0.000363667,1,0,0.078255,0.483167,2.91245,2.91245,0.155692,0.382254,0,28,0.388347,0.416168,0.41746,0.442857,0.416168,0.518,0.547,1.765,1.72909,0.333333,10.7064,0,,,10.4887,2.10065,1.91905,,,0,100
X2/spectral_only__f1_s1,56,0.00035885,1,0,0.0778523,0.480133,2.92755,2.92755,0.229353,0.353237,0,28,0.392048,0.418295,0.42381,0.444444,0.418295,0.532,0.553,1.66997,1.71809,0.333333,10.8355,0,,,10.6277,2.05559,1.91052,,,0,100
X2/spectral_only__f1_s1,57,0.000353983,1,0,0.0774497,0.4771,2.93225,2.93225,0.183594,0.359933,0,28,0.35905,0.421146,0.38254,0.447619,0.421146,0.498,0.551,1.81893,1.70164,0.333333,10.9493,0,,,10.7234,2.14418,1.92165,,,0,100
X2/spectral_only__f1_s1,58,0.000349069,1,0,0.077047,0.474067,2.79277,2.79277,0.190848,0.386161,0,28,0.390922,0.422739,0.41746,0.452381,0.422739,0.549,0.558,1.6293,1.68149,0.333333,11.9496,0,,,11.7472,2.13378,1.88677,,,0,100
X2/spectral_only__f1_s1,59,0.000344109,1,0,0.0766443,0.471033,2.98037,2.98037,0.220424,0.358817,0,28,0.376286,0.418075,0.407937,0.447619,0.422739,,,,,0.333333,10.1565,1,,,9.92229,2.12227,1.92648,,,,
X2/spectral_only__f1_s1,60,0.000339107,1,0,0.0762416,0.468,3.04862,3.04862,0.233259,0.348214,0,28,0.367125,0.424862,0.396825,0.453968,0.424862,0.521,0.567,1.78041,1.65709,0.333333,10.1091,0,,,9.88787,2.05897,1.94202,,,0,100
X2/spectral_only__f1_s1,61,0.000334063,1,0,0.0758389,0.464967,2.98974,2.98974,0.136719,0.347098,0,28,0.399232,0.426565,0.428571,0.455556,0.426565,0.526,0.574,1.73504,1.648,0.333333,10.5205,0,,,10.3111,2.05825,1.90361,,,0,100
X2/spectral_only__f1_s1,62,0.000328982,1,0,0.0754362,0.461933,2.82968,2.82968,0.212612,0.370536,0,28,0.393046,0.430437,0.420635,0.460317,0.430437,0.551,0.576,1.67703,1.63301,0.333333,10.0782,0,,,9.84655,2.11017,1.88478,,,0,100
X2/spectral_only__f1_s1,63,0.000323864,1,0,0.0750336,0.4589,2.84621,2.84621,0.196429,0.382254,0,28,0.388626,0.43183,0.412698,0.460317,0.43183,0.561,0.582,1.66355,1.62027,0.333333,11.5565,0,,,11.3494,2.11243,1.92066,,,0,100
X2/spectral_only__f1_s1,64,0.000318713,1,0,0.0746309,0.455867,2.79827,2.79827,0.216518,0.391183,0,28,0.39907,0.432348,0.426984,0.460317,0.432348,0.567,0.595,1.62065,1.60359,0.333333,12.1354,0,,,11.9388,2.11516,1.87768,,,0,100
X2/spectral_only__f1_s1,65,0.000313531,1,0,0.0742282,0.452833,3.07231,3.07231,0.212054,0.348772,0,28,0.412334,0.438503,0.442857,0.466667,0.438503,0.571,0.596,1.67987,1.59828,0.333333,10.5136,0,,,10.3002,2.05818,1.96147,,,0,100
X2/spectral_only__f1_s1,66,0.000308321,1,0,0.0738255,0.4498,2.77546,2.77546,0.229353,0.400112,0,28,0.403059,0.432533,0.430159,0.461905,0.438503,,,,,0.333333,11.445,0,,,11.2387,2.10721,1.86762,,,,
X2/spectral_only__f1_s1,67,0.000303084,1,0,0.0734228,0.446767,2.96695,2.96695,0.233817,0.368862,0,28,0.42741,0.432202,0.450794,0.460317,0.438503,,,,,0.333333,9.74981,0,,,9.53175,2.02251,1.88486,,,,
X2/spectral_only__f1_s1,68,0.000297823,1,0,0.0730201,0.443733,2.67102,2.67102,0.219308,0.412388,0,28,0.428936,0.436261,0.447619,0.465079,0.438503,,,,,0.333333,10.2615,0,,,10.03,2.10909,1.85437,,,,
X2/spectral_only__f1_s1,69,0.000292541,1,0,0.0726174,0.4407,2.97938,2.97938,0.235491,0.357701,0,28,0.42042,0.442542,0.453968,0.466667,0.442542,0.587,0.604,1.49841,1.55449,0.333333,10.3144,0,,,10.0957,2.06992,1.90805,,,0,100
X2/spectral_only__f1_s1,70,0.00028724,1,0,0.0722148,0.437667,2.73598,2.73598,0.24442,0.416295,0,28,0.421806,0.443343,0.446032,0.468254,0.443343,0.581,0.607,1.5646,1.53715,0.333333,11.2156,0,,,11.0108,2.08797,1.82384,,,0,100
X2/spectral_only__f1_s1,71,0.000281923,1,0,0.0718121,0.434633,2.88409,2.88409,0.202009,0.386719,0,28,0.42968,0.441729,0.455556,0.466667,0.443343,,,,,0.333333,10.5634,0,,,10.36,2.03197,1.85429,,,,
X2/spectral_only__f1_s1,72,0.000276592,1,0,0.0714094,0.4316,2.6963,2.6963,0.184152,0.424107,0,28,0.419325,0.443666,0.439683,0.468254,0.443666,0.591,0.61,1.49914,1.51344,0.333333,10.9995,0,,,10.796,2.05641,1.79057,,,0,100
X2/spectral_only__f1_s1,73,0.00027125,1,0,0.0710067,0.428567,2.84491,2.84491,0.175781,0.388951,0,28,0.431538,0.436294,0.455556,0.461905,0.443666,,,,,0.333333,11.3482,0,,,11.1521,2.05191,1.82711,,,,
X2/spectral_only__f1_s1,74,0.000265899,1,0,0.070604,0.425533,2.87758,2.87758,0.238839,0.398438,0,28,0.416739,0.442328,0.447619,0.468254,0.443666,,,,,0.333333,9.71278,0,,,9.49266,2.03339,1.82998,,,,
X2/spectral_only__f1_s1,75,0.000260542,1,0,0.0702013,0.4225,2.61579,2.61579,0.200893,0.448661,0,28,0.421695,0.450989,0.442857,0.474603,0.450989,0.593,0.618,1.42236,1.48322,0.333333,10.5137,0,,,10.2983,2.07462,1.80902,,,0,100
X2/spectral_only__f1_s1,76,0.000255181,1,0,0.0697987,0.419467,2.64953,2.64953,0.157924,0.422991,0,28,0.434378,0.447218,0.453968,0.471429,0.450989,,,,,0.333333,11.7147,0,,,11.5059,2.14253,1.8089,,,,
X2/spectral_only__f1_s1,77,0.000249819,1,0,0.069396,0.416433,2.80571,2.80571,0.184152,0.420759,0,28,0.445923,0.448118,0.460317,0.474603,0.450989,,,,,0.333333,11.0714,0,,,10.8739,2.03174,1.80738,,,,
X2/spectral_only__f1_s1,78,0.000244458,1,0,0.0689933,0.4134,2.8349,2.8349,0.123884,0.385045,0,28,0.440574,0.450917,0.461905,0.477778,0.450989,,,,,0.333333,12.6456,0,,,12.4639,2.07732,1.84686,,,,
X2/spectral_only__f1_s1,79,0.000239101,1,0,0.0685906,0.410367,2.68124,2.68124,0.25558,0.408482,0,28,0.473789,0.450903,0.484127,0.477778,0.473789,0.611,0.627,1.41951,1.44237,0.333333,12.1082,0,,,11.9136,2.10976,1.81192,,,0,100
X2/spectral_only__f1_s1,80,0.00023375,1,0,0.0681879,0.407333,2.58952,2.58952,0.292969,0.427455,0,28,0.464164,0.455098,0.485714,0.480952,0.473789,,,,,0.333333,11.4173,0,,,11.2066,2.13343,1.77812,,,,
X2/spectral_only__f1_s1,81,0.000228408,1,0,0.0677852,0.4043,2.78531,2.78531,0.202567,0.439174,0,28,0.423559,0.462359,0.457143,0.487302,0.473789,,,,,0.333333,11.3354,0,,,11.1319,2.08061,1.82153,,,,
X2/spectral_only__f1_s1,82,0.000223077,1,0,0.0673826,0.401267,2.88252,2.88252,0.272321,0.395647,0,28,0.449497,0.457465,0.468254,0.484127,0.473789,,,,,0.333333,10.4698,0,,,10.2728,1.9839,1.81374,,,,
X2/spectral_only__f1_s1,83,0.00021776,1,0,0.0669799,0.398233,2.85668,2.85668,0.281808,0.402344,0,28,0.434537,0.462982,0.455556,0.488889,0.473789,,,,,0.333333,10.4317,0,,,10.2303,2.00913,1.7984,,,,
X2/spectral_only__f1_s1,84,0.000212459,1,0,0.0665772,0.3952,2.76543,2.76543,0.243862,0.408482,0,28,0.419335,0.465093,0.446032,0.490476,0.473789,,,,,0.333333,10.3905,0,,,10.1723,2.09655,1.85822,,,,
X2/spectral_only__f1_s1,85,0.000207177,1,0,0.0661745,0.392167,2.67077,2.67077,0.191964,0.431362,0,28,0.457808,0.467154,0.48254,0.492063,0.473789,,,,,0.333333,10.7805,0,,,10.584,2.01466,1.76459,,,,
X2/spectral_only__f1_s1,86,0.000201916,1,0,0.0657718,0.389133,3.04104,3.04104,0.268415,0.357701,0,28,0.439483,0.465435,0.463492,0.490476,0.473789,,,,,0.333333,10.6414,0,,,10.4486,1.9833,1.85993,,,,
X2/spectral_only__f1_s1,87,0.000196679,1,0,0.0653691,0.3861,2.62007,2.62007,0.306362,0.438058,0,28,0.445688,0.463682,0.463492,0.488889,0.473789,,,,,0.333333,11.9241,0,,,11.7308,2.10186,1.79109,,,,
X2/spectral_only__f1_s1,88,0.000191469,1,0,0.0649664,0.383067,2.64867,2.64867,0.210938,0.448661,0,28,0.453036,0.466681,0.477778,0.490476,0.473789,,,,,0.333333,11.3473,0,,,11.1599,2.00809,1.70336,,,,
X2/spectral_only__f1_s1,89,0.000186287,1,0,0.0645638,0.380033,2.6326,2.6326,0.288504,0.44308,0,28,0.456642,0.472474,0.48254,0.496825,0.473789,,,,,0.333333,11.9577,0,,,11.7682,2.08265,1.75654,,,,
X2/spectral_only__f1_s1,90,0.000181136,1,0,0.0641611,0.377,2.59632,2.59632,0.228795,0.453683,0,28,0.458506,0.471372,0.480952,0.495238,0.473789,,,,,0.333333,12.576,0,,,12.3881,2.11949,1.79692,,,,
X2/spectral_only__f1_s1,91,0.000176018,1,0,0.0637584,0.373967,2.73834,2.73834,0.230469,0.432478,0,28,0.455119,0.469663,0.479365,0.493651,0.473789,,,,,0.333333,12.124,0,,,11.9357,2.06341,1.77424,,,,
X2/spectral_only__f1_s1,92,0.000170937,1,0,0.0633557,0.370933,2.72798,2.72798,0.222656,0.426339,0,28,0.44025,0.469938,0.466667,0.493651,0.473789,,,,,0.333333,12.4248,0,,,12.237,2.09426,1.80226,,,,
X2/spectral_only__f1_s1,93,0.000165893,1,0,0.062953,0.3679,2.60312,2.60312,0.234375,0.450335,0,28,0.468983,0.471176,0.484127,0.495238,0.473789,,,,,0.333333,14.4344,0,,,14.2672,2.11289,1.78775,,,,
X2/spectral_only__f1_s1,94,0.000160891,1,0,0.0625503,0.364867,2.58144,2.58144,0.267857,0.458705,0,28,0.472372,0.467504,0.492063,0.490476,0.473789,,,,,0.333333,11.2611,0,,,11.0597,2.07792,1.74627,,,,
X2/spectral_only__f1_s1,95,0.000155931,1,0,0.0621477,0.361833,2.64568,2.64568,0.313616,0.459263,0,28,0.459174,0.468543,0.485714,0.490476,0.473789,,,,,0.333333,11.5905,0,,,11.3923,2.09789,1.7437,,,,
X2/spectral_only__f1_s1,96,0.000151017,1,0,0.061745,0.3588,2.56155,2.56155,0.150112,0.426339,0,28,0.457216,0.468481,0.480952,0.490476,0.473789,,,,,0.333333,11.6339,0,,,11.4273,2.15495,1.76969,,,,
X2/spectral_only__f1_s1,97,0.00014615,1,0,0.0613423,0.355767,2.59353,2.59353,0.258371,0.451451,0,28,0.446024,0.470569,0.465079,0.492063,0.473789,,,,,0.333333,11.9834,0,,,11.7826,2.14363,1.7552,,,,
X2/spectral_only__f1_s1,98,0.000141333,1,0,0.0609396,0.352733,2.69102,2.69102,0.232701,0.462054,0,28,0.48155,0.467895,0.5,0.490476,0.48155,0.661,0.67,1.23957,1.29118,0.333333,11.2482,0,,,11.0555,2.03076,1.72106,,,0,100
X2/spectral_only__f1_s1,99,0.000136569,1,0,0.0605369,0.3497,2.81271,2.81271,0.25279,0.433594,0,28,0.464022,0.470779,0.488889,0.493651,0.48155,,,,,0.333333,11.5521,0,,,11.3596,2.05397,1.77198,,,,
X2/spectral_only__f1_s1,100,0.000131859,1,0,0.0601342,0.346667,2.46527,2.46527,0.261719,0.466518,0,28,0.4602,0.470107,0.477778,0.493651,0.48155,0.666,0.671,1.20942,1.27664,0.333333,12.0346,0,,,11.8437,2.09844,1.69001,,,0,100
X2/spectral_only__f1_s1,101,0.000127205,1,0,0.0597315,0.343633,2.55802,2.55802,0.232701,0.454241,0,28,0.451077,0.472954,0.465079,0.495238,0.48155,,,,,0.333333,12.7074,0,,,12.5124,2.15592,1.77613,,,,
X2/spectral_only__f1_s1,102,0.000122611,1,0,0.0593289,0.3406,2.67607,2.67607,0.157924,0.449777,0,28,0.473228,0.473348,0.495238,0.495238,0.48155,,,,,0.333333,11.8141,0,,,11.6203,2.07942,1.73647,,,,
X2/spectral_only__f1_s1,103,0.000118077,1,0,0.0589262,0.337567,2.56563,2.56563,0.238839,0.453125,0,28,0.477868,0.475513,0.501587,0.496825,0.48155,,,,,0.333333,11.9828,0,,,11.7822,2.13816,1.7209,,,,
X2/spectral_only__f1_s1,104,0.000113606,1,0,0.0585235,0.334533,2.49569,2.49569,0.27846,0.475446,0,28,0.469356,0.480627,0.490476,0.503175,0.48155,,,,,0.333333,11.9569,0,,,11.7581,2.13415,1.69071,,,,
X2/spectral_only__f1_s1,105,0.000109201,1,0,0.0581208,0.3315,2.68529,2.68529,0.276786,0.452009,0,28,0.461642,0.480192,0.484127,0.503175,0.48155,,,,,0.333333,11.2912,0,,,11.0939,2.05261,1.69327,,,,
X2/spectral_only__f1_s1,106,0.000104863,1,0,0.0577181,0.328467,2.50412,2.50412,0.25,0.495536,0,28,0.477947,0.483155,0.498413,0.504762,0.483155,0.678,0.677,1.18747,1.23212,0.333333,11.5599,0,,,11.3576,2.11185,1.69188,,,0,100
X2/spectral_only__f1_s1,107,0.000100594,1,0,0.0573154,0.325433,2.38199,2.38199,0.238839,0.504464,0,28,0.46866,0.482837,0.495238,0.504762,0.483155,,,,,0.333333,12.0408,0,,,11.8364,2.16908,1.69161,,,,
X2/spectral_only__f1_s1,108,9.63962e-05,1,0,0.0569128,0.3224,2.5963,2.5963,0.217076,0.483259,0,28,0.462577,0.486399,0.488889,0.507937,0.486399,0.681,0.684,1.23992,1.21857,0.333333,13.0718,0,,,12.8949,2.10019,1.70282,,,0,100
X2/spectral_only__f1_s1,109,9.22719e-05,1,0,0.0565101,0.319367,2.54718,2.54718,0.231585,0.466518,0,28,0.48278,0.486128,0.5,0.507937,0.486399,,,,,0.333333,12.5468,0,,,12.3539,2.13409,1.71092,,,,
X2/spectral_only__f1_s1,110,8.82228e-05,1,0,0.0561074,0.316333,2.60421,2.60421,0.296875,0.438616,0,28,0.466226,0.486397,0.488889,0.507937,0.486399,,,,,0.333333,12.3401,0,,,12.1468,2.14539,1.73504,,,,
X2/spectral_only__f1_s1,111,8.42509e-05,0,0,0.0557047,0.3133,1.8214,1.8214,0.5625,0.5625,0,28,0.496786,0.484605,0.514286,0.506349,0.496786,0.709,0.681,1.04987,1.19567,0.333333,11.7808,0,,,11.5522,2.27645,1.59616,,,0,100
X2/spectral_only__f1_s1,112,8.03579e-05,0,0.0020458,0.055302,0.310267,1.84986,1.84986,0.570871,0.557478,0,28,0.492433,0.484557,0.514286,0.506349,0.496786,,,,,0.333333,12.8352,0,,,12.6075,2.37233,1.57766,,,,
X2/spectral_only__f1_s1,113,7.65457e-05,0,0.00812741,0.0548993,0.307233,1.89807,1.89807,0.593192,0.547433,0,28,0.486248,0.4849,0.504762,0.506349,0.496786,,,,,0.333333,13.3614,0,,,13.1222,2.48691,1.6379,,,,
X2/spectral_only__f1_s1,114,7.28161e-05,0,0.0180789,0.0544966,0.3042,2.14276,2.14276,0.568638,0.465402,0,28,0.486906,0.486499,0.503175,0.507937,0.496786,,,,,0.333333,13.8624,0,,,13.5923,2.68823,1.75348,,,,
X2/spectral_only__f1_s1,115,6.91709e-05,0,0.0316289,0.054094,0.301167,2.36827,2.36827,0.564732,0.383371,0,28,0.503955,0.485837,0.519048,0.506349,0.503955,0.715,0.692,0.963379,1.12631,0.333333,17.3072,0,,,17.0401,2.98856,1.84251,,,0,100
X2/spectral_only__f1_s1,116,6.56117e-05,0,0.0484078,0.0536913,0.298133,2.63745,2.63745,0.592634,0.337054,0,28,0.501029,0.485377,0.515873,0.506349,0.503955,,,,,0.333333,17.9644,0,,,17.6735,3.17811,1.91526,,,,
X2/spectral_only__f1_s1,117,6.21402e-05,0,0.0679578,0.0532886,0.2951,3.05431,3.05431,0.595982,0.248884,0,28,0.495805,0.483817,0.515873,0.504762,0.503955,,,,,0.333333,20.5809,0,,,20.2653,3.54052,2.04638,,,,
X2/spectral_only__f1_s1,118,5.87581e-05,0,0.0897457,0.0528859,0.292067,3.49585,3.49585,0.593192,0.191406,0,28,0.509729,0.485137,0.525397,0.506349,0.509729,0.725,0.701,0.910612,1.0677,0.333333,21.9696,0,,,21.6286,3.79104,2.12053,,,0,100
X2/spectral_only__f1_s1,119,5.5467e-05,0,0.113177,0.0524832,0.289033,4.03577,4.03577,0.577567,0.15067,0,28,0.490766,0.484839,0.515873,0.506349,0.509729,,,,,0.333333,24.0957,0,,,23.7326,4.11547,2.21771,,,,
X2/spectral_only__f1_s1,120,5.22683e-05,0,0.137613,0.0520805,0.286,4.61738,4.61738,0.584263,0.09375,0,28,0.491826,0.490736,0.515873,0.511111,0.509729,,,,,0.333333,27.6248,0,,,27.2565,4.43659,2.30976,,,,
X2/spectral_only__f1_s1,121,4.91636e-05,0,0.162387,0.0516779,0.282967,5.11515,5.11515,0.578683,0.093192,0,28,0.487437,0.490582,0.507937,0.511111,0.509729,,,,,0.333333,28.4372,0,,,28.0561,4.57808,2.3132,,,,
X2/spectral_only__f1_s1,122,4.61544e-05,0,0.186823,0.0512752,0.279933,5.69503,5.69503,0.560826,0.0530134,0,28,0.491439,0.493364,0.514286,0.514286,0.509729,,,,,0.333333,28.0772,0,,,27.6436,4.85427,2.40651,,,,
X2/spectral_only__f1_s1,123,4.3242e-05,0,0.210254,0.0508725,0.2769,6.09402,6.09402,0.583147,0.0574777,0,28,0.481806,0.490519,0.507937,0.512698,0.509729,,,,,0.333333,29.8666,0,,,29.4287,5.02968,2.4223,,,,
X2/spectral_only__f1_s1,124,4.04278e-05,0,0.232042,0.0504698,0.273867,6.55595,6.55595,0.568638,0.046875,0,28,0.479695,0.490581,0.503175,0.512698,0.509729,,,,,0.333333,33.4117,1,,,33.0026,5.13441,2.4249,,,,
X2/spectral_only__f1_s1,125,3.77132e-05,0,0.251592,0.0500671,0.270833,6.81154,6.81154,0.558594,0.0457589,0,28,0.500962,0.49324,0.522222,0.515873,0.509729,0.71,0.709,0.948398,0.960579,0.333333,34.336,0,,,33.9078,5.31974,2.46668,,,0,100
X2/spectral_only__f1_s1,126,3.50995e-05,0,0.268371,0.0496644,0.2678,7.19889,7.19889,0.542411,0.0345982,0,28,0.481248,0.491851,0.509524,0.515873,0.509729,,,,,0.333333,31.8159,0,,,31.3591,5.33589,2.46854,,,,
X2/spectral_only__f1_s1,127,3.25877e-05,0,0.281921,0.0492617,0.264767,7.31802,7.31802,0.564174,0.0351562,0,28,0.478849,0.49237,0.506349,0.51746,0.509729,,,,,0.333333,35.4029,0,,,34.9656,5.439,2.47319,,,,
X2/spectral_only__f1_s1,128,3.01792e-05,0,0.291873,0.0488591,0.261733,7.39432,7.39432,0.570871,0.0379464,0,28,0.480479,0.496227,0.507937,0.520635,0.509729,,,,,0.333333,34.14,0,,,33.6855,5.50405,2.47259,,,,
X2/spectral_only__f1_s1,129,2.78751e-05,0,0.297954,0.0484564,0.2587,7.49275,7.49275,0.564732,0.0301339,0,28,0.483323,0.497135,0.511111,0.522222,0.509729,,,,,0.333333,35.0223,0,,,34.5797,5.50574,2.46703,,,,
X2/spectral_only__f1_s1,130,2.56764e-05,0,0.3,0.0480537,0.255667,7.59986,7.59986,0.548549,0.0379464,0,28,0.480828,0.495773,0.507937,0.520635,0.509729,,,,,0.333333,35.6732,0,,,35.22,5.5971,2.48595,,,,
X2/spectral_only__f1_s1,131,2.35841e-05,0,0.3,0.047651,0.252633,7.51026,7.51026,0.577567,0.0345982,0,28,0.479248,0.495234,0.509524,0.520635,0.509729,,,,,0.333333,36.1192,0,,,35.675,5.57997,2.46921,,,,
X2/spectral_only__f1_s1,132,2.15994e-05,0,0.3,0.0472483,0.25,7.57136,7.57136,0.577567,0.030692,0,28,0.476035,0.492722,0.506349,0.519048,0.509729,,,,,0.333333,36.0405,0,,,35.5932,5.5717,2.46697,,,,
X2/spectral_only__f1_s1,133,1.9723e-05,0,0.3,0.0468456,0.25,7.49664,7.49664,0.564732,0.0440848,0,28,0.484062,0.490742,0.512698,0.51746,0.509729,,,,,0.333333,36.8208,0,,,36.3721,5.65873,2.49998,,,,
X2/spectral_only__f1_s1,134,1.79558e-05,0,0.3,0.046443,0.25,7.53255,7.53255,0.577009,0.0491071,0,28,0.482118,0.492329,0.511111,0.519048,0.509729,,,,,0.333333,39.7388,0,,,39.3304,5.61593,2.46923,,,,
X2/spectral_only__f1_s1,135,1.62988e-05,0,0.3,0.0460403,0.25,7.43456,7.43456,0.56808,0.0541295,0,28,0.474982,0.494663,0.504762,0.520635,0.509729,,,,,0.333333,36.9608,0,,,36.5225,5.61322,2.44388,,,,
X2/spectral_only__f1_s1,136,1.47526e-05,0,0.3,0.0456376,0.25,7.38659,7.38659,0.59375,0.0491071,0,28,0.481193,0.494663,0.509524,0.520635,0.509729,,,,,0.333333,36.4379,0,,,35.9991,5.57383,2.42682,,,,
X2/spectral_only__f1_s1,137,1.33181e-05,0,0.3,0.0452349,0.25,7.47128,7.47128,0.571429,0.0507813,0,28,0.483498,0.490979,0.509524,0.51746,0.509729,,,,,0.333333,34.6874,0,,,34.2305,5.57623,2.42941,,,,
X2/spectral_only__f1_s1,138,1.19958e-05,0,0.3,0.0448322,0.25,7.46253,7.46253,0.579241,0.0513393,0,28,0.480284,0.488979,0.507937,0.515873,0.509729,,,,,0.333333,38.4945,0,,,38.063,5.6856,2.45473,,,,
X2/spectral_only__f1_s1,139,1.07864e-05,0,0.3,0.0444295,0.25,7.57807,7.57808,0.567522,0.046875,0,28,0.485247,0.488979,0.512698,0.515873,0.509729,,,,,0.333333,37.0195,0,,,36.5705,5.68912,2.46233,,,,
X2/spectral_only__f1_s1,140,9.69048e-06,0,0.3,0.0440268,0.25,7.43405,7.43405,0.589286,0.047433,0,28,0.485484,0.487196,0.512698,0.514286,0.509729,,,,,0.333333,36.8582,0,,,36.4077,5.66394,2.43819,,,,
X2/spectral_only__f1_s1,141,8.70853e-06,0,0.3,0.0436242,0.25,7.32836,7.32836,0.586496,0.0507813,0,28,0.486499,0.48877,0.512698,0.515873,0.509729,,,,,0.333333,35.9317,0,,,35.4739,5.67814,2.44609,,,,
X2/spectral_only__f1_s1,142,7.84101e-06,0,0.3,0.0432215,0.25,7.6057,7.6057,0.578683,0.0452009,0,28,0.486514,0.48877,0.514286,0.515873,0.509729,,,,,0.333333,40.0093,0,,,39.579,5.76998,2.49261,,,,
X2/spectral_only__f1_s1,143,7.08833e-06,0,0.3,0.0428188,0.25,7.48847,7.48847,0.578125,0.0546875,0,28,0.487507,0.487388,0.514286,0.514286,0.509729,0.712,0.715,0.983744,0.936172,0.333333,38.6421,0,,,38.2003,5.75477,2.46317,,,,
X4/grouped__f0_s0,1,0.0002,0,0,0,0,5.18874,5.18874,0.0407366,0.0407366,0,28,0.0206676,0.0186275,0.0603175,0.0555556,0.0206676,0.061,0.057,4.11905,4.15895,0.0952381,50.8188,7,40.5914,24.8205,14.0514,12.5899,3.45105,0,4.50203,0.0742566,99.9257
X4/grouped__f0_s0,2,0.0003,0,0,0,0,3.64138,3.64138,0.118304,0.118304,0,28,0.076089,0.0725042,0.126984,0.12381,0.076089,0.146,0.124,3.35692,3.37595,0,25.6355,0,16.9194,14.9721,8.43112,7.23242,2.59273,0,4.50172,0.855249,99.1447
X4/grouped__f0_s0,3,0.0004,0,0,0,0,3.1063,3.1063,0.162946,0.162946,0,28,0.126455,0.17502,0.166667,0.212698,0.17502,0.193,0.269,2.9848,2.77552,0,19.6018,1,11.2743,10.4239,9.25344,6.46515,2.53589,0,4.50174,12.6746,87.3254
X4/grouped__f0_s0,4,0.0005,0,0,0,0,2.86593,2.86593,0.209821,0.209821,0,28,0.172119,0.216868,0.207937,0.249206,0.216868,0.239,0.283,2.76614,2.51164,0.0119048,19.8949,0,11.4533,10.2956,9.2465,5.9413,2.52578,0,4.50134,24.477,75.523
X4/grouped__f0_s0,5,0.000499968,0,0,0,0,2.62326,2.62326,0.271205,0.271205,0,28,0.233734,0.256673,0.269841,0.296825,0.256673,0.289,0.369,2.41869,2.27964,0,13.8851,0,6.25517,5.79062,9.01602,5.4139,2.50372,0,4.50122,28.5525,71.4475
X4/grouped__f0_s0,6,0.000499872,0,0,0,0,2.3314,2.3314,0.327009,0.327009,0,28,0.202856,0.270997,0.250794,0.304762,0.270997,0.316,0.391,2.38869,2.07126,0,12.5572,0,5.08113,4.7191,8.82896,4.80319,2.3836,0,4.50118,27.7867,72.2133
X4/grouped__f0_s0,7,0.000499711,0,0,0,0,2.11957,2.11957,0.367746,0.367746,0,28,0.131737,0.334417,0.177778,0.366667,0.334417,0.213,0.439,3.08952,1.84953,0,12.6509,0,5.41624,3.96122,9.33645,4.60391,2.30227,0,4.50067,29.4952,70.5048
X4/grouped__f0_s0,8,0.000499486,0,0,0,0,1.95396,1.95396,0.418527,0.418527,0,28,0.155931,0.359022,0.201587,0.377778,0.359022,0.228,0.478,3.11171,1.76738,0,15.3625,0,5.57153,3.5655,12.7661,4.55167,2.27112,0,4.50035,30.4955,69.5045
X4/grouped__f0_s0,9,0.000499197,0,0,0,0,1.80716,1.80716,0.446987,0.446987,0,28,0.269112,0.415002,0.3,0.434921,0.415002,0.359,0.558,2.14737,1.52645,0,14.8842,0,6.46081,3.30965,12.0213,4.24439,2.15795,0,4.50032,27.7903,72.2097
X4/grouped__f0_s0,10,0.000498845,0,0,0,0,1.65786,1.65786,0.494978,0.494978,0,28,0.221335,0.450261,0.253968,0.466667,0.450261,0.282,0.617,2.58759,1.36123,0,17.4977,0,7.42094,3.15806,14.5908,4.09743,2.12601,0,4.50046,28.0991,71.9008
X4/grouped__f0_s0,11,0.000498428,0,0,0,0,1.5112,1.5112,0.517299,0.517299,0,28,0.292362,0.443246,0.326984,0.465079,0.450261,,,,,0,14.7312,0,8.18822,3.3214,10.7457,3.76668,1.97879,0,4.50114,,
X4/grouped__f0_s0,12,0.000497947,0,0,0,0,1.36758,1.36758,0.569754,0.569754,0,28,0.207191,0.416412,0.239683,0.446032,0.450261,,,,,0,16.123,0,9.01565,4.00189,11.5746,3.62571,1.84318,0,4.50015,,
X4/grouped__f0_s0,13,0.000497403,0,0,0,0,1.31301,1.31301,0.578125,0.578125,0,28,0.253915,0.42709,0.304762,0.449206,0.450261,,,,,0,17.5124,0,7.79627,3.51541,14.4152,3.74581,1.90556,0,4.50016,,
X4/grouped__f0_s0,14,0.000496795,0,0,0,0,1.16528,1.16528,0.61942,0.61942,0,28,0.339584,0.400626,0.368254,0.415873,0.450261,,,,,0,15.7226,0,7.01231,3.03266,12.7928,3.41427,1.79348,0,4.50065,,
X4/grouped__f0_s0,15,0.000496124,0,0,0,0,1.05974,1.05974,0.642299,0.642299,0,28,0.48778,0.455077,0.511111,0.474603,0.48778,0.664,0.648,1.02081,1.11979,0,17.9481,0,7.3817,2.91115,15.4035,3.3712,1.75469,0,4.50049,42.6795,57.3205
X4/grouped__f0_s0,16,0.000495389,0,0,0,0,0.989239,0.989239,0.667969,0.667969,0,28,0.427455,0.499936,0.455556,0.512698,0.499936,0.598,0.718,1.31679,0.921751,0,16.4743,0,7.05876,2.62654,14.0169,3.19838,1.68207,0,4.50023,40.6862,59.3138
X4/grouped__f0_s0,17,0.000494592,0,0,0,0,0.9372,0.9372,0.686942,0.686942,0,28,0.472022,0.537818,0.504762,0.555556,0.537818,0.703,0.758,0.866902,0.788711,0,16.1196,0,6.29145,2.27862,14.116,3.16451,1.63226,0,4.49972,36.8074,63.1926
X4/grouped__f0_s0,18,0.000493731,0,0,0,0,0.850808,0.850808,0.732701,0.732701,0,28,0.435744,0.560392,0.469841,0.574603,0.560392,0.657,0.783,1.10288,0.681969,0,17.4793,0,7.85099,2.6141,14.7795,3.14632,1.57869,0,4.49979,35.5779,64.4221
X4/grouped__f0_s0,19,0.000492808,0,0,0,0,0.831974,0.831974,0.722656,0.722656,0,28,0.300339,0.529803,0.333333,0.547619,0.560392,,,,,0,16.137,0,8.04441,2.74874,12.9323,3.0396,1.5236,0,4.50024,,
X4/grouped__f0_s0,20,0.000491823,0,0,0,0,0.788463,0.788463,0.730469,0.730469,0,28,0.389316,0.565121,0.411111,0.577778,0.565121,0.609,0.81,1.21821,0.591012,0,20.451,0,8.37578,2.66925,17.8926,2.99794,1.46114,0,4.50087,36.8204,63.1796
X4/grouped__f0_s0,21,0.000490775,0,0,0,0,0.722863,0.722863,0.758929,0.758929,0,28,0.408635,0.51254,0.453968,0.526984,0.565121,,,,,0,16.2799,0,7.15526,2.72359,13.766,2.86426,1.43003,0,4.50096,,
X4/grouped__f0_s0,22,0.000489666,0,0,0,0,0.671576,0.671576,0.767857,0.767857,0,28,0.517567,0.559775,0.531746,0.574603,0.565121,,,,,0,16.0688,0,7.57955,2.70129,13.065,2.84835,1.38477,0,4.50022,,
X4/grouped__f0_s0,23,0.000488495,0,0,0,0,0.559232,0.559232,0.816406,0.816406,0,28,0.535559,0.572172,0.552381,0.585714,0.572172,0.827,0.877,0.521605,0.421459,0,15.1373,0,6.49744,2.45701,12.8731,2.52375,1.21812,0,4.50019,34.4361,65.5639
X4/grouped__f0_s0,24,0.000487263,0,0,0,0,0.540063,0.540063,0.823103,0.823103,0,28,0.499747,0.569279,0.509524,0.57619,0.572172,,,,,0,16.3324,0,8.05286,2.84497,13.4249,2.71619,1.26273,0,4.49941,,
X4/grouped__f0_s0,25,0.00048597,0,0,0,0,0.439814,0.439814,0.860491,0.860491,0,28,0.531172,0.54794,0.550794,0.557143,0.572172,0.883,0.89,0.376744,0.404364,0,13.5049,0,6.81104,2.50815,10.9059,2.41895,1.10448,0,4.49981,37.936,62.064
X4/grouped__f0_s0,26,0.000484616,0,0,0,0,0.403099,0.403099,0.867188,0.867188,0,28,0.489831,0.543496,0.503175,0.561905,0.572172,,,,,0,13.0726,0,7.51509,2.71071,9.69872,2.34104,1.0548,0,4.49996,,
X4/grouped__f0_s0,27,0.000483202,0,0,0,0,0.427255,0.427256,0.857701,0.857701,0,28,0.290085,0.452125,0.330159,0.460317,0.572172,,,,,0,16.0734,0,9.28085,3.94316,11.7191,2.49866,1.07569,0,4.49975,,
X4/grouped__f0_s0,28,0.000481728,0,0,0,0,0.465298,0.465298,0.849888,0.849888,0,28,0.417185,0.396978,0.44127,0.419048,0.572172,,,,,0,16.499,0,8.86208,3.47499,12.8335,2.6531,1.12505,0,4.4996,,
X4/grouped__f0_s0,29,0.000480195,0,0,0,0,0.383423,0.383423,0.875558,0.875558,0,28,0.411357,0.504452,0.436508,0.526984,0.572172,,,,,0,16.0601,0,7.5584,2.87315,13.3754,2.44974,1.02754,0,4.50051,,
X4/grouped__f0_s0,30,0.000478603,0,0,0,0,0.309021,0.309021,0.905692,0.905692,0,28,0.538241,0.540946,0.544444,0.552381,0.572172,,,,,0,13.1468,0,7.36067,2.62905,10.1467,2.18406,0.909891,0,4.49949,,
X4/grouped__f0_s0,31,0.000476951,0,0,0,0,0.240121,0.240121,0.930804,0.930804,0,28,0.533822,0.550269,0.544444,0.563492,0.572172,,,,,0,12.354,0,7.00711,2.38502,9.49924,1.96905,0.804283,0,4.49919,,
X4/grouped__f0_s0,32,0.000475242,0,0,0,0,0.198984,0.198984,0.949219,0.949219,0,28,0.504962,0.573528,0.520635,0.58254,0.573528,0.897,0.97,0.322964,0.174696,0,11.216,0,6.64861,2.12496,8.38879,1.75075,0.715319,0,4.49961,34.9031,65.0969
X4/grouped__f0_s0,33,0.000473475,0,0,0,0,0.170703,0.170703,0.955357,0.955357,0,28,0.552527,0.580538,0.560317,0.584127,0.580538,0.961,0.984,0.144733,0.123451,0,10.7162,0,5.76519,2.16799,8.32667,1.6588,0.657057,0,4.49937,37.4641,62.5359
X4/grouped__f0_s0,34,0.00047165,0,0,0,0,0.133595,0.133595,0.970982,0.970982,0,28,0.520245,0.587165,0.528571,0.595238,0.587165,0.956,0.991,0.169122,0.108606,0,9.63146,0,4.91327,1.85958,7.69399,1.43032,0.549766,0,4.49937,39.822,60.178
X4/grouped__f0_s0,35,0.000469769,0,0,0,0,0.104749,0.104749,0.980469,0.980469,0,28,0.5458,0.579139,0.552381,0.588889,0.587165,,,,,0,7.90442,0,4.18746,1.64838,6.10054,1.19246,0.463632,0,4.49881,,
X4/grouped__f0_s0,36,0.000467831,0,0,0,0,0.077101,0.077101,0.986607,0.986607,0,28,0.562551,0.566298,0.571429,0.580952,0.587165,,,,,0,6.44333,0,4.34856,1.44096,4.16136,0.989365,0.375758,0,4.4989,,
X4/grouped__f0_s0,37,0.000465837,0,0,0,0,0.053938,0.053938,0.994978,0.994978,0,28,0.579153,0.590278,0.587302,0.593651,0.590278,0.985,1,0.0708104,0.0453006,0,4.89936,0,3.1169,1.2015,3.29881,0.786151,0.294159,0,4.4991,35.8207,64.1792
X4/grouped__f0_s0,38,0.000463788,0,0,0,0,0.0345016,0.0345016,0.998326,0.998326,0,28,0.558679,0.579969,0.566667,0.585714,0.590278,,,,,0,3.33493,0,2.01012,0.755703,2.42403,0.521482,0.195327,0,4.4989,,
X4/grouped__f0_s0,39,0.000461685,0,0,0,0,0.0238859,0.0238859,0.999442,0.999442,0,28,0.574942,0.578856,0.58254,0.580952,0.590278,,,,,0,2.30494,0,1.35687,0.52116,1.68883,0.388834,0.141741,0,4.49966,,
X4/grouped__f0_s0,40,0.000459526,0,0,0,0,0.0167965,0.0167965,1,1,0,28,0.584879,0.588845,0.588889,0.592063,0.590278,,,,,0,1.67082,0,1.04125,0.391847,1.1745,0.263627,0.0943599,0,4.49945,,
X4/grouped__f0_s0,41,0.000457314,0,0,0,0,0.0105063,0.0105063,1,1,0,28,0.575794,0.585632,0.58254,0.590476,0.590278,,,,,0,0.833188,0,0.492969,0.185086,0.616461,0.145321,0.0526431,0,4.49913,,
X4/grouped__f0_s0,42,0.000455049,0,0,0,0,0.00809124,0.00809124,1,1,0,28,0.58728,0.587096,0.593651,0.590476,0.590278,,,,,0,0.500231,0,0.2946,0.120557,0.362379,0.0932084,0.0336502,0,4.4996,,
X4/grouped__f0_s0,43,0.000452732,0,0,0,0,0.00670469,0.00670469,1,1,0,28,0.582714,0.581661,0.588889,0.587302,0.590278,,,,,0,0.401986,0,0.217168,0.0858882,0.309017,0.0721334,0.0259336,0,4.49927,,
X4/grouped__f0_s0,44,0.000450362,0,0,0,0,0.00611397,0.00611397,1,1,0,28,0.569641,0.587899,0.57619,0.592063,0.590278,,,,,0,0.337512,0,0.17624,0.0783267,0.263075,0.0643298,0.0229043,0,4.49936,,
X4/grouped__f0_s0,45,0.000447941,0,0,0,0,0.0054493,0.0054493,1,1,0,28,0.581866,0.592233,0.587302,0.596825,0.592233,1,1,0.00441682,0.00780096,0,0.287486,0,0.163016,0.0685897,0.213077,0.0574636,0.0205485,0,4.49967,38.1618,61.8382
X4/grouped__f0_s0,46,0.000445469,0,0,0,0,0.00523083,0.00523083,1,1,0,28,0.583074,0.585267,0.588889,0.590476,0.592233,,,,,0,0.276235,0,0.175424,0.0669742,0.187398,0.0531328,0.0188928,0,4.49926,,
X4/grouped__f0_s0,47,0.000442948,0,0,0,0,0.00461136,0.00461136,1,1,0,28,0.578471,0.585724,0.584127,0.592063,0.592233,,,,,0,0.237748,0,0.129049,0.0579865,0.180211,0.0479918,0.0170988,0,4.49921,,
X4/grouped__f0_s0,48,0.000440376,0,0,0,0,0.00429132,0.00429132,1,1,0,28,0.575306,0.575879,0.579365,0.580952,0.592233,,,,,0,0.247329,0,0.127795,0.0548491,0.194874,0.0471988,0.0164808,0,4.49942,,
X4/grouped__f0_s0,49,0.000437756,0,0,0,0,0.00407629,0.00407629,1,1,0,28,0.583861,0.580216,0.590476,0.584127,0.592233,,,,,0,0.234067,0,0.130261,0.0528534,0.177621,0.043379,0.0151616,0,4.49873,,
X4/grouped__f0_s0,50,0.000435088,0,0,0,0,0.00389004,0.00389004,1,1,0,28,0.576885,0.577613,0.58254,0.58254,0.592233,1,1,0.00319453,0.00474976,0,0.202258,0,0.113495,0.0488887,0.150486,0.0402081,0.0139354,0,4.49888,40.5196,59.4804
X4/grouped__f0_s0,51,0.000432373,0,0,0,0,0.00366186,0.00366186,1,1,0,28,0.580494,0.580535,0.584127,0.585714,0.592233,,,,,0,0.200857,0,0.109453,0.0471585,0.15351,0.0374433,0.0130781,0,4.49842,,
X4/grouped__f0_s0,52,0.000429611,0,0,0,0,0.00339649,0.00339649,1,1,0,28,0.578215,0.57629,0.584127,0.580952,0.592233,,,,,0,0.182036,0,0.104917,0.0444327,0.133224,0.0360397,0.0124412,0,4.49953,,
X4/grouped__f0_s0,53,0.000426803,0,0,0,0,0.00326687,0.00326687,1,1,0,28,0.580634,0.580339,0.584127,0.585714,0.592233,,,,,0,0.183947,0,0.0967232,0.0421902,0.143252,0.0345944,0.0118507,0,4.4992,,
X4/grouped__f0_s0,54,0.000423949,0,0,0,0,0.00321955,0.00321955,1,1,0,28,0.575232,0.580541,0.580952,0.585714,0.592233,,,,,0,0.171001,0,0.100737,0.041595,0.124476,0.0334596,0.0114385,0,4.49894,,
X4/grouped__f0_s0,55,0.000421051,0,0,0,0,0.00317076,0.00317076,1,1,0,28,0.580515,0.581819,0.585714,0.587302,0.592233,,,,,0,0.173987,0,0.0984209,0.0412176,0.129474,0.0333761,0.0112573,0,4.49927,,
X4/grouped__f0_s0,56,0.00041811,0,0,0,0,0.00287267,0.00287267,1,1,0,28,0.579524,0.58001,0.584127,0.585714,0.592233,,,,,0,0.148507,0,0.0896689,0.0360481,0.105486,0.0291449,0.0100295,0,4.49867,,
X4/grouped__f0_s0,57,0.000415125,0,0,0,0,0.00288879,0.00288879,1,1,0,28,0.577172,0.578015,0.580952,0.58254,0.592233,,,,,0,0.163988,0,0.0939059,0.0391192,0.121885,0.0314132,0.0102813,0,4.49854,,
X4/grouped__f0_s0,58,0.000412098,0,0,0,0,0.00274252,0.00274252,1,1,0,28,0.569642,0.576054,0.574603,0.580952,0.592233,,,,,0,0.162176,0,0.091032,0.0371054,0.122325,0.0302532,0.01001,0,4.49854,,
X4/grouped__f0_s0,59,0.00040903,0,0,0,0,0.00257282,0.00257282,1,1,0,28,0.572945,0.578933,0.577778,0.584127,0.592233,,,,,0,0.143858,0,0.0780997,0.0335282,0.109771,0.0272481,0.00910749,0,4.49903,,
X4/grouped__f0_s0,60,0.000405921,0,0,0,0,0.00241553,0.00241553,1,1,0,28,0.579354,0.575017,0.584127,0.580952,0.592233,,,,,0,0.144396,0,0.0840632,0.034001,0.10586,0.0271041,0.00893124,0,4.49897,,
X4/grouped__f0_s0,61,0.000402773,0,0,0,0,0.0023996,0.0023996,1,1,0,28,0.57284,0.576846,0.577778,0.58254,0.592233,,,,,0,0.135442,0,0.0734042,0.0332832,0.103034,0.0263102,0.00871851,0,4.49835,,
X4/grouped__f0_s0,62,0.000399585,0,0,0,0,0.00227774,0.00227774,1,1,0,28,0.58207,0.576272,0.585714,0.580952,0.592233,,,,,0,0.122142,0,0.0701597,0.0300085,0.0903667,0.0239589,0.00785723,0,4.49911,,
X4/grouped__f0_s0,63,0.000396359,0,0,0,0,0.00222911,0.00222911,1,1,0,28,0.57843,0.577914,0.58254,0.58254,0.592233,,,,,0,0.119483,0,0.0676677,0.0298332,0.089048,0.0234928,0.00769527,0,4.49814,,
X4/grouped__f0_s0,64,0.000393096,0,0,0,0,0.00208193,0.00208193,1,1,0,28,0.573591,0.575921,0.577778,0.580952,0.592233,,,,,0,0.119889,0,0.0642309,0.0285753,0.092144,0.0228286,0.00750388,0,4.49942,,
X4/grouped__f0_s0,65,0.000389796,0,0,0,0,0.00194461,0.00194461,1,1,0,28,0.575654,0.572072,0.579365,0.57619,0.592233,,,,,0,0.110439,0,0.0602927,0.026531,0.0842828,0.0209698,0.0069131,0,4.49859,,
X4/grouped__f0_s0,66,0.000386461,0,0,0,0,0.00195371,0.00195371,1,1,0,28,0.574236,0.57627,0.577778,0.579365,0.592233,,,,,0,0.104611,0,0.0605725,0.026296,0.0761371,0.020655,0.00678194,0,4.49828,,
X4/grouped__f0_s0,67,0.000383091,0,0,0,0,0.00186013,0.00186013,1,1,0,28,0.579176,0.573148,0.58254,0.577778,0.592233,,,,,0,0.100615,0,0.0575946,0.0248896,0.0738552,0.0197778,0.00646124,0,4.49935,,
X4/grouped__f0_s0,68,0.000379687,0,0,0,0,0.00182055,0.00182055,1,1,0,28,0.569795,0.572013,0.574603,0.57619,0.592233,,,,,0,0.106374,0,0.060608,0.0262964,0.0789586,0.0203791,0.00650508,0,4.49892,,
X4/grouped__f0_s0,69,0.00037625,0,0,0,0,0.00195129,0.00195129,1,1,0,28,0.573779,0.573813,0.577778,0.577778,0.592233,,,,,0,0.113917,0,0.061479,0.0286662,0.086194,0.0220618,0.00689176,0,4.49891,,
X4/grouped__f0_s0,70,0.000372781,0,0,0,0,0.00169953,0.00169953,1,1,0,28,0.579469,0.571123,0.58254,0.574603,0.592233,,,,,0,0.092036,0,0.0525857,0.0231125,0.0678795,0.0182157,0.00592181,0,4.49911,,
X4/grouped__f0_s0,71,0.000369281,0,0,0,0,0.00173011,0.00173011,1,1,0,28,0.573789,0.576618,0.579365,0.580952,0.592233,,,,,0,0.0976122,0,0.0611876,0.0244453,0.0675521,0.018364,0.00590833,0,4.49884,,
X4/grouped__f0_s0,72,0.00036575,0,0,0,0,0.00162175,0.00162175,1,1,0,28,0.571344,0.575801,0.574603,0.579365,0.592233,,,,,0,0.0928905,0,0.0514958,0.0225657,0.069887,0.0176303,0.00563271,0,4.49885,,
X4/grouped__f0_s0,73,0.00036219,0,0,0,0,0.00157867,0.00157867,1,1,0,28,0.575727,0.572734,0.579365,0.577778,0.592233,,,,,0,0.0887853,0,0.0518861,0.0223523,0.0645407,0.0174187,0.00551129,0,4.49824,,
X4/grouped__f0_s0,74,0.000358601,0,0,0,0,0.00153502,0.00153502,1,1,0,28,0.577126,0.57374,0.580952,0.577778,0.592233,,,,,0,0.103255,0,0.0654279,0.0233315,0.0717034,0.0173775,0.00542649,0,4.49845,,
X4/grouped__f0_s0,75,0.000354985,0,0,0,0,0.00151067,0.00151067,1,1,0,28,0.57601,0.576024,0.580952,0.580952,0.592233,1,1,0.00121116,0.00156187,0,0.0820163,0,0.0472004,0.0209107,0.0600808,0.0157926,0.00506884,0,4.49892,44.0336,55.9664
X4/grouped__f0_s0,76,0.000351343,0,0,0,0,0.00141709,0.00141709,1,1,0,28,0.579298,0.575292,0.58254,0.579365,0.592233,,,,,0,0.0773247,0,0.0452782,0.0202011,0.0556684,0.0149232,0.00477989,0,4.49807,,
X4/grouped__f0_s0,77,0.000347674,0,0,0,0,0.00147425,0.00147425,1,1,0,28,0.575561,0.573713,0.579365,0.577778,0.592233,,,,,0,0.0884258,0,0.0485057,0.0212785,0.0668487,0.0165702,0.00511802,0,4.49901,,
X4/grouped__f0_s0,78,0.000343981,0,0,0,0,0.00129328,0.00129328,1,1,0,28,0.576527,0.572863,0.580952,0.57619,0.592233,,,,,0,0.0714285,0,0.0383145,0.0175998,0.0546145,0.0137422,0.00442241,0,4.49834,,
X4/grouped__f0_s0,79,0.000340265,0,0,0,0,0.00133665,0.00133665,1,1,0,28,0.574377,0.572947,0.577778,0.57619,0.592233,,,,,0,0.0761026,0,0.0439402,0.0184664,0.0555911,0.0144374,0.00456737,0,4.4992,,
X4/grouped__f0_s0,80,0.000336525,0,0,0,0,0.00127526,0.00127526,1,1,0,28,0.575657,0.574035,0.579365,0.579365,0.592233,,,,,0,0.0704325,0,0.0412176,0.0180419,0.0512442,0.0134431,0.00428404,0,4.49845,,
X4/grouped__f0_s0,81,0.000332764,0,0,0,0,0.00122067,0.00122067,1,1,0,28,0.57585,0.570083,0.579365,0.574603,0.592233,,,,,0,0.0685656,0,0.038006,0.0172157,0.0518104,0.0129016,0.00409224,0,4.49957,,
X4/grouped__f0_s0,82,0.000328982,0,0,0,0,0.00118334,0.00118334,1,1,0,28,0.577261,0.576615,0.580952,0.579365,0.592233,,,,,0,0.0674094,0,0.0408278,0.0176691,0.0474539,0.0132255,0.00414906,0,4.49862,,
X4/grouped__f0_s0,83,0.00032518,0,0,0,0,0.00116948,0.00116948,1,1,0,28,0.574941,0.574362,0.579365,0.577778,0.592233,,,,,0,0.0679304,0,0.0400236,0.0171841,0.0491459,0.0127928,0.00402885,0,4.49863,,
X4/grouped__f0_s0,84,0.000321359,0,0,0,0,0.00116063,0.00116063,1,1,0,28,0.572732,0.57518,0.57619,0.577778,0.592233,,,,,0,0.0656168,0,0.0377745,0.016408,0.0475331,0.0124276,0.00386977,0,4.49872,,
X4/grouped__f0_s0,85,0.00031752,0,0,0,0,0.00113629,0.00113629,1,1,0,28,0.57247,0.570046,0.577778,0.574603,0.592233,,,,,0,0.0670066,0,0.03813,0.0160833,0.0496256,0.0124183,0.00385355,0,4.49917,,
X4/grouped__f0_s0,86,0.000313664,0,0,0,0,0.00105916,0.00105916,1,1,0,28,0.577116,0.573018,0.580952,0.57619,0.592233,,,,,0,0.0640343,0,0.0351571,0.0150242,0.0485372,0.0115834,0.00366029,0,4.49934,,
X4/grouped__f0_s0,87,0.000309793,0,0,0,0,0.00110299,0.00110299,1,1,0,28,0.579417,0.576342,0.584127,0.580952,0.592233,,,,,0,0.0681726,0,0.0408019,0.0163885,0.0495099,0.0122298,0.00374757,0,4.499,,
X4/grouped__f0_s0,88,0.000305907,0,0,0,0,0.000982466,0.000982467,1,1,0,28,0.578636,0.579003,0.58254,0.58254,0.592233,,,,,0,0.0560774,0,0.0315426,0.014066,0.0416449,0.0106925,0.00338489,0,4.49873,,
X4/grouped__f0_s0,89,0.000302006,0,0,0,0,0.00106617,0.00106617,1,1,0,28,0.582913,0.578409,0.587302,0.58254,0.592233,,,,,0,0.0664075,0,0.0375003,0.0158453,0.0494117,0.0120269,0.00368973,0,4.49936,,
X4/grouped__f0_s0,90,0.000298093,0,0,0,0,0.00101653,0.00101653,1,1,0,28,0.578369,0.576306,0.58254,0.579365,0.592233,,,,,0,0.0586463,0,0.0347082,0.015163,0.0420462,0.0112303,0.0034575,0,4.49858,,
X4/grouped__f0_s0,91,0.000294168,0,0,0,0,0.000948807,0.000948807,1,1,0,28,0.576971,0.576396,0.580952,0.579365,0.592233,,,,,0,0.0517736,0,0.0290149,0.0134165,0.0383961,0.0101108,0.00318011,0,4.49833,,
X4/grouped__f0_s0,92,0.000290233,0,0,0,0,0.000945329,0.000945329,1,1,0,28,0.577128,0.572493,0.580952,0.57619,0.592233,,,,,0,0.0565084,0,0.0315402,0.0142346,0.0421464,0.0106882,0.00327249,0,4.49855,,
X4/grouped__f0_s0,93,0.000286287,0,0,0,0,0.000917692,0.000917692,1,1,0,28,0.57827,0.575978,0.58254,0.579365,0.592233,,,,,0,0.0549968,0,0.0321746,0.0135126,0.0404557,0.010059,0.00311919,0,4.49829,,
X4/grouped__f0_s0,94,0.000282333,0,0,0,0,0.000913404,0.000913404,1,1,0,28,0.578284,0.576086,0.58254,0.579365,0.592233,,,,,0,0.0520223,0,0.0289159,0.0131996,0.0389155,0.00983098,0.00303091,0,4.49869,,
X4/grouped__f0_s0,95,0.000278371,0,0,0,0,0.000902202,0.000902202,1,1,0,28,0.574158,0.579683,0.579365,0.584127,0.592233,,,,,0,0.0509613,0,0.0310348,0.0134583,0.0355343,0.00971318,0.00297911,0,4.49874,,
X4/grouped__f0_s0,96,0.000274402,0,0,0,0,0.000856712,0.000856712,1,1,0,28,0.575544,0.573891,0.580952,0.577778,0.592233,,,,,0,0.0455519,0,0.0256439,0.0120047,0.0336972,0.00930703,0.00289277,0,4.49939,,
X4/grouped__f0_s0,97,0.000270428,0,0,0,0,0.00084604,0.00084604,1,1,0,28,0.573881,0.573,0.577778,0.57619,0.592233,,,,,0,0.0490183,0,0.0283748,0.0124727,0.0356537,0.00942245,0.0028936,0,4.49922,,
X4/grouped__f0_s0,98,0.000266449,0,0,0,0,0.000840455,0.000840455,1,1,0,28,0.574713,0.575781,0.577778,0.579365,0.592233,,,,,0,0.0433674,0,0.0261709,0.0116973,0.0306137,0.00874588,0.00273844,0,4.49848,,
X4/grouped__f0_s0,99,0.000262466,0,0,0,0,0.000845454,0.000845454,1,1,0,28,0.573493,0.575339,0.577778,0.579365,0.592233,,,,,0,0.0492546,0,0.0291265,0.0123369,0.0356487,0.00926354,0.00280375,0,4.49847,,
X4/grouped__f0_s0,100,0.000258481,0,0,0,0,0.000825057,0.000825057,1,1,0,28,0.575854,0.574769,0.579365,0.577778,0.592233,1,1,0.000685499,0.000856596,0,0.0471142,0,0.0289072,0.0120613,0.0328891,0.00901905,0.00274752,0,4.4981,45.0912,54.9088
X4/grouped__f0_s0,101,0.000254494,0,0,0,0,0.000855061,0.000855061,1,1,0,28,0.580449,0.573514,0.584127,0.577778,0.592233,,,,,0,0.0511713,0,0.0299104,0.0129078,0.0375606,0.00943937,0.00282099,0,4.49931,,
X4/grouped__f0_s0,102,0.000250506,0,0,0,0,0.000856059,0.000856059,1,1,0,28,0.57229,0.577864,0.57619,0.580952,0.592233,,,,,0,0.0524352,0,0.0319151,0.0132866,0.0372564,0.0100163,0.00298325,0,4.49846,,
X4/grouped__f0_s0,103,0.000246519,0,0,0,0,0.00078724,0.00078724,1,1,0,28,0.575087,0.575466,0.579365,0.579365,0.592233,,,,,0,0.0477405,0,0.0289283,0.0123559,0.0336801,0.00854631,0.0026052,0,4.49931,,
X4/grouped__f0_s0,104,0.000242534,0,0,0,0,0.000785273,0.000785273,1,1,0,28,0.575143,0.578856,0.579365,0.58254,0.592233,,,,,0,0.047593,0,0.0257379,0.0115057,0.036546,0.00862508,0.00259823,0,4.49885,,
X4/grouped__f0_s0,105,0.000238551,0,0,0,0,0.000782683,0.000782683,1,1,0,28,0.573001,0.575278,0.57619,0.579365,0.592233,,,,,0,0.0414563,0,0.0227821,0.0109847,0.0311468,0.00825784,0.00251711,0,4.49832,,
X4/grouped__f0_s0,106,0.000234572,0,0,0,0,0.000757576,0.000757576,1,1,0,28,0.573701,0.57708,0.577778,0.580952,0.592233,,,,,0,0.0482413,0,0.026718,0.012449,0.0360024,0.00880099,0.00261745,0,4.49869,,
X4/grouped__f0_s0,107,0.000230598,0,0,0,0,0.000719582,0.000719582,1,1,0,28,0.576509,0.575667,0.580952,0.579365,0.592233,,,,,0,0.0424654,0,0.0266553,0.0109308,0.0293067,0.00808819,0.00242879,0,4.49879,,
X4/grouped__f0_s0,108,0.000226629,0,0,0,0,0.000707091,0.000707091,1,1,0,28,0.572228,0.57634,0.57619,0.579365,0.592233,,,,,0,0.038696,0,0.0223318,0.00988951,0.0282153,0.00732984,0.00222899,0,4.4986,,
X4/grouped__f0_s0,109,0.000222667,0,0,0,0,0.000714958,0.000714958,1,1,0,28,0.573426,0.572086,0.577778,0.57619,0.592233,,,,,0,0.0437877,0,0.0247308,0.0113382,0.0322275,0.00827235,0.00245466,0,4.49852,,
X4/grouped__f0_s0,110,0.000218713,0,0,0,0,0.00069906,0.00069906,1,1,0,28,0.571885,0.574124,0.57619,0.577778,0.592233,,,,,0,0.040081,0,0.0237854,0.0102504,0.0289186,0.00749386,0.0022732,0,4.49902,,
X4/grouped__f0_s0,111,0.000214767,0,0,0,0,0.000669829,0.000669829,1,1,0,28,0.571023,0.574295,0.574603,0.577778,0.592233,,,,,0,0.037853,0,0.0228888,0.00999207,0.0262799,0.00727816,0.0022328,0,4.49883,,
X4/grouped__f0_s0,112,0.000210832,0,0,0,0,0.000680313,0.000680313,1,1,0,28,0.575573,0.57301,0.579365,0.57619,0.592233,,,,,0,0.0399788,0,0.0231839,0.0104905,0.0293797,0.00755419,0.00226259,0,4.49889,,
X4/grouped__f0_s0,113,0.000206907,0,0,0,0,0.000657,0.000657,1,1,0,28,0.569337,0.575086,0.573016,0.577778,0.592233,,,,,0,0.0365704,0,0.0222485,0.0102132,0.0255456,0.00727431,0.00218992,0,4.49871,,
X4/grouped__f0_s0,114,0.000202994,0,0,0,0,0.000672123,0.000672123,1,1,0,28,0.572611,0.571573,0.57619,0.574603,0.592233,,,,,0,0.0405171,0,0.0235578,0.0104932,0.0292816,0.00774745,0.00228473,0,4.49827,,
X4/grouped__f0_s0,115,0.000199093,0,0,0,0,0.000661462,0.000661462,1,1,0,28,0.569089,0.57178,0.573016,0.574603,0.592233,,,,,0,0.042639,0,0.0247491,0.0105473,0.0313357,0.0077747,0.00227731,0,4.49837,,
X4/grouped__f0_s0,116,0.000195207,0,0,0,0,0.000643129,0.000643129,1,1,0,28,0.571666,0.571389,0.57619,0.574603,0.592233,,,,,0,0.0395149,0,0.0235946,0.0104466,0.028119,0.00743496,0.00220076,0,4.49849,,
X4/grouped__f0_s0,117,0.000191336,0,0,0,0,0.000667527,0.000667527,1,1,0,28,0.570651,0.571944,0.574603,0.574603,0.592233,,,,,0,0.0416937,0,0.0240554,0.0102794,0.030796,0.00764657,0.00224503,0,4.4985,,
X4/grouped__f0_s0,118,0.00018748,0,0,0,0,0.000602312,0.000602312,1,1,0,28,0.574205,0.572957,0.577778,0.57619,0.592233,,,,,0,0.0389496,0,0.0231811,0.00992984,0.0281076,0.00716725,0.0020885,0,4.49847,,
X4/grouped__f0_s0,119,0.000183641,0,0,0,0,0.000600335,0.000600335,1,1,0,28,0.573223,0.573212,0.577778,0.57619,0.592233,,,,,0,0.032687,0,0.0193297,0.00891174,0.023378,0.00647158,0.00194599,0,4.4988,,
X4/grouped__f0_s0,120,0.00017982,0,0,0,0,0.000592996,0.000592996,1,1,0,28,0.572135,0.573251,0.57619,0.57619,0.592233,,,,,0,0.0344584,0,0.0200729,0.00902833,0.0249898,0.00673653,0.00201306,0,4.49845,,
X4/grouped__f0_s0,121,0.000176018,0,0,0,0,0.00060772,0.00060772,1,1,0,28,0.573269,0.572198,0.577778,0.57619,0.592233,,,,,0,0.0380015,0,0.0220482,0.0093529,0.0277332,0.00700736,0.00205224,0,4.4988,,
X4/grouped__f0_s0,122,0.000172236,0,0,0,0,0.000570988,0.000570988,1,1,0,28,0.569024,0.575959,0.573016,0.579365,0.592233,,,,,0,0.0335734,0,0.020505,0.00854332,0.0237493,0.00631545,0.00187761,0,4.49876,,
X4/grouped__f0_s0,123,0.000168475,0,0,0,0,0.000555539,0.000555539,1,1,0,28,0.571149,0.573544,0.574603,0.57619,0.592233,,,,,0,0.0318632,0,0.0187313,0.00841448,0.0228545,0.00608287,0.00182165,0,4.4997,,
X4/grouped__f0_s0,124,0.000164735,0,0,0,0,0.000575325,0.000575325,1,1,0,28,0.569658,0.569851,0.573016,0.573016,0.592233,,,,,0,0.0329521,0,0.0199483,0.00859709,0.0233015,0.00626292,0.00187603,0,4.49925,,
X4/grouped__f0_s0,125,0.000161019,0,0,0,0,0.000555525,0.000555525,1,1,0,28,0.569243,0.569471,0.573016,0.573016,0.592233,1,1,0.000466543,0.000563076,0,0.0320673,0,0.0195491,0.00824852,0.0227407,0.00621919,0.00187077,0,4.49867,46.0183,53.9817
X4/grouped__f0_s0,126,0.000157326,0,0,0,0,0.000520528,0.000520528,1,1,0,28,0.569496,0.572025,0.573016,0.57619,0.592233,,,,,0,0.0313164,0,0.0187748,0.00784405,0.0222902,0.00582568,0.00175017,0,4.49828,,
X4/grouped__f0_s0,127,0.000153657,0,0,0,0,0.000562297,0.000562297,1,1,0,28,0.571514,0.570294,0.574603,0.573016,0.592233,,,,,0,0.0353563,0,0.0222384,0.0104974,0.0234315,0.00679938,0.00197631,0,4.49915,,
X4/grouped__f0_s0,128,0.000150015,0,0,0,0,0.000561592,0.000561592,1,1,0,28,0.572391,0.572184,0.57619,0.574603,0.592233,,,,,0,0.0325863,0,0.0189702,0.00844443,0.0237339,0.00621514,0.00183859,0,4.49902,,
X4/grouped__f0_s0,129,0.000146399,0,0,0,0,0.000550799,0.000550799,1,1,0,28,0.57092,0.570256,0.574603,0.573016,0.592233,,,,,0,0.0311277,0,0.018019,0.00839659,0.0224792,0.0060824,0.0017966,0,4.49823,,
X4/grouped__f0_s0,130,0.00014281,0,0,0,0,0.000537016,0.000537016,1,1,0,28,0.572132,0.570535,0.57619,0.573016,0.592233,,,,,0,0.0299837,0,0.0182318,0.0083836,0.02084,0.00591359,0.00176419,0,4.49905,,
X4/grouped__f0_s0,131,0.00013925,0,0,0,0,0.000524438,0.000524438,1,1,0,28,0.572568,0.5716,0.57619,0.574603,0.592233,,,,,0,0.0320042,0,0.0179629,0.00777628,0.0241778,0.00573961,0.0016941,0,4.49949,,
X4/grouped__f0_s0,132,0.000135719,0,0,0,0,0.000543409,0.000543409,1,1,0,28,0.572109,0.570019,0.57619,0.573016,0.592233,,,,,0,0.0342717,0,0.0201503,0.0084974,0.0249531,0.00629001,0.00182265,0,4.49854,,
X4/grouped__f0_s0,133,0.000132219,0,0,0,0,0.000500855,0.000500855,1,1,0,28,0.569195,0.570166,0.573016,0.573016,0.592233,,,,,0,0.0297915,0,0.0174542,0.00781645,0.021417,0.00567353,0.00166072,0,4.49848,,
X4/grouped__f0_s0,134,0.00012875,0,0,0,0,0.000495256,0.000495256,1,1,0,28,0.56994,0.570371,0.574603,0.574603,0.592233,,,,,0,0.0284897,0,0.0157078,0.00743084,0.0213729,0.00557078,0.00164848,0,4.49864,,
X4/grouped__f0_s0,135,0.000125313,0,0,0,0,0.000495641,0.000495641,1,1,0,28,0.571706,0.570607,0.57619,0.574603,0.592233,,,,,0,0.0291891,0,0.0171322,0.00744132,0.0211067,0.00546186,0.00162874,0,4.49881,,
X4/grouped__f0_s0,136,0.000121909,0,0,0,0,0.000500544,0.000500544,1,1,0,28,0.569156,0.569131,0.573016,0.573016,0.592233,,,,,0,0.0289845,0,0.0163018,0.00776443,0.0211574,0.00555208,0.0016379,0,4.49906,,
X4/grouped__f0_s0,137,0.000118539,0,0,0,0,0.000515437,0.000515437,1,1,0,28,0.571099,0.571243,0.574603,0.574603,0.592233,,,,,0,0.0328163,0,0.0197114,0.00825664,0.0235682,0.0059331,0.00170741,0,4.49843,,
X4/grouped__f0_s0,138,0.000115204,0,0,0,0,0.00048344,0.00048344,1,1,0,28,0.569904,0.570034,0.573016,0.573016,0.592233,,,,,0,0.0299473,0,0.0178791,0.00741548,0.0217729,0.00541952,0.00160597,0,4.49808,,
X4/grouped__f0_s0,139,0.000111904,0,0,0,0,0.000482732,0.000482732,1,1,0,28,0.570959,0.571481,0.574603,0.574603,0.592233,,,,,0,0.0282217,0,0.0170346,0.00723033,0.0201809,0.0053604,0.00157248,0,4.49804,,
X4/grouped__f0_s0,140,0.000108641,0,0,0,0,0.00049153,0.00049153,1,1,0,28,0.572374,0.570588,0.57619,0.573016,0.592233,,,,,0,0.0301629,0,0.0183919,0.00784771,0.0212235,0.00568434,0.00165859,0,4.49922,,
X4/grouped__f0_s0,141,0.000105415,0,0,0,0,0.000501635,0.000501635,1,1,0,28,0.569942,0.569687,0.573016,0.573016,0.592233,,,,,0,0.0303514,0,0.0181421,0.00791821,0.0215297,0.00570353,0.00164215,0,4.49828,,
X4/grouped__f0_s0,142,0.000102227,0,0,0,0,0.000484483,0.000484483,1,1,0,28,0.568036,0.569978,0.571429,0.573016,0.592233,,,,,0,0.0286915,0,0.0165228,0.00744123,0.0210078,0.00534584,0.00156321,0,4.49859,,
X4/grouped__f0_s0,143,9.90786e-05,0,0,0,0,0.000455123,0.000455124,1,1,0,28,0.569827,0.569088,0.573016,0.573016,0.592233,,,,,0,0.0268005,0,0.0150113,0.00706981,0.0198966,0.00524212,0.00151256,0,4.49889,,
X4/grouped__f0_s0,144,9.59698e-05,0,0,0,0,0.000461663,0.000461663,1,1,0,28,0.570163,0.569357,0.573016,0.573016,0.592233,,,,,0,0.0263623,0,0.0161987,0.00710217,0.0184001,0.00509738,0.00150075,0,4.49828,,
X4/grouped__f0_s0,145,9.29016e-05,0,0,0,0,0.00047217,0.00047217,1,1,0,28,0.571267,0.571267,0.574603,0.574603,0.592233,,,,,0,0.0280211,0,0.0173577,0.00776987,0.0192988,0.00534457,0.00154723,0,4.49905,,
X4/grouped__f0_s0,146,8.98748e-05,0,0,0,0,0.000444996,0.000444996,1,1,0,28,0.57305,0.571055,0.57619,0.574603,0.592233,,,,,0,0.0254991,0,0.0149152,0.00649538,0.0185251,0.00477521,0.00141185,0,4.49856,,
X4/grouped__f0_s0,147,8.68902e-05,0,0,0,0,0.000439912,0.000439912,1,1,0,28,0.569949,0.569473,0.573016,0.573016,0.592233,,,,,0,0.0263512,0,0.0156238,0.00688349,0.0187664,0.00490741,0.00143696,0,4.49845,,
X4/grouped__f0_s0,148,8.39486e-05,0,0,0,0,0.000433255,0.000433255,1,1,0,28,0.570372,0.570372,0.573016,0.573016,0.592233,,,,,0,0.0257642,0,0.0140471,0.00640231,0.0194539,0.00481835,0.00141709,0,4.49904,,
X4/grouped__f0_s0,149,8.10507e-05,0,0,0,0,0.000439597,0.000439597,1,1,0,28,0.571868,0.571652,0.574603,0.574603,0.592233,,,,,0,0.0260784,0,0.0145692,0.00678899,0.0194569,0.00501556,0.00146753,0,4.49839,,
X4/grouped__f0_s0,150,7.81974e-05,0,0,0,0,0.000442071,0.000442071,1,1,0,28,0.570879,0.570369,0.574603,0.573016,0.592233,1,1,0.000368986,0.000429087,0,0.0279706,0,0.0158921,0.00717473,0.020777,0.00531397,0.0015114,0,4.49903,46.2828,53.7172
X4/grouped__f0_s0,151,7.53893e-05,0,0,0,0,0.000425423,0.000425423,1,1,0,28,0.569989,0.56966,0.573016,0.573016,0.592233,,,,,0,0.0243174,0,0.0140674,0.00648495,0.0177349,0.0047811,0.00140883,0,4.49854,,
X4/grouped__f0_s0,152,7.26271e-05,0,0,0,0,0.000422362,0.000422362,1,1,0,28,0.572266,0.571706,0.57619,0.574603,0.592233,,,,,0,0.023951,0,0.0137313,0.00621225,0.0174549,0.00456507,0.0013518,0,4.49909,,
X4/grouped__f0_s0,153,6.99117e-05,0,0,0,0,0.000416364,0.000416364,1,1,0,28,0.57242,0.571419,0.57619,0.574603,0.592233,,,,,0,0.0243871,0,0.0143775,0.00619475,0.0174693,0.00452424,0.00134762,0,4.49866,,
X4/grouped__f0_s0,154,6.72436e-05,0,0,0,0,0.000437471,0.000437471,1,1,0,28,0.572563,0.569266,0.57619,0.573016,0.592233,,,,,0,0.0281443,0,0.016479,0.00737436,0.0203618,0.0051634,0.00149906,0,4.49842,,
X4/grouped__f0_s0,155,6.46236e-05,0,0,0,0,0.000429754,0.000429754,1,1,0,28,0.570498,0.569287,0.574603,0.573016,0.592233,,,,,0,0.0245372,0,0.0145043,0.00678756,0.017545,0.00477339,0.0013934,0,4.49824,,
X4/grouped__f0_s0,156,6.20524e-05,0,0,0,0,0.000426663,0.000426663,1,1,0,28,0.571874,0.569976,0.574603,0.573016,0.592233,,,,,0,0.027757,0,0.0168835,0.0073173,0.019455,0.00508192,0.00147039,0,4.4986,,
X4/grouped__f0_s0,157,5.95306e-05,0,0,0,0,0.000423946,0.000423946,1,1,0,28,0.57384,0.570571,0.577778,0.573016,0.592233,,,,,0,0.0277398,0,0.0160507,0.00753232,0.0200064,0.00495956,0.0014226,0,4.49925,,
X4/grouped__f0_s0,158,5.70589e-05,0,0,0,0,0.000422514,0.000422515,1,1,0,28,0.570382,0.56861,0.573016,0.571429,0.592233,,,,,0,0.0228482,0,0.0139755,0.00645,0.0157646,0.00461744,0.00135928,0,4.49853,,
X4/grouped__f0_s0,159,5.46379e-05,0,0,0,0,0.000422639,0.000422639,1,1,0,28,0.572525,0.570007,0.57619,0.573016,0.592233,,,,,0,0.0240457,0,0.0141266,0.00667293,0.017283,0.00473432,0.00137806,0,4.49769,,
X4/grouped__f0_s0,160,5.22683e-05,0,0,0,0,0.000428152,0.000428152,1,1,0,28,0.572568,0.569547,0.57619,0.573016,0.592233,,,,,0,0.0257499,0,0.0147618,0.00667119,0.0189108,0.00490785,0.0014084,0,4.49842,,
X4/grouped__f0_s0,161,4.99506e-05,0,0,0,0,0.000404079,0.000404079,1,1,0,28,0.571543,0.570373,0.574603,0.573016,0.592233,,,,,0,0.0236776,0,0.0138693,0.00612557,0.0172518,0.00443749,0.00130029,0,4.49792,,
X4/grouped__f0_s0,162,4.76856e-05,0,0,0,0,0.000431026,0.000431026,1,1,0,28,0.573536,0.570585,0.577778,0.573016,0.592233,,,,,0,0.0277466,0,0.0166391,0.00707807,0.0199773,0.00500529,0.00142273,0,4.49812,,
X4/grouped__f0_s0,163,4.54736e-05,0,0,0,0,0.000420417,0.000420417,1,1,0,28,0.570049,0.569765,0.573016,0.573016,0.592233,,,,,0,0.0254263,0,0.0159742,0.00732657,0.0169221,0.00477617,0.00138679,0,4.49837,,
X4/grouped__f0_s0,164,4.33155e-05,0,0,0,0,0.000422302,0.000422302,1,1,0,28,0.569766,0.570003,0.573016,0.573016,0.592233,,,,,0,0.0254094,0,0.014624,0.00666141,0.0186325,0.00484696,0.00139283,0,4.49896,,
X4/grouped__f0_s0,165,4.12116e-05,0,0,0,0,0.000414295,0.000414295,1,1,0,28,0.571201,0.569579,0.574603,0.573016,0.592233,,,,,0,0.0247818,0,0.0164813,0.00701121,0.0158968,0.00481078,0.0013882,0,4.49837,,
X4/grouped__f0_s0,166,3.91625e-05,0,0,0,0,0.000413411,0.000413411,1,1,0,28,0.571085,0.570974,0.574603,0.574603,0.592233,,,,,0,0.0233464,0,0.013964,0.00644693,0.0165199,0.00457815,0.0013248,0,4.49956,,
X4/grouped__f0_s0,167,3.71688e-05,0,0,0,0,0.000385382,0.000385382,1,1,0,28,0.570325,0.570284,0.573016,0.573016,0.592233,,,,,0,0.0241153,0,0.0148591,0.00625138,0.0167897,0.00453716,0.0013176,0,4.49829,,
X4/grouped__f0_s0,168,3.5231e-05,0,0,0,0,0.000400908,0.000400908,1,1,0,28,0.572628,0.573411,0.57619,0.57619,0.592233,,,,,0,0.0239586,0,0.0145715,0.00630444,0.0169808,0.00458174,0.00132163,0,4.49903,,
X4/grouped__f0_s0,169,3.33496e-05,0,0,0,0,0.000409777,0.000409777,1,1,0,28,0.571406,0.570051,0.574603,0.573016,0.592233,,,,,0,0.0254954,0,0.0143308,0.00662295,0.0188522,0.0047049,0.00134774,0,4.49907,,
X4/grouped__f0_s0,170,3.15251e-05,0,0,0,0,0.00039022,0.00039022,1,1,0,28,0.569669,0.569668,0.573016,0.573016,0.592233,,,,,0,0.0226771,0,0.0132975,0.00601089,0.016364,0.00432543,0.00126291,0,4.49916,,
X4/grouped__f0_s0,171,2.97579e-05,0,0,0,0,0.000419348,0.000419348,1,1,0,28,0.57581,0.573021,0.579365,0.57619,0.592233,,,,,0,0.0271612,0,0.016132,0.00712375,0.019493,0.00503686,0.00141841,0,4.49895,,
X4/grouped__f0_s0,172,2.80486e-05,0,0,0,0,0.000379426,0.000379426,1,1,0,28,0.569898,0.569766,0.573016,0.573016,0.592233,,,,,0,0.0210871,0,0.0126746,0.00578473,0.0148367,0.00416009,0.00122167,0,4.49865,,
X4/grouped__f0_s0,173,2.63975e-05,0,0,0,0,0.000400832,0.000400833,1,1,0,28,0.569905,0.569579,0.573016,0.573016,0.592233,,,,,0,0.0248385,0,0.0143437,0.00634132,0.0183263,0.00456331,0.00130508,0,4.49881,,
X4/grouped__f0_s0,174,2.48051e-05,0,0,0,0,0.000398651,0.000398651,1,1,0,28,0.571187,0.569907,0.574603,0.573016,0.592233,,,,,0,0.0238603,0,0.0146631,0.00639112,0.0167044,0.00465582,0.00134665,0,4.49844,,
X4/grouped__f0_s0,175,2.32718e-05,0,0,0,0,0.000379293,0.000379293,1,1,0,28,0.569984,0.569668,0.573016,0.573016,0.592233,1,1,0.000329375,0.000362275,0,0.0228207,0,0.01294,0.00597006,0.0168836,0.00441521,0.00128969,0,4.49886,46.3153,53.6847
X4/grouped__f0_s0,176,2.1798e-05,0,0,0,0,0.000391885,0.000391885,1,1,0,28,0.571518,0.570535,0.574603,0.573016,0.592233,,,,,0,0.02561,0,0.0147013,0.00633905,0.0187467,0.00468039,0.00132734,0,4.49913,,
X4/grouped__f0_s0,177,2.0384e-05,0,0,0,0,0.000394918,0.000394918,1,1,0,28,0.572065,0.571211,0.57619,0.574603,0.592233,,,,,0,0.0239874,0,0.0142491,0.00644947,0.0171164,0.00462314,0.00133091,0,4.49896,,
X4/grouped__f0_s0,178,1.90303e-05,0,0,0,0,0.000407338,0.000407338,1,1,0,28,0.571117,0.570307,0.574603,0.573016,0.592233,,,,,0,0.0237435,0,0.0145346,0.00629164,0.0166842,0.00464782,0.001341,0,4.49834,,
X4/grouped__f0_s0,179,1.77372e-05,0,0,0,0,0.000442142,0.000442142,1,1,0,28,0.571826,0.571672,0.574603,0.574603,0.592233,,,,,0,0.0287596,0,0.017286,0.00758764,0.0204233,0.005397,0.00148191,0,4.49865,,
X4/grouped__f0_s0,180,1.65051e-05,0,0,0,0,0.000400311,0.000400311,1,1,0,28,0.572346,0.569904,0.57619,0.573016,0.592233,,,,,0,0.0228401,0,0.0133668,0.00623665,0.0164944,0.00443747,0.00127222,0,4.49833,,
X4/grouped__f0_s0,181,1.53342e-05,0,0,0,0,0.000398037,0.000398037,1,1,0,28,0.572762,0.570987,0.57619,0.574603,0.592233,,,,,0,0.0251353,0,0.0144307,0.00741782,0.0175376,0.0043937,0.00126743,0,4.49902,,
X4/grouped__f0_s0,182,1.42248e-05,0,0,0,0,0.00038712,0.00038712,1,1,0,28,0.572322,0.571468,0.57619,0.574603,0.592233,,,,,0,0.0239218,0,0.0140129,0.00639877,0.0173066,0.00453967,0.00129023,0,4.49805,,
X4/grouped__f0_s0,183,1.31773e-05,0,0,0,0,0.000382268,0.000382268,1,1,0,28,0.573905,0.572184,0.577778,0.57619,0.592233,,,,,0,0.0231738,0,0.0142794,0.00641235,0.0160321,0.00463306,0.00131791,0,4.49835,,
X4/grouped__f0_s0,184,1.21919e-05,0,0,0,0,0.000381359,0.000381359,1,1,0,28,0.570669,0.570634,0.573016,0.573016,0.592233,,,,,0,0.0221506,0,0.0131415,0.00612979,0.0157511,0.00435595,0.00124997,0,4.49802,,
X4/grouped__f0_s0,185,1.12689e-05,0,0,0,0,0.000384969,0.000384969,1,1,0,28,0.573972,0.573933,0.577778,0.577778,0.592233,,,,,0,0.0220769,0,0.0134295,0.00600998,0.0153856,0.00434567,0.00126436,0,4.49864,,
X4/grouped__f0_s0,186,1.04085e-05,0,0,0,0,0.000394573,0.000394573,1,1,0,28,0.572504,0.57127,0.57619,0.574603,0.592233,,,,,0,0.0229657,0,0.0136815,0.00619806,0.0164202,0.00440997,0.00126863,0,4.4989,,
X4/grouped__f0_s0,187,9.61089e-06,0,0,0,0,0.000388162,0.000388162,1,1,0,28,0.571844,0.571937,0.57619,0.57619,0.592233,,,,,0,0.0239828,0,0.0140626,0.00613741,0.0173554,0.00438669,0.00126623,0,4.49876,,
X4/grouped__f0_s0,188,8.87636e-06,0,0,0,0,0.000384251,0.000384251,1,1,0,28,0.573751,0.573712,0.577778,0.577778,0.592233,,,,,0,0.0230868,0,0.0137123,0.00621523,0.0163297,0.00451123,0.00129607,0,4.49906,,
X4/grouped__f0_s0,189,8.20506e-06,0,0,0,0,0.000376152,0.000376152,1,1,0,28,0.570666,0.571707,0.573016,0.574603,0.592233,,,,,0,0.0214639,0,0.0131611,0.00578164,0.0149051,0.00419513,0.00122778,0,4.4988,,
X4/grouped__f0_s0,190,7.59717e-06,0,0,0,0,0.000371121,0.000371121,1,1,0,28,0.573581,0.571886,0.57619,0.574603,0.592233,,,,,0,0.0233922,0,0.014172,0.00612888,0.0164215,0.00452355,0.00129589,0,4.49893,,
X4/grouped__f0_s0,191,7.05284e-06,0,0,0,0,0.000396153,0.000396153,1,1,0,28,0.571762,0.57256,0.574603,0.57619,0.592233,,,,,0,0.0233253,0,0.0145682,0.00609516,0.0161081,0.00440717,0.00126261,0,4.49901,,
X4/grouped__f0_s0,192,6.57221e-06,0,0,0,0,0.000388691,0.000388691,1,1,0,28,0.571792,0.570262,0.574603,0.573016,0.592233,,,,,0,0.0215871,0,0.013126,0.00605037,0.0150565,0.00429802,0.00125315,0,4.49902,,
X4/grouped__f0_s0,193,6.15542e-06,0,0,0,0,0.000381489,0.000381489,1,1,0,28,0.571071,0.572227,0.574603,0.57619,0.592233,,,,,0,0.0221346,0,0.0136678,0.00589275,0.0152699,0.00426571,0.00123831,0,4.49886,,
X4/grouped__f0_s0,194,5.80257e-06,0,0,0,0,0.000377464,0.000377464,1,1,0,28,0.572072,0.572235,0.57619,0.57619,0.592233,,,,,0,0.0224338,0,0.0139288,0.00610297,0.0155432,0.00434843,0.00125409,0,4.49869,,
X4/grouped__f0_s0,195,5.51374e-06,0,0,0,0,0.000375474,0.000375474,1,1,0,28,0.568307,0.56939,0.571429,0.573016,0.592233,,,,,0,0.0226687,0,0.012702,0.005925,0.0169289,0.00437419,0.00125813,0,4.49791,,
X4/grouped__f0_s0,196,5.28902e-06,0,0,0,0,0.000387556,0.000387556,1,1,0,28,0.570299,0.57016,0.573016,0.573016,0.592233,,,,,0,0.0255446,0,0.0152904,0.00678692,0.0181208,0.00467801,0.00132771,0,4.49804,,
X4/grouped__f0_s0,197,5.12847e-06,0,0,0,0,0.000389358,0.000389358,1,1,0,28,0.571451,0.572431,0.574603,0.57619,0.592233,,,,,0,0.0219406,0,0.0130276,0.00591517,0.015631,0.00441083,0.00128027,0,4.49863,,
X4/grouped__f0_s0,198,5.03212e-06,0,0,0,0,0.000355843,0.000355843,1,1,0,28,0.574596,0.572451,0.577778,0.57619,0.592233,,,,,0,0.0205258,0,0.0124297,0.00548155,0.0144078,0.00398428,0.00116316,0,4.49856,,
X4/grouped__f0_s0,199,5e-06,0,0,0,0,0.000387261,0.000387261,1,1,0,28,0.571621,0.570258,0.574603,0.573016,0.592233,,,,,0,0.0228471,0,0.0138816,0.00594857,0.0162603,0.00434112,0.00125553,0,4.49844,,
X4/grouped__f0_s0,200,5e-06,0,0,0,0,0.000373275,0.000373275,1,1,0,28,0.573863,0.574087,0.577778,0.577778,0.592233,1,1,0.000319371,0.000334471,0,0.021465,0,0.0124904,0.00592277,0.015424,0.0043046,0.00124803,0,4.49831,46.7564,53.2436
X4/stratified__f0_s0,1,0.0002,0,0,0,0,4.75837,4.75837,0.0507812,0.0507812,0,40,0.0380108,0.0369874,0.0794702,0.0827815,0.0380108,0.076,0.072,3.91817,3.93848,0.075,43.8652,8,33.7411,23.2283,11.8579,10.4728,3.11744,0,4.50207,0.302151,99.6979
X4/stratified__f0_s0,2,0.0003,0,0,0,0,3.50574,3.50574,0.125391,0.125391,0,40,0.111598,0.114413,0.154525,0.164459,0.114413,0.163,0.175,3.15259,3.09857,0.00833333,24.1641,1,13.6762,14.968,9.06689,6.81797,2.51253,0,4.50191,11.0023,88.9977
X4/stratified__f0_s0,3,0.0004,0,0,0,0,3.06029,3.06029,0.175781,0.175781,0,40,0.17067,0.203827,0.205298,0.221854,0.203827,0.209,0.276,2.83446,2.64112,0,15.6021,0,7.31966,7.45793,9.27245,5.96027,2.48258,0,4.50234,23.1076,76.8924
X4/stratified__f0_s0,4,0.0005,0,0,0,0,2.71693,2.71693,0.242969,0.242969,0,40,0.17446,0.254399,0.211921,0.281457,0.254399,0.262,0.347,2.7529,2.39038,0,14.7987,0,6.80754,6.79474,8.85609,5.61625,2.53463,0,4.50254,29.8367,70.1633
X4/stratified__f0_s0,5,0.000499968,0,0,0,0,2.48684,2.48684,0.283203,0.283203,0,40,0.210569,0.316762,0.250552,0.336645,0.316762,0.294,0.401,2.4836,2.13073,0,13.4928,0,6.62505,4.9313,8.84005,4.91828,2.45274,0,4.5001,31.2247,68.7753
X4/stratified__f0_s0,6,0.000499872,0,0,0,0,2.2333,2.2333,0.342578,0.342578,0,40,0.239161,0.378881,0.279249,0.401766,0.378881,0.306,0.433,2.52101,1.96125,0,14.0494,0,7.4099,4.09578,9.72604,4.41424,2.34111,0,4.50112,35.2769,64.7231
X4/stratified__f0_s0,7,0.000499711,0,0,0,0,2.0187,2.0187,0.391797,0.391797,0,40,0.100678,0.399963,0.12362,0.418322,0.399963,0.122,0.46,4.20358,1.81077,0,14.7489,0,6.69203,3.80675,11.3231,4.20191,2.28557,0,4.50085,33.3697,66.6303
X4/stratified__f0_s0,8,0.000499486,0,0,0,0,1.87877,1.87877,0.441016,0.441016,0,40,0.380873,0.424201,0.406181,0.43819,0.424201,0.427,0.488,1.90692,1.69319,0,15.3387,0,7.83466,3.41234,11.5178,3.95368,2.17567,0,4.50067,36.749,63.251
X4/stratified__f0_s0,9,0.000499197,0,0,0,0,1.75594,1.75594,0.465625,0.465625,0,40,0.458497,0.466224,0.475717,0.48234,0.466224,0.534,0.542,1.53329,1.5362,0,16.7844,0,7.60853,3.22478,13.7292,3.80846,2.15692,0,4.50017,33.9288,66.0712
X4/stratified__f0_s0,10,0.000498845,0,0,0,0,1.55285,1.55285,0.513672,0.513672,0,40,0.327451,0.506179,0.354305,0.51766,0.506179,0.391,0.608,2.13851,1.31673,0,15.456,0,7.8304,3.31597,11.9636,3.53296,2.01572,0,4.50069,34.5924,65.4076
X4/stratified__f0_s0,11,0.000498428,0,0,0,0,1.48801,1.48801,0.532422,0.532422,0,40,0.470518,0.48451,0.493377,0.507726,0.506179,,,,,0,16.5594,0,6.36302,3.38708,14.2221,3.34983,1.95003,0,4.4999,,
X4/stratified__f0_s0,12,0.000497947,0,0,0,0,1.37447,1.37447,0.562109,0.562109,0,40,0.388918,0.529002,0.416115,0.545254,0.529002,0.48,0.615,1.7035,1.19136,0,18.241,0,6.66766,2.67618,16.0543,3.27703,1.9159,0,4.49944,39.3661,60.634
X4/stratified__f0_s0,13,0.000497403,0,0,0,0,1.27088,1.27088,0.583203,0.583203,0,40,0.445096,0.557433,0.469095,0.567329,0.557433,0.528,0.663,1.45966,1.07037,0,18.3908,0,6.74559,2.5837,15.9897,3.14713,1.8535,0,4.49901,39.145,60.855
X4/stratified__f0_s0,14,0.000496795,0,0,0,0,1.19719,1.19719,0.614062,0.614062,0,40,0.497996,0.581193,0.511038,0.594923,0.581193,0.612,0.693,1.16571,1.00393,0,17.735,0,5.69094,2.23684,16.1464,3.07438,1.82252,0,4.49946,36.7134,63.2866
X4/stratified__f0_s0,15,0.000496124,0,0,0,0,1.13989,1.13989,0.631641,0.631641,0,40,0.426228,0.500111,0.435982,0.512141,0.581193,,,,,0,18.9259,0,8.93842,3.1078,15.1183,3.05862,1.80481,0,4.49956,,
X4/stratified__f0_s0,16,0.000495389,0,0,0,0,1.04545,1.04545,0.660547,0.660547,0,40,0.536329,0.518851,0.555188,0.53532,0.581193,,,,,0,15.0513,0,5.66834,2.40176,13.2059,2.80206,1.68626,0,4.4993,,
X4/stratified__f0_s0,17,0.000494592,0,0,0,0,1.02328,1.02328,0.657813,0.657813,0,40,0.438933,0.546539,0.450331,0.562914,0.581193,,,,,0,16.6887,0,6.41678,2.49396,14.6576,2.79916,1.64137,0,4.49984,,
X4/stratified__f0_s0,18,0.000493731,0,0,0,0,0.933638,0.933638,0.684375,0.684375,0,40,0.544058,0.561854,0.557395,0.576159,0.581193,,,,,0,15.886,0,6.24776,2.45559,13.8609,2.66624,1.57929,0,4.49898,,
X4/stratified__f0_s0,19,0.000492808,0,0,0,0,0.870605,0.870605,0.702344,0.702344,0,40,0.556339,0.612866,0.566225,0.62362,0.612866,0.73,0.783,0.80385,0.70959,0,14.7425,0,6.68675,2.43708,12.328,2.67926,1.55273,0,4.49933,37.9619,62.0381
X4/stratified__f0_s0,20,0.000491823,0,0,0,0,0.828855,0.828855,0.710938,0.710938,0,40,0.53531,0.568585,0.546358,0.5883,0.612866,,,,,0,15.0401,0,7.11626,2.869,12.2929,2.69282,1.51908,0,4.49868,,
X4/stratified__f0_s0,21,0.000490775,0,0,0,0,0.843655,0.843655,0.716797,0.716797,0,40,0.442302,0.509511,0.456954,0.527594,0.612866,,,,,0,16.979,0,6.96096,2.7789,14.6119,2.73297,1.54468,0,4.49941,,
X4/stratified__f0_s0,22,0.000489666,0,0,0,0,0.778052,0.778052,0.738672,0.738672,0,40,0.441572,0.59799,0.46468,0.607064,0.612866,,,,,0,21.6637,0,7.8486,2.62312,19.4283,2.63901,1.4278,0,4.49908,,
X4/stratified__f0_s0,23,0.000488495,0,0,0,0,0.690916,0.690916,0.760156,0.760156,0,40,0.571579,0.600069,0.583885,0.610375,0.612866,,,,,0,14.1197,0,7.00974,2.54042,11.4356,2.47093,1.37364,0,4.49888,,
X4/stratified__f0_s0,24,0.000487263,0,0,0,0,0.648838,0.648838,0.780469,0.780469,0,40,0.536304,0.591841,0.559603,0.598234,0.612866,,,,,0,15.1966,0,7.81098,2.871,12.113,2.4332,1.31623,0,4.4986,,
X4/stratified__f0_s0,25,0.00048597,0,0,0,0,0.616844,0.616844,0.790625,0.790625,0,40,0.520549,0.637692,0.537528,0.643488,0.637692,0.759,0.893,0.69235,0.397395,0,19.5537,0,7.19068,2.71819,17.4235,2.53913,1.33678,0,4.49814,36.8248,63.1752
X4/stratified__f0_s0,26,0.000484616,0,0,0,0,0.54336,0.54336,0.813281,0.813281,0,40,0.557861,0.61917,0.56181,0.625828,0.637692,,,,,0,13.5307,0,7.75632,2.76082,10.2176,2.20067,1.16283,0,4.49871,,
X4/stratified__f0_s0,27,0.000483202,0,0,0,0,0.509946,0.509946,0.825391,0.825391,0,40,0.577189,0.592467,0.580574,0.602649,0.637692,,,,,0,17.3272,0,9.10434,3.01191,13.7548,2.3417,1.17193,0,4.4992,,
X4/stratified__f0_s0,28,0.000481728,0,0,0,0,0.445456,0.445456,0.856641,0.856641,0,40,0.545952,0.601793,0.555188,0.609272,0.637692,,,,,0,12.7088,0,6.82138,2.73089,9.9112,2.11189,1.07224,0,4.4993,,
X4/stratified__f0_s0,29,0.000480195,0,0,0,0,0.402755,0.402755,0.866016,0.866016,0,40,0.514032,0.511332,0.537528,0.532009,0.637692,,,,,0,14.5671,0,7.47296,2.883,11.6501,2.12182,1.04295,0,4.49932,,
X4/stratified__f0_s0,30,0.000478603,0,0,0,0,0.377256,0.377256,0.875391,0.875391,0,40,0.574847,0.562314,0.590508,0.567329,0.637692,,,,,0,13.2502,0,7.2571,2.72752,10.2188,2.0131,0.976988,0,4.49974,,
X4/stratified__f0_s0,31,0.000476951,0,0,0,0,0.282152,0.282152,0.907813,0.907813,0,40,0.567934,0.584488,0.582781,0.584989,0.637692,,,,,0,11.1655,0,6.51871,2.38189,8.38678,1.73332,0.845039,0,4.49882,,
X4/stratified__f0_s0,32,0.000475242,0,0,0,0,0.264159,0.264159,0.910937,0.910937,0,40,0.468364,0.610618,0.490066,0.61479,0.637692,,,,,0,13.4507,0,7.41821,2.73681,10.3416,1.78333,0.82225,0,4.49863,,
X4/stratified__f0_s0,33,0.000473475,0,0,0,0,0.291342,0.291342,0.901953,0.901953,0,40,0.510599,0.628987,0.523179,0.631347,0.637692,,,,,0,14.7081,0,8.5395,2.85368,11.0343,1.91186,0.862828,0,4.49873,,
X4/stratified__f0_s0,34,0.00047165,0,0,0,0,0.222966,0.222966,0.928516,0.928516,0,40,0.528006,0.619783,0.537528,0.624724,0.637692,,,,,0,11.2622,0,6.71023,2.44586,8.22801,1.63847,0.753347,0,4.49925,,
X4/stratified__f0_s0,35,0.000469769,0,0,0,0,0.18779,0.18779,0.942969,0.942969,0,40,0.57771,0.593561,0.575055,0.602649,0.637692,,,,,0,10.0076,0,5.53655,2.21393,7.58847,1.46962,0.656271,0,4.50029,,
X4/stratified__f0_s0,36,0.000467831,0,0,0,0,0.136093,0.136093,0.964844,0.964844,0,40,0.574149,0.611847,0.577263,0.619205,0.637692,,,,,0,8.65608,0,5.29509,2.02557,6.17852,1.27936,0.558252,0,4.49938,,
X4/stratified__f0_s0,37,0.000465837,0,0,0,0,0.119749,0.119749,0.970703,0.970703,0,40,0.569527,0.596685,0.580574,0.600442,0.637692,,,,,0,7.5551,0,4.63115,1.83048,5.37171,1.19975,0.507188,0,4.49968,,
X4/stratified__f0_s0,38,0.000463788,0,0,0,0,0.0898951,0.0898951,0.976953,0.976953,0,40,0.546239,0.603774,0.551876,0.609272,0.637692,,,,,0,6.21457,0,3.87387,1.52199,4.36429,0.973271,0.414054,0,4.49905,,
X4/stratified__f0_s0,39,0.000461685,0,0,0,0,0.0666028,0.0666028,0.988281,0.988281,0,40,0.593216,0.614936,0.589404,0.619205,0.637692,,,,,0,4.99306,0,3.32177,1.27886,3.25413,0.784064,0.329556,0,4.49987,,
X4/stratified__f0_s0,40,0.000459526,0,0,0,0,0.0380121,0.0380121,0.996094,0.996094,0,40,0.603795,0.61556,0.607064,0.619205,0.637692,,,,,0,3.74914,0,2.1845,0.873617,2.78022,0.543233,0.220972,0,4.49894,,
X4/stratified__f0_s0,41,0.000457314,0,0,0,0,0.0192547,0.0192547,0.999609,0.999609,0,40,0.563261,0.611738,0.568433,0.612583,0.637692,,,,,0,1.74075,0,1.08762,0.427658,1.20925,0.266501,0.109883,0,4.49841,,
X4/stratified__f0_s0,42,0.000455049,0,0,0,0,0.0133448,0.0133448,1,1,0,40,0.611555,0.611018,0.611479,0.612583,0.637692,,,,,0,1.41284,0,0.83218,0.319279,1.02699,0.200315,0.0783654,0,4.49871,,
X4/stratified__f0_s0,43,0.000452732,0,0,0,0,0.00949584,0.00949584,0.999609,0.999609,0,40,0.62118,0.626733,0.621413,0.626932,0.637692,,,,,0,0.862229,0,0.568891,0.22057,0.567472,0.14061,0.0553492,0,4.4982,,
X4/stratified__f0_s0,44,0.000450362,0,0,0,0,0.00669042,0.00669042,1,1,0,40,0.614008,0.608367,0.61479,0.611479,0.637692,,,,,0,0.474295,0,0.268315,0.107487,0.356282,0.0764326,0.0313262,0,4.49855,,
X4/stratified__f0_s0,45,0.000447941,0,0,0,0,0.00558916,0.00558916,1,1,0,40,0.614021,0.624609,0.615894,0.625828,0.637692,,,,,0,0.383535,0,0.235577,0.0915741,0.272768,0.0637756,0.02555,0,4.49903,,
X4/stratified__f0_s0,46,0.000445469,0,0,0,0,0.00489718,0.00489718,1,1,0,40,0.617756,0.618868,0.619205,0.621413,0.637692,,,,,0,0.294402,0,0.166476,0.0705315,0.221487,0.0512049,0.020488,0,4.49865,,
X4/stratified__f0_s0,47,0.000442948,0,0,0,0,0.00442878,0.00442878,1,1,0,40,0.616293,0.61639,0.618102,0.619205,0.637692,,,,,0,0.250821,0,0.139747,0.0619892,0.18887,0.0463749,0.0183039,0,4.49935,,
X4/stratified__f0_s0,48,0.000440376,0,0,0,0,0.00400037,0.00400038,1,1,0,40,0.612359,0.625572,0.613687,0.628035,0.637692,,,,,0,0.233665,0,0.125114,0.0563477,0.180378,0.0405522,0.0159062,0,4.49906,,
X4/stratified__f0_s0,49,0.000437756,0,0,0,0,0.00356943,0.00356943,1,1,0,40,0.612652,0.628661,0.61479,0.630243,0.637692,,,,,0,0.203894,0,0.111386,0.0503822,0.154898,0.0375912,0.0147542,0,4.49842,,
X4/stratified__f0_s0,50,0.000435088,0,0,0,0,0.0033907,0.0033907,1,1,0,40,0.611234,0.630228,0.612583,0.63245,0.637692,1,1,0.00260207,0.00428293,0,0.184379,0,0.109822,0.0467383,0.13256,0.0341632,0.0133048,0,4.49914,46.0292,53.9708
X4/stratified__f0_s0,51,0.000432373,0,0,0,0,0.00315847,0.00315847,1,1,0,40,0.614323,0.630394,0.615894,0.63245,0.637692,,,,,0,0.199789,0,0.107562,0.046709,0.15366,0.0338395,0.0129804,0,4.49938,,
X4/stratified__f0_s0,52,0.000429611,0,0,0,0,0.00302747,0.00302747,1,1,0,40,0.614955,0.625731,0.615894,0.628035,0.637692,,,,,0,0.174305,0,0.0904221,0.0437052,0.135166,0.0309891,0.0119753,0,4.49876,,
X4/stratified__f0_s0,53,0.000426803,0,0,0,0,0.00282576,0.00282576,1,1,0,40,0.608905,0.623973,0.610375,0.625828,0.637692,,,,,0,0.160954,0,0.0945718,0.0413719,0.116443,0.0296814,0.0113208,0,4.49904,,
X4/stratified__f0_s0,54,0.000423949,0,0,0,0,0.00272602,0.00272602,1,1,0,40,0.610184,0.619814,0.611479,0.620309,0.637692,,,,,0,0.165792,0,0.0951488,0.0420095,0.122145,0.0288628,0.0111133,0,4.49844,,
X4/stratified__f0_s0,55,0.000421051,0,0,0,0,0.00249132,0.00249132,1,1,0,40,0.614201,0.620609,0.615894,0.621413,0.637692,,,,,0,0.135667,0,0.0774927,0.034734,0.0999534,0.0250375,0.00957238,0,4.49924,,
X4/stratified__f0_s0,56,0.00041811,0,0,0,0,0.00252457,0.00252457,1,1,0,40,0.610517,0.620309,0.611479,0.622517,0.637692,,,,,0,0.153294,0,0.0798563,0.0367599,0.119443,0.0263421,0.00972655,0,4.49874,,
X4/stratified__f0_s0,57,0.000415125,0,0,0,0,0.00216867,0.00216867,1,1,0,40,0.610113,0.615994,0.611479,0.618102,0.637692,,,,,0,0.12322,0,0.0649135,0.0306563,0.0954836,0.0223545,0.00845985,0,4.49837,,
X4/stratified__f0_s0,58,0.000412098,0,0,0,0,0.00224806,0.00224806,1,1,0,40,0.613253,0.618844,0.61479,0.621413,0.637692,,,,,0,0.131517,0,0.0795462,0.0344064,0.0939243,0.0232583,0.00863525,0,4.49916,,
X4/stratified__f0_s0,59,0.00040903,0,0,0,0,0.00205481,0.00205481,1,1,0,40,0.608335,0.621214,0.609272,0.622517,0.637692,,,,,0,0.116106,0,0.0676986,0.0289385,0.0847299,0.0207846,0.00779761,0,4.49862,,
X4/stratified__f0_s0,60,0.000405921,0,0,0,0,0.00199011,0.00199011,1,1,0,40,0.607428,0.616752,0.609272,0.618102,0.637692,,,,,0,0.122603,0,0.0737947,0.0329166,0.0864097,0.0217445,0.00800772,0,4.499,,
X4/stratified__f0_s0,61,0.000402773,0,0,0,0,0.00182678,0.00182678,1,1,0,40,0.607935,0.616251,0.609272,0.616998,0.637692,,,,,0,0.102468,0,0.0600304,0.0262457,0.0737445,0.0187221,0.00701311,0,4.49903,,
X4/stratified__f0_s0,62,0.000399585,0,0,0,0,0.00180594,0.00180594,1,1,0,40,0.609048,0.621568,0.609272,0.622517,0.637692,,,,,0,0.10065,0,0.0589496,0.0271855,0.072579,0.0191945,0.00714404,0,4.49877,,
X4/stratified__f0_s0,63,0.000396359,0,0,0,0,0.00168042,0.00168042,1,1,0,40,0.603034,0.616125,0.604857,0.619205,0.637692,,,,,0,0.0949341,0,0.0525756,0.0238968,0.0713045,0.0170071,0.00636524,0,4.49805,,
X4/stratified__f0_s0,64,0.000393096,0,0,0,0,0.00174093,0.00174093,1,1,0,40,0.605872,0.615605,0.608168,0.616998,0.637692,,,,,0,0.11478,0,0.0679337,0.0301861,0.0826418,0.0197659,0.00709778,0,4.49922,,
X4/stratified__f0_s0,65,0.000389796,0,0,0,0,0.00164726,0.00164726,1,1,0,40,0.605015,0.607638,0.60596,0.608168,0.637692,,,,,0,0.0967197,0,0.05469,0.0263641,0.0713001,0.0176784,0.00632624,0,4.49916,,
X4/stratified__f0_s0,66,0.000386461,0,0,0,0,0.00154702,0.00154702,1,1,0,40,0.60331,0.610344,0.604857,0.611479,0.637692,,,,,0,0.0858141,0,0.0493136,0.0227201,0.0627662,0.015707,0.00577661,0,4.4989,,
X4/stratified__f0_s0,67,0.000383091,0,0,0,0,0.0014632,0.0014632,1,1,0,40,0.604895,0.608615,0.60596,0.609272,0.637692,,,,,0,0.0858552,0,0.049198,0.0228706,0.0629676,0.0150035,0.00544543,0,4.4987,,
X4/stratified__f0_s0,68,0.000379687,0,0,0,0,0.00153338,0.00153338,1,1,0,40,0.60402,0.607192,0.60596,0.608168,0.637692,,,,,0,0.0889477,0,0.051966,0.0242858,0.0638427,0.0165522,0.00586496,0,4.49857,,
X4/stratified__f0_s0,69,0.00037625,0,0,0,0,0.00135768,0.00135768,1,1,0,40,0.607884,0.608645,0.609272,0.609272,0.637692,,,,,0,0.0836744,0,0.04655,0.0215675,0.0632259,0.0146932,0.00529188,0,4.4989,,
X4/stratified__f0_s0,70,0.000372781,0,0,0,0,0.0013217,0.0013217,1,1,0,40,0.606653,0.610714,0.607064,0.611479,0.637692,,,,,0,0.0772946,0,0.0443923,0.0201315,0.0571545,0.0138215,0.00498364,0,4.49905,,
X4/stratified__f0_s0,71,0.000369281,0,0,0,0,0.00129815,0.00129815,1,1,0,40,0.602848,0.605398,0.604857,0.607064,0.637692,,,,,0,0.0852479,0,0.0482338,0.022715,0.0633566,0.0141941,0.00505728,0,4.4991,,
X4/stratified__f0_s0,72,0.00036575,0,0,0,0,0.00126496,0.00126496,1,1,0,40,0.607074,0.607407,0.609272,0.609272,0.637692,,,,,0,0.0776855,0,0.0428778,0.0200721,0.0586332,0.0134189,0.00479038,0,4.49914,,
X4/stratified__f0_s0,73,0.00036219,0,0,0,0,0.0012096,0.0012096,1,1,0,40,0.602314,0.601931,0.603753,0.602649,0.637692,,,,,0,0.0738972,0,0.0412596,0.0193206,0.0554311,0.0133161,0.00470036,0,4.49861,,
X4/stratified__f0_s0,74,0.000358601,0,0,0,0,0.00122485,0.00122485,1,1,0,40,0.601871,0.596933,0.603753,0.598234,0.637692,,,,,0,0.0780058,0,0.044609,0.0210117,0.0576056,0.0139003,0.00485125,0,4.49866,,
X4/stratified__f0_s0,75,0.000354985,0,0,0,0,0.00105447,0.00105447,1,1,0,40,0.603186,0.607976,0.604857,0.609272,0.637692,1,1,0.000875501,0.0011582,0,0.0587002,0,0.0331768,0.0156049,0.0435692,0.0109159,0.00396736,0,4.49881,48.9069,51.0931
X4/stratified__f0_s0,76,0.000351343,0,0,0,0,0.00115799,0.00115799,1,1,0,40,0.603602,0.602331,0.604857,0.604857,0.637692,,,,,0,0.0699777,0,0.0415329,0.0189899,0.0501032,0.0127352,0.0043975,0,4.49919,,
X4/stratified__f0_s0,77,0.000347674,0,0,0,0,0.00111689,0.00111689,1,1,0,40,0.602093,0.601573,0.603753,0.603753,0.637692,,,,,0,0.0726662,0,0.0438663,0.0186523,0.0512207,0.0119236,0.00414295,0,4.49887,,
X4/stratified__f0_s0,78,0.000343981,0,0,0,0,0.0010565,0.0010565,1,1,0,40,0.602482,0.606105,0.604857,0.60596,0.637692,,,,,0,0.0606381,0,0.0353207,0.016378,0.0443129,0.0108389,0.00377474,0,4.4985,,
X4/stratified__f0_s0,79,0.000340265,0,0,0,0,0.00100663,0.00100663,1,1,0,40,0.600322,0.601993,0.602649,0.602649,0.637692,,,,,0,0.0585064,0,0.0342854,0.0157113,0.0424601,0.0108535,0.00375338,0,4.49855,,
X4/stratified__f0_s0,80,0.000336525,0,0,0,0,0.000953262,0.000953262,1,1,0,40,0.601497,0.603104,0.603753,0.604857,0.637692,,,,,0,0.0522627,0,0.0293555,0.0139527,0.0387939,0.00970533,0.00340405,0,4.49889,,
X4/stratified__f0_s0,81,0.000332764,0,0,0,0,0.000944915,0.000944916,1,1,0,40,0.603631,0.60036,0.60596,0.602649,0.637692,,,,,0,0.0589087,0,0.033796,0.014581,0.0435933,0.0101442,0.00349239,0,4.49858,,
X4/stratified__f0_s0,82,0.000328982,0,0,0,0,0.00089923,0.00089923,1,1,0,40,0.602433,0.60487,0.604857,0.60596,0.637692,,,,,0,0.0550572,0,0.0301204,0.0142439,0.0416366,0.00975647,0.00338078,0,4.49883,,
X4/stratified__f0_s0,83,0.00032518,0,0,0,0,0.000899327,0.000899326,1,1,0,40,0.605478,0.597094,0.608168,0.599338,0.637692,,,,,0,0.0539328,0,0.0319994,0.0147741,0.0386425,0.00942207,0.00328493,0,4.49814,,
X4/stratified__f0_s0,84,0.000321359,0,0,0,0,0.000837607,0.000837607,1,1,0,40,0.599363,0.59995,0.602649,0.602649,0.637692,,,,,0,0.0488402,0,0.0281311,0.0126486,0.0358491,0.00856912,0.0029995,0,4.49841,,
X4/stratified__f0_s0,85,0.00031752,0,0,0,0,0.000804189,0.000804189,1,1,0,40,0.59589,0.598681,0.598234,0.601545,0.637692,,,,,0,0.0490013,0,0.0275437,0.0129424,0.0365621,0.00846565,0.00297306,0,4.49827,,
X4/stratified__f0_s0,86,0.000313664,0,0,0,0,0.00079867,0.000798671,1,1,0,40,0.599337,0.59905,0.601545,0.601545,0.637692,,,,,0,0.0495675,0,0.0287825,0.0130885,0.0360667,0.00848034,0.00293268,0,4.49865,,
X4/stratified__f0_s0,87,0.000309793,0,0,0,0,0.000849057,0.000849057,1,1,0,40,0.601781,0.60156,0.603753,0.603753,0.637692,,,,,0,0.0556709,0,0.0340422,0.0153017,0.0389799,0.00937981,0.00316103,0,4.49947,,
X4/stratified__f0_s0,88,0.000305907,0,0,0,0,0.000751756,0.000751756,1,1,0,40,0.597083,0.602309,0.599338,0.604857,0.637692,,,,,0,0.0452288,0,0.0272141,0.0122316,0.0321629,0.00827007,0.00283583,0,4.49902,,
X4/stratified__f0_s0,89,0.000302006,0,0,0,0,0.000763495,0.000763495,1,1,0,40,0.605997,0.603589,0.608168,0.60596,0.637692,,,,,0,0.0457835,0,0.0260366,0.0117851,0.0339357,0.00809419,0.00276784,0,4.49863,,
X4/stratified__f0_s0,90,0.000298093,0,0,0,0,0.000733441,0.000733441,1,1,0,40,0.601831,0.601868,0.604857,0.603753,0.637692,,,,,0,0.0448951,0,0.0250059,0.0118551,0.033534,0.00800194,0.00271105,0,4.49905,,
X4/stratified__f0_s0,91,0.000294168,0,0,0,0,0.000727169,0.000727169,1,1,0,40,0.60374,0.599791,0.60596,0.602649,0.637692,,,,,0,0.0463567,0,0.0274947,0.0123901,0.0331769,0.00798179,0.00268601,0,4.49893,,
X4/stratified__f0_s0,92,0.000290233,0,0,0,0,0.000698237,0.000698237,1,1,0,40,0.600389,0.60276,0.602649,0.604857,0.637692,,,,,0,0.0427226,0,0.0251348,0.0111375,0.0308834,0.00747972,0.00252067,0,4.49883,,
X4/stratified__f0_s0,93,0.000286287,0,0,0,0,0.000681139,0.000681139,1,1,0,40,0.595951,0.600264,0.598234,0.602649,0.637692,,,,,0,0.0417259,0,0.0242976,0.0117385,0.0300284,0.00738648,0.00252761,0,4.49887,,
X4/stratified__f0_s0,94,0.000282333,0,0,0,0,0.000688723,0.000688723,1,1,0,40,0.595228,0.599561,0.598234,0.601545,0.637692,,,,,0,0.0444834,0,0.0276183,0.0135169,0.0299471,0.00783777,0.00260967,0,4.49857,,
X4/stratified__f0_s0,95,0.000278371,0,0,0,0,0.000680927,0.000680927,1,1,0,40,0.602082,0.59973,0.604857,0.601545,0.637692,,,,,0,0.0405449,0,0.023512,0.0113946,0.0293641,0.00735044,0.00246816,0,4.49903,,
X4/stratified__f0_s0,96,0.000274402,0,0,0,0,0.000654625,0.000654625,1,1,0,40,0.596077,0.602625,0.598234,0.604857,0.637692,,,,,0,0.0422103,0,0.0247474,0.0113991,0.0308772,0.00730413,0.00241729,0,4.49852,,
X4/stratified__f0_s0,97,0.000270428,0,0,0,0,0.000651849,0.000651849,1,1,0,40,0.594831,0.598521,0.59713,0.600442,0.637692,,,,,0,0.0450379,0,0.0273388,0.0125728,0.0316437,0.0076612,0.00251287,0,4.49905,,
X4/stratified__f0_s0,98,0.000266449,0,0,0,0,0.000623874,0.000623874,1,1,0,40,0.603199,0.600374,0.604857,0.602649,0.637692,,,,,0,0.0385723,0,0.0226072,0.0102278,0.0279553,0.00674909,0.00222424,0,4.49879,,
X4/stratified__f0_s0,99,0.000262466,0,0,0,0,0.000579772,0.000579772,1,1,0,40,0.593524,0.597798,0.59713,0.600442,0.637692,,,,,0,0.0347126,0,0.0198259,0.00894281,0.0256791,0.0060088,0.00203347,0,4.49857,,
X4/stratified__f0_s0,100,0.000258481,0,0,0,0,0.000614785,0.000614785,1,1,0,40,0.59698,0.596777,0.599338,0.599338,0.637692,1,1,0.00044839,0.0005748,0,0.0388871,0,0.0224401,0.0103128,0.0284153,0.00655164,0.00216337,0,4.49941,50.4531,49.5469
X4/stratified__f0_s0,101,0.000254494,0,0,0,0,0.000558629,0.000558629,1,1,0,40,0.59592,0.59837,0.598234,0.600442,0.637692,,,,,0,0.0341775,0,0.0180819,0.00881906,0.0263212,0.0059413,0.00198685,0,4.49853,,
X4/stratified__f0_s0,102,0.000250506,0,0,0,0,0.000552613,0.000552613,1,1,0,40,0.59554,0.600555,0.598234,0.601545,0.637692,,,,,0,0.0374428,0,0.0227735,0.0099399,0.0266303,0.00622865,0.00206018,0,4.49918,,
X4/stratified__f0_s0,103,0.000246519,0,0,0,0,0.000564608,0.000564608,1,1,0,40,0.59879,0.599873,0.601545,0.601545,0.637692,,,,,0,0.0378774,0,0.0221923,0.0100749,0.0274631,0.00631986,0.00206303,0,4.49904,,
X4/stratified__f0_s0,104,0.000242534,0,0,0,0,0.000559123,0.000559123,1,1,0,40,0.597663,0.598295,0.600442,0.600442,0.637692,,,,,0,0.0363024,0,0.0219964,0.0101233,0.025353,0.00626668,0.00205246,0,4.4994,,
X4/stratified__f0_s0,105,0.000238551,0,0,0,0,0.000527989,0.000527989,1,1,0,40,0.599577,0.59863,0.601545,0.601545,0.637692,,,,,0,0.0356985,0,0.0213895,0.00937265,0.0255534,0.00596,0.00195384,0,4.49863,,
X4/stratified__f0_s0,106,0.000234572,0,0,0,0,0.00049837,0.00049837,1,1,0,40,0.596171,0.595911,0.598234,0.598234,0.637692,,,,,0,0.0288719,0,0.0166259,0.00751321,0.0212983,0.00512809,0.0017193,0,4.49836,,
X4/stratified__f0_s0,107,0.000230598,0,0,0,0,0.000505054,0.000505054,1,1,0,40,0.599939,0.600205,0.602649,0.602649,0.637692,,,,,0,0.0319531,0,0.0187052,0.00850859,0.0231027,0.00545377,0.0018029,0,4.49879,,
X4/stratified__f0_s0,108,0.000226629,0,0,0,0,0.00052107,0.00052107,1,1,0,40,0.595904,0.590933,0.598234,0.593819,0.637692,,,,,0,0.0374541,0,0.0209439,0.0101931,0.0277136,0.00620193,0.00198856,0,4.49905,,
X4/stratified__f0_s0,109,0.000222667,0,0,0,0,0.000488704,0.000488704,1,1,0,40,0.595651,0.598403,0.598234,0.600442,0.637692,,,,,0,0.0330653,0,0.0210019,0.00917971,0.0221022,0.00554592,0.00180957,0,4.49901,,
X4/stratified__f0_s0,110,0.000218713,0,0,0,0,0.000475059,0.000475059,1,1,0,40,0.597518,0.59576,0.600442,0.598234,0.637692,,,,,0,0.0289386,0,0.0179104,0.00777032,0.0201852,0.00506224,0.00166443,0,4.49914,,
X4/stratified__f0_s0,111,0.000214767,0,0,0,0,0.000455845,0.000455845,1,1,0,40,0.598258,0.594047,0.600442,0.596026,0.637692,,,,,0,0.0293444,0,0.0170932,0.00793025,0.0212641,0.00510528,0.00167725,0,4.49868,,
X4/stratified__f0_s0,112,0.000210832,0,0,0,0,0.000459157,0.000459157,1,1,0,40,0.598134,0.601815,0.600442,0.603753,0.637692,,,,,0,0.0309171,0,0.0179868,0.00832565,0.0227437,0.0052668,0.00171709,0,4.49908,,
X4/stratified__f0_s0,113,0.000206907,0,0,0,0,0.000451171,0.000451172,1,1,0,40,0.598007,0.597377,0.600442,0.599338,0.637692,,,,,0,0.031018,0,0.0178839,0.00853857,0.0226679,0.00538898,0.00171789,0,4.49902,,
X4/stratified__f0_s0,114,0.000202994,0,0,0,0,0.000443759,0.000443759,1,1,0,40,0.598374,0.599384,0.600442,0.601545,0.637692,,,,,0,0.0285412,0,0.0165224,0.00756811,0.0208942,0.00493965,0.00158974,0,4.49856,,
X4/stratified__f0_s0,115,0.000199093,0,0,0,0,0.000428767,0.000428767,1,1,0,40,0.598117,0.597182,0.600442,0.600442,0.637692,,,,,0,0.0263357,0,0.0156907,0.00750023,0.0187898,0.00481042,0.00155639,0,4.49915,,
X4/stratified__f0_s0,116,0.000195207,0,0,0,0,0.000417255,0.000417254,1,1,0,40,0.597901,0.601467,0.600442,0.603753,0.637692,,,,,0,0.0258729,0,0.0154779,0.00709666,0.0183818,0.00454554,0.00149315,0,4.49864,,
X4/stratified__f0_s0,117,0.000191336,0,0,0,0,0.000415928,0.000415928,1,1,0,40,0.600565,0.597454,0.602649,0.600442,0.637692,,,,,0,0.0257943,0,0.0153121,0.00738058,0.0183069,0.00471799,0.00152283,0,4.49948,,
X4/stratified__f0_s0,118,0.00018748,0,0,0,0,0.000405445,0.000405445,1,1,0,40,0.596004,0.597147,0.598234,0.599338,0.637692,,,,,0,0.0251721,0,0.015832,0.00721577,0.0170039,0.00437626,0.0014286,0,4.49899,,
X4/stratified__f0_s0,119,0.000183641,0,0,0,0,0.000384663,0.000384663,1,1,0,40,0.596726,0.597085,0.598234,0.599338,0.637692,,,,,0,0.0252718,0,0.0146763,0.0068331,0.018353,0.00435461,0.00141457,0,4.49863,,
X4/stratified__f0_s0,120,0.00017982,0,0,0,0,0.000389931,0.000389931,1,1,0,40,0.595832,0.597604,0.59713,0.599338,0.637692,,,,,0,0.0249413,0,0.0143708,0.00665627,0.0182529,0.00436656,0.00141619,0,4.49895,,
X4/stratified__f0_s0,121,0.000176018,0,0,0,0,0.000410199,0.000410199,1,1,0,40,0.596504,0.597314,0.599338,0.599338,0.637692,,,,,0,0.0277804,0,0.0172215,0.00752866,0.0193827,0.00467769,0.0014894,0,4.49891,,
X4/stratified__f0_s0,122,0.000172236,0,0,0,0,0.000401014,0.000401014,1,1,0,40,0.595421,0.604229,0.598234,0.60596,0.637692,,,,,0,0.0316962,0,0.0211208,0.0096884,0.0199659,0.00526109,0.00165868,0,4.49905,,
X4/stratified__f0_s0,123,0.000168475,0,0,0,0,0.000406789,0.000406789,1,1,0,40,0.595891,0.60159,0.598234,0.603753,0.637692,,,,,0,0.0294656,0,0.0193365,0.00851108,0.018823,0.0047121,0.00150136,0,4.49944,,
X4/stratified__f0_s0,124,0.000164735,0,0,0,0,0.000375812,0.000375812,1,1,0,40,0.596925,0.601809,0.599338,0.603753,0.637692,,,,,0,0.0257082,0,0.0153624,0.0075269,0.0177768,0.00421728,0.00134984,0,4.49938,,
X4/stratified__f0_s0,125,0.000161019,0,0,0,0,0.000348992,0.000348992,1,1,0,40,0.594882,0.59817,0.59713,0.600442,0.637692,1,1,0.000280491,0.000353,0,0.0215758,0,0.0123495,0.00604784,0.0156948,0.0039174,0.00126382,0,4.49878,51.2711,48.7289
X4/stratified__f0_s0,126,0.000157326,0,0,0,0,0.000362743,0.000362743,1,1,0,40,0.598797,0.595455,0.601545,0.598234,0.637692,,,,,0,0.0233176,0,0.0143474,0.00655682,0.016317,0.00399971,0.00128406,0,4.49915,,
X4/stratified__f0_s0,127,0.000153657,0,0,0,0,0.000350382,0.000350382,1,1,0,40,0.598329,0.59618,0.600442,0.598234,0.637692,,,,,0,0.0222045,0,0.0143329,0.00638974,0.0147428,0.00387049,0.00125499,0,4.49869,,
X4/stratified__f0_s0,128,0.000150015,0,0,0,0,0.000346105,0.000346105,1,1,0,40,0.602991,0.598288,0.604857,0.600442,0.637692,,,,,0,0.0203265,0,0.0122234,0.00568869,0.0143695,0.00363261,0.001181,0,4.49873,,
X4/stratified__f0_s0,129,0.000146399,0,0,0,0,0.000339588,0.000339588,1,1,0,40,0.601342,0.596072,0.603753,0.598234,0.637692,,,,,0,0.0225496,0,0.0138944,0.00636146,0.0157115,0.00388408,0.00123874,0,4.499,,
X4/stratified__f0_s0,130,0.00014281,0,0,0,0,0.000346486,0.000346486,1,1,0,40,0.588424,0.59581,0.591611,0.598234,0.637692,,,,,0,0.0232888,0,0.0145068,0.00656775,0.0159447,0.00409617,0.00129516,0,4.49893,,
X4/stratified__f0_s0,131,0.00013925,0,0,0,0,0.000331742,0.000331742,1,1,0,40,0.601728,0.597337,0.603753,0.599338,0.637692,,,,,0,0.0206596,0,0.0122264,0.00587692,0.0148201,0.00370606,0.00119009,0,4.49909,,
X4/stratified__f0_s0,132,0.000135719,0,0,0,0,0.000335574,0.000335574,1,1,0,40,0.596143,0.598351,0.598234,0.600442,0.637692,,,,,0,0.0225296,0,0.0139863,0.00648372,0.0153256,0.0039387,0.0012479,0,4.49884,,
X4/stratified__f0_s0,133,0.000132219,0,0,0,0,0.000325324,0.000325324,1,1,0,40,0.592366,0.600515,0.594923,0.602649,0.637692,,,,,0,0.0201472,0,0.0124261,0.00575067,0.0138977,0.00349427,0.00113868,0,4.49858,,
X4/stratified__f0_s0,134,0.00012875,0,0,0,0,0.000321194,0.000321194,1,1,0,40,0.596908,0.597826,0.599338,0.599338,0.637692,,,,,0,0.0204994,0,0.0123916,0.00571393,0.0142372,0.00363143,0.00114516,0,4.49926,,
X4/stratified__f0_s0,135,0.000125313,0,0,0,0,0.000332601,0.000332601,1,1,0,40,0.600293,0.597463,0.602649,0.599338,0.637692,,,,,0,0.0212192,0,0.0135069,0.00599946,0.0142201,0.0037783,0.00119503,0,4.4988,,
X4/stratified__f0_s0,136,0.000121909,0,0,0,0,0.000308726,0.000308726,1,1,0,40,0.598932,0.597116,0.601545,0.599338,0.637692,,,,,0,0.019701,0,0.0120652,0.00538366,0.0137108,0.00355179,0.00113452,0,4.49865,,
X4/stratified__f0_s0,137,0.000118539,0,0,0,0,0.000306674,0.000306674,1,1,0,40,0.597756,0.598553,0.599338,0.600442,0.637692,,,,,0,0.0186903,0,0.0119178,0.00562405,0.0124076,0.0034393,0.00109627,0,4.49915,,
X4/stratified__f0_s0,138,0.000115204,0,0,0,0,0.000311335,0.000311335,1,1,0,40,0.594328,0.596991,0.59713,0.599338,0.637692,,,,,0,0.0200491,0,0.0116337,0.00553084,0.0145199,0.0035507,0.00111173,0,4.49881,,
X4/stratified__f0_s0,139,0.000111904,0,0,0,0,0.000290754,0.000290754,1,1,0,40,0.597526,0.598704,0.599338,0.600442,0.637692,,,,,0,0.0177607,0,0.0104591,0.00496955,0.0126112,0.00313369,0.00100463,0,4.49833,,
X4/stratified__f0_s0,140,0.000108641,0,0,0,0,0.000293576,0.000293576,1,1,0,40,0.594526,0.598018,0.59713,0.600442,0.637692,,,,,0,0.0187701,0,0.0111919,0.00527086,0.0133424,0.00327976,0.00103746,0,4.49952,,
X4/stratified__f0_s0,141,0.000105415,0,0,0,0,0.000294112,0.000294112,1,1,0,40,0.594463,0.597581,0.596026,0.599338,0.637692,,,,,0,0.0190606,0,0.0112229,0.00545097,0.0135332,0.0033331,0.00104842,0,4.4992,,
X4/stratified__f0_s0,142,0.000102227,0,0,0,0,0.00029522,0.00029522,1,1,0,40,0.59614,0.594824,0.598234,0.59713,0.637692,,,,,0,0.0195095,0,0.0121645,0.00534314,0.0134787,0.00339254,0.00106183,0,4.49878,,
X4/stratified__f0_s0,143,9.90786e-05,0,0,0,0,0.000294309,0.000294309,1,1,0,40,0.591451,0.599065,0.593819,0.601545,0.637692,,,,,0,0.0184917,0,0.0120514,0.00530406,0.0121093,0.00331873,0.00105752,0,4.49889,,
X4/stratified__f0_s0,144,9.59698e-05,0,0,0,0,0.000292999,0.000292999,1,1,0,40,0.599577,0.600938,0.601545,0.602649,0.637692,,,,,0,0.0189565,0,0.0116531,0.00537597,0.0131315,0.00337527,0.0010466,0,4.49957,,
X4/stratified__f0_s0,145,9.29016e-05,0,0,0,0,0.000281324,0.000281324,1,1,0,40,0.598593,0.600275,0.600442,0.602649,0.637692,,,,,0,0.019192,0,0.0111639,0.00539526,0.0138772,0.00328712,0.00102704,0,4.49896,,
X4/stratified__f0_s0,146,8.98748e-05,0,0,0,0,0.000263629,0.000263629,1,1,0,40,0.596321,0.598348,0.598234,0.600442,0.637692,,,,,0,0.0161383,0,0.00990929,0.00455109,0.011248,0.0028231,0.000913844,0,4.49906,,
X4/stratified__f0_s0,147,8.68902e-05,0,0,0,0,0.000268599,0.000268599,1,1,0,40,0.593326,0.595288,0.594923,0.59713,0.637692,,,,,0,0.0171214,0,0.0101984,0.00493026,0.0121216,0.00302484,0.000958349,0,4.49871,,
X4/stratified__f0_s0,148,8.39486e-05,0,0,0,0,0.000271183,0.000271183,1,1,0,40,0.599746,0.602072,0.601545,0.603753,0.637692,,,,,0,0.0179475,0,0.0103923,0.00487775,0.0130881,0.00305815,0.000957445,0,4.49923,,
X4/stratified__f0_s0,149,8.10507e-05,0,0,0,0,0.000264114,0.000264114,1,1,0,40,0.595061,0.600895,0.59713,0.602649,0.637692,,,,,0,0.0174273,0,0.0101841,0.00468378,0.012728,0.00295395,0.000936279,0,4.49891,,
X4/stratified__f0_s0,150,7.81974e-05,0,0,0,0,0.000267654,0.000267654,1,1,0,40,0.597342,0.598062,0.599338,0.600442,0.637692,1,1,0.000205588,0.000248916,0,0.0179947,0,0.0110702,0.00502479,0.0124131,0.00306601,0.000966762,0,4.49923,51.9226,48.0775
X4/stratified__f0_s0,151,7.53893e-05,0,0,0,0,0.00027458,0.00027458,1,1,0,40,0.598344,0.601645,0.600442,0.603753,0.637692,,,,,0,0.0196712,0,0.0115909,0.00533168,0.0141829,0.0031754,0.000983337,0,4.49893,,
X4/stratified__f0_s0,152,7.26271e-05,0,0,0,0,0.000262598,0.000262598,1,1,0,40,0.596605,0.597753,0.598234,0.599338,0.637692,,,,,0,0.0174758,0,0.0110945,0.00508564,0.0118031,0.00305497,0.000953143,0,4.49817,,
X4/stratified__f0_s0,153,6.99117e-05,0,0,0,0,0.000269071,0.000269071,1,1,0,40,0.59047,0.597597,0.592715,0.599338,0.637692,,,,,0,0.0174252,0,0.0104224,0.00484905,0.0122996,0.00305661,0.000950455,0,4.49864,,
X4/stratified__f0_s0,154,6.72436e-05,0,0,0,0,0.000256282,0.000256282,1,1,0,40,0.593455,0.595855,0.596026,0.598234,0.637692,,,,,0,0.0160329,0,0.00984181,0.00477136,0.0111269,0.00294788,0.000925622,0,4.4991,,
X4/stratified__f0_s0,155,6.46236e-05,0,0,0,0,0.000245692,0.000245692,1,1,0,40,0.596211,0.597592,0.598234,0.599338,0.637692,,,,,0,0.0160755,0,0.00934591,0.00454186,0.0116454,0.00275183,0.000860609,0,4.49826,,
X4/stratified__f0_s0,156,6.20524e-05,0,0,0,0,0.000252093,0.000252093,1,1,0,40,0.593743,0.600976,0.596026,0.602649,0.637692,,,,,0,0.0161701,0,0.00976654,0.00446874,0.0114794,0.00283873,0.000897559,0,4.49823,,
X4/stratified__f0_s0,157,5.95306e-05,0,0,0,0,0.000256696,0.000256696,1,1,0,40,0.597461,0.598758,0.599338,0.600442,0.637692,,,,,0,0.0169286,0,0.0105499,0.00503642,0.0114797,0.00297605,0.000920826,0,4.49923,,
X4/stratified__f0_s0,158,5.70589e-05,0,0,0,0,0.000251468,0.000251468,1,1,0,40,0.592301,0.594695,0.593819,0.59713,0.637692,,,,,0,0.0162345,0,0.00936784,0.00429455,0.0118967,0.00276282,0.000863608,0,4.49881,,
X4/stratified__f0_s0,159,5.46379e-05,0,0,0,0,0.000225843,0.000225843,1,1,0,40,0.595353,0.597462,0.59713,0.599338,0.637692,,,,,0,0.0137873,0,0.00794493,0.00376404,0.010062,0.00245912,0.000796339,0,4.49883,,
X4/stratified__f0_s0,160,5.22683e-05,0,0,0,0,0.000254724,0.000254724,1,1,0,40,0.593689,0.596162,0.596026,0.598234,0.637692,,,,,0,0.016147,0,0.0101717,0.00483246,0.0108654,0.0029991,0.000919563,0,4.49934,,
X4/stratified__f0_s0,161,4.99506e-05,0,0,0,0,0.000242506,0.000242506,1,1,0,40,0.596766,0.599293,0.599338,0.601545,0.637692,,,,,0,0.0160908,0,0.00926256,0.00457973,0.011595,0.00278304,0.000867702,0,4.49926,,
X4/stratified__f0_s0,162,4.76856e-05,0,0,0,0,0.000240271,0.000240271,1,1,0,40,0.592109,0.596002,0.594923,0.598234,0.637692,,,,,0,0.0152634,0,0.00898898,0.00472577,0.0107747,0.00257147,0.000807863,0,4.49842,,
X4/stratified__f0_s0,163,4.54736e-05,0,0,0,0,0.0002353,0.0002353,1,1,0,40,0.593628,0.597902,0.596026,0.600442,0.637692,,,,,0,0.0155006,0,0.00962511,0.00433278,0.010705,0.00276033,0.000856081,0,4.49793,,
X4/stratified__f0_s0,164,4.33155e-05,0,0,0,0,0.000239681,0.000239681,1,1,0,40,0.597011,0.597164,0.599338,0.599338,0.637692,,,,,0,0.0157986,0,0.00929602,0.00452376,0.0113464,0.00271499,0.000845927,0,4.49885,,
X4/stratified__f0_s0,165,4.12116e-05,0,0,0,0,0.000238352,0.000238352,1,1,0,40,0.596171,0.599165,0.598234,0.601545,0.637692,,,,,0,0.015085,0,0.00910216,0.0042306,0.0105881,0.00263283,0.00081856,0,4.49919,,
X4/stratified__f0_s0,166,3.91625e-05,0,0,0,0,0.000236791,0.000236791,1,1,0,40,0.595333,0.600598,0.59713,0.602649,0.637692,,,,,0,0.0148874,0,0.00850799,0.00409254,0.0109098,0.00256105,0.000811701,0,4.49832,,
X4/stratified__f0_s0,167,3.71688e-05,0,0,0,0,0.000234083,0.000234083,1,1,0,40,0.597125,0.599507,0.599338,0.601545,0.637692,,,,,0,0.0149459,0,0.00931208,0.00445263,0.0102381,0.00268541,0.000833651,0,4.49924,,
X4/stratified__f0_s0,168,3.5231e-05,0,0,0,0,0.000230375,0.000230375,1,1,0,40,0.595122,0.595251,0.59713,0.59713,0.637692,,,,,0,0.0143435,0,0.00830481,0.00395755,0.0103238,0.00262272,0.000811,0,4.49875,,
X4/stratified__f0_s0,169,3.33496e-05,0,0,0,0,0.000246067,0.000246067,1,1,0,40,0.594274,0.594083,0.59713,0.59713,0.637692,,,,,0,0.0164595,0,0.0103935,0.0046017,0.0112065,0.00278933,0.000854778,0,4.4986,,
X4/stratified__f0_s0,170,3.15251e-05,0,0,0,0,0.00022853,0.00022853,1,1,0,40,0.596794,0.598342,0.599338,0.601545,0.637692,,,,,0,0.0150404,0,0.00936912,0.00414343,0.0102978,0.00256506,0.000801296,0,4.49877,,
X4/stratified__f0_s0,171,2.97579e-05,0,0,0,0,0.000212463,0.000212463,1,1,0,40,0.595829,0.594807,0.598234,0.59713,0.637692,,,,,0,0.013583,0,0.00809135,0.00377122,0.00977788,0.00238291,0.000749161,0,4.49936,,
X4/stratified__f0_s0,172,2.80486e-05,0,0,0,0,0.000217326,0.000217326,1,1,0,40,0.593435,0.597939,0.596026,0.601545,0.637692,,,,,0,0.0135283,0,0.00805309,0.00383447,0.00960197,0.00243172,0.000765746,0,4.49868,,
X4/stratified__f0_s0,173,2.63975e-05,0,0,0,0,0.000221027,0.000221027,1,1,0,40,0.589252,0.591037,0.591611,0.592715,0.637692,,,,,0,0.0138863,0,0.00848467,0.0039779,0.00969973,0.00248424,0.000778743,0,4.49874,,
X4/stratified__f0_s0,174,2.48051e-05,0,0,0,0,0.000224216,0.000224216,1,1,0,40,0.588102,0.590498,0.590508,0.592715,0.637692,,,,,0,0.014698,0,0.00863604,0.00404687,0.010626,0.00253738,0.000787542,0,4.49905,,
X4/stratified__f0_s0,175,2.32718e-05,0,0,0,0,0.000224933,0.000224933,1,1,0,40,0.592065,0.59244,0.593819,0.594923,0.637692,1,1,0.000173572,0.000197564,0,0.0148955,0,0.009224,0.00408831,0.0103992,0.00253331,0.000792096,0,4.49933,52.4705,47.5295
X4/stratified__f0_s0,176,2.1798e-05,0,0,0,0,0.000227051,0.000227051,1,1,0,40,0.597952,0.601706,0.600442,0.603753,0.637692,,,,,0,0.0133338,0,0.00821253,0.00393062,0.00920629,0.00248899,0.000780746,0,4.49912,,
X4/stratified__f0_s0,177,2.0384e-05,0,0,0,0,0.000203182,0.000203182,1,1,0,40,0.58954,0.592516,0.591611,0.594923,0.637692,,,,,0,0.0121826,0,0.00750447,0.00348086,0.00843125,0.00223481,0.000717627,0,4.49908,,
X4/stratified__f0_s0,178,1.90303e-05,0,0,0,0,0.000215489,0.000215489,1,1,0,40,0.59169,0.591467,0.593819,0.593819,0.637692,,,,,0,0.0135568,0,0.00826949,0.00377053,0.00957983,0.00240046,0.000754317,0,4.49929,,
X4/stratified__f0_s0,179,1.77372e-05,0,0,0,0,0.000224336,0.000224336,1,1,0,40,0.592134,0.594304,0.594923,0.59713,0.637692,,,,,0,0.0162386,0,0.00932838,0.00458159,0.0118278,0.00272458,0.000833452,0,4.49881,,
X4/stratified__f0_s0,180,1.65051e-05,0,0,0,0,0.000222303,0.000222303,1,1,0,40,0.593831,0.596109,0.596026,0.598234,0.637692,,,,,0,0.0147052,0,0.00878768,0.00408187,0.0103626,0.00250648,0.000776782,0,4.49912,,
X4/stratified__f0_s0,181,1.53342e-05,0,0,0,0,0.000220075,0.000220075,1,1,0,40,0.593219,0.593861,0.594923,0.596026,0.637692,,,,,0,0.0144273,0,0.00842595,0.00388228,0.010443,0.00246299,0.000757475,0,4.49909,,
X4/stratified__f0_s0,182,1.42248e-05,0,0,0,0,0.000217273,0.000217273,1,1,0,40,0.591765,0.595309,0.593819,0.59713,0.637692,,,,,0,0.0137897,0,0.00824873,0.00383068,0.00987657,0.00240365,0.000755024,0,4.4991,,
X4/stratified__f0_s0,183,1.31773e-05,0,0,0,0,0.000222483,0.000222482,1,1,0,40,0.58893,0.59568,0.591611,0.598234,0.637692,,,,,0,0.0141763,0,0.00875151,0.0039247,0.00978653,0.00244035,0.000766369,0,4.49869,,
X4/stratified__f0_s0,184,1.21919e-05,0,0,0,0,0.000230524,0.000230524,1,1,0,40,0.592591,0.593733,0.594923,0.596026,0.637692,,,,,0,0.0149808,0,0.00935467,0.00438996,0.0102363,0.00263355,0.000801302,0,4.49898,,
X4/stratified__f0_s0,185,1.12689e-05,0,0,0,0,0.000217654,0.000217654,1,1,0,40,0.588351,0.591892,0.590508,0.593819,0.637692,,,,,0,0.0136285,0,0.0081792,0.00396389,0.00945385,0.00246526,0.000765451,0,4.49851,,
X4/stratified__f0_s0,186,1.04085e-05,0,0,0,0,0.000212664,0.000212664,1,1,0,40,0.59615,0.600982,0.598234,0.602649,0.637692,,,,,0,0.0145438,0,0.00874129,0.00415897,0.0102381,0.00260486,0.000801642,0,4.4982,,
X4/stratified__f0_s0,187,9.61089e-06,0,0,0,0,0.000218281,0.000218281,1,1,0,40,0.590494,0.592135,0.592715,0.593819,0.637692,,,,,0,0.0142589,0,0.00839513,0.00383954,0.0102541,0.00242776,0.000753747,0,4.49893,,
X4/stratified__f0_s0,188,8.87636e-06,0,0,0,0,0.0002222,0.0002222,1,1,0,40,0.595262,0.597589,0.59713,0.599338,0.637692,,,,,0,0.014329,0,0.0087292,0.00423522,0.00996557,0.00261667,0.000802534,0,4.49867,,
X4/stratified__f0_s0,189,8.20506e-06,0,0,0,0,0.00021315,0.000213151,1,1,0,40,0.591387,0.591529,0.593819,0.593819,0.637692,,,,,0,0.0133747,0,0.0079451,0.0038002,0.00955539,0.00231332,0.000725346,0,4.49905,,
X4/stratified__f0_s0,190,7.59717e-06,0,0,0,0,0.000225154,0.000225154,1,1,0,40,0.592897,0.595275,0.594923,0.59713,0.637692,,,,,0,0.014716,0,0.00892925,0.00422312,0.0102859,0.00255998,0.000785462,0,4.49957,,
X4/stratified__f0_s0,191,7.05284e-06,0,0,0,0,0.000217749,0.000217749,1,1,0,40,0.589096,0.593889,0.591611,0.596026,0.637692,,,,,0,0.0137647,0,0.00873778,0.00406173,0.00926224,0.00245579,0.000760624,0,4.49928,,
X4/stratified__f0_s0,192,6.57221e-06,0,0,0,0,0.000223418,0.000223418,1,1,0,40,0.597985,0.599154,0.601545,0.602649,0.637692,,,,,0,0.0147183,0,0.00946841,0.00422306,0.00989589,0.00262623,0.000807386,0,4.4988,,
X4/stratified__f0_s0,193,6.15542e-06,0,0,0,0,0.000218155,0.000218155,1,1,0,40,0.595933,0.596469,0.599338,0.599338,0.637692,,,,,0,0.0145402,0,0.0086337,0.00411757,0.0103795,0.00250155,0.000774009,0,4.49865,,
X4/stratified__f0_s0,194,5.80257e-06,0,0,0,0,0.00021582,0.00021582,1,1,0,40,0.59292,0.595162,0.594923,0.59713,0.637692,,,,,0,0.0138471,0,0.00858888,0.00384145,0.0095126,0.00245221,0.000759919,0,4.49832,,
X4/stratified__f0_s0,195,5.51374e-06,0,0,0,0,0.000214898,0.000214898,1,1,0,40,0.59456,0.597121,0.59713,0.599338,0.637692,,,,,0,0.0132454,0,0.00791718,0.00383496,0.00943784,0.00245132,0.000753546,0,4.49887,,
X4/stratified__f0_s0,196,5.28902e-06,0,0,0,0,0.0002069,0.0002069,1,1,0,40,0.587884,0.589729,0.590508,0.591611,0.637692,,,,,0,0.0139395,0,0.00870173,0.00389798,0.00960203,0.00245782,0.000756389,0,4.4991,,
X4/stratified__f0_s0,197,5.12847e-06,0,0,0,0,0.000211013,0.000211013,1,1,0,40,0.595839,0.599144,0.598234,0.601545,0.637692,,,,,0,0.0140872,0,0.00792858,0.0038675,0.0104405,0.00242686,0.000746703,0,4.4988,,
X4/stratified__f0_s0,198,5.03212e-06,0,0,0,0,0.000218362,0.000218362,1,1,0,40,0.590869,0.591954,0.592715,0.593819,0.637692,,,,,0,0.0145541,0,0.00823109,0.00395618,0.010782,0.00243665,0.000752993,0,4.49922,,
X4/stratified__f0_s0,199,5e-06,0,0,0,0,0.000214557,0.000214557,1,1,0,40,0.588148,0.589642,0.590508,0.591611,0.637692,,,,,0,0.0140963,0,0.00868853,0.00398208,0.00979169,0.00253698,0.000780303,0,4.49869,,
X4/stratified__f0_s0,200,5e-06,0,0,0,0,0.000218672,0.000218672,1,1,0,40,0.590364,0.591697,0.592715,0.593819,0.637692,1,1,0.000164932,0.000176252,0,0.0152417,0,0.00923182,0.00439011,0.0106737,0.00259613,0.000789715,0,4.49933,52.5296,47.4704
